Ticker,Close,MA3,MA5,MA10,MA20,MA50,MA100,Range_Ticks,Vol_Pct,Volume,MA_Tight,Signal
ZYRX.JK,127.0,125.66666666666667,124.2,123.3,125.95,127.54,133.7004553222656,4.240000000000009,1.4271385893335364,663900,True,False
ZONE.JK,780.0,746.6666666666666,737.0,749.0,636.25,537.8370288085938,442.3607992553711,48.43259423828124,8.392186604107856,260000,False,False
ZINC.JK,30.0,30.0,30.0,30.0,30.0,30.0,30.03,0.0,0.0,0,True,False
YUPI.JK,1295.0,1301.6666666666667,1306.0,1304.5,1311.5,1338.9,1415.6202392578125,8.780000000000019,0.7159467167917226,56300,False,False
YULE.JK,3470.0,3463.3333333333335,3436.0,3421.0,3404.5,3380.0,3351.9038525390624,9.0,2.0710038589334614,100,False,False
YPAS.JK,635.0,625.0,618.0,611.0,603.75,622.5,871.95,6.25,4.514018177130163,73500,False,False
YOII.JK,84.0,84.33333333333333,84.2,84.1,84.95,84.5,89.31,0.9500000000000028,1.3094910179416894,1672200,True,False
YELO.JK,91.0,93.0,93.6,88.1,82.35,75.62,86.84,17.97999999999999,4.162714803492226,42020700,False,False
WTON.JK,75.0,74.66666666666667,74.6,75.6,75.15,73.6,80.18194000244141,2.0,1.8335228140833313,3105300,True,False
WSBP.JK,14.0,14.0,14.0,14.0,14.0,14.08,16.05,0.08000000000000007,0.0,0,True,False
WOWS.JK,60.0,60.333333333333336,60.2,59.1,59.6,58.16,65.17,2.173333333333339,1.7705248761195052,6920800,True,False
WOOD.JK,216.0,216.66666666666666,218.0,225.6,216.3,218.2,257.5,4.799999999999997,3.30063265477297,4095200,True,False
WOMF.JK,266.0,263.3333333333333,262.4,259.2,255.7,253.4,274.7059637451172,6.299999999999997,1.7101325312186104,291700,False,False
WMUU.JK,59.0,56.333333333333336,55.4,53.9,52.9,51.46,59.5,7.539999999999999,2.6462238280685764,818925800,False,False
WIRG.JK,63.0,61.666666666666664,60.8,58.8,57.1,55.46,65.9,7.539999999999999,2.414558815641667,208212300,False,False
WINS.JK,500.0,500.0,506.0,510.5,515.0,513.22,514.1687802124023,7.5,2.0311127895801495,6039000,False,False
WINR.JK,23.0,21.333333333333332,20.8,20.6,20.55,21.24,25.72,2.4499999999999993,4.577170666212292,29705400,False,False
WINE.JK,140.0,138.66666666666666,139.2,145.1,147.25,149.57614013671875,161.85566482543945,10.909473470052092,2.5432502847361103,1023700,False,False
WIIM.JK,1820.0,1806.6666666666667,1802.0,1752.0,1675.25,1611.2,1673.5200720214843,41.75999999999999,2.4595409480525734,1316100,False,False
WIFI.JK,1975.0,1986.6666666666667,1978.0,1978.0,1979.25,1789.10341796875,2013.6852416992188,39.51264973958337,1.7179367827811622,32479000,False,False
WIDI.JK,26.0,26.0,25.6,25.7,26.45,25.52,28.18,0.9299999999999997,2.2377432982881413,4743900,True,False
WGSH.JK,175.0,173.66666666666666,171.2,163.7,150.55,134.48,123.27,40.52000000000001,4.969594169845394,25134400,False,False
WEHA.JK,110.0,111.0,109.6,106.6,105.15,105.28,113.27768615722657,5.849999999999994,1.5425589830338724,5100800,True,False
WEGE.JK,50.0,50.0,50.0,50.0,50.0,50.06,53.05,0.060000000000002274,0.0,1638100,True,False
WAPO.JK,130.0,125.0,123.8,122.4,121.0,114.56,122.28,15.439999999999998,2.039654950548676,8325100,False,False
VTNY.JK,68.0,66.33333333333333,65.8,64.6,64.6,60.56,64.02,7.439999999999998,2.3144401517039395,18944800,False,False
VRNA.JK,76.0,75.0,75.8,75.9,75.9,74.44,76.44,1.5600000000000023,1.868312598612313,65700,True,False
VOKS.JK,242.0,237.33333333333334,223.2,213.4,205.35,201.48,209.14,20.260000000000005,11.956285295512291,8107600,False,False
VKTR.JK,855.0,866.6666666666666,846.0,787.0,774.0,660.46,751.33,41.241333333333316,7.730568436478415,73568300,False,False
VIVA.JK,54.0,55.0,53.6,46.9,41.1,35.76,38.28,19.240000000000002,6.527860978843641,37315200,False,False
VISI.JK,985.0,958.3333333333334,949.0,900.5,897.25,957.2,831.75,17.55,3.056355110547338,1633200,False,False
VINS.JK,143.0,142.33333333333334,141.4,140.3,140.0,136.02,148.59,6.97999999999999,0.772645632929901,74100,False,False
VICO.JK,142.0,141.66666666666666,141.2,141.1,139.65,137.62,147.0,4.3799999999999955,0.6201778074457814,542200,True,False
VICI.JK,595.0,593.3333333333334,596.0,586.5,595.0,588.1592681884765,577.965001525879,1.9,2.072051437914159,875100,True,False
VERN.JK,204.0,202.66666666666666,207.2,202.6,201.35,159.84,143.4,23.679999999999993,3.661555435188267,7956900,False,False
VAST.JK,115.0,114.66666666666667,114.8,115.2,115.95,115.46,118.44,1.2833333333333314,1.9611321405210835,1723300,True,False
UVCR.JK,151.0,154.33333333333334,154.2,151.8,148.05,157.48876098632812,167.06853866577148,9.438760986328106,2.695079692142779,39141200,False,False
URBN.JK,210.0,210.0,209.6,208.8,218.7,207.56,198.27,5.569999999999993,2.3031317350994245,141200,True,False
UNVR.JK,1800.0,1808.3333333333333,1818.0,1770.0,1731.25,1684.4614453125,1681.5872229003905,26.707710937499996,1.9638951535592162,13969800,False,False
UNTR.JK,24050.0,23841.666666666668,23865.0,24082.5,25172.5,23744.5,26127.837109375,57.12,1.091429838640806,4484600,False,False
UNTD.JK,81.0,81.66666666666667,81.8,80.8,79.05,74.02,78.42,7.780000000000001,1.9754219709850653,15406500,False,False
UNSP.JK,206.0,206.0,206.0,206.0,206.0,213.76,274.42,3.8799999999999955,0.0,0,True,False
UNIQ.JK,115.0,115.33333333333333,114.8,112.3,111.1,104.16,115.3,11.173333333333332,1.401424148506154,1448600,False,False
UNIC.JK,15275.0,15141.666666666666,15170.0,14470.0,13566.25,12900.0,11946.89283203125,95.0,6.2753375432116165,15800,False,False
ULTJ.JK,1495.0,1496.6666666666667,1499.0,1456.0,1434.25,1389.7,1482.6,21.859999999999992,2.0757925381338245,4190400,False,False
UFOE.JK,139.0,138.66666666666666,138.4,137.2,136.85,136.0,141.73,3.0,1.117185781966046,176400,True,False
UDNG.JK,1420.0,1348.3333333333333,1297.0,1204.0,1236.5,1306.2,1192.25,43.2,5.079744460866895,1692800,False,False
UCID.JK,448.0,440.6666666666667,434.8,411.0,397.0,381.44663330078123,388.0184164428711,33.276683349609385,4.503219470022362,2249200,False,False
UANG.JK,2450.0,2476.6666666666665,2480.0,2386.0,2401.5,2305.0,2896.9,17.5,3.3790693773277987,112200,False,False
TYRE.JK,113.0,114.66666666666667,115.0,113.9,113.8,110.08,112.38,4.920000000000002,1.9075776960401154,756000,True,False
TUGU.JK,1240.0,1233.3333333333333,1232.0,1218.5,1228.75,1180.3,1172.6291711425781,11.940000000000008,0.757920249266314,919700,False,False
TSPC.JK,2820.0,2833.3333333333335,2836.0,2829.0,2718.0,2560.4,2504.2,27.55999999999999,1.3018843783123422,898000,False,False
TRUS.JK,410.0,409.3333333333333,408.4,413.2,422.4,364.17223266601565,347.6219857788086,29.113883666992166,2.1142977414261805,54700,False,False
TRUK.JK,805.0,731.6666666666666,682.0,564.2,491.6,433.8,427.91,74.24,10.139975568835562,7347400,False,False
TRUE.JK,50.0,50.0,50.0,50.0,50.0,57.04,103.16,7.039999999999999,0.0,0,False,False
TRST.JK,454.0,454.0,454.8,458.0,468.6,468.07207946777345,465.2224923706055,7.300000000000011,0.8434915732069858,59200,False,False
TRON.JK,104.0,104.66666666666667,106.0,107.7,108.2,98.32,115.2,9.88000000000001,1.6370163031665126,12980000,False,False
TRJA.JK,111.0,111.0,111.0,111.0,111.5,110.5,120.59,1.0,1.544574380141819,433300,True,False
TRIS.JK,171.0,173.0,171.0,169.2,167.55,163.38,168.41139205932618,9.620000000000005,2.116765789168566,387800,False,False
TRIN.JK,318.0,324.6666666666667,321.6,320.6,328.7,358.5,526.81,20.25,3.0111251853166268,6337200,False,False
TRIM.JK,600.0,603.3333333333334,602.0,585.0,577.25,553.1123638916016,545.72681640625,10.044193888346353,3.661352904246877,45400,False,False
TRGU.JK,166.0,166.33333333333334,165.0,164.8,163.9,168.58,176.38,4.680000000000007,1.7421638959505885,625700,True,False
TPMA.JK,466.0,464.6666666666667,463.6,459.0,453.8,431.48,498.79,17.25999999999999,1.4361568060613472,676000,False,False
TPIA.JK,2120.0,2160.0,2122.0,2125.0,2096.25,1926.5,3373.7734887695315,23.35,3.677859748572951,654992400,False,False
TOWR.JK,394.0,399.3333333333333,402.8,402.8,401.9,378.4036706542969,420.3699838256836,12.198164672851561,1.4089537874900688,66306900,False,False
TOTO.JK,234.0,233.33333333333334,232.4,237.0,239.7,234.7667791748047,243.30279220581053,3.6499999999999915,1.3178570223530184,820700,True,False
TOTL.JK,1330.0,1320.0,1270.0,1192.0,1123.0,1077.7,1053.9653900146484,50.459999999999994,3.3253884204084603,4549600,False,False
TOSK.JK,69.0,69.0,69.2,68.3,67.55,61.44,62.2,7.760000000000005,1.4770088482466206,50764500,False,False
TOOL.JK,69.0,68.33333333333333,67.8,66.4,66.95,63.42,66.88,5.579999999999998,2.056246695605975,22790400,True,True
TOBA.JK,510.0,515.0,513.6,485.0,478.1,423.36,493.22776000976563,18.327999999999996,4.785310105494417,11158200,False,False
TNCA.JK,165.0,163.66666666666666,163.8,164.1,153.35,145.42,164.67,19.580000000000013,2.4574063209754042,443100,False,False
TMPO.JK,158.0,155.33333333333334,144.6,130.8,118.35,110.34,117.41,47.66,14.94424441901484,96332500,False,False
TMAS.JK,131.0,125.33333333333333,124.2,122.9,121.05,117.06672271728516,118.76823547363281,13.93327728271484,2.037932794385507,25381100,False,False
TLKM.JK,2620.0,2660.0,2696.0,2664.0,2647.0,2586.0980419921875,2691.0535180664065,10.990195800781247,2.826935821566119,93974000,False,False
TLDN.JK,575.0,576.6666666666666,579.0,551.5,536.25,516.24,557.6671496582031,12.551999999999998,2.7320727546943284,1144800,False,False
TKIM.JK,7150.0,7175.0,7180.0,6800.0,6385.0,5868.897138671875,7076.450727539062,52.444114453125,3.555194519354922,2537100,False,False
TIRT.JK,590.0,590.0,590.0,590.0,590.0,563.84,573.08,5.231999999999994,0.0,0,True,False
TIRA.JK,440.0,446.0,462.8,480.0,495.25,563.8,712.4,61.89999999999998,2.2324452465309768,462400,False,False
TINS.JK,3850.0,3836.6666666666665,3842.0,3720.0,3631.0,3444.212646484375,3461.844677734375,40.5787353515625,2.6838150188696988,44764500,False,False
TIFA.JK,334.0,336.6666666666667,339.6,324.0,291.1,272.715224609375,304.1355239868164,33.442387695312505,8.588312478757057,50000,False,False
TGKA.JK,4950.0,4963.333333333333,4934.0,4894.0,4871.5,4805.8,4724.219926757813,15.753333333333284,1.5222991650762743,1000,False,False
TFCO.JK,740.0,790.0,798.0,765.0,759.5,681.0,697.8,23.4,4.867187476469961,1200,False,False
TFAS.JK,192.0,191.66666666666666,190.4,190.7,187.1,192.54,205.11,5.439999999999998,2.8948504336561633,948400,True,False
TEBE.JK,1090.0,1101.6666666666667,1093.0,1080.0,1063.75,1021.1,1114.0368957519531,16.113333333333344,2.2846713344958887,1349400,False,False
TCPI.JK,4170.0,4026.6666666666665,4064.0,4558.0,5135.25,6893.2476953125,9310.250947265626,286.6581028645833,5.515705009147088,2536800,False,False
TCID.JK,2670.0,2706.6666666666665,2728.0,2738.0,2747.0,2770.6,2784.7,10.059999999999992,1.8375723969705124,5600,False,False
TBMS.JK,1210.0,1211.6666666666667,1202.0,1182.5,1202.25,1205.0251953125,1245.3612280273437,5.833333333333348,3.1850595524650527,26300,True,False
TBLA.JK,630.0,630.0,626.0,629.5,635.75,604.1205792236328,618.4426358032226,6.3258841552734335,1.8461185848286445,1412000,False,False
TBIG.JK,1400.0,1405.0,1410.0,1418.5,1418.0,1414.6765551757812,1489.8972094726562,3.7,2.1806876839416605,201400,True,False
TAYS.JK,50.0,50.0,50.0,50.0,50.0,50.04,55.22,0.03999999999999915,0.0,0,True,False
TAXI.JK,15.0,14.333333333333334,14.4,13.9,13.25,13.18,14.66,1.8200000000000003,6.689527114752115,32041500,False,False
TARA.JK,30.0,29.666666666666668,29.6,29.8,30.65,29.34,30.29,1.3099999999999987,1.8985315190852194,1263900,True,False
TAPG.JK,1810.0,1841.6666666666667,1837.0,1806.5,1718.5,1570.1080810546875,1638.569288330078,54.31171712239584,2.1817898683458514,17160000,False,False
TAMU.JK,25.0,23.0,22.2,21.4,20.7,19.68,24.02,5.32,5.847347585913509,9340500,False,False
TAMA.JK,246.0,243.33333333333334,241.6,238.4,216.1,178.58,176.57,33.709999999999994,5.450057406098798,9147600,False,False
TALF.JK,990.0,963.3333333333334,1012.0,833.5,720.75,672.5947302246094,679.7089392089844,67.88105395507812,15.269870184352152,3838700,False,False
SWID.JK,104.0,104.33333333333333,103.6,103.1,100.15,92.96848037719727,97.28752998352051,11.364852956136062,1.2293977857526455,6905400,False,False
SURI.JK,73.0,72.33333333333333,72.4,72.1,69.95,64.82,68.26,8.180000000000007,1.376220911494743,19564700,False,False
SURE.JK,2730.0,2756.6666666666665,2758.0,2757.0,2755.0,2819.0,2748.0,8.9,1.3213575931042403,1300,False,False
SUPA.JK,590.0,590.0,594.0,597.0,594.75,607.0,734.9,3.4,1.4328692657421365,20810300,True,False
SUNI.JK,720.0,721.6666666666666,722.0,716.5,673.0,647.9082824707032,660.9111462402344,14.818343505859366,1.5590727070536312,348700,False,False
SULI.JK,115.0,97.66666666666667,94.2,91.2,88.5,82.1,90.56,32.900000000000006,8.891979690270862,220898700,False,False
STTP.JK,9850.0,9825.0,9830.0,9785.0,9803.75,9813.5,9838.25,2.6,2.201239641048635,1800,True,False
STRK.JK,61.0,60.666666666666664,61.2,63.3,66.3,68.9,87.64,8.233333333333341,2.8342600212605733,7920300,False,False
STAR.JK,332.0,291.3333333333333,285.2,279.0,279.7,295.88,442.61,26.5,8.196592314484247,2070100,False,False
STAA.JK,1075.0,1085.0,1092.0,1092.5,1062.5,1015.0693872070312,1071.0818725585937,15.486122558593753,1.7080122336178198,3712000,False,False
SSTM.JK,426.0,432.0,424.4,413.0,405.2,401.84,510.38,15.080000000000013,2.752770919161223,199600,False,False
SSMS.JK,940.0,930.0,947.0,963.0,944.75,837.1,1023.6394384765625,25.179999999999996,2.2725633561579537,9827000,False,False
SSIA.JK,1685.0,1670.0,1667.0,1643.5,1665.5,1596.4666650390625,1566.3383850097657,17.7066669921875,1.1932440231409456,20248600,False,False
SRTG.JK,1830.0,1808.3333333333333,1776.0,1761.0,1740.75,1590.6,1598.6709631347655,47.88000000000002,1.837603824866214,10093100,False,False
SRSN.JK,73.0,73.66666666666667,72.0,69.3,67.75,66.32,65.68,7.346666666666678,4.836868299150039,48134300,False,False
SRAJ.JK,13000.0,13075.0,13020.0,12325.0,11687.5,11410.5,12994.0,66.58,2.204715944814444,1700,False,False
SQMI.JK,62.0,64.0,64.8,65.4,66.3,53.44,53.64,12.86,3.561497457988314,27483100,False,False
SPTO.JK,600.0,600.0,600.0,599.5,596.0,569.7491223144531,576.4026287841797,6.050175537109385,0.9506104099913318,294600,False,False
SPRE.JK,87.0,88.0,88.6,89.1,86.9,81.24,84.3,7.859999999999999,4.181350311420961,799400,False,False
SPMA.JK,164.0,163.66666666666666,163.8,164.1,166.85,161.89384552001954,162.66999954223633,4.956154479980455,1.1445775535317162,623500,True,False
SOUL.JK,37.0,37.0,37.0,37.0,37.0,37.14,44.42,0.14000000000000057,0.0,0,True,False
SOTS.JK,630.0,611.6666666666666,604.0,594.5,605.0,613.7,779.95,7.1,1.5826541848398779,1003900,False,False
SOSS.JK,870.0,870.0,870.0,871.0,890.5,837.0,852.4,10.7,3.0621619967750813,15000,False,False
SONA.JK,2600.0,2376.6666666666665,2298.0,2354.0,2331.0,2221.1379052734374,2191.653151855469,37.88620947265626,5.515886568686274,172000,False,False
SOLA.JK,93.0,94.0,92.4,96.3,101.35,100.46,111.6,8.949999999999989,4.183613032655793,9632200,False,False
SOHO.JK,1190.0,1198.3333333333333,1196.0,1194.0,1197.5,1182.9,1508.6,3.086666666666633,0.6377337214893187,53700,True,False
SOFA.JK,272.0,248.66666666666666,244.0,229.0,226.7,237.72,331.92,22.650000000000006,5.497048813992537,3092700,False,False
SOCI.JK,492.0,500.6666666666667,493.0,460.9,423.55,363.46387268066405,412.523291015625,68.60139699300132,4.46026974733612,12352700,False,False
SNLK.JK,226.0,228.66666666666666,226.4,224.8,223.2,225.76,234.26,2.7333333333333343,2.9237612103281023,14141300,True,False
SMSM.JK,1715.0,1723.3333333333333,1735.865185546875,1730.601123046875,1717.4606811523438,1651.02248046875,1691.4225622558595,16.968541015624986,1.362897435738637,3391400,False,False
SMRA.JK,332.0,328.6666666666667,326.0,324.0,318.5,296.18189117431643,305.62418838500975,17.909054412841783,1.7522341088785327,15982100,False,False
SMMT.JK,1910.0,1866.6666666666667,1869.0,1850.5,1836.75,1797.9,1786.65,22.41999999999998,1.9102721571968069,32500,False,False
SMMA.JK,20150.0,20016.666666666668,20080.0,20115.0,20358.75,21061.5,18371.25,41.79333333333329,1.280233997676099,500,False,False
SMLE.JK,168.0,169.0,168.6,163.1,153.25,120.0,122.37,49.0,4.248923264035117,19957900,False,False
SMKM.JK,81.0,74.66666666666667,72.4,70.5,70.1,67.42,80.04,13.579999999999998,4.209384094635196,10532500,False,False
SMKL.JK,149.0,147.66666666666666,147.8,146.9,142.85,136.6100003051758,147.51295669555665,12.389999694824212,2.749768042206618,137600,False,False
SMIL.JK,412.0,419.3333333333333,415.6,403.8,371.8,312.48,288.7,53.42666666666665,2.470289125052595,19714100,False,False
SMGR.JK,1610.0,1618.3333333333333,1590.0,1528.5,1506.75,1509.6,1850.3372192382812,22.316666666666652,1.7662179354431051,13350200,False,False
SMGA.JK,74.0,75.66666666666667,73.8,71.6,71.4,67.68,77.3,7.986666666666665,3.649876237559596,6932800,False,False
SMDR.JK,302.0,305.6558430989583,304.8,298.2068145751953,293.3232086181641,280.3141275024414,302.29439376831056,12.670857798258453,1.6251285790760361,14392700,False,False
SMDM.JK,560.0,563.3333333333334,564.0,564.0,566.75,546.94,573.96,3.961999999999989,1.9117360415252287,16700,True,False
SMBR.JK,168.0,169.66666666666666,168.4,164.9,161.75,155.86,180.2850340270996,13.806666666666644,1.4009643691927416,2691000,False,False
SMAR.JK,5700.0,5700.0,5745.0,5707.5,5596.25,5059.780029296875,5145.563725585937,27.408798828125,2.2960456462158536,43200,False,False
SLIS.JK,79.0,77.33333333333333,74.8,68.5,65.1,62.14,72.8,16.86,8.654868206726391,37835600,False,False
SKRN.JK,402.0,406.6666666666667,406.8,405.4,402.7,372.6,407.34256622314456,17.099999999999994,1.6738476251683942,140400,False,False
SKLT.JK,204.0,202.66666666666666,201.6,199.2,194.15,187.5,199.5785726928711,8.25,2.1750563731957313,1420600,False,False
SKBM.JK,540.0,540.0,541.0,538.0,562.25,538.48,593.09,4.85,2.471085255572184,395900,True,False
SIPD.JK,690.0,681.6666666666666,682.0,681.0,684.75,703.4,827.45,4.479999999999995,1.6586879825141825,26000,True,False
SINI.JK,7050.0,7216.666666666667,7225.0,7230.0,6932.5,8033.87259765625,10370.686298828125,44.054903906250004,3.0769917953072494,1415700,False,False
SIMP.JK,595.0,600.0,600.0,595.5,579.5,541.270394897461,596.4202825927734,11.745921020507808,2.3029094593615773,7465200,False,False
SILO.JK,2360.0,2353.3333333333335,2340.0,2232.0,2178.25,2214.7,2381.55,18.175,3.0083504848221416,1111600,False,False
SIDO.JK,358.0,355.3333333333333,354.8,357.8,368.3,371.6,423.95436889648437,8.400000000000006,1.3164152827132978,39836600,False,False
SICO.JK,110.0,109.0,109.0,109.1,109.7,105.76,114.75138473510742,4.239999999999995,2.0880658855433962,1009000,True,False
SHIP.JK,2400.0,2183.3333333333335,2144.0,2038.0,1884.0,1708.8,2481.8399072265624,69.12,4.928539794373004,396100,False,False
SHID.JK,615.0,615.0,615.0,613.5,600.5,617.7,682.6,3.4400000000000093,0.8633728965670942,10000,True,False
SGRO.JK,4270.0,4230.0,4226.0,3905.0,3553.0,3020.5364208984374,3655.125861816406,124.94635791015625,7.738823375266215,12300,False,False
SGER.JK,474.0,473.3333333333333,478.8,470.2,460.1,401.28,389.88,38.76000000000002,3.1355512387970395,14944800,False,False
SFAN.JK,1985.0,1985.0,1981.0,1972.0,1965.5,1966.2,1951.25,3.9,0.26950820357594485,46500,True,False
SEMA.JK,100.0,100.0,100.2,98.5,96.75,95.12,102.3,5.079999999999998,1.1058902451945216,466600,True,False
SDRA.JK,222.0,223.33333333333334,223.6,220.4,214.6,213.12,231.8,5.239999999999995,2.9204021087222136,734300,True,False
SDPC.JK,189.0,185.33333333333334,184.2,182.5,181.95,179.51090911865234,183.25400131225587,9.489090881347664,1.388610690672746,656800,False,False
SDMU.JK,83.0,83.0,83.0,80.6,81.0,77.98,83.67,5.019999999999996,2.9608686092273886,17879300,True,False
SCNP.JK,155.0,157.66666666666666,156.4,156.1,155.75,149.34373474121094,156.78831115722656,8.32293192545572,2.777025473865773,372300,False,False
SCMA.JK,204.0,203.33333333333334,203.6,201.9,203.75,203.6533331298828,224.60444122314453,1.0499999999999972,2.287015799558383,86024000,True,False
SCCO.JK,2300.0,2296.6666666666665,2298.0,2295.0,2295.5,2239.44388671875,2248.208896484375,6.055611328124996,0.7107868821046623,27500,False,False
SBMA.JK,111.0,109.0,108.2,107.4,107.45,106.9,112.56,4.099999999999994,1.089607020422098,9481900,True,False
SATU.JK,258.0,259.3333333333333,260.4,261.2,266.6,269.0,265.32,5.5,0.7354076962881531,48000,True,False
SAPX.JK,218.0,218.66666666666666,218.0,215.4,214.9,212.56,228.44,3.0533333333333275,2.6471733853884776,76200,True,False
SAMF.JK,280.0,279.3333333333333,278.8,278.0,278.8,274.86903411865234,294.76410232543947,2.5654829406738315,1.1799085887133334,49100,True,False
SAME.JK,296.0,298.0,298.8,298.0,300.3,313.32,324.94,8.659999999999997,0.5291656345179151,333600,False,False
SAGE.JK,33.0,32.666666666666664,32.4,33.0,33.7,29.12,30.04,4.580000000000002,4.7041133022521535,3713200,False,False
SAFE.JK,412.0,401.3333333333333,392.8,382.2,376.0,343.68,354.4,34.16,2.258225221430502,544200,False,False
RUNS.JK,63.0,63.0,62.8,63.6,65.9,70.04,78.62,7.240000000000009,1.975186436590608,723400,False,False
RUIS.JK,210.0,207.0,205.0,204.3,203.85,188.649375,200.5771875,10.675312500000004,2.5734802906377365,247000,False,False
RSCH.JK,318.0,316.6666666666667,318.4,315.4,293.3,295.44,297.96,12.549999999999983,2.913546692896846,25129600,False,False
ROTI.JK,590.0,590.0,588.0,589.5,598.25,592.2,618.1023394775391,2.05,1.5873310946242822,304600,True,False
RONY.JK,1300.0,1278.3333333333333,1275.0,1311.0,1331.5,1135.2,1307.5,39.25999999999999,3.048825786804849,73200,False,False
RODA.JK,70.0,70.0,66.6,62.5,62.85,57.86,62.51,12.14,5.1478251450434085,83774500,False,False
ROCK.JK,2330.0,1901.6666666666667,1845.0,1799.5,1806.75,1745.9,2077.05,58.40999999999999,12.243282173901724,1629300,False,False
RMKO.JK,290.0,293.3333333333333,293.2,290.6,311.3,311.32,393.77,10.659999999999997,3.0997721690420237,3160700,False,False
RMKE.JK,408.0,417.3333333333333,411.6,410.6,427.4,437.29921264648436,525.9566137695313,14.649606323242182,2.7339992254279304,66310100,False,False
RLCO.JK,4950.0,5000.0,5025.0,5130.0,4464.0,3654.0,4350.3,147.6,3.858794541505474,764200,False,False
RISE.JK,945.0,948.3333333333334,955.0,973.0,992.75,981.0,1379.15,9.55,2.3154398501936213,1136200,False,False
RIGS.JK,690.0,680.0,682.0,677.5,682.25,677.4,681.65,2.5200000000000045,1.8799638962552199,36700,True,False
RICY.JK,79.0,79.66666666666667,80.2,79.1,78.55,76.34,84.44,3.8599999999999994,1.8640877845346742,769300,True,False
RGAS.JK,242.0,242.0,242.0,237.8,225.7,186.63464080810547,138.88541770935058,27.682679595947263,3.2390267979597085,0,False,False
RELI.JK,478.0,476.0,480.0,483.6,486.1,487.5,492.8,5.75,1.5363653145697291,29700,True,False
RELF.JK,35.0,35.0,34.8,35.2,35.6,34.78,36.78,0.8200000000000003,2.100942926106891,2002900,True,False
REAL.JK,53.0,52.0,51.8,51.2,50.9,50.47738754272461,51.596057357788084,2.522612457275393,1.5406237496190511,83442500,True,True
RDTX.JK,13975.0,13741.666666666666,13625.0,13617.5,13671.25,14075.45740234375,14883.34498046875,18.318296093750032,1.371199769259531,1300,False,False
RCCC.JK,100.0,100.66666666666667,101.0,98.7,95.65,90.3,98.92,10.700000000000003,3.4922878325459425,5847100,False,False
RBMS.JK,65.0,66.0,66.2,65.1,65.75,60.52,60.68,5.68,3.1333152620450075,34944300,True,True
RATU.JK,4990.0,5080.0,5049.0,5018.5,5036.75,4944.5,5229.0282421875,13.55,3.0817007422752885,7384100,False,False
RANC.JK,515.0,516.6666666666666,515.0,515.5,516.75,520.54,541.62,1.1079999999999928,2.0617785958862727,33000,True,False
RALS.JK,384.0,384.0,382.8,380.2,381.3,376.68,387.6533352661133,3.6599999999999966,0.8436613274061127,2450600,True,False
RAJA.JK,890.0,898.3333333333334,891.0,886.5,896.9,807.4242834472657,805.5422668457031,18.18180997721354,2.0358857176077843,152680500,False,False
RAAM.JK,194.0,196.33333333333334,197.6,201.8,204.35,204.2,207.25,10.349999999999994,1.7115605225507688,2922100,False,False
PZZA.JK,181.0,182.0,182.0,183.9,185.0,184.36,191.4476303100586,4.0,2.1591580146456972,871700,True,False
PYFA.JK,218.0,216.0,214.4,210.0,209.8,203.44,260.7,7.280000000000001,3.415177213512842,13265300,False,False
PWON.JK,260.0,261.3333333333333,261.6,262.0,264.6,255.18935363769532,282.5999179077148,4.705323181152352,1.951729171262346,28336400,True,False
PURI.JK,140.0,140.0,140.0,137.4,137.45,135.1,144.71,4.900000000000006,1.1154524763474265,1087700,True,False
PURA.JK,33.0,33.0,32.8,32.1,31.5,31.4,31.89,1.6000000000000014,2.6241156099442864,3208400,True,True
PUDP.JK,312.0,309.3333333333333,308.4,306.0,302.4,299.00038757324216,310.06058197021486,6.499806213378918,1.3947202134160455,141400,False,False
PTSP.JK,970.0,971.6666666666666,956.0,923.0,910.75,891.6,902.05,16.01333333333332,1.892422508821889,9300,False,False
PTSN.JK,292.0,282.6666666666667,284.4,276.2,262.9,245.23273040771485,272.1806181335449,23.383634796142573,2.927317807246747,1566100,False,False
PTRO.JK,5025.0,5091.666666666667,4935.0,4785.5,4574.25,4252.1,4625.3,33.58266666666666,3.0767443060506228,59650900,False,False
PTPW.JK,1185.0,1196.6666666666667,1201.0,1166.5,1152.0,1117.0682214355468,1033.6802166748048,16.786355712890646,1.5196534969043713,29300,False,False
PTPS.JK,152.0,152.0,149.6,146.4,143.85,129.9,151.71,22.099999999999994,2.9935900218722256,1610100,False,False
PTPP.JK,204.0,201.33333333333334,201.2,200.6,205.6,195.08,226.66,5.259999999999991,1.3532377489004668,3277700,True,False
PTMP.JK,67.0,65.66666666666667,65.0,63.5,63.0,59.12,63.12,7.880000000000003,2.8540589782884216,44989800,False,False
PTIS.JK,258.0,266.6666666666667,270.0,268.8,269.0,277.48,290.84,9.740000000000009,2.158007331133982,441500,False,False
PTBA.JK,2390.0,2370.0,2366.0,2348.0,2381.5,2412.2634033203126,2594.1056884765626,6.426340332031259,0.9661208078304222,10339700,False,False
PSSI.JK,330.0,329.3333333333333,330.0,325.0,323.6,300.36,316.4458938598633,14.819999999999993,2.820558171330193,35100,False,False
PSKT.JK,226.0,232.0,229.2,223.8,214.2,198.66,224.71,16.67,2.676899025939173,7506900,False,False
PSGO.JK,196.0,196.33333333333334,195.8,196.1,197.15,194.7450259399414,193.8146585083008,2.4049740600586063,0.8682091294198521,82000,True,False
PSDN.JK,140.0,136.33333333333334,134.8,129.1,123.25,116.74,134.92,23.260000000000005,4.127883853545251,22891400,False,False
PSAT.JK,905.0,908.3333333333334,906.0,876.5,861.75,826.0,862.85,16.466666666666676,1.8485306796650096,42900,False,False
PSAB.JK,515.0,476.3333333333333,463.4,444.9,435.65,425.56709228515626,417.71009216308596,17.88658154296875,3.777109620529104,274893400,False,False
PRIM.JK,108.0,110.33333333333333,111.2,107.5,102.65,92.14,85.45,19.060000000000002,3.2525435223904053,5542200,False,False
PRDA.JK,2370.0,2376.6666666666665,2372.0,2369.0,2377.0,2452.6,2437.7934033203123,8.35999999999999,1.0243557178106086,267200,False,False
PRAY.JK,735.0,735.0,739.0,728.5,724.25,693.6,715.55,9.079999999999995,2.2142478366787297,28300,False,False
PPRO.JK,18.0,17.333333333333332,17.2,16.6,16.85,16.26,20.29,1.7399999999999984,3.9640570022979817,26067500,False,False
PPRI.JK,148.0,148.33333333333334,147.4,147.4,149.45,143.28,160.17,6.1699999999999875,1.9438765189176415,345000,False,False
PPRE.JK,105.0,104.66666666666667,105.0,103.9,107.25,100.72,114.95,6.530000000000001,2.0631512311512377,12656700,False,False
PPGL.JK,206.0,203.33333333333334,203.2,204.8,207.8,195.64,202.45,6.0800000000000125,1.7602660280961495,5906700,False,False
POWR.JK,765.0,743.3333333333334,735.0,729.0,726.5,709.5,700.9706005859375,11.1,1.3553490974821512,15720200,False,False
PORT.JK,865.0,873.3333333333334,868.0,869.5,875.5,870.1,882.65,2.1,1.8160665687120696,17500,True,False
POLY.JK,32.0,32.0,32.0,32.0,32.0,32.0,32.25,0.0,0.0,0,True,False
POLU.JK,11425.0,11541.666666666666,11535.0,11922.5,12360.0,12215.5,13342.25,37.4,2.9398634158509886,3600,False,False
POLI.JK,770.0,756.6666666666666,755.0,738.5,726.5,749.3,910.4,8.7,1.466483351777895,84800,False,False
PNSE.JK,486.0,492.6666666666667,490.8,491.8,494.3,514.32,571.16,14.160000000000025,1.179179469859379,106100,False,False
PNLF.JK,232.0,228.66666666666666,228.0,227.0,226.9,219.9,233.29,6.049999999999997,1.180347314781099,43117200,False,False
PNIN.JK,715.0,710.0,713.0,713.5,723.0,722.3,749.15,2.6,1.534107473362693,220800,True,False
PNGO.JK,3560.0,3556.6666666666665,3556.0,3556.0,3536.0,3477.4,3442.6,8.259999999999991,0.441823355224752,4900,False,False
PNBS.JK,50.0,50.0,50.0,50.0,50.2,50.08,50.3,0.20000000000000284,0.0,732300,True,False
PNBN.JK,910.0,906.6666666666666,909.0,901.5,898.0,882.3388171386719,912.2141241455079,5.532236572265629,0.9161146310559266,1543900,True,False
PMUI.JK,99.0,98.33333333333333,98.2,93.5,89.1,81.38,87.00360313415527,17.620000000000005,4.864699809606722,2020900,False,False
PMJS.JK,117.0,118.0,118.6,115.1,112.25,106.96221115112304,114.80543174743653,11.637788848876951,3.5109830951107264,1558000,False,False
PLAN.JK,38.0,38.0,38.0,38.1,38.2,37.1,41.55,1.1000000000000014,2.1785275073133064,2007400,True,False
PKPK.JK,3860.0,3890.0,3910.0,3900.0,3768.5,3226.6,2880.5,68.34,0.9202203749181518,1302000,False,False
PJHB.JK,175.0,175.66666666666666,175.0,170.3,169.25,166.34,191.45,9.326666666666654,2.088834185193275,2441500,False,False
PJAA.JK,456.0,460.6666666666667,458.0,454.2,456.1,453.24,476.92106353759766,3.7133333333333383,1.1149460973910608,339400,True,False
PIPA.JK,124.0,122.0,122.2,119.7,121.0,115.08,122.69,8.920000000000002,2.2244363392276343,153789800,False,False
PICO.JK,133.0,132.33333333333334,132.6,130.6,129.25,128.76,139.17,4.240000000000009,1.615678813684852,163700,True,False
PGUN.JK,7600.0,7550.0,7515.0,7485.0,7508.75,7350.537705078125,7946.61216796875,9.978491796874987,2.9051584037344376,4800,False,False
PGLI.JK,216.0,208.66666666666666,205.2,202.2,197.0,189.76,201.96,13.120000000000005,2.973359493502439,589400,False,False
PGJO.JK,720.0,748.3333333333334,766.0,735.0,710.0,724.0,735.9,11.2,5.14234999026348,115800,False,False
PGEO.JK,1090.0,1096.6666666666667,1063.0,1036.5,1022.75,937.9,957.0930798339843,31.75333333333335,2.7945302928675315,28762400,False,False
PGAS.JK,1510.0,1508.3333333333333,1509.0,1504.0,1509.0,1503.85705078125,1622.9581311035156,1.2285898437499783,0.8648304828500554,20588100,True,False
PEVE.JK,336.0,338.0,338.0,334.8,327.4,317.92,373.57,10.039999999999992,1.1476741465816884,1880400,False,False
PEHA.JK,266.0,264.0,264.4,264.0,260.2,251.55795288085938,271.8352583312988,7.2210235595703125,2.3217476236340433,747700,False,False
PEGE.JK,102.0,101.0,99.6,96.2,94.9,103.96914642333985,122.76457321166993,9.069146423339845,2.4469287039157206,39944300,False,False
PDPP.JK,310.0,308.6666666666667,310.4,299.8,282.4,268.2753689575195,290.509015045166,21.062315521240237,3.0301034088190457,257400,False,False
PDES.JK,422.0,439.3333333333333,413.6,403.6,401.9,440.62,476.91597351074216,19.360000000000014,9.616988272340434,1178900,False,False
PCAR.JK,43.0,44.333333333333336,43.8,42.2,40.25,39.2,38.56,5.133333333333333,5.602869023381046,1825000,False,False
PBSA.JK,740.0,741.6666666666666,746.0,747.5,758.5,723.6622827148437,852.4015155029297,6.967543457031252,2.529450920511058,214700,False,False
PBRX.JK,27.0,26.666666666666668,26.8,26.7,26.75,26.86,32.01,0.33333333333333215,3.4642757722993265,7749000,True,False
PBID.JK,535.0,533.3333333333334,534.0,533.0,511.25,490.06,481.78564514160155,8.988,1.1254486822736756,635100,False,False
PART.JK,102.0,101.0,101.4,101.9,103.4,99.78926300048828,107.11990501403808,3.6107369995117296,1.303998325176536,1544800,True,False
PANS.JK,1545.0,1543.3333333333333,1543.0,1547.5,1562.25,1525.7322631835937,1507.8806579589843,7.303547363281268,1.0467039249888934,65700,False,False
PANR.JK,428.0,430.0,424.4,418.6,413.2,419.8,456.66235290527345,8.400000000000006,1.4572352687077583,23600,False,False
PANI.JK,6175.0,6258.333333333333,6315.0,6225.0,6210.0,6275.05037109375,7256.51646484375,5.6,1.8047335977099395,5298600,True,False
PAMG.JK,59.0,57.333333333333336,57.0,56.8,56.4,53.52,56.13,5.479999999999997,3.3957870697997765,120448000,True,True
PALM.JK,292.0,291.3333333333333,290.8,294.4,299.7,300.930478515625,329.08222229003906,5.065239257812493,1.0529833190474223,394500,True,False
PADI.JK,71.0,73.33333333333333,71.8,71.2,71.95,72.70454528808594,89.42510948181152,2.3333333333333286,3.819548992725759,279998900,False,False
PADA.JK,185.0,187.0,187.8,161.3,139.95,121.96,136.59,65.84000000000002,9.521177117480201,54728700,False,False
PACK.JK,256.0,265.3333333333333,260.8,246.0,232.7,237.8,240.24,16.316666666666663,5.228036748946614,122719000,False,False
OPMS.JK,132.0,128.66666666666666,125.0,118.7,110.35,101.06,112.68,30.939999999999998,8.849438631613559,38941800,False,False
OMRE.JK,1015.0,985.0,981.0,1011.0,1051.25,1045.6,927.85,14.05,4.636689934518001,9400,False,False
OMED.JK,230.0,228.0,226.0,220.4,213.4,205.77248901367187,232.6639532470703,12.113755493164064,2.337992381730528,27262200,False,False
OLIV.JK,49.0,49.333333333333336,49.6,50.2,50.1,50.32,53.38,1.3200000000000003,1.6500148082627033,3230300,True,False
OKAS.JK,119.0,119.0,112.2,106.6,104.1,100.44,107.88,18.560000000000002,5.154188003656465,32583500,False,False
OILS.JK,232.0,231.33333333333334,231.2,230.8,227.0,202.32,229.06,14.840000000000003,2.5261707014110275,3500700,False,False
OBMD.JK,197.0,199.33333333333334,193.2,189.2,192.8,177.02,203.59,22.313333333333333,3.2719755496326886,1245900,False,False
OBAT.JK,244.0,244.66666666666666,245.2,245.0,247.2,239.68,278.5576388549805,3.759999999999991,1.6648375237850979,335600,True,False
OASA.JK,338.0,344.0,347.6,334.8,335.0,291.44,317.04,28.080000000000013,4.079606116970725,47533000,False,False
NTBK.JK,93.0,93.33333333333333,92.8,93.7,94.8,75.9,78.47495296478272,18.89999999999999,3.9294211211120893,53385700,False,False
NSSS.JK,990.0,1016.6666666666666,1023.0,1016.0,900.5,683.068851928711,734.8141864013672,67.98622961425781,7.649491275682414,8276700,False,False
NRCA.JK,525.0,528.3333333333334,527.0,504.7,502.2,458.7812768554688,494.39872772216796,13.910411295572919,2.6848518641835946,8825900,False,False
NPGF.JK,58.0,58.13160959879557,58.55586242675781,59.122758865356445,58.41137924194336,59.11865447998047,63.980361709594725,1.1227588653564453,2.171156132051134,17676200,True,False
NOBU.JK,510.0,508.3333333333333,504.2,480.5,461.15,446.86,491.78,12.627999999999997,3.2648462658403687,1569400,False,False
NISP.JK,1275.0,1275.0,1277.0,1271.5,1251.5,1228.8,1293.6708764648438,9.64000000000001,0.9579861987462782,1767400,False,False
NIRO.JK,163.0,164.66666666666666,166.4,155.5,152.65,147.4,170.93,19.0,7.2635631014999955,796700,False,False
NINE.JK,78.0,72.66666666666667,72.4,73.1,75.45,76.6,101.53,5.599999999999994,3.9545675857753504,37151400,False,False
NIKL.JK,200.0,200.66666666666666,201.2,194.8,192.7,192.82,246.60246520996094,8.5,2.3216370418864023,4117700,False,False
NICL.JK,474.0,476.0,474.8,476.0,493.2,515.16,666.3626007080078,20.579999999999984,2.3379659668812347,17279400,False,False
NICK.JK,1600.0,1520.0,1429.0,1291.0,1186.75,1079.8,1140.05,104.04,8.71980309098808,49100,False,False
NICE.JK,260.0,262.6666666666667,264.0,256.6,256.4,258.04,277.98,3.8000000000000114,2.3314195241484077,821000,True,False
NFCX.JK,1520.0,1518.3333333333333,1519.0,1536.0,1559.0,1612.3,1693.5,18.79333333333334,2.107252752733566,18000,False,False
NETV.JK,53.0,52.333333333333336,51.8,51.2,51.05,52.42,69.05,1.9500000000000028,1.5406237496190602,288733800,True,False
NEST.JK,735.0,725.0,726.0,711.0,659.5,601.48,508.81,26.703999999999997,5.935928746764085,4283500,False,False
NELY.JK,198.0,200.0,200.8,200.2,203.5,199.60532104492188,252.00523040771483,5.5,1.4131918898226827,1125600,True,False
NCKL.JK,930.0,936.6666666666666,941.0,911.5,882.5,832.7782189941406,925.8239916992187,21.644356201171878,2.0826446566181245,33360500,False,False
NAYZ.JK,60.0,59.0,58.4,57.7,57.65,58.26,61.56,2.3500000000000014,4.251010255170206,21756300,False,False
NATO.JK,650.0,653.3333333333334,655.0,659.0,650.5,611.2,611.95,9.559999999999992,0.9903919689730154,141400,False,False
NASI.JK,135.0,136.66666666666666,136.0,131.8,126.8,116.86,130.99,19.806666666666658,2.5192652283145045,1359500,False,False
NASA.JK,30.0,30.0,30.2,30.2,30.05,31.48,34.69,1.4800000000000004,2.415993948601027,268300,True,False
NANO.JK,31.0,29.333333333333332,29.0,29.8,30.2,25.88,30.22,5.120000000000001,5.673243498662772,35397000,False,False
NAIK.JK,90.0,89.0,88.4,87.3,87.75,84.28,90.46528884887695,5.719999999999999,1.1024919703237042,3539200,True,False
MYTX.JK,41.0,41.0,41.0,41.0,41.0,42.08,47.17,1.0799999999999983,0.0,0,True,False
MYOR.JK,1710.0,1693.3333333333333,1688.0,1694.0,1723.5,1738.3435278320312,1754.096474609375,10.068705566406242,1.2789115005125848,12615100,False,False
MYOH.JK,1040.0,1038.3333333333333,1038.0,1039.5,1044.0,1046.0257666015625,1124.9702709960939,1.605153320312502,0.8118231921978691,32900,True,False
MUTU.JK,116.0,111.66666666666667,111.4,110.2,110.0,109.75403930664062,105.7819189453125,6.245960693359379,1.963369194426689,6786300,False,False
MTWI.JK,256.0,255.33333333333334,255.2,254.8,259.5,263.7849203491211,290.7560643005371,4.492460174560534,3.765858922380156,40700,True,False
MTMH.JK,935.0,925.0,923.0,917.5,931.0,946.1502783203125,967.7869396972657,5.730055664062502,2.272810950996943,2100,True,False
MTLA.JK,520.0,523.3333333333334,524.0,526.0,519.25,509.8365985107422,520.6118658447266,3.2326802978515614,4.501925027849864,33100,False,False
MTFN.JK,13.0,13.0,13.0,13.0,13.0,13.6,17.94,0.5999999999999996,0.0,0,True,False
MTEL.JK,434.0,434.6666666666667,438.8,446.6,452.3,466.0761242675781,478.89589416503907,16.038062133789055,1.3323083941842495,38541800,False,False
MTDL.JK,505.0,508.3333333333333,510.0,510.0,512.5,504.8570001220703,523.2735000610352,1.5285999755859394,1.4935708358250213,648200,True,False
MSTI.JK,1325.0,1330.0,1330.0,1327.0,1330.0,1265.8496997070313,1270.4608215332032,12.830060058593745,2.1501314634157844,1073400,False,False
MSKY.JK,72.0,69.66666666666667,66.6,63.5,61.8,61.46,70.53,10.54,5.997160457040762,113432200,False,False
MSJA.JK,422.0,414.0,412.8,406.4,407.9,407.68,434.3232998657227,7.800000000000011,2.281467726425993,23012600,False,False
MSIN.JK,390.0,382.6666666666667,386.4,391.8,413.1,471.72,606.5,44.52666666666667,2.3728465101796195,40783900,False,False
MSIE.JK,94.0,96.0,97.6,96.2,88.85,94.48,93.85,8.75,6.032911499597771,2611200,False,False
MREI.JK,920.0,920.0,920.0,920.0,920.0,938.7,979.4,3.740000000000009,0.0,0,True,False
MRAT.JK,440.0,440.6666666666667,442.0,440.8,441.7,442.32,433.16,1.1599999999999966,0.7912378557583257,1321900,True,True
MPXL.JK,160.0,158.0,157.0,155.1,150.7,148.86,155.74,11.139999999999986,2.2719466908180093,699600,False,False
MPRO.JK,12025.0,12041.666666666666,12225.0,11612.5,11536.25,9714.5,9509.0,100.42,8.494644251152126,7300,False,False
MPPA.JK,48.0,47.333333333333336,47.0,47.3,47.3,46.32,48.12,1.6799999999999997,2.206699744380233,9203800,True,False
MPOW.JK,107.0,108.33333333333333,107.6,106.1,102.65,99.08,104.5,9.25333333333333,1.876295191211865,1578400,False,False
MPMX.JK,1005.0,1005.0,1004.0,998.5,994.25,969.553271484375,906.5570135498047,7.089345703124991,0.8641478935443349,5786000,False,False
MPIX.JK,96.0,97.33333333333333,98.0,96.8,95.2,92.56,88.53,5.439999999999998,2.1454207785341763,3081300,True,True
MORA.JK,5200.0,5233.333333333333,5480.0,5872.5,6166.25,6475.5,6003.25,51.02,3.652119323984271,340400,False,False
MOLI.JK,270.0,274.0,270.4,263.6,258.2,241.9553842163086,243.29141326904298,16.0223078918457,3.0833332288092996,2450900,False,False
MNCN.JK,200.0,201.33333333333334,201.6,203.0,206.6,206.12,218.28,6.599999999999994,1.7072500815813827,33524000,False,False
MMLP.JK,298.0,298.0,298.4,295.0,296.9,294.72,315.56,1.839999999999975,1.3033677167904594,87600,True,False
MMIX.JK,735.0,736.6666666666666,739.0,733.0,725.75,694.68,497.66,8.86400000000001,0.918757878624904,28760600,False,False
MLPT.JK,1590.0,1603.3333333333333,1635.0,1655.5,1471.15,1016.64,905.968310546875,127.772,8.791242684072072,3168900,False,False
MLPL.JK,100.0,99.0,97.6,96.1,93.65,85.32,90.87,14.680000000000007,2.031203468110335,88197600,False,False
MLIA.JK,234.0,232.0,232.0,231.6,233.2,237.64,255.38,3.019999999999996,0.6381268035282336,38700,True,False
MLBI.JK,6950.0,6941.666666666667,6910.0,6770.0,6546.25,6221.651875,5832.567690429688,29.13392500000002,1.8101574821289705,28300,False,False
MKTR.JK,120.0,121.0,121.4,121.6,120.45,120.73647827148437,124.2080355834961,1.5999999999999943,1.5516337960481585,570000,True,False
MKPI.JK,21950.0,21966.666666666668,21960.0,21840.0,21621.25,21166.092109375,21369.331796875,32.0229822916667,0.4839595973586559,40500,False,False
MKAP.JK,1170.0,1168.3333333333333,1169.0,1166.0,1164.0,1137.0354663085936,1101.3807482910156,6.592906738281272,0.3946651525925268,12100,False,False
MITI.JK,196.0,205.33333333333334,208.8,190.5,180.75,172.36,207.29,36.44,11.631193559117277,3639500,False,False
MIRA.JK,31.0,29.0,27.0,24.3,22.6,20.3,21.44,10.7,7.130323972066067,24782400,False,False
MINE.JK,240.0,236.0,235.2,228.0,224.8,219.0,274.52,10.5,1.576106124917381,2131900,False,False
MINA.JK,272.0,276.0,274.0,271.0,276.7,279.76,294.02,4.3799999999999955,1.8943672132352485,67387500,True,False
MIKA.JK,1855.0,1846.6666666666667,1840.0,1799.5,1770.75,1672.5401171875,1796.9069885253907,36.491976562499985,3.0772985949976794,3764700,False,False
MIDI.JK,276.0,277.3333333333333,278.4,281.4,283.4,281.5426806640625,292.0500889587402,3.6999999999999886,1.5635186742692868,7404500,True,False
MICE.JK,525.0,521.6666666666666,522.0,518.0,517.25,499.59703247070314,498.0238632202148,5.080593505859372,1.785100022854643,38100,True,False
MHKI.JK,136.0,137.33333333333334,138.2,135.7,136.4,125.31198043823242,147.41134315490723,12.888019561767564,2.6919914842800012,2452800,False,False
MGRO.JK,685.0,678.3333333333334,675.0,677.0,675.5,671.9,685.25,2.6200000000000045,3.4596263887318095,4980900,True,False
MGNA.JK,106.0,109.33333333333333,111.0,111.8,102.1,91.82,128.84,19.980000000000004,11.586130056023794,4448500,False,False
MGLV.JK,8375.0,8366.666666666666,8340.0,8347.5,8318.75,8259.5,7372.85,4.62,2.6087170181261445,179900,True,False
MERK.JK,3990.0,3960.0,3936.0,3917.0,3922.5,3749.9865234375,3601.644423828125,24.001347656249983,1.9472905338280826,26300,False,False
MERI.JK,121.0,118.0,117.8,109.7,105.7,106.74,122.84,15.299999999999997,5.867671768785196,15201700,False,False
MEJA.JK,111.0,106.0,102.0,98.6,92.7,87.28,92.17142860412598,23.72,5.31892678527017,81276300,False,False
MEGA.JK,1985.0,1985.0,1983.0,1983.0,1990.75,1989.5,2110.6954602050782,1.55,0.4722897996273168,28400,True,False
MEDS.JK,74.0,74.0,74.8,75.1,77.35,75.26,77.14,3.3499999999999943,1.2522308879707245,16987400,True,False
MEDC.JK,1295.0,1296.6666666666667,1315.0,1295.5,1291.25,1202.331171875,1396.3633923339844,22.53376562499998,3.0140026998643394,21343500,False,False
MDRN.JK,26.0,26.0,26.0,26.0,26.0,27.68,38.66,1.6799999999999997,0.0,0,True,False
MDLN.JK,51.0,50.333333333333336,50.2,50.1,50.15,50.18,51.99,0.8999999999999986,0.6324555320336764,23207100,True,False
MDLA.JK,210.0,209.33333333333334,209.6,210.0,209.2,204.02,203.05588500976563,2.989999999999995,0.9022628065583084,588900,True,False
MDKI.JK,191.0,187.66666666666666,186.2,184.1,182.15,179.1187646484375,180.9618000793457,11.881235351562509,1.2805472252634373,480700,False,False
MDKA.JK,3040.0,2940.0,2928.0,2801.0,2741.5,2675.7681787109377,2875.4114184570312,36.42318212890623,2.76401151476532,73811200,False,False
MDIY.JK,935.0,930.0,920.0,917.0,941.75,892.1202185058594,868.0278021240234,9.925956298828122,0.9098967831507963,155700,False,False
MDIA.JK,244.0,241.33333333333334,231.2,198.5,144.4,98.72,96.26,72.64,11.51986982652648,761749400,False,False
MCOR.JK,68.0,68.66666666666667,68.8,68.6,68.3,66.9,68.45,1.8999999999999915,0.9733034225882465,3229200,True,False
MCOL.JK,3760.0,3753.3333333333335,3748.0,3727.0,3749.5,3719.2,3766.9654760742187,4.080000000000018,1.773561672922144,34300,True,False
MCAS.JK,346.0,293.3333333333333,273.6,274.2,222.15,200.7,273.39,72.65,13.062188560948536,85416900,False,False
MBTO.JK,129.0,129.66666666666666,134.0,127.1,123.15,113.26,114.31,20.739999999999995,8.185723131763382,8759500,False,False
MBSS.JK,2820.0,2826.6666666666665,2826.0,2805.0,2721.5,2591.6,2304.2,23.50666666666666,1.1552417870221041,581000,False,False
MBMA.JK,545.0,541.6666666666666,544.0,520.6,521.05,502.04,577.14,8.591999999999995,3.078492118213082,122294200,False,False
MBAP.JK,1470.0,1455.0,1443.0,1429.5,1418.0,1388.0,1545.45,16.4,1.6635221554010187,53300,False,False
MAYA.JK,202.0,203.33333333333334,203.2,200.3,198.35,190.68,192.64,6.326666666666668,1.2135883249178503,716700,False,False
MAXI.JK,50.0,50.0,50.0,50.0,50.0,50.0,50.49,0.0,0.0,328900,True,False
MASB.JK,3400.0,3396.6666666666665,3394.0,3392.0,3391.0,3379.8,3315.6,2.019999999999982,0.09328252684862257,12900,True,False
MARK.JK,1095.0,1098.3333333333333,1094.0,1062.5,1041.0,963.1,864.7515148925781,27.046666666666646,4.176265253269846,17273200,False,False
MARI.JK,23.0,23.0,23.0,23.0,23.0,23.7,26.33,0.6999999999999993,0.0,0,True,False
MAPI.JK,1625.0,1640.0,1674.0,1628.0,1566.25,1526.3526513671875,1414.910224609375,29.529469726562503,8.174307133629283,5030200,False,False
MAPB.JK,1120.0,1183.3333333333333,1153.0,1163.0,1121.75,1095.4,1307.1,17.586666666666634,5.618767250730267,16700,False,False
MAPA.JK,660.0,670.0,670.0,650.5,632.25,609.5172326660156,618.504634399414,12.096553466796877,2.4052804764899944,16545300,False,False
MANG.JK,39.0,39.0,39.0,39.3,39.7,41.18,44.22,2.1799999999999997,1.178962266076146,17424900,True,False
MAIN.JK,675.0,678.3333333333334,679.0,686.0,694.25,685.8840002441407,768.13876953125,3.85,2.1205694840852187,1074700,True,False
MAHA.JK,146.0,145.66666666666666,145.8,144.4,142.55,137.26166717529296,136.35416915893555,8.738332824707044,1.4095731765907396,2398400,False,False
LUCK.JK,115.0,115.0,114.6,112.0,108.55,103.86,105.2,11.14,2.7796278644157613,6987700,False,False
LTLS.JK,850.0,848.3333333333334,840.0,822.0,796.25,776.9,773.161851196289,14.620000000000005,1.383955495240233,21300,False,False
LSIP.JK,1450.0,1456.6666666666667,1456.0,1435.0,1389.25,1278.063388671875,1337.4923425292968,35.720655598958366,1.6905580533791997,5731500,False,False
LRNA.JK,187.0,185.66666666666666,185.4,185.2,182.9,180.34,191.48,6.659999999999997,1.1104901486980778,269600,False,False
LPPS.JK,85.0,84.0,82.8,81.3,79.75,72.64,77.48,12.36,1.5654251580415963,3266600,False,False
LPPF.JK,1595.0,1588.3333333333333,1583.0,1566.0,1567.5,1541.5,1586.0909912109375,10.7,1.9529162331363874,1710900,False,False
LPLI.JK,250.0,248.66666666666666,246.8,246.8,248.9,242.32,266.58,3.8400000000000034,1.3395865691113462,92400,True,False
LPKR.JK,66.0,64.66666666666667,63.4,62.0,61.95,61.66,71.14,4.340000000000003,2.4502278239579045,427435600,True,False
LPIN.JK,420.0,421.3333333333333,420.8,420.0,418.6,407.08,409.54161224365237,7.126666666666665,0.923439424788254,273400,False,False
LPGI.JK,630.0,641.6666666666666,641.0,633.5,647.5,662.7,667.3891320800781,6.540000000000009,2.2070420012378134,243100,False,False
LPCK.JK,615.0,603.3333333333334,591.0,563.0,539.25,518.78,569.54,19.244000000000007,3.9143718496711415,461900,False,False
LOPI.JK,84.0,77.0,72.0,67.7,63.25,61.88,86.7,22.119999999999997,4.991164468431033,20097900,False,False
LMPI.JK,141.0,140.66666666666666,140.0,141.1,140.1,137.66,145.93,3.4399999999999977,1.5659096645941573,190300,True,False
LMAX.JK,114.0,112.66666666666667,113.8,113.5,115.45,97.64,126.01,17.810000000000002,4.326821815527003,1085200,False,False
LIVE.JK,212.0,217.33333333333334,214.4,210.8,207.9,213.04,214.59,4.716666666666669,2.4578744493505793,12486900,True,False
LION.JK,356.0,356.0,354.8,351.6,351.5,335.72,370.48,10.139999999999986,2.3264901681298125,17500,False,False
LINK.JK,1400.0,1396.6666666666667,1393.0,1396.5,1407.75,1401.1,1566.15,2.95,0.5858382840466894,45400,True,False
LIFE.JK,5700.0,5816.666666666667,5850.0,5817.5,5771.25,5897.0,6415.976791992188,7.88,1.8850206941497665,700,False,False
LFLO.JK,494.0,491.3333333333333,492.4,488.2,488.0,521.0666015625,535.3567599487304,16.533300781249977,1.1498070862488106,4200,False,False
LEAD.JK,109.0,111.0,112.0,108.2,105.25,98.72,114.13,13.280000000000001,3.7969903776552023,22051900,False,False
LCKM.JK,109.0,109.0,109.0,109.4,109.5,110.28,116.6,1.2800000000000011,1.9769682683314476,0,True,False
LAPD.JK,68.0,65.66666666666667,65.0,63.6,65.4,63.14,72.28,4.859999999999999,3.3336356411791925,46009800,True,False
LAND.JK,84.0,81.66666666666667,80.4,77.4,77.65,64.54,68.76,19.459999999999994,4.127375019216143,71957200,False,False
LAJU.JK,69.0,68.33333333333333,67.8,66.2,66.8,63.86362670898438,70.97936870574951,5.136373291015623,1.9468248937629564,17843700,True,False
LABS.JK,157.0,156.66666666666666,156.2,153.4,150.65,145.0,151.77,12.0,0.9688091230638947,277700,False,False
LABA.JK,96.0,96.0,95.4,94.9,94.1,90.5,103.88,5.5,1.6571636751273453,4108400,True,False
KUAS.JK,93.0,92.66666666666667,92.8,91.9,92.0,91.1,98.69716636657715,1.9000000000000057,1.98980308899825,8590600,True,False
KSIX.JK,404.0,382.6666666666667,369.6,332.8,308.0,324.32,326.72,48.0,6.234487239112635,5915800,False,False
KRYA.JK,65.0,64.0,63.2,61.3,60.65,58.18,63.21,6.82,1.3968909889895758,18433800,False,False
KREN.JK,14.0,13.333333333333334,13.4,13.2,13.1,12.62,14.36,1.3800000000000008,4.947089528537475,22143800,False,False
KRAS.JK,228.0,228.0,228.0,224.2,229.5,211.8,246.04,8.849999999999994,2.9437050127667908,5229300,False,False
KPIG.JK,77.0,77.33333333333333,79.2,80.8,82.6,82.26,95.32,5.599999999999994,2.503806082714106,165606600,True,False
KOTA.JK,178.0,180.0,173.2,156.9,130.7,107.74,103.45,72.26,8.035004042342802,793369500,False,False
KOPI.JK,208.0,208.66666666666666,209.2,210.4,204.3,189.48,217.13,10.460000000000008,3.5729862480935757,684100,False,False
KONI.JK,2380.0,2376.6666666666665,2390.0,2412.0,2512.0,2575.2,2411.65,19.85333333333333,1.2800088524105528,23800,False,False
KOKA.JK,198.0,195.33333333333334,196.2,194.9,200.1,145.7,158.19,54.400000000000006,2.8469348300999977,25692300,False,False
KOIN.JK,78.0,78.0,78.0,78.0,78.0,76.52,79.03,1.480000000000004,0.0,0,True,False
KOCI.JK,107.0,107.33333333333333,107.6,104.6,103.35,96.69842071533203,105.7868406677246,10.90157928466796,6.841466689339433,11563300,False,False
KOBX.JK,169.0,169.33333333333334,169.2,169.6,158.1,150.34,157.42,19.25999999999999,12.302503195782947,2048700,False,False
KMTR.JK,232.0,230.66666666666666,231.6,233.6,233.2,229.2,241.3,2.200000000000003,2.5312421868639743,41500,True,False
KMDS.JK,535.0,530.0,533.0,537.5,539.75,533.8811328125,543.237174987793,1.95,1.5789762164680095,88900,True,False
KLIN.JK,119.0,117.0,117.2,116.9,114.25,106.78,127.24,12.219999999999999,4.384282588114432,200200,False,False
KLBF.JK,785.0,788.3333333333334,780.0,744.5,738.25,735.26986328125,810.9958856201172,10.61269401041668,3.26473899050548,74995200,False,False
KLAS.JK,78.0,77.0,77.2,76.0,73.2,69.26,75.01,8.739999999999995,1.6752754052581131,9548000,False,False
KKGI.JK,278.0,276.0,275.2,274.4,275.6,264.69503631591795,285.0721794128418,6.652481842041027,1.5303834100903657,2168800,False,False
KKES.JK,71.0,69.33333333333333,67.6,67.3,67.65,53.92,45.48,17.08,2.1352234623761315,3966700,False,False
KJEN.JK,156.0,147.33333333333334,146.4,142.9,134.6,125.42,130.04,30.58,7.889101758512151,78212600,False,False
KIOS.JK,97.0,99.33333333333333,98.4,96.3,95.0,88.14,96.16,11.193333333333328,2.586470507360197,15047000,False,False
KINO.JK,1300.0,1305.0,1304.0,1265.5,1216.25,1154.3719995117187,1124.1459838867188,30.125600097656253,2.626524773987576,48400,False,False
KING.JK,270.0,270.6666666666667,274.0,272.4,283.8,360.44,373.09,45.22,3.1801603908539344,849400,False,False
KIJA.JK,133.0,127.0,125.6,125.5,129.4,123.48,148.2,9.519999999999996,3.3247461744880034,191774500,False,False
KICI.JK,195.0,195.66666666666666,196.4,194.8,193.0,186.28,196.61,10.120000000000005,1.2613692167048702,245100,False,False
KETR.JK,575.0,575.0,591.0,572.0,562.0,547.88,523.69,8.624,4.495402695588489,16829100,False,False
KEJU.JK,595.0,585.0,580.0,563.5,555.0,565.1,551.965309753418,8.0,1.3952610433283221,66700,False,False
KEEN.JK,895.0,898.3333333333334,894.0,872.5,866.75,840.3318725585938,859.7477502441407,11.600292154947919,2.678841774468259,8188500,False,False
KDTN.JK,406.0,432.6666666666667,445.6,400.2,460.65,582.94,759.22,91.37000000000003,13.346812686047354,12919600,False,False
KDSI.JK,460.0,458.6666666666667,457.6,455.2,450.1,443.12,446.4,8.439999999999998,0.6257916166454356,11600,False,False
KBLV.JK,157.0,146.66666666666666,138.2,132.2,125.75,101.38,105.89,55.620000000000005,8.638760315759587,231362900,False,False
KBLM.JK,304.0,304.6666666666667,302.8,300.6,296.3,290.64965087890624,302.0330807495117,7.008507893880221,1.1830717170350942,30300,False,False
KBLI.JK,332.0,331.3333333333333,330.4,326.4,324.2,312.46323059082033,308.32418731689455,9.768384704589835,0.8373074599645882,393900,False,False
KBAG.JK,51.0,50.666666666666664,49.4,45.9,44.25,39.92,43.38,11.079999999999998,2.7622996478549133,10543200,False,False
KARW.JK,212.0,212.0,212.0,212.0,212.0,228.2,263.46,8.099999999999994,0.0,0,False,False
KAQI.JK,95.0,96.0,95.8,94.2,91.85,88.58,96.55,7.420000000000002,2.8814579482379563,19869800,False,False
KAEF.JK,458.0,460.6666666666667,458.0,452.8,453.5,447.64,476.0,6.51333333333335,0.9370713310058003,514400,False,False
JTPE.JK,615.0,605.0,604.0,605.0,606.5,600.34,591.44,2.9319999999999937,1.9291855783392609,1771600,True,True
JSPT.JK,1380.0,1380.0,1384.0,1414.0,1407.75,1332.5131323242188,1365.5583728027343,16.297373535156247,6.4431941103093555,25800,False,False
JSMR.JK,2770.0,2770.0,2774.0,2748.0,2736.0,2753.3816650390627,2842.481162109375,3.8,1.1043698941660978,1940800,True,False
JRPT.JK,1110.0,1086.6666666666667,1084.0,1082.0,1079.75,1075.2540771484375,1071.840009765625,6.949184570312491,1.0559175861820722,165400,False,False
JPFA.JK,2210.0,2206.6666666666665,2208.0,2175.0,2125.0,2047.7,2234.3064819335937,16.229999999999997,1.530735613353358,7693100,False,False
JMAS.JK,228.0,228.0,228.0,228.0,228.0,237.28,237.47,4.640000000000001,0.0,0,True,False
JKON.JK,87.0,88.33333333333333,87.0,78.7,73.4,68.87880638122559,70.24761287689209,19.45452695210774,11.385732802910644,43194200,False,False
JIHD.JK,434.0,433.3333333333333,431.2,425.2,430.9,418.56,460.93,7.719999999999999,1.6854662148865656,59200,False,False
JGLE.JK,95.0,96.66666666666667,90.4,76.8,67.75,58.78,64.25,37.88666666666667,9.501791022535611,1569601700,False,False
JECC.JK,645.0,640.0,640.0,629.0,630.25,604.5537145996094,714.4468597412109,8.089257080078118,1.7154615680704661,18700,False,False
JAYA.JK,134.0,133.0,133.2,131.6,128.35,123.7,128.18,10.299999999999997,1.4709500638025848,1458900,False,False
JAWA.JK,128.0,129.0,129.4,126.6,122.65,119.1,137.14,10.300000000000011,2.585952837923124,791300,False,False
JATI.JK,100.0,100.33333333333333,99.2,97.3,96.0,94.9212075805664,99.28969619750977,5.412125752766926,2.0506928968578415,10045000,True,True
JAST.JK,85.0,84.66666666666667,84.4,83.8,84.1,81.36,89.11,3.6400000000000006,0.9562516570430576,2666000,True,False
JARR.JK,1910.0,1920.0,1912.0,1901.0,1897.25,1815.5966284179688,1932.631414794922,20.88067431640625,1.5413232311318037,1012900,False,False
ITMG.JK,24900.0,24908.333333333332,24850.0,24692.5,24432.5,23229.5,24343.8441796875,67.15333333333328,0.954358109207179,697800,False,False
ITMA.JK,1375.0,1360.0,1372.0,1367.0,1359.25,1407.5,1741.25,9.65,1.8871296669304791,13100,False,False
ITIC.JK,232.0,233.33333333333334,230.0,222.4,214.45,205.74,229.01,13.796666666666667,2.3739116156091127,1299400,False,False
ISSP.JK,432.0,433.3333333333333,435.6,433.4,419.6,397.57183837890625,415.3810269165039,19.014080810546886,2.3209161738533117,1894200,False,False
ISEA.JK,81.0,81.0,81.6,80.6,80.95,71.66,77.45,9.939999999999998,1.6722556228220447,1153400,False,False
ISAT.JK,2100.0,2056.6666666666665,2012.0,1964.0,1938.0,1886.3,1960.5122985839844,21.370000000000005,5.324497021975004,84040000,False,False
ISAP.JK,25.0,24.333333333333332,24.6,24.5,24.7,23.84,26.98,1.1600000000000001,4.95533629211741,12108200,False,False
IRSX.JK,362.0,364.0,368.0,348.4,322.3,298.0,361.5755062866211,35.0,5.017315896787335,40652200,False,False
IRRA.JK,370.0,371.3333333333333,372.4,373.4,372.9,368.16,382.06,2.619999999999976,0.4215041734960203,549700,True,False
IPTV.JK,29.0,29.333333333333332,29.6,30.4,30.95,32.44,36.88,3.4399999999999977,3.7920141779447816,3650800,True,False
IPOL.JK,114.0,114.0,111.8,108.8,107.4,107.26,114.06,6.739999999999995,2.0630934962727094,1709200,False,False
IPCM.JK,304.0,304.0,304.4,306.0,312.2,306.94633117675784,307.3214114379883,4.099999999999994,1.5098453116968718,1042000,True,False
IPCC.JK,1165.0,1175.0,1168.0,1155.5,1187.25,1153.6167199707031,1168.9796258544923,6.726656005859377,0.8937722093010159,672600,False,False
IPAC.JK,173.0,170.66666666666666,169.6,165.7,162.95,154.02,153.78,18.97999999999999,2.79510070832031,411300,False,False
IOTF.JK,66.0,57.333333333333336,55.4,53.9,53.4,52.98,57.62,13.020000000000003,7.763407029203264,528528400,False,False
INTP.JK,5350.0,5358.333333333333,5280.0,4960.0,4795.0,4450.77671875,4583.32775390625,36.30226458333331,2.116162804782168,2579800,False,False
INTD.JK,276.0,275.3333333333333,266.0,258.8,246.0,236.4,243.62,19.799999999999997,3.32936759630572,133800,False,False
INTA.JK,61.0,61.0,61.0,61.0,61.0,62.72,69.19,1.7199999999999989,0.0,0,True,False
INPS.JK,690.0,710.0,716.0,690.5,664.0,655.9,638.46,12.020000000000005,3.9538518782004104,163600,False,False
INPP.JK,735.0,721.6666666666666,705.0,699.5,701.25,720.2,754.0,7.1,3.736418042524075,308600,False,False
INPC.JK,140.0,142.66666666666666,142.4,139.8,138.95,133.32,144.78,9.346666666666664,1.6609741111219152,7042300,False,False
INOV.JK,145.0,145.0,145.4,141.3,135.45,124.08,130.32,21.320000000000007,1.906144172044698,2231200,False,False
INKP.JK,8375.0,8333.333333333334,8375.0,8290.0,8005.0,7543.946396484375,8383.528525390626,33.24214414062499,1.5489310028661818,2975300,False,False
INET.JK,226.0,230.0,233.2,228.2,227.0,208.64,245.44,12.280000000000001,3.3611080262806814,134697500,False,False
INDY.JK,2610.0,2620.0,2594.0,2569.0,2510.5,2233.1854541015623,2768.1672631835936,38.68145458984377,5.216702283390957,30274800,False,False
INDX.JK,60.0,60.0,60.0,60.0,60.0,62.9,83.03,2.8999999999999986,2.837818317547164e-07,0,True,False
INDS.JK,276.0,276.0,278.4,276.6,274.0,264.8904025268555,327.29860458374026,6.754798736572241,1.8078549022052723,1072100,False,False
INDR.JK,2350.0,2360.0,2344.0,2229.5,2110.75,2030.0,2326.2,33.0,5.298460471743313,29100,False,False
INDO.JK,177.0,175.33333333333334,175.8,174.4,173.1,166.7,163.54,10.300000000000011,1.9971692561599517,33049200,False,False
INDF.JK,7325.0,7350.0,7300.0,7122.5,6970.0,6601.01888671875,6494.3848876953125,29.959244531250008,1.147164538483251,3093800,False,False
INCO.JK,5375.0,5408.333333333333,5430.0,5191.5,5061.0,4785.99076171875,5317.5030126953125,25.76036953125,3.622463829713335,8312200,False,False
INCI.JK,660.0,673.3333333333334,671.0,666.0,661.0,647.7213110351563,667.5598291015625,5.122404459635414,1.7174158143014853,62500,True,False
INCF.JK,50.0,50.0,50.0,50.0,50.0,50.0,53.01,0.0,0.0,0,True,False
INAI.JK,178.0,179.66666666666666,179.8,179.7,171.2,151.34,168.35,28.460000000000008,2.9235558916634727,1128400,False,False
IMPC.JK,1555.0,1578.3333333333333,1577.0,1550.0,1524.0,1547.6,1815.9,10.866666666666651,1.628317839228219,7283600,False,False
IMJS.JK,163.0,162.33333333333334,164.2,158.9,154.15,144.15960845947265,159.86819519042967,20.040391540527338,2.3853163716364363,1792700,False,False
IMAS.JK,870.0,863.3333333333334,864.0,858.5,855.25,839.4340368652344,930.7152221679687,6.113192626953127,0.8261071309531673,260700,False,False
IKPM.JK,200.0,197.66666666666666,195.0,190.0,187.15,184.28,195.24,15.719999999999999,2.238437700952029,892800,False,False
IKBI.JK,770.0,676.6666666666666,636.0,595.5,578.75,539.82,542.61,46.03599999999999,6.1167703605010555,8167600,False,False
IKAN.JK,85.0,86.33333333333333,86.4,85.0,85.05,78.06,85.83,8.340000000000003,1.8614474326907322,5344100,False,False
IKAI.JK,21.0,20.666666666666668,21.4,20.9,20.95,19.22,21.0,2.1799999999999997,5.060193881171618,11241000,False,False
IGAR.JK,444.0,444.0,443.2,437.6,428.8,419.0266680908203,442.62357849121094,12.486665954589853,1.3770846896394204,19400,False,False
IFSH.JK,1180.0,1111.6666666666667,1103.0,1130.5,1157.0,1199.5,1756.2872351074218,19.3,3.846397795950089,37700,False,False
IFII.JK,206.0,206.0,206.0,206.2,210.0,214.0,219.12,4.0,0.8868156091780285,286800,True,False
IDPR.JK,276.0,277.3333333333333,277.2,283.6,291.9,293.9139593505859,295.6593948364258,8.956979675292956,1.6339026520935989,21100,False,False
IDEA.JK,69.0,68.33333333333333,68.0,64.7,64.3,61.0,71.55,8.0,3.425877617357463,1484100,False,False
ICON.JK,114.0,114.33333333333333,116.6,111.5,108.45,106.46,112.14,10.14,5.215160420938423,72295700,False,False
ICBP.JK,7600.0,7600.0,7455.0,7237.5,7060.0,6665.641953125,6733.748818359375,37.374321874999985,1.8581011851018507,6810700,False,False
IBST.JK,8475.0,8475.0,8475.0,8475.0,8475.0,8475.0,7838.45,0.0,0.0,0,True,False
IBOS.JK,70.0,68.33333333333333,67.0,65.5,67.35,74.0,91.95,8.5,3.4870256212822617,8837700,False,False
IBFN.JK,63.0,63.0,63.0,63.0,63.0,64.04,72.13,1.0400000000000063,0.0,0,True,False
IATA.JK,129.0,120.33333333333333,109.4,88.7,73.6,67.68,72.27,61.31999999999999,12.53947534134508,3545148200,False,False
HYGN.JK,166.0,165.33333333333334,166.2,166.8,161.9,148.38,146.4264010620117,18.420000000000016,2.5532101474120656,1309700,False,False
HUMI.JK,149.0,152.33333333333334,150.8,141.8,137.0,125.78,154.22,26.55333333333334,3.6836147699334396,72811200,False,False
HRUM.JK,850.0,830.0,849.0,838.0,829.5,783.3,869.1,13.340000000000009,3.306055993482558,46796500,False,False
HRTA.JK,2200.0,2156.6666666666665,2074.0,1968.0,1946.75,1959.684345703125,2239.74439453125,25.325,2.858668090419932,25320600,False,False
HRME.JK,43.0,42.333333333333336,42.4,42.3,43.55,44.04,45.98,1.740000000000002,3.7686739935326985,749200,True,False
HOPE.JK,230.0,225.33333333333334,222.0,213.2,199.15,154.48,175.35,37.760000000000005,1.4513360585510078,57917400,False,False
HOMI.JK,185.0,183.33333333333334,181.8,179.4,179.45,185.8,210.93,6.400000000000006,0.5891286737277028,1602400,False,False
HOKI.JK,56.0,54.666666666666664,54.4,54.4,54.15,53.94,59.89,2.0600000000000023,2.9372485384402593,38397000,True,False
HMSP.JK,760.0,766.6666666666666,763.0,745.5,726.25,680.5,683.6167999267578,17.233333333333327,1.5039265030842321,17779500,False,False
HILL.JK,16.0,16.0,16.0,16.0,16.0,16.04,18.18,0.03999999999999915,0.0,0,True,False
HGII.JK,133.0,125.66666666666667,123.4,122.1,121.9,123.69180648803712,130.79350143432617,11.099999999999994,2.818005214782061,18600700,False,False
HEXA.JK,4490.0,4470.0,4468.0,4464.0,4476.0,4411.6,4427.8,7.839999999999963,0.5231236780633696,65000,False,False
HERO.JK,336.0,336.6666666666667,340.4,341.4,340.7,328.56,374.95,6.4199999999999875,3.9103380006190824,317300,False,False
HELI.JK,200.0,194.0,192.0,189.3,185.65,179.82,186.5,20.180000000000007,2.995541519425822,14106300,False,False
HEAL.JK,780.0,781.6666666666666,787.0,790.0,822.5,845.9,991.9154077148437,13.179999999999996,2.1704664809674665,5630500,False,False
HDIT.JK,50.0,50.0,50.0,50.1,50.4,50.4,54.74,0.3999999999999986,0.933602421801758,36857400,True,False
HDFA.JK,98.0,97.66666666666667,101.6,95.9,92.2,89.1,95.86,12.5,8.701065234355994,993900,False,False
HBAT.JK,224.0,222.66666666666666,222.4,224.2,244.2,315.72,352.97,46.66000000000001,1.7937975042609011,279900,False,False
HATM.JK,600.0,561.6666666666666,551.0,538.9,494.65,416.9464306640625,360.9998861694336,36.6107138671875,5.984350060803948,67116600,False,False
HALO.JK,70.0,70.0,70.4,69.8,68.0,64.6,69.37,5.800000000000011,2.1398062731802803,2582900,True,True
HAJJ.JK,106.0,108.33333333333333,108.0,106.5,104.55,103.0,116.23,5.333333333333329,1.9374338350021238,7150200,True,False
HAIS.JK,183.0,182.33333333333334,182.6,182.7,182.55,176.24,184.61490844726563,6.759999999999991,1.6788237933989758,1060100,False,False
HADE.JK,20.0,19.333333333333332,19.2,18.9,18.75,17.12,18.3,2.879999999999999,3.9638790268348476,12297000,False,False
GZCO.JK,177.0,175.33333333333334,175.6,168.2,160.05,148.62,172.54,28.379999999999995,4.656792574111624,25239500,False,False
GWSA.JK,142.0,137.33333333333334,136.4,131.5,127.75,122.0,133.51,20.0,2.407577767970541,6076500,False,False
GUNA.JK,204.0,203.33333333333334,202.8,202.1,199.0,174.6215005493164,190.1789810180664,14.689249725341796,1.6830483503904519,13500,False,False
GULA.JK,750.0,760.0,774.0,789.5,756.75,659.96,513.34,25.907999999999994,4.354376224924354,20809400,False,False
GTSI.JK,189.0,192.0,183.4,164.4,155.8,139.19845016479493,176.68263648986817,52.801549835205066,6.115745308970046,61865000,False,False
GTRA.JK,258.0,254.0,249.2,244.6,235.95,206.92,221.67,25.540000000000006,1.303671280991118,326400,False,False
GTBO.JK,170.0,170.0,170.0,170.0,170.0,174.7,194.01,4.699999999999989,0.0,0,True,False
GSMF.JK,87.0,87.33333333333333,87.4,87.3,87.15,82.94,96.62,4.460000000000008,1.0869453160676315,2374600,True,False
GRPM.JK,230.0,233.33333333333334,232.8,229.4,233.3,239.16,274.22,4.8799999999999955,4.089219377112508,929500,False,False
GRPH.JK,64.0,61.333333333333336,60.2,59.7,59.6,58.78,59.35,5.219999999999999,2.2225471491665054,12103500,True,True
GRIA.JK,145.0,145.66666666666666,145.0,133.7,124.2,120.58,113.69,25.08666666666666,6.078448036859644,4448400,False,False
GPSO.JK,290.0,284.6666666666667,294.8,292.0,308.1,349.04,362.42,32.18666666666667,4.337695354771142,38825100,False,False
GPRA.JK,108.0,107.33333333333333,107.0,104.8,103.35,101.60313674926758,104.41078254699707,6.396863250732423,1.8130482906948016,170523500,False,False
GOTO.JK,50.0,50.0,50.0,50.0,50.0,50.0,50.92,0.0,0.0,47265600,True,False
GOOD.JK,306.0,302.0,300.0,295.8,299.1,308.16,323.21292694091795,6.180000000000007,1.3419246564510305,161200,False,False
GOLF.JK,166.0,168.33333333333334,167.2,162.8,164.7,162.87969329833984,174.820458984375,5.533333333333331,1.679652031962632,4400700,True,False
GOLD.JK,272.0,272.6666666666667,270.8,267.8,266.5,257.04,268.62,7.813333333333333,1.9659277363538885,97700,False,False
GMTD.JK,1295.0,1288.3333333333333,1295.0,1318.0,1299.25,1351.0,1491.5907470703125,12.53333333333335,5.010046182856658,6300,False,False
GMFI.JK,71.0,60.0,57.8,56.3,54.85,53.02,56.82,17.979999999999997,10.106297369210882,2840533700,False,False
GLVA.JK,308.0,306.6666666666667,306.4,305.6,304.7,302.9760980224609,316.0530532836914,2.5119509887695415,0.8743869000586771,41000,True,False
GJTL.JK,1305.0,1308.3333333333333,1314.0,1276.0,1208.0,1152.2543896484376,1111.9851080322267,32.349122070312475,2.4577340665724448,4497400,False,False
GIAA.JK,72.0,59.666666666666664,57.2,55.4,54.45,54.2,60.99,17.799999999999997,10.64721201036626,1661761800,False,False
GHON.JK,1610.0,1606.6666666666667,1615.0,1627.0,1626.25,1679.2,1737.35,14.50666666666666,0.42161187752184526,20700,False,False
GGRP.JK,304.0,303.3333333333333,301.6,298.4,296.5,292.68,283.117177734375,5.659999999999997,0.8492221497615624,346400,True,False
GGRM.JK,20750.0,21025.0,20875.0,19867.5,18550.0,16685.275,15555.0375,173.58899999999994,3.209868912384653,2338600,False,False
GEMS.JK,6550.0,6575.0,6565.0,6502.5,6543.75,6419.0,7258.25,6.24,0.9295096839991887,56800,False,False
GEMA.JK,81.0,81.0,80.8,80.7,80.65,79.05952377319336,82.37476028442383,1.9404762268066378,0.828198885510578,1022000,True,False
GDYR.JK,1105.0,1100.0,1101.0,1098.5,1096.25,1090.9,1099.3,2.8199999999999816,1.1114409323320682,1400,True,False
GDST.JK,135.0,125.66666666666667,118.6,108.3,100.65,88.9,94.33,46.099999999999994,6.404420871277047,108911100,False,False
FWCT.JK,94.0,93.66666666666667,94.0,92.0,90.95,81.54,90.76,12.459999999999994,2.524223857343276,13305900,False,False
FUTR.JK,368.0,358.6666666666667,342.0,313.2,282.0,214.32,222.13,76.84,8.029680502254404,99273200,False,False
FUJI.JK,206.0,206.66666666666666,207.2,206.0,206.45,227.66,285.81,10.829999999999998,1.87692233458386,252000,False,False
FPNI.JK,426.0,428.0,429.6,394.2,361.0,339.96,388.76,44.82000000000002,7.88332175014904,3236000,False,False
FORU.JK,2040.0,2346.6666666666665,2466.0,2700.0,2844.5,2928.3,2103.35,88.83000000000001,4.8029557022774485,3346500,False,False
FORE.JK,800.0,790.0,780.0,718.5,675.0,663.8,745.31,27.24000000000001,3.4342360986368794,9763300,False,False
FOOD.JK,176.0,176.0,176.0,176.0,176.0,173.34,186.19,2.6599999999999966,0.0,0,True,False
FOLK.JK,216.0,216.66666666666666,215.6,211.4,214.5,199.86,265.09,8.403333333333322,1.4365477594953011,4696700,False,False
FMII.JK,256.0,250.66666666666666,249.6,250.0,248.9,247.8,242.26,4.099999999999994,2.1935860429378935,45000,True,False
FLMC.JK,76.0,74.66666666666667,73.6,74.6,68.7,80.1,117.09,11.399999999999991,4.37168826605571,1980900,False,False
FITT.JK,354.0,353.3333333333333,354.4,354.0,358.4,365.76,376.08,6.213333333333338,1.4161415614114679,292300,False,False
FISH.JK,610.0,606.6666666666666,606.0,609.5,624.75,615.8684594726562,683.2904956054688,3.75,0.7712616520519096,42800,True,False
FIRE.JK,110.0,110.66666666666667,108.8,107.5,108.35,104.48,121.28,6.186666666666667,2.018475002569876,6176800,False,False
FILM.JK,1085.0,1011.6666666666666,1018.0,1038.5,1196.5,1513.3,2123.2,100.32666666666667,4.941608498083543,49629700,False,False
FAST.JK,364.0,372.6666666666667,353.6,333.6,306.6,267.28,280.6,52.69333333333336,10.172360179506498,2250100,False,False
FAPA.JK,7350.0,7366.666666666667,7360.0,7355.0,7343.75,7301.32748046875,7068.908564453125,2.613567447916685,0.38620573423741267,1600,True,False
EXCL.JK,2500.0,2516.6666666666665,2524.0,2491.0,2510.5,2531.8,2757.3,4.080000000000018,2.1404604392598734,3968100,True,False
EURO.JK,1900.0,1891.6666666666667,1871.0,1900.0,1889.5,1728.256123046875,2136.216636962891,34.34877539062499,2.046956976497447,10719400,False,False
ESTI.JK,176.0,176.0,180.2,165.2,148.95,132.23536087036132,146.3038429260254,47.96463912963867,13.28270816087109,9825300,False,False
ESTA.JK,178.0,181.66666666666666,183.8,184.0,182.6,182.92,189.22,6.0,4.264703453867464,3015400,False,False
ESSA.JK,685.0,648.3333333333334,638.0,631.0,621.0,587.6471020507812,651.5719470214843,19.47057958984376,2.967893081319616,260695400,False,False
ESIP.JK,128.0,128.66666666666666,129.4,128.7,130.25,126.07755981445312,121.19889778137207,4.172440185546876,2.827243689750812,14893800,True,True
ERTX.JK,190.0,193.33333333333334,194.6,185.0,171.6,151.7,176.55,42.900000000000006,3.506821585737491,1631000,False,False
ERAL.JK,308.0,309.3333333333333,312.0,307.0,297.0,278.8330828857422,288.4551904296875,16.583458557128893,1.9270433991564344,3354500,False,False
ERAA.JK,458.0,459.3333333333333,458.8,432.2,405.0,363.9621826171875,362.95332794189454,47.685575358072896,3.2584028183705342,73974800,False,False
EPMT.JK,2320.0,2353.3333333333335,2346.0,2332.0,2324.0,2312.8,2328.8,4.05333333333333,1.784778390245843,21000,True,False
EPAC.JK,61.0,60.0,60.0,60.2,63.6,64.56,64.4,4.560000000000002,2.861996824808148,218443600,True,False
ENZO.JK,79.0,80.33333333333333,81.8,73.6,70.25,67.02,70.08,14.780000000000001,12.042407352541042,111829600,False,False
ENRG.JK,1275.0,1305.0,1305.0,1287.5,1363.5,1294.3,1458.5,17.7,4.5559310783505955,76508500,False,False
ENAK.JK,242.0,242.0,243.2,244.6,252.0,263.0,307.34,10.5,1.8786890892528052,264800,False,False
EMTK.JK,515.0,525.0,527.0,523.5,526.75,530.5640698242188,654.9528277587891,3.1128139648437583,1.7199331525492165,75023600,True,False
EMDE.JK,80.0,80.66666666666667,79.4,74.1,72.15,66.98,71.29,13.686666666666667,5.488316718118508,9229200,False,False
EMAS.JK,7625.0,7558.333333333333,7385.0,6887.5,6373.75,6499.0,7394.75,50.05,2.6097893894483994,23245900,False,False
ELTY.JK,38.0,39.666666666666664,37.8,34.4,30.65,26.98,33.4,12.686666666666664,7.918463390905578,431403400,False,False
ELSA.JK,700.0,698.3333333333334,696.0,692.0,677.0,609.3368627929688,638.2785925292969,18.13262744140625,2.377681057000089,13668000,False,False
ELPI.JK,735.0,743.3333333333334,736.0,747.5,864.25,1041.1819921875,1388.824541015625,61.23639843750002,5.146330088596083,1343800,False,False
ELIT.JK,173.0,174.66666666666666,175.2,174.2,174.1,172.98,187.56,2.219999999999999,1.2675768439458972,2056300,True,False
EKAD.JK,178.0,177.0,174.8,171.6,170.4,167.12555541992188,167.7411097717285,10.87444458007812,1.481937536221627,210800,False,False
ECII.JK,161.0,161.66666666666666,162.2,161.8,154.8,138.52,159.73,23.67999999999998,5.030545606789511,1610000,False,False
EAST.JK,92.0,92.66666666666667,92.8,92.0,91.2,89.24,88.80042915344238,3.5600000000000023,1.011796815500878,5193700,True,True
DYAN.JK,85.0,85.33333333333333,85.4,84.0,82.2,78.36,80.45,7.040000000000006,1.8526472743287135,2904400,False,False
DWGL.JK,396.0,397.3333333333333,386.0,367.2,297.7,261.76,265.48,67.78666666666666,9.819372265138673,2912400,False,False
DVLA.JK,1580.0,1585.0,1582.0,1586.0,1578.5,1534.021953125,1535.2946325683595,10.395609375000003,0.6192806487461239,7700,False,False
DUTI.JK,4300.0,4293.333333333333,4292.0,4291.0,4246.0,4030.0908740234377,3891.0952880859377,26.990912597656234,0.07371276597129191,5200,False,False
DSSA.JK,985.0,976.6666666666666,926.0,881.0,864.0,803.44,1405.88,36.31199999999999,4.161380312791223,1255876400,False,False
DSNG.JK,1320.0,1350.0,1360.0,1354.0,1300.75,1192.12609375,1354.9595275878905,33.57478124999998,3.441662564866771,5484800,False,False
DSFI.JK,81.0,82.0,82.0,81.0,80.0,73.18,83.27,8.819999999999993,1.8075219773013047,1375400,False,False
DRMA.JK,965.0,960.0,959.0,952.5,933.75,925.2,939.6833331298828,7.959999999999991,1.2374576088475775,578800,False,False
DPUM.JK,99.0,99.33333333333333,99.8,98.3,98.5,111.12,128.7,12.820000000000007,1.5658580968443283,5119800,False,False
DOSS.JK,176.0,177.33333333333334,175.2,162.6,149.35,138.46273498535157,142.3387065887451,38.87059834798177,6.414144913903212,1554400,False,False
DOOH.JK,256.0,266.6666666666667,266.4,250.6,203.5,153.12,151.04,56.77333333333334,4.662191526887669,73842200,False,False
DOID.JK,216.0,216.66666666666666,216.4,215.6,216.1,206.52,227.02,5.0733333333333235,2.1877154578996194,2276400,True,False
DNET.JK,10000.0,9858.333333333334,9835.0,9812.5,9757.5,9953.5,9634.25,9.7,1.3486776606442006,5200,False,False
DNAR.JK,124.0,124.0,124.2,123.7,120.6,114.44,124.84,9.760000000000005,0.9992821096239078,1194800,False,False
DMND.JK,630.0,631.6666666666666,629.0,622.0,620.25,607.7043957519531,618.4807971191407,4.792454182942697,1.3997634706175024,5200,True,False
DMMX.JK,198.0,192.66666666666666,188.6,185.9,176.45,165.32576568603517,183.33688507080078,32.67423431396483,5.999114855980809,18031600,False,False
DMAS.JK,148.0,148.0,147.8,145.5,141.8,138.737880859375,132.18311248779298,9.262119140625003,1.4738557834453139,45492400,False,False
DLTA.JK,1790.0,1783.3333333333333,1782.0,1780.0,1774.75,1741.399091796875,1763.333338623047,9.720181640625015,0.35174905314378235,16800,False,False
DKHH.JK,64.0,64.66666666666667,64.4,63.5,63.4,60.26,65.34,4.406666666666673,1.4909494996156296,8481700,True,False
DKFT.JK,665.0,678.3333333333334,688.0,673.0,662.75,651.4,697.9,7.320000000000005,2.87263806086863,9101900,False,False
DIVA.JK,143.0,140.33333333333334,138.4,132.1,125.2,115.7,132.48,27.299999999999997,4.309713386968434,12221900,False,False
DILD.JK,116.0,117.0,117.6,116.7,116.1,114.48,120.3,3.1199999999999903,1.513997944588328,10418900,True,False
DIGI.JK,29.0,29.0,29.0,29.0,29.0,29.98,32.05,0.9800000000000004,0.0,0,True,False
DGWG.JK,316.0,314.0,310.0,296.0,289.3,290.7334423828125,325.4064562988281,13.349999999999994,1.4653854228836531,11119500,False,False
DGNS.JK,232.0,236.0,237.2,235.6,232.7,229.92,251.96,3.6400000000000006,3.0306091103026005,721300,True,False
DGIK.JK,132.0,130.0,129.4,128.5,129.65,126.08,128.66,5.920000000000002,1.106810122740812,8353600,True,True
DFAM.JK,82.0,82.0,82.4,81.4,82.6,86.44,95.17,5.039999999999992,3.2119409877210154,3146100,True,False
DEWI.JK,127.0,126.33333333333333,124.4,121.7,121.0,119.18,121.82,7.819999999999993,1.1022673846119575,38809300,False,False
DEWA.JK,474.0,475.3333333333333,473.6,462.6,435.7,364.4829684448242,414.28324264526367,55.425182444254546,1.6706936581448204,907154600,False,False
DEPO.JK,242.0,241.33333333333334,242.0,242.4,243.2,242.70492919921875,245.88191543579103,0.9333333333333229,1.3122268284449075,152400,True,False
DEFI.JK,110.0,110.0,110.2,107.4,107.4,109.04,120.84,2.799999999999997,3.8989045423763247,10515200,False,False
DCII.JK,206100.0,203883.33333333334,200110.0,195417.5,194016.25,190592.0,195711.0,620.32,2.091746163373269,800,False,False
DAYA.JK,1005.0,986.6666666666666,982.0,982.5,980.75,1001.7,1014.6,4.85,1.4077039929391246,28100,True,False
DATA.JK,1930.0,1950.0,1958.0,1982.5,2058.75,1932.2,2126.05,25.75,2.8110709978573247,2472200,False,False
DART.JK,140.0,139.0,135.8,131.3,128.25,123.96,134.52,16.040000000000006,2.825790768394007,408700,False,False
DADA.JK,50.0,50.0,50.0,50.0,50.0,50.0,50.0,0.0,0.0,137300,True,False
DAAZ.JK,1690.0,1621.6666666666667,1587.0,1561.5,1547.25,1598.5511059570313,1920.6888806152344,28.55,2.5083379225980624,3314900,False,False
CYBR.JK,590.0,578.3333333333334,572.0,560.0,569.0,589.1,621.3,6.0,1.689937424626357,31054000,False,False
CUAN.JK,710.0,723.3333333333334,702.0,681.5,680.0,666.3,887.46,11.406666666666684,3.147431388889694,337201400,False,False
CTTH.JK,134.0,134.33333333333334,132.6,128.1,127.6,127.72,129.08,6.7333333333333485,4.108072575595764,16092300,False,False
CTRA.JK,615.0,615.0,609.0,589.0,580.5,554.4494653320312,604.2294610595703,12.11010693359376,2.462075217013657,18312100,False,False
CTBN.JK,4020.0,4006.6666666666665,4030.0,4140.0,4469.0,5155.100009765625,5208.64490234375,114.84333430989587,2.328618888381144,15000,False,False
CSRA.JK,755.0,748.3333333333334,746.0,756.0,765.0,760.7,833.2,3.8,2.3600216335039654,186200,True,False
CSMI.JK,80.0,79.0,78.0,76.2,76.35,74.4,84.59,5.599999999999994,2.4349730308222983,11728800,True,False
CSIS.JK,200.0,199.0,199.0,188.8,181.2,160.9756008911133,162.43540153503417,39.02439910888671,2.692930879939795,2580200,False,False
CSAP.JK,288.0,288.6666666666667,289.2,288.2,287.8,279.5004107666016,280.3241363525391,4.849794616699199,1.50345866031864,250000,True,False
CRSN.JK,126.0,117.33333333333333,114.0,110.8,106.8,101.8197378540039,105.45925918579101,24.180262145996096,2.9384882036898,20464900,False,False
CRAB.JK,208.0,208.0,208.0,208.0,208.0,208.92,211.74,0.45999999999999375,0.0,0,True,False
CPRO.JK,51.0,50.666666666666664,50.6,50.4,50.45,50.24,52.83,0.759999999999998,1.6170151271130158,136291100,True,False
CPIN.JK,3080.0,3126.6666666666665,3128.0,3166.0,3159.5,3235.4137939453126,3617.818288574219,15.541379394531258,2.086905890532431,20826500,False,False
COIN.JK,700.0,708.3333333333334,699.0,682.5,700.75,707.5,922.15,5.166666666666674,4.8073500738804125,11747200,False,False
COCO.JK,104.0,106.66666666666667,107.2,107.4,119.5,151.951690826416,244.85584541320802,47.95169082641601,4.301257761433361,234956200,False,False
COAL.JK,27.0,25.0,23.4,22.3,21.9,27.3,42.69,5.400000000000002,4.7609781090843155,16492500,False,False
CNMA.JK,96.0,95.66666666666667,95.8,93.5,92.65,89.88,94.94238998413086,6.1200000000000045,2.401788265239716,122450100,False,False
CNKO.JK,37.0,37.0,37.0,37.0,37.0,37.58,46.57,0.5799999999999983,0.0,0,True,False
CMRY.JK,4610.0,4673.333333333333,4672.0,4657.0,4635.0,4519.2,4509.549487304687,15.413333333333322,1.979851408177248,991100,False,False
CMPP.JK,69.0,69.0,69.0,69.0,69.0,70.02,75.52,1.019999999999996,0.0,0,True,False
CMNT.JK,805.0,801.6666666666666,800.0,805.0,796.5,792.1,786.9,2.5799999999999956,1.9950979923926304,23086300,True,True
CMNP.JK,1365.0,1368.3333333333333,1372.0,1360.0,1353.25,1349.6,1415.3,4.480000000000018,0.8659704396977405,36300,True,False
CLPI.JK,1605.0,1610.0,1604.0,1581.5,1560.25,1496.6339086914063,1466.2623254394532,22.673218261718738,0.8292655686636665,52200,False,False
CLEO.JK,382.0,386.0,385.2,383.6,381.7,376.57668029785157,386.43303466796874,4.7116598510742165,1.3406747850437766,11284300,True,False
CLAY.JK,2740.0,2766.6666666666665,2734.0,2584.0,2514.0,2624.2,2717.9,25.26666666666665,3.7051055041632224,17100,False,False
CITY.JK,177.0,175.66666666666666,176.4,172.6,171.25,159.84,172.15,17.159999999999997,1.3514603594400227,2097600,False,False
CITA.JK,3250.0,3256.6666666666665,3262.0,3251.0,3257.0,3091.6,3344.0641015625,17.04000000000001,1.3104498711453896,78800,False,False
CINT.JK,176.0,176.33333333333334,177.8,176.4,172.85,168.2,183.83,9.600000000000023,2.263713198082235,102300,False,False
CHIP.JK,895.0,903.3333333333334,912.0,913.0,924.25,933.4547204589844,993.3250311279297,7.690944091796882,0.9015074932503168,97900,False,False
CHEM.JK,67.0,66.66666666666667,66.2,65.3,65.5,62.2,75.98467163085938,4.799999999999997,1.3182418687260724,5371400,True,False
CHEK.JK,134.0,134.0,134.0,132.8,131.8,126.08,131.02,7.920000000000002,1.6821821510345933,380200,False,False
CGAS.JK,153.0,153.66666666666666,153.6,153.2,153.65,149.9777767944336,157.27777603149414,3.6888898722330623,1.1041134850858767,1652100,True,False
CFIN.JK,350.0,353.3333333333333,350.8,344.8,340.8,322.03788696289064,307.5603234863281,15.647723185221338,0.9960316452238225,1655600,False,False
CENT.JK,85.0,82.33333333333333,81.6,80.9,80.5,75.98,87.08,9.019999999999996,2.493722782085075,9344000,False,False
CEKA.JK,2220.0,2220.0,2210.0,2207.0,2190.5,2151.31953125,2165.055078125,6.8680468749999815,0.7470066347969856,5400,False,False
CDIA.JK,685.0,698.3333333333334,683.0,668.0,671.5,665.9,808.245029296875,6.486666666666679,2.705876996506784,56962500,False,False
CCSI.JK,260.0,250.0,249.2,247.2,248.2,245.72,251.1,7.140000000000001,2.3990278769550835,1523000,False,False
CBUT.JK,840.0,835.0,833.0,827.5,816.75,720.92,764.26,23.81600000000001,1.3802681777433532,113100,False,False
CBRE.JK,680.0,683.3333333333334,684.0,682.5,706.5,692.6,781.5,5.3,0.9145501419045586,7553700,True,False
CBPE.JK,580.0,550.0,488.4,403.0,345.6,306.38846313476563,307.98722198486325,54.722307373046874,8.637996716606244,1477800,False,False
CBDK.JK,3800.0,3810.0,3852.0,3743.0,3661.5,3558.2686328125,4070.083818359375,29.373136718749993,3.4159245631751856,1745200,False,False
CASS.JK,1925.0,1908.3333333333333,1904.0,1899.5,1880.0,1824.2,1827.8,20.15999999999999,0.9829917157409933,22800,False,False
CASH.JK,224.0,226.66666666666666,228.0,230.4,222.2,194.34,200.06,18.03,1.7313569943869704,848600,False,False
CASA.JK,1800.0,1800.0,1804.0,1822.0,1832.25,1758.3,1545.4,14.79000000000001,0.40715134356019017,8600,False,False
CARS.JK,91.0,90.66666666666667,91.6,90.9,88.9,87.58,90.8,4.019999999999996,1.6888370259904542,3309700,True,True
CARE.JK,424.0,424.0,424.8,422.4,423.4,417.16,414.74,3.819999999999993,0.39004214008845667,99800,True,False
CANI.JK,135.0,135.0,135.0,135.0,135.0,134.3,140.02,0.6999999999999886,0.0,0,True,False
CAMP.JK,172.0,171.33333333333334,170.8,170.2,170.05,172.04,185.1,1.9899999999999807,0.2841558791055925,159900,True,False
CAKK.JK,140.0,140.0,139.6,137.0,136.85,137.26,149.2,3.1500000000000057,3.3494117841272026,120300,True,False
BYAN.JK,12025.0,12083.333333333334,12075.0,12082.5,11983.75,11218.50875,11269.5420703125,34.59298333333332,0.45522541110179937,8100,False,False
BWPT.JK,96.0,93.33333333333333,91.8,87.0,82.65,78.04,98.96,17.959999999999994,3.9665286532168076,376333500,False,False
BVIC.JK,91.0,92.33333333333333,93.2,93.0,91.35,86.84,95.71,6.359999999999999,1.2806417538221277,3454200,False,False
BUVA.JK,765.0,781.6666666666666,777.0,799.5,851.0,809.5,922.25,17.2,4.939718805831628,115881700,False,False
BUMI.JK,187.0,184.33333333333334,180.0,171.9,166.7,155.8,187.67,31.19999999999999,3.0735818699533977,227773604,False,False
BULL.JK,438.0,448.0,452.0,440.4,414.0,371.2,404.95,40.400000000000006,5.823747834738893,524695000,False,False
BUKK.JK,1010.0,1010.0,1012.0,1020.0,1057.75,1043.3,1138.15,9.55,1.765826873262993,43000,False,False
BUKA.JK,117.0,117.66666666666667,118.6,117.8,114.35,108.62,126.89,9.97999999999999,1.5959647641197172,44875400,False,False
BUDI.JK,216.0,216.66666666666666,216.8,213.6,209.8,206.64,208.62,5.0800000000000125,1.955928775944204,267800,True,False
BUAH.JK,515.0,511.6666666666667,512.0,506.5,510.25,509.3702960205078,508.4445458984375,1.7,0.9767305235295131,309000,True,False
BTPS.JK,995.0,991.6666666666666,991.0,986.5,1003.25,980.0,994.3174475097657,4.65,0.9135619227722184,1190000,True,True
BTPN.JK,2160.0,2163.3333333333335,2168.0,2173.0,2202.0,2170.7,2129.4121606445315,4.2,1.5004838372464282,20700,True,False
BTON.JK,368.0,366.0,366.0,361.6,358.1,354.72,366.86,6.639999999999986,1.8614018767707352,5600,False,False
BTEK.JK,11.0,11.0,10.8,10.8,10.95,10.78,12.2,0.22000000000000064,5.234258251453981,61892100,False,False
BSSR.JK,4320.0,4323.333333333333,4326.0,4303.0,4289.5,4025.2360595703126,3802.6256518554687,30.07639404296874,0.4104876439252401,619500,False,False
BSML.JK,525.0,516.6666666666666,516.0,516.0,517.25,483.6,434.02,8.279999999999996,1.7034786075871757,23126800,False,False
BSIM.JK,700.0,703.3333333333334,700.0,698.0,697.75,709.4,788.45,2.3299999999999956,1.3184155815705925,24700,True,False
BSDE.JK,595.0,600.0,592.0,580.0,577.75,575.6,664.75,4.8799999999999955,1.7874020635877907,15635000,True,False
BSBK.JK,54.0,53.333333333333336,53.0,52.6,52.45,51.8,54.79,2.200000000000003,1.2035655954716773,15720400,True,False
BRRC.JK,59.0,58.666666666666664,58.4,57.6,58.7,57.52,66.1,1.4799999999999969,0.8477471364341889,5417200,True,False
BRPT.JK,1860.0,1888.3333333333333,1878.0,1837.5,1794.75,1682.1504418945312,1750.6257849121093,41.2365782877604,2.05813334455075,205573700,False,False
BRNA.JK,625.0,640.0,655.0,626.5,615.0,597.4,628.6,11.520000000000005,5.966785718272451,113700,False,False
BRMS.JK,615.0,613.3333333333334,606.0,580.5,580.5,557.2,662.95,11.559999999999992,2.467050006918362,420122800,False,False
BRIS.JK,1795.0,1803.3333333333333,1801.0,1795.5,1816.25,1799.6,1872.7605578613282,4.25,1.5893607558894098,24112300,True,False
BREN.JK,3370.0,3440.0,3382.0,3345.0,3419.5,3542.242724609375,4140.683115234375,19.72427246093748,3.0157020501280103,48929300,False,False
BRAM.JK,4510.0,4570.0,4542.0,4512.0,4501.5,4451.229868164062,4392.303254394531,11.877013183593771,1.0125795701571487,500,False,False
BPTR.JK,79.0,77.0,75.6,75.0,73.75,70.66,76.33,8.340000000000003,2.0293272220524323,3773200,False,False
BPII.JK,434.0,442.0,444.4,440.6,440.0,443.76,455.96,5.199999999999989,2.116048490765404,35300,True,False
BPFI.JK,252.0,261.3333333333333,262.4,262.8,257.6,251.72884857177735,256.80578048706053,5.5355757141113315,2.6678897837671154,492800,True,False
BOLT.JK,805.0,803.3333333333334,803.0,797.0,795.25,784.3,820.2777783203124,4.1400000000000095,1.0515471462019539,7300,True,False
BOLA.JK,159.0,158.0,157.2,159.3,161.0,152.64,158.97,8.360000000000014,1.345417901605086,296100,False,False
BOGA.JK,1640.0,1651.6666666666667,1689.0,1636.0,1575.5,1435.1,1419.55,50.780000000000015,5.209775438797007,383300,False,False
BOBA.JK,214.0,215.33333333333334,215.2,223.0,230.2,268.43580444335936,242.26265502929687,27.21790222167968,2.0249037409013653,652600,False,False
BOAT.JK,135.0,134.0,133.8,133.9,126.1,114.38,126.15,20.620000000000005,4.672953410695122,1731600,False,False
BNLI.JK,2180.0,2183.3333333333335,2186.0,2206.0,2284.5,2517.2,2806.53333984375,33.719999999999985,1.503206904175402,77600,False,False
BNII.JK,194.0,194.33333333333334,194.4,192.0,191.0,188.82,193.75185852050782,5.5800000000000125,0.7878586619737064,368400,True,False
BNGA.JK,1650.0,1651.6666666666667,1650.0,1647.0,1635.25,1593.5,1625.9480932617187,11.633333333333349,0.36328752091339533,2389500,False,False
BNBR.JK,105.0,105.33333333333333,102.8,100.0,99.6,96.05951477050782,127.16768531799316,9.273818562825511,5.595923302504636,2246211900,False,False
BNBA.JK,740.0,738.3333333333334,738.0,739.0,743.5,730.1,724.15,2.6799999999999953,0.5937316013461558,343700,True,False
BMTR.JK,116.0,116.66666666666667,115.6,114.9,116.75,115.94,132.21,1.8499999999999943,2.173408854476594,62713600,True,False
BMSR.JK,308.0,306.6666666666667,305.6,308.0,310.0,297.6,310.18,6.199999999999989,0.6893402642979293,56800,False,False
BMRI.JK,4180.0,4206.666666666667,4220.0,4181.0,4249.0,4152.4,4196.5965576171875,9.660000000000036,1.26755845184691,148614700,False,False
BMHS.JK,191.0,191.33333333333334,190.4,188.6,183.55,179.72880004882813,182.4952684020996,11.604533284505209,1.6685038139816775,272800,False,False
BMBL.JK,32.0,32.0,32.4,32.4,31.8,31.78,33.18,0.6199999999999974,1.4509561867899912,1556600,True,False
BMAS.JK,510.0,497.3333333333333,488.4,486.6,485.8,481.4,490.48,5.720000000000004,1.8348660240333141,3200600,True,True
BLUE.JK,2490.0,2476.6666666666665,2470.0,2539.0,2718.0,2931.2707470703126,3086.4107690429687,46.12707470703126,3.136073028328653,70700,False,False
BLTA.JK,33.0,33.0,32.8,32.6,33.45,33.26,37.47,0.8500000000000014,2.25561056607668,5067700,True,False
BLOG.JK,382.0,378.0,371.6,362.6,367.0,345.03241455078125,353.5501736450195,18.483792724609373,2.5651957953252844,729000,False,False
BLES.JK,208.0,214.66666666666666,206.6,198.6,175.4,152.30456268310547,150.87845626831054,31.181051991780592,5.609292661082921,9847100,False,False
BKSW.JK,53.0,52.333333333333336,51.8,52.4,52.45,51.88,54.68,1.2000000000000028,1.555693019215756,2809600,True,False
BKSL.JK,74.0,76.0,73.8,70.3,69.25,65.68,84.73,10.319999999999993,3.898438120030054,299490800,False,False
BKDP.JK,169.0,169.0,169.0,166.7,158.0,132.5,104.4,36.5,5.091883463305721,0,False,False
BJTM.JK,515.0,518.3333333333334,518.0,517.0,518.75,513.94,517.6030578613281,0.9619999999999891,0.9176562648958817,19556500,True,False
BJBR.JK,795.0,790.0,790.0,787.0,783.75,769.5,767.4151525878906,5.1,0.8670755746648631,2007700,True,True
BISI.JK,695.0,693.3333333333334,688.0,670.5,659.5,661.8536169433594,713.3819885253906,7.1,1.035249643639466,238200,False,False
BIRD.JK,1630.0,1616.6666666666667,1615.0,1607.0,1611.5,1521.7098999023438,1487.6310705566407,21.65802001953125,1.0011144569848838,1143500,False,False
BIPP.JK,74.0,72.33333333333333,69.6,65.7,66.65,60.62,65.81,13.380000000000003,3.088057049047844,58839000,False,False
BIPI.JK,156.0,156.33333333333334,154.4,147.5,149.4,143.3,184.91,13.033333333333331,2.869630052232687,678583600,False,False
BINO.JK,113.0,112.66666666666667,112.4,110.8,107.8,100.46,109.98,12.540000000000006,1.780903831448093,1605400,False,False
BINA.JK,4000.0,4000.0,4016.0,4110.0,4101.5,3918.6,4051.2,19.140000000000008,2.936768214685141,136500,False,False
BIKE.JK,510.0,510.0,510.0,510.0,510.0,510.0,499.41,0.0,2.856066440334109e-07,0,True,False
BHIT.JK,27.0,26.666666666666668,26.2,25.8,25.8,26.34,29.59,1.1999999999999993,3.0863530710891536,12557900,True,False
BHAT.JK,1770.0,1770.0,1770.0,1770.0,1770.0,1546.0,1448.9,44.8,0.0,0,False,False
BGTG.JK,112.0,111.66666666666667,111.8,111.3,111.2,108.66,114.21,3.3400000000000034,3.232631689051703,5077500,True,False
BFIN.JK,905.0,908.3333333333334,916.0,900.5,838.25,760.9148937988281,738.8836944580078,31.017021240234385,3.9453169175968665,9744000,False,False
BEST.JK,109.0,110.0,110.0,106.8,104.3,99.9,103.12,10.099999999999994,3.700775849046186,11317100,False,False
BESS.JK,910.0,905.0,901.0,890.0,898.0,914.5326489257812,1037.8366436767578,4.906529785156249,2.0079178669817397,8200,True,False
BELL.JK,119.0,118.66666666666667,118.6,116.0,116.15,106.34,124.49,12.659999999999997,3.4445234636998423,21008700,False,False
BELI.JK,260.0,257.3333333333333,254.8,255.2,257.6,275.28,330.92,10.23999999999998,1.213717838819531,765900,False,False
BEKS.JK,23.0,22.333333333333332,22.2,21.6,21.4,21.06,23.85,1.9400000000000013,4.430623080993482,7929600,False,False
BEER.JK,74.0,74.0,74.2,74.7,76.6,81.04,104.4,7.040000000000006,1.2185731758006833,6692000,False,False
BEEF.JK,434.0,432.0,426.8,407.6,352.5,246.2,232.56,93.9,3.5890330556003534,17128600,False,False
BDMN.JK,4340.0,4440.0,4346.0,4238.0,4205.5,4102.8,3778.6737231445313,33.719999999999985,2.7402724551013145,2196100,False,False
BDKR.JK,163.0,162.0,164.8,160.7,153.8,143.0684880065918,147.7482347869873,21.73151199340822,3.0558869406883016,6657200,False,False
BCIP.JK,63.0,63.333333333333336,63.2,63.2,62.6,60.32,65.62,3.0133333333333354,1.1665204299195098,15632500,True,False
BCIC.JK,129.0,127.33333333333333,127.2,126.8,125.45,120.58,123.24,8.420000000000002,1.500071107707959,3607800,False,False
BCAP.JK,50.0,50.0,50.0,50.0,50.1,50.04,50.85,0.10000000000000142,0.0,1869400,True,False
BBYB.JK,264.0,264.6666666666667,262.8,254.4,250.9,234.76,268.02,14.953333333333347,4.07354660220909,32392800,False,False
BBTN.JK,1235.0,1228.3333333333333,1226.0,1217.0,1225.5,1197.6,1260.6,7.480000000000018,0.8704015841610787,16433600,False,False
BBSS.JK,100.0,98.0,96.8,95.9,96.3,98.52,131.67,4.099999999999994,1.1226560665999263,1390800,True,False
BBSI.JK,4700.0,4653.333333333333,4670.0,4681.0,4691.0,4609.6,4641.4,9.039999999999964,0.7962578250907965,400,False,False
BBRM.JK,116.0,118.0,118.0,115.9,116.2,110.76,126.32,7.239999999999995,2.480437650070103,4849800,False,False
BBRI.JK,3090.0,3086.6666666666665,3068.0,3024.0,2985.5,2898.0,3028.3127783203126,19.2,1.548877800199812,232230700,False,False
BBNI.JK,3650.0,3633.3333333333335,3638.0,3573.0,3560.0,3480.0,3647.1715844726564,17.0,1.6439551219794588,22297300,False,False
BBMD.JK,2040.0,2013.3333333333333,2006.0,1993.5,1976.75,1949.7913256835936,1941.214697265625,9.020867431640635,1.135987129040719,52800,False,False
BBLD.JK,605.0,606.6666666666666,611.0,604.5,595.75,576.1,637.8399163818359,6.979999999999995,4.359917911707989,74400,False,False
BBKP.JK,56.0,55.333333333333336,55.0,53.7,53.65,52.86,57.03,3.1400000000000006,1.2660107146589845,106728700,True,False
BBHI.JK,905.0,908.3333333333334,911.0,913.5,918.5,924.6213708496093,1050.8843621826172,3.924274169921864,1.7928725959615741,98770200,True,False
BBCA.JK,6375.0,6366.666666666667,6410.0,6362.5,6346.25,6068.0,6178.350615234375,13.68,1.725853038706272,88666100,False,False
BAYU.JK,1190.0,1175.0,1174.0,1160.0,1158.0,1130.0,1189.0240637207032,12.0,1.9922074012198816,73800,False,False
BAUT.JK,37.0,35.333333333333336,34.0,31.7,30.45,27.82,30.11,9.18,3.13674536251936,11236400,False,False
BATR.JK,94.0,93.66666666666667,93.6,92.3,91.55,86.5806900024414,87.4317244720459,7.419309997558599,1.3473745228568712,873000,False,False
BATA.JK,59.0,59.0,59.0,59.0,59.0,60.06,61.34,1.0600000000000023,0.0,0,True,False
BAPI.JK,20.0,19.0,18.4,18.9,17.15,17.22,21.95,2.8500000000000014,6.036805953828249,28030800,False,False
BAPA.JK,156.0,156.66666666666666,163.2,166.0,197.1,243.04,209.36,87.03999999999999,2.943415620824284,8569100,False,False
BANK.JK,270.0,271.3333333333333,274.4,276.8,284.3,272.92,379.26,7.150000000000006,1.178405555210248,1990900,False,False
BALI.JK,1210.0,1208.3333333333333,1215.0,1222.5,1228.25,1232.5,1253.65,4.833333333333348,1.2767444249780107,5100,True,False
BAJA.JK,362.0,354.0,334.0,278.1,221.7,178.66,165.06,91.67,14.27385726615696,0,False,False
BAIK.JK,655.0,730.0,742.0,751.5,724.75,652.5,567.08,19.8,5.21097896342725,29224900,False,False
BACA.JK,117.0,117.66666666666667,117.4,116.0,114.45,110.34,121.83,7.326666666666668,1.6971794426290228,1546300,False,False
BABY.JK,187.0,188.33333333333334,188.8,188.0,188.0,177.48,197.58,11.320000000000022,1.4801648458771683,2767800,False,False
BABP.JK,50.0,50.0,50.0,50.0,50.0,50.02,50.74,0.020000000000003126,0.0,647700,True,False
AYLS.JK,161.0,162.0,161.8,157.5,154.55,142.18,162.04,19.819999999999993,3.678458624164252,1271400,False,False
AYAM.JK,460.0,457.3333333333333,455.6,435.6,408.8,365.6,345.5,47.19999999999999,2.3344828884194153,17506300,False,False
AXIO.JK,114.0,114.33333333333333,113.8,112.3,112.75,108.78118804931641,109.50772453308106,5.552145284016916,1.1238333986180615,371600,True,False
AWAN.JK,154.0,155.0,156.8,157.8,153.45,147.48,149.51,10.320000000000022,2.4739290852253117,878000,False,False
AVIA.JK,326.0,326.6666666666667,327.2,324.0,327.4,320.0,344.4858090209961,3.6999999999999886,1.0922071833080833,6336700,True,False
AUTO.JK,2800.0,2790.0,2786.0,2760.0,2689.0,2529.4,2527.267998046875,27.05999999999999,1.214181338986016,3567700,False,False
ATLA.JK,50.0,50.0,50.0,50.0,50.1,49.927088775634765,50.37336322784424,0.17291122436523665,0.0,120039200,True,False
ATIC.JK,474.0,468.0,466.8,470.0,473.8,475.96,500.45,4.579999999999984,1.9128353381708434,83300,True,False
ATAP.JK,580.0,578.3333333333334,582.0,571.0,572.5,477.98,497.22,20.803999999999995,3.8667170696551705,963500,False,False
ASSA.JK,630.0,633.3333333333334,634.0,615.0,617.0,599.521875,695.403125,6.8956249999999955,2.074215497892096,3602300,False,False
ASRM.JK,272.0,270.0,267.6,265.2,263.2,251.99864624023436,266.8724026489258,10.000676879882818,0.7307772238321336,13200,False,False
ASRI.JK,123.0,124.0,122.8,119.9,120.9,114.3381576538086,121.33355224609375,9.661842346191406,1.593060683406865,6172300,False,False
ASPR.JK,156.0,151.33333333333334,150.8,149.1,150.8,158.72247100830077,214.3924298095703,9.622471008300778,2.461006496814586,52848200,False,False
ASPI.JK,426.0,426.0,422.4,412.4,428.7,395.42,392.51,16.639999999999986,1.3301261388504688,471400,False,False
ASMI.JK,17.0,16.666666666666668,16.4,16.3,17.7,16.04,17.32,1.6600000000000001,4.42053111121554,37457900,False,False
ASLI.JK,199.0,198.66666666666666,199.6,197.2,197.75,203.96,261.46,6.760000000000019,1.9147441265862337,4558600,False,False
ASLC.JK,64.0,63.0,62.4,63.5,63.7,61.54,68.44,2.460000000000001,3.303575167772261,11592800,True,False
ASJT.JK,153.0,153.66666666666666,153.0,154.7,158.75,157.06,171.0680924987793,5.75,3.3336899337513213,265200,True,False
ASII.JK,5000.0,5066.666666666667,5070.0,5038.0,5025.0,4859.4,5331.604067382813,21.060000000000038,1.6134588407388455,70515600,False,False
ASHA.JK,61.0,60.333333333333336,60.2,58.2,58.25,56.52,64.37,4.479999999999997,2.7748958759702522,25046800,True,False
ASGR.JK,1790.0,1790.0,1791.0,1826.5,1866.0,1659.8,1595.563916015625,41.24000000000001,1.7242405302704138,1315800,False,False
ASDM.JK,510.0,511.6666666666667,513.0,511.3,512.4,502.8243469238281,520.3634494018555,2.0351306152343795,1.8177313314958234,12100,True,False
ASBI.JK,424.0,426.0,427.2,424.8,424.4,414.15759216308595,410.93292236328125,6.521203918457019,2.42818759378232,11100,False,False
ARTO.JK,1290.0,1298.3333333333333,1310.0,1253.5,1278.25,1108.0,1206.6,40.4,4.020597090747041,4637100,False,False
ARTA.JK,2390.0,2373.3333333333335,2402.0,2449.0,2474.5,2423.3,2549.55,10.116666666666651,3.2384754091789882,6500,False,False
ARNA.JK,500.0,500.0,500.0,494.4,483.4,455.16,468.28917236328124,22.419999999999987,0.4621565620831746,2177200,False,False
ARKO.JK,4950.0,4666.666666666667,4628.0,4633.0,4863.5,5017.6,6407.55,38.960000000000036,5.669965586498715,13055300,False,False
ARKA.JK,22.0,22.0,22.0,22.0,22.0,23.58,27.66,1.5799999999999983,0.0,0,True,False
ARII.JK,274.0,277.3333333333333,277.2,274.8,273.0,275.2,278.24,2.166666666666657,1.1811264072222667,87100,True,False
ARGO.JK,1185.0,1188.3333333333333,1189.0,1179.5,1134.0,983.4,970.35,41.120000000000005,0.7291643904435017,517500,False,False
AREA.JK,274.0,275.3333333333333,278.4,276.8,277.3,246.08,276.6,16.159999999999982,4.0612583419171475,518800,False,False
ARCI.JK,1265.0,1226.6666666666667,1184.0,1121.0,1100.75,1041.0,1246.3231042480468,44.8,2.3754907115480073,73897900,False,False
APLN.JK,129.0,130.66666666666666,129.2,125.6,129.55,124.94,147.01,5.7266666666666595,3.3140195851906764,32471300,True,False
APLI.JK,258.0,260.6666666666667,255.6,251.0,248.0,252.69063720703124,232.07015411376952,6.333333333333343,2.8083969032530995,135800,False,False
APII.JK,187.0,189.33333333333334,189.8,186.6,184.75,179.40571411132814,181.86186798095704,10.394285888671874,2.254033045091587,891800,False,False
APIC.JK,585.0,600.0,617.0,630.0,653.75,642.4,1035.3,13.75,2.5089447826947384,1068000,False,False
APEX.JK,177.0,175.0,173.4,161.2,152.3,137.48,160.41,39.52000000000001,3.720747816729523,17025800,False,False
ANTM.JK,3140.0,3126.6666666666665,3068.0,2968.0,3000.5,2849.71662109375,3119.749140625,29.028337890625018,2.4600300498068663,107393800,False,False
ANJT.JK,1490.0,1491.6666666666667,1491.0,1468.5,1479.25,1470.8,1570.65,4.633333333333349,1.4660563367038753,137800,True,False
ANDI.JK,18.0,18.0,17.8,17.4,17.85,17.38,20.62,0.620000000000001,1.8601633295108018,4764500,True,False
AMRT.JK,1385.0,1401.6666666666667,1391.0,1358.5,1363.5,1360.2893432617188,1375.0193896484375,8.633333333333349,3.0273700128484573,37440400,False,False
AMOR.JK,358.0,358.6666666666667,359.6,353.2,348.6,332.08,339.42,13.76000000000002,1.6228477465915012,120500,False,False
AMMS.JK,210.0,214.0,217.2,244.0,273.1,308.64,351.74,49.31999999999999,3.383228832885035,1706700,False,False
AMMN.JK,4370.0,4363.333333333333,4358.0,4210.0,4106.0,3726.4,4189.15,64.35999999999999,2.246411607983131,85203400,False,False
AMIN.JK,246.0,247.33333333333334,247.2,244.6,244.2,249.92,246.36,2.8599999999999994,2.2844612708868595,15700,True,False
AMFG.JK,3300.0,3336.6666666666665,3342.0,3306.0,3215.0,3053.2964453125,3102.2905883789062,28.870355468749995,1.4278485423341267,11000,False,False
AMAR.JK,222.0,221.33333333333334,222.0,217.4,212.7,200.89274200439453,196.0632244873047,10.553628997802733,1.9721113297916735,494400,False,False
AMAN.JK,246.0,247.33333333333334,247.6,251.0,257.5,255.52,269.44,5.75,1.6986766683955803,176100,True,False
AMAG.JK,388.0,389.3333333333333,389.6,387.6,388.3,388.76,396.0371319580078,1.0,0.7308756125431447,75900,True,False
ALKA.JK,2130.0,2028.3333333333333,1903.0,1809.0,1348.75,875.5,767.92,125.45,8.097950879022923,227600,False,False
ALII.JK,795.0,793.3333333333334,794.0,764.0,757.25,756.4826708984375,791.2070043945313,7.703465820312499,2.3039395617582366,882900,False,False
ALDO.JK,830.0,820.0,814.0,825.0,788.0,732.4673266601562,671.4623303222656,19.506534667968754,3.7659306945128224,80900,False,False
AKSI.JK,232.0,232.0,232.4,232.2,227.4,216.28,253.34,8.060000000000002,2.8919372269742594,128100,False,False
AKRA.JK,1405.0,1418.3333333333333,1430.0,1422.602392578125,1391.0324340820312,1282.7474584960937,1309.883546142578,29.45050830078126,1.0925164544815442,12487800,False,False
AKPI.JK,505.0,505.0,507.0,502.3,498.9,487.2344464111328,499.2879220581055,3.9531107177734386,1.3686207166029156,47200,True,False
AKKU.JK,38.0,38.0,38.0,38.0,38.0,38.0,38.01,0.0,0.0,0,True,False
AISA.JK,117.0,116.66666666666667,118.2,119.9,114.1,105.74,113.63,14.16000000000001,5.799263131900818,4205500,False,False
AIMS.JK,398.0,404.6666666666667,396.4,391.6,383.7,393.2,411.82,10.483333333333348,2.4985094530529017,161300,False,False
AHAP.JK,94.0,94.0,94.6,92.9,93.95,88.24,97.98,6.359999999999999,1.9429277911285725,6544600,False,False
AGRS.JK,61.0,61.0,61.0,61.5,61.35,61.12,64.86,0.5,1.5332821401602441,3868500,True,False
AGRO.JK,151.0,150.66666666666666,148.6,146.3,147.55,146.14,162.69,4.860000000000014,1.9353507742356137,5062100,True,False
AGII.JK,2900.0,2933.3333333333335,2962.0,2962.0,2968.0,2808.1136376953127,2957.2311083984373,15.988636230468728,3.7113452534826106,62500,False,False
AGAR.JK,1100.0,1003.3333333333334,919.0,780.5,647.65,387.18,309.99,142.564,5.030002434664754,73700,False,False
AEGS.JK,42.0,42.333333333333336,42.4,42.5,42.4,40.74,45.01,1.759999999999998,3.27399574240118,1991600,True,False
ADRO.JK,2530.0,2523.3333333333335,2528.0,2499.0,2512.0,2374.4,2386.642666015625,15.559999999999992,1.7641813661784422,18267400,False,False
ADMR.JK,1595.0,1603.3333333333333,1606.0,1544.5,1535.0,1490.2,1634.953642578125,23.15999999999999,2.772597544640469,19879500,False,False
ADMG.JK,266.0,244.0,235.2,229.4,224.4,210.58,206.82,27.709999999999994,3.8959348085278025,6328200,False,False
ADMF.JK,8650.0,8708.333333333334,8735.0,8595.0,8421.25,8207.5,8262.94802734375,21.1,1.5705574502053954,53300,False,False
ADHI.JK,148.0,149.33333333333334,150.4,154.8,159.75,157.24,174.89,11.75,0.995180300903953,17745300,False,False
ADES.JK,33000.0,34333.333333333336,33355.0,34525.0,34747.5,30924.5,24679.5,152.92,5.746087102880578,37700,False,False
ADCP.JK,50.0,50.0,50.0,50.0,50.0,50.0,50.32,0.0,0.0,0,True,False
ACST.JK,86.0,84.66666666666667,85.0,84.6,84.3,78.6,87.59,7.400000000000006,1.871174264946439,438400,False,False
ACRO.JK,61.0,61.333333333333336,61.2,60.6,61.25,59.50662094116211,63.98905139923096,1.826712392171224,1.5587987289838958,3490100,True,False
ACES.JK,352.0,357.3333333333333,357.6,354.8,353.7,338.1265075683594,337.7008245849609,9.736746215820318,1.6641266679735527,32202500,False,False
ABMM.JK,2690.0,2673.3333333333335,2666.0,2586.0,2539.0,2415.2,2618.539968261719,27.480000000000018,1.3159466328189868,327300,False,False
ABDA.JK,3840.0,3826.6666666666665,3700.0,3577.0,3492.5,3398.4,3180.0,44.15999999999999,2.593678328374708,5200,False,False
ABBA.JK,30.0,30.0,30.0,30.0,30.0,31.74,36.32,1.7399999999999984,0.0,0,True,False
AALI.JK,7200.0,7225.0,7195.0,6982.5,6727.5,6388.0,6942.540473632813,33.48,2.299594898779797,1422900,False,False
AADI.JK,9175.0,9100.0,9115.0,9085.0,8946.25,8363.683828125,8940.046533203125,32.45264687499999,2.0812625258087114,4809100,False,False
