Ticker,Close,MA3,MA5,MA10,MA20,MA50,MA100,Range_Ticks,Vol_Pct,Volume,MA_Tight,Signal
ZYRX.JK,129.0,128.33333333333334,128.2,129.3,129.75,128.2,130.80626892089845,1.5500000000000114,1.9079270134746886,590000,True,False
ZONE.JK,710.0,708.3333333333334,709.0,713.5,724.5,670.5,535.2524575805664,10.8,0.6945846260534927,21200,False,False
ZINC.JK,30.0,30.0,30.0,30.0,30.0,30.0,30.0,0.0,0.0,0,True,False
YUPI.JK,1300.0,1305.0,1309.0,1319.0,1343.8701782226562,1317.9176635742188,1363.189345703125,8.77403564453125,1.4616181047451955,17400,False,False
YULE.JK,4100.0,3690.0,3614.0,3598.0,3556.0,3461.2,3398.5,63.88000000000002,5.998066436084886,37900,False,False
YPAS.JK,1310.0,1370.0,1340.0,1383.0,1431.25,992.8,892.1,87.69000000000001,6.9038800430982175,157400,False,False
YOII.JK,83.0,83.0,82.2,81.8,82.05,83.86,85.45,2.0600000000000023,2.192245619845849,19496500,True,False
YELO.JK,92.0,93.66666666666667,94.6,98.8,96.05,87.48,84.84,11.319999999999993,3.8328328633583424,32477400,False,False
WTON.JK,78.0,78.0,78.4,79.5,80.25,77.38,78.39375663757325,2.8700000000000045,1.0220952937994334,992500,True,False
WSBP.JK,14.0,14.0,14.0,14.0,14.0,14.0,14.79,0.0,0.0,0,True,False
WOWS.JK,56.0,56.333333333333336,57.0,58.0,59.3,59.38,61.91,3.3800000000000026,1.461084885163684,17781200,True,False
WOOD.JK,198.0,198.66666666666666,200.8,205.2,207.5,210.84,234.04,12.840000000000003,2.2376057796776965,3524000,False,False
WOMF.JK,276.0,280.6666666666667,281.6,281.8,280.6,266.24,270.18,7.780000000000001,4.254099890520071,436100,False,False
WMUU.JK,50.0,50.0,50.0,50.0,50.35,51.76,54.96,1.759999999999998,0.0,1359000,True,False
WIRG.JK,76.0,79.0,78.8,76.8,75.5,64.76,64.33,14.239999999999995,4.631067942552052,199516000,False,False
WINS.JK,620.0,585.0,585.0,576.5,552.75,532.5,525.7922686767578,17.5,5.979731296966129,10574600,False,False
WINR.JK,25.0,26.666666666666668,27.2,27.1,24.2,22.62,24.11,4.579999999999998,7.10677478173794,38347500,False,False
WINE.JK,131.0,130.0,130.2,132.1,131.35,139.8,150.84338653564453,9.800000000000011,1.0210430085733027,1714800,False,False
WIIM.JK,1475.0,1523.3333333333333,1553.0,1596.0,1641.5,1656.5,1652.0881994628905,36.3,2.1333004566192195,5007500,False,False
WIFI.JK,1920.0,1936.6666666666667,1971.0,2034.5,2052.25,1975.5176831054687,1956.775672607422,26.45,1.2715951415845208,10376200,False,False
WIDI.JK,28.0,28.0,27.8,27.3,26.9,26.42,27.07,1.5799999999999983,6.148136544538772,10926900,False,False
WGSH.JK,130.0,133.0,135.2,147.2,156.25,154.46,133.66,26.25,3.4124190123772546,18233500,False,False
WEHA.JK,117.0,113.66666666666667,112.4,112.1,110.15,107.1,110.39148765563965,9.900000000000006,1.515219700441411,34597300,False,False
WEGE.JK,50.0,50.0,50.2,51.7,54.45,52.1,52.15,4.450000000000003,0.9844333928876672,1072800,True,False
WAPO.JK,191.0,192.66666666666666,189.6,181.2,168.0,141.02,130.57,51.64666666666665,2.584402653961819,1898000,False,False
VTNY.JK,77.0,78.0,76.4,77.5,79.45,70.58,66.65,8.870000000000005,4.084820681430539,14042800,False,False
VRNA.JK,90.0,92.0,92.2,96.0,85.2,79.46,78.14,16.540000000000006,11.397371101380338,3907400,False,False
VOKS.JK,312.0,298.6666666666667,275.6,256.2,242.2,222.2,214.88,44.900000000000006,8.193546493446181,16291300,False,False
VKTR.JK,730.0,750.0,770.0,824.0,869.0,796.7,757.08,27.8,2.2865431482757304,35130500,False,False
VIVA.JK,42.0,42.666666666666664,43.6,45.5,48.3,44.8,41.64,6.299999999999997,2.055771392407569,4838600,False,False
VISI.JK,1280.0,1108.3333333333333,1069.0,1021.0,990.0,946.7,921.05,66.66,7.984683714465786,11376700,False,False
VINS.JK,145.0,144.33333333333334,146.0,144.6,143.4,141.46,143.4,4.539999999999992,3.208606425951456,577700,True,False
VICO.JK,171.0,169.0,169.8,162.1,155.35,145.76,146.34,25.24000000000001,3.6587547156369817,722900,False,False
VICI.JK,1225.0,1173.3333333333333,1149.0,1052.0,903.75,722.9,647.6141879272461,100.42,5.238399571175819,14373400,False,False
VERN.JK,224.0,226.0,228.0,232.6,238.0,212.72,172.15,12.64,1.6386037866718166,5685300,False,False
VAST.JK,134.0,119.33333333333333,116.2,114.9,114.5,114.98,118.14,19.5,6.832690965535951,216142600,False,False
UVCR.JK,170.0,166.0,162.0,156.7,149.35,146.5,170.18387130737304,23.5,4.910804530712003,131792900,False,False
URBN.JK,228.0,221.33333333333334,220.8,223.2,219.7,218.32,210.5,4.840000000000003,1.885713912607975,195100,True,False
UNVR.JK,1620.0,1621.6666666666667,1630.0,1656.5,1712.0,1726.3,1673.902530517578,21.25999999999999,0.7712125943387126,26907500,False,False
UNTR.JK,26075.0,26191.666666666668,26250.0,25867.5,25090.0,24883.5,24804.29,54.66,1.1651650187207465,3413600,False,False
UNTD.JK,80.0,80.66666666666667,81.2,82.1,82.2,80.26,78.04,2.200000000000003,1.249507927417006,31269100,True,True
UNSP.JK,206.0,206.0,206.0,206.0,206.0,206.0,237.86,0.0,0.0,0,True,False
UNIQ.JK,122.0,120.33333333333333,120.8,122.1,120.25,114.44,112.11,7.659999999999997,1.1087233741405058,1353200,False,False
UNIC.JK,15200.0,15066.666666666666,15050.0,15042.5,15046.25,14257.5,13257.575810546876,37.7,0.6849444131743803,24900,False,False
ULTJ.JK,1880.0,1798.3333333333333,1686.0,1604.0,1548.5,1483.6,1481.5,79.28000000000002,4.467678737643896,30471500,False,False
UFOE.JK,149.0,146.0,145.8,146.8,145.15,140.48,140.84,8.52000000000001,1.663828614360104,316700,False,False
UDNG.JK,486.0,540.3333333333334,602.2,797.6,1088.8,1185.92,1225.86,349.96000000000004,1.072388636248672,39683500,False,False
UCID.JK,500.0,502.6666666666667,507.6,513.3,498.85,439.42,409.4501663208008,36.93999999999997,2.035379382022802,2574800,False,False
UANG.JK,4210.0,3703.3333333333335,3802.0,3884.0,3178.0,2726.0,2709.7,148.4,14.090961286664012,2615500,False,False
TYRE.JK,111.0,112.66666666666667,112.4,113.1,112.85,113.68,111.94,2.680000000000007,2.578090033115041,2153000,True,False
TUGU.JK,1630.0,1503.3333333333333,1471.0,1407.5,1383.5,1299.5,1225.56123046875,66.1,4.182970228930375,16937800,False,False
TSPC.JK,2770.0,2756.6666666666665,2748.0,2747.0,2744.0,2718.4,2579.3,5.159999999999991,0.43640616344497063,442900,True,False
TRUS.JK,452.0,452.0,453.2,450.8,447.5,433.52,369.50727478027346,9.840000000000003,1.567367566651399,34300,False,False
TRUK.JK,1180.0,1110.0,1096.0,1085.5,940.5,685.82,563.9,98.83599999999998,8.161736056784076,314400,False,False
TRUE.JK,50.0,50.0,50.0,50.0,50.0,50.0,73.47,0.0,0.0,0,True,False
TRST.JK,474.0,470.0,466.8,465.6,464.6,466.82,465.56624572753907,4.699999999999989,2.1558103557153325,33500,True,False
TRON.JK,105.0,101.66666666666667,101.2,102.4,101.3,103.64,104.97,3.799999999999997,1.9673135256559633,49719300,True,True
TRJA.JK,134.0,133.66666666666666,131.8,131.4,127.8,118.58,119.07,15.420000000000002,6.968852296903536,14050400,False,False
TRIS.JK,172.0,171.66666666666666,171.2,172.9520294189453,172.59426040649413,167.8195263671875,167.38128356933595,5.132503051757794,0.8688007653548201,321300,True,False
TRIN.JK,366.0,396.0,402.4,397.6,366.6,341.84,420.42,30.28,7.253573967654253,37484000,False,False
TRIM.JK,790.0,796.6666666666666,764.0,738.5,679.5,619.6,577.190849609375,35.41333333333332,4.6805840538838215,1317700,False,False
TRGU.JK,168.0,170.33333333333334,173.0,174.4,173.8,168.26,173.08,6.400000000000006,3.352483399146507,146500,False,False
TPMA.JK,474.0,477.3333333333333,481.6,486.6,474.2,461.56,467.76,12.52000000000001,1.7545608771323267,1569500,False,False
TPIA.JK,1825.0,1841.6666666666667,1867.0,1920.0,1944.75,2005.6,2521.1150927734375,36.11999999999998,0.6783271587736365,66688400,False,False
TOWR.JK,436.0,442.6666666666667,448.0,453.8,451.6,418.2,410.4097561645508,17.80000000000001,2.7616230534804247,28909600,False,False
TOTO.JK,242.0,242.0,241.6,240.8,237.9,238.04,237.54813385009766,2.049999999999997,0.6577647992475301,330400,True,False
TOTL.JK,1535.0,1535.0,1523.0,1511.5,1496.0,1301.8,1184.1755224609376,46.64000000000001,2.434768377587328,5470700,False,False
TOSK.JK,84.0,83.33333333333333,83.2,82.6,78.0,71.44,65.19,12.560000000000002,2.993339917855534,16335500,False,False
TOOL.JK,71.0,71.66666666666667,70.8,71.0,68.7,67.46,68.25,4.206666666666678,4.795304359346311,39872300,False,False
TOBA.JK,515.0,531.6666666666666,541.0,564.5,569.25,509.58,484.89323181152344,11.934000000000003,1.665626475229871,8969500,False,False
TNCA.JK,181.0,182.66666666666666,182.6,181.3,172.2,160.34,161.69,22.326666666666654,2.708778947610299,571800,False,False
TMPO.JK,154.0,153.66666666666666,154.2,161.9,178.85,148.88,130.99,29.97,3.7692288799844715,11881100,False,False
TMAS.JK,144.0,144.66666666666666,145.6,145.8,142.1,129.94,123.16042022705078,15.860000000000014,1.369090135246837,1597600,False,False
TLKM.JK,2660.0,2683.3333333333335,2656.0,2641.0,2622.5,2620.2,2628.9173974609375,6.313333333333366,1.4496204928238385,72687900,False,False
TLDN.JK,615.0,618.3333333333334,621.0,632.0,602.75,562.4,555.4354626464843,13.920000000000005,2.6184269547063024,741300,False,False
TKIM.JK,7625.0,7775.0,7830.0,8035.0,8042.5,7116.5,6816.749995117188,37.04,1.5671229876989017,3290400,False,False
TIRT.JK,590.0,590.0,590.0,590.0,590.0,590.0,548.07,0.0,0.0,0,True,False
TIRA.JK,394.0,396.0,400.4,408.0,409.8,455.1,562.8,30.55000000000001,1.2990397864203664,764100,False,False
TINS.JK,4680.0,4706.666666666667,4702.0,4550.0,4302.5,3908.2,3643.4179223632814,79.84666666666672,2.930992447148531,37902900,False,False
TIFA.JK,320.0,314.0,315.6,322.0,330.3,303.52,300.82955291748044,13.390000000000015,2.200777191129415,5534000,False,False
TGKA.JK,5000.0,4990.0,4980.0,4980.0,5010.75,4940.5,4830.707568359375,7.025,0.45484971693295323,100,False,False
TFCO.JK,800.0,800.0,810.0,843.0,864.5,794.8,721.05,13.940000000000008,3.6352605989542006,0,False,False
TFAS.JK,185.0,185.66666666666666,185.8,186.8,185.9,186.52,197.5,1.8000000000000114,1.633351028288392,609300,True,False
TEBE.JK,1655.0,1673.3333333333333,1702.0,1714.0,1716.5,1340.8,1209.35,75.14000000000001,3.0520469407322164,5182400,False,False
TCPI.JK,1645.0,1721.6666666666667,1851.0,2072.5,2233.25,3936.2,6931.801708984375,458.23999999999995,3.4996038425338702,5423200,False,False
TCID.JK,2580.0,2630.0,2614.0,2601.0,2639.0,2699.8,2757.8,11.980000000000018,1.9842787297153073,3500,False,False
TBMS.JK,1255.0,1233.3333333333333,1234.0,1224.0,1224.5,1210.0,1229.9676232910156,9.0,1.7279068454272108,48300,False,False
TBLA.JK,625.0,621.6666666666666,624.0,629.0,628.5,629.7,616.5455807495117,1.6066666666666833,0.8157755301405982,2058700,True,True
TBIG.JK,1435.0,1443.3333333333333,1459.0,1488.0,1472.0,1435.4,1451.0745166015624,10.6,2.062352553841956,72000,False,False
TAYS.JK,50.0,50.0,50.0,50.0,50.0,50.0,52.23,0.0,0.0,0,True,False
TAXI.JK,15.0,15.333333333333334,15.0,14.4,14.0,13.62,14.25,1.7133333333333347,5.566995046111102,20268400,False,False
TARA.JK,31.0,30.666666666666668,31.6,31.1,30.2,30.44,30.1,1.4000000000000021,4.3203382457970925,919900,False,False
TAPG.JK,2210.0,2230.0,2242.0,2286.0,2165.25,1858.1213500976562,1696.5938684082032,42.78786499023438,3.783313748270774,11037100,False,False
TAMU.JK,27.0,26.666666666666668,27.2,27.5,26.6,23.48,23.15,4.02,3.1847635561357106,7226400,True,True
TAMA.JK,194.0,191.0,192.6,194.9,217.05,214.3,196.02,26.05000000000001,5.341604734813461,1028900,False,False
TALF.JK,695.0,700.0,699.0,701.5,709.25,713.7,701.0029772949218,3.740000000000009,1.5978049686891458,48400,True,False
SWID.JK,124.0,124.0,121.4,120.6,119.65,107.74,101.48792053222657,16.260000000000005,2.0037886471284283,9455400,False,False
SURI.JK,85.0,85.0,85.0,84.0,82.1,74.82,71.83,10.180000000000007,1.8546857917582407,2028500,False,False
SURE.JK,3000.0,3010.0,3022.0,3039.0,2838.5,2782.4,2770.4,25.65999999999999,8.277003247006606,100,False,False
SUPA.JK,498.0,500.3333333333333,503.2,512.1,520.55,557.72,647.46,29.860000000000014,1.5561725659067747,8126000,False,False
SUNI.JK,675.0,683.3333333333334,685.0,692.0,703.5,682.6,656.8387683105469,5.7,1.0803718635973303,325000,True,False
SULI.JK,86.0,86.33333333333333,87.4,88.4,89.8,88.96,88.03,3.799999999999997,1.432349273908583,8989900,True,False
STTP.JK,9400.0,9391.666666666666,9405.0,9430.0,9432.5,9664.0,9726.5,10.893333333333358,0.8466188855615062,300,False,False
STRK.JK,67.0,66.33333333333333,64.8,65.4,66.15,66.04,76.16,2.200000000000003,2.654860153317404,26181000,True,False
STAR.JK,382.0,378.6666666666667,375.2,384.2,399.4,342.72,389.8,28.339999999999975,3.6915950506896062,28200,False,False
STAA.JK,1170.0,1190.0,1204.0,1242.0,1209.75,1116.1,1073.903818359375,25.180000000000017,2.515413436799278,3389700,False,False
SSTM.JK,430.0,438.0,453.6,471.5,453.85,423.42,457.08,24.039999999999992,3.0497371800417357,672800,False,False
SSMS.JK,1040.0,1081.6666666666667,1127.0,1171.0,1052.25,969.6,960.4151037597657,40.279999999999994,4.2778356735900065,9723800,False,False
SSIA.JK,1720.0,1711.6666666666667,1716.0,1763.5,1811.25,1712.0,1669.556397705078,19.91666666666665,1.6868417865664207,13732800,False,False
SRTG.JK,1770.0,1785.0,1796.0,1806.0,1850.25,1776.9,1657.8857177734376,16.05,0.871189286302603,3205300,False,False
SRSN.JK,101.0,102.0,100.0,102.0,90.5,76.96,71.91,25.040000000000006,5.252209315992246,174993700,False,False
SRAJ.JK,13650.0,13783.333333333334,13990.0,13620.0,13857.5,12698.0,12691.5,51.68,7.704456595208183,1600,False,False
SQMI.JK,87.0,91.0,94.4,97.3,82.75,71.6,58.7,25.700000000000003,6.628186216841163,242062400,False,False
SPTO.JK,610.0,606.6666666666666,607.0,612.0,613.5,602.0,576.8837689208984,2.3,0.92647592618577,473000,True,False
SPRE.JK,96.0,95.33333333333333,97.6,96.3,93.45,89.0,84.74,8.599999999999994,4.024570334343472,1403800,False,False
SPMA.JK,170.0,170.0,171.2,171.1,168.65,167.57538452148438,163.14153823852538,3.624615478515608,0.8737662580777035,339000,True,False
SOUL.JK,37.0,37.0,37.0,37.0,37.0,37.0,39.5,0.0,0.0,0,True,False
SOTS.JK,590.0,593.3333333333334,598.0,604.5,618.0,616.2,692.05,5.6,1.9442217923804843,156400,True,False
SOSS.JK,935.0,941.6666666666666,952.0,963.0,901.5,904.1,852.45,12.3,4.0525351754151036,600,False,False
SONA.JK,2190.0,2183.3333333333335,2210.0,2304.0,2378.0,2418.6,2290.3906628417967,23.526666666666642,1.6263725331121657,11300,False,False
SOLA.JK,89.0,89.33333333333333,90.4,91.7,91.7,96.38,103.43,7.3799999999999955,1.278794260547119,2388800,False,False
SOHO.JK,1660.0,1583.3333333333333,1599.0,1552.0,1374.0,1266.2,1360.05,78.75999999999999,10.865604288225605,155000,False,False
SOFA.JK,358.0,366.6666666666667,353.6,338.8,344.2,277.28,299.0,44.69333333333336,6.054476246030519,6868500,False,False
SOCI.JK,635.0,643.3333333333334,646.0,648.0,601.0,494.12,438.3194836425781,30.776,4.220763795352692,21480100,False,False
SNLK.JK,254.0,252.0,243.6,238.2,233.0,227.4,231.16,13.299999999999997,2.910727010796151,20143000,False,False
SMSM.JK,1715.0,1725.0,1734.0,1740.0,1732.5,1718.8370825195314,1696.9090795898437,5.0,1.0009108285246135,2547200,True,True
SMRA.JK,288.0,302.6666666666667,314.4,324.6,322.0,318.24,304.961622467041,18.30000000000001,4.4894442301545165,112018300,False,False
SMMT.JK,3100.0,2833.3333333333335,2782.0,2660.0,2320.5,2031.4,1981.75,106.85999999999999,9.180165417907157,4154800,False,False
SMMA.JK,20000.0,20008.333333333332,20015.0,19955.0,20023.75,20318.5,19671.75,14.54,2.6132875211081785,1000,False,False
SMLE.JK,214.0,213.33333333333334,203.2,197.4,182.15,162.84,134.92,25.58,4.719212539746446,29792500,False,False
SMKM.JK,105.0,104.0,104.8,107.3,107.0,86.72,82.37,20.58,2.4767908440159805,2114000,False,False
SMKL.JK,153.0,154.33333333333334,154.6,156.1,151.4,145.76,145.3593194580078,10.340000000000003,2.7531915795112885,119000,False,False
SMIL.JK,426.0,426.6666666666667,431.2,434.2,418.0,383.24,328.72,25.47999999999999,2.6642966416804317,52480900,False,False
SMGR.JK,1585.0,1608.3333333333333,1650.0,1707.5,1630.0,1553.5,1649.3150244140625,30.8,2.826653348246662,13419400,False,False
SMGA.JK,87.0,86.66666666666667,87.4,88.4,85.2,76.74,75.8,11.66000000000001,1.0716715065149087,4601200,False,False
SMDR.JK,390.0,392.0,390.4,375.4,344.9,313.4713610839844,301.9452151489258,39.264319458007805,3.5054758330319062,30294300,False,False
SMDM.JK,550.0,540.0,544.0,549.0,548.25,557.7,556.86,3.540000000000009,2.390813890438041,13100,True,False
SMBR.JK,168.0,169.33333333333334,171.0,174.4,172.25,165.52,168.37509399414063,8.879999999999995,1.2485762842686596,2870000,False,False
SMAR.JK,6050.0,6150.0,6225.0,6447.5,6282.5,5831.6,5457.374599609375,24.635999999999985,1.7767230841278459,180200,False,False
SLIS.JK,93.0,85.66666666666667,85.8,87.7,90.55,77.04,74.06,15.959999999999994,4.935659083086304,684854000,False,False
SKRN.JK,398.0,411.3333333333333,412.8,404.6,396.0,396.24,396.7279977416992,8.400000000000006,2.1710935488429737,545400,False,False
SKLT.JK,214.0,213.33333333333334,213.6,215.0,213.9,202.94,198.1514286804199,6.030000000000001,1.2724132600148175,708700,False,False
SKBM.JK,540.0,535.0,536.0,547.0,543.25,559.0,561.59,4.8,1.4662293847321741,35600,True,False
SIPD.JK,900.0,915.0,919.0,924.0,888.25,770.9,789.05,30.620000000000005,2.2463122858412015,18300,False,False
SINI.JK,14475.0,13858.333333333334,13645.0,14182.5,11801.25,8943.0575390625,9809.186298828125,221.2776984375,6.659688533945957,11573300,False,False
SIMP.JK,610.0,613.3333333333334,615.0,626.5,621.25,592.3,585.1626495361328,6.840000000000009,1.1983200229712725,7371600,False,False
SILO.JK,2020.0,2013.3333333333333,2018.0,2086.0,2150.0,2180.9,2253.55,16.756666666666682,2.2123783457375734,285000,False,False
SIDO.JK,348.0,349.3333333333333,349.2,352.4,352.0,360.88,386.85,6.439999999999998,0.9305329911621575,17763100,False,False
SICO.JK,113.0,114.0,114.4,115.1,114.0,111.0,111.07,4.099999999999994,1.758776310699595,3545700,True,True
SHIP.JK,2700.0,2723.3333333333335,2682.0,2597.0,2436.0,2128.6,2147.8385986328126,59.47333333333336,5.277096402054995,53900,False,False
SHID.JK,760.0,783.3333333333334,789.0,742.5,643.75,612.0,651.55,35.4,11.75229616331525,170100,False,False
SGRO.JK,4710.0,4766.666666666667,4784.0,4880.0,4853.75,4145.7,3591.5432397460936,73.43000000000002,1.2722913641648554,17800,False,False
SGER.JK,685.0,685.0,691.0,678.0,623.2,521.44,437.16,33.91199999999999,4.265511665057497,21419000,False,False
SFAN.JK,2030.0,2030.0,2032.0,2036.0,2034.0,1997.9,1979.35,3.8099999999999907,0.5398416820440503,54700,True,False
SEMA.JK,234.0,192.33333333333334,166.2,139.2,122.7,106.48,104.43,63.76,11.454138064752312,89226200,False,False
SDRA.JK,214.0,215.33333333333334,214.8,218.0,219.3,216.6,225.12,2.6500000000000057,1.0644815557352685,612200,True,False
SDPC.JK,197.0,197.0,197.0,198.2,196.4,188.22,184.69127334594725,9.97999999999999,2.2059829173904455,405700,False,False
SDMU.JK,91.0,91.33333333333333,90.8,91.1,89.9,84.32,84.53,7.013333333333335,1.4655922748088448,22071000,False,False
SCNP.JK,156.0,155.66666666666666,155.0,155.6,153.6,153.78,151.8849919128418,2.4000000000000057,0.7341763057359852,357300,True,False
SCMA.JK,195.0,196.33333333333334,198.0,201.0,204.1,204.04,210.21444274902345,9.099999999999994,1.509259005198543,23595900,False,False
SCCO.JK,2980.0,2856.6666666666665,2732.0,2640.0,2496.0,2376.2,2309.0519213867187,60.38000000000002,6.189640295803801,782000,False,False
SBMA.JK,112.0,111.33333333333333,110.8,110.4,109.25,108.24,109.75,3.760000000000005,1.6778536511641573,1114600,True,True
SATU.JK,240.0,240.66666666666666,243.6,246.0,246.7,258.52,262.24,9.259999999999991,1.0838822152905694,171600,False,False
SAPX.JK,366.0,433.6666666666667,442.4,362.6,292.1,244.8,233.7,98.79999999999998,15.399326132152375,989200,False,False
SAMF.JK,308.0,312.0,320.0,319.4,306.4,289.68,288.41082717895506,15.159999999999997,1.9124402790173252,144800,False,False
SAME.JK,298.0,296.6666666666667,299.6,306.6,306.0,303.08,315.36,4.966666666666669,1.9782810794836407,403100,True,False
SAGE.JK,30.0,30.333333333333332,31.2,31.1,30.2,31.64,29.84,1.6400000000000006,5.169743768005352,2689800,False,False
SAFE.JK,1055.0,963.3333333333334,928.0,901.5,761.25,531.58,430.19,104.684,4.13439754302187,841600,False,False
RUNS.JK,68.0,70.0,71.0,72.8,67.6,66.62,72.46,6.179999999999993,5.0986964965614705,695200,False,False
RUIS.JK,202.0,203.33333333333334,206.0,207.4,206.9,204.06,196.2603125,2.700000000000003,1.5615641129491764,892500,True,False
RSCH.JK,430.0,432.6666666666667,429.6,418.6,377.5,328.2,307.28,52.23333333333335,3.9056538514902357,30753100,False,False
ROTI.JK,590.0,586.6666666666666,586.0,586.0,585.0,592.6,591.95,1.5200000000000045,0.5400773950939985,531300,True,False
RONY.JK,1420.0,1376.6666666666667,1393.0,1457.0,1345.0,1289.3,1250.5,33.540000000000006,9.002380225622748,271300,False,False
RODA.JK,66.0,64.0,65.0,64.0,64.75,63.72,63.53,2.280000000000001,3.260400398056383,57171900,True,True
ROCK.JK,2010.0,2023.3333333333333,2046.0,2060.0,2076.0,1945.5,1958.8,13.05,3.0045493449704406,11400,False,False
RMKO.JK,320.0,332.0,340.4,341.8,317.3,313.44,343.12,14.180000000000007,3.3869450494312447,6131500,False,False
RMKE.JK,400.0,406.6666666666667,409.2,418.8,421.5,423.16,478.0766918945312,11.580000000000013,2.14211452467352,55602900,False,False
RLCO.JK,4310.0,4333.333333333333,4412.0,4555.0,4461.0,4343.0,4018.25,24.5,2.10332065873965,307600,False,False
RISE.JK,795.0,800.0,801.0,832.5,865.0,924.7,1091.25,25.94000000000001,2.1576366793985233,336300,False,False
RIGS.JK,650.0,656.6666666666666,675.0,694.0,689.25,684.7,681.8,8.8,3.638803438833085,351600,False,False
RICY.JK,78.0,78.33333333333333,78.8,79.2,79.25,78.78,81.47,1.25,0.7157641328669928,3354700,True,False
RGAS.JK,110.0,108.33333333333333,110.2,114.4,154.05,192.74,158.88446617126465,84.40666666666668,2.747763718309161,60158700,False,False
RELI.JK,560.0,551.6666666666666,554.0,553.0,540.5,508.9,501.48,10.220000000000004,1.183765055548796,15400,False,False
RELF.JK,41.0,38.666666666666664,38.4,38.3,36.65,35.7,36.22,5.299999999999997,5.193332354635176,34221000,False,False
REAL.JK,50.0,50.0,50.0,50.0,50.2,50.7198999786377,51.287356567382815,0.7198999786376987,0.0,316500,True,False
RDTX.JK,13100.0,13141.666666666666,13295.0,13422.5,13496.25,13623.5,14248.101923828124,20.94,1.9479725617914805,0,False,False
RCCC.JK,112.0,112.33333333333333,113.4,115.0,113.0,102.64,99.85,12.36,1.1872636543864672,1304900,False,False
RBMS.JK,62.0,62.333333333333336,62.2,62.4,62.65,63.76,63.53,1.759999999999998,2.1424652423171393,24447100,True,False
RATU.JK,4320.0,4383.333333333333,4466.0,4516.0,4403.5,4784.9,4951.163647460938,46.48999999999997,2.1401207522473156,3616300,False,False
RANC.JK,535.0,535.0,543.0,545.0,536.5,527.6,530.42,3.4799999999999955,1.6123649553530537,42100,True,False
RALS.JK,386.0,389.3333333333333,389.6,389.0,385.3,382.44,383.9422229003906,3.5800000000000125,0.8207829948837153,2697600,True,True
RAJA.JK,755.0,780.0,795.0,806.0,813.75,854.08,803.3773303222656,19.81600000000001,2.1834526782932815,55532600,False,False
RAAM.JK,177.0,177.33333333333334,177.8,181.5,185.1,194.68,200.74,17.680000000000007,1.555788024038935,285600,False,False
PZZA.JK,185.0,185.66666666666666,188.8,192.3,188.45,185.84,188.52429107666015,7.300000000000011,2.0280006858016875,256600,False,False
PYFA.JK,250.0,251.33333333333334,252.0,264.0,251.6,226.48,238.4,18.760000000000005,6.296826080793233,11930800,False,False
PWON.JK,268.0,269.3333333333333,270.4,274.2,272.3,265.96,268.22209533691404,4.1200000000000045,1.3650134529814308,32780600,True,False
PURI.JK,159.0,164.0,162.6,158.0,153.25,143.66,144.17,20.340000000000003,2.654419953573098,4214100,False,False
PURA.JK,32.0,32.0,32.6,32.3,32.1,31.78,32.26,0.8200000000000003,2.5153963191762028,2181400,True,False
PUDP.JK,272.0,272.6666666666667,273.6,274.0,275.6,290.36,299.8896139526367,9.180000000000007,1.0513243649296562,36200,False,False
PTSP.JK,1230.0,1241.6666666666667,1245.0,1304.5,1141.25,1001.4,948.55,60.620000000000005,7.730024936371425,18600,False,False
PTSN.JK,440.0,456.6666666666667,408.0,353.8,324.8,287.64,273.37781265258786,84.51333333333335,10.616956053164065,15486200,False,False
PTRO.JK,5075.0,5183.333333333333,5280.0,5332.5,5245.0,4867.7,4634.35,18.592000000000006,1.7323054638453228,20922900,False,False
PTPW.JK,1170.0,1173.3333333333333,1175.0,1181.0,1178.25,1163.5,1088.9904864501952,3.5,0.5983049168565052,41100,True,False
PTPS.JK,155.0,158.33333333333334,161.2,163.8,160.8,150.18,144.47,13.620000000000005,1.7866488183158211,1538900,False,False
PTPP.JK,195.0,198.33333333333334,199.2,204.4,205.0,203.96,207.96,10.0,1.5915825124153342,4787500,False,False
PTMP.JK,64.0,64.33333333333333,64.0,64.5,64.7,63.86,63.07,0.8400000000000034,1.3574325326908876,12395700,True,True
PTIS.JK,260.0,260.0,260.4,258.0,258.4,264.08,279.8,3.039999999999992,2.6064128273807654,436200,True,False
PTBA.JK,3000.0,3033.3333333333335,3060.0,3018.0,2767.0,2532.2,2553.882360839844,52.780000000000015,2.689463604004508,25481200,False,False
PSSI.JK,358.0,356.0,356.8,354.4,341.5,328.16,315.81660095214846,14.919999999999987,2.320397800847468,292700,False,False
PSKT.JK,232.0,234.66666666666666,236.4,242.2,238.6,222.14,217.39,10.030000000000001,4.075399272219537,4816100,False,False
PSGO.JK,194.0,194.66666666666666,194.4,195.3,195.0,196.18,194.19282653808594,2.180000000000007,0.8719000000375666,79400,True,False
PSDN.JK,132.0,134.66666666666666,137.4,139.2,136.6,129.0,133.07,10.199999999999989,3.6241268956106696,6994700,False,False
PSAT.JK,865.0,863.3333333333334,872.0,885.0,891.0,868.9,855.4,5.533333333333326,0.8451743465527647,115200,True,False
PSAB.JK,555.0,548.1578979492188,549.6315795898438,546.2368408203125,565.8552703857422,480.04737731933596,434.4028515625,17.161578613281243,1.920464788000302,59338800,False,False
PRIM.JK,121.0,120.0,119.4,119.7,118.65,109.36,96.92,11.64,2.289904421063451,2398900,False,False
PRDA.JK,2820.0,2813.3333333333335,2812.0,2801.0,2682.5,2516.2,2506.937443847656,30.380000000000017,1.5007456864928796,486300,False,False
PRAY.JK,740.0,736.6666666666666,740.0,744.0,752.75,734.6,718.95,3.6299999999999955,1.006335337316705,3700,True,False
PPRO.JK,15.0,15.0,15.2,15.5,15.85,16.58,16.88,1.5799999999999983,5.274304412625143,18727000,False,False
PPRI.JK,173.0,172.0,175.8,174.3,158.25,151.6,153.44,24.200000000000017,9.102092269296067,12649700,False,False
PPRE.JK,104.0,105.0,105.2,106.3,106.2,106.0,106.98,2.299999999999997,1.4666190440987923,14800400,True,False
PPGL.JK,468.0,468.0,468.0,455.8,366.4,272.84,235.51,97.58000000000001,4.143238354994107,0,False,False
POWR.JK,985.0,991.6666666666666,991.0,962.5,925.5,813.0,756.0669067382812,35.73333333333333,3.4387871147643954,6204500,False,False
PORT.JK,960.0,963.3333333333334,951.0,929.0,918.25,892.2,889.95,14.226666666666665,1.5308971042643973,15100,False,False
POLY.JK,32.0,32.0,32.0,32.0,32.0,32.0,32.0,0.0,0.0,0,True,False
POLU.JK,18000.0,16725.0,17035.0,17582.5,16738.75,14018.5,13406.75,159.26,5.399482386538903,84100,False,False
POLI.JK,900.0,880.0,896.0,943.0,886.25,791.8,854.4,30.24000000000001,4.151602747497734,79200,False,False
PNSE.JK,500.0,498.0,498.4,498.2,499.15,496.12,529.11,1.9399999999999977,0.4936335654205921,14000,True,False
PNLF.JK,222.0,221.33333333333334,222.0,225.0,227.1,227.0,229.95,2.8833333333333258,1.1473918669243326,11049100,True,False
PNIN.JK,715.0,718.3333333333334,720.0,724.5,723.0,722.0,737.0,1.9,0.7611068197057156,92900,True,False
PNGO.JK,3590.0,3523.3333333333335,3514.0,3531.0,3509.5,3517.4,3503.0,8.05,3.066548811667306,4000,False,False
PNBS.JK,50.0,50.0,50.0,50.0,50.0,50.1,50.25,0.10000000000000142,0.0,125900,True,False
PNBN.JK,890.0,895.0,902.0,909.0,903.25,898.3,904.6402801513672,3.8,1.0571540295580677,2367400,True,False
PMUI.JK,103.0,102.66666666666667,103.0,103.9,102.25,94.54,89.1903483581543,9.36,1.4254240003492589,1854500,False,False
PMJS.JK,144.0,143.33333333333334,143.8,146.3,140.25,123.12,117.60043243408204,23.180000000000007,1.2469205835751778,1016300,False,False
PLAN.JK,62.0,63.666666666666664,66.4,66.9,54.8,44.68,43.53,22.220000000000006,7.994280835355143,21242100,False,False
PKPK.JK,4170.0,4206.666666666667,4304.0,4309.0,4000.5,3798.2,3363.1,51.08000000000002,6.0487266420155335,456200,False,False
PJHB.JK,176.0,178.0,179.6,183.3,183.3,174.16,182.5,9.140000000000015,1.0308391433272042,1097900,False,False
PJAA.JK,466.0,468.0,468.4,467.2,464.3,459.76,464.19,4.319999999999993,0.8720518372682647,25300,True,False
PIPA.JK,173.0,184.33333333333334,191.0,200.2,193.4,150.0,136.14,50.19999999999999,7.0657428895512755,104125600,False,False
PICO.JK,177.0,178.33333333333334,179.8,184.7,181.8,150.68,145.54,34.01999999999998,2.9872837035140756,580200,False,False
PGUN.JK,9400.0,9366.666666666666,9490.0,9607.5,9653.75,8365.5,8104.97181640625,51.53,1.47276103462819,62800,False,False
PGLI.JK,210.0,207.33333333333334,208.0,210.0,210.0,204.06,201.98,2.969999999999999,1.6657969028346473,12159000,True,True
PGJO.JK,865.0,881.6666666666666,883.0,905.0,910.0,795.3,787.75,22.94000000000001,2.481569357290783,1108500,False,False
PGEO.JK,1040.0,1041.6666666666667,1033.0,1033.0,1037.75,1028.6,975.0875811767578,2.6133333333333666,1.277853276912454,10284600,True,True
PGAS.JK,1520.0,1533.3333333333333,1527.0,1530.0,1530.5,1511.5,1564.6307080078125,4.366666666666651,1.220777263323507,46415400,True,False
PEVE.JK,306.0,308.0,308.4,314.2,314.0,319.88,331.9,6.939999999999998,1.3896221419444537,1176100,False,False
PEHA.JK,288.0,289.3333333333333,292.8,303.4,295.9,274.8,273.3449102783203,14.299999999999983,3.043945253886416,410500,False,False
PEGE.JK,134.0,130.33333333333334,130.0,129.4,122.75,108.57,115.46457321166992,25.430000000000007,2.0590541663292683,19068500,False,False
PDPP.JK,338.0,337.3333333333333,336.0,329.6,328.9,301.04,293.1337705993652,18.47999999999999,1.2948667463424448,392100,False,False
PDES.JK,376.0,374.6666666666667,378.8,381.4,383.9,394.64,443.59127227783205,9.98666666666665,1.2650619725434198,150400,False,False
PCAR.JK,43.0,43.333333333333336,43.4,43.1,42.45,41.24,39.44,2.1599999999999966,2.5790922103519263,2150700,True,True
PBSA.JK,750.0,748.3333333333334,751.0,779.0,805.75,783.3071862792968,782.170068359375,11.483333333333325,1.506804855621657,3148500,False,False
PBRX.JK,26.0,26.0,26.2,27.0,26.6,26.64,28.49,1.0,3.529029680518051,1956300,True,False
PBID.JK,525.0,525.0,526.0,527.5,529.25,517.08,498.6846884155273,2.4339999999999917,0.6319299844149644,894500,True,False
PART.JK,110.0,103.0,102.8,105.5,107.15,104.24,103.1309056854248,7.200000000000003,4.227499240613111,182292800,False,False
PANS.JK,1650.0,1643.3333333333333,1646.0,1639.5,1606.25,1571.9,1537.9483935546875,15.619999999999981,0.8749560171379942,120500,False,False
PANR.JK,410.0,415.3333333333333,418.8,424.2,424.5,418.12,440.9176470947266,7.25,1.0267150106405851,238600,False,False
PANI.JK,5425.0,5500.0,5575.0,5775.0,5857.5,6026.5,6681.7637109375,24.06,2.2515860003731203,4253200,False,False
PAMG.JK,55.0,55.333333333333336,55.6,55.9,55.8,55.64,55.53,0.8999999999999986,1.860043229185468,2415500,True,False
PALM.JK,290.0,292.6666666666667,293.2,294.0,293.7,295.4,312.3795104980469,2.6999999999999886,0.8498274121140508,829800,True,False
PADI.JK,69.0,70.0,70.6,71.4,72.1,72.30810592651368,80.63510948181153,3.308105926513676,1.5069616754618322,93114900,True,False
PADA.JK,190.0,192.0,197.6,209.4,216.7,172.46,154.34,44.23999999999998,2.151466025741664,23403200,False,False
PACK.JK,560.0,560.0,560.0,560.0,498.4,340.92,302.68,43.815999999999995,0.0,0,False,False
OPMS.JK,118.0,117.66666666666667,117.2,119.8,121.2,115.4,112.25,5.799999999999997,1.8009063630595437,2214000,True,True
OMRE.JK,960.0,953.3333333333334,953.0,979.0,970.75,1008.8,984.65,11.159999999999991,3.153231251531488,14100,False,False
OMED.JK,212.0,213.33333333333334,213.6,225.8,230.6,220.76,224.1016387939453,9.299999999999997,3.9751896449074358,5978500,False,False
OLIV.JK,57.0,62.0,61.8,60.1,53.35,51.16,52.24,10.840000000000003,8.405439828043818,72179800,False,False
OKAS.JK,116.0,117.33333333333333,117.2,119.3,120.9,111.74,109.53,9.16000000000001,1.450045824601924,1511500,False,False
OILS.JK,312.0,319.3333333333333,314.0,301.2,268.7,241.54,226.52,38.89666666666666,3.1710899782376054,8859200,False,False
OBMD.JK,210.0,201.33333333333334,198.6,195.0,193.9,191.06,191.95,9.469999999999999,2.2855211694498903,16549300,False,False
OBAT.JK,238.0,238.0,239.6,241.6,240.9,243.36,255.06836975097656,2.680000000000007,4.403036932827049,103700,False,False
OASA.JK,274.0,284.0,294.0,308.4,315.8,318.44,321.56,22.22,2.1554676896043947,13409700,False,False
NTBK.JK,81.0,82.0,82.8,84.7,82.8,88.6,80.91691314697266,7.599999999999994,2.6790927001920024,13169000,False,False
NSSS.JK,805.0,785.0,796.0,828.0,850.0,856.3,733.94328125,14.259999999999991,2.3152617326911504,7288300,False,False
NRCA.JK,540.0,543.3333333333334,548.0,558.5,569.0,524.86,497.3689389038086,8.827999999999998,1.325707000265136,2767700,False,False
NPGF.JK,56.0,56.333333333333336,56.8,57.4,57.85,58.05527557373047,61.79725818634033,2.0552755737304693,0.7333718830508681,9831500,True,False
NOBU.JK,510.0,515.0,518.0,530.0,516.5,483.34,477.91,9.332000000000004,1.5964310528631096,1647900,False,False
NISP.JK,1265.0,1276.6666666666667,1275.0,1263.5,1257.0,1250.7,1259.45,5.19333333333334,0.9873529212210037,3442300,True,True
NIRO.JK,181.0,181.33333333333334,181.2,177.4,169.35,158.46,163.8,22.873333333333335,3.5828738590593123,1030100,False,False
NINE.JK,82.0,86.33333333333333,89.4,93.1,93.2,82.84,91.51,11.200000000000003,4.066423165505216,9147700,False,False
NIKL.JK,218.0,223.33333333333334,226.0,226.6,213.1,199.58,226.32,13.509999999999991,7.132697691842679,5324100,False,False
NICL.JK,454.0,460.6666666666667,467.6,480.1,487.25,488.3,564.7743273925781,17.150000000000006,1.8369883105427462,49224300,False,False
NICK.JK,2660.0,2570.0,2518.0,2487.0,2091.5,1560.8,1325.35,109.92,7.948989640434707,16400,False,False
NICE.JK,358.0,359.3333333333333,362.0,367.0,344.6,291.48,285.86,37.75999999999999,4.8705757135051515,912000,False,False
NFCX.JK,1700.0,1700.0,1714.0,1718.5,1700.75,1617.5,1661.0,20.2,1.1145261122419707,17200,False,False
NETV.JK,50.0,50.0,50.0,50.0,50.05,50.8,59.16,0.7999999999999972,0.0,703300,True,False
NEST.JK,720.0,726.6666666666666,731.0,735.0,719.0,683.7,601.99,10.259999999999991,1.7571546108127938,4349900,False,False
NELY.JK,210.0,210.0,210.0,211.4,208.7,205.46,221.3022024536133,2.969999999999999,1.840346092801722,584600,True,False
NCKL.JK,920.0,918.3333333333334,930.0,948.0,949.5,904.8840625,886.9600244140624,8.923187499999994,2.791952757739514,43162500,False,False
NAYZ.JK,78.0,75.0,74.4,74.6,73.05,63.76,62.33,14.240000000000002,2.454696142111835,26611500,False,False
NATO.JK,980.0,1008.3333333333334,1015.0,1095.0,908.0,748.6,673.55,69.28,9.412361668362038,308300,False,False
NASI.JK,161.0,161.66666666666666,162.6,159.9,151.9,136.14,130.49,26.460000000000008,1.908092507565863,6991000,False,False
NASA.JK,36.0,34.333333333333336,34.8,32.9,31.5,30.82,33.05,5.18,5.622798807689952,786900,False,False
NANO.JK,34.0,34.666666666666664,35.2,34.8,34.25,31.1,29.61,4.100000000000001,4.662324224430852,7574400,False,False
NAIK.JK,92.0,92.33333333333333,92.6,94.1,93.35,89.74,89.90884620666503,4.359999999999999,1.3833222936815344,2984400,True,True
MYTX.JK,41.0,41.0,41.0,41.0,41.0,41.0,44.72,0.0,0.0,0,True,False
MYOR.JK,1490.0,1495.0,1506.0,1526.0,1566.0,1653.7,1700.6235327148438,32.74000000000001,0.9502279560587283,10223800,False,False
MYOH.JK,1030.0,1063.3333333333333,1092.0,1121.5,1128.25,1079.3,1091.8718212890626,19.65,2.10639561056591,156700,False,False
MUTU.JK,139.0,133.0,130.2,125.6,125.35,116.52,111.55291931152344,22.480000000000004,5.894010753256569,240795600,False,False
MTWI.JK,270.0,267.3333333333333,269.6,268.8,258.6,260.0,271.15231216430664,5.699999999999989,2.139565795303501,92200,True,False
MTMH.JK,950.0,941.6666666666666,945.0,953.5,964.5,945.5,959.8300817871094,4.566666666666674,1.239781168037079,15100,True,False
MTLA.JK,525.0,526.6666666666666,531.0,531.0,524.25,520.6,511.62345703125,2.0799999999999956,1.1300464761434623,4500,True,False
MTFN.JK,13.0,13.0,13.0,13.0,13.0,13.0,14.91,0.0,0.0,0,True,False
MTEL.JK,484.0,486.0,486.0,489.0,473.7,461.48,470.3458428955078,13.759999999999991,1.6747262211994616,14052500,False,False
MTDL.JK,505.0,508.3333333333333,510.0,515.5,511.75,511.3,513.5760000610352,2.1,1.243391099357521,2137600,True,False
MSTI.JK,1355.0,1353.3333333333333,1362.0,1360.0,1349.75,1332.3,1287.5428356933594,5.940000000000009,1.3691769123300899,944200,True,False
MSKY.JK,68.0,71.0,73.6,69.9,67.25,64.54,66.73,9.059999999999988,9.246308588402487,21605000,False,False
MSJA.JK,855.0,816.6666666666666,833.0,693.0,566.6,473.36,452.97971710205076,76.328,10.663430673909152,15554400,False,False
MSIN.JK,308.0,302.0,304.0,309.4,318.4,377.6,486.93,37.80000000000001,2.896078806914698,74156700,False,False
MSIE.JK,180.0,170.66666666666666,165.4,147.1,125.3,104.1,110.97,75.9,5.795939888505023,9489800,False,False
MREI.JK,920.0,920.0,920.0,920.0,920.0,920.0,951.25,0.0,0.0,0,True,False
MRAT.JK,390.0,389.3333333333333,388.0,395.2,404.5,425.84,431.12,18.919999999999987,2.5912839738483826,122900,False,False
MPXL.JK,168.0,169.33333333333334,169.2,169.0,168.35,159.04,158.61,10.29333333333335,1.826100498284065,393200,False,False
MPRO.JK,11850.0,12016.666666666666,12020.0,12060.0,12280.0,11768.0,10232.5,20.48,1.1076827720490467,1500,False,False
MPPA.JK,40.0,40.666666666666664,41.0,42.5,44.15,46.38,46.99,6.380000000000003,1.9872329181312307,6134000,False,False
MPOW.JK,114.0,113.66666666666667,113.4,114.9,113.0,106.1,107.4,8.800000000000011,3.0960270659488813,4567300,False,False
MPMX.JK,1025.0,1023.3333333333334,1027.0,1035.0,1025.5,1006.1,953.1747674560547,5.779999999999996,0.9318710532018862,1450300,True,True
MPIX.JK,182.0,176.33333333333334,154.8,135.8,120.2,105.18,96.35,76.82,9.186140257269203,61221300,False,False
MORA.JK,5100.0,5083.333333333333,5150.0,5282.5,5311.25,5749.0,6113.65,26.62666666666668,1.2821424513793858,99600,False,False
MOLI.JK,316.0,318.6666666666667,318.0,318.2,303.6,275.88,258.5892385864258,21.393333333333345,2.547331134702698,14201700,False,False
MNCN.JK,200.0,200.66666666666666,201.6,202.6,202.4,203.92,209.4,3.9199999999999875,2.134445327957642,44829300,True,False
MMLP.JK,302.0,302.0,302.0,303.4,301.7,297.84,306.18,2.780000000000001,0.6976585564557332,677100,True,False
MMIX.JK,860.0,858.3333333333334,852.0,830.0,805.25,755.1,634.25,20.979999999999997,0.9281260774302453,21586500,False,False
MLPT.JK,1160.0,1148.3333333333333,1167.0,1192.0,1259.0,1308.24,1037.5580255126954,31.98133333333335,1.9854639124850797,4912900,False,False
MLPL.JK,88.0,88.66666666666667,89.2,90.7,92.25,92.4,89.58,4.400000000000006,1.3732446229781763,12989200,True,False
MLIA.JK,216.0,216.0,217.6,222.0,226.2,230.92,240.0,7.459999999999994,1.0605661421487467,107100,False,False
MLBI.JK,6875.0,6850.0,6835.0,6867.5,6867.5,6705.0,6249.792700195312,6.8,2.0983106661333886,135900,False,False
MKTR.JK,124.0,123.66666666666667,123.0,123.1,122.7,121.72,122.7923713684082,2.280000000000001,0.8924312697812545,556400,True,False
MKPI.JK,21750.0,21766.666666666668,21785.0,21850.0,21945.0,21712.0,21326.85693359375,9.32,0.2820305549252009,40500,False,False
MKAP.JK,1140.0,1135.0,1127.0,1123.5,1132.5,1153.4,1123.2098132324218,5.980000000000018,0.7046702022074733,2104400,True,True
MITI.JK,288.0,269.3333333333333,264.8,244.6,234.6,203.04,199.78,42.480000000000004,9.286281978019717,69789400,False,False
MIRA.JK,24.0,24.333333333333332,24.8,24.9,25.45,23.94,22.13,1.509999999999998,3.652328066298846,2149800,True,True
MINE.JK,300.0,296.6666666666667,291.2,285.2,262.9,240.08,251.3,29.959999999999994,4.596511912898052,3902100,False,False
MINA.JK,260.0,264.0,268.0,272.2,274.2,274.52,291.36,7.259999999999991,1.1343596686237578,17871900,False,False
MIKA.JK,1790.0,1820.0,1827.0,1872.0,1860.0,1800.9,1746.2730981445313,16.4,1.969940623196361,818900,False,False
MIDI.JK,268.0,268.6666666666667,267.6,272.2,274.8,279.16,287.55603942871096,5.780000000000001,1.4302711878106067,5308400,True,False
MICE.JK,530.0,540.0,544.0,551.0,543.5,527.1,508.66812103271485,4.779999999999996,1.6030044911097048,105200,True,False
MHKI.JK,130.0,130.33333333333334,132.2,138.5,140.5,136.5,138.56740852355958,10.5,2.3932427814814856,1509900,False,False
MGRO.JK,680.0,683.3333333333334,683.0,686.0,681.75,676.6,673.85,1.8799999999999955,0.9309104940097082,3583800,True,True
MGNA.JK,199.0,162.33333333333334,153.0,124.8,110.65,104.3,109.6,94.7,14.184674845908892,105609000,False,False
MGLV.JK,14325.0,14525.0,14765.0,14047.5,12776.25,10214.0,9092.0,182.04,5.194994199079929,619800,False,False
MERK.JK,3920.0,3920.0,3916.0,3897.0,3906.0,3903.2,3807.4255102539064,2.3,0.4406196547540429,21700,True,False
MERI.JK,118.0,118.66666666666667,119.4,120.9,121.3,113.0,117.06,8.299999999999997,1.8221765055279864,3275200,False,False
MEJA.JK,117.0,116.0,114.8,114.8,116.95,104.0,98.89,13.0,3.130344233366395,20148400,False,False
MEGA.JK,1960.0,1953.3333333333333,1960.0,1972.0,1972.25,1983.4,2008.25,6.0133333333333665,0.49131408038091284,27700,False,False
MEDS.JK,81.0,81.66666666666667,84.0,85.8,78.8,77.42,80.52,8.379999999999995,12.406862424370598,30968600,False,False
MEDC.JK,1565.0,1568.3333333333333,1566.0,1540.5,1468.25,1358.4,1338.491239013672,41.986666666666636,1.6042316313285214,49941700,False,False
MDRN.JK,26.0,26.0,26.0,26.0,26.0,26.0,30.9,0.0,0.0,0,True,False
MDLN.JK,50.0,50.0,50.0,50.0,50.0,50.08,50.8,0.0799999999999983,0.0,74800,True,False
MDLA.JK,206.0,206.0,206.8,207.8,207.7,208.08,205.37518463134765,1.0400000000000063,0.7070093940586546,630400,True,False
MDKI.JK,193.0,194.0,195.0,196.2,193.75,187.16,183.13303512573242,9.039999999999992,0.8880372877571782,282400,False,False
MDKA.JK,2850.0,2846.6666666666665,2930.0,2958.0,2955.0,2828.0,2799.5523486328125,13.0,3.560422712443429,41333300,False,False
MDIY.JK,950.0,948.3333333333334,942.0,948.5,951.0,943.7,888.8631494140625,1.8,1.4224754381818667,399800,True,False
MDIA.JK,197.0,203.66666666666666,206.6,220.7,241.45,192.86,143.07,48.589999999999975,9.170326134456458,247391400,False,False
MCOR.JK,69.0,69.33333333333333,69.2,69.4,69.5,68.74,68.1,0.7600000000000051,1.2595299538709595,3207200,True,True
MCOL.JK,3650.0,3626.6666666666665,3656.0,3707.0,3708.0,3729.2,3730.9790307617186,10.25333333333333,0.9957720042127031,60700,False,False
MCAS.JK,272.0,266.0,270.4,280.0,283.7,249.24,249.91,17.22999999999999,2.5294817865867163,12182000,False,False
MBTO.JK,151.0,152.33333333333334,153.2,142.5,134.85,126.66,119.46,26.539999999999992,7.62432791777229,8879300,False,False
MBSS.JK,2880.0,2886.6666666666665,2886.0,2869.0,2851.0,2768.8,2582.15,11.786666666666633,0.7531705328281685,821300,False,False
MBMA.JK,500.0,500.3333333333333,510.2,522.1,535.3,524.7,529.95,17.649999999999977,3.8675051227169437,108854900,False,False
MBAP.JK,1720.0,1696.6666666666667,1714.0,1738.0,1635.75,1501.3,1499.4,47.34000000000001,2.2542515084094257,92000,False,False
MAYA.JK,195.0,196.33333333333334,196.4,197.5,198.45,197.64,193.61,3.4499999999999886,0.8310195196558189,737400,True,False
MAXI.JK,50.0,50.0,50.0,50.0,50.0,50.0,50.46,0.0,0.0,79700,True,False
MASB.JK,3290.0,3273.3333333333335,3314.0,3356.0,3373.5,3382.0,3346.1,10.866666666666651,1.8409880542191566,9700,False,False
MARK.JK,1180.0,1148.3333333333333,1131.0,1103.5,1091.75,1057.8017993164062,938.8084490966797,24.439640136718754,1.6631210840436426,12366700,False,False
MARI.JK,23.0,23.0,23.0,23.0,23.0,23.0,24.67,0.0,0.0,0,True,False
MAPI.JK,1380.0,1363.3333333333333,1360.0,1379.0,1428.0,1501.2,1474.955284423828,28.24000000000001,2.0860970586194716,6026500,False,False
MAPB.JK,1220.0,1233.3333333333333,1244.0,1223.5,1199.25,1129.7,1220.65,22.859999999999992,2.8981537934714177,300,False,False
MAPA.JK,645.0,646.6666666666666,659.0,678.5,683.0,651.0,627.2037390136719,7.6,1.7668681792711052,7296700,False,False
MANG.JK,39.0,38.333333333333336,39.0,40.8,39.5,39.28,43.12,2.4666666666666615,5.53213738979927,8038000,False,False
MAIN.JK,665.0,665.0,671.0,684.5,676.25,682.1,712.4909014892578,3.9,2.46620670010777,2377400,True,False
MAHA.JK,143.0,143.66666666666666,144.2,146.3,146.7,144.24,139.40916809082032,3.6999999999999886,1.0196276266857955,3971100,True,True
LUCK.JK,117.0,117.0,117.4,117.6,115.25,110.78,108.91,6.819999999999993,2.2223487420436676,6160600,False,False
LTLS.JK,975.0,1018.3333333333334,1036.0,992.0,918.25,849.5,808.2858270263672,37.3,5.2583574366971435,841300,False,False
LSIP.JK,1710.0,1700.0,1697.0,1690.0,1585.5,1461.6,1378.3217736816407,49.68000000000002,2.0386343913860294,15181100,False,False
LRNA.JK,220.0,216.0,214.8,208.7,199.5,189.74,189.21,15.129999999999995,2.6536766063327,157600,False,False
LPPS.JK,81.0,81.0,81.6,82.1,82.05,79.9,77.07,2.1999999999999886,0.8958651242778791,2382800,True,True
LPPF.JK,1615.0,1618.3333333333333,1627.0,1632.0,1621.25,1586.9,1580.05,9.019999999999982,1.1693893186917923,1170600,False,False
LPLI.JK,234.0,232.66666666666666,234.0,237.8,240.4,244.04,250.72,5.686666666666667,1.0566182995823836,117200,True,False
LPKR.JK,59.0,59.666666666666664,60.2,61.2,62.1,62.02,66.09,3.1000000000000014,1.5306652335927915,110107500,True,False
LPIN.JK,432.0,431.3333333333333,430.8,431.6,428.0,421.4,414.2541323852539,5.300000000000011,0.5273842801309957,92200,True,False
LPGI.JK,645.0,645.0,645.0,641.0,639.75,644.8,664.3210162353515,1.05,1.4916204123222385,7400,True,False
LPCK.JK,600.0,595.0,594.0,596.5,600.0,569.8,556.04,6.040000000000009,1.2603061981976418,876200,False,False
LOPI.JK,63.0,62.0,62.2,63.6,71.1,67.28,77.5,9.099999999999994,5.200121891317068,2644000,False,False
LMPI.JK,163.0,161.0,160.4,161.1,161.0,149.64,148.83,13.360000000000014,1.4797448726589097,863200,False,False
LMAX.JK,107.0,107.0,107.6,109.4,109.8,111.5,113.51,4.5,4.339601191081098,212700,False,False
LIVE.JK,182.0,185.66666666666666,190.0,189.2,191.05,200.5,210.47,18.5,2.241677332644797,1240300,False,False
LION.JK,362.0,365.3333333333333,370.4,376.8,365.9,353.84,357.62,11.480000000000018,1.6757326423864491,111500,False,False
LINK.JK,1655.0,1650.0,1679.0,1659.5,1582.25,1485.4,1478.15,38.719999999999985,4.093373865007969,13200,False,False
LIFE.JK,12725.0,12725.0,12725.0,12607.5,9970.0,7481.0,6964.0794677734375,209.76,3.217035714889914,0,False,False
LFLO.JK,535.0,533.3333333333334,526.0,522.5,521.5,506.42,525.0398223876953,5.715999999999997,2.28875106154764,2800700,True,True
LEAD.JK,104.0,107.0,108.8,110.2,109.45,106.48,107.29,6.200000000000003,2.9485565738153965,17331900,False,False
LCKM.JK,109.0,109.0,109.0,109.0,109.0,109.08,113.81,0.0799999999999983,0.0,0,True,False
LAPD.JK,79.0,85.33333333333333,78.8,75.1,72.1,68.16,69.8,17.173333333333332,12.228038758908474,152987600,False,False
LAND.JK,72.0,72.0,73.2,73.7,74.15,75.02,71.57,3.019999999999996,2.1323089304438168,20069200,True,True
LAJU.JK,71.0,70.0,70.4,72.3,70.1,68.06,68.3966540145874,4.239999999999995,3.204290020126299,18813900,True,True
LABS.JK,168.0,168.0,170.6,174.8,170.5,159.8,154.88,15.0,8.796889422174155,978700,False,False
LABA.JK,126.0,126.66666666666667,126.8,128.0,118.7,103.48,102.72,24.519999999999996,4.845115428806122,75439100,False,False
KUAS.JK,99.0,99.33333333333333,100.0,103.0,99.0,94.62,96.22917587280273,8.379999999999995,5.007367390715546,10903800,False,False
KSIX.JK,408.0,407.3333333333333,406.8,410.2,413.5,358.28,347.84,27.610000000000014,1.2101428668003387,237800,False,False
KRYA.JK,70.0,68.33333333333333,67.8,67.9,66.7,63.16,63.62,6.840000000000003,1.6765518032069937,126623200,False,False
KREN.JK,15.0,15.333333333333334,15.6,14.9,14.2,13.38,13.77,2.219999999999999,4.849654461928275,19744800,False,False
KRAS.JK,228.0,230.66666666666666,234.8,243.8,236.9,230.4,230.26,7.900000000000006,2.982529204154017,2402600,False,False
KPIG.JK,72.0,76.33333333333333,78.6,72.5,69.5,75.58,84.08,9.099999999999994,10.284505700878519,499753400,False,False
KOTA.JK,193.0,196.66666666666666,198.8,206.2,192.25,156.32,134.42,49.879999999999995,3.580980217684579,247426500,False,False
KOPI.JK,202.0,201.33333333333334,202.2,205.1,204.85,202.56,205.1,1.8833333333333258,1.539465679748118,45447000,True,False
KONI.JK,2050.0,2053.3333333333335,2070.0,2125.0,2173.0,2373.8,2515.8,32.38000000000002,1.2857968089332081,7400,False,False
KOKA.JK,190.0,190.0,191.4,189.2,185.0,187.98,156.85,6.400000000000006,7.3439053935952545,7955400,False,False
KOIN.JK,78.0,78.0,78.0,78.0,78.0,78.0,78.04,0.0,0.0,0,True,False
KOCI.JK,120.0,123.66666666666667,126.8,120.6,113.1,107.34,104.63526229858398,19.459999999999994,4.553102200406724,25644500,False,False
KOBX.JK,176.0,177.33333333333334,177.4,177.5,175.0,164.28,164.12,13.219999999999999,0.883142081487728,2316600,False,False
KMTR.JK,250.0,252.66666666666666,254.8,254.8,246.6,236.88,237.22,8.960000000000008,1.8159202194670165,36100,False,False
KMDS.JK,525.0,525.0,524.0,522.0,523.5,530.4,532.2113235473632,1.6799999999999955,0.838118050546224,105800,True,False
KLIN.JK,123.0,123.33333333333333,124.4,119.3,117.9,114.24,116.86,10.16000000000001,3.3349749585712205,138500,False,False
KLBF.JK,760.0,755.0,751.0,763.5,780.25,761.3,769.8472589111328,5.85,2.397896021478998,67032400,True,False
KLAS.JK,83.0,82.66666666666667,83.2,84.7,84.6,77.84,75.53,6.859999999999999,2.571997261557999,15715900,False,False
KKGI.JK,306.0,308.6666666666667,306.0,306.6,295.7,282.32,277.6560890197754,13.173333333333346,2.367915480592957,8804500,False,False
KKES.JK,86.0,88.0,88.8,91.3,82.45,72.94,57.43,18.36,4.8147279986097455,41691300,False,False
KJEN.JK,166.0,165.66666666666666,161.8,162.2,163.1,147.56,141.11,18.439999999999998,3.347622557087595,30619300,False,False
KIOS.JK,99.0,99.0,99.8,100.9,99.8,96.62,94.03,4.280000000000001,1.9676394155602022,20345500,True,True
KINO.JK,1405.0,1398.3333333333333,1390.0,1380.0,1361.5,1274.9,1185.8559912109374,26.019999999999982,2.136629491863969,3100,False,False
KING.JK,374.0,374.6666666666667,381.2,372.2,328.0,304.6,381.75,38.29999999999998,5.9160691286629286,1612000,False,False
KIJA.JK,176.0,184.33333333333334,188.0,194.3,200.2,158.46,149.35,41.73999999999998,3.2138341951421947,297578900,False,False
KICI.JK,274.0,274.0,275.6,271.4,250.4,215.22,206.56,30.190000000000012,3.5101810617506453,708500,False,False
KETR.JK,925.0,911.6666666666666,924.0,904.5,828.25,663.9,608.42,52.220000000000006,3.0001723782545513,28866200,False,False
KEJU.JK,595.0,596.6666666666666,598.0,609.5,604.5,577.1,571.3971160888672,6.479999999999995,0.9381110910012921,22200,False,False
KEEN.JK,905.0,910.0,918.0,936.5,910.0,882.6,869.7247418212891,10.779999999999996,1.688692041025598,4813900,False,False
KDTN.JK,382.0,390.6666666666667,393.6,407.0,386.7,428.74,619.26,23.370000000000005,1.7302492066830586,3234300,False,False
KDSI.JK,468.0,468.0,468.0,467.6,464.3,456.0,450.16,6.0,0.4196571589011575,8600,False,False
KBLV.JK,127.0,126.0,127.4,130.8,136.2,127.5,111.94,10.199999999999989,1.4215514036655654,10438400,False,False
KBLM.JK,384.0,376.6666666666667,366.8,350.0,328.6,309.92,304.48070037841796,37.03999999999999,3.312534908228526,5168000,False,False
KBLI.JK,382.0,374.0,359.2,347.0,337.7,329.12,316.09209381103517,26.439999999999998,4.129085379816696,6526100,False,False
KBAG.JK,41.0,42.333333333333336,42.8,44.0,44.6,44.28,43.16,3.6000000000000014,1.939853715989355,1790300,True,False
KARW.JK,212.0,212.0,212.0,212.0,212.0,212.0,238.76,0.0,0.0,0,True,False
KAQI.JK,95.0,94.0,95.4,98.1,97.05,93.42,95.77,4.679999999999993,1.9179400429350302,82905300,True,False
KAEF.JK,442.0,440.6666666666667,445.2,456.9,446.85,450.02,468.18,8.116666666666646,6.315172912369177,1058800,False,False
JTPE.JK,600.0,596.6666666666666,603.0,605.5,610.0,609.1,602.2425,2.666666666666674,1.5423541720346134,303600,True,False
JSPT.JK,1470.0,1475.0,1463.0,1431.0,1416.25,1407.6,1360.4198803710938,13.480000000000018,2.7021321765110913,31000,False,False
JSMR.JK,2840.0,2876.6666666666665,2914.0,2958.0,2898.5,2800.4,2811.88255859375,15.759999999999991,1.3941503533535748,3676100,False,False
JRPT.JK,1120.0,1116.6666666666667,1118.0,1109.5,1094.75,1085.7,1075.6124133300782,6.8599999999999905,0.8614164157901281,699900,False,False
JPFA.JK,2300.0,2280.0,2282.0,2313.0,2260.5,2188.0,2210.393928222656,12.5,2.8125353053187485,7931300,False,False
JMAS.JK,228.0,228.0,228.0,228.0,228.0,228.0,239.08,0.0,0.0,0,True,False
JKON.JK,86.0,85.33333333333333,85.6,86.5,86.3,79.58,74.23537357330322,6.920000000000002,1.5764900528992136,5692100,False,False
JIHD.JK,430.0,434.6666666666667,441.2,451.0,444.8,435.84,440.32,10.5,1.1374538507714183,187900,False,False
JGLE.JK,72.0,74.0,75.4,79.8,83.2,74.38,70.09,11.200000000000003,2.6013848586146446,282260700,False,False
JECC.JK,890.0,908.3333333333334,871.0,760.0,700.5,659.8,663.5768591308594,49.706666666666685,9.88292097780267,685400,False,False
JAYA.JK,174.0,158.66666666666666,159.6,159.7,147.55,135.88,131.99,38.120000000000005,9.881181072399652,73470400,False,False
JAWA.JK,154.0,150.33333333333334,153.0,149.1,141.4,129.88,133.23,24.120000000000005,6.880423898905066,44343100,False,False
JATI.JK,114.0,118.66666666666667,115.8,113.3,108.8,100.78,99.50584327697754,17.88666666666667,4.399196418680219,27245700,False,False
JAST.JK,88.0,89.66666666666667,91.0,93.4,93.2,87.64,87.13,5.760000000000005,2.079063453201658,5191400,True,True
JARR.JK,3890.0,3870.0,3806.0,3554.0,3316.0,2473.2,2168.2698754882813,141.68,3.773067037742827,12561500,False,False
ITMG.JK,26225.0,26183.333333333332,26150.0,26282.5,25933.75,24980.5,24145.28970703125,52.08,0.8776307361711202,1982500,False,False
ITMA.JK,1470.0,1478.3333333333333,1500.0,1517.5,1486.25,1409.3,1568.0,21.640000000000008,4.016616148752001,264300,False,False
ITIC.JK,216.0,217.33333333333334,220.0,223.6,224.4,218.18,220.35,4.200000000000003,0.9581370397775327,321700,True,False
ISSP.JK,430.0,436.0,443.6,449.0,437.1,424.32,410.63837188720703,12.340000000000003,2.530200709544149,4300700,False,False
ISEA.JK,90.0,88.66666666666667,89.2,88.2,85.55,82.04,77.9,7.959999999999994,1.7913211454189868,16564600,False,False
ISAT.JK,2360.0,2376.6666666666665,2392.0,2388.0,2473.0,2211.4,2089.2408923339844,26.15999999999999,1.542098178528524,32944000,False,False
ISAP.JK,25.0,24.666666666666668,26.0,25.3,24.35,24.38,25.49,1.6499999999999986,6.184886840171876,28650400,False,False
IRSX.JK,398.0,400.6666666666667,404.8,411.2,392.6,348.48,348.9491290283203,31.359999999999985,2.3548638906213877,44086200,False,False
IRRA.JK,368.0,369.3333333333333,371.2,379.0,375.3,374.08,377.94,5.5,4.384044980103647,235500,False,False
IPTV.JK,31.0,31.0,31.4,31.0,31.0,30.9,34.3,0.5,2.831996299803143,1310400,True,False
IPOL.JK,115.0,115.66666666666667,115.6,116.7,114.9,110.8,112.89,5.900000000000006,1.3691990958645606,137800,True,False
IPCM.JK,288.0,290.0,290.8,292.4,296.7,304.88,304.45177490234374,8.439999999999998,0.9168757614710912,476600,False,False
IPCC.JK,1105.0,1116.6666666666667,1121.0,1135.0,1144.0,1168.2,1159.9147979736329,12.64000000000001,0.7111555228036102,924200,False,False
IPAC.JK,189.0,189.0,188.4,187.2,183.35,171.22,159.51,17.78,1.147664636430263,0,False,False
IOTF.JK,63.0,64.0,63.6,65.2,64.6,59.5,58.29,5.700000000000003,3.8169745947465423,13744200,False,False
INTP.JK,5225.0,5183.333333333333,5195.0,5337.5,5443.75,5095.1,4735.948696289062,13.945999999999986,2.0519341875916317,889900,False,False
INTD.JK,272.0,294.6666666666667,282.0,272.4,280.8,262.68,250.3,15.99333333333334,7.798591797239718,21188300,False,False
INTA.JK,61.0,61.0,61.0,61.0,61.0,61.0,65.18,0.0,0.0,0,True,False
INPS.JK,970.0,886.6666666666666,864.0,809.5,746.25,696.2,681.15,54.75999999999999,5.274992756482577,1058500,False,False
INPP.JK,740.0,746.6666666666666,748.0,750.0,743.5454071044921,720.2136657714843,740.3643774414063,5.957266845703134,0.7698607434733279,41200,True,False
INPC.JK,151.0,154.66666666666666,157.4,164.6,156.0,145.06,143.0,19.539999999999992,4.3087882826272645,5750900,False,False
INOV.JK,136.0,137.33333333333334,138.0,138.9,140.9,137.4,132.03,4.900000000000006,0.9710132020769565,2665000,True,True
INKP.JK,8600.0,8700.0,8810.0,8957.5,8871.25,8352.5,8163.654423828125,24.2,2.2774799600093005,5040700,False,False
INET.JK,316.0,323.3333333333333,332.0,346.2,338.6,269.72,253.3,38.23999999999998,3.1381533673370474,264025600,False,False
INDY.JK,2700.0,2743.3333333333335,2788.0,2823.0,2771.0,2567.0,2575.205187988281,25.6,4.703929927988684,15195400,False,False
INDX.JK,60.0,60.0,60.0,60.0,60.0,60.0,70.38,0.0,2.837818317547164e-07,0,True,False
INDS.JK,252.0,254.66666666666666,259.2,265.2,266.5,268.84,287.71860275268557,8.419999999999987,1.8661135252385201,1099200,False,False
INDR.JK,2950.0,2946.6666666666665,2968.0,2926.0,2714.5,2383.1,2281.9,58.49000000000001,4.023449456059831,4200,False,False
INDO.JK,185.0,185.66666666666666,184.8,186.1,184.25,177.46,168.42,8.639999999999986,1.363835193251781,34268400,False,False
INDF.JK,7225.0,7250.0,7275.0,7320.0,7321.25,7132.0,6781.361293945312,7.57,1.2880594334318993,5718000,False,False
INCO.JK,4830.0,4720.0,4762.0,4838.0,5011.25,5021.2,5081.485537109375,30.119999999999983,2.1358005316503332,33992100,False,False
INCI.JK,815.0,800.0,801.0,798.0,745.5,694.1,678.602455444336,24.179999999999996,2.716360511134313,81700,False,False
INCF.JK,50.0,50.0,50.0,50.0,50.0,50.0,51.33,0.0,0.0,0,True,False
INAI.JK,175.0,174.33333333333334,175.2,176.2,176.95,170.96,164.41,5.989999999999981,0.9758831639147867,1208900,True,True
IMPC.JK,1700.0,1683.3333333333333,1695.0,1635.5,1508.5,1502.7,1659.85,39.459999999999994,4.857417717890884,24996800,False,False
IMJS.JK,185.0,186.33333333333334,185.6,188.5,179.05,163.1529998779297,160.78654403686522,25.347000122070312,6.118994873045186,2336100,False,False
IMAS.JK,880.0,885.0,895.0,916.0,899.5,868.6,892.9595672607422,9.479999999999995,4.433177493912043,95300,False,False
IKPM.JK,179.0,181.0,182.4,187.4,191.25,189.18,190.01,12.25,1.0119670748092506,101500,False,False
IKBI.JK,575.0,568.3333333333334,565.0,542.0,532.75,541.0289605712891,517.5412350463868,8.45,3.375570107265803,994700,False,False
IKAN.JK,91.0,88.33333333333333,89.2,90.3,89.7,86.5,84.69,4.5,2.4939211134258676,33199500,True,True
IKAI.JK,21.0,21.0,20.8,20.0,19.8,20.14,20.45,1.1999999999999993,3.6870673287893605,40924900,True,True
IGAR.JK,474.0,470.0,469.6,473.2,472.6,446.8,440.5734805297852,13.599999999999994,0.7510500984731945,21400,False,False
IFSH.JK,1000.0,1023.3333333333334,1045.0,1060.0,1069.75,1128.5,1360.3992749023437,25.7,2.3870887276450037,8400,False,False
IFII.JK,210.0,208.0,209.2,206.2,205.9,208.4,214.3,2.049999999999997,4.711506554503335,655900,False,False
IDPR.JK,274.0,280.6666666666667,278.0,275.0,271.2,281.64,288.47288482666016,5.219999999999999,2.1476329439443753,67500,True,False
IDEA.JK,102.0,93.33333333333333,85.8,74.5,67.65,65.22,65.34,36.78,5.256599791988854,57827900,False,False
ICON.JK,146.0,144.33333333333334,144.0,143.5,137.5,121.66,118.59,24.340000000000003,6.187620569426552,8115200,False,False
ICBP.JK,7025.0,7016.666666666667,7070.0,7165.0,7425.0,7218.0,6847.635434570312,16.33333333333332,1.2475820391566605,3961900,False,False
IBST.JK,8475.0,8475.0,8475.0,8475.0,8475.0,8475.0,8475.0,0.0,0.0,0,True,False
IBOS.JK,91.0,91.66666666666667,93.6,94.5,90.65,76.9,83.92,17.599999999999994,3.6831495751889487,997000,False,False
IBFN.JK,63.0,63.0,63.0,63.0,63.0,63.0,66.7,0.0,0.0,0,True,False
IATA.JK,116.0,120.33333333333333,123.0,130.1,124.65,97.46,83.64,32.64,5.967179844587201,507276000,False,False
HYGN.JK,184.0,189.33333333333334,191.6,189.1,184.1,170.06,156.51500045776368,21.539999999999992,2.271274867104849,1970400,False,False
HUMI.JK,130.0,132.0,134.0,139.0,142.4,137.91544158935548,141.919496383667,12.400000000000006,2.550839870621019,16133700,False,False
HRUM.JK,885.0,901.6666666666666,910.0,932.5,923.5,861.1,842.55,14.279999999999996,2.3808748123044112,11565300,False,False
HRTA.JK,2110.0,2126.6666666666665,2154.0,2213.0,2253.5,2071.4,2172.9259643554688,18.20999999999999,1.9930466568575345,9018500,False,False
HRME.JK,44.0,44.0,44.4,44.1,42.15,42.98,45.14,2.25,4.441406008685673,1073100,False,False
HOPE.JK,210.0,207.33333333333334,208.0,225.6,241.1,214.32,176.39,16.883333333333326,9.213194879630638,38190000,False,False
HOMI.JK,252.0,246.0,242.8,239.6,226.5,200.86,202.85,25.569999999999993,4.4352282091236335,2444500,False,False
HOKI.JK,53.0,54.333333333333336,55.0,55.4,55.6,54.62,56.98,2.6000000000000014,1.4907748404796295,25309300,True,False
HMSP.JK,655.0,678.3333333333334,701.0,725.0,732.75,726.7,695.846294555664,15.55,2.9956780381427137,51032800,False,False
HILL.JK,16.0,16.0,16.0,16.0,16.0,16.0,16.56,0.0,0.0,0,True,False
HGII.JK,141.0,142.66666666666666,141.2,139.7,135.95,127.62,128.9817854309082,15.046666666666653,1.5056100038272164,2136900,False,False
HEXA.JK,4400.0,4450.0,4454.0,4471.0,4432.5,4440.4,4425.8,7.1,0.7314833788196743,1682300,False,False
HERO.JK,340.0,337.3333333333333,336.4,336.6,335.9,337.12,356.69,2.0500000000000114,1.0840581438940646,233600,True,False
HELI.JK,216.0,207.33333333333334,205.6,205.4,200.65,192.4,187.45,11.799999999999997,2.6136778443379654,4024100,False,False
HEAL.JK,675.0,678.3333333333334,677.0,679.5,674.5,762.9,855.4551354980468,17.679999999999996,1.0260952570774815,8692500,False,False
HDIT.JK,50.0,50.0,50.0,50.0,50.0,50.38,52.71,0.38000000000000256,0.0,1058700,True,False
HDFA.JK,101.0,101.33333333333333,101.0,101.5,100.8,95.76,95.69,5.739999999999995,0.8071307050669014,747000,True,False
HBAT.JK,350.0,351.3333333333333,342.4,320.6,285.2,262.12,338.09,44.606666666666655,3.8987336495136677,2181900,False,False
HATM.JK,565.0,570.0,581.0,590.5,591.5,537.68,431.73464569091794,10.76400000000001,2.629260166040924,31186500,False,False
HALO.JK,71.0,71.33333333333333,72.2,74.5,71.45,69.34,69.52,5.159999999999997,9.450018730034692,9062400,False,False
HAJJ.JK,111.0,112.0,112.0,111.2,111.9,107.6,111.88,4.400000000000006,3.579177523851366,11159800,True,False
HAIS.JK,183.0,183.66666666666666,184.6,186.9,184.95,183.16,180.69,3.9000000000000057,1.1828665800375329,557800,True,False
HADE.JK,23.0,22.0,23.2,21.9,19.35,18.76,17.68,4.439999999999998,7.271105411492454,16490200,False,False
GZCO.JK,184.0,187.66666666666666,189.0,195.0,188.65,170.62,168.51,24.379999999999995,1.76034852811925,11133300,False,False
GWSA.JK,156.0,159.33333333333334,163.4,167.5,166.1,143.2,137.01,24.30000000000001,2.0463665344810096,1086900,False,False
GUNA.JK,220.0,220.0,220.0,220.2,218.8,206.0,191.4067189025879,7.099999999999994,0.838303751412026,103400,False,False
GULA.JK,830.0,830.0,829.0,810.0,784.5,754.4,626.58,15.120000000000005,1.9695450473531007,24448000,False,False
GTSI.JK,153.0,156.66666666666666,160.4,165.7,170.95,161.54,163.2162021636963,17.94999999999999,2.6378201416620457,9554300,False,False
GTRA.JK,236.0,240.0,244.4,255.4,245.2,234.04,221.81,10.680000000000007,0.6571262009460745,266800,False,False
GTBO.JK,152.0,153.33333333333334,154.4,154.9,162.45,166.98,179.06,14.97999999999999,5.112500790087748,2700,False,False
GSMF.JK,102.0,103.0,107.8,101.7,99.05,91.7,94.93,16.099999999999994,12.639619134371946,7536100,False,False
GRPM.JK,170.0,170.33333333333334,170.4,170.1,176.0,210.7,239.97,40.69999999999999,2.8428627084471665,12936800,False,False
GRPH.JK,137.0,137.0,137.0,128.3,105.4,78.14,69.71,58.86,7.937814370553569,0,False,False
GRIA.JK,167.0,166.66666666666666,166.2,167.7,174.25,144.94,130.94,29.310000000000002,1.2608963244742646,24414400,False,False
GPSO.JK,280.0,285.3333333333333,285.6,289.0,293.1,297.08,354.7,8.539999999999992,1.3334608502879612,4979100,False,False
GPRA.JK,103.0,104.0,104.2,105.8,108.25,105.56,105.11186157226562,5.25,1.8451926118574564,115539400,True,False
GOTO.JK,50.0,50.0,50.0,50.0,50.0,50.0,50.22,0.0,0.0,5406900,True,False
GOOD.JK,312.0,310.6666666666667,312.4,316.4,313.6,305.88,316.5793188476562,5.259999999999991,1.4839872550901003,214700,True,False
GOLF.JK,173.0,177.33333333333334,177.6,169.1,165.35,164.76,168.20373168945312,12.840000000000003,3.213956833378929,6638500,False,False
GOLD.JK,276.0,274.0,275.6,277.6,276.6,268.4,266.94,4.600000000000023,1.3004098711016832,218300,True,False
GMTD.JK,1235.0,1270.0,1275.0,1329.0,1359.25,1320.5,1430.576697998047,24.85,3.2632286450497734,30200,False,False
GMFI.JK,58.0,58.333333333333336,58.0,58.9,58.9,56.8,55.82,2.1000000000000014,2.612899178020344,87882400,True,True
GLVA.JK,334.0,332.6666666666667,330.4,328.0,320.5,310.32,314.10195404052735,11.840000000000003,0.9660978549375164,54300,False,False
GJTL.JK,1330.0,1345.0,1345.0,1365.0,1378.5,1280.1,1197.415799560547,19.680000000000017,1.363658671995663,2010200,False,False
GIAA.JK,62.0,62.666666666666664,63.6,65.6,66.75,61.2,60.17,5.549999999999997,3.0044997139156626,36041600,True,True
GHON.JK,1685.0,1685.0,1681.0,1669.0,1646.5,1626.1,1698.75,11.780000000000019,1.0290504686090778,5300,False,False
GGRP.JK,318.0,323.3333333333333,326.4,322.2,313.8,303.4,294.17742309570315,11.5,2.5450799326565323,648900,False,False
GGRM.JK,17750.0,18208.333333333332,18700.0,19387.5,19767.5,19051.0,17186.375,80.7,1.9058227218543629,760100,False,False
GEMS.JK,7350.0,7400.0,7460.0,7522.5,7188.75,6787.0,6925.5,29.42,1.9678240694765154,35900,False,False
GEMA.JK,91.0,91.33333333333333,92.0,92.6,88.5,83.64,82.59952293395996,8.959999999999994,1.9607350011499138,2456500,False,False
GDYR.JK,1125.0,1130.0,1127.0,1126.0,1119.75,1105.3,1098.75,4.940000000000009,1.317535211684835,2300,True,False
GDST.JK,113.0,113.0,113.2,114.2,113.3,105.46,97.51,8.740000000000009,2.1445502345780065,6978200,False,False
FWCT.JK,90.0,90.66666666666667,91.2,91.3,91.45,90.4,86.67,1.4500000000000028,2.102783266135338,1135500,True,True
FUTR.JK,282.0,295.3333333333333,296.0,308.2,323.2,296.8,241.97,20.599999999999994,3.0887343806561347,41818100,False,False
FUJI.JK,254.0,251.33333333333334,248.8,248.2,279.4,235.42,258.11,21.989999999999995,1.6556758577765236,6839900,False,False
FPNI.JK,505.0,515.0,531.0,569.0,581.5,455.4,416.4,25.220000000000006,5.493851713409904,2309600,False,False
FORU.JK,4020.0,4296.666666666667,4032.0,3810.0,3029.75,2856.1,2529.9,144.0566666666667,12.576008791454187,6057100,False,False
FORE.JK,780.0,790.0,788.0,797.5,808.75,736.2,765.05,14.509999999999991,1.6736524771902257,1734000,False,False
FOOD.JK,176.0,176.0,176.0,176.0,176.0,176.0,175.24,0.0,0.0,0,True,False
FOLK.JK,244.0,269.3333333333333,264.4,233.2,204.85,206.42,226.07,32.24166666666666,9.468619118595111,34795700,False,False
FMII.JK,252.0,250.66666666666666,252.0,252.6,253.2,251.32,248.3,1.2666666666666657,1.3245789990820667,11500,True,False
FLMC.JK,116.0,125.0,128.0,121.9,102.8,81.44,105.07,46.56,6.65573876195326,4572400,False,False
FITT.JK,430.0,451.3333333333333,446.8,447.0,420.1,385.8,385.42,32.76666666666665,5.959424796770641,3528400,False,False
FISH.JK,700.0,713.3333333333334,678.0,645.0,627.0,623.2,652.4270770263672,18.026666666666664,4.70944028993535,242000,False,False
FIRE.JK,122.0,123.0,123.2,124.8,118.9,111.86,114.31,12.939999999999998,3.741452682414,12567500,False,False
FILM.JK,680.0,736.6666666666666,765.0,821.5,813.25,1061.9,1563.8,76.38000000000002,6.567633825148392,32760400,False,False
FAST.JK,426.0,430.6666666666667,435.6,448.2,459.3,384.0,318.88,37.650000000000006,1.0263783203631827,9349000,False,False
FAPA.JK,7425.0,7416.666666666667,7435.0,7462.5,7460.0,7404.0,7271.29734375,2.34,0.3460991513199822,400,True,False
EXCL.JK,2540.0,2546.6666666666665,2594.0,2660.0,2718.5,2607.4,2686.7,17.85,1.3767587355324915,5181800,False,False
EURO.JK,1490.0,1398.3333333333333,1405.0,1433.0,1451.75,1685.2,1896.3603308105469,57.373333333333356,5.4974213231283775,2914300,False,False
ESTI.JK,169.0,168.33333333333334,169.8,170.0,165.5,155.44,145.15920150756835,14.560000000000002,8.732877951900717,8487700,False,False
ESTA.JK,177.0,176.0,174.8,175.0,173.4,177.84,186.31,4.439999999999998,1.8160448637257103,2796700,True,False
ESSA.JK,605.0,625.0,642.0,670.5,654.75,634.0,644.7225891113281,13.1,1.9135216242846642,120637000,False,False
ESIP.JK,121.0,122.33333333333333,121.8,123.3,122.8,126.3993701171875,131.68897644042968,5.399370117187502,5.94661450132882,8930400,False,False
ERTX.JK,176.0,178.0,180.2,182.6,182.8,176.26,169.13,6.800000000000011,1.4413019198378831,256500,False,False
ERAL.JK,318.0,323.3333333333333,322.4,324.0,313.5,302.36,289.91729431152345,10.819999999999993,2.352131151008589,7657000,False,False
ERAA.JK,595.0,593.3333333333334,593.0,592.5,538.75,457.52,404.3284118652344,27.496000000000002,5.279803656634117,61551100,False,False
EPMT.JK,2630.0,2576.6666666666665,2532.0,2469.0,2432.5,2370.0,2348.5,26.0,2.78445864784678,130500,False,False
EPAC.JK,50.0,52.333333333333336,53.4,54.6,55.5,60.88,65.34,10.880000000000003,3.1043370462735327,80989000,False,False
ENZO.JK,78.0,78.0,77.4,76.2,74.65,72.2,72.76,5.799999999999997,3.541057695662027,55093900,True,True
ENRG.JK,1365.0,1416.6666666666667,1434.0,1417.5,1353.5,1319.1483361816406,1361.1241680908204,22.970332763671877,3.168871872420293,55022100,False,False
ENAK.JK,224.0,226.0,226.0,229.8,234.0,245.48,272.12,10.739999999999995,0.9349680742655115,324900,False,False
EMTK.JK,484.0,490.6666666666667,494.4,506.7,515.1,518.26,579.49318359375,17.129999999999995,1.9879312034338144,24777600,False,False
EMDE.JK,76.0,76.0,77.0,78.6,77.5,74.36,71.47,4.239999999999995,2.4519621608531756,5045800,True,True
EMAS.JK,7475.0,7591.666666666667,8025.0,8282.5,8475.0,7267.0,7370.75,48.32,4.107725501524544,13790800,False,False
ELTY.JK,35.0,34.666666666666664,34.8,35.9,37.15,33.54,32.54,3.6099999999999994,3.934389117349893,50919000,False,False
ELSA.JK,710.0,718.3333333333334,722.0,729.5,719.25,692.6,649.7032434082031,7.3799999999999955,2.058959022190176,15384800,False,False
ELPI.JK,650.0,661.6666666666666,675.0,678.5,674.5,790.8,1104.8324548339845,28.15999999999999,6.061841897262702,720600,False,False
ELIT.JK,288.0,273.3333333333333,272.8,273.0,254.5,205.56,195.3,41.22,6.97961964620747,81531300,False,False
EKAD.JK,396.0,403.3333333333333,407.6,413.0,396.7,270.68,217.8155546569824,71.16,7.5128975457803255,3661000,False,False
ECII.JK,170.0,165.0,166.6,170.9,164.1,156.6,152.84,14.300000000000011,4.502133572109362,10659500,False,False
EAST.JK,90.0,90.0,89.8,89.8,90.05,89.41478302001953,88.03576438903809,0.6352169799804699,0.7449091800657827,292500,True,False
DYAN.JK,86.0,86.0,86.8,87.6,88.25,84.66,82.1,3.5900000000000034,1.1974856887427634,950600,True,False
DWGL.JK,232.0,228.66666666666666,231.2,237.0,259.4,282.44,269.66,26.88666666666667,2.227451223373058,4143600,False,False
DVLA.JK,1590.0,1590.0,1592.0,1595.5,1589.75,1580.7,1547.9228979492189,2.959999999999991,0.19798679785004938,42000,True,False
DUTI.JK,4770.0,4770.0,4774.0,4787.0,4794.0,4477.2,4141.7999658203125,31.680000000000017,0.14085777943099986,200,False,False
DSSA.JK,1085.0,1080.0,1090.0,1130.0,1112.0,968.5,965.58,32.3,2.1165933015962852,292021100,False,False
DSNG.JK,1595.0,1615.0,1627.0,1642.0,1584.75,1401.7,1351.49369140625,48.05999999999999,2.0787334734109852,7676600,False,False
DSFI.JK,90.0,88.0,87.8,88.0,87.45,82.54,81.09,7.459999999999994,1.7638515763125435,134748000,False,False
DRMA.JK,985.0,996.6666666666666,1005.0,1008.0,1009.25,965.8,960.2533331298828,8.690000000000008,0.9353351182378199,648100,False,False
DPUM.JK,159.0,145.33333333333334,139.8,124.9,109.9,102.72,123.98,56.28,11.878650954917758,708954200,False,False
DOSS.JK,174.0,170.0,168.8,169.7,169.35,157.6,146.83223121643067,16.400000000000006,1.8846402303422363,19919500,False,False
DOOH.JK,440.0,401.3333333333333,399.2,365.8,345.9,267.4,202.26,86.30000000000001,6.37321598819207,45133700,False,False
DOID.JK,240.0,244.66666666666666,246.8,248.8,239.4,222.92,219.7,12.940000000000012,3.66788766734627,2547000,False,False
DNET.JK,9825.0,9841.666666666666,9880.0,9932.5,9976.25,9851.5,9838.25,6.05,0.46094875563937493,9800,False,False
DNAR.JK,131.0,130.33333333333334,130.8,133.9,131.1,124.4,123.68,9.5,1.5625995805200337,419700,False,False
DMND.JK,610.0,610.0,612.0,614.0,616.5,618.0,614.2585986328126,1.6,1.2054234620776618,31500,True,False
DMMX.JK,187.0,186.33333333333334,185.8,188.4,188.4,180.96,179.92635452270508,7.439999999999998,1.111438289611576,4819000,False,False
DMAS.JK,188.0,191.33333333333334,192.0,196.0,189.45,161.34,147.85950340270995,34.66,1.8915657834321382,116045100,False,False
DLTA.JK,1785.0,1788.3333333333333,1790.0,1792.0,1789.75,1780.8,1765.8898010253906,2.240000000000009,0.276941410016196,48500,True,False
DKHH.JK,69.0,70.0,70.2,71.1,68.05,65.2,65.29,5.8999999999999915,5.511066031648116,8198400,False,False
DKFT.JK,640.0,653.3333333333334,661.9142822265625,670.7428466796875,654.5785614013672,637.79712890625,656.7699822998047,6.5891435546875075,2.187053653393643,5562500,False,False
DIVA.JK,136.0,135.66666666666666,136.0,136.9,136.9,129.28,130.47,7.6200000000000045,1.4804886860274569,25360800,False,False
DILD.JK,115.0,116.33333333333333,117.4,119.4,119.8,117.3,118.12,4.799999999999997,0.8260014806313357,9304100,True,False
DIGI.JK,29.0,29.0,29.0,29.0,29.0,29.0,31.35,0.0,0.0,0,True,False
DGWG.JK,324.0,326.0,330.0,337.8,340.5,313.16,318.10145599365234,13.669999999999987,1.186184825681501,10314200,False,False
DGNS.JK,268.0,266.6666666666667,270.8,271.6,252.3,239.68,241.04,15.960000000000008,3.9335449210607107,1161200,False,False
DGIK.JK,139.0,138.33333333333334,137.4,139.5,138.5,133.1,130.82,6.400000000000006,2.363060949819015,14473000,False,False
DFAM.JK,95.0,86.33333333333333,85.6,84.4,82.9,82.3,92.28,12.700000000000003,4.906186945452714,319087500,False,False
DEWI.JK,170.0,168.66666666666666,165.8,161.3,155.65,136.44,128.97,33.56,1.5085665507563362,34368200,False,False
DEWA.JK,370.0,390.6666666666667,403.2,424.8,435.8,426.05,403.0311463928223,32.900000000000006,2.122377926991616,935627600,False,False
DEPO.JK,240.0,240.0,240.0,247.4,249.3,246.89,250.7788998413086,4.650000000000006,2.127871512948756,638000,True,False
DEFI.JK,119.0,120.33333333333333,113.8,110.4,108.05,107.28,122.73,13.053333333333327,12.503040471820759,574134900,False,False
DCII.JK,192900.0,197183.33333333334,198750.0,200015.0,200980.0,198308.0,195404.25,323.2,1.068909698823909,300,False,False
DAYA.JK,1050.0,1061.6666666666667,1074.0,1095.5,1090.0,1025.8,1037.55,13.940000000000008,1.5344068398239523,200,False,False
DATA.JK,1655.0,1668.3333333333333,1714.0,1792.0,1826.25,1962.7,1905.95,61.540000000000006,3.1210493961270567,3223300,False,False
DART.JK,167.0,164.66666666666666,162.0,161.7,163.15,147.32,140.06,19.680000000000007,2.41921461941399,3708400,False,False
DADA.JK,50.0,50.0,50.0,50.0,50.0,50.0,50.0,0.0,0.0,77500,True,False
DAAZ.JK,1625.0,1646.6666666666667,1647.0,1660.0,1681.0,1615.0,1724.462215576172,13.2,1.4487633712599555,100100,False,False
CYBR.JK,520.0,523.3333333333334,524.0,525.5,534.5,556.8,587.075,7.3599999999999905,1.428225618976107,28783000,False,False
CUAN.JK,900.0,920.0,938.0,935.0,883.5,769.6,784.71,33.67999999999999,2.596524142783798,208893400,False,False
CTTH.JK,129.0,128.66666666666666,127.0,128.4,128.5,127.18,140.88,2.0,2.128048225404115,12078100,True,False
CTRA.JK,600.0,606.6666666666666,611.0,622.5,623.75,598.2,591.7515716552734,5.1099999999999905,1.3710741312597328,8686900,True,True
CTBN.JK,3030.0,3040.0,3048.0,3068.0,3141.5,3962.3,4676.463310546875,93.23000000000002,0.3346665951928145,6000,False,False
CSRA.JK,755.0,755.0,758.0,766.0,766.75,763.3,793.35,2.35,1.0576613681645246,404800,True,False
CSMI.JK,176.0,184.33333333333334,194.6,188.8,179.2,123.88,104.45,70.72,6.504659659222716,21780200,False,False
CSIS.JK,204.0,204.0,205.6,209.8,215.8,195.24,175.13840095520018,10.280000000000001,2.190910121950227,855800,False,False
CSAP.JK,294.0,294.0,294.4,295.6,293.5,290.24,282.3802740478516,2.680000000000007,1.3917655210580173,33600,True,False
CRSN.JK,126.0,127.66666666666667,132.0,135.0,132.25,117.8,111.17796363830567,17.200000000000003,3.16536396918261,1417600,False,False
CRAB.JK,214.0,215.33333333333334,216.4,217.6,213.6,210.24,209.82,3.6799999999999926,1.6717007737865788,574400,True,False
CPRO.JK,50.0,50.0,50.0,50.0,50.0,50.36,51.43,0.35999999999999943,0.0,1133800,True,False
CPIN.JK,3120.0,3113.3333333333335,3156.0,3208.0,3111.5,3127.4,3393.441408691406,9.65,3.5087719542544136,18585500,False,False
COIN.JK,735.0,725.0,730.0,787.0,798.75,734.6,806.65,14.75,3.7865292206433256,18687100,False,False
COCO.JK,133.0,137.33333333333334,136.0,136.2,121.05,122.67179870605469,183.72584541320802,16.283333333333346,5.273024304273045,393378200,False,False
COAL.JK,31.0,31.0,31.0,31.0,31.0,26.6,35.32,4.399999999999999,0.0,0,True,False
CNMA.JK,91.0,91.33333333333333,91.6,92.3,92.35,92.54,93.19,1.5400000000000063,1.0762911297951092,24472000,True,False
CNKO.JK,37.0,37.0,37.0,37.0,37.0,37.0,40.35,0.0,0.0,0,True,False
CMRY.JK,4480.0,4496.666666666667,4470.0,4539.0,4571.335424804687,4556.46138671875,4480.373818359375,10.133542480468714,2.1224669112986967,3467800,False,False
CMPP.JK,69.0,69.0,69.0,69.0,69.0,69.0,71.31,0.0,0.0,0,True,False
CMNT.JK,765.0,763.3333333333334,760.0,750.0,754.75,778.4,786.1,5.679999999999995,1.648545894225588,12710200,True,False
CMNP.JK,1400.0,1398.3333333333333,1408.0,1428.0,1405.0,1375.9,1398.95,10.419999999999982,2.2907858613958485,44800,False,False
CLPI.JK,1605.0,1605.0,1609.0,1617.5,1608.5,1577.3,1513.3662048339843,8.04000000000001,0.4231515069570435,63200,False,False
CLEO.JK,422.0,425.3333333333333,423.6,423.0,412.4,393.6,387.697956237793,15.866666666666646,2.29936197957607,16799500,False,False
CLAY.JK,2740.0,2680.0,2688.0,2713.0,2723.5,2629.0,2713.5,11.1,1.6493240219411731,24000,False,False
CITY.JK,179.0,180.33333333333334,183.6,185.4,180.9,174.84,172.69,10.560000000000002,3.4964572824371363,907700,False,False
CITA.JK,3490.0,3496.6666666666665,3502.0,3509.0,3380.5,3282.0,3227.7253735351565,22.7,1.790554578302301,180600,False,False
CINT.JK,194.0,186.66666666666666,186.4,186.7,183.8,176.64,178.68,17.360000000000014,2.1342966046156793,43301600,False,False
CHIP.JK,735.0,756.6666666666666,773.0,801.0,827.75,883.6714001464844,929.1432330322266,29.734280029296883,1.5315605848645866,124500,False,False
CHEM.JK,69.0,69.33333333333333,70.4,71.1,70.5,67.56,69.36259826660157,3.539999999999992,2.1498031100523507,8383700,True,False
CHEK.JK,129.0,129.33333333333334,129.2,131.8,133.2,131.66,129.54,4.199999999999989,2.1691489030808118,274500,True,False
CGAS.JK,145.0,145.66666666666666,147.4,149.9,150.1,151.16,154.75333221435548,6.159999999999997,0.8974982789138624,2054200,False,False
CFIN.JK,374.0,372.6666666666667,371.6,371.4,363.5,350.24,326.05122009277346,11.879999999999995,1.3472790567194632,1808300,False,False
CENT.JK,104.0,107.0,107.4,107.1,104.05,89.8,86.44,17.60000000000001,6.870920530957769,19051000,False,False
CEKA.JK,2210.0,2183.3333333333335,2194.0,2194.0,2193.0,2191.0,2180.51953125,2.6666666666666514,1.0282384217487002,12500,True,False
CDIA.JK,645.0,655.0,669.0,686.5,685.5,675.3,742.9799108886718,8.3,1.804110612681338,31102400,False,False
CCSI.JK,440.0,412.0,371.6,329.2,296.3,269.04,261.44,85.47999999999999,8.57130161599805,58426500,False,False
CBUT.JK,1050.0,1025.0,1030.0,988.5,925.75,855.1,778.21,38.98,4.201263912228887,160400,False,False
CBRE.JK,710.0,718.3333333333334,724.0,735.0,715.75,706.9,748.2,5.6200000000000045,3.500498549596491,5669600,True,False
CBPE.JK,496.0,498.3333333333333,494.2,507.5,508.55,424.62,357.4884634399414,41.965,5.848463338334109,24600,False,False
CBDK.JK,3710.0,3713.3333333333335,3774.0,3920.0,3877.5,3720.2,3840.9659765625,21.0,3.0512752418564286,869400,False,False
CASS.JK,1865.0,1850.0,1847.0,1841.5,1850.5,1864.8,1828.85,4.7,1.1257430295248212,95500,True,False
CASH.JK,248.0,234.66666666666666,230.8,228.2,231.4,221.14,210.39,13.430000000000007,4.049653096733617,5134600,False,False
CASA.JK,1805.0,1843.3333333333333,1865.0,1833.5,1825.75,1837.1,1670.2,12.0,4.265493217621237,4700,False,False
CARS.JK,113.0,113.0,113.6,113.2,108.5,96.4,93.04,17.19999999999999,1.056998782953115,7625200,False,False
CARE.JK,398.0,399.3333333333333,401.6,414.8,428.4,426.24,418.36,15.199999999999989,2.822550904539285,358600,False,False
CANI.JK,135.0,135.0,135.0,135.0,135.0,135.0,137.74,0.0,0.0,0,True,False
CAMP.JK,170.0,170.33333333333334,170.4,171.2,170.75,170.34,177.92,1.1999999999999886,0.6623285239451818,2537300,True,False
CAKK.JK,160.0,159.66666666666666,159.2,159.3,154.9,144.62,146.72,15.379999999999995,0.9581968384234455,1758400,False,False
BYAN.JK,11350.0,10883.333333333334,11620.0,12707.5,13816.25,12807.5,11762.936005859376,117.31666666666665,5.999864455800639,9855500,False,False
BWPT.JK,120.0,123.33333333333333,124.4,127.4,117.5,96.66,95.69,30.74000000000001,3.3055508241475198,106964400,False,False
BVIC.JK,92.0,93.33333333333333,94.2,94.6,94.05,91.46,92.45,3.1400000000000006,1.0213868644101043,1941500,True,False
BUVA.JK,700.0,705.0,711.0,733.5,738.0,794.1,827.75,18.820000000000004,1.7256656072286551,34674200,False,False
BUMI.JK,202.0,206.0,208.4,212.6,203.6,181.2,178.73,15.700000000000003,2.7674193064687906,2455123200,False,False
BULL.JK,406.0,415.3333333333333,419.2,428.4,437.3,415.36,410.36,15.650000000000006,1.7564705177513875,301022300,False,False
BUKK.JK,985.0,965.0,967.0,978.5,988.5,1026.8,1038.85,12.35999999999999,1.7071486744494384,87300,False,False
BUKA.JK,103.0,104.66666666666667,106.0,110.0,110.4,111.16,117.67,8.159999999999997,1.8993547703501792,99710400,False,False
BUDI.JK,226.0,224.66666666666666,224.4,226.6,227.5,217.6,212.38,4.950000000000003,1.233693424533916,217000,True,False
BUAH.JK,492.0,494.6666666666667,495.6,499.6,503.55,507.02,509.0426669311523,7.509999999999991,0.4784287424929227,326000,False,False
BTPS.JK,1030.0,1043.3333333333333,1046.0,1043.5,1014.0,1005.5,990.5194934082032,8.1,2.1930243804645064,1528700,False,False
BTPN.JK,2350.0,2330.0,2354.0,2399.0,2310.0,2237.6,2201.9719311523436,16.140000000000008,3.013622063215533,7900,False,False
BTON.JK,384.0,370.6666666666667,367.2,365.4,364.5,360.68,362.84,11.659999999999997,1.9283014724265375,236600,False,False
BTEK.JK,11.0,12.0,11.8,11.1,10.65,10.72,11.16,1.3499999999999996,6.391942003950314,216597400,False,False
BSSR.JK,4880.0,4910.0,4914.0,4916.0,4734.5,4456.4,4066.980822753906,45.960000000000036,1.7221732503915246,606100,False,False
BSML.JK,550.0,550.0,542.0,532.5,524.5,521.3,475.65,5.740000000000009,1.3341874555769506,8065200,True,True
BSIM.JK,1030.0,1050.0,1083.0,1127.0,971.0,806.4,794.35,64.12,4.52047751073885,286500,False,False
BSDE.JK,635.0,641.6666666666666,641.0,650.0,646.5,605.0,631.9,9.0,1.5356676759974075,7053900,False,False
BSBK.JK,50.0,50.0,50.0,50.0,50.3,51.64,52.98,1.6400000000000006,0.0,756200,True,False
BRRC.JK,72.0,71.66666666666667,72.4,73.5,74.6,65.74,64.94,8.86,1.4421294966901583,12505200,False,False
BRPT.JK,1600.0,1625.0,1661.0,1716.0,1775.25,1781.5,1767.170869140625,36.3,0.7358091795013556,38199400,False,False
BRNA.JK,660.0,646.6666666666666,644.0,633.5,620.5,618.0,621.25,8.4,0.9036058277875267,2187900,False,False
BRMS.JK,730.0,731.6666666666666,712.0,713.5,715.25,631.06,636.8,20.121333333333336,3.0440418697343525,416318400,False,False
BRIS.JK,1665.0,1701.6666666666667,1716.0,1749.0,1767.25,1786.9,1798.2028747558593,24.380000000000017,1.0288667058241001,28832500,False,False
BREN.JK,3090.0,3116.6666666666665,3178.0,3254.0,3323.0,3380.2,3535.359208984375,29.019999999999982,1.4934557556767443,7016300,False,False
BRAM.JK,4590.0,4616.666666666667,4630.0,4629.0,4619.5,4560.4,4480.0701831054685,6.960000000000036,1.0433276397610405,100,False,False
BPTR.JK,75.0,75.33333333333333,75.6,75.1,75.65,74.1,74.63,1.5500000000000114,1.3311051492297525,1435600,True,True
BPII.JK,474.0,472.6666666666667,474.4,474.0,484.9750610351563,458.2231085205078,455.9460427856445,13.375976257324226,1.1136113237051475,21600,False,False
BPFI.JK,252.0,251.33333333333334,249.6,249.0,247.5,252.16,252.8048710632324,2.3299999999999983,0.7667214116816138,7800,True,False
BOLT.JK,805.0,798.3333333333334,798.0,802.5,799.0,795.6,804.4348486328125,1.8799999999999955,1.978828246930094,6500,True,False
BOLA.JK,175.0,181.66666666666666,183.0,180.7,165.5,161.06,158.94,21.939999999999998,5.595120966228341,2422900,False,False
BOGA.JK,1560.0,1563.3333333333333,1568.0,1596.5,1596.5,1584.3,1462.75,7.3,2.6904750483498225,500,False,False
BOBA.JK,204.0,207.33333333333334,210.0,213.8,212.3,223.52,253.5959423828125,9.760000000000005,1.6570091673256409,3233300,False,False
BOAT.JK,138.0,136.66666666666666,137.0,137.9,140.95,131.42,125.59,9.530000000000001,1.6876765333966597,14259700,False,False
BNLI.JK,2100.0,2110.0,2124.0,2138.0,2149.0,2221.6,2584.8,12.159999999999991,0.4799747101825638,14200,False,False
BNII.JK,191.0,191.66666666666666,191.4,192.7,192.95,191.98,192.41851776123048,1.9499999999999886,0.4398492933561411,3108800,True,False
BNGA.JK,1735.0,1740.0,1739.0,1732.0,1706.0,1662.0,1637.1102514648437,15.6,0.87342427866437,1827000,False,False
BNBR.JK,90.0,91.66666666666667,93.0,96.2,98.25,98.56,111.15768531799317,8.560000000000002,1.0356812938510107,494346700,False,False
BNBA.JK,800.0,790.0,792.0,796.0,768.25,751.5,743.75,9.7,3.1153189948055853,381800,False,False
BMTR.JK,114.0,115.0,116.2,116.5,115.7,115.7,123.73,2.5,2.8080295867696945,44287100,True,False
BMSR.JK,370.0,377.3333333333333,354.8,336.2,323.9,313.92,308.16,31.70666666666665,8.541865624996616,1139200,False,False
BMRI.JK,4260.0,4302.159830729167,4300.74384765625,4325.77890625,4245.725866699218,4183.119150390625,4119.930090332031,14.265975585937486,1.3714648661509663,140870900,False,False
BMHS.JK,199.0,201.0,200.6,199.6,195.3,187.94,184.52584701538086,13.060000000000002,1.358730527260811,821600,False,False
BMBL.JK,31.0,31.333333333333332,31.0,30.1,28.75,30.54,32.28,2.583333333333332,5.199125890048913,19069400,False,False
BMAS.JK,515.0,520.0,521.0,522.0,514.85,496.54,492.64,5.091999999999996,5.0901094658130575,611600,False,False
BLUE.JK,2990.0,3010.0,2992.0,3005.0,2846.0,2750.2,2947.1482397460936,25.980000000000018,6.486914246787455,327700,False,False
BLTA.JK,32.0,32.333333333333336,32.4,32.5,32.6,33.02,34.75,1.0200000000000031,2.267460226776258,3778100,True,False
BLOG.JK,362.0,364.0,364.0,371.0,376.4,370.24,357.21586242675784,7.199999999999989,0.9700074340285139,307700,False,False
BLES.JK,197.0,205.0,207.0,200.9,203.8,186.26,165.94686248779297,20.74000000000001,3.149518717311521,13738700,False,False
BKSW.JK,54.0,54.0,54.0,54.5,53.45,52.72,53.44,1.7800000000000011,0.7598065485813035,779900,True,False
BKSL.JK,68.0,68.66666666666667,69.8,72.3,73.8,71.12,74.94,5.799999999999997,0.8831854639873232,70701100,True,False
BKDP.JK,178.0,189.0,182.2,177.9,168.95,161.42,135.7,27.580000000000013,9.314260463991712,14726600,False,False
BJTM.JK,520.0,521.6666666666666,522.0,526.0,523.75,519.6,518.7872192382813,1.2799999999999954,0.7030379229793273,6221400,True,True
BJBR.JK,790.0,793.3333333333334,794.0,798.0,794.25,786.5,778.7658190917969,2.3,0.46182810336258384,1462000,True,True
BISI.JK,720.0,721.6666666666666,723.0,729.0,717.0,682.4,690.1750360107421,9.320000000000004,0.9750542071076338,59900,False,False
BIRD.JK,1600.0,1603.3333333333333,1605.0,1615.5,1625.0,1613.8,1521.4725048828125,5.0,0.46540476204255604,821500,True,False
BIPP.JK,69.0,66.66666666666667,67.2,68.2,68.2,66.92,66.67,2.3333333333333286,2.8382152859412337,19942100,True,True
BIPI.JK,138.0,141.33333333333334,143.8,146.6,147.55,146.2,163.44,9.550000000000011,3.093395138744821,239471000,False,False
BINO.JK,116.0,117.33333333333333,118.2,119.1,117.25,111.06,108.36,8.039999999999992,1.0353965458553873,173400,False,False
BINA.JK,4080.0,4073.3333333333335,4094.0,4135.0,4167.0,4095.6,4009.6,9.366666666666651,0.841536023505292,117100,False,False
BIKE.JK,940.0,965.0,956.0,895.0,785.15,620.06,565.03,68.98800000000001,6.18270298683555,289800,False,False
BHIT.JK,25.0,25.666666666666668,26.0,25.7,25.5,25.66,27.32,1.0,2.5667627859031747,13621900,True,False
BHAT.JK,1770.0,1770.0,1770.0,1770.0,1770.0,1770.0,1546.7,0.0,0.0,0,True,False
BGTG.JK,120.0,120.66666666666667,120.6,121.4,117.9,113.54,113.47,7.859999999999999,1.750869262994971,10790500,False,False
BFIN.JK,980.0,985.0,994.0,993.0,948.0,886.5,800.5180877685547,21.5,2.4786200345874843,18502600,False,False
BEST.JK,121.0,123.0,125.2,130.7,128.8,114.42,108.07,16.279999999999987,2.236271911935417,14696600,False,False
BESS.JK,920.0,908.3333333333334,913.0,909.0,908.75,905.8,958.3533221435547,2.840000000000009,2.257825922412605,82400,True,False
BELL.JK,107.0,107.33333333333333,109.0,111.7,113.15,114.14,114.63,7.140000000000001,1.7806868823165518,10422200,False,False
BELI.JK,286.0,288.0,292.8,312.8,297.8,274.84,299.36,18.980000000000018,3.90437479067537,698500,False,False
BEKS.JK,23.0,23.0,23.2,23.3,23.15,22.24,22.67,1.0600000000000023,3.476341811582151,10235400,True,True
BEER.JK,77.0,77.0,78.2,79.7,80.45,78.76,89.09,3.450000000000003,1.8570224288495432,7788600,True,False
BEEF.JK,418.0,433.3333333333333,438.0,441.8,452.6,391.28,281.1,30.660000000000025,2.4169701181004095,5251000,False,False
BDMN.JK,4420.0,4440.0,4442.0,4449.0,4371.0,4259.6,4233.2,18.939999999999962,1.757634698435864,542400,False,False
BDKR.JK,160.0,159.66666666666666,158.2,157.3,157.75,155.46,149.90847999572753,4.539999999999992,2.238654253413975,15913300,True,True
BCIP.JK,62.0,62.0,62.2,62.6,62.9,62.46,63.7,0.8999999999999986,1.4205888754299032,3906400,True,False
BCIC.JK,138.0,132.66666666666666,132.2,133.3,132.85,128.02,124.29,9.97999999999999,3.1319516783460557,1326700,False,False
BCAP.JK,50.0,50.0,50.0,50.0,50.0,50.04,50.28,0.03999999999999915,0.0,144500,True,False
BBYB.JK,242.0,248.0,249.6,258.2,256.8,250.36,254.62,8.099999999999994,1.4094021618324166,14427800,False,False
BBTN.JK,1170.0,1190.0,1191.0,1215.5,1218.0,1217.9,1242.0,9.6,2.1404559698170496,16622400,False,False
BBSS.JK,86.0,88.33333333333333,90.0,94.3,98.4,98.14,113.42,12.400000000000006,2.046351463460693,70546800,False,False
BBSI.JK,4520.0,4560.0,4580.0,4625.0,4650.0,4669.0,4626.7,14.9,0.5780714637075283,200,False,False
BBRM.JK,119.0,121.0,123.0,122.4,118.75,117.08,119.57,5.920000000000002,3.278725431827454,3388600,True,False
BBRI.JK,3330.0,3350.0,3328.0,3364.0,3293.0,3108.2,3039.1,25.58000000000002,1.9585885688237108,118364900,False,False
BBNI.JK,3730.0,3783.3333333333335,3780.0,3840.0,3794.0,3647.0,3633.7,19.3,1.7061645480097032,20577300,False,False
BBMD.JK,1995.0,2001.6666666666667,1998.0,1986.5,1985.75,1978.5,1952.7817236328126,4.633333333333349,1.3740942042227742,100,True,False
BBLD.JK,670.0,663.3333333333334,663.0,671.0,679.5,622.7,617.4869354248046,11.35999999999999,1.3963526246678777,12600,False,False
BBKP.JK,50.0,51.0,51.6,52.8,53.8,53.66,54.71,3.799999999999997,0.9958451664545345,98500900,True,False
BBHI.JK,900.0,900.0,899.0,899.5,899.5,908.9,953.6530633544921,1.9799999999999955,0.2626237557493779,21225700,True,False
BBCA.JK,6325.0,6408.333333333333,6395.0,6527.5,6481.356176757812,6371.395732421875,6138.004794921875,8.1,1.6244390425710031,72157400,False,False
BAYU.JK,1335.0,1336.6666666666667,1339.0,1347.5,1326.0,1227.9,1194.3259204101562,23.91999999999998,1.1627666991319714,89900,False,False
BAUT.JK,40.0,39.333333333333336,39.2,38.4,37.85,33.66,30.92,6.340000000000003,4.143133997864152,3083200,False,False
BATR.JK,90.0,91.0,91.2,92.4,93.65,92.14,89.12390815734864,3.6500000000000057,1.1594796732912913,304200,True,False
BATA.JK,59.0,59.0,59.0,59.0,59.0,59.0,60.57,0.0,0.0,0,True,False
BAPI.JK,22.0,21.666666666666668,22.6,21.5,19.95,18.36,19.68,4.240000000000002,6.0381384487958245,5161900,False,False
BAPA.JK,126.0,125.66666666666667,127.8,133.1,142.25,184.2,216.39,58.53333333333332,3.7216581015221664,6112400,False,False
BANK.JK,260.0,262.6666666666667,262.4,266.8,270.1,276.56,323.72,8.280000000000001,1.0025962940248694,1373200,False,False
BALI.JK,1295.0,1310.0,1329.0,1328.0,1321.5,1266.3,1255.8,12.54000000000001,4.997020212720303,1800,False,False
BAJA.JK,276.0,278.6666666666667,282.4,284.4,283.1,262.26,206.35,11.069999999999993,5.355214969108312,1445500,False,False
BAIK.JK,232.0,234.66666666666666,243.2,256.2,270.5,498.12,549.25,133.06,3.6411242494928886,6159400,False,False
BACA.JK,116.0,117.0,117.6,118.8,118.4,115.04,117.76,3.759999999999991,0.6839214981826952,786500,True,False
BABY.JK,202.0,205.33333333333334,206.8,209.4,212.1,200.04,196.89,6.030000000000001,2.218803534889785,1172000,False,False
BABP.JK,50.0,50.0,50.0,50.0,50.0,50.0,50.2,0.0,0.0,89400,True,False
AYLS.JK,147.0,153.0,152.4,155.1,153.8,154.08,153.18,8.099999999999994,2.998940028481758,7394200,False,False
AYAM.JK,515.0,499.0,490.6,491.3,485.75,438.58,384.57,15.284000000000002,1.9548123022827686,37366600,False,False
AXIO.JK,115.0,115.0,115.4,115.5,115.5,113.5,110.65514930725098,2.0,1.3198337049494684,410900,True,False
AWAN.JK,162.0,161.66666666666666,161.8,164.2,165.6,157.9,152.35,7.699999999999989,1.726824607115367,101200,False,False
AVIA.JK,340.0,345.3333333333333,348.8,359.2,358.4,339.52,340.52,9.840000000000003,1.4611457214518184,13397900,False,False
AUTO.JK,3330.0,3336.6666666666665,3326.0,3337.0,3280.5,2927.0,2711.781455078125,41.0,0.9233284015464505,3093200,False,False
ATLA.JK,50.0,50.0,50.0,50.0,50.0,50.04,50.287098999023435,0.03999999999999915,0.0,93600,True,False
ATIC.JK,462.0,460.6666666666667,462.8,464.4,465.7,468.68,483.58,4.006666666666661,1.168993779052488,81800,True,False
ATAP.JK,565.0,566.6666666666666,566.0,561.0,567.5,561.74,500.31,1.3,1.222958013665508,1063800,True,True
ASSA.JK,600.0,600.0,605.0,624.5,629.25,620.0,636.5796875,5.85,1.621010362683828,9036900,True,False
ASRM.JK,290.0,288.6666666666667,287.6,284.8,279.8,269.44,265.035788269043,10.280000000000001,0.8774519132991966,16800,False,False
ASRI.JK,126.0,126.0,126.4,127.2,126.5,123.2,119.82302604675293,4.0,1.7344854333312385,7280100,True,True
ASPR.JK,149.0,146.66666666666666,144.6,145.9,150.3,150.48,198.3056611633301,5.8799999999999955,4.006247988102716,28452000,False,False
ASPI.JK,510.0,521.6666666666666,507.4,478.8,436.8,436.26,410.86,17.081333333333326,9.441737418330142,2758400,False,False
ASMI.JK,15.0,15.0,15.2,15.3,15.55,16.48,16.47,1.4800000000000004,5.29651338243142,8450300,False,False
ASLI.JK,360.0,363.3333333333333,385.2,387.6,327.0,250.46,255.83,68.57000000000001,4.864770090880876,90862900,False,False
ASLC.JK,66.0,66.0,66.4,67.4,66.7,64.4,65.57,3.0,2.2418027420568905,4716600,True,True
ASJT.JK,162.0,161.0,161.0,161.4,161.25,159.74,164.233984375,2.259999999999991,0.5837973280248813,932000,True,False
ASII.JK,4850.0,4906.666666666667,4900.0,4914.0,4861.0,4919.6,5061.869916992187,6.960000000000036,2.0354105642773783,35084600,False,False
ASHA.JK,56.0,56.333333333333336,56.8,57.5,57.9,58.02,60.98,2.020000000000003,2.1155268028993754,44220500,True,False
ASGR.JK,2090.0,2103.3333333333335,2112.0,2138.0,2076.25,1933.1,1733.2,20.49000000000001,0.6155499092365717,983500,False,False
ASDM.JK,520.0,520.0,520.0,518.0,514.75,513.86,504.42723846435547,1.2279999999999973,0.8533967378088971,5500,True,False
ASBI.JK,400.0,400.0,400.0,401.2,405.4,414.8,409.7064895629883,7.400000000000006,0.6281192002058017,10400,False,False
ARTO.JK,910.0,946.6666666666666,972.0,1000.0,1008.25,1146.4,1121.5,47.280000000000015,2.0920812252074326,22271700,False,False
ARTA.JK,2230.0,2253.3333333333335,2264.0,2292.0,2280.0,2382.2,2405.85,15.219999999999981,2.1784192091803334,1700,False,False
ARNA.JK,510.0,506.6666666666667,509.0,510.0,502.0,490.68,472.16,3.8639999999999985,0.7244654757215356,1909100,True,True
ARKO.JK,3970.0,4256.666666666667,4412.0,4598.0,4851.25,4869.2,5791.55,89.91999999999999,3.1453294361312967,5200000,False,False
ARKA.JK,22.0,22.0,22.0,22.0,22.0,22.0,24.88,0.0,0.0,0,True,False
ARII.JK,304.0,299.3333333333333,300.8,304.4,298.1,284.28,283.12,10.060000000000002,1.5692369091880871,36000,False,False
ARGO.JK,1150.0,1155.0,1161.0,1166.5,1157.75,1131.9,1021.4,6.919999999999982,0.8113563782299289,184200,False,False
AREA.JK,314.0,312.6666666666667,320.0,329.6,325.3,291.76,273.94,18.920000000000016,2.280251178135129,1804200,False,False
ARCI.JK,1330.0,1325.0,1322.0,1325.5,1344.5,1200.0,1198.0225427246094,28.9,2.0607189686400784,56727400,False,False
APLN.JK,128.0,128.0,127.8,131.3,134.9,131.44,139.31,7.1000000000000085,1.4413112499675644,14502600,False,False
APLI.JK,292.0,290.6666666666667,284.8,281.0,276.2,260.44,246.9288786315918,15.780000000000001,2.739092409452763,314300,False,False
APII.JK,195.0,191.33333333333334,191.6,191.8,191.2,187.66,184.1227471923828,7.340000000000003,1.1593943679561662,8636900,False,False
APIC.JK,404.0,420.0,441.2,476.1,498.3,581.72,850.01,88.86000000000001,5.1418064340687595,5716300,False,False
APEX.JK,192.0,198.0,200.4,202.4,196.85,171.42,159.82,30.980000000000018,1.9845247783848066,17643400,False,False
ANTM.JK,3220.0,3226.6666666666665,3244.0,3185.0,3162.5,3062.0,3021.372780761719,18.2,2.3283470287665713,142697700,False,False
ANJT.JK,1600.0,1585.0,1589.0,1593.5,1589.5,1521.3,1565.7,15.740000000000009,0.7546476650316953,79800,False,False
ANDI.JK,20.0,20.333333333333332,20.8,20.6,18.65,18.08,18.93,2.7200000000000024,5.21880402174631,4351600,False,False
AMRT.JK,1300.0,1293.3333333333333,1287.0,1300.5,1333.25,1356.9,1353.0019580078124,13.980000000000018,1.5947123230277942,22212300,False,False
AMOR.JK,370.0,368.0,368.8,368.2,362.4,352.68,344.58,8.659999999999997,1.2560585309985481,120400,False,False
AMMS.JK,206.0,216.66666666666666,219.2,217.6,210.75,242.44,301.24,18.22,4.691378553873539,394400,False,False
AMMN.JK,5150.0,5100.0,4994.0,4778.0,4579.0,4254.2,4015.95,35.83200000000001,2.859228504439585,101755700,False,False
AMIN.JK,246.0,240.66666666666666,240.4,241.2,241.2,242.88,247.88,2.799999999999997,1.2548820674238084,175100,True,False
AMFG.JK,3250.0,3290.0,3296.0,3313.0,3321.5,3259.0,3138.640417480469,7.15,0.802850211611026,21000,False,False
AMAR.JK,234.0,230.66666666666666,231.2,232.8,231.9,218.50616088867187,202.90179138183595,7.746919555664064,1.3279233146151834,312000,False,False
AMAN.JK,222.0,224.66666666666666,225.2,229.0,229.1,244.76,251.74,11.379999999999995,1.8386493261880705,345100,False,False
AMAG.JK,388.0,388.0,388.0,388.6,388.9,388.64,392.6709420776367,0.44999999999998863,0.242369605236339,76300,True,False
ALKA.JK,7400.0,6201.666666666667,5623.0,4869.5,4628.75,2744.6,1654.67,186.21599999999998,11.18466733984199,894800,False,False
ALII.JK,725.0,755.0,770.0,778.5,784.5,769.0,798.3997381591797,11.9,2.3821062811479687,1144300,False,False
ALDO.JK,960.0,953.3333333333334,950.0,948.5,938.25,850.2,761.7157318115235,21.95999999999999,1.364479144111549,73100,False,False
AKSI.JK,370.0,365.3333333333333,345.6,319.6,280.1,247.88,246.34,61.06,11.214554805599745,1541000,False,False
AKRA.JK,1475.0,1491.6666666666667,1503.0,1482.5,1437.25,1398.1351635742187,1345.58650390625,20.972967285156255,2.4999442247803247,6541100,False,False
AKPI.JK,550.0,541.6666666666666,540.0,537.0,522.95,508.78,505.53208892822266,8.244000000000005,2.0528839447876273,196700,False,False
AKKU.JK,38.0,38.0,38.0,38.0,38.0,38.0,38.0,0.0,0.0,0,True,False
AISA.JK,116.0,115.66666666666667,115.8,116.9,118.05,115.36,112.09,2.6899999999999977,0.7146039409701569,2441700,True,True
AIMS.JK,482.0,488.0,488.0,501.0,455.1,415.84,413.12,42.58000000000001,3.5475285948516957,476700,False,False
AHAP.JK,112.0,111.0,105.8,103.6,101.35,97.58,94.53,14.420000000000002,5.53871030550331,184772700,False,False
AGRS.JK,59.0,59.666666666666664,60.0,61.7,61.35,61.14,62.68,2.700000000000003,2.289272002724267,10078100,True,False
AGRO.JK,146.0,147.66666666666666,148.4,151.0,150.1,148.2,154.7,5.0,1.0707317808790446,3731600,True,False
AGII.JK,3300.0,3176.6666666666665,3168.0,3080.0,2987.0,2981.6,2881.4286059570313,31.84000000000001,2.888244984631623,749800,False,False
AGAR.JK,2530.0,2560.0,2275.0,1885.5,1847.75,1217.82,721.33,134.21800000000002,12.339646443527378,2003900,False,False
AEGS.JK,51.0,50.333333333333336,50.0,49.2,47.05,43.78,44.35,7.219999999999999,3.591545131631133,1862500,False,False
ADRO.JK,2600.0,2603.3333333333335,2624.0,2666.0,2660.5,2557.0,2450.1521997070313,10.9,1.3442063034985663,53235800,False,False
ADMR.JK,1510.0,1561.6666666666667,1586.0,1620.0,1651.25,1580.0,1585.0961315917968,28.25,2.404025947705552,66181500,False,False
ADMG.JK,252.0,250.66666666666666,256.0,266.4,261.0,240.98,221.44,12.709999999999994,3.170137715834487,754200,False,False
ADMF.JK,8750.0,8725.0,8710.0,8715.0,8708.75,8532.0,8421.75,8.72,0.3445295532558166,33500,False,False
ADHI.JK,133.0,133.0,133.0,133.0,133.6,147.08,159.81,14.080000000000013,0.0,0,False,False
ADES.JK,31975.0,31991.666666666668,31850.0,31727.5,32110.0,33514.5,28866.75,71.48,0.8484352726276219,1700,False,False
ADCP.JK,50.0,50.0,50.0,50.0,50.0,50.0,50.07,0.0,0.0,0,True,False
ACST.JK,106.0,106.0,112.0,106.5,96.15,88.48,85.98,23.519999999999996,7.028891247950991,1096400,False,False
ACRO.JK,64.0,64.33333333333333,64.8,65.8,65.0,62.88,62.707874336242675,2.9199999999999946,2.1646276676526144,3125000,True,True
ACES.JK,350.0,352.6666666666667,352.4,354.4,356.1,353.88,341.8927648925781,3.0500000000000114,0.8028298255500478,51471900,True,True
ABMM.JK,2800.0,2806.6666666666665,2830.0,2858.0,2791.0,2628.0,2577.496657714844,23.0,1.8029806445433512,531500,False,False
ABDA.JK,4970.0,4963.333333333333,4972.0,4784.0,4325.5,3850.2,3586.5,112.18000000000002,4.620294557195972,14500,False,False
ABBA.JK,30.0,30.0,30.0,30.0,30.0,30.0,33.09,0.0,0.0,0,True,False
AALI.JK,8625.0,8516.666666666666,8515.0,8520.0,8286.25,7394.0,7107.75,49.24,1.7551589066596756,2577900,False,False
AADI.JK,12400.0,12300.0,12280.0,11972.5,11105.0,9773.0,9114.12580078125,105.08,2.4818290796423192,7319400,False,False
