Ticker,Close,MA3,MA5,MA10,MA20,MA50,MA100,Range_Ticks,Vol_Pct,Volume,MA_Tight,Signal
ZYRX.JK,123.0,121.0,121.2,124.1,126.55,128.16,134.17210372924805,7.159999999999997,1.906141221058771,815600,False,False
ZONE.JK,750.0,720.0,736.0,689.5,603.5,512.853486328125,431.9356561279297,47.42930273437501,10.847354047979753,1052100,False,False
ZINC.JK,30.0,30.0,30.0,30.0,30.0,30.0,30.13,0.0,0.0,0,True,False
YUPI.JK,1320.0,1308.3333333333333,1307.0,1307.5,1317.0,1346.6,1421.1768420410156,7.919999999999982,0.6194785556650864,25600,False,False
YULE.JK,3450.0,3393.3333333333335,3386.0,3419.0,3387.5,3366.6,3348.0062280273437,8.340000000000009,2.510339657322113,9700,False,False
YPAS.JK,610.0,610.0,617.0,599.5,603.75,623.1,870.3,4.720000000000004,4.6365834956595275,70000,False,False
YOII.JK,84.0,84.0,84.0,84.2,85.3,84.0,89.75,1.2999999999999972,1.4596249668029977,3925400,True,False
YELO.JK,95.0,92.0,89.4,83.8,79.55,74.66,86.92,20.340000000000003,4.427013600741868,118201500,False,False
WTON.JK,74.0,75.0,75.6,75.7,74.75,74.04,80.59714241027832,1.7000000000000028,1.7613156964294614,1452400,True,False
WSBP.JK,14.0,14.0,14.0,14.0,14.0,14.2,16.2,0.1999999999999993,0.0,0,True,False
WOWS.JK,61.0,59.666666666666664,58.8,59.0,59.2,58.32,65.45,2.6799999999999997,2.4351608768888715,54285600,True,False
WOOD.JK,220.0,225.33333333333334,229.6,228.0,212.65,220.68,260.66,8.474999999999994,7.444520362878191,4210900,False,False
WOMF.JK,262.0,261.3333333333333,259.2,255.2,253.7,254.64,275.63146545410154,4.150000000000006,1.8088688815675418,40700,True,False
WMUU.JK,54.0,53.666666666666664,53.2,52.9,51.95,51.5,59.77,2.5,3.274457613945575,104749200,True,False
WIRG.JK,60.0,59.0,58.0,57.5,55.5,55.48,66.46,4.520000000000003,1.9620107389117039,49200500,True,False
WINS.JK,520.0,511.6666666666667,511.0,514.0,520.5,513.22,514.3458950805664,1.9,1.7973263940981594,1806000,True,True
WINR.JK,20.0,20.333333333333332,20.4,20.4,20.5,21.52,26.16,1.5199999999999996,5.55581978719849,22731300,False,False
WINE.JK,138.0,144.0,147.0,148.2,148.6,150.58481079101563,163.20094970703124,12.584810791015627,2.4868323012055433,8909800,False,False
WIIM.JK,1825.0,1766.6666666666667,1743.0,1688.5,1637.0,1602.1359985351562,1676.184288330078,44.57280029296876,2.403893711171178,2714900,False,False
WIFI.JK,1980.0,1963.3333333333333,1972.0,1980.0,1929.5,1790.35634765625,2015.3604235839844,37.92873046875002,2.261596090954124,11188300,False,False
WIDI.JK,25.0,25.0,25.4,26.0,26.4,25.64,28.33,1.3999999999999986,3.5465545073609834,4573900,True,False
WGSH.JK,167.0,164.0,163.4,150.9,144.0,130.96,121.6,36.03999999999999,5.097939124697039,10972500,False,False
WEHA.JK,109.0,106.66666666666667,105.6,104.6,103.6,106.24,113.7683472442627,5.400000000000006,1.6650090696967816,6666600,True,False
WEGE.JK,50.0,50.0,50.0,50.0,50.0,50.06,53.28,0.060000000000002274,0.0,176200,True,False
WAPO.JK,122.0,122.0,121.8,121.2,119.3,114.38,122.52,7.6200000000000045,1.2986578807489726,806300,False,False
VTNY.JK,66.0,64.66666666666667,64.0,64.3,63.3,60.3,64.09,5.700000000000003,1.7675194495640492,10102300,True,True
VRNA.JK,77.0,76.33333333333333,76.4,76.3,76.0,74.68,76.39,2.319999999999993,1.3854318498577782,609700,True,False
VOKS.JK,202.0,202.0,202.8,201.6,199.2,199.6,207.97,1.8000000000000114,1.8200043778900479,34900,True,False
VKTR.JK,890.0,780.0,758.0,765.0,729.75,650.76,749.48,47.848,8.011849851490691,193775600,False,False
VIVA.JK,53.0,49.666666666666664,46.0,42.0,37.95,34.74,37.71,18.259999999999998,6.625844274906408,87777800,False,False
VISI.JK,950.0,910.0,886.0,881.0,896.75,942.3,819.3,13.8,2.9097010851643117,869400,False,False
VINS.JK,140.0,140.33333333333334,139.8,139.1,139.2,136.36,149.07,3.973333333333329,0.7578301879668303,39200,True,False
VICO.JK,141.0,140.33333333333334,140.6,140.7,138.7,137.64,147.61,3.3600000000000136,0.5238595444053308,87600,True,False
VICI.JK,605.0,596.6666666666666,586.0,586.0,600.0,584.3330474853516,577.3386807250977,4.133390502929683,1.9969559883762706,850700,True,False
VERN.JK,218.0,209.33333333333334,205.0,201.3,193.8,155.12,140.04,31.439999999999998,2.9001600836205013,28307800,False,False
VAST.JK,114.0,115.66666666666667,115.4,115.9,115.7,115.54,118.43,1.9000000000000057,2.1963404980620775,1438900,True,False
UVCR.JK,155.0,151.66666666666666,149.8,150.3,144.8,161.3995574951172,166.3099545288086,16.599557495117182,2.671357798742537,21675000,False,False
URBN.JK,208.0,208.66666666666666,208.0,212.8,219.5,207.2,196.76,6.150000000000006,2.0814006995136864,293200,False,False
UNVR.JK,1845.0,1801.6666666666667,1775.0,1732.0,1716.25,1674.3311743164063,1681.3660522460937,34.133765136718736,1.7940886406881857,26005100,False,False
UNTR.JK,23800.0,23866.666666666668,23960.0,24570.0,25318.75,23742.0,26272.443828125,63.07,0.8220038036048889,5001400,False,False
UNTD.JK,84.0,81.33333333333333,80.8,80.1,77.9,73.68,78.3,10.319999999999993,1.6938190753067048,30019700,False,False
UNSP.JK,206.0,206.0,206.0,206.0,206.0,218.68,276.32,6.340000000000003,0.0,0,False,False
UNIQ.JK,114.0,113.33333333333333,112.0,110.9,109.5,103.48,115.89,10.519999999999996,2.1534301918987238,10464200,False,False
UNIC.JK,15225.0,15225.0,14750.0,13742.5,13178.75,12825.68,11765.494853515625,95.97279999999999,6.283036566859377,88700,False,False
ULTJ.JK,1490.0,1498.3333333333333,1470.0,1422.5,1416.75,1394.4,1483.5,20.786666666666633,2.6922752639936527,2743900,False,False
UFOE.JK,139.0,138.0,136.8,136.4,136.25,136.08,141.67,2.9199999999999875,1.9046297611987728,194800,True,False
UDNG.JK,1245.0,1176.6666666666667,1139.0,1160.5,1229.5,1297.0,1210.1,31.6,4.755841860657981,789900,False,False
UCID.JK,440.0,422.0,410.4,395.2,387.0,378.2293780517578,387.0188458251953,30.885310974121097,4.637503373834268,2872000,False,False
UANG.JK,2520.0,2450.0,2396.0,2355.0,2410.0,2307.6,2934.8,21.24000000000001,3.967984715134709,329600,False,False
TYRE.JK,116.0,115.0,114.2,113.5,114.05,109.68,112.39,6.319999999999993,2.306100935404116,1020500,False,False
TUGU.JK,1235.0,1226.6666666666667,1220.0,1214.0,1230.5,1175.9,1170.2452905273437,11.819999999999983,0.9027834500626846,1652000,False,False
TSPC.JK,2840.0,2843.3333333333335,2854.0,2789.0,2668.5,2533.8,2498.5,32.01999999999998,1.4913661089059667,210000,False,False
TRUS.JK,410.0,408.6666666666667,410.8,413.0,426.8,355.6109100341797,346.4942172241211,35.59454498291015,2.1540286866621385,31800,False,False
TRUK.JK,675.0,585.0,521.4,469.7,445.25,414.02,414.68,52.196000000000005,10.483552576288288,6647600,False,False
TRUE.JK,50.0,50.0,50.0,50.0,50.0,59.98,106.79,9.979999999999997,0.0,0,False,False
TRST.JK,452.0,455.3333333333333,457.2,463.6,473.2,468.1445782470703,464.7837420654297,10.599999999999994,0.7913299963816601,131400,False,False
TRON.JK,108.0,108.33333333333333,108.8,109.7,107.05,97.86,115.86,11.840000000000003,1.4234915830533272,16735200,False,False
TRJA.JK,111.0,110.66666666666667,111.0,110.4,111.75,111.1,121.2,1.3499999999999943,2.2714224996360604,556900,True,False
TRIS.JK,168.0,167.66666666666666,167.4,167.6,165.75,163.26,168.22862594604493,4.740000000000009,1.4424997846159846,1015900,True,False
TRIN.JK,320.0,315.3333333333333,317.2,326.8,328.7,364.94,537.77,24.80333333333334,3.6038897514294232,5565200,False,False
TRIM.JK,595.0,605.0,586.0,579.0,571.75,546.7425646972656,542.8813497924805,11.651487060546879,3.7004001032106,184300,False,False
TRGU.JK,163.0,163.0,163.2,163.5,163.4,169.16,176.96,6.159999999999997,1.7530606475940742,32600,False,False
TPMA.JK,462.0,462.0,462.4,454.8,450.9,433.36,502.65,14.519999999999982,1.6593595008020576,937800,False,False
TPIA.JK,2060.0,2070.0,2096.0,2113.0,2048.25,1910.9,3489.1015209960938,20.20999999999999,3.1415867003645577,243303400,False,False
TOWR.JK,406.0,405.3333333333333,404.8,405.2,397.7,377.4171466064453,422.174069519043,14.291426696777336,1.446816715332359,80029900,False,False
TOTO.JK,232.0,232.0,236.4,239.8,240.3,235.05389739990235,243.99440216064454,4.150000000000006,1.2549661242929897,1979600,True,False
TOTL.JK,1215.0,1178.3333333333333,1163.0,1113.0,1082.5,1061.8,1042.3516766357423,30.640000000000008,2.2435956858497286,5336400,False,False
TOSK.JK,70.0,69.0,68.6,67.8,66.4,60.66,62.2,9.340000000000003,1.9642085607521818,9963000,False,False
TOOL.JK,67.0,66.0,65.6,65.7,66.55,63.64,66.6,3.3599999999999994,2.9271884970659885,15776800,True,True
TOBA.JK,535.0,491.6666666666667,479.0,472.9,461.15,418.26,494.5909265136719,23.348000000000003,4.634543849777677,64291700,False,False
TNCA.JK,166.0,164.0,164.6,160.6,149.6,145.26,165.07,20.74000000000001,4.5313568583538055,688200,False,False
TMPO.JK,127.0,136.33333333333334,126.0,116.6,110.3,107.38,116.52,28.953333333333347,12.955479061759686,13542300,False,False
TMAS.JK,123.0,122.0,121.8,121.1,120.05,116.38873962402344,118.73848754882812,6.611260375976556,1.575284714245503,6248300,False,False
TLKM.JK,2710.0,2746.6666666666665,2708.0,2653.0,2623.0,2597.92001953125,2696.7795874023436,14.874664713541643,2.524632290682082,109494500,False,False
TLDN.JK,590.0,568.3333333333334,549.0,537.0,526.75,513.74,558.7893774414063,15.251999999999999,2.588285046528788,1766800,False,False
TKIM.JK,7200.0,7175.0,6865.0,6470.0,6122.5,5772.521787109375,7135.163061523437,57.09912851562502,3.814264510603967,2840600,False,False
TIRT.JK,590.0,590.0,590.0,590.0,590.0,553.32,585.38,7.33599999999999,0.0,0,False,False
TIRA.JK,488.0,490.0,492.8,500.7,506.35,573.04,730.27,42.51999999999998,1.129547625442525,112500,False,False
TINS.JK,3880.0,3816.6666666666665,3762.0,3625.0,3569.0,3402.62015625,3454.3251513671876,47.737984374999996,3.6410855390774524,74756700,False,False
TIFA.JK,338.0,349.3333333333333,342.0,303.4,275.1,271.54686645507815,304.0635836791992,38.893233439127584,8.811389238795199,54200,False,False
TGKA.JK,4960.0,4910.0,4890.0,4865.0,4861.5,4791.2,4715.638330078125,16.880000000000017,1.5592084510929436,300,False,False
TFCO.JK,810.0,796.6666666666666,766.0,754.5,744.5,672.6,705.45,27.479999999999997,5.162742467497115,700,False,False
TFAS.JK,190.0,188.33333333333334,189.6,191.0,185.9,193.88,205.9,7.97999999999999,5.9810671019562855,1215200,False,False
TEBE.JK,1080.0,1076.6666666666667,1084.0,1068.5,1049.75,1015.6,1115.3790991210938,13.679999999999996,2.5217718399218896,1286100,False,False
TCPI.JK,3940.0,4216.666666666667,4610.0,5000.0,5431.25,7312.54212890625,9530.13876953125,337.25421289062496,4.605830902102234,2016200,False,False
TCID.JK,2730.0,2763.3333333333335,2754.0,2758.0,2765.5,2775.0,2794.9,4.5,1.4732535750306082,25800,True,False
TBMS.JK,1230.0,1176.6666666666667,1172.0,1181.5,1201.5,1208.4654956054687,1248.3503820800781,11.6,3.162389685860619,456300,False,False
TBLA.JK,620.0,620.0,626.0,633.5,634.5,601.058814086914,617.230870666504,6.688237182617195,1.83396869946365,2781100,False,False
TBIG.JK,1415.0,1426.6666666666667,1428.0,1415.5,1419.75,1415.6675,1491.262998046875,2.6,2.4868701372934368,329900,True,False
TAYS.JK,50.0,50.0,50.0,50.0,50.0,50.1,55.68,0.10000000000000142,0.0,0,True,False
TAXI.JK,15.0,14.666666666666666,14.2,13.5,12.9,13.28,14.69,2.0999999999999996,6.189038276478119,31813900,False,False
TARA.JK,29.0,29.666666666666668,29.8,30.3,30.75,29.48,30.44,1.75,2.883217597231495,1045600,True,False
TAPG.JK,1840.0,1833.3333333333333,1807.0,1774.5,1672.75,1543.7171899414063,1631.4218237304688,59.256562011718735,2.54275414183712,12669200,False,False
TAMU.JK,21.0,20.666666666666668,20.6,20.9,20.05,19.62,24.28,1.379999999999999,5.721379711903319,1174200,False,False
TAMA.JK,242.0,239.33333333333334,240.4,231.6,203.25,177.54,172.66,32.230000000000004,9.754709572060692,8760700,False,False
TALF.JK,1205.0,986.6666666666666,848.0,726.0,667.25,663.8957836914062,667.1266583251953,108.22084326171876,11.955340293329344,2043900,False,False
SWID.JK,103.0,103.0,102.8,102.3,98.15,92.38362701416015,96.85858787536621,10.616372985839845,4.0319481861136515,2797800,False,False
SURI.JK,72.0,73.0,72.4,71.3,68.9,64.68,67.93,8.319999999999993,1.9197357711365077,5388100,False,False
SURE.JK,2760.0,2760.0,2762.0,2760.0,2758.0,2809.0,2747.1,5.1,1.6622174764589688,2700,True,False
SUPA.JK,600.0,600.0,603.0,599.5,591.25,622.0,743.05,6.15,1.704877334641595,10084900,False,False
SUNI.JK,720.0,721.6666666666666,723.0,700.5,655.5,643.8396362304687,662.9081140136718,15.832072753906255,2.0945441671867493,604000,False,False
SULI.JK,88.0,88.66666666666667,88.6,88.5,85.5,81.34,90.66,7.326666666666668,1.6791527123832668,3043500,False,False
STTP.JK,9875.0,9766.666666666666,9780.0,9815.0,9875.0,9812.0,9843.75,4.333333333333358,2.3191976504438454,300,True,False
STRK.JK,61.0,62.333333333333336,63.6,65.3,67.8,70.24,89.43,9.239999999999995,3.0491907595489054,15187800,False,False
STAR.JK,276.0,276.6666666666667,273.6,274.8,280.5,304.32,452.77,15.359999999999985,1.4587324019666246,70600,False,False
STAA.JK,1110.0,1106.6666666666667,1099.0,1089.5,1051.0,1005.377548828125,1072.884932861328,20.924490234375003,1.7063586682262026,4103900,False,False
SSTM.JK,412.0,412.0,409.6,401.8,397.5,407.72,516.27,7.25,2.8752273201996683,49600,False,False
SSMS.JK,960.0,980.0,987.0,968.5,929.25,825.4,1032.7782470703125,32.32000000000001,2.068185893726133,11002000,False,False
SSIA.JK,1670.0,1658.3333333333333,1647.0,1641.5,1637.75,1594.6343432617186,1550.8215502929688,15.073131347656272,1.9305158521406653,12726200,False,False
SRTG.JK,1740.0,1735.0,1745.0,1739.5,1707.0,1574.6019970703126,1588.2352331542968,34.079600585937484,1.9176322566856383,3796900,False,False
SRSN.JK,70.0,69.66666666666667,69.2,67.0,66.45,65.86,65.14,4.140000000000001,4.557910233283778,65990100,False,False
SRAJ.JK,13000.0,12791.666666666666,12405.0,11692.5,11376.25,11461.5,13059.75,64.95,2.1420685541437905,7900,False,False
SQMI.JK,65.0,65.66666666666667,66.0,67.1,65.15,52.42,53.6,14.679999999999993,3.726724048967199,35184100,False,False
SPTO.JK,595.0,601.6666666666666,602.0,598.5,592.25,565.0043835449219,576.4706109619141,7.399123291015622,1.1448343144463806,1168100,False,False
SPRE.JK,88.0,90.66666666666667,90.0,89.5,85.8,80.4,84.09,10.266666666666666,4.7958340758578775,1167400,False,False
SPMA.JK,164.0,163.33333333333334,163.0,165.8,167.8,161.70461486816407,162.65230728149413,6.09538513183594,1.2989532420574148,602800,False,False
SOUL.JK,37.0,37.0,37.0,37.0,37.0,37.36,45.06,0.35999999999999943,0.0,0,True,False
SOTS.JK,595.0,588.3333333333334,586.0,597.5,602.5,623.8,793.4,7.559999999999991,2.036582793672321,138900,False,False
SOSS.JK,870.0,870.0,870.0,894.0,923.0,833.7,848.55,17.859999999999992,4.561497876066716,4400,False,False
SONA.JK,2170.0,2196.6666666666665,2290.0,2365.0,2310.5,2205.747265625,2188.1590673828123,19.5,3.6279879973682823,4300,False,False
SOLA.JK,88.0,90.66666666666667,94.0,100.3,102.4,101.66,112.35,14.400000000000006,2.1879644983156896,25000000,False,False
SOHO.JK,1195.0,1191.6666666666667,1194.0,1193.0,1195.0,1203.7,1536.65,2.4066666666666605,0.7656742614234362,265800,True,False
SOFA.JK,232.0,233.33333333333334,225.2,220.2,223.7,247.16,340.41,13.480000000000004,3.9289964020849686,4054900,False,False
SOCI.JK,505.0,463.0,453.0,439.1,402.35,355.83832397460935,414.19490417480466,29.83233520507813,5.306346428426037,58824000,False,False
SNLK.JK,224.0,224.66666666666666,223.2,222.8,222.3,226.8,236.18,2.25,2.3103045961995834,13228100,True,False
SMSM.JK,1795.0,1796.6666666666667,1792.0,1761.0,1747.75,1686.4,1729.350020751953,22.05333333333333,1.3233504631982669,3840100,False,False
SMRA.JK,326.0,320.0,322.4,324.4,311.5,293.3320260620117,305.8312150573731,16.33398696899414,2.256603790539092,9844200,False,False
SMMT.JK,1845.0,1860.0,1853.0,1849.5,1827.5,1794.2,1767.85,13.159999999999991,3.1245858971310456,114500,False,False
SMMA.JK,20175.0,20175.0,20180.0,20270.0,20573.75,20943.5,18184.75,30.74,0.86796595320136,1700,False,False
SMLE.JK,176.0,165.33333333333334,162.2,157.1,145.2,115.92,121.54,60.08,5.1999357974914995,21666100,False,False
SMKM.JK,69.0,69.0,69.2,68.2,68.7,67.92,80.87,1.2800000000000011,3.0257346032816823,1977800,True,False
SMKL.JK,147.0,146.66666666666666,146.2,145.3,140.6,136.48681823730467,147.9595477294922,10.513181762695325,2.7834706253511436,69100,False,False
SMIL.JK,420.0,406.0,403.6,390.8,354.3,303.52,283.4,58.24000000000001,3.730342881022888,28512200,False,False
SMGR.JK,1565.0,1525.0,1498.0,1485.5,1477.0,1519.0,1878.878369140625,17.6,2.0522725032253337,13639300,False,False
SMGA.JK,71.0,71.0,70.8,70.3,69.75,67.52,77.85,3.480000000000004,2.611957109226376,6758400,True,False
SMDR.JK,310.0,304.0,300.4,296.4,290.7,281.72154388427737,306.0427558898926,14.139228057861317,1.8336523631563306,15396500,False,False
SMDM.JK,565.0,565.0,560.0,565.5,566.75,543.74,575.11,4.6019999999999985,1.991600873414566,39600,True,False
SMBR.JK,168.0,165.0,163.8,162.6,158.9,155.73228881835936,182.1121063232422,12.267711181640635,2.438043169375317,2723000,False,False
SMAR.JK,5800.0,5833.333333333333,5815.0,5672.5,5502.5,5003.033828125,5129.66458984375,33.21198020833334,2.3023140221312124,40500,False,False
SLIS.JK,79.0,68.33333333333333,66.0,64.0,62.3,62.0,72.84,17.0,8.307451503031187,509097700,False,False
SKRN.JK,408.0,406.0,405.2,407.0,398.4,372.32,407.5662802124023,17.840000000000003,2.062565797868536,99900,False,False
SKLT.JK,200.0,200.0,200.2,195.0,192.0,186.92,200.7692869567871,13.280000000000001,2.039176369009935,193200,False,False
SKBM.JK,545.0,535.0,539.0,540.5,572.25,537.88,599.74,7.45,2.538760696184806,529900,False,False
SIPD.JK,690.0,680.0,678.0,685.0,686.25,714.1,837.8,7.220000000000004,1.3098316369238057,23200,False,False
SINI.JK,7300.0,7275.0,7285.0,7262.5,7020.0,8274.37259765625,10440.436298828125,50.174903906249966,5.274828193065593,1043100,False,False
SIMP.JK,605.0,596.6666666666666,600.0,590.5,569.25,537.5678485107422,595.4741009521484,13.486430297851552,2.8032695241843584,9643400,False,False
SILO.JK,2320.0,2330.0,2250.0,2136.5,2149.75,2216.9,2391.65,19.35,3.3678537708379643,208300,False,False
SIDO.JK,356.0,353.3333333333333,357.2,362.8,371.9,374.52,428.1972814941406,10.593333333333334,1.0752107042597239,39633400,False,False
SICO.JK,107.0,108.33333333333333,108.8,110.0,109.5,105.88,115.70538467407226,4.1200000000000045,2.385500392064782,5343800,True,False
SHIP.JK,2070.0,2056.6666666666665,2029.0,1914.5,1812.75,1686.5,2525.3405639648436,38.35,2.9271297816719164,37700,False,False
SHID.JK,615.0,613.3333333333334,614.0,612.5,593.0,623.7,689.1,6.1400000000000095,2.2922552296492027,700,False,False
SGRO.JK,4240.0,4176.666666666667,3972.0,3618.0,3351.0,2930.85,3717.443566894531,130.91500000000002,7.777981237026658,66200,False,False
SGER.JK,480.0,489.3333333333333,483.6,461.0,450.0,390.76,388.7,49.28666666666666,3.1033386441217465,18625100,False,False
SFAN.JK,1980.0,1973.3333333333333,1972.0,1962.0,1964.5,1964.1,1949.4,3.6,0.30015781762084054,50800,True,False
SEMA.JK,101.0,99.66666666666667,98.8,97.2,95.45,95.48,102.29,5.549999999999997,1.1157159954743898,297800,True,False
SDRA.JK,224.0,224.0,222.8,215.8,212.3,213.88,232.52,5.849999999999994,2.92404581496067,813600,True,False
SDPC.JK,184.0,182.33333333333334,181.8,181.3,181.5,179.58363647460936,183.30018325805665,4.416363525390636,1.2062197086079052,149400,True,False
SDMU.JK,83.0,81.33333333333333,80.0,79.4,80.55,77.5,83.67,5.5,2.8796030067300156,15613000,True,False
SCNP.JK,155.0,153.66666666666666,154.4,155.7,154.7,148.57052917480468,157.24706756591797,7.1294708251953125,2.776992219350513,350100,False,False
SCMA.JK,204.0,203.33333333333334,203.2,201.5,204.45,204.37333282470703,225.30444091796875,1.4749999999999943,2.7789644007908167,42336300,True,False
SCCO.JK,2300.0,2300.0,2296.0,2296.0,2290.5,2238.99326171875,2245.3975048828124,6.100673828124991,1.0047983295751513,40000,False,False
SBMA.JK,107.0,106.66666666666667,107.0,106.6,107.2,107.08,112.93,0.6000000000000085,1.3826816300182438,472300,True,False
SATU.JK,262.0,262.0,262.0,264.4,268.8,269.28,265.24,3.6399999999999864,0.732171522332411,194000,True,False
SAPX.JK,218.0,215.33333333333334,214.8,215.4,213.6,211.44,229.68,3.280000000000001,3.0604534673116977,175000,True,False
SAMF.JK,280.0,277.3333333333333,277.2,278.2,278.2,274.8790341186523,295.8485508728027,2.560482940673836,1.1304838870271963,118100,True,False
SAME.JK,300.0,299.3333333333333,298.0,298.4,301.0,314.04,325.64,8.02000000000001,0.586920032252311,974500,False,False
SAGE.JK,32.0,33.0,33.2,33.2,33.35,29.08,30.08,4.270000000000003,4.428726188286249,3382300,False,False
SAFE.JK,380.0,376.6666666666667,374.4,375.0,368.3,339.16,353.48,20.419999999999987,1.4544320729839018,254500,False,False
RUNS.JK,63.0,63.0,63.4,64.9,66.9,71.18,79.37,8.180000000000007,1.50210313961115,993800,False,False
RUIS.JK,202.0,202.66666666666666,204.4,203.2,202.2,186.575625,201.9621875,8.912187500000002,1.5063986650186252,272700,False,False
RSCH.JK,318.0,325.3333333333333,321.6,304.0,288.4,292.64,299.86,18.46666666666667,3.0645016398157954,21742700,False,False
ROTI.JK,585.0,585.0,588.0,592.0,600.25,589.2,620.6201672363281,3.05,1.6477833734985263,487800,True,False
RONY.JK,1270.0,1276.6666666666667,1290.0,1354.0,1283.75,1132.6,1336.45,44.280000000000015,4.663557233232768,8100,False,False
RODA.JK,62.0,60.666666666666664,59.4,60.0,61.45,57.32,62.2,4.68,2.492942197924918,28235400,True,False
ROCK.JK,1760.0,1748.3333333333333,1762.0,1770.5,1793.75,1733.8,2081.6,11.990000000000009,1.9321641753754102,14800,False,False
RMKO.JK,300.0,292.0,291.2,296.4,317.9,313.28,402.52,13.349999999999994,4.03573891599455,5328500,False,False
RMKE.JK,412.0,404.0,408.0,412.0,429.3,447.3201574707031,531.5204724121094,21.66007873535156,2.4534979216791957,82452100,False,False
RLCO.JK,5075.0,5041.666666666667,5185.0,5013.0,4192.0,3516.6,4378.55,66.736,5.6390715688378075,610800,False,False
RISE.JK,950.0,970.0,984.0,996.5,984.25,995.8,1421.9,9.3,2.3599142853573674,1329200,False,False
RIGS.JK,680.0,680.0,677.0,680.0,682.25,678.3,682.3,1.05,1.690155202082695,13700,True,False
RICY.JK,82.0,80.0,79.4,78.5,78.05,76.18,84.61,5.819999999999993,1.8792252558954912,25694700,True,False
RGAS.JK,242.0,242.0,242.0,229.8,220.2,177.99120391845702,134.39551483154298,32.00439804077149,3.2143388684356204,0,False,False
RELI.JK,486.0,484.6666666666667,487.2,486.2,487.6,487.98,493.67,1.6566666666666663,0.8167582031614624,5000,True,False
RELF.JK,34.0,34.666666666666664,35.2,35.6,35.3,34.9,36.89,1.6000000000000014,1.8927742229291171,2419700,True,False
REAL.JK,51.0,51.666666666666664,51.2,51.1,50.6,50.357087478637695,51.6458963394165,1.3095791880289696,2.689423347301284,27399000,True,False
RDTX.JK,13450.0,13450.0,13550.0,13615.0,13720.0,14233.93822265625,14957.723984375,31.35752890625001,0.878088821856594,200,False,False
RCCC.JK,100.0,100.0,99.0,97.8,93.75,90.38,99.64,9.620000000000005,5.86994540583541,888500,False,False
RBMS.JK,68.0,65.66666666666667,65.2,65.4,64.95,60.76,60.04,7.240000000000002,2.983283572319879,27604200,False,False
RATU.JK,5025.0,5018.333333333333,5041.0,4994.0,5081.0,4894.1,5237.09994140625,7.475999999999986,2.883915142319832,5835900,False,False
RANC.JK,515.0,515.0,513.0,515.5,520.5,521.64,544.32,1.7279999999999973,2.2418275522587745,45300,True,False
RALS.JK,384.0,378.6666666666667,378.8,379.8,380.3,377.04,388.8977801513672,3.4799999999999898,0.8633113520207921,3070900,True,False
RAJA.JK,885.0,878.3333333333334,881.0,882.5,893.75,795.8930505371094,799.2420904541016,19.57138989257812,2.608140650491836,60641800,False,False
RAAM.JK,199.0,200.33333333333334,202.2,206.3,204.85,204.24,206.64,7.300000000000011,2.052741659713693,253300,False,False
PZZA.JK,182.0,182.0,184.6,184.9,185.15,184.9,191.84731979370116,3.1500000000000057,2.1446393524728165,904300,True,False
PYFA.JK,218.0,208.66666666666666,207.6,208.4,208.0,204.52,264.18,6.739999999999995,3.7762901534148914,13696100,False,False
PWON.JK,266.0,260.6666666666667,262.8,264.2,263.5,256.11096618652346,284.48209503173825,4.944516906738272,2.041330500793952,33683200,True,False
PURI.JK,140.0,138.66666666666666,137.4,136.5,136.65,134.8,145.5,5.199999999999989,1.5372745080145487,2193400,True,False
PURA.JK,32.0,32.666666666666664,32.2,31.5,31.2,31.52,31.88,1.466666666666665,4.528318689110378,5307500,False,False
PUDP.JK,312.0,306.0,304.8,303.8,300.3,298.50193664550784,309.81135650634764,6.74903167724608,1.3659998778045597,407200,False,False
PTSP.JK,950.0,915.0,905.0,904.0,898.0,886.7,900.75,12.659999999999991,2.4662458157373153,46700,False,False
PTSN.JK,282.0,284.0,278.8,268.4,256.4,243.99386199951172,273.909649810791,20.00306900024414,2.512386472136366,933400,False,False
PTRO.JK,4750.0,4656.666666666667,4660.0,4686.0,4397.0,4171.0,4623.05,57.9,2.841127287122557,26193800,False,False
PTPW.JK,1215.0,1191.6666666666667,1165.0,1144.5,1143.0,1101.0975146484375,1026.889073486328,22.780497070312503,1.4545506209960333,45800,False,False
PTPS.JK,147.0,146.66666666666666,146.8,143.8,140.55,129.18,152.84,17.819999999999993,3.9251146317567382,1312400,False,False
PTPP.JK,200.0,200.33333333333334,200.4,202.8,204.5,195.6,230.12,8.900000000000006,2.309687436486451,7517500,False,False
PTMP.JK,64.0,63.666666666666664,63.0,62.7,62.25,58.9,62.96,5.100000000000001,3.1129076760274916,12276400,True,True
PTIS.JK,272.0,273.3333333333333,271.2,269.6,269.5,280.32,291.62,5.409999999999997,1.788188530101563,30900,True,False
PTBA.JK,2360.0,2346.6666666666665,2342.0,2356.0,2383.5,2432.8711181640624,2607.8491455078124,9.08711181640624,1.1586507852801329,13690100,False,False
PSSI.JK,330.0,329.3333333333333,327.6,323.4,319.0,299.2,317.09441955566405,15.400000000000006,3.061475401079834,23500,False,False
PSKT.JK,230.0,223.33333333333334,222.0,217.8,207.75,196.86,225.47,16.569999999999993,2.6428165922368825,12749000,False,False
PSGO.JK,197.0,194.66666666666666,195.2,196.6,197.5,194.0650259399414,193.765234375,3.4349740600586074,0.856364619260316,74800,True,False
PSDN.JK,136.0,130.66666666666666,128.4,124.4,119.3,116.3,133.86,19.700000000000003,4.090632079398073,34884300,False,False
PSAT.JK,925.0,888.3333333333334,872.0,857.5,845.0,818.3,862.95,21.34000000000001,1.7283064992176786,323200,False,False
PSAB.JK,452.0,438.6666666666667,435.2,430.6,425.4,419.70636474609375,415.6050015258789,16.146817626953123,1.859933696102266,116543800,False,False
PRIM.JK,112.0,111.0,107.8,105.5,100.65,90.56,84.3,21.439999999999998,3.2214564730628594,10672500,False,False
PRDA.JK,2380.0,2370.0,2374.0,2368.0,2386.5,2461.8,2435.5819653320314,9.380000000000019,0.9856756604452229,164800,False,False
PRAY.JK,745.0,733.3333333333334,724.0,731.5,714.0,691.5,715.9,10.7,2.1077793286483253,2300,False,False
PPRO.JK,17.0,17.0,16.6,16.4,16.85,16.12,20.85,0.879999999999999,4.17811767515539,9617800,False,False
PPRI.JK,145.0,145.66666666666666,146.8,147.8,148.5,143.38,161.62,5.1200000000000045,1.582019980968454,1009700,True,False
PPRE.JK,105.0,104.33333333333333,103.8,104.7,106.95,100.44,117.5,6.510000000000005,2.6855426163413836,22055600,False,False
PPGL.JK,202.0,202.66666666666666,204.8,208.8,210.3,197.48,202.44,6.410000000000011,2.4604861354178063,2301000,False,False
POWR.JK,725.0,723.3333333333334,723.0,725.0,721.75,707.2,699.0966931152344,3.5599999999999907,0.7235356771911935,5069100,True,True
PORT.JK,860.0,865.0,864.0,872.5,872.5,871.7,883.5,2.5,1.5937239017978717,14800,True,False
POLY.JK,32.0,32.0,32.0,32.0,32.0,32.0,32.42,0.0,0.0,0,True,False
POLU.JK,11550.0,11783.333333333334,11945.0,12170.0,12442.5,12171.0,13468.25,35.7,3.0171917504597174,5400,False,False
POLI.JK,760.0,751.6666666666666,740.0,723.0,722.25,756.4,915.8,7.55,1.5070684945939468,20100,False,False
PNSE.JK,488.0,488.6666666666667,490.0,492.8,495.65,515.66,577.43,13.829999999999984,1.1546030310467992,64600,False,False
PNLF.JK,228.0,226.0,226.8,226.6,225.0,220.58,233.63,3.7099999999999937,1.0219469201004452,27170000,True,False
PNIN.JK,720.0,716.6666666666666,719.0,717.0,725.0,726.5,750.75,1.9666666666666743,1.345116063705527,587400,True,False
PNGO.JK,3560.0,3550.0,3556.0,3547.0,3520.0,3475.8,3428.2,8.419999999999982,0.44216308412118727,1200,False,False
PNBS.JK,50.0,50.0,50.0,50.2,50.2,50.08,50.31,0.20000000000000284,0.6200544431702717,2268000,True,False
PNBN.JK,915.0,910.0,904.0,895.5,893.0,882.923466796875,914.1292596435546,6.4153066406249994,1.135883933355461,1856100,False,False
PMUI.JK,100.0,97.66666666666667,94.2,89.5,86.7,80.52,86.81325416564941,19.480000000000004,4.829243967693064,20214400,False,False
PMJS.JK,121.0,120.0,116.6,112.6,110.05,106.66596115112304,114.47370086669922,14.334038848876958,3.2969074756115595,1383200,False,False
PLAN.JK,38.0,38.0,38.4,38.2,38.05,37.46,42.31,0.9399999999999977,2.3270999925810933,4522400,True,False
PKPK.JK,3930.0,3943.3333333333335,3936.0,3894.0,3661.5,3164.2,2818.5,77.91333333333337,1.2941970622065802,865700,False,False
PJHB.JK,177.0,172.0,169.8,169.8,167.1,167.44,192.66,9.900000000000006,2.8723695551505406,2483000,False,False
PJAA.JK,454.0,452.0,451.6,453.2,455.7,454.16,477.8735412597656,2.049999999999983,0.7827513089564087,481500,True,False
PIPA.JK,122.0,121.0,119.8,118.8,120.95,115.02,122.91,6.980000000000004,4.1922017807500795,48378300,False,False
PICO.JK,134.0,132.0,129.8,129.9,128.6,129.22,139.36,5.400000000000006,1.557729226441947,414400,True,False
PGUN.JK,7550.0,7466.666666666667,7480.0,7665.0,7453.75,7360.53294921875,7961.349165039062,12.178682031249991,4.045875757723043,31100,False,False
PGLI.JK,200.0,200.0,199.6,197.2,196.6,188.1,202.02,11.900000000000006,2.803907285886422,37300,False,False
PGJO.JK,805.0,775.0,756.0,714.5,699.75,728.0,730.65,21.05,4.251613376252749,80400,False,False
PGEO.JK,1010.0,1010.0,1012.0,1010.0,1008.25,926.1,952.7388952636719,17.179999999999996,1.8513206405065974,10982800,False,False
PGAS.JK,1505.0,1510.0,1506.0,1511.0,1502.5,1518.7538110351563,1636.9416674804688,3.2507622070312663,1.2227776077305708,17831200,True,False
PEVE.JK,336.0,338.6666666666667,336.8,329.8,322.8,318.76,378.46,9.953333333333347,1.573720895262704,1539300,False,False
PEHA.JK,266.0,266.0,263.6,261.4,258.2,251.96605285644532,272.0785545349121,7.016973571777342,2.179198242926123,55200,False,False
PEGE.JK,100.0,96.66666666666667,95.6,93.1,95.6,104.92914642333984,124.90457321166993,11.82914642333985,2.6171894757984933,75428300,False,False
PDPP.JK,310.0,312.0,306.8,288.0,275.5,266.88977996826173,290.3318391418457,22.555110015869133,3.034937913481258,196400,False,False
PDES.JK,380.0,374.0,382.0,390.4,396.9,444.86,480.0539141845703,35.43000000000001,3.6083548965107197,7200,False,False
PCAR.JK,43.0,42.333333333333336,42.6,40.4,39.45,38.88,38.51,4.119999999999997,5.31897127904437,3576900,False,False
PBSA.JK,750.0,748.3333333333334,753.0,763.0,757.0,723.9916247558593,863.8895404052735,7.801675048828133,3.2417725515034683,672200,False,False
PBRX.JK,26.0,27.0,26.6,26.7,26.7,27.06,32.52,1.0599999999999987,3.8004399296165987,4148500,False,False
PBID.JK,535.0,535.0,534.0,522.9,503.15,487.34,479.0095016479492,9.532000000000005,1.559769089761331,1391800,False,False
PART.JK,102.0,101.66666666666667,102.0,103.7,103.3,99.37726791381836,107.88465843200683,4.322732086181645,1.4157359335176083,6272100,True,False
PANS.JK,1550.0,1538.3333333333333,1542.0,1555.0,1557.75,1522.9806518554688,1505.20646484375,6.95386962890625,1.098924878564101,118000,False,False
PANR.JK,418.0,416.6666666666667,416.4,412.0,408.8,423.88,459.47999969482424,7.539999999999992,1.5526519902298916,13000,False,False
PANI.JK,6400.0,6333.333333333333,6295.0,6197.5,6156.25,6358.21533203125,7313.087998046875,9.75,2.1397476172345398,7587100,False,False
PAMG.JK,56.0,56.333333333333336,56.2,57.1,55.45,53.26,56.05,3.8400000000000034,5.762438173086433,4310100,False,False
PALM.JK,290.0,290.0,292.0,299.4,299.5,303.63989807128905,331.1692935180664,6.819949035644527,1.3269723275016365,435400,False,False
PADI.JK,70.0,69.0,69.0,72.0,72.15,73.40454528808594,90.39510948181152,4.4045452880859415,4.804625335249827,202342300,False,False
PADA.JK,189.0,175.66666666666666,162.4,141.3,128.2,118.42,135.25,70.58,9.69994251733203,130359500,False,False
PACK.JK,266.0,248.0,243.6,234.6,225.2,240.36,236.93,20.400000000000006,5.212715891115116,335211900,False,False
OPMS.JK,122.0,118.33333333333333,118.0,110.1,105.9,100.06,112.21,21.939999999999998,8.725783751204832,90283800,False,False
OMRE.JK,990.0,996.6666666666666,1032.0,1041.5,1056.0,1036.6,924.8,13.2,5.428118097896097,28500,False,False
OMED.JK,230.0,220.0,218.8,215.0,209.7,203.97244232177735,233.038182220459,13.013778839111325,2.6238916023043384,49521600,False,False
OLIV.JK,50.0,50.0,50.4,50.4,50.15,50.6,53.45,0.6000000000000014,2.434612245021086,1363800,True,False
OKAS.JK,103.0,101.66666666666667,101.4,101.4,101.15,99.66,107.72,3.3400000000000034,2.1075349168626785,4268400,True,False
OILS.JK,232.0,229.33333333333334,230.4,232.8,223.5,200.08,229.08,16.36,5.30076293436942,6546600,False,False
OBMD.JK,188.0,181.66666666666666,182.2,190.2,188.75,177.78,205.35,12.419999999999987,2.373211550762976,551000,False,False
OBAT.JK,244.0,245.33333333333334,246.0,246.0,246.8,241.56,281.7006777954102,2.6200000000000045,1.6539577462267905,371700,True,False
OASA.JK,356.0,340.6666666666667,333.6,332.6,324.0,292.16,316.0,31.919999999999987,4.585410225609027,58791700,False,False
NTBK.JK,93.0,92.0,92.8,93.4,95.65,74.92,77.8635185623169,20.730000000000004,4.300960264739768,39906400,False,False
NSSS.JK,1080.0,1013.3333333333334,1046.0,955.5,854.25,649.4426232910156,732.8285308837891,86.11147534179688,6.731426833690714,32809900,False,False
NRCA.JK,535.0,514.0,502.4,495.8,489.85,453.32042602539065,494.6966000366211,16.33591479492187,2.916226764031897,8009000,False,False
NPGF.JK,60.0,59.0,59.6,59.4,58.5,59.7,64.55,1.5,2.062513161477195,36804900,True,False
NOBU.JK,496.0,494.6666666666667,480.8,461.2,447.9,444.8,493.13,25.599999999999994,2.5264525481769162,3803300,False,False
NISP.JK,1280.0,1280.0,1278.0,1263.0,1240.75,1230.0,1298.4538427734376,10.0,1.0094961917027556,6508200,False,False
NIRO.JK,165.0,160.66666666666666,155.6,149.4,149.0,147.84,171.72,17.159999999999997,8.244548307855535,1668500,False,False
NINE.JK,71.0,71.66666666666667,72.4,74.2,76.1,78.12,103.01,7.1200000000000045,1.8194146773470885,13607400,False,False
NIKL.JK,202.0,199.33333333333334,196.0,191.2,189.7,195.9,249.922392578125,6.150000000000006,2.9603260058847667,6150100,False,False
NICL.JK,476.0,468.6666666666667,474.0,485.1,496.1,519.3,680.2655297851562,25.316666666666634,2.8859111583514387,18880200,False,False
NICK.JK,1325.0,1261.6666666666667,1248.0,1170.0,1113.0,1055.8,1126.95,53.84000000000001,8.920484058223149,94300,False,False
NICE.JK,272.0,261.3333333333333,257.2,252.2,255.4,258.84,279.28,9.900000000000006,2.130936713913371,4156800,False,False
NFCX.JK,1515.0,1528.3333333333333,1531.0,1556.0,1567.5,1623.2,1698.75,21.640000000000008,2.233114430806034,25200,False,False
NETV.JK,51.0,51.333333333333336,51.0,50.9,50.8,53.3,69.78,2.5,2.1986825611368452,69766300,True,False
NEST.JK,720.0,743.3333333333334,723.0,673.5,644.75,588.88,497.06,30.890666666666675,6.002220341930838,1437500,False,False
NELY.JK,202.0,200.66666666666666,200.4,202.2,204.3,201.91724731445314,256.7677993774414,1.9500000000000028,1.5372540162205401,182800,True,False
NCKL.JK,940.0,943.3333333333334,922.0,888.5,862.5,824.6577966308594,935.5143505859374,23.7351073404948,2.755511593685752,34449000,False,False
NAYZ.JK,59.0,57.666666666666664,57.6,57.8,57.4,57.66,61.76,1.6000000000000014,5.128090075516709,14483600,False,False
NATO.JK,655.0,656.6666666666666,662.0,660.0,643.0,607.4,610.9,10.920000000000005,1.2342053347769701,66100,False,False
NASI.JK,137.0,132.0,130.6,127.8,123.65,116.1,131.96,20.900000000000006,2.7002955212055304,3267100,False,False
NASA.JK,30.0,30.333333333333332,30.2,30.3,30.15,31.9,34.93,1.8999999999999986,2.677901527022679,389900,True,False
NANO.JK,29.0,28.666666666666668,29.0,30.0,29.1,25.74,30.52,4.260000000000002,5.537104268711563,14882100,False,False
NAIK.JK,88.0,87.0,86.8,86.9,86.95,84.52,90.56307731628418,3.480000000000004,1.450457733922499,1640400,True,False
MYTX.JK,41.0,41.0,41.0,41.0,41.0,42.3,47.44,1.2999999999999972,0.0,0,True,False
MYOR.JK,1675.0,1673.3333333333333,1685.0,1705.5,1727.5,1743.8258837890626,1759.2976513671874,14.098510091145863,1.6772465566430412,19334500,False,False
MYOH.JK,1035.0,1038.3333333333333,1042.0,1043.5,1044.0,1051.5133374023437,1131.4012438964844,3.3026674804687444,0.8105587417864947,83000,True,False
MUTU.JK,110.0,111.0,110.2,109.0,109.95,109.09807937622071,105.29745895385742,2.0,1.3315311428329832,3135700,True,True
MTWI.JK,254.0,254.0,255.6,256.6,262.2,264.4127713012695,293.66845809936524,5.206385650634758,3.7766204697372747,12100,True,False
MTMH.JK,930.0,918.3333333333334,916.0,921.0,936.0,947.8129858398438,969.8154180908203,6.362597167968761,3.396782218749984,26700,False,False
MTLA.JK,530.0,526.6666666666666,533.0,521.5,518.0,508.44295776367187,520.5034063720703,4.911408447265626,4.459430986204488,11400,False,False
MTFN.JK,13.0,13.0,13.0,13.0,13.0,13.76,18.38,0.7599999999999998,0.0,0,True,False
MTEL.JK,446.0,447.3333333333333,451.6,452.4,457.7,468.4573828125,480.4185708618164,11.228691406249993,1.226979068280192,48022200,False,False
MTDL.JK,520.0,511.6666666666667,511.0,511.0,512.5,505.13700012207033,523.3660000610352,2.9725999755859336,1.3469510600747847,8037100,True,False
MSTI.JK,1340.0,1325.0,1327.0,1321.5,1325.0,1262.5761181640626,1266.9822399902343,15.484776367187488,2.634202868646701,988500,False,False
MSKY.JK,63.0,62.0,62.0,60.5,60.55,60.82,70.49,2.5,5.189072318047434,28734500,False,False
MSJA.JK,412.0,408.0,405.2,404.0,406.9,407.68,433.9134881591797,4.0,2.2926143265615098,36112000,True,False
MSIN.JK,392.0,393.3333333333333,394.0,395.2,425.2,473.96,610.27,40.97999999999999,2.846683587858186,29098100,False,False
MSIE.JK,102.0,98.33333333333333,98.8,91.3,87.3,97.6,92.27,14.700000000000003,5.468425348379393,13496000,False,False
MREI.JK,920.0,920.0,920.0,920.0,920.0,942.6,982.1,4.520000000000005,0.0,0,True,False
MRAT.JK,446.0,443.3333333333333,441.6,441.0,441.9,442.4,433.02,2.5,0.6771867831940954,297700,True,False
MPXL.JK,157.0,155.66666666666666,154.8,151.7,149.15,148.74,155.35,8.259999999999991,2.362012045081387,335800,False,False
MPRO.JK,12750.0,12033.333333333334,11455.0,12272.5,11215.0,9532.0,9477.75,128.72,10.692995098975848,9800,False,False
MPPA.JK,46.0,46.333333333333336,46.6,47.6,47.35,46.36,47.97,1.6000000000000014,3.4981725401674586,3295400,True,False
MPOW.JK,106.0,106.33333333333333,106.0,104.2,100.25,99.6,104.15,6.733333333333334,1.73446554709328,1694600,False,False
MPMX.JK,1005.0,1001.6666666666666,1001.0,992.5,991.0,964.2626184082031,901.7247705078125,8.147476318359372,1.0324313810862473,2830500,False,False
MPIX.JK,101.0,98.33333333333333,97.4,95.2,94.65,91.82,88.32,9.180000000000007,1.9963136924284035,11067500,False,False
MORA.JK,5500.0,5991.666666666667,6090.0,6255.0,6342.5,6563.5,6024.75,42.54,4.016609827218061,1182800,False,False
MOLI.JK,268.0,263.3333333333333,264.0,256.8,252.7,238.65364471435547,241.81494552612304,14.673177642822267,3.0319013313534717,2222200,False,False
MNCN.JK,202.0,202.0,204.0,204.8,206.9,206.52,218.64,2.450000000000003,2.0825534192359907,25126400,True,False
MMLP.JK,300.0,298.0,296.0,293.8,296.2,295.92,315.68,3.0999999999999943,1.358250332234651,855900,True,False
MMIX.JK,745.0,740.0,737.0,719.5,726.75,674.36,481.84,14.127999999999997,2.1825929150879877,11763700,False,False
MLPT.JK,1665.0,1701.6666666666667,1724.0,1691.5,1340.5,965.96,880.2731414794922,151.608,9.830291362374703,7516800,False,False
MLPL.JK,95.0,95.66666666666667,95.6,95.1,91.15,84.42,90.81,11.24666666666667,2.4491748044712094,20123400,False,False
MLIA.JK,232.0,232.0,231.6,231.4,234.5,238.6,257.56,3.5999999999999943,0.5772146394244055,21700,True,False
MLBI.JK,6900.0,6900.0,6805.0,6585.0,6447.5,6148.01513671875,5778.347485351563,30.07939453125,1.6919129150179943,78300,False,False
MKTR.JK,122.0,122.66666666666667,122.8,120.9,120.1,120.86306365966797,124.25163078308105,2.700000000000003,2.0284156448654436,219000,True,False
MKPI.JK,21950.0,21883.333333333332,21835.0,21742.5,21462.5,21105.4156640625,21384.20552734375,33.783373437499975,0.5646702930309545,42100,False,False
MKAP.JK,1170.0,1168.3333333333333,1166.0,1164.5,1164.75,1131.757255859375,1097.5965594482423,7.648548828125013,0.39510966745258996,65700,False,False
MITI.JK,210.0,215.33333333333334,193.8,178.5,176.7,171.74,209.79,21.796666666666667,11.338774467382489,5584900,False,False
MIRA.JK,25.0,23.0,22.8,22.1,20.95,19.82,21.4,5.18,7.683526638861148,24629600,False,False
MINE.JK,234.0,232.0,226.8,222.8,222.2,220.44,277.7,6.780000000000001,1.7112661833340326,1078700,False,False
MINA.JK,274.0,270.0,269.2,271.6,276.5,280.6,294.34,5.700000000000017,2.5072450298887614,38441800,True,False
MIKA.JK,1855.0,1830.0,1797.0,1770.5,1748.25,1658.0372607421875,1802.9815270996094,39.3925478515625,2.195487474015477,3303800,False,False
MIDI.JK,282.0,280.0,282.4,283.2,284.8,281.3848608398437,291.35645904541013,2.4000000000000057,1.664685289939249,12460500,True,False
MICE.JK,525.0,520.0,520.0,515.0,514.5,497.9970324707031,497.1258432006836,5.400593505859376,2.3786329554002226,43500,True,False
MHKI.JK,142.0,137.0,135.8,135.5,134.75,124.98938766479492,148.98992134094237,17.01061233520508,2.671025908975038,17934200,False,False
MGRO.JK,675.0,663.3333333333334,677.0,677.5,674.25,670.5,686.1,2.833333333333326,3.358461656527561,4391400,True,False
MGNA.JK,114.0,113.66666666666667,115.8,106.6,99.35,92.34,131.25,23.459999999999994,11.534583975922423,5186100,False,False
MGLV.JK,8500.0,8250.0,8290.0,8395.0,8271.25,8177.5,7231.85,12.9,2.7445323532816426,222700,False,False
MERK.JK,3900.0,3910.0,3894.0,3931.0,3889.0,3735.84533203125,3569.0330224609374,19.51546679687499,1.888616584351958,13900,False,False
MERI.JK,115.0,112.66666666666667,108.2,104.8,103.45,106.86,123.8,11.549999999999997,5.677281939101433,19468900,False,False
MEJA.JK,97.0,95.0,94.8,96.2,89.45,86.74,91.58857147216797,10.260000000000005,4.217157089405812,23682600,False,False
MEGA.JK,1980.0,1981.6666666666667,1981.0,1986.0,1992.75,1979.3,2108.8610327148435,2.6900000000000093,0.49243098011342235,14300,True,False
MEDS.JK,76.0,75.66666666666667,75.6,76.2,78.05,76.46,76.72,2.450000000000003,1.9145057412021937,24721600,True,False
MEDC.JK,1315.0,1330.0,1313.0,1308.0,1273.0,1197.8486596679688,1407.8995947265626,26.430268066406235,3.796882536879255,95415800,False,False
MDRN.JK,26.0,26.0,26.0,26.0,26.0,28.04,39.52,2.039999999999999,0.0,0,True,False
MDLN.JK,50.0,50.0,50.0,50.1,50.1,50.22,52.11,0.21999999999999886,1.1215122553896957,238400,True,False
MDLA.JK,210.0,210.0,210.8,210.0,208.5,203.58,202.93464233398439,3.6099999999999994,0.9022628065583118,228300,True,False
MDKI.JK,185.0,184.33333333333334,183.2,182.0,180.9,178.68236053466796,180.82904724121093,6.317639465332036,1.2782173827094017,95100,False,False
MDKA.JK,2910.0,2846.6666666666665,2790.0,2726.0,2689.5,2661.7788330078124,2889.8127563476564,24.82211669921876,2.997948407743109,58493600,False,False
MDIY.JK,910.0,905.0,909.0,918.5,942.25,883.325205078125,866.1763995361329,11.784958984374999,0.9202544048481174,1437000,False,False
MDIA.JK,216.0,203.0,182.8,152.2,111.4,87.76,89.25,64.12,11.574526016529619,541897900,False,False
MCOR.JK,69.0,68.66666666666667,68.8,68.4,68.1,66.92,68.47,2.0799999999999983,0.9287170932762521,1435600,True,True
MCOL.JK,3740.0,3740.0,3744.0,3719.0,3744.0,3712.4,3766.4432592773437,3.159999999999991,1.8625627035663985,3300,True,False
MCAS.JK,244.0,246.0,252.4,250.1,202.1,198.7,278.53,26.85000000000001,15.742631574208305,5723900,False,False
MBTO.JK,133.0,134.0,128.6,124.4,119.9,112.26,114.04,21.739999999999995,8.18374192189339,64833400,False,False
MBSS.JK,2820.0,2826.6666666666665,2822.0,2766.0,2677.0,2569.0,2268.2,25.76666666666665,1.225833344780858,513800,False,False
MBMA.JK,550.0,536.6666666666666,520.6,512.6,514.3,498.1,582.19,10.379999999999995,3.2303965705840834,142757200,False,False
MBAP.JK,1420.0,1415.0,1416.0,1422.0,1402.0,1393.1,1555.2,5.780000000000018,1.3395299380533567,41600,True,False
MAYA.JK,204.0,201.66666666666666,199.6,199.2,196.35,189.82,192.39,7.090000000000003,0.9848021131661271,463800,False,False
MAXI.JK,50.0,50.0,50.0,50.0,50.0,50.0,50.49,0.0,0.0,77400,True,False
MASB.JK,3390.0,3390.0,3390.0,3390.0,3390.0,3376.4,3309.0,1.359999999999991,0.0,9500,True,False
MARK.JK,1095.0,1083.3333333333333,1081.0,1025.0,1038.75,946.4,853.0787878417968,29.720000000000006,4.268301534310444,18995100,False,False
MARI.JK,23.0,23.0,23.0,23.0,23.0,24.02,26.55,1.0199999999999996,0.0,0,True,False
MAPI.JK,1670.0,1781.6666666666667,1692.0,1582.0,1549.5,1517.360546875,1399.9335815429688,52.861223958333355,8.312012348827999,10765000,False,False
MAPB.JK,1160.0,1128.3333333333333,1142.0,1149.5,1075.25,1112.9,1317.0,16.95,5.8903787639181155,31900,False,False
MAPA.JK,675.0,671.6666666666666,660.0,629.0,622.0,605.3811364746093,616.7346343994141,13.923772705078136,2.8159430356367805,55370600,False,False
MANG.JK,39.0,39.0,39.0,40.4,39.45,41.66,44.62,2.6599999999999966,3.1622730018637664,3677200,True,False
MAIN.JK,680.0,675.0,683.0,695.0,693.75,691.6906213378907,771.5062182617188,4.0,2.419936480465481,788400,True,False
MAHA.JK,145.0,145.66666666666666,144.8,142.8,141.55,136.49666748046874,135.71500259399414,9.169999186197913,1.4497233715000168,2152600,False,False
LUCK.JK,115.0,113.0,111.4,111.1,105.8,103.56,104.89,11.439999999999998,4.13482913096273,9361200,False,False
LTLS.JK,825.0,828.3333333333334,825.0,797.5,786.5,773.1,770.2469500732421,11.04666666666667,1.5435390875046013,73700,False,False
LSIP.JK,1455.0,1453.3333333333333,1445.0,1412.0,1363.5,1262.1080517578125,1330.6397863769532,38.57838964843749,2.109430514376064,6350500,False,False
LRNA.JK,186.0,184.66666666666666,184.4,183.9,181.8,181.02,191.74,4.97999999999999,1.3845686409732567,142100,True,False
LPPS.JK,82.0,81.0,80.4,80.1,77.35,71.74,77.38,10.260000000000005,2.2167423260115884,4229800,False,False
LPPF.JK,1575.0,1568.3333333333333,1570.0,1559.0,1554.5,1541.6,1586.876044921875,6.680000000000018,2.015824149671967,748600,False,False
LPLI.JK,244.0,244.66666666666666,244.0,249.0,247.2,242.4,268.08,3.299999999999997,1.7307241653071268,74100,True,False
LPKR.JK,61.0,61.0,60.8,61.2,61.25,61.92,71.87,1.1200000000000045,2.1076763415560036,229007000,True,False
LPIN.JK,422.0,418.6666666666667,420.4,419.2,416.3,406.16,409.0013232421875,7.9199999999999875,0.9818565350449218,135700,False,False
LPGI.JK,640.0,638.3333333333334,632.0,632.0,653.25,666.2,666.86376953125,6.840000000000009,2.427850176316965,32400,False,False
LPCK.JK,570.0,578.3333333333334,559.0,539.0,525.75,513.48,572.99,12.97066666666667,3.674377552886788,189600,False,False
LOPI.JK,64.0,64.66666666666667,63.8,63.8,60.25,63.2,87.66,4.416666666666671,4.440350274331401,2463300,False,False
LMPI.JK,139.0,139.33333333333334,140.2,140.9,139.75,138.4,146.23,2.5,1.5657488329831548,104300,True,False
LMAX.JK,115.0,114.66666666666667,114.2,114.4,115.1,98.44,127.41,16.659999999999997,4.300412904425358,426000,False,False
LIVE.JK,208.0,210.66666666666666,210.0,206.4,205.9,212.84,214.29,3.469999999999999,1.1886612862040942,12176200,True,False
LION.JK,356.0,352.6666666666667,352.0,350.4,346.0,337.16,371.18,9.419999999999987,3.607605186267062,76600,False,False
LINK.JK,1385.0,1391.6666666666667,1397.0,1404.5,1410.75,1389.3,1584.65,5.15,1.4412356835155147,8100,True,False
LIFE.JK,5825.0,5866.666666666667,5850.0,5767.5,5790.0,5921.5,6448.505717773438,6.16,2.0032124033851195,6900,False,False
LFLO.JK,494.0,490.6666666666667,488.8,485.8,489.7,521.0404547119141,537.2934213256835,17.62022735595704,2.297658880224963,500,False,False
LEAD.JK,114.0,111.0,109.6,105.6,103.35,98.12,114.98,15.879999999999995,4.035058616952194,57945500,False,False
LCKM.JK,109.0,109.0,109.0,109.5,109.2,110.54,119.11,1.5400000000000063,2.5469676182795893,0,True,False
LAPD.JK,65.0,63.666666666666664,63.0,63.6,65.35,63.4,73.07,2.3499999999999943,3.4286813274994428,234929500,True,False
LAND.JK,78.0,78.0,77.2,75.9,75.6,63.24,68.18,14.759999999999998,4.713252868937386,24790200,False,False
LAJU.JK,67.0,66.33333333333333,65.8,65.7,66.45,63.953706970214846,71.17405437469482,3.0462930297851543,2.5107500548737933,21694900,True,False
LABS.JK,156.0,154.66666666666666,153.2,150.9,149.1,144.3,151.49,11.699999999999989,1.3567929880033889,732300,False,False
LABA.JK,95.0,94.33333333333333,94.4,94.0,93.3,90.38,104.35,4.6200000000000045,1.8712179651458043,26713600,True,False
KUAS.JK,93.0,92.66666666666667,91.8,91.4,91.6,91.06,98.08314575195313,1.9399999999999977,2.7603005968477117,5055000,True,False
KSIX.JK,368.0,343.3333333333333,320.0,303.4,292.9,321.28,324.54,37.55000000000001,6.02823799448817,1851200,False,False
KRYA.JK,63.0,61.666666666666664,60.6,59.8,59.9,58.12,63.2,4.880000000000003,2.0505374839037684,104000300,True,False
KREN.JK,14.0,13.333333333333334,13.2,13.2,12.85,12.72,14.48,1.2799999999999994,4.947089528537475,9357300,False,False
KRAS.JK,232.0,227.33333333333334,224.8,225.4,227.6,210.96,248.32,10.519999999999996,3.4242576487887875,6108900,False,False
KPIG.JK,81.0,83.33333333333333,82.8,82.4,82.85,83.38,96.18,2.3799999999999955,2.7144575363323376,160305800,True,False
KOTA.JK,171.0,159.33333333333334,155.2,138.6,117.95,103.24,99.85,67.76,7.727854750529239,2386542200,False,False
KOPI.JK,210.0,210.0,210.0,207.0,200.6,188.24,218.75,10.879999999999995,3.7079212101496077,582800,False,False
KONI.JK,2420.0,2416.6666666666665,2434.0,2432.0,2581.5,2585.6,2386.25,16.893333333333338,1.2630796234525086,26800,False,False
KOKA.JK,196.0,197.0,195.4,199.7,194.95,140.64,159.77,59.06,3.4566399747648004,20443700,False,False
KOIN.JK,78.0,78.0,78.0,78.0,78.0,76.52,79.1,1.480000000000004,0.0,0,True,False
KOCI.JK,109.0,111.0,105.8,103.0,102.15,95.98368377685547,106.2278931427002,15.016316223144528,7.038266646898478,21095600,False,False
KOBX.JK,170.0,166.33333333333334,164.2,163.2,154.1,149.96,156.92,20.039999999999992,12.299460559480716,7859900,False,False
KMTR.JK,230.0,233.33333333333334,233.2,237.4,231.5,229.04,242.4,4.180000000000007,4.999498944033104,100000,False,False
KMDS.JK,540.0,538.3333333333334,541.0,541.0,539.75,534.03283203125,544.6918923950195,1.3934335937500009,1.3668234496230829,137800,True,False
KLIN.JK,117.0,115.33333333333333,117.0,116.6,111.3,106.9,128.71,10.099999999999994,5.495329927968621,261000,False,False
KLBF.JK,800.0,753.3333333333334,736.0,724.0,728.75,734.3630139160156,816.7184875488281,15.2,3.261792234532015,254510300,False,False
KLAS.JK,77.0,76.66666666666667,76.0,74.2,71.85,68.9,75.05,8.099999999999994,2.836055868751423,5880200,False,False
KKGI.JK,274.0,274.6666666666667,274.4,275.2,273.3,264.52090118408205,287.2195475769043,5.33954940795897,1.382257195207852,937400,True,False
KKES.JK,66.0,65.33333333333333,65.8,66.8,66.45,52.28,44.42,14.519999999999996,1.8188307575749099,1264500,False,False
KJEN.JK,147.0,144.33333333333334,147.0,136.3,130.35,126.06,129.56,20.939999999999998,7.588788662035419,11951300,False,False
KIOS.JK,98.0,95.66666666666667,95.4,94.5,94.35,87.4,96.56,10.599999999999994,2.311913959368448,21550600,False,False
KINO.JK,1315.0,1298.3333333333333,1276.0,1230.5,1189.0,1142.3119995117188,1116.6759838867188,34.53760009765624,2.751190383812025,97300,False,False
KING.JK,278.0,282.6666666666667,276.4,274.6,290.1,378.1,372.51,51.75,3.2305926691498987,205700,False,False
KIJA.JK,124.0,123.33333333333333,125.0,126.5,129.2,123.18,149.67,6.019999999999982,2.671974698008359,60840300,False,False
KICI.JK,198.0,195.33333333333334,194.6,194.5,191.05,186.54,196.0,11.460000000000008,1.4679089204804863,1617500,False,False
KETR.JK,615.0,593.3333333333334,578.0,570.5,552.5,547.58,519.4,13.483999999999991,4.175187230765684,30727600,False,False
KEJU.JK,580.0,565.0,559.0,551.0,549.0,564.5,550.1968405151367,6.2,1.4278799333761405,103000,False,False
KEEN.JK,910.0,883.3333333333334,873.0,858.5,856.25,837.5299145507812,860.0797479248047,14.49401708984376,2.7446079406023003,13976700,False,False
KDTN.JK,480.0,466.6666666666667,420.4,400.0,473.5,605.28,776.54,102.63999999999999,14.180629443634837,23366500,False,False
KDSI.JK,458.0,455.3333333333333,455.2,451.0,447.4,442.6,445.52,7.699999999999989,1.045053062662969,4400,False,False
KBLV.JK,125.0,126.0,128.0,125.7,116.0,97.92,104.48,30.08,5.1113267488551495,6370200,False,False
KBLM.JK,298.0,300.6666666666667,300.4,297.6,294.2,290.04615478515626,302.316647644043,5.310255940755212,0.8997131148340841,116000,True,False
KBLI.JK,330.0,326.6666666666667,325.6,324.0,322.2,310.7463446044922,307.5785586547852,9.626827697753896,0.8407176408525197,1186300,False,False
KBAG.JK,49.0,46.333333333333336,44.8,44.0,42.45,39.22,43.29,9.780000000000001,3.6962532628511457,10788600,False,False
KARW.JK,212.0,212.0,212.0,212.0,212.0,232.2,266.26,10.099999999999994,0.0,0,False,False
KAQI.JK,96.0,94.33333333333333,94.6,92.3,90.15,88.4,97.02,7.599999999999994,3.2004200031427414,27970700,False,False
KAEF.JK,456.0,452.6666666666667,451.6,450.0,452.2,449.52,476.3,3.240000000000009,0.8914502255319405,363800,True,False
JTPE.JK,605.0,596.6666666666666,601.0,606.5,606.75,599.095,589.725,2.016666666666674,1.6177296097621499,968900,True,False
JSPT.JK,1385.0,1383.3333333333333,1444.0,1420.5,1409.0,1324.5226220703125,1367.7481530761718,23.895475585937493,6.476777401373078,18900,False,False
JSMR.JK,2800.0,2776.6666666666665,2760.0,2728.0,2726.5,2756.2237548828125,2850.2578857421877,7.35,0.9124768244170781,3511500,False,False
JRPT.JK,1080.0,1080.0,1080.0,1079.0,1078.75,1073.5768579101561,1071.5356127929688,1.28462841796877,0.14708268186829976,2084000,True,True
JPFA.JK,2230.0,2200.0,2186.0,2149.0,2095.0,2069.5,2232.8456982421876,16.05,1.5596179326501325,7955200,False,False
JMAS.JK,228.0,228.0,228.0,228.0,228.0,240.0,236.36,6.0,0.0,0,False,False
JKON.JK,84.0,86.33333333333333,78.2,72.5,70.1,67.71164237976075,69.69313526153564,18.621690953572582,11.449541776091241,36690300,False,False
JIHD.JK,426.0,425.3333333333333,423.2,427.0,427.3,419.44,464.33,3.930000000000007,1.5739882535222707,134700,True,False
JGLE.JK,83.0,75.66666666666667,71.0,67.6,60.75,57.18,63.01,25.82,8.579994128990979,290426204,False,False
JECC.JK,635.0,640.0,631.0,625.0,629.75,598.6822875976562,721.8354309082031,8.263542480468754,1.8445264292078951,33100,False,False
JAYA.JK,134.0,133.66666666666666,132.6,129.6,126.7,123.46,127.76,10.540000000000006,1.8626920213492413,1915600,False,False
JAWA.JK,131.0,129.0,127.8,124.1,120.4,119.16,137.72,11.840000000000003,2.6236331216790454,1650100,False,False
JATI.JK,99.0,97.0,96.4,95.7,94.45,94.78864715576172,99.38041435241699,4.549999999999997,1.6549634144307144,12935500,True,False
JAST.JK,84.0,84.0,83.6,83.3,84.65,81.56,89.56,3.0900000000000034,1.3257635170176891,2794400,True,False
JARR.JK,1900.0,1900.0,1906.0,1900.5,1891.25,1796.0822729492188,1935.632322998047,21.98354541015624,1.7049695697822373,567700,False,False
ITMG.JK,24700.0,24716.666666666668,24705.0,24545.0,24207.5,23098.5,24397.1251953125,64.72666666666672,0.7781549120700584,819900,False,False
ITMA.JK,1380.0,1380.0,1367.0,1379.0,1361.75,1437.8,1778.55,15.20999999999999,1.8066886741512893,22900,False,False
ITIC.JK,226.0,221.33333333333334,218.4,215.6,209.45,204.7,229.99,10.650000000000006,2.211549289010077,1354000,False,False
ISSP.JK,440.0,438.6666666666667,437.2,425.0,412.1,395.9416345214844,416.2551089477539,22.029182739257806,2.131668569699824,2148300,False,False
ISEA.JK,83.0,82.0,80.8,80.2,79.7,71.06,77.47,11.939999999999998,2.0364238364630642,5463400,False,False
ISAT.JK,1900.0,1931.6666666666667,1924.0,1927.0,1906.5,1892.5,1958.003818359375,7.833333333333348,2.5332032981040427,62477300,False,False
ISAP.JK,25.0,24.666666666666668,24.6,24.7,24.45,24.0,27.16,1.0,3.812748808090033,9581800,False,False
IRSX.JK,370.0,370.6666666666667,357.2,333.4,307.2,296.9098010253906,364.5286865234375,36.87843282063804,5.400713103322886,52512100,False,False
IRRA.JK,374.0,374.0,374.4,374.0,373.5,368.56,382.46,2.9199999999999875,0.3388338762589099,796700,True,False
IPTV.JK,30.0,30.333333333333332,30.8,31.3,31.0,32.96,37.27,2.960000000000001,3.6395489483041903,2937800,True,False
IPOL.JK,109.0,107.66666666666667,107.2,106.2,106.3,107.56,114.13,2.799999999999997,1.095166878545451,671600,True,False
IPCM.JK,306.0,304.6666666666667,304.8,310.4,313.4,306.9853308105469,307.41613342285154,4.366666666666646,1.542348657860645,665500,True,False
IPCC.JK,1165.0,1153.3333333333333,1149.0,1158.5,1191.0,1150.9609509277343,1167.8378717041016,8.4,1.8966409542195208,456400,False,False
IPAC.JK,171.0,165.0,163.8,161.9,162.3,152.3,153.39,18.69999999999999,3.2566835255111135,325700,False,False
IOTF.JK,53.0,52.666666666666664,52.6,52.4,52.7,53.08,57.79,0.6799999999999997,1.3995710349801218,3697400,True,False
INTP.JK,5300.0,5041.666666666667,4879.0,4734.5,4660.25,4400.369814453125,4575.599565429688,35.98520742187498,2.2706134557410165,5355300,False,False
INTD.JK,254.0,252.66666666666666,252.4,247.4,239.7,234.52,242.12,9.739999999999995,3.265993908504581,490600,False,False
INTA.JK,61.0,61.0,61.0,61.0,61.0,63.48,69.94,2.479999999999997,0.0,0,True,False
INPS.JK,725.0,716.6666666666666,695.0,676.0,647.0,656.5,636.86,15.6,5.163337999091066,99500,False,False
INPP.JK,670.0,683.3333333333334,690.0,694.0,697.25,724.6,756.0,10.920000000000005,1.356795627677908,19800,False,False
INPC.JK,143.0,141.0,140.0,138.3,137.35,133.16,145.59,9.840000000000003,1.7547473275032779,1864600,False,False
INOV.JK,146.0,145.33333333333334,143.2,137.5,132.15,123.18,130.03,22.819999999999993,2.089154951183296,1893400,False,False
INKP.JK,8375.0,8450.0,8395.0,8125.0,7853.75,7505.448173828125,8408.30263671875,37.78207304687501,2.000767355982035,2785000,False,False
INET.JK,238.0,234.66666666666666,231.6,228.6,221.9,207.68,246.94,15.159999999999997,3.4222905423785934,129127000,False,False
INDY.JK,2590.0,2483.3333333333335,2530.0,2546.0,2420.25,2216.9346826171877,2803.441494140625,37.30653173828123,5.209648540787263,32934600,False,False
INDX.JK,60.0,60.0,60.0,60.0,60.0,64.32,84.82,4.319999999999993,2.837818317547164e-07,0,True,False
INDS.JK,286.0,281.3333333333333,279.2,277.4,271.8,265.38240325927734,342.7346049499512,10.30879837036133,1.8925607404940623,3039800,False,False
INDR.JK,2350.0,2330.0,2254.0,2116.5,2068.25,2023.4,2344.3,32.65999999999999,5.4252814549678385,43600,False,False
INDO.JK,176.0,176.0,175.6,173.7,172.1,165.6,162.84,10.400000000000006,1.9349981797231088,24213100,False,False
INDF.JK,7250.0,7175.0,7090.0,6982.5,6875.0,6552.30802734375,6449.433076171875,27.907678906250002,0.8293547397768155,10861900,False,False
INCO.JK,5425.0,5375.0,5260.0,5040.5,4951.25,4749.867490234375,5338.068530273437,27.005300390625017,4.048481115580922,14375900,False,False
INCI.JK,670.0,663.3333333333334,664.0,659.0,655.75,647.6540954589843,667.1393365478516,4.469180908203134,1.6915501669298953,25500,True,False
INCF.JK,50.0,50.0,50.0,50.0,50.0,50.0,53.37,0.0,0.0,0,True,False
INAI.JK,183.0,180.0,179.6,175.0,164.45,150.7,168.82,32.30000000000001,2.7983328334247384,4024500,False,False
IMPC.JK,1575.0,1563.3333333333333,1552.0,1532.0,1501.75,1558.5,1823.15,14.65,2.861027970368283,7201200,False,False
IMJS.JK,165.0,165.33333333333334,161.4,154.6,150.6,143.5166442871094,159.91578155517578,21.816689046223956,2.550455888419857,3270700,False,False
IMAS.JK,870.0,863.3333333333334,858.0,858.0,845.5,843.7537902832031,935.8601904296875,5.2492419433593795,0.8597329478592385,138100,True,False
IKPM.JK,190.0,188.66666666666666,187.2,186.2,184.5,184.0,195.91,6.0,2.1785746448863432,36800,False,False
IKBI.JK,595.0,568.3333333333334,568.0,556.0,560.25,530.12,538.66,12.975999999999999,3.495197392136669,1659400,False,False
IKAN.JK,87.0,86.33333333333333,85.4,84.2,83.85,77.92,86.07,9.079999999999998,2.595756064345432,9787900,False,False
IKAI.JK,22.0,22.333333333333332,21.4,21.1,20.4,19.18,21.03,3.1533333333333324,4.742042136986276,9588100,False,False
IGAR.JK,442.0,442.6666666666667,437.6,430.8,422.8,418.94203125,443.82604217529297,11.862317708333336,1.682368119458191,11900,False,False
IFSH.JK,1090.0,1090.0,1118.0,1157.0,1165.5,1221.84,1818.7584289550782,26.367999999999984,1.829994567669483,17500,False,False
IFII.JK,206.0,206.66666666666666,206.4,208.2,211.2,215.08,219.84,4.540000000000006,1.4222704044371461,381900,True,False
IDPR.JK,278.0,280.0,284.8,289.2,295.1,294.97194519042966,296.2277166748047,8.550000000000011,1.5189710123578628,5400,False,False
IDEA.JK,67.0,67.33333333333333,64.8,63.0,63.4,60.74,73.05,6.593333333333327,3.667025450319677,4354400,False,False
ICON.JK,122.0,115.33333333333333,111.6,108.6,107.05,105.9,112.39,16.099999999999994,4.854350775529193,439650200,False,False
ICBP.JK,7300.0,7225.0,7135.0,7062.5,6917.5,6606.356767578125,6715.647016601562,27.745729296875,1.4624420104130278,5071600,False,False
IBST.JK,8475.0,8475.0,8475.0,8475.0,8475.0,8475.0,7717.3,0.0,0.0,0,True,False
IBOS.JK,67.0,64.66666666666667,64.2,65.8,67.4,75.0,93.9,10.799999999999997,3.0789675678433555,10431300,False,False
IBFN.JK,63.0,63.0,63.0,63.0,63.0,64.58,73.12,1.5799999999999983,0.0,0,True,False
IATA.JK,96.0,92.33333333333333,82.0,70.1,64.7,64.48,70.78,31.519999999999996,11.798123592610855,1188462200,False,False
HYGN.JK,166.0,166.66666666666666,168.6,165.4,159.6,147.34,145.73920120239256,21.25999999999999,2.505877291003821,2663100,False,False
HUMI.JK,149.0,145.0,140.8,137.0,131.45,125.46,155.61,23.540000000000006,3.653898138255993,143333100,False,False
HRUM.JK,875.0,880.0,859.0,835.0,818.0,781.2,875.65,19.75999999999999,2.9132212888333715,11728700,False,False
HRTA.JK,2000.0,1911.6666666666667,1891.0,1902.5,1888.25,1969.306689453125,2253.8432763671876,22.35,2.6109100627043245,27665800,False,False
HRME.JK,42.0,42.666666666666664,42.4,43.0,43.95,44.26,46.06,2.259999999999998,3.955100638723076,1132500,False,False
HOPE.JK,220.0,216.66666666666666,213.2,199.7,189.0,148.64,175.87,35.68000000000001,4.361952349658195,45927600,False,False
HOMI.JK,180.0,178.66666666666666,178.0,177.3,179.4,186.74,214.07,9.439999999999998,1.6355100716172208,1160300,False,False
HOKI.JK,54.0,53.666666666666664,53.8,54.3,53.75,54.32,60.31,0.653333333333336,2.761599642519306,9787600,True,False
HMSP.JK,760.0,750.0,743.0,731.5,713.5,675.2220007324219,682.9169421386719,16.95559985351563,1.0100384009156993,22773700,False,False
HILL.JK,16.0,16.0,16.0,16.0,16.0,15.98,18.36,0.019999999999999574,0.0,0,True,False
HGII.JK,121.0,119.66666666666667,120.6,120.8,121.4,124.04520034790039,131.2791567993164,4.378533681233719,1.2331809231004307,321400,True,False
HEXA.JK,4450.0,4466.666666666667,4468.0,4477.0,4456.0,4408.0,4424.8,6.9,0.5835032298121551,347800,False,False
HERO.JK,348.0,348.6666666666667,346.8,344.6,338.8,331.88,376.65,8.393333333333345,3.8347803827381997,295200,False,False
HELI.JK,190.0,187.33333333333334,185.2,187.1,183.95,178.5,186.79,11.5,4.4908588618540355,773500,False,False
HEAL.JK,795.0,795.0,796.0,797.0,840.75,858.4,1006.5465576171875,12.679999999999996,2.7986317624448476,15557700,False,False
HDIT.JK,50.0,50.0,50.2,50.4,50.4,50.58,55.03,0.5799999999999983,1.3192010504425333,307600,True,False
HDFA.JK,103.0,101.66666666666667,97.4,93.0,90.9,88.82,95.86,14.180000000000007,8.530015621845074,23845900,False,False
HBAT.JK,220.0,222.0,222.4,233.0,252.7,332.66,357.93,56.33000000000001,3.09113045583649,420500,False,False
HATM.JK,535.0,531.6666666666666,541.0,511.4,474.0,400.54285888671876,353.11619567871094,28.091428222656248,6.004613089938196,20677100,False,False
HALO.JK,71.0,70.33333333333333,70.6,68.7,67.25,64.6,69.44,6.400000000000006,3.31903814111414,4426000,False,False
HAJJ.JK,108.0,106.66666666666667,106.2,105.1,103.6,103.46,116.75,4.540000000000006,2.3211090767375313,7825500,True,False
HAIS.JK,183.0,183.66666666666666,183.8,182.9,182.3,175.86,185.13827545166015,7.939999999999998,1.4617646475084494,291300,False,False
HADE.JK,19.0,19.0,18.8,18.6,18.6,16.92,18.43,2.0799999999999983,4.41736647178608,1033500,False,False
GZCO.JK,177.0,176.0,171.8,161.7,155.2,146.98,172.77,30.02000000000001,4.912070402255853,22789800,False,False
GWSA.JK,137.0,133.0,130.8,128.0,124.6,121.56,134.03,15.439999999999998,2.4728404267160458,2242900,False,False
GUNA.JK,204.0,202.0,201.6,200.3,195.9,173.70670349121093,190.12055419921876,15.146648254394535,1.7384762582780056,408400,False,False
GULA.JK,785.0,800.0,809.0,788.0,738.25,644.36,499.5,32.928,4.14796509667442,37366300,False,False
GTSI.JK,172.0,164.66666666666666,157.6,153.0,145.9,137.08496170043946,178.1858924102783,34.915038299560536,5.40229084260272,187595400,False,False
GTRA.JK,244.0,241.33333333333334,241.6,239.0,225.55,203.8,221.07,20.099999999999994,1.3922590075011896,376700,False,False
GTBO.JK,170.0,170.0,170.0,170.0,170.0,176.12,195.83,6.1200000000000045,0.0,0,False,False
GSMF.JK,88.0,87.33333333333333,87.6,87.3,86.6,83.76,96.67,4.239999999999995,1.5929433687605041,2936700,True,False
GRPM.JK,234.0,234.66666666666666,228.8,228.4,235.6,242.44,277.26,7.019999999999996,5.936996318237255,465200,False,False
GRPH.JK,59.0,58.666666666666664,58.8,59.2,59.2,58.76,59.07,0.5333333333333385,1.5916549644732145,3610100,True,False
GRIA.JK,150.0,142.33333333333334,133.2,126.1,118.9,120.18,112.34,31.099999999999994,6.068818051851815,14225600,False,False
GPSO.JK,310.0,309.3333333333333,302.4,297.0,309.0,361.12,364.32,32.06,4.867904991379486,13387100,False,False
GPRA.JK,107.0,105.0,104.2,103.4,102.35,101.28254852294921,104.23068450927734,5.717451477050787,4.335537963732432,134653000,False,False
GOTO.JK,50.0,50.0,50.0,50.0,50.0,50.0,51.08,0.0,0.0,123652900,True,False
GOOD.JK,298.0,296.0,293.6,294.2,299.2,309.84,324.3306259155273,8.119999999999976,1.5417477182184838,101900,False,False
GOLF.JK,167.0,163.0,161.4,160.5,164.35,162.7057437133789,175.24174560546874,6.5,2.1309868122707183,5386200,False,False
GOLD.JK,272.0,267.3333333333333,266.0,268.4,262.4,256.76,269.04,7.6200000000000045,3.951886129484449,703700,False,False
GMTD.JK,1295.0,1296.6666666666667,1300.0,1309.5,1303.75,1379.3,1499.9274829101562,16.859999999999992,5.203176767662624,2900,False,False
GMFI.JK,55.0,54.333333333333336,54.4,54.7,53.7,52.6,56.72,2.3999999999999986,1.9062606658238719,63949000,True,False
GLVA.JK,308.0,306.0,306.0,305.2,302.1,304.58683044433593,317.03293182373045,2.9499999999999886,1.4865647063902785,15200,True,False
GJTL.JK,1335.0,1318.3333333333333,1281.0,1229.5,1177.75,1140.4228125,1101.7921264648437,38.91543750000001,3.3834873798646936,5327600,False,False
GIAA.JK,53.0,53.666666666666664,53.6,53.7,53.35,54.1,61.42,1.1000000000000014,2.0368380467295744,32658300,True,False
GHON.JK,1625.0,1628.3333333333333,1631.0,1638.5,1620.0,1691.1,1743.15,14.219999999999981,0.4075610147916828,21400,False,False
GGRP.JK,300.0,298.0,297.6,295.8,294.4,292.12,282.22588928222655,3.9399999999999977,0.7676558754731152,716300,True,False
GGRM.JK,20950.0,20266.666666666668,19775.0,18825.0,17860.0,16321.525,15350.8375,185.139,2.047041694226231,2552600,False,False
GEMS.JK,6525.0,6533.333333333333,6500.0,6502.5,6513.75,6486.5,7314.25,1.8733333333333213,1.2095014147231746,62600,True,False
GEMA.JK,81.0,80.66666666666667,80.6,80.9,80.3,79.2952377319336,82.40476020812989,1.7047622680664034,0.9140409298731907,1043200,True,False
GDYR.JK,1100.0,1103.3333333333333,1100.0,1096.5,1095.0,1090.9,1099.75,2.4866666666666335,1.1637893570557785,1400,True,False
GDST.JK,115.0,107.0,103.0,99.2,94.2,86.76,93.67,28.239999999999995,7.062429059764725,86691000,False,False
FWCT.JK,94.0,94.33333333333333,92.8,91.2,89.45,80.84,91.77,13.493333333333325,2.2756337713115813,5485400,False,False
FUTR.JK,312.0,321.3333333333333,305.2,294.2,261.3,203.78,218.83,58.77666666666666,10.573836448943142,50872200,False,False
FUJI.JK,206.0,206.66666666666666,206.0,204.6,205.65,232.18,290.01,13.790000000000006,2.002010451027597,218000,False,False
FPNI.JK,444.0,429.3333333333333,404.0,362.8,343.9,335.88,387.98,54.06,8.062940374792149,11370900,False,False
FORU.JK,2640.0,2700.0,2782.0,2931.0,2952.0,2875.1,2074.95,31.2,3.5838528058472012,371700,False,False
FORE.JK,765.0,750.0,714.0,678.5,648.75,661.4,735.87,23.25,4.577440899642637,11631200,False,False
FOOD.JK,176.0,176.0,176.0,176.0,176.0,172.68,189.75,3.319999999999993,0.0,0,True,False
FOLK.JK,216.0,212.66666666666666,210.4,210.2,211.5,200.06,271.69,7.969999999999999,1.859843827846199,5285400,False,False
FMII.JK,246.0,249.33333333333334,250.4,248.2,249.1,246.32,241.56,2.200000000000003,2.4350375639021724,24200,True,False
FLMC.JK,72.0,71.33333333333333,72.4,73.9,65.3,84.26,119.13,18.960000000000008,5.199096764131746,1548100,False,False
FITT.JK,354.0,354.6666666666667,352.8,353.2,361.9,366.28,385.58,6.739999999999981,1.5005104216625715,197100,False,False
FISH.JK,605.0,606.6666666666666,611.0,618.5,629.25,621.6850439453125,685.3192761230468,4.85,1.838966624807497,40300,True,False
FIRE.JK,107.0,106.33333333333333,106.2,107.0,107.0,104.32,122.45,2.680000000000007,1.4622190637647736,3195400,True,False
FILM.JK,1010.0,1050.0,1060.0,1065.0,1286.0,1603.8,2212.35,118.75999999999999,4.851443796752001,11777000,False,False
FAST.JK,316.0,334.0,332.8,308.4,293.2,259.68,280.3,37.16,7.079262562123446,5970500,False,False
FAPA.JK,7325.0,7358.333333333333,7355.0,7335.0,7360.0,7287.2271484375,7034.867045898438,2.9109140625000145,0.3126296706386055,1400,True,False
EXCL.JK,2560.0,2533.3333333333335,2500.0,2468.0,2502.0,2547.0,2763.7,9.2,2.5829002265834533,4775600,False,False
EURO.JK,1850.0,1836.6666666666667,1880.0,1942.5,1862.75,1719.3893774414062,2135.0311926269533,44.622124511718766,3.188595210349089,156500,False,False
ESTI.JK,178.0,179.33333333333334,173.2,152.3,141.55,129.23248107910158,145.69784286499024,50.10085225423177,13.44755843132238,78327400,False,False
ESTA.JK,187.0,187.0,186.8,184.8,182.25,183.18,189.04,4.75,4.432076468995385,139500,False,False
ESSA.JK,630.0,623.3333333333334,629.0,626.0,610.25,586.9496850585938,652.8264636230468,8.610062988281243,2.7296506859725533,88684600,False,False
ESIP.JK,131.0,130.33333333333334,129.4,130.7,129.9,125.94755981445313,119.34098442077637,5.052440185546871,3.73253331332096,30943400,True,True
ERTX.JK,196.0,195.33333333333334,186.8,177.9,164.75,149.76,177.45,46.24000000000001,3.926624665250177,2286100,False,False
ERAL.JK,314.0,314.0,310.4,301.4,293.2,277.2661657714844,289.1654162597656,18.366917114257802,2.39284570097846,2243500,False,False
ERAA.JK,456.0,447.3333333333333,434.4,414.2,387.5,357.4211981201172,360.0741473388672,49.2894009399414,3.3992384619105054,128148200,False,False
EPMT.JK,2330.0,2356.6666666666665,2342.0,2316.0,2319.5,2310.8,2327.4,4.586666666666633,1.7255309590853936,46900,True,False
EPAC.JK,59.0,60.333333333333336,60.8,60.9,65.4,65.52,63.93,6.519999999999996,3.0779062363503096,68325400,False,False
ENZO.JK,79.0,78.0,73.4,69.0,68.4,66.4,69.8,12.599999999999994,12.179482076401513,284019400,False,False
ENRG.JK,1350.0,1291.6666666666667,1289.0,1338.0,1351.25,1298.5,1471.0,12.45,5.049474520324107,127815600,False,False
ENAK.JK,246.0,244.66666666666666,246.0,250.6,256.0,265.28,313.22,10.306666666666658,6.425717391932902,448400,False,False
EMTK.JK,530.0,526.6666666666666,527.0,523.0,524.25,538.0162829589843,660.7107916259765,3.003256591796867,1.9485106646445545,40154800,True,False
EMDE.JK,83.0,75.33333333333333,72.8,70.8,70.15,66.04,71.24,16.959999999999994,5.331043584574933,313823100,False,False
EMAS.JK,7400.0,6991.666666666667,6775.0,6462.5,6082.5,6501.5,7408.5,52.7,2.630815549276126,30061800,False,False
ELTY.JK,36.0,33.666666666666664,32.8,32.3,27.95,26.52,33.49,9.48,7.032365131461836,184388500,False,False
ELSA.JK,695.0,695.0,694.0,684.5,667.5,602.7930456542969,640.481787109375,18.441390869140626,2.7394504201066523,19550000,False,False
ELPI.JK,720.0,723.3333333333334,727.0,805.0,912.0,1098.5819921875,1403.990245361328,75.71639843749999,5.269742379597833,1362200,False,False
ELIT.JK,176.0,175.0,173.8,174.6,173.3,173.6,188.24,2.6999999999999886,2.07640818738496,1866600,True,False
EKAD.JK,171.0,171.0,170.6,169.3,169.2,166.19555541992187,167.6066651916504,4.804444580078126,1.375846855828976,130300,True,False
ECII.JK,163.0,162.0,161.8,159.2,150.95,138.3,161.66,24.69999999999999,6.466722543119502,824100,False,False
EAST.JK,93.0,93.0,92.2,91.3,90.55,89.02,88.62928932189942,3.980000000000004,1.01519216013435,4230200,True,True
DYAN.JK,86.0,85.0,84.0,82.5,81.1,77.92,80.41,8.079999999999998,2.0446532412986906,8938400,False,False
DWGL.JK,374.0,365.3333333333333,369.2,317.4,271.5,253.16,260.98,60.42,9.896318074547231,2946800,False,False
DVLA.JK,1580.0,1578.3333333333333,1586.0,1584.0,1572.75,1530.781953125,1534.0105895996094,11.043609375000006,0.5738656245330833,28300,False,False
DUTI.JK,4290.0,4290.0,4290.0,4290.0,4216.5,4004.640322265625,3866.0387451171873,28.535967773437505,0.29762613272173255,500,False,False
DSSA.JK,865.0,845.0,845.0,848.0,836.75,770.76,1467.04,18.848000000000003,2.1627355642925057,226868100,False,False
DSNG.JK,1375.0,1380.0,1367.0,1340.5,1273.5,1180.2213745117188,1353.6615026855468,39.95572509765625,4.095484454882316,6176900,False,False
DSFI.JK,83.0,82.0,81.2,80.4,78.2,72.94,83.57,10.060000000000002,2.112390152722947,7020100,False,False
DRMA.JK,955.0,956.6666666666666,954.0,937.0,924.75,926.1,937.8566662597656,6.383333333333326,1.2899167634496198,275700,False,False
DPUM.JK,102.0,99.33333333333333,98.6,98.4,98.1,117.28,130.41,19.180000000000007,2.0736499061413096,42029600,False,False
DOSS.JK,177.0,167.66666666666666,165.2,150.8,142.65,135.39568466186523,141.3726634979248,41.60431533813477,6.594995054539547,21098900,False,False
DOOH.JK,274.0,264.6666666666667,255.6,227.6,180.8,145.22,147.2,64.39,7.559455885234994,150255700,False,False
DOID.JK,218.0,214.66666666666666,215.2,218.0,213.15,206.24,229.04,5.8799999999999955,2.700425766354268,3234400,True,False
DNET.JK,9800.0,9833.333333333334,9835.0,9782.5,9756.25,9956.0,9604.25,7.99,1.3020544674428292,4700,False,False
DNAR.JK,125.0,123.66666666666667,123.8,122.7,118.8,114.5,125.18,10.5,1.0357495884606456,895200,False,False
DMND.JK,630.0,623.3333333333334,620.0,616.5,617.25,606.8543957519531,619.4389965820312,4.629120849609376,2.2411688794268483,26800,True,False
DMMX.JK,180.0,183.66666666666666,183.2,182.3,171.6,164.15829559326173,184.0401205444336,19.50837107340493,12.668805703888339,1513000,False,False
DMAS.JK,148.0,147.33333333333334,146.4,142.5,140.3,138.24854339599608,131.27039726257325,9.75145660400392,1.4876364113982892,95765200,False,False
DLTA.JK,1785.0,1780.0,1780.0,1778.5,1771.25,1741.0970434570313,1762.6393212890625,8.780591308593738,0.25862587145949073,78700,False,False
DKHH.JK,65.0,63.333333333333336,62.8,63.1,63.05,60.28,65.33,4.719999999999999,2.0415055673197857,14372500,True,False
DKFT.JK,695.0,688.3333333333334,677.0,663.0,654.5,653.3,699.5,8.340000000000009,2.643474888597316,11604500,False,False
DIVA.JK,139.0,135.0,130.0,126.6,120.5,115.32,132.53,23.680000000000007,7.36385576102885,10581800,False,False
DILD.JK,118.0,117.33333333333333,117.2,116.1,115.65,114.66,120.61,3.3400000000000034,1.5162487554630428,9517200,True,False
DIGI.JK,29.0,29.0,29.0,29.0,29.0,30.34,32.19,1.3399999999999999,0.0,0,True,False
DGWG.JK,308.0,299.3333333333333,292.4,286.6,284.8,291.97178649902344,327.31721771240234,11.599999999999994,1.68039226399147,21636400,False,False
DGNS.JK,248.0,237.33333333333334,235.6,236.8,230.8,229.68,254.36,9.159999999999997,3.2652191957620063,987700,False,False
DGIK.JK,129.0,127.66666666666667,127.8,128.3,130.2,126.08,128.36,4.11999999999999,0.8634173753959594,3533400,True,True
DFAM.JK,83.0,83.0,81.4,82.2,82.5,88.6,95.38,7.199999999999989,3.2702130605512836,30202300,False,False
DEWI.JK,123.0,120.66666666666667,120.0,119.5,119.9,118.8,121.83,4.200000000000003,1.5222009338051867,60848600,True,True
DEWA.JK,480.0,468.6666666666667,463.2,455.6,415.2,355.66716217041017,413.039952545166,62.16641891479492,3.5258837572493116,851079600,False,False
DEPO.JK,240.0,244.0,243.6,241.6,244.1,243.1422085571289,245.08618041992187,2.049999999999997,1.491471301117991,592200,True,False
DEFI.JK,116.0,108.33333333333333,106.8,106.8,106.6,110.66,120.12,9.400000000000006,3.9250038417338824,228451800,False,False
DCII.JK,200000.0,192358.33333333334,191955.0,191065.0,193255.0,189939.0,195794.5,402.44,2.2218520062814053,4100,False,False
DAYA.JK,985.0,973.3333333333334,980.0,979.0,976.25,1007.3,1013.4,6.793333333333317,1.100180089520603,5400,False,False
DATA.JK,1970.0,1966.6666666666667,2006.0,1994.5,2105.25,1913.0,2176.95,38.45,2.985071390050902,881400,False,False
DART.JK,135.0,129.33333333333334,128.2,126.8,125.6,123.48,134.82,11.519999999999996,3.2422140754166127,12447700,False,False
DADA.JK,50.0,50.0,50.0,50.0,50.0,50.0,50.0,0.0,0.0,533100,True,False
DAAZ.JK,1565.0,1533.3333333333333,1534.0,1544.0,1527.25,1587.7844360351562,1974.9011022949219,12.10688720703124,2.7440467574537024,429100,False,False
CYBR.JK,565.0,558.3333333333334,553.0,556.0,571.0,590.4,625.275,7.479999999999995,1.672603958466348,25992300,False,False
CUAN.JK,675.0,666.6666666666666,663.0,679.0,665.5,653.2,904.51,5.159999999999991,3.280583705270965,174914600,True,False
CTTH.JK,130.0,129.33333333333334,128.0,126.0,124.65,129.56,127.28,5.349999999999994,5.04674744959666,6231600,False,False
CTRA.JK,615.0,593.3333333333334,586.0,577.0,569.0,554.3673608398437,605.3126184082031,12.126527832031252,2.31512657074411,21707100,False,False
CTBN.JK,4030.0,4040.0,4118.0,4320.0,4674.25,5240.97921875,5253.2252734375,121.09792187499997,2.2868033831287287,12900,False,False
CSRA.JK,745.0,743.3333333333334,754.0,769.0,767.0,767.1,838.4,5.133333333333326,2.802230644692777,395200,True,False
CSMI.JK,77.0,76.66666666666667,75.4,75.2,75.8,74.94,84.73,2.0600000000000023,2.894534231586339,38036900,True,False
CSIS.JK,200.0,194.33333333333334,188.2,182.3,175.4,157.6792007446289,161.55160163879395,42.3207992553711,2.6357622925488093,7028100,False,False
CSAP.JK,292.0,288.6666666666667,288.8,286.6,287.5,277.9202722167969,280.24413635253904,7.039863891601556,2.242961926008777,114700,False,False
CRSN.JK,110.0,109.0,108.6,106.7,104.25,101.1187498474121,105.12869918823242,8.881250152587896,1.4259824758467563,1747900,False,False
CRAB.JK,208.0,208.0,208.0,208.0,208.0,208.88,212.76,0.4399999999999977,0.0,0,True,False
CPRO.JK,50.0,50.333333333333336,50.4,50.4,50.35,50.32,52.98,0.3999999999999986,1.733300801161603,18145900,True,False
CPIN.JK,3110.0,3140.0,3198.0,3196.0,3156.0,3304.6965576171874,3625.6054833984376,19.46965576171874,2.4796649346871336,17825100,False,False
COIN.JK,720.0,670.0,671.0,690.5,692.0,714.5,939.45,10.0,5.486970091356656,29592400,False,False
COCO.JK,111.0,106.33333333333333,107.0,112.5,128.25,159.711690826416,251.115845413208,53.378357493082675,6.907382853422452,499806000,False,False
COAL.JK,21.0,21.0,21.0,21.8,21.5,29.38,44.55,8.379999999999999,5.1200394736330415,0,False,False
CNMA.JK,94.0,95.0,93.2,92.3,92.05,89.96,94.95457138061523,5.040000000000006,2.5396337396634436,43252400,True,False
CNKO.JK,37.0,37.0,37.0,37.0,37.0,38.02,47.39,1.0200000000000031,0.0,0,True,False
CMRY.JK,4750.0,4643.333333333333,4644.0,4645.0,4635.0,4502.8,4503.598950195313,24.71999999999998,1.8732587721049674,4031100,False,False
CMPP.JK,69.0,69.0,69.0,69.0,69.0,70.02,75.97,1.019999999999996,0.0,0,True,False
CMNT.JK,790.0,793.3333333333334,800.0,800.5,794.5,792.3,782.55,2.1,2.0112950001961627,25063600,True,True
CMNP.JK,1380.0,1373.3333333333333,1360.0,1353.5,1350.25,1351.8,1416.95,5.95,0.76574351256921,111100,True,False
CLPI.JK,1600.0,1588.3333333333333,1578.0,1561.5,1540.75,1485.7062915039062,1459.7174780273438,22.85874169921876,0.8960774482918283,100700,False,False
CLEO.JK,388.0,382.6666666666667,384.0,380.6,380.9,376.6577117919922,386.89069732666013,5.671144104003901,1.3648774099545689,10748300,True,True
CLAY.JK,2700.0,2676.6666666666665,2596.0,2470.0,2479.0,2632.8,2718.6,23.0,4.275397864869195,39100,False,False
CITY.JK,178.0,175.66666666666666,172.8,170.6,169.8,159.26,171.53,18.74000000000001,1.8441611642589122,5543500,False,False
CITA.JK,3270.0,3273.3333333333335,3268.0,3268.0,3229.5,3093.6,3359.9690625,17.973333333333358,1.3557540426303658,113000,False,False
CINT.JK,180.0,180.33333333333334,178.2,175.5,171.05,168.36,184.29,11.97333333333333,2.8777120973128074,90500,False,False
CHIP.JK,920.0,923.3333333333334,920.0,919.0,928.75,937.6657238769532,1001.5212530517579,3.7331447753906333,0.8523513955063656,155000,True,False
CHEM.JK,66.0,65.33333333333333,64.8,64.9,64.9,62.34,76.56210250854492,3.6599999999999966,2.8614416671563623,25528400,True,False
CHEK.JK,135.0,133.66666666666666,132.8,132.1,130.2,125.3,131.1,9.700000000000003,1.8109756941068242,367600,False,False
CGAS.JK,153.0,153.33333333333334,153.4,153.1,152.35,150.9661099243164,157.50944259643555,2.4338900756835926,1.3131723486155817,3249100,True,False
CFIN.JK,348.0,346.0,344.4,339.8,337.7,318.64360107421874,305.41196411132813,14.678199462890632,1.071514531591208,961400,False,False
CENT.JK,81.0,80.33333333333333,80.6,81.1,79.25,75.96,87.79,5.140000000000001,2.100369115986646,15893400,True,False
CEKA.JK,2200.0,2193.3333333333335,2202.0,2193.0,2181.5,2151.9875,2165.294921875,5.001249999999982,0.8688591781781752,14900,True,False
CDIA.JK,665.0,655.0,653.0,670.0,660.0,669.3,812.8636883544922,3.4,2.448492125289222,31909200,True,False
CCSI.JK,248.0,247.33333333333334,246.0,247.0,248.2,245.84,250.8,1.1799999999999926,1.4612885545814442,27500,True,False
CBUT.JK,825.0,833.3333333333334,830.0,822.5,810.75,707.72,767.56,25.122666666666667,1.1411619127734314,51900,False,False
CBRE.JK,690.0,681.6666666666666,682.0,692.5,708.0,702.3,785.7,5.266666666666675,2.0647858179196774,8083400,True,False
CBPE.JK,440.0,384.0,356.8,324.8,305.4,290.60539794921874,300.11561584472656,74.69730102539063,8.66416119350979,1695000,False,False
CBDK.JK,3880.0,3870.0,3822.0,3687.0,3592.5,3565.155068359375,4101.889267578125,31.484493164062496,3.8976226299701398,3051200,False,False
CASS.JK,1900.0,1908.3333333333333,1903.0,1885.5,1869.5,1817.1,1838.45,18.24666666666667,1.0197631462227468,682400,False,False
CASH.JK,232.0,230.0,231.6,233.6,217.2,192.86,198.7,20.36999999999999,3.734477168593595,1430400,False,False
CASA.JK,1800.0,1816.6666666666667,1824.0,1834.0,1858.75,1731.3,1531.7,25.49000000000001,1.9304226713805137,5200,False,False
CARS.JK,94.0,92.33333333333333,91.8,90.6,87.55,87.6,91.17,6.450000000000003,2.0183701912605394,1657100,False,False
CARE.JK,426.0,424.6666666666667,423.2,421.0,424.0,416.32,414.4,4.840000000000003,0.4900631746676495,546100,True,False
CANI.JK,135.0,135.0,135.0,135.0,135.0,134.68,140.76,0.3199999999999932,0.0,0,True,False
CAMP.JK,170.0,170.0,170.0,169.9,169.7,173.04,186.1,3.3400000000000034,0.7572945486494205,131800,True,False
CAKK.JK,140.0,138.66666666666666,137.6,135.3,136.35,138.22,149.84,4.699999999999989,4.181254538702113,399300,False,False
BYAN.JK,12050.0,12058.333333333334,12055.0,12080.0,11866.25,11074.53890625,11266.58802734375,40.218443750000006,0.8543912532367623,8100,False,False
BWPT.JK,90.0,89.0,87.2,82.9,80.0,77.6,99.92,12.400000000000006,4.344359859202947,131385300,False,False
BVIC.JK,95.0,94.0,93.6,92.9,89.6,87.24,96.11,7.760000000000005,1.0651445189508386,891500,False,False
BUVA.JK,780.0,773.3333333333334,803.0,826.0,862.75,799.2,930.55,17.883333333333326,5.362840073400502,156895400,False,False
BUMI.JK,179.0,171.66666666666666,168.4,169.0,160.55,154.7,189.04,24.30000000000001,4.627841184449377,256475204,False,False
BULL.JK,466.0,448.0,450.4,430.4,394.9,367.24,403.73,49.379999999999995,6.795030844613072,779921000,False,False
BUKK.JK,1010.0,1018.3333333333334,1023.0,1038.0,1067.25,1031.3,1152.5,11.45,1.9886676634103257,50300,False,False
BUKA.JK,120.0,119.33333333333333,118.6,118.0,111.3,109.18,127.34,10.819999999999993,3.2078817063674414,219226100,False,False
BUDI.JK,220.0,216.0,214.8,210.2,208.0,206.24,208.54,6.8799999999999955,2.008184412083182,557200,False,False
BUAH.JK,515.0,510.0,506.0,506.5,509.0,508.5128692626953,508.2108822631836,1.8,0.9266777615657297,243300,True,False
BTPS.JK,990.0,991.6666666666666,991.0,987.5,1005.0,978.7,995.2271099853516,5.259999999999991,1.8232928562184323,1089900,True,False
BTPN.JK,2160.0,2173.3333333333335,2172.0,2192.0,2203.0,2181.9,2125.422978515625,4.3,1.8431905348965765,7100,True,False
BTON.JK,362.0,362.6666666666667,360.4,361.4,355.5,355.44,367.2,3.613333333333344,1.9716345977952892,87800,True,False
BTEK.JK,11.0,10.333333333333334,10.6,11.0,10.8,10.84,12.39,0.6666666666666661,6.6644471358828286,47280000,False,False
BSSR.JK,4330.0,4323.333333333333,4314.0,4287.0,4263.5,3977.7683935546875,3779.1594116210936,35.223160644531255,0.5431521181506274,807500,False,False
BSML.JK,515.0,518.3333333333334,519.0,517.0,518.25,476.72,428.02,8.455999999999994,1.7022842992632041,5742300,False,False
BSIM.JK,700.0,693.3333333333334,698.0,697.0,695.75,714.9,796.05,4.313333333333321,1.7568170804748655,12400,True,False
BSDE.JK,585.0,575.0,575.0,573.5,570.75,579.5,668.9,2.85,1.993600555022601,22309200,True,False
BSBK.JK,53.0,52.666666666666664,52.4,52.4,52.25,51.72,54.96,1.2800000000000011,1.7711205851656104,14608100,True,False
BRRC.JK,58.0,57.666666666666664,57.4,57.2,58.75,57.6,66.86,1.5499999999999972,2.3507338880806907,5300100,True,False
BRPT.JK,1870.0,1848.3333333333333,1836.0,1797.0,1760.0,1662.0480346679688,1739.4757873535157,41.59039306640625,1.9485718268249697,221111300,False,False
BRNA.JK,650.0,655.0,631.0,614.0,604.5,596.8,629.45,11.64000000000001,5.831883601930386,432900,False,False
BRMS.JK,610.0,583.3333333333334,573.0,573.5,564.85,556.7,668.65,10.659999999999991,2.9680767688312097,543840900,False,False
BRIS.JK,1800.0,1796.6666666666667,1799.0,1813.5,1806.5,1807.2,1883.7718640136718,3.3666666666666516,1.6709649322726592,20146100,True,False
BREN.JK,3330.0,3266.6666666666665,3280.0,3378.0,3387.5,3494.043212890625,4259.453193359375,22.737654622395848,2.5062659172280792,72678600,False,False
BRAM.JK,4500.0,4500.0,4496.0,4476.0,4499.0,4436.664838867187,4384.446330566407,6.333516113281258,0.24115283062333745,400,False,False
BPTR.JK,74.0,73.66666666666667,74.4,74.2,72.3,70.42,76.34,3.980000000000004,1.7888516740687075,6085500,True,False
BPII.JK,440.0,445.3333333333333,440.4,439.2,441.3,444.84,456.5,3.066666666666663,1.987601544790544,6600,True,False
BPFI.JK,266.0,264.0,264.4,263.2,255.0,251.37630249023437,256.82303604125974,7.311848754882817,2.9643533984013497,10300,False,False
BOLT.JK,805.0,801.6666666666666,801.0,795.5,792.25,783.8,823.1909094238281,4.240000000000009,1.5234960700633153,9000,True,False
BOLA.JK,156.0,156.33333333333334,158.6,161.1,161.0,152.52,159.08,8.579999999999984,1.3973778260803278,70000,False,False
BOGA.JK,1670.0,1740.0,1679.0,1593.5,1560.5,1412.8,1414.1,65.44000000000001,5.344062167692798,78000,False,False
BOBA.JK,214.0,219.33333333333334,224.0,227.4,235.8,270.0836361694336,240.7369206237793,28.041818084716795,2.3252265980084017,1774400,False,False
BOAT.JK,134.0,133.0,136.2,132.0,122.0,113.3,126.41,22.89999999999999,5.267578306682433,6244700,False,False
BNLI.JK,2200.0,2183.3333333333335,2182.0,2260.0,2313.0,2571.0,2841.386437988281,38.9,1.4732406230102806,82500,False,False
BNII.JK,196.0,193.66666666666666,192.0,190.5,190.3,188.86,193.81574356079102,7.139999999999986,0.8666801326926937,1627200,False,False
BNGA.JK,1650.0,1646.6666666666667,1646.0,1646.5,1625.25,1591.0,1624.2863525390626,11.8,0.5439717602790533,1802400,False,False
BNBR.JK,101.0,98.33333333333333,98.0,100.3,97.2,97.41951477050782,128.24768531799316,3.799999999999997,5.7462136903119845,2446467300,False,False
BNBA.JK,735.0,738.3333333333334,739.0,740.0,743.25,727.2,724.2,3.209999999999991,0.765031524944695,77100,True,False
BMTR.JK,115.0,113.66666666666667,114.8,115.0,116.1,116.68,132.55,3.0133333333333354,2.6075732609749758,31564500,True,False
BMSR.JK,304.0,304.6666666666667,307.2,310.2,309.1,297.32,310.24,6.439999999999998,0.9692633797883922,24800,False,False
BMRI.JK,4220.0,4216.666666666667,4200.0,4186.0,4236.5,4147.8,4205.520234375,8.869999999999981,2.1946311127703293,122781400,False,False
BMHS.JK,190.0,189.33333333333334,188.6,185.2,181.05,179.28456939697264,182.39245864868164,10.715430603027357,1.734514196547366,1538300,False,False
BMBL.JK,33.0,33.0,32.8,32.4,31.65,31.9,33.32,1.3500000000000014,2.6977699373546282,1230200,True,False
BMAS.JK,470.0,479.3333333333333,481.6,482.4,481.1,481.56,490.5,6.199999999999989,2.165213699657617,325000,False,False
BLUE.JK,2470.0,2460.0,2466.0,2671.0,2774.5,2981.5935400390626,3122.458486328125,52.159354003906266,3.2554184097491508,129300,False,False
BLTA.JK,33.0,32.333333333333336,32.4,32.8,33.4,33.68,37.83,1.346666666666664,2.7788275869900314,4965600,True,False
BLOG.JK,370.0,360.0,358.8,362.0,362.5,342.0851727294922,352.9598287963867,13.957413635253914,2.8828159602749217,475800,False,False
BLES.JK,196.0,192.33333333333334,195.4,183.3,164.25,148.0695880126953,148.3958248901367,47.930411987304694,4.292282685492216,11715900,False,False
BKSW.JK,51.0,51.666666666666664,52.2,52.6,52.25,51.98,54.89,1.6000000000000014,1.193312324591841,6204300,True,False
BKSL.JK,72.0,69.33333333333333,68.8,68.4,67.2,65.62,85.8,6.3799999999999955,3.043044867178483,845269400,False,False
BKDP.JK,169.0,169.0,169.0,161.9,146.15,129.86,100.83,39.139999999999986,5.420915989266552,0,False,False
BJTM.JK,520.0,516.6666666666666,518.0,517.5,517.75,514.04,517.3483874511719,1.1920000000000073,0.9662266858052462,6507800,True,True
BJBR.JK,790.0,790.0,787.0,785.0,780.25,768.6,765.7378900146484,4.279999999999996,0.9574754013429165,3134800,True,True
BISI.JK,685.0,676.6666666666666,667.0,658.0,650.0,662.4382971191407,717.5749676513672,7.0,1.3067492022631975,626300,False,False
BIRD.JK,1615.0,1605.0,1606.0,1605.5,1603.0,1508.547880859375,1484.5207727050781,21.290423828124993,0.8968390932178503,301100,False,False
BIPP.JK,66.0,65.0,63.4,63.6,65.45,60.06,65.53,5.939999999999998,2.567461880858857,5851000,True,True
BIPI.JK,153.0,148.66666666666666,145.6,146.8,145.0,144.54,187.78,8.460000000000008,3.7963576721268515,647790300,False,False
BINO.JK,114.0,111.33333333333333,110.0,109.2,105.3,99.88,110.26,14.120000000000005,1.6782207167222758,8061700,False,False
BINA.JK,4030.0,4120.0,4192.0,4153.0,4067.5,3916.2,4066.7,27.58000000000002,3.3767020225516307,255200,False,False
BIKE.JK,510.0,510.0,510.0,510.0,510.0,510.0,495.55,0.0,0.0,0,True,False
BHIT.JK,26.0,25.333333333333332,25.4,25.5,25.65,26.54,29.83,1.206666666666667,3.416381383275622,2004700,True,False
BHAT.JK,1770.0,1770.0,1770.0,1770.0,1770.0,1491.2,1437.7,55.75999999999999,0.0,0,False,False
BGTG.JK,112.0,113.0,113.0,110.9,110.8,109.04,114.53,3.9599999999999937,2.922554814029911,3048000,True,False
BFIN.JK,935.0,918.3333333333334,918.0,859.0,821.5,746.6148937988281,732.87412109375,37.677021240234374,3.750004639954,61370700,False,False
BEST.JK,112.0,109.66666666666667,107.8,104.2,102.7,99.42,102.96,12.579999999999998,3.7415870058851484,9001400,False,False
BESS.JK,895.0,890.0,887.0,888.5,902.0,920.8424597167968,1046.763911743164,6.7684919433593675,2.0639801611386304,25800,False,False
BELL.JK,119.0,117.33333333333333,116.6,115.4,114.8,105.76,125.34,13.239999999999995,4.1009739124453635,34753400,False,False
BELI.JK,250.0,253.33333333333334,254.0,254.6,258.5,280.24,335.9,15.120000000000005,1.053194782076747,1142500,False,False
BEKS.JK,22.0,21.666666666666668,21.6,21.2,21.15,21.1,24.01,0.8999999999999986,4.5532789570251255,6283700,False,False
BEER.JK,74.0,74.33333333333333,74.8,75.5,77.65,81.82,106.32,7.819999999999993,1.4122540777607684,5883400,False,False
BEEF.JK,416.0,412.0,405.2,381.2,327.4,230.24,227.18,92.88,4.877522017978348,20709400,False,False
BDMN.JK,4220.0,4196.666666666667,4188.0,4131.0,4151.0,4120.8,3718.6731494140627,9.919999999999982,1.1500409729341157,1693400,False,False
BDKR.JK,167.0,167.0,162.4,157.0,151.55,141.87771011352538,147.35872367858886,25.12228988647462,3.054437608129388,9055000,False,False
BCIP.JK,63.0,63.0,63.2,62.9,62.1,60.24,65.9,2.960000000000001,1.0583877505904675,4032100,True,False
BCIC.JK,127.0,127.33333333333333,126.6,126.0,123.85,120.02,123.59,7.313333333333333,2.0066293907030723,745800,False,False
BCAP.JK,50.0,50.0,50.0,50.1,50.1,50.04,50.86,0.10000000000000142,0.6200544431702717,269600,True,False
BBYB.JK,260.0,257.3333333333333,256.0,249.2,244.6,234.84,269.04,12.579999999999998,4.241396935300166,25069300,False,False
BBTN.JK,1220.0,1218.3333333333333,1215.0,1217.0,1219.0,1204.3,1262.75,3.140000000000009,1.6927373569915902,14934200,True,False
BBSS.JK,95.0,95.33333333333333,95.2,95.6,96.2,100.5,134.05,5.5,2.724372298172988,343300,True,False
BBSI.JK,4700.0,4693.333333333333,4692.0,4692.0,4694.5,4595.6,4644.8,10.439999999999964,0.14199523953003815,2500,False,False
BBRM.JK,118.0,117.33333333333333,117.0,114.9,115.75,111.0,126.93,7.0,3.4248342951275093,6464100,False,False
BBRI.JK,3020.0,3033.3333333333335,3026.0,2988.0,2944.5,2897.0,3037.1511547851565,13.633333333333349,1.2962474119072127,111460100,False,False
BBNI.JK,3630.0,3603.3333333333335,3578.0,3547.0,3533.5,3492.4,3656.167761230469,13.759999999999991,1.8330785931573956,40879400,False,False
BBMD.JK,2000.0,1996.6666666666667,1981.0,1987.0,1964.25,1942.5480200195314,1939.767322998047,11.49039599609373,1.2166706888969778,100,False,False
BBLD.JK,610.0,630.0,612.0,602.0,584.75,579.75,643.5503637695313,10.05,5.035215987485444,114400,False,False
BBKP.JK,55.0,54.0,53.2,53.2,53.0,52.9,57.27,2.1000000000000014,1.7470219778397835,31113400,True,False
BBHI.JK,915.0,916.6666666666666,920.0,914.5,919.5,925.4202880859375,1063.2603240966796,2.1840576171875,1.8647019471541788,39800,True,False
BBCA.JK,6450.0,6416.666666666667,6405.0,6337.5,6321.25,6044.5,6187.106069335938,16.22,2.0146162189337806,101666100,False,False
BAYU.JK,1180.0,1170.0,1155.0,1155.0,1151.25,1128.5,1192.1999877929688,10.3,1.8577872607598591,43700,False,False
BAUT.JK,32.0,31.666666666666668,30.6,29.5,29.35,27.5,30.08,4.5,2.403039173862746,2459800,True,True
BATR.JK,94.0,93.33333333333333,92.4,92.1,90.4,85.94344848632812,87.40620727539063,8.056551513671877,1.4087003995976601,2984400,False,False
BATA.JK,59.0,59.0,59.0,59.0,59.0,60.26,61.43,1.259999999999998,0.0,0,True,False
BAPI.JK,17.0,18.0,19.0,18.0,16.65,17.4,22.31,2.3500000000000014,6.290107518212951,12894300,False,False
BAPA.JK,172.0,171.66666666666666,169.6,176.8,216.2,247.92,207.02,78.32,5.867509464985005,11735200,False,False
BANK.JK,278.0,278.0,278.0,283.0,285.2,273.32,386.04,5.939999999999998,2.1067169537481703,2913500,True,False
BALI.JK,1225.0,1228.3333333333333,1233.0,1227.0,1233.75,1234.1,1255.8,1.8199999999999819,1.3907587027162982,1800,True,False
BAJA.JK,338.0,315.3333333333333,284.0,238.7,201.6,170.02,160.75,83.99,14.553244414667748,96139000,False,False
BAIK.JK,760.0,761.6666666666666,768.0,746.5,718.0,640.2,554.12,25.55999999999999,1.6857837003851677,32901000,False,False
BACA.JK,116.0,116.66666666666667,115.8,115.0,112.05,110.6,122.45,6.066666666666677,1.8439832818366833,2347500,False,False
BABY.JK,191.0,189.33333333333334,189.2,188.6,185.3,175.42,198.49,15.580000000000013,2.332378593612865,2536300,False,False
BABP.JK,50.0,50.0,50.0,50.0,50.0,50.02,50.79,0.020000000000003126,0.0,263900,True,False
AYLS.JK,160.0,163.66666666666666,158.4,154.2,152.55,140.74,163.4,22.926666666666648,3.7757673814793313,2305100,False,False
AYAM.JK,450.0,451.3333333333333,438.0,417.0,393.1,356.64,341.04,47.346666666666664,2.54378993705701,39076600,False,False
AXIO.JK,113.0,112.66666666666667,112.0,111.7,112.15,108.31742553710937,109.36227912902832,4.682574462890628,1.9778967910835412,414700,True,False
AWAN.JK,160.0,161.33333333333334,161.2,156.1,151.4,147.78,149.47,13.553333333333342,2.8186774581964,1663900,False,False
AVIA.JK,328.0,327.3333333333333,324.8,323.6,326.1,321.04,346.7245190429687,3.4799999999999898,1.5241614809079471,4699200,True,False
AUTO.JK,2790.0,2776.6666666666665,2768.0,2704.0,2637.5,2512.0,2518.8101806640625,27.8,1.6564878953161304,1765500,False,False
ATLA.JK,50.0,50.0,50.0,50.1,50.1,49.8932154083252,50.36631366729736,0.20678459167480412,0.6200544431702717,4214400,True,False
ATIC.JK,470.0,463.3333333333333,468.4,473.8,473.3,477.88,502.61,7.2733333333333405,1.9275486824383559,150300,False,False
ATAP.JK,585.0,593.3333333333334,579.0,565.5,557.3,469.2,501.82,24.826666666666675,4.469920534555002,871100,False,False
ASSA.JK,645.0,623.3333333333334,615.0,607.5,610.5,598.69375,706.33125,9.261249999999995,2.5139626889495306,13746800,False,False
ASRM.JK,264.0,264.0,263.2,263.8,260.1,252.05323181152343,267.27540985107424,5.973384094238284,0.7493040155019517,11600,True,False
ASRI.JK,123.0,119.33333333333333,118.4,118.9,119.8,113.94421035766601,121.54118377685546,9.055789642333991,1.744522232982368,31158600,False,False
ASPR.JK,149.0,148.66666666666666,148.4,148.5,149.8,162.19980377197265,213.90864784240722,13.799803771972648,2.2562793997345376,13513900,False,False
ASPI.JK,420.0,412.6666666666667,406.8,407.6,440.55,391.58,387.89,24.485000000000014,1.7056456018119257,210300,False,False
ASMI.JK,16.0,16.0,16.0,16.8,17.6,16.12,17.45,1.6000000000000014,3.7239121048962582,22696600,True,False
ASLI.JK,204.0,200.0,197.6,198.2,196.3,206.44,265.58,5.069999999999993,2.410173246442263,2082500,True,False
ASLC.JK,62.0,61.666666666666664,62.4,64.0,63.25,61.78,68.83,2.3333333333333357,3.5649887467571264,16658400,True,False
ASJT.JK,154.0,155.0,155.6,156.0,160.4,158.28,172.06982162475586,6.400000000000006,3.373222417914512,527000,False,False
ASII.JK,5025.0,5066.666666666667,5050.0,5007.0,4992.0,4862.9,5350.7142333984375,8.150666666666693,1.7579768897136325,49014700,False,False
ASHA.JK,61.0,59.333333333333336,58.0,57.4,57.6,56.74,64.78,4.259999999999998,3.3239571533978776,50142600,True,False
ASGR.JK,1795.0,1796.6666666666667,1806.0,1861.5,1868.75,1641.5,1583.7701086425782,45.45,1.889873531964404,696800,False,False
ASDM.JK,515.0,515.0,515.0,511.3,512.9,500.5416271972656,522.6452938842773,2.8916745605468805,1.4203709361116885,6800,True,False
ASBI.JK,438.0,428.0,424.8,423.2,423.5,412.858896484375,410.38219757080077,12.570551757812495,2.3500477986600266,68200,False,False
ARTO.JK,1340.0,1286.6666666666667,1261.0,1243.0,1260.25,1098.8,1209.75,48.24000000000001,4.747099902646445,11508700,False,False
ARTA.JK,2390.0,2506.6666666666665,2496.0,2491.0,2487.5,2430.9,2561.85,11.666666666666652,3.2263823192479184,158100,False,False
ARNA.JK,500.0,498.0,494.8,489.6,477.7,452.16,467.50935546875,23.919999999999987,0.5291639728110535,4202300,False,False
ARKO.JK,4550.0,4563.333333333333,4646.0,4885.5,4844.0,5091.6,6453.05,54.16000000000004,6.353138202554458,1350900,False,False
ARKA.JK,22.0,22.0,22.0,22.0,22.0,24.1,28.08,2.1000000000000014,0.0,0,True,False
ARII.JK,280.0,274.6666666666667,274.4,272.8,272.9,274.76,278.46,3.5999999999999943,1.094941908512503,253100,True,False
ARGO.JK,1190.0,1190.0,1181.0,1160.5,1104.25,960.4,963.8,45.92,1.6139416669802409,301600,False,False
AREA.JK,282.0,282.0,281.6,282.8,270.8,241.68,278.56,20.560000000000002,4.853970574096992,719400,False,False
ARCI.JK,1155.0,1100.0,1086.0,1077.0,1065.0,1039.7,1258.7172888183593,23.05999999999999,3.459245823349552,44884700,False,False
APLN.JK,130.0,124.66666666666667,124.2,125.2,128.65,125.56,146.97,5.799999999999997,3.9843584718905056,81828200,False,False
APLI.JK,248.0,248.0,248.0,245.4,245.7,250.7228515625,231.60810165405275,2.661425781250003,1.8857275306084549,30800,True,False
APII.JK,190.0,190.0,188.0,184.2,184.05,179.31252685546875,181.91307678222657,10.687473144531253,2.2171928216980086,1343700,False,False
APIC.JK,630.0,646.6666666666666,648.0,650.0,660.25,675.4,1053.3,9.079999999999995,3.011941974328537,681200,False,False
APEX.JK,170.0,169.0,160.6,153.4,146.2,135.32,161.84,34.68000000000001,4.053441628844171,12318200,False,False
ANTM.JK,3070.0,2943.3333333333335,2914.0,2934.0,2965.0,2827.608193359375,3136.649580078125,24.239180664062495,2.605318830802564,187572000,False,False
ANJT.JK,1485.0,1490.0,1479.0,1459.5,1471.5,1482.7,1572.9,6.1,1.820144771199281,48800,False,False
ANDI.JK,18.0,17.333333333333332,17.2,17.4,17.7,17.44,20.89,0.8000000000000007,3.175082486640943,18797400,True,False
AMRT.JK,1425.0,1358.3333333333333,1347.0,1348.0,1364.25,1345.4343603515624,1375.5444079589843,15.913127929687516,3.4291711661927446,68734700,False,False
AMOR.JK,360.0,358.0,352.0,349.8,343.6,331.56,338.32,14.219999999999999,1.7053239967307687,195000,False,False
AMMS.JK,222.0,226.0,243.6,269.6,287.2,318.48,358.46,48.24000000000001,3.7594437764376814,1118400,False,False
AMMN.JK,4420.0,4326.666666666667,4212.0,4130.0,3988.5,3651.2,4234.75,76.88000000000002,2.5841776166241304,107331800,False,False
AMIN.JK,254.0,245.33333333333334,244.0,243.4,243.5,250.32,246.28,5.299999999999997,2.318755383020247,236400,True,False
AMFG.JK,3350.0,3350.0,3312.0,3274.0,3168.0,3036.00263671875,3097.2472680664064,31.39973632812498,1.586877956008792,10100,False,False
AMAR.JK,222.0,220.66666666666666,218.8,213.8,210.2,199.01347442626954,195.07511810302734,11.49326278686523,1.9698418952908296,352200,False,False
AMAN.JK,252.0,248.66666666666666,250.0,255.0,259.1,256.04,270.32,5.216666666666683,1.6864494189821808,381300,True,False
AMAG.JK,390.0,390.0,388.4,386.4,388.1,389.04,396.03497985839846,1.8000000000000114,0.8153268710757432,1122600,True,False
ALKA.JK,1715.0,1715.0,1715.0,1510.0,1062.75,758.3,714.52,191.34,10.555792773650085,0,False,False
ALII.JK,795.0,783.3333333333334,763.0,751.0,750.5,758.4090710449219,790.7944708251953,8.9,2.4566289509260644,743400,False,False
ALDO.JK,800.0,805.0,812.0,822.0,768.75,724.3375463867187,663.3503735351562,19.532490722656256,4.526935961805743,60200,False,False
AKSI.JK,232.0,230.66666666666666,229.6,230.4,224.6,216.76,256.1,7.6200000000000045,3.9540345066435343,215600,False,False
AKRA.JK,1445.0,1446.6666666666667,1432.06826171875,1413.3925048828125,1368.800360107422,1272.4058178710939,1302.4862683105468,34.852169759114574,2.111304652899414,12890600,False,False
AKPI.JK,515.0,510.0,504.4,499.4,497.75,487.58545776367185,499.1490588378906,5.482908447265629,1.162916667918627,198700,True,False
AKKU.JK,38.0,38.0,38.0,38.0,38.0,38.0,38.01,0.0,0.0,0,True,False
AISA.JK,120.0,120.33333333333333,120.0,116.9,112.8,105.16,113.86,15.173333333333332,5.763124067689953,13067100,False,False
AIMS.JK,386.0,384.6666666666667,387.6,380.2,386.4,393.28,412.62,6.539999999999992,2.38789066488714,712700,False,False
AHAP.JK,96.0,94.33333333333333,93.2,93.1,94.4,87.82,98.63,8.180000000000007,2.4958114919053074,14062900,False,False
AGRS.JK,61.0,61.333333333333336,61.4,61.7,61.1,61.3,65.11,0.7000000000000028,1.6170530438334205,5689400,True,False
AGRO.JK,146.0,144.66666666666666,145.0,145.6,146.15,146.94,163.65,2.2733333333333405,1.8144571934777218,3388000,True,False
AGII.JK,3020.0,3010.0,3010.0,2940.0,2984.0,2793.404814453125,2968.6939990234373,22.65951855468752,3.8827996226280406,123900,False,False
AGAR.JK,830.0,758.3333333333334,707.0,668.5,528.55,340.06,286.67,97.988,4.651541313880744,37900,False,False
AEGS.JK,42.0,42.666666666666664,43.2,42.8,41.9,41.02,45.27,2.1799999999999997,3.1923341179002205,1206900,True,False
ADRO.JK,2550.0,2513.3333333333335,2502.0,2502.0,2490.0,2361.0,2378.8833251953124,18.9,1.6463489425987392,26513000,False,False
ADMR.JK,1615.0,1573.3333333333333,1545.0,1516.0,1512.75,1484.6,1644.1274609375,26.08000000000002,3.36687891341828,76912000,False,False
ADMG.JK,220.0,223.33333333333334,223.2,221.8,217.75,207.88,205.74,7.726666666666674,1.4639104612636367,1255900,False,False
ADMF.JK,8750.0,8783.333333333334,8685.0,8457.5,8321.25,8190.5,8237.880712890625,23.713333333333356,1.5611191861302773,72800,False,False
ADHI.JK,151.0,154.0,156.0,158.8,161.05,159.02,176.79,10.050000000000011,1.0350899150580173,19075300,False,False
ADES.JK,33400.0,31591.666666666668,33205.0,35277.5,34917.5,30130.5,24098.5,205.88,6.032420065185345,46300,False,False
ADCP.JK,50.0,50.0,50.0,50.0,50.0,50.0,50.34,0.0,0.0,0,True,False
ACST.JK,85.0,85.66666666666667,84.8,85.7,83.05,78.56,88.43,7.140000000000001,2.551989805432333,322100,False,False
ACRO.JK,61.0,60.666666666666664,60.6,60.6,61.3,59.52317108154297,64.22480640411376,1.7768289184570278,1.5176806270299665,7510300,True,False
ACES.JK,362.0,355.3333333333333,355.6,354.2,351.4,335.6308575439453,337.6575540161133,13.184571228027352,1.672531409847359,29792500,False,False
ABMM.JK,2680.0,2616.6666666666665,2572.0,2536.0,2483.0,2400.6,2624.566633300781,27.94000000000001,1.5830239753514528,516100,False,False
ABDA.JK,3520.0,3506.6666666666665,3488.0,3458.0,3430.0,3378.8,3143.5,14.119999999999981,0.8050061878578171,100,False,False
ABBA.JK,30.0,30.0,30.0,30.0,30.0,31.92,36.71,1.9200000000000017,0.0,0,True,False
AALI.JK,7100.0,7116.666666666667,7020.0,6790.0,6583.75,6349.0,6936.191220703125,30.706666666666678,2.3416106800646794,911100,False,False
AADI.JK,9100.0,9125.0,9175.0,9040.0,8812.5,8288.345390625,8960.326640625,35.46618437500001,2.085293275293273,5362100,False,False
