Ticker,Close,MA3,MA5,MA10,MA20,MA50,MA100,Range_Ticks,Vol_Pct,Volume,MA_Tight,Signal
ZYRX.JK,127.0,128.33333333333334,129.0,129.8,130.15,128.14,131.40082061767578,3.1500000000000057,1.5777810912911627,315200,True,False
ZONE.JK,710.0,713.3333333333334,714.0,720.5,726.25,662.4,525.5717144775391,12.770000000000005,2.5396526746649806,81300,False,False
ZINC.JK,30.0,30.0,30.0,30.0,30.0,30.0,30.0,0.0,0.0,0,True,False
YUPI.JK,1300.0,1326.6666666666667,1324.0,1339.7985107421875,1339.3097351074218,1317.9708032226563,1369.0417224121093,7.9597021484375095,1.5679580073039152,22000,False,False
YULE.JK,3500.0,3546.6666666666665,3560.0,3567.0,3522.5,3429.4,3387.3991088867188,13.759999999999991,2.0310431697184224,600,False,False
YPAS.JK,1385.0,1305.0,1338.0,1417.5,1422.75,947.3,898.1,95.09,7.346224339508095,383700,False,False
YOII.JK,80.0,81.0,81.2,81.5,82.25,83.94,85.95,3.9399999999999977,1.1250328190895518,2761400,True,False
YELO.JK,95.0,98.0,99.2,100.7,95.55,86.02,85.35,14.680000000000007,6.231857538212945,42085000,False,False
WTON.JK,79.0,79.66666666666667,79.8,80.5,80.4,76.9,78.8183494567871,3.5999999999999943,1.2299895665495097,1729900,True,True
WSBP.JK,14.0,14.0,14.0,14.0,14.0,14.0,14.93,0.0,0.0,0,True,False
WOWS.JK,58.0,58.0,58.4,59.1,59.8,59.38,62.53,1.7999999999999972,0.9571645300395006,102702500,True,False
WOOD.JK,204.0,206.0,206.8,207.4,210.2,211.64,237.36,3.819999999999993,2.3224118807733936,5783500,True,False
WOMF.JK,296.0,284.6666666666667,284.4,281.2,278.9,263.68,270.86,16.159999999999997,3.9239814751587008,3196900,False,False
WMUU.JK,50.0,50.0,50.0,50.0,51.0,51.76,55.98,1.759999999999998,0.0,857700,True,False
WIRG.JK,77.0,76.66666666666667,75.6,75.7,73.45,63.18,64.46,13.82,3.9237148601885674,774952500,False,False
WINS.JK,620.0,580.0,577.0,567.0,542.75,529.0,523.4193832397461,18.2,4.43451018828865,7759900,False,False
WINR.JK,28.0,29.0,28.6,25.2,23.95,22.38,24.3,6.620000000000001,5.989883025730753,59459000,False,False
WINE.JK,129.0,131.66666666666666,132.4,132.6,131.85,140.9,152.4193357849121,11.900000000000006,1.6266526664870298,823400,False,False
WIIM.JK,1615.0,1606.6666666666667,1613.0,1633.5,1673.5,1657.7,1656.9498474121094,13.366666666666651,1.6797623439821108,1496600,False,False
WIFI.JK,1995.0,2051.6666666666665,2071.0,2086.5,2059.75,1962.3918310546876,1973.3844519042968,24.82163378906248,1.9877943394661524,24131300,False,False
WIDI.JK,28.0,28.0,27.2,27.0,26.45,26.32,27.28,1.6799999999999997,5.483165179219072,7402500,False,False
WGSH.JK,136.0,144.33333333333334,150.6,155.8,164.35,154.76,133.51,28.349999999999994,4.721810297690903,26269600,False,False
WEHA.JK,110.0,111.33333333333333,111.6,111.0,109.45,106.26,110.77363639831543,5.339999999999989,0.9869786864213457,6090200,True,False
WEGE.JK,50.0,51.0,51.8,52.9,54.95,52.1,52.37,4.950000000000003,0.9844333928876672,44916300,True,False
WAPO.JK,185.0,181.0,177.4,175.1,159.65,135.92,129.1,49.08000000000001,3.084199978203081,6804800,False,False
VTNY.JK,72.0,75.66666666666667,76.6,77.3,78.8,69.28,66.52,9.519999999999996,3.046902192222812,21680600,False,False
VRNA.JK,91.0,94.66666666666667,96.6,90.7,82.6,78.26,77.81,18.33999999999999,11.338927285261526,3036400,False,False
VOKS.JK,242.0,239.33333333333334,238.4,236.2,231.6,216.12,212.72,12.939999999999998,2.880809600936781,356600,False,False
VKTR.JK,795.0,818.3333333333334,842.0,881.5,885.5,783.3,763.83,20.44000000000001,2.432704492180136,51611000,False,False
VIVA.JK,45.0,45.333333333333336,46.0,47.6,50.9,44.22,41.8,6.68,3.6225207606805823,33118700,False,False
VISI.JK,1035.0,1000.0,988.0,985.5,964.5,936.7,914.5,19.65999999999999,1.8799157041510781,3057300,False,False
VINS.JK,145.0,146.33333333333334,145.8,144.1,143.25,140.88,144.19,5.453333333333347,3.1445559518213915,1044500,True,True
VICO.JK,168.0,167.66666666666666,161.6,157.1,151.65,143.5,146.39,24.5,3.4612139916424556,1078200,False,False
VICI.JK,1115.0,1091.6666666666667,1045.0,959.5,818.0,689.0,630.4787210083008,85.2,5.2154091274459695,5139100,False,False
VERN.JK,232.0,230.66666666666666,233.6,240.0,238.3,207.3,169.55,16.349999999999994,1.7395102952426706,15633700,False,False
VAST.JK,113.0,112.0,112.8,113.2,113.8,114.72,118.36,2.719999999999999,1.5428523479297729,3614600,True,False
UVCR.JK,155.0,157.66666666666666,155.0,150.3,145.95,144.34,170.57196838378906,13.326666666666654,4.33030611979485,49325000,False,False
URBN.JK,218.0,221.33333333333334,222.4,223.8,218.2,217.48,209.6,3.160000000000011,1.8395944294200988,90400,True,False
UNVR.JK,1630.0,1653.3333333333333,1661.0,1686.5,1736.5,1735.7,1674.064783935547,21.3,0.9794719665342714,16732500,False,False
UNTR.JK,26300.0,26225.0,25970.0,25492.5,24670.0,24748.0,24954.9196484375,65.2,2.129293472701383,2728900,False,False
UNTD.JK,81.0,82.66666666666667,82.8,82.7,82.85,79.82,78.38,3.030000000000001,1.6531888297313753,17481600,True,True
UNSP.JK,206.0,206.0,206.0,206.0,206.0,206.0,244.68,0.0,0.0,0,True,False
UNIQ.JK,121.0,122.0,122.4,122.7,119.55,113.32,112.66,9.38000000000001,1.8225163251432621,2011200,False,False
UNIC.JK,15050.0,15075.0,15050.0,15012.5,15055.0,14099.0,13146.584228515625,39.04,0.605666916947844,54900,False,False
ULTJ.JK,1510.0,1528.3333333333333,1529.0,1511.5,1504.5,1456.9,1474.0,14.419999999999982,1.265089332100699,8175600,False,False
UFOE.JK,145.0,146.0,146.8,147.0,144.65,139.8,141.19,7.199999999999989,1.1951478029674758,5347200,False,False
UDNG.JK,595.0,661.6666666666666,739.0,967.0,1162.5,1219.3,1234.6,124.85999999999999,1.0708053724197786,8224400,False,False
UCID.JK,515.0,516.6666666666666,514.0,514.8,489.55,431.18,406.2565969848633,17.097333333333324,2.0253966773752885,2516500,False,False
UANG.JK,3790.0,4080.0,4102.0,3528.0,2987.0,2631.6,2722.7,147.04000000000002,11.630195462584346,1840700,False,False
TYRE.JK,110.0,113.0,113.0,113.1,112.9,113.24,112.02,3.239999999999995,1.5008682823609942,13116100,True,False
TUGU.JK,1410.0,1400.0,1373.0,1364.5,1362.75,1281.5,1216.4583117675782,25.7,2.4288669318435376,1744900,False,False
TSPC.JK,2730.0,2740.0,2742.0,2745.0,2747.5,2701.0,2569.8,4.65,0.38511252145216446,1407600,True,True
TRUS.JK,460.0,453.3333333333333,453.6,447.2,442.8,438.7099169921875,366.3968615722656,10.645041503906242,1.8677722137906039,86200,False,False
TRUK.JK,1075.0,1075.0,1075.0,982.5,856.75,631.4,540.76,88.72,7.80711815393348,0,False,False
TRUE.JK,50.0,50.0,50.0,50.0,50.0,50.0,77.27,0.0,0.0,0,True,False
TRST.JK,462.0,468.0,465.2,463.6,462.8,467.11999938964846,465.6172869873047,3.0,1.8573753614632074,65400,True,False
TRON.JK,100.0,101.66666666666667,102.2,101.9,101.2,103.36,106.56,3.3599999999999994,1.6353437884308537,16251000,True,False
TRJA.JK,128.0,129.33333333333334,130.0,129.7,125.95,116.92,119.25,13.079999999999998,1.7676123179299699,531600,False,False
TRIS.JK,171.0,171.24333699544272,173.0224365234375,173.86324615478514,172.01348953247071,167.0739633178711,167.49547790527345,6.7892828369140545,0.8954078070666943,655500,False,False
TRIN.JK,414.0,406.0,403.6,380.6,353.2,338.84,432.19,37.58000000000001,6.3744533369216665,31813100,False,False
TRIM.JK,715.0,715.0,719.0,693.0,649.5,605.7,571.0611834716797,22.65999999999999,3.346081758765259,1122700,False,False
TRGU.JK,174.0,176.66666666666666,177.2,175.9,173.1,168.04,173.55,9.159999999999997,2.96653232906308,22300,False,False
TPMA.JK,486.0,488.6666666666667,489.6,483.4,471.2,459.36,471.19,15.120000000000005,1.5596337488502494,2159100,False,False
TPIA.JK,1880.0,1915.0,1934.0,1965.0,1970.25,2003.9,2650.72677734375,24.78000000000002,1.310527326203434,197416800,False,False
TOWR.JK,454.0,465.3333333333333,463.6,456.4,445.2,413.96,411.93488525390626,25.686666666666667,2.5282415243232315,48954200,False,False
TOTO.JK,242.0,241.33333333333334,240.8,239.2,236.7,237.64,238.0742352294922,2.6500000000000057,0.7054041968797202,1319000,True,True
TOTL.JK,1500.0,1511.6666666666667,1511.0,1490.5,1482.75,1272.3,1171.600205078125,47.873333333333356,2.6812011017825874,2021000,False,False
TOSK.JK,83.0,83.66666666666667,83.8,79.9,76.25,70.0,64.74,13.799999999999997,2.9984833866818055,18519600,False,False
TOOL.JK,69.0,70.33333333333333,71.4,69.6,67.95,66.9,68.14,4.5,3.539383698725098,19251200,True,True
TOBA.JK,550.0,563.3333333333334,570.0,587.5,566.25,500.24,488.1305914306641,17.451999999999998,1.9177837741225878,12369800,False,False
TNCA.JK,180.0,181.33333333333334,181.4,178.4,169.15,157.38,162.14,24.02000000000001,5.206779504394901,8560100,False,False
TMPO.JK,151.0,159.33333333333334,162.8,169.0,183.45,145.72,130.44,37.72999999999999,4.7732458810429925,13500300,False,False
TMAS.JK,146.0,147.66666666666666,147.4,144.3,140.0,128.04,122.54100852966309,19.626666666666665,1.3297017108221998,6330700,False,False
TLKM.JK,2600.0,2630.0,2630.0,2616.0,2611.0,2608.8,2630.6148828125,3.0,0.9015774424929839,88455300,True,False
TLDN.JK,615.0,628.3333333333334,633.0,622.0,593.0,556.3,556.3442352294921,15.340000000000009,3.0345473817026374,1814900,False,False
TKIM.JK,7850.0,8016.666666666667,8105.0,8180.0,8041.25,6984.0,6850.252797851563,47.84,2.322178082501266,4135100,False,False
TIRT.JK,590.0,590.0,590.0,590.0,590.0,590.0,547.02,0.0,0.0,0,True,False
TIRA.JK,408.0,410.6666666666667,412.0,411.6,412.8,465.84,576.77,28.919999999999987,1.202558839060754,802200,False,False
TINS.JK,4740.0,4663.333333333333,4574.0,4352.0,4188.5,3831.8,3616.0462646484375,90.81999999999998,2.927276947275057,55059000,False,False
TIFA.JK,316.0,321.3333333333333,324.0,324.8,330.0,297.88,301.8513442993164,16.060000000000002,1.2975819364158636,10200,False,False
TGKA.JK,4970.0,4973.333333333333,4980.0,4988.5,5010.75,4929.7,4820.100068359375,8.105000000000018,1.6479767059675694,300,False,False
TFCO.JK,800.0,816.6666666666666,828.0,856.0,863.5,789.2,722.15,14.85999999999999,3.736932749409308,300,False,False
TFAS.JK,185.0,187.0,188.6,186.6,185.65,187.26,199.03,3.5999999999999943,1.8720225569777358,158700,True,False
TEBE.JK,1715.0,1761.6666666666667,1750.0,1718.0,1675.0,1300.5,1200.1,92.23333333333335,3.786953970567227,6061500,False,False
TCPI.JK,1980.0,2113.3333333333335,2190.0,2260.0,2486.0,4249.518251953125,7233.3280859375,453.9036503906251,5.533116728318491,4081100,False,False
TCID.JK,2600.0,2586.6666666666665,2586.0,2608.0,2644.5,2709.2,2767.2,12.319999999999983,1.716344373006223,900,False,False
TBMS.JK,1225.0,1231.6666666666667,1224.0,1223.0,1219.5,1209.2,1232.1603540039061,4.493333333333339,1.527211538971049,27300,True,False
TBLA.JK,625.0,628.3333333333334,630.0,631.0,628.75,629.0,618.6382272338867,1.2,0.9475295753808096,1068800,True,True
TBIG.JK,1480.0,1498.3333333333333,1505.0,1495.0,1466.25,1434.4,1459.8000610351562,14.119999999999981,1.9168540558167195,357000,False,False
TAYS.JK,50.0,50.0,50.0,50.0,50.0,50.0,52.71,0.0,0.0,0,True,False
TAXI.JK,15.0,14.333333333333334,14.2,13.8,13.95,13.44,14.32,1.5600000000000005,5.823196637110428,93273800,False,False
TARA.JK,32.0,33.0,32.0,30.7,30.2,30.34,30.14,2.8000000000000007,3.657484173019692,1555300,True,True
TAPG.JK,2270.0,2323.3333333333335,2318.0,2294.0,2100.75,1813.5101147460937,1682.5627270507812,50.98232185872398,5.324454625375194,12993100,False,False
TAMU.JK,28.0,28.0,27.8,27.5,26.45,22.96,23.3,5.039999999999999,3.5370909792897156,10883300,True,True
TAMA.JK,194.0,196.33333333333334,196.2,202.2,227.5,211.98,195.32,33.5,5.168221482614097,610900,False,False
TALF.JK,710.0,698.3333333333334,701.0,701.5,721.5,707.1,700.2645556640625,4.633333333333326,1.698798215150307,392700,True,False
SWID.JK,117.0,118.33333333333333,118.6,119.0,117.45,105.66,101.0832984161377,13.340000000000003,1.8139722259075255,2924500,False,False
SURI.JK,85.0,85.0,84.6,82.8,80.9,73.38,71.64,11.620000000000005,1.8727263924066107,2324800,False,False
SURE.JK,3040.0,3086.6666666666665,3138.0,2881.0,2769.0,2763.8,2757.8,37.41999999999998,8.21836591782341,4900,False,False
SUPA.JK,505.0,513.3333333333334,515.0,521.0,525.5,560.8,659.25,11.159999999999991,1.9588252821002972,11903900,False,False
SUNI.JK,680.0,691.6666666666666,693.0,700.5,708.25,678.3,656.5935516357422,5.990000000000009,0.8295730654542708,312400,True,False
SULI.JK,88.0,89.33333333333333,89.0,90.2,90.85,88.42,88.67,2.8499999999999943,3.074019834605149,7006800,True,False
STTP.JK,9450.0,9416.666666666666,9445.0,9440.0,9451.25,9699.0,9747.5,11.293333333333358,0.581842366921929,1000,False,False
STRK.JK,62.0,63.0,64.0,66.3,65.25,66.2,77.84,4.299999999999997,1.5994607548781175,3917700,True,False
STAR.JK,376.0,380.0,382.8,391.0,405.7,336.32,396.74,34.69,3.39485136937005,79900,False,False
STAA.JK,1190.0,1241.6666666666667,1251.0,1256.0,1191.0,1104.8,1074.7732055664062,30.24000000000001,2.8004216855738417,4088500,False,False
SSTM.JK,472.0,481.3333333333333,482.0,489.9,448.65,420.58,465.89,34.66,4.371140615422483,43900,False,False
SSMS.JK,1195.0,1220.0,1220.0,1144.5,1022.25,950.7,966.6040637207032,53.85999999999999,7.163424283656326,9520200,False,False
SSIA.JK,1695.0,1736.6666666666667,1761.0,1823.0,1810.5,1700.0,1670.2804711914061,25.6,2.1968595126233446,25629800,False,False
SRTG.JK,1805.0,1823.3333333333333,1821.0,1820.5,1859.0,1762.7,1654.194951171875,19.25999999999999,1.5790790518981617,1914100,False,False
SRSN.JK,97.0,98.66666666666667,100.0,100.3,85.8,74.88,70.86,25.42,10.825042603727674,97019500,False,False
SRAJ.JK,15600.0,13925.0,13630.0,13665.0,13940.0,12532.0,12734.0,122.72,7.026768500341849,10100,False,False
SQMI.JK,99.0,101.33333333333333,100.6,94.9,78.4,69.02,57.75,32.31333333333333,13.517908370717333,181171400,False,False
SPTO.JK,600.0,610.0,612.0,615.5,613.75,599.8,577.033330078125,3.140000000000009,0.8731482412023199,1821800,True,True
SPRE.JK,101.0,101.33333333333333,98.6,95.2,92.45,87.96,84.81,13.373333333333335,3.3781124054561658,1770500,False,False
SPMA.JK,172.0,173.0,172.6,170.4,167.85,167.19076904296875,163.01076889038086,5.809230957031247,0.7431409553917357,1304100,True,True
SOUL.JK,37.0,37.0,37.0,37.0,37.0,37.0,40.19,0.0,0.0,0,True,False
SOTS.JK,600.0,610.0,609.0,614.5,629.5,616.8,708.75,5.9,2.1768858742229162,587500,True,False
SOSS.JK,945.0,960.0,978.0,943.0,891.5,901.5,850.95,17.3,4.0020017878871075,100,False,False
SONA.JK,2250.0,2283.3333333333335,2330.0,2403.0,2491.5,2421.0,2289.4723767089845,24.15,2.4202026245765955,8700,False,False
SOLA.JK,91.0,92.33333333333333,92.4,92.7,91.75,96.98,104.56,5.980000000000004,1.5829282867021774,5232200,True,False
SOHO.JK,1605.0,1680.0,1673.0,1437.5,1312.75,1236.8,1370.9,88.64000000000001,10.656826263464431,177200,False,False
SOFA.JK,344.0,336.6666666666667,329.2,339.4,328.7,267.64,302.44,38.18000000000001,5.750770762788519,3191200,False,False
SOCI.JK,650.0,658.3333333333334,660.0,628.5,581.25,474.44,434.8665805053711,37.112,4.775966647683201,18882900,False,False
SNLK.JK,234.0,230.66666666666666,234.0,230.6,229.7,225.88,231.22,4.060000000000002,2.444209579072743,15471400,True,True
SMSM.JK,1735.0,1753.3333333333333,1753.0,1737.5,1732.75,1712.11236328125,1697.1300158691406,8.24419401041664,0.9503477049147682,3237500,False,False
SMRA.JK,332.0,332.6666666666667,334.8,329.6,326.4,317.04,305.43743362426756,8.879999999999995,1.5027924670670303,20998800,False,False
SMMT.JK,2700.0,2716.6666666666665,2680.0,2410.5,2175.5,1968.7,1951.0,74.79666666666665,8.286502556912158,129900,False,False
SMMA.JK,20025.0,20025.0,19825.0,19987.5,20048.75,20417.5,19491.5,23.7,2.621512178814388,300,False,False
SMLE.JK,185.0,190.66666666666666,190.8,187.2,176.0,156.04,132.62,34.76000000000002,3.7200861516522377,19413200,False,False
SMKM.JK,106.0,107.0,108.0,108.7,105.95,84.12,82.26,24.58,3.15697619085948,1510700,False,False
SMKL.JK,153.0,156.33333333333334,156.6,153.8,150.35,144.38,145.61568313598633,12.219999999999999,2.4673074866378735,92300,False,False
SMIL.JK,434.0,445.3333333333333,443.6,430.2,410.4,374.92,324.38,35.20666666666665,2.457847232977185,61369300,False,False
SMGR.JK,1695.0,1718.3333333333333,1734.0,1714.0,1620.75,1541.5,1671.5596142578124,38.5,6.035305516113516,20887700,False,False
SMGA.JK,88.0,89.0,89.4,88.1,83.8,75.54,76.05,13.86,2.4798814781940854,4754600,False,False
SMDR.JK,392.0,386.6666666666667,376.8,354.0,332.0,306.17856872558593,300.6574195861816,42.91071563720703,3.461346937782116,52258400,False,False
SMDM.JK,550.0,548.3333333333334,551.0,552.5,550.0,559.5,560.81,2.233333333333326,1.466383894318451,50200,True,False
SMBR.JK,172.0,174.66666666666666,175.0,177.8,171.85,164.26,170.09459564208984,13.54000000000002,6.161487730645666,5091200,False,False
SMAR.JK,6300.0,6391.666666666667,6510.0,6582.5,6213.75,5755.4,5442.096938476562,33.08400000000002,2.7254537024007828,92100,False,False
SLIS.JK,86.0,87.0,88.0,89.4,92.2,75.36,74.2,16.840000000000003,1.9616290724049146,17124700,False,False
SKRN.JK,412.0,411.3333333333333,405.6,396.6,393.0,392.84,399.43428283691406,9.580000000000013,1.3707746725976049,158000,False,False
SKLT.JK,214.0,214.66666666666666,215.2,215.0,212.8,201.08,198.48214309692383,7.059999999999988,1.347312371841834,1600,False,False
SKBM.JK,535.0,540.0,546.0,549.5,543.5,554.68,564.69,3.93599999999999,1.5045853359439203,176400,True,False
SIPD.JK,915.0,926.6666666666666,931.0,933.0,862.5,758.4,792.25,34.92,2.3661043299156996,94700,False,False
SINI.JK,13100.0,13633.333333333334,14210.0,13615.0,10782.5,8478.535615234376,9918.686298828125,229.25857539062497,8.291206606808533,13159700,False,False
SIMP.JK,615.0,623.3333333333334,627.0,633.0,618.25,586.7741815185547,590.5808312988281,9.245163696289069,1.9323602899224777,18486700,False,False
SILO.JK,2010.0,2043.3333333333333,2104.0,2127.0,2189.5,2191.7,2270.85,18.16999999999998,2.3371223201370754,613600,False,False
SIDO.JK,348.0,350.0,352.4,354.2,351.8,361.92,391.52,6.960000000000008,0.9874372768150671,50890700,False,False
SICO.JK,115.0,115.66666666666667,116.0,115.2,113.1,110.22,111.49,5.780000000000001,1.6590008460844672,2221100,True,True
SHIP.JK,2600.0,2620.0,2624.0,2477.0,2372.0,2065.8,2173.9576782226563,55.81999999999998,5.564074544475769,315400,False,False
SHID.JK,820.0,816.6666666666666,796.0,672.0,608.0,599.2,650.5,44.15999999999999,11.360937635302003,1187400,False,False
SGRO.JK,4790.0,4870.0,4910.0,4922.5,4849.75,4031.6559375,3593.7350415039064,89.08440624999999,1.6980468331202692,48300,False,False
SGER.JK,680.0,693.3333333333334,687.0,663.5,591.05,504.7,429.03,37.726666666666674,5.2614845935776104,57348800,False,False
SFAN.JK,2040.0,2040.0,2040.0,2040.0,2031.5,1994.3,1976.8,4.570000000000005,0.5869542095508912,79500,True,False
SEMA.JK,146.0,133.33333333333334,125.2,118.8,110.8,101.5,102.51,44.5,4.503789912039567,83160900,False,False
SDRA.JK,214.0,214.66666666666666,216.8,220.4,220.0,216.36,226.2,3.200000000000003,1.0580740898937913,1917900,True,False
SDPC.JK,196.0,198.0,200.2,198.8,194.7,187.28,184.48563705444337,12.919999999999987,2.221924763396681,123400,False,False
SDMU.JK,90.0,90.33333333333333,90.6,90.8,87.95,83.76,84.9,7.039999999999992,1.7779865778617634,10052700,False,False
SCNP.JK,153.0,154.66666666666666,155.2,155.8,152.75,153.16,152.25799682617188,3.0500000000000114,1.0996723660518004,4654000,True,True
SCMA.JK,199.0,201.66666666666666,201.8,202.7,205.25,204.94,212.25777603149413,6.25,1.6117782044737603,43166500,False,False
SCCO.JK,2520.0,2576.6666666666665,2568.0,2490.0,2415.5,2336.6,2290.3983349609375,24.00666666666666,3.1369127156344,21800,False,False
SBMA.JK,111.0,110.0,110.4,109.3,108.65,107.96,110.15,3.0400000000000063,1.2085448764527726,1368400,True,True
SATU.JK,246.0,249.33333333333334,249.2,247.4,249.4,260.48,262.96,7.240000000000009,1.041285544944622,1602400,False,False
SAPX.JK,505.0,412.3333333333333,353.4,302.7,258.85,231.22,228.15,54.75599999999999,13.282115844731527,8958400,False,False
SAMF.JK,332.0,330.0,325.6,317.6,301.7,287.76,288.8622410583496,22.120000000000005,1.7943423057253554,442300,False,False
SAME.JK,304.0,304.6666666666667,308.8,315.4,305.3,305.36,316.92,5.699999999999989,3.085751486495879,900600,True,False
SAGE.JK,32.0,33.0,32.2,30.7,30.3,31.2,29.86,2.6999999999999993,4.353332117002838,5131900,False,False
SAFE.JK,875.0,875.0,875.0,840.0,654.7,482.72,407.62,78.45599999999999,7.862196190871769,0,False,False
RUNS.JK,70.0,73.66666666666667,74.8,70.5,66.5,66.62,73.19,8.299999999999997,4.74769359881936,4305500,False,False
RUIS.JK,212.0,209.33333333333334,208.4,209.0,206.5,202.3225,196.7284375,4.8387500000000045,2.1395890968328333,5689500,True,True
RSCH.JK,430.0,423.3333333333333,422.0,392.0,359.3,319.56,303.66,55.22,3.9714522100008782,25606500,False,False
ROTI.JK,585.0,585.0,587.0,585.0,584.5,594.0,594.9,1.9,0.5698297098452854,583100,True,False
RONY.JK,1390.0,1458.3333333333333,1519.0,1413.0,1320.25,1263.1,1263.45,51.18000000000002,8.70039997267525,8800,False,False
RODA.JK,65.0,65.66666666666667,64.4,63.8,64.95,63.26,64.26,2.4066666666666734,2.787260580851848,25335500,True,True
ROCK.JK,2070.0,2076.6666666666665,2080.0,2059.0,2094.0,1927.6,1977.6,16.640000000000008,2.2765398017185383,29100,False,False
RMKO.JK,350.0,354.6666666666667,351.6,334.6,309.3,315.32,350.71,22.683333333333337,3.071710278087455,8593200,False,False
RMKE.JK,408.0,420.0,422.4,426.0,420.7,424.68,484.6918103027344,9.0,2.4737224476155277,60308300,False,False
RLCO.JK,4500.0,4583.333333333333,4664.0,4595.0,4487.5,4275.0,4071.0,38.9,2.828455076721633,449700,False,False
RISE.JK,800.0,813.3333333333334,835.0,847.5,882.75,929.9,1127.35,25.979999999999997,2.7333597301986168,1259100,False,False
RIGS.JK,705.0,701.6666666666666,708.0,704.0,693.0,685.8,682.9,4.440000000000009,1.5293094940113015,36200,True,False
RICY.JK,79.0,79.66666666666667,79.8,79.6,79.5,78.74,82.1,1.0600000000000023,0.8386175463146615,1456700,True,False
RGAS.JK,114.0,114.66666666666667,116.0,124.7,166.25,197.62,158.37488372802736,83.62,6.889209922727193,36426100,False,False
RELI.JK,560.0,556.6666666666666,555.0,551.0,533.1,505.4,499.83,10.920000000000005,2.2896639015171565,33800,False,False
RELF.JK,37.0,39.0,38.8,37.1,36.05,35.42,36.36,3.5799999999999983,4.88653029624218,6397000,False,False
REAL.JK,50.0,50.0,50.0,50.0,50.6,50.719599914550784,51.49718551635742,0.7195999145507841,0.0,80300,True,False
RDTX.JK,13225.0,13425.0,13435.0,13510.0,13537.5,13652.5,14287.024345703125,17.1,2.318767796935852,1000,False,False
RCCC.JK,115.0,115.0,115.6,116.2,111.7,101.3,99.89,14.900000000000006,2.4383523431592478,511300,False,False
RBMS.JK,63.0,62.333333333333336,62.6,62.3,62.9,63.48,63.58,1.1799999999999997,1.925350470050435,15208200,True,False
RATU.JK,4580.0,4606.666666666667,4602.0,4499.0,4433.5,4843.4,5020.748549804687,40.98999999999997,2.129511385246262,11435900,False,False
RANC.JK,545.0,555.0,552.0,547.5,534.5,527.3,532.07,5.540000000000009,2.0394708622877378,67700,True,False
RALS.JK,390.0,391.3333333333333,390.4,387.4,384.0,381.6,384.38666748046876,4.866666666666646,0.6954425719925298,2684800,True,True
RAJA.JK,820.0,820.0,819.0,815.5,819.75,856.04,805.7747607421875,8.107999999999993,1.893696849238519,73858400,False,False
RAAM.JK,176.0,180.0,182.2,185.6,186.65,196.32,202.3,20.319999999999993,1.6519357173822655,1256000,False,False
PZZA.JK,193.0,195.0,196.8,194.9,187.75,185.64,189.63691482543945,11.160000000000025,4.637661062903098,522800,False,False
PYFA.JK,252.0,255.33333333333334,264.0,264.2,245.9,223.72,241.88,20.239999999999995,6.0152733513808485,14404900,False,False
PWON.JK,272.0,273.3333333333333,275.6,276.2,270.8,265.28,269.99693420410154,5.460000000000008,1.7846548328719514,30521700,True,True
PURI.JK,159.0,159.0,157.0,154.4,149.35,141.8,144.58,17.19999999999999,1.5901187896204323,9389200,False,False
PURA.JK,33.0,33.333333333333336,32.8,32.3,32.25,31.7,32.27,1.6333333333333364,2.4471759856103805,4839000,True,True
PUDP.JK,272.0,274.6666666666667,274.0,274.2,277.4,291.52,302.17574310302734,9.759999999999991,1.025296343653671,91700,False,False
PTSP.JK,1260.0,1253.3333333333333,1259.0,1278.0,1093.0,979.7,938.05,59.65999999999999,13.283054307162512,63300,False,False
PTSN.JK,372.0,322.0,312.0,308.0,299.0,274.64,268.76113357543943,48.68000000000001,7.986795713172146,27881900,False,False
PTRO.JK,5400.0,5433.333333333333,5435.0,5362.5,5257.5,4793.1,4666.1,25.675999999999984,2.635462350635681,34429600,False,False
PTPW.JK,1175.0,1180.0,1185.0,1180.5,1179.0,1166.742919921875,1083.0486193847655,3.651416015625,0.5912867653736048,26800,True,False
PTPS.JK,165.0,166.0,166.4,164.7,159.95,148.1,145.4,18.30000000000001,1.9129720324813908,2221700,False,False
PTPP.JK,199.0,202.33333333333334,205.0,206.0,205.55,202.62,209.89,7.0,2.3637994285685333,13563200,False,False
PTMP.JK,64.0,63.666666666666664,64.2,64.9,65.0,63.24,63.23,1.759999999999998,1.634700979347601,11769300,True,True
PTIS.JK,260.0,263.3333333333333,259.6,257.4,258.2,264.8,281.1,3.700000000000017,2.9295630101204275,66900,True,False
PTBA.JK,3100.0,3100.0,3062.0,2903.0,2667.0,2490.4,2547.6302734375,60.959999999999994,2.38042654776035,51290600,False,False
PSSI.JK,356.0,358.6666666666667,356.4,346.2,337.5,323.08,315.21249816894533,17.79333333333335,2.2176124017559933,466200,False,False
PSKT.JK,242.0,244.0,244.8,246.8,236.2,219.24,218.83,13.780000000000001,4.863772997040475,17310000,False,False
PSGO.JK,193.0,194.66666666666666,195.0,195.3,195.0,196.36,194.26120361328125,3.3600000000000136,1.0286705787584887,310300,True,False
PSDN.JK,141.0,143.66666666666666,142.8,139.3,136.45,127.58,133.71,16.08666666666666,3.258403814277042,2305400,False,False
PSAT.JK,880.0,886.6666666666666,891.0,895.0,895.0,863.7,860.2,6.259999999999991,0.9922065539114853,51100,False,False
PSAB.JK,580.0,583.3333333333334,576.0,575.5,588.3,496.4,454.93254608154297,18.379999999999995,2.5134097906570387,68057700,False,False
PRIM.JK,120.0,119.33333333333333,120.6,119.2,117.7,107.54,95.64,13.059999999999988,2.4227177374760958,3809000,False,False
PRDA.JK,2810.0,2816.6666666666665,2806.0,2753.0,2618.5,2498.8,2492.938405761719,31.786666666666633,1.5364670150774635,861100,False,False
PRAY.JK,745.0,743.3333333333334,745.0,749.5,758.5,729.9,720.05,5.720000000000004,1.177710145616767,28600,True,False
PPRO.JK,16.0,15.666666666666666,15.6,15.7,16.2,16.7,17.18,1.0999999999999996,5.274304412625143,12891400,False,False
PPRI.JK,178.0,183.66666666666666,184.8,163.4,153.75,149.42,154.54,35.380000000000024,9.192032354516307,8239000,False,False
PPRE.JK,105.0,106.33333333333333,106.2,106.6,105.7,105.72,108.08,1.5999999999999943,1.6495368270557225,19471400,True,False
PPGL.JK,468.0,468.0,468.0,421.8,327.8,255.62,228.49,106.19,5.136764978918592,0,False,False
POWR.JK,995.0,995.0,967.0,944.0,899.5,795.8,747.0234490966797,39.84000000000001,3.4753318030368985,6682900,False,False
PORT.JK,950.0,926.6666666666666,923.0,911.0,908.75,885.2,888.2,12.95999999999999,1.6849132240760816,42000,False,False
POLY.JK,32.0,32.0,32.0,32.0,32.0,32.0,32.0,0.0,0.0,0,True,False
POLU.JK,17350.0,17600.0,17715.0,18317.5,15947.5,13767.0,13459.0,182.02,2.09457415833193,11200,False,False
POLI.JK,890.0,941.6666666666666,961.0,952.0,869.75,779.8,866.3,36.24000000000001,4.036028487392476,132500,False,False
PNSE.JK,498.0,499.3333333333333,498.4,496.8,498.25,497.64,532.87,1.2666666666666515,1.317438846354372,4100,True,False
PNLF.JK,222.0,224.0,225.6,226.2,229.5,226.6,230.97,3.75,1.451635355428753,18833400,True,False
PNIN.JK,725.0,723.3333333333334,726.0,725.0,722.5,721.8,739.4,0.8400000000000091,0.9032971195333845,435700,True,False
PNGO.JK,3500.0,3530.0,3554.0,3514.0,3512.0,3512.4,3506.8,5.4,1.2348946771217573,1000,True,False
PNBS.JK,50.0,50.0,50.0,50.0,50.0,50.1,50.28,0.10000000000000142,0.0,35200,True,False
PNBN.JK,910.0,911.6666666666666,913.0,908.5,904.75,897.4,907.3349835205078,3.1200000000000045,0.9770983707221302,1303400,True,True
PMUI.JK,103.0,103.66666666666667,104.2,104.9,101.4,93.16,89.16197616577148,11.740000000000009,3.5236355248337228,1674400,False,False
PMJS.JK,143.0,146.0,147.2,147.9,136.7,120.67,117.39774002075195,27.230000000000004,3.0784822348558563,1634200,False,False
PLAN.JK,69.0,73.66666666666667,72.2,61.9,50.95,43.06,43.43,30.60666666666667,7.1756277176278,68282900,False,False
PKPK.JK,4450.0,4466.666666666667,4472.0,4165.0,3922.5,3743.8,3315.0,72.81999999999998,5.6167401597053175,1075100,False,False
PJHB.JK,181.0,184.0,185.0,185.9,182.45,172.86,184.54,13.039999999999992,1.013982631272494,1703100,False,False
PJAA.JK,470.0,468.6666666666667,466.8,466.4,462.8,459.2,465.78369384765625,5.400000000000006,0.9138162821922606,195500,True,False
PIPA.JK,200.0,208.0,210.6,206.1,184.35,145.54,135.1,65.06,6.723782368909731,152503400,False,False
PICO.JK,179.0,185.33333333333334,187.8,187.0,175.25,147.48,145.1,40.32000000000002,3.6253096133487284,2190300,False,False
PGUN.JK,9600.0,9683.333333333334,9695.0,9735.0,9462.5,8229.0,8115.154365234375,60.24,1.5284793030649046,15300,False,False
PGLI.JK,208.0,208.66666666666666,210.8,212.0,210.6,202.08,202.06,4.959999999999994,1.6711830114242396,11000,True,False
PGJO.JK,870.0,888.3333333333334,898.0,925.5,898.0,785.0,785.2,28.1,3.9571871655154447,601700,False,False
PGEO.JK,1025.0,1025.0,1026.0,1031.5,1044.0,1018.7,973.3349237060547,5.059999999999991,0.897914236581822,8898600,True,True
PGAS.JK,1520.0,1526.6666666666667,1528.0,1532.0,1526.25,1503.5,1572.395106201172,5.7,1.2262952605786275,24755500,True,False
PEVE.JK,308.0,310.0,315.6,316.0,315.8,320.08,336.64,6.039999999999992,1.4050661339235335,764800,False,False
PEHA.JK,298.0,300.6666666666667,309.2,309.0,294.7,271.56,273.59351531982423,18.819999999999993,4.577983025426747,116600,False,False
PEGE.JK,130.0,130.66666666666666,130.6,125.8,119.25,108.18536590576171,116.40457321166993,22.481300760904944,2.7048884745426895,11114900,False,False
PDPP.JK,338.0,331.3333333333333,326.8,328.0,323.4,296.8348406982422,293.4054734802246,20.5825796508789,1.3559133466119044,527300,False,False
PDES.JK,384.0,384.6666666666667,383.2,387.0,386.2,397.08,447.6711737060547,6.939999999999998,1.088003426043419,77300,False,False
PCAR.JK,43.0,43.666666666666664,43.2,42.7,42.35,40.96,39.28,2.7066666666666634,2.4359642584129153,1557700,True,True
PBSA.JK,750.0,766.6666666666666,783.0,803.5,826.75,784.3503015136719,792.2515063476562,15.35,1.5956345359559077,994000,False,False
PBRX.JK,26.0,27.0,27.2,27.2,26.7,26.76,28.9,1.1999999999999993,3.9522018032258166,4652500,False,False
PBID.JK,525.0,528.3333333333334,528.0,528.0,530.25,513.86,497.04495880126956,3.2779999999999974,0.7739512691123974,658200,True,False
PART.JK,102.0,103.33333333333333,104.4,109.4,106.3,104.57561492919922,104.04157585144043,7.400000000000006,2.464701138451323,6366400,False,False
PANS.JK,1640.0,1655.0,1652.0,1623.5,1591.5,1561.3,1534.6545764160155,18.74000000000001,0.854687096584795,243900,False,False
PANR.JK,424.0,425.3333333333333,427.2,428.4,425.9,417.6,443.37529388427737,5.399999999999977,0.870718772729105,111800,True,False
PANI.JK,5625.0,5741.666666666667,5815.0,5875.0,5940.0,6053.5,6790.5637109375,17.14,2.276520100863413,7930200,False,False
PAMG.JK,56.0,56.666666666666664,56.4,56.0,55.9,55.38,55.81,1.2866666666666617,1.860043229185468,6259900,True,True
PALM.JK,294.0,295.3333333333333,294.8,295.2,293.0,295.72,314.5849301147461,1.3600000000000136,0.930083454309075,59100,True,False
PADI.JK,72.0,71.66666666666667,71.8,72.4,72.05,72.91530288696289,82.14510948181152,1.2486362202962198,1.6041647269929453,101894800,True,False
PADA.JK,204.0,210.66666666666666,215.2,219.2,217.55,167.3,153.93,25.94999999999999,2.278007485363388,26817900,False,False
PACK.JK,560.0,560.0,560.0,555.0,456.4,321.2,294.72,47.760000000000005,4.058305555058295,0,False,False
OPMS.JK,116.0,117.66666666666667,119.6,121.1,122.6,114.24,112.97,8.36,1.5047588039630717,1769600,False,False
OMRE.JK,935.0,980.0,997.0,979.0,975.75,1015.9,984.55,16.179999999999996,3.2079663413115798,7500,False,False
OMED.JK,214.0,214.66666666666666,223.6,234.2,233.1,219.44,226.58219818115234,10.099999999999994,4.320650011374159,9530200,False,False
OLIV.JK,60.0,64.0,62.6,55.3,51.2,50.46,52.15,13.54,6.892632474547549,22589300,False,False
OKAS.JK,116.0,118.33333333333333,119.8,120.4,120.95,110.64,109.83,10.310000000000002,0.9796794126484895,3458700,False,False
OILS.JK,312.0,304.0,297.6,286.4,254.5,233.4,225.64,39.3,5.082963511551734,104966900,False,False
OBMD.JK,195.0,195.33333333333334,195.0,190.9,192.4,188.7,192.99,6.633333333333354,2.980520855437131,444000,False,False
OBAT.JK,240.0,243.33333333333334,247.2,241.2,241.1,243.2,257.90573333740235,3.5999999999999943,4.454700733921991,324000,False,False
OASA.JK,306.0,314.0,316.4,322.8,320.5,317.04,323.72,8.400000000000006,2.246365203150287,18603200,False,False
NTBK.JK,84.0,85.0,86.0,84.8,82.7,87.02,81.03522315979004,4.319999999999993,2.9008138972021964,13087400,True,True
NSSS.JK,800.0,820.0,832.0,853.0,863.25,846.2,738.7588555908203,12.65,2.4299308395377435,5374600,False,False
NRCA.JK,555.0,555.0,558.0,574.0,567.75,517.54,500.8306411743164,11.292000000000007,1.9027820528064527,4724300,False,False
NPGF.JK,57.0,57.666666666666664,57.8,57.7,58.45,58.037792663574216,62.226240959167484,1.4500000000000028,1.4454818739805624,16638300,True,False
NOBU.JK,515.0,526.6666666666666,536.0,528.8,514.2,477.92,479.16,11.615999999999996,2.289291538403392,6952700,False,False
NISP.JK,1265.0,1268.3333333333333,1261.0,1253.0,1253.75,1245.7,1262.95,4.526666666666642,0.7281464716589278,5999900,True,True
NIRO.JK,177.0,179.33333333333334,179.6,171.8,165.6,155.48,165.02,24.120000000000005,3.4359024915316443,2499500,False,False
NINE.JK,94.0,95.33333333333333,96.4,95.8,91.7,82.28,93.21,14.120000000000005,3.5080521547647785,4670200,False,False
NIKL.JK,224.0,238.0,232.8,220.4,208.3,196.86,228.72,20.569999999999993,7.005829283715941,9734500,False,False
NICL.JK,468.0,484.0,484.0,496.4,487.95,490.52,579.0380212402343,14.199999999999989,1.9610410451521842,46380600,False,False
NICK.JK,2430.0,2463.3333333333335,2456.0,2295.0,1925.75,1464.2,1285.6,99.91333333333334,7.910856360645617,17700,False,False
NICE.JK,364.0,371.3333333333333,368.4,363.0,329.3,285.2,285.12,43.06666666666666,5.519460545901402,2410100,False,False
NFCX.JK,1740.0,1738.3333333333333,1737.0,1719.5,1683.25,1612.6,1664.0,25.480000000000018,0.9831682088506004,3200,False,False
NETV.JK,50.0,50.0,50.0,50.0,50.3,50.8,60.47,0.7999999999999972,0.0,124900,True,False
NEST.JK,750.0,733.3333333333334,739.0,736.0,712.75,675.3,591.99,14.940000000000008,2.631487077047212,26398000,False,False
NELY.JK,212.0,210.66666666666666,210.4,213.2,207.5,204.68,224.96330352783204,4.259999999999991,3.4034935900724115,1669900,True,False
NCKL.JK,940.0,966.6666666666666,960.0,959.0,950.25,897.5791455078125,892.5536376953125,13.817504231770817,2.8367052003388755,66676200,False,False
NAYZ.JK,73.0,74.66666666666667,74.8,74.2,70.45,62.7,62.39,12.099999999999994,2.5899155694663842,14726100,False,False
NATO.JK,1030.0,1053.3333333333333,1129.0,1048.0,854.0,723.3,661.3,81.14000000000001,12.753049599119931,767600,False,False
NASI.JK,165.0,163.33333333333334,162.4,156.6,147.4,133.0,130.6,32.0,2.684930102366099,4224600,False,False
NASA.JK,34.0,35.0,33.4,31.6,30.85,30.52,33.25,4.48,5.293640962219755,759000,False,False
NANO.JK,37.0,36.333333333333336,35.4,34.7,33.9,30.34,29.76,6.66,4.290995958212621,25989200,False,False
NAIK.JK,93.0,94.0,95.0,94.7,92.85,89.06,90.15913467407226,5.939999999999998,1.5267237191928649,4137500,True,True
MYTX.JK,41.0,41.0,41.0,41.0,41.0,41.0,45.18,0.0,0.0,0,True,False
MYOR.JK,1515.0,1523.3333333333333,1528.0,1544.5,1591.75,1669.8,1707.4335327148438,30.95999999999999,1.2526535826199807,23467100,False,False
MYOH.JK,1135.0,1138.3333333333333,1140.0,1142.0,1129.75,1077.0,1096.701905517578,13.0,1.145006167701465,32500,False,False
MUTU.JK,135.0,123.0,122.0,123.6,122.4,115.18,110.91745925903321,19.819999999999993,5.389134696987234,528162000,False,False
MTWI.JK,274.0,272.0,270.0,264.0,256.4,260.32,272.83193801879884,8.800000000000011,1.5260853781327741,63500,False,False
MTMH.JK,940.0,953.3333333333334,955.0,967.5,961.0,943.7,960.6602368164063,5.5,2.3332037814080766,1000,True,False
MTLA.JK,535.0,535.0,534.0,530.5,522.5,519.16,512.6897766113282,3.1680000000000064,1.5463991096276155,32900,True,False
MTFN.JK,13.0,13.0,13.0,13.0,13.0,13.0,15.21,0.0,0.0,0,True,False
MTEL.JK,478.0,490.6666666666667,492.0,486.0,465.7,460.47767150878906,470.89774505615236,15.761164245605471,1.6899895859437475,42082600,False,False
MTDL.JK,505.0,515.0,519.0,515.5,512.5,511.3,515.4260000610352,2.8,1.2035234371592687,2329700,True,False
MSTI.JK,1365.0,1381.6666666666667,1367.0,1357.5,1344.5,1323.6,1286.2190295410155,11.613333333333367,1.5696958838891568,1409800,False,False
MSKY.JK,73.0,73.66666666666667,70.8,67.9,66.65,63.72,67.52,9.946666666666673,8.946436376907773,203527800,False,False
MSJA.JK,825.0,815.0,718.0,581.6,508.2,448.92,443.7353775024414,75.216,10.488795208807694,16900500,False,False
MSIN.JK,304.0,306.6666666666667,313.6,311.8,328.6,387.08,505.32,41.53999999999999,2.675169477449611,50308100,False,False
MSIE.JK,165.0,150.66666666666666,144.8,131.7,114.3,98.82,108.22,66.18,6.690246059933901,17874400,False,False
MREI.JK,920.0,920.0,920.0,920.0,920.0,920.0,955.95,0.0,0.0,0,True,False
MRAT.JK,390.0,386.0,391.2,402.2,409.9,428.8,431.82,21.400000000000006,2.5043043556271467,269700,False,False
MPXL.JK,169.0,169.33333333333334,169.8,168.6,167.85,157.68,158.67,12.120000000000005,1.7958027115802213,1530400,False,False
MPRO.JK,12050.0,11983.333333333334,11990.0,12167.5,12446.25,11591.0,10154.0,34.21,1.1646951513076298,3900,False,False
MPPA.JK,42.0,41.666666666666664,42.6,43.8,45.45,46.74,47.36,5.073333333333338,2.7407942541853743,4040100,True,False
MPOW.JK,113.0,113.66666666666667,114.2,114.8,111.95,104.62,107.34,10.179999999999993,3.0234290647034516,2977400,False,False
MPMX.JK,1030.0,1040.0,1044.0,1034.0,1022.5,1002.6,947.7084130859375,8.279999999999996,0.9262812108159676,5974000,False,False
MPIX.JK,127.0,120.66666666666667,119.6,116.4,108.15,100.46,93.68,26.540000000000006,4.047579239072332,62369200,False,False
MORA.JK,5175.0,5300.0,5355.0,5397.5,5318.75,5841.5,6125.15,26.66,1.0502634345476614,166000,False,False
MOLI.JK,318.0,319.3333333333333,318.4,315.2,297.2,270.84,256.64477905273435,24.24666666666667,3.8688611142582365,4347100,False,False
MNCN.JK,202.0,202.66666666666666,204.4,202.6,202.5,204.08,211.5,1.2000000000000028,2.105136861696116,51596400,True,False
MMLP.JK,302.0,302.6666666666667,303.6,303.4,300.0,297.16,307.62,3.219999999999999,1.1075366735011956,190400,True,False
MMIX.JK,850.0,840.0,827.0,807.0,790.25,738.9,617.98,22.220000000000006,1.4293793674055428,54760500,False,False
MLPT.JK,1185.0,1208.3333333333333,1209.0,1231.0,1298.0,1282.38,1031.9583551025391,22.6,1.9688479071873048,1178000,False,False
MLPL.JK,90.0,90.66666666666667,91.6,91.9,93.1,91.98,90.13,3.0999999999999943,1.3542424889606934,18174000,True,False
MLIA.JK,220.0,221.33333333333334,223.2,226.0,228.9,232.4,241.74,6.200000000000003,0.9460217732870982,41700,False,False
MLBI.JK,6800.0,6833.333333333333,6835.0,6850.0,6881.25,6672.5,6207.023413085937,8.35,2.5123630056021957,58900,False,False
MKTR.JK,122.0,122.66666666666667,122.6,122.6,122.5,121.42,123.00218612670898,1.2466666666666697,0.9388651638352518,230800,True,False
MKPI.JK,21750.0,21833.333333333332,21850.0,21912.5,21976.25,21660.5,21328.83251953125,12.63,0.26777840407327147,40800,False,False
MKAP.JK,1115.0,1115.0,1117.0,1119.5,1137.25,1157.4,1121.6702807617187,8.480000000000018,0.2817891886364792,38000,False,False
MITI.JK,286.0,245.33333333333334,237.2,235.4,223.3,196.4,199.94,44.8,8.212533796873103,78123400,False,False
MIRA.JK,25.0,25.333333333333332,25.2,24.9,26.25,23.56,22.11,2.6900000000000013,4.52526452408713,7289600,False,False
MINE.JK,286.0,280.6666666666667,278.8,270.4,252.8,235.16,253.36,25.42,4.222488006873393,2025300,False,False
MINA.JK,274.0,274.0,274.4,276.0,274.6,274.84,293.66,1.0,1.6436240351105809,55116400,True,False
MIKA.JK,1860.0,1855.0,1886.0,1889.5,1853.0,1794.2,1752.6612866210937,19.05999999999999,2.3287840244097096,6301500,False,False
MIDI.JK,266.0,268.0,272.4,273.8,275.3,279.52,288.8705191040039,6.759999999999991,1.378088392177278,6273800,False,False
MICE.JK,540.0,555.0,555.0,555.0,541.25,524.1843566894531,507.3671310424805,6.163128662109375,1.6714000362415382,8400,False,False
MHKI.JK,132.0,138.33333333333334,140.8,143.8,140.95,135.84,140.50260520935058,11.800000000000011,2.4607184131790505,6460600,False,False
MGRO.JK,685.0,686.6666666666666,687.0,685.5,678.75,676.6,675.75,2.0799999999999956,0.9653934302012341,3539900,True,True
MGNA.JK,142.0,126.33333333333333,113.8,105.4,101.3,99.94,110.34,42.06,10.908015633033617,244261700,False,False
MGLV.JK,15250.0,15033.333333333334,14690.0,13140.0,12097.5,9851.0,8860.25,215.96,6.032280137123617,1932800,False,False
MERK.JK,3900.0,3903.3333333333335,3894.0,3881.0,3905.5,3890.0,3792.267351074219,2.45,0.5417533390530171,63000,True,False
MERI.JK,120.0,121.33333333333333,121.6,122.1,121.5,112.22,118.32,9.879999999999995,0.9823394022039198,945300,False,False
MEJA.JK,112.0,114.66666666666667,115.4,113.4,117.55,102.24,99.17,15.310000000000002,2.896440394690626,17903500,False,False
MEGA.JK,1965.0,1973.3333333333333,1979.0,1976.0,1976.0,1986.2,2029.65,4.240000000000009,0.37934700011375394,37300,True,False
MEDS.JK,86.0,89.0,93.4,83.6,77.35,76.58,80.35,16.820000000000007,12.312216547100883,51662200,False,False
MEDC.JK,1555.0,1566.6666666666667,1544.0,1501.0,1437.0,1331.0,1342.3155944824218,47.13333333333335,2.00967284383574,55005700,False,False
MDRN.JK,26.0,26.0,26.0,26.0,26.0,26.0,31.85,0.0,0.0,0,True,False
MDLN.JK,50.0,50.0,50.0,50.0,50.0,50.1,51.08,0.10000000000000142,0.0,183600,True,False
MDLA.JK,208.0,208.66666666666666,208.4,208.6,208.3,207.84,205.2225050354004,0.4133333333333269,0.7813579063578123,5487900,True,True
MDKI.JK,196.0,197.66666666666666,197.6,196.0,192.95,186.1,182.9526982116699,11.566666666666663,0.7989374680309929,274700,False,False
MDKA.JK,3050.0,3073.3333333333335,3044.0,2977.0,2956.5,2816.2,2814.8628759765625,25.713333333333367,3.126600093931885,32473600,False,False
MDIY.JK,935.0,933.3333333333334,945.0,952.5,951.0,940.5,886.4617474365234,3.833333333333326,1.3649414150514356,434300,True,False
MDIA.JK,216.0,214.0,225.6,240.8,252.9,184.92,141.03,33.99000000000001,9.371113690201108,258275900,False,False
MCOR.JK,69.0,69.33333333333333,69.4,69.7,69.4,68.64,68.18,1.0600000000000023,1.3518513930903182,1907000,True,True
MCOL.JK,3690.0,3723.3333333333335,3736.0,3737.0,3727.5,3743.6,3739.675329589844,5.3599999999999905,0.913503547177841,22600,True,False
MCAS.JK,270.0,282.6666666666667,285.6,285.4,289.8,243.04,252.55,23.38000000000001,2.0991627077578863,2007300,False,False
MBTO.JK,168.0,150.0,143.2,134.9,131.25,123.74,118.65,44.260000000000005,6.615648819705104,147572900,False,False
MBSS.JK,2890.0,2883.3333333333335,2872.0,2855.0,2843.0,2754.4,2564.55,13.559999999999992,1.1168361286528545,2483100,False,False
MBMA.JK,520.0,533.3333333333334,534.0,533.0,537.75,525.68,536.59,3.55,3.837877360661652,89371800,False,False
MBAP.JK,1720.0,1750.0,1770.0,1732.0,1599.25,1480.7,1500.8,57.85999999999999,4.670932401730751,52000,False,False
MAYA.JK,197.0,197.33333333333334,197.6,198.3,198.85,197.22,193.86,1.8499999999999943,1.2320505396035804,476300,True,False
MAXI.JK,50.0,50.0,50.0,50.0,50.0,50.0,50.49,0.0,0.0,43800,True,False
MASB.JK,3360.0,3380.0,3388.0,3393.0,3391.0,3388.6,3344.5,3.3,0.3419197123459271,10000,True,False
MARK.JK,1105.0,1095.0,1086.0,1081.0,1082.75,1046.544141845703,926.5899230957032,11.69117163085939,1.1646408665278032,13291700,False,False
MARI.JK,23.0,23.0,23.0,23.0,23.0,23.0,24.87,0.0,0.0,0,True,False
MAPI.JK,1340.0,1356.6666666666667,1371.0,1399.5,1449.5,1510.7,1473.047061767578,34.14000000000001,2.886905273829411,5282700,False,False
MAPB.JK,1260.0,1260.0,1222.0,1197.5,1175.0,1102.3,1232.9,31.54000000000001,2.6222606339901264,0,False,False
MAPA.JK,660.0,685.0,689.0,697.0,684.25,648.52,627.1272351074218,9.696000000000003,1.7929352780409282,17191600,False,False
MANG.JK,40.0,41.333333333333336,42.8,40.5,39.45,39.38,43.68,3.4199999999999946,5.549412055561845,21807300,False,False
MAIN.JK,670.0,685.0,692.0,685.5,676.5,681.8,721.3638677978515,4.4,2.428446495722053,1902400,True,False
MAHA.JK,145.0,145.33333333333334,147.0,147.1,147.1,143.72,139.2608349609375,3.3799999999999955,1.1886284793454573,4278700,True,True
LUCK.JK,117.0,118.66666666666667,118.8,116.4,115.0,109.44,108.61,9.36,2.150962989445825,982900,False,False
LTLS.JK,1075.0,1066.6666666666667,1015.0,942.0,892.0,834.9,801.0380780029296,48.02,4.339368512069298,350800,False,False
LSIP.JK,1700.0,1701.6666666666667,1692.0,1640.5,1541.75,1434.74,1376.2641796875,53.38533333333335,2.641110153380217,15990300,False,False
LRNA.JK,212.0,210.66666666666666,208.8,201.9,195.55,187.16,188.89,12.420000000000002,2.1504319697723573,247400,False,False
LPPS.JK,82.0,82.66666666666667,82.6,82.5,82.05,79.24,77.38,3.4266666666666765,1.0610925233473614,1602300,True,True
LPPF.JK,1630.0,1645.0,1650.0,1626.5,1619.25,1579.5,1582.7662377929687,14.1,1.1437729418515226,1615400,False,False
LPLI.JK,236.0,238.0,239.6,240.6,242.0,244.48,253.24,4.239999999999995,0.8764370556339188,309900,True,False
LPKR.JK,61.0,61.666666666666664,61.8,62.0,62.55,62.08,67.02,1.5499999999999972,1.3970041547300163,78751100,True,False
LPIN.JK,428.0,431.3333333333333,431.6,430.0,426.4,419.64,413.81293426513673,5.980000000000018,0.6919507205079026,77000,True,False
LPGI.JK,645.0,641.6666666666666,642.0,641.0,638.0,646.7,665.4695672607422,1.740000000000009,1.6693006908100254,300,True,False
LPCK.JK,595.0,595.0,596.0,599.5,601.75,564.56,558.74,7.438000000000011,0.9981400965032722,360200,False,False
LOPI.JK,62.0,62.333333333333336,62.2,68.4,73.4,66.98,79.07,11.400000000000006,5.118609033495096,11731900,False,False
LMPI.JK,158.0,161.0,161.0,163.0,159.4,148.14,148.62,14.860000000000014,1.7061122438839262,354900,False,False
LMAX.JK,106.0,110.0,110.2,109.8,110.5,109.5,115.6,4.5,4.103585628742181,520400,False,False
LIVE.JK,199.0,194.0,191.6,191.0,193.4,201.72,211.76,10.719999999999999,1.2844810643803983,20430100,False,False
LION.JK,374.0,380.0,380.8,377.6,362.9,350.92,359.44,14.939999999999998,4.616403941382599,64200,False,False
LINK.JK,1780.0,1695.0,1687.0,1618.0,1564.0,1474.8,1485.55,61.040000000000006,3.3167792178828757,125900,False,False
LIFE.JK,12725.0,12725.0,12725.0,11782.5,8943.75,7063.0,6805.6443359375,226.48,7.168196213929836,0,False,False
LFLO.JK,520.0,518.3333333333334,518.0,520.5,517.15,511.82,526.1618542480469,1.7360000000000013,2.409028766789222,500,True,False
LEAD.JK,112.0,112.66666666666667,111.0,112.9,109.7,105.66,108.73,7.240000000000009,6.744588219713569,26742800,False,False
LCKM.JK,109.0,109.0,109.0,109.0,109.0,108.96,114.88,0.04000000000000625,0.0,0,True,False
LAPD.JK,69.0,69.66666666666667,70.2,71.4,69.0,66.9,69.62,4.5,3.2723305696817757,18188800,True,False
LAND.JK,75.0,75.66666666666667,75.0,74.2,74.7,73.74,72.22,1.9266666666666765,1.7623102572100373,14583800,True,True
LAJU.JK,70.0,72.0,73.4,71.8,69.8,67.76,68.83065479278565,5.640000000000001,3.191149199970511,18060700,True,True
LABS.JK,174.0,175.33333333333334,182.8,173.4,170.95,158.08,154.53,24.72,8.576982955343771,635500,False,False
LABA.JK,124.0,130.33333333333334,128.8,127.4,113.65,101.18,103.46,29.153333333333336,5.388526960039931,18776400,False,False
KUAS.JK,100.0,100.66666666666667,102.0,102.5,97.85,93.92,96.95103164672851,8.579999999999998,5.166237685478628,10785000,False,False
KSIX.JK,406.0,409.3333333333333,409.6,411.6,413.2,352.72,345.7,30.23999999999998,1.5232104086456293,81600,False,False
KRYA.JK,67.0,67.33333333333333,67.8,67.8,65.95,62.36,64.2,5.439999999999998,1.5521557301797713,20855200,True,True
KREN.JK,16.0,15.666666666666666,15.0,14.3,13.8,13.18,13.79,2.8200000000000003,4.534299455139965,41554600,False,False
KRAS.JK,238.0,245.33333333333334,246.8,246.8,235.8,228.58,232.4,9.11,3.3135718279091284,3721200,False,False
KPIG.JK,79.0,76.66666666666667,72.8,69.4,68.3,75.7,85.51,10.700000000000003,9.7893770053271,2148800900,False,False
KOTA.JK,202.0,204.0,208.4,213.8,188.95,149.74,131.77,32.03,11.428735142470456,284659100,False,False
KOPI.JK,199.0,205.0,205.8,206.9,205.35,201.36,207.24,7.900000000000006,2.1054019677563693,7793500,False,False
KONI.JK,2070.0,2120.0,2148.0,2168.0,2216.5,2402.4,2520.2,33.24000000000001,1.6607132364561368,30600,False,False
KOKA.JK,191.0,200.33333333333334,192.0,186.7,184.2,183.84,156.94,16.49333333333334,7.393113660954305,16001100,False,False
KOIN.JK,78.0,78.0,78.0,78.0,78.0,78.0,78.23,0.0,0.0,0,True,False
KOCI.JK,134.0,128.33333333333334,124.0,115.1,110.8,105.78,104.69342010498048,28.22,2.702650111994319,60422000,False,False
KOBX.JK,177.0,178.0,177.8,176.9,173.8,162.1,164.02,15.900000000000006,0.7670077202335243,1335000,False,False
KMTR.JK,254.0,257.3333333333333,255.6,253.4,242.9,235.28,237.52,11.026666666666657,1.9978589988733797,253600,False,False
KMDS.JK,525.0,520.0,520.0,521.0,522.75,530.9,533.1979275512696,2.1799999999999953,1.116564256911239,126800,True,False
KLIN.JK,125.0,122.66666666666667,119.0,117.0,116.85,112.62,118.01,12.379999999999995,3.525671258296606,652900,False,False
KLBF.JK,735.0,750.0,763.0,768.5,786.0,760.9,774.3328753662109,10.2,1.8978950870662865,108297500,False,False
KLAS.JK,84.0,85.0,84.4,86.5,84.15,76.84,75.7,9.659999999999997,2.7060086112610886,23786600,False,False
KKGI.JK,302.0,304.0,307.6,300.6,290.8,279.32,277.6584953308105,14.140000000000015,1.8275859245911286,2440200,False,False
KKES.JK,89.0,92.0,92.8,90.0,80.1,70.36,55.82,22.439999999999998,11.953986471954561,20670800,False,False
KJEN.JK,152.0,158.0,159.4,162.2,163.1,144.16,140.08,18.939999999999998,1.8749181255415592,8545000,False,False
KIOS.JK,99.0,101.0,101.6,101.7,99.2,95.82,94.6,5.88000000000001,1.8865239361480794,29994100,True,True
KINO.JK,1355.0,1391.6666666666667,1381.0,1365.0,1349.5,1259.2,1176.7859899902344,26.49333333333334,2.028832109271317,21800,False,False
KING.JK,388.0,390.6666666666667,389.6,345.0,316.1,300.92,382.35,44.873333333333335,5.461187657195673,945500,False,False
KIJA.JK,197.0,195.33333333333334,198.8,202.2,195.25,154.84,149.64,47.359999999999985,3.2298349336941214,426539200,False,False
KICI.JK,280.0,274.0,271.6,271.6,238.4,209.9,206.64,35.05,9.23816537981274,5572100,False,False
KETR.JK,955.0,941.6666666666666,922.0,883.5,777.75,639.66,597.87,63.068000000000005,2.515236582918026,92238000,False,False
KEJU.JK,600.0,605.0,612.0,617.0,604.25,574.0,569.5214398193359,8.6,1.4867053785849604,52800,False,False
KEEN.JK,920.0,938.3333333333334,949.0,940.0,906.0,877.7,870.0533349609375,14.259999999999991,2.0619734889063723,7050200,False,False
KDTN.JK,396.0,405.3333333333333,412.0,408.2,383.9,439.9,636.99,28.0,3.5692691134700536,2470700,False,False
KDSI.JK,468.0,468.0,468.0,465.8,462.8,453.88,449.4,7.060000000000002,0.49251014256335174,4400,False,False
KBLV.JK,128.0,130.66666666666666,132.0,135.0,139.0,124.96,112.0,14.040000000000006,1.559853599378517,9867000,False,False
KBLM.JK,352.0,347.3333333333333,341.6,330.0,318.0,304.64,302.7798614501953,23.680000000000007,1.9413235165440845,540500,False,False
KBLI.JK,340.0,335.3333333333333,334.8,333.8,330.0,325.64,314.10406982421875,7.180000000000007,1.9676483650336598,650300,False,False
KBAG.JK,43.0,44.0,44.4,44.8,45.7,43.9,43.34,2.700000000000003,2.754463965646852,1550100,True,False
KARW.JK,212.0,212.0,212.0,212.0,212.0,212.0,241.52,0.0,0.0,0,True,False
KAQI.JK,98.0,98.33333333333333,99.0,99.1,97.05,92.72,96.46,6.3799999999999955,3.4739307184689725,38624300,False,False
KAEF.JK,452.0,455.3333333333333,473.8,455.1,446.75,450.42,470.76,13.525000000000006,6.248021369067842,1168100,False,False
JTPE.JK,605.0,613.3333333333334,609.0,609.5,613.75,609.8,602.25,1.75,1.1818314041860747,600800,True,False
JSPT.JK,1500.0,1433.3333333333333,1420.0,1405.0,1405.0,1401.0,1363.883017578125,19.8,2.780344961763131,73000,False,False
JSMR.JK,2950.0,2983.3333333333335,2984.0,2985.0,2878.5,2791.8,2818.9256689453123,19.319999999999983,1.9349002060291096,1789500,False,False
JRPT.JK,1115.0,1121.6666666666667,1113.0,1101.0,1089.0,1083.5,1074.2137561035156,7.633333333333349,0.8309976595538628,867100,False,False
JPFA.JK,2250.0,2303.3333333333335,2320.0,2297.0,2265.5,2173.6,2216.940202636719,14.64000000000001,2.8515487226884186,21427700,False,False
JMAS.JK,228.0,228.0,228.0,228.0,228.0,228.0,240.04,0.0,0.0,0,True,False
JKON.JK,85.0,86.0,87.0,86.6,86.45,78.44,73.9358214187622,8.560000000000002,1.921251926539317,13593100,False,False
JIHD.JK,450.0,452.0,454.4,457.0,445.8,433.72,443.03,11.639999999999986,1.3604121489682062,73600,False,False
JGLE.JK,77.0,79.0,80.8,84.5,85.45,72.94,69.98,12.510000000000005,5.629752841564285,344101600,False,False
JECC.JK,805.0,763.3333333333334,716.0,683.0,659.0,643.9,664.9897161865234,32.220000000000006,8.028125234821681,3074300,False,False
JAYA.JK,156.0,162.33333333333334,161.4,153.9,143.8,133.54,131.38,28.79333333333335,9.142225632415355,5843000,False,False
JAWA.JK,148.0,156.0,152.8,144.9,138.25,127.56,133.59,28.439999999999998,7.213562764110995,16529300,False,False
JATI.JK,111.0,111.66666666666667,111.4,109.8,105.8,99.08,99.25262184143067,12.586666666666673,1.1691450762229698,13912000,False,False
JAST.JK,92.0,94.33333333333333,95.0,94.6,92.2,86.8,87.53,8.200000000000003,2.060989037942917,13407500,False,False
JARR.JK,3710.0,3506.6666666666665,3382.0,3297.0,2964.75,2312.5,2114.7424194335936,139.75,4.929166212030605,51035700,False,False
ITMG.JK,26100.0,26250.0,26405.0,26242.5,25743.75,24767.5,24126.68494140625,65.5,1.0095965412863996,1291300,False,False
ITMA.JK,1530.0,1530.0,1561.0,1504.5,1461.75,1402.5,1582.7,31.7,3.9484834819933203,61100,False,False
ITIC.JK,224.0,225.33333333333334,226.0,226.0,225.7,216.96,221.57,4.519999999999996,0.9742532054389698,104700,True,False
ISSP.JK,450.0,456.0,455.2,445.2,436.5,421.12,411.3944946289063,17.439999999999998,2.2753676587874554,1334800,False,False
ISEA.JK,90.0,89.66666666666667,88.8,87.2,84.75,80.46,77.92,9.540000000000006,1.754219861836968,11841600,False,False
ISAT.JK,2430.0,2410.0,2388.0,2400.0,2510.5,2184.0,2074.749501953125,32.65,2.007867214595856,93149400,False,False
ISAP.JK,27.0,27.666666666666668,26.2,25.1,24.3,24.24,25.75,3.4266666666666694,5.189774585090128,68522900,False,False
IRSX.JK,414.0,415.3333333333333,416.0,408.4,387.3,341.8,351.3220538330078,37.099999999999994,4.083020032864028,36643800,False,False
IRRA.JK,374.0,376.0,387.2,379.4,375.7,374.4,378.84,6.599999999999994,4.383253999334252,375600,False,False
IPTV.JK,32.0,31.666666666666668,31.2,31.1,30.85,31.08,34.75,1.1499999999999986,2.8354269911154595,6013400,True,False
IPOL.JK,115.0,116.0,116.4,116.2,114.3,110.2,113.03,6.200000000000003,1.4021897189428312,851100,False,False
IPCM.JK,292.0,292.0,292.8,295.0,298.4,305.96,305.13574676513673,6.97999999999999,0.9124199442463933,801900,False,False
IPCC.JK,1125.0,1131.6666666666667,1138.0,1144.5,1152.5,1169.5,1162.942728881836,8.9,0.6253044095790546,770000,False,False
IPAC.JK,189.0,186.66666666666666,186.6,184.2,180.05,168.38,159.19,20.620000000000005,1.8693328862617236,437600,False,False
IOTF.JK,62.0,64.66666666666667,66.0,64.9,65.6,58.72,58.34,7.280000000000001,3.380124724299393,17893800,False,False
INTP.JK,5200.0,5283.333333333333,5355.0,5435.0,5480.0,5042.3,4729.395961914062,17.507999999999992,1.8058407655695923,743800,False,False
INTD.JK,264.0,266.0,263.2,270.2,279.1,258.28,249.58,10.410000000000025,3.5766697186318015,30000,False,False
INTA.JK,61.0,61.0,61.0,61.0,61.0,61.0,65.87,0.0,0.0,0,True,False
INPS.JK,810.0,830.0,804.0,755.0,722.25,680.3,670.35,29.94000000000001,3.992877389223428,40600,False,False
INPP.JK,750.0,750.0,750.0,749.0,744.3505065917968,714.7712170410156,741.5689685058594,7.045756591796885,1.5321896115744682,14900,False,False
INPC.JK,160.0,164.33333333333334,167.0,164.0,153.6,143.54,143.3,23.460000000000008,4.170120007794151,5446100,False,False
INOV.JK,138.0,139.0,139.4,139.8,142.05,136.32,131.66,5.730000000000018,0.9795450829800881,4591600,True,True
INKP.JK,8850.0,9083.333333333334,9155.0,9010.0,8858.75,8262.0,8196.96693359375,35.72,2.421567919980381,4853700,False,False
INET.JK,344.0,352.0,355.6,354.4,327.6,262.14,253.74,46.73000000000002,3.070990214532863,668427500,False,False
INDY.JK,2830.0,2943.3333333333335,2884.0,2826.0,2747.0,2519.6,2601.9019409179687,42.373333333333356,4.707747772302751,27377600,False,False
INDX.JK,60.0,60.0,60.0,60.0,60.0,60.0,72.29,0.0,2.837818317547164e-07,0,True,False
INDS.JK,260.0,268.0,269.2,268.4,267.6,268.96,292.28940322875974,4.599999999999994,1.8879947903741683,2534600,True,False
INDR.JK,2960.0,3013.3333333333335,3016.0,2828.0,2631.0,2328.0,2275.9,68.8,4.135827558092008,83100,False,False
INDO.JK,184.0,184.33333333333334,186.2,185.4,183.25,175.9,167.64,10.299999999999983,1.6748532585360365,35040700,False,False
INDF.JK,7300.0,7375.0,7395.0,7332.5,7336.25,7095.378984375,6765.03521484375,11.984840624999997,2.0427037799816006,4993900,False,False
INCO.JK,4830.0,4850.0,4862.0,4934.0,5080.75,5013.6,5141.375756835938,25.075,2.2227933931488053,19973900,False,False
INCI.JK,800.0,803.3333333333334,796.0,782.0,725.75,685.0,675.9295037841797,23.666666666666675,4.726424216538572,43700,False,False
INCF.JK,50.0,50.0,50.0,50.0,50.0,50.0,51.79,0.0,0.0,0,True,False
INAI.JK,175.0,177.66666666666666,177.6,176.8,176.8,168.4,164.96,9.266666666666652,0.96046045603016,442300,False,False
IMPC.JK,1720.0,1736.6666666666667,1680.0,1553.0,1466.5,1491.1,1681.15,54.033333333333346,4.031612379299314,29712200,False,False
IMJS.JK,183.0,186.0,188.0,183.3,175.15,160.2122009277344,161.251259765625,27.787799072265614,6.100440683009441,2924500,False,False
IMAS.JK,900.0,910.0,919.0,914.0,897.25,863.1619873046875,899.8923626708985,11.1676025390625,4.294961474452974,258000,False,False
IKPM.JK,183.0,186.33333333333334,188.8,191.4,193.65,189.12,190.88,10.650000000000006,0.98889250112988,1410300,False,False
IKBI.JK,555.0,546.6666666666666,537.0,527.5,528.25,536.8990142822265,516.7014529418946,5.5,3.0351475690682905,1401600,True,True
IKAN.JK,90.0,91.33333333333333,91.4,91.0,89.6,85.46,85.18,5.940000000000012,1.5089614502654267,8229300,True,True
IKAI.JK,20.0,20.333333333333332,19.8,19.6,19.7,19.92,20.57,0.7333333333333307,4.123361177343419,10676500,False,False
IGAR.JK,466.0,470.6666666666667,472.8,476.2,470.1,443.32,440.8181185913086,16.439999999999998,0.9888413981248882,119100,False,False
IFSH.JK,1075.0,1085.0,1079.0,1074.5,1086.25,1147.5,1403.8009985351562,14.6,2.1708966691562246,200,False,False
IFII.JK,222.0,208.66666666666666,206.0,204.6,205.7,208.56,214.84,8.700000000000003,3.688504626101395,24340200,False,False
IDPR.JK,278.0,275.3333333333333,274.4,273.0,268.3,282.56,289.0198645019531,7.1299999999999955,2.1436959561066526,680700,False,False
IDEA.JK,78.0,71.33333333333333,68.4,64.6,63.0,63.02,65.06,15.0,5.0009532724548915,22294800,False,False
ICON.JK,143.0,145.0,146.4,140.7,135.95,119.26,117.63,27.14,6.46540469569109,12827000,False,False
ICBP.JK,7125.0,7166.666666666667,7190.0,7295.0,7511.25,7193.7148046875,6843.18669921875,15.45,1.4730608676751789,2205300,False,False
IBST.JK,8475.0,8475.0,8475.0,8475.0,8475.0,8475.0,8475.0,0.0,0.0,0,True,False
IBOS.JK,97.0,97.66666666666667,98.0,95.1,87.0,75.56,84.72,22.439999999999998,4.3551349617858515,3948300,False,False
IBFN.JK,63.0,63.0,63.0,63.0,63.0,63.0,67.77,0.0,0.0,0,True,False
IATA.JK,126.0,131.0,134.2,131.3,123.85,94.06,82.67,40.139999999999986,6.926475959607363,597366600,False,False
HYGN.JK,198.0,193.33333333333334,190.4,187.2,181.25,167.02,155.00000061035155,30.97999999999999,1.4485906344970838,2846600,False,False
HUMI.JK,137.0,140.0,140.4,143.7,144.9,137.06785903930665,144.37262062072753,7.900000000000006,3.3532482784198505,40181900,False,False
HRUM.JK,920.0,941.6666666666666,943.0,941.5,916.75,850.1,845.95,18.579999999999995,2.3228257630303344,12794000,False,False
HRTA.JK,2170.0,2216.6666666666665,2232.0,2243.0,2258.0,2051.2,2196.0393701171874,20.680000000000017,2.397486700025304,8432700,False,False
HRME.JK,45.0,45.333333333333336,44.6,42.8,42.0,42.94,45.17,3.3333333333333357,4.421102030642351,1933500,False,False
HOPE.JK,204.0,211.33333333333334,217.2,238.8,245.3,210.0,178.23,20.650000000000006,10.244699931452898,26684500,False,False
HOMI.JK,232.0,244.66666666666666,243.6,230.0,221.1,196.96,202.83,23.853333333333325,3.877442987247874,3488900,False,False
HOKI.JK,56.0,56.0,55.8,55.8,55.7,54.4,57.45,1.6000000000000014,1.5576652459122515,3551400,True,False
HMSP.JK,730.0,738.3333333333334,746.0,742.0,743.25,726.0,696.2266552734375,4.0,1.5260348840369624,6170200,True,True
HILL.JK,16.0,16.0,16.0,16.0,16.0,16.0,16.74,0.0,0.0,0,True,False
HGII.JK,140.0,138.66666666666666,138.8,139.2,132.9,126.4,128.92754150390624,13.599999999999994,1.1221216668798943,2622800,False,False
HEXA.JK,4460.0,4470.0,4478.0,4483.0,4422.5,4430.0,4427.9,6.05,0.414634634360336,384100,False,False
HERO.JK,334.0,336.6666666666667,337.6,336.0,335.7,335.6,359.01,1.8000000000000114,1.086443867692678,46700,True,False
HELI.JK,202.0,204.0,205.6,201.4,199.2,190.96,187.17,7.319999999999993,2.286938678632367,498100,False,False
HEAL.JK,675.0,673.3333333333334,678.0,680.0,678.5,774.2,870.8648645019531,20.173333333333336,3.7698909942201966,13597000,False,False
HDIT.JK,50.0,50.0,50.0,50.0,50.15,50.38,53.16,0.38000000000000256,0.0,172700,True,False
HDFA.JK,100.0,101.0,101.4,101.5,100.3,94.92,95.99,6.579999999999998,0.7777263276282708,428000,False,False
HBAT.JK,340.0,327.3333333333333,320.0,296.6,265.7,258.64,339.11,40.68000000000001,6.003689434434161,952600,False,False
HATM.JK,595.0,600.0,594.0,596.5,598.0,528.28,424.1576220703125,14.344000000000005,2.5025816002719967,7274300,False,False
HALO.JK,74.0,75.0,78.4,74.2,71.3,68.58,69.88,9.820000000000007,9.449988074618318,14792200,False,False
HAJJ.JK,112.0,112.33333333333333,111.6,110.9,111.15,107.2,112.73,5.133333333333326,2.4336795324708573,4803200,True,False
HAIS.JK,184.0,187.0,188.0,187.2,184.7,182.44,181.21,5.560000000000002,1.3532977568090037,660500,True,False
HADE.JK,24.0,24.666666666666668,23.2,20.3,18.65,18.34,17.65,6.326666666666668,6.1703914905374955,24263400,False,False
GZCO.JK,190.0,194.0,197.6,196.3,185.95,167.62,170.12,29.97999999999999,3.929470446107476,16263400,False,False
GWSA.JK,167.0,170.66666666666666,171.0,170.7,163.15,140.62,137.04,30.379999999999995,1.8454503939564222,929400,False,False
GUNA.JK,220.0,220.66666666666666,220.4,219.4,217.2,202.2,191.3992529296875,9.233333333333334,0.9440230958994587,73500,False,False
GULA.JK,845.0,820.0,809.0,792.0,769.0,741.0,611.94,20.8,2.714091711390613,27720700,False,False
GTSI.JK,165.0,169.0,168.2,170.8,174.75,159.8206201171875,166.31527198791503,14.929379882812498,2.6334569230335316,20642300,False,False
GTRA.JK,248.0,253.33333333333334,258.0,260.6,243.3,230.88,222.75,14.860000000000014,8.254785319840172,1712400,False,False
GTBO.JK,156.0,154.66666666666666,155.8,159.9,164.95,167.98,181.22,13.313333333333333,5.133974948826343,43400,False,False
GSMF.JK,106.0,107.33333333333333,102.6,100.2,97.0,90.4,94.95,16.933333333333323,12.616227210422878,294191300,False,False
GRPM.JK,171.0,169.33333333333334,169.4,176.8,179.8,218.92,244.82,49.586666666666645,3.2181945582429616,5607500,False,False
GRPH.JK,137.0,135.33333333333334,131.4,116.2,94.35,73.14,67.38,63.86,7.808952807056939,0,False,False
GRIA.JK,164.0,166.66666666666666,167.8,168.9,171.45,141.38,129.18,30.069999999999993,1.9476835261614762,3552000,False,False
GPSO.JK,288.0,285.3333333333333,288.0,294.2,292.4,297.28,356.68,5.973333333333329,2.2064617800443918,47550700,True,False
GPRA.JK,105.0,105.0,106.0,108.3,109.05,105.16215682983399,105.57637123107911,4.049999999999997,2.0194875318434993,128049400,True,False
GOTO.JK,50.0,50.0,50.0,50.0,50.0,50.0,50.37,0.0,0.0,3016900,True,False
GOOD.JK,316.0,316.0,318.0,319.0,312.7,305.4,317.49539855957033,6.800000000000011,0.8867622714252222,110100,False,False
GOLF.JK,180.0,172.66666666666666,167.6,164.4,162.8,164.34,168.92307556152343,17.19999999999999,2.808684868223282,37535600,False,False
GOLD.JK,278.0,280.0,280.0,277.0,275.7,266.44,267.46,6.780000000000001,1.1631286549668303,415100,False,False
GMTD.JK,1280.0,1285.0,1313.0,1382.5,1360.0,1324.2,1444.5511694335937,20.5,3.314129872466609,15500,False,False
GMFI.JK,58.0,58.333333333333336,58.6,59.2,59.15,56.42,56.04,2.780000000000001,2.5651333983660507,61662900,True,True
GLVA.JK,326.0,327.3333333333333,326.8,324.0,317.7,307.76,314.18549102783203,9.786666666666662,1.1866278472752578,3800,False,False
GJTL.JK,1350.0,1355.0,1364.0,1379.5,1374.25,1266.8,1191.050888671875,22.54000000000001,1.3142744234383406,4858100,False,False
GIAA.JK,64.0,66.0,66.2,66.5,68.5,60.62,60.46,7.880000000000003,3.016966696318123,102633200,False,False
GHON.JK,1675.0,1683.3333333333333,1671.0,1654.0,1633.0,1620.9,1701.9,12.486666666666633,1.0441414655461787,2000,False,False
GGRP.JK,330.0,326.6666666666667,320.8,319.4,310.8,301.32,292.5398773193359,14.340000000000003,2.5029184437294103,1486500,False,False
GGRM.JK,19375.0,19541.666666666668,19775.0,20047.5,20066.25,18924.5,17042.925,45.67,2.523405983530217,424700,False,False
GEMS.JK,7500.0,7591.666666666667,7630.0,7430.0,7066.25,6707.5,6952.0,36.9,1.8061331160703336,78700,False,False
GEMA.JK,93.0,93.33333333333333,93.2,91.9,86.95,82.88,82.59285621643066,10.453333333333333,4.7852964613938695,3370700,False,False
GDYR.JK,1130.0,1126.6666666666667,1128.0,1121.5,1115.0,1103.0,1098.15,5.4,1.3945222918661369,2400,True,False
GDST.JK,112.0,115.66666666666667,115.4,114.0,113.35,103.46,97.26,12.206666666666678,2.2265812995583,7581700,False,False
FWCT.JK,92.0,92.0,92.0,91.3,91.5,89.46,86.81,2.5400000000000063,1.7831370827101622,4537000,True,True
FUTR.JK,294.0,304.0,309.2,326.2,327.4,291.38,241.15,18.00999999999999,3.2362977646270585,36360400,False,False
FUJI.JK,246.0,246.0,247.6,255.0,272.7,232.16,261.57,20.269999999999996,4.903617324009379,749400,False,False
FPNI.JK,545.0,555.0,579.0,600.5,573.85,443.5,416.65,31.4,5.50390101222777,3731100,False,False
FORU.JK,3720.0,3636.6666666666665,3712.0,3291.0,2727.75,2779.9,2441.15,99.225,11.19197891099435,5627900,False,False
FORE.JK,775.0,788.3333333333334,792.0,807.0,811.75,725.9,769.5,17.170000000000005,1.3842419439429436,4986100,False,False
FOOD.JK,176.0,176.0,176.0,176.0,176.0,176.0,175.92,0.0,0.0,0,True,False
FOLK.JK,262.0,245.33333333333334,233.6,201.9,191.6,202.94,228.89,35.2,7.326997784199326,49728800,False,False
FMII.JK,254.0,254.0,253.6,253.6,253.9,251.44,248.32,1.2800000000000011,1.0593492436521832,5800,True,False
FLMC.JK,136.0,133.0,127.4,112.7,95.5,77.06,106.36,58.94,5.196714330208162,9928700,False,False
FITT.JK,454.0,449.3333333333333,452.8,434.6,407.7,382.0,386.71,36.0,7.086130464451684,3150000,False,False
FISH.JK,630.0,620.0,617.0,616.0,609.5,616.1,654.9693536376953,4.1,0.9423742914654886,62400,True,False
FIRE.JK,122.0,126.0,125.4,123.3,116.6,110.58,115.1,15.420000000000002,4.218835623762481,14360600,False,False
FILM.JK,810.0,820.0,849.0,844.5,836.0,1117.3,1620.1,61.459999999999994,6.068125535801428,18487100,False,False
FAST.JK,440.0,446.6666666666667,452.8,460.4,467.7,374.12,315.7,46.78999999999999,1.5322540581406832,5709300,False,False
FAPA.JK,7450.0,7466.666666666667,7480.0,7477.5,7455.0,7396.80474609375,7253.58498046875,3.327810156250016,0.3153230423009732,3400,True,False
EXCL.JK,2630.0,2686.6666666666665,2702.0,2726.0,2753.5,2603.6,2706.1,14.990000000000009,1.4994042516225075,6844300,False,False
EURO.JK,1400.0,1423.3333333333333,1435.0,1415.0,1499.75,1705.8,1938.9564025878906,61.15999999999999,4.577838301528428,168300,False,False
ESTI.JK,170.0,181.0,173.4,167.5,164.2,153.02,145.41296173095702,27.97999999999999,8.741133692948704,9997900,False,False
ESTA.JK,172.0,173.33333333333334,173.0,173.9,173.05,178.26,187.13,6.259999999999991,1.6518185945333088,3901600,False,False
ESSA.JK,655.0,676.6666666666666,681.0,689.0,659.25,629.0,648.6009765625,12.0,3.5894861103061118,133287200,False,False
ESIP.JK,122.0,123.33333333333333,125.2,122.8,122.9,126.88842529296875,130.82787406921386,4.888425292968748,5.98034688101745,144652200,False,False
ERTX.JK,181.0,184.66666666666666,184.6,184.7,184.15,174.48,170.37,10.219999999999999,1.526579841956618,594100,False,False
ERAL.JK,320.0,323.3333333333333,322.8,319.0,309.9,299.68,289.5673696899414,11.826666666666654,2.271739247011367,6956400,False,False
ERAA.JK,595.0,598.3333333333334,592.0,565.7,518.65,442.2309289550781,397.87644439697266,31.22048087565105,4.9695828340281105,91638300,False,False
EPMT.JK,2540.0,2450.0,2432.0,2413.0,2398.5,2357.4,2341.9,18.25999999999999,2.0601358763861506,761100,False,False
EPAC.JK,55.0,56.0,55.6,56.0,56.55,62.18,65.99,7.18,3.2570432067059145,23968500,False,False
ENZO.JK,78.0,75.66666666666667,75.4,75.3,74.05,71.54,72.94,6.459999999999994,4.622727121855433,121536500,False,False
ENRG.JK,1460.0,1461.6666666666667,1444.0,1393.0,1331.75,1302.9483361816406,1377.4241680908203,31.743666097005235,2.753362562981902,147385600,False,False
ENAK.JK,224.0,227.33333333333334,229.6,233.0,236.1,249.44,276.44,12.719999999999999,0.8372575333799237,437200,False,False
EMTK.JK,500.0,505.0,509.0,516.5,517.75,519.92,591.7820330810547,9.95999999999998,2.5544536080209115,52096800,False,False
EMDE.JK,78.0,79.66666666666667,79.8,79.2,77.45,73.96,71.83,5.840000000000003,2.6869640843595866,4448200,True,True
EMAS.JK,8750.0,8650.0,8575.0,8695.0,8483.75,7158.5,7417.5,63.66,3.434756293491091,21268700,False,False
ELTY.JK,35.0,35.333333333333336,36.0,37.2,37.8,32.82,32.83,4.979999999999997,3.2988782786004487,58446200,True,True
ELSA.JK,725.0,735.0,733.0,730.5,716.75,683.9,649.07927734375,10.220000000000004,2.540257782103002,33137700,False,False
ELPI.JK,680.0,716.6666666666666,692.0,679.5,677.25,818.4092944335938,1144.6824548339844,28.23185888671876,6.086449156488477,2659000,False,False
ELIT.JK,290.0,271.3333333333333,273.2,271.4,239.35,199.46,193.44,45.269999999999996,6.535758057722442,136661900,False,False
EKAD.JK,406.0,418.0,429.2,415.6,382.7,256.62,210.90055450439453,86.28999999999999,7.470242487097877,5565300,False,False
ECII.JK,166.0,170.0,172.0,169.2,162.35,154.8,153.35,17.19999999999999,3.743059935492764,690500,False,False
EAST.JK,89.0,89.66666666666667,89.6,89.9,90.2,89.16043533325195,87.93482460021973,1.2000000000000028,0.8202793605132312,2035300,True,True
DYAN.JK,88.0,87.66666666666667,87.8,88.6,88.45,84.14,82.03,4.459999999999994,1.557652571650014,2120500,True,True
DWGL.JK,234.0,235.33333333333334,238.8,241.8,278.1,281.76,271.06,23.879999999999995,4.81155823200202,3721500,False,False
DVLA.JK,1595.0,1596.6666666666667,1597.0,1596.5,1588.25,1575.8,1546.440860595703,4.240000000000009,0.4478119630659745,41700,True,False
DUTI.JK,4770.0,4786.666666666667,4792.0,4798.0,4767.0,4435.0,4110.1281225585935,36.3,0.17688189023317072,1400,False,False
DSSA.JK,1100.0,1126.6666666666667,1139.0,1147.0,1098.5,952.5,1018.78,38.9,2.487168051116894,368635200,False,False
DSNG.JK,1625.0,1661.6666666666667,1660.0,1658.5,1541.25,1373.5,1352.0341638183593,57.63333333333335,3.0981371709893386,3691600,False,False
DSFI.JK,87.0,88.33333333333333,88.2,88.0,86.75,81.36,81.57,6.973333333333329,1.3568081899300541,5198000,False,False
DRMA.JK,1010.0,1020.0,1016.0,1013.5,1008.25,959.4,959.6133331298828,12.120000000000005,1.1370208204341352,216800,False,False
DPUM.JK,129.0,134.33333333333334,122.8,110.0,102.5,99.64,123.56,34.69333333333334,11.30017111070392,20157000,False,False
DOSS.JK,164.0,168.33333333333334,169.0,169.8,169.1,155.24,146.36014503479004,14.560000000000002,1.2651106421628608,1559400,False,False
DOOH.JK,400.0,383.3333333333333,360.4,343.2,333.0,250.24,195.49,74.88,4.015463700571204,120863400,False,False
DOID.JK,252.0,252.66666666666666,255.6,247.4,234.1,219.82,220.36,17.89,3.70383563215852,4067700,False,False
DNET.JK,9875.0,9958.333333333334,9975.0,9965.0,9983.75,9836.5,9826.25,5.89,0.45767317606511426,7500,True,False
DNAR.JK,131.0,133.33333333333334,135.2,134.5,130.4,123.24,124.1,11.959999999999994,1.6302450161459863,363700,False,False
DMND.JK,620.0,613.3333333333334,613.0,618.5,618.5,617.9,615.1751983642578,1.4,1.1966753335210576,16000,True,False
DMMX.JK,185.0,186.66666666666666,188.0,189.3,188.35,179.18,180.87764877319336,10.120000000000005,1.4637503960307874,947600,False,False
DMAS.JK,193.0,195.33333333333334,197.6,199.4,183.65,158.08,145.79821197509764,41.31999999999999,2.950771852914769,384837400,False,False
DLTA.JK,1790.0,1793.3333333333333,1792.0,1793.0,1789.25,1778.58,1766.810509033203,2.950666666666666,0.610350964058455,72200,True,False
DKHH.JK,70.0,71.33333333333333,73.0,70.1,67.15,64.54,65.47,8.459999999999994,5.62011316169347,11881400,False,False
DKFT.JK,700.0,706.6666666666666,708.0,697.5,679.5,663.5,690.05,8.9,1.9024457108741386,9134500,False,False
DIVA.JK,135.0,138.0,137.8,137.6,136.9,127.4,131.32,10.599999999999994,1.4797809255185888,2885600,False,False
DILD.JK,118.0,119.66666666666667,120.4,121.7,119.7,117.08,118.65,4.6200000000000045,1.6293304791192738,11563800,True,False
DIGI.JK,29.0,29.0,29.0,29.0,29.0,29.0,31.47,0.0,0.0,0,True,False
DGWG.JK,336.0,338.0,340.8,345.0,340.0,311.44,319.6522177124023,16.78,2.1190846543635127,12419700,False,False
DGNS.JK,280.0,278.0,277.6,264.6,246.6,237.52,241.48,21.239999999999995,3.296102202222827,4744100,False,False
DGIK.JK,136.0,136.66666666666666,138.8,141.0,137.55,132.18,130.76,8.819999999999993,2.1842058542534084,12165500,False,False
DFAM.JK,83.0,84.33333333333333,83.8,83.4,81.8,82.02,92.97,2.5333333333333314,2.018621291085553,13136600,True,False
DEWI.JK,164.0,160.66666666666666,158.4,156.8,151.45,133.48,127.67,30.52000000000001,1.8738775546328519,73026400,False,False
DEWA.JK,418.0,428.6666666666667,436.0,443.0,444.3,421.15980712890627,407.8308235168457,13.150000000000006,2.3306437203420285,427867700,False,False
DEPO.JK,240.0,245.33333333333334,249.2,250.4,250.1,248.32220642089842,252.07180450439452,5.200000000000003,2.287536962270569,237100,True,False
DEFI.JK,104.0,104.66666666666667,105.6,106.1,105.85,106.56,126.19,2.5600000000000023,1.7610926282412378,4893300,True,False
DCII.JK,201100.0,201266.66666666666,201280.0,200095.0,202276.25,197861.5,195461.5,176.59,1.9716682947962,300,False,False
DAYA.JK,1085.0,1095.0,1107.0,1114.5,1082.25,1020.0,1036.45,18.9,1.2698457608539315,5900,False,False
DATA.JK,1760.0,1795.0,1829.0,1834.0,1862.75,1983.0,1923.9,44.6,2.9076109328375095,2425700,False,False
DART.JK,157.0,158.66666666666666,159.6,161.3,163.35,144.66,139.98,18.689999999999998,0.511185601757763,560400,False,False
DADA.JK,50.0,50.0,50.0,50.0,50.0,50.0,50.0,0.0,0.0,62100,True,False
DAAZ.JK,1670.0,1650.0,1662.0,1669.5,1697.0,1609.5,1747.1244396972656,17.5,1.3423474580792638,1762900,False,False
CYBR.JK,530.0,521.6666666666666,522.0,530.5,540.75,561.2,590.2,7.906666666666683,1.9847864816092802,31900800,False,False
CUAN.JK,945.0,956.6666666666666,948.0,921.5,870.75,751.2,802.86,41.09333333333332,4.042957329202891,493060500,False,False
CTTH.JK,126.0,125.66666666666667,127.0,128.2,128.45,126.68,140.84,2.7833333333333172,2.247305972923577,150189500,True,False
CTRA.JK,615.0,620.0,625.0,631.0,625.75,594.5536840820313,594.3026232910156,7.289263183593744,1.5871091651517768,6555000,False,False
CTBN.JK,3050.0,3063.3333333333335,3072.0,3090.0,3285.0,4108.4,4747.93412109375,105.83999999999996,0.33430191204984516,12100,False,False
CSRA.JK,760.0,768.3333333333334,768.0,770.0,764.75,762.8,798.35,2.0,1.1176274410944609,383300,True,False
CSMI.JK,220.0,201.0,193.8,188.4,170.45,117.56,102.28,51.22,4.070054036845281,18457600,False,False
CSIS.JK,208.0,209.33333333333334,211.2,214.8,217.1,191.82080017089845,174.6436011505127,12.639599914550772,1.9251557643641954,1553400,False,False
CSAP.JK,296.0,295.3333333333333,296.8,295.6,293.2,289.7205517578125,282.21917053222654,3.5397241210937693,2.4257405861428047,33200,True,False
CRSN.JK,134.0,138.66666666666666,138.8,138.1,131.2,116.02,110.89621559143066,22.780000000000015,4.094513182995988,31978400,False,False
CRAB.JK,216.0,218.0,218.4,217.0,212.5,209.8,209.7,4.299999999999997,3.049124102519292,411000,True,False
CPRO.JK,50.0,50.0,50.0,50.0,50.15,50.36,51.78,0.35999999999999943,0.0,1017300,True,False
CPIN.JK,3160.0,3233.3333333333335,3250.0,3181.0,3102.0,3125.8,3427.8138256835937,14.8,3.682949060545806,52897800,False,False
COIN.JK,715.0,763.3333333333334,803.0,815.5,794.0,730.6,825.45,20.1,3.7516886679748023,34100200,False,False
COCO.JK,131.0,137.33333333333334,137.6,130.5,115.5,124.18539581298828,193.185845413208,22.099999999999994,8.563941967908798,727197200,False,False
COAL.JK,31.0,31.0,31.0,31.0,31.0,26.06,36.39,4.940000000000001,0.0,0,True,False
CNMA.JK,92.0,92.33333333333333,92.8,92.7,92.9,92.28,93.6,0.9000000000000057,0.9434711537845863,67785200,True,False
CNKO.JK,37.0,37.0,37.0,37.0,37.0,37.0,41.07,0.0,0.0,0,True,False
CMRY.JK,4410.0,4453.333333333333,4520.0,4596.269140625,4582.34267578125,4541.278369140625,4480.322895507812,18.626914062499964,2.3128093011535866,2782300,False,False
CMPP.JK,69.0,69.0,69.0,69.0,69.0,69.0,71.76,0.0,0.0,0,True,False
CMNT.JK,755.0,755.0,748.0,746.0,758.5,780.4,787.65,6.8799999999999955,1.4816677562727005,21043300,False,False
CMNP.JK,1425.0,1448.3333333333333,1452.0,1430.5,1401.0,1373.6,1407.05,15.680000000000017,2.2009754909805066,73400,False,False
CLPI.JK,1610.0,1620.0,1624.0,1618.0,1607.5,1569.2,1508.7730883789063,10.95999999999999,0.4623164913218879,112700,False,False
CLEO.JK,420.0,425.3333333333333,424.4,417.4,405.2,390.92,387.0153472900391,17.20666666666665,2.253954629731428,12884100,False,False
CLAY.JK,2680.0,2730.0,2738.0,2724.0,2737.0,2629.4,2716.7,10.85999999999999,1.6420390288551145,13200,False,False
CITY.JK,184.0,190.33333333333334,191.0,184.3,180.1,173.64,173.98,17.360000000000014,2.975995663467424,1642000,False,False
CITA.JK,3470.0,3550.0,3552.0,3453.0,3335.0,3252.8,3240.059885253906,29.91999999999998,1.7830671557753606,175500,False,False
CINT.JK,185.0,186.33333333333334,186.4,185.9,182.3,174.96,179.74,11.439999999999998,0.9986848834481405,142800,False,False
CHIP.JK,795.0,806.6666666666666,816.0,822.0,848.0,893.9865124511718,938.0950079345703,19.79730249023437,1.2035865327874868,93000,False,False
CHEM.JK,72.0,72.33333333333333,72.6,71.3,70.35,66.96,70.2182820892334,5.640000000000001,1.5634853996451075,9700500,True,True
CHEK.JK,128.0,130.33333333333334,132.2,133.4,133.85,131.3,129.9,5.849999999999994,2.1562206294472235,1096600,True,False
CGAS.JK,149.0,150.33333333333334,151.4,151.3,150.9,151.02,155.37083206176757,2.4000000000000057,0.852459219878773,6365600,True,False
CFIN.JK,366.0,372.6666666666667,373.2,366.8,360.4,347.32,323.89555877685547,12.939999999999998,1.3689301164305454,3477300,False,False
CENT.JK,107.0,110.33333333333333,110.0,105.9,100.65,87.86,86.48,22.47333333333333,6.227558073089684,12069300,False,False
CEKA.JK,2220.0,2206.6666666666665,2202.0,2194.0,2195.5,2187.8,2180.447265625,3.219999999999982,0.3845160685023371,75300,True,False
CDIA.JK,675.0,691.6666666666666,698.0,695.0,692.75,672.8,757.6365966796875,5.040000000000009,2.4161418759778877,96963500,True,False
CCSI.JK,314.0,302.6666666666667,296.4,291.0,273.8,259.2,257.3,27.400000000000006,4.391156249931129,2417900,False,False
CBUT.JK,1015.0,1036.6666666666667,997.0,961.5,887.0,840.4,775.21,39.25333333333335,4.385012603026738,5549500,False,False
CBRE.JK,735.0,738.3333333333334,742.0,732.5,711.0,706.0,754.7,7.2,3.09468815958164,23817600,False,False
CBPE.JK,484.0,490.0,501.0,502.6,516.3,411.31970764160155,351.82444885253904,52.4901461791992,5.947954453616028,87500,False,False
CBDK.JK,3800.0,3920.0,3980.0,3949.0,3872.5,3703.4,3879.5163134765626,27.65999999999999,2.9953349767016877,3990500,False,False
CASS.JK,1865.0,1838.3333333333333,1835.0,1845.0,1855.75,1863.8,1828.35,6.0,1.1884270676976565,60300,False,False
CASH.JK,228.0,225.33333333333334,227.2,230.0,227.0,218.56,209.48,5.719999999999999,3.317305890760347,1500200,True,True
CASA.JK,1995.0,1866.6666666666667,1841.0,1821.5,1827.0,1834.5,1653.35,34.7,3.4520649279009517,28800,False,False
CARS.JK,115.0,114.33333333333333,113.6,112.5,105.35,94.62,92.59,20.379999999999995,1.38650343144531,12179400,False,False
CARE.JK,402.0,403.3333333333333,407.6,430.0,432.5,427.72,418.9,15.25,2.9753903263958814,576700,False,False
CANI.JK,135.0,135.0,135.0,135.0,135.0,135.0,139.29,0.0,0.0,0,True,False
CAMP.JK,171.0,171.0,171.4,171.4,170.65,170.22,179.05,1.1800000000000068,0.8008601829840429,314900,True,False
CAKK.JK,159.0,158.66666666666666,159.0,158.9,152.45,143.1,146.92,15.900000000000006,0.9876741095795484,64700,False,False
BYAN.JK,12350.0,13075.0,13360.0,13625.0,14367.5,12849.0,11797.689443359375,80.7,2.345984360953995,1183100,False,False
BWPT.JK,125.0,128.0,129.0,125.3,112.55,93.7,96.09,35.3,7.474384865942131,261308700,False,False
BVIC.JK,95.0,95.33333333333333,95.0,95.3,93.9,90.62,92.96,4.713333333333324,1.3405720475413037,1789600,True,True
BUVA.JK,720.0,725.0,733.0,751.0,741.0,799.7,845.75,15.940000000000008,3.448891768393497,48605800,False,False
BUMI.JK,212.0,215.33333333333334,218.4,211.2,200.05,177.24,179.65,20.58,3.305834301456076,3243078600,False,False
BULL.JK,428.0,428.0,430.0,439.0,439.4,409.84,413.95,14.780000000000001,2.5012236654855164,261742100,False,False
BUKK.JK,970.0,970.0,981.0,985.5,996.0,1037.4,1048.1,13.480000000000018,1.2073416952155585,6000,False,False
BUKA.JK,107.0,110.0,111.4,111.6,111.8,110.8,119.69,4.799999999999997,3.138705302828653,84072700,True,False
BUDI.JK,222.0,224.0,226.4,229.6,226.9,216.4,212.04,6.599999999999994,1.4206948716223597,220400,False,False
BUAH.JK,496.0,497.3333333333333,500.4,502.7,505.85,508.04,509.6115774536133,6.02000000000001,0.5793304327955336,443500,False,False
BTPS.JK,1035.0,1050.0,1056.0,1026.5,1005.75,1002.0,990.3096350097657,10.8,1.9987515353888003,2657600,False,False
BTPN.JK,2350.0,2400.0,2406.0,2383.0,2282.0,2227.6,2192.335819091797,17.84000000000001,3.0304379877595395,9800,False,False
BTON.JK,358.0,362.0,362.0,363.4,363.2,359.24,363.4,2.6999999999999886,1.1386120747993942,30300,True,False
BTEK.JK,12.0,11.333333333333334,11.0,10.4,10.45,10.62,11.22,1.5999999999999996,6.37084728534202,230281600,False,False
BSSR.JK,4930.0,4936.666666666667,4918.0,4858.0,4655.5,4403.0,4027.4309326171874,53.366666666666696,2.0575034258730978,1026000,False,False
BSML.JK,535.0,531.6666666666666,528.0,522.0,520.25,518.7,471.43,3.259999999999991,1.116690864609677,19232200,True,True
BSIM.JK,1100.0,1138.3333333333333,1143.0,1133.0,918.5,785.3,789.75,71.54,11.678901146524048,688500,False,False
BSDE.JK,645.0,641.6666666666666,648.0,653.0,639.75,599.9,636.35,10.620000000000005,1.5454117050294929,9424000,False,False
BSBK.JK,50.0,50.0,50.0,50.0,50.85,51.7,53.45,1.7000000000000028,0.0,687700,True,False
BRRC.JK,73.0,74.0,74.2,74.4,73.6,64.78,65.35,9.620000000000005,1.6706758182179402,18096500,False,False
BRPT.JK,1700.0,1721.6666666666667,1739.0,1772.0,1810.0,1775.3673999023438,1785.8467797851563,22.0,1.3172377169647853,46176900,False,False
BRNA.JK,640.0,638.3333333333334,632.0,620.0,624.0,613.9,621.3,5.220000000000004,0.5449231353224478,722300,True,False
BRMS.JK,675.0,690.0,699.0,714.0,700.0,617.3,641.95,19.34000000000001,1.2712609793004952,255646100,False,False
BRIS.JK,1720.0,1750.0,1759.0,1775.0,1779.75,1790.3,1806.4208581542969,14.059999999999992,0.8742224210387429,19549500,False,False
BREN.JK,3240.0,3280.0,3294.0,3328.0,3393.0,3394.9181298828125,3621.3828173828124,15.491812988281254,1.4310252375419286,12671000,False,False
BRAM.JK,4680.0,4640.0,4638.0,4630.0,4607.0,4555.2,4469.377224121094,12.480000000000018,1.1104593108813332,2200,False,False
BPTR.JK,76.0,75.33333333333333,75.2,75.0,75.85,73.6,75.03,2.4000000000000057,1.5399018526593498,2257600,True,True
BPII.JK,478.0,476.6666666666667,475.2,479.0,483.589176940918,455.0470794677734,455.8476165771484,14.271048736572283,1.166196435006957,7600,False,False
BPFI.JK,246.0,247.33333333333334,248.0,246.8,248.0,251.56080017089843,253.25759658813476,2.780400085449216,0.6691450022853801,36800,True,False
BOLT.JK,810.0,803.3333333333334,802.0,802.5,798.25,794.1,806.7858587646484,3.1799999999999953,2.002365487535652,16700,True,False
BOLA.JK,188.0,185.33333333333334,186.0,172.6,160.55,159.02,158.82,28.97999999999999,5.001649073592716,1173500,False,False
BOGA.JK,1560.0,1603.3333333333333,1604.0,1621.0,1603.75,1583.0,1459.75,12.2,3.7506282474936468,7300,False,False
BOBA.JK,212.0,214.0,214.8,216.0,213.3,227.44,254.04307525634766,7.719999999999999,1.4743690782333385,140600,False,False
BOAT.JK,137.0,138.33333333333334,137.8,140.8,141.55,129.5,126.12,12.050000000000011,2.1160738700353052,2543400,False,False
BNLI.JK,2140.0,2150.0,2148.0,2155.0,2153.5,2237.6,2620.9,9.759999999999991,0.6097692948834235,10900,False,False
BNII.JK,191.0,191.33333333333334,192.4,193.7,193.2,191.86,192.7935354614258,2.6999999999999886,0.4884094294498752,2409800,True,False
BNGA.JK,1730.0,1745.0,1737.0,1718.0,1696.25,1650.7,1636.7245263671875,18.859999999999992,0.8961647210709893,2409900,False,False
BNBR.JK,95.0,96.0,97.4,98.7,99.6,98.14936157226562,114.70768531799317,4.599999999999994,1.5217924678871735,985393700,True,False
BNBA.JK,785.0,805.0,803.0,793.0,759.75,748.9,741.8,11.220000000000004,4.050362760494346,1289100,False,False
BMTR.JK,117.0,116.66666666666667,116.6,116.2,115.7,115.66,125.83,1.3400000000000034,2.413449886440456,58211600,True,False
BMSR.JK,322.0,319.3333333333333,318.4,316.6,313.4,308.36,306.94,6.819999999999993,1.2392665385801787,551100,False,False
BMRI.JK,4360.0,4373.333333333333,4388.0,4373.0,4279.0,4227.8,4181.829575195313,16.019999999999982,1.2178184383866995,126557800,False,False
BMHS.JK,200.0,200.0,200.8,197.2,193.45,186.22,184.02367385864258,14.580000000000013,1.233530164465567,2404400,False,False
BMBL.JK,30.0,31.333333333333332,30.4,28.8,28.8,30.62,32.49,2.5333333333333314,6.032612065378398,6532500,False,False
BMAS.JK,520.0,525.0,530.0,519.0,510.65,493.82,492.19,7.2360000000000015,4.950270081911042,272000,False,False
BLUE.JK,2980.0,2956.6666666666665,2996.0,2929.0,2754.0,2748.4,2956.2106689453126,24.75999999999999,6.469185631180306,282000,False,False
BLTA.JK,32.0,32.666666666666664,32.6,32.8,32.7,33.0,35.05,1.0,2.239893569957524,3250000,True,False
BLOG.JK,364.0,366.6666666666667,371.2,376.2,379.3,368.52,357.590517578125,7.650000000000006,1.0132145610868364,1052600,False,False
BLES.JK,212.0,207.33333333333334,201.0,199.9,203.65,182.32,164.73123748779298,14.840000000000003,2.8647798886697435,14954200,False,False
BKSW.JK,54.0,54.333333333333336,54.6,54.4,53.2,52.56,53.6,2.039999999999999,2.1743087167137634,1751300,True,True
BKSL.JK,71.0,72.0,73.0,74.3,75.0,70.78,76.33,4.219999999999999,1.3984149522627856,95369000,True,False
BKDP.JK,170.0,178.33333333333334,180.4,164.5,165.95,155.48,132.07,24.920000000000016,9.202773692097967,39912200,False,False
BJTM.JK,520.0,525.0,527.0,527.5,522.75,518.7,519.1544525146485,1.759999999999991,0.776427999181618,9111200,True,True
BJBR.JK,795.0,796.6666666666666,799.0,798.0,793.75,784.6,778.2999725341797,2.8799999999999955,0.4621346171833982,1653900,True,True
BISI.JK,720.0,726.6666666666666,730.0,729.0,711.5,677.3,692.1696459960938,10.54000000000001,0.9750542071076295,163000,False,False
BIRD.JK,1600.0,1613.3333333333333,1617.0,1622.5,1630.25,1608.5,1518.4016149902343,6.05,0.4645140233769616,1006700,False,False
BIPP.JK,67.0,68.33333333333333,69.0,68.1,67.75,66.48,67.61,2.519999999999996,1.7033999445219679,12556400,True,False
BIPI.JK,146.0,151.0,149.6,149.0,148.65,145.08,167.7,5.9199999999999875,3.089424474003676,483955100,True,False
BINO.JK,120.0,119.66666666666667,119.8,119.0,116.7,109.74,108.57,10.260000000000005,0.9153526907880473,543700,False,False
BINA.JK,4130.0,4143.333333333333,4158.0,4193.0,4172.0,4084.2,4012.8,10.880000000000019,3.050846391994188,270700,False,False
BIKE.JK,920.0,956.6666666666666,922.0,842.0,716.9,592.76,552.18,72.78133333333332,8.599073442589752,299400,False,False
BHIT.JK,26.0,26.333333333333332,26.0,25.7,25.5,25.66,27.64,0.8333333333333321,2.856909825412374,5225300,True,False
BHAT.JK,1770.0,1770.0,1770.0,1770.0,1770.0,1770.0,1535.7,0.0,0.0,0,True,False
BGTG.JK,120.0,120.66666666666667,121.0,121.6,116.3,112.92,113.62,8.679999999999993,2.421040453992014,4488700,False,False
BFIN.JK,1005.0,1008.3333333333334,1012.0,983.5,937.75,872.8,793.8716339111328,27.84000000000001,3.05518544554856,15006800,False,False
BEST.JK,128.0,130.33333333333334,132.6,134.5,127.3,112.82,107.77,21.680000000000007,4.204927916063379,48679300,False,False
BESS.JK,930.0,920.0,914.0,907.0,908.0,907.9,967.0810662841797,4.6,1.6380800870373686,6700,True,False
BELL.JK,110.0,113.0,113.2,113.7,113.9,113.94,116.55,3.9399999999999977,1.7029067535210658,27160600,True,False
BELI.JK,296.0,299.3333333333333,311.6,325.8,294.3,274.04,302.64,25.879999999999995,12.505077426538591,1168500,False,False
BEKS.JK,24.0,23.666666666666668,23.4,23.3,23.25,22.08,22.82,1.9200000000000017,3.1484467201329194,6455800,True,True
BEER.JK,79.0,80.0,80.6,81.8,81.1,78.76,91.24,3.039999999999992,1.9805793578571822,15821000,True,False
BEEF.JK,452.0,442.0,442.0,445.6,452.8,377.56,275.88,37.620000000000005,1.560852861771323,11394000,False,False
BDMN.JK,4460.0,4476.666666666667,4448.0,4417.0,4342.5,4222.8,4212.2,25.386666666666677,1.8032163257279903,1076300,False,False
BDKR.JK,155.0,156.66666666666666,156.6,156.1,158.0,154.62,149.8144539642334,3.3799999999999955,1.047965175799318,3870600,True,True
BCIP.JK,62.0,62.666666666666664,62.8,62.7,63.0,62.12,64.11,1.0,0.9065575179956311,5807800,True,False
BCIC.JK,131.0,131.33333333333334,132.6,134.9,132.4,127.24,124.19,7.660000000000011,2.117357537442834,479600,False,False
BCAP.JK,50.0,50.0,50.0,50.0,50.0,50.04,50.44,0.03999999999999915,0.0,243700,True,False
BBYB.JK,250.0,254.66666666666666,258.8,263.6,257.2,248.24,257.14,7.680000000000007,2.6898670071999584,33698600,False,False
BBTN.JK,1175.0,1201.6666666666667,1218.0,1229.0,1222.25,1214.8,1246.8,10.8,1.6033196195302746,39796400,False,False
BBSS.JK,93.0,93.66666666666667,95.4,98.8,101.05,98.5,116.23,8.049999999999997,2.852238276988746,4622900,False,False
BBSI.JK,4610.0,4650.0,4660.0,4668.0,4664.5,4673.4,4633.0,6.339999999999963,0.4492324949515804,400,False,False
BBRM.JK,124.0,127.0,124.2,121.2,117.9,117.12,120.64,9.879999999999995,3.1456805535969647,5107600,False,False
BBRI.JK,3270.0,3336.6666666666665,3358.0,3361.0,3254.5,3074.4,3035.3,28.65999999999999,1.893871859688746,217303600,False,False
BBNI.JK,3750.0,3790.0,3830.0,3868.0,3765.5,3620.0,3634.5,24.8,1.202616712928633,27943800,False,False
BBMD.JK,2010.0,1998.3333333333333,1988.0,1989.0,1988.0,1974.8,1952.8582336425782,3.5200000000000045,1.4056585027832025,900,True,False
BBLD.JK,665.0,663.3333333333334,669.0,681.0,670.5,614.3,618.2595098876953,13.340000000000009,2.757674935614545,84200,False,False
BBKP.JK,52.0,53.0,53.4,54.0,54.4,53.68,55.12,2.3999999999999986,1.1715041618720647,42961500,True,False
BBHI.JK,900.0,898.3333333333334,899.0,897.0,900.0,910.1688012695313,964.8990155029297,2.6337602539062575,1.36557705074351,14404200,True,False
BBCA.JK,6325.0,6425.0,6515.0,6580.0,6467.6833984375,6345.0076953125,6139.254794921875,10.2,1.4883912221676285,187922700,False,False
BAYU.JK,1345.0,1348.3333333333333,1348.0,1350.0,1308.25,1215.4,1192.4203637695311,26.91999999999998,1.2321285115325467,280500,False,False
BAUT.JK,39.0,39.666666666666664,38.8,37.9,37.4,32.88,30.8,6.786666666666662,4.230442010631573,4662700,False,False
BATR.JK,91.0,92.33333333333333,92.6,93.2,94.35,91.7,89.14908058166503,3.3499999999999943,1.014646313126919,1563800,True,True
BATA.JK,59.0,59.0,59.0,59.0,59.0,59.0,60.79,0.0,0.0,0,True,False
BAPI.JK,23.0,23.666666666666668,22.4,20.5,19.7,18.06,19.91,5.606666666666669,5.803422986507811,5641300,False,False
BAPA.JK,128.0,133.33333333333334,135.4,142.8,144.9,199.38,217.98,71.38,4.121500438185453,9672300,False,False
BANK.JK,260.0,264.0,266.0,271.2,271.2,277.04,332.64,8.52000000000001,1.6761910955236583,4836400,False,False
BALI.JK,1425.0,1345.0,1331.0,1366.0,1308.0,1263.6,1255.8,32.280000000000015,5.838472569961231,29100,False,False
BAJA.JK,282.0,296.6666666666667,291.2,289.6,295.6,255.08,202.99,20.793333333333337,6.957354474807414,6487200,False,False
BAIK.JK,248.0,260.6666666666667,263.6,265.2,288.4,523.54,562.16,137.76999999999998,3.6062582017932563,14655600,False,False
BACA.JK,118.0,118.66666666666667,119.0,119.8,118.35,114.08,118.57,5.719999999999999,1.3900791500411582,1168700,True,False
BABY.JK,212.0,210.0,210.8,212.0,217.2,198.0,200.67,9.599999999999994,2.1899364481710313,3682400,False,False
BABP.JK,50.0,50.0,50.0,50.0,50.0,50.0,50.33,0.0,0.0,139500,True,False
AYLS.JK,150.0,154.66666666666666,156.2,155.1,154.4,154.48,154.69,6.199999999999989,2.542556157532406,1738700,False,False
AYAM.JK,478.0,482.0,486.4,486.0,479.0,429.52,380.04,28.439999999999998,1.3571942188623167,14742900,False,False
AXIO.JK,115.0,116.0,116.0,115.9,115.1,113.08,110.5665355682373,2.9200000000000017,1.1818866037151674,450000,True,False
AWAN.JK,161.0,162.0,164.2,167.2,165.7,156.88,152.35,10.319999999999993,1.9051757620572287,157400,False,False
AVIA.JK,352.0,358.6666666666667,362.8,366.0,357.5,337.72,341.74,14.139999999999986,2.159931702634009,11170400,False,False
AUTO.JK,3300.0,3313.3333333333335,3328.0,3357.0,3218.0,2871.6,2690.957819824219,48.540000000000006,0.8583703976530836,1853800,False,False
ATLA.JK,50.0,50.0,50.0,50.0,50.0,50.04,50.41846874237061,0.03999999999999915,0.0,173700,True,False
ATIC.JK,466.0,466.6666666666667,467.2,466.0,465.7,470.24,486.11,2.2700000000000102,1.1938714739273637,60100,True,False
ATAP.JK,565.0,563.3333333333334,560.0,557.5,572.0,552.98,498.25,3.8039999999999963,2.1218937045855384,1126800,True,True
ASSA.JK,610.0,620.0,633.0,636.0,633.75,619.5,644.1234375,5.2,1.6990870007107115,15178000,True,False
ASRM.JK,286.0,285.3333333333333,284.0,281.2,277.0,266.96,264.97766754150393,9.52000000000001,0.6118252268942812,55600,False,False
ASRI.JK,125.0,127.0,127.2,127.3,126.25,122.08,120.17789436340333,5.219999999999999,1.813437776351468,9327100,True,True
ASPR.JK,140.0,143.0,144.2,147.7,152.1,150.46,200.3936166381836,12.099999999999994,1.2193109231230173,10164300,False,False
ASPI.JK,490.0,490.6666666666667,476.2,445.7,418.15,429.64,408.85,36.258333333333354,8.320763157666494,2043800,False,False
ASMI.JK,15.0,16.0,15.8,15.5,15.75,16.42,16.59,1.4200000000000017,6.10884629414137,35397300,False,False
ASLI.JK,416.0,413.3333333333333,406.8,377.8,305.85,241.02,256.95,87.49,8.210781583330915,79827500,False,False
ASLC.JK,67.0,67.33333333333333,67.6,67.9,66.1,63.98,66.0,3.920000000000009,2.2778621330359177,6106500,True,True
ASJT.JK,160.0,161.33333333333334,161.4,161.8,160.5,159.46,165.13511184692382,2.3400000000000034,0.8288475114726412,198200,True,False
ASII.JK,4910.0,4876.666666666667,4894.0,4898.0,4840.0,4915.6,5097.917241210937,7.560000000000036,2.098147594319017,42109400,False,False
ASHA.JK,57.0,58.333333333333336,58.0,58.0,58.4,57.78,61.75,1.3999999999999986,1.9748328508776498,27820000,True,False
ASGR.JK,2110.0,2136.6666666666665,2148.0,2175.0,2026.75,1902.1,1721.2691967773437,27.29000000000001,2.9146992517930803,836500,False,False
ASDM.JK,520.0,516.6666666666666,516.0,517.0,513.5,512.1737860107422,506.1308303833008,1.5652427978515562,1.1328174986514814,1100,True,False
ASBI.JK,400.0,400.0,400.8,401.0,406.5,415.32,410.3302575683594,7.659999999999997,1.519274277773923,9900,False,False
ARTO.JK,1015.0,1008.3333333333334,1014.0,1015.0,1042.0,1145.8,1134.45,27.493333333333318,2.2198904288648147,18432300,False,False
ARTA.JK,2240.0,2303.3333333333335,2310.0,2294.0,2285.5,2405.0,2422.45,16.5,2.0941131958327044,100,False,False
ARNA.JK,510.0,513.3333333333334,512.0,508.8,500.1,487.32,472.11,5.202666666666675,0.8093161317314572,4935300,True,True
ARKO.JK,4590.0,4690.0,4734.0,4788.0,4999.0,4905.2,5973.85,40.9,1.477647690781736,1962600,False,False
ARKA.JK,22.0,22.0,22.0,22.0,22.0,22.0,25.19,0.0,0.0,0,True,False
ARII.JK,302.0,304.0,306.8,303.0,295.7,282.68,282.72,12.060000000000002,1.2981040873524403,211600,False,False
ARGO.JK,1165.0,1171.6666666666667,1171.0,1168.5,1158.75,1120.0,1018.15,10.333333333333348,0.8243415670325618,102400,False,False
AREA.JK,330.0,334.0,336.4,338.4,318.9,286.56,274.86,25.919999999999987,2.242596836687877,3723400,False,False
ARCI.JK,1315.0,1326.6666666666667,1321.0,1320.0,1333.0,1179.0,1205.7466516113282,30.8,2.557661399483515,27087900,False,False
APLN.JK,127.0,128.66666666666666,131.0,133.7,135.15,130.16,140.82,8.150000000000006,1.5689988432339435,18614500,False,False
APLI.JK,272.0,278.0,276.4,276.2,271.7,257.8,244.97540725708006,10.099999999999994,1.8920913644577597,1935500,False,False
APII.JK,192.0,192.33333333333334,192.2,192.0,190.65,187.02,184.02593383789062,5.313333333333333,0.3845988246698334,13900,True,False
APIC.JK,448.0,485.3333333333333,495.2,502.6,518.05,596.22,879.11,74.11000000000001,3.4812089893494056,60202700,False,False
APEX.JK,204.0,206.0,205.6,202.5,193.9,166.98,159.93,19.510000000000005,2.3209819877510083,72551100,False,False
ANTM.JK,3270.0,3246.6666666666665,3180.0,3138.0,3138.5,3044.4,3037.789140625,22.55999999999999,2.1992510865259436,135708200,False,False
ANJT.JK,1595.0,1600.0,1598.0,1598.5,1577.0,1510.6,1571.1,17.880000000000017,0.6412475829097968,62300,False,False
ANDI.JK,21.0,22.0,21.6,19.4,18.25,17.88,19.11,4.120000000000001,5.532065259107294,11601600,False,False
AMRT.JK,1255.0,1288.3333333333333,1298.0,1310.5,1345.25,1362.6,1357.0194299316406,21.519999999999982,1.4700083595890674,29331500,False,False
AMOR.JK,368.0,370.6666666666667,371.6,364.8,360.9,349.6,344.52,11.0,1.2151673007864527,422100,False,False
AMMS.JK,224.0,219.33333333333334,221.6,218.8,203.8,248.32,307.18,22.25999999999999,5.297833533909699,343300,False,False
AMMN.JK,4860.0,4860.0,4732.0,4544.0,4451.0,4152.0,4029.7,70.8,2.966252641856395,89519400,False,False
AMIN.JK,238.0,241.33333333333334,242.0,242.2,241.7,243.12,247.86,2.5600000000000023,1.4464169740010495,33400,True,False
AMFG.JK,3280.0,3313.3333333333335,3320.0,3325.0,3327.5,3241.620849609375,3134.9970947265624,8.5879150390625,0.47481646549074746,8200,False,False
AMAR.JK,230.0,232.0,232.8,234.0,230.3,216.65183624267578,201.6201123046875,8.674081878662108,0.7857902743284921,117000,False,False
AMAN.JK,226.0,228.0,229.6,228.6,231.5,247.04,253.2,10.519999999999996,1.986458507346064,230400,False,False
AMAG.JK,388.0,388.0,388.4,389.0,389.2,389.0,393.3990139770508,0.5999999999999943,0.29167042642255225,175400,True,False
ALKA.JK,4980.0,4830.0,4472.0,4423.0,4232.5,2492.7,1532.17,248.73000000000002,6.9080013128668165,143100,False,False
ALII.JK,795.0,793.3333333333334,789.0,784.0,792.25,765.4,801.397338256836,5.920000000000004,1.6811328731736273,517000,True,False
ALDO.JK,950.0,945.0,943.0,945.0,930.5,833.89,750.603051147461,23.222,1.3961149220566964,115900,False,False
AKSI.JK,340.0,315.3333333333333,303.2,285.2,259.4,238.8,245.38,50.599999999999994,10.97741612509692,6559400,False,False
AKRA.JK,1520.0,1530.0,1513.0,1460.0,1424.25,1381.848134765625,1342.159656982422,29.630373046875,3.3595864157686983,20265100,False,False
AKPI.JK,535.0,535.0,534.0,530.5,517.7,504.88,505.0496768188477,6.024000000000001,1.8255557672658038,205800,False,False
AKKU.JK,38.0,38.0,38.0,38.0,38.0,38.0,38.0,0.0,0.0,0,True,False
AISA.JK,116.0,116.33333333333333,116.8,118.1,118.6,114.3,112.52,4.299999999999997,0.9302093181572629,5428200,True,True
AIMS.JK,490.0,495.3333333333333,502.2,497.0,440.1,411.16,411.68,45.51999999999998,8.81042849647731,286200,False,False
AHAP.JK,98.0,99.0,100.0,100.7,100.35,96.26,94.81,4.439999999999998,2.7591829808277257,14084400,True,True
AGRS.JK,61.0,61.0,61.8,62.2,61.55,61.2,63.07,1.2000000000000028,2.2756352590082547,4451700,True,False
AGRO.JK,149.0,150.0,151.8,151.8,150.3,147.58,156.18,4.219999999999999,1.4662731092102481,6294600,True,False
AGII.JK,3130.0,3093.3333333333335,3052.0,3027.0,2948.0,2949.8,2882.803747558594,18.2,2.727972500531663,161200,False,False
AGAR.JK,1935.0,1765.0,1615.0,1660.5,1725.0,1076.54,652.37,171.692,8.671788726588357,606900,False,False
AEGS.JK,50.0,50.333333333333336,49.6,48.0,45.7,42.98,44.51,7.353333333333339,3.4757946071591426,1440200,False,False
ADRO.JK,2640.0,2666.6666666666665,2678.0,2712.0,2648.5,2538.4,2443.9949755859375,17.359999999999992,3.006976932840857,28561800,False,False
ADMR.JK,1600.0,1640.0,1640.0,1654.5,1663.25,1571.2,1592.9895849609375,18.40999999999999,2.944277537398536,37923600,False,False
ADMG.JK,260.0,267.3333333333333,269.6,267.6,262.1,237.86,220.28,15.870000000000005,3.778981565028051,389800,False,False
ADMF.JK,8675.0,8700.0,8705.0,8715.0,8701.25,8489.0,8415.75,9.04,0.1815088375201144,20000,False,False
ADHI.JK,133.0,133.0,133.0,133.0,135.0,148.26,161.53,15.259999999999991,0.0,0,False,False
ADES.JK,32000.0,31533.333333333332,31530.0,31767.5,32240.0,33569.0,28415.75,81.56,0.8803283130245525,5600,False,False
ADCP.JK,50.0,50.0,50.0,50.0,50.0,50.0,50.17,0.0,0.0,0,True,False
ACST.JK,115.0,119.66666666666667,112.8,100.9,93.25,86.7,85.76,32.96666666666667,5.606875185994251,1713500,False,False
ACRO.JK,65.0,66.0,66.6,66.3,64.8,62.54,62.9578910446167,4.059999999999995,2.1488174052999813,5125400,True,True
ACES.JK,352.0,352.6666666666667,354.4,354.6,356.3,352.72,341.82523681640623,2.1500000000000057,0.8523742817724855,17178500,True,True
ABMM.JK,2840.0,2886.6666666666665,2888.0,2845.0,2769.0,2596.2,2581.9399877929686,29.180000000000017,1.5510921004617733,1277000,False,False
ABDA.JK,4970.0,5056.666666666667,4920.0,4495.0,4153.5,3751.4,3515.5,130.5266666666667,4.614180965234959,10400,False,False
ABBA.JK,30.0,30.0,30.0,30.0,30.0,30.0,33.42,0.0,0.0,0,True,False
AALI.JK,8600.0,8541.666666666666,8505.0,8447.5,8155.0,7245.5,7092.159638671875,54.18,2.0077427117278983,2300800,False,False
AADI.JK,12225.0,12316.666666666666,12080.0,11517.5,10670.0,9512.5,9054.188837890624,112.16666666666664,3.0462081656914264,10693500,False,False
