Ticker,Close,MA3,MA5,MA10,MA20,MA50,MA100,Range_Ticks,Vol_Pct,Volume,MA_Tight,Signal
ZYRX.JK,130.0,130.66666666666666,129.8,130.2,128.05,128.5,132.47037246704102,2.616666666666646,1.3754580025816465,307400,True,False
ZONE.JK,710.0,753.3333333333334,755.0,736.5,733.0,642.9,499.147314453125,22.420000000000005,5.371404850347272,3302800,False,False
ZINC.JK,30.0,30.0,30.0,30.0,30.0,30.0,30.0,0.0,0.0,0,True,False
YUPI.JK,1380.0,1406.8905843098958,1413.2567626953125,1362.2060302734376,1323.341845703125,1319.2905151367188,1381.4821850585938,18.79324951171875,3.10087970662141,96600,False,False
YULE.JK,3660.0,3533.3333333333335,3516.0,3498.0,3472.5,3404.8,3371.4005908203126,25.519999999999982,1.7153658723556442,12200,False,False
YPAS.JK,1455.0,1420.0,1450.0,1444.0,1093.25,801.8,926.1,130.64000000000001,5.328829332462861,157000,False,False
YOII.JK,82.0,82.0,81.4,82.6,83.1,84.96,87.32,3.559999999999988,1.2847475078965584,5232400,True,False
YELO.JK,99.0,97.33333333333333,92.2,93.3,91.6,81.18,86.22,17.819999999999993,7.998689921864015,244966400,False,False
WTON.JK,82.0,81.0,80.6,80.9,79.0,75.46,79.46894462585449,6.540000000000006,1.6872558767329862,4514900,False,False
WSBP.JK,14.0,14.0,14.0,14.0,14.0,13.98,15.29,0.019999999999999574,0.0,0,True,False
WOWS.JK,60.0,59.666666666666664,60.2,60.5,60.4,59.04,64.11,1.4600000000000009,6.066405575199326,51764300,False,False
WOOD.JK,208.0,208.0,207.2,211.0,214.9,213.28,244.8,3.8500000000000085,2.311207414841755,1245200,True,False
WOMF.JK,278.0,276.6666666666667,277.2,278.8,272.0,258.96,272.257200012207,9.920000000000016,1.8049451793562408,1549700,False,False
WMUU.JK,50.0,50.0,50.0,51.1,53.0,51.76,58.05,3.0,1.8278510530603957,2684200,True,False
WIRG.JK,75.0,74.66666666666667,74.0,73.6,67.85,59.6,65.07,15.399999999999999,6.035242829391695,174765000,False,False
WINS.JK,560.0,546.6666666666666,534.0,526.5,518.0,521.5,517.3977615356446,8.4,1.7633075753852228,4875200,False,False
WINR.JK,20.0,20.0,20.2,21.8,22.2,21.34,24.78,2.1999999999999993,4.45595181514552,38210000,False,False
WINE.JK,130.0,130.0,128.4,130.4,134.75,144.60556976318358,155.92835479736328,16.205569763183576,3.0985977967747877,974000,False,False
WIIM.JK,1655.0,1653.3333333333333,1662.0,1699.0,1734.75,1658.9,1664.4126989746094,16.28333333333335,2.0902018135833944,603200,False,False
WIFI.JK,2130.0,2083.3333333333335,2054.0,2072.0,2013.0,1888.0763427734375,1998.5006701660157,24.192365722656245,4.1709600222047145,72137400,False,False
WIDI.JK,27.0,26.666666666666668,26.6,26.3,25.8,26.02,27.7,1.1999999999999993,4.7218047125913865,7495300,False,False
WGSH.JK,164.0,157.0,156.4,166.5,171.25,148.14,130.54,23.110000000000014,5.3399767252542,65855500,False,False
WEHA.JK,110.0,109.66666666666667,108.6,108.2,108.45,104.34,111.91000007629394,5.659999999999997,2.0610629643795386,4458900,True,False
WEGE.JK,54.0,54.0,54.4,57.3,54.2,51.68,52.77,5.619999999999997,8.811372747357122,15918200,False,False
WAPO.JK,172.0,168.66666666666666,162.6,150.6,139.65,124.64,125.8,47.36,2.7759376126507087,1444000,False,False
VTNY.JK,78.0,79.33333333333333,82.6,81.6,74.6,66.14,66.0,16.459999999999994,6.244023506310325,27375000,False,False
VRNA.JK,74.0,74.66666666666667,74.6,74.4,74.9,74.78,76.51,0.9000000000000057,1.4885242973807813,218800,True,False
VOKS.JK,226.0,226.0,223.6,227.2,225.4,209.36,212.8,8.919999999999987,2.8833689754487866,553500,False,False
VKTR.JK,930.0,951.6666666666666,918.0,908.0,869.0,731.26,772.98,44.081333333333326,5.086032563829231,66776700,False,False
VIVA.JK,48.0,48.666666666666664,49.2,52.1,52.8,41.72,40.95,11.079999999999998,5.24822842543765,47900600,False,False
VISI.JK,990.0,990.0,996.0,954.0,947.25,929.0,884.95,13.4,4.641019591000009,830400,False,False
VINS.JK,143.0,142.33333333333334,141.4,142.3,142.25,139.04,146.2,3.960000000000008,1.802625943478962,364400,True,False
VICO.JK,152.0,151.66666666666666,150.6,147.7,144.8,140.04,146.61,11.960000000000008,2.3451106331787073,55100,False,False
VICI.JK,875.0,823.3333333333334,785.0,726.0,661.5,625.4,597.7536203002929,49.92,4.3893586564186995,6377300,False,False
VERN.JK,252.0,250.66666666666666,248.4,242.2,225.9,191.1,161.56,30.450000000000003,4.062598421247263,8132700,False,False
VAST.JK,114.0,112.66666666666667,112.4,114.1,114.45,115.12,118.81,2.719999999999999,1.3584961458010776,1270300,True,False
UVCR.JK,140.0,140.66666666666666,139.8,140.6,145.35,145.68,170.7045785522461,5.8799999999999955,2.211632371137843,18936600,True,False
URBN.JK,222.0,218.0,216.8,214.2,212.8,214.1,206.8,4.599999999999994,3.354369256737597,428300,True,False
UNVR.JK,1710.0,1740.0,1749.0,1775.5,1779.75,1744.0,1680.8443359375,13.95,1.7263523845389361,18693200,False,False
UNTR.JK,25575.0,24591.666666666668,24420.0,24085.0,23862.5,24209.0,25374.0255078125,68.5,2.078651930698425,7683500,False,False
UNTD.JK,82.0,82.66666666666667,82.0,82.4,82.3,77.98,78.89,4.686666666666667,2.1903037137790125,15267000,True,True
UNSP.JK,206.0,206.0,206.0,206.0,206.0,206.44,259.36,0.21999999999999886,0.0,0,True,False
UNIQ.JK,124.0,119.66666666666667,118.2,117.4,115.85,109.58,113.46,14.420000000000002,1.9155817588848514,3636300,False,False
UNIC.JK,15000.0,15016.666666666666,15010.0,15080.0,15112.5,13634.0,12720.85181640625,59.14,0.5090232376306948,52400,False,False
ULTJ.JK,1500.0,1493.3333333333333,1489.0,1495.0,1498.25,1425.7,1474.15,14.85999999999999,0.9741911746284008,1338300,False,False
UFOE.JK,147.0,144.66666666666666,143.2,142.9,141.2,138.12,141.68,8.879999999999995,1.0954947473941137,399000,False,False
UDNG.JK,1290.0,1435.0,1428.0,1380.0,1319.25,1297.4,1225.85,29.0,6.222835457673329,3343100,False,False
UCID.JK,510.0,502.0,501.8,477.5,455.55,407.69898376464846,396.70437194824217,20.460203247070307,2.2160109462225637,2616900,False,False
UANG.JK,2500.0,2490.0,2470.0,2460.0,2449.5,2358.5,2743.5,14.15,2.1677529761493046,189700,False,False
TYRE.JK,113.0,113.0,112.6,112.7,113.5,112.28,112.17,1.2199999999999989,0.7725460721328522,1404000,True,True
TUGU.JK,1370.0,1368.3333333333333,1351.0,1368.0,1312.0,1251.5,1200.3470715332032,23.7,2.273212997171704,964700,False,False
TSPC.JK,2750.0,2750.0,2736.0,2744.0,2781.5,2653.4,2541.6,12.809999999999992,1.1499497949844775,1007700,False,False
TRUS.JK,432.0,437.3333333333333,436.8,440.2,423.2,417.2426452636719,357.8882666015625,11.478677368164057,7.153187727172915,76100,False,False
TRUK.JK,850.0,838.3333333333334,818.0,772.0,729.0,542.2,498.83,61.55999999999999,8.61626022105053,863700,False,False
TRUE.JK,50.0,50.0,50.0,50.0,50.0,50.52,87.95,0.5200000000000031,0.0,0,True,False
TRST.JK,464.0,464.0,466.8,463.0,459.4,468.7449981689453,466.0537448120117,4.672499084472662,1.2446710026834837,55000,True,False
TRON.JK,99.0,99.0,98.2,100.2,102.15,102.24,111.58,4.039999999999992,3.72273482919391,8595300,True,False
TRJA.JK,130.0,126.33333333333333,125.2,123.4,118.0,113.0,119.88,17.0,1.9034653708470444,6043100,False,False
TRIS.JK,177.0,176.33333333333334,174.6,173.8,171.95,167.14,169.23348602294922,9.860000000000014,1.2685743719950742,845800,False,False
TRIN.JK,348.0,340.6666666666667,334.8,334.8,323.9,332.44,467.59,12.050000000000011,6.237788287045378,21111100,False,False
TRIM.JK,640.0,633.3333333333334,620.0,612.5,606.5,580.0713317871093,560.174683227539,11.985733642578134,1.7680270073289877,153200,False,False
TRGU.JK,175.0,173.66666666666666,174.2,172.0,169.3,167.28,174.42,7.719999999999999,1.740728622354817,113400,False,False
TPMA.JK,464.0,463.3333333333333,461.6,460.2,461.1,448.96,479.76,7.52000000000001,0.8330542360903281,1428900,False,False
TPIA.JK,2000.0,1973.3333333333333,1948.0,1964.0,2031.5,1980.1,2967.44125,16.7,3.0152263081627693,226101300,False,False
TOWR.JK,452.0,454.0,461.2,446.8,422.1,399.84,414.4785186767578,30.680000000000007,3.316917916254853,65769900,False,False
TOTO.JK,236.0,235.33333333333334,234.8,234.6,233.7,236.44,239.91143768310548,1.3700000000000045,0.4836110434034584,357000,True,False
TOTL.JK,1470.0,1496.6666666666667,1516.0,1473.5,1394.0,1192.6,1127.0464056396484,64.68000000000002,3.680322855712555,4927700,False,False
TOSK.JK,74.0,73.66666666666667,73.2,73.1,71.45,66.32,63.53,7.680000000000007,1.3138238377451328,11369200,False,False
TOOL.JK,67.0,66.33333333333333,66.0,66.4,66.7,65.56,67.71,1.4399999999999977,1.7499881835570965,6353000,True,False
TOBA.JK,610.0,611.6666666666666,594.0,566.0,535.75,467.9,491.8778265380859,28.75333333333333,5.062311845133288,18481400,False,False
TNCA.JK,166.0,163.33333333333334,161.6,160.4,162.05,149.86,162.33,16.139999999999986,1.4126351549274492,827800,False,False
TMPO.JK,174.0,191.33333333333334,215.6,195.5,178.25,133.82,127.1,81.78,14.629517991209292,65985500,False,False
TMAS.JK,140.0,140.0,138.8,138.1,131.9,122.84,120.81647079467774,17.159999999999997,3.073878049986678,2642000,False,False
TLKM.JK,2610.0,2593.3333333333335,2598.0,2603.0,2633.0,2581.0,2656.3935034179685,5.2,0.7785173326207707,82430900,True,False
TLDN.JK,575.0,575.0,572.0,569.0,567.25,535.9,553.7022204589844,7.820000000000005,2.157709574811932,1785100,False,False
TKIM.JK,8400.0,8150.0,8025.0,7975.0,7638.75,6526.9209375,6943.6048974609375,74.9231625,2.5030915157463274,4444600,False,False
TIRT.JK,590.0,590.0,590.0,590.0,590.0,596.2,546.17,1.240000000000009,0.0,0,True,False
TIRA.JK,406.0,406.6666666666667,406.4,411.2,431.8,508.96,626.13,51.47999999999999,1.4083709640773938,108200,False,False
TINS.JK,4090.0,4053.3333333333335,4052.0,4036.0,3927.0,3667.0534228515626,3555.20482421875,42.294657714843744,1.9417619485322417,36482300,False,False
TIFA.JK,324.0,324.6666666666667,330.0,336.8,336.2,286.52,302.98000091552734,25.140000000000015,9.365405019545694,178600,False,False
TGKA.JK,5000.0,5018.333333333333,5061.0,5030.5,4990.75,4902.5,4788.513330078125,15.85,2.4823385618588714,500,False,False
TFCO.JK,850.0,870.0,884.0,886.0,839.0,747.4,706.4,27.720000000000006,5.4914364381630785,2900,False,False
TFAS.JK,185.0,186.0,185.6,185.2,186.75,188.7,201.38,3.6999999999999886,1.0981095642718093,297100,True,False
TEBE.JK,1645.0,1685.0,1701.0,1716.5,1418.5,1182.1,1172.04,106.88000000000002,10.510776989687287,6204100,False,False
TCPI.JK,2440.0,2366.6666666666665,2346.0,2461.0,3198.5,5040.464560546875,8096.62255859375,269.4464560546875,8.10096695233084,8852000,False,False
TCID.JK,2630.0,2673.3333333333335,2666.0,2675.0,2691.5,2738.4,2789.9,10.840000000000009,1.744667830573398,36900,False,False
TBMS.JK,1230.0,1230.0,1227.0,1218.0,1206.0,1208.6198046875,1239.2516564941407,4.8,1.7988604317626649,9400,True,False
TBLA.JK,625.0,623.3333333333334,623.0,626.5,624.5,624.6499975585938,620.9117556762695,0.7,0.9556426886560646,4758900,True,True
TBIG.JK,1480.0,1475.0,1478.0,1455.0,1426.25,1421.1,1473.9237438964844,11.780000000000019,1.9588130117843974,586300,False,False
TAYS.JK,50.0,50.0,50.0,50.0,50.0,50.0,53.78,0.0,0.0,0,True,False
TAXI.JK,13.0,13.333333333333334,13.2,13.9,14.25,13.28,14.54,1.25,5.504225584405325,31705700,False,False
TARA.JK,29.0,29.0,28.8,29.4,29.7,29.78,30.07,0.9800000000000004,3.1047547953750887,359100,True,False
TAPG.JK,2330.0,2150.0,2090.0,1992.5,1883.6685485839844,1673.570791015625,1629.1950891113281,65.6429208984375,3.751033741877906,51825100,False,False
TAMU.JK,27.0,26.0,25.8,25.3,24.65,21.46,23.46,5.539999999999999,6.348162816715221,17254600,False,False
TAMA.JK,220.0,221.33333333333334,224.4,244.6,245.4,204.28,191.24,20.560000000000002,5.726960347383471,11319500,False,False
TALF.JK,705.0,705.0,712.0,721.5,819.25,694.6796472167969,694.59666015625,24.914070556640628,4.1242862362853145,325700,False,False
SWID.JK,121.0,117.66666666666667,118.0,117.4,111.3,100.63169799804687,100.51456977844238,20.368302001953126,4.363387593935776,10265200,False,False
SURI.JK,81.0,80.33333333333333,80.2,79.8,76.55,69.74,70.5,11.260000000000005,1.036732036033234,2815500,False,False
SURE.JK,2630.0,2620.0,2612.0,2645.0,2684.0,2758.8,2741.1,14.680000000000017,1.2939423103534673,16900,False,False
SUPA.JK,525.0,523.3333333333334,520.0,527.5,554.0,563.4,690.25,8.679999999999996,2.250729316066644,18921900,False,False
SUNI.JK,715.0,713.3333333333334,713.0,715.5,717.5,666.9001513671875,655.658451538086,10.119969726562498,0.7366450635657755,562000,False,False
SULI.JK,91.0,92.33333333333333,90.8,91.6,93.0,86.2,90.01,6.799999999999997,3.326194608411314,36345800,False,False
STTP.JK,9475.0,9425.0,9430.0,9440.0,9575.0,9758.5,9784.5,13.34,0.5959651647746579,700,False,False
STRK.JK,70.0,70.33333333333333,69.4,66.1,63.45,66.34,81.97,6.883333333333326,2.745470315383939,8088800,False,False
STAR.JK,402.0,404.0,406.8,416.4,377.3,319.56,415.38,48.41999999999999,3.7816926913037348,85800,False,False
STAA.JK,1245.0,1211.6666666666667,1193.0,1159.5,1120.25,1067.5,1067.1744787597656,35.5,1.691537931587267,9182000,False,False
SSTM.JK,488.0,496.0,453.2,428.0,423.2,405.24,484.8,45.379999999999995,8.780424397155894,707300,False,False
SSMS.JK,930.0,923.3333333333334,913.0,910.5,921.25,879.2,970.4782336425782,10.159999999999991,2.4042129529480722,14199300,False,False
SSIA.JK,1910.0,1905.0,1874.0,1826.0,1747.25,1650.371044921875,1635.9962963867188,51.92579101562501,3.4118624233529946,24286300,False,False
SRTG.JK,1840.0,1876.6666666666667,1897.0,1900.5,1846.5,1712.8,1641.615545654297,37.540000000000006,2.108804815112983,7302900,False,False
SRSN.JK,93.0,88.0,81.0,76.2,73.65,69.6,67.93,23.400000000000006,10.091386917623039,449812600,False,False
SRAJ.JK,14050.0,14050.0,14045.0,14190.0,13675.0,12099.0,12839.0,83.64,5.594249701135336,4700,False,False
SQMI.JK,85.0,71.66666666666667,67.6,64.3,64.1,59.04,54.29,25.96,11.663755671324424,786285000,False,False
SPTO.JK,620.0,618.3333333333334,616.0,614.0,608.5,590.4,577.2504357910157,5.920000000000004,0.942516883212311,378700,True,False
SPRE.JK,92.0,91.0,90.8,90.7,89.55,85.7,84.61,6.299999999999997,3.066999116572051,1781400,False,False
SPMA.JK,168.0,167.66666666666666,166.4,165.7,164.9,164.8492303466797,163.08615341186524,3.1507696533203102,0.7952202740363876,1034300,True,True
SOUL.JK,37.0,37.0,37.0,37.0,37.0,37.26,41.76,0.259999999999998,0.0,0,True,False
SOTS.JK,630.0,621.6666666666666,622.0,634.5,631.25,614.8,743.9,3.9400000000000093,2.212525407733965,386900,True,False
SOSS.JK,840.0,840.0,840.0,840.0,850.5,860.0,843.85,4.0,0.0,100,True,False
SONA.JK,2520.0,2480.0,2476.0,2523.0,2552.5,2393.2439892578127,2265.3956079101563,15.92560107421873,6.67198288446521,12600,False,False
SOLA.JK,92.0,91.66666666666667,91.2,91.4,91.45,98.42,107.36,7.219999999999999,2.0707586386505787,4473400,False,False
SOHO.JK,1210.0,1200.0,1198.0,1194.5,1190.75,1173.2,1409.55,7.3599999999999905,0.8847102248524669,84000,False,False
SOFA.JK,370.0,371.3333333333333,359.6,341.6,294.6,248.92,313.22,61.20666666666666,6.381485371233397,4118100,False,False
SOCI.JK,570.0,570.0,556.0,551.5,518.7,422.43277465820313,424.46167724609376,29.513445068359374,4.688037513885145,15315300,False,False
SNLK.JK,230.0,226.66666666666666,226.4,228.6,227.8,224.56,232.96,2.719999999999999,1.7602162463538937,15068400,True,False
SMSM.JK,1715.0,1715.0,1712.0,1725.5,1727.1938232421876,1682.18876953125,1694.987557373047,9.001010742187509,0.7801951718715856,4367500,False,False
SMRA.JK,322.0,317.3333333333333,315.2,322.0,323.8,307.74,305.1703379821777,8.030000000000001,1.7426115290258453,25482600,False,False
SMMT.JK,1995.0,1988.3333333333333,2007.0,1965.5,1915.0,1855.0,1883.65,30.4,2.7420800574386863,213900,False,False
SMMA.JK,20075.0,20075.0,20055.0,20090.0,20108.75,20724.0,19030.0,26.76,0.3515987224773902,400,False,False
SMLE.JK,177.0,173.33333333333334,168.2,165.9,167.7,141.46,128.45,35.53999999999999,5.36677305454859,28414200,False,False
SMKM.JK,111.0,110.33333333333333,111.0,106.4,93.15,76.88,81.48,34.120000000000005,4.371919312906041,1153900,False,False
SMKL.JK,147.0,146.33333333333334,146.4,146.6,147.15,142.12,145.79204696655273,5.030000000000001,0.8902747373473829,1745900,True,True
SMIL.JK,412.0,412.0,409.6,397.2,397.7,350.08,311.14,30.960000000000008,2.3857527527780995,24072500,False,False
SMGR.JK,1730.0,1570.0,1541.0,1539.5,1550.75,1496.6,1722.3784057617188,46.68000000000002,5.79763849077543,135860100,False,False
SMGA.JK,88.0,83.66666666666667,81.6,81.5,77.6,71.64,76.47,16.36,4.425982017953972,94371200,False,False
SMDR.JK,324.0,318.6666666666667,315.2,312.8,307.7782470703125,290.68294616699217,299.18910385131835,16.658526916503916,1.2290687210990883,14448900,False,False
SMDM.JK,550.0,546.6666666666666,545.0,547.0,554.75,564.0,566.66,3.8,1.6905346496005673,37700,True,False
SMBR.JK,192.0,172.66666666666666,168.2,168.1,167.55,160.18,173.51978591918945,31.819999999999993,5.967456370270349,158265200,False,False
SMAR.JK,6650.0,6366.666666666667,6205.0,5990.0,5850.0,5441.2,5302.2769775390625,48.352000000000004,2.249723961331313,248800,False,False
SLIS.JK,93.0,90.66666666666667,90.2,94.3,86.15,70.78,74.28,23.519999999999996,4.9359718532093595,31329800,False,False
SKRN.JK,386.0,383.3333333333333,386.4,387.0,394.9,383.44,402.4465676879883,5.783333333333331,1.4583193192483583,97100,True,False
SKLT.JK,212.0,212.0,212.8,211.2,206.8,194.7,198.3871435546875,9.050000000000011,1.2239293791969217,118300,False,False
SKBM.JK,540.0,540.0,539.0,538.0,538.25,543.7,571.84,1.140000000000009,0.6867301783756657,276400,True,False
SIPD.JK,945.0,938.3333333333334,901.0,833.0,760.0,718.3,800.15,45.34000000000001,6.169704300895616,19200,False,False
SINI.JK,12500.0,10925.0,10005.0,8862.5,7995.0,7547.37259765625,9963.436298828125,198.10509609375,6.109848162389999,31735100,False,False
SIMP.JK,630.0,621.6666666666666,613.0,610.5,602.75,568.4425439453125,599.0881024169922,12.311491210937493,2.1375534777592775,9684700,False,False
SILO.JK,2130.0,2143.3333333333335,2168.0,2227.0,2283.0,2201.5,2313.05,15.3,2.2033777242793304,236600,False,False
SIDO.JK,358.0,354.0,352.0,350.8,351.8,364.76,403.2970874023438,6.97999999999999,0.9429914833983699,51117800,False,False
SICO.JK,114.0,114.33333333333333,115.4,112.3,110.5,107.84,112.51969245910645,7.560000000000002,2.3561066896408587,3691700,False,False
SHIP.JK,2300.0,2370.0,2304.0,2272.0,2233.0,1939.6,2265.196931152344,43.040000000000006,5.060027088664657,112700,False,False
SHID.JK,540.0,546.6666666666666,542.0,544.0,572.25,582.0,654.2,8.4,2.2798167201236614,131400,False,False
SGRO.JK,4900.0,4823.333333333333,4802.0,4796.0,4563.0,3622.683818359375,3564.509543457031,127.7316181640625,1.0336040744381831,185700,False,False
SGER.JK,655.0,616.6666666666666,591.0,550.0,513.6,457.08,406.84,39.584,3.8888031290020884,197604300,False,False
SFAN.JK,2050.0,2040.0,2036.0,2030.0,2008.75,1983.3,1966.25,6.670000000000004,0.2550255015210581,49100,False,False
SEMA.JK,113.0,112.66666666666667,112.2,106.2,102.6,97.32,101.82,15.680000000000007,2.227149766200591,1863700,False,False
SDRA.JK,224.0,223.33333333333334,222.0,220.0,221.5,214.48,228.72,4.760000000000005,1.2434198936632679,979900,True,False
SDPC.JK,200.0,200.0,196.6,192.9,188.75,184.26,183.58272827148437,15.740000000000009,1.791663370236742,664600,False,False
SDMU.JK,89.0,91.66666666666667,90.0,87.4,84.1,82.54,84.93,9.126666666666665,8.21148497457638,30415000,False,False
SCNP.JK,155.0,154.66666666666666,152.8,150.7,152.05,151.54,153.4206285095215,4.300000000000011,1.1856561694494827,205800,True,False
SCMA.JK,204.0,202.0,202.8,207.2,204.55,204.86,218.52110885620118,2.5999999999999943,2.7023303819831157,32216700,True,False
SCCO.JK,2350.0,2346.6666666666665,2348.0,2345.0,2325.5,2278.0,2265.079775390625,7.2,1.1844552837830946,36200,False,False
SBMA.JK,108.0,108.0,108.0,108.1,107.85,107.64,111.09,0.45999999999999375,1.4073852471110462,2426900,True,False
SATU.JK,244.0,244.66666666666666,242.8,248.6,254.3,264.76,264.3,10.97999999999999,1.7770247843314835,209800,False,False
SAPX.JK,216.0,216.66666666666666,215.6,215.8,215.5,213.22,222.24,1.7233333333333292,1.731002691559181,138600,True,False
SAMF.JK,312.0,298.6666666666667,294.8,290.0,284.6,280.44158630371095,289.1653788757324,15.779206848144526,2.6624958572388926,1199400,False,False
SAME.JK,336.0,321.3333333333333,313.6,302.2,299.8,313.32,318.94,18.099999999999994,1.942727836743732,2688500,False,False
SAGE.JK,29.0,29.0,28.6,29.4,30.9,29.92,29.84,2.299999999999997,3.0779057083495625,1586800,True,False
SAFE.JK,875.0,758.3333333333334,713.0,565.1,480.95,402.54,371.99,94.49199999999999,11.987663426497852,1586400,False,False
RUNS.JK,62.0,62.0,62.0,62.4,62.55,66.54,73.91,4.540000000000006,0.5019488349473611,735600,True,False
RUIS.JK,214.0,207.33333333333334,204.4,205.6,205.25,197.44125,197.8721875,8.279375000000002,2.89226821781824,2512200,False,False
RSCH.JK,340.0,342.6666666666667,341.6,333.2,325.0,303.88,298.18,19.393333333333345,2.1917902581701183,17820400,False,False
ROTI.JK,585.0,585.0,585.0,584.0,585.75,598.9,605.8025701904297,2.9799999999999955,0.4046495086187569,378300,True,False
RONY.JK,1215.0,1225.0,1224.0,1233.0,1244.5,1200.8,1276.05,8.740000000000009,2.8216747381256315,7500,False,False
RODA.JK,64.0,63.333333333333336,63.8,65.7,65.55,60.96,63.85,4.740000000000002,4.35270982517068,12637800,False,False
ROCK.JK,2030.0,2030.0,2050.0,2097.0,2022.0,1880.3,2035.5,21.670000000000005,2.7866991426897143,120000,False,False
RMKO.JK,314.0,303.3333333333333,291.2,289.4,288.4,305.44,368.8,12.800000000000011,4.179865428809284,22951600,False,False
RMKE.JK,434.0,424.0,419.2,421.8,413.9,426.68,503.16393615722654,10.050000000000011,2.849507607754911,117805800,False,False
RLCO.JK,4440.0,4386.666666666667,4312.0,4373.0,4596.25,4072.2,4186.4,52.405000000000015,2.777527858541297,510300,False,False
RISE.JK,855.0,866.6666666666666,883.0,905.0,925.5,946.5,1220.1,18.3,2.696032187868582,1827000,False,False
RIGS.JK,685.0,680.0,680.0,682.0,681.5,682.4,681.1,1.0,0.8771063526515623,94800,True,False
RICY.JK,80.0,79.66666666666667,79.2,79.6,79.55,78.14,83.76,1.8599999999999994,1.2546579414833865,4589900,True,False
RGAS.JK,142.0,167.0,199.4,200.6,212.6,208.8,156.15734977722167,70.6,11.917439657325254,385331200,False,False
RELI.JK,555.0,528.3333333333334,526.0,525.5,504.35,496.32,495.14,11.736,3.6890587352552275,41700,False,False
RELF.JK,34.0,34.666666666666664,34.8,35.0,34.9,34.84,36.53,1.0,1.6079999674091086,1821200,True,False
REAL.JK,50.0,50.0,50.0,50.6,51.45,50.73879776000977,51.68676643371582,1.4500000000000028,1.5970703548227265,1023600,True,False
RDTX.JK,13775.0,13450.0,13510.0,13532.5,13572.5,13724.86349609375,14510.430966796876,13.0,1.725197488430213,1700,False,False
RCCC.JK,114.0,113.33333333333333,112.8,109.3,105.4,95.66,98.86,18.340000000000003,2.6577775792132354,652600,False,False
RBMS.JK,62.0,62.0,62.0,63.2,63.95,62.58,62.97,1.9500000000000028,3.48517022325857,7225000,True,False
RATU.JK,4390.0,4276.666666666667,4264.0,4295.0,4623.25,4880.6,5151.636274414062,61.66000000000004,3.637527188691979,14672400,False,False
RANC.JK,550.0,536.6666666666666,530.0,526.0,522.0,523.0,532.97,5.6,1.3661246564907283,181400,True,False
RALS.JK,384.0,383.3333333333333,381.6,381.2,381.1,378.44,384.655556640625,2.780000000000001,0.4600762119517611,3330500,True,False
RAJA.JK,820.0,810.0,811.0,819.0,848.5,845.1299755859375,816.0401507568359,7.7,2.6506718377283436,87738300,False,False
RAAM.JK,190.0,190.0,188.6,188.6,191.7,201.06,206.37,12.460000000000008,2.635779446079561,364800,False,False
PZZA.JK,193.0,193.33333333333334,187.8,184.0,183.0,184.06,190.04019943237304,10.333333333333343,4.247095709521022,2426800,False,False
PYFA.JK,250.0,255.33333333333334,241.2,233.8,223.0,210.68,248.48,22.326666666666668,6.674212455315545,19439700,False,False
PWON.JK,276.0,276.0,271.6,268.8,263.7,259.38,274.99201446533203,8.310000000000002,1.8176439080711217,73152600,False,False
PURI.JK,153.0,152.0,150.8,147.3,142.95,138.66,144.99,14.340000000000003,4.055838003344125,12839000,False,False
PURA.JK,32.0,31.666666666666668,31.6,32.0,32.4,31.28,32.22,1.1199999999999974,2.326788253711682,5915200,True,False
PUDP.JK,274.0,272.6666666666667,272.4,278.6,292.4,293.48,307.6180010986328,10.54000000000002,1.5334648217624174,51500,False,False
PTSP.JK,1135.0,978.3333333333334,947.0,930.0,931.25,901.9,902.45,46.620000000000005,7.951569928013634,404500,False,False
PTSN.JK,306.0,300.0,296.0,293.2,288.8,261.88,267.73751083374026,22.060000000000002,1.913542489981902,959400,False,False
PTRO.JK,5425.0,5163.333333333333,5085.0,5165.0,5088.75,4533.1,4717.6,35.67599999999999,3.5230988564182844,69283600,False,False
PTPW.JK,1170.0,1176.6666666666667,1175.0,1176.5,1182.25,1184.439716796875,1065.7736846923829,2.8879433593750035,0.5586651728337252,27100,True,False
PTPS.JK,159.0,158.0,156.4,156.5,153.55,140.98,146.99,18.02000000000001,2.041756565317544,1647400,False,False
PTPP.JK,208.0,201.33333333333334,203.2,205.2,203.45,198.62,214.66,4.689999999999998,3.08093562624392,19592800,True,False
PTMP.JK,66.0,65.33333333333333,64.4,65.1,65.2,61.44,63.34,4.560000000000002,2.7980697171509377,10917600,True,True
PTIS.JK,254.0,259.3333333333333,258.8,258.8,263.0,268.96,284.84,7.47999999999999,2.3671202527670907,321500,False,False
PTBA.JK,2670.0,2586.6666666666665,2536.0,2470.0,2412.5,2389.9098388671873,2533.4368896484375,28.00901611328127,1.975626387312696,115499100,False,False
PSSI.JK,330.0,328.0,327.6,328.2,328.9,312.6,314.0937152099609,8.699999999999989,1.3967012297422745,305700,False,False
PSKT.JK,250.0,247.33333333333334,239.6,232.4,228.6,209.68,221.43,20.159999999999997,8.34304330341706,25488100,False,False
PSGO.JK,193.0,193.33333333333334,193.6,194.4,194.8,196.46,194.20513000488282,3.460000000000008,0.9888404611105197,241700,True,False
PSDN.JK,135.0,134.33333333333334,133.2,133.2,134.0,121.46,135.28,13.540000000000006,3.2307782793499653,2245400,False,False
PSAT.JK,890.0,888.3333333333334,891.0,895.5,895.0,851.7,861.75,8.759999999999991,1.1828485885759779,45400,False,False
PSAB.JK,565.0,591.6666666666666,611.0,603.5,538.45,464.86,441.37845520019533,29.227999999999998,7.561406059827153,105798800,False,False
PRIM.JK,117.0,119.0,118.6,117.3,114.1,102.36,91.87,16.64,1.9345466925597439,3431700,False,False
PRDA.JK,2670.0,2630.0,2592.0,2537.0,2456.0,2454.4,2457.4618676757814,21.55999999999999,1.9729452050392435,512700,False,False
PRAY.JK,765.0,751.6666666666666,757.0,763.5,753.5,718.3,719.15,9.340000000000009,2.08983845876971,8900,False,False
PPRO.JK,16.0,16.0,15.8,16.5,16.8,16.92,18.01,1.120000000000001,4.4837295527918295,10040800,False,False
PPRI.JK,136.0,137.33333333333334,140.0,142.7,144.25,144.02,155.27,8.25,2.561662837230977,3190400,False,False
PPRE.JK,107.0,104.66666666666667,104.2,105.7,104.55,104.94,108.93,2.799999999999997,3.8711014617016426,49613300,False,False
PPGL.JK,388.0,354.6666666666667,325.2,277.0,241.3,217.2,211.64,85.4,4.405764048077422,7947900,False,False
POWR.JK,920.0,923.3333333333334,911.0,880.5,821.5,756.5,726.1046405029297,33.366666666666674,4.858338482547941,12427400,False,False
PORT.JK,905.0,901.6666666666666,903.0,914.5,892.5,873.0,886.85,8.3,4.120315196149951,39700,False,False
POLY.JK,32.0,32.0,32.0,32.0,32.0,32.0,32.0,0.0,0.0,0,True,False
POLU.JK,19375.0,18850.0,18430.0,15107.5,13371.25,12960.0,13213.5,256.6,9.647550825435392,20200,False,False
POLI.JK,910.0,868.3333333333334,852.0,812.5,782.75,737.3,880.7,34.540000000000006,3.977783659000304,20200,False,False
PNSE.JK,496.0,496.3333333333333,497.0,497.8,493.3,502.76,545.88,4.72999999999999,1.8630044201457556,900,True,False
PNLF.JK,228.0,226.66666666666666,226.8,231.4,230.4,224.4,232.67,3.5,1.3676701211657813,46059100,True,False
PNIN.JK,720.0,725.0,725.0,720.0,717.0,722.4,743.75,1.6,1.6271741811249099,238600,True,False
PNGO.JK,3470.0,3466.6666666666665,3472.0,3493.0,3523.0,3497.8,3500.0,5.633333333333349,0.6382514796022953,5300,True,False
PNBS.JK,50.0,50.0,50.0,50.0,50.05,50.1,50.3,0.10000000000000142,0.0,693800,True,False
PNBN.JK,895.0,893.3333333333334,894.0,898.5,902.0,891.8627038574218,908.3369860839844,2.027459228515636,0.4576151531428831,1586300,True,False
PMUI.JK,106.0,105.0,102.4,100.2,98.8,89.3,88.61116195678711,16.700000000000003,3.4154424807069024,7570700,False,False
PMJS.JK,151.0,145.33333333333334,139.4,132.3,124.95,113.63317291259766,117.20355697631835,37.36682708740234,4.911433550370605,5606500,False,False
PLAN.JK,47.0,44.333333333333336,43.4,41.4,39.7,38.18,41.99,8.82,3.8917609200026098,11866900,False,False
PKPK.JK,3740.0,3713.3333333333335,3682.0,3687.0,3762.5,3511.8,3128.85,25.069999999999983,1.8747857341990704,708300,False,False
PJHB.JK,187.0,186.0,184.2,182.0,177.4,168.96,188.06,18.039999999999992,3.392753867664565,3131400,False,False
PJAA.JK,464.0,462.6666666666667,461.2,460.2,458.5,456.8,470.4761309814453,3.5999999999999943,0.3583040633615201,55700,True,False
PIPA.JK,202.0,198.0,195.0,177.8,149.85,129.34,129.29,36.33,9.517919360042226,154886800,False,False
PICO.JK,183.0,185.66666666666666,190.8,168.1,150.4,136.58,142.05,54.22,11.492832225103959,3141900,False,False
PGUN.JK,9650.0,9783.333333333334,9840.0,9622.5,8565.0,7862.0,8081.3416748046875,79.12,8.488127844828048,31000,False,False
PGLI.JK,214.0,212.0,210.4,209.6,209.0,197.86,202.2,8.069999999999993,1.9843738047785466,505500,False,False
PGJO.JK,915.0,925.0,917.0,898.0,831.0,754.4,766.8,34.120000000000005,2.679654576757349,380700,False,False
PGEO.JK,1040.0,1035.0,1028.0,1049.0,1054.25,993.8,971.7671569824219,12.090000000000009,2.598736208717378,9804100,False,False
PGAS.JK,1555.0,1531.6666666666667,1530.0,1525.5,1512.75,1491.2,1589.773934326172,12.759999999999991,1.2453194252809978,48408200,False,False
PEVE.JK,314.0,312.6666666666667,313.2,314.2,323.3,319.56,349.18,5.316666666666663,0.8136371701390555,1228400,True,False
PEHA.JK,308.0,295.3333333333333,288.0,285.2,276.5,262.5397998046875,273.0090539550781,22.730100097656248,4.547223564180948,9782800,False,False
PEGE.JK,116.0,116.0,115.0,114.5,107.7,105.50914642333984,118.53457321166992,10.490853576660157,5.432412869045959,22186800,False,False
PDPP.JK,334.0,332.0,332.4,325.8,316.1,287.2718795776367,291.7375373840332,23.364060211181652,2.9606712651617193,122800,False,False
PDES.JK,396.0,390.0,392.0,385.4,394.7,409.08,458.1499957275391,11.840000000000003,3.8272697821701325,259700,False,False
PCAR.JK,42.0,41.666666666666664,41.0,41.8,42.4,40.18,38.92,2.219999999999999,2.378656622009885,2835200,True,True
PBSA.JK,830.0,836.6666666666666,828.0,839.5,806.0,766.4856323242187,817.6604907226563,14.602873535156254,3.116848101904823,1285700,False,False
PBRX.JK,27.0,26.666666666666668,26.4,26.3,26.5,26.72,30.01,0.6999999999999993,1.779771874545355,11876200,True,False
PBID.JK,525.0,526.6666666666666,528.0,532.5,532.0,504.56,492.1509951782227,5.587999999999999,1.4332420339700782,697800,True,False
PART.JK,115.0,117.66666666666667,115.4,107.2,103.6,103.94740737915039,105.33558464050293,14.066666666666677,3.6374829976731964,35274400,False,False
PANS.JK,1590.0,1585.0,1577.0,1570.0,1555.5,1553.6940893554688,1522.7271594238282,7.261182128906239,0.4905798876147759,385700,False,False
PANR.JK,430.0,427.3333333333333,426.8,423.6,424.8,414.6,447.79882354736327,7.699999999999989,1.5332170836520291,60100,False,False
PANI.JK,5850.0,5866.666666666667,5870.0,5965.0,6085.0,6117.0,7008.810439453125,10.68,1.7003816400282634,4977600,False,False
PAMG.JK,56.0,56.0,55.6,55.8,56.2,54.6,56.18,1.6000000000000014,0.8494740346633242,2590200,True,False
PALM.JK,298.0,295.3333333333333,293.6,292.6,291.2,296.82441284179686,319.7451629638672,3.4000000000000057,0.8696024328180593,322500,True,False
PADI.JK,74.0,73.0,72.8,72.5,71.5,71.90454528808594,86.04510948181152,2.5,4.501680716638587,337844700,False,False
PADA.JK,226.0,225.33333333333334,220.8,226.0,202.75,149.02,148.5,38.489999999999995,13.575769626416594,151635100,False,False
PACK.JK,560.0,512.0,485.2,410.4,334.4,270.16,266.39,57.967999999999996,4.319681999525558,237278600,False,False
OPMS.JK,122.0,122.0,121.2,123.0,124.45,109.18,114.52,15.269999999999996,2.084004313797774,24494000,False,False
OMRE.JK,965.0,955.0,956.0,966.5,978.75,1024.2,976.75,13.840000000000009,2.03644012343584,11000,False,False
OMED.JK,242.0,236.66666666666666,234.4,233.8,230.2,215.76,230.44745697021483,13.120000000000005,1.3280639655870863,18573200,False,False
OLIV.JK,46.0,46.333333333333336,46.2,46.9,47.95,49.36,52.08,3.3599999999999994,1.8485538627085338,7658400,True,False
OKAS.JK,121.0,121.0,120.0,122.2,117.8,107.36,109.73,14.840000000000003,4.00516115948235,8183700,False,False
OILS.JK,270.0,252.66666666666666,238.0,231.0,229.7,216.62,225.86,26.689999999999998,5.293234519187175,14202100,False,False
OBMD.JK,184.0,192.33333333333334,192.8,194.0,192.5,183.86,196.88,10.139999999999986,2.985326288788382,8127800,False,False
OBAT.JK,236.0,239.33333333333334,240.0,240.8,242.0,241.96,264.89919830322265,3.0,1.0413703067064148,496000,True,False
OASA.JK,336.0,331.3333333333333,326.0,322.4,327.4,306.92,326.08,14.539999999999992,2.151132417104012,43397900,False,False
NTBK.JK,84.0,81.33333333333333,79.6,80.7,84.75,82.0,80.39116226196289,5.150000000000006,4.413111917508099,75801700,False,False
NSSS.JK,850.0,855.0,849.0,872.0,917.5,803.0040979003907,734.2818078613282,22.89918041992187,4.095692874472079,5045000,False,False
NRCA.JK,595.0,595.0,588.0,575.5,549.1,495.5,503.05085357666013,19.9,3.2971417283573508,10435400,False,False
NPGF.JK,58.0,57.0,57.2,58.5,58.57396564483643,57.93020622253418,63.167275505065916,1.5739656448364272,2.0762052039076084,3763400,True,False
NOBU.JK,505.0,498.3333333333333,497.0,499.4,500.35,461.74,481.01,8.651999999999997,1.499902645145756,220300,False,False
NISP.JK,1240.0,1240.0,1242.0,1250.5,1261.0,1236.3,1270.1087915039063,4.940000000000009,0.6755678417191403,6182200,True,False
NIRO.JK,162.0,161.66666666666666,162.2,161.0,160.6,150.14,166.83,12.060000000000002,2.2514581713395847,140600,False,False
NINE.JK,95.0,95.33333333333333,95.4,91.4,82.65,79.12,96.54,16.28,6.515172892839985,10013000,False,False
NIKL.JK,204.0,202.0,199.6,198.5,197.55,190.24,234.03026794433595,6.8799999999999955,2.011101178891261,3265500,False,False
NICL.JK,515.0,515.0,505.2,490.4,479.4,495.3,613.8274450683593,7.1200000000000045,2.4105042597043966,53818300,False,False
NICK.JK,1925.0,1903.3333333333333,1837.0,1642.5,1540.0,1241.6,1201.3,136.68,8.191869155917574,17600,False,False
NICE.JK,346.0,362.0,362.8,314.8,286.7,266.96,280.0,47.920000000000016,9.389525673294493,6309800,False,False
NFCX.JK,1700.0,1688.3333333333333,1700.0,1667.0,1602.0,1601.4,1672.15,19.71999999999998,3.450050716279207,11600,False,False
NETV.JK,50.0,50.0,50.0,50.3,51.05,50.98,64.15,1.0499999999999972,0.8188380769487096,698200,True,False
NEST.JK,750.0,716.6666666666666,706.0,698.0,707.0,648.6,560.26,20.279999999999994,2.0930545694402873,12033300,False,False
NELY.JK,214.0,210.66666666666666,206.4,204.6,202.65,202.82,234.41174407958985,5.674999999999997,3.11419682680924,2986800,True,False
NCKL.JK,950.0,958.3333333333334,956.0,950.0,941.25,869.54640625,903.3357067871094,17.757385416666672,1.7140463568154203,49677700,False,False
NAYZ.JK,74.0,72.66666666666667,73.0,70.0,64.0,60.42,61.56,13.579999999999998,5.951847370044012,35302700,False,False
NATO.JK,780.0,755.0,722.0,688.5,670.75,636.6,621.2,28.679999999999996,5.517062201097058,575400,False,False
NASI.JK,155.0,147.66666666666666,145.6,142.0,137.65,124.68,130.09,30.319999999999993,3.0534047951831407,58007900,False,False
NASA.JK,30.0,30.0,30.0,30.2,30.2,30.32,33.74,0.3200000000000003,2.1865561947867045,50000,True,False
NANO.JK,34.0,34.333333333333336,34.4,33.4,31.7,28.38,29.89,6.02,5.541146921759738,27934200,False,False
NAIK.JK,95.0,93.66666666666667,93.2,92.1,90.3,86.92,90.37750022888184,8.079999999999998,3.8229582434391167,6938200,False,False
MYTX.JK,41.0,41.0,41.0,41.0,41.0,40.94,45.31,0.060000000000002274,0.0,0,True,False
MYOR.JK,1565.0,1568.3333333333333,1581.0,1621.0,1649.75,1721.7,1733.235887451172,31.34000000000001,1.5850468399119881,32716000,False,False
MYOH.JK,1135.0,1128.3333333333333,1130.0,1131.5,1088.0,1059.8,1103.6633325195312,15.04000000000001,2.5022850983199163,27600,False,False
MUTU.JK,127.0,127.0,129.4,123.9,117.8,113.64,109.19485916137695,15.760000000000005,2.979409436300584,30401000,False,False
MTWI.JK,252.0,248.66666666666666,247.2,248.0,251.4,260.76,277.33727767944333,6.780000000000001,1.705978499360345,1562400,False,False
MTMH.JK,965.0,991.6666666666666,993.0,970.0,945.75,940.8060754394531,962.2217877197265,10.438784912109373,2.728900420701465,116400,False,False
MTLA.JK,530.0,523.3333333333334,520.0,516.0,518.5,518.22,515.2464068603516,2.8,1.4456105796158296,4000,True,False
MTFN.JK,13.0,13.0,13.0,13.0,13.0,13.08,15.98,0.08000000000000007,0.0,0,True,False
MTEL.JK,480.0,469.3333333333333,466.8,454.2,445.3,458.03948791503905,471.8606832885742,17.349999999999994,1.2622478241559776,58505000,False,False
MTDL.JK,510.0,506.6666666666667,507.0,509.5,508.5,508.46,519.1810000610352,0.6666666666666629,1.424583357211933,1871600,True,False
MSTI.JK,1360.0,1346.6666666666667,1345.0,1337.5,1330.5,1298.2,1281.8025366210939,12.35999999999999,0.9485854832594984,2782600,False,False
MSKY.JK,65.0,64.0,63.4,64.7,66.0,62.42,69.47,3.5799999999999983,3.709081380574359,4175700,True,False
MSJA.JK,444.0,442.6666666666667,438.0,439.0,427.2,415.08,435.4410366821289,14.460000000000008,1.7014173736818854,11867300,False,False
MSIN.JK,310.0,312.0,316.4,333.4,358.1,419.64,567.84,54.81999999999999,1.7404777137565126,44026600,False,False
MSIE.JK,126.0,115.33333333333333,107.6,101.5,99.25,90.8,101.63,35.2,4.9840042585445685,3584200,False,False
MREI.JK,920.0,920.0,920.0,920.0,920.0,923.6,965.45,0.7200000000000045,0.0,0,True,False
MRAT.JK,412.0,413.3333333333333,410.4,414.2,428.0,436.84,433.14,13.219999999999999,2.3632644976865085,439600,False,False
MPXL.JK,168.0,168.0,168.2,167.7,163.8,154.1,158.09,14.099999999999994,1.533604784042556,311200,False,False
MPRO.JK,12450.0,12316.666666666666,12195.0,12577.5,12382.5,10964.0,9932.0,64.54,3.817948446607198,2500,False,False
MPPA.JK,46.0,44.333333333333336,44.6,46.5,47.35,47.12,48.08,3.0166666666666657,2.9269856917080816,8708900,True,False
MPOW.JK,113.0,112.66666666666667,113.4,110.3,108.55,101.12,106.55,12.280000000000001,2.2145141637675345,5485300,False,False
MPMX.JK,1020.0,1018.3333333333334,1016.0,1013.5,1008.75,990.1,931.0228997802734,5.979999999999995,0.6179880041606053,3237600,True,True
MPIX.JK,114.0,114.66666666666667,109.2,103.4,100.15,96.74,90.95,17.926666666666677,5.012375569323962,19703800,False,False
MORA.JK,5450.0,5533.333333333333,5410.0,5310.0,5360.0,6157.0,6103.45,33.88,2.81820031432525,284700,False,False
MOLI.JK,306.0,300.0,290.0,286.4,278.2,260.16,251.38035217285156,22.919999999999987,4.383322310413835,8014900,False,False
MNCN.JK,202.0,200.66666666666666,200.8,202.2,201.6,204.0,216.48,1.6666666666666714,1.0852059508561795,44618000,True,False
MMLP.JK,306.0,301.3333333333333,299.6,299.0,297.0,296.08,310.56,4.960000000000008,1.6219979200398218,2138400,True,False
MMIX.JK,780.0,786.6666666666666,784.0,778.5,760.5,712.58,574.54,14.817333333333318,1.2001938703900186,26681400,False,False
MLPT.JK,1300.0,1290.0,1298.0,1335.5,1454.5,1203.06,1013.77740234375,50.28800000000001,5.730325292721552,3266300,False,False
MLPL.JK,93.0,93.0,92.6,94.1,95.45,89.6,91.17,5.8500000000000085,2.258302431561303,14099000,True,True
MLIA.JK,230.0,231.33333333333334,230.8,231.8,231.7,235.24,247.0,2.6200000000000045,1.0368159095477985,102000,True,False
MLBI.JK,6900.0,6883.333333333333,6885.0,6902.5,6923.75,6570.5,6074.01236328125,14.13,0.44220143199648887,8300,False,False
MKTR.JK,122.0,121.66666666666667,121.6,122.3,122.75,121.12,123.61189376831055,1.6299999999999955,0.6702035747391125,285300,True,False
MKPI.JK,21975.0,21966.666666666668,22020.0,22040.0,21991.25,21477.0,21335.804453125,22.52,0.33102726892991596,40300,False,False
MKAP.JK,1120.0,1123.3333333333333,1127.0,1146.5,1157.25,1165.4982861328126,1117.155535888672,9.099657226562522,0.8208277320570654,23300,False,False
MITI.JK,242.0,242.0,239.2,221.6,212.15,184.92,201.66,28.540000000000006,5.613165892948857,3509200,False,False
MIRA.JK,25.0,25.333333333333332,25.4,26.6,26.9,22.54,21.99,4.359999999999999,4.921171355860535,5259100,False,False
MINE.JK,246.0,242.0,239.6,239.0,235.6,224.08,260.38,10.959999999999994,2.2865775597090012,1757000,False,False
MINA.JK,282.0,276.0,274.8,275.6,272.9,274.4,296.86,4.550000000000011,2.983942048192184,99487300,True,False
MIKA.JK,1850.0,1861.6666666666667,1864.0,1831.5,1825.25,1756.0,1766.3645532226562,21.6,0.8282950304598059,1582500,False,False
MIDI.JK,276.0,275.3333333333333,276.4,277.6,276.8,280.04,291.50168853759766,2.353333333333353,1.4845424012886823,3666200,True,False
MICE.JK,555.0,545.0,539.0,532.5,526.75,511.80435852050783,503.294358215332,8.639128295898434,1.0071790697430572,37400,False,False
MHKI.JK,148.0,148.66666666666666,145.6,141.4,138.55,131.70309173583985,144.3707189178467,16.96357493082681,2.734837409318906,4221600,False,False
MGRO.JK,680.0,681.6666666666666,677.0,676.0,672.5,674.4,680.4,1.8333333333333257,1.4628404683981966,3494200,True,False
MGNA.JK,98.0,97.33333333333333,96.2,96.6,102.2,96.28,116.43,6.0,1.720287050468184,1964000,False,False
MGLV.JK,11500.0,11941.666666666666,11950.0,11467.5,10103.75,9004.0,8267.1,117.84,3.156154901220537,2458200,False,False
MERK.JK,3870.0,3876.6666666666665,3894.0,3920.0,3930.0,3841.4,3739.7338012695313,8.85999999999999,0.8497405896622623,52800,False,False
MERI.JK,123.0,122.0,121.6,121.2,118.9,109.64,120.52,13.36,1.559724488534806,6998700,False,False
MEJA.JK,111.0,113.33333333333333,115.4,120.7,113.0,97.56,97.727142868042,23.14,4.541156913311229,31399100,False,False
MEGA.JK,1970.0,1960.0,1965.0,1973.0,1978.0,1995.5,2091.4246606445313,7.1,0.47619206599605424,33500,False,False
MEDS.JK,75.0,73.66666666666667,72.4,71.6,72.5,74.04,78.84,3.4000000000000057,2.2988875676988636,41844900,True,False
MEDC.JK,1460.0,1408.3333333333333,1381.0,1388.0,1351.5,1252.8,1350.8716625976563,41.44000000000001,3.413636756559027,60745500,False,False
MDRN.JK,26.0,26.0,26.0,26.0,26.0,26.3,34.1,0.3000000000000007,0.0,0,True,False
MDLN.JK,50.0,50.0,50.0,50.0,50.05,50.1,51.54,0.10000000000000142,0.0,101700,True,False
MDLA.JK,210.0,208.66666666666666,207.6,207.8,208.8,207.04,204.55902954101563,1.480000000000004,0.786399142020557,2368300,True,True
MDKI.JK,193.0,192.33333333333334,191.8,190.7,188.95,183.46,182.07090072631837,9.539999999999992,0.7525161654537273,224300,False,False
MDKA.JK,2910.0,2963.3333333333335,2988.0,2952.0,2920.0,2769.3028173828125,2835.898083496094,21.869718261718752,1.7616105101296058,23378400,False,False
MDIY.JK,965.0,961.6666666666666,957.0,953.5,940.25,925.3476000976563,880.3816674804688,7.930479980468749,0.864696099358084,814000,False,False
MDIA.JK,270.0,258.0,250.4,262.4,257.3,157.28,128.2,56.36,6.705861288959312,27740000,False,False
MCOR.JK,71.0,70.0,69.4,69.3,69.0,68.02,68.34,2.980000000000004,1.6481386760301382,21901700,True,True
MCOL.JK,3720.0,3690.0,3692.0,3711.0,3726.0,3757.6,3752.1679345703124,6.759999999999991,1.4796511486573787,36000,False,False
MCAS.JK,282.0,284.0,282.8,288.0,287.6,225.92,257.15,31.040000000000006,4.276601020190582,1073500,False,False
MBTO.JK,127.0,126.0,125.4,127.3,128.7,118.74,116.57,9.959999999999994,1.840194039597171,1669100,False,False
MBSS.JK,2810.0,2823.3333333333335,2822.0,2828.0,2829.5,2705.8,2478.25,12.369999999999981,0.40930248742528513,4878100,False,False
MBMA.JK,535.0,546.6666666666666,551.0,547.5,541.25,520.76,553.89,6.048000000000002,4.331952971091252,153194200,False,False
MBAP.JK,1700.0,1625.0,1562.0,1515.5,1479.0,1419.2,1503.45,56.15999999999999,4.064919744460806,247100,False,False
MAYA.JK,200.0,199.66666666666666,199.0,199.3,200.25,195.6,194.04,4.650000000000006,1.3947263598864734,781800,True,False
MAXI.JK,50.0,50.0,50.0,50.0,50.0,50.0,50.49,0.0,0.0,2415700,True,False
MASB.JK,3400.0,3396.6666666666665,3394.0,3391.0,3387.5,3386.4,3335.6,1.359999999999991,0.16760116366295155,10000,True,False
MARK.JK,1075.0,1073.3333333333333,1068.0,1082.5,1079.3626098632812,1022.4072045898438,900.961176147461,12.018559082031242,1.6500838022323567,12428800,False,False
MARI.JK,23.0,23.0,23.0,23.0,23.0,23.12,25.35,0.120000000000001,0.0,0,True,False
MAPI.JK,1465.0,1453.3333333333333,1463.0,1486.5,1559.25,1529.6019799804687,1460.9904833984374,21.183333333333348,3.138035738270735,6672400,False,False
MAPB.JK,1175.0,1175.0,1175.0,1164.5,1159.5,1069.4,1259.05,21.119999999999983,4.728076285021157,0,False,False
MAPA.JK,710.0,718.3333333333334,707.0,685.5,672.0,635.8773986816407,625.1773175048828,16.49118693033854,3.136030013974363,10947800,False,False
MANG.JK,37.0,37.666666666666664,38.2,38.2,38.4,39.48,43.59,2.479999999999997,2.8665294545641715,9490400,True,False
MAIN.JK,670.0,668.3333333333334,664.0,667.5,670.75,676.7,746.7218005371094,2.540000000000009,1.196238150177667,1826600,True,False
MAHA.JK,147.0,146.33333333333334,146.6,147.2,146.5,141.24,138.37916854858398,5.9599999999999795,1.0854905137059208,3787600,True,True
LUCK.JK,113.0,112.33333333333333,112.0,113.3,113.9,106.68,107.35,7.219999999999999,2.321448713253001,873100,False,False
LTLS.JK,850.0,848.3333333333334,844.0,844.0,842.0,805.1,786.3537725830079,8.979999999999995,0.9489025376920303,41900,False,False
LSIP.JK,1510.0,1486.6666666666667,1468.0,1456.5,1447.0,1359.262255859375,1358.6367016601562,30.14754882812499,1.9246034666079233,15163600,False,False
LRNA.JK,191.0,190.0,189.0,189.3,188.15,182.9,188.69,8.099999999999994,1.4453871889040368,59000,False,False
LPPS.JK,83.0,82.66666666666667,81.8,81.8,81.8,76.66,77.78,6.340000000000003,2.099406623587023,1628800,False,False
LPPF.JK,1600.0,1601.6666666666667,1602.0,1611.5,1596.0,1556.3,1586.6659851074219,11.04000000000001,0.9309531626103792,1034500,False,False
LPLI.JK,242.0,242.0,242.0,243.2,244.6,243.12,259.4,1.2999999999999972,0.5464737893189096,174300,True,False
LPKR.JK,63.0,62.333333333333336,62.2,63.2,63.0,61.5,69.04,1.7000000000000028,2.5251654371051107,160201400,True,False
LPIN.JK,428.0,424.6666666666667,424.0,423.4,421.5,414.92,412.02512451171873,6.539999999999992,0.6399542872231083,191800,False,False
LPGI.JK,645.0,640.0,639.0,636.5,635.5,653.3,668.1326110839843,3.5599999999999907,1.710962403184,172700,True,False
LPCK.JK,605.0,605.0,597.0,603.5,601.0,546.68,564.59,11.66400000000001,2.182401505938353,337200,False,False
LOPI.JK,78.0,77.66666666666667,76.8,78.6,76.0,64.56,82.88,14.039999999999992,3.988361297588784,3122300,False,False
LMPI.JK,169.0,166.33333333333334,164.4,158.9,151.85,143.08,147.41,25.919999999999987,1.735418815932193,128100,False,False
LMAX.JK,108.0,108.0,108.6,110.7,111.8,104.2,120.18,7.599999999999994,1.6312900929653578,2114500,False,False
LIVE.JK,192.0,192.66666666666666,192.8,193.9,202.15,207.14,213.95,15.139999999999986,1.3932553979026496,8110600,False,False
LION.JK,354.0,351.3333333333333,352.0,349.4,349.9,338.84,362.84,7.5800000000000125,0.897122973886013,98700,False,False
LINK.JK,1485.0,1513.3333333333333,1501.0,1506.0,1461.75,1455.9,1508.75,11.486666666666633,2.93071127056424,17600,False,False
LIFE.JK,11550.0,9975.0,8975.0,7332.5,6597.5,6141.5,6431.01515625,216.34,9.606672734223858,128500,False,False
LFLO.JK,525.0,523.3333333333334,525.0,519.0,507.2,529.92,528.852532043457,4.543999999999994,1.9571252868897364,1400,True,False
LEAD.JK,113.0,110.33333333333333,106.4,108.1,109.1,103.26,111.66,9.739999999999995,7.189603967661851,70409700,False,False
LCKM.JK,109.0,109.0,109.0,109.0,109.0,108.6,113.43,0.4000000000000057,0.0,0,True,False
LAPD.JK,72.0,72.33333333333333,70.8,68.3,66.6,64.84,70.46,7.493333333333325,2.799780580924843,53507400,False,False
LAND.JK,74.0,73.66666666666667,73.2,74.9,76.65,70.2,71.14,6.450000000000003,2.8558395730960426,12066500,False,False
LAJU.JK,69.0,68.33333333333333,67.8,67.9,67.6,66.22,69.74473552703857,2.780000000000001,1.5381059269631447,7784600,True,False
LABS.JK,163.0,162.0,161.8,167.8,163.35,152.4,153.37,15.400000000000006,3.2623385881860956,156200,False,False
LABA.JK,123.0,128.0,115.0,106.8,100.6,94.96,102.92,33.040000000000006,11.670990413437409,65073000,False,False
KUAS.JK,97.0,95.66666666666667,96.6,94.1,93.25,91.28,99.41154747009277,5.719999999999999,2.7263932743647548,13118300,True,False
KSIX.JK,416.0,411.3333333333333,414.4,415.4,398.4,343.52,339.02,36.24000000000001,2.089756247373965,455800,False,False
KRYA.JK,68.0,68.66666666666667,65.8,65.0,64.05,60.16,64.02,8.506666666666675,4.875978405485125,53532500,False,False
KREN.JK,13.0,13.333333333333334,13.4,13.2,13.2,12.64,13.91,0.7599999999999998,6.2244796227328845,7673600,False,False
KRAS.JK,244.0,236.0,230.4,228.4,226.9,220.3,236.36,11.849999999999994,2.276933313688958,14091000,False,False
KPIG.JK,67.0,66.0,66.0,66.8,71.9,77.06,90.54,11.060000000000002,3.1355884124005287,285566900,False,False
KOTA.JK,220.0,199.0,181.8,171.7,172.5,130.4,119.8,44.8,13.981940134339496,2850377300,False,False
KOPI.JK,210.0,206.0,204.4,204.0,205.8,197.72,211.09,6.140000000000001,1.6786887151608327,785500,False,False
KONI.JK,2180.0,2176.6666666666665,2176.0,2243.0,2306.0,2487.8,2524.45,31.180000000000017,1.6767573183354127,79700,False,False
KOKA.JK,181.0,180.33333333333334,177.2,180.4,187.3,168.62,156.92,18.680000000000007,4.856012638317707,14226200,False,False
KOIN.JK,78.0,78.0,78.0,78.0,78.0,77.7,78.18,0.29999999999999716,0.0,0,True,False
KOCI.JK,106.0,103.66666666666667,102.6,105.8,107.2,102.22,105.2731566619873,4.980000000000004,3.5209214672211484,5281200,True,True
KOBX.JK,176.0,174.33333333333334,174.2,171.9,169.6,156.28,161.9,19.72,3.239151441480259,46175600,False,False
KMTR.JK,250.0,243.33333333333334,238.8,235.8,233.5,230.24,238.02,9.879999999999995,1.8306607131772692,286600,False,False
KMDS.JK,525.0,518.3333333333334,523.0,525.0,528.0,533.6,536.1471737670898,3.05333333333333,1.7466244104243103,75700,True,False
KLIN.JK,114.0,116.33333333333333,117.0,116.5,116.55,109.64,121.38,7.359999999999999,3.1516049422795263,67100,False,False
KLBF.JK,775.0,786.6666666666666,794.0,799.0,790.75,758.9,790.3301348876953,8.020000000000005,2.3065822520049415,55558100,False,False
KLAS.JK,89.0,87.66666666666667,86.4,83.7,80.7,73.72,75.54,15.280000000000001,1.4017633566669454,13417800,False,False
KKGI.JK,288.0,283.3333333333333,282.0,281.6,278.2,271.2039093017578,277.8037590026855,8.398045349121105,1.9269816997350773,3990500,False,False
KKES.JK,90.0,75.66666666666667,73.4,71.4,69.9,62.1,51.06,27.9,11.586229574732416,546092900,False,False
KJEN.JK,167.0,164.66666666666666,163.4,165.4,159.3,135.78,136.96,31.22,5.2505041983325205,5702700,False,False
KIOS.JK,101.0,101.33333333333333,99.8,98.2,97.15,93.62,95.63,7.713333333333324,2.4847201604371754,22959100,False,False
KINO.JK,1350.0,1346.6666666666667,1348.0,1338.5,1322.25,1219.2,1156.4639868164063,26.15999999999999,1.775581500206084,45400,False,False
KING.JK,284.0,286.6666666666667,284.8,285.4,282.2,296.4,377.13,7.099999999999994,3.633643330867345,77300,False,False
KIJA.JK,208.0,211.33333333333334,207.0,197.8,161.3,139.82,148.27,35.756666666666675,14.868505802632425,446114300,False,False
KICI.JK,266.0,266.6666666666667,250.0,222.2,208.6,195.22,201.16,35.72333333333334,9.060103858983078,63103600,False,False
KETR.JK,830.0,845.0,786.0,727.5,650.5,580.28,561.64,52.944,10.951748425449262,44286900,False,False
KEJU.JK,625.0,611.6666666666666,604.0,596.5,587.25,562.3,561.4462139892578,12.54000000000001,1.4366073821114904,589700,False,False
KEEN.JK,925.0,906.6666666666666,884.0,878.5,885.25,859.4,863.17822265625,13.120000000000005,2.089104741156511,11560400,False,False
KDTN.JK,394.0,372.6666666666667,359.2,361.0,390.7,472.96,679.53,56.879999999999995,3.872597214092436,14072600,False,False
KDSI.JK,462.0,463.3333333333333,462.8,461.2,459.1,448.16,448.06,7.586666666666645,1.0778097445923716,9700,False,False
KBLV.JK,142.0,140.0,137.6,142.2,141.05,117.64,110.9,24.559999999999988,5.0966644381088315,15820800,False,False
KBLM.JK,308.0,308.6666666666667,308.0,307.2,305.3,296.8,300.80035217285155,5.933333333333337,1.074911115328192,38600,True,False
KBLI.JK,330.0,328.0,327.6,327.0,327.3,320.4205975341797,311.5695779418945,4.789701232910147,1.334698409972025,381800,True,False
KBAG.JK,46.0,44.333333333333336,42.8,45.5,47.15,42.54,43.62,4.609999999999999,5.71106931734056,2856300,False,False
KARW.JK,212.0,212.0,212.0,212.0,212.0,214.12,248.3,1.0600000000000023,0.0,0,True,False
KAQI.JK,94.0,94.33333333333333,93.4,95.2,94.85,90.12,97.19,5.079999999999998,3.022620454050745,15080700,True,False
KAEF.JK,436.0,436.0,435.6,437.8,445.4,448.76,472.58,6.579999999999984,0.5997169003999637,2067200,False,False
JTPE.JK,610.0,610.0,610.0,616.0,611.25,607.9,600.1675,1.6200000000000045,0.7398337068201396,715300,True,False
JSPT.JK,1380.0,1390.0,1396.0,1399.5,1391.75,1379.9,1366.1306420898438,3.9199999999999817,1.0522946234868789,28100,True,False
JSMR.JK,2970.0,2920.0,2862.0,2818.0,2789.5,2769.6,2823.707858886719,20.04000000000001,1.6474411817476147,4812900,False,False
JRPT.JK,1085.0,1083.3333333333333,1081.0,1078.5,1080.25,1079.6,1071.8048681640626,1.3,0.34218843637194873,266000,True,False
JPFA.JK,2240.0,2203.3333333333335,2192.0,2225.0,2225.5,2109.8,2234.473537597656,13.019999999999982,2.040429932331285,12148400,False,False
JMAS.JK,228.0,228.0,228.0,228.0,228.0,228.32,241.68,0.1599999999999966,0.0,0,True,False
JKON.JK,87.0,86.0,86.2,86.2,86.6,74.58,72.60671710968018,12.420000000000002,1.2272670288993808,18990900,False,False
JIHD.JK,458.0,451.3333333333333,438.0,437.6,436.0,428.52,449.12,14.740000000000009,3.3539131201985666,187700,False,False
JGLE.JK,89.0,87.0,84.4,86.5,87.2,67.88,68.31,21.120000000000005,7.33552396742376,1050690200,False,False
JECC.JK,655.0,651.6666666666666,646.0,639.0,638.75,633.0,684.006859741211,4.4,1.7801996791879584,66500,True,False
JAYA.JK,135.0,134.66666666666666,134.0,134.0,133.65,127.24,129.99,7.760000000000005,0.6539445180387168,2065600,False,False
JAWA.JK,134.0,132.66666666666666,132.4,132.2,130.75,122.46,134.48,11.540000000000006,4.597015312814298,1492400,False,False
JATI.JK,106.0,105.33333333333333,104.4,103.3,100.95,96.38,99.08640754699707,9.620000000000005,2.064089284180617,11796300,False,False
JAST.JK,94.0,94.66666666666667,99.2,92.0,87.85,83.98,88.04,15.219999999999999,8.432720596572286,19318400,False,False
JARR.JK,3060.0,3136.6666666666665,3176.0,2995.0,2453.0,2116.9770556640624,2040.7116162109376,105.90229443359377,10.908385699056264,7202200,False,False
ITMG.JK,26000.0,25900.0,25670.0,25410.0,25091.25,24047.5,24085.95802734375,78.1,1.1289988491844731,2048900,False,False
ITMA.JK,1425.0,1430.0,1422.0,1445.0,1398.75,1383.0,1614.85,12.4,5.633498732901218,32500,False,False
ITIC.JK,224.0,223.33333333333334,222.8,225.0,226.0,212.88,224.29,6.560000000000002,1.017533635480405,320700,False,False
ISSP.JK,426.0,420.0,420.4,426.0,430.2,410.48,412.21082183837893,9.859999999999985,1.6920575092484944,2378400,False,False
ISEA.JK,85.0,83.66666666666667,82.4,82.9,82.3,76.56,77.91,8.439999999999998,3.152791737009739,13257100,False,False
ISAT.JK,2390.0,2473.3333333333335,2502.0,2593.0,2375.75,2066.8,2037.497607421875,52.61999999999998,3.8447030937824054,93895600,False,False
ISAP.JK,24.0,24.0,23.6,23.4,24.0,23.86,26.2,0.6000000000000014,3.634343977380773,9189500,True,False
IRSX.JK,406.0,380.6666666666667,371.2,371.8,366.8,318.08,354.22434692382814,43.96000000000001,5.446807424937922,177192800,False,False
IRRA.JK,370.0,371.3333333333333,370.8,371.6,371.8,371.96,379.92,0.9799999999999898,0.6927284798761335,156700,True,False
IPTV.JK,31.0,31.0,31.0,30.8,30.35,32.0,35.54,1.6499999999999986,2.9345164518102167,3709800,True,False
IPOL.JK,113.0,113.0,112.6,112.6,112.05,108.34,113.34,4.659999999999997,1.017528069961568,829900,True,False
IPCM.JK,298.0,299.3333333333333,300.4,301.4,302.4,307.9648876953125,306.60832916259767,4.982443847656242,0.41885799089236747,1404800,True,False
IPCC.JK,1150.0,1150.0,1148.0,1156.0,1161.0,1169.9,1167.8613201904298,4.3800000000000185,0.5849584631284455,1238100,True,False
IPAC.JK,182.0,179.0,181.0,179.5,173.3,163.82,157.32,18.180000000000007,2.874764640243051,63200,False,False
IOTF.JK,63.0,63.0,62.8,64.6,62.75,56.54,58.25,8.059999999999995,3.9786180580987587,14622800,False,False
INTP.JK,5525.0,5508.333333333333,5525.0,5530.0,5387.5,4809.0,4674.716860351563,28.84,2.1866460939375982,903600,False,False
INTD.JK,286.0,286.6666666666667,286.4,288.8,278.8,249.96,249.44,19.42,3.88277600268832,45500,False,False
INTA.JK,61.0,61.0,61.0,61.0,61.0,61.2,66.82,0.20000000000000284,0.0,0,True,False
INPS.JK,700.0,700.0,676.0,685.5,699.0,657.4,649.74,8.520000000000005,5.200615515331912,211800,False,False
INPP.JK,730.0,736.6666666666666,736.0,735.1377502441406,727.6010131835938,712.2457043457031,744.4308038330078,4.884192464192711,1.8516214802027733,166300,True,False
INPC.JK,152.0,152.0,148.0,145.7,143.3,137.06,143.05,14.939999999999998,2.893993659754083,23651100,False,False
INOV.JK,140.0,139.66666666666666,139.8,143.5,144.05,132.18,131.52,11.870000000000005,2.3219002512209204,2101500,False,False
INKP.JK,9000.0,8883.333333333334,8835.0,8765.0,8585.0,7913.72677734375,8266.4392578125,43.45092890625001,1.2022554922459325,3175300,False,False
INET.JK,354.0,348.0,340.0,325.4,277.3,236.66,250.28,58.67,9.375149216452257,827637400,False,False
INDY.JK,2770.0,2790.0,2758.0,2716.0,2626.0,2380.0,2663.7673022460935,41.0,3.025997692007257,19948200,False,False
INDX.JK,60.0,60.0,60.0,60.0,60.0,60.24,76.17,0.240000000000002,2.837818317547164e-07,0,True,False
INDS.JK,264.0,266.0,266.8,266.2,270.1,265.7160009765625,304.5246040344238,3.0500000000000114,1.864837694981159,1709800,True,False
INDR.JK,2650.0,2536.6666666666665,2490.0,2459.0,2414.0,2170.8,2277.7,47.91999999999998,2.4817177632718495,110600,False,False
INDO.JK,181.0,182.0,181.4,182.3,179.0,171.74,166.05,10.560000000000002,1.8004845141646983,29556500,False,False
INDF.JK,7200.0,7333.333333333333,7315.0,7330.0,7315.0,6931.17103515625,6691.552983398437,16.086491927083333,1.7588858565778507,8292900,False,False
INCO.JK,5050.0,5175.0,5205.0,5207.5,5258.75,4945.2,5271.24427734375,12.542000000000007,2.3017394262069604,15195100,False,False
INCI.JK,780.0,711.6666666666666,694.0,681.5,675.5,662.3,667.8696673583985,23.54000000000001,4.515876154141377,4097900,False,False
INCF.JK,50.0,50.0,50.0,50.0,50.0,50.0,52.25,0.0,0.0,0,True,False
INAI.JK,176.0,177.0,177.4,177.0,177.3,160.34,166.31,17.060000000000002,1.8688227962912152,1225800,False,False
IMPC.JK,1425.0,1385.0,1381.0,1379.5,1450.25,1471.6,1739.8,18.41999999999998,4.872898751896808,16918800,False,False
IMJS.JK,170.0,169.0,168.8,169.0,165.65,152.05730773925782,160.5054037475586,17.942692260742177,2.9073035078806253,6115400,False,False
IMAS.JK,875.0,878.3333333333334,877.0,881.5,870.0,842.5390051269532,912.3173327636719,7.792198974609368,1.459519688408346,588700,False,False
IKPM.JK,194.0,194.0,192.4,195.3,195.0,187.76,192.79,7.5400000000000205,4.379588216722129,961900,False,False
IKBI.JK,520.0,523.3333333333334,522.0,525.5,555.753384399414,528.2220935058593,515.7087054443359,7.150676879882804,1.7936028307918757,136400,False,False
IKAN.JK,91.0,91.0,90.8,88.8,87.9,82.28,85.87,8.719999999999999,3.780383501343284,5545600,False,False
IKAI.JK,20.0,19.666666666666668,19.6,19.7,20.5,19.46,20.8,1.0399999999999991,3.7458625711424736,5397700,True,False
IGAR.JK,484.0,476.0,473.2,467.8,456.2,431.16,440.97396484375,26.419999999999987,0.9962850006107489,43000,False,False
IFSH.JK,1090.0,1055.0,1053.0,1085.5,1108.75,1179.9,1549.6357055664062,25.380000000000017,2.7165001939742273,6600,False,False
IFII.JK,204.0,203.33333333333334,204.4,206.2,206.2,209.56,216.44,3.1133333333333297,1.062547870649576,246600,True,False
IDPR.JK,274.0,273.3333333333333,270.8,266.2,269.8,286.2359729003906,291.26979766845704,10.017986450195309,1.7059021289764973,24500,False,False
IDEA.JK,61.0,60.333333333333336,60.4,60.9,63.45,61.9,65.87,3.116666666666667,3.0830636994904665,4580700,True,False
ICON.JK,136.0,132.66666666666666,130.4,131.4,125.35,113.4,114.93,22.599999999999994,4.832467066994672,8481600,False,False
ICBP.JK,7375.0,7641.666666666667,7745.0,7710.0,7592.5,7058.4603125,6826.771723632813,27.461587499999986,1.969716993239638,8792900,False,False
IBST.JK,8475.0,8475.0,8475.0,8475.0,8475.0,8475.0,8411.5,0.0,0.0,0,True,False
IBOS.JK,94.0,92.0,89.8,84.5,75.7,72.28,86.42,21.72,5.020075227522271,94862800,False,False
IBFN.JK,63.0,63.0,63.0,63.0,63.0,63.48,68.6,0.4799999999999969,0.0,0,True,False
IATA.JK,124.0,120.66666666666667,117.4,117.9,115.3,83.34,78.66,40.66,7.620253893929717,2159876100,False,False
HYGN.JK,183.0,183.33333333333334,181.8,178.0,172.65,158.78,151.17100082397462,24.55333333333334,1.070541080641631,1568100,False,False
HUMI.JK,147.0,143.33333333333334,140.2,146.0,146.66840591430665,132.74793884277344,149.5847566986084,14.252061157226564,5.2026996930817635,63729400,False,False
HRUM.JK,930.0,925.0,915.0,909.0,879.5,820.6,851.4,21.879999999999995,2.487085880288809,12841700,False,False
HRTA.JK,2240.0,2260.0,2292.0,2290.0,2182.25,1989.6,2219.78685546875,30.24000000000001,3.561010692378413,8592400,False,False
HRME.JK,40.0,39.0,38.2,40.5,41.4,42.68,45.28,4.479999999999997,4.746522490889076,991100,False,False
HOPE.JK,262.0,260.6666666666667,256.0,259.6,241.0,190.64,179.19,35.68000000000001,7.501268545785001,49129900,False,False
HOMI.JK,214.0,212.0,211.6,214.4,200.6,191.22,204.69,11.590000000000003,4.284420518100801,2510300,False,False
HOKI.JK,56.0,56.0,55.6,55.7,55.15,54.06,58.38,1.9399999999999977,2.442929103919824,33903000,True,False
HMSP.JK,735.0,736.6666666666666,738.0,742.0,746.25,711.1,692.0717779541015,7.029999999999996,0.9618467468153338,12476700,False,False
HILL.JK,16.0,16.0,16.0,16.0,16.0,16.0,17.23,0.0,0.0,0,True,False
HGII.JK,141.0,141.66666666666666,137.2,130.3,126.3,124.01139999389649,129.1194795227051,17.655266672770168,2.7776400359850113,4228600,False,False
HEXA.JK,4490.0,4476.666666666667,4418.0,4386.0,4422.5,4428.8,4430.1,10.4,0.9725556607623325,408400,False,False
HERO.JK,336.0,333.3333333333333,333.2,334.8,337.9,329.48,365.61,4.2099999999999795,1.347489411371553,219000,True,False
HELI.JK,194.0,196.0,195.0,196.3,194.35,187.42,186.77,8.880000000000024,1.824227414126893,954100,False,False
HEAL.JK,710.0,673.3333333333334,664.0,671.0,719.25,801.4,912.4820959472656,27.479999999999997,4.00222441535189,51179000,False,False
HDIT.JK,50.0,50.0,50.0,50.1,50.4,50.38,54.01,0.3999999999999986,0.6200544431702728,181900,True,False
HDFA.JK,102.0,101.66666666666667,101.6,99.8,99.2,93.16,96.69,8.840000000000003,1.4518857876694147,407700,False,False
HBAT.JK,254.0,270.0,268.4,244.0,232.5,264.64,340.81,18.75,6.379694620502272,954700,False,False
HATM.JK,585.0,580.0,573.0,595.5,580.25,490.76,400.9690515136719,20.948,4.753975904786863,20114900,False,False
HALO.JK,71.0,70.33333333333333,69.2,68.4,69.3,66.26,69.46,4.739999999999995,1.7442710509310666,6258100,True,True
HAJJ.JK,112.0,111.66666666666667,111.6,112.4,109.65,105.86,114.76,6.540000000000006,2.5046355038507353,4960200,False,False
HAIS.JK,183.0,184.0,183.2,182.8,182.65,180.14,182.1,3.8600000000000136,0.9415234999568309,680100,True,False
HADE.JK,16.0,16.666666666666668,16.4,16.8,17.7,17.4,17.57,1.6999999999999993,4.631473505041967,2134300,False,False
GZCO.JK,187.0,184.33333333333334,179.2,178.9,176.1,158.46,171.61,28.539999999999992,4.269258665598694,26225700,False,False
GWSA.JK,169.0,170.66666666666666,171.0,161.9,149.25,131.82,135.42,39.18000000000001,2.8204737415451575,1613800,False,False
GUNA.JK,218.0,217.33333333333334,218.0,216.6,210.5,191.68,190.76605529785155,13.159999999999997,1.9508652733063354,41100,False,False
GULA.JK,750.0,755.0,760.0,753.5,758.5,711.2,574.18,9.759999999999991,2.9536649984016297,25351100,False,False
GTSI.JK,175.0,171.66666666666666,170.4,177.1,178.45,153.2392250061035,173.47294654846192,25.21077499389648,3.6460871188728627,33910300,False,False
GTRA.JK,274.0,239.33333333333334,232.0,230.0,235.8,218.46,221.99,27.769999999999996,7.962477181562338,8749600,False,False
GTBO.JK,170.0,170.0,170.0,170.0,170.0,170.32,187.07,0.3199999999999932,0.0,0,True,False
GSMF.JK,97.0,99.0,96.4,94.9,91.05,86.54,95.82,12.459999999999994,4.145521330139906,3663200,False,False
GRPM.JK,191.0,193.66666666666666,186.0,180.6,203.45,230.42,258.09,49.81999999999999,4.916726637014323,5403900,False,False
GRPH.JK,97.0,96.66666666666667,90.0,82.5,71.95,63.8,62.58,33.2,10.72728612207129,32451200,False,False
GRIA.JK,167.0,174.0,187.4,178.6,161.75,132.34,123.85,55.06,12.224591283217656,10409300,False,False
GPSO.JK,298.0,298.0,298.8,294.8,292.7,315.72,359.04,11.51000000000002,3.1160726490049275,37777700,False,False
GPRA.JK,111.0,111.66666666666667,110.6,110.5,108.65,103.74607833862305,105.7099983215332,7.920588328043621,1.8131005036626595,80813400,False,False
GOTO.JK,50.0,50.0,50.0,50.0,50.0,50.0,50.53,0.0,0.0,6719800,True,False
GOOD.JK,320.0,316.6666666666667,312.4,309.2,305.3,304.4,319.29755767822263,7.800000000000011,1.146965586063688,334400,False,False
GOLF.JK,162.0,161.66666666666666,161.2,161.3,162.65,164.3,171.85785614013673,3.1000000000000227,1.1980296643746806,2001500,True,False
GOLD.JK,270.0,272.6666666666667,274.8,274.8,272.2,261.92,268.24,6.439999999999998,3.121818965195628,40200,False,False
GMTD.JK,1480.0,1425.0,1419.0,1353.0,1318.25,1309.2,1466.6993530273437,34.15999999999999,5.215648305460436,46400,False,False
GMFI.JK,59.0,59.0,58.2,59.0,58.8,55.24,56.51,3.759999999999998,2.4244330064598243,111348800,True,True
GLVA.JK,318.0,316.6666666666667,314.0,312.2,310.6,303.08365844726563,314.0514669799805,7.458170776367183,1.629302288552103,60900,False,False
GJTL.JK,1405.0,1401.6666666666667,1410.0,1381.5,1344.5,1222.8,1164.4710681152344,37.44000000000001,1.7138461245046774,5243500,False,False
GIAA.JK,66.0,65.33333333333333,65.0,68.8,66.35,58.48,60.9,10.32,3.6575897494855063,216424400,False,False
GHON.JK,1640.0,1630.0,1630.0,1621.0,1614.25,1609.8,1713.0,6.040000000000009,0.565312530641525,18300,False,False
GGRP.JK,312.0,308.0,305.6,303.8,302.6,296.48,288.15521484375,7.759999999999991,0.9485048149715436,2173300,False,False
GGRM.JK,20325.0,20216.666666666668,19965.0,20145.0,20290.0,18161.825,16484.2625,86.52699999999997,2.844437348998275,1687000,False,False
GEMS.JK,7125.0,7025.0,6930.0,6810.0,6681.25,6468.5,7025.5,26.26,1.0127191713302652,113400,False,False
GEMA.JK,94.0,86.66666666666667,84.8,83.4,82.1,80.26,82.27928466796875,13.739999999999995,4.220915895447736,84331300,False,False
GDYR.JK,1125.0,1121.6666666666667,1119.0,1111.0,1105.75,1095.7,1097.95,5.8599999999999905,0.8270119240842356,3600,True,False
GDST.JK,112.0,112.0,111.8,112.4,114.6,98.26,96.23,16.33999999999999,1.541149123326908,2940900,False,False
FWCT.JK,90.0,90.33333333333333,89.6,91.5,92.35,86.84,87.39,5.509999999999991,3.0736072124056015,1877900,True,True
FUTR.JK,368.0,360.6666666666667,341.6,334.2,335.8,266.66,237.33,50.66999999999999,7.885211320633699,68954200,False,False
FUJI.JK,280.0,301.3333333333333,313.6,306.6,256.6,228.7,273.77,42.45000000000002,12.67401426520438,3611700,False,False
FPNI.JK,615.0,618.3333333333334,630.0,574.4,500.3,399.04,407.74,46.19199999999999,10.048504302895406,6595300,False,False
FORU.JK,2640.0,2370.0,2209.0,2245.5,2301.75,2754.3,2249.75,54.530000000000015,9.521244461395383,4095100,False,False
FORE.JK,825.0,833.3333333333334,825.0,817.0,802.75,699.4,777.95,26.78666666666668,2.821859226022225,4822100,False,False
FOOD.JK,176.0,176.0,176.0,176.0,176.0,175.94,177.57,0.060000000000002274,0.0,0,True,False
FOLK.JK,163.0,168.0,172.2,177.5,191.85,198.68,241.36,35.68000000000001,6.156570197668769,16683200,False,False
FMII.JK,254.0,254.0,252.4,253.6,252.1,251.12,245.74,1.4399999999999977,2.7348923938240275,8600,True,False
FLMC.JK,94.0,86.33333333333333,84.4,81.0,77.7,68.94,108.93,25.060000000000002,4.911154161173103,21647000,False,False
FITT.JK,390.0,389.3333333333333,384.4,386.6,371.4,371.16,384.36,9.419999999999987,3.1276835784903505,2660500,False,False
FISH.JK,620.0,616.6666666666666,614.0,607.5,605.25,610.2,665.3307373046875,2.95,1.0582251028567513,22400,True,False
FIRE.JK,121.0,115.33333333333333,113.4,111.9,110.1,106.82,117.33,14.180000000000007,5.1645311831684175,71398900,False,False
FILM.JK,840.0,811.6666666666666,807.0,808.5,907.0,1243.3,1774.55,87.25999999999999,6.2155783306471974,63552500,False,False
FAST.JK,466.0,470.0,468.8,475.2,431.6,332.2,304.26,71.5,7.233688635228264,8581200,False,False
FAPA.JK,7450.0,7458.333333333333,7455.0,7450.0,7406.25,7368.1094921875,7194.912119140625,3.6089536458333167,0.3090318665235076,359100,True,False
EXCL.JK,2770.0,2786.6666666666665,2766.0,2797.0,2676.0,2563.4,2742.4,23.359999999999992,2.516011850559949,4177500,False,False
EURO.JK,1325.0,1360.0,1386.0,1509.0,1663.25,1748.9,2042.317374267578,84.78000000000002,2.113090726754259,179300,False,False
ESTI.JK,161.0,159.66666666666666,159.0,160.3,166.35,143.96,146.48848205566406,22.389999999999986,2.69785782095637,1164900,False,False
ESTA.JK,173.0,171.66666666666666,170.6,171.6,176.05,179.46,188.97,8.860000000000014,1.5755186571964495,195800,False,False
ESSA.JK,695.0,653.3333333333334,636.0,632.5,643.0,609.0490344238282,648.9432360839844,17.190193115234365,3.5627238565387755,396346000,False,False
ESIP.JK,122.0,120.33333333333333,119.8,122.6,124.9,128.60362243652344,129.12559074401855,8.80362243652344,2.545012206243078,8097500,False,False
ERTX.JK,185.0,184.0,182.8,183.5,187.9,165.52,173.18,22.379999999999995,1.2223684943506308,259600,False,False
ERAL.JK,304.0,303.3333333333333,300.4,301.2,304.0,289.9783459472656,287.6845129394531,7.0108270263671955,2.8976163342036805,5349400,False,False
ERAA.JK,498.0,493.3333333333333,488.8,479.4,467.0,402.96917846679685,380.4070993041992,47.515410766601576,2.2062312054205577,122079000,False,False
EPMT.JK,2380.0,2386.6666666666665,2388.0,2387.0,2367.0,2336.8,2335.4,5.1199999999999815,1.9919981144893315,87800,True,False
EPAC.JK,57.0,56.666666666666664,55.0,56.6,58.35,64.52,66.38,9.519999999999996,4.7629182864793655,52948500,False,False
ENZO.JK,79.0,73.33333333333333,71.4,72.8,75.05,69.66,71.98,9.340000000000003,6.872714238968429,241136500,False,False
ENRG.JK,1340.0,1301.6666666666667,1274.0,1282.0,1236.6208404541017,1251.8483361816407,1413.4241680908203,20.67583190917967,2.519010419387841,96864100,False,False
ENAK.JK,236.0,235.33333333333334,235.6,239.0,239.6,259.88,288.06,12.273333333333326,1.9754721178290997,1809400,False,False
EMTK.JK,535.0,521.6666666666666,515.0,523.5,520.5,520.18,621.4497314453125,4.0,3.024336952931341,52530400,True,False
EMDE.JK,80.0,77.0,76.0,76.1,76.8,72.2,71.46,7.799999999999997,2.0811642771866965,70585000,False,False
EMAS.JK,8800.0,9233.333333333334,9190.0,8597.5,8005.0,6812.0,7390.25,96.85333333333335,4.782490606654552,35124800,False,False
ELTY.JK,39.0,38.666666666666664,38.0,38.4,38.05,30.3,33.14,8.7,4.893469252294662,98494800,False,False
ELSA.JK,730.0,713.3333333333334,702.0,708.5,701.5,650.0,642.9594342041015,16.0,2.778812043183418,20494900,False,False
ELPI.JK,655.0,666.6666666666666,662.0,671.0,693.5,880.2819921875,1241.6324548339844,45.0563984375,2.637991895042536,1070900,False,False
ELIT.JK,266.0,265.3333333333333,258.4,227.8,200.3,183.58,189.16,41.209999999999994,12.352756545042421,27953200,False,False
EKAD.JK,412.0,413.3333333333333,416.8,370.4,289.1,216.98,191.21722106933595,99.91000000000001,8.328554824730615,7076600,False,False
ECII.JK,159.0,158.0,157.4,156.7,157.75,146.32,153.95,12.680000000000007,1.3105973486124038,1487700,False,False
EAST.JK,91.0,90.33333333333333,90.2,90.4,90.54456596374511,88.45695724487305,87.61371627807617,2.5430427551269474,0.902239214599089,1667900,True,True
DYAN.JK,89.0,88.66666666666667,88.2,89.0,87.05,82.08,81.49,6.920000000000002,2.7143915384430373,5848300,False,False
DWGL.JK,242.0,262.0,273.2,293.0,336.5,279.88,272.6,47.25,6.972928944764477,21668400,False,False
DVLA.JK,1600.0,1586.6666666666667,1583.0,1582.0,1581.75,1562.0641381835937,1541.1567883300781,7.587172363281252,0.45241966417920476,94900,False,False
DUTI.JK,4800.0,4813.333333333333,4810.0,4777.0,4542.0,4308.574716796875,4010.0531689453123,50.47586165364582,1.6967026361562527,1200,False,False
DSSA.JK,1135.0,1130.0,1120.0,1075.0,1007.75,899.0,1179.03,47.2,3.4809835856454625,427477400,False,False
DSNG.JK,1710.0,1620.0,1579.0,1493.5,1417.0,1287.5,1348.6458801269532,84.5,2.652788939670827,13355700,False,False
DSFI.JK,88.0,88.0,87.6,86.4,84.2,77.86,82.55,10.14,2.0924054072767166,5636300,False,False
DRMA.JK,1020.0,1018.3333333333334,1012.0,1010.0,989.25,940.7,953.4266668701172,15.85999999999999,0.8798932845993997,511200,False,False
DPUM.JK,96.0,94.0,93.8,94.8,96.45,97.56,125.04,3.760000000000005,2.311082057577795,18956900,True,False
DOSS.JK,170.0,171.0,169.8,168.9,169.8,149.42259033203126,145.24539710998536,21.577409667968737,1.4733964867176823,1168100,False,False
DOOH.JK,326.0,326.0,326.0,326.0,298.8,208.92,178.47,58.540000000000006,3.4419348682104873,0,False,False
DOID.JK,244.0,236.66666666666666,233.6,227.0,220.3,212.42,221.46,15.790000000000006,3.885953297843861,7258500,False,False
DNET.JK,9950.0,9950.0,9900.0,9960.0,9871.25,9867.0,9758.0,3.72,2.603937595546228,10000,True,False
DNAR.JK,133.0,130.66666666666666,128.4,127.8,125.85,119.2,124.35,13.799999999999997,1.7995654676627628,3119500,False,False
DMND.JK,630.0,623.3333333333334,621.0,619.5,622.5,616.9023999023437,616.4107983398437,2.619520019531251,1.8748485500870393,56100,True,False
DMMX.JK,187.0,191.0,191.0,188.2,188.35,174.81258850097657,182.79694320678712,16.187411499023426,4.462558995082802,3076700,False,False
DMAS.JK,198.0,201.66666666666666,190.2,178.8,163.2,148.17470184326172,139.5291721343994,53.49196482340494,5.557126408118195,822081600,False,False
DLTA.JK,1805.0,1790.0,1788.0,1787.0,1785.0,1765.757001953125,1767.7294030761718,7.8485996093750146,0.4808505702523074,162500,False,False
DKHH.JK,68.0,65.66666666666667,65.0,64.7,64.25,62.44,65.35,5.560000000000002,2.075171074052077,34195800,True,True
DKFT.JK,675.0,670.0,665.0,665.0,668.75,655.8,692.75,3.840000000000009,1.5173124003191527,2561300,True,False
DIVA.JK,138.0,137.66666666666666,136.4,136.7,136.85,122.9,133.45,15.099999999999994,2.8898118843623233,1557600,False,False
DILD.JK,126.0,122.66666666666667,121.0,119.3,117.75,115.42,119.27,10.579999999999998,1.6206630908092923,32350600,False,False
DIGI.JK,29.0,29.0,29.0,29.0,29.0,29.0,31.72,0.0,0.0,0,True,False
DGWG.JK,344.0,352.0,348.0,341.4,327.4,302.31,322.7798336791992,24.845,3.0639457113786497,8694200,False,False
DGNS.JK,244.0,241.33333333333334,237.2,231.2,232.8,231.2,243.06,6.400000000000006,1.992699151289019,1988000,False,False
DGIK.JK,146.0,140.33333333333334,137.8,136.4,131.75,128.8,130.13,17.19999999999999,3.4705278203988588,14116800,False,False
DFAM.JK,83.0,82.66666666666667,81.8,81.2,81.15,81.74,94.88,1.8499999999999943,2.1858781288255327,7118500,True,False
DEWI.JK,151.0,152.0,150.2,148.5,138.9,127.16,125.22,24.840000000000003,3.0043410153547887,36719800,False,False
DEWA.JK,462.0,447.3333333333333,442.0,446.2,454.9,401.3530322265625,415.29300033569336,30.323483886718748,3.9352539295715903,700502100,False,False
DEPO.JK,248.0,249.33333333333334,250.4,251.0,246.9,245.47573669433595,250.92702529907226,2.762131652832025,1.7550343812629117,493700,True,False
DEFI.JK,108.0,105.66666666666667,104.6,105.6,106.75,106.92,125.24,3.4000000000000057,2.9505630598818513,15420100,True,False
DCII.JK,192200.0,198516.66666666666,200590.0,202487.5,201465.0,195278.5,195411.75,411.5,1.2599424797893244,1700,False,False
DAYA.JK,1130.0,1126.6666666666667,1127.0,1073.5,1032.75,1009.3,1028.9,24.140000000000008,2.3452629818587307,29500,False,False
DATA.JK,1825.0,1821.6666666666667,1830.0,1875.5,1905.5,2009.9,1953.5,37.64666666666667,2.061766224466565,4298000,False,False
DART.JK,164.0,163.66666666666666,163.4,164.8,158.7,137.24,138.89,27.560000000000002,1.4478518370319515,414200,False,False
DADA.JK,50.0,50.0,50.0,50.0,50.0,50.0,50.0,0.0,0.0,362100,True,False
DAAZ.JK,1685.0,1688.3333333333333,1678.0,1710.5,1674.75,1614.8,1815.344434814453,19.140000000000008,2.4407474247845715,768500,False,False
CYBR.JK,550.0,536.6666666666666,536.0,545.5,558.0,578.3,604.525,8.45999999999999,1.5708981753013884,30113600,False,False
CUAN.JK,905.0,843.3333333333334,823.0,825.5,784.0,698.5,842.11,41.3,4.798729447751014,950010800,False,False
CTTH.JK,129.0,126.66666666666667,125.2,128.2,129.55,125.46,136.92,4.3500000000000085,3.903614088125772,8983500,False,False
CTRA.JK,640.0,636.6666666666666,627.0,625.5,614.75,575.2378930664063,599.7278845214844,12.952421386718743,1.8019393107079402,5425200,False,False
CTBN.JK,3110.0,3120.0,3140.0,3384.0,3698.5,4529.7,4945.157963867187,141.96999999999997,4.374248298388823,105800,False,False
CSRA.JK,765.0,766.6666666666666,767.0,765.0,754.5,761.4,809.7,2.5,1.447000883704664,420300,True,False
CSMI.JK,183.0,183.0,174.4,158.2,128.85,95.7,94.08,87.3,12.361824543388947,0,False,False
CSIS.JK,222.0,222.0,219.2,221.8,210.8,181.8292007446289,171.01980125427247,20.085399627685547,3.814760162572023,1673600,False,False
CSAP.JK,302.0,292.6666666666667,291.6,290.6,290.5,285.75365356445315,281.4783428955078,8.123173217773427,1.8845774892861142,1153000,False,False
CRSN.JK,135.0,134.0,132.6,127.4,122.0,109.4,108.60714256286622,25.599999999999994,3.468669085415036,1453700,False,False
CRAB.JK,208.0,208.0,208.0,208.0,208.0,208.24,209.56,0.12000000000000455,0.0,0,True,False
CPRO.JK,50.0,50.0,50.0,50.1,50.6,50.36,52.34,0.6000000000000014,0.8188380769486945,3466200,True,False
CPIN.JK,3060.0,3033.3333333333335,3018.0,3013.0,3066.0,3120.0,3507.7502905273436,10.7,1.8937078033704962,93014400,False,False
COIN.JK,830.0,813.3333333333334,803.0,799.5,744.25,710.3,871.0,23.94000000000001,8.862198228549518,240088100,False,False
COCO.JK,129.0,111.66666666666667,106.6,103.9,104.1,126.07169082641602,213.525845413208,25.099999999999994,7.33692275643648,4190605600,False,False
COAL.JK,31.0,31.0,31.0,31.0,29.0,24.8,38.37,6.199999999999999,0.0,0,False,False
CNMA.JK,93.0,93.0,92.6,92.7,94.0,91.0,94.48348052978515,3.0,1.5146056554631364,30479500,True,False
CNKO.JK,37.0,37.0,37.0,37.0,37.0,36.94,42.74,0.060000000000002274,0.0,0,True,False
CMRY.JK,4830.0,4783.333333333333,4732.0,4700.0,4673.0,4600.0,4555.92796875,23.0,1.4398187549803343,2452200,False,False
CMPP.JK,69.0,69.0,69.0,69.0,69.0,69.16,72.98,0.1599999999999966,0.0,0,True,False
CMNT.JK,745.0,750.0,749.0,763.5,778.5,785.3,791.75,8.059999999999992,1.5283068990152973,27541200,False,False
CMNP.JK,1405.0,1396.6666666666667,1390.0,1380.0,1374.5,1354.2,1409.05,10.159999999999991,0.9403123846045355,58100,False,False
CLPI.JK,1610.0,1601.6666666666667,1597.0,1598.5,1597.75,1543.5790258789064,1492.4825256347656,13.28419482421873,0.44406587391647484,466600,False,False
CLEO.JK,408.0,406.6666666666667,404.4,399.4,390.6,383.6415740966797,385.61523803710935,12.179212951660162,2.167482527917807,11526500,False,False
CLAY.JK,2760.0,2723.3333333333335,2724.0,2740.0,2741.5,2621.2,2711.6,13.880000000000019,1.80057083687747,10500,False,False
CITY.JK,176.0,176.0,175.6,176.1,175.7,169.84,176.28,6.259999999999991,1.2036808956452858,332900,False,False
CITA.JK,3300.0,3280.0,3260.0,3235.0,3240.5,3173.4,3269.616188964844,12.659999999999991,0.7029495343198611,177400,False,False
CINT.JK,184.0,183.0,181.2,180.5,178.7,171.64,181.41,12.360000000000014,0.9521950390588311,137900,False,False
CHIP.JK,830.0,830.0,839.0,861.0,883.75,913.1572534179687,958.014634399414,16.631450683593744,1.3998272246778805,60500,False,False
CHEM.JK,70.0,70.33333333333333,69.8,69.9,68.55,64.76,72.38974967956543,5.5733333333333235,3.291074354760517,14562200,True,False
CHEK.JK,134.0,133.66666666666666,133.0,134.7,133.85,129.74,130.55,4.9599999999999795,1.4275579321914338,210200,True,False
CGAS.JK,151.0,150.0,149.6,150.3,151.4,149.5733334350586,156.18110977172853,1.8266665649414051,1.0727740867157265,4605000,True,False
CFIN.JK,360.0,355.3333333333333,353.6,354.6,352.1,339.3170373535156,317.22381408691405,10.341481323242192,1.1407499315812664,1699000,False,False
CENT.JK,105.0,104.33333333333333,104.6,97.3,89.6,81.68,86.22,23.319999999999993,8.736448223165945,10718900,False,False
CEKA.JK,2180.0,2183.3333333333335,2182.0,2193.0,2199.5,2180.2,2177.706640625,1.95,0.7665285301769919,30900,True,False
CDIA.JK,695.0,680.0,673.0,685.5,686.75,660.2,790.8545471191406,6.959999999999991,3.4777812051792583,61207700,False,False
CCSI.JK,296.0,274.0,265.2,260.8,257.1,252.16,254.5,21.92,3.8547153168413075,2892300,False,False
CBUT.JK,925.0,948.3333333333334,915.0,846.0,829.5,795.7,764.31,30.526666666666664,8.46035389145198,212400,False,False
CBRE.JK,710.0,706.6666666666666,694.0,694.5,687.75,688.9,764.8,4.45,2.5213080617204993,11630600,True,False
CBPE.JK,482.0,494.0,504.4,515.7,507.7,374.83634887695314,336.7312368774414,70.43182556152345,2.6772062465499826,50200,False,False
CBDK.JK,3830.0,3803.3333333333335,3798.0,3830.0,3796.5,3619.6,3953.0439111328124,21.04000000000001,2.048446560533421,2851400,False,False
CASS.JK,1845.0,1861.6666666666667,1862.0,1861.0,1882.0,1858.5,1826.65,7.4,0.9382414762400405,212800,False,False
CASH.JK,240.0,244.66666666666666,242.4,232.2,225.8,207.02,206.53,18.823333333333323,3.5743190736271693,2003400,False,False
CASA.JK,1800.0,1805.0,1804.0,1825.0,1819.0,1834.4,1613.9,6.8800000000000185,3.1123529944563795,6100,False,False
CARS.JK,111.0,108.33333333333333,105.8,101.9,96.8,90.4,91.41,20.599999999999994,3.5509340858417593,6026200,False,False
CARE.JK,450.0,446.6666666666667,444.8,439.4,432.4,425.88,418.34,12.060000000000002,0.5670939048754938,135600,False,False
CANI.JK,135.0,135.0,135.0,135.0,135.0,134.54,140.82,0.46000000000000796,0.0,0,True,False
CAMP.JK,170.0,170.33333333333334,170.2,170.0,170.5,170.58,181.45,0.5800000000000125,0.5859447906785135,601800,True,False
CAKK.JK,159.0,157.33333333333334,153.8,148.8,144.65,139.64,147.37,19.360000000000014,1.8487476567665801,229100,False,False
BYAN.JK,14050.0,14233.333333333334,14605.0,15282.5,13785.0,12594.0,11659.45484375,107.54,7.801751714631925,534900,False,False
BWPT.JK,109.0,108.0,104.4,103.7,97.25,85.14,96.16,23.86,8.32339314571679,163328300,False,False
BVIC.JK,96.0,94.33333333333333,93.2,93.1,92.95,88.52,94.09,7.480000000000004,1.6159182046214378,4375300,False,False
BUVA.JK,790.0,748.3333333333334,737.0,738.0,748.75,807.2,884.7,14.04000000000001,3.6584503874436702,251415500,False,False
BUMI.JK,206.0,196.0,193.2,191.2,185.1,165.22,182.97,20.39,3.803827316953358,2697879304,False,False
BULL.JK,446.0,440.6666666666667,434.4,443.6,441.6,396.2,415.67,24.900000000000006,4.262302685102359,242519000,False,False
BUKK.JK,995.0,990.0,990.0,1004.0,1008.75,1057.3,1076.35,13.45999999999999,1.4910662920261133,50000,False,False
BUKA.JK,113.0,107.66666666666667,107.6,111.1,114.25,108.76,123.14,6.650000000000006,3.3194834087280913,370491200,False,False
BUDI.JK,236.0,236.0,236.0,227.4,222.4,212.32,210.56,11.840000000000003,2.558982802719192,244700,False,False
BUAH.JK,505.0,503.3333333333333,506.0,508.0,509.25,509.7,509.76806182861327,1.2733333333333348,0.9775963319357827,200000,True,False
BTPS.JK,985.0,985.0,981.0,984.0,986.5,993.4,990.2507373046875,2.4799999999999955,0.5603807023785419,3122100,True,False
BTPN.JK,2270.0,2250.0,2238.0,2202.0,2183.0,2179.2,2159.723408203125,9.080000000000018,1.376064559129188,23500,False,False
BTON.JK,366.0,362.6666666666667,361.6,362.8,363.7,357.0,365.2,4.5,0.9212807247980008,23600,True,False
BTEK.JK,9.0,9.666666666666666,10.0,10.2,10.45,10.54,11.53,1.5399999999999991,8.843086771864746,149259400,False,False
BSSR.JK,4730.0,4666.666666666667,4600.0,4529.0,4428.5,4262.05935546875,3923.8916137695314,46.794064453124975,1.4676177107077613,1623800,False,False
BSML.JK,515.0,513.3333333333334,517.0,517.0,518.0,512.42,459.83,1.116000000000008,1.233914991786519,14633300,True,True
BSIM.JK,1100.0,895.0,821.0,763.0,730.0,711.8,768.5,77.64000000000001,10.664463248117693,578000,False,False
BSDE.JK,650.0,646.6666666666666,642.0,638.5,613.5,584.9,647.7,13.020000000000005,2.575551976480659,38800700,False,False
BSBK.JK,50.0,50.0,50.0,51.0,52.1,51.88,54.14,2.1000000000000014,1.2824623154441062,2306200,True,False
BRRC.JK,75.0,75.33333333333333,75.8,74.9,67.85,61.82,65.72,13.979999999999997,10.97299158236763,30235600,False,False
BRPT.JK,1830.0,1815.0,1807.0,1836.5,1854.0,1723.6733471679688,1817.836199951172,26.06533056640624,2.9909774688125124,99984700,False,False
BRNA.JK,600.0,595.0,596.0,618.0,632.75,605.5,623.9,7.55,1.8686981355303736,426900,False,False
BRMS.JK,730.0,743.3333333333334,743.0,709.5,658.25,590.46,653.8,30.574666666666666,4.314846244948223,353790700,False,False
BRIS.JK,1790.0,1783.3333333333333,1783.0,1784.5,1788.75,1783.2,1829.7551965332032,1.4,1.057609102893671,21531900,True,False
BREN.JK,3420.0,3366.6666666666665,3362.0,3409.0,3425.0,3416.621376953125,3840.1222705078126,6.3,1.9318022502903622,24522500,False,False
BRAM.JK,4660.0,4630.0,4606.0,4590.0,4575.0,4521.6,4438.100256347656,13.839999999999964,1.5826503007006938,600,False,False
BPTR.JK,76.0,75.66666666666667,76.2,76.5,76.0,72.54,76.05,3.9599999999999937,0.9691831997417374,1516500,True,False
BPII.JK,492.0,489.3333333333333,494.49199829101565,496.0072265625,469.0585021972656,448.4800836181641,455.76176879882814,23.763571472167968,2.577604546172678,28000,False,False
BPFI.JK,244.0,242.0,241.6,246.8,253.8,251.4780178833008,254.89990310668946,6.1000000000000085,2.1342838311735504,122100,False,False
BOLT.JK,795.0,791.6666666666666,796.0,795.0,797.25,788.9,811.9888891601563,1.6700000000000046,1.72012087131489,18500,True,False
BOLA.JK,154.0,150.33333333333334,149.0,149.1,151.75,155.12,157.92,6.1200000000000045,1.3476737067053262,1041600,False,False
BOGA.JK,1655.0,1605.0,1597.0,1584.0,1624.75,1561.6,1444.25,18.680000000000017,2.9181088905959225,19000,False,False
BOBA.JK,214.0,212.66666666666666,211.2,211.0,212.6,241.8,249.83216598510742,15.400000000000006,1.6118233926360976,578900,False,False
BOAT.JK,145.0,148.0,146.4,143.9,139.7,124.76,126.91,23.239999999999995,1.8678301420224628,7021100,False,False
BNLI.JK,2170.0,2160.0,2158.0,2158.0,2162.5,2292.8,2721.1691772460936,13.480000000000018,0.7996053783783525,32500,False,False
BNII.JK,195.0,194.33333333333334,193.2,193.1,193.4,190.5,193.3641062927246,4.5,0.536419153855191,1390400,True,True
BNGA.JK,1690.0,1690.0,1683.0,1679.0,1663.0,1621.9,1632.2544006347657,13.619999999999981,0.9384536386070131,3826900,False,False
BNBR.JK,101.0,99.0,98.6,100.2,101.1,95.99647094726562,124.10768531799316,5.103529052734373,3.5748511594951182,1474824600,True,False
BNBA.JK,785.0,761.6666666666666,739.0,736.0,736.0,739.8,735.65,9.8,3.302411144818809,924700,False,False
BMTR.JK,114.0,113.66666666666667,113.6,114.9,114.85,115.34,130.08,1.740000000000009,1.7934486015133775,58298100,True,False
BMSR.JK,310.0,310.6666666666667,311.2,310.6,307.8,303.64,308.62,3.780000000000001,1.4095018598095432,103100,True,False
BMRI.JK,4320.0,4266.666666666667,4234.0,4203.0,4192.5,4156.2,4171.538325195313,16.380000000000017,1.0609091461624738,191597900,False,False
BMHS.JK,193.0,193.33333333333334,192.2,190.6,190.25,183.05940002441406,182.85814895629883,10.273933308919283,0.5621604345932354,598300,False,False
BMBL.JK,28.0,27.333333333333332,27.2,27.8,30.05,31.06,32.87,3.8599999999999994,5.669591069326745,8279900,False,False
BMAS.JK,515.0,511.6666666666667,511.6,506.6,498.5,487.24,490.63,5.551999999999998,2.841027000313801,108000,True,False
BLUE.JK,2750.0,2743.3333333333335,2746.0,2650.0,2538.0,2754.6,2988.2893872070313,21.65999999999999,5.181344047670217,199000,False,False
BLTA.JK,34.0,33.333333333333336,32.6,32.7,32.8,32.86,35.85,1.3999999999999986,3.0526334100426307,4854500,True,False
BLOG.JK,384.0,382.6666666666667,382.4,382.2,378.2,361.4,357.5679315185547,11.300000000000011,0.7159260502270173,633400,False,False
BLES.JK,204.0,204.66666666666666,204.4,207.2,205.95,173.12,161.28546875,17.039999999999992,3.3935937505605605,9027500,False,False
BKSW.JK,53.0,52.0,51.8,52.1,52.1,51.94,53.96,1.2000000000000028,1.67809725276727,2245400,True,False
BKSL.JK,76.0,74.33333333333333,74.0,75.7,74.2,68.32,80.19,7.680000000000007,3.1357923428960857,308230200,False,False
BKDP.JK,151.0,147.33333333333334,156.0,162.5,165.75,146.16,123.62,19.590000000000003,5.424092989726493,12251000,False,False
BJTM.JK,530.0,525.0,523.0,520.5,518.25,515.9,518.9602099609375,2.8200000000000047,0.46451628601327805,6073600,True,True
BJBR.JK,795.0,791.6666666666666,790.0,790.0,789.5,779.4,775.0368603515625,3.1200000000000045,0.62833347928999,3027100,True,True
BISI.JK,725.0,721.6666666666666,715.0,701.0,693.5,664.7,697.6708520507813,12.059999999999992,1.5553246401667062,192800,False,False
BIRD.JK,1630.0,1630.0,1627.0,1637.5,1627.75,1590.339404296875,1507.2967150878906,9.432119140624991,0.6434626271936674,873000,False,False
BIPP.JK,66.0,66.66666666666667,66.6,67.4,67.7,63.86,67.14,3.8400000000000034,6.3336934838393,32686600,False,False
BIPI.JK,151.0,148.66666666666666,146.8,148.7,149.95,142.26,177.01,8.740000000000009,4.517376391242819,474529900,False,False
BINO.JK,116.0,116.33333333333333,115.4,115.0,113.8,105.46,108.81,10.873333333333335,1.4367502952924505,265900,False,False
BINA.JK,4160.0,4213.333333333333,4190.0,4188.0,4127.0,4013.4,4018.7,19.993333333333293,3.479665849426774,332200,False,False
BIKE.JK,785.0,873.3333333333334,803.0,655.3,582.65,539.06,529.9,66.85466666666669,13.957137375382917,2265800,False,False
BHIT.JK,26.0,25.666666666666668,25.2,25.4,25.7,26.0,28.49,0.8000000000000007,3.247638599968082,6916200,True,False
BHAT.JK,1770.0,1770.0,1770.0,1770.0,1770.0,1761.6,1507.95,1.6800000000000181,0.0,0,True,False
BGTG.JK,123.0,119.0,115.4,112.8,112.15,110.56,113.34,12.439999999999998,3.089548558826423,31267700,False,False
BFIN.JK,980.0,943.3333333333334,918.0,906.0,907.75,828.7,770.9308551025391,30.25999999999999,2.8048528351340143,54484600,False,False
BEST.JK,135.0,133.33333333333334,128.0,125.6,117.75,106.86,105.74,28.14,5.87256468833426,95530400,False,False
BESS.JK,900.0,908.3333333333334,905.0,911.5,904.5,911.2648864746094,989.5760052490234,2.3,2.4422302995055265,3721800,True,False
BELL.JK,115.0,114.0,114.2,114.7,115.35,110.74,120.42,4.609999999999999,1.631289609850868,12273800,True,False
BELI.JK,326.0,282.6666666666667,273.6,268.8,263.3,265.0,310.12,31.349999999999994,7.91019959280725,8279400,False,False
BEKS.JK,23.0,23.0,23.0,23.1,22.85,21.62,23.19,1.4800000000000004,3.192974232430542,25325100,True,False
BEER.JK,83.0,85.0,81.4,80.9,78.3,78.18,96.71,6.819999999999993,5.179094819059477,23466900,False,False
BEEF.JK,446.0,443.3333333333333,454.4,466.0,442.4,329.42,260.6,68.28999999999999,5.3975014186135155,5557700,False,False
BDMN.JK,4370.0,4316.666666666667,4292.0,4293.0,4282.5,4138.6,4039.8670556640627,23.139999999999965,1.6209216175758971,3447900,False,False
BDKR.JK,155.0,155.66666666666666,156.6,158.8,161.1,151.55360717773436,149.5006536102295,9.54639282226563,1.5455890126823282,11294800,False,False
BCIP.JK,62.0,62.333333333333336,62.4,63.3,63.1,61.34,64.75,1.9599999999999937,1.8243098571998013,7009900,True,False
BCIC.JK,141.0,137.66666666666666,133.8,131.9,129.9,126.92,123.64,14.079999999999998,2.1491739570587884,1730400,False,False
BCAP.JK,50.0,50.0,50.0,50.0,50.0,50.04,50.71,0.03999999999999915,0.0,78400,True,False
BBYB.JK,266.0,258.0,252.8,252.8,255.2,240.32,262.48,12.840000000000003,2.4210150064983305,99902000,False,False
BBTN.JK,1240.0,1238.3333333333333,1228.0,1219.5,1219.75,1198.7,1253.6,8.259999999999991,1.0130122170352192,23761300,False,False
BBSS.JK,104.0,103.66666666666667,101.6,103.2,101.5,97.84,122.67,6.159999999999997,2.553547015700078,50889900,False,False
BBSI.JK,4680.0,4680.0,4678.0,4674.0,4669.5,4687.2,4635.4,1.7699999999999818,0.331149348687267,4900,True,False
BBRM.JK,119.0,116.0,114.8,115.0,115.95,114.68,123.25,4.319999999999993,1.6579946862922201,10249100,True,False
BBRI.JK,3380.0,3273.3333333333335,3220.0,3181.0,3131.0,2976.0,3020.357331542969,40.4,1.9251034283998252,393505600,False,False
BBNI.JK,3870.0,3836.6666666666665,3780.0,3705.0,3656.5,3519.4,3622.1,35.05999999999999,1.6370266350249252,31808400,False,False
BBMD.JK,2020.0,2006.6666666666667,1996.0,1985.0,1998.0,1969.1,1946.1601403808593,5.090000000000009,1.4957771571184582,1400,True,False
BBLD.JK,720.0,696.6666666666666,692.0,679.0,644.25,594.4,620.0501806640625,25.120000000000005,5.246304095557732,25400,False,False
BBKP.JK,55.0,54.666666666666664,54.2,54.8,54.85,53.28,56.08,1.7199999999999989,1.722569994176705,114429000,True,False
BBHI.JK,875.0,893.3333333333334,895.0,900.0,904.25,914.2254418945313,995.6610858154297,7.845088378906257,0.9865809643584075,696800,False,False
BBCA.JK,6600.0,6508.333333333333,6445.15439453125,6395.279931640625,6371.587841796875,6237.835869140625,6137.468110351562,14.486565234375012,0.9989287701668607,117969900,False,False
BAYU.JK,1350.0,1346.6666666666667,1325.0,1290.5,1233.25,1176.6,1185.7870288085937,34.68000000000002,1.611914813705564,566400,False,False
BAUT.JK,38.0,38.0,37.4,37.4,35.75,30.96,30.6,7.039999999999999,4.44518786112283,1554100,False,False
BATR.JK,93.0,93.66666666666667,93.4,95.4,94.45,90.22,89.10482780456543,5.180000000000007,2.7718313097605973,618700,True,False
BATA.JK,59.0,59.0,59.0,59.0,59.0,59.12,61.21,0.11999999999999744,0.0,0,True,False
BAPI.JK,19.0,18.333333333333332,18.2,18.6,18.7,17.36,20.55,1.6400000000000006,4.566852512487471,28084100,False,False
BAPA.JK,159.0,163.66666666666666,155.6,150.2,153.65,218.16,219.66,67.96000000000001,7.209661374063238,28128200,False,False
BANK.JK,272.0,276.0,273.6,272.4,272.7,276.44,352.16,2.219999999999999,1.6721295810114924,6404800,True,False
BALI.JK,1455.0,1371.6666666666667,1319.0,1294.0,1254.5,1248.9,1253.35,41.219999999999985,4.274652350214836,49000,False,False
BAJA.JK,294.0,292.0,277.6,289.4,321.6,234.42,192.82,43.59000000000002,7.952845354036498,18272500,False,False
BAIK.JK,268.0,270.0,274.4,292.8,424.2,578.18,573.36,155.08999999999997,3.172249807016827,18541800,False,False
BACA.JK,119.0,119.0,117.8,117.4,117.15,111.76,119.81,7.239999999999995,1.2009201037846176,3043100,False,False
BABY.JK,212.0,214.66666666666666,212.4,214.8,210.25,192.14,199.73,11.330000000000013,3.778058831072581,3055200,False,False
BABP.JK,50.0,50.0,50.0,50.0,50.0,50.0,50.59,0.0,0.0,87100,True,False
AYLS.JK,151.0,150.33333333333334,150.0,152.4,156.25,150.8,156.79,6.25,0.8804412210987314,1158300,False,False
AYAM.JK,482.0,478.0,473.2,477.4,465.8,406.92,368.6,37.53999999999999,2.9289418030607077,48704100,False,False
AXIO.JK,116.0,116.33333333333333,116.0,115.2,114.15,111.48,110.24782302856445,4.853333333333325,2.4919421863737914,821900,True,False
AWAN.JK,175.0,171.0,167.2,166.3,162.45,153.28,151.39,21.72,2.478304834371266,1760600,False,False
AVIA.JK,364.0,366.0,359.6,355.4,342.4,328.88,341.5716134643555,18.560000000000002,2.381979537576157,12260900,False,False
AUTO.JK,3390.0,3406.6666666666665,3336.0,3161.0,2983.0,2705.2,2616.9647265625,70.14666666666668,2.0324879460830454,7463800,False,False
ATLA.JK,50.0,50.0,50.0,50.0,50.0,50.04,50.452401084899904,0.03999999999999915,0.0,374800,True,False
ATIC.JK,470.0,466.6666666666667,466.8,466.8,464.7,471.2,492.18,3.25,0.9556929163271315,50700,True,False
ATAP.JK,565.0,556.6666666666666,552.0,581.5,586.75,534.06,490.79,10.538000000000011,4.361079090920534,1014600,False,False
ASSA.JK,645.0,638.3333333333334,630.0,635.0,630.75,613.9140625,661.28125,6.2171875,1.763420744777905,9680700,False,False
ASRM.JK,278.0,276.6666666666667,278.4,274.2,270.9,259.48,265.40443328857424,9.45999999999998,1.52679254614776,78800,False,False
ASRI.JK,128.0,126.0,125.0,126.3,123.85,119.14,120.82328895568848,8.86,2.833027585563322,13731500,False,False
ASPR.JK,153.0,153.66666666666666,153.2,155.3,153.6,152.02,209.02446868896484,3.280000000000001,3.772436597172931,20316000,True,False
ASPI.JK,414.0,400.0,397.6,391.0,402.9,407.42,408.01,11.5,2.230557448636808,800500,False,False
ASMI.JK,16.0,15.666666666666666,15.6,15.9,16.2,16.26,16.9,0.6600000000000019,5.5084683921289415,4199700,False,False
ASLI.JK,318.0,292.0,267.2,256.2,227.55,212.18,253.67,52.91,12.201941004607239,84434200,False,False
ASLC.JK,68.0,68.33333333333333,67.2,65.5,63.95,62.54,66.9,5.7933333333333294,4.7423891620488146,21313400,False,False
ASJT.JK,162.0,161.66666666666666,161.8,160.8,157.45,158.42,167.08017379760742,4.550000000000011,2.3482832507592506,211900,True,False
ASII.JK,4920.0,4840.0,4818.0,4797.0,4884.0,4877.4,5192.6422119140625,12.3,0.9904491438411681,72626100,False,False
ASHA.JK,58.0,57.666666666666664,57.2,58.5,59.05,56.94,63.18,2.1099999999999994,3.0489907371748597,10398400,True,False
ASGR.JK,2280.0,2200.0,2115.0,1961.5,1873.0,1788.8,1668.3525390625,49.120000000000005,4.0769046020540864,1560400,False,False
ASDM.JK,520.0,513.3333333333334,512.0,511.5,512.25,510.3403875732422,511.3571401977539,1.9319224853515606,1.291544607105387,7100,True,False
ASBI.JK,394.0,394.6666666666667,405.2,409.0,415.0,417.0,411.40734375,11.5,2.21585467788792,85500,False,False
ARTO.JK,990.0,986.6666666666666,988.0,1027.0,1144.5,1129.1,1165.9,31.566666666666674,2.778003283293302,45618400,False,False
ARTA.JK,2250.0,2270.0,2284.0,2279.0,2345.5,2437.8,2472.45,18.78000000000002,2.0895284998478374,700,False,False
ARNA.JK,505.0,497.6666666666667,494.6,492.9,495.85,475.42,471.09715576171874,5.915999999999997,0.8201995954445198,4113700,True,True
ARKO.JK,4900.0,4953.333333333333,4992.0,5143.5,5012.5,4979.6,6237.4,24.35,4.93421052749357,3577100,False,False
ARKA.JK,22.0,22.0,22.0,22.0,22.0,22.16,25.97,0.16000000000000014,0.0,0,True,False
ARII.JK,296.0,293.3333333333333,294.8,290.8,284.5,279.08,280.32,8.460000000000008,1.3409480135173386,173800,False,False
ARGO.JK,1170.0,1150.0,1144.0,1147.0,1162.75,1079.5,998.95,18.1,1.2131217216212917,170200,False,False
AREA.JK,342.0,337.3333333333333,340.0,313.8,296.0,268.92,274.9,36.53999999999999,6.595495881055835,4627500,False,False
ARCI.JK,1300.0,1345.0,1371.0,1368.0,1277.75,1120.3,1223.9930053710937,50.14000000000001,4.5081643981425845,47844700,False,False
APLN.JK,137.0,135.33333333333334,134.8,138.6,132.75,126.68,144.01,11.919999999999987,4.401932848997567,37599800,False,False
APLI.JK,274.0,271.3333333333333,271.2,269.2,262.4,252.64,239.2147607421875,10.680000000000007,1.8418864532086565,253500,False,False
APII.JK,192.0,191.66666666666666,191.4,190.1,189.85,184.77999969482423,183.35582397460936,7.220000305175773,1.0867188548995936,33400,False,False
APIC.JK,515.0,510.0,511.0,522.5,560.25,613.8,943.6,20.75999999999999,4.080287799316673,612500,False,False
APEX.JK,202.0,193.66666666666666,189.4,188.8,180.2,152.44,159.47,24.78,4.331883457217662,100066500,False,False
ANTM.JK,3080.0,3113.3333333333335,3136.0,3131.0,3088.5,2970.8,3079.374521484375,16.519999999999982,1.7070251258404028,87778200,False,False
ANJT.JK,1595.0,1600.0,1596.0,1575.0,1535.75,1491.5,1572.4,21.7,2.026150801587501,188300,False,False
ANDI.JK,16.0,16.333333333333332,16.6,16.7,17.25,17.4,19.53,1.3999999999999986,3.7546383307056135,4186200,True,False
AMRT.JK,1340.0,1338.3333333333333,1354.0,1375.5,1377.0,1380.3,1370.6008276367188,8.39333333333334,2.478790423436055,28779900,False,False
AMOR.JK,358.0,356.6666666666667,356.8,357.0,357.8,342.28,343.82,7.860000000000014,0.7015548660358062,59000,False,False
AMMS.JK,214.0,232.0,225.6,199.5,201.3,265.96,322.24,33.22999999999999,6.827578035625809,3244200,False,False
AMMN.JK,4360.0,4366.666666666667,4388.0,4378.0,4348.0,3964.4,4104.2,42.35999999999999,3.027806076592616,34188000,False,False
AMIN.JK,246.0,246.0,242.4,241.6,243.9,244.04,247.54,2.200000000000003,1.498551182074177,207700,True,False
AMFG.JK,3330.0,3330.0,3330.0,3330.0,3334.5,3172.265810546875,3121.551496582031,16.223418945312506,0.0,20000,False,False
AMAR.JK,234.0,234.0,231.6,230.0,223.74026794433593,209.35586242675782,197.91976165771484,12.322068786621088,1.5650870314654082,174100,False,False
AMAN.JK,222.0,225.33333333333334,224.8,230.8,238.3,252.36,259.84,15.180000000000007,1.8794410578455947,305100,False,False
AMAG.JK,390.0,390.0,390.0,389.4,389.3,390.16,394.7395523071289,0.4300000000000068,0.242369605236339,7200,True,False
ALKA.JK,4580.0,4580.0,4580.0,4239.0,3220.75,1794.2,1199.37,278.58000000000004,9.372369920308184,0,False,False
ALII.JK,765.0,776.6666666666666,778.0,794.0,792.0,757.8774670410156,804.0894714355469,7.224506591796876,2.5985777088396387,1460000,False,False
ALDO.JK,945.0,935.0,930.0,925.5,886.75,794.2090612792969,721.5192840576171,30.158187744140626,1.2090932270247943,61400,False,False
AKSI.JK,252.0,248.0,244.0,237.4,234.2,224.76,245.96,13.620000000000005,1.5961558585620719,998500,False,False
AKRA.JK,1400.0,1406.6666666666667,1394.0,1394.0,1406.25,1341.08806640625,1331.990919189453,13.115720052083361,2.8145807802055023,24392200,False,False
AKPI.JK,515.0,511.6666666666667,505.8,506.9,506.7,495.1,501.802587890625,3.9799999999999955,1.7348576095182793,416400,True,False
AKKU.JK,38.0,38.0,38.0,38.0,38.0,38.0,38.0,0.0,0.0,0,True,False
AISA.JK,120.0,118.66666666666667,117.4,119.2,118.9,110.92,113.39,9.079999999999998,2.8743267004126607,8272400,False,False
AIMS.JK,505.0,428.3333333333333,408.2,397.3,395.05,397.26,407.09,21.99,8.207130871431344,4503600,False,False
AHAP.JK,104.0,99.33333333333333,97.4,100.5,97.35,93.3,96.81,10.700000000000003,4.535582367744487,64483000,False,False
AGRS.JK,61.0,61.0,60.6,60.9,60.95,60.9,63.7,0.3999999999999986,1.21270696362053,1918800,True,False
AGRO.JK,151.0,148.0,146.8,149.0,148.55,146.22,158.79,4.780000000000001,1.8134490193997057,12606200,True,False
AGII.JK,3010.0,2953.3333333333335,2898.0,2886.0,2915.5,2876.3716015625,2898.5678784179686,13.362839843749999,2.562596475401015,183200,False,False
AGAR.JK,1810.0,1810.0,1810.0,1810.0,1471.5,818.48,526.2,198.304,4.039046232613821,0,False,False
AEGS.JK,47.0,46.333333333333336,46.8,44.5,43.25,41.42,44.77,5.579999999999998,5.102703288499978,8363500,False,False
ADRO.JK,2780.0,2763.3333333333335,2720.0,2647.0,2581.5,2471.8,2417.5708056640624,30.819999999999983,2.620592167578517,60278400,False,False
ADMR.JK,1685.0,1715.0,1710.0,1690.5,1643.5,1535.9,1606.8989111328126,35.81999999999998,2.159406133959275,52603300,False,False
ADMG.JK,250.0,249.33333333333334,251.6,254.6,248.8,224.92,214.29,14.840000000000003,1.2491809184344973,556800,False,False
ADMF.JK,8725.0,8725.0,8715.0,8687.5,8695.0,8361.5,8380.984604492187,14.54,0.42960817934966955,138500,False,False
ADHI.JK,133.0,133.0,133.0,135.0,140.95,151.7,165.87,18.69999999999999,1.178578667989766,0,False,False
ADES.JK,32125.0,32250.0,32345.0,32590.0,32758.75,33807.5,27043.5,67.3,0.3848253853006744,18700,False,False
ADCP.JK,50.0,50.0,50.0,50.0,50.0,50.0,50.32,0.0,0.0,0,True,False
ACST.JK,87.0,86.33333333333333,86.2,85.6,85.7,81.88,84.85,5.1200000000000045,1.7688781132689,302500,True,False
ACRO.JK,66.0,65.33333333333333,64.8,63.8,62.75,61.30615028381348,63.43863117218017,4.69384971618652,1.0659751679232867,18431100,True,True
ACES.JK,354.0,356.6666666666667,356.4,358.2,357.4,349.08,339.7099151611328,4.560000000000002,1.2357369847288227,43324800,True,True
ABMM.JK,2780.0,2743.3333333333335,2720.0,2713.0,2682.0,2512.8,2591.39998046875,26.71999999999998,1.1146629208550727,432500,False,False
ABDA.JK,4000.0,3936.6666666666665,3886.0,3848.0,3789.5,3547.0,3350.0,45.3,1.5769888594015773,4100,False,False
ABBA.JK,30.0,30.0,30.0,30.0,30.0,30.26,34.36,0.26000000000000156,0.0,0,True,False
AALI.JK,8400.0,8141.666666666667,8050.0,7960.0,7582.5,6808.5,7026.9278515625,63.66,2.0683533894823025,2664400,False,False
AADI.JK,10875.0,10641.666666666666,10410.0,10145.0,9658.75,8918.5,8914.004130859375,78.26,2.517066750002795,13118200,False,False
