Ticker,Close,MA3,MA5,MA10,MA20,MA50,MA100,Range_Ticks,Vol_Pct,Volume,MA_Tight,Signal
ZYRX.JK,125.0,126.0,127.2,128.1,128.7,128.02,129.47100006103517,3.6999999999999886,0.9092398769561371,247900,True,False
ZONE.JK,640.0,653.3333333333334,669.0,683.5,698.5,701.9,569.0105718994141,12.379999999999995,1.7111592506193343,27400,False,False
ZINC.JK,30.0,30.0,30.0,30.0,30.0,30.0,30.0,0.0,0.0,0,True,False
YUPI.JK,1240.0,1245.0,1255.0,1269.0,1294.0,1306.3248095703125,1339.8859704589843,13.264961914062496,0.7096757488352723,9000,False,False
YULE.JK,3560.0,3580.0,3564.0,3607.0,3602.5,3517.4,3425.8,8.95999999999999,3.2085083528308522,86500,False,False
YPAS.JK,1245.0,1141.6666666666667,1136.0,1229.0,1306.0,1117.0,891.85,37.8,9.083811239239035,82400,False,False
YOII.JK,74.0,74.0,75.2,78.6,80.2,82.2,83.7,8.200000000000003,2.917428937907556,2213700,False,False
YELO.JK,78.0,74.66666666666667,76.6,83.8,91.3,89.52,82.89,16.633333333333326,5.817107442664437,121408800,False,False
WTON.JK,67.0,68.66666666666667,70.4,73.8,76.65,77.56,76.88330368041993,10.560000000000002,2.0118495885296768,2326200,False,False
WSBP.JK,14.0,14.0,14.0,14.0,14.0,14.0,14.35,0.0,0.0,0,True,False
WOWS.JK,50.0,48.0,49.2,51.2,54.6,57.82,59.11,9.82,6.692522789946681,14110700,False,False
WOOD.JK,194.0,189.66666666666666,190.6,193.1,199.15,209.82,222.89,20.153333333333336,1.6380283351850382,3421500,False,False
WOMF.JK,270.0,270.6666666666667,273.2,276.2,279.0,271.52,267.84,4.5,0.8376000875682768,44700,True,False
WMUU.JK,33.0,37.666666666666664,42.6,46.3,48.15,51.02,52.39,18.020000000000003,6.300849845881562,921483400,False,False
WIRG.JK,57.0,57.666666666666664,60.0,65.7,71.25,67.44,62.95,14.25,3.137929504285291,100024200,False,False
WINS.JK,570.0,556.6666666666666,561.0,576.0,576.25,541.2,529.412822265625,7.009999999999991,2.2272667639904036,1570800,False,False
WINR.JK,25.0,26.666666666666668,26.8,25.7,26.4,23.52,23.45,3.280000000000001,7.375058783837186,38056200,False,False
WINE.JK,128.0,128.0,128.4,129.1,130.6,135.92,145.80987396240235,7.9199999999999875,1.2549996030141346,404100,False,False
WIIM.JK,1485.0,1498.3333333333333,1514.0,1487.0,1541.5,1639.4,1625.9624841308594,30.880000000000017,3.0828110565995814,1019400,False,False
WIFI.JK,1670.0,1683.3333333333333,1716.0,1798.0,1916.25,1974.1,1901.2629895019531,60.81999999999998,2.1623910165905555,9361400,False,False
WIDI.JK,28.0,28.0,27.6,27.6,27.45,26.72,26.51,1.2800000000000011,2.4252845800268057,9558900,True,True
WGSH.JK,106.0,103.66666666666667,109.8,116.9,132.05,150.26,134.64,46.59333333333332,5.839662640145154,41979700,False,False
WEHA.JK,107.0,103.0,106.0,109.8,110.95,108.74,109.1966941833496,7.950000000000003,3.73772681698921,3166500,False,False
WEGE.JK,37.0,39.666666666666664,43.8,46.9,49.3,51.48,51.06,14.479999999999997,5.033247697022914,21592500,False,False
WAPO.JK,352.0,352.0,338.0,281.8,230.55,172.72,144.42,89.64,10.113324609250899,0,False,False
VTNY.JK,58.0,56.0,61.4,68.1,72.8,72.1,66.34,16.799999999999997,6.562124552531319,38718400,False,False
VRNA.JK,74.0,74.66666666666667,75.8,80.3,88.15,80.44,78.0,14.150000000000006,3.1351563399547318,449300,False,False
VOKS.JK,268.0,253.33333333333334,257.2,271.4,263.8,237.12,220.36,17.139999999999986,5.029535308038376,2476600,False,False
VKTR.JK,790.0,796.6666666666666,795.0,791.5,807.75,828.2,743.88,7.6400000000000095,4.798984239815618,85369300,False,False
VIVA.JK,44.0,46.0,42.8,41.5,43.5,46.42,40.42,4.920000000000002,12.208100595848041,155625100,False,False
VISI.JK,1040.0,1168.3333333333333,1243.0,1250.0,1135.5,1010.4,966.55,47.92,6.382094960857193,4294700,False,False
VINS.JK,140.0,141.0,142.0,144.1,144.35,142.48,141.27,4.349999999999994,2.0714423138238036,172700,True,False
VICO.JK,151.0,154.66666666666666,157.79058837890625,160.84823608398438,157.66000061035157,145.3599981689453,139.80517517089845,15.488237915039065,2.4948862673433903,331000,False,False
VICI.JK,905.0,946.6666666666666,949.0,1020.5,1036.25,802.6,690.5214028930664,46.73,3.311383231567254,2973900,False,False
VERN.JK,216.0,226.66666666666666,228.0,230.8,231.7,223.74,181.29,7.849999999999994,4.010379885182081,27106900,False,False
VAST.JK,101.0,103.66666666666667,108.4,114.1,114.5,114.84,116.62,13.840000000000003,2.8719129548374562,1504600,False,False
UVCR.JK,252.0,248.0,224.2,200.5,178.6,159.72,169.70938049316408,46.14,7.530071885451492,165600800,False,False
URBN.JK,292.0,299.3333333333333,289.6,266.0,244.6,226.68,215.96,36.326666666666654,4.57155440766733,655700,False,False
UNVR.JK,1620.0,1630.0,1628.0,1630.0,1643.25,1711.6,1684.783427734375,18.319999999999983,0.8991257562804124,12936000,False,False
UNTR.JK,27075.0,25541.666666666668,25000.0,24895.0,25381.25,24674.0,24341.5,96.04,3.0519437707784007,8222500,False,False
UNTD.JK,74.0,73.66666666666667,75.2,77.1,79.6,80.7,77.0,7.033333333333331,2.3187272757296666,16933100,False,False
UNSP.JK,324.0,330.0,329.2,272.6,239.3,219.32,226.06,55.34,10.683397304856104,7223300,False,False
UNIQ.JK,113.0,114.33333333333333,114.4,119.0,120.55,117.02,110.9,7.549999999999997,4.052330277618257,1117100,False,False
UNIC.JK,15025.0,14991.666666666666,15065.0,15067.5,15055.0,14759.0,13624.91384765625,12.34,0.7853317030411122,12400,False,False
ULTJ.JK,2050.0,2040.0,2048.0,2044.0,1824.0,1611.6,1522.65,43.84000000000001,2.9462126246306504,25837600,False,False
UFOE.JK,141.0,142.33333333333334,140.4,141.1,143.95,141.68,139.5,3.549999999999983,2.3005694986011975,213200,True,False
UDNG.JK,436.0,464.6666666666667,483.8,484.3,605.25,1005.9,1156.8,284.95,5.172428519332821,8125900,False,False
UCID.JK,480.0,482.0,485.6,493.0,503.15,462.82,419.4758279418945,20.164999999999992,1.3831728883182963,257300,False,False
UANG.JK,3710.0,3716.6666666666665,3786.0,3916.0,3900.0,3014.0,2728.7,90.2,3.278724237067802,174600,False,False
TYRE.JK,108.0,107.66666666666667,108.2,109.6,111.35,112.5,111.08,4.833333333333329,0.8608040673588991,619600,True,False
TUGU.JK,1475.0,1518.3333333333333,1531.0,1565.5,1486.5,1364.7,1265.6500830078126,40.15999999999999,2.3103108352464696,1622500,False,False
TSPC.JK,2610.0,2630.0,2640.0,2693.0,2720.0,2750.2,2602.9,14.019999999999982,0.7724765479850633,292500,False,False
TRUS.JK,444.0,440.0,439.6,447.4,449.1,433.48,379.88975341796873,7.810000000000002,3.5114049924863258,7300,False,False
TRUK.JK,2580.0,2580.0,2339.0,1886.5,1470.0,963.52,690.75,161.648,6.750408215034537,0,False,False
TRUE.JK,46.0,48.333333333333336,55.0,63.7,56.85,52.74,63.08,17.700000000000003,18.37580391244596,207706600,False,False
TRST.JK,474.0,474.0,474.0,476.2,470.9,465.52,466.240412902832,5.340000000000003,2.4137356957395943,29600,True,False
TRON.JK,77.0,76.66666666666667,83.4,92.4,97.4,102.24,100.25,25.573333333333323,5.680388456465368,11669200,False,False
TRJA.JK,123.0,123.0,125.0,126.2,128.8,121.32,118.42,7.480000000000018,3.0977715894699736,1212400,False,False
TRIS.JK,170.0,169.66666666666666,171.0,171.6,172.27601470947266,170.02161529541016,166.6972947692871,2.6093480428060047,0.8099653973950143,175500,True,False
TRIN.JK,240.0,241.33333333333334,265.6,311.6,354.6,338.72,380.48,57.30000000000001,8.680773818588577,31705700,False,False
TRIM.JK,795.0,786.6666666666666,793.0,815.5,777.0,669.7,601.8358489990235,29.15999999999999,3.970120631581637,492500,False,False
TRGU.JK,162.0,162.33333333333334,166.2,168.1,171.25,169.28,171.42,9.25,2.007310946788903,12100,False,False
TPMA.JK,448.0,452.6666666666667,455.6,463.0,474.8,465.32,457.66,13.400000000000006,0.8326312828701187,1405200,False,False
TPIA.JK,1735.0,1726.6666666666667,1760.0,1802.5,1861.25,1986.5,2130.3368017578123,51.966666666666654,2.478952638338275,115085800,False,False
TOWR.JK,400.0,391.3333333333333,392.0,403.8,428.8,422.52,403.3210568237305,18.73333333333335,2.634694549097415,65590200,False,False
TOTO.JK,242.0,240.66666666666666,240.8,241.2,241.0,238.24,236.45779541015625,1.8799999999999955,0.6776045233916625,439900,True,False
TOTL.JK,1505.0,1515.0,1548.0,1571.0,1541.25,1406.3,1230.7364965820314,32.94000000000001,2.484211856630547,1049200,False,False
TOSK.JK,78.0,76.0,78.8,80.9,81.75,74.94,66.75,6.810000000000002,3.550543337703923,14929500,False,False
TOOL.JK,54.0,53.666666666666664,58.6,65.1,68.05,67.14,66.54,14.383333333333333,6.689436876231035,25341500,False,False
TOBA.JK,472.0,474.6666666666667,485.0,500.0,532.25,523.5,475.58,30.125,3.1465495670697883,5080000,False,False
TNCA.JK,166.0,163.33333333333334,167.6,174.6,177.95,167.74,159.49,14.616666666666646,3.9124630533745584,536300,False,False
TMPO.JK,181.0,172.33333333333334,173.2,164.7,163.3,161.1,134.41,19.900000000000006,4.706669556426,59712900,False,False
TMAS.JK,119.0,121.0,127.4,136.2,141.0,133.68,124.57495803833008,22.0,2.927685462895519,3992100,False,False
TLKM.JK,2290.0,2343.3333333333335,2370.0,2441.0,2541.0,2593.6,2607.6554296875,30.359999999999992,1.0746266890596876,346746900,False,False
TLDN.JK,590.0,588.3333333333334,587.0,600.0,616.0,579.7,552.22,7.259999999999991,1.9505752739971103,500600,False,False
TKIM.JK,7175.0,7166.666666666667,7165.0,7312.5,7673.75,7438.5,6691.059750976562,20.35,1.8188274506733695,662400,False,False
TIRT.JK,590.0,590.0,590.0,590.0,590.0,590.0,553.92,0.0,0.0,0,True,False
TIRA.JK,354.0,364.0,367.6,376.2,392.1,427.14,515.57,36.56999999999999,1.1611440243877207,690700,False,False
TINS.JK,4650.0,4593.333333333333,4670.0,4711.0,4630.5,4154.2,3749.7986279296874,55.68000000000002,3.2953376767834537,39829500,False,False
TIFA.JK,292.0,296.6666666666667,296.8,301.8,311.9,317.12,296.72895599365233,12.560000000000002,2.5676132593820875,49000,False,False
TGKA.JK,4890.0,4870.0,4878.0,4939.5,4959.75,4958.6,4852.073100585938,8.975,1.0802092804014656,1000,False,False
TFCO.JK,810.0,826.6666666666666,853.0,841.5,837.25,821.4,732.9,8.6,5.818569600250338,75800,False,False
TFAS.JK,180.0,177.0,180.8,186.0,186.4,186.98,193.46,9.97999999999999,3.835032465570788,465800,False,False
TEBE.JK,2690.0,2403.3333333333335,2384.0,2207.5,1960.75,1579.8,1302.55,111.02000000000001,8.870756745109363,69885700,False,False
TCPI.JK,1550.0,1631.6666666666667,1611.0,1571.0,1821.75,3031.4,5930.463203125,296.28000000000003,8.332957846596583,4101900,False,False
TCID.JK,2450.0,2440.0,2458.0,2507.0,2554.0,2646.4,2721.5,20.640000000000008,1.3895140232155612,1300,False,False
TBMS.JK,1185.0,1198.3333333333333,1205.0,1216.5,1220.25,1209.7,1219.5434912109374,7.05,1.5677068282462638,12800,False,False
TBLA.JK,595.0,595.0,602.0,613.5,621.25,626.0,611.063229675293,6.2,0.875228703237398,1011000,False,False
TBIG.JK,1475.0,1455.0,1460.0,1458.0,1473.0,1442.8,1425.0838525390625,6.440000000000009,1.3243243518760273,182500,False,False
TAYS.JK,50.0,50.0,50.0,50.0,50.0,50.0,50.85,0.0,0.0,0,True,False
TAXI.JK,16.0,17.333333333333332,16.2,15.2,14.8,14.2,14.07,3.133333333333333,10.888279557819727,255531700,False,False
TARA.JK,33.0,35.666666666666664,34.4,32.5,31.8,30.7,30.14,4.966666666666665,8.690909727028469,11160000,False,False
TAPG.JK,1935.0,1956.6666666666667,1984.0,2057.0,2171.5,1968.3280932617188,1716.414765625,47.3,2.4150293865733965,9949700,False,False
TAMU.JK,27.0,30.666666666666668,28.6,27.1,27.3,25.06,22.84,5.606666666666669,13.090370587760935,54663800,False,False
TAMA.JK,186.0,183.66666666666666,189.2,193.1,194.0,219.38,198.19,35.71333333333334,4.165722940463619,1013000,False,False
TALF.JK,655.0,656.6666666666666,667.0,678.0,689.75,727.9,698.7994696044922,14.579999999999995,2.585446019903655,35000,False,False
SWID.JK,95.0,95.0,101.4,113.2,116.9,112.14,102.18896034240723,21.900000000000006,4.76351063208748,3776400,False,False
SURI.JK,79.0,77.0,79.4,82.0,83.0,78.04,72.2,6.0,3.1446943840812134,1071800,False,False
SURE.JK,3020.0,3046.6666666666665,3070.0,3046.0,3042.5,2838.4,2805.8,23.15999999999999,4.269839939852731,400,False,False
SUPA.JK,496.0,490.6666666666667,492.4,494.1,503.1,541.64,611.22,25.48666666666665,1.5794312884893504,12189200,False,False
SUNI.JK,655.0,660.0,666.0,672.5,682.25,695.6,661.1121234130859,8.120000000000005,0.8729494860337315,267400,False,False
SULI.JK,74.0,72.66666666666667,76.2,81.0,84.7,88.9,85.88,16.233333333333334,4.086693760053809,7571800,False,False
STTP.JK,9025.0,8941.666666666666,9045.0,9215.0,9322.5,9510.5,9665.5,22.75333333333336,1.2989379093797715,400,False,False
STRK.JK,47.0,45.333333333333336,50.2,57.0,61.2,63.32,70.79,17.986666666666665,7.335327406806753,57962900,False,False
STAR.JK,306.0,313.3333333333333,344.4,373.4,378.8,360.0,365.19,36.400000000000006,7.991291701889165,97800,False,False
STAA.JK,1190.0,1193.3333333333333,1192.0,1190.0,1216.0,1152.1,1077.7933630371094,12.780000000000019,1.109913202719549,5560600,False,False
SSTM.JK,420.0,424.6666666666667,437.2,449.0,460.25,435.5,437.98,20.125,3.296005815703426,47400,False,False
SSMS.JK,1045.0,1060.0,1068.0,1088.5,1129.75,1015.0,936.5936938476563,22.95,4.896195421566459,8144300,False,False
SSIA.JK,1680.0,1665.0,1685.0,1687.5,1725.5,1728.6,1662.7494946289062,12.719999999999981,3.4563699800411305,8682900,False,False
SRTG.JK,1780.0,1770.0,1771.0,1784.5,1795.25,1806.8,1667.3110412597657,7.3599999999999905,2.2421611987782315,2852900,False,False
SRSN.JK,134.0,125.33333333333333,126.4,126.1,114.05,89.06,77.6,44.94,7.37341740797702,829688900,False,False
SRAJ.JK,13000.0,13000.0,13000.0,13065.0,13362.5,13046.0,12526.75,14.5,1.3602436237064548,100,False,False
SQMI.JK,89.0,89.66666666666667,89.8,95.5,96.4,78.54,62.8,17.86,7.783628880370856,534066600,False,False
SPTO.JK,605.0,605.0,604.0,604.0,608.0,606.5,578.66841796875,0.8,0.6111765556233901,1036300,True,True
SPRE.JK,88.0,89.33333333333333,90.4,93.5,94.9,91.36,84.88,6.900000000000006,4.373027117312083,1074600,False,False
SPMA.JK,162.0,161.0,163.2,166.0,168.55,166.8,163.5415382385254,7.550000000000011,1.2652458421347852,209300,False,False
SOUL.JK,37.0,37.0,37.0,37.0,37.0,37.0,37.93,0.0,0.0,0,True,False
SOTS.JK,494.0,496.6666666666667,527.0,554.5,579.5,606.7,645.25,56.35000000000002,4.4645862632764315,29400,False,False
SOSS.JK,1180.0,1225.0,1091.0,1013.0,988.75,914.9,868.9,62.02,12.37286686030112,282600,False,False
SONA.JK,4230.0,3580.0,3104.0,2769.0,2536.5,2521.8,2343.2575830078126,170.82,10.65626695422031,359800,False,False
SOLA.JK,72.0,71.66666666666667,74.4,80.9,86.3,91.88,99.0,20.213333333333324,4.783706081444046,2385400,False,False
SOHO.JK,1295.0,1323.3333333333333,1357.0,1446.5,1499.25,1315.8,1317.25,40.85,2.7580851718659436,13000,False,False
SOFA.JK,302.0,306.0,308.0,325.4,332.1,296.72,288.92,17.689999999999998,5.3771018372214,4234500,False,False
SOCI.JK,620.0,615.0,631.0,639.5,643.75,551.74,452.7907745361328,18.401999999999997,3.23655193127462,14689400,False,False
SNLK.JK,238.0,237.33333333333334,237.2,241.8,240.0,231.64,231.66,5.0800000000000125,5.403355126949415,12296500,False,False
SMSM.JK,1685.0,1676.6666666666667,1679.0,1690.0,1715.0,1719.3943823242187,1688.494385986328,8.545543131510385,0.8006824337750225,1875500,False,False
SMRA.JK,244.0,246.66666666666666,250.8,261.4,293.0,311.84,300.1927027893066,33.91999999999999,2.2080589228077825,20876700,False,False
SMMT.JK,3520.0,3503.3333333333335,3362.0,3153.0,2906.5,2300.3,2063.45,121.96999999999998,4.8238443159885485,711500,False,False
SMMA.JK,20025.0,20025.0,20020.0,20017.5,19996.25,20121.5,20127.0,5.01,0.08328132477031065,400,True,False
SMLE.JK,296.0,268.6666666666667,274.0,251.2,224.3,187.8,146.89,54.099999999999994,7.74558166851026,84053200,False,False
SMKM.JK,84.0,86.66666666666667,88.0,91.0,99.15,91.28,82.16,15.150000000000006,1.9886693877650155,1698300,False,False
SMKL.JK,148.0,146.66666666666666,149.0,153.3,154.7,149.52,144.6815916442871,8.033333333333331,2.3544947730525294,18800,False,False
SMIL.JK,450.0,440.0,436.8,434.4,434.3,408.56,344.08,20.72,2.1919255895996583,63497700,False,False
SMGR.JK,1450.0,1503.3333333333333,1532.0,1558.5,1633.0,1573.3,1599.4901623535156,36.6,3.1671528342606536,26117900,False,False
SMGA.JK,86.0,81.66666666666667,82.2,84.3,86.35,80.12,75.04,6.22999999999999,3.405949739983047,35612800,False,False
SMDR.JK,390.0,389.3333333333333,392.4,395.8,385.6,336.53045349121095,308.6344439697266,29.63477325439453,1.6362459800518019,18940200,False,False
SMDM.JK,478.0,486.0,495.8,514.4,531.7,547.38,545.35,34.69,1.89595820708509,76700,False,False
SMBR.JK,153.0,151.33333333333334,154.2,162.7,168.55,167.4,163.6685336303711,17.21666666666667,3.83052060902497,1225600,False,False
SMAR.JK,7700.0,6850.0,6595.0,6422.5,6435.0,6061.5,5500.638706054688,65.54,6.3948476103355,639800,False,False
SLIS.JK,72.0,71.33333333333333,73.6,79.7,83.7,81.0,73.44,12.366666666666674,4.258480757808474,18002300,False,False
SKRN.JK,410.0,410.6666666666667,415.2,415.2,409.9,403.6,391.5777130126953,5.799999999999983,2.529396370381371,100400,True,False
SKLT.JK,202.0,200.66666666666666,200.6,203.3,209.15,205.76,196.96,4.275000000000006,2.1115657335142948,17200,True,False
SKBM.JK,492.0,494.0,501.0,515.5,531.25,537.4,544.79,22.69999999999999,1.6900394940115193,45600,False,False
SIPD.JK,805.0,795.0,815.0,845.0,884.5,802.0,778.65,17.9,2.891816226108978,19600,False,False
SINI.JK,18300.0,18300.0,18300.0,17217.5,15613.75,10825.0,10120.436298828125,299.0,6.857507411250988,0,False,False
SIMP.JK,565.0,568.3333333333334,575.0,594.5,610.5,603.2,569.9664697265625,9.1,1.9928638682011188,7301100,False,False
SILO.JK,2050.0,2011.6666666666667,2006.0,2021.5,2053.75,2150.4,2208.8,14.440000000000008,2.8058718345549747,2864700,False,False
SIDO.JK,348.0,348.0,348.8,351.2,351.8,355.0,372.72,3.5,0.7565811986842637,9611200,True,False
SICO.JK,112.0,109.0,110.4,112.5,113.8,112.02,109.72,4.799999999999997,2.381556771234969,12094300,True,True
SHIP.JK,2630.0,2593.3333333333335,2596.0,2629.0,2613.0,2313.5,2031.7471508789063,31.65,2.289908717638831,32800,False,False
SHID.JK,685.0,716.6666666666666,756.0,749.5,746.0,647.7,651.4,21.65999999999999,10.315082115531235,123900,False,False
SGRO.JK,4470.0,4323.333333333333,4392.0,4484.0,4682.0,4432.9,3609.1451025390625,35.866666666666696,2.60473879452843,12500,False,False
SGER.JK,730.0,736.6666666666666,735.0,726.0,702.0,580.44,470.22,31.245333333333313,1.8071151590305585,42489800,False,False
SFAN.JK,1990.0,1995.0,1995.0,2003.5,2019.75,2004.3,1984.2,5.95,0.40322546107771984,42200,True,False
SEMA.JK,478.0,406.6666666666667,349.6,305.0,228.2,151.84,124.76,163.07999999999998,10.358096978898669,96550100,False,False
SDRA.JK,206.0,204.0,204.8,207.2,212.6,216.16,218.84,6.079999999999998,1.2883928827542912,1269400,False,False
SDPC.JK,192.0,189.0,190.0,192.0,195.1,190.3,185.1189093017578,6.099999999999994,2.4231396187029035,180900,False,False
SDMU.JK,65.0,65.0,67.8,78.9,85.0,83.78,81.81,20.0,5.760033659051129,21627600,False,False
SCNP.JK,161.0,161.33333333333334,162.2,162.1,158.85,155.88,151.9457160949707,6.319999999999993,2.4835338636238697,150500,False,False
SCMA.JK,171.0,169.66666666666666,170.6,177.1,189.05,197.94,203.5577769470215,28.27333333333334,2.477389157075897,48481800,False,False
SCCO.JK,2670.0,2610.0,2602.0,2629.0,2634.5,2445.6,2343.323642578125,22.44000000000001,3.1537627656263063,117300,False,False
SBMA.JK,109.0,108.0,109.8,112.2,111.3,109.14,109.07,4.200000000000003,3.042277102855479,780400,True,False
SATU.JK,244.0,243.33333333333334,241.2,240.6,243.3,252.0,259.76,5.700000000000003,1.1000519480856108,2668600,True,False
SAPX.JK,404.0,352.6666666666667,361.2,353.8,358.2,273.6,244.28,65.19999999999999,13.866217081923365,17081700,False,False
SAMF.JK,298.0,302.6666666666667,308.0,310.0,314.7,296.16,287.50927536010744,9.269999999999982,1.944957471187282,162500,False,False
SAME.JK,286.0,288.6666666666667,290.0,292.0,299.3,299.76,310.62,6.8799999999999955,1.3597276616476741,176200,False,False
SAGE.JK,30.0,33.666666666666664,33.6,31.9,31.5,31.58,29.91,3.6666666666666643,8.607111154906116,33195000,False,False
SAFE.JK,570.0,520.3333333333334,583.2,796.6,849.05,619.1,475.37,65.74333333333331,13.240972825666631,583100,False,False
RUNS.JK,64.0,62.666666666666664,63.8,66.3,69.55,66.06,70.7,6.883333333333333,2.8438077845153598,1140600,False,False
RUIS.JK,189.0,188.33333333333334,192.2,196.5,201.95,203.64,193.6871875,15.306666666666644,1.477207224573767,30200,False,False
RSCH.JK,525.0,511.3333333333333,486.0,465.8,442.2,365.8,325.08,31.839999999999996,3.466411081356118,27476800,False,False
ROTI.JK,560.0,565.0,571.0,576.5,581.25,586.1,585.65,5.220000000000004,0.7274983256315105,1598700,True,False
RONY.JK,1395.0,1441.6666666666667,1485.0,1480.5,1468.75,1364.9,1234.85,24.019999999999982,5.083412287061247,7600,False,False
RODA.JK,37.0,40.333333333333336,46.8,54.6,59.3,62.14,60.95,25.14,6.778719274683626,152645600,False,False
ROCK.JK,1900.0,2110.0,2071.0,2014.5,2037.25,1987.4,1908.25,42.0,6.1834882459579426,189500,False,False
RMKO.JK,278.0,276.6666666666667,281.2,298.2,320.0,305.04,322.62,21.666666666666657,6.065495471207854,3763200,False,False
RMKE.JK,344.0,356.6666666666667,370.4,385.8,402.3,410.4,452.6220465087891,33.19999999999999,2.854408048650023,101241900,False,False
RLCO.JK,4110.0,4043.3333333333335,4044.0,4110.0,4332.5,4515.4,3903.0,47.206666666666614,2.4361578357785354,246900,False,False
RISE.JK,630.0,648.3333333333334,669.0,730.5,781.5,883.4,995.95,50.67999999999999,7.4822235150269645,2014900,False,False
RIGS.JK,630.0,628.3333333333334,625.0,620.0,657.0,672.1,675.35,10.420000000000005,2.147600187238469,34200,False,False
RICY.JK,62.0,63.333333333333336,67.4,72.6,75.9,77.84,78.62,15.840000000000003,2.997567553082832,410300,False,False
RGAS.JK,92.0,91.33333333333333,94.6,100.6,107.5,171.02,159.95154373168944,79.68666666666668,3.521762236290419,20955600,False,False
RELI.JK,515.0,513.3333333333334,528.0,550.5,551.75,521.32,506.75,7.683333333333326,4.746053466910046,19000,False,False
RELF.JK,36.0,37.0,38.6,39.9,39.1,36.84,36.07,3.8999999999999986,5.231809952145836,14682900,False,False
REAL.JK,35.0,38.333333333333336,43.0,46.5,48.25,50.02,50.297920570373535,15.020000000000003,5.856019371752633,399635500,False,False
RDTX.JK,12800.0,13058.333333333334,13225.0,13277.5,13317.5,13492.0,13993.1983984375,27.68,1.7192300800639029,1000,False,False
RCCC.JK,107.0,107.0,107.4,110.2,112.6,106.84,100.18,5.759999999999991,1.4089040133680202,223800,True,False
RBMS.JK,45.0,45.0,48.2,53.7,58.05,61.84,61.98,16.840000000000003,6.528584928473075,8572600,False,False
RATU.JK,4080.0,4070.0,4058.0,4131.0,4323.5,4566.1,4738.225922851562,50.81000000000004,2.428940381071503,4784700,False,False
RANC.JK,535.0,543.3333333333334,548.0,552.5,548.75,532.2,529.27,4.059999999999991,1.9954027754808836,8500,True,False
RALS.JK,376.0,379.3333333333333,380.8,383.0,386.0,383.04,382.5444448852539,5.0,0.5655187413631534,1372300,True,False
RAJA.JK,665.0,658.3333333333334,666.0,696.0,751.0,815.5,788.6555682373047,31.433333333333326,2.2277889748388247,59238600,False,False
RAAM.JK,161.0,166.0,168.4,170.5,176.0,188.56,195.91,27.560000000000002,2.7430950696401384,1532400,False,False
PZZA.JK,180.0,178.33333333333334,179.2,182.5,187.4,185.46,185.9134001159668,9.066666666666663,1.2178220520053014,1183400,False,False
PYFA.JK,208.0,208.66666666666666,211.6,225.8,244.9,230.12,226.78,18.450000000000003,3.192080057812843,9677100,False,False
PWON.JK,258.0,258.6666666666667,262.0,266.0,270.1,266.92,264.1394342041016,6.050000000000011,2.070614988817536,28130500,False,False
PURI.JK,143.0,142.33333333333334,145.4,152.6,155.3,146.96,142.26,12.966666666666669,2.7149153560015233,710600,False,False
PURA.JK,35.0,36.333333333333336,35.0,33.4,32.85,32.32,32.43,4.013333333333335,8.5825141568525,15980400,False,False
PUDP.JK,260.0,263.3333333333333,264.8,267.6,270.8,284.8,293.73613006591796,12.400000000000006,1.3194846244485792,3400,False,False
PTSP.JK,1160.0,1165.0,1174.0,1196.0,1250.25,1063.1,974.4,37.43000000000002,2.105978257902979,18000,False,False
PTSN.JK,400.0,393.3333333333333,395.6,400.0,376.9,318.96,283.5852967834473,40.52000000000001,7.659915856292988,2003100,False,False
PTRO.JK,5125.0,5241.666666666667,5280.0,5322.5,5327.5,5127.6,4627.1,8.1,2.0977849683427494,22018000,False,False
PTPW.JK,1105.0,1113.3333333333333,1123.0,1137.5,1159.25,1163.0,1107.3032434082031,11.6,0.5469736586594149,14200,False,False
PTPS.JK,152.0,152.66666666666666,154.0,156.6,160.2,154.54,142.49,8.199999999999989,2.3134447073040683,1477400,False,False
PTPP.JK,169.0,174.33333333333334,181.0,188.6,196.5,201.32,201.44,32.31999999999999,1.9735960880658296,11277600,False,False
PTMP.JK,46.0,45.666666666666664,50.0,56.1,60.3,62.74,61.59,17.073333333333338,6.130708511929169,11359700,False,False
PTIS.JK,216.0,237.33333333333334,245.6,251.4,254.7,260.36,274.04,22.180000000000007,4.118120064416141,731000,False,False
PTBA.JK,3120.0,3136.6666666666665,3110.0,3092.0,3055.0,2670.0,2585.52578125,46.66666666666665,2.2305544698067377,28016200,False,False
PSSI.JK,360.0,360.6666666666667,356.8,355.8,355.1,338.28,317.9611535644531,11.193333333333356,1.367634014039472,184700,False,False
PSKT.JK,230.0,230.66666666666666,238.0,234.2,238.2,230.4,215.43,4.099999999999994,4.41939780402163,2982400,False,False
PSGO.JK,190.0,191.33333333333334,192.2,192.8,194.05,195.04,193.89769577026368,5.039999999999992,0.9809878571126098,34000,True,False
PSDN.JK,116.0,114.0,122.2,131.1,135.15,132.46,126.93,21.150000000000006,6.433455057808847,1395400,False,False
PSAT.JK,825.0,828.3333333333334,837.0,845.0,865.0,874.3,846.25,9.85999999999999,0.9140970264716832,317800,False,False
PSAB.JK,540.0,535.0,535.0,542.0,544.1184204101562,509.398955078125,447.2497882080078,6.943893066406235,2.2084568831813685,57609400,False,False
PRIM.JK,121.0,121.33333333333333,121.4,121.4,120.55,114.56,100.71,6.840000000000003,1.407993795842702,1086500,False,False
PRDA.JK,2810.0,2796.6666666666665,2814.0,2822.0,2811.5,2587.4,2548.6,23.45999999999999,1.2205590133294413,417600,False,False
PRAY.JK,740.0,751.6666666666666,756.0,756.5,750.25,748.5,720.5,3.3,4.189221394662196,14400,False,False
PPRO.JK,21.0,21.0,18.8,17.2,16.35,16.52,16.47,4.649999999999999,11.74640423481626,673001800,False,False
PPRI.JK,133.0,139.66666666666666,145.0,154.9,164.6,153.26,150.27,31.599999999999994,3.330577419496953,4791700,False,False
PPRE.JK,89.0,89.33333333333333,92.4,98.3,102.3,104.1,103.29,15.099999999999994,5.4547145928821985,12417600,False,False
PPGL.JK,468.0,468.0,468.0,468.0,461.9,323.48,260.48,72.25999999999999,0.0,0,False,False
POWR.JK,950.0,935.0,941.0,966.5,964.5,863.5,783.7262591552734,20.6,2.4042290875253176,10800600,False,False
PORT.JK,945.0,946.6666666666666,945.0,949.5,939.25,908.5,895.0,8.2,0.89994308473583,111600,False,False
POLY.JK,32.0,32.0,32.0,32.0,32.0,32.0,32.0,0.0,0.0,0,True,False
POLU.JK,15200.0,15525.0,15960.0,16480.0,17031.25,14784.0,13574.0,89.89,5.089091035975215,16700,False,False
POLI.JK,890.0,865.0,894.0,919.0,931.0,833.3,829.6,19.54000000000001,4.748088467089277,54300,False,False
PNSE.JK,452.0,464.6666666666667,471.2,478.6,488.4,491.74,514.57,19.870000000000005,1.4226084565445796,20400,False,False
PNLF.JK,194.0,195.33333333333334,198.4,204.2,214.6,223.4,225.15,29.400000000000006,1.7280675915630934,27015300,False,False
PNIN.JK,680.0,681.6666666666666,685.0,697.0,710.75,715.0,727.7,7.0,1.2102343628511019,215900,False,False
PNGO.JK,3650.0,3633.3333333333335,3576.0,3556.0,3543.5,3533.8,3496.4,11.619999999999981,3.24073651004562,1500,False,False
PNBS.JK,41.0,42.666666666666664,45.6,47.8,48.9,49.66,49.89,8.659999999999997,4.872807827256177,12920900,False,False
PNBN.JK,845.0,841.6666666666666,845.0,854.5,881.75,892.1,892.5784399414063,10.086666666666678,1.4850765129648915,3399800,False,False
PMUI.JK,96.0,97.0,101.6,102.8,103.35,98.4,89.6655812072754,7.349999999999994,4.835664468470881,1959200,False,False
PMJS.JK,133.0,132.0,134.4,138.7,142.5,129.66,118.76298042297363,12.840000000000003,1.7747890997166405,551000,False,False
PLAN.JK,63.0,62.0,64.2,64.9,65.9,50.2,44.68,15.700000000000003,4.816431101070786,2469500,False,False
PKPK.JK,6025.0,6025.0,5830.0,5224.0,4766.5,4182.4,3562.5,73.70400000000001,4.551885276361847,2667400,False,False
PJHB.JK,150.0,153.0,158.0,166.1,174.7,175.02,175.79,25.02000000000001,1.5317154908754411,1316700,False,False
PJAA.JK,450.0,451.3333333333333,454.8,460.8,464.0,460.28,460.32,7.0,1.3372962840265277,37100,False,False
PIPA.JK,139.0,141.33333333333334,145.0,158.6,179.4,157.26,137.82,40.400000000000006,5.107514699244374,30611300,False,False
PICO.JK,152.0,154.33333333333334,159.6,167.1,175.9,158.68,146.13,23.900000000000006,2.764794488360077,263100,False,False
PGUN.JK,9750.0,9441.666666666666,9535.0,9490.0,9548.75,8831.0,8152.954125976563,36.76,4.491243501345461,229000,False,False
PGLI.JK,212.0,212.0,215.2,211.9,210.95,207.4,199.59,3.8999999999999915,3.9390872373042027,357000,False,False
PGJO.JK,810.0,806.6666666666666,806.0,834.5,869.75,824.0,789.85,12.75,2.775851463777574,1363100,False,False
PGEO.JK,975.0,990.0,1012.0,1038.5,1035.75,1038.9,979.35,12.780000000000019,2.0646581895103067,9168300,False,False
PGAS.JK,1395.0,1423.3333333333333,1428.0,1450.5,1490.25,1505.0,1533.324210205078,22.0,1.4588680308005924,40037100,False,False
PEVE.JK,324.0,318.6666666666667,315.2,311.6,312.9,319.52,321.78,6.199999999999989,0.8772331093658721,1240800,False,False
PEHA.JK,286.0,287.3333333333333,288.4,289.8,296.6,282.08,272.88994842529297,7.260000000000019,1.5694271778995863,261700,False,False
PEGE.JK,140.0,139.33333333333334,139.6,136.8,133.1,115.3,114.13457321166992,24.700000000000003,1.8417960962031192,9243800,False,False
PDPP.JK,320.0,314.0,315.2,325.8,327.7,313.68,291.56393814086914,7.009999999999991,2.8644384242834167,279200,False,False
PDES.JK,382.0,380.0,378.8,381.0,381.2,389.8,430.8910772705078,5.5,2.2061887635024005,63000,True,False
PCAR.JK,64.0,60.333333333333336,57.6,51.2,47.15,43.74,40.84,20.259999999999998,3.609770411547851,124618300,False,False
PBSA.JK,755.0,758.3333333333334,779.0,764.0,771.5,786.5,756.7991076660156,6.3,4.401651789599918,1058000,False,False
PBRX.JK,27.0,29.0,27.2,26.4,26.7,26.6,27.38,2.6000000000000014,12.602518615853908,52164900,False,False
PBID.JK,520.0,520.0,523.0,523.5,525.5,525.58,503.6838766479492,1.116000000000008,0.7030379229793278,1199900,True,True
PART.JK,117.0,114.33333333333333,114.8,111.9,108.7,106.0,102.50520050048829,11.0,4.1315489901686595,57931000,False,False
PANS.JK,1645.0,1655.0,1657.0,1650.5,1645.0,1593.8,1550.6975854492186,12.64000000000001,0.8061388325263548,161400,False,False
PANR.JK,398.0,399.3333333333333,403.6,407.2,415.7,418.8,432.13176483154297,10.400000000000006,0.866148274979333,188200,False,False
PANI.JK,4470.0,4610.0,4726.0,4958.5,5366.75,5816.2,6310.49708984375,134.61999999999998,1.7614407743596388,6299600,False,False
PAMG.JK,46.0,44.333333333333336,47.0,50.3,53.1,55.16,54.31,10.82666666666666,5.106606710609497,20404800,False,False
PALM.JK,278.0,275.3333333333333,280.0,285.6,289.8,293.28,304.5589682006836,8.97333333333333,1.5382171978873287,107100,False,False
PADI.JK,41.0,42.0,46.8,54.2,62.8,68.64,74.58510948181153,27.64,5.436552552562941,264842800,False,False
PADA.JK,157.0,160.33333333333334,163.6,177.5,193.45,185.52,153.59,36.44999999999999,5.507347969627845,13160400,False,False
PACK.JK,525.0,546.6666666666666,578.0,570.0,565.0,418.12,338.22,31.976,8.409570639310877,626689700,False,False
OPMS.JK,90.0,90.33333333333333,93.2,101.8,110.8,115.52,109.32,25.519999999999996,3.882318993275028,2521400,False,False
OMRE.JK,910.0,906.6666666666666,927.0,939.0,959.0,983.7,987.35,15.406666666666684,2.7249617272178512,9700,False,False
OMED.JK,216.0,216.0,212.4,211.8,218.8,222.52,216.89521484375,5.359999999999999,1.5945163941861553,5028500,True,False
OLIV.JK,48.0,48.666666666666664,50.2,52.7,56.4,51.76,51.76,8.399999999999999,3.0973691493094972,7972200,False,False
OKAS.JK,100.0,100.33333333333333,104.6,109.6,114.45,113.66,107.97,14.450000000000003,2.7658393597785698,2984600,False,False
OILS.JK,300.0,293.3333333333333,297.2,301.6,301.4,259.44,229.1,21.080000000000013,2.892069685365075,3475100,False,False
OBMD.JK,189.0,191.33333333333334,192.8,195.2,195.1,194.04,188.31,6.199999999999989,2.1243635292991305,1060500,False,False
OBAT.JK,218.0,220.0,225.6,233.8,237.7,241.16,246.74641540527344,11.579999999999998,2.1979148013865832,57200,False,False
OASA.JK,244.0,246.66666666666666,254.0,267.8,288.1,313.0,309.94,34.5,3.2538019030115524,15134500,False,False
NTBK.JK,65.0,64.33333333333333,68.0,73.5,79.1,84.28,79.48267051696777,19.946666666666673,5.124461947756298,8889100,False,False
NSSS.JK,690.0,686.6666666666666,710.0,742.0,785.0,860.0,722.9473779296875,34.66666666666667,4.210125677997953,2805300,False,False
NRCA.JK,535.0,531.6666666666666,535.0,554.5,556.5,543.26,495.317873840332,4.966666666666674,5.108627134939767,4050900,False,False
NPGF.JK,46.0,45.666666666666664,48.6,51.6,54.5,57.014344940185545,59.545792732238766,11.34767827351888,5.196733550917613,41497800,False,False
NOBU.JK,500.0,510.0,519.0,531.5,530.75,503.56,477.91,15.75,3.5009079725315853,8220800,False,False
NISP.JK,1250.0,1248.3333333333333,1251.0,1258.0,1260.75,1259.6,1251.05,2.4833333333333485,0.6190986597010972,4806300,True,False
NIRO.JK,168.0,164.66666666666666,165.2,168.3,172.85,163.02,159.59,9.829999999999984,3.575253823153996,1656700,False,False
NINE.JK,81.0,82.0,81.6,82.7,87.9,83.82,85.87,6.900000000000006,5.8865563753271495,7493000,False,False
NIKL.JK,188.0,187.0,193.2,204.0,215.3,203.34,213.7,28.30000000000001,2.9830308767644436,1931800,False,False
NICL.JK,366.0,378.6666666666667,397.2,421.4,450.75,471.96,519.3388525390625,52.97999999999999,2.8780012724921136,30091700,False,False
NICK.JK,2820.0,2820.0,2820.0,2800.0,2608.25,1882.0,1469.75,93.8,1.5249117569052986,0,False,False
NICE.JK,334.0,332.6666666666667,338.4,349.6,358.3,309.6,289.08,24.349999999999994,1.869867729512532,1441800,False,False
NFCX.JK,1700.0,1713.3333333333333,1711.0,1710.0,1714.25,1643.2,1654.35,14.20999999999999,1.3279938789787464,21200,False,False
NETV.JK,35.0,38.666666666666664,43.2,46.6,48.3,49.94,54.72,14.939999999999998,5.589258802037329,91397400,False,False
NEST.JK,765.0,768.3333333333334,766.0,760.5,747.75,710.8,633.87,11.506666666666684,2.5135658444503917,6073800,False,False
NELY.JK,192.0,192.33333333333334,193.8,198.0,204.7,203.98,210.70367004394532,12.699999999999989,0.6782013440526473,1726300,False,False
NCKL.JK,870.0,875.0,889.0,910.0,929.0,923.1,875.0678344726563,11.8,2.2935661032911314,22124500,False,False
NAYZ.JK,71.0,67.66666666666667,68.2,71.3,72.95,66.58,62.28,6.3700000000000045,4.82092543967505,20875200,False,False
NATO.JK,1040.0,1006.6666666666666,1063.0,1110.0,1102.5,847.5,722.35,52.5,7.023442259335259,242000,False,False
NASI.JK,193.0,182.0,195.8,224.5,192.2,157.6,137.56,66.9,17.02007676471392,70467400,False,False
NASA.JK,37.0,38.333333333333336,37.2,36.5,34.7,31.98,32.81,6.353333333333335,8.033723856874833,23425700,False,False
NANO.JK,26.0,28.333333333333332,29.4,31.4,33.1,32.14,29.06,7.100000000000001,4.719798125993003,87086500,False,False
NAIK.JK,82.0,82.0,84.6,87.8,90.95,90.12,88.41,8.950000000000003,2.3093920781214328,1406700,False,False
MYTX.JK,41.0,41.0,41.0,41.0,41.0,41.0,42.97,0.0,0.0,0,True,False
MYOR.JK,1390.0,1395.0,1414.0,1458.5,1492.25,1596.9,1673.5982373046875,41.38000000000002,1.4966988135006223,13765800,False,False
MYOH.JK,1000.0,1010.0,1018.0,1028.5,1075.0,1076.2,1075.833582763672,15.240000000000009,1.6485867267048422,104500,False,False
MUTU.JK,120.0,118.33333333333333,120.8,126.6,126.1,119.6,113.76787956237793,8.266666666666666,4.663458487091237,36571000,False,False
MTWI.JK,268.0,265.3333333333333,266.0,269.6,269.2,259.92,266.1571040344238,4.840000000000003,2.815040699289235,2300,True,False
MTMH.JK,920.0,943.3333333333334,945.0,946.5,950.0,944.7,957.2136968994141,6.0,2.7251881507844526,6100,False,False
MTLA.JK,740.0,675.0,624.0,571.5,551.25,531.7,517.635167541504,41.65999999999999,5.013745305492558,4974100,False,False
MTFN.JK,13.0,13.0,13.0,13.0,13.0,13.0,13.88,0.0,0.0,0,True,False
MTEL.JK,450.0,454.6666666666667,462.4,476.2,482.6,462.6,469.059914855957,16.30000000000001,2.276400348729022,9022000,False,False
MTDL.JK,496.0,496.6666666666667,497.2,498.7,507.1,508.44,509.1535000610352,6.219999999999999,0.6525096725570558,1412100,False,False
MSTI.JK,1355.0,1345.0,1347.0,1352.5,1356.25,1340.5,1295.5711206054686,3.15,1.3198381133088923,399700,True,False
MSKY.JK,44.0,45.333333333333336,50.2,58.6,64.25,64.18,63.99,20.25,5.678080492442605,7836500,False,False
MSJA.JK,830.0,833.3333333333334,846.0,842.5,767.75,559.74,486.7014151000977,57.251999999999995,2.539833850171815,27192000,False,False
MSIN.JK,186.0,189.33333333333334,194.8,232.8,271.1,330.84,428.81,144.83999999999997,8.718322104640142,67203800,False,False
MSIE.JK,128.0,124.66666666666667,135.0,155.9,151.5,118.18,114.93,37.72,6.9656220267359705,17073300,False,False
MREI.JK,920.0,920.0,920.0,920.0,920.0,920.0,939.05,0.0,0.0,0,True,False
MRAT.JK,372.0,360.6666666666667,361.6,363.6,379.4,409.96,425.56,24.646666666666647,3.6520937385660304,328600,False,False
MPXL.JK,246.0,239.33333333333334,227.0,201.5,185.25,169.86,162.01,38.06999999999999,12.097740881779883,8988000,False,False
MPRO.JK,12000.0,12000.0,12025.0,11970.0,12015.0,12188.0,10507.0,8.72,1.6505977771144524,2000,False,False
MPPA.JK,36.0,35.0,36.0,37.7,40.1,44.5,45.59,9.5,4.716098633754141,5820600,False,False
MPOW.JK,98.0,99.0,101.4,107.1,111.0,108.64,107.2,13.0,2.7782327834855725,1082500,False,False
MPMX.JK,1020.0,1016.6666666666666,1017.0,1021.0,1028.0,1013.3,971.3728985595703,2.9400000000000093,0.7449576971520496,1603300,True,True
MPIX.JK,189.0,191.66666666666666,192.6,192.1,163.95,124.74,107.03,67.86,7.071544073072503,20414500,False,False
MORA.JK,4610.0,4560.0,4694.0,4814.5,5048.5,5421.4,6080.7,86.13999999999996,3.1544363734312206,120600,False,False
MOLI.JK,424.0,390.0,386.0,379.4,348.8,303.0,269.4000860595703,60.5,5.619793644021873,19091300,False,False
MNCN.JK,116.0,121.0,128.0,153.4,178.0,193.04,200.58,77.03999999999999,7.0425328460843675,121944400,False,False
MMLP.JK,298.0,296.6666666666667,299.6,310.0,306.7,300.36,303.06,6.666666666666657,3.859661467262638,373800,False,False
MMIX.JK,910.0,901.6666666666666,896.0,881.5,855.75,788.8,690.76,24.24000000000001,0.6678992694440827,23493400,False,False
MLPT.JK,980.0,983.3333333333334,997.0,1075.0,1133.5,1355.1,1057.1,75.01999999999998,3.817039088045785,917800,False,False
MLPL.JK,75.0,73.66666666666667,75.4,80.4,85.55,91.36,87.52,17.693333333333328,3.2808324419502743,12366600,False,False
MLIA.JK,214.0,215.33333333333334,213.2,214.0,218.0,226.0,234.9,6.400000000000006,2.3961827917400482,592200,False,False
MLBI.JK,6750.0,6766.666666666667,6795.0,6820.0,6843.75,6806.5,6383.634760742188,3.75,0.578907565558927,22900,True,False
MKTR.JK,122.0,122.33333333333333,122.6,123.4,123.25,122.52,122.49638580322265,1.4000000000000057,1.1765056453616942,166700,True,False
MKPI.JK,21475.0,21483.333333333332,21490.0,21537.5,21693.75,21811.5,21359.9499609375,13.46,0.22116287819151842,40900,False,False
MKAP.JK,1140.0,1128.3333333333333,1123.0,1119.0,1121.25,1143.0,1127.2228515625,4.8,1.2108065470221907,1839200,True,True
MITI.JK,292.0,275.3333333333333,273.2,278.0,261.3,223.56,201.96,34.22,4.784143829255169,25349700,False,False
MIRA.JK,26.0,28.666666666666668,26.8,25.1,25.0,25.16,22.29,3.666666666666668,12.181059954864898,346213100,False,False
MINE.JK,276.0,271.3333333333333,275.6,288.2,286.7,253.4,244.96,17.39999999999999,2.7811814408735733,856600,False,False
MINA.JK,202.0,205.33333333333334,211.6,226.6,249.4,264.48,278.86,31.24000000000001,3.1789640477798113,48628500,False,False
MIKA.JK,1700.0,1683.3333333333333,1700.0,1719.5,1795.75,1800.8,1727.4283081054687,23.49333333333334,1.28914012874563,772500,False,False
MIDI.JK,258.0,258.0,259.6,262.4,267.3,274.68,280.87010009765623,8.340000000000003,0.7353187490331401,1340200,False,False
MICE.JK,498.0,501.0,499.4,519.7,535.35,528.74,510.6970315551758,18.67500000000001,4.297325811473616,393600,False,False
MHKI.JK,120.0,117.66666666666667,120.2,124.4,131.45,135.38,132.8169216156006,17.713333333333324,2.270566762418019,1165700,False,False
MGRO.JK,720.0,726.6666666666666,716.0,702.5,694.25,682.9,675.4,8.75333333333333,1.7306311448413145,4593700,False,False
MGNA.JK,140.0,150.66666666666666,171.4,189.0,156.9,123.86,110.69,65.14,8.178670500416825,3981600,False,False
MGLV.JK,14650.0,14766.666666666666,14975.0,15030.0,14538.75,11596.0,9780.75,137.36,3.131859982892935,1366100,False,False
MERK.JK,3690.0,3723.3333333333335,3770.0,3822.0,3859.5,3903.6,3802.70556640625,21.359999999999992,1.0233866490360253,50200,False,False
MERI.JK,106.0,105.66666666666667,108.2,113.1,117.0,115.14,114.0,11.333333333333329,3.0409228476135435,1509800,False,False
MEJA.JK,156.0,151.66666666666666,145.6,129.5,122.15,113.18,100.66,42.81999999999999,7.238165693837044,423144600,False,False
MEGA.JK,1935.0,1926.6666666666667,1933.0,1945.5,1958.75,1972.6,1968.8,9.186666666666634,1.3465555457561702,26400,False,False
MEDS.JK,73.0,71.66666666666667,73.6,78.3,82.05,77.18,80.44,10.383333333333326,5.634817347771577,33187500,False,False
MEDC.JK,1390.0,1448.3333333333333,1457.0,1467.5,1504.0,1407.3,1318.451248779297,22.8,2.608891771331879,60480600,False,False
MDRN.JK,26.0,26.0,26.0,26.0,26.0,26.0,28.25,0.0,0.0,0,True,False
MDLN.JK,37.0,40.0,44.0,47.0,48.5,49.46,49.94,12.46,4.942249414698403,55209800,False,False
MDLA.JK,208.0,205.33333333333334,206.0,206.2,207.0,208.28,205.58491256713867,1.4733333333333292,1.0709127622887384,1342700,True,True
MDKI.JK,196.0,192.66666666666666,192.6,192.4,194.3,189.74,184.1248323059082,6.259999999999991,1.1245480867141584,329100,False,False
MDKA.JK,2880.0,2906.6666666666665,2970.0,2940.0,2949.0,2888.6,2766.2431298828124,9.0,3.47476570150059,42233700,False,False
MDIY.JK,945.0,946.6666666666666,950.0,949.5,949.0,943.3,897.3435571289062,1.3400000000000092,1.3067602506655613,136200,True,False
MDIA.JK,156.0,158.0,162.8,175.4,198.05,213.82,147.33,57.81999999999999,4.446095909602414,134908100,False,False
MCOR.JK,67.0,66.0,66.2,67.0,68.2,68.58,67.82,2.5799999999999983,1.1842942505479075,2705200,True,False
MCOL.JK,3550.0,3576.6666666666665,3596.0,3614.0,3660.5,3699.8,3712.417292480469,14.980000000000018,1.6723871933129286,9100,False,False
MCAS.JK,220.0,221.33333333333334,234.8,251.4,265.7,268.34,241.37,24.169999999999987,4.2055421165366536,329800,False,False
MBTO.JK,143.0,156.33333333333334,165.6,160.1,151.3,136.22,123.06,29.379999999999995,13.613062713171143,18705300,False,False
MBSS.JK,2890.0,2893.3333333333335,2896.0,2898.0,2883.5,2836.2,2637.75,6.180000000000018,0.3792860216544783,1399700,False,False
MBMA.JK,486.0,494.0,497.4,510.7,516.4,525.38,514.17,19.689999999999998,3.445933694370503,85015700,False,False
MBAP.JK,1670.0,1688.3333333333333,1696.0,1700.5,1719.25,1568.6,1502.75,30.130000000000017,2.220917301638747,31100,False,False
MAYA.JK,200.0,202.66666666666666,204.0,203.8,200.65,200.1,193.99,4.0,3.256196536307204,2769400,True,True
MAXI.JK,32.0,37.333333333333336,42.4,46.2,48.1,49.24,49.62,17.240000000000002,6.6780208369775576,288497200,False,False
MASB.JK,3280.0,3280.0,3284.0,3279.0,3317.5,3360.0,3353.5,8.1,0.7522440099707933,8500,False,False
MARK.JK,1175.0,1180.0,1180.0,1173.5,1138.5,1084.6162145996093,981.8997784423829,19.076757080078142,3.1980573289846936,12096700,False,False
MARI.JK,23.0,23.0,23.0,23.0,23.0,23.0,23.94,0.0,0.0,0,True,False
MAPI.JK,1550.0,1550.0,1534.0,1512.5,1445.75,1500.4,1498.0042944335937,20.85,1.920736669613286,12581800,False,False
MAPB.JK,1100.0,1133.3333333333333,1104.0,1152.5,1188.0,1164.0,1184.9,17.6,6.793557138491262,44500,False,False
MAPA.JK,625.0,638.3333333333334,642.0,664.0,671.25,661.8,631.4605682373046,9.25,2.9240532322817194,20650300,False,False
MANG.JK,36.0,35.666666666666664,36.2,37.2,39.0,39.1,41.49,3.433333333333337,2.2148935111567556,2695400,True,False
MAIN.JK,630.0,628.3333333333334,636.0,650.5,667.5,674.9,692.5108306884765,9.313333333333322,1.2047805566795042,446700,False,False
MAHA.JK,135.0,136.0,137.8,142.3,144.3,144.72,139.83416748046875,9.719999999999999,2.144728294914441,3744900,False,False
LUCK.JK,107.0,107.66666666666667,108.8,112.8,115.2,113.78,108.68,8.200000000000003,3.525324297016715,3105400,False,False
LTLS.JK,930.0,928.3333333333334,947.0,972.0,982.0,888.6,827.380132446289,18.679999999999996,1.7774563628565703,41200,False,False
LSIP.JK,1460.0,1488.3333333333333,1509.0,1576.5,1633.25,1515.6,1381.31564453125,34.65,1.6422204253702055,11657300,False,False
LRNA.JK,212.0,208.66666666666666,212.8,216.0,212.35,197.12,190.62,9.439999999999998,2.1994456055505154,325700,False,False
LPPS.JK,64.0,62.333333333333336,66.4,73.3,77.7,79.92,75.67,17.586666666666666,7.51210916846035,4153800,False,False
LPPF.JK,1575.0,1575.0,1578.0,1575.0,1603.5,1593.7,1574.1,5.7,2.2923606434967434,1031000,True,True
LPLI.JK,212.0,212.66666666666666,219.2,225.0,231.4,240.56,243.46,14.280000000000001,2.265444269828812,128600,False,False
LPKR.JK,45.0,44.666666666666664,46.8,50.1,55.65,59.8,62.74,15.133333333333333,5.589753842842179,108585900,False,False
LPIN.JK,430.0,433.3333333333333,432.0,432.2,431.9,425.56,414.58,3.886666666666656,1.1367033238757656,50700,True,False
LPGI.JK,640.0,641.6666666666666,643.0,643.5,642.25,638.3,658.7,1.0400000000000091,0.4413420377430843,11700,True,False
LPCK.JK,515.0,508.3333333333333,516.0,549.0,572.75,577.4,548.94,13.813333333333333,2.980563376401873,115800,False,False
LOPI.JK,61.0,61.0,61.0,62.3,62.95,68.32,71.6,7.319999999999993,3.8143882732806804,5937400,False,False
LMPI.JK,158.0,159.66666666666666,161.0,162.2,161.65,154.4,148.31,7.799999999999983,1.8717001919894445,41200,False,False
LMAX.JK,104.0,102.0,103.2,105.1,107.25,110.56,107.42,8.560000000000002,2.8569228139192373,75400,False,False
LIVE.JK,157.0,153.66666666666666,157.0,165.8,177.5,192.5,204.39,38.83333333333334,2.846591637594202,1286500,False,False
LION.JK,302.0,330.6666666666667,345.6,358.6,367.7,358.0,352.3,32.849999999999994,4.647105992295941,977300,False,False
LINK.JK,1660.0,1600.0,1587.0,1627.5,1643.5,1526.7,1460.85,26.65999999999999,3.4723276692327625,43800,False,False
LIFE.JK,8875.0,8666.666666666666,9475.0,10872.5,11798.75,8619.0,7385.75,127.19,7.2088960880819135,44400,False,False
LFLO.JK,590.0,565.0,564.0,579.5,551.0,520.94,528.5061306762695,13.811999999999989,4.67127793930909,49800,False,False
LEAD.JK,95.0,94.66666666666667,97.6,100.9,105.55,106.86,103.55,12.193333333333328,2.7098808227147937,8034400,False,False
LCKM.JK,109.0,109.0,109.0,109.0,109.0,109.1,111.96,0.09999999999999432,0.0,0,True,False
LAPD.JK,73.0,74.66666666666667,76.4,79.2,77.15,70.66,68.74,8.540000000000006,7.042030237576667,34780300,False,False
LAND.JK,54.0,54.333333333333336,60.8,64.5,69.1,73.36,68.56,19.36,8.488777941212696,50451100,False,False
LAJU.JK,56.0,54.333333333333336,58.8,63.6,67.95,67.48,66.62590343475341,13.616666666666667,5.56874497065966,45215400,False,False
LABS.JK,148.0,146.66666666666666,153.4,162.7,168.75,162.94,156.23,22.083333333333343,4.945951942290868,340000,False,False
LABA.JK,103.0,101.33333333333333,105.6,112.8,120.4,107.68,101.07,19.066666666666677,4.6082399936286444,8520500,False,False
KUAS.JK,90.0,90.66666666666667,92.2,95.7,99.35,95.48,94.50654663085938,9.349999999999994,7.7349453920525075,26592100,False,False
KSIX.JK,396.0,384.0,390.4,401.0,405.6,381.36,355.4,12.120000000000005,2.5567066147958784,231200,False,False
KRYA.JK,45.0,44.666666666666664,49.8,56.9,62.4,62.64,61.71,17.973333333333336,5.9560988295413075,61392400,False,False
KREN.JK,15.0,17.0,16.4,15.7,15.3,14.08,13.62,2.92,10.757597103894362,267479600,False,False
KRAS.JK,216.0,216.66666666666666,219.6,224.0,233.9,230.36,223.4,8.950000000000003,3.0515999135395577,2724300,False,False
KPIG.JK,43.0,44.666666666666664,46.8,55.6,64.05,70.2,78.45,27.200000000000003,7.687934070724258,398704600,False,False
KOTA.JK,168.0,170.0,171.8,179.0,192.6,173.08,137.92,24.599999999999994,3.4353337521129084,123385300,False,False
KOPI.JK,197.0,196.66666666666666,196.8,200.5,202.8,204.56,200.19,7.893333333333345,1.6773840606424717,292100,False,False
KONI.JK,1920.0,1935.0,1989.0,2033.5,2079.25,2234.9,2463.45,62.98000000000002,2.4032934210425445,15400,False,False
KOKA.JK,142.0,149.33333333333334,157.4,170.0,179.6,187.3,156.05,45.30000000000001,6.074539859864582,4735000,False,False
KOIN.JK,78.0,78.0,78.0,78.0,78.0,78.0,77.41,0.0,0.0,0,True,False
KOCI.JK,99.0,98.66666666666667,102.0,109.2,114.9,109.12,103.06289428710937,16.233333333333334,3.526121869181737,3563200,False,False
KOBX.JK,171.0,170.33333333333334,171.4,174.5,176.0,170.32,161.71,5.680000000000007,2.114433389693771,1098500,True,True
KMTR.JK,244.0,246.0,247.6,250.0,252.4,242.24,236.26,5.079999999999998,1.726682625438063,156600,True,False
KMDS.JK,510.0,516.6666666666666,518.0,521.5,521.75,528.2,529.4443411254883,3.640000000000009,0.9036171805906568,103000,True,False
KLIN.JK,114.0,113.0,115.6,118.4,118.85,117.4,113.57,5.849999999999994,3.015370878397772,108900,True,False
KLBF.JK,730.0,725.0,729.0,743.5,753.5,763.1,758.8513696289062,7.6200000000000045,1.5064050966603009,64027600,False,False
KLAS.JK,70.0,69.0,72.6,77.3,81.0,79.54,74.83,12.0,3.9678568706100337,4583500,False,False
KKGI.JK,294.0,289.3333333333333,294.4,299.75757751464846,293.88787841796875,274.54666931152343,262.297060546875,12.605454101562515,2.455195098842299,4270600,False,False
KKES.JK,59.0,60.333333333333336,67.0,77.6,84.45,75.7,61.37,25.450000000000003,7.153857499150608,15248300,False,False
KJEN.JK,151.0,161.66666666666666,160.2,160.2,161.2,155.28,143.53,10.666666666666657,3.7832570491238102,292418500,False,False
KIOS.JK,75.0,73.0,78.6,87.7,94.3,95.64,91.65,22.64,5.9597484867601995,91861500,False,False
KINO.JK,1355.0,1350.0,1353.0,1371.0,1375.5,1322.3,1214.811993408203,10.64000000000001,1.6170096185973992,161200,False,False
KING.JK,322.0,328.0,352.4,376.2,374.2,317.72,375.31,29.23999999999998,4.835540567052749,8649700,False,False
KIJA.JK,159.0,165.0,168.2,174.0,184.15,167.08,148.52,25.150000000000006,3.70810049078975,161869100,False,False
KICI.JK,288.0,278.6666666666667,285.6,295.6,283.5,237.08,213.66,29.260000000000005,11.541321948614126,4346200,False,False
KETR.JK,965.0,986.6666666666666,973.0,966.0,935.25,752.8,652.99,46.77333333333333,4.756417054997247,26411200,False,False
KEJU.JK,590.0,588.3333333333334,592.0,594.0,601.75,586.5,576.05,3.05,1.1579707231568304,32000,True,False
KEEN.JK,850.0,845.0,844.0,849.0,892.75,883.3,863.0740802001953,9.75,1.849977518654237,6406800,False,False
KDTN.JK,404.0,397.3333333333333,387.6,380.2,393.6,395.38,557.48,11.900000000000006,3.5037204609104684,5254900,False,False
KDSI.JK,468.0,462.6666666666667,463.2,459.8,463.7,459.44,450.62,4.280000000000001,1.9872687805867675,46800,True,False
KBLV.JK,104.0,101.0,104.4,113.1,121.95,131.08,111.27,30.080000000000013,4.0285992610429675,26313400,False,False
KBLM.JK,348.0,334.6666666666667,339.2,354.0,352.0,322.56,307.88349670410156,15.719999999999999,3.3857769542510012,556000,False,False
KBLI.JK,348.0,345.3333333333333,348.8,356.8,351.9,336.48,321.2558071899414,10.159999999999997,1.5650696799548613,1100600,False,False
KBAG.JK,38.0,39.0,39.2,40.3,42.15,44.38,41.85,6.380000000000003,6.084158502790094,8480800,False,False
KARW.JK,212.0,212.0,212.0,212.0,212.0,212.0,230.08,0.0,0.0,0,True,False
KAQI.JK,81.0,83.0,85.6,89.6,93.85,93.96,93.29,12.959999999999994,1.58866636987098,24498800,False,False
KAEF.JK,410.0,410.6666666666667,416.4,427.8,442.35,444.46,460.39,17.22999999999999,1.388933106169381,510200,False,False
JTPE.JK,575.0,581.6666666666666,586.0,590.0,597.75,605.8,600.775,6.159999999999991,1.2737200252335383,1287800,False,False
JSPT.JK,1370.0,1361.6666666666667,1374.0,1421.0,1426.0,1413.2,1359.3313793945313,12.866666666666651,2.764059238662256,5700,False,False
JSMR.JK,2610.0,2653.3333333333335,2682.0,2751.0,2854.5,2806.0,2793.103552246094,24.45,1.3628031291711573,3216400,False,False
JRPT.JK,1150.0,1150.0,1150.0,1147.0,1128.25,1099.3,1084.004033203125,10.14000000000001,0.84703865897367,442700,False,False
JPFA.JK,2030.0,2053.3333333333335,2094.0,2183.0,2248.0,2217.8,2188.45,21.8,1.5559121271099552,11800600,False,False
JMAS.JK,228.0,228.0,228.0,228.0,228.0,228.0,237.36,0.0,0.0,0,True,False
JKON.JK,80.0,80.0,79.8,81.5,84.0,82.34,74.92492572784424,4.200000000000003,2.060861588099926,3495200,True,True
JIHD.JK,400.0,399.3333333333333,402.8,414.2,432.6,433.96,431.0,17.313333333333333,1.19821172260717,125700,False,False
JGLE.JK,50.0,50.0,53.4,61.6,70.7,76.68,68.29,26.680000000000007,5.551594935525136,205074300,False,False
JECC.JK,745.0,713.3333333333334,731.0,773.5,766.75,687.2,654.0897155761719,17.25999999999999,4.219902435525142,400100,False,False
JAYA.JK,153.0,151.66666666666666,153.8,157.2,158.45,142.78,133.75,15.669999999999987,3.5969436727461392,863900,False,False
JAWA.JK,171.0,170.33333333333334,173.2,172.6,160.85,141.48,133.29,31.72,10.272313689106245,18263400,False,False
JATI.JK,107.0,108.33333333333333,110.8,113.9,113.6,105.12,100.38676383972168,8.780000000000001,1.9304018852519165,15107300,False,False
JAST.JK,91.0,84.0,85.2,86.7,90.05,88.04,85.81,7.0,5.92653823524041,72174800,False,False
JARR.JK,3580.0,3410.0,3490.0,3510.0,3532.0,2804.7,2294.508291015625,77.53000000000002,7.941467527710457,27402800,False,False
ITMG.JK,25200.0,25266.666666666668,25270.0,25617.5,25950.0,25358.0,24129.25,30.0,1.7004126404678002,756500,False,False
ITMA.JK,1385.0,1373.3333333333333,1373.0,1403.5,1460.5,1419.7,1510.85,17.5,1.4533659126087635,13400,False,False
ITIC.JK,198.0,197.0,199.0,202.7,213.15,218.58,214.82,21.580000000000013,1.8587237216610024,64500,False,False
ISSP.JK,402.0,398.6666666666667,400.0,402.8,425.9,425.88,408.1004113769531,13.616666666666646,1.6078067963138414,543900,False,False
ISEA.JK,77.0,76.33333333333333,78.4,83.4,85.8,83.38,77.27,9.466666666666669,3.435695993611238,1824500,False,False
ISAT.JK,2260.0,2266.6666666666665,2310.0,2343.0,2365.5,2304.3,2126.9983544921874,10.55,2.603887056496254,29066200,False,False
ISAP.JK,23.0,24.0,23.6,24.4,24.85,24.5,24.76,1.8500000000000014,5.07736284287329,16997500,False,False
IRSX.JK,340.0,347.3333333333333,370.8,400.6,405.9,374.0,346.2101672363281,32.94999999999999,6.263117092377038,42702600,False,False
IRRA.JK,350.0,346.6666666666667,350.4,357.2,368.1,370.64,374.24,11.98666666666665,1.1717423410138013,759600,False,False
IPTV.JK,24.0,24.0,24.4,26.7,28.85,30.04,32.57,6.039999999999999,4.636329227740237,28409300,False,False
IPOL.JK,112.0,112.0,113.0,115.0,115.85,112.48,111.77,3.8499999999999943,2.2190030449856457,1095500,True,True
IPCM.JK,292.0,286.6666666666667,285.2,287.2,289.8,299.4,302.46230346679687,7.099999999999994,1.2259478644269686,1655200,False,False
IPCC.JK,1065.0,1076.6666666666667,1079.0,1090.0,1112.5,1144.2,1146.8603253173828,15.840000000000009,1.0727059581849807,655200,False,False
IPAC.JK,189.0,189.0,189.0,189.0,188.1,176.78,162.48,12.219999999999999,0.0,0,False,False
IOTF.JK,48.0,47.0,52.0,57.5,61.35,60.38,57.6,14.350000000000001,6.870485738153078,20941600,False,False
INTP.JK,4860.0,4940.0,5009.0,5119.5,5228.5,5206.2,4779.099619140625,36.85,1.7737007744545261,1657400,False,False
INTD.JK,398.0,404.0,400.8,352.8,312.6,287.0,260.94,58.5,9.315249423074855,317400,False,False
INTA.JK,61.0,61.0,61.0,61.0,61.0,61.0,63.56,0.0,0.0,0,True,False
INPS.JK,1065.0,1065.0,1065.0,1055.5,919.75,779.8,713.5,57.040000000000006,4.089771308963126,0,False,False
INPP.JK,690.0,695.0,701.0,707.5,728.75,723.0677514648437,732.3992755126953,7.75,1.59100081943487,37800,False,False
INPC.JK,138.0,140.33333333333334,143.6,147.6,156.1,147.74,141.69,18.099999999999994,1.7310542223664245,2251600,False,False
INOV.JK,137.0,132.33333333333334,132.6,134.2,136.55,139.12,131.24,6.786666666666662,2.3801212954268345,1356400,False,False
INKP.JK,8225.0,8091.666666666667,8130.0,8337.5,8647.5,8519.5,8048.184794921875,22.23333333333332,2.0543320286375284,6589700,False,False
INET.JK,268.0,278.6666666666667,288.4,307.8,327.0,289.76,252.86,29.5,4.269883362999549,383206600,False,False
INDY.JK,2620.0,2630.0,2672.0,2702.0,2762.5,2671.6,2472.3277197265625,14.25,4.122229971934954,17183100,False,False
INDX.JK,60.0,60.0,60.0,60.0,60.0,60.0,65.59,0.0,0.0,0,True,False
INDS.JK,236.0,238.0,239.6,245.4,255.3,265.2,271.85320236206053,14.599999999999994,1.3138447577227625,676100,False,False
INDR.JK,2900.0,2926.6666666666665,2946.0,2929.0,2927.5,2563.5,2313.9,38.25,3.7956939786803194,5100,False,False
INDO.JK,166.0,167.33333333333334,169.4,175.6,180.85,178.74,170.13,14.849999999999994,1.1075529087640061,18547900,False,False
INDF.JK,6725.0,6691.666666666667,6755.0,6882.5,7101.25,7161.5,6805.97685546875,18.793333333333322,1.1746347172933698,6248900,False,False
INCO.JK,4220.0,4300.0,4460.0,4607.0,4722.5,4980.0,4906.017041015625,76.0,2.748636623983803,14740000,False,False
INCI.JK,795.0,783.3333333333334,788.0,797.5,797.75,723.7,688.5196697998047,14.809999999999992,1.2310646631408828,71300,False,False
INCF.JK,50.0,50.0,50.0,50.0,50.0,50.0,50.31,0.0,0.0,0,True,False
INAI.JK,152.0,149.33333333333334,156.0,168.1,172.15,174.36,162.74,25.02666666666667,4.787891794984004,333800,False,False
IMPC.JK,1425.0,1433.3333333333333,1439.0,1531.0,1583.25,1517.1,1589.55,31.65,3.0317503640656747,7504700,False,False
IMJS.JK,169.0,168.33333333333334,172.2,179.5,184.0,170.32,159.3155697631836,15.666666666666657,2.1021724029187236,1465100,False,False
IMAS.JK,860.0,855.0,858.0,865.5,890.75,876.6,872.8422369384766,7.15,1.4380253614193472,80300,False,False
IKPM.JK,177.0,177.0,179.2,178.7,183.05,188.48,187.51,11.47999999999999,2.2430309671918165,62700,False,False
IKBI.JK,555.0,545.0,540.0,540.5,541.25,543.0085797119141,519.0022723388672,3.0,2.684195600446835,537600,True,False
IKAN.JK,78.0,78.33333333333333,81.2,85.4,87.85,87.26,83.2,9.849999999999994,3.491648798836384,1857000,False,False
IKAI.JK,20.0,21.666666666666668,21.2,20.7,20.35,20.42,19.93,1.6666666666666679,8.491553537573763,33830100,False,False
IGAR.JK,466.0,468.0,478.2,472.9,473.05,458.9,440.8976345825195,9.650000000000006,5.057591384028592,62300,False,False
IFSH.JK,1520.0,1443.3333333333333,1268.0,1142.5,1101.25,1117.3,1248.5112609863281,83.75,11.409555084554853,694500,False,False
IFII.JK,206.0,205.66666666666666,208.1528289794922,207.77169799804688,204.55424423217772,203.20962280273437,208.28792434692383,2.471603088378913,2.1282592287696547,69100,True,False
IDPR.JK,240.0,247.33333333333334,251.2,258.8,266.9,273.0,284.46295166015625,16.5,2.186923635834119,23300,False,False
IDEA.JK,148.0,148.0,148.0,133.5,101.9,78.54,70.5,69.46,5.132510953071608,0,False,False
ICON.JK,129.0,133.66666666666666,138.0,145.6,144.55,129.66,120.56,16.599999999999994,3.9924548615659297,15230500,False,False
ICBP.JK,6675.0,6666.666666666667,6725.0,6780.0,6972.5,7234.0,6866.127124023437,22.69333333333332,2.151238091610342,6935900,False,False
IBST.JK,8475.0,8475.0,8475.0,8475.0,8475.0,8475.0,8475.0,0.0,0.0,0,True,False
IBOS.JK,83.0,84.0,87.0,90.6,92.55,81.26,81.82,11.289999999999992,4.1215118631248755,1980800,False,False
IBFN.JK,63.0,63.0,63.0,63.0,63.0,63.0,64.69,0.0,0.0,0,True,False
IATA.JK,92.0,93.0,94.6,103.2,116.65,106.1,85.75,24.650000000000006,4.439200716559261,232135300,False,False
HYGN.JK,187.0,183.0,181.8,181.6,185.35,176.34,160.2690002441406,10.659999999999997,1.4884308282456957,3437800,False,False
HUMI.JK,117.0,116.33333333333333,119.6,124.8,131.9,138.78127334594726,135.60964149475097,22.447940012613927,4.703204999013799,22267300,False,False
HRUM.JK,850.0,868.3333333333334,871.0,878.0,905.25,880.4,831.05,11.05,1.9693462270603472,7232100,False,False
HRTA.JK,2280.0,2206.6666666666665,2244.0,2215.0,2214.0,2148.2,2118.336579589844,13.180000000000017,3.4860152492098435,11986000,False,False
HRME.JK,37.0,38.666666666666664,40.4,42.5,43.3,42.5,44.17,6.299999999999997,4.296386456014779,5827500,False,False
HOPE.JK,268.0,269.3333333333333,273.2,264.2,244.9,233.48,184.38,19.86,8.856683930608785,8809200,False,False
HOMI.JK,244.0,236.66666666666666,237.6,242.8,241.2,212.98,204.33,15.510000000000005,2.496533384129682,1937300,False,False
HOKI.JK,41.0,41.0,44.6,47.5,51.45,53.58,55.05,12.579999999999998,5.921591321540163,26451900,False,False
HMSP.JK,625.0,630.0,632.0,639.5,682.25,716.6,690.4026818847656,18.320000000000004,0.5429037150270256,10405500,False,False
HILL.JK,16.0,16.0,16.0,16.0,16.0,16.0,16.09,0.0,0.0,0,True,False
HGII.JK,139.0,139.0,139.8,140.3,140.0,131.18,129.10864852905274,9.120000000000005,2.1690939517555172,900400,False,False
HEXA.JK,3510.0,3580.0,3727.9947265625,3905.9905517578127,4188.487805175781,4338.786206054688,4369.185737304688,82.87862060546877,2.9962174261711625,1214600,False,False
HERO.JK,322.0,318.6666666666667,320.4,327.0,331.8,336.16,343.94,8.74666666666667,1.064744772738763,53000,False,False
HELI.JK,276.0,267.3333333333333,258.4,245.0,225.2,204.98,192.25,35.510000000000005,6.425092638511678,3932900,False,False
HEAL.JK,600.0,615.0,619.0,637.0,658.25,709.8,807.05,21.95999999999999,1.5176822101549632,7423900,False,False
HDIT.JK,38.0,39.333333333333336,43.6,46.8,48.4,49.68,50.96,11.68,6.094115759003224,78043900,False,False
HDFA.JK,93.0,90.33333333333333,92.6,97.9,99.7,97.66,94.38,9.366666666666674,5.037420874640739,227500,False,False
HBAT.JK,400.0,384.0,382.4,387.4,354.0,284.16,330.15,57.91999999999999,4.800258071191035,841500,False,False
HATM.JK,550.0,548.3333333333334,548.0,543.0,566.75,558.52,455.4975018310547,4.75,4.028088947823185,27315000,False,False
HALO.JK,62.0,62.333333333333336,63.6,67.5,71.0,69.76,68.51,9.0,3.7500201370187702,1752800,False,False
HAJJ.JK,105.0,103.0,104.6,107.5,109.35,108.6,108.89,6.349999999999994,2.6777894196678074,4608000,False,False
HAIS.JK,177.0,176.0,177.2,179.7,183.3,182.94,179.32,7.300000000000011,1.4141194945788509,156200,False,False
HADE.JK,28.0,27.333333333333332,28.6,27.6,24.75,20.64,18.49,7.960000000000001,6.80382680346464,22446100,False,False
GZCO.JK,166.0,167.0,172.0,178.9,186.95,177.36,163.9,20.94999999999999,3.3743615972798082,6001800,False,False
GWSA.JK,148.0,148.66666666666666,157.6,160.7,164.1,151.6,137.81,16.099999999999994,6.15473132998847,965300,False,False
GUNA.JK,220.0,219.33333333333334,219.6,219.8,220.0,212.54,192.26021148681642,3.730000000000004,0.4305189785757642,202200,True,False
GULA.JK,785.0,780.0,797.0,808.5,809.25,782.3,670.51,5.85,1.9025393826444432,7241600,True,True
GTSI.JK,134.0,135.33333333333334,141.0,146.5,156.1,164.28,154.84604698181153,30.28,4.57015304798932,8951800,False,False
GTRA.JK,266.0,259.3333333333333,259.2,255.6,255.5,244.76,221.81,10.620000000000005,2.230778426020764,953800,False,False
GTBO.JK,132.0,128.33333333333334,130.8,136.3,145.6,160.24,171.07,31.906666666666666,5.100519951367917,83100,False,False
GSMF.JK,86.0,86.0,88.8,94.0,97.85,93.46,92.83,11.849999999999994,2.1337054791664727,838500,False,False
GRPM.JK,131.0,126.0,133.0,145.2,157.65,189.62,223.69,63.620000000000005,6.8743994214109705,6510800,False,False
GRPH.JK,111.0,108.66666666666667,117.2,125.7,129.05,93.02,76.53,36.030000000000015,6.663635402501061,35478400,False,False
GRIA.JK,157.0,152.66666666666666,158.6,167.8,167.75,156.4,137.51,15.133333333333354,5.683809526870221,1157200,False,False
GPSO.JK,234.0,226.66666666666666,231.6,252.4,270.7,286.4,344.24,29.86666666666666,5.096970634815959,14787200,False,False
GPRA.JK,98.0,101.33333333333333,101.0,101.9,103.85,105.74,103.75617584228516,7.739999999999995,2.685731665546869,14319600,False,False
GOTO.JK,32.0,37.333333333333336,42.4,46.2,48.1,49.24,49.62,17.240000000000002,6.6780208369775576,857223700,False,False
GOOD.JK,304.0,304.6666666666667,305.2,307.4,311.9,306.68,313.12,3.9499999999999886,1.0242354584245568,118000,True,False
GOLF.JK,167.0,167.0,169.6,172.6,170.85,165.7,166.27934783935547,6.900000000000006,1.56159075548516,2109000,False,False
GOLD.JK,270.0,270.0,272.4,276.0,276.8,273.12,265.94,3.4000000000000057,1.086151898366807,24100,True,False
GMTD.JK,980.0,1018.3333333333334,1066.0,1135.5,1232.25,1287.2,1381.95,61.44000000000001,2.0565643746980196,17300,False,False
GMFI.JK,52.0,51.666666666666664,53.0,55.0,56.95,57.32,55.05,5.653333333333336,2.4493811539867267,71020600,True,False
GLVA.JK,320.0,324.6666666666667,326.0,330.0,329.0,317.28,314.0415872192383,6.360000000000014,2.4052466655280034,119100,False,False
GJTL.JK,1235.0,1238.3333333333333,1249.0,1283.5,1324.25,1312.3,1214.9771997070313,17.85,1.1544557049478321,2528100,False,False
GIAA.JK,57.0,56.666666666666664,57.0,59.4,62.5,62.54,59.23,5.873333333333335,2.252933160482669,36286300,True,False
GHON.JK,1625.0,1625.0,1627.0,1636.5,1652.75,1635.1,1682.3,5.55,0.8392378424067849,3600,True,False
GGRP.JK,370.0,353.3333333333333,348.4,340.2,331.2,312.96,301.2311654663086,28.52000000000001,2.495202748126022,21686700,False,False
GGRM.JK,16825.0,16991.666666666668,17095.0,17392.5,18390.0,19175.5,17425.3375,94.02,1.4637885779052586,705300,False,False
GEMS.JK,7250.0,7275.0,7255.0,7265.0,7393.75,6948.0,6853.0,17.83,1.7932418934850398,96100,False,False
GEMA.JK,80.0,79.33333333333333,81.4,85.3,88.95,84.86,82.39261840820312,9.616666666666674,3.1341957176829403,722400,False,False
GDYR.JK,1110.0,1103.3333333333333,1102.0,1103.0,1114.5,1107.4,1097.55,2.5,1.3697018546744948,64100,True,False
GDST.JK,104.0,105.33333333333333,109.0,116.2,115.2,111.26,98.62,12.200000000000003,7.825622518063627,5782300,False,False
FWCT.JK,77.0,74.66666666666667,77.8,83.5,87.4,90.02,85.19,15.353333333333325,6.1030942073387076,2622200,False,False
FUTR.JK,250.0,259.3333333333333,264.8,262.6,285.4,304.76,245.07,27.379999999999995,3.549321323825115,17564600,False,False
FUJI.JK,290.0,283.3333333333333,284.8,284.2,266.2,250.88,253.29,19.560000000000002,6.742207077323152,2308600,False,False
FPNI.JK,492.0,486.6666666666667,497.0,520.0,544.5,494.76,419.58,28.916666666666657,7.05661825581916,2906300,False,False
FORU.JK,224.0,264.0,289.2,232.50762786865235,1409.797794342041,2070.2191177368163,2292.309558868408,923.1095588684082,22.55352899770159,11788800,False,False
FORE.JK,805.0,801.6666666666666,798.0,800.5,799.0,773.3,752.15,6.340000000000009,2.3229919122204494,1590000,False,False
FOOD.JK,176.0,176.0,176.0,176.0,176.0,176.0,173.87,0.0,0.0,0,True,False
FOLK.JK,184.0,190.66666666666666,196.8,218.4,225.8,208.28,213.49,41.80000000000001,5.383550937852336,12843200,False,False
FMII.JK,240.0,242.0,239.6,240.8,246.7,249.44,247.14,4.920000000000002,3.066726086554549,8800,True,False
FLMC.JK,125.0,128.0,131.0,119.8,120.85,94.7,100.0,36.3,7.972412731374531,7824400,False,False
FITT.JK,410.0,412.0,424.8,433.8,440.4,397.4,386.4,21.5,2.79033271580481,1959100,False,False
FISH.JK,600.0,613.3333333333334,618.0,634.5,639.75,623.5,634.7665069580078,7.95,3.195224374534833,63000,False,False
FIRE.JK,106.0,106.66666666666667,109.6,116.3,120.55,114.06,111.87,14.549999999999997,4.198331453214468,6497200,False,False
FILM.JK,625.0,625.0,645.0,694.0,757.75,882.1,1384.4,51.42,6.820560293546292,11111300,False,False
FAST.JK,414.0,406.0,416.4,422.8,435.5,413.04,331.76,14.75,3.843750631828641,17356900,False,False
FAPA.JK,7400.0,7408.333333333333,7420.0,7422.5,7442.5,7406.0,7317.7151171875,1.7,0.37094438194187707,300,True,False
EXCL.JK,2410.0,2363.3333333333335,2364.0,2417.0,2538.5,2584.0,2620.8,22.066666666666652,2.187279184862318,13174500,False,False
EURO.JK,1470.0,1416.6666666666667,1423.0,1454.5,1443.75,1625.2,1734.8061584472657,41.70666666666666,3.08798195920509,14366500,False,False
ESTI.JK,143.0,142.0,146.6,154.2,162.1,160.34,144.01848083496094,20.099999999999994,3.9767486197150417,2150500,False,False
ESTA.JK,155.0,143.66666666666666,149.2,163.9,169.45,174.84,181.51,31.173333333333346,6.456730489000935,8576300,False,False
ESSA.JK,570.0,573.3333333333334,579.0,591.5,631.0,636.3,620.7338775634765,13.259999999999991,1.7366114615082997,31709200,False,False
ESIP.JK,97.0,95.66666666666667,99.2,107.4,115.35,122.16,127.4183073425293,26.493333333333325,4.391924169292167,8097300,False,False
ERTX.JK,155.0,156.33333333333334,161.6,167.8,175.2,180.04,165.43,25.039999999999992,2.2674466557227615,363300,False,False
ERAL.JK,300.0,303.3333333333333,307.6,313.4,318.7,308.48,291.6939855957031,9.349999999999994,2.537864566074703,4212900,False,False
ERAA.JK,595.0,600.0,602.0,610.5,601.5,509.08,427.12305725097656,20.284000000000002,2.0250093460422214,67880100,False,False
EPMT.JK,2630.0,2633.3333333333335,2632.0,2634.0,2551.5,2431.6,2374.3,20.24000000000001,0.43766951283577205,52200,False,False
EPAC.JK,41.0,41.0,44.6,47.3,50.95,56.08,62.35,15.079999999999998,5.5357613511756,85971000,False,False
ENZO.JK,60.0,58.333333333333336,64.4,70.0,73.1,72.58,71.55,14.766666666666659,6.78416659918603,13660200,False,False
ENRG.JK,1350.0,1343.3333333333333,1333.0,1303.5,1360.5,1306.9483361816406,1318.6241680908204,11.4,3.0114940269411927,41810100,False,False
ENAK.JK,186.0,187.66666666666666,192.4,202.0,215.9,232.24,257.0,46.24000000000001,1.8007683933789622,437200,False,False
EMTK.JK,388.0,399.3333333333333,409.6,436.8,471.75,502.1,541.2546008300782,57.05000000000001,2.0700104689720127,56107400,False,False
EMDE.JK,68.0,65.33333333333333,68.4,72.6,75.6,74.98,70.64,10.266666666666666,4.728174108045562,4454400,False,False
EMAS.JK,7725.0,7591.666666666667,7590.0,7620.0,7951.25,7656.5,7218.25,14.45,1.800039438496126,9594400,False,False
ELTY.JK,32.0,34.0,33.0,33.4,34.65,35.64,31.6,3.6400000000000006,9.985620778942959,359726500,False,False
ELSA.JK,645.0,670.0,672.0,681.5,705.5,700.3,645.9809008789063,12.1,2.2921119189151713,33687400,False,False
ELPI.JK,575.0,583.3333333333334,594.0,604.5,641.5,703.9,996.49099609375,25.779999999999994,3.735950733191477,422500,False,False
ELIT.JK,250.0,247.33333333333334,250.8,263.8,268.4,224.18,201.12,22.109999999999985,3.1155096533371904,13984000,False,False
EKAD.JK,374.0,374.6666666666667,382.4,390.6,401.8,315.0,239.8755548095703,43.400000000000006,3.3430580516385184,3912700,False,False
ECII.JK,151.0,151.33333333333334,154.6,159.9,165.4,160.68,151.14,14.400000000000006,4.002399270741665,518900,False,False
EAST.JK,89.0,89.0,89.0,89.2,89.5,89.7830436706543,88.25782646179199,0.783043670654294,0.6334126789306029,708300,True,False
DYAN.JK,80.0,78.66666666666667,81.2,85.0,86.3,85.78,82.16,7.633333333333326,7.580838509166132,12247600,False,False
DWGL.JK,208.0,208.0,213.6,218.8,227.9,281.36,263.84,36.68000000000001,2.8842312649467168,1999500,False,False
DVLA.JK,1585.0,1581.6666666666667,1582.0,1581.5,1588.5,1585.4,1552.3009814453126,1.4,0.3140923342260084,53100,True,False
DUTI.JK,4700.0,4763.333333333333,4774.0,4783.0,4786.5,4597.2,4234.63056640625,18.930000000000017,0.7158069685010912,400,False,False
DSSA.JK,1070.0,1071.6666666666667,1072.0,1061.5,1095.75,1020.5,899.28,15.05,4.4941142110053605,157646100,False,False
DSNG.JK,1550.0,1538.3333333333333,1558.0,1584.5,1613.25,1481.2,1341.284033203125,26.40999999999999,3.8695970589399495,4063500,False,False
DSFI.JK,84.0,89.66666666666667,91.8,94.8,91.4,86.54,80.52,10.799999999999997,8.376173090999814,7184100,False,False
DRMA.JK,935.0,930.0,933.0,949.0,978.5,973.5,956.5,9.7,1.5344334886084563,235900,False,False
DPUM.JK,103.0,111.0,119.6,134.7,129.8,110.14,125.22,31.69999999999999,5.389970350697528,40723200,False,False
DOSS.JK,163.0,164.33333333333334,169.4,170.4,170.05,164.98,149.01985710144044,7.400000000000006,3.737485078836212,1048300,False,False
DOOH.JK,342.0,358.6666666666667,366.4,387.2,376.5,318.04,223.4,34.579999999999984,6.818544824708271,208298600,False,False
DOID.JK,216.0,216.66666666666666,216.8,223.2,236.0,227.04,217.08,10.0,5.458303445264258,7327000,False,False
DNET.JK,9700.0,9858.333333333334,9810.0,9782.5,9857.5,9859.5,9874.0,6.38,1.1569220015446553,12100,False,False
DNAR.JK,122.0,121.0,122.4,125.7,129.8,126.86,121.8,8.800000000000011,1.220890161965909,116900,False,False
DMND.JK,610.0,603.3333333333334,610.0,628.5,621.25,620.6,613.8271978759766,5.033333333333326,2.9243082590090936,5900,True,False
DMMX.JK,176.0,170.33333333333334,175.0,180.7,184.55,184.9,176.63070724487304,14.566666666666663,2.952915077426566,348200,False,False
DMAS.JK,186.0,183.33333333333334,185.4,187.6,191.8,171.22,153.98897369384767,20.580000000000013,2.9942875677880423,131575100,False,False
DLTA.JK,1775.0,1770.0,1776.0,1782.0,1787.0,1784.7,1763.4091735839843,3.4,0.3700772262450118,36600,True,False
DKHH.JK,71.0,72.0,71.2,69.9,70.5,66.62,64.81,5.3799999999999955,1.8754753681828624,9875900,True,True
DKFT.JK,645.0,648.3333333333334,649.0,661.5,666.1214233398438,647.2957019042968,644.14712890625,4.224284667968755,2.968227815742459,3380400,True,True
DIVA.JK,126.0,125.0,130.2,136.4,136.65,134.2,127.88,11.650000000000006,4.990955215489687,17915400,False,False
DILD.JK,109.0,111.0,111.2,113.5,116.45,117.02,116.59,8.019999999999996,1.4974805463300873,10995800,False,False
DIGI.JK,29.0,29.0,29.0,29.0,29.0,29.0,30.35,0.0,0.0,0,True,False
DGWG.JK,320.0,319.3333333333333,320.0,322.4,330.1,320.72,312.6505288696289,5.383333333333354,1.5863540291197964,5771800,True,True
DGNS.JK,298.0,274.0,265.6,267.0,269.3,247.96,240.66,25.019999999999996,5.53662423746304,5533900,False,False
DGIK.JK,138.0,138.0,135.4,136.0,137.75,134.02,130.44,3.9799999999999898,3.721534858264972,5153800,True,True
DFAM.JK,69.0,72.66666666666667,79.8,88.0,86.2,83.46,90.56,19.0,9.416286802986058,37712800,False,False
DEWI.JK,232.0,226.0,225.2,209.7,185.5,154.42,137.11,38.790000000000006,7.247545049046235,112896100,False,False
DEWA.JK,342.0,344.0,350.4,359.6,392.2,428.48,388.82506546020505,43.24000000000001,4.160470285530765,397325600,False,False
DEPO.JK,228.0,227.33333333333334,226.8,234.6,241.0,243.64,246.57231887817383,8.419999999999987,2.1750193328730196,580000,False,False
DEFI.JK,88.0,83.66666666666667,88.8,98.7,104.55,105.88,114.73,22.213333333333324,7.520893288493603,33101800,False,False
DCII.JK,198000.0,198000.0,198600.0,198852.5,199433.75,198672.0,195291.5,57.35,1.4690428415294778,200,False,False
DAYA.JK,1045.0,1076.6666666666667,1092.0,1087.5,1091.5,1048.6,1039.8,9.4,2.368495188771254,10700,False,False
DATA.JK,1600.0,1570.0,1587.0,1623.0,1707.5,1845.5,1862.65,55.1,1.80272448898201,1820400,False,False
DART.JK,152.0,148.0,149.4,158.3,160.0,154.22,139.92,12.0,2.992477613337483,973400,False,False
DADA.JK,32.0,37.333333333333336,42.4,46.2,48.1,49.24,49.62,17.240000000000002,6.6780208369775576,11230600,False,False
DAAZ.JK,1870.0,1860.0,1804.0,1715.0,1687.5,1656.6,1669.3133264160156,42.68000000000002,3.1670185523329795,385400,False,False
CYBR.JK,492.0,499.0,503.4,512.2,518.85,542.14,574.57,25.069999999999993,2.7986033466945717,29842600,False,False
CUAN.JK,845.0,880.0,903.0,922.5,928.75,828.1,749.91,20.129999999999995,2.8232628526115926,340672300,False,False
CTTH.JK,95.0,97.66666666666667,105.6,116.5,122.45,126.2,135.56,31.200000000000003,5.282703907287311,8043100,False,False
CTRA.JK,530.0,541.6666666666666,552.0,562.5,592.5,599.2,582.7036791992188,13.840000000000009,1.886197239356989,16795700,False,False
CTBN.JK,2940.0,2983.3333333333335,2990.0,3020.0,3044.0,3538.8,4455.99466796875,59.88000000000002,1.27470801263442,5300,False,False
CSRA.JK,685.0,695.0,699.0,720.0,743.0,754.5,773.6,13.9,1.0323908507127733,391000,False,False
CSMI.JK,234.0,222.33333333333334,221.0,218.0,203.4,152.2,115.84,40.900000000000006,15.178750307392466,58064700,False,False
CSIS.JK,192.0,195.66666666666666,196.8,199.6,204.7,202.5,177.15460060119628,12.699999999999989,2.510345453238505,2278800,False,False
CSAP.JK,284.0,282.6666666666667,285.6,288.2,291.9,290.52,282.6791705322266,4.616666666666646,1.3906793141556488,94600,True,False
CRSN.JK,128.0,125.0,125.4,130.4,132.7,123.6,112.6761777496338,9.099999999999994,3.6300311787722013,1073500,False,False
CRAB.JK,216.0,215.33333333333334,217.6,219.2,218.4,212.48,210.54,3.3599999999999994,2.4615626586665864,530000,True,False
CPRO.JK,37.0,40.333333333333336,44.2,47.1,48.55,49.74,50.36,12.740000000000002,5.0784677354063525,267618500,False,False
CPIN.JK,2960.0,2973.3333333333335,2990.0,3055.0,3131.5,3117.2,3305.6852368164064,17.15,1.0175016945842852,20208300,False,False
COIN.JK,730.0,745.0,784.0,797.0,792.0,759.7,767.8,13.4,5.788873857279558,15774000,False,False
COCO.JK,98.0,100.33333333333333,102.4,114.3,125.25,115.84,159.555845413208,27.25,3.5821235634086244,152002500,False,False
COAL.JK,31.0,31.0,31.0,31.0,31.0,28.56,32.15,2.4400000000000013,0.0,0,True,False
CNMA.JK,89.0,89.33333333333333,89.6,90.2,91.25,92.42,91.87,3.4200000000000017,0.8724529267164337,4640200,True,False
CNKO.JK,37.0,37.0,37.0,37.0,37.0,37.0,38.49,0.0,0.0,0,True,False
CMRY.JK,4350.0,4350.0,4374.0,4433.0,4486.0,4534.666318359375,4472.903823242187,18.46663183593746,1.1651143886554174,4827700,False,False
CMPP.JK,69.0,69.0,69.0,69.0,69.0,69.0,70.11,0.0,0.0,0,True,False
CMNT.JK,740.0,741.6666666666666,745.0,749.0,749.5,770.0,780.35,6.0,1.049584723355406,7907200,False,False
CMNP.JK,1400.0,1396.6666666666667,1392.0,1391.0,1409.5,1384.2,1381.2,5.059999999999991,1.4840154099965532,276200,True,False
CLPI.JK,1590.0,1590.0,1592.0,1597.0,1607.25,1594.4,1526.7655224609375,3.45,0.2962308081498803,73700,True,False
CLEO.JK,410.0,408.6666666666667,408.0,413.0,418.0,400.0,389.7067074584961,9.0,1.8516344592660998,7669200,False,False
CLAY.JK,2770.0,2770.0,2762.0,2754.0,2733.5,2673.0,2705.5,9.7,0.2455890832754393,10000,False,False
CITY.JK,162.0,156.0,164.6,169.8,177.6,175.32,168.74,21.599999999999994,5.214039268678273,883800,False,False
CITA.JK,3320.0,3343.3333333333335,3384.0,3434.0,3471.5,3342.0,3217.9700219726565,15.15,0.6605156352255979,161800,False,False
CINT.JK,188.0,189.0,191.8,193.5,190.1,182.26,176.86,11.240000000000009,2.7680185593411886,355200,False,False
CHIP.JK,685.0,688.3333333333334,691.0,710.0,755.5,837.9,896.8506109619141,30.579999999999995,1.1442127187443392,57800,False,False
CHEM.JK,55.0,54.0,57.0,62.5,66.8,67.32,66.44729400634766,13.319999999999993,7.23387924205053,11872800,False,False
CHEK.JK,124.0,124.0,126.0,128.2,130.0,131.9,128.49,7.900000000000006,1.4334592834219002,215100,False,False
CGAS.JK,147.0,147.33333333333334,147.4,148.8,149.35,151.02,152.8819435119629,4.02000000000001,2.025640294728182,1405700,True,False
CFIN.JK,354.0,353.3333333333333,356.0,362.4,366.9,356.0,332.6323831176758,6.783333333333331,0.8538104128939492,1120900,False,False
CENT.JK,92.0,91.33333333333333,93.8,100.1,103.6,94.5,86.18,12.266666666666666,4.1983161307778145,3886300,False,False
CEKA.JK,2170.0,2190.0,2184.0,2187.0,2190.5,2194.6,2176.576953125,2.459999999999991,1.1025029261310724,5700,True,False
CDIA.JK,565.0,568.3333333333334,583.0,610.0,648.25,671.4,697.3362591552734,21.279999999999994,2.3165404610975733,29770900,False,False
CCSI.JK,376.0,334.0,348.8,382.2,355.7,295.48,272.9,43.359999999999985,10.42323085950551,15726700,False,False
CBUT.JK,975.0,931.6666666666666,929.0,965.0,976.75,888.5,788.81,17.65,3.300678857283694,259000,False,False
CBRE.JK,735.0,761.6666666666666,754.0,750.5,742.75,715.0,732.25,9.333333333333325,3.8803477767388137,12029300,False,False
CBPE.JK,510.0,508.3333333333333,518.0,508.3,507.9,469.4,377.71058074951173,9.720000000000004,5.005222468120409,60700,False,False
CBDK.JK,3330.0,3390.0,3470.0,3573.0,3746.5,3745.6,3727.39296875,41.65,1.9770998927911054,2789000,False,False
CASS.JK,1800.0,1805.0,1816.0,1829.0,1835.25,1860.9,1828.25,12.180000000000017,1.5334118285565599,428200,False,False
CASH.JK,238.0,234.66666666666666,241.6,249.8,239.0,231.96,211.87,8.920000000000002,5.7212904058747185,516700,False,False
CASA.JK,1800.0,1800.0,1801.0,1802.5,1818.0,1823.1,1714.05,4.6199999999999815,0.17525039851908358,1900,True,False
CARS.JK,109.0,111.0,117.4,118.0,115.6,103.36,95.51,14.64,4.082753055982049,5906000,False,False
CARE.JK,372.0,370.6666666666667,374.0,387.0,400.9,418.08,416.08,23.70666666666665,1.3818855832361223,611000,False,False
CANI.JK,135.0,135.0,135.0,135.0,135.0,135.0,135.45,0.0,0.0,0,True,False
CAMP.JK,158.0,155.66666666666666,161.8,173.4,172.3,171.1,174.85,17.73333333333335,7.674034777962093,1237300,False,False
CAKK.JK,155.0,156.33333333333334,157.8,159.2,159.25,149.02,145.94,10.22999999999999,1.8449544386669399,41500,False,False
BYAN.JK,11800.0,11891.666666666666,12030.0,12277.5,12492.5,12958.0,11866.921923828126,46.32,7.73843917524338,1086700,False,False
BWPT.JK,103.0,105.66666666666667,109.6,114.4,120.9,104.38,93.81,17.900000000000006,3.829273917329945,93598600,False,False
BVIC.JK,88.0,87.0,88.6,90.5,92.55,92.82,90.98,5.819999999999993,1.8956711979835152,353000,True,False
BUVA.JK,600.0,613.3333333333334,625.0,655.0,694.25,750.6,782.65,30.120000000000005,4.27857649556066,78958500,False,False
BUMI.JK,175.0,177.33333333333334,179.8,186.3,199.45,188.68,174.62,24.44999999999999,2.7310329614061377,1715104600,False,False
BULL.JK,340.0,348.6666666666667,356.4,376.2,402.3,421.56,395.72,40.78,2.7955198730058157,153544200,False,False
BUKK.JK,990.0,1006.6666666666666,1002.0,1017.5,998.0,1010.9,1017.85,5.5,2.9617798475439514,7200,True,False
BUKA.JK,105.0,104.0,104.2,105.0,107.5,111.84,112.77,7.840000000000003,1.547090120793753,59771900,False,False
BUDI.JK,224.0,222.0,222.8,225.0,225.8,221.48,213.8,2.160000000000011,0.8858217357309909,60900,True,False
BUAH.JK,484.0,482.0,483.6,489.0,494.3,502.82,506.88846099853515,10.409999999999997,0.84096845130452,401500,False,False
BTPS.JK,940.0,936.6666666666666,944.0,966.5,1005.0,995.5,986.7,13.666666666666675,2.4946336340595074,5046600,False,False
BTPN.JK,2400.0,2370.0,2352.0,2341.0,2370.0,2266.0,2232.15,13.4,1.233523518002277,52100,False,False
BTON.JK,378.0,367.3333333333333,364.8,366.2,365.8,364.44,361.58,6.780000000000001,2.3300141566768238,40500,False,False
BTEK.JK,12.0,13.333333333333334,12.6,12.0,11.55,11.04,11.01,2.293333333333335,12.386661894047357,633694300,False,False
BSSR.JK,5050.0,5021.5166015625,5001.94296875,4889.198779296875,4718.572924804687,4324.965966796875,3920.59349609375,29.001361328124986,3.6929959205444582,4064700,False,False
BSML.JK,540.0,540.0,542.0,545.5,539.0,526.1,489.22,3.8799999999999955,1.1236578333516687,10704000,True,True
BSIM.JK,930.0,916.6666666666666,934.0,971.5,1049.25,862.3,804.1,37.39000000000001,1.8762297007050925,38300,False,False
BSDE.JK,550.0,548.3333333333334,555.0,577.5,613.75,607.7,611.2,13.083333333333325,2.169104377372716,24488300,False,False
BSBK.JK,40.0,41.0,44.6,47.3,48.65,50.74,51.54,10.740000000000002,4.721964983785296,52402900,False,False
BRRC.JK,51.0,49.0,54.4,61.5,67.5,66.02,63.17,18.5,7.35120822395166,22467100,False,False
BRPT.JK,1405.0,1441.6666666666667,1479.0,1541.0,1628.5,1751.7,1716.895439453125,69.34,2.2515800632587157,63549500,False,False
BRNA.JK,615.0,623.3333333333334,633.0,648.0,640.75,629.1,615.45,6.6,2.0513096224255176,375500,False,False
BRMS.JK,590.0,601.6666666666666,629.0,665.0,689.25,657.6,621.75,19.85,2.977064670107628,244866300,False,False
BRIS.JK,1420.0,1481.6666666666667,1503.0,1555.5,1652.25,1743.3,1772.5116735839845,64.66,2.3446270943086853,52808500,False,False
BREN.JK,2900.0,2950.0,3000.0,3050.0,3152.0,3321.6,3372.4492919921877,42.15999999999999,2.3796892710142625,4574900,False,False
BRAM.JK,4540.0,4613.333333333333,4622.0,4654.0,4641.5,4585.6,4504.320490722656,11.4,1.3709871132329718,500,False,False
BPTR.JK,69.0,68.33333333333333,71.0,76.0,75.55,75.52,73.77,7.666666666666671,12.991171905114859,2947900,False,False
BPII.JK,456.0,457.3333333333333,458.4,459.8,466.9,462.39671142578123,454.9345004272461,5.449999999999989,2.693339254780919,1400,True,False
BPFI.JK,238.0,237.33333333333334,239.2,244.0,246.5,251.84,251.07852920532227,7.25333333333333,1.3275983201814052,58700,False,False
BOLT.JK,765.0,773.3333333333334,778.0,795.0,798.75,797.0,794.45,6.75,2.21379817957673,12100,False,False
BOLA.JK,163.0,165.33333333333334,168.4,171.1,175.9,163.64,158.51,12.900000000000006,1.6272208830778752,1435400,False,False
BOGA.JK,1550.0,1550.0,1551.0,1560.5,1578.5,1592.1,1476.4,8.419999999999982,1.5665161879898166,2000,False,False
BOBA.JK,190.0,190.66666666666666,193.4,199.0,206.4,213.68,246.70992919921875,23.680000000000007,1.437836212719275,215200,False,False
BOAT.JK,120.0,120.66666666666667,128.2,133.5,135.7,136.36,124.74,16.360000000000014,3.6326323599410184,1421900,False,False
BNLI.JK,1875.0,1916.6666666666667,1962.0,2023.0,2080.5,2153.0,2464.1,55.6,1.5670676485404302,47800,False,False
BNII.JK,189.0,188.33333333333334,189.0,190.6,191.65,192.08,191.23,3.7466666666666697,0.984545582571689,3380800,True,False
BNGA.JK,1720.0,1726.6666666666667,1730.0,1740.0,1736.0,1690.8,1642.4,9.840000000000009,1.0813207570007497,2592400,False,False
BNBR.JK,73.0,73.0,75.0,80.6,88.4,95.86,99.81768531799317,22.86,3.182793707364663,1122042700,False,False
BNBA.JK,845.0,845.0,848.0,827.0,811.5,768.1,747.0,15.979999999999995,4.900730388033819,440800,False,False
BMTR.JK,77.0,77.0,82.2,97.1,106.8,111.88,116.66,34.879999999999995,6.864031479429536,164925800,False,False
BMSR.JK,332.0,334.0,336.8,341.4,338.8,321.44,309.26,9.97999999999999,5.33438183654796,1098100,False,False
BMRI.JK,4010.0,4020.0,4042.0,4137.0,4231.389453125,4175.02107421875,4128.000903320312,22.13894531249998,1.4670085548763514,171069100,False,False
BMHS.JK,198.0,198.66666666666666,199.2,199.3,199.45,192.62,186.04301376342772,6.829999999999984,0.5529056278876503,292800,False,False
BMBL.JK,32.0,31.666666666666668,30.8,30.1,30.1,30.4,31.38,1.8999999999999986,3.3521804194084903,20620600,True,True
BMAS.JK,482.0,482.6666666666667,487.6,497.8,509.9,500.94,492.56,13.949999999999989,1.5030627798338125,20400,False,False
BLUE.JK,3060.0,3006.6666666666665,2978.0,2969.0,2987.0,2769.0,2910.728857421875,29.1,2.2777858061194167,179600,False,False
BLTA.JK,39.0,40.666666666666664,37.0,34.5,33.5,33.16,34.08,7.506666666666668,11.519267556215132,99513300,False,False
BLOG.JK,356.0,356.6666666666667,357.6,360.8,365.9,371.6,356.02913848876955,7.800000000000011,0.97537715452214,102000,False,False
BLES.JK,191.0,191.33333333333334,191.0,192.6,196.75,196.3,168.95303131103515,5.75,1.6665079352245755,11075500,True,True
BKSW.JK,49.0,48.0,48.8,49.6,52.05,52.3,52.51,4.299999999999997,3.959050628654269,1634900,False,False
BKSL.JK,57.0,55.666666666666664,59.4,63.4,67.85,70.8,70.58,15.133333333333333,5.588780434579041,209609800,False,False
BKDP.JK,181.0,182.0,184.0,179.5,178.7,169.88,144.93,14.120000000000005,4.719328861727122,4686600,False,False
BJTM.JK,510.0,511.6666666666667,512.0,515.0,520.5,519.6,517.5431475830078,2.1,0.7653538253095359,5912700,True,False
BJBR.JK,760.0,758.3333333333334,759.0,763.5,780.75,785.2,776.25,5.373333333333335,1.7980791099139308,6007300,True,False
BISI.JK,695.0,693.3333333333334,693.0,709.0,719.0,697.0,687.2036883544922,5.2,2.307601303024087,84800,True,False
BIRD.JK,1550.0,1565.0,1570.0,1585.5,1600.5,1613.9,1536.4161608886718,12.780000000000019,0.6133298643402086,594000,False,False
BIPP.JK,66.0,62.0,69.6,67.9,68.05,67.22,64.44,7.599999999999994,15.077274787898942,111946600,False,False
BIPI.JK,133.0,130.66666666666666,134.2,140.0,143.3,147.24,152.36,16.573333333333352,3.824932923188816,380305800,False,False
BINO.JK,107.0,105.33333333333333,107.2,111.0,115.05,113.38,107.07,9.716666666666669,2.3456230483754057,258600,False,False
BINA.JK,4350.0,4153.333333333333,4100.0,4077.0,4106.0,4131.0,4002.9,27.3,2.178362474080519,6128500,False,False
BIKE.JK,1505.0,1406.6666666666667,1264.0,1164.5,1018.25,742.36,626.18,152.528,9.78730840876635,0,False,False
BHIT.JK,21.0,20.666666666666668,21.2,22.8,24.25,25.1,26.31,4.433333333333334,4.644134941886844,66489000,False,False
BHAT.JK,1770.0,1770.0,1770.0,1770.0,1770.0,1770.0,1583.55,0.0,0.0,0,True,False
BGTG.JK,109.0,110.33333333333333,111.8,113.2,117.3,114.28,112.49,8.299999999999997,2.0390169502365425,6344400,False,False
BFIN.JK,920.0,930.0,942.0,950.0,971.5,920.0,819.6322705078124,10.3,1.7200412458542955,44725200,False,False
BEST.JK,122.0,118.33333333333333,119.4,121.0,125.85,118.48,109.25,7.516666666666666,3.358911736583934,27824900,False,False
BESS.JK,765.0,760.0,788.0,843.0,876.0,891.4,927.5543975830078,26.279999999999994,4.5129830859561135,29200,False,False
BELL.JK,91.0,91.66666666666667,95.2,100.0,105.85,111.64,109.61,20.64,4.770995207052359,8679500,False,False
BELI.JK,270.0,265.3333333333333,269.2,276.6,294.7,277.44,289.7,14.683333333333337,2.686752130309245,514900,False,False
BEKS.JK,25.0,27.0,25.2,23.8,23.55,22.84,22.32,4.16,11.520368671203906,85799500,False,False
BEER.JK,61.0,59.333333333333336,63.0,68.7,74.2,76.46,82.42,17.126666666666658,4.786735311381186,9720200,False,False
BEEF.JK,414.0,406.6666666666667,420.4,426.6,434.2,423.64,302.36,13.766666666666652,4.337052296957531,1148800,False,False
BDMN.JK,4450.0,4336.666666666667,4368.0,4399.0,4424.0,4312.4,4259.0,13.760000000000037,1.7084673313087482,2466600,False,False
BDKR.JK,171.0,169.33333333333334,165.2,162.7,160.0,158.82,149.66904335021974,12.180000000000007,2.190390109799162,17276500,False,False
BCIP.JK,52.0,52.0,54.4,57.2,59.9,61.78,61.93,9.780000000000001,3.4075566067735084,1539300,False,False
BCIC.JK,132.0,132.0,132.4,134.4,133.85,130.74,124.95,3.6599999999999966,2.420478579514222,906000,True,False
BCAP.JK,32.0,37.333333333333336,42.4,46.2,48.1,49.28,49.7,17.28,6.6780208369775576,101774100,False,False
BBYB.JK,196.0,197.66666666666666,202.6,215.7,236.95,247.3,245.27,51.30000000000001,2.658793931712055,37268500,False,False
BBTN.JK,1070.0,1081.6666666666667,1092.0,1122.5,1169.0,1200.8,1214.95,26.15999999999999,1.2157451744087813,12682000,False,False
BBSS.JK,92.0,97.66666666666667,94.6,90.4,92.35,96.78,105.64,7.266666666666666,12.163196575464207,44508100,False,False
BBSI.JK,4270.0,4340.0,4412.0,4466.0,4545.5,4624.4,4603.7,35.43999999999996,1.1101611082617804,600,False,False
BBRM.JK,111.0,105.66666666666667,107.6,112.7,117.55,116.34,115.88,11.883333333333326,4.5299578361054085,3633700,False,False
BBRI.JK,3140.0,3150.0,3148.0,3205.0,3284.5,3173.6,3047.9,14.45,1.286610393760913,181840000,False,False
BBNI.JK,3390.0,3430.0,3462.0,3548.0,3694.0,3657.2,3606.2,30.4,0.9227090755694065,66595300,False,False
BBMD.JK,2060.0,2021.6666666666667,2011.0,1984.5,1984.25,1989.5,1956.2245349121094,7.575,2.465272282282378,5800,False,False
BBLD.JK,660.0,660.0,660.0,663.0,667.0,646.4,616.6882434082031,4.1200000000000045,0.8521184048142992,600,True,False
BBKP.JK,39.0,41.333333333333336,44.8,47.5,50.15,52.7,53.32,13.700000000000003,4.777034921488237,93738000,False,False
BBHI.JK,835.0,803.3333333333334,817.0,853.5,876.5,895.2,916.034437866211,18.373333333333335,2.892058063484733,659100,False,False
BBCA.JK,6075.0,6150.0,6185.0,6230.0,6378.75,6372.222001953125,6160.332978515625,12.15,0.9455089140235589,221335700,False,False
BAYU.JK,1300.0,1305.0,1311.0,1323.0,1335.25,1263.6,1202.2277758789062,14.330000000000018,1.2835302432289855,5400,False,False
BAUT.JK,35.0,37.0,38.2,39.7,39.05,35.82,31.57,4.700000000000003,3.393749059697567,13892500,True,True
BATR.JK,91.0,89.33333333333333,90.2,91.2,91.8,92.92,89.04045989990234,3.586666666666673,2.4000403051274994,1657400,True,True
BATA.JK,59.0,59.0,59.0,59.0,59.0,59.0,60.01,0.0,0.0,0,True,False
BAPI.JK,21.0,22.666666666666668,23.2,22.1,21.8,19.64,19.06,3.5599999999999987,8.013469191540175,40584600,False,False
BAPA.JK,105.0,104.33333333333333,109.4,116.2,124.65,147.96,204.6,43.62666666666668,5.625018729036326,6633600,False,False
BANK.JK,236.0,232.66666666666666,234.4,242.2,254.5,268.36,288.24,17.84666666666668,1.9405687694499765,1600700,False,False
BALI.JK,1320.0,1326.6666666666667,1317.0,1312.0,1320.0,1279.9,1259.5,9.35333333333333,2.5500441809172947,11100,False,False
BAJA.JK,312.0,312.6666666666667,332.0,359.6,322.0,301.36,226.29,29.120000000000005,13.086887765250651,22598100,False,False
BAIK.JK,232.0,238.0,248.0,251.4,253.8,410.5,509.19,89.25,4.827727943741909,11267000,False,False
BACA.JK,109.0,110.0,111.8,114.4,116.6,116.72,115.36,7.719999999999999,1.4614448801947677,1715600,False,False
BABY.JK,187.0,183.0,186.4,193.4,201.4,203.18,189.43,20.180000000000007,2.68949838788159,630400,False,False
BABP.JK,32.0,37.333333333333336,42.4,46.2,48.1,49.24,49.66,17.240000000000002,6.6780208369775576,155003500,False,False
AYLS.JK,199.0,205.66666666666666,203.2,193.5,174.3,162.64,153.07,43.02666666666667,12.265923822054518,8294900,False,False
AYAM.JK,498.0,498.0,498.8,501.4,496.35,466.74,400.85,17.329999999999984,0.8019035328044347,42011800,False,False
AXIO.JK,113.0,111.33333333333333,112.2,112.9,114.2,113.88,110.76613899230956,2.8666666666666742,2.5953552301939085,548200,True,False
AWAN.JK,157.0,155.0,155.8,158.3,161.25,160.68,152.46,6.25,1.4509548901147518,656800,False,False
AVIA.JK,326.0,332.0,336.0,337.0,348.1,342.24,335.14,11.050000000000011,1.97577267348416,9354200,False,False
AUTO.JK,3340.0,3313.3333333333335,3332.0,3346.0,3341.5,3087.0,2785.8,25.9,1.2102860228869992,2588600,False,False
ATLA.JK,34.0,38.0,42.8,46.4,48.2,49.32,49.58807079315186,15.32,6.022157058847291,236731000,False,False
ATIC.JK,444.0,443.3333333333333,442.0,445.0,454.7,463.04,474.58,10.52000000000001,1.396958250359469,11500,False,False
ATAP.JK,545.0,543.3333333333334,543.0,550.5,555.75,568.1,505.86,5.020000000000005,1.8338368045479245,264600,True,False
ASSA.JK,575.0,585.0,588.0,592.5,608.5,617.1,617.76875,8.420000000000005,1.8745500178488144,7552600,False,False
ASRM.JK,270.0,272.6666666666667,274.4,282.2,283.5,274.92,264.9190216064453,6.75,1.4393093778368584,8200,False,False
ASRI.JK,120.0,118.66666666666667,119.6,121.9,124.55,123.48,118.76960502624512,5.883333333333326,2.7311698938826545,7933400,True,True
ASPR.JK,135.0,135.66666666666666,134.0,137.3,141.6,148.1,181.2402963256836,14.099999999999994,7.555040433312743,32543900,False,False
ASPI.JK,980.0,830.0,778.0,734.5,606.65,486.3,444.73,98.74,11.853122507151886,18163700,False,False
ASMI.JK,18.0,18.666666666666668,17.8,17.0,16.15,16.4,16.28,2.5166666666666693,7.112278646670266,28083300,False,False
ASLI.JK,486.0,486.0,471.6,426.2,407.1,293.74,261.21,96.13,6.928182615895572,0,False,False
ASLC.JK,58.0,57.666666666666664,61.0,64.4,65.9,64.96,64.34,8.233333333333341,5.38336877127036,5742100,False,False
ASJT.JK,160.0,160.33333333333334,161.2,161.3,161.35,159.06,161.41,2.289999999999992,0.81440072254481,14800,True,False
ASII.JK,4600.0,4656.666666666667,4686.0,4750.0,4832.0,4879.4,4955.7,27.939999999999962,1.0640786868751724,74750800,False,False
ASHA.JK,42.0,42.0,45.2,48.7,53.1,56.32,58.06,14.32,5.161565882498238,18203200,False,False
ASGR.JK,2520.0,2276.6666666666665,2208.0,2163.0,2150.5,1993.7,1786.0,52.629999999999995,4.719928083947736,15135900,False,False
ASDM.JK,505.0,503.3333333333333,505.0,510.0,514.0,512.76,502.766171875,2.1333333333333373,0.805432626735705,4800,True,False
ASBI.JK,392.0,392.6666666666667,392.4,394.6,397.9,409.16,408.65208435058594,8.580000000000013,1.2653930319556095,5400,False,False
ARTO.JK,795.0,811.6666666666666,829.0,866.5,933.25,1077.3,1078.2,56.459999999999994,2.2504712833066134,10573100,False,False
ARTA.JK,1940.0,2023.3333333333333,2062.0,2115.0,2203.5,2306.6,2350.05,73.31999999999998,4.049086959792912,7700,False,False
ARNA.JK,525.0,525.0,527.0,518.8,514.4,501.6,474.7,5.079999999999996,1.9939018950311367,1448900,True,True
ARKO.JK,3320.0,3316.6666666666665,3502.0,3736.0,4167.0,4685.8,5184.4,136.91333333333336,4.128767892766155,8753100,False,False
ARKA.JK,22.0,22.0,22.0,22.0,22.0,22.0,23.95,0.0,0.0,0,True,False
ARII.JK,332.0,332.0,331.2,318.8,311.6,293.44,285.54,19.28,3.5210268891755123,43200,False,False
ARGO.JK,1190.0,1241.6666666666667,1232.0,1210.0,1188.25,1169.2,1035.0,14.49333333333334,4.793945100763352,254100,False,False
AREA.JK,306.0,310.0,312.4,318.6,324.1,306.44,273.32,9.050000000000011,2.358239013086109,2654400,False,False
ARCI.JK,1230.0,1235.0,1262.0,1303.0,1314.25,1255.7,1172.925927734375,16.85,2.6091039556123725,20900000,False,False
APLN.JK,106.0,108.66666666666667,113.0,118.1,124.7,128.74,131.96,22.74000000000001,2.9340234264800724,63343500,False,False
APLI.JK,284.0,278.0,274.8,278.8,279.9,267.04,254.19618865966797,8.47999999999999,1.7663201724104256,179000,False,False
APII.JK,190.0,191.66666666666666,193.6,198.1,194.95,190.54,184.9786813354492,8.099999999999994,3.8859103229351675,52800,False,False
APIC.JK,402.0,400.6666666666667,400.8,404.6,440.35,530.24,711.82,64.78666666666666,1.3641772910620302,876900,False,False
APEX.JK,173.0,174.0,174.8,180.4,191.4,179.94,158.17,18.400000000000006,2.4371866537793143,6961100,False,False
ANTM.JK,3200.0,3153.3333333333335,3192.0,3227.0,3206.0,3114.8,2984.1099853515625,11.219999999999981,2.4858691299067854,105128000,False,False
ANJT.JK,1580.0,1563.3333333333333,1572.0,1579.5,1586.5,1543.4,1543.15,8.619999999999981,1.334328017431215,17600,False,False
ANDI.JK,22.0,25.333333333333332,24.2,22.3,21.45,19.02,18.66,6.313333333333333,12.918135765937977,65748000,False,False
AMRT.JK,1320.0,1323.3333333333333,1311.0,1311.0,1305.75,1343.1,1346.9211779785155,7.469999999999982,1.5755145026780752,45773100,False,False
AMOR.JK,356.0,354.0,357.2,362.8,365.5,358.76,345.22,5.75,1.104339723275854,75900,True,False
AMMS.JK,212.0,207.33333333333334,207.2,210.2,213.9,222.72,283.46,7.760000000000005,3.6389560925708477,412300,False,False
AMMN.JK,4510.0,4506.666666666667,4594.0,4679.0,4728.5,4451.2,3975.7,27.730000000000018,2.7135729753318754,53971300,False,False
AMIN.JK,258.0,258.6666666666667,261.6,264.0,252.6,247.16,249.28,8.420000000000002,2.890130344263563,57800,False,False
AMFG.JK,3200.0,3193.3333333333335,3188.0,3233.0,3273.0,3291.8,3148.5260791015626,10.380000000000019,1.7989444695548151,12300,False,False
AMAR.JK,224.0,224.66666666666666,227.2,231.8,232.3,224.31135040283203,207.20484466552733,4.150000000000006,1.2206765051732267,443800,True,False
AMAN.JK,197.0,194.33333333333334,201.0,210.3,219.65,234.38,246.57,40.04666666666665,2.70471331732041,127300,False,False
AMAG.JK,382.0,385.3333333333333,386.0,386.4,387.5,388.0,390.12,3.0,0.4908901102486175,358200,True,False
ALKA.JK,6300.0,7033.333333333333,7180.0,7290.0,6220.75,4208.3,2388.72,123.26799999999999,4.700683008358403,301900,False,False
ALII.JK,680.0,690.0,694.0,709.5,744.0,762.6,772.8518701171874,16.520000000000003,1.9694818295745793,143800,False,False
ALDO.JK,1130.0,1095.0,1040.0,997.5,973.0,911.2,800.5099340820312,43.75999999999999,8.16146832552064,752500,False,False
AKSI.JK,336.0,363.3333333333333,377.2,380.8,350.2,280.24,253.16,50.28,6.871099700424923,1352600,False,False
AKRA.JK,1450.0,1448.3333333333333,1460.0,1460.5,1471.5,1431.6716748046874,1347.370146484375,7.9656650390625146,1.1859313176200785,13823700,False,False
AKPI.JK,505.0,511.6666666666667,512.0,516.5,526.75,513.14,502.70777435302733,4.35,1.5183993689074944,997000,True,False
AKKU.JK,34.0,36.666666666666664,39.2,38.6,38.3,38.12,38.06,5.200000000000003,7.08066236259644,4121100,False,False
AISA.JK,115.0,116.33333333333333,117.0,120.3,118.6,117.92,111.6,5.299999999999997,4.6972160094982165,5929400,False,False
AIMS.JK,605.0,513.0,499.8,499.1,500.05,436.18,418.65,33.763999999999996,8.845894286541439,6652800,False,False
AHAP.JK,90.0,91.33333333333333,90.6,87.77083282470703,94.51874961853028,95.68749984741211,92.19374992370605,7.916667022705084,8.432976089534309,16910600,False,False
AGRS.JK,59.0,58.0,57.8,58.3,60.0,60.76,61.48,2.960000000000001,3.4833295649622413,4950600,True,False
AGRO.JK,134.0,134.0,136.4,139.9,145.45,147.24,150.24,13.240000000000009,1.5636521876486231,3492700,False,False
AGII.JK,3440.0,3406.6666666666665,3432.0,3494.0,3287.0,3068.6,2924.5744970703126,42.540000000000006,3.97425141549155,438300,False,False
AGAR.JK,1800.0,1765.0,1939.0,2117.5,2001.5,1563.6,908.56,110.78000000000002,15.276105205362809,1639800,False,False
AEGS.JK,48.0,47.0,47.2,48.3,48.75,45.52,43.88,3.229999999999997,2.8998680306735154,1463800,True,True
ADRO.JK,2430.0,2496.6666666666665,2530.0,2579.0,2622.5,2586.6,2462.2,19.25,1.9468012709511244,32611900,False,False
ADMR.JK,1460.0,1491.6666666666667,1507.0,1531.0,1575.5,1590.2,1552.6,26.04000000000001,2.3237356327135936,24017600,False,False
ADMG.JK,226.0,233.33333333333334,236.8,242.8,254.6,247.32,224.86,14.299999999999997,1.7848627261174081,714700,False,False
ADMF.JK,8175.0,8366.666666666666,8490.0,8607.5,8661.25,8621.5,8414.0,19.45,1.579047819025976,263200,False,False
ADHI.JK,133.0,133.0,133.0,133.0,133.0,141.22,153.31,8.219999999999999,0.0,0,False,False
ADES.JK,35975.0,36191.666666666664,35495.0,33787.5,32757.5,33349.0,30232.25,137.36666666666656,4.143616484126542,31600,False,False
ADCP.JK,50.0,50.0,50.0,50.0,50.0,50.0,50.0,0.0,0.0,0,True,False
ACST.JK,89.0,88.66666666666667,93.6,98.5,102.5,92.46,85.98,13.833333333333329,7.0531063444419075,219600,False,False
ACRO.JK,52.0,50.0,53.4,58.1,61.95,62.18,61.38068912506103,12.18,5.668643326801686,29376600,False,False
ACES.JK,334.0,339.3333333333333,340.8,344.0,349.2,353.48,341.5614559936523,9.740000000000009,1.3132816876388995,23116900,False,False
ABMM.JK,2600.0,2583.3333333333335,2616.0,2683.0,2770.5,2688.8,2557.73,18.71666666666665,1.6211947681269823,297500,False,False
ABDA.JK,4910.0,4916.666666666667,4922.0,4948.0,4866.0,4159.8,3769.8,78.81999999999998,0.42631339996452333,6700,False,False
ABBA.JK,30.0,30.0,30.0,30.0,30.0,30.0,31.85,0.0,0.0,0,True,False
AALI.JK,8000.0,7875.0,7850.0,8057.5,8288.75,7736.5,7093.25,22.09,2.327699167875416,2211800,False,False
AADI.JK,10950.0,11208.333333333334,11205.0,11440.0,11706.25,10380.0,9240.00806640625,53.05,2.5927532057625786,6650000,False,False
