Ticker,Close,MA3,MA5,MA10,MA20,MA50,MA100,Range_Ticks,Vol_Pct,Volume,MA_Tight,Signal
ZYRX.JK,129.0,129.66666666666666,130.2,130.3,130.35,128.16,131.618779296875,2.1899999999999977,1.725861823564271,243300,True,False
ZONE.JK,710.0,715.0,716.0,727.5,726.75,659.7,522.5663430786133,13.559999999999992,2.6056490766142275,65600,False,False
ZINC.JK,30.0,30.0,30.0,30.0,30.0,30.0,30.0,0.0,0.0,0,True,False
YUPI.JK,1330.0,1333.3333333333333,1328.0,1353.0671752929688,1338.286602783203,1315.980654296875,1370.8470642089844,7.417304199218779,1.5217966177508198,82100,False,False
YULE.JK,3500.0,3546.6666666666665,3560.0,3567.0,3522.5,3429.4,3387.3991088867188,13.759999999999991,2.0310431697184224,600,False,False
YPAS.JK,1205.0,1301.6666666666667,1359.0,1419.0,1401.5,931.5,901.6,97.5,5.3060054151361955,123200,False,False
YOII.JK,82.0,81.66666666666667,81.4,81.7,82.35,84.06,86.14,2.6599999999999966,0.9059649441211968,2695000,True,False
YELO.JK,97.0,100.0,101.0,100.2,95.15,85.52,85.53,15.480000000000004,6.203346869330812,119361900,False,False
WTON.JK,79.0,80.0,80.2,80.6,80.5,76.7,78.94325065612793,3.8999999999999915,1.277763575076486,3458000,True,True
WSBP.JK,14.0,14.0,14.0,14.0,14.0,14.0,14.98,0.0,0.0,0,True,False
WOWS.JK,58.0,58.333333333333336,58.6,59.2,59.95,59.32,62.73,1.9500000000000028,2.170771815123509,33556000,True,False
WOOD.JK,204.0,207.33333333333334,207.6,208.0,210.8,211.64,238.46,3.819999999999993,2.3224118807733936,4342900,True,False
WOMF.JK,270.0,282.0,280.8,279.0,277.7,262.6,270.88,9.699999999999989,2.504077642881629,419600,False,False
WMUU.JK,50.0,50.0,50.0,50.0,51.25,51.76,56.27,1.759999999999998,0.0,1881700,True,False
WIRG.JK,80.0,75.66666666666667,75.4,75.3,72.9,62.66,64.54,17.340000000000003,3.8033205033554554,1197028700,False,False
WINS.JK,550.0,563.3333333333334,567.0,558.0,537.5,527.1,522.1801876831055,7.979999999999995,2.2735689293964674,672300,False,False
WINR.JK,28.0,29.333333333333332,28.0,24.4,23.9,22.22,24.38,7.113333333333333,5.989883025730759,95502700,False,False
WINE.JK,132.0,133.33333333333334,133.4,132.7,132.2,141.34,152.94813323974608,9.340000000000003,2.4722060013063487,1066800,False,False
WIIM.JK,1580.0,1606.6666666666667,1619.0,1637.5,1679.5,1656.2,1658.4376318359375,19.9,1.5943394247290035,3902700,False,False
WIFI.JK,2050.0,2086.6666666666665,2090.0,2089.0,2058.25,1954.4528076171875,1978.6037194824219,13.554719238281246,1.844423378771054,31956300,False,False
WIDI.JK,27.0,27.666666666666668,27.0,26.8,26.3,26.26,27.35,1.4066666666666663,5.559073509697126,58874700,False,False
WGSH.JK,141.0,152.33333333333334,155.4,157.7,166.9,154.44,133.45,25.900000000000006,4.785464313543703,54847200,False,False
WEHA.JK,111.0,112.33333333333333,111.8,110.9,109.45,105.98,110.92818183898926,6.353333333333325,0.9503968510396588,8877400,False,False
WEGE.JK,51.0,52.0,52.6,53.3,55.05,52.1,52.46,4.049999999999997,0.96600299399321,19469200,True,False
WAPO.JK,185.0,176.66666666666666,175.0,172.7,157.5,134.32,128.71,50.68000000000001,3.084429063888622,15128900,False,False
VTNY.JK,76.0,77.66666666666667,78.0,78.2,78.85,68.92,66.53,9.929999999999993,3.754219994841673,21596600,False,False
VRNA.JK,94.0,98.0,98.8,89.1,81.8,77.92,77.73,20.879999999999995,11.206961889331424,7367500,False,False
VOKS.JK,240.0,236.66666666666666,238.0,234.0,230.9,215.16,212.58,12.420000000000002,2.897989638893609,1288900,False,False
VKTR.JK,805.0,845.0,856.0,898.5,888.75,776.6,765.68,24.379999999999995,3.640259492414412,189995300,False,False
VIVA.JK,45.0,46.0,46.4,47.9,51.3,43.94,41.75,7.359999999999999,4.247417230707644,33969500,False,False
VISI.JK,985.0,976.6666666666666,974.0,981.0,960.5,933.1,911.55,10.379999999999995,1.129818271644665,1035100,False,False
VINS.JK,152.0,146.0,145.0,143.8,143.25,140.7,144.41,11.300000000000011,2.6759618022446086,12044100,False,False
VICO.JK,174.0,162.33333333333334,158.8,155.5,150.4,142.76,146.38,31.24000000000001,3.207712659478822,18387100,False,False
VICI.JK,1110.0,1038.3333333333333,999.0,925.5,792.5,678.4,625.4657131958007,86.32000000000001,5.079372544389044,14832900,False,False
VERN.JK,230.0,231.33333333333334,235.2,241.8,237.1,205.32,168.6,18.24000000000001,1.6595766177884423,9891100,False,False
VAST.JK,110.0,112.33333333333333,112.8,113.1,113.95,114.74,118.44,4.739999999999995,1.2376127526881477,1810900,True,False
UVCR.JK,157.0,156.0,153.2,148.9,145.5,143.7,170.71820724487304,13.300000000000011,4.257674752675909,87362400,False,False
URBN.JK,222.0,222.66666666666666,224.0,223.4,218.1,217.32,209.32,3.3400000000000034,1.705004752638617,93900,True,False
UNVR.JK,1655.0,1668.3333333333333,1672.0,1699.0,1741.5,1738.3,1674.7186584472656,17.3,0.9473842003956217,17776200,False,False
UNTR.JK,26375.0,26083.333333333332,25700.0,25262.5,24508.75,24678.0,24997.04568359375,74.65,2.2931833497162475,5299700,False,False
UNTD.JK,83.0,83.33333333333333,83.0,82.8,82.8,79.62,78.5,3.713333333333324,1.4430631428655205,5178400,True,True
UNSP.JK,206.0,206.0,206.0,206.0,206.0,206.0,246.72,0.0,0.0,0,True,False
UNIQ.JK,122.0,122.66666666666667,122.8,122.3,119.15,112.92,112.85,9.879999999999995,1.7819809758276155,1882100,False,False
UNIC.JK,15000.0,15066.666666666666,15040.0,15012.5,15057.5,14052.5,13111.7916015625,40.56666666666664,0.605666916947844,35100,False,False
ULTJ.JK,1525.0,1541.6666666666667,1527.0,1510.0,1504.5,1453.5,1474.35,17.633333333333347,1.207810002172928,4648400,False,False
UFOE.JK,146.0,146.66666666666666,147.6,146.8,144.4,139.58,141.3,8.019999999999982,1.2176564917482302,700600,False,False
UDNG.JK,660.0,733.3333333333334,815.0,1066.0,1193.75,1230.8,1236.9,114.16,6.087225251861224,14708800,False,False
UCID.JK,515.0,515.0,515.0,513.1,485.6,428.2,405.1342303466797,17.360000000000003,2.0984747099408096,1234000,False,False
UANG.JK,4110.0,4263.333333333333,4146.0,3398.0,2918.5,2595.6,2728.2,166.7733333333333,10.832520745025304,1278800,False,False
TYRE.JK,114.0,114.0,113.8,113.4,113.1,113.12,112.09,0.9000000000000057,1.0053882084593502,1650400,True,True
TUGU.JK,1435.0,1378.3333333333333,1362.0,1360.0,1356.0,1276.6,1214.1425231933595,31.680000000000017,2.373879013644106,6836100,False,False
TSPC.JK,2740.0,2746.6666666666665,2744.0,2748.0,2750.0,2695.6,2566.5,5.440000000000009,0.6169690292662415,630200,True,False
TRUS.JK,450.0,452.0,449.6,445.2,439.8,439.32892517089846,365.3281011962891,6.335537414550771,1.7633203584208774,57300,False,False
TRUK.JK,1075.0,1075.0,1075.0,956.0,843.25,617.62,534.79,91.476,7.768364059829934,0,False,False
TRUE.JK,50.0,50.0,50.0,50.0,50.0,50.0,78.54,0.0,0.0,0,True,False
TRST.JK,462.0,468.0,464.8,464.0,462.5,467.34041564941407,465.6879119873047,3.0,1.8604825275280406,289000,True,False
TRON.JK,101.0,102.66666666666667,103.0,101.8,101.25,103.26,107.15,2.260000000000005,1.6360883917361075,17160300,True,False
TRJA.JK,130.0,130.33333333333334,130.8,129.4,125.1,116.44,119.39,14.360000000000014,1.6580991856644578,155800,False,False
TRIS.JK,170.0,172.8070322672526,173.76324768066405,174.03624725341797,171.85323257446288,166.69401153564453,167.49918106079102,7.342235717773434,0.9594080100352467,1076500,False,False
TRIN.JK,410.0,398.6666666666667,404.0,372.8,347.8,337.32,436.05,36.34,6.404030452183716,84765200,False,False
TRIM.JK,715.0,726.6666666666666,716.0,684.5,643.5,602.8,569.7015167236328,24.773333333333333,3.4965612991567334,2044400,False,False
TRGU.JK,180.0,179.66666666666666,176.6,175.8,172.85,167.96,173.63,12.039999999999992,2.7310114903320866,116200,False,False
TPMA.JK,490.0,490.6666666666667,490.8,481.2,470.0,457.96,472.28,16.420000000000016,1.5049367106976224,817700,False,False
TPIA.JK,1930.0,1938.3333333333333,1957.0,1973.5,1984.25,1999.9,2693.7134326171877,13.980000000000018,1.111637846881488,206590700,False,False
TOWR.JK,458.0,470.6666666666667,462.0,456.6,442.1,412.0,412.4019250488281,29.333333333333343,2.6901443861028893,100672900,False,False
TOTO.JK,240.0,240.66666666666666,240.0,238.4,236.2,237.44,238.26220123291014,2.2333333333333343,0.6895586194619907,330300,True,False
TOTL.JK,1510.0,1510.0,1504.0,1492.5,1480.25,1263.0,1166.760542602539,49.4,2.763968045162948,4089300,False,False
TOSK.JK,83.0,85.0,83.2,79.0,75.7,69.5,64.6,15.5,2.96902738787734,37360700,False,False
TOOL.JK,70.0,71.0,71.8,69.2,67.9,66.76,68.12,5.039999999999992,3.545147930065209,43504000,True,True
TOBA.JK,560.0,573.3333333333334,579.0,593.0,564.5,496.4,489.1717370605469,19.320000000000004,1.96645702642422,15439700,False,False
TNCA.JK,185.0,181.0,181.0,176.4,168.45,156.44,162.24,28.560000000000002,5.043482242088167,14049900,False,False
TMPO.JK,159.0,165.66666666666666,166.6,175.5,185.3,144.68,130.26,40.620000000000005,5.889941978587035,14377900,False,False
TMAS.JK,148.0,148.0,147.0,143.7,139.15,127.34,122.33731101989746,20.659999999999997,1.1738487623756346,7529800,False,False
TLKM.JK,2630.0,2646.6666666666665,2632.0,2613.0,2610.5,2605.8,2633.2776733398437,4.086666666666633,0.9684867223196549,87447500,True,False
TLDN.JK,635.0,635.0,641.0,618.0,590.5,553.92,556.5077349853516,17.416000000000007,2.7869492581880184,1189600,False,False
TKIM.JK,7975.0,8175.0,8165.0,8200.0,8022.5,6934.5,6860.753266601562,50.62,2.358332219829867,3160900,False,False
TIRT.JK,590.0,590.0,590.0,590.0,590.0,590.0,547.12,0.0,0.0,0,True,False
TIRA.JK,406.0,412.6666666666667,413.6,411.6,413.6,469.48,581.69,31.74000000000001,1.1904654993417079,324400,False,False
TINS.JK,4650.0,4550.0,4510.0,4281.0,4137.5,3804.0,3605.4501123046875,84.6,3.063323408673352,86214100,False,False
TIFA.JK,320.0,326.0,326.8,326.0,330.9,295.96,302.257314453125,17.47,2.2826705779788363,104200,False,False
TGKA.JK,4960.0,4980.0,4980.0,4984.5,5011.25,4926.7,4817.078569335938,8.455000000000018,2.055300736990673,1700,False,False
TFCO.JK,800.0,823.3333333333334,846.0,864.0,863.0,784.9,721.8,15.820000000000004,3.974558022682259,1500,False,False
TFAS.JK,187.0,188.66666666666666,188.4,186.6,185.7,187.46,199.38,2.9666666666666686,1.8451313785434604,130900,True,False
TEBE.JK,1775.0,1788.3333333333333,1739.0,1720.0,1644.25,1285.4,1196.7,100.58666666666663,3.6129463904458765,34831400,False,False
TCPI.JK,2110.0,2216.6666666666665,2246.0,2307.0,2569.0,4340.798330078125,7348.654267578125,223.0798330078125,5.552486761130517,5230100,False,False
TCID.JK,2580.0,2593.3333333333335,2588.0,2617.0,2647.0,2712.6,2771.1,13.259999999999991,1.7831145629597618,2400,False,False
TBMS.JK,1245.0,1231.6666666666667,1223.0,1223.5,1217.0,1208.8,1233.2349060058593,7.240000000000009,1.4858780165148153,58300,False,False
TBLA.JK,630.0,631.6666666666666,633.0,630.5,628.25,628.7,619.1808743286133,0.95,0.9481852102877133,2411600,True,True
TBIG.JK,1485.0,1515.0,1512.0,1495.0,1460.75,1433.3,1462.2129736328125,16.34000000000001,1.9419285088433405,318600,False,False
TAYS.JK,50.0,50.0,50.0,50.0,50.0,50.0,52.87,0.0,0.0,0,True,False
TAXI.JK,14.0,14.0,13.8,13.6,13.95,13.38,14.35,0.6199999999999992,5.495726360089829,24271800,False,False
TARA.JK,34.0,32.666666666666664,31.4,30.4,30.1,30.22,30.14,3.8999999999999986,2.788549210437553,3627600,True,True
TAPG.JK,2250.0,2353.3333333333335,2310.0,2270.0,2077.5,1796.71236328125,1676.307794189453,55.66209700520835,5.370947717160411,17629600,False,False
TAMU.JK,28.0,28.0,27.8,27.3,26.5,22.74,23.36,5.260000000000002,3.5370909792897196,9318900,True,True
TAMA.JK,196.0,195.0,198.6,205.2,230.4,211.06,194.94,35.400000000000006,5.301188725482412,1679500,False,False
TALF.JK,685.0,696.6666666666666,701.0,701.5,728.0,704.14,699.3761346435547,8.6,1.9223752477145566,78100,False,False
SWID.JK,118.0,119.0,119.2,118.9,116.95,105.1,101.0249250793457,14.100000000000009,1.9806820990268073,3658200,False,False
SURI.JK,85.0,84.66666666666667,83.6,82.3,80.25,72.84,71.5,12.159999999999997,1.8727263924066027,10636700,False,False
SURE.JK,3040.0,3086.6666666666665,3138.0,2881.0,2769.0,2763.8,2757.8,37.41999999999998,8.21836591782341,4900,False,False
SUPA.JK,510.0,516.6666666666666,517.0,522.5,528.75,561.0,663.35,10.2,1.9440753701868756,10065100,False,False
SUNI.JK,695.0,696.6666666666666,697.0,704.0,710.0,676.9,656.5779211425781,6.6200000000000045,0.6716850498596768,680900,False,False
SULI.JK,90.0,89.33333333333333,89.4,90.4,91.25,88.18,88.86,3.069999999999993,3.008731667743294,17645800,True,True
STTP.JK,9400.0,9433.333333333334,9445.0,9435.0,9450.0,9710.0,9753.0,12.4,0.5634989700152391,1700,False,False
STRK.JK,63.0,64.0,64.8,67.2,65.1,66.22,78.45,4.200000000000003,2.0781432144722083,4739900,True,False
STAR.JK,364.0,384.0,386.4,394.2,407.9,334.36,399.23,36.76999999999998,3.082116774685031,348000,False,False
STAA.JK,1260.0,1268.3333333333333,1275.0,1255.5,1184.75,1101.4,1074.6474401855469,34.719999999999985,1.9934245196980525,2861700,False,False
SSTM.JK,482.0,487.3333333333333,488.6,490.7,445.55,418.82,468.57,35.94,8.968016410335485,132200,False,False
SSMS.JK,1195.0,1241.6666666666667,1218.0,1116.5,1008.0,941.6,967.031708984375,60.01333333333334,7.163424283656326,12607600,False,False
SSIA.JK,1750.0,1771.6666666666667,1784.0,1840.0,1808.75,1696.2,1667.7816491699218,28.75999999999999,2.0906783172279635,19700100,False,False
SRTG.JK,1820.0,1831.6666666666667,1819.0,1833.5,1860.25,1757.8,1653.0146166992188,20.49000000000001,1.582321721833762,2824800,False,False
SRSN.JK,97.0,99.66666666666667,101.8,98.0,84.45,74.24,70.53,27.560000000000002,10.769263345380569,128680000,False,False
SRAJ.JK,13000.0,13116.666666666666,13170.0,13545.0,13810.0,12440.0,12730.0,54.8,2.343935589582604,1500,False,False
SQMI.JK,100.0,100.66666666666667,101.4,91.7,76.6,67.84,57.31,33.56,13.396362684563934,388853300,False,False
SPTO.JK,615.0,615.0,616.0,617.5,614.0,599.2,577.1811370849609,3.659999999999991,0.5398225687820413,634200,True,False
SPRE.JK,101.0,100.66666666666667,96.8,94.1,91.85,87.62,84.82,13.379999999999995,3.439119428971648,8269600,False,False
SPMA.JK,174.0,173.33333333333334,172.2,169.9,167.45,166.9199996948242,163.01384582519532,7.080000305175787,0.5919416883570096,1213000,False,False
SOUL.JK,37.0,37.0,37.0,37.0,37.0,37.0,40.43,0.0,0.0,0,True,False
SOTS.JK,610.0,613.3333333333334,612.0,616.5,633.0,616.6,715.3,4.6,2.237253527216881,83700,True,False
SOSS.JK,945.0,978.3333333333334,983.0,932.5,886.25,897.8,849.75,19.35,4.0020017878871075,6600,False,False
SONA.JK,2250.0,2333.3333333333335,2360.0,2418.0,2526.5,2420.2,2288.4670471191407,27.65,2.4202026245765955,14900,False,False
SOLA.JK,93.0,93.0,92.8,92.6,91.8,97.14,104.91,5.340000000000003,1.444031338303997,3929500,True,False
SOHO.JK,1640.0,1751.6666666666667,1593.0,1396.5,1291.5,1226.4,1374.55,105.05333333333333,10.588612650254698,340000,False,False
SOFA.JK,324.0,326.0,323.6,341.4,325.0,264.7,303.88,38.349999999999994,5.339398496965016,3706000,False,False
SOCI.JK,650.0,670.0,658.0,618.0,573.75,467.6,433.53303192138674,40.48,4.775966647683201,23442900,False,False
SNLK.JK,228.0,232.66666666666666,233.6,229.6,229.3,225.64,231.6,3.980000000000004,2.4053897140005405,11727500,True,False
SMSM.JK,1760.0,1763.3333333333333,1750.0,1735.5,1731.5,1709.4752856445311,1696.9911706542969,10.771609537760423,0.7811335815953573,1745200,False,False
SMRA.JK,332.0,335.3333333333333,334.8,328.0,326.1,315.8,305.3027040100098,9.766666666666652,1.4924624004903395,22796900,False,False
SMMT.JK,2710.0,2730.0,2662.0,2339.5,2133.5,1949.9,1941.8,78.00999999999999,8.381747241385515,178100,False,False
SMMA.JK,20025.0,20025.0,19860.0,19992.5,20056.25,20454.5,19431.0,23.78,2.621775890405627,2000,False,False
SMLE.JK,191.0,192.33333333333334,191.8,185.1,175.65,154.26,132.12,38.07333333333335,3.4633786283806858,26943400,False,False
SMKM.JK,106.0,108.33333333333333,109.2,109.0,105.3,83.22,82.27,25.980000000000004,3.4150671722808825,3448900,False,False
SMKL.JK,157.0,157.66666666666666,157.6,153.1,150.05,143.88,145.727501373291,13.786666666666662,2.239068522272975,126400,False,False
SMIL.JK,442.0,451.3333333333333,442.4,428.0,407.6,371.96,322.98,39.68666666666667,2.323524003154573,40110000,False,False
SMGR.JK,1730.0,1740.0,1754.0,1694.5,1613.75,1535.6,1679.0267358398437,43.68000000000002,5.952462337307851,27120100,False,False
SMGA.JK,89.0,89.66666666666667,89.6,87.4,83.05,75.04,76.13,14.626666666666665,2.380642561630366,25469600,False,False
SMDR.JK,384.0,376.6666666666667,367.6,346.0,327.4,303.5459552001953,300.22177383422854,40.22702239990235,3.541657219121071,41934200,False,False
SMDM.JK,550.0,550.0,554.0,551.5,550.75,559.7,562.21,1.940000000000009,1.5079320785307033,115000,True,False
SMBR.JK,175.0,176.0,176.6,176.9,171.65,163.72,170.6868180847168,13.180000000000007,6.103730643382105,8162300,False,False
SMAR.JK,6375.0,6525.0,6590.0,6570.0,6181.25,5723.4,5432.993901367187,34.664000000000016,2.6931684098469413,133400,False,False
SLIS.JK,86.0,88.33333333333333,88.6,89.7,91.8,74.76,74.27,17.039999999999992,2.3210574467041742,33536600,False,False
SKRN.JK,418.0,406.6666666666667,402.0,393.8,392.2,391.48,399.7362826538086,13.259999999999991,1.304655490052634,771500,False,False
SKLT.JK,214.0,215.33333333333334,216.4,214.8,212.5,200.24,198.5407145690918,8.079999999999998,1.3870070745196152,61100,False,False
SKBM.JK,540.0,545.0,553.0,550.0,544.5,552.62,565.49,2.6,1.4751399401068124,149200,True,False
SIPD.JK,935.0,936.6666666666666,928.0,933.5,851.5,754.1,793.1,36.51333333333332,2.2495678633109666,87800,False,False
SINI.JK,13550.0,14291.666666666666,14490.0,13267.5,10481.25,8338.861640625,9970.186298828125,246.045534375,8.156600514705275,13646300,False,False
SIMP.JK,620.0,630.0,633.0,633.0,617.0,584.6683630371094,592.6242858886719,9.666327392578115,1.923796873526686,12978200,False,False
SILO.JK,2040.0,2093.3333333333335,2130.0,2140.0,2209.0,2195.9,2276.75,16.9,2.421387644945371,1157000,False,False
SIDO.JK,350.0,353.3333333333333,354.0,354.6,352.1,362.28,393.04,6.139999999999986,0.9742028729153753,31060900,False,False
SICO.JK,115.0,116.66666666666667,115.6,115.1,112.85,109.9,111.62,6.766666666666666,1.757205011556915,3127100,False,False
SHIP.JK,2640.0,2610.0,2572.0,2464.0,2358.5,2050.4,2184.5866259765626,58.959999999999994,6.119673175882316,29900,False,False
SHID.JK,775.0,826.6666666666666,741.0,645.0,597.75,594.3,649.75,46.473333333333336,11.355054311825118,437800,False,False
SGRO.JK,4830.0,4930.0,4952.0,4920.5,4843.75,3989.249052734375,3591.8280590820314,96.27509472656251,1.6874907853110965,81300,False,False
SGER.JK,720.0,686.6666666666666,680.0,655.5,580.65,499.1,426.39,44.17999999999999,4.922691624157935,105215300,False,False
SFAN.JK,2030.0,2043.3333333333333,2038.0,2039.0,2029.25,1992.8,1975.55,5.05333333333333,0.566044637437697,126500,True,False
SEMA.JK,132.0,123.66666666666667,118.2,115.3,108.45,100.38,102.28,31.620000000000005,3.783411413393008,28308600,False,False
SDRA.JK,214.0,216.0,218.8,221.2,220.4,216.28,226.58,3.5999999999999943,1.0580740898937913,1719000,True,False
SDPC.JK,198.0,202.0,200.0,199.2,194.15,186.94,184.42054611206055,15.060000000000002,2.7775497460759757,696800,False,False
SDMU.JK,90.0,90.66666666666667,91.0,91.3,87.4,83.52,84.97,7.780000000000001,1.9683806679705702,9490500,False,False
SCNP.JK,155.0,155.66666666666666,155.8,155.8,152.6,152.9,152.40899841308592,3.200000000000017,1.06775454199385,283200,True,False
SCMA.JK,202.0,202.66666666666666,202.8,203.0,205.25,204.92,213.04444259643554,1.625,1.5723198708671147,34266700,True,False
SCCO.JK,2570.0,2573.3333333333335,2578.0,2472.0,2405.0,2329.6,2287.7067749023436,24.84000000000001,3.006186490491144,83300,False,False
SBMA.JK,109.0,110.0,110.2,109.1,108.4,107.86,110.29,2.3400000000000034,1.0611195478310298,2281700,True,False
SATU.JK,250.0,250.66666666666666,249.6,247.2,250.1,261.04,263.18,6.920000000000016,1.1126728703946744,157600,False,False
SAPX.JK,406.0,331.3333333333333,306.8,274.0,244.2,225.28,225.62,90.36,12.307025991830214,59786100,False,False
SAMF.JK,332.0,326.0,322.4,313.4,299.2,286.72,288.8576893615723,22.639999999999986,1.7480243991756037,792400,False,False
SAME.JK,304.0,307.3333333333333,310.0,315.8,304.9,306.28,317.32,5.900000000000006,3.094731581656982,619500,True,False
SAGE.JK,33.0,32.666666666666664,31.6,30.4,30.3,30.96,29.86,2.6999999999999993,4.158349827262984,15397700,False,False
SAFE.JK,875.0,875.0,875.0,820.0,630.65,471.78,402.79,80.644,8.069030159348216,0,False,False
RUNS.JK,75.0,76.0,75.8,69.7,66.15,66.68,73.39,9.849999999999994,3.892671480514308,2839800,False,False
RUIS.JK,208.0,207.33333333333334,208.4,208.2,206.4,201.473125,196.8365625,3.4634374999999977,2.145779574959613,1422000,True,True
RSCH.JK,420.0,418.0,416.0,383.0,353.2,316.6,302.86,51.69999999999999,4.0463678492767094,21963200,False,False
ROTI.JK,585.0,586.6666666666666,587.0,585.0,584.75,594.5,596.15,1.95,0.5698297098452854,265500,True,False
RONY.JK,1445.0,1528.3333333333333,1557.0,1397.0,1312.75,1253.9,1267.75,60.61999999999998,8.513094847749795,21100,False,False
RODA.JK,68.0,65.0,64.0,63.6,65.0,62.96,64.31,5.039999999999999,2.556408843648292,83571300,True,True
ROCK.JK,2090.0,2086.6666666666665,2090.0,2057.0,2093.0,1918.6,1983.7,17.44000000000001,2.3929515918181035,15700,False,False
RMKO.JK,356.0,353.3333333333333,348.0,329.6,306.1,313.32,353.06,24.94999999999999,3.711681571088625,14512300,False,False
RMKE.JK,418.0,428.6666666666667,425.2,427.0,420.4,424.72,486.93621948242185,5.333333333333343,2.356739291179486,114411200,True,False
RLCO.JK,4560.0,4680.0,4700.0,4567.0,4493.0,4247.0,4091.75,45.3,2.748199417076484,812300,False,False
RISE.JK,805.0,833.3333333333334,853.0,857.5,889.75,930.6,1143.15,25.120000000000005,2.7275132847383916,3980600,False,False
RIGS.JK,700.0,705.0,710.0,701.5,692.25,685.5,682.8,4.9,1.5282333949197349,120300,True,False
RICY.JK,80.0,80.0,79.8,79.6,79.5,78.7,82.26,1.2999999999999972,0.715142030063986,1262400,True,False
RGAS.JK,112.0,116.0,117.2,132.7,170.4,198.42,158.1549517059326,86.41999999999999,7.096921406346074,52357200,False,False
RELI.JK,555.0,555.0,553.0,545.0,529.4,504.04,499.13,10.191999999999997,2.78784646535651,14300,False,False
RELF.JK,39.0,40.0,39.0,36.9,35.95,35.36,36.4,4.640000000000001,4.461933316197741,11725500,False,False
REAL.JK,50.0,50.0,50.0,50.0,50.75,50.71949989318848,51.55712951660156,0.75,0.0,302900,True,False
RDTX.JK,13525.0,13475.0,13505.0,13522.5,13560.0,13674.5,14326.76662109375,7.98,2.3374537013331094,100,False,False
RCCC.JK,115.0,115.66666666666667,116.2,115.8,111.1,100.56,99.81,15.64,2.619326139350371,923200,False,False
RBMS.JK,61.0,62.666666666666664,62.4,62.2,62.9,63.3,63.54,2.299999999999997,1.6494017100372318,17919900,True,False
RATU.JK,4600.0,4643.333333333333,4584.0,4464.0,4454.5,4862.8,5040.82119140625,40.83000000000002,2.212706242885963,15152700,False,False
RANC.JK,565.0,556.6666666666666,552.0,545.0,533.25,526.9,532.47,7.6200000000000045,1.4976512985189199,72400,False,False
RALS.JK,390.0,392.0,389.2,386.6,383.5,381.24,384.45111206054685,5.3799999999999955,0.6977256352359021,3025300,True,True
RAJA.JK,815.0,825.0,817.0,814.5,821.75,855.28,806.8008563232422,8.155999999999995,1.9800992531738941,132628600,False,False
RAAM.JK,181.0,183.33333333333334,184.0,186.7,187.4,196.96,202.86,15.960000000000008,1.4696077599812554,5958100,False,False
PZZA.JK,194.0,197.33333333333334,197.0,193.9,187.2,185.38,189.74937850952148,11.953333333333347,4.62927666287822,1251900,False,False
PYFA.JK,254.0,262.6666666666667,268.8,265.0,243.7,222.64,242.74,23.080000000000013,7.683953258413709,30479800,False,False
PWON.JK,272.0,276.0,276.4,276.2,269.9,264.64,270.5745147705078,5.8799999999999955,1.8447343640087173,56380500,True,True
PURI.JK,162.0,157.66666666666666,155.4,153.6,148.35,141.3,144.78,20.69999999999999,1.506649607390623,75090200,False,False
PURA.JK,34.0,33.0,32.6,32.1,32.25,31.62,32.26,2.379999999999999,2.4776832360404573,20079100,True,True
PUDP.JK,278.0,274.6666666666667,274.8,274.2,279.2,292.08,302.9643881225586,8.939999999999998,0.6925490663895526,524700,False,False
PTSP.JK,1240.0,1255.0,1285.0,1241.0,1076.25,971.7,934.3,62.65999999999999,13.349103906323801,97200,False,False
PTSN.JK,298.0,296.6666666666667,298.0,300.6,294.9,272.04,268.1077247619629,14.280000000000001,1.6113055598400503,207700,False,False
PTRO.JK,5450.0,5441.666666666667,5430.0,5321.5,5247.5,4761.7,4672.85,27.532000000000007,2.7011140617153857,99819200,False,False
PTPW.JK,1180.0,1186.6666666666667,1187.0,1181.5,1179.5,1168.9184252929688,1081.1010888671874,3.6163149414062445,0.6447047417992006,41900,True,False
PTPS.JK,166.0,167.0,166.8,163.9,159.4,147.2,145.6,19.80000000000001,1.8722945712754064,2708800,False,False
PTPP.JK,202.0,205.33333333333334,207.6,206.0,205.8,202.1,210.64,2.799999999999997,2.568118725539662,6231800,True,False
PTMP.JK,63.0,64.0,64.4,64.9,65.15,62.98,63.26,2.170000000000009,1.538999773114045,10514400,True,False
PTIS.JK,262.0,261.3333333333333,258.4,257.2,258.5,265.08,281.58,3.9399999999999977,2.914018478615254,412900,True,False
PTBA.JK,3100.0,3066.6666666666665,3018.0,2846.0,2629.0,2473.8,2544.0515258789064,62.61999999999998,2.2926948633937965,81084900,False,False
PSSI.JK,360.0,358.0,354.0,343.4,336.1,321.48,315.0570492553711,19.25999999999999,2.113267601439281,883300,False,False
PSKT.JK,236.0,248.0,244.8,246.2,235.3,217.9,219.27,15.049999999999997,4.802894952529786,23297300,False,False
PSGO.JK,195.0,195.0,195.8,195.3,195.1,196.48,194.26837631225587,1.4799999999999898,1.0286705787584887,410600,True,False
PSDN.JK,142.0,143.0,142.0,138.6,136.15,126.76,133.86,16.239999999999995,3.2599950866658123,12454700,False,False
PSAT.JK,890.0,891.6666666666666,896.0,895.0,895.25,861.6,861.4,6.8799999999999955,1.0739880504984847,82600,False,False
PSAB.JK,585.0,580.0,574.0,579.0,584.2,492.64,453.62300079345704,18.472,2.8303630107963036,67365200,False,False
PRIM.JK,117.0,120.0,120.0,119.2,117.15,106.94,95.15,13.060000000000002,2.27914377208633,6283400,False,False
PRDA.JK,2810.0,2816.6666666666665,2808.0,2732.0,2597.0,2492.0,2488.2741455078126,32.466666666666654,1.5139328096883908,793600,False,False
PRAY.JK,745.0,745.0,746.0,749.5,758.25,728.6,719.95,5.929999999999995,1.3338893334468607,15900,True,False
PPRO.JK,15.0,15.666666666666666,15.6,15.7,16.25,16.7,17.28,1.6999999999999993,5.274304412625144,23219300,False,False
PPRI.JK,185.0,192.33333333333334,181.8,159.8,152.15,148.52,154.73,43.81333333333333,9.03600048016969,22592600,False,False
PPRE.JK,106.0,106.66666666666667,106.8,106.4,105.6,105.56,108.38,1.2399999999999949,1.7489047511141818,23117600,True,False
PPGL.JK,468.0,468.0,459.6,404.4,314.7,249.6,226.11,109.2,5.029407809149412,0,False,False
POWR.JK,985.0,973.3333333333334,948.0,934.5,891.0,789.9,743.9444689941406,39.02,3.6740108594158487,28047400,False,False
PORT.JK,915.0,916.6666666666666,911.0,905.0,906.0,882.4,887.65,6.85333333333333,1.4132354214551108,307200,False,False
POLY.JK,32.0,32.0,32.0,32.0,32.0,32.0,32.0,0.0,0.0,0,True,False
POLU.JK,17650.0,17750.0,17940.0,18422.5,15661.25,13660.0,13459.75,190.5,2.5399342696461495,8800,False,False
POLI.JK,950.0,973.3333333333334,986.0,945.5,862.5,775.4,869.35,42.120000000000005,3.5520516226465273,32100,False,False
PNSE.JK,500.0,499.3333333333333,498.0,497.5,497.65,497.98,534.29,1.25,1.397843097723359,6000,True,False
PNLF.JK,224.0,226.0,226.8,226.8,230.2,226.36,231.19,3.0999999999999943,1.4355430182369906,13311800,True,False
PNIN.JK,720.0,725.0,727.0,726.0,722.0,721.5,740.0,1.4,0.858164909276601,548900,True,False
PNGO.JK,3500.0,3560.0,3554.0,3511.0,3515.0,3511.0,3509.0,6.0,1.2348946771217573,1900,False,False
PNBS.JK,50.0,50.0,50.0,50.0,50.05,50.1,50.29,0.10000000000000142,0.0,115400,True,False
PNBN.JK,915.0,913.3333333333334,916.0,907.0,904.5,896.4,907.5900109863281,3.9200000000000044,0.9473683461969097,1683300,True,True
PMUI.JK,104.0,104.66666666666667,104.8,104.6,101.1,92.68,89.13976684570312,12.11999999999999,3.4971600813608714,1794000,False,False
PMJS.JK,146.0,148.33333333333334,148.4,147.3,135.3,119.78134613037109,117.34961502075195,28.618653869628915,2.957365206475957,3220900,False,False
PLAN.JK,72.0,75.0,70.6,59.3,49.4,42.36,43.31,32.64,6.506040891203281,53250200,False,False
PKPK.JK,4450.0,4460.0,4458.0,4088.0,3887.5,3718.8,3293.7,74.11999999999998,5.628356510220007,1071700,False,False
PJHB.JK,183.0,186.0,186.2,186.3,182.0,172.34,185.27,13.960000000000008,0.9880337944794352,3627400,False,False
PJAA.JK,468.0,468.0,466.4,465.4,462.2,458.6,466.230234375,4.699999999999989,0.9129851422848608,76700,True,False
PIPA.JK,202.0,218.0,210.0,205.5,180.5,143.62,134.55,37.19,6.861182029373047,269908100,False,False
PICO.JK,185.0,191.0,188.8,188.3,172.95,146.34,144.95,44.66,3.5280658820702255,2483700,False,False
PGUN.JK,9750.0,9741.666666666666,9715.0,9767.5,9356.25,8177.0,8116.29845703125,63.62,1.4740588948786448,335000,False,False
PGLI.JK,210.0,210.0,212.0,212.0,210.7,201.48,202.08,5.260000000000005,1.7369083650249144,88500,True,False
PGJO.JK,900.0,900.0,911.0,931.5,893.75,782.0,785.25,29.9,3.9185978895711466,1013400,False,False
PGEO.JK,1015.0,1026.6666666666667,1028.0,1032.0,1046.25,1015.7,972.980806274414,6.25,0.8232625390107152,9801300,False,False
PGAS.JK,1515.0,1533.3333333333333,1528.0,1531.0,1524.0,1500.4,1574.9002783203125,6.586666666666633,1.3324748143164042,40942100,False,False
PEVE.JK,310.0,314.6666666666667,318.0,316.4,316.8,320.2,338.28,5.099999999999994,1.4047271829631522,948600,True,False
PEHA.JK,298.0,306.6666666666667,311.2,306.6,293.0,270.2,273.6355047607422,20.5,4.632873241061265,474300,False,False
PEGE.JK,129.0,131.33333333333334,129.6,124.5,117.9,108.15914642333985,116.72457321166992,23.174186909993495,2.9358563474992003,13103700,False,False
PDPP.JK,330.0,325.3333333333333,323.6,327.2,321.7,295.27069213867185,293.1588496398926,17.364653930664076,1.3479675512950622,1023700,False,False
PDES.JK,386.0,383.3333333333333,383.2,387.0,386.8,398.44,449.07087951660156,7.6200000000000045,2.2917788582586005,1094600,False,False
PCAR.JK,44.0,43.333333333333336,43.0,42.5,42.35,40.84,39.24,3.1599999999999966,2.2949755275354002,3414100,True,True
PBSA.JK,760.0,781.6666666666666,796.0,812.0,826.25,783.6437145996093,796.0284533691406,13.25,1.674322095386552,1922900,False,False
PBRX.JK,27.0,27.666666666666668,27.6,27.2,26.7,26.8,29.03,0.9666666666666686,3.726443189072205,5157400,True,False
PBID.JK,530.0,528.3333333333334,529.0,528.0,530.25,512.72,496.4983822631836,3.5059999999999945,0.9377307455985612,971000,True,False
PART.JK,103.0,105.0,106.4,111.0,106.15,104.59478347778321,104.33552146911622,8.0,2.7770886475769063,3339000,False,False
PANS.JK,1660.0,1660.0,1645.0,1617.5,1587.25,1557.8,1533.2293078613282,20.44000000000001,0.6499404096363703,221100,False,False
PANR.JK,424.0,428.0,428.4,428.2,426.2,417.04,444.07647033691404,5.679999999999978,0.9851218746437355,66900,True,False
PANI.JK,5750.0,5833.333333333333,5895.0,5905.0,5966.25,6057.0,6823.498564453125,12.28,2.199088869814083,9690400,False,False
PAMG.JK,56.0,56.666666666666664,56.4,56.0,55.95,55.28,55.87,1.3866666666666632,1.9452638999109928,18258400,True,True
PALM.JK,294.0,296.0,294.8,295.0,292.8,295.76,315.2671493530273,1.5999999999999943,0.949503563672418,383200,True,False
PADI.JK,71.0,72.0,71.8,72.4,71.95,72.90446960449219,82.64510948181152,1.904469604492192,1.7283766201276953,194828800,True,False
PADA.JK,208.0,216.0,218.8,221.0,216.55,165.24,153.7,27.879999999999995,2.518993300876602,47190300,False,False
PACK.JK,560.0,560.0,560.0,545.6,441.0,314.52,291.84,49.096000000000004,4.058305555058295,0,False,False
OPMS.JK,117.0,119.66666666666667,120.8,121.7,123.4,113.72,113.21,9.680000000000007,1.506193956999925,3300300,False,False
OMRE.JK,970.0,1016.6666666666666,1005.0,981.0,978.25,1017.3,984.8,9.45999999999999,3.0229641975676853,11500,False,False
OMED.JK,214.0,217.33333333333334,230.4,236.0,234.1,219.24,227.38278076171875,11.0,4.320650011374159,15800500,False,False
OLIV.JK,63.0,65.0,61.2,53.9,50.6,50.26,52.14,14.740000000000002,6.454712716917395,148577000,False,False
OKAS.JK,118.0,120.33333333333333,120.8,120.9,121.25,110.26,109.92,10.989999999999995,0.8750009104794612,4697600,False,False
OILS.JK,300.0,299.3333333333333,292.0,277.8,250.3,230.74,225.48,34.629999999999995,5.079592704945998,10535500,False,False
OBMD.JK,194.0,196.0,193.2,190.9,192.35,187.96,193.38,8.039999999999992,2.975857989923115,485600,False,False
OBAT.JK,244.0,246.0,245.2,241.4,241.2,243.0,258.79262298583984,2.4000000000000057,4.417634612867757,332400,False,False
OASA.JK,312.0,318.6666666666667,319.2,324.6,321.4,315.92,324.1,6.300000000000011,2.197261310993465,27158600,False,False
NTBK.JK,84.0,86.33333333333333,86.8,84.4,82.75,86.34,81.0546598815918,4.049999999999997,2.9008138972021964,19319900,True,True
NSSS.JK,825.0,835.0,847.0,859.0,868.25,841.9,739.7842657470703,8.65,2.2982851931815222,5826500,False,False
NRCA.JK,555.0,558.3333333333334,562.0,577.0,566.5,514.64,501.7306411743164,12.472000000000003,1.896463898831165,5790600,False,False
NPGF.JK,58.0,58.0,58.0,57.7,58.5,58.05179267883301,62.35262027740478,0.7999999999999972,1.4454818739805624,4734900,True,False
NOBU.JK,530.0,538.3333333333334,541.0,526.5,513.7,475.94,479.56,13.012,2.075797697859567,1650300,False,False
NISP.JK,1280.0,1265.0,1258.0,1250.5,1253.75,1243.7,1263.8,7.259999999999991,0.595255600721135,8892500,False,False
NIRO.JK,185.0,180.33333333333334,177.6,170.1,164.85,154.5,165.81,30.5,2.9563726169019406,17207700,False,False
NINE.JK,94.0,98.0,96.4,96.0,90.9,81.84,93.72,16.159999999999997,3.7104345981149236,18418700,False,False
NIKL.JK,236.0,238.0,234.0,218.2,206.8,195.8,229.62,21.099999999999994,6.643021330778865,28475800,False,False
NICL.JK,488.0,490.0,489.2,500.6,487.75,490.88,584.281587524414,6.425000000000011,1.657880470730294,57110800,False,False
NICK.JK,2450.0,2483.3333333333335,2458.0,2239.5,1879.25,1434.9,1273.9,104.84333333333333,8.041270335336117,9400,False,False
NICE.JK,368.0,368.6666666666667,371.2,365.0,323.9,282.88,284.78,44.16,5.518714172704735,6152600,False,False
NFCX.JK,1730.0,1741.6666666666667,1729.0,1712.0,1671.25,1610.0,1665.2,26.33333333333335,1.3793227598329567,1200,False,False
NETV.JK,50.0,50.0,50.0,50.0,50.4,50.8,60.95,0.7999999999999972,0.0,900700,True,False
NEST.JK,725.0,731.6666666666666,737.0,730.5,709.5,671.7,588.27,13.059999999999992,2.4794598765081006,5288600,False,False
NELY.JK,208.0,210.66666666666666,210.8,212.0,207.0,204.34,226.14458801269532,3.8299999999999983,3.3768294582377263,565900,True,False
NCKL.JK,955.0,973.3333333333334,963.0,960.5,950.0,894.331513671875,894.8179138183593,15.80036393229168,2.8113004032189726,86493700,False,False
NAYZ.JK,74.0,75.66666666666667,75.0,73.9,69.7,62.32,62.35,13.346666666666671,3.41483463215366,32830100,False,False
NATO.JK,1020.0,1116.6666666666667,1176.0,1013.5,835.25,713.7,657.1,92.46,12.76150712003446,1881400,False,False
NASI.JK,163.0,162.66666666666666,159.8,154.4,145.8,131.76,130.52,31.24000000000001,2.7251514794885545,4211500,False,False
NASA.JK,37.0,34.0,32.6,31.2,30.7,30.4,33.3,6.600000000000001,4.182544402538326,5513400,False,False
NANO.JK,35.0,35.333333333333336,34.6,34.4,33.55,30.02,29.8,5.313333333333336,3.9501109196117814,87785200,False,False
NAIK.JK,93.0,95.33333333333333,95.4,94.6,92.7,88.8,90.24884620666504,6.6000000000000085,1.6851458389167222,4245300,False,False
MYTX.JK,41.0,41.0,41.0,41.0,41.0,41.0,45.27,0.0,0.0,0,True,False
MYOR.JK,1530.0,1531.6666666666667,1537.0,1552.0,1599.25,1674.4,1709.9858862304689,28.880000000000017,1.2417129909440894,17569100,False,False
MYOH.JK,1135.0,1141.6666666666667,1145.0,1141.0,1126.5,1074.9,1097.7370825195312,14.019999999999982,1.2856069532937606,41600,False,False
MUTU.JK,117.0,118.0,119.4,123.0,121.3,114.72,110.68237922668457,8.280000000000001,1.531707412858491,8513500,False,False
MTWI.JK,272.0,269.3333333333333,269.2,261.2,255.5,260.2,273.32514663696287,8.25,1.5625693029748706,45800,False,False
MTMH.JK,960.0,956.6666666666666,961.0,972.5,960.0,943.2,961.1365161132812,5.8599999999999905,2.2659946410632648,2100,True,False
MTLA.JK,540.0,533.3333333333334,534.0,529.5,521.5,518.66,513.1253167724609,4.268000000000006,1.5800262318779856,4300,True,False
MTFN.JK,13.0,13.0,13.0,13.0,13.0,13.0,15.31,0.0,0.0,0,True,False
MTEL.JK,494.0,497.3333333333333,494.4,484.2,463.4,460.49962829589845,471.14590057373044,18.416852518717434,1.2884119939612004,27806300,False,False
MTDL.JK,520.0,521.6666666666666,522.0,515.5,512.25,511.3,516.1235000610352,2.139999999999998,0.7665705642985348,3758300,True,True
MSTI.JK,1385.0,1376.6666666666667,1364.0,1355.5,1342.0,1319.9,1285.6457458496093,13.019999999999982,1.4821669440094116,3791600,False,False
MSKY.JK,82.0,71.66666666666667,69.2,66.9,66.55,63.4,67.75,18.6,7.88325488800332,692576100,False,False
MSJA.JK,890.0,746.6666666666666,643.0,543.3,488.25,440.5,440.5382077026367,89.9,9.429406251528832,28447100,False,False
MSIN.JK,310.0,313.3333333333333,316.0,313.0,332.4,390.2,511.58,40.099999999999994,2.6386737377426237,118530600,False,False
MSIE.JK,150.0,141.33333333333334,136.4,125.7,110.95,96.94,107.23,53.06,6.639224219306973,19849400,False,False
MREI.JK,920.0,920.0,920.0,920.0,920.0,920.0,957.45,0.0,0.0,0,True,False
MRAT.JK,382.0,384.0,396.4,404.6,412.5,429.68,432.0,23.840000000000003,2.489957158770929,179200,False,False
MPXL.JK,169.0,170.66666666666666,168.8,168.6,167.85,157.14,158.65,13.52666666666667,1.8059356653435388,1269900,False,False
MPRO.JK,12000.0,11966.666666666666,12040.0,12190.0,12418.75,11524.0,10127.0,35.79,1.1483680686068138,7700,False,False
MPPA.JK,41.0,42.333333333333336,43.2,43.9,45.85,46.8,47.49,5.799999999999997,2.865562562250004,19248300,True,False
MPOW.JK,113.0,114.66666666666667,114.6,114.8,111.55,104.12,107.27,10.679999999999993,3.0234290647034516,6342300,False,False
MPMX.JK,1035.0,1048.3333333333333,1044.0,1033.0,1021.25,1001.1,945.8196282958984,9.446666666666648,0.9090913749164397,3914200,False,False
MPIX.JK,118.0,118.33333333333333,117.6,115.5,106.6,99.78,93.27,18.553333333333327,5.630250208852275,15316100,False,False
MORA.JK,5325.0,5383.333333333333,5400.0,5440.0,5311.25,5877.0,6130.15,22.63,2.1105566469573724,236800,False,False
MOLI.JK,316.0,318.6666666666667,317.6,311.6,294.9,269.24,256.0808044433594,24.71333333333334,3.8674504684916386,4732300,False,False
MNCN.JK,204.0,203.33333333333334,204.0,202.4,202.4,204.08,212.22,0.8400000000000034,2.105702383926219,132556900,True,False
MMLP.JK,302.0,303.3333333333333,304.4,303.2,299.5,296.88,308.14,3.759999999999991,1.1075366735011956,466300,True,False
MMIX.JK,835.0,826.6666666666666,817.0,802.0,785.0,731.18,612.28,20.76400000000001,1.4402833906540407,36302300,False,False
MLPT.JK,1205.0,1221.6666666666667,1213.0,1242.0,1314.0,1272.28,1030.3892730712892,21.8,2.071386745174869,1484300,False,False
MLPL.JK,90.0,92.0,92.0,92.2,93.35,91.76,90.29,3.3499999999999943,1.3542424889607048,25389900,True,False
MLIA.JK,220.0,222.66666666666666,224.8,227.2,229.4,232.84,242.26,6.420000000000002,0.9460217732870985,426500,False,False
MLBI.JK,6825.0,6850.0,6870.0,6857.5,6890.0,6662.0,6193.34537109375,9.12,2.510419182632263,27000,False,False
MKTR.JK,122.0,123.0,122.8,122.6,122.75,121.38,123.10192276000977,1.6200000000000045,0.9741861810026102,1234400,True,False
MKPI.JK,21875.0,21883.333333333332,21895.0,21932.5,21987.5,21635.5,21330.6943359375,14.08,0.2903596248022743,40600,False,False
MKAP.JK,1115.0,1116.6666666666667,1119.0,1120.5,1140.0,1158.7,1121.3736987304687,8.740000000000009,0.30040557616528274,2611400,False,False
MITI.JK,230.0,224.66666666666666,225.2,230.8,218.65,193.82,199.78,18.49000000000001,2.694316538284262,7384500,False,False
MIRA.JK,26.0,25.333333333333332,25.2,25.0,26.4,23.4,22.11,3.0,4.350416345299935,13808900,False,False
MINE.JK,280.0,278.0,278.4,265.4,250.1,233.48,254.34,23.260000000000005,4.316844196572676,2845700,False,False
MINA.JK,274.0,274.6666666666667,275.2,276.0,274.5,274.64,294.26,1.0,1.7065683586763107,104738000,True,False
MIKA.JK,1815.0,1875.0,1895.0,1891.0,1850.0,1791.0,1754.6824926757813,20.8,2.1543189520505917,5249600,False,False
MIDI.JK,266.0,272.0,274.8,275.0,275.8,279.8,289.26490905761716,6.900000000000006,1.378088392177278,21661800,False,False
MICE.JK,560.0,560.0,558.0,554.5,540.25,523.0687133789063,506.9661410522461,7.386257324218741,1.0727040516872943,6300,False,False
MHKI.JK,138.0,143.0,143.2,145.3,141.1,135.5,141.098422164917,9.800000000000011,2.338376602452073,5474600,False,False
MGRO.JK,680.0,688.3333333333334,688.0,685.5,678.25,676.4,676.3,2.3866666666666787,0.9653934302012341,3921300,True,True
MGNA.JK,136.0,110.66666666666667,104.6,100.8,99.3,98.86,110.78,37.14,10.960479956056442,122855700,False,False
MGLV.JK,15000.0,14900.0,14095.0,12825.0,11772.5,9706.0,8777.75,211.76,6.089861735189797,3010500,False,False
MERK.JK,3920.0,3896.6666666666665,3886.0,3881.0,3906.0,3885.4,3786.8883349609373,3.9,0.5417533390530171,19900,True,False
MERI.JK,121.0,122.33333333333333,122.0,122.2,121.3,111.76,118.6,10.573333333333323,0.9817685710189644,1961500,False,False
MEJA.JK,114.0,117.0,115.0,113.9,117.55,101.74,99.16,15.810000000000002,2.892696720899263,27055100,False,False
MEGA.JK,1975.0,1980.0,1983.0,1974.5,1977.0,1987.3,2037.3,2.5599999999999907,0.48559703499876355,365000,True,False
MEDS.JK,89.0,94.66666666666667,90.6,82.1,76.55,76.18,80.16,18.486666666666665,12.178341999035982,140304700,False,False
MEDC.JK,1570.0,1560.0,1532.0,1481.5,1423.5,1321.1,1343.3180163574218,49.780000000000015,1.9070954442724515,60947800,False,False
MDRN.JK,26.0,26.0,26.0,26.0,26.0,26.0,32.13,0.0,0.0,0,True,False
MDLN.JK,50.0,50.0,50.0,50.0,50.0,50.1,51.16,0.10000000000000142,0.0,317600,True,False
MDLA.JK,208.0,208.66666666666666,208.8,208.6,208.5,207.68,205.1328352355957,0.5600000000000023,0.8391585366913205,2126800,True,True
MDKI.JK,197.0,198.33333333333334,197.8,195.6,192.65,185.72,182.89157470703125,12.613333333333344,0.7636752319335192,201000,False,False
MDKA.JK,3060.0,3096.6666666666665,3014.0,2976.0,2949.5,2805.754296875,2817.899880371094,29.09123697916666,3.1241154326270086,27547100,False,False
MDIY.JK,930.0,945.0,950.0,955.0,951.25,939.3,885.8762188720704,5.0,1.407231509332073,864700,True,False
MDIA.JK,206.0,220.66666666666666,225.6,243.2,256.1,181.78,140.07,37.16000000000001,9.209623878921184,558151900,False,False
MCOR.JK,69.0,69.33333333333333,69.6,69.7,69.35,68.58,68.21,1.1200000000000045,1.428662950923433,3380400,True,True
MCOL.JK,3710.0,3740.0,3750.0,3733.0,3729.5,3746.2,3742.3210107421874,4.0,0.9711460477722315,12500,True,False
MCAS.JK,284.0,290.0,288.8,287.0,291.8,240.84,253.53,25.480000000000004,1.4881752165704891,1148700,False,False
MBTO.JK,141.0,140.66666666666666,134.8,130.6,129.25,122.42,118.26,18.58,3.572817245726403,4002200,False,False
MBSS.JK,2880.0,2870.0,2862.0,2849.0,2840.5,2747.4,2555.95,13.259999999999991,1.1169353031590532,2591000,False,False
MBMA.JK,530.0,546.6666666666666,534.0,536.5,539.25,525.48,538.94,4.237333333333322,3.8729922332750064,147177400,False,False
MBAP.JK,1760.0,1775.0,1775.0,1709.0,1586.25,1473.9,1501.0,60.219999999999985,4.478892560624996,72500,False,False
MAYA.JK,196.0,197.66666666666666,198.2,198.8,198.95,197.02,193.93,2.9499999999999886,1.4138080834931281,1145800,True,True
MAXI.JK,50.0,50.0,50.0,50.0,50.0,50.0,50.49,0.0,0.0,172900,True,False
MASB.JK,3390.0,3393.3333333333335,3396.0,3396.0,3388.0,3389.2,3344.0,0.8,0.19636776037540046,13700,True,False
MARK.JK,1105.0,1086.6666666666667,1080.0,1078.0,1082.2454956054687,1043.5927905273438,923.0580395507812,12.281441894531236,1.1771920811969605,27746900,False,False
MARI.JK,23.0,23.0,23.0,23.0,23.0,23.0,24.94,0.0,0.0,0,True,False
MAPI.JK,1370.0,1375.0,1388.0,1415.0,1458.0,1514.1,1472.1144958496093,28.819999999999983,2.8651306958802762,4742800,False,False
MAPB.JK,1260.0,1228.3333333333333,1203.0,1189.0,1172.5,1096.3,1235.5,32.74000000000001,2.6222606339901264,0,False,False
MAPA.JK,695.0,698.3333333333334,697.0,703.5,682.75,647.3413012695313,627.0843084716797,11.23173974609374,1.487295157887457,10436700,False,False
MANG.JK,40.0,43.0,43.0,40.4,39.35,39.38,43.76,3.6499999999999986,5.549412055561845,43129100,False,False
MAIN.JK,690.0,700.0,696.0,685.5,676.0,680.6,724.5500061035157,4.8,2.230852357178216,1393800,True,False
MAHA.JK,145.0,146.66666666666666,148.0,147.3,147.25,143.44,139.2133349609375,4.560000000000002,1.1886284793454573,8365000,True,True
LUCK.JK,119.0,120.33333333333333,118.8,115.8,115.0,109.0,108.51,11.333333333333329,2.1613977348859144,8099500,False,False
LTLS.JK,1050.0,1023.3333333333334,980.0,919.0,880.5,829.0,798.3911242675781,44.2,4.41228052896359,585700,False,False
LSIP.JK,1685.0,1705.0,1689.0,1617.0,1526.5,1424.8361645507812,1375.0157592773437,56.032767089843766,2.661446688229404,9555300,False,False
LRNA.JK,214.0,208.66666666666666,205.8,199.6,194.3,186.42,188.77,13.790000000000006,2.10940730129391,3222500,False,False
LPPS.JK,83.0,83.0,82.6,82.6,81.95,79.0,77.47,4.0,1.5434231469346895,9779300,True,True
LPPF.JK,1650.0,1655.0,1645.0,1624.0,1616.75,1576.2,1583.584022216797,15.759999999999991,1.0556988992171632,1326000,False,False
LPLI.JK,236.0,240.0,240.4,241.2,242.5,244.24,254.1,4.1200000000000045,0.8764370556339188,340500,True,False
LPKR.JK,61.0,62.0,62.0,62.1,62.65,62.08,67.33,1.6499999999999986,1.4660797656754128,317023600,True,False
LPIN.JK,432.0,432.6666666666667,432.4,429.6,426.0,419.12,413.6871078491211,6.7733333333333405,0.595179425356331,281500,False,False
LPGI.JK,645.0,640.0,638.0,639.5,637.25,647.3,665.9673931884765,2.009999999999991,1.765454419667703,8100,True,False
LPCK.JK,590.0,595.0,597.0,600.0,602.5,562.34,559.69,8.031999999999993,1.1147230366449123,384800,False,False
LOPI.JK,63.0,63.0,63.0,69.9,74.0,66.74,79.65,11.0,5.227204140149901,41509200,False,False
LMPI.JK,161.0,162.0,161.6,163.5,159.15,147.58,148.54,15.919999999999987,1.6223102556536442,2800700,False,False
LMAX.JK,111.0,111.66666666666667,112.2,110.0,110.8,108.9,116.33,3.299999999999997,3.8243174295570572,646500,False,False
LIVE.JK,194.0,190.33333333333334,189.4,190.4,193.75,201.94,211.95,12.539999999999992,1.0251065545998923,4230600,False,False
LION.JK,382.0,382.6666666666667,383.2,375.2,361.1,349.68,360.02,16.75999999999999,4.590095173107606,101700,False,False
LINK.JK,1665.0,1660.0,1663.0,1593.5,1545.5,1468.2,1487.05,39.35999999999999,2.7829740803761402,35900,False,False
LIFE.JK,12725.0,12725.0,12725.0,11325.0,8603.75,6925.0,6752.421362304687,232.0,8.352277605015518,0,False,False
LFLO.JK,510.0,521.6666666666666,517.0,520.0,516.9,514.12,526.5537316894531,2.333333333333326,2.3913383248508535,3000,True,False
LEAD.JK,111.0,111.33333333333333,111.0,111.7,109.75,105.24,109.18,6.460000000000008,6.877989624156335,59779100,False,False
LCKM.JK,109.0,109.0,109.0,109.0,109.0,108.88,114.95,0.12000000000000455,0.0,0,True,False
LAPD.JK,69.0,70.66666666666667,70.6,71.5,68.85,66.64,69.76,4.859999999999999,3.308967918617013,27710900,True,False
LAND.JK,75.0,75.33333333333333,74.6,74.0,74.85,73.24,72.13,2.0933333333333337,1.8367876062160104,37789600,True,True
LAJU.JK,72.0,73.33333333333333,74.4,71.6,69.65,67.58,68.95869441986083,6.820000000000007,3.005518357165928,47731500,False,False
LABS.JK,175.0,178.66666666666666,181.0,172.0,170.3,157.36,154.39,23.639999999999986,8.614466864963827,1688900,False,False
LABA.JK,130.0,132.0,129.2,127.9,112.15,100.34,103.63,31.659999999999997,11.973829311117802,55911400,False,False
KUAS.JK,102.0,101.33333333333333,103.6,102.0,97.5,93.62,97.15216567993164,9.97999999999999,5.171962966026544,81306900,False,False
KSIX.JK,406.0,410.0,411.2,412.2,413.5,351.48,344.88,31.00999999999999,1.5756809184389777,218800,False,False
KRYA.JK,67.0,67.66666666666667,67.8,68.1,65.8,62.06,64.34,6.039999999999992,4.503414150071524,19450100,False,False
KREN.JK,16.0,15.0,14.6,14.1,13.65,13.08,13.79,2.92,4.534299455139961,63773500,False,False
KRAS.JK,244.0,248.66666666666666,250.0,245.8,235.1,227.62,233.02,11.189999999999998,3.1639069837289675,3681700,False,False
KPIG.JK,85.0,72.33333333333333,70.2,68.1,67.85,75.56,86.01,17.150000000000006,9.290243085474447,493766204,False,False
KOTA.JK,202.0,207.33333333333334,210.4,209.7,187.85,147.38,130.45,31.510000000000005,11.691902768739384,329990300,False,False
KOPI.JK,208.0,208.0,207.6,207.6,205.8,201.04,207.87,3.480000000000004,1.6738742265325002,381600,True,False
KONI.JK,2120.0,2156.6666666666665,2166.0,2176.0,2229.5,2410.6,2521.6,29.05999999999999,1.5258598495343338,17300,False,False
KOKA.JK,196.0,196.0,190.0,185.3,184.35,182.0,156.95,14.0,7.292218888096929,57545200,False,False
KOIN.JK,78.0,78.0,78.0,78.0,78.0,78.0,78.23,0.0,0.0,0,True,False
KOCI.JK,129.0,124.33333333333333,118.8,111.9,109.6,105.06,104.60947273254395,23.939999999999998,2.9141606564266365,299892700,False,False
KOBX.JK,178.0,178.66666666666666,177.8,176.5,173.2,161.34,163.82,17.326666666666654,1.660392759507457,3438100,False,False
KMTR.JK,262.0,256.6666666666667,255.6,251.8,241.8,234.84,237.66,13.579999999999998,1.5826182921997203,196200,False,False
KMDS.JK,520.0,516.6666666666666,520.0,519.5,523.0,531.1,533.415852355957,2.8866666666666787,1.2853534080528937,98400,True,False
KLIN.JK,127.0,118.66666666666667,116.6,116.2,116.45,112.02,118.4,14.980000000000004,3.6037788783656537,2793300,False,False
KLBF.JK,755.0,765.0,771.0,775.0,789.25,761.1,776.0767108154297,6.85,1.786750783398939,78226800,False,False
KLAS.JK,84.0,85.0,85.0,86.7,83.95,76.44,75.77,10.260000000000005,2.7060086112610886,7271200,False,False
KKGI.JK,302.0,307.3333333333333,307.6,298.2,289.4,278.4,277.69413436889647,14.600000000000023,1.8275859245911286,2296900,False,False
KKES.JK,91.0,93.0,94.2,88.1,79.0,69.44,55.28,24.760000000000005,11.868091158187655,40635900,False,False
KJEN.JK,160.0,161.0,161.6,163.2,163.55,143.3,139.88,20.25,1.0712321829386557,3091400,False,False
KIOS.JK,103.0,102.33333333333333,102.0,101.9,99.0,95.58,94.84,7.420000000000002,1.4799786036115605,175184600,False,False
KINO.JK,1400.0,1403.3333333333333,1378.0,1365.0,1347.25,1255.6,1174.3239892578124,29.54666666666667,1.6974990920723725,18600,False,False
KING.JK,394.0,395.3333333333333,380.0,335.2,310.2,299.4,382.07,47.96666666666667,5.236926801485948,2202800,False,False
KIJA.JK,190.0,197.66666666666666,198.6,203.5,191.6,153.26,149.56,50.24000000000001,2.9757092902661313,372633400,False,False
KICI.JK,276.0,270.0,271.2,267.4,234.1,207.8,206.42,34.099999999999994,9.23776763365569,4225000,False,False
KETR.JK,930.0,930.0,902.0,874.0,758.25,630.52,593.87,59.896,4.017246284946106,70173900,False,False
KEJU.JK,600.0,613.3333333333334,616.0,617.0,603.25,572.9,568.9114398193359,8.820000000000004,1.4867053785849618,418500,False,False
KEEN.JK,940.0,955.0,953.0,936.0,905.0,875.6,869.6172436523437,15.879999999999995,1.9732547995208922,5229600,False,False
KDTN.JK,400.0,414.6666666666667,416.8,403.8,382.9,441.74,642.88,29.420000000000016,3.540525194643538,6027400,False,False
KDSI.JK,468.0,468.0,467.6,465.4,462.4,453.28,449.12,7.360000000000014,0.49251014256335174,9400,False,False
KBLV.JK,131.0,133.0,133.2,136.1,140.2,123.96,112.05,16.239999999999995,1.4847303506904972,10907300,False,False
KBLM.JK,352.0,341.3333333333333,338.4,325.6,315.7,303.24,302.4400714111328,24.379999999999995,1.9413235165440845,1272700,False,False
KBLI.JK,334.0,330.6666666666667,334.4,332.2,329.2,325.12,313.768860168457,4.639999999999986,1.97813195839176,4789300,True,True
KBAG.JK,44.0,44.666666666666664,44.8,44.9,46.0,43.72,43.39,2.280000000000001,3.5155208940248666,1931600,True,True
KARW.JK,212.0,212.0,212.0,212.0,212.0,212.0,242.34,0.0,0.0,0,True,False
KAQI.JK,97.0,98.66666666666667,99.8,98.7,96.9,92.4,96.63,7.3999999999999915,3.4707147392538955,15066100,False,False
KAEF.JK,452.0,467.3333333333333,471.4,453.5,446.05,450.22,471.29,12.674999999999983,6.248021369067842,1835200,False,False
JTPE.JK,620.0,613.3333333333334,610.0,610.0,614.25,609.8,602.0425,2.040000000000009,0.8497977990372607,978500,True,False
JSPT.JK,1390.0,1401.6666666666667,1398.0,1396.0,1402.25,1397.9,1363.3147692871094,2.45,1.1081929213034123,4600,True,False
JSMR.JK,2990.0,3003.3333333333335,2992.0,2973.0,2869.0,2785.6,2820.3503173828126,21.77333333333336,1.8323515816611062,1606200,False,False
JRPT.JK,1125.0,1120.0,1108.0,1097.5,1087.25,1082.8,1073.7480151367188,8.440000000000008,0.7137124483366134,440700,False,False
JPFA.JK,2320.0,2346.6666666666665,2332.0,2289.0,2266.0,2167.5,2219.86333984375,17.91666666666665,2.7130481675000464,22474300,False,False
JMAS.JK,228.0,228.0,228.0,228.0,228.0,228.0,240.42,0.0,0.0,0,True,False
JKON.JK,87.0,87.0,87.6,86.7,86.55,78.0,73.81343334197999,9.599999999999994,1.806030809243509,9995500,False,False
JIHD.JK,452.0,454.0,457.2,457.0,445.6,432.76,443.73,12.219999999999999,1.9836975128530387,348100,False,False
JGLE.JK,78.0,81.0,82.2,84.8,86.25,72.4,69.87,13.849999999999994,5.805538451908292,462363600,False,False
JECC.JK,825.0,710.0,684.0,667.0,650.5,641.0,665.8968591308594,36.8,7.842763903427288,957100,False,False
JAYA.JK,166.0,167.0,164.2,151.7,142.65,132.72,131.22,34.28,8.732073024924542,16592700,False,False
JAWA.JK,166.0,159.33333333333334,150.2,143.4,137.35,126.72,133.73,39.28,5.913863898324113,102521400,False,False
JATI.JK,112.0,112.0,111.2,109.1,105.2,98.64,99.2612353515625,13.36,1.1780448605374094,17511900,False,False
JAST.JK,94.0,96.0,95.4,95.0,91.75,86.38,87.65,9.620000000000005,2.474824381914499,12838200,False,False
JARR.JK,3710.0,3506.6666666666665,3382.0,3297.0,2964.75,2312.5,2114.7424194335936,139.75,4.929166212030605,51035700,False,False
ITMG.JK,26100.0,26466.666666666668,26405.0,26197.5,25660.0,24695.0,24116.271328125,70.86666666666672,1.0094876654751388,1755400,False,False
ITMA.JK,1535.0,1548.3333333333333,1560.0,1493.0,1452.5,1397.2,1586.8,32.55999999999999,3.939014251515939,236100,False,False
ITIC.JK,224.0,226.66666666666666,226.4,225.8,225.8,216.34,221.97,5.163333333333327,0.9742532054389698,484000,True,False
ISSP.JK,460.0,457.3333333333333,455.6,441.8,435.6,419.68,411.50653564453125,20.159999999999997,2.3011755331049875,2234200,False,False
ISEA.JK,90.0,89.33333333333333,88.0,86.3,84.55,79.92,77.94,10.079999999999998,1.8752879953207235,12812900,False,False
ISAT.JK,2400.0,2386.6666666666665,2380.0,2410.0,2512.5,2171.9,2069.7034265136717,34.05999999999999,2.0800367605028898,170431900,False,False
ISAP.JK,29.0,27.0,25.6,24.8,24.2,24.12,25.83,4.879999999999999,4.37288597934741,155894300,False,False
IRSX.JK,408.0,416.6666666666667,418.0,404.0,384.7,339.12,352.0196759033203,39.44,4.098714696246686,37674900,False,False
IRRA.JK,374.0,382.0,387.2,379.4,375.7,374.4,379.1,6.599999999999994,4.385420605464404,819900,False,False
IPTV.JK,32.0,31.0,30.8,31.0,30.75,31.14,34.88,1.25,2.8354269911154595,14638600,True,False
IPOL.JK,116.0,116.66666666666667,117.2,116.0,114.2,109.96,113.09,7.240000000000009,1.3660238681071701,638600,False,False
IPCM.JK,292.0,292.0,292.8,295.8,299.0,306.2129998779297,305.31866333007815,7.106499938964845,0.9149853707260553,1040400,False,False
IPCC.JK,1130.0,1138.3333333333333,1143.0,1147.0,1154.75,1169.0,1163.8376837158203,7.8,0.623290852978515,733800,False,False
IPAC.JK,189.0,186.66666666666666,186.6,184.2,180.05,168.38,159.19,20.620000000000005,1.8693328862617236,437600,False,False
IOTF.JK,64.0,66.33333333333333,66.6,65.0,66.15,58.5,58.38,8.099999999999994,3.2591386994685023,23257100,False,False
INTP.JK,5225.0,5383.333333333333,5405.0,5462.5,5482.5,5022.7,4726.516870117188,18.392000000000007,1.8869320222401433,2142200,False,False
INTD.JK,262.0,265.3333333333333,262.4,272.6,279.9,257.24,249.68,11.329999999999984,3.668067823966044,102000,False,False
INTA.JK,61.0,61.0,61.0,61.0,61.0,61.0,66.08,0.0,0.0,0,True,False
INPS.JK,850.0,815.0,784.0,744.0,717.5,676.7,667.45,34.65999999999999,3.410305888817442,626900,False,False
INPP.JK,750.0,750.0,752.0,747.5,744.1209136962891,714.4806042480469,741.9702947998047,7.503879150390617,1.5573043288802566,12100,False,False
INPC.JK,163.0,168.33333333333334,170.6,163.3,152.6,142.82,143.38,27.78,4.533208735500387,12639000,False,False
INOV.JK,140.0,139.66666666666666,140.0,139.9,142.4,135.74,131.51,6.659999999999997,0.97798527050857,2607300,False,False
INKP.JK,9100.0,9283.333333333334,9145.0,9010.0,8840.0,8224.0,8207.3955078125,42.373333333333356,2.2180723437351904,2558500,False,False
INET.JK,346.0,359.3333333333333,360.0,354.0,321.7,259.06,253.72,50.47,3.213096811161852,709608500,False,False
INDY.JK,2880.0,2936.6666666666665,2876.0,2826.0,2729.5,2499.0,2608.441086425781,43.76666666666665,4.700614187272253,56516000,False,False
INDX.JK,60.0,60.0,60.0,60.0,60.0,60.0,73.11,0.0,2.837818317547164e-07,0,True,False
INDS.JK,272.0,272.0,271.2,269.0,268.0,268.66,293.86420333862304,2.0,1.2993020613665067,1535600,True,False
INDR.JK,3040.0,3043.3333333333335,2958.0,2776.0,2604.0,2306.9,2274.6,73.64333333333335,3.8206907234746477,83400,False,False
INDO.JK,183.0,186.0,186.4,185.1,182.85,175.36,167.44,11.039999999999992,1.6703730192037327,24030900,False,False
INDF.JK,7325.0,7441.666666666667,7380.0,7332.5,7338.75,7079.1840625,6758.37470703125,14.499304166666661,2.038864000606757,2936900,False,False
INCO.JK,4820.0,4873.333333333333,4888.0,4973.5,5089.25,5003.8,5159.9115380859375,26.925,2.2034231586525546,19964900,False,False
INCI.JK,805.0,796.6666666666666,794.0,769.0,719.5,681.8,674.9901593017578,24.640000000000008,4.7336125272902265,563600,False,False
INCF.JK,50.0,50.0,50.0,50.0,50.0,50.0,51.87,0.0,0.0,0,True,False
INAI.JK,178.0,179.0,177.6,177.1,176.8,167.46,165.13,11.539999999999992,0.8178776711720013,1271200,False,False
IMPC.JK,1705.0,1706.6666666666667,1636.0,1516.0,1456.0,1484.5,1686.95,50.13333333333335,4.953042618131219,37106400,False,False
IMJS.JK,186.0,189.66666666666666,189.0,181.9,174.1,159.1656036376953,161.41622375488282,30.501063028971345,6.137021458434162,4719500,False,False
IMAS.JK,920.0,920.0,925.0,912.0,894.25,860.3859619140625,901.6386981201172,12.922807617187505,4.209764802755908,111700,False,False
IKPM.JK,186.0,189.0,190.8,192.4,194.4,189.02,191.13,8.400000000000006,1.2116483079354385,1117800,False,False
IKBI.JK,565.0,536.6666666666666,530.0,524.5,528.0,535.3178051757812,516.3820755004883,8.1,2.9316338193452105,4053800,False,False
IKAN.JK,91.0,92.33333333333333,91.4,91.1,89.55,85.06,85.33,7.273333333333326,1.9838610961728158,20423300,False,False
IKAI.JK,21.0,20.0,19.6,19.6,19.75,19.84,20.59,1.3999999999999986,3.7616138000917085,22968500,True,True
IGAR.JK,472.0,474.0,474.8,476.6,469.1,442.16,440.9396646118164,17.22,0.9085679891174332,97300,False,False
IFSH.JK,1080.0,1083.3333333333333,1077.0,1071.0,1091.5,1148.2,1423.0258325195311,15.440000000000008,2.1564668618529277,8800,False,False
IFII.JK,200.0,202.0,202.4,202.8,204.9,208.24,214.88,8.240000000000009,1.0418569483975337,95100,False,False
IDPR.JK,270.0,274.0,272.8,272.0,267.7,282.88,289.2485223388672,7.590000000000003,1.9542045700010908,38900,False,False
IDEA.JK,71.0,67.66666666666667,65.2,62.8,62.3,62.58,65.24,8.700000000000003,4.6374873390669595,34353100,False,False
ICON.JK,144.0,146.0,143.8,139.1,134.75,118.56,117.32,27.439999999999998,6.429585651631384,24025500,False,False
ICBP.JK,7175.0,7191.666666666667,7220.0,7377.5,7532.5,7182.010478515625,6842.143198242187,14.3,1.5092202646557757,3613500,False,False
IBST.JK,8475.0,8475.0,8475.0,8475.0,8475.0,8475.0,8475.0,0.0,0.0,0,True,False
IBOS.JK,96.0,99.0,96.6,94.1,85.6,74.9,84.91,24.099999999999994,4.416670266314638,7141600,False,False
IBFN.JK,63.0,63.0,63.0,63.0,63.0,63.0,68.02,0.0,0.0,0,True,False
IATA.JK,128.0,136.66666666666666,135.2,129.9,123.95,92.82,82.26,43.846666666666664,7.1057614542644725,1191739800,False,False
HYGN.JK,192.0,189.33333333333334,188.4,185.7,179.8,165.74,154.42140060424805,26.25999999999999,1.1963301572256042,1430200,False,False
HUMI.JK,137.0,141.33333333333334,141.8,143.8,145.4,136.58543869018555,145.10037162780762,8.81456130981445,3.382518035616161,49100300,False,False
HRUM.JK,925.0,951.6666666666666,949.0,941.5,913.5,845.8,847.15,21.173333333333336,2.318861694317759,30519800,False,False
HRTA.JK,2220.0,2250.0,2254.0,2259.0,2258.5,2041.1,2201.5181396484377,21.79000000000001,2.3456412548699395,7868900,False,False
HRME.JK,45.0,44.666666666666664,44.6,42.2,41.85,42.9,45.18,3.1499999999999986,4.86457600743985,3769400,False,False
HOPE.JK,214.0,216.66666666666666,230.8,243.8,246.7,208.48,178.57,19.11,10.195985597659597,25437700,False,False
HOMI.JK,244.0,250.66666666666666,241.6,227.8,219.15,196.1,203.01,27.28333333333333,3.2663503369011595,3079500,False,False
HOKI.JK,56.0,56.0,55.8,55.9,55.65,54.28,57.58,1.7199999999999989,1.9704377105803899,9644000,True,False
HMSP.JK,740.0,750.0,748.0,742.5,743.25,724.6,695.8521655273438,5.079999999999996,1.525183112831448,8595500,True,True
HILL.JK,16.0,16.0,16.0,16.0,16.0,16.0,16.8,0.0,0.0,0,True,False
HGII.JK,138.0,138.33333333333334,138.2,139.5,132.0,126.1,128.94277114868163,13.400000000000006,2.9207173530439037,1708100,False,False
HEXA.JK,4460.0,4483.333333333333,4482.0,4482.0,4421.0,4425.0,4428.6,6.233333333333303,0.895121948270026,635700,False,False
HERO.JK,336.0,338.0,337.2,335.6,335.8,334.96,359.85,1.5200000000000102,1.086974962393428,77200,True,False
HELI.JK,204.0,205.33333333333334,205.6,201.2,198.75,190.44,187.12,7.579999999999998,2.3701223899543127,738300,False,False
HEAL.JK,675.0,676.6666666666666,680.0,679.0,682.75,777.6,875.9689184570312,20.520000000000003,3.8257881845170294,11835000,False,False
HDIT.JK,50.0,50.0,50.0,50.0,50.25,50.38,53.28,0.38000000000000256,0.0,1322300,True,False
HDFA.JK,101.0,101.66666666666667,101.8,101.7,100.1,94.64,96.11,7.159999999999997,0.8044535544385248,429400,False,False
HBAT.JK,318.0,320.0,306.8,290.0,259.4,257.68,339.09,31.159999999999997,5.8765589366391096,3201200,False,False
HATM.JK,600.0,598.3333333333334,598.0,594.5,597.75,523.54,421.4482174682617,15.292000000000007,2.6540308797272343,12304600,False,False
HALO.JK,73.0,77.0,77.4,73.7,71.1,68.26,69.88,9.14,9.450408370570393,24527300,False,False
HAJJ.JK,112.0,113.0,110.8,110.9,110.9,106.92,113.04,6.079999999999998,2.4507523374740137,5675400,False,False
HAIS.JK,188.0,188.66666666666666,189.0,187.1,184.65,182.12,181.39,6.8799999999999955,1.1173417403480044,1012500,False,False
HADE.JK,26.0,24.0,22.2,19.6,18.35,18.14,17.61,7.859999999999999,4.719916386501037,21193700,False,False
GZCO.JK,192.0,198.66666666666666,199.4,195.6,185.1,166.48,170.46,32.920000000000016,3.992819629974124,34240300,False,False
GWSA.JK,172.0,171.66666666666666,172.4,171.2,161.8,139.58,136.91,32.81999999999999,1.6886396805682224,1360600,False,False
GUNA.JK,220.0,220.66666666666666,220.8,219.0,216.4,200.9,191.34610122680664,9.950000000000003,1.1391133459980083,209800,False,False
GULA.JK,810.0,806.6666666666666,796.0,783.0,765.0,736.1,606.57,14.779999999999996,2.7842371115144577,9194200,False,False
GTSI.JK,167.0,169.66666666666666,169.4,171.2,175.9,159.001240234375,167.28480690002442,16.898759765625016,2.70266374779598,32372900,False,False
GTRA.JK,254.0,258.0,262.8,258.2,242.7,229.38,223.03,16.710000000000008,8.158248075968931,1135800,False,False
GTBO.JK,156.0,157.66666666666666,154.6,161.3,165.65,168.26,181.94,13.659999999999997,5.133974948826343,200000,False,False
GSMF.JK,124.0,103.33333333333333,100.8,99.7,96.2,89.86,94.92,34.14,11.412628599259724,293421400,False,False
GRPM.JK,170.0,168.33333333333334,169.2,178.9,182.45,221.58,246.61,53.24666666666667,4.702754249832337,12924300,False,False
GRPH.JK,137.0,133.66666666666666,127.8,111.4,90.7,71.48,66.6,65.52,9.95213442743136,126633300,False,False
GRIA.JK,167.0,169.0,168.6,170.5,170.8,140.26,128.61,30.54000000000002,2.478913609445995,3137700,False,False
GPSO.JK,284.0,286.0,289.2,294.6,292.2,297.48,357.28,6.740000000000009,2.2690290179665333,5433900,False,False
GPRA.JK,104.0,106.0,106.2,108.9,109.15,105.0425489807129,105.73441040039063,5.150000000000006,2.1083559879359717,101282400,True,False
GOTO.JK,50.0,50.0,50.0,50.0,50.0,50.0,50.39,0.0,0.0,13698200,True,False
GOOD.JK,314.0,317.3333333333333,319.2,318.6,312.3,305.08,317.74093841552735,7.060000000000002,0.9510745786825546,67500,False,False
GOLF.JK,176.0,166.0,163.6,162.6,162.0,164.08,169.15612197875976,14.0,2.794534766597208,30305200,False,False
GOLD.JK,278.0,281.3333333333333,280.0,276.6,275.3,265.68,267.52,7.826666666666654,1.5009812543198724,206800,False,False
GMTD.JK,1285.0,1295.0,1346.0,1395.5,1358.75,1324.1,1450.55583984375,22.1,3.3232442387230616,15800,False,False
GMFI.JK,57.0,59.0,59.0,59.3,59.35,56.28,56.14,3.0700000000000003,2.5626668767074956,121707800,True,True
GLVA.JK,328.0,328.0,326.0,322.6,317.0,307.0,314.1830520629883,10.5,1.1274277054111292,16400,False,False
GJTL.JK,1340.0,1365.0,1372.0,1385.0,1371.0,1262.2,1188.7552746582032,24.55999999999999,1.4403000443454865,7066700,False,False
GIAA.JK,66.0,67.0,66.8,66.6,69.0,60.36,60.56,8.64,2.889608347713484,77671000,False,False
GHON.JK,1675.0,1676.6666666666667,1664.0,1648.5,1629.25,1617.8,1703.15,11.773333333333358,1.0835710232970226,32200,False,False
GGRP.JK,332.0,322.0,319.2,316.6,309.5,300.48,291.90907989501954,15.759999999999991,2.4692582482836536,5368900,False,False
GGRM.JK,19500.0,19800.0,19915.0,20062.5,20098.75,18847.0,16983.3625,50.07,2.523278950571302,900200,False,False
GEMS.JK,7600.0,7650.0,7620.0,7372.5,7020.0,6676.5,6961.0,38.94,1.643662551565173,180000,False,False
GEMA.JK,93.0,93.33333333333333,93.0,90.9,86.35,82.56,82.56095146179199,10.773333333333326,4.765646964674781,39689900,False,False
GDYR.JK,1115.0,1126.6666666666667,1124.0,1120.5,1113.5,1102.0,1098.15,4.933333333333349,1.3238961167390313,3500,True,False
GDST.JK,115.0,117.0,115.6,113.9,113.65,102.82,97.19,14.180000000000007,2.0529504334798423,8267000,False,False
FWCT.JK,92.0,92.66666666666667,91.6,91.1,91.55,89.0,86.85,3.6666666666666714,1.8020453631122881,12935900,True,True
FUTR.JK,300.0,312.6666666666667,314.0,332.8,329.8,288.78,240.85,22.01000000000002,4.917539810250207,66778000,False,False
FUJI.JK,244.0,248.66666666666666,247.2,263.4,270.9,231.0,262.91,19.94999999999999,4.758149609976135,687600,False,False
FPNI.JK,565.0,563.3333333333334,593.0,607.5,567.8,438.92,416.2,33.715999999999994,5.457846786365654,14822500,False,False
FORU.JK,3550.0,3630.0,3654.0,3118.0,2646.25,2771.5,2417.25,100.775,11.396056499720904,1999300,False,False
FORE.JK,795.0,793.3333333333334,801.0,814.5,815.5,722.3,771.25,18.640000000000008,1.6079161134132387,2817200,False,False
FOOD.JK,176.0,176.0,176.0,176.0,176.0,176.0,176.09,0.0,0.0,0,True,False
FOLK.JK,252.0,228.66666666666666,218.6,192.9,188.5,201.98,229.89,31.75,7.801716653280617,140181500,False,False
FMII.JK,254.0,253.33333333333334,254.0,253.6,253.8,251.48,248.16,1.2600000000000051,1.0881761970434258,4700,True,False
FLMC.JK,129.0,128.66666666666666,121.8,107.0,92.55,75.44,106.58,53.56,5.807197200613818,12905100,False,False
FITT.JK,426.0,456.6666666666667,445.6,428.0,403.1,380.68,387.52,37.99333333333334,6.9292249393689405,3791300,False,False
FISH.JK,620.0,613.3333333333334,614.0,614.5,608.0,614.9,656.4383782958985,2.4,0.8111813976236097,131000,True,False
FIRE.JK,125.0,127.66666666666667,125.8,122.2,116.0,110.16,115.41,17.506666666666675,4.16632264587177,22932200,False,False
FILM.JK,805.0,845.0,875.0,843.0,846.5,1133.2,1639.3,65.64000000000001,6.435505375905789,32315100,False,False
FAST.JK,446.0,454.6666666666667,456.4,463.2,468.1,370.28,314.66,48.910000000000025,1.589499461916326,81937800,False,False
FAPA.JK,7475.0,7483.333333333333,7485.0,7477.5,7450.0,7393.90474609375,7247.18244140625,3.6438101562500016,0.29278683510350395,4700,True,False
EXCL.JK,2700.0,2723.3333333333335,2718.0,2740.0,2750.0,2598.4,2712.6,15.159999999999991,1.3110570620215412,9761700,False,False
EURO.JK,1430.0,1435.0,1465.0,1414.0,1517.25,1710.2,1953.138426513672,59.24000000000001,4.59884947041033,15598000,False,False
ESTI.JK,174.0,178.33333333333334,172.4,166.5,163.9,151.96,145.46448181152343,26.373333333333335,8.669793300821455,251229700,False,False
ESTA.JK,174.0,173.33333333333334,174.2,173.8,173.2,178.52,187.43,5.320000000000022,1.599800695612221,413500,True,False
ESSA.JK,680.0,688.3333333333334,691.0,685.0,662.0,626.7,649.1051702880859,12.85999999999999,3.2664097587888477,121222800,False,False
ESIP.JK,120.0,128.33333333333334,124.8,122.6,123.05,127.01826782226563,130.53421264648438,8.333333333333343,5.969841149232456,52606300,False,False
ERTX.JK,186.0,186.66666666666666,185.4,184.8,184.6,173.5,170.72,13.166666666666657,1.2373223330530558,1676800,False,False
ERAL.JK,322.0,324.6666666666667,324.0,317.4,308.8,298.44,289.4323321533203,13.113333333333344,2.244886257962015,9856700,False,False
ERAA.JK,590.0,596.6666666666666,591.0,555.0,511.7,437.1881964111328,395.6904879760742,31.895694051106762,5.098082426305754,116899400,False,False
EPMT.JK,2390.0,2406.6666666666665,2404.0,2398.0,2387.0,2353.4,2340.1,5.326666666666642,0.5697464918670818,3600,True,False
EPAC.JK,55.0,56.0,55.6,56.0,56.8,62.46,66.1,7.460000000000001,3.306330904040928,54142400,False,False
ENZO.JK,75.0,74.66666666666667,74.8,74.6,73.9,71.26,72.85,3.739999999999995,4.5522909403046,14882600,False,False
ENRG.JK,1460.0,1465.0,1420.0,1372.5,1321.5,1295.2483361816405,1381.1741680908203,33.950332763671895,2.7143175155668327,167800800,False,False
ENAK.JK,228.0,230.0,232.0,234.0,236.6,250.8,277.94,11.400000000000006,0.7189346309382776,266100,False,False
EMTK.JK,500.0,511.6666666666667,512.0,518.0,518.25,519.56,596.1979620361328,9.779999999999973,2.5844269877910415,27456800,False,False
EMDE.JK,79.0,80.66666666666667,80.0,78.9,77.45,73.76,71.85,6.906666666666666,2.6276072083878983,16414100,False,False
EMAS.JK,8600.0,8566.666666666666,8560.0,8750.0,8430.0,7095.5,7416.25,66.18,3.448070791630463,14764400,False,False
ELTY.JK,35.0,36.0,36.4,37.4,38.05,32.56,32.9,5.489999999999995,3.358383726219702,68757300,True,True
ELSA.JK,730.0,738.3333333333334,734.0,727.0,714.5,680.2,648.5571594238281,11.626666666666665,2.542105665054616,36392000,False,False
ELPI.JK,710.0,708.3333333333334,690.0,679.0,678.25,825.6291870117187,1157.8824548339844,29.475837402343746,5.881708646957048,5603400,False,False
ELIT.JK,254.0,266.0,271.2,267.6,233.4,197.04,192.7,37.08,5.044324920561555,11239100,False,False
EKAD.JK,422.0,430.0,422.8,416.8,374.4,251.86,208.57833221435547,89.07,7.365937721303544,18120000,False,False
ECII.JK,172.0,172.66666666666666,174.0,168.3,161.85,153.7,153.51,20.30000000000001,3.470366334321796,2428600,False,False
EAST.JK,90.0,89.66666666666667,89.8,90.0,90.25,89.06304397583008,87.9080507659912,1.1869560241699162,0.7408047655915055,868100,True,False
DYAN.JK,88.0,87.33333333333333,88.0,88.5,88.25,83.92,81.98,4.579999999999998,1.730255560347248,7597100,True,True
DWGL.JK,236.0,237.33333333333334,241.6,247.8,285.4,281.52,271.5,24.69999999999999,4.844257243226208,6156400,False,False
DVLA.JK,1595.0,1598.3333333333333,1598.0,1595.0,1587.75,1574.1,1545.8968481445313,4.846666666666669,0.4478119630659745,98400,True,False
DUTI.JK,4790.0,4796.666666666667,4798.0,4803.0,4743.5,4420.6,4097.456059570312,38.23999999999997,0.16382420156110358,800,False,False
DSSA.JK,1110.0,1146.6666666666667,1155.0,1151.5,1093.5,946.9,1040.28,41.620000000000005,2.4915806978590824,1111762900,False,False
DSNG.JK,1665.0,1671.6666666666667,1663.0,1651.0,1526.0,1363.7,1351.7624475097657,61.59333333333334,2.9783332644449585,2911100,False,False
DSFI.JK,88.0,89.0,88.4,88.1,86.5,80.94,81.74,8.060000000000002,1.3557363657282167,5858800,False,False
DRMA.JK,1025.0,1021.6666666666666,1016.0,1013.5,1007.0,956.9,959.0333331298829,13.620000000000005,1.0183799265818039,958300,False,False
DPUM.JK,134.0,126.0,117.0,106.3,100.9,98.84,123.62,35.16,11.190351091759752,318156500,False,False
DOSS.JK,170.0,170.0,170.4,170.6,169.35,154.56,146.27582847595215,16.039999999999992,0.7029010526925046,1927000,False,False
DOOH.JK,392.0,358.6666666666667,345.6,335.8,327.7,244.56,193.23,73.72,4.072264206446141,171913700,False,False
DOID.JK,248.0,256.0,252.4,245.2,232.1,218.7,220.64,18.650000000000006,3.7885444283352956,4790200,False,False
DNET.JK,10000.0,10000.0,9990.0,9972.5,9973.75,9837.0,9819.5,6.52,0.5063617908281358,13900,False,False
DNAR.JK,132.0,135.66666666666666,136.4,134.3,130.05,122.84,124.25,13.560000000000002,1.6501429905454192,3130800,False,False
DMND.JK,610.0,610.0,612.0,618.5,618.75,617.6,615.3971984863281,1.75,1.1411957994513813,54800,True,False
DMMX.JK,185.0,188.33333333333334,189.4,190.3,188.7,178.58,181.25323699951173,11.719999999999999,1.7165532343799412,1428600,False,False
DMAS.JK,193.0,197.66666666666666,198.2,200.0,181.35,156.92,145.08850997924804,43.08000000000001,4.6746683326649965,441612900,False,False
DLTA.JK,1795.0,1793.3333333333333,1794.0,1792.5,1789.0,1777.26,1767.1007446289063,3.548000000000002,0.6010073678016213,97600,True,False
DKHH.JK,71.0,72.33333333333333,72.6,69.5,66.8,64.28,65.47,8.319999999999993,5.569502403951051,21142400,False,False
DKFT.JK,710.0,708.3333333333334,710.0,694.5,678.0,661.8,691.25,9.64000000000001,1.7864640950957411,8985800,False,False
DIVA.JK,138.0,139.33333333333334,138.2,137.8,137.0,126.78,131.59,12.553333333333342,1.382415324249888,6015100,False,False
DILD.JK,120.0,121.0,121.0,121.9,119.5,116.86,118.75,5.040000000000006,1.5404613878243243,8881100,True,True
DIGI.JK,29.0,29.0,29.0,29.0,29.0,29.0,31.49,0.0,0.0,0,True,False
DGWG.JK,336.0,340.6666666666667,343.2,346.4,339.8,310.4,320.2844030761719,18.0,2.1190846543635145,8088500,False,False
DGNS.JK,274.0,276.0,274.4,260.4,244.1,236.44,241.52,19.78,3.3006282944703647,814100,False,False
DGIK.JK,136.0,138.33333333333334,140.2,140.9,137.0,131.9,130.74,9.0,2.2393476538627177,7973900,False,False
DFAM.JK,86.0,84.33333333333333,83.8,83.2,81.65,81.94,93.23,4.349999999999994,1.544029893350463,101620200,True,False
DEWI.JK,159.0,158.0,157.0,155.6,150.25,132.54,127.36,26.460000000000008,1.6799728677024208,33318800,False,False
DEWA.JK,426.0,438.0,441.2,445.2,446.7,418.61154907226563,409.124210357666,14.044225463867178,2.3247054113648145,534951200,False,False
DEPO.JK,240.0,250.66666666666666,252.0,251.2,250.3,248.01727996826173,252.27735595703126,6.0,2.3190257544203265,662800,False,False
DEFI.JK,104.0,105.66666666666667,106.2,106.2,105.95,106.56,127.35,2.5600000000000023,1.7610926282412378,7493100,True,False
DCII.JK,201100.0,201433.33333333334,201300.0,200310.0,202581.25,197449.5,195443.5,205.27,1.9718002859789852,1000,False,False
DAYA.JK,1100.0,1111.6666666666667,1113.0,1118.5,1078.5,1018.7,1035.85,19.95999999999999,1.2209416199671004,2400,False,False
DATA.JK,1805.0,1836.6666666666667,1865.0,1842.0,1870.75,1987.2,1930.3,36.44000000000001,2.8376896250902077,1278700,False,False
DART.JK,159.0,160.0,160.6,162.0,164.6,143.88,139.96,20.72,0.43504508831753624,139600,False,False
DADA.JK,50.0,50.0,50.0,50.0,50.0,50.0,50.0,0.0,0.0,105100,True,False
DAAZ.JK,1625.0,1653.3333333333333,1662.0,1672.5,1701.75,1606.9,1754.9666613769532,18.96999999999998,0.963190278984503,874000,False,False
CYBR.JK,520.0,520.0,523.0,530.5,543.25,562.9,591.675,8.579999999999995,1.883078041290805,25825500,False,False
CUAN.JK,985.0,953.3333333333334,947.0,908.0,867.0,744.7,809.31,48.05999999999999,3.6302768966452135,1038092300,False,False
CTTH.JK,123.0,126.33333333333333,127.8,128.2,128.6,126.54,140.46,5.599999999999994,2.0822239287203694,7795800,True,False
CTRA.JK,620.0,625.0,629.0,632.5,624.75,592.7463159179688,595.1320965576172,7.950736816406243,1.6715318609332608,5541200,False,False
CTBN.JK,3070.0,3076.6666666666665,3080.0,3098.0,3332.5,4155.4,4770.1732177734375,108.53999999999996,0.6085872801055804,45900,False,False
CSRA.JK,765.0,771.6666666666666,771.0,770.5,764.0,762.8,799.8,1.7733333333333348,1.1720220182550705,431800,True,False
CSMI.JK,200.0,188.66666666666666,186.4,184.7,165.75,114.8,101.34,85.2,2.937634984855875,32804700,False,False
CSIS.JK,208.0,212.66666666666666,212.0,216.2,216.7,190.65960021972657,174.27860115051269,13.020199890136709,1.979062559497808,1186500,False,False
CSAP.JK,294.0,296.6666666666667,296.0,295.0,293.1,289.481103515625,282.1191705322266,3.5927815755208314,2.421277226526793,171700,True,False
CRSN.JK,143.0,140.33333333333334,139.2,137.5,130.55,115.26,110.76222259521484,27.739999999999995,3.436804590754223,3155600,False,False
CRAB.JK,220.0,218.66666666666666,219.6,216.2,212.1,209.64,209.68,5.180000000000007,2.953626368271069,854000,True,False
CPRO.JK,50.0,50.0,50.0,50.0,50.25,50.36,51.85,0.35999999999999943,0.0,903500,True,False
CPIN.JK,3280.0,3293.3333333333335,3260.0,3171.0,3101.5,3126.0,3439.5054516601563,19.183333333333348,3.4019643405945916,48089500,False,False
COIN.JK,760.0,806.6666666666666,829.0,824.5,794.25,728.9,832.35,20.020000000000003,3.3716240103135684,59718100,False,False
COCO.JK,137.0,141.66666666666666,137.8,127.4,114.05,123.53906494140625,195.97584541320802,27.61666666666666,8.248269492088687,765775800,False,False
COAL.JK,31.0,31.0,31.0,31.0,31.0,25.88,36.61,5.120000000000001,0.0,0,True,False
CNMA.JK,92.0,93.0,92.8,92.8,93.1,92.16,93.74,1.0999999999999943,0.9434711537845863,15218500,True,False
CNKO.JK,37.0,37.0,37.0,37.0,37.0,37.0,41.29,0.0,0.0,0,True,False
CMRY.JK,4450.0,4533.333333333333,4552.0,4614.558984375,4588.549731445312,4539.45228515625,4480.780869140625,16.455898437500036,2.3178883310834757,1666100,False,False
CMPP.JK,69.0,69.0,69.0,69.0,69.0,69.0,71.96,0.0,0.0,0,True,False
CMNT.JK,755.0,748.3333333333334,743.0,745.0,759.75,781.1,788.2,7.6200000000000045,1.489793194086597,18591100,False,False
CMNP.JK,1420.0,1461.6666666666667,1452.0,1426.5,1398.25,1371.3,1409.2,18.07333333333336,2.2010008797922387,524500,False,False
CLPI.JK,1620.0,1626.6666666666667,1626.0,1616.5,1606.75,1566.1,1507.0869482421874,12.113333333333367,0.3926665059505537,110700,False,False
CLEO.JK,422.0,425.3333333333333,425.6,415.8,403.3,390.0,386.9272222900391,17.80000000000001,2.238191416410178,17362700,False,False
CLAY.JK,2720.0,2760.0,2744.0,2726.0,2741.5,2629.4,2717.8,13.059999999999992,1.6105182321595883,12300,False,False
CITY.JK,193.0,195.0,190.4,183.5,179.65,173.12,174.46,21.879999999999995,2.3866733318293023,1356200,False,False
CITA.JK,3550.0,3580.0,3544.0,3432.0,3324.0,3242.8,3245.284951171875,33.719999999999985,1.4647309569236198,250900,False,False
CINT.JK,187.0,187.0,186.8,185.5,181.85,174.52,180.03,12.47999999999999,0.9822779047245733,240900,False,False
CHIP.JK,800.0,818.3333333333334,822.0,826.0,853.25,896.4585205078125,940.7788067626954,19.291704101562505,1.2706100705518606,183900,False,False
CHEM.JK,72.0,72.66666666666667,72.2,71.2,70.25,66.66,70.5033805847168,6.006666666666675,1.5634853996451075,10348800,False,False
CHEK.JK,130.0,131.66666666666666,133.4,133.8,133.95,131.16,130.05,3.9499999999999886,2.111360236910465,1030400,True,False
CGAS.JK,151.0,151.66666666666666,152.2,151.4,151.0,150.86,155.51416534423828,1.339999999999975,0.7521717108758783,2380300,True,False
CFIN.JK,374.0,375.3333333333333,373.6,365.6,359.6,346.4,323.2378869628906,14.466666666666669,1.0554908333911843,3389000,False,False
CENT.JK,109.0,114.0,108.4,105.7,99.45,87.12,86.46,26.879999999999995,6.325362239885463,28879500,False,False
CEKA.JK,2200.0,2200.0,2196.0,2190.0,2194.5,2186.8,2179.99375,1.3199999999999819,0.28938200069357,16600,True,False
CDIA.JK,705.0,701.6666666666666,705.0,695.5,695.75,671.3,762.5042016601562,6.740000000000009,1.91559924276494,131105900,False,False
CCSI.JK,308.0,292.6666666666667,290.0,285.4,271.2,257.88,256.84,25.060000000000002,4.39198249934405,13819900,False,False
CBUT.JK,1060.0,1023.3333333333334,974.0,958.5,876.5,834.8,773.86,45.040000000000006,4.107475487699703,1694300,False,False
CBRE.JK,730.0,745.0,749.0,729.0,708.25,703.2,756.9,9.159999999999991,3.1083159758580505,20663300,False,False
CBPE.JK,492.0,500.3333333333333,509.2,505.2,518.85,407.1794152832031,350.3122589111328,55.83529235839845,5.955634553048216,115500,False,False
CBDK.JK,3930.0,4013.3333333333335,4030.0,3949.0,3866.5,3693.6,3890.95048828125,33.64000000000001,2.7706159079374846,2658200,False,False
CASS.JK,1820.0,1825.0,1830.0,1844.5,1857.5,1863.2,1827.7,8.64000000000001,0.823303244165945,161400,False,False
CASH.JK,222.0,226.0,224.8,231.8,226.1,217.18,209.5,7.310000000000002,3.15148127114926,920300,False,False
CASA.JK,1800.0,1803.3333333333333,1802.0,1803.0,1817.25,1830.6,1646.7,6.1199999999999815,0.24267477387860809,561600,False,False
CARS.JK,114.0,113.33333333333333,113.0,111.5,104.25,94.06,92.44,19.939999999999998,1.386454417473923,4358900,False,False
CARE.JK,408.0,402.6666666666667,418.4,434.2,433.8,428.0,419.1,15.766666666666652,2.983003198525451,1197400,False,False
CANI.JK,135.0,135.0,135.0,135.0,135.0,135.0,139.82,0.0,0.0,0,True,False
CAMP.JK,170.0,171.33333333333334,171.8,171.3,170.75,170.16,179.42,1.8000000000000114,0.8010522099117808,387400,True,False
CAKK.JK,158.0,159.0,159.4,158.6,151.6,142.54,146.98,16.860000000000014,1.5610455513503103,186800,False,False
BYAN.JK,13100.0,13550.0,13650.0,13847.5,14351.25,12837.0,11794.932490234374,60.57,1.923572173312953,1567600,False,False
BWPT.JK,127.0,131.33333333333334,130.0,123.5,110.95,92.7,96.16,38.63333333333334,7.430472008727692,278903600,False,False
BVIC.JK,96.0,95.33333333333333,95.0,95.0,93.75,90.3,93.13,5.700000000000003,1.2602634135306747,13312000,True,True
BUVA.JK,720.0,735.0,743.0,751.5,742.75,800.5,851.45,16.1,3.4748795179304106,77309400,False,False
BUMI.JK,212.0,220.0,218.0,209.0,198.35,175.7,179.95,22.150000000000006,3.446827667580127,402859404,False,False
BULL.JK,422.0,428.0,431.6,439.2,439.9,407.68,414.59,16.109999999999985,2.50431789928915,343253700,False,False
BUKK.JK,970.0,980.0,986.0,987.0,997.5,1038.7,1051.25,13.740000000000009,1.2110813459973908,64200,False,False
BUKA.JK,109.0,112.33333333333333,113.0,111.4,112.35,110.66,120.37,4.0,3.220792667094124,131772300,True,False
BUDI.JK,226.0,226.66666666666666,228.0,230.8,226.8,215.96,211.94,7.420000000000002,1.3588258547004068,197200,False,False
BUAH.JK,498.0,500.3333333333333,502.2,503.1,506.55,508.32,509.6741021728516,5.159999999999997,0.8310134815717635,252000,True,False
BTPS.JK,1065.0,1061.6666666666667,1052.0,1021.5,1003.0,1000.4,990.4346215820312,12.920000000000005,1.6208256950573998,4367600,False,False
BTPN.JK,2430.0,2423.3333333333335,2430.0,2372.0,2273.0,2223.0,2188.592023925781,20.7,2.7345720861230016,28400,False,False
BTON.JK,366.0,363.3333333333333,364.0,363.6,363.8,359.08,363.72,3.460000000000008,0.8583126026160274,1800,True,False
BTEK.JK,11.0,11.0,10.6,10.2,10.4,10.6,11.24,0.8000000000000007,6.713943174902578,235828800,False,False
BSSR.JK,4910.0,4926.666666666667,4918.0,4819.0,4625.5,4383.6,4014.0773681640626,54.30666666666666,2.062764512286286,1579000,False,False
BSML.JK,525.0,528.3333333333334,525.0,519.5,519.75,517.76,470.02,2.1146666666666762,1.4186310347260649,12914400,True,True
BSIM.JK,1165.0,1165.0,1160.0,1093.5,898.25,777.1,787.9,77.58,11.423541211068644,652500,False,False
BSDE.JK,635.0,646.6666666666666,653.0,652.5,637.25,597.8,637.8,11.04000000000001,1.4712064166848942,12142700,False,False
BSBK.JK,50.0,50.0,50.0,50.0,51.05,51.72,53.55,1.7199999999999989,0.0,3042100,True,False
BRRC.JK,74.0,74.66666666666667,74.6,74.8,73.25,64.38,65.43,10.420000000000002,1.666980789857137,32685100,False,False
BRPT.JK,1730.0,1741.6666666666667,1757.0,1785.0,1818.25,1771.3344702148438,1790.223291015625,17.65,1.2689566097901668,94922600,False,False
BRNA.JK,640.0,633.3333333333334,628.0,615.0,624.25,612.8,621.45,5.440000000000009,0.9368664656268278,182700,True,False
BRMS.JK,690.0,701.6666666666666,707.0,721.5,698.0,613.32,643.7,21.63599999999999,1.2517900079350053,179825000,False,False
BRIS.JK,1755.0,1768.3333333333333,1773.0,1781.5,1783.5,1789.2,1809.6479345703126,6.840000000000009,0.6638621960968759,14392700,False,False
BREN.JK,3300.0,3300.0,3318.0,3340.0,3418.5,3397.2334912109377,3655.149375,11.85,1.3712028453035836,13903100,False,False
BRAM.JK,4620.0,4616.666666666667,4636.0,4622.0,4598.0,4548.6,4465.275305175781,8.739999999999963,1.038451910412103,300,False,False
BPTR.JK,76.0,75.0,75.0,75.0,75.8,73.44,75.13,2.5600000000000023,1.594690933251931,9878400,True,True
BPII.JK,476.0,475.3333333333333,473.6,480.2,481.93369445800784,453.8684954833984,456.01304931640624,14.032599487304708,1.2135724522660785,5900,False,False
BPFI.JK,248.0,248.0,248.4,246.2,248.8,251.51771728515624,253.4682893371582,2.6588586425781244,0.5688570436561053,11400,True,False
BOLT.JK,785.0,800.0,802.0,799.5,797.25,793.0,807.4686871337891,3.4,2.1180141175969256,14900,True,False
BOLA.JK,182.0,183.0,182.6,168.5,158.65,158.16,158.69,24.840000000000003,5.058916703774549,1879500,False,False
BOGA.JK,1590.0,1613.3333333333333,1615.0,1625.0,1607.25,1582.9,1458.7,8.419999999999982,3.7234185580431607,19300,False,False
BOBA.JK,216.0,214.66666666666666,216.8,215.8,213.0,228.96,253.5678305053711,7.980000000000004,1.3082664818282737,472000,False,False
BOAT.JK,138.0,139.0,138.2,141.9,141.65,128.78,126.26,13.120000000000005,2.2198793358047464,2388400,False,False
BNLI.JK,2150.0,2153.3333333333335,2150.0,2157.0,2154.0,2241.2,2631.3,9.119999999999981,0.5956638658632109,26200,False,False
BNII.JK,191.0,192.33333333333334,193.2,194.0,193.3,191.76,192.8866859436035,3.0,0.6187482179172934,1861300,True,False
BNGA.JK,1745.0,1743.3333333333333,1733.0,1714.5,1692.0,1646.4,1636.4524780273437,19.71999999999998,0.8332990812926047,2477100,False,False
BNBR.JK,95.0,97.33333333333333,98.4,99.0,99.9,98.03659561157227,115.91768531799316,4.900000000000006,1.7320755627754143,1694206900,True,False
BNBA.JK,805.0,820.0,802.0,786.5,757.5,748.1,741.2,14.379999999999995,3.8725596147151693,262900,False,False
BMTR.JK,119.0,116.33333333333333,116.6,115.9,115.55,115.58,126.52,3.450000000000003,2.352883074703359,152768300,True,False
BMSR.JK,320.0,318.6666666666667,317.6,315.4,312.6,307.6,307.12,6.199999999999989,1.276408874274153,115300,False,False
BMRI.JK,4370.0,4396.666666666667,4400.0,4362.0,4267.5,4218.6,4180.668149414062,18.139999999999965,1.2220294118615,132956900,False,False
BMHS.JK,200.0,200.66666666666666,199.8,196.6,192.9,185.64,183.8828530883789,15.02666666666667,1.2882070556444438,1488400,False,False
BMBL.JK,31.0,31.333333333333332,30.0,28.6,28.9,30.64,32.58,2.7333333333333307,5.874396120423576,170488100,False,False
BMAS.JK,525.0,541.6666666666666,527.0,518.0,509.65,492.94,492.09,9.745333333333326,4.969916646001919,455900,False,False
BLUE.JK,2950.0,2946.6666666666665,3054.0,2906.0,2724.5,2747.2,2958.772734375,32.95,6.483004143742102,560600,False,False
BLTA.JK,33.0,33.0,32.6,32.9,32.75,32.96,35.14,0.3999999999999986,2.247280099913134,6686700,True,False
BLOG.JK,364.0,371.3333333333333,374.8,378.0,380.3,367.8,357.6903451538086,8.150000000000006,0.9992695863198078,1461500,False,False
BLES.JK,208.0,202.0,196.8,199.3,203.45,180.88,164.21984375,13.560000000000002,2.8309398821623497,15313600,False,False
BKSW.JK,54.0,54.666666666666664,54.8,54.1,53.15,52.5,53.65,2.299999999999997,2.1743087167137634,2797800,True,True
BKSL.JK,72.0,73.0,74.0,74.5,75.05,70.56,76.77,4.489999999999995,1.5610650065459626,149240900,True,False
BKDP.JK,174.0,188.33333333333334,178.4,162.8,165.9,153.74,131.07,34.593333333333334,9.785812256114154,34982100,False,False
BJTM.JK,525.0,528.3333333333334,529.0,527.5,522.5,518.4,519.2333715820313,2.1200000000000045,0.7010043964600774,4929400,True,True
BJBR.JK,795.0,798.3333333333334,801.0,797.5,793.25,783.7,777.9923602294922,3.459999999999991,0.4621346171833982,5094400,True,True
BISI.JK,730.0,731.6666666666666,734.0,729.0,710.25,675.5,692.9635467529297,11.7,0.8485760877923462,243500,False,False
BIRD.JK,1615.0,1620.0,1623.0,1625.5,1631.75,1606.2,1517.411318359375,5.1099999999999905,0.40519486150721207,611200,True,False
BIPP.JK,69.0,69.33333333333333,69.4,68.1,67.55,66.2,67.8,3.200000000000003,1.4770088482466315,47751700,True,True
BIPI.JK,149.0,152.33333333333334,149.6,149.1,149.1,144.44,169.02,7.893333333333345,3.1409790562056736,1135345900,False,False
BINO.JK,119.0,119.66666666666667,119.8,118.6,116.4,109.14,108.6,10.659999999999997,1.011122993934275,847500,False,False
BINA.JK,4120.0,4160.0,4162.0,4190.0,4170.0,4085.4,4013.7,10.45999999999999,3.078291680843782,156600,False,False
BIKE.JK,965.0,953.3333333333334,889.0,846.5,696.4,584.56,548.78,76.08800000000001,11.392400438997084,524300,False,False
BHIT.JK,27.0,26.333333333333332,25.8,25.6,25.5,25.64,27.73,1.5,2.4762381598027137,30831900,True,False
BHAT.JK,1770.0,1770.0,1770.0,1770.0,1770.0,1770.0,1532.05,0.0,0.0,0,True,False
BGTG.JK,121.0,120.66666666666667,121.8,121.4,115.8,112.54,113.67,9.259999999999991,2.878000547565111,13799500,False,False
BFIN.JK,1010.0,1013.3333333333334,1001.0,975.0,933.25,867.4,791.7095776367188,29.186666666666678,3.2062737254468296,12137600,False,False
BEST.JK,129.0,132.66666666666666,134.2,134.3,126.5,112.14,107.62,22.16000000000001,4.241902932366088,64965100,False,False
BESS.JK,910.0,910.0,910.0,905.0,906.25,907.8,969.9229327392578,1.0,1.525157842531982,7100,True,False
BELL.JK,113.0,114.33333333333333,114.2,114.0,114.2,113.5,117.08,1.3333333333333286,1.5797147697315665,259369200,True,False
BELI.JK,304.0,307.3333333333333,322.0,322.2,292.5,273.72,303.78,24.23999999999998,12.442914776690564,9970700,False,False
BEKS.JK,23.0,23.333333333333332,23.4,23.2,23.25,22.0,22.86,1.3999999999999986,2.83854967061306,19271800,True,True
BEER.JK,81.0,80.66666666666667,80.8,82.5,80.85,78.64,91.95,3.8599999999999994,4.336081881352928,14541800,False,False
BEEF.JK,438.0,437.3333333333333,441.6,444.6,450.9,371.72,273.94,39.589999999999975,2.188902370293749,4401700,False,False
BDMN.JK,4430.0,4460.0,4448.0,4399.0,4327.5,4208.8,4193.6,25.119999999999983,1.8341010894110574,3181800,False,False
BDKR.JK,157.0,157.66666666666666,156.8,156.1,158.4,154.32,149.83304649353028,4.0800000000000125,1.047965175799318,4355800,True,True
BCIP.JK,63.0,63.0,63.0,62.8,63.05,62.02,64.26,1.029999999999994,0.7543148178959932,3522600,True,False
BCIC.JK,132.0,132.33333333333334,133.2,135.3,132.35,126.96,124.19,8.340000000000018,2.7747395989076034,200400,False,False
BCAP.JK,50.0,50.0,50.0,50.0,50.0,50.04,50.47,0.03999999999999915,0.0,209700,True,False
BBYB.JK,254.0,260.0,262.8,264.0,257.5,247.32,258.04,8.340000000000003,2.7468681521796245,35226300,False,False
BBTN.JK,1210.0,1226.6666666666667,1231.0,1235.0,1224.0,1212.9,1248.15,5.0,1.4368694369107406,14236200,True,False
BBSS.JK,92.0,94.66666666666667,97.0,99.6,101.7,98.4,117.14,9.700000000000003,3.057190239290105,5594900,False,False
BBSI.JK,4610.0,4650.0,4660.0,4668.0,4664.5,4673.4,4633.0,6.339999999999963,0.4492324949515804,400,False,False
BBRM.JK,128.0,125.66666666666667,123.4,120.1,117.55,117.24,120.98,10.760000000000005,2.889924104279615,12703200,False,False
BBRI.JK,3320.0,3383.3333333333335,3382.0,3353.0,3246.5,3062.8,3034.91,32.05333333333333,1.8070451316226448,194894800,False,False
BBNI.JK,3800.0,3830.0,3868.0,3871.0,3758.5,3608.4,3633.7,26.25999999999999,1.259994793447658,37595400,False,False
BBMD.JK,2000.0,1993.3333333333333,1977.0,1988.0,1988.5,1972.7,1951.5361022949219,5.459999999999991,1.4767425350759784,17100,True,False
BBLD.JK,660.0,666.6666666666666,675.0,683.5,666.5,611.9,618.4837634277344,14.320000000000004,2.748106310079771,1100,False,False
BBKP.JK,53.0,53.666666666666664,53.8,54.2,54.55,53.66,55.24,1.5499999999999972,1.0453025704436307,150288200,True,False
BBHI.JK,895.0,898.3333333333334,899.0,897.5,900.0,910.6017736816407,968.6640948486328,3.120354736328136,1.365424446377433,17122900,True,False
BBCA.JK,6425.0,6541.666666666667,6590.0,6592.5,6467.70751953125,6330.075263671875,6140.006723632812,10.49698945312499,1.458942449972677,196819200,False,False
BAYU.JK,1340.0,1348.3333333333333,1350.0,1349.5,1300.25,1210.8,1191.7481408691406,27.84000000000001,1.3650520734200633,101500,False,False
BAUT.JK,39.0,39.333333333333336,38.4,37.8,37.2,32.6,30.78,6.733333333333334,4.230442010631573,16256800,False,False
BATR.JK,92.0,93.0,93.2,93.5,94.5,91.46,89.16724151611328,3.0400000000000063,0.9809178487152098,1707200,True,True
BATA.JK,59.0,59.0,59.0,59.0,59.0,59.0,60.86,0.0,0.0,0,True,False
BAPI.JK,25.0,23.0,21.6,20.0,19.5,17.9,19.97,7.100000000000001,4.601793717294876,55353100,False,False
BAPA.JK,134.0,136.66666666666666,137.2,147.4,146.05,203.1,218.66,69.1,8.05463707905444,8311300,False,False
BANK.JK,264.0,266.6666666666667,268.8,272.8,271.8,276.96,335.44,6.47999999999999,1.8525886002795866,2466300,False,False
BALI.JK,1290.0,1306.6666666666667,1305.0,1349.5,1297.75,1259.6,1254.9,17.980000000000018,4.905767713680433,6800,False,False
BAJA.JK,294.0,301.3333333333333,291.2,288.8,299.6,252.58,201.82,24.37666666666665,6.779746305722487,9969700,False,False
BAIK.JK,264.0,269.3333333333333,267.2,268.0,295.5,530.98,565.18,133.49,3.1539703927594127,10057100,False,False
BACA.JK,119.0,119.33333333333333,119.4,119.9,118.3,113.7,118.83,6.200000000000003,1.4660236373882691,1887500,False,False
BABY.JK,206.0,211.33333333333334,210.4,212.4,217.5,197.04,200.65,10.230000000000004,2.0492435560084807,1391600,False,False
BABP.JK,50.0,50.0,50.0,50.0,50.0,50.0,50.37,0.0,0.0,5454100,True,False
AYLS.JK,153.0,158.0,157.2,155.1,154.7,154.58,155.13,5.0,2.4458053227936585,2366300,True,False
AYAM.JK,478.0,487.3333333333333,488.4,485.8,478.1,426.84,378.66,30.78,1.362008529879897,24297200,False,False
AXIO.JK,117.0,116.66666666666667,115.8,116.0,115.05,112.98,110.5305950164795,4.019999999999996,1.07725409964585,1046700,True,True
AWAN.JK,163.0,164.0,165.8,167.9,165.75,156.66,152.35,11.240000000000009,2.166257563747613,144000,False,False
AVIA.JK,356.0,365.3333333333333,366.8,366.8,356.4,336.72,341.82,15.039999999999992,2.170445564392296,12342200,False,False
AUTO.JK,3320.0,3333.3333333333335,3334.0,3367.0,3194.0,2852.8,2683.4763647460936,51.41999999999998,1.1328438635463636,2105200,False,False
ATLA.JK,50.0,50.0,50.0,50.0,50.0,50.04,50.42271030426026,0.03999999999999915,0.0,225000,True,False
ATIC.JK,466.0,466.6666666666667,466.0,466.2,465.4,470.32,487.05,2.460000000000008,1.2030063672207947,186600,True,False
ATAP.JK,565.0,561.6666666666666,559.0,555.5,575.0,549.56,497.7,5.088000000000011,2.231560857574127,1334400,True,True
ASSA.JK,615.0,633.3333333333334,639.0,638.5,634.5,619.0,646.74453125,4.8,1.8003210599052109,34190900,True,False
ASRM.JK,286.0,284.0,283.2,280.2,276.2,266.08,264.9651861572266,9.960000000000008,1.1798570064058478,13800,False,False
ASRI.JK,129.0,128.0,128.0,127.3,126.1,121.68,120.29960487365723,7.319999999999993,1.4525869473240294,11426500,False,False
ASPR.JK,143.0,145.0,145.6,149.3,152.65,150.46,201.1463023376465,9.650000000000006,1.2012210099367882,14272600,False,False
ASPI.JK,482.0,495.6666666666667,462.6,435.7,414.15,426.36,408.47,40.758333333333354,8.396418794998759,1451700,False,False
ASMI.JK,16.0,16.333333333333332,15.8,15.5,15.85,16.4,16.63,0.8999999999999986,6.108846294141371,12318900,False,False
ASLI.JK,420.0,406.0,398.8,361.0,294.8,236.68,256.79,91.66,7.911684622599811,160734800,False,False
ASLC.JK,67.0,67.33333333333333,67.8,68.1,65.9,63.78,66.13,4.319999999999993,2.7437283260998964,7294700,True,True
ASJT.JK,162.0,161.66666666666666,161.8,161.8,160.15,159.4,165.4056881713867,2.5999999999999943,0.9435839919566119,159200,True,False
ASII.JK,4870.0,4883.333333333333,4892.0,4887.0,4834.5,4909.0,5109.26505859375,7.45,2.0884189362906307,36057400,False,False
ASHA.JK,58.0,58.666666666666664,58.2,58.0,58.55,57.64,61.99,1.0266666666666637,1.9748328508776498,32934100,True,False
ASGR.JK,2140.0,2153.3333333333335,2158.0,2173.0,2009.0,1889.1,1716.6466577148437,28.390000000000008,2.8659821190186703,955100,False,False
ASDM.JK,520.0,515.0,516.0,515.5,513.25,511.7151452636719,506.69869415283205,1.65697094726562,1.3376395291863428,14500,True,False
ASBI.JK,400.0,401.3333333333333,401.2,400.6,407.4,415.48,410.5316052246094,7.740000000000009,2.5011551964151164,16200,False,False
ARTO.JK,1005.0,1011.6666666666666,1021.0,1013.5,1054.0,1144.0,1138.5,27.8,2.201079098615076,23481100,False,False
ARTA.JK,2320.0,2323.3333333333335,2326.0,2296.0,2293.0,2416.8,2427.55,12.380000000000019,1.8936956724264438,200,False,False
ARNA.JK,515.0,513.3333333333334,512.0,506.8,499.5,486.12,472.06,5.775999999999999,0.6728068097958532,4025500,True,True
ARKO.JK,4700.0,4763.333333333333,4756.0,4829.0,5044.5,4913.0,6007.95,34.45,1.4392520083702258,1910600,False,False
ARKA.JK,22.0,22.0,22.0,22.0,22.0,22.0,25.3,0.0,0.0,0,True,False
ARII.JK,304.0,306.6666666666667,308.4,302.0,294.7,282.28,282.42,13.060000000000002,1.3739296036196211,440100,False,False
ARGO.JK,1175.0,1173.3333333333333,1173.0,1165.5,1158.75,1116.3,1015.75,11.740000000000009,0.7355505627553613,181000,False,False
AREA.JK,332.0,338.6666666666667,337.6,338.0,316.8,284.24,275.02,27.21333333333334,2.7141849931558744,4357900,False,False
ARCI.JK,1320.0,1326.6666666666667,1326.0,1327.5,1329.5,1170.8,1208.3722094726563,31.74000000000001,2.7578679217495377,32942700,False,False
APLN.JK,128.0,131.33333333333334,132.8,134.4,135.1,129.7,141.3,7.099999999999994,1.655503203522794,32859300,False,False
APLI.JK,280.0,278.0,277.6,276.0,270.9,257.2,244.4819256591797,11.400000000000006,1.6250130994799556,703700,False,False
APII.JK,192.0,192.33333333333334,192.2,191.9,190.6,186.85736267089842,183.96417556762697,5.475970662434918,0.3845988246698334,5400,True,False
APIC.JK,498.0,506.0,507.6,509.3,523.65,599.76,886.93,50.879999999999995,1.6678760766030205,1622400,False,False
APEX.JK,204.0,207.33333333333334,205.2,200.9,192.1,165.28,159.86,21.02666666666667,2.305485413225804,17202100,False,False
ANTM.JK,3270.0,3183.3333333333335,3150.0,3127.0,3125.0,3034.2,3042.4551977539063,23.58000000000002,2.2197221307961548,255111300,False,False
ANJT.JK,1595.0,1600.0,1598.0,1598.5,1572.75,1506.4,1572.5,18.71999999999998,0.6489164683774293,201100,False,False
ANDI.JK,22.0,22.333333333333332,21.2,19.0,18.1,17.78,19.17,4.553333333333331,5.077741070413067,13786600,False,False
AMRT.JK,1300.0,1306.6666666666667,1309.0,1319.0,1352.0,1365.1,1359.3076477050781,13.019999999999982,1.2927238772600074,23188500,False,False
AMOR.JK,372.0,373.3333333333333,370.4,363.4,360.5,348.52,344.48,12.406666666666666,1.1555108822008398,187300,False,False
AMMS.JK,222.0,219.33333333333334,218.0,221.0,201.55,250.16,309.24,24.304999999999993,6.115673548558502,1002100,False,False
AMMN.JK,4810.0,4796.666666666667,4638.0,4499.0,4426.5,4119.0,4036.6,69.1,3.0271963496633574,77192900,False,False
AMIN.JK,242.0,243.33333333333334,242.4,242.8,242.1,243.24,247.88,0.6666666666666714,1.4666923981740678,90900,True,False
AMFG.JK,3330.0,3330.0,3330.0,3330.0,3330.0,3235.4312744140625,3134.239765625,9.45687255859375,0.0,2100,False,False
AMAR.JK,234.0,233.33333333333334,234.0,234.4,229.8,215.9619174194336,201.2439991760254,9.2190412902832,1.00815287015998,367600,False,False
AMAN.JK,226.0,230.0,231.2,229.0,232.3,247.72,253.88,10.86,2.07877666290294,385900,False,False
AMAG.JK,388.0,388.0,388.8,389.2,389.2,389.12,393.52977630615237,0.5999999999999943,0.29167042642255225,64200,True,False
ALKA.JK,4980.0,4543.333333333333,4276.0,4383.0,4114.0,2403.6,1489.17,257.64,6.9080013128668165,92800,False,False
ALII.JK,790.0,793.3333333333334,788.0,783.0,792.25,763.7,801.8491381835937,5.926666666666665,1.7832841899052536,1393400,True,False
ALDO.JK,940.0,941.6666666666666,942.0,942.0,927.5,828.9797827148437,746.7989208984375,22.604043457031253,1.4345533913653536,48400,False,False
AKSI.JK,292.0,294.6666666666667,300.0,275.4,253.7,236.28,245.42,31.86,10.06439974449961,2300000,False,False
AKRA.JK,1520.0,1531.6666666666667,1486.0,1444.5,1418.0,1375.1119580078125,1340.796368408203,31.310941731770846,3.4435979427266226,31382800,False,False
AKPI.JK,540.0,535.0,535.0,527.0,516.45,503.62,505.20114044189455,7.275999999999999,1.7409984247475172,635200,False,False
AKKU.JK,38.0,38.0,38.0,38.0,38.0,38.0,38.0,0.0,0.0,0,True,False
AISA.JK,116.0,116.66666666666667,117.2,118.2,118.8,113.9,112.65,4.8999999999999915,0.9600429394533029,3939600,True,True
AIMS.JK,486.0,503.6666666666667,511.2,485.6,434.8,409.56,411.14,50.81999999999999,8.881527560251055,1455300,False,False
AHAP.JK,98.0,100.0,101.0,100.5,100.1,96.0,95.04,5.0,2.7591829808277257,22115700,True,True
AGRS.JK,60.0,61.666666666666664,62.4,62.2,61.55,61.14,63.17,2.3999999999999986,2.2756352590082547,7207400,True,False
AGRO.JK,150.0,151.66666666666666,152.6,151.5,150.35,147.26,156.73,5.340000000000003,1.4383004316174228,4766800,True,False
AGII.JK,3180.0,3043.3333333333335,3024.0,3000.0,2936.5,2937.2,2883.9611083984373,24.35,2.651236954778908,688200,False,False
AGAR.JK,1760.0,1605.0,1522.0,1648.0,1708.5,1041.96,635.76,143.608,8.083742159508905,303900,False,False
AEGS.JK,49.0,50.0,48.8,47.6,45.3,42.72,44.58,7.280000000000001,3.5713265893109254,12385100,False,False
ADRO.JK,2670.0,2683.3333333333335,2694.0,2715.0,2642.5,2530.8,2441.988818359375,18.41999999999998,3.0064947571995253,22343200,False,False
ADMR.JK,1645.0,1651.6666666666667,1651.0,1665.5,1664.0,1566.8,1595.8213330078124,19.74000000000001,2.849866890531951,35971600,False,False
ADMG.JK,268.0,271.3333333333333,273.2,266.8,261.9,236.66,219.82,18.269999999999996,3.663423678890824,1496500,False,False
ADMF.JK,8700.0,8708.333333333334,8715.0,8720.0,8698.75,8475.0,8411.5,9.8,0.1912965425067536,144100,False,False
ADHI.JK,133.0,133.0,133.0,133.0,135.5,148.62,162.07,15.620000000000005,0.0,0,False,False
ADES.JK,31275.0,31366.666666666668,31490.0,31800.0,32282.5,33601.0,28260.75,93.04,0.24291568893734872,12300,False,False
ADCP.JK,50.0,50.0,50.0,50.0,50.0,50.0,50.18,0.0,0.0,0,True,False
ACST.JK,127.0,117.0,108.4,97.9,91.8,85.92,85.6,41.08,3.8718732700494876,8408800,False,False
ACRO.JK,66.0,66.66666666666667,66.6,66.3,64.7,62.4,63.037722740173336,4.266666666666673,2.1246880317886294,7561000,True,True
ACES.JK,352.0,354.0,355.6,355.4,356.7,352.16,341.73639099121095,2.3499999999999943,0.8861239112137473,17515400,True,True
ABMM.JK,2890.0,2896.6666666666665,2894.0,2834.0,2760.5,2584.4,2583.3133203125,31.22666666666664,1.3653057204670578,861200,False,False
ABDA.JK,5000.0,5050.0,4798.0,4379.0,4096.5,3718.2,3491.8,133.18,4.568941777824896,17700,False,False
ABBA.JK,30.0,30.0,30.0,30.0,30.0,30.0,33.53,0.0,0.0,0,True,False
AALI.JK,8425.0,8516.666666666666,8495.0,8385.0,8083.75,7193.0,7086.76927734375,52.946666666666644,1.9775670523251059,2086800,False,False
AADI.JK,12275.0,12158.333333333334,11885.0,11317.5,10526.25,9425.5,9038.41482421875,113.98,2.962478614995181,27130000,False,False
