Ticker,Close,MA3,MA5,MA10,MA20,MA50,MA100,Range_Ticks,Vol_Pct,Volume,MA_Tight,Signal
ZYRX.JK,129.0,129.66666666666666,130.4,130.3,130.15,128.16,131.78775177001953,2.240000000000009,1.7427860035987317,167600,True,False
ZONE.JK,720.0,716.6666666666666,718.0,737.0,728.25,656.8,519.5996002197265,16.04000000000001,5.294802728250767,30200,False,False
ZINC.JK,30.0,30.0,30.0,30.0,30.0,30.0,30.0,0.0,0.0,0,True,False
YUPI.JK,1350.0,1330.0,1329.0,1363.33583984375,1335.516455078125,1313.4893115234374,1372.3524060058594,9.969305664062494,1.6323936970174553,63200,False,False
YULE.JK,3580.0,3563.3333333333335,3582.0,3567.0,3522.5,3426.8,3386.2982177734375,15.519999999999982,1.8729383809371374,142500,False,False
YPAS.JK,1325.0,1366.6666666666667,1426.0,1446.0,1379.75,918.9,906.9,105.42,4.693854673156597,53300,False,False
YOII.JK,81.0,81.33333333333333,81.4,81.6,82.3,84.14,86.32,3.1400000000000006,0.90807288442481,2742600,True,False
YELO.JK,102.0,101.33333333333333,103.0,99.2,94.5,84.84,85.73,18.159999999999997,5.960100825399205,80005300,False,False
WTON.JK,81.0,80.33333333333333,80.6,80.8,80.75,76.5,79.06815185546876,4.5,1.2879582729442203,2558300,True,True
WSBP.JK,14.0,14.0,14.0,14.0,14.0,14.0,15.03,0.0,0.0,0,True,False
WOWS.JK,58.0,58.666666666666664,59.0,59.7,60.15,59.28,62.95,2.1499999999999986,3.2428837642304207,40497400,True,False
WOOD.JK,210.0,208.66666666666666,209.6,208.6,211.2,211.72,239.54,1.5600000000000023,2.4728567164871276,1633400,True,False
WOMF.JK,288.0,285.3333333333333,282.0,280.0,277.8,262.2,271.26,12.900000000000006,1.4409961752983995,226500,False,False
WMUU.JK,50.0,50.0,50.0,50.0,51.5,51.76,56.67,1.759999999999998,0.0,956700,True,False
WIRG.JK,73.0,73.66666666666667,74.8,74.8,72.2,62.1,64.57,12.699999999999996,2.8680277873825175,60636500,False,False
WINS.JK,570.0,571.6666666666666,568.0,554.5,535.75,526.6,521.6901089477539,9.013333333333321,1.7697113716164188,898800,False,False
WINR.JK,31.0,29.0,27.0,23.6,23.75,22.04,24.49,8.96,4.879378859706648,44216700,False,False
WINE.JK,134.0,133.66666666666666,134.0,131.7,132.6,141.7,153.41759521484374,10.0,3.2676468389774955,407600,False,False
WIIM.JK,1625.0,1623.3333333333333,1639.0,1649.5,1690.5,1657.0,1660.040245361328,13.433333333333348,1.8060021418536663,2364300,False,False
WIFI.JK,2110.0,2103.3333333333335,2098.0,2089.0,2050.0,1945.513662109375,1982.274207763672,16.4486337890625,1.944934690835651,24273600,False,False
WIDI.JK,29.0,27.0,26.8,26.8,26.2,26.18,27.43,2.8200000000000003,5.0644365929936885,35283200,False,False
WGSH.JK,156.0,158.66666666666666,159.2,158.7,168.85,154.02,133.39,14.829999999999984,4.059482903756698,67170900,False,False
WEHA.JK,113.0,112.33333333333333,111.8,110.6,109.25,105.66,111.12975212097167,7.340000000000003,0.7588908587422983,28946000,False,False
WEGE.JK,52.0,52.666666666666664,53.2,53.7,55.2,52.08,52.54,3.200000000000003,0.8948801601491302,8688400,True,False
WAPO.JK,173.0,172.33333333333334,172.8,169.8,154.85,132.68,128.37,40.31999999999999,2.580403266827554,386700,False,False
VTNY.JK,79.0,78.33333333333333,78.6,79.5,78.35,68.48,66.51,11.019999999999996,3.960507416237908,39380000,False,False
VRNA.JK,99.0,99.33333333333333,99.8,87.2,80.85,77.42,77.59,22.379999999999995,10.8896436949435,10044900,False,False
VOKS.JK,236.0,236.66666666666666,236.8,232.0,230.6,214.28,212.54,11.260000000000005,2.8966187013610023,203300,False,False
VKTR.JK,855.0,870.0,878.0,908.5,888.25,769.86,767.48,27.727999999999998,4.440318232491361,87548700,False,False
VIVA.JK,46.0,46.666666666666664,47.4,48.6,51.5,43.64,41.69,7.859999999999999,5.212087639582505,13525400,False,False
VISI.JK,980.0,973.3333333333334,973.0,983.5,959.75,931.4,908.45,10.420000000000005,1.1758534501007947,268300,False,False
VINS.JK,142.0,144.0,143.2,142.5,142.8,140.32,144.62,3.680000000000007,1.6810425078926847,6635100,True,False
VICO.JK,161.0,155.33333333333334,154.4,153.5,148.8,141.98,146.28,19.02000000000001,2.9511157005380344,7959700,False,False
VICI.JK,1050.0,1000.0,955.0,889.0,766.75,667.8,620.3047378540039,76.44000000000001,5.059049834476319,10037500,False,False
VERN.JK,230.0,235.33333333333334,237.2,244.2,235.9,203.36,167.67,20.419999999999987,3.19751198798265,12153000,False,False
VAST.JK,113.0,113.66666666666667,113.6,113.3,114.05,114.82,118.54,1.8199999999999932,0.8788317458631625,1312700,True,False
UVCR.JK,161.0,154.33333333333334,151.4,147.2,144.95,142.98,170.83446823120119,18.02000000000001,4.056215605845153,102588000,False,False
URBN.JK,224.0,224.0,225.6,222.6,217.9,217.04,209.02,4.280000000000001,1.707779017366447,142500,True,False
UNVR.JK,1675.0,1673.3333333333333,1683.0,1709.5,1746.75,1740.7,1675.5417224121093,14.683333333333348,0.9284995699281793,8950100,False,False
UNTR.JK,26000.0,25725.0,25485.0,25072.5,24355.0,24591.0,25039.3873046875,65.8,2.36062963391755,5932800,False,False
UNTD.JK,84.0,83.33333333333333,83.0,82.7,82.7,79.36,78.64,4.640000000000001,1.5365284082064383,12133200,True,True
UNSP.JK,206.0,206.0,206.0,206.0,206.0,206.0,248.92,0.0,0.0,0,True,False
UNIQ.JK,123.0,123.0,123.4,121.8,118.65,112.48,113.0,10.920000000000002,1.7663436787663613,943100,False,False
UNIC.JK,15175.0,15066.666666666666,15035.0,15012.5,15062.5,14004.5,13066.40375,46.82,0.4515147106331273,18200,False,False
ULTJ.JK,1550.0,1536.6666666666667,1522.0,1507.0,1504.0,1449.1,1474.55,20.180000000000017,1.103572366578208,7823100,False,False
UFOE.JK,147.0,147.66666666666666,147.8,146.3,144.1,139.38,141.41,8.420000000000016,1.1714733769288643,201300,False,False
UDNG.JK,730.0,813.3333333333334,899.0,1144.5,1225.25,1241.8,1237.8,102.35999999999999,6.981044251344562,17694300,False,False
UCID.JK,520.0,513.3333333333334,519.0,512.1,481.65,425.22,403.992216796875,18.955999999999996,2.0843520429679083,801800,False,False
UANG.JK,4340.0,4093.3333333333335,3612.0,3041.0,2736.0,2505.9,2736.5,183.41,10.502015515273735,6574700,False,False
TYRE.JK,115.0,113.66666666666667,113.8,113.2,113.1,112.92,112.11,2.0799999999999983,0.939830433321997,1392300,True,True
TUGU.JK,1355.0,1340.0,1344.0,1350.0,1346.0,1270.9,1211.668798828125,16.819999999999983,1.592532986247222,1699100,False,False
TSPC.JK,2750.0,2746.6666666666665,2746.0,2746.0,2752.5,2690.4,2563.6,6.209999999999991,0.6024236779628428,304100,False,False
TRUS.JK,450.0,452.6666666666667,448.4,444.0,437.5,438.18413208007814,364.30529144287107,7.583333333333343,1.7708694174341166,173200,False,False
TRUK.JK,1075.0,1075.0,1032.0,925.0,829.75,603.92,528.86,94.21600000000001,8.246100278109024,0,False,False
TRUE.JK,50.0,50.0,50.0,50.0,50.0,50.0,79.87,0.0,0.0,0,True,False
TRST.JK,480.0,467.3333333333333,464.4,464.6,462.3,467.71916564941404,465.7585369873047,8.849999999999994,1.4390839277686938,86300,False,False
TRON.JK,104.0,103.33333333333333,103.6,101.7,101.2,103.12,107.74,2.799999999999997,2.2572224485128762,44321200,True,False
TRJA.JK,130.0,130.66666666666666,131.0,128.9,124.0,115.86,119.51,15.14,1.7699258933776194,238800,False,False
TRIS.JK,175.0,177.0,177.0,176.4,173.95,168.7,169.73350189208983,8.300000000000011,0.8575772914318223,1903600,False,False
TRIN.JK,394.0,398.0,392.8,365.4,342.7,335.72,440.3,31.139999999999986,6.517129206217318,22268300,False,False
TRIM.JK,715.0,721.6666666666666,713.0,673.0,637.25,599.8,568.3418499755859,24.373333333333335,3.4965612991567334,1353700,False,False
TRGU.JK,176.0,177.33333333333334,175.8,175.2,172.75,167.8,173.7,9.533333333333331,2.679799517079618,727700,False,False
TPMA.JK,490.0,490.6666666666667,491.6,478.6,468.7,456.52,473.33,17.54000000000002,1.5740137452566627,1315200,False,False
TPIA.JK,1935.0,1953.3333333333333,1973.0,1975.5,1991.25,1994.4,2736.698369140625,11.880000000000019,1.7696077048175114,122353400,False,False
TOWR.JK,484.0,468.6666666666667,459.6,457.8,438.7,410.12,412.82896484375,36.94,2.0269951909446955,103821400,False,False
TOTO.JK,242.0,240.66666666666666,240.0,237.8,235.8,237.28,238.47016723632814,3.0999999999999943,0.5874201712769916,210200,True,False
TOTL.JK,1525.0,1515.0,1500.0,1497.0,1475.25,1253.5,1161.7301623535157,54.3,2.791827762174701,1774900,False,False
TOSK.JK,85.0,84.33333333333333,82.0,78.0,75.05,69.0,64.48,16.0,2.6743424916599867,63086700,False,False
TOOL.JK,72.0,72.66666666666667,71.2,68.8,67.7,66.54,68.09,6.126666666666665,3.338683397090176,36181100,False,False
TOBA.JK,580.0,580.0,588.0,597.0,561.5,492.0,490.16133544921877,21.0,4.308871519758958,13568700,False,False
TNCA.JK,179.0,180.66666666666666,180.0,173.9,167.35,155.42,162.29,25.24666666666667,5.004613592922186,330400,False,False
TMPO.JK,168.0,168.0,169.6,184.8,187.25,143.5,130.02,43.75,6.0282538272734065,9163100,False,False
TMAS.JK,149.0,147.66666666666666,146.0,142.8,138.25,126.62,122.19092445373535,22.379999999999995,1.2819465271813153,19174600,False,False
TLKM.JK,2660.0,2640.0,2626.0,2611.0,2608.5,2602.0,2635.6404638671875,5.8,0.8721066516810002,119056300,True,True
TLDN.JK,635.0,638.3333333333334,643.0,612.5,586.5,551.1,556.2827722167968,18.379999999999995,2.9750932397839587,1008800,False,False
TKIM.JK,8225.0,8233.333333333334,8240.0,8192.5,8002.5,6881.9,6869.257915039063,54.32400000000001,2.111696673825217,1251300,False,False
TIRT.JK,590.0,590.0,590.0,590.0,590.0,590.0,546.92,0.0,0.0,0,True,False
TIRA.JK,418.0,415.3333333333333,415.6,411.8,415.2,473.36,586.88,30.78,0.6938276323763471,1025700,False,False
TINS.JK,4600.0,4493.333333333333,4398.0,4224.0,4097.0,3777.4,3596.8278125,82.25999999999999,3.062032631701451,59499900,False,False
TIFA.JK,328.0,328.0,328.4,329.0,331.6,294.12,302.54447875976564,18.74000000000001,3.3756155173032543,15600,False,False
TGKA.JK,4990.0,4990.0,4980.0,5001.0,5011.25,4921.5,4814.1570703125,8.975,2.054554919795964,1100,False,False
TFCO.JK,850.0,846.6666666666666,866.0,877.0,862.5,780.6,720.8,19.279999999999994,4.208443794468318,900,False,False
TFAS.JK,189.0,190.33333333333334,187.8,186.5,185.8,187.72,199.73,4.533333333333331,1.8241371741392738,309600,True,False
TEBE.JK,1795.0,1753.3333333333333,1726.0,1717.0,1610.25,1268.9,1192.8,105.21999999999998,3.6357661204922955,14300600,False,False
TCPI.JK,2250.0,2286.6666666666665,2294.0,2333.0,2655.0,4439.469248046875,7460.93205078125,218.94692480468748,5.504644424286972,2347200,False,False
TCID.JK,2580.0,2583.3333333333335,2588.0,2624.0,2652.5,2716.2,2775.3,13.619999999999981,1.7811492115880383,14400,False,False
TBMS.JK,1225.0,1216.6666666666667,1214.0,1223.5,1214.5,1208.0,1233.9142260742187,3.4,1.8492343477788695,46300,True,False
TBLA.JK,630.0,631.6666666666666,634.0,630.0,628.0,628.4,619.4911685180664,1.2,0.9742077897386143,1325800,True,True
TBIG.JK,1530.0,1520.0,1517.0,1496.0,1453.5,1431.9,1464.5275354003907,19.619999999999983,1.7157165881357086,194200,False,False
TAYS.JK,50.0,50.0,50.0,50.0,50.0,50.0,53.02,0.0,0.0,0,True,False
TAXI.JK,14.0,14.0,13.8,13.5,14.0,13.34,14.39,0.6600000000000001,5.4957263600898285,39033600,False,False
TARA.JK,33.0,31.333333333333332,30.6,29.9,29.95,30.08,30.11,3.1000000000000014,2.8236025601014116,1398600,True,True
TAPG.JK,2450.0,2356.6666666666665,2330.0,2250.0,2051.0,1779.6382055664062,1669.9810424804687,67.03617944335937,4.38867574460006,52225800,False,False
TAMU.JK,28.0,27.666666666666668,27.8,27.1,26.45,22.52,23.39,5.48,3.6607111235401364,12000700,True,True
TAMA.JK,199.0,197.0,197.2,209.2,232.6,209.98,194.56,35.599999999999994,5.879418623570252,2013700,False,False
TALF.JK,700.0,703.3333333333334,704.0,708.0,737.5,701.2856140136719,698.5405206298828,7.5,3.316445170367411,147300,False,False
SWID.JK,120.0,119.33333333333333,119.8,119.0,116.1,104.48,100.97605400085449,15.519999999999996,1.913479250343847,10236800,False,False
SURI.JK,85.0,84.33333333333333,83.0,81.8,79.6,72.3,71.38,12.700000000000003,1.8727263924066027,5057500,False,False
SURE.JK,3050.0,3123.3333333333335,3056.0,2837.0,2752.0,2760.6,2754.9,37.13333333333335,8.209395500329663,33500,False,False
SUPA.JK,525.0,520.0,521.0,523.5,532.75,561.5,667.5,8.3,1.7975296487160963,14085000,False,False
SUNI.JK,700.0,696.6666666666666,699.0,705.5,711.25,675.1921997070312,656.4614526367187,7.21156005859375,0.6704537504895031,540900,False,False
SULI.JK,90.0,89.0,89.4,90.3,91.55,87.88,89.05,3.6700000000000017,3.0237705215268535,4680800,True,True
STTP.JK,9400.0,9458.333333333334,9455.0,9437.5,9461.25,9722.0,9759.0,12.88,0.5683772496159898,1800,False,False
STRK.JK,64.0,65.0,66.0,67.8,64.9,66.18,79.05,3.799999999999997,2.388118601908086,8861400,True,False
STAR.JK,400.0,391.3333333333333,393.2,399.0,410.4,332.68,401.74,38.859999999999985,1.4237232459088458,54700,False,False
STAA.JK,1275.0,1268.3333333333333,1280.0,1248.0,1174.5,1096.2,1073.7755017089844,36.75999999999999,2.06788688237012,4346700,False,False
SSTM.JK,490.0,485.3333333333333,489.4,480.9,442.15,416.74,471.3,36.629999999999995,9.020195195772155,283100,False,False
SSMS.JK,1270.0,1236.6666666666667,1215.0,1088.5,994.75,932.2,967.4593542480469,67.55999999999999,6.45817995025157,8789900,False,False
SSIA.JK,1765.0,1786.6666666666667,1811.0,1850.5,1806.75,1691.0,1665.0318176269532,31.9,2.3760900213780154,28665200,False,False
SRTG.JK,1845.0,1826.6666666666667,1816.0,1847.0,1859.25,1753.2,1651.731142578125,21.20999999999999,1.9216259829179017,2814700,False,False
SRSN.JK,102.0,102.0,104.0,95.5,83.1,73.62,70.2,30.379999999999995,10.35884008883438,100867000,False,False
SRAJ.JK,13175.0,13183.333333333334,13250.0,13740.0,13810.0,12400.0,12751.0,56.4,5.367984706651023,600,False,False
SQMI.JK,105.0,101.33333333333333,100.2,87.9,74.75,66.58,56.86,38.42,12.992567588510582,1214307000,False,False
SPTO.JK,615.0,615.0,617.0,617.5,613.5,598.1,577.1789440917969,3.8799999999999955,0.5986282593894344,725900,True,False
SPRE.JK,102.0,97.0,95.0,93.1,91.1,87.22,84.87,14.780000000000001,3.361347740571509,22087100,False,False
SPMA.JK,173.0,172.33333333333334,171.0,169.0,167.0,166.57846130371092,162.9815380859375,6.421538696289076,0.5922882873292267,560000,False,False
SOUL.JK,37.0,37.0,37.0,37.0,37.0,37.0,40.68,0.0,0.0,0,True,False
SOTS.JK,620.0,611.6666666666666,611.0,619.0,635.75,616.3,721.35,4.95,2.5884231903068473,56200,True,False
SOSS.JK,990.0,1000.0,988.0,922.0,881.0,892.8,848.55,23.8,3.496200410230869,9100,False,False
SONA.JK,2350.0,2383.3333333333335,2398.0,2433.0,2571.0,2419.4,2287.657122802734,22.1,2.6516230714357234,200,False,False
SOLA.JK,93.0,92.66666666666667,93.0,92.4,91.65,97.3,105.29,5.6499999999999915,1.4671920508462575,4604000,True,False
SOHO.JK,1795.0,1706.6666666666667,1505.0,1353.0,1268.5,1214.8,1377.85,116.04,9.733763768128101,1399200,False,False
SOFA.JK,342.0,326.0,324.0,344.8,321.1,262.04,305.56,41.379999999999995,6.042514845608908,7090800,False,False
SOCI.JK,675.0,666.6666666666666,650.0,607.5,565.15,460.6805163574219,432.3981930541992,42.86389672851563,4.374489006025369,47552100,False,False
SNLK.JK,230.0,236.0,232.8,229.6,229.2,225.48,231.94,5.260000000000005,2.4418082049423298,10151500,True,False
SMSM.JK,1765.0,1756.6666666666667,1746.0,1730.5,1729.0,1705.3606787109375,1696.6987451171874,11.927864257812507,0.7548416418808321,2693700,False,False
SMRA.JK,334.0,336.6666666666667,334.8,326.2,325.9,314.56,305.22696060180664,11.053333333333342,1.447103266332888,17600000,False,False
SMMT.JK,2740.0,2663.3333333333335,2538.0,2271.5,2092.0,1930.2,1932.7,80.97999999999999,8.349348092546206,471400,False,False
SMMA.JK,20025.0,19691.666666666668,19895.0,19995.0,20063.75,20491.5,19370.75,31.993333333333286,2.6227697659394744,500,False,False
SMLE.JK,196.0,192.66666666666666,191.6,182.5,174.55,152.34,131.59,43.66,3.3733114785609044,41838300,False,False
SMKM.JK,109.0,109.33333333333333,109.8,109.8,104.25,82.3,82.28,27.5,3.576419205637456,1352300,False,False
SMKL.JK,159.0,157.66666666666666,157.6,152.0,149.75,143.52,145.76022872924804,15.47999999999999,2.18837253722025,2447200,False,False
SMIL.JK,460.0,447.3333333333333,437.2,424.4,404.0,368.8,321.38,45.599999999999994,1.6626402783021892,51831900,False,False
SMGR.JK,1730.0,1748.3333333333333,1765.0,1672.0,1604.5,1529.3,1686.2423120117187,47.14000000000001,5.931815570553804,20604300,False,False
SMGA.JK,90.0,90.0,89.4,86.5,82.3,74.48,76.21,15.519999999999996,2.3913175665770496,7904400,False,False
SMDR.JK,384.0,369.3333333333333,360.4,338.8,323.3,300.99676208496095,299.82783828735353,41.501618957519526,3.477188567035817,116910700,False,False
SMDM.JK,545.0,551.6666666666666,554.0,551.0,551.5,560.0,563.11,3.0,1.5084450617825667,100900,True,False
SMBR.JK,177.0,176.0,177.8,175.5,171.15,163.12,171.19025527954102,14.680000000000007,6.086073680662949,2405500,False,False
SMAR.JK,6500.0,6625.0,6670.0,6542.5,6143.75,5688.9,5421.493359375,39.244000000000014,2.851023782460167,176400,False,False
SLIS.JK,89.0,89.33333333333333,89.6,90.4,91.25,74.22,74.34,17.03,3.4562221792531,10961200,False,False
SKRN.JK,404.0,399.3333333333333,396.4,390.8,391.5,389.88,400.1505682373047,7.060000000000002,1.0890698339237548,596400,False,False
SKLT.JK,216.0,216.0,216.4,214.8,211.9,199.42,198.5414288330078,8.490000000000009,1.3480485584130883,72900,False,False
SKBM.JK,545.0,551.6666666666666,558.0,550.0,544.0,550.38,566.39,2.8,1.46200039293126,146600,True,False
SIPD.JK,930.0,935.0,929.0,931.5,839.5,748.9,793.55,37.220000000000006,6.0779623522063435,25400,False,False
SINI.JK,14250.0,14800.0,14720.0,12787.5,10138.75,8190.187666015625,10000.686298828125,264.392493359375,7.471885276139488,10919500,False,False
SIMP.JK,635.0,633.3333333333334,638.0,632.0,615.5,582.2719995117187,594.4748309326172,11.145600097656256,1.9393193649518896,9802500,False,False
SILO.JK,2080.0,2156.6666666666665,2154.0,2156.0,2227.0,2199.3,2281.95,14.7,2.384985280498851,1513900,False,False
SIDO.JK,352.0,354.6666666666667,355.6,354.8,352.2,362.72,394.4914562988281,5.360000000000014,1.1024483472429627,28128200,True,False
SICO.JK,117.0,116.66666666666667,115.8,115.2,112.55,109.58,111.75984619140625,7.420000000000002,1.7557110850081257,6609100,False,False
SHIP.JK,2620.0,2626.6666666666665,2512.0,2426.0,2341.5,2029.2,2194.5201782226563,59.74666666666665,6.197918071126596,59800,False,False
SHID.JK,855.0,795.0,696.0,620.5,589.75,590.4,649.45,53.05,10.565947604306972,2316200,False,False
SGRO.JK,4990.0,4976.666666666667,4976.0,4917.5,4823.75,3943.6066943359374,3589.3337329101564,104.63933056640626,1.2595092226973796,72800,False,False
SGER.JK,680.0,678.3333333333334,665.0,639.5,568.45,492.18,423.53,37.564,4.792200688728541,24902400,False,False
SFAN.JK,2050.0,2043.3333333333333,2040.0,2039.0,2027.0,1991.4,1974.4,5.8599999999999905,0.4513990232617524,162800,True,False
SEMA.JK,122.0,116.0,114.2,113.4,106.8,99.62,102.08,22.379999999999995,3.0532827746963025,23825000,False,False
SDRA.JK,216.0,218.66666666666666,221.2,222.0,220.8,216.2,226.98,3.0,1.2390806765440867,1481600,True,False
SDPC.JK,200.0,202.33333333333334,199.4,198.4,193.6,186.56,184.30600067138673,15.77333333333334,2.81493527180142,1070800,False,False
SDMU.JK,91.0,91.0,91.4,91.6,86.85,83.28,85.06,8.319999999999993,4.732189485934066,8356800,False,False
SCNP.JK,156.0,156.0,156.2,155.4,152.3,152.66,152.569150390625,3.8999999999999773,1.064566541765777,240100,True,False
SCMA.JK,204.0,202.66666666666666,204.0,203.2,205.15,204.86,213.93333145141602,1.2416666666666742,1.5407019761562757,27341900,True,False
SCCO.JK,2640.0,2583.3333333333335,2548.0,2449.0,2393.0,2322.0,2284.32365234375,31.8,2.8117497848393027,198400,False,False
SBMA.JK,110.0,110.66666666666667,110.0,109.1,108.4,107.74,110.44,2.9266666666666765,1.154751537595639,2190000,True,False
SATU.JK,252.0,250.0,248.4,246.0,250.5,261.56,263.38,7.780000000000001,1.248449237178341,1090500,False,False
SAPX.JK,326.0,285.3333333333333,282.8,254.6,234.6,221.06,224.06,52.47,10.960132279463926,10200900,False,False
SAMF.JK,326.0,321.3333333333333,318.8,309.0,296.4,285.48,288.872413482666,20.25999999999999,1.8637250987399268,602800,False,False
SAME.JK,306.0,312.0,313.6,316.0,304.7,307.28,317.68,5.650000000000006,3.1974443537267936,1242700,True,False
SAGE.JK,34.0,32.0,31.0,29.9,30.25,30.7,29.84,4.100000000000001,3.886208436458115,14390800,False,False
SAFE.JK,875.0,875.0,875.0,794.0,607.6,460.8,397.94,82.84,10.30740954140835,0,False,False
RUNS.JK,76.0,76.33333333333333,74.6,68.4,65.45,66.54,73.46,10.883333333333326,3.7895093799955473,4211100,False,False
RUIS.JK,208.0,207.33333333333334,208.8,207.4,206.4,200.70375,196.9846875,4.048124999999999,2.145779574959613,1107500,True,True
RSCH.JK,420.0,420.0,407.6,375.0,347.8,313.44,302.1,53.28,4.0463678492767094,33734600,False,False
ROTI.JK,585.0,588.3333333333334,586.0,585.0,585.0,595.0,597.45,2.0,0.5698297098452854,530700,True,False
RONY.JK,1540.0,1586.6666666666667,1521.0,1375.0,1303.75,1246.2,1272.1,68.09333333333333,8.057614956855772,97300,False,False
RODA.JK,64.0,63.0,63.0,63.3,64.95,62.6,64.27,2.3500000000000014,1.650211571810049,33009600,True,False
ROCK.JK,2070.0,2080.0,2074.0,2058.0,2094.0,1908.1,1990.6,18.59000000000001,2.456766560738563,36700,False,False
RMKO.JK,358.0,350.6666666666667,343.2,321.4,302.1,311.16,355.5,27.94999999999999,3.606029899870447,30694000,False,False
RMKE.JK,434.0,428.6666666666667,428.4,426.8,419.7,424.68,489.0608654785156,7.150000000000006,2.0063329970802215,83338500,False,False
RLCO.JK,4690.0,4753.333333333333,4698.0,4532.0,4487.5,4217.8,4111.4,53.553333333333285,2.4502929021366806,629200,False,False
RISE.JK,835.0,856.6666666666666,864.0,868.0,896.25,931.7,1154.2,19.34000000000001,2.6342526082119107,1588000,False,False
RIGS.JK,700.0,711.6666666666666,713.0,699.5,691.25,685.3,682.8,5.540000000000009,1.5282333949197344,77300,True,False
RICY.JK,80.0,80.0,79.6,79.5,79.45,78.6,82.47,1.4000000000000057,0.7995495940542845,3224200,True,False
RGAS.JK,118.0,118.0,118.6,144.3,175.7,199.8,157.96491287231444,81.80000000000001,7.530146089129251,27657000,False,False
RELI.JK,555.0,553.3333333333334,552.0,541.5,525.75,502.78,498.48,10.444000000000006,2.829907865964339,3400,False,False
RELF.JK,41.0,39.333333333333336,38.2,36.5,35.75,35.26,36.44,5.740000000000002,3.965650896963836,27918100,False,False
REAL.JK,50.0,50.0,50.0,50.0,50.9,50.71939987182617,51.60707450866699,0.8999999999999986,0.0,424000,True,False
RDTX.JK,13525.0,13475.0,13505.0,13522.5,13560.0,13674.5,14326.76662109375,7.98,2.3374537013331125,100,False,False
RCCC.JK,115.0,116.0,116.6,115.7,110.45,99.86,99.71,16.739999999999995,2.8439384456677095,664000,False,False
RBMS.JK,63.0,63.0,62.6,62.4,63.05,63.16,63.53,0.759999999999998,1.6663720242971893,9489500,True,False
RATU.JK,4640.0,4610.0,4566.0,4433.0,4469.0,4863.2,5061.4367578125,43.01999999999998,2.177476047469435,10760500,False,False
RANC.JK,555.0,550.0,547.0,540.5,531.0,526.1,532.77,5.779999999999996,1.4777912137343923,40200,True,False
RALS.JK,394.0,390.6666666666667,388.4,385.6,383.0,380.8,384.56888977050784,6.599999999999994,0.5356266905731344,2220500,False,False
RAJA.JK,825.0,820.0,817.0,815.5,825.75,854.7,808.292720336914,7.840000000000009,2.175856874776521,89316600,False,False
RAAM.JK,183.0,184.66666666666666,185.2,187.3,188.0,197.54,203.39,14.539999999999992,1.4642724581671076,780700,False,False
PZZA.JK,198.0,199.0,195.8,192.5,186.65,185.14,189.8121826171875,13.860000000000014,4.522532540708618,2082900,False,False
PYFA.JK,260.0,271.3333333333333,276.0,262.2,241.8,221.28,243.66,27.36,7.664673817962914,39822400,False,False
PWON.JK,276.0,278.0,278.0,275.8,269.1,264.0,271.18999847412107,7.0,1.8604254319129365,23814600,False,False
PURI.JK,156.0,154.66666666666666,153.4,152.7,147.05,140.68,144.88,15.319999999999993,1.9393069244433014,4011100,False,False
PURA.JK,33.0,32.333333333333336,32.0,31.9,32.15,31.52,32.24,1.4800000000000004,2.4993540687686924,8978000,True,True
PUDP.JK,274.0,273.3333333333333,274.4,273.6,280.9,292.16,303.6730978393555,9.413333333333355,0.5391719264964421,20900,False,False
PTSP.JK,1260.0,1265.0,1364.0,1206.5,1060.5,964.0,930.75,80.0,13.327270546783812,91500,False,False
PTSN.JK,296.0,296.6666666666667,299.6,300.0,294.2,270.76,268.1749070739746,14.620000000000005,1.6492903486812593,328100,False,False
PTRO.JK,5450.0,5441.666666666667,5385.0,5284.0,5250.0,4728.5,4680.35,28.86,2.918609518932853,20710800,False,False
PTPW.JK,1185.0,1190.0,1187.0,1181.0,1179.25,1172.1881396484375,1079.1533172607421,3.5623720703124944,0.6322747849193557,44300,True,False
PTPS.JK,167.0,167.0,166.4,162.9,158.7,146.22,145.79,20.78,1.9132838210734353,1791000,False,False
PTPP.JK,206.0,208.0,209.6,206.4,205.9,201.54,211.32,4.030000000000001,2.491255375093159,4664200,True,False
PTMP.JK,64.0,64.66666666666667,65.0,65.0,65.3,62.74,63.31,2.559999999999995,1.776199876282595,7259800,True,True
PTIS.JK,268.0,258.6666666666667,255.6,256.8,258.6,265.36,282.06,6.200000000000003,2.7898727591100667,1167500,False,False
PTBA.JK,3100.0,3036.6666666666665,2976.0,2786.0,2591.5,2457.6,2540.759411621094,64.24000000000001,2.176005297341784,104634100,False,False
PSSI.JK,360.0,355.3333333333333,352.0,340.0,334.6,320.12,314.90095947265627,19.939999999999998,2.1542579399251545,1049400,False,False
PSKT.JK,254.0,248.66666666666666,248.0,246.2,234.5,216.58,219.83,18.709999999999994,4.554869510807491,21670300,False,False
PSGO.JK,196.0,195.66666666666666,196.2,195.3,195.05,196.46,194.25554901123047,1.4099999999999966,1.0584674758002028,61500,True,False
PSDN.JK,148.0,143.66666666666666,141.0,137.9,136.05,125.98,134.07,22.019999999999996,3.153500830737034,15016900,False,False
PSAT.JK,890.0,895.0,898.0,895.5,895.25,859.3,861.9,7.740000000000009,1.0739880504984847,83700,False,False
PSAB.JK,585.0,571.6666666666666,573.0,585.0,580.2,488.66,452.223000793457,19.267999999999994,2.9302251627126754,74823000,False,False
PRIM.JK,121.0,122.0,120.0,119.4,116.8,106.38,94.72,15.620000000000005,2.046574906157532,3071200,False,False
PRDA.JK,2830.0,2803.3333333333335,2790.0,2708.0,2575.0,2483.8,2483.7036279296876,34.61999999999998,1.5047162188854422,872400,False,False
PRAY.JK,740.0,745.0,748.0,751.0,758.0,726.8,719.85,6.240000000000009,1.337440204695185,1600,False,False
PPRO.JK,16.0,15.666666666666666,15.8,15.7,16.35,16.72,17.38,1.0533333333333328,5.274304412625144,55327400,False,False
PPRI.JK,188.0,187.0,172.8,155.7,150.2,147.5,154.8,40.5,8.96201231431336,51312900,False,False
PPRE.JK,108.0,106.66666666666667,107.4,106.3,105.4,105.32,108.65,2.680000000000007,1.8077381144876146,33195800,True,False
PPGL.JK,468.0,468.0,443.6,384.4,301.6,243.56,223.91,112.22,4.65645523043544,0,False,False
POWR.JK,1005.0,951.6666666666666,934.0,928.5,881.0,784.3,740.9654888916016,44.14000000000001,4.114542523513495,52795600,False,False
PORT.JK,915.0,916.6666666666666,907.0,904.0,903.25,880.2,887.5,7.293333333333317,1.4132354214551108,15100,False,False
POLY.JK,32.0,32.0,32.0,32.0,32.0,32.0,32.0,0.0,0.0,0,True,False
POLU.JK,17800.0,17858.333333333332,18130.0,18597.5,15373.75,13541.0,13428.5,202.26,7.01320461577659,15300,False,False
POLI.JK,985.0,988.3333333333334,990.0,936.0,851.5,770.0,871.95,44.0,3.5598590407517583,31200,False,False
PNSE.JK,500.0,498.0,498.0,497.3,496.65,498.08,535.39,1.6750000000000114,1.397843097723359,6500,True,False
PNLF.JK,226.0,227.33333333333334,228.0,227.2,230.5,226.12,231.47,2.25,1.446341758199383,11937100,True,False
PNIN.JK,725.0,728.3333333333334,729.0,727.5,722.0,721.2,740.6,1.559999999999991,1.2549527598568815,462700,True,False
PNGO.JK,3590.0,3590.0,3548.0,3508.0,3517.5,3508.8,3510.9,8.2,0.8840925910016425,300,False,False
PNBS.JK,50.0,50.0,50.0,50.0,50.05,50.1,50.29,0.10000000000000142,0.0,160500,True,False
PNBN.JK,910.0,913.3333333333334,916.0,905.0,903.5,895.6,907.842767944336,4.079999999999996,0.9423972529683451,1899900,True,True
PMUI.JK,104.0,104.66666666666667,104.8,104.1,100.75,92.24,89.10755752563476,12.560000000000002,3.4943084531298214,1826700,False,False
PMJS.JK,149.0,149.0,148.8,146.4,133.8,118.8713461303711,117.29081695556641,30.128653869628906,4.11027127508095,2411200,False,False
PLAN.JK,80.0,73.33333333333333,67.4,56.3,47.7,41.6,43.11,38.4,4.1679149208464334,11204400,False,False
PKPK.JK,4500.0,4486.666666666667,4314.0,4012.0,3852.0,3691.4,3268.5,80.85999999999999,5.524282673779731,2387600,False,False
PJHB.JK,188.0,187.0,187.0,186.4,181.35,171.74,186.2,16.25999999999999,0.8873984359843804,7639600,False,False
PJAA.JK,468.0,465.3333333333333,466.0,464.6,461.5,458.2,466.69677490234375,4.900000000000006,0.9140573325394497,55500,True,False
PIPA.JK,222.0,217.0,209.4,205.5,176.35,141.5,133.96,40.25,7.078300489918621,214838100,False,False
PICO.JK,192.0,191.66666666666666,189.6,189.3,170.35,145.0,144.72,47.0,3.5104282659373243,4706000,False,False
PGUN.JK,9700.0,9708.333333333334,9725.0,9782.5,9241.25,8121.0,8119.189013671875,66.46,1.4586130843942855,47100,False,False
PGLI.JK,208.0,212.0,212.0,211.4,211.4,200.96,202.1,5.519999999999996,2.1370388536675855,399400,True,False
PGJO.JK,895.0,906.6666666666666,927.0,932.5,884.5,779.2,784.55,30.65999999999999,3.9319091828086847,499900,False,False
PGEO.JK,1035.0,1030.0,1033.0,1033.5,1048.25,1013.4,973.0597235107422,6.970000000000004,0.9350529704676578,9569300,False,False
PGAS.JK,1545.0,1535.0,1533.0,1533.0,1522.5,1497.4,1577.4554504394532,9.519999999999982,1.2039747170638224,21931600,False,False
PEVE.JK,312.0,320.0,320.0,316.8,317.6,320.24,339.88,4.1200000000000045,1.392843245441392,1047700,True,False
PEHA.JK,306.0,316.6666666666667,314.0,304.6,291.1,268.88,273.6774942016602,23.893333333333345,4.477997868217373,1252600,False,False
PEGE.JK,133.0,131.33333333333334,128.8,123.6,116.45,108.26731719970704,117.02457321166992,24.732682800292963,4.346253487338975,9769000,False,False
PDPP.JK,326.0,322.0,323.2,328.0,320.3,294.1441845703125,292.97239425659177,16.92790771484374,1.6550473799281002,192500,False,False
PDES.JK,384.0,382.0,384.0,389.4,388.4,399.76,450.35078125,8.879999999999995,3.533933077524799,183000,False,False
PCAR.JK,44.0,43.0,42.8,42.1,42.2,40.7,39.18,3.299999999999997,2.2949755275353967,4284100,True,True
PBSA.JK,790.0,801.6666666666666,807.0,819.0,825.0,782.3658703613281,799.9374353027343,8.526825927734375,1.8921953148867934,2541000,False,False
PBRX.JK,28.0,27.666666666666668,27.8,27.1,26.65,26.78,29.17,1.3500000000000014,3.461006274708011,6757500,True,False
PBID.JK,530.0,528.3333333333334,529.0,528.5,530.25,511.44,495.90180572509763,3.7620000000000005,1.1314572664331841,452000,True,False
PART.JK,105.0,105.66666666666667,108.2,112.2,105.9,104.53511856079102,104.57043922424316,7.664881439208983,3.436885956697772,6683000,False,False
PANS.JK,1665.0,1653.3333333333333,1633.0,1608.5,1581.25,1556.3,1531.51748046875,21.74000000000001,0.5752325444989672,140000,False,False
PANR.JK,428.0,429.3333333333333,429.6,428.6,426.6,416.84,444.7305880737305,6.380000000000024,0.9851239807036103,53400,False,False
PANI.JK,5850.0,5900.0,5975.0,5925.0,5981.25,6057.5,6853.9343359375,8.3,2.314095874609278,5430000,False,False
PAMG.JK,58.0,56.666666666666664,56.2,55.9,55.95,55.16,55.94,2.8400000000000034,1.476315040890888,129539900,True,True
PALM.JK,298.0,295.3333333333333,294.8,294.6,292.5,295.68,315.9295751953125,2.75,0.8532721899390961,101800,True,False
PADI.JK,72.0,72.0,72.2,72.7,71.85,72.59810592651367,83.18510948181152,0.8500000000000085,2.2147230533572313,157675400,True,False
PADA.JK,220.0,221.33333333333334,221.2,223.4,214.65,162.9,153.12,30.25,6.309837081648495,19060100,False,False
PACK.JK,560.0,560.0,560.0,536.2,425.8,307.96,288.72,50.408,4.695265475688924,0,False,False
OPMS.JK,120.0,121.66666666666667,122.4,122.2,124.1,113.16,113.51,10.939999999999998,1.731671017165168,3119400,False,False
OMRE.JK,1035.0,1026.6666666666667,1005.0,981.0,978.75,1018.0,984.5,11.25,2.1367919420652917,143000,False,False
OMED.JK,216.0,230.0,238.0,237.8,234.8,219.08,228.18336334228516,11.0,4.348127280252246,20609700,False,False
OLIV.JK,69.0,63.333333333333336,58.4,52.2,49.9,50.0,52.12,19.1,5.0880986604486935,27568700,False,False
OKAS.JK,121.0,121.66666666666667,121.4,121.2,121.1,109.84,109.99,11.826666666666668,1.416968468406158,3011500,False,False
OILS.JK,300.0,292.0,288.4,269.6,246.6,228.46,225.44,35.769999999999996,4.975890237909067,11102400,False,False
OBMD.JK,197.0,195.33333333333334,191.4,191.0,192.25,187.16,193.76,9.840000000000003,2.961546736157813,548100,False,False
OBAT.JK,246.0,250.66666666666666,243.6,241.2,241.1,242.72,259.6978598022461,4.783333333333331,4.407802502247816,2414900,False,False
OASA.JK,324.0,321.3333333333333,322.8,325.8,321.7,314.6,324.58,5.599999999999994,2.215711807509397,40024200,True,False
NTBK.JK,87.0,87.33333333333333,86.6,84.0,82.75,85.68,81.0541096496582,4.583333333333329,3.400429133927025,25871100,True,True
NSSS.JK,835.0,845.0,860.0,863.5,873.0,837.0,740.4604956054687,7.6,3.3712612754140503,4422600,False,False
NRCA.JK,555.0,560.0,569.0,580.5,564.25,511.58,503.1338327026367,13.784000000000002,2.477515735312791,3004800,False,False
NPGF.JK,58.0,58.0,58.0,57.7,58.45,57.986102981567385,62.46899959564209,0.75,1.5471208242266707,21933200,True,False
NOBU.JK,535.0,545.0,542.0,523.3,511.9,473.7,479.81,14.260000000000002,2.0043352459021255,2958200,False,False
NISP.JK,1260.0,1253.3333333333333,1252.0,1247.0,1253.25,1241.2,1264.2,3.759999999999991,0.38062519651913296,9122900,True,False
NIRO.JK,176.0,178.66666666666666,173.6,167.7,163.35,153.42,165.86,25.24666666666667,2.874694029290652,801900,False,False
NINE.JK,98.0,98.0,96.8,96.6,90.0,81.4,94.24,16.599999999999994,4.7268720158167365,18419900,False,False
NIKL.JK,254.0,234.66666666666666,227.2,214.4,204.55,194.48,230.36006072998046,29.760000000000005,5.840278072425216,59013200,False,False
NICL.JK,496.0,488.0,492.6,502.3,486.35,490.56,589.2259185791015,7.974999999999994,2.547189638177607,57664800,False,False
NICK.JK,2510.0,2466.6666666666665,2456.0,2187.5,1834.5,1405.3,1262.6,110.47,10.418110732287067,32600,False,False
NICE.JK,382.0,370.0,372.0,367.0,317.9,280.52,284.36,50.74000000000001,7.0110138858224795,22008200,False,False
NFCX.JK,1745.0,1738.3333333333333,1723.0,1710.0,1661.25,1609.0,1666.45,27.2,1.380116550465294,52400,False,False
NETV.JK,50.0,50.0,50.0,50.0,50.5,50.8,61.45,0.7999999999999972,0.0,261800,True,False
NEST.JK,725.0,740.0,739.0,726.5,708.25,668.6,584.6,14.279999999999996,2.558394767040888,7008600,False,False
NELY.JK,212.0,210.66666666666666,212.8,211.2,206.55,204.06,227.3658724975586,4.3700000000000045,3.2836570139877446,987600,True,False
NCKL.JK,1005.0,968.3333333333334,966.0,961.5,948.0,890.0252294921875,896.3632006835937,22.994954101562506,2.3254558603272706,120723900,False,False
NAYZ.JK,77.0,75.66666666666667,74.8,74.0,68.85,61.96,62.33,15.04,3.365496096024814,20441600,False,False
NATO.JK,1110.0,1198.3333333333333,1175.0,979.5,816.75,704.1,653.0,98.84666666666665,11.993809066160503,2076800,False,False
NASI.JK,162.0,161.33333333333334,157.2,152.4,144.25,130.54,130.46,31.460000000000008,2.7226910082715428,3911300,False,False
NASA.JK,34.0,32.0,31.0,30.5,30.4,30.24,33.33,3.7600000000000016,3.504550795748641,2378600,True,True
NANO.JK,37.0,35.0,34.4,34.3,33.3,29.74,29.83,7.260000000000002,3.6039418697989185,93957300,False,False
NAIK.JK,96.0,96.33333333333333,95.6,94.7,92.5,88.56,90.31913467407226,7.773333333333326,1.6242596987182514,4838600,False,False
MYTX.JK,41.0,41.0,41.0,41.0,41.0,41.0,45.32,0.0,0.0,0,True,False
MYOR.JK,1525.0,1531.6666666666667,1546.0,1559.0,1606.0,1680.0,1712.77412109375,31.0,1.223396646249043,15151000,False,False
MYOH.JK,1145.0,1143.3333333333333,1151.0,1142.0,1121.0,1072.7,1098.677716064453,15.659999999999991,1.4387085686849026,94400,False,False
MUTU.JK,117.0,119.33333333333333,121.0,124.6,121.0,114.62,110.59795921325684,9.97999999999999,1.531707412858491,7683800,False,False
MTWI.JK,270.0,268.0,268.0,258.6,254.7,260.16,273.85819076538087,7.650000000000006,1.561197742201445,68700,False,False
MTMH.JK,960.0,958.3333333333334,962.0,976.0,958.75,943.4,961.4127954101563,6.520000000000005,2.2659946410632648,6500,False,False
MTLA.JK,530.0,531.6666666666666,531.0,527.0,520.25,519.66,513.2657067871094,2.401333333333332,1.5050849413859404,7400,True,False
MTFN.JK,13.0,13.0,13.0,13.0,13.0,13.0,15.41,0.0,0.0,0,True,False
MTEL.JK,500.0,496.0,492.0,481.4,460.0,460.86568054199216,471.28149169921875,20.0,1.1355793929517901,33374000,False,False
MTDL.JK,520.0,523.3333333333334,521.0,514.5,511.5,511.0,516.6235000610352,2.4666666666666743,0.8014442173659151,2259100,True,True
MSTI.JK,1395.0,1361.6666666666667,1358.0,1352.0,1338.75,1315.8,1284.9185070800781,15.840000000000009,1.4606658572074134,7156600,False,False
MSKY.JK,66.0,66.33333333333333,66.2,65.1,66.0,63.06,67.89,3.2733333333333263,2.6865071524666035,2055100,True,False
MSJA.JK,730.0,625.0,553.0,497.5,464.65,430.54,436.933962097168,59.891999999999996,8.240984416888582,29842700,False,False
MSIN.JK,306.0,318.0,314.8,314.0,335.9,393.12,518.08,43.56,2.615229739001742,64244700,False,False
MSIE.JK,137.0,136.33333333333334,128.8,120.3,108.15,95.4,106.33,41.599999999999994,6.565863200754634,7566900,False,False
MREI.JK,920.0,920.0,920.0,920.0,920.0,920.0,958.85,0.0,0.0,0,True,False
MRAT.JK,386.0,394.6666666666667,402.4,407.0,415.6,430.8,432.34,22.400000000000006,2.4903496080019236,361100,False,False
MPXL.JK,170.0,170.33333333333334,168.8,168.7,167.4,156.58,158.62,13.75333333333333,1.881975201346918,1502000,False,False
MPRO.JK,11900.0,11966.666666666666,12100.0,12217.5,12418.75,11458.0,10100.5,38.43,1.8681300062342607,1800,False,False
MPPA.JK,42.0,43.333333333333336,44.0,44.3,46.3,46.86,47.65,4.859999999999999,2.8265286624545833,15564300,True,False
MPOW.JK,115.0,115.0,116.4,114.8,111.2,103.64,107.25,12.760000000000005,3.089980651426005,6600800,False,False
MPMX.JK,1055.0,1051.6666666666667,1043.0,1031.0,1019.75,999.3,943.8387872314453,11.14000000000001,0.5339489315666093,2295500,False,False
MPIX.JK,117.0,117.66666666666667,116.8,114.0,105.45,99.3,92.94,18.366666666666674,5.679310202776606,11156600,False,False
MORA.JK,5400.0,5425.0,5415.0,5437.5,5300.0,5908.5,6133.15,24.34,2.2166372141326725,172900,False,False
MOLI.JK,324.0,319.3333333333333,318.4,308.0,292.6,267.68,255.49807403564452,28.159999999999997,3.6909510488591692,3259700,False,False
MNCN.JK,202.0,205.33333333333334,203.6,202.2,202.2,204.04,212.92,1.6666666666666714,2.106160165693333,44738900,True,False
MMLP.JK,304.0,304.6666666666667,304.8,303.0,298.9,296.48,308.5,4.159999999999997,1.2317678195151693,345300,True,False
MMIX.JK,835.0,816.6666666666666,808.0,797.0,780.25,725.38,606.63,21.924,1.435490362725462,26797000,False,False
MLPT.JK,1235.0,1218.3333333333333,1217.0,1255.0,1326.0,1261.94,1029.098373413086,21.8,2.5055610094357843,1189600,False,False
MLPL.JK,92.0,92.66666666666667,92.2,92.5,93.8,91.52,90.46,2.280000000000001,1.393995701828544,21494200,True,True
MLIA.JK,224.0,225.33333333333334,226.4,228.4,229.9,233.28,242.86,4.640000000000001,1.0755915817028983,99600,True,False
MLBI.JK,6875.0,6850.0,6900.0,6862.5,6901.25,6651.5,6179.18216796875,9.99,2.5020355561338548,232900,False,False
MKTR.JK,124.0,123.0,123.2,122.5,123.15,121.34,123.20165939331055,2.6599999999999966,0.8440254247819924,299400,True,False
MKPI.JK,21875.0,21875.0,21915.0,21955.0,21991.25,21607.5,21331.7845703125,15.35,0.2903596248022743,41200,False,False
MKAP.JK,1115.0,1118.3333333333333,1120.0,1122.0,1142.75,1159.7,1121.0273303222657,8.940000000000008,0.31083212423004714,51300,False,False
MITI.JK,220.0,223.33333333333334,224.4,232.8,216.65,192.32,200.16,20.24000000000001,5.130093554648529,1863600,False,False
MIRA.JK,25.0,25.0,25.0,25.0,26.5,23.24,22.09,3.2600000000000016,4.350416345299935,7504500,False,False
MINE.JK,276.0,276.0,279.2,261.2,247.8,231.96,255.28,23.61999999999999,4.315831829904815,1169300,False,False
MINA.JK,274.0,274.6666666666667,276.4,276.4,273.9,274.0,294.88,1.25,2.10095194654107,28706900,True,False
MIKA.JK,1890.0,1918.3333333333333,1917.0,1897.0,1849.25,1788.5,1757.2509692382812,25.96666666666665,1.741497753991358,3425000,False,False
MIDI.JK,272.0,276.6666666666667,276.8,276.2,276.1,279.64,289.67850891113284,3.819999999999993,1.2312640078898967,26471000,True,False
MICE.JK,565.0,558.3333333333334,558.0,552.0,538.25,521.5530700683594,506.4141607666016,8.689385986328125,1.0456414098920639,101000,False,False
MHKI.JK,145.0,144.66666666666666,144.8,145.9,140.85,135.0468000793457,141.6537882232666,10.853199920654305,2.2042646183614503,8468900,False,False
MGRO.JK,695.0,690.0,689.0,685.5,677.75,675.9,677.0,3.8200000000000047,1.0633534585251478,4672300,True,True
MGNA.JK,101.0,97.0,96.6,96.7,97.75,97.8,111.31,4.400000000000006,2.214820894475793,80888500,True,False
MGLV.JK,14850.0,13541.666666666666,12515.0,12232.5,11158.75,9420.5,8615.75,217.18,6.027056713418631,146900,False,False
MERK.JK,3890.0,3883.3333333333335,3878.0,3881.0,3910.0,3880.2,3781.3093188476564,3.2,0.4701385823004215,110300,True,False
MERI.JK,123.0,122.33333333333333,122.4,122.3,121.05,111.28,118.88,11.719999999999999,0.9567151033899537,2715300,False,False
MEJA.JK,118.0,117.0,114.8,114.4,117.1,101.24,99.03142860412598,16.760000000000005,2.7090964579576484,18566200,False,False
MEGA.JK,1980.0,1985.0,1984.0,1974.0,1977.5,1987.1,2044.95,2.619999999999982,0.4856378792019307,36200,True,False
MEDS.JK,92.0,97.33333333333333,87.6,80.3,75.6,75.68,79.96,21.733333333333334,12.005514832894233,334138100,False,False
MEDC.JK,1575.0,1531.6666666666667,1515.0,1460.5,1411.5,1310.9,1344.170438232422,52.81999999999998,1.8530071590726398,51640600,False,False
MDRN.JK,26.0,26.0,26.0,26.0,26.0,26.0,32.4,0.0,0.0,0,True,False
MDLN.JK,50.0,50.0,50.0,50.0,50.0,50.1,51.22,0.10000000000000142,0.0,341200,True,False
MDLA.JK,210.0,208.66666666666666,208.8,208.4,208.5,207.56,205.04316543579102,1.2199999999999989,0.7564382781878031,4987400,True,True
MDKI.JK,200.0,198.33333333333334,197.4,195.1,192.25,185.42,182.8109567260742,14.580000000000013,0.4862139930236286,465400,False,False
MDKA.JK,3110.0,3036.6666666666665,2986.0,2973.0,2942.5,2792.7202001953124,2820.3393017578123,31.727979980468763,3.063107211973224,37251200,False,False
MDIY.JK,935.0,953.3333333333334,955.0,957.0,951.75,938.7,885.2917272949219,4.4,1.4034005673268495,2150600,True,True
MDIA.JK,220.0,235.33333333333334,234.8,247.6,259.8,178.8,138.9,40.5,9.658956882313133,409486700,False,False
MCOR.JK,70.0,69.66666666666667,69.6,69.6,69.35,68.54,68.24,1.4599999999999937,1.431225979117545,3532400,True,True
MCOL.JK,3770.0,3760.0,3758.0,3731.0,3729.5,3747.4,3744.766691894531,4.05,0.7957931183744507,29900,True,False
MCAS.JK,294.0,291.3333333333333,289.6,287.6,293.4,238.48,254.09,27.760000000000005,2.263258548592816,948100,False,False
MBTO.JK,141.0,135.66666666666666,131.8,129.1,128.5,121.66,118.04,19.340000000000003,3.566176450032116,25405800,False,False
MBSS.JK,2880.0,2863.3333333333335,2852.0,2843.0,2838.5,2739.8,2545.8,14.019999999999982,1.1169353031590532,3820400,False,False
MBMA.JK,550.0,540.0,534.0,540.5,539.25,524.12,540.99,5.175999999999999,4.04034364529728,175864700,False,False
MBAP.JK,1770.0,1790.0,1762.0,1680.0,1571.25,1465.8,1501.0,64.84,4.432358927827774,113300,False,False
MAYA.JK,199.0,198.33333333333334,198.6,199.0,199.15,196.8,194.09,2.3499999999999943,1.3236529155069008,368100,True,False
MAXI.JK,50.0,50.0,50.0,50.0,50.0,50.0,50.49,0.0,0.0,32100,True,False
MASB.JK,3390.0,3396.6666666666665,3398.0,3396.0,3388.5,3388.8,3342.0,0.95,0.19636776037540046,10100,True,False
MARK.JK,1075.0,1073.3333333333333,1076.0,1074.0,1080.7590087890626,1040.3468444824218,919.5261499023437,8.082432861328153,0.8581050660036393,16895600,False,False
MARI.JK,23.0,23.0,23.0,23.0,23.0,23.0,25.01,0.0,0.0,0,True,False
MAPI.JK,1360.0,1381.6666666666667,1398.0,1428.0,1465.0,1516.9993432617186,1471.2296276855468,31.39986865234373,3.09890188713087,5918600,False,False
MAPB.JK,1260.0,1196.6666666666667,1186.0,1180.5,1165.5,1090.7,1238.2,33.85999999999999,2.6222606339901264,6000,False,False
MAPA.JK,700.0,696.6666666666666,698.0,704.5,680.0,645.7606506347656,626.6913818359375,11.747869873046875,2.051035705255842,9576400,False,False
MANG.JK,44.0,44.666666666666664,42.6,40.3,39.25,39.38,43.81,5.416666666666664,4.461459457714464,39078900,False,False
MAIN.JK,695.0,700.0,698.0,682.5,675.5,679.3,727.7217993164063,4.9,2.1921271687734967,4287100,True,False
MAHA.JK,146.0,148.33333333333334,148.4,147.5,147.25,143.14,139.1383349609375,5.260000000000019,1.1727613126620353,9168700,True,True
LUCK.JK,120.0,119.33333333333333,117.8,115.2,114.8,108.5,108.35,11.5,2.203021776592595,7171800,False,False
LTLS.JK,1075.0,983.3333333333334,948.0,898.5,870.0,823.6,796.0900646972656,50.279999999999994,4.116892971946283,4340300,False,False
LSIP.JK,1720.0,1691.6666666666667,1683.0,1594.5,1513.5,1415.2323291015625,1373.4954211425782,60.953534179687495,2.3776342175058707,11048900,False,False
LRNA.JK,206.0,206.0,202.6,197.2,193.2,185.64,188.65,10.180000000000007,1.972088634553347,231100,False,False
LPPS.JK,83.0,82.66666666666667,82.6,82.3,81.9,78.7,77.56,4.299999999999997,1.6243955038319742,684500,True,False
LPPF.JK,1655.0,1656.6666666666667,1637.0,1620.0,1613.75,1572.9,1584.0711364746094,16.75333333333333,1.0565346021797586,1841700,False,False
LPLI.JK,242.0,242.0,241.6,241.8,242.9,243.92,255.0,1.1599999999999966,0.3912165011090912,643400,True,False
LPKR.JK,63.0,62.333333333333336,62.2,62.3,62.8,61.98,67.64,1.0200000000000031,1.486343267888495,128985200,True,False
LPIN.JK,434.0,432.6666666666667,432.4,428.8,425.3,418.44,413.52128143310546,7.780000000000001,0.5538022954039666,147100,False,False
LPGI.JK,635.0,640.0,637.0,639.0,636.0,647.9,666.3173931884766,2.5799999999999956,1.7086058663455972,24700,True,False
LPCK.JK,600.0,598.3333333333334,599.0,600.0,603.75,560.18,560.84,8.71400000000001,1.0640981650602637,241800,False,False
LOPI.JK,62.0,62.0,65.0,71.2,74.9,66.4,80.17,12.900000000000006,5.208038433822284,19508600,False,False
LMPI.JK,164.0,162.0,161.8,163.8,159.25,146.9,148.43,17.099999999999994,1.809628477867413,112700,False,False
LMAX.JK,113.0,111.33333333333333,111.2,109.8,110.95,108.1,117.01,4.900000000000006,3.783371326212105,1125300,True,False
LIVE.JK,189.0,188.33333333333334,188.4,190.4,194.55,202.22,212.13,13.886666666666656,0.6056895608735725,6312300,False,False
LION.JK,384.0,382.6666666666667,383.2,372.6,359.4,348.16,360.5,17.919999999999987,4.573206701680447,162900,False,False
LINK.JK,1640.0,1663.3333333333333,1640.0,1576.5,1530.0,1462.3,1490.35,40.20666666666666,2.7863987992382713,32200,False,False
LIFE.JK,12725.0,12725.0,12490.0,10732.5,8252.5,6789.5,6699.445146484375,237.42,8.905474650052748,0,False,False
LFLO.JK,525.0,520.0,519.0,521.5,515.9,516.62,527.0950946044921,1.8200000000000045,2.2320373151298663,15500,True,False
LEAD.JK,115.0,110.66666666666667,111.6,110.9,109.55,104.76,109.75,10.239999999999995,6.799224729349369,170318600,False,False
LCKM.JK,109.0,109.0,109.0,109.0,109.0,108.78,114.72,0.21999999999999886,0.0,0,True,False
LAPD.JK,71.0,71.0,71.4,71.5,68.65,66.4,69.89,5.099999999999994,3.1713589714309607,10722900,True,True
LAND.JK,77.0,75.0,74.2,73.9,74.9,72.76,72.0,4.239999999999995,1.9657626482388737,18847300,True,True
LAJU.JK,74.0,75.0,74.2,71.2,69.35,67.38,69.09666316986085,7.6200000000000045,2.845182360694534,40187500,False,False
LABS.JK,177.0,188.33333333333334,179.0,170.8,169.6,156.56,154.24,31.77333333333334,8.58366439169477,4821000,False,False
LABA.JK,137.0,130.0,129.2,124.5,110.3,99.38,103.9,37.620000000000005,11.62744924101802,54673700,False,False
KUAS.JK,100.0,102.66666666666667,106.0,101.5,97.0,93.24,97.39237190246583,12.760000000000005,5.208796510966424,20985000,False,False
KSIX.JK,416.0,412.0,413.6,413.4,413.6,349.92,344.08,33.03999999999999,1.3944350397410756,793600,False,False
KRYA.JK,68.0,68.33333333333333,68.0,67.6,65.6,61.72,64.57,6.61333333333333,4.4310758736644384,24428300,False,False
KREN.JK,15.0,14.333333333333334,14.2,13.9,13.5,13.0,13.79,2.0,4.675175249710476,43191600,False,False
KRAS.JK,254.0,250.66666666666666,252.8,243.8,233.9,226.5,233.66,13.75,2.670591842413518,3370500,False,False
KPIG.JK,66.0,66.66666666666667,66.4,66.2,67.3,75.32,86.45,9.319999999999993,1.8803532481132372,261509200,False,False
KOTA.JK,208.0,212.66666666666666,213.6,206.5,186.5,144.96,129.09,34.31999999999999,12.725891836188922,225358800,False,False
KOPI.JK,208.0,207.33333333333334,208.0,207.0,205.5,200.22,208.35,3.8900000000000006,1.6738742265325002,682400,True,False
KONI.JK,2170.0,2183.3333333333335,2180.0,2181.0,2239.0,2418.6,2523.5,24.859999999999992,1.3472536670510449,3800,False,False
KOKA.JK,214.0,191.0,187.0,183.3,184.25,179.82,156.9,17.090000000000003,6.4682640837351855,212221900,False,False
KOIN.JK,78.0,78.0,78.0,78.0,78.0,78.0,78.23,0.0,0.0,0,True,False
KOCI.JK,122.0,119.0,114.4,109.3,108.4,104.5,104.60473579406738,17.5,2.736561617437675,64967300,False,False
KOBX.JK,179.0,178.0,177.6,176.8,172.45,160.54,163.65,18.460000000000008,3.15423808084364,2501400,False,False
KMTR.JK,256.0,254.0,254.8,248.8,240.2,234.0,237.64,11.0,1.573645626917478,62700,False,False
KMDS.JK,515.0,518.3333333333334,520.0,519.5,523.75,531.4,533.7313241577149,3.2799999999999954,1.6841919807577492,48200,True,False
KLIN.JK,116.0,114.33333333333333,114.2,115.5,116.0,111.4,118.76,4.599999999999994,2.1795125526777777,186100,True,False
KLBF.JK,760.0,775.0,776.0,780.0,791.5,761.3,777.8636968994141,6.3,1.7974809053510277,117405100,False,False
KLAS.JK,87.0,84.66666666666667,86.2,86.9,83.65,76.04,75.83,10.959999999999994,2.6861303387842614,9838900,False,False
KKGI.JK,308.0,311.3333333333333,307.2,295.8,288.0,277.36,277.74887130737307,16.98666666666665,1.7433403656495994,3453500,False,False
KKES.JK,96.0,94.66666666666667,93.8,86.0,77.85,68.46,54.72,27.540000000000006,11.568565479521107,116675200,False,False
KJEN.JK,162.0,161.66666666666666,162.6,163.4,164.45,142.1,139.61,22.349999999999994,1.01580648699935,4450300,False,False
KIOS.JK,101.0,102.0,102.0,101.5,98.5,95.06,95.01,6.939999999999998,1.6497506780526952,10873900,False,False
KINO.JK,1420.0,1383.3333333333333,1370.0,1361.0,1342.25,1249.4,1171.4119885253906,34.11999999999998,1.6185440772995416,57400,False,False
KING.JK,390.0,388.6666666666667,363.2,324.2,304.1,297.72,381.47,46.139999999999986,5.217747292496684,1480600,False,False
KIJA.JK,199.0,202.33333333333334,200.6,206.3,188.35,151.78,149.55,54.52000000000001,6.926566739209765,209281000,False,False
KICI.JK,266.0,267.3333333333333,267.2,263.0,230.05,205.76,205.58,30.78666666666666,9.328718363558691,2148300,False,False
KETR.JK,940.0,908.3333333333334,885.0,858.5,739.0,621.68,589.03,63.66400000000001,8.176265664818649,67468100,False,False
KEJU.JK,615.0,620.0,621.0,617.0,601.5,571.8,568.3014398193359,9.840000000000009,1.4109007487397205,236100,False,False
KEEN.JK,955.0,961.6666666666666,955.0,927.5,903.0,872.8,869.1792065429687,17.773333333333333,1.759972733322841,9168900,False,False
KDTN.JK,420.0,421.3333333333333,420.4,397.8,381.8,443.06,648.28,30.629999999999995,2.7786045219359017,12145800,False,False
KDSI.JK,468.0,468.0,467.2,465.0,461.9,452.64,448.82,7.680000000000007,0.548977951842737,6800,False,False
KBLV.JK,133.0,133.66666666666666,134.2,136.9,140.65,122.9,112.05,17.75,2.9788378218666693,7367400,False,False
KBLM.JK,338.0,334.6666666666667,333.2,321.2,313.3,302.0,302.0612603759766,18.0,1.6821777692843547,375700,False,False
KBLI.JK,332.0,333.3333333333333,334.8,331.6,328.8,324.56958068847655,313.47484802246095,5.115209655761731,1.9783860484781095,2106900,True,True
KBAG.JK,45.0,45.0,45.2,44.6,46.2,43.56,43.42,2.6400000000000006,3.384776840059922,1416000,True,True
KARW.JK,212.0,212.0,212.0,212.0,212.0,212.0,243.22,0.0,0.0,0,True,False
KAQI.JK,100.0,100.0,100.8,98.4,96.65,92.06,96.91,8.739999999999995,3.46679675707044,22195500,False,False
KAEF.JK,462.0,488.3333333333333,468.6,451.9,446.15,449.58,471.82,21.09166666666667,6.177265363730028,5049700,False,False
JTPE.JK,615.0,606.6666666666666,608.0,609.0,613.75,609.4,601.5425,1.6666666666666743,0.8193647285949534,4673200,True,True
JSPT.JK,1410.0,1403.3333333333333,1399.0,1398.5,1399.75,1396.2,1364.141046142578,2.759999999999991,1.1188876547942006,53500,True,False
JSMR.JK,3010.0,2993.3333333333335,3002.0,2955.0,2856.5,2780.0,2821.6595483398437,23.0,1.8607313556051088,1836300,False,False
JRPT.JK,1125.0,1108.3333333333333,1101.0,1092.5,1085.0,1081.9,1073.1822741699218,8.619999999999981,0.760217987065311,58700,False,False
JPFA.JK,2340.0,2343.3333333333335,2344.0,2278.0,2263.0,2161.5,2222.4645166015625,18.25,2.793373628624244,14878700,False,False
JMAS.JK,228.0,228.0,228.0,228.0,228.0,228.0,240.8,0.0,0.0,0,True,False
JKON.JK,86.0,87.66666666666667,87.4,86.7,86.55,77.54,73.6807468032837,10.126666666666665,1.8060308092435091,19573500,False,False
JIHD.JK,454.0,456.6666666666667,460.8,454.8,445.3,431.8,444.56,14.5,2.5723979915606474,129200,False,False
JGLE.JK,82.0,83.0,84.2,85.4,86.8,71.84,69.79,14.959999999999994,6.318755310709373,293299400,False,False
JECC.JK,660.0,650.0,649.0,647.5,641.25,637.1342858886719,666.6982879638672,4.573142822265618,1.557480489401126,45900,True,False
JAYA.JK,165.0,161.66666666666666,159.8,148.4,141.0,131.74,130.99,33.25999999999999,8.74931565043147,15070300,False,False
JAWA.JK,154.0,150.0,145.2,140.2,135.55,125.52,133.67,28.480000000000004,5.608640337614206,7933500,False,False
JATI.JK,112.0,111.33333333333333,110.8,108.4,104.5,98.16,99.2304116821289,13.840000000000003,1.5430470023329212,16308900,False,False
JAST.JK,97.0,96.33333333333333,95.8,95.7,91.15,85.94,87.76,11.060000000000002,3.575847478706937,11736700,False,False
JARR.JK,3410.0,3326.6666666666665,3302.0,3252.0,2872.5,2277.1,2102.2615380859374,113.29,4.200867124504551,18157900,False,False
ITMG.JK,26550.0,26608.333333333332,26415.0,26142.5,25592.5,24620.0,24110.6628125,79.53333333333329,0.8677842868346821,1872500,False,False
ITMA.JK,1525.0,1580.0,1535.0,1481.0,1443.0,1393.0,1590.85,37.4,3.9386914800583437,134000,False,False
ITIC.JK,228.0,227.33333333333334,227.2,225.6,226.0,215.64,222.45,6.180000000000007,0.7323512285868827,288200,False,False
ISSP.JK,458.0,455.3333333333333,454.4,438.4,434.3,418.04,411.53755615234377,19.97999999999999,2.3507861028137027,1556000,False,False
ISEA.JK,89.0,88.0,87.2,85.5,83.95,79.32,77.96,9.680000000000007,2.081918920547993,30128200,False,False
ISAT.JK,2400.0,2370.0,2384.0,2431.0,2515.5,2159.8,2065.24330078125,35.56999999999998,2.832752392893127,109565100,False,False
ISAP.JK,27.0,25.0,24.6,24.3,24.0,23.96,25.88,3.039999999999999,4.629352266863501,133946500,False,False
IRSX.JK,424.0,419.3333333333333,417.6,400.2,381.1,336.24,352.5973864746094,43.879999999999995,4.18113219124741,68560200,False,False
IRRA.JK,380.0,396.0,386.8,379.2,375.3,374.4,379.34,10.800000000000011,4.350429741377279,831500,False,False
IPTV.JK,31.0,30.666666666666668,30.6,30.9,30.65,31.22,34.99,0.6199999999999974,2.6498501476389524,3496200,True,False
IPOL.JK,117.0,117.0,117.8,115.6,114.05,109.68,113.17,8.11999999999999,1.307052996412695,974500,False,False
IPCM.JK,292.0,293.3333333333333,294.0,296.8,299.5,306.5412219238281,305.53919097900393,7.270610961914059,0.9149853707260553,2759800,False,False
IPCC.JK,1140.0,1145.0,1149.0,1149.0,1156.25,1168.4,1164.6361065673827,5.680000000000018,0.649578612531752,1970800,True,False
IPAC.JK,186.0,185.66666666666666,185.8,183.7,178.75,167.54,158.94,18.460000000000008,1.8106118945784795,16700,False,False
IOTF.JK,68.0,68.0,66.8,65.0,66.1,58.24,58.4,9.759999999999998,2.8379645810654908,22533400,False,False
INTP.JK,5425.0,5450.0,5480.0,5500.0,5487.5,5001.4,4724.066870117187,19.944000000000013,1.7047560666025836,473500,False,False
INTD.JK,272.0,263.3333333333333,262.8,274.6,280.6,256.28,249.88,12.160000000000025,3.5952486399271337,824000,False,False
INTA.JK,61.0,61.0,61.0,61.0,61.0,61.0,66.27,0.0,0.0,0,True,False
INPS.JK,830.0,786.6666666666666,755.0,726.0,709.5,671.2,664.15,31.75999999999999,4.130969212186766,605700,False,False
INPP.JK,750.0,750.0,752.0,746.5,743.8913208007813,713.8918286132813,742.4213153076172,7.621634277343742,1.6027060647966713,30200,False,False
INPC.JK,170.0,170.66666666666666,171.8,161.3,151.45,142.02,143.45,29.78,4.100828050392084,8875600,False,False
INOV.JK,139.0,139.66666666666666,139.8,140.0,142.5,135.14,131.51,7.360000000000014,1.0648540370360768,7044900,False,False
INKP.JK,9300.0,9275.0,9105.0,8980.0,8806.25,8180.5,8214.582119140625,44.78,2.0366931122603833,3401900,False,False
INET.JK,366.0,362.6666666666667,360.4,354.4,315.1,255.76,253.52,55.120000000000005,5.089736253430103,354817700,False,False
INDY.JK,3120.0,2903.3333333333335,2858.0,2815.0,2711.0,2477.8,2614.7788525390624,64.21999999999998,3.849197130086024,101030700,False,False
INDX.JK,60.0,60.0,60.0,60.0,60.0,60.0,73.72,0.0,2.837818317547164e-07,0,True,False
INDS.JK,272.0,271.3333333333333,271.2,268.8,268.0,268.00240020751954,295.3386033630371,2.0,1.373727322577758,1535400,True,False
INDR.JK,3040.0,3026.6666666666665,2884.0,2713.0,2573.0,2284.5,2272.8,75.55,3.8866983532247565,134200,False,False
INDO.JK,186.0,188.0,187.4,184.9,182.4,174.84,167.28,13.159999999999997,1.5569589708924048,25943600,False,False
INDF.JK,7500.0,7450.0,7365.0,7330.0,7341.25,7059.136240234375,6751.943188476563,17.63455039062501,1.8584839897184489,7929800,False,False
INCO.JK,4900.0,4886.666666666667,4914.0,5021.5,5112.0,4994.0,5179.5301953125,22.533333333333303,2.357633336762932,19011200,False,False
INCI.JK,805.0,791.6666666666666,795.0,756.0,712.75,678.6,674.0008148193359,25.279999999999994,4.6881305906284725,91700,False,False
INCF.JK,50.0,50.0,50.0,50.0,50.0,50.0,51.97,0.0,0.0,0,True,False
INAI.JK,180.0,178.33333333333334,177.2,177.2,176.6,166.42,165.28,13.580000000000013,0.8026261215808479,2182500,False,False
IMPC.JK,1785.0,1658.3333333333333,1576.0,1490.0,1444.0,1478.0,1693.3,68.2,5.148722910719544,59754600,False,False
IMJS.JK,189.0,190.33333333333334,191.4,180.6,172.8,158.07895599365236,161.81053314208984,33.32104400634765,6.227689341701494,3792600,False,False
IMAS.JK,910.0,925.0,937.0,908.0,890.75,857.3094396972656,903.7820526123047,15.938112060546882,4.210564876294523,135500,False,False
IKPM.JK,190.0,191.66666666666666,192.4,192.7,194.85,188.86,191.47,5.989999999999981,1.058801621121371,629300,True,False
IKBI.JK,520.0,521.6666666666666,519.0,520.5,528.75,533.5365960693359,515.9155752563477,2.9073192138671855,1.160238216630314,229800,True,False
IKAN.JK,93.0,92.0,91.4,91.5,89.35,84.6,85.49,8.400000000000006,3.869839817879086,75136400,False,False
IKAI.JK,20.0,19.333333333333332,19.2,19.5,19.75,19.74,20.6,0.8000000000000007,3.796938716047381,39530100,True,False
IGAR.JK,474.0,475.3333333333333,476.8,476.6,467.7,440.72,441.0012106323242,18.039999999999992,0.9777736101773864,47500,False,False
IFSH.JK,1100.0,1080.0,1075.0,1067.0,1101.75,1146.8,1437.2867602539063,15.95999999999999,2.1643980941688805,4700,False,False
IFII.JK,204.0,202.66666666666666,203.2,203.4,205.2,208.36,215.14,2.8466666666666782,0.8614135983600527,60400,True,False
IDPR.JK,278.0,274.6666666666667,272.0,271.6,267.7,283.44,289.55718017578124,7.8700000000000045,1.6826550213463736,66600,False,False
IDEA.JK,65.0,64.33333333333333,63.2,61.9,61.9,62.3,65.41,3.1000000000000014,4.0079364750272175,15721600,False,False
ICON.JK,148.0,148.33333333333334,143.0,137.3,133.35,117.84,117.02,30.49333333333334,6.356055836491699,328359200,False,False
ICBP.JK,7200.0,7216.666666666667,7260.0,7455.0,7552.5,7169.30615234375,6840.359262695312,15.32775390625,1.6671201791081849,7180200,False,False
IBST.JK,8475.0,8475.0,8475.0,8475.0,8475.0,8475.0,8475.0,0.0,0.0,0,True,False
IBOS.JK,100.0,99.0,95.4,93.3,84.2,74.4,85.12,25.599999999999994,4.10838324557408,46112200,False,False
IBFN.JK,63.0,63.0,63.0,63.0,63.0,63.0,68.19,0.0,0.0,0,True,False
IATA.JK,139.0,139.0,137.2,128.8,123.85,91.5,81.85,47.5,6.653131903306441,842698900,False,False
HYGN.JK,190.0,187.33333333333334,186.6,184.7,178.6,164.52,153.88320068359374,25.47999999999999,1.395030509760433,1750300,False,False
HUMI.JK,146.0,142.66666666666666,144.0,144.1,145.65,135.96316818237304,145.86807975769042,10.036831817626961,3.324591912754872,49261000,False,False
HRUM.JK,980.0,956.6666666666666,955.0,940.5,908.75,841.3,848.25,27.74000000000001,1.4095255740024792,20605700,False,False
HRTA.JK,2260.0,2256.6666666666665,2272.0,2273.0,2251.5,2030.4,2206.105849609375,24.25999999999999,2.4088627309923587,7045000,False,False
HRME.JK,46.0,44.333333333333336,43.8,41.3,41.65,42.84,45.18,4.700000000000003,5.265996570349569,2458600,False,False
HOPE.JK,216.0,222.66666666666666,243.2,248.4,246.8,206.56,178.81,20.92,10.749270772714706,25351500,False,False
HOMI.JK,258.0,247.33333333333334,236.4,224.2,216.2,195.42,203.37,31.290000000000006,2.688621714390007,5213300,False,False
HOKI.JK,56.0,55.666666666666664,55.8,55.8,55.65,54.2,57.7,1.7999999999999972,1.9704377105804143,34053100,True,False
HMSP.JK,745.0,753.3333333333334,749.0,743.0,742.75,723.0,695.4238458251953,6.066666666666674,1.568952912916464,10884000,False,False
HILL.JK,16.0,16.0,16.0,16.0,16.0,16.0,16.87,0.0,0.0,0,True,False
HGII.JK,138.0,138.66666666666666,138.2,138.9,131.1,125.78,128.95806808471679,13.120000000000005,2.9702153304743124,1216100,False,False
HEXA.JK,4490.0,4490.0,4488.0,4470.0,4421.0,4421.6,4429.0,6.9,0.8316815605345464,420300,False,False
HERO.JK,340.0,339.3333333333333,336.8,335.2,336.0,334.32,360.67,2.8400000000000034,1.0236207868594964,242300,True,False
HELI.JK,206.0,207.33333333333334,205.2,200.3,198.15,189.84,187.06,8.74666666666667,2.33324262813813,385600,False,False
HEAL.JK,670.0,680.0,682.0,676.5,687.5,780.4,881.0729724121094,22.079999999999995,3.826456922784501,17553700,False,False
HDIT.JK,50.0,50.0,50.0,50.0,50.4,50.38,53.41,0.3999999999999986,0.0,2573200,True,False
HDFA.JK,102.0,102.0,102.0,101.7,99.85,94.36,96.21,7.640000000000001,0.8044535544385439,524000,False,False
HBAT.JK,324.0,314.0,298.8,286.0,254.4,257.16,339.45,34.8,6.234224618619793,3232400,False,False
HATM.JK,605.0,591.6666666666666,600.0,590.0,596.5,518.54,418.629169921875,17.29200000000001,2.8333986011811136,15760000,False,False
HALO.JK,78.0,81.66666666666667,76.8,73.2,70.9,67.96,69.87,13.706666666666678,9.078454715526906,31715700,False,False
HAJJ.JK,113.0,111.33333333333333,110.4,111.0,110.5,106.66,113.36,6.340000000000003,2.578944267273214,10436300,False,False
HAIS.JK,189.0,189.33333333333334,189.2,186.6,184.3,181.7,181.53,7.633333333333354,1.1060257214892126,870500,False,False
HADE.JK,24.0,22.0,20.6,18.6,17.95,17.9,17.54,6.100000000000001,4.815267391852994,25450500,False,False
GZCO.JK,200.0,202.0,201.0,194.1,183.95,165.28,170.74,36.72,3.9619163304283647,20817300,False,False
GWSA.JK,173.0,172.0,171.6,171.5,160.1,138.44,136.74,34.56,2.159174569246131,1046300,False,False
GUNA.JK,222.0,220.66666666666666,220.4,219.0,215.6,199.56,191.27395080566407,11.219999999999999,1.1233087401628898,301600,False,False
GULA.JK,805.0,796.6666666666666,791.0,780.0,762.25,731.6,601.61,14.679999999999996,2.9326671530824653,7281400,False,False
GTSI.JK,175.0,169.66666666666666,171.0,171.8,176.45,157.9831007385254,168.23434181213378,18.466899261474595,2.814001967458406,41248100,False,False
GTRA.JK,258.0,262.6666666666667,266.4,255.0,242.0,227.84,223.21,19.279999999999987,8.08890995142566,347600,False,False
GTBO.JK,152.0,155.66666666666666,155.4,162.7,166.35,168.54,182.7,16.539999999999992,5.007966769855438,49300,False,False
GSMF.JK,92.0,94.33333333333333,95.6,96.8,94.3,88.98,94.74,7.819999999999993,3.2359779754173936,3049600,False,False
GRPM.JK,167.0,168.66666666666666,169.8,179.4,185.15,223.9,248.41,56.900000000000006,4.661078439985837,3360300,False,False
GRPH.JK,137.0,133.66666666666666,127.8,111.4,90.7,71.48,66.6,65.52,9.95213442743136,126633300,False,False
GRIA.JK,169.0,169.33333333333334,169.2,172.9,169.35,139.1,127.99,33.80000000000001,4.9126389042896985,1167300,False,False
GPSO.JK,284.0,289.3333333333333,292.4,296.2,292.0,297.84,357.8,6.9199999999999875,2.2690290179665333,7940300,False,False
GPRA.JK,106.0,107.0,107.4,109.4,109.3,104.92313720703125,105.79352798461915,4.47686279296876,2.0489110584932595,132496600,True,True
GOTO.JK,50.0,50.0,50.0,50.0,50.0,50.0,50.41,0.0,0.0,16866200,True,False
GOOD.JK,318.0,320.0,320.4,318.0,311.7,304.92,318.0453985595703,7.739999999999981,0.8571720314501688,127100,False,False
GOLF.JK,162.0,160.66666666666666,160.6,161.2,161.2,163.64,169.4291683959961,3.039999999999992,0.8362810570667414,2291100,True,False
GOLD.JK,284.0,281.3333333333333,279.6,277.0,274.7,264.96,267.6,9.52000000000001,1.6034430559634143,101900,False,False
GMTD.JK,1290.0,1333.3333333333333,1383.0,1408.0,1357.5,1324.0,1456.710029296875,23.6,3.331806301619459,32300,False,False
GMFI.JK,60.0,59.333333333333336,59.8,59.4,59.6,56.16,56.26,3.8400000000000034,2.1597280886242882,63494700,True,True
GLVA.JK,328.0,326.6666666666667,325.6,320.8,316.1,306.24,314.1800033569336,10.879999999999995,1.1274277054111292,28200,False,False
GJTL.JK,1375.0,1376.6666666666667,1385.0,1395.5,1369.5,1257.4,1186.60615234375,27.619999999999983,1.756082927926717,6979800,False,False
GIAA.JK,68.0,67.0,67.6,66.6,69.55,60.08,60.66,9.469999999999999,3.030706148388438,44764200,False,False
GHON.JK,1700.0,1668.3333333333333,1657.0,1644.0,1625.0,1615.0,1704.35,17.0,0.9049713385479249,87200,False,False
GGRP.JK,318.0,314.0,318.0,313.6,307.9,299.6,291.31312896728514,9.199999999999989,2.164768926524673,934500,False,False
GGRM.JK,19750.0,20000.0,20075.0,20077.5,20102.5,18761.0,16926.825,53.66,2.492936813326134,1525800,False,False
GEMS.JK,7675.0,7683.333333333333,7585.0,7297.5,6967.5,6642.0,6969.0,41.65333333333332,1.491416247862739,181700,False,False
GEMA.JK,94.0,93.33333333333333,93.2,89.8,85.75,82.22,82.54857048034668,11.780000000000001,4.717074236487287,2888900,False,False
GDYR.JK,1135.0,1131.6666666666667,1125.0,1121.0,1113.0,1101.1,1098.1,6.780000000000018,1.200364656568863,11600,False,False
GDST.JK,120.0,116.66666666666667,115.2,113.6,114.1,102.12,97.06,17.879999999999995,1.3307387667574442,33181800,False,False
FWCT.JK,92.0,92.0,91.4,90.8,91.55,88.56,86.92,3.4399999999999977,1.813561347879673,4291300,True,True
FUTR.JK,318.0,317.3333333333333,320.4,335.6,331.1,286.1,240.57,24.75,5.644996379331782,37503500,False,False
FUJI.JK,248.0,249.33333333333334,247.6,272.6,268.9,229.9,264.47,21.35000000000001,5.056434633760016,832000,False,False
FPNI.JK,555.0,595.0,607.0,614.0,561.15,433.9,415.75,36.02,5.520101181380928,12853400,False,False
FORU.JK,3640.0,3763.3333333333335,3588.0,2962.0,2576.25,2760.5,2394.75,118.70833333333334,11.073928248610846,5237400,False,False
FORE.JK,795.0,796.6666666666666,807.0,818.0,814.25,718.0,772.5,20.0,2.2209889447717326,1876600,False,False
FOOD.JK,176.0,176.0,176.0,176.0,176.0,176.0,176.3,0.0,0.0,0,True,False
FOLK.JK,222.0,218.0,202.0,185.6,186.1,200.74,231.15,18.200000000000003,7.035803402925078,56996100,False,False
FMII.JK,254.0,253.33333333333334,253.2,253.8,253.5,251.4,248.0,1.2999999999999972,1.9190436914135702,1000,True,False
FLMC.JK,134.0,124.0,115.8,102.2,89.9,74.02,106.8,59.980000000000004,5.4341122094108005,6769100,False,False
FITT.JK,468.0,461.3333333333333,447.2,422.8,399.5,379.6,389.26,44.19999999999999,6.0198118297988295,681800,False,False
FISH.JK,610.0,611.6666666666666,612.0,614.0,607.0,613.8,658.0562646484375,1.4,0.814073998897738,60900,True,False
FIRE.JK,131.0,126.66666666666667,126.4,121.0,115.1,109.68,115.68,21.319999999999993,3.77265378835576,144210700,False,False
FILM.JK,845.0,876.6666666666666,878.0,847.5,857.25,1148.2,1658.85,60.64000000000001,7.517681622060632,48581000,False,False
FAST.JK,454.0,459.3333333333333,460.8,466.4,466.6,365.96,313.66,50.32000000000002,2.297770889185836,16257300,False,False
FAPA.JK,7475.0,7491.666666666667,7490.0,7475.0,7443.75,7390.50474609375,7240.282275390625,4.046476822916666,0.29278683510350395,200,True,False
EXCL.JK,2730.0,2726.6666666666665,2726.0,2747.0,2735.5,2591.8,2717.2,15.519999999999982,1.5438467761244972,6836800,False,False
EURO.JK,1440.0,1448.3333333333333,1461.0,1413.5,1535.5,1714.9,1967.020450439453,60.280000000000015,4.590300981254359,365200,False,False
ESTI.JK,199.0,174.33333333333334,170.2,165.0,163.45,150.8,145.50552185058595,48.19999999999999,7.2062041157312615,172528700,False,False
ESTA.JK,174.0,173.0,175.2,173.4,173.2,179.2,187.69,6.199999999999989,1.6237155643048524,884800,False,False
ESSA.JK,695.0,690.0,699.0,678.5,662.75,623.4,649.2677508544922,15.120000000000005,3.0657902151090295,88247900,False,False
ESIP.JK,128.0,128.0,124.8,122.7,123.3,127.16818908691407,130.35019691467286,5.299999999999997,5.6045299825189865,73133900,False,False
ERTX.JK,187.0,185.33333333333334,185.0,184.5,184.75,172.36,171.04,14.639999999999986,1.3654530207385078,5627700,False,False
ERAL.JK,328.0,324.0,325.6,315.6,307.6,297.08240600585935,289.27729461669924,15.458796997070323,2.5510342257055014,4909700,False,False
ERAA.JK,610.0,591.6666666666666,592.0,545.6,505.0,431.91005432128907,393.5172637939453,35.617989135742185,4.898080631799587,195393000,False,False
EPMT.JK,2420.0,2410.0,2406.0,2397.0,2385.5,2351.4,2339.7,6.8599999999999905,0.4746203758578766,4000,False,False
EPAC.JK,58.0,56.0,55.8,55.9,57.05,62.74,66.17,6.940000000000005,3.1424502621879147,67954300,False,False
ENZO.JK,74.0,74.66666666666667,75.0,74.3,73.85,70.94,72.79,4.060000000000002,5.60197959916831,12109900,False,False
ENRG.JK,1465.0,1433.3333333333333,1401.0,1351.0,1295.833319091797,1287.0483361816407,1384.8241680908204,35.59033276367186,2.6244268103275115,83252800,False,False
ENAK.JK,230.0,232.0,233.6,234.8,236.9,252.32,279.5,11.159999999999997,0.7003751469997311,172500,False,False
EMTK.JK,515.0,515.0,519.0,519.0,518.5,519.28,600.6634484863281,0.8559999999999945,2.4690326380642467,31399400,True,False
EMDE.JK,82.0,80.66666666666667,80.2,78.5,77.35,73.6,71.9,8.400000000000006,2.17411683343245,11094100,False,False
EMAS.JK,8600.0,8508.333333333334,8540.0,8802.5,8382.5,7035.5,7413.75,70.68,3.448070791630463,15269900,False,False
ELTY.JK,36.0,36.666666666666664,37.0,37.7,38.3,32.32,32.96,5.979999999999997,3.8085444341476307,52867300,False,False
ELSA.JK,750.0,736.6666666666666,737.0,723.5,713.25,676.3,647.9850415039062,14.740000000000009,2.375559992734609,20078000,False,False
ELPI.JK,760.0,690.0,682.0,675.0,677.5,833.1688354492187,1170.7824548339843,31.63376708984374,5.384822571205704,16543200,False,False
ELIT.JK,270.0,274.0,273.2,268.6,229.15,195.18,192.38,39.41,6.289869745011598,14617300,False,False
EKAD.JK,426.0,439.3333333333333,418.4,416.8,362.2,246.8,206.05833221435546,96.26666666666665,7.355479710608312,10188700,False,False
ECII.JK,172.0,174.0,175.2,166.8,161.05,152.54,153.61,22.659999999999997,3.4563969782588653,1836000,False,False
EAST.JK,90.0,89.66666666666667,89.8,90.0,90.25,88.9456526184082,87.89004196166992,1.3043473815917963,0.7408047655915055,3415300,True,True
DYAN.JK,87.0,87.66666666666667,88.4,88.6,88.05,83.8,81.93,4.799999999999997,2.0469529438955103,2126000,True,True
DWGL.JK,236.0,241.33333333333334,242.8,253.6,294.9,281.24,271.9,29.44999999999999,5.05256984191763,9474900,False,False
DVLA.JK,1600.0,1598.3333333333333,1599.0,1593.5,1587.25,1572.4,1545.3528356933593,5.519999999999982,0.4279181206376144,82500,True,False
DUTI.JK,4800.0,4800.0,4800.0,4805.0,4694.0,4393.8,4074.471357421875,41.11999999999998,0.18195546380356942,1300,False,False
DSSA.JK,1170.0,1161.6666666666667,1170.0,1154.5,1085.25,940.6,1061.98,45.879999999999995,2.6730533593669588,213988000,False,False
DSNG.JK,1695.0,1670.0,1657.0,1641.0,1506.75,1352.7,1350.8028332519532,68.46,3.3468705381836834,3884100,False,False
DSFI.JK,90.0,88.66666666666667,88.2,88.2,86.3,80.5,81.89,9.5,1.8378633890562233,28581700,False,False
DRMA.JK,1025.0,1015.0,1011.0,1011.5,1004.5,954.2,958.1633331298829,14.159999999999991,1.0196378547274736,767100,False,False
DPUM.JK,140.0,117.0,110.0,102.3,99.0,97.94,123.67,42.06,10.868764609466536,284058100,False,False
DOSS.JK,171.0,170.33333333333334,170.6,170.7,169.2,153.76,146.1412961578369,17.24000000000001,1.3342583737416658,2283900,False,False
DOOH.JK,358.0,336.6666666666667,332.4,329.2,321.5,239.02,190.99,59.489999999999995,3.10407623084013,71014800,False,False
DOID.JK,258.0,259.3333333333333,250.8,243.8,230.3,217.74,220.9,20.796666666666653,3.595748515199203,6754000,False,False
DNET.JK,10000.0,10000.0,9985.0,9952.5,9948.75,9840.0,9813.75,6.4,0.5523684237262669,13000,False,False
DNAR.JK,137.0,137.66666666666666,137.0,133.8,129.65,122.32,124.41,15.346666666666664,1.129783171922906,531500,False,False
DMND.JK,610.0,611.6666666666666,616.0,620.5,619.5,617.1,615.6203985595703,2.1,1.8166509035694567,117700,True,False
DMMX.JK,190.0,190.0,191.0,192.0,189.15,178.02,181.64817825317382,13.97999999999999,4.378203806056066,976700,False,False
DMAS.JK,200.0,200.66666666666666,200.0,198.6,179.0,155.76,144.3699006652832,44.906666666666666,4.789486375725414,238223800,False,False
DLTA.JK,1795.0,1791.6666666666667,1794.0,1791.5,1788.75,1775.84,1767.3409802246094,3.8320000000000163,0.6010073678016213,61000,True,False
DKHH.JK,73.0,74.66666666666667,72.0,68.8,66.4,64.0,65.48,10.666666666666671,5.420906103072822,27411800,False,False
DKFT.JK,710.0,710.0,710.0,690.0,675.0,660.0,691.75,10.0,1.8384576622047395,5734700,False,False
DIVA.JK,141.0,138.66666666666666,137.8,137.9,136.9,126.08,131.87,14.920000000000002,2.4395113657459486,3242100,False,False
DILD.JK,121.0,121.33333333333333,121.4,121.9,119.3,116.58,118.86,5.320000000000007,1.7005708120899896,11196900,True,True
DIGI.JK,29.0,29.0,29.0,29.0,29.0,29.0,31.51,0.0,0.0,0,True,False
DGWG.JK,342.0,344.0,345.6,347.8,339.0,309.28,320.7796017456055,19.26000000000002,2.604836443961163,10863400,False,False
DGNS.JK,280.0,278.0,272.4,256.6,242.1,235.48,241.66,22.260000000000005,3.1329808622917685,860400,False,False
DGIK.JK,138.0,140.66666666666666,141.6,141.0,136.3,131.64,130.73,9.960000000000008,2.603191193335496,10885100,False,False
DFAM.JK,84.0,83.33333333333333,83.2,82.7,81.3,81.8,93.46,2.700000000000003,1.4377750619867387,12434900,True,False
DEWI.JK,159.0,156.33333333333334,156.8,154.8,148.9,131.66,127.06,27.340000000000003,2.1477107922929792,46990000,False,False
DEWA.JK,442.0,445.3333333333333,446.4,447.4,447.5,415.74406494140624,410.3873554992676,15.877967529296882,2.967164566034179,200690100,False,False
DEPO.JK,256.0,255.33333333333334,254.8,252.4,250.3,247.83169189453125,252.84092224121093,4.084154052734377,1.1157699134750854,32600,True,False
DEFI.JK,106.0,106.66666666666667,107.0,106.3,106.1,106.56,127.94,1.0,2.043311535448342,6576200,True,False
DCII.JK,201600.0,201400.0,201280.0,200570.0,202351.25,197037.5,195425.5,212.55,1.9714437448658189,300,False,False
DAYA.JK,1100.0,1116.6666666666667,1117.0,1121.5,1074.0,1016.7,1035.1,20.95999999999999,1.2394846129602788,14500,False,False
DATA.JK,1820.0,1860.0,1870.0,1848.0,1875.5,1990.8,1935.25,34.15999999999999,2.9577884941947934,3441800,False,False
DART.JK,160.0,160.66666666666666,161.4,162.5,167.35,143.06,139.88,24.289999999999992,0.6357575819277207,336000,False,False
DADA.JK,50.0,50.0,50.0,50.0,50.0,50.0,50.0,0.0,0.0,30000,True,False
DAAZ.JK,1655.0,1671.6666666666667,1673.0,1678.5,1703.25,1605.3,1764.1388830566407,19.59000000000001,1.237226176512234,981200,False,False
CYBR.JK,515.0,520.0,527.0,532.0,546.25,564.7,593.275,9.940000000000008,1.8365538749340282,26251100,False,False
CUAN.JK,940.0,936.6666666666666,932.0,891.0,853.75,735.6,814.91,40.879999999999995,3.735322684647893,252878900,False,False
CTTH.JK,128.0,128.66666666666666,129.8,128.5,129.0,126.28,140.1,3.5200000000000102,2.230309883940849,5679700,True,False
CTRA.JK,625.0,630.0,634.0,632.5,624.25,590.7452624511719,595.8647277832031,8.650947509765615,1.810337305076901,14368600,False,False
CTBN.JK,3070.0,3080.0,3088.0,3110.0,3378.5,4200.5,4794.321875,113.05,0.7994660946928902,46300,False,False
CSRA.JK,780.0,771.6666666666666,774.0,771.5,762.75,762.4,801.2,3.5200000000000045,1.1549247512882599,158700,True,False
CSMI.JK,183.0,183.0,183.0,180.3,158.85,109.98,99.76,73.02,6.068578431864786,0,False,False
CSIS.JK,212.0,213.33333333333334,214.0,217.4,216.2,189.34160034179686,173.94300117492676,14.029199829101572,2.519918655184925,927200,False,False
CSAP.JK,296.0,298.0,296.8,294.6,292.8,288.92662048339844,282.1180670166016,4.536689758300781,2.4046429759387715,13500,True,False
CRSN.JK,139.0,139.0,138.0,136.2,129.55,114.3,110.46846061706543,24.700000000000003,3.4096211759302824,793100,False,False
CRAB.JK,218.0,218.66666666666666,218.8,215.0,211.5,209.4,209.62,4.700000000000003,2.956938479284204,1125700,True,True
CPRO.JK,50.0,50.0,50.0,50.0,50.4,50.36,51.94,0.3999999999999986,0.0,5891400,True,False
CPIN.JK,3260.0,3270.0,3260.0,3145.0,3092.5,3128.4,3449.423679199219,17.75,3.4094728121152884,59699300,False,False
COIN.JK,815.0,846.6666666666666,844.0,828.5,789.75,725.6,839.0,24.21333333333332,2.7160968536628314,69887900,False,False
COCO.JK,144.0,140.0,136.4,123.7,112.25,122.26784194946289,198.94584541320802,31.75,7.746019086051996,1142614300,False,False
COAL.JK,31.0,31.0,31.0,31.0,31.0,25.7,36.85,5.300000000000001,0.0,0,True,False
CNMA.JK,93.0,93.33333333333333,93.0,92.9,93.25,91.98,93.88,1.3533333333333246,1.1202761891713457,24487800,True,False
CNKO.JK,37.0,37.0,37.0,37.0,37.0,37.0,41.5,0.0,0.0,0,True,False
CMRY.JK,4500.0,4580.0,4608.0,4626.890234375,4589.818896484375,4537.609638671875,4479.78478515625,12.689023437499964,2.3118586783288464,2242700,False,False
CMPP.JK,69.0,69.0,69.0,69.0,69.0,69.0,72.18,0.0,0.0,0,True,False
CMNT.JK,755.0,743.3333333333334,740.0,743.5,761.5,781.6,788.75,8.320000000000004,1.6453815530359346,22275800,False,False
CMNP.JK,1500.0,1471.6666666666667,1448.0,1422.5,1396.0,1368.8,1409.4,26.24000000000001,1.0011452593039216,264200,False,False
CLPI.JK,1630.0,1630.0,1626.0,1614.0,1605.25,1561.5,1505.3008081054688,13.7,0.3100901274011106,161600,False,False
CLEO.JK,434.0,426.6666666666667,422.4,414.0,401.1,388.87,386.759504699707,22.564999999999998,1.942644667885439,25620500,False,False
CLAY.JK,2790.0,2763.3333333333335,2738.0,2727.0,2743.5,2628.2,2717.2,16.180000000000017,1.3540090445553483,14800,False,False
CITY.JK,194.0,192.66666666666666,187.2,181.8,178.7,172.3,174.91,21.69999999999999,2.330393727128055,2848900,False,False
CITA.JK,3630.0,3580.0,3516.0,3400.0,3307.5,3230.6,3249.0748461914063,39.94000000000001,1.0403198184256315,150800,False,False
CINT.JK,187.0,186.66666666666666,187.0,184.6,181.15,174.02,180.26,12.97999999999999,1.028591634793728,254900,False,False
CHIP.JK,825.0,828.3333333333334,829.0,831.0,858.25,898.7306811523438,943.4625286865235,14.746136230468755,0.943490745947611,101800,False,False
CHEM.JK,73.0,73.0,71.8,71.1,70.2,66.34,70.78847908020019,6.659999999999997,2.3133931560265784,17993000,False,False
CHEK.JK,133.0,134.33333333333334,134.4,134.0,134.05,130.98,130.17,3.420000000000016,1.9754284356507839,715500,True,False
CGAS.JK,151.0,152.33333333333334,152.4,151.2,151.0,150.56,155.62777648925783,1.8400000000000034,0.7521717108758783,2574800,True,False
CFIN.JK,378.0,375.3333333333333,371.2,363.4,358.4,345.24,322.5002151489258,16.379999999999995,0.879997765716836,3244200,False,False
CENT.JK,115.0,111.33333333333333,106.8,105.7,98.15,86.38,86.45,28.620000000000005,6.446025442337362,67742600,False,False
CEKA.JK,2200.0,2196.6666666666665,2194.0,2188.0,2195.5,2184.2,2179.834375,1.5800000000000183,0.28938200069357,65000,True,False
CDIA.JK,695.0,703.3333333333334,704.0,693.0,694.25,668.4,767.1214538574219,7.1200000000000045,2.4898943438642953,45584000,False,False
CCSI.JK,286.0,286.6666666666667,286.8,279.8,268.7,256.48,256.36,15.159999999999997,3.9579637978453057,1863600,False,False
CBUT.JK,1035.0,970.0,947.0,948.5,863.25,827.5,771.81,41.5,8.548387889605124,1171800,False,False
CBRE.JK,750.0,748.3333333333334,746.0,725.0,705.0,700.4,758.6,9.920000000000005,3.100869161507757,9041300,False,False
CBPE.JK,494.0,509.6666666666667,520.8,508.0,521.5,402.79941528320313,348.5606530761719,59.350292358398434,5.957007930686967,177700,False,False
CBDK.JK,4030.0,4056.6666666666665,4066.0,3938.0,3852.0,3681.8,3901.384267578125,38.41999999999998,2.6081850756375387,2429800,False,False
CASS.JK,1830.0,1830.0,1836.0,1849.0,1861.5,1864.2,1827.9,6.840000000000009,0.8300213650531605,289800,False,False
CASH.JK,226.0,228.66666666666666,225.6,234.0,225.4,215.64,209.42,9.180000000000007,3.52293175213533,341500,False,False
CASA.JK,1805.0,1803.3333333333333,1802.0,1803.5,1817.25,1830.6,1642.0,5.719999999999982,0.2427041984617908,9800,True,False
CARS.JK,114.0,113.0,112.8,110.5,103.15,93.44,92.34,20.560000000000002,1.6415991040637512,18715700,False,False
CARE.JK,400.0,409.3333333333333,428.0,437.8,434.8,428.12,419.24,18.900000000000006,2.8876271954329695,1796500,False,False
CANI.JK,135.0,135.0,135.0,135.0,135.0,135.0,140.18,0.0,0.0,0,True,False
CAMP.JK,172.0,172.0,172.0,171.4,170.9,170.1,179.78,1.9000000000000057,0.7841999097848924,433200,True,False
CAKK.JK,159.0,159.33333333333334,159.4,157.8,150.65,141.98,147.09,17.420000000000016,1.5687619580567833,147100,False,False
BYAN.JK,13775.0,13783.333333333334,13795.0,14037.5,14297.5,12803.5,11785.895166015625,59.76,1.5054661786810144,1514700,False,False
BWPT.JK,132.0,131.0,130.4,121.0,109.1,91.62,96.21,40.379999999999995,7.168739410407646,371796900,False,False
BVIC.JK,95.0,94.66666666666667,95.0,94.6,93.55,89.92,93.28,5.079999999999998,1.2628710376596135,1820300,True,True
BUVA.JK,735.0,741.6666666666666,756.0,753.0,743.0,800.2,857.25,13.04000000000001,3.660305490776894,44969700,False,False
BUMI.JK,222.0,222.66666666666666,216.8,207.2,197.0,174.16,180.31,24.25333333333333,3.1185761889037504,1606273500,False,False
BULL.JK,434.0,433.3333333333333,437.6,440.8,439.6,405.4,415.33,17.700000000000017,3.102304306615693,419069000,False,False
BUKK.JK,970.0,988.3333333333334,990.0,989.0,999.75,1039.6,1054.35,13.919999999999982,1.2110813459973908,179800,False,False
BUKA.JK,114.0,113.66666666666667,114.0,111.3,112.8,110.42,120.99,3.5799999999999983,2.8027761396375643,217779500,True,False
BUDI.JK,224.0,228.0,228.8,231.8,226.4,215.52,211.8,8.14,1.290315195611579,269100,False,False
BUAH.JK,498.0,502.6666666666667,503.6,504.3,507.15,508.46,509.71662689208983,5.22999999999999,0.8310134815717635,418500,True,False
BTPS.JK,1050.0,1060.0,1041.0,1012.5,998.75,998.7,990.2596081542969,12.259999999999991,1.6318317892387821,3263900,False,False
BTPN.JK,2420.0,2416.6666666666665,2444.0,2353.0,2259.5,2216.4,2184.695157470703,22.75999999999999,2.7457096838752295,7600,False,False
BTON.JK,362.0,362.0,363.6,363.0,363.7,358.8,363.92,2.4499999999999886,0.7930375247704673,5500,True,False
BTEK.JK,11.0,10.666666666666666,10.4,10.2,10.35,10.58,11.28,0.8000000000000007,7.39108240879195,77225300,False,False
BSSR.JK,4970.0,4916.666666666667,4918.0,4781.0,4595.5,4364.6,4000.834606933594,60.539999999999964,1.9370558516980318,1214800,False,False
BSML.JK,535.0,526.6666666666666,523.0,519.5,519.25,516.94,468.61,3.611999999999989,1.27760514651848,14596100,True,True
BSIM.JK,1150.0,1150.0,1171.0,1049.5,874.75,767.8,785.3,80.64000000000001,11.343464342892817,349500,False,False
BSDE.JK,645.0,653.3333333333334,659.0,653.5,634.75,596.0,639.45,12.6,1.7143215320726162,15512000,False,False
BSBK.JK,50.0,50.0,50.0,50.0,51.2,51.74,53.66,1.740000000000002,0.0,1505100,True,False
BRRC.JK,75.0,74.66666666666667,74.6,75.2,72.8,63.98,65.5,11.220000000000006,2.15646084095781,8256800,False,False
BRPT.JK,1735.0,1755.0,1771.0,1796.0,1829.25,1764.3041748046876,1795.1988134765625,18.85,2.2237470085508697,71220700,False,False
BRNA.JK,635.0,626.6666666666666,623.0,611.0,623.25,611.7,621.6,4.8,0.937869081919751,293700,True,False
BRMS.JK,705.0,710.0,715.0,729.0,693.5,609.0,645.35,24.0,2.5538837985565643,215943300,False,False
BRIS.JK,1775.0,1773.3333333333333,1782.0,1784.5,1784.25,1788.2,1812.5250109863282,2.9733333333333576,0.582023801541202,12359000,True,False
BREN.JK,3300.0,3310.0,3330.0,3350.0,3419.0,3392.955654296875,3685.3197119140623,11.9,1.671691559870271,8622000,False,False
BRAM.JK,4620.0,4630.0,4628.0,4620.0,4603.0,4542.6,4461.869123535156,8.739999999999963,1.113045789872175,200,False,False
BPTR.JK,74.0,74.66666666666667,74.6,75.1,75.75,73.28,75.26,2.469999999999999,1.2564481539454746,1295500,True,False
BPII.JK,476.0,474.0,473.6,482.4,479.7823760986328,453.0079681396484,455.92042572021484,14.696015930175776,1.2597343843521949,300,False,False
BPFI.JK,248.0,248.66666666666666,248.4,245.4,249.4,250.9701663208008,253.6783348083496,2.78508316040039,0.6726706112433314,48900,True,False
BOLT.JK,815.0,805.0,807.0,802.0,798.25,792.5,808.5914141845703,4.5,1.8421819745263146,22100,True,False
BOLA.JK,186.0,186.66666666666666,178.4,165.0,157.2,157.4,158.64,29.46666666666667,4.893115427164191,2099700,False,False
BOGA.JK,1660.0,1623.3333333333333,1625.0,1628.0,1608.25,1581.1,1457.3,15.780000000000019,3.680940388205398,74100,False,False
BOBA.JK,214.0,215.33333333333334,217.6,215.2,212.6,230.64,253.05258575439453,9.019999999999996,1.3097696561237517,2435400,False,False
BOAT.JK,140.0,138.0,138.8,142.7,141.5,128.02,126.46,14.679999999999978,2.4272739711716627,11872300,False,False
BNLI.JK,2160.0,2150.0,2152.0,2158.0,2154.5,2244.4,2643.4,9.440000000000008,0.5955720245590701,32800,False,False
BNII.JK,192.0,193.33333333333334,194.0,194.1,193.45,191.62,193.01835845947267,2.4799999999999898,0.6186783019898802,3198300,True,False
BNGA.JK,1760.0,1736.6666666666667,1725.0,1708.0,1686.75,1642.0,1635.9391259765625,23.6,0.7213351222780808,5451900,False,False
BNBR.JK,98.0,99.0,99.4,99.6,100.1,97.9238296508789,117.22768531799316,2.1761703491210938,2.5803341912998277,724281200,True,False
BNBA.JK,825.0,808.3333333333334,800.0,777.5,753.25,746.4,740.35,15.720000000000004,3.6701038168807916,1044800,False,False
BMTR.JK,114.0,115.66666666666667,116.8,115.5,115.35,115.44,127.19,2.799999999999997,2.0742980114487857,44642100,True,False
BMSR.JK,316.0,316.6666666666667,317.6,314.6,311.9,306.84,307.22,5.380000000000024,1.2274953832733904,30600,True,False
BMRI.JK,4390.0,4403.333333333333,4418.0,4346.0,4255.5,4207.4,4179.406723632813,21.060000000000038,1.2083777588131754,125622500,False,False
BMHS.JK,200.0,201.33333333333334,198.6,195.7,192.45,185.18,183.70226379394532,16.153333333333336,1.2776315825238165,553800,False,False
BMBL.JK,33.0,30.333333333333332,29.2,28.3,28.95,30.66,32.63,4.699999999999999,5.595090750861175,73347200,False,False
BMAS.JK,530.0,535.0,523.0,515.3,508.0,492.0,491.84,8.6,5.285584619743098,904000,False,False
BLUE.JK,2940.0,3016.6666666666665,3018.0,2887.0,2691.5,2747.6,2962.7234326171874,32.65,6.480820903132391,235000,False,False
BLTA.JK,33.0,32.666666666666664,32.6,32.8,32.8,32.9,35.23,0.3999999999999986,2.4194335954802426,2556300,True,False
BLOG.JK,372.0,376.0,378.0,380.0,380.9,367.0,357.7901727294922,6.949999999999989,0.9328906270405375,1345900,False,False
BLES.JK,202.0,195.0,194.8,199.3,203.45,179.5,163.73858123779297,11.974999999999994,2.9650827959703374,23495700,False,False
BKSW.JK,55.0,55.0,55.0,53.8,53.05,52.44,53.71,2.5600000000000023,2.18745228671133,2494500,True,True
BKSL.JK,73.0,74.0,74.8,74.8,75.1,70.26,77.23,4.839999999999989,2.0747538489252086,129629500,True,False
BKDP.JK,191.0,186.0,173.6,162.3,165.65,152.1,130.03,38.900000000000006,9.20212618836406,40129400,False,False
BJTM.JK,530.0,530.0,530.0,527.0,521.75,518.0,519.3074096679687,2.4,0.601743354007455,5849800,True,True
BJBR.JK,800.0,801.6666666666666,802.0,797.0,792.75,784.2,777.6847479248047,3.5599999999999907,0.4237694915744641,5875500,True,True
BISI.JK,730.0,733.3333333333334,735.0,728.0,707.75,673.9,693.7056036376953,12.220000000000004,1.5728865956036324,124600,False,False
BIRD.JK,1625.0,1623.3333333333333,1626.0,1626.5,1632.0,1603.6,1516.1357983398439,5.680000000000018,0.36840520718998515,429200,True,False
BIPP.JK,69.0,69.66666666666667,69.2,68.0,67.8,65.9,67.8,3.7666666666666657,2.037618612867177,7706800,True,True
BIPI.JK,158.0,151.0,149.4,149.3,149.0,143.7,170.43,14.300000000000011,3.919615899416657,4038562300,False,False
BINO.JK,120.0,120.0,120.0,118.1,116.1,108.56,108.65,11.439999999999998,0.9257345133538322,181300,False,False
BINA.JK,4180.0,4180.0,4176.0,4193.0,4166.0,4091.0,4014.2,10.2,3.0406573390357368,144200,False,False
BIKE.JK,985.0,908.3333333333334,834.0,827.5,673.65,575.46,545.48,81.90799999999999,13.190735112775743,1368100,False,False
BHIT.JK,26.0,25.666666666666668,25.4,25.4,25.45,25.6,27.83,0.6000000000000014,2.5217039468441316,3985400,True,False
BHAT.JK,1770.0,1770.0,1770.0,1770.0,1770.0,1770.0,1528.4,0.0,0.0,0,True,False
BGTG.JK,121.0,121.33333333333333,122.2,120.5,115.25,112.2,113.7,10.0,2.9976692383351473,3935000,False,False
BFIN.JK,1010.0,1015.0,992.0,962.0,928.5,862.1,789.8776629638672,30.579999999999995,3.2062737254468323,17206500,False,False
BEST.JK,134.0,135.33333333333334,136.2,133.7,125.5,111.42,107.46,24.779999999999987,4.171723260635499,51754600,False,False
BESS.JK,920.0,910.0,905.0,904.0,906.0,907.8,972.8652752685547,3.2,1.4671360747955107,15800,True,False
BELL.JK,116.0,114.33333333333333,114.4,114.2,114.2,112.98,117.68,3.019999999999996,1.3530600339114591,267998700,True,False
BELI.JK,298.0,319.3333333333333,332.8,318.0,290.2,273.0,304.78,29.900000000000006,12.44426425475954,3458900,False,False
BEKS.JK,24.0,23.333333333333332,23.4,23.2,23.25,21.94,22.91,2.0599999999999987,2.4293831751076618,7543400,True,True
BEER.JK,80.0,81.0,81.2,82.1,80.5,78.42,92.65,3.6799999999999926,4.382997126062962,11472200,False,False
BEEF.JK,436.0,440.0,445.6,447.8,449.7,365.5,272.14,42.099999999999994,2.155403495521839,3950200,False,False
BDMN.JK,4540.0,4450.0,4456.0,4387.0,4321.0,4194.8,4174.9,34.51999999999998,1.6930423681261735,9157700,False,False
BDKR.JK,158.0,157.0,156.4,156.1,158.6,153.96,149.85124641418457,4.639999999999986,1.1071895792747581,4900000,True,True
BCIP.JK,63.0,63.0,63.0,62.8,63.05,61.9,64.34,1.1499999999999986,0.9100653298677864,4180700,True,False
BCIC.JK,131.0,133.33333333333334,134.4,134.9,132.1,126.54,124.14,8.36,2.772377186553186,1048000,False,False
BCAP.JK,50.0,50.0,50.0,50.0,50.0,50.04,50.51,0.03999999999999915,0.0,44800,True,False
BBYB.JK,260.0,263.3333333333333,266.8,263.4,257.5,246.36,258.84,10.219999999999999,2.6630292260384834,27622400,False,False
BBTN.JK,1220.0,1235.0,1240.0,1236.0,1224.0,1210.7,1249.4,5.8599999999999905,1.465688853527721,19825600,True,False
BBSS.JK,96.0,97.33333333333333,98.6,100.2,102.15,98.32,118.1,6.150000000000006,2.7986378732188757,13465100,False,False
BBSI.JK,4670.0,4670.0,4670.0,4676.0,4669.0,4676.2,4633.9,0.7199999999999818,0.310485711257026,3500,True,False
BBRM.JK,129.0,123.0,121.8,118.7,116.9,116.7,121.33,12.299999999999997,2.8075815184927047,91772500,False,False
BBRI.JK,3420.0,3400.0,3400.0,3336.0,3237.0,3049.8,3033.9260766601565,37.01999999999998,1.3382534221813882,156865000,False,False
BBNI.JK,3820.0,3866.6666666666665,3900.0,3862.0,3747.5,3594.4,3632.8,30.55999999999999,1.2399785991734091,52644400,False,False
BBMD.JK,1985.0,1976.6666666666667,1968.0,1985.0,1989.5,1970.7,1950.6104638671875,4.3,1.5027153733084502,17900,True,False
BBLD.JK,665.0,673.3333333333334,679.0,687.5,663.0,609.4,618.7580169677734,15.620000000000005,3.1711220558222815,30500,False,False
BBKP.JK,54.0,54.0,54.0,54.3,54.7,53.6,55.36,1.1000000000000014,1.05020149119774,29371800,True,False
BBHI.JK,900.0,900.0,900.0,898.0,900.5,912.3176110839844,972.528461303711,2.863522216796878,1.3648035131232152,21695700,True,False
BBCA.JK,6525.0,6608.333333333333,6660.0,6587.528955078125,6460.24130859375,6312.146689453125,6140.754794921875,13.914132421875001,1.3533728718133253,193375100,False,False
BAYU.JK,1360.0,1351.6666666666667,1356.0,1347.0,1292.75,1206.2,1191.12591796875,30.75999999999999,1.587272466540668,151700,False,False
BAUT.JK,41.0,38.666666666666664,37.6,37.7,36.95,32.32,30.75,8.68,4.515629566425663,10339500,False,False
BATR.JK,94.0,93.33333333333333,93.6,93.7,94.5,91.2,89.1851725769043,3.299999999999997,0.9899036146298742,125900,True,False
BATA.JK,59.0,59.0,59.0,59.0,59.0,59.0,60.94,0.0,0.0,0,True,False
BAPI.JK,23.0,21.333333333333332,20.4,19.3,19.15,17.7,20.01,5.300000000000001,4.309138730155401,21280900,False,False
BAPA.JK,138.0,138.33333333333334,138.4,148.6,146.85,206.14,219.31,68.13999999999999,8.105918600136917,10625000,False,False
BANK.JK,268.0,268.6666666666667,271.2,273.4,272.1,276.68,338.1,4.340000000000003,1.7969866345891514,3726000,True,False
BALI.JK,1320.0,1313.3333333333333,1327.0,1344.5,1293.5,1257.8,1255.0,17.34000000000001,4.814731057754963,11100,False,False
BAJA.JK,314.0,293.3333333333333,286.4,286.2,303.0,249.9,200.51,32.05,6.72410122488415,83688000,False,False
BAIK.JK,270.0,268.6666666666667,269.2,269.6,305.2,538.6,567.12,134.96666666666667,3.1002758892983575,8946100,False,False
BACA.JK,119.0,119.33333333333333,120.0,119.7,118.15,113.3,119.07,6.700000000000003,1.543510377808064,1762000,False,False
BABY.JK,212.0,212.0,212.0,213.0,217.3,195.96,200.67,10.670000000000002,2.056077752156156,2092800,False,False
BABP.JK,50.0,50.0,50.0,50.0,50.0,50.0,50.42,0.0,0.0,150200,True,False
AYLS.JK,161.0,159.33333333333334,157.8,154.8,154.75,155.04,155.88,6.25,1.6287507333800446,1710900,False,False
AYAM.JK,490.0,492.0,492.0,485.4,476.8,424.12,377.34,33.94,1.4248696230355307,11748700,False,False
AXIO.JK,116.0,116.0,115.6,116.0,114.8,112.72,110.49386238098144,3.280000000000001,1.3455579094848371,1229400,True,True
AWAN.JK,162.0,165.66666666666666,166.6,167.9,165.15,156.6,152.33,11.300000000000011,2.2399731716633937,718700,False,False
AVIA.JK,368.0,368.6666666666667,369.6,366.8,355.0,335.84,341.80193572998047,16.880000000000024,2.084113087522326,5369000,False,False
AUTO.JK,3320.0,3340.0,3348.0,3368.0,3169.0,2833.4,2675.7949096679686,53.459999999999994,2.323954759276785,5194300,False,False
ATLA.JK,50.0,50.0,50.0,50.0,50.0,50.04,50.43683895111084,0.03999999999999915,0.0,805800,True,False
ATIC.JK,468.0,468.0,466.0,466.2,464.8,470.4,488.09,2.799999999999983,1.2030063672207947,42800,True,False
ATAP.JK,560.0,556.6666666666666,556.0,554.5,577.0,546.14,497.01,6.172000000000002,2.4953473386924014,929300,False,False
ASSA.JK,635.0,646.6666666666666,644.0,639.5,635.0,618.3,649.2203125,5.673333333333335,1.6260008164051425,18406200,True,False
ASRM.JK,284.0,282.6666666666667,282.0,280.0,275.3,265.24,264.95270477294923,9.379999999999995,1.3439901710976005,48000,False,False
ASRI.JK,127.0,127.33333333333333,128.0,126.8,125.65,121.24,120.42078910827637,6.760000000000005,1.4036029507676566,14754300,False,False
ASPR.JK,146.0,146.0,147.2,150.9,153.05,150.36,202.10817535400392,7.050000000000011,3.3169065758235936,7499400,False,False
ASPI.JK,500.0,469.6666666666667,450.2,426.9,410.85,423.96,408.33,44.57499999999999,8.189196142585006,8864800,False,False
ASMI.JK,17.0,16.0,15.4,15.5,15.9,16.36,16.66,1.5999999999999996,6.016156362427185,18110800,False,False
ASLI.JK,404.0,399.3333333333333,390.0,342.8,283.45,232.26,256.71,85.87,7.881023162623283,74477600,False,False
ASLC.JK,68.0,68.0,68.4,68.0,65.7,63.6,66.3,4.800000000000004,2.706860499369771,5454800,True,True
ASJT.JK,162.0,161.66666666666666,161.8,161.9,159.7,159.2,165.67616424560546,2.8000000000000114,1.0298267048109868,822700,True,False
ASII.JK,4850.0,4896.666666666667,4928.0,4879.0,4834.0,4903.6,5121.250859375,9.4,2.0869515132429557,35658000,False,False
ASHA.JK,60.0,58.333333333333336,58.2,58.0,58.55,57.48,62.26,2.520000000000003,2.253629421413874,89104400,True,False
ASGR.JK,2160.0,2163.3333333333335,2164.0,2168.0,1991.0,1875.8,1711.1897143554688,29.220000000000006,4.358466919888873,496600,False,False
ASDM.JK,510.0,513.3333333333334,516.0,515.0,513.0,511.35029052734376,507.2665579223633,1.2,1.3406433621799216,28100,True,False
ASBI.JK,400.0,401.3333333333333,402.4,402.8,408.2,415.8,410.7329528808594,7.900000000000006,2.5163329552240494,10100,False,False
ARTO.JK,1005.0,1016.6666666666666,1028.0,1013.0,1065.25,1143.2,1142.95,27.640000000000008,2.286645520872483,14522600,False,False
ARTA.JK,2350.0,2330.0,2320.0,2295.0,2296.5,2429.0,2432.35,13.4,1.8360029969025846,6900,False,False
ARNA.JK,515.0,511.6666666666667,511.0,504.3,498.75,484.82,472.01,6.036000000000001,0.6728068097958532,6696500,False,False
ARKO.JK,4780.0,4793.333333333333,4784.0,4869.0,5064.5,4916.0,6037.95,28.45,1.6465555763380344,2991900,False,False
ARKA.JK,22.0,22.0,22.0,22.0,22.0,22.0,25.4,0.0,0.0,0,True,False
ARII.JK,306.0,309.3333333333333,308.0,301.2,293.5,281.8,282.12,13.766666666666652,1.3752584952793165,82100,False,False
ARGO.JK,1175.0,1171.6666666666667,1172.0,1161.5,1157.5,1111.8,1013.4,12.64000000000001,0.7355505627553613,177300,False,False
AREA.JK,340.0,340.0,339.2,339.0,314.2,282.08,275.1,28.960000000000008,2.6371008252416916,1269100,False,False
ARCI.JK,1345.0,1323.3333333333333,1329.0,1340.0,1324.75,1162.0,1210.9477673339843,36.6,3.3020375146568366,46983400,False,False
APLN.JK,131.0,133.33333333333334,134.8,135.3,134.95,129.2,141.8,6.100000000000023,2.2314475561752487,28186100,False,False
APLI.JK,282.0,276.6666666666667,277.2,275.2,269.8,256.44,243.85626007080077,12.780000000000001,1.589046873217828,780800,False,False
APII.JK,193.0,192.33333333333334,192.0,191.8,190.55,186.8120880126953,183.9024172973633,6.1879119873046875,0.3301715363682163,174200,False,False
APIC.JK,510.0,510.0,511.0,511.5,526.5,602.0,894.6,18.4,1.8241640845914115,527600,False,False
APEX.JK,210.0,206.66666666666666,204.4,199.2,190.65,163.52,159.79,23.239999999999995,2.1377828062447466,24330600,False,False
ANTM.JK,3200.0,3120.0,3126.0,3118.0,3116.0,3021.0,3047.680349121094,17.9,2.125379745513033,205956800,False,False
ANJT.JK,1610.0,1600.0,1598.0,1599.0,1568.0,1503.5,1573.95,21.3,0.6807209812144123,86800,False,False
ANDI.JK,23.0,21.666666666666668,20.4,18.5,17.9,17.68,19.23,5.32,4.564930035041211,33878600,False,False
AMRT.JK,1310.0,1311.6666666666667,1314.0,1326.5,1356.75,1366.5,1361.2428479003906,11.3,1.2916497132694111,40247100,False,False
AMOR.JK,372.0,372.6666666666667,367.6,361.8,359.9,347.44,344.46,12.613333333333344,1.1924164845455079,251600,False,False
AMMS.JK,212.0,220.66666666666666,216.0,221.4,199.9,252.04,311.12,26.069999999999993,6.7185444197378885,431800,False,False
AMMN.JK,4910.0,4663.333333333333,4562.0,4463.0,4398.5,4084.8,4044.5,82.51999999999998,2.8566898940193233,122894600,False,False
AMIN.JK,244.0,243.33333333333334,242.0,242.6,242.4,243.24,247.9,1.0,1.6155644763450823,29000,True,False
AMFG.JK,3330.0,3330.0,3330.0,3330.0,3329.5,3228.6312744140623,3132.3980712890625,10.136872558593769,0.0,25300,False,False
AMAR.JK,232.0,233.33333333333334,234.4,233.8,229.00499954223633,215.09375518798828,200.8278857421875,9.653122406005863,0.9880457928833322,536900,False,False
AMAN.JK,232.0,232.0,232.8,229.0,233.3,248.24,254.64,9.620000000000005,1.9251353270214184,141700,False,False
AMAG.JK,388.0,388.6666666666667,389.2,389.4,389.1,389.28,393.6791934204102,0.6999999999999886,0.29167042642255225,498600,True,False
ALKA.JK,4530.0,4133.333333333333,4106.0,4343.0,3984.0,2314.6,1446.17,221.54000000000002,6.163104866747279,51500,False,False
ALII.JK,795.0,786.6666666666666,787.0,784.0,791.0,762.1,802.449204711914,6.579999999999996,2.4442163741021075,493200,False,False
ALDO.JK,945.0,941.6666666666666,947.0,941.0,926.75,824.0697106933594,743.2446820068359,24.58605786132812,1.4890243286402245,102200,False,False
AKSI.JK,314.0,294.6666666666667,293.6,269.8,250.9,234.56,246.14,39.72,9.631981285102922,11415900,False,False
AKRA.JK,1550.0,1508.3333333333333,1462.0,1431.0,1411.75,1368.0860205078125,1339.105859375,36.38279589843751,3.2873085648533675,29606000,False,False
AKPI.JK,530.0,531.6666666666666,534.0,522.8,514.45,502.26,504.69351348876955,6.348000000000002,1.70341154925573,307400,False,False
AKKU.JK,38.0,38.0,38.0,38.0,38.0,38.0,38.0,0.0,0.0,0,True,False
AISA.JK,117.0,117.33333333333333,118.0,118.4,118.85,113.46,112.78,5.390000000000001,1.7034508453112824,13022200,True,True
AIMS.JK,510.0,511.6666666666667,514.0,475.0,430.1,408.04,410.74,21.191999999999997,8.519090422266078,483800,False,False
AHAP.JK,101.0,101.33333333333333,101.4,100.3,99.85,95.72,95.34,5.680000000000007,2.651775841851109,6521300,True,True
AGRS.JK,62.0,62.666666666666664,63.4,62.2,61.55,61.14,63.3,2.259999999999998,1.9723484418128125,6204700,True,False
AGRO.JK,151.0,153.33333333333334,153.6,151.0,150.3,146.94,157.53,6.659999999999997,1.4013425886499575,6824200,False,False
AGII.JK,2970.0,2983.3333333333335,2992.0,2970.0,2922.0,2923.2,2884.9171557617187,7.0,2.1048912995615106,53500,False,False
AGAR.JK,1600.0,1460.0,1496.0,1653.0,1684.75,1010.84,621.06,134.78199999999998,7.2909883718076385,782600,False,False
AEGS.JK,52.0,49.666666666666664,48.4,47.4,44.9,42.48,44.65,9.520000000000003,2.9997407543595296,17798300,False,False
ADRO.JK,2690.0,2693.3333333333335,2708.0,2718.0,2635.5,2522.6,2439.2062182617187,19.54000000000001,3.18907811574043,68999600,False,False
ADMR.JK,1675.0,1651.6666666666667,1654.0,1673.0,1660.25,1560.8,1598.2517419433593,22.84000000000001,2.903309582885745,36754200,False,False
ADMG.JK,274.0,273.3333333333333,276.8,265.6,261.4,235.28,219.28,20.760000000000005,3.5377500463896276,1273400,False,False
ADMF.JK,8725.0,8716.666666666666,8720.0,8720.0,8695.0,8460.0,8407.25,10.6,0.1629395559592672,41900,False,False
ADHI.JK,133.0,133.0,133.0,133.0,136.05,148.96,162.64,15.960000000000008,0.0,0,False,False
ADES.JK,31325.0,31458.333333333332,31605.0,31910.0,32363.75,33652.5,28112.0,93.1,0.25558378252741015,21700,False,False
ADCP.JK,50.0,50.0,50.0,50.0,50.0,50.0,50.21,0.0,0.0,0,True,False
ACST.JK,117.0,107.33333333333333,101.0,93.8,89.8,84.9,85.31,32.099999999999994,3.7062008728153795,7830900,False,False
ACRO.JK,67.0,67.33333333333333,66.8,66.1,64.5,62.21740005493164,63.126511116027835,5.115933278401691,2.033010080661535,6343200,True,True
ACES.JK,354.0,356.0,356.4,356.0,357.1,351.64,341.55629089355466,2.730000000000018,0.9601948433543198,11695700,True,True
ABMM.JK,2930.0,2903.3333333333335,2886.0,2815.0,2749.5,2572.6,2584.3799853515625,35.74000000000001,1.160350911522051,892700,False,False
ABDA.JK,5200.0,4876.666666666667,4596.0,4260.0,4038.5,3684.4,3467.8,60.623999999999995,4.078592821023425,52000,False,False
ABBA.JK,30.0,30.0,30.0,30.0,30.0,30.0,33.65,0.0,0.0,0,True,False
AALI.JK,8600.0,8500.0,8525.0,8342.5,8021.25,7144.0,7082.649096679687,58.24,1.8150996289381418,1609900,False,False
AADI.JK,12450.0,11966.666666666666,11665.0,11102.5,10373.75,9335.5,9018.842880859374,124.58,2.7352967461346402,21942700,False,False
