Ticker,Close,MA3,MA5,MA10,MA20,MA50,MA100,Range_Ticks,Vol_Pct,Volume,MA_Tight,Signal
ZYRX.JK,132.0,131.0,130.4,130.3,127.7,128.6,132.5623863220215,4.299999999999997,1.7808614799874394,180500,True,False
ZONE.JK,780.0,788.3333333333334,757.0,737.5,736.25,639.8,495.372799987793,29.706666666666685,4.6539797305869115,52700,False,False
ZINC.JK,30.0,30.0,30.0,30.0,30.0,30.0,30.0,0.0,0.0,0,True,False
YUPI.JK,1430.0,1443.3333333333333,1440.0,1369.5,1335.25,1336.0,1399.3431579589844,21.616666666666653,2.912168984379078,186000,False,False
YULE.JK,3450.0,3466.6666666666665,3472.0,3479.0,3456.5,3401.6,3367.0035571289063,7.740000000000009,1.2253462530999155,136200,False,False
YPAS.JK,1455.0,1443.3333333333333,1469.0,1423.5,1056.0,787.4,929.35,136.32,8.927222862014796,89500,False,False
YOII.JK,83.0,82.0,81.6,83.0,83.25,85.12,87.46,3.5200000000000102,1.611786719580869,1809100,True,False
YELO.JK,97.0,91.33333333333333,89.8,91.5,90.6,80.54,86.16,16.459999999999994,6.821550357565026,148139600,False,False
WTON.JK,81.0,80.66666666666667,80.4,80.5,78.75,75.32,79.48428924560547,5.680000000000007,1.7526386893260453,784400,True,False
WSBP.JK,14.0,14.0,14.0,14.0,14.0,14.0,15.33,0.0,0.0,0,True,False
WOWS.JK,59.0,60.333333333333336,60.2,60.3,60.2,58.94,64.24,1.393333333333338,6.145109146939258,3679600,False,False
WOOD.JK,208.0,209.33333333333334,208.4,212.4,216.4,213.76,245.66,4.200000000000003,2.4603061221422013,4563800,True,False
WOMF.JK,272.0,275.3333333333333,276.0,277.4,270.9,258.44,272.4551724243164,9.47999999999999,1.910082482690503,136600,False,False
WMUU.JK,50.0,50.0,50.0,51.6,53.15,51.76,58.18,3.1499999999999986,2.0169141112929796,2397300,True,False
WIRG.JK,77.0,75.0,74.8,72.6,67.0,59.26,65.12,17.740000000000002,6.0080445808556195,101480500,False,False
WINS.JK,545.0,530.0,524.0,521.5,515.25,520.2,516.6594491577148,5.95,1.5778882161853314,2137900,True,True
WINR.JK,21.0,20.333333333333332,20.8,22.3,22.25,21.4,24.88,1.9666666666666686,4.9781268732334265,5795500,False,False
WINE.JK,130.0,127.33333333333333,128.4,130.6,135.8,145.15424072265625,156.36892440795899,17.820907389322926,3.1687657037274755,780200,False,False
WIIM.JK,1640.0,1665.0,1675.0,1707.0,1736.75,1659.2,1665.0712438964845,19.35,2.278359271412796,557300,False,False
WIFI.JK,2100.0,2056.6666666666665,2040.0,2052.5,2006.5,1879.5347583007813,1998.5745715332032,22.046524169921874,4.172725699020074,16434000,False,False
WIDI.JK,26.0,26.333333333333332,26.6,26.0,25.7,25.98,27.75,0.9000000000000021,4.607980225523467,3444600,False,False
WGSH.JK,155.0,153.66666666666666,159.4,169.9,171.65,147.14,129.98,24.51000000000002,4.921550590443412,8577100,False,False
WEHA.JK,109.0,108.66666666666667,108.0,108.0,108.15,104.18,111.99752075195312,4.819999999999993,2.0614341031975374,3673300,True,False
WEGE.JK,55.0,54.666666666666664,55.2,57.3,54.05,51.62,52.79,5.68,8.823371123114264,14287400,False,False
WAPO.JK,171.0,162.66666666666666,156.4,147.0,137.0,123.46,125.28,47.540000000000006,2.8772007008719616,4192000,False,False
VTNY.JK,79.0,83.0,83.8,80.9,73.85,65.8,65.85,18.0,6.323434600492487,18368300,False,False
VRNA.JK,74.0,74.66666666666667,74.6,74.4,75.0,74.74,76.5,1.0,1.4885242973807813,8700,True,False
VOKS.JK,230.0,223.33333333333334,223.6,227.2,224.3,208.8,213.14,10.599999999999994,2.558972045553951,170100,False,False
VKTR.JK,975.0,948.3333333333334,914.0,905.0,859.75,726.16,771.78,49.76800000000001,5.3267550468128695,93311900,False,False
VIVA.JK,50.0,50.0,49.4,53.4,52.5,41.4,40.79,12.0,5.690282173676771,18350600,False,False
VISI.JK,1000.0,1000.0,978.0,951.0,941.25,930.4,880.7,13.920000000000005,4.6790993091081665,475600,False,False
VINS.JK,141.0,140.66666666666666,141.8,142.2,142.0,138.84,146.38,3.359999999999985,1.797779413464679,207800,True,False
VICO.JK,149.0,151.66666666666666,148.8,146.7,144.15,139.78,146.64,11.886666666666656,2.4578145735532257,384500,False,False
VICI.JK,810.0,776.6666666666666,757.0,697.5,645.75,619.9,594.1002664184571,38.02,4.365855824070735,4217300,False,False
VERN.JK,246.0,250.0,245.2,239.8,222.95,188.78,160.35,30.61,4.792889523653529,9318400,False,False
VAST.JK,114.0,112.66666666666667,112.8,114.3,114.7,115.24,118.82,2.5733333333333235,1.3866265968588105,1953500,True,False
UVCR.JK,140.0,140.33333333333334,140.0,141.0,145.65,146.56,170.67152542114258,6.560000000000002,2.210948777252,12222800,False,False
URBN.JK,210.0,212.66666666666666,214.0,212.2,211.6,213.58,206.14,2.0,3.413638548310742,43600,True,False
UNVR.JK,1725.0,1746.6666666666667,1761.0,1779.0,1780.5,1742.9,1681.1900122070313,11.1,1.862587093120501,30769700,False,False
UNTR.JK,24225.0,24233.333333333332,24135.0,23857.5,23782.5,24151.5,25408.202109375,18.033333333333285,1.2658083068594799,2801800,False,False
UNTD.JK,84.0,82.66666666666667,82.0,82.9,82.2,77.74,78.88,6.260000000000005,2.265300750379847,26953800,False,False
UNSP.JK,206.0,206.0,206.0,206.0,206.0,206.56,260.78,0.28000000000000114,0.0,0,True,False
UNIQ.JK,119.0,117.66666666666667,117.0,116.7,115.25,109.08,113.46,9.920000000000002,1.2188633924146683,1767900,False,False
UNIC.JK,15100.0,15050.0,15060.0,15092.5,15132.5,13589.0,12674.6525,61.74,0.5355187492140623,17600,False,False
ULTJ.JK,1500.0,1496.6666666666667,1492.0,1497.5,1497.5,1423.7,1474.05,15.259999999999991,0.8934776549454843,1100200,False,False
UFOE.JK,144.0,142.66666666666666,142.4,142.6,140.6,137.94,141.68,6.060000000000002,1.1039657891439034,116600,False,False
UDNG.JK,1495.0,1508.3333333333333,1446.0,1387.5,1311.5,1310.4,1221.1,39.58666666666663,4.771134192283503,872900,False,False
UCID.JK,494.0,499.0,492.2,469.9,450.55,404.80625305175784,395.51341735839844,47.09687347412108,2.3092696417557024,409900,False,False
UANG.JK,2470.0,2466.6666666666665,2466.0,2450.0,2444.5,2355.3,2750.1,11.469999999999981,2.2102808659012876,144900,False,False
TYRE.JK,112.0,112.33333333333333,112.2,112.5,113.45,112.18,112.17,1.4500000000000028,1.0010843335059458,137700,True,False
TUGU.JK,1370.0,1356.6666666666667,1353.0,1370.0,1304.5,1246.6,1198.0169934082032,24.680000000000017,3.5755170297870507,505600,False,False
TSPC.JK,2760.0,2746.6666666666665,2740.0,2751.0,2789.0,2649.0,2538.3,14.0,1.1556585778094657,109800,False,False
TRUS.JK,444.0,440.6666666666667,442.4,437.2,422.4,413.6191741943359,357.1034732055664,15.190412902832037,7.09611162550848,25900,False,False
TRUK.JK,910.0,845.0,822.0,759.0,711.1,535.0,493.27,75.0,9.091882143541627,1640500,False,False
TRUE.JK,50.0,50.0,50.0,50.0,50.0,50.68,89.17,0.6799999999999997,0.0,0,True,False
TRST.JK,462.0,465.3333333333333,466.0,462.2,459.1,468.8066644287109,466.00541137695313,4.853332214355447,1.242461154629297,51000,True,False
TRON.JK,100.0,99.66666666666667,99.0,100.4,102.7,102.24,112.14,3.700000000000003,3.752493160873987,5465300,True,False
TRJA.JK,124.0,124.66666666666667,123.6,122.6,117.1,112.64,119.87,12.02666666666667,1.2957540690341705,193200,False,False
TRIS.JK,177.0,175.0,174.2,173.0,171.55,166.96,169.12297149658204,10.039999999999992,1.366912743148393,366200,False,False
TRIN.JK,324.0,332.0,330.4,328.4,321.7,333.04,471.42,5.670000000000016,6.441850488222406,29187800,False,False
TRIM.JK,630.0,620.0,614.0,608.0,602.75,578.35283203125,558.9160998535157,10.329433593749991,1.7552603648000291,584500,False,False
TRGU.JK,173.0,173.33333333333334,173.2,170.8,168.7,167.26,174.56,6.073333333333352,2.0840008707507103,15900,False,False
TPMA.JK,464.0,464.0,460.8,459.6,461.3,448.4,481.09,7.800000000000011,0.82995773381028,517700,False,False
TPIA.JK,1965.0,1960.0,1948.0,1966.0,2040.0,1981.5,2989.1974169921873,18.4,2.9871072752489827,84385700,False,False
TOWR.JK,456.0,460.6666666666667,462.4,440.8,419.8,398.28,414.74993286132815,32.06,3.2390446234192813,44581300,False,False
TOTO.JK,236.0,234.66666666666666,234.4,234.4,234.0,236.44,240.14050537109375,1.2199999999999989,0.5400773950940013,204900,True,False
TOTL.JK,1510.0,1528.3333333333333,1527.0,1474.5,1378.0,1185.2,1122.0624389648438,68.62666666666664,3.5962320654553204,1245000,False,False
TOSK.JK,74.0,73.66666666666667,73.2,72.9,71.2,66.04,63.41,7.959999999999994,1.1473703287028594,4784600,False,False
TOOL.JK,67.0,66.0,66.0,66.4,66.6,65.44,67.67,1.5600000000000023,1.8131156177605166,1374500,True,False
TOBA.JK,615.0,606.6666666666666,584.0,556.5,528.3,463.88,491.29991333007814,30.224,4.965114993669522,12812700,False,False
TNCA.JK,164.0,161.33333333333334,160.4,160.0,162.1,149.38,162.42,14.620000000000005,1.3920912664856833,1124100,False,False
TMPO.JK,184.0,217.33333333333334,218.2,197.6,175.2,132.62,126.63,85.57999999999998,14.556674446609488,131815500,False,False
TMAS.JK,140.0,139.66666666666666,139.2,136.8,130.95,122.32,120.61479011535644,17.680000000000007,3.1687537459381154,2426100,False,False
TLKM.JK,2570.0,2583.3333333333335,2594.0,2601.0,2632.5,2579.8,2658.6562939453124,6.25,0.7632147180821548,26356300,False,False
TLDN.JK,575.0,576.6666666666666,571.0,567.0,564.5,534.5,553.8887951660156,8.433333333333326,2.199853990980641,492100,False,False
TKIM.JK,8000.0,7983.333333333333,7960.0,7895.0,7543.75,6477.75396484375,6947.362338867188,60.889841406250014,2.1071132102072285,862900,False,False
TIRT.JK,590.0,590.0,590.0,590.0,590.0,597.3,545.52,1.4599999999999909,0.0,0,True,False
TIRA.JK,402.0,406.0,408.4,412.2,436.1,513.76,631.98,55.879999999999995,1.4539831133978103,689900,False,False
TINS.JK,4050.0,4053.3333333333335,4062.0,4017.0,3913.0,3653.5942333984376,3548.5728515625,40.84057666015624,2.32065356185094,10534400,False,False
TIFA.JK,320.0,332.6666666666667,330.4,335.4,337.0,285.4770147705078,302.9904486083984,25.76149261474609,9.420845617121206,96600,False,False
TGKA.JK,5125.0,5060.0,5091.0,5030.5,4986.25,4901.1,4784.060229492187,8.955999999999985,2.3263327676665377,300,False,False
TFCO.JK,930.0,913.3333333333334,900.0,885.0,835.0,744.3,704.7,37.14000000000001,5.456582582279388,500,False,False
TFAS.JK,186.0,185.66666666666666,185.6,184.8,187.05,188.96,201.71,4.159999999999997,0.8965825804591426,87700,True,False
TEBE.JK,1700.0,1726.6666666666667,1726.0,1692.0,1392.25,1171.0,1169.8849841308593,111.13333333333335,12.47629419712733,3242200,False,False
TCPI.JK,2420.0,2413.3333333333335,2356.0,2598.0,3339.5,5152.2212890625,8189.217275390625,279.62212890624994,6.53256410021557,9465900,False,False
TCID.JK,2660.0,2666.6666666666665,2672.0,2677.0,2694.0,2738.8,2789.6,7.8800000000000185,1.649248767494251,1000,False,False
TBMS.JK,1230.0,1235.0,1226.0,1216.5,1203.0,1208.911826171875,1238.9583959960937,6.4,2.0714702024052754,65200,False,False
TBLA.JK,625.0,623.3333333333334,624.0,626.0,624.25,624.2764672851563,621.0896969604493,0.5333333333333258,0.9818813459105071,503700,True,False
TBIG.JK,1470.0,1481.6666666666667,1474.0,1447.0,1424.75,1418.6,1474.9361291503906,12.613333333333367,1.9445615386945363,106700,False,False
TAYS.JK,50.0,50.0,50.0,50.0,50.0,50.0,53.86,0.0,0.0,0,True,False
TAXI.JK,14.0,13.333333333333334,13.4,14.1,14.3,13.3,14.56,1.0,5.666233098125403,7669000,False,False
TARA.JK,29.0,29.0,29.0,29.6,29.75,29.74,30.08,0.75,3.3481822995644768,528700,True,False
TAPG.JK,2080.0,2053.3333333333335,2010.0,1937.5,1851.2191101074218,1656.2427001953124,1622.1042456054688,42.37572998046876,2.153613124305748,9330800,False,False
TAMU.JK,25.0,25.666666666666668,25.4,25.2,24.35,21.34,23.46,4.326666666666668,5.885773071187766,2068500,False,False
TAMA.JK,216.0,225.33333333333334,231.6,248.2,246.9,203.14,190.44,22.53,5.744873710427861,3841700,False,False
TALF.JK,700.0,720.0,716.0,730.0,819.5,693.7915771484375,693.9061334228516,25.14168457031251,4.1172943798042025,109000,False,False
SWID.JK,117.0,117.33333333333333,119.0,116.3,110.45,100.02590240478516,100.22142311096191,18.974097595214843,4.434892130062026,1914800,False,False
SURI.JK,81.0,80.33333333333333,80.2,79.6,76.15,69.36,70.36,11.64,1.527889491004177,1237500,False,False
SURE.JK,2610.0,2606.6666666666665,2610.0,2647.0,2690.5,2762.4,2742.5,15.573333333333357,1.2717355757657849,4600,False,False
SUPA.JK,520.0,520.0,519.0,528.0,557.75,565.0,693.45,9.2,2.224688029296272,4218200,False,False
SUNI.JK,710.0,711.6666666666666,713.0,715.5,718.25,665.4806201171875,655.3911450195312,10.553875976562495,0.6945595404030027,276200,False,False
SULI.JK,91.0,90.0,89.8,91.5,92.65,85.84,90.02,6.810000000000002,1.7972891170512608,2498800,False,False
STTP.JK,9400.0,9408.333333333334,9430.0,9455.0,9588.75,9759.5,9790.75,14.38,0.9005544560356636,2800,False,False
STRK.JK,70.0,70.0,68.6,65.1,63.1,66.4,82.21,6.899999999999999,2.8955690887202445,7571000,False,False
STAR.JK,402.0,407.3333333333333,410.4,422.6,370.6,317.28,417.46,52.660000000000025,8.356555743581906,94400,False,False
STAA.JK,1200.0,1190.0,1174.0,1140.5,1111.75,1062.9,1066.4948864746093,27.41999999999998,1.6098259119738045,3378600,False,False
SSTM.JK,540.0,468.0,439.2,421.6,420.4,404.68,485.92,27.064,8.805600120145531,4907700,False,False
SSMS.JK,925.0,918.3333333333334,909.0,905.5,924.75,876.6,973.9323852539062,9.679999999999996,2.4108054942248995,9314200,False,False
SSIA.JK,1945.0,1888.3333333333333,1873.0,1802.5,1734.5,1644.16330078125,1630.3510107421876,60.16733984375001,3.2930334732475024,47725200,False,False
SRTG.JK,1860.0,1916.6666666666667,1917.0,1901.0,1844.0,1706.4,1639.104287109375,42.11999999999998,2.0423957729577005,11471800,False,False
SRSN.JK,96.0,80.66666666666667,76.4,73.8,72.5,69.14,67.65,26.86,9.418866019679616,434639400,False,False
SRAJ.JK,13650.0,14333.333333333334,13895.0,14280.0,13572.5,12037.0,12850.0,91.85333333333335,7.547567422537002,3300,False,False
SQMI.JK,64.0,64.33333333333333,63.0,62.1,63.25,58.2,54.05,6.133333333333326,3.7493547599605646,30362500,False,False
SPTO.JK,620.0,618.3333333333334,617.0,613.0,608.0,589.1,577.2482427978516,6.179999999999995,0.9249087727998562,380300,False,False
SPRE.JK,90.0,90.33333333333333,89.6,90.1,89.55,85.54,84.46,4.793333333333322,3.0681094513643776,1279100,True,True
SPMA.JK,168.0,166.66666666666666,166.0,165.5,164.65,164.6892303466797,163.09846115112305,3.3499999999999943,0.8647821131998428,556000,True,False
SOUL.JK,37.0,37.0,37.0,37.0,37.0,37.34,41.93,0.3400000000000034,0.0,0,True,False
SOTS.JK,605.0,620.0,619.0,636.5,628.25,615.0,745.15,6.3,2.2082441423608623,33300,False,False
SOSS.JK,840.0,840.0,840.0,840.0,850.5,860.0,843.85,4.0,0.0,100,True,False
SONA.JK,2530.0,2443.3333333333335,2466.0,2587.0,2544.0,2385.447109375,2260.227028808594,20.155289062500014,7.261940640670329,1100,False,False
SOLA.JK,92.0,91.0,91.2,91.0,91.6,98.62,107.64,7.6200000000000045,1.9198442090686298,2395200,False,False
SOHO.JK,1190.0,1196.6666666666667,1195.0,1190.5,1190.0,1171.8,1417.1,4.973333333333358,0.8691785594548338,10900,True,False
SOFA.JK,374.0,365.3333333333333,356.8,329.2,286.5,245.96,313.8,64.02,6.538871507842827,2604700,False,False
SOCI.JK,600.0,563.3333333333334,551.0,544.8,512.25,417.8491619873047,423.4416128540039,36.430167602539065,4.432768980683951,20515600,False,False
SNLK.JK,224.0,225.33333333333334,225.2,228.2,227.2,224.48,233.02,2.0999999999999943,1.6391202711797863,10796900,True,False
SMSM.JK,1715.0,1713.3333333333333,1717.0,1725.5,1728.9325866699219,1679.9516918945312,1694.9522900390625,9.79617895507813,0.78554093749193,1709100,False,False
SMRA.JK,316.0,315.3333333333333,314.8,323.0,324.1,307.1206756591797,305.1359461975098,8.489662170410156,1.5484189995466497,4279500,False,False
SMMT.JK,1985.0,2001.6666666666667,2023.0,1953.5,1908.0,1858.2,1878.55,32.959999999999994,2.731305618690643,29300,False,False
SMMA.JK,20075.0,20066.666666666668,20045.0,20100.0,20113.75,20780.0,18977.0,29.4,0.3515987224773902,13100,False,False
SMLE.JK,172.0,167.0,162.2,164.3,166.35,139.72,127.96,32.28,5.032536508627324,9086000,False,False
SMKM.JK,110.0,111.0,108.6,104.7,91.0,76.0,81.11,35.0,4.377290435026568,2288200,False,False
SMKL.JK,148.0,146.66666666666666,146.6,147.0,146.95,141.9,145.84704696655274,6.099999999999994,1.0806975960122456,38600,False,False
SMIL.JK,410.0,409.3333333333333,404.8,393.8,397.0,347.2,309.3,31.400000000000006,2.3960300595212964,7722900,False,False
SMGR.JK,1520.0,1508.3333333333333,1504.0,1528.5,1539.25,1491.6,1728.714052734375,9.530000000000019,2.3476657034486488,7831100,False,False
SMGA.JK,81.0,80.66666666666667,80.2,80.1,76.7,71.24,76.38,9.760000000000005,3.9856247805407503,6202200,False,False
SMDR.JK,318.0,314.0,312.8,310.4,306.356494140625,289.7915185546875,299.10714126586913,14.104240722656243,1.115330719497237,12669300,False,False
SMDM.JK,550.0,545.0,545.0,547.5,555.0,563.5,566.96,3.7,1.7721906398074867,16500,True,False
SMBR.JK,164.0,162.66666666666666,164.0,165.7,166.15,159.6,173.70646224975587,6.550000000000011,1.7840001985864526,2004900,False,False
SMAR.JK,6225.0,6166.666666666667,6025.0,5887.5,5808.75,5404.6,5282.1602734375,32.81599999999999,1.6532424227137226,76900,False,False
SLIS.JK,93.0,91.66666666666667,91.4,95.5,84.8,70.28,74.21,25.22,7.307122818831031,42791900,False,False
SKRN.JK,386.0,386.0,388.0,388.4,396.4,382.48,402.7622817993164,6.9599999999999795,1.3273837157080766,204100,False,False
SKLT.JK,216.0,214.0,214.0,210.8,206.6,194.34,198.35142929077148,10.829999999999998,1.5190844870635216,68600,False,False
SKBM.JK,535.0,538.3333333333334,538.0,537.0,538.5,543.2,572.94,1.640000000000009,0.8143625793927937,102900,True,False
SIPD.JK,955.0,930.0,868.0,810.0,746.5,713.7,800.65,48.25999999999999,6.055495123935635,10000,False,False
SINI.JK,10900.0,9758.333333333334,9305.0,8340.0,7755.0,7509.87259765625,9950.436298828125,135.60509609375,5.2829993027049795,25886000,False,False
SIMP.JK,615.0,613.3333333333334,609.0,606.5,601.75,566.2225439453125,598.835556640625,9.755491210937498,2.1494578263539093,5019500,False,False
SILO.JK,2150.0,2163.3333333333335,2182.0,2235.0,2286.0,2202.1,2319.25,13.6,2.491988465743587,44300,False,False
SIDO.JK,350.0,351.3333333333333,350.0,349.4,351.9,365.04,404.69708740234375,7.820000000000022,0.9380931941339172,7672400,False,False
SICO.JK,115.0,115.0,114.8,111.8,110.2,107.66,112.66953865051269,7.340000000000003,2.3417314001985075,3814500,False,False
SHIP.JK,2340.0,2356.6666666666665,2284.0,2275.0,2220.0,1921.5,2282.5675439453125,43.51666666666665,5.109471207849986,54200,False,False
SHID.JK,555.0,545.0,546.0,544.0,576.25,584.1,656.35,8.020000000000005,2.5256890288060596,4500,False,False
SGRO.JK,4810.0,4793.333333333333,4786.0,4777.0,4522.0,3579.02630859375,3562.913972167969,123.097369140625,0.8745572573761295,9700,False,False
SGER.JK,605.0,588.3333333333334,571.0,532.3,505.75,451.9,404.19,30.620000000000005,3.0908506248273597,48886400,False,False
SFAN.JK,2020.0,2026.6666666666667,2028.0,2024.0,2004.0,1981.5,1964.6,4.65,0.2809236678686029,21800,True,False
SEMA.JK,115.0,113.0,110.6,104.6,101.9,96.98,101.77,18.019999999999996,2.3111234418358935,2213700,False,False
SDRA.JK,220.0,221.33333333333334,220.0,219.4,221.6,214.04,228.92,3.780000000000001,1.2444889422319159,139800,True,False
SDPC.JK,202.0,197.33333333333334,195.4,191.6,187.9,183.96,183.51727371215821,9.019999999999996,1.770028346497915,563000,False,False
SDMU.JK,96.0,94.66666666666667,90.8,86.9,83.8,82.74,84.83,13.260000000000005,7.841425593345806,278494200,False,False
SCNP.JK,156.0,153.33333333333334,151.6,150.2,152.05,151.46,153.53219665527342,5.800000000000011,1.18761445692315,605600,True,False
SCMA.JK,202.0,202.66666666666666,204.4,207.0,204.85,204.82,218.9377754211426,2.5,2.6077626484749246,12865800,True,False
SCCO.JK,2370.0,2350.0,2352.0,2343.0,2324.5,2276.2,2263.7135302734373,9.380000000000019,1.23423117437422,98300,False,False
SBMA.JK,109.0,109.0,108.4,108.2,107.95,107.74,111.2,1.2600000000000051,1.2166327946453575,325100,True,False
SATU.JK,246.0,242.66666666666666,244.0,250.0,255.2,265.32,264.46,11.326666666666668,1.7763369232037345,306200,False,False
SAPX.JK,212.0,214.0,216.0,215.0,215.1,213.42,222.62,2.0,1.9465116440530668,66200,True,False
SAMF.JK,288.0,288.6666666666667,289.6,286.2,282.7,279.71013793945315,289.0695167541504,4.9449310302734375,2.085414937083109,131500,True,False
SAME.JK,312.0,308.6666666666667,304.0,296.8,297.4,312.4,318.82,7.799999999999983,1.4602188757829968,895100,False,False
SAGE.JK,28.0,28.333333333333332,28.6,29.5,31.15,29.86,29.85,3.1499999999999986,3.2391414272768615,857500,True,False
SAFE.JK,700.0,663.3333333333334,575.2,490.2,439.3,383.88,364.14,63.224000000000004,10.448439261016068,1014300,False,False
RUNS.JK,62.0,62.0,62.0,62.5,62.65,66.84,74.11,4.840000000000003,0.754314817896021,110000,True,False
RUIS.JK,202.0,202.0,201.6,204.0,204.85,196.76375,197.9015625,4.043125000000003,2.545497579290557,72000,True,False
RSCH.JK,346.0,342.0,341.6,330.2,324.0,303.6,297.9,21.19999999999999,1.862590420396917,11455100,False,False
ROTI.JK,590.0,586.6666666666666,586.0,584.5,586.75,599.1,606.8018841552735,2.9200000000000044,0.4864695620522629,244500,True,False
RONY.JK,1225.0,1226.6666666666667,1234.0,1227.5,1249.5,1199.9,1276.65,9.919999999999982,3.2725039108865506,12400,False,False
RODA.JK,63.0,63.666666666666664,64.4,65.7,65.2,60.76,63.75,4.940000000000005,4.419836330394649,5507400,False,False
ROCK.JK,2000.0,2050.0,2068.0,2107.0,2009.5,1875.0,2034.95,46.4,2.914290000991692,19500,False,False
RMKO.JK,300.0,291.3333333333333,286.4,286.0,287.8,305.52,369.98,9.759999999999991,3.854180349963529,4787400,False,False
RMKE.JK,420.0,418.0,415.6,418.0,413.1,426.92,504.9704718017578,6.909999999999997,2.724997219922008,36499600,False,False
RLCO.JK,4500.0,4310.0,4296.0,4380.0,4636.75,4058.6,4193.75,57.81500000000001,2.745543030895315,562600,False,False
RISE.JK,860.0,890.0,895.0,912.0,933.25,950.8,1231.05,18.15999999999999,2.2817981782704173,2018700,False,False
RIGS.JK,685.0,681.6666666666666,681.0,682.5,681.75,682.7,680.9,0.8,0.871803902175942,58700,True,False
RICY.JK,80.0,79.33333333333333,79.0,79.5,79.45,78.02,83.84,1.980000000000004,1.2546579414833865,846700,True,False
RGAS.JK,165.0,195.66666666666666,217.4,205.3,217.6,209.26,155.6079517364502,52.599999999999994,11.177166754997558,326837500,False,False
RELI.JK,520.0,513.3333333333334,517.0,517.6,500.7,494.82,494.49,5.036000000000001,3.3508806845126458,11200,True,False
RELF.JK,35.0,35.0,35.0,35.1,35.0,34.86,36.56,0.240000000000002,1.6199268362930193,1168800,True,False
REAL.JK,50.0,50.0,50.2,50.9,51.5,50.73869773864746,51.68671642303467,1.5,1.5970703548227265,1672500,True,False
RDTX.JK,13275.0,13383.333333333334,13510.0,13512.5,13555.0,13722.07578125,14535.53189453125,17.883031249999984,1.2312880945296973,200,False,False
RCCC.JK,116.0,113.66666666666667,111.4,108.5,104.75,95.1,98.76,20.900000000000006,2.7110882282263455,473500,False,False
RBMS.JK,61.0,62.0,62.4,63.1,64.05,62.48,62.8,3.049999999999997,3.555342071897679,5233800,True,False
RATU.JK,4230.0,4250.0,4268.0,4321.0,4662.25,4888.8,5158.455141601563,65.88000000000002,3.2492091643111785,3875300,False,False
RANC.JK,530.0,523.3333333333334,522.0,522.0,520.0,522.5,532.87,2.0,0.8393667413133299,46400,True,False
RALS.JK,384.0,382.0,380.8,381.0,380.8,378.32,384.495556640625,2.8400000000000034,0.4828565134079761,2221900,True,False
RAJA.JK,810.0,815.0,816.0,821.5,852.5,844.0956176757812,816.6316870117188,8.5,2.6017617863651954,22484700,False,False
RAAM.JK,190.0,188.0,188.0,187.9,192.25,201.56,206.82,13.659999999999997,2.448119507221096,3619600,False,False
PZZA.JK,183.0,182.0,181.2,180.7,181.9,183.54,189.84351440429688,2.8400000000000034,0.885367860017656,224800,True,False
PYFA.JK,266.0,250.66666666666666,239.6,231.0,221.5,209.96,248.9,28.019999999999996,6.371857220007398,29971200,False,False
PWON.JK,270.0,270.0,268.0,265.6,262.7,258.47370971679686,275.2969338989258,5.763145141601569,1.5949623415680656,28675900,True,False
PURI.JK,150.0,151.33333333333334,151.0,145.5,142.0,138.36,144.79,12.97333333333333,4.134163021695338,1899000,False,False
PURA.JK,32.0,31.666666666666668,31.6,32.1,32.4,31.26,32.21,1.139999999999997,2.326788253711682,1423200,True,False
PUDP.JK,272.0,272.0,273.6,279.8,293.9,294.0,308.067678527832,11.0,2.5574635782038118,45600,False,False
PTSP.JK,905.0,896.6666666666666,900.0,908.0,918.75,897.4,901.0,4.416666666666674,1.1311988815218503,12700,True,False
PTSN.JK,290.0,293.3333333333333,292.8,290.4,287.0,260.4,267.5094227600098,16.46666666666667,1.9550365977918962,151900,False,False
PTRO.JK,5025.0,5030.0,5015.0,5142.5,5050.5,4508.8,4707.85,25.347999999999992,2.649418072076622,15891000,False,False
PTPW.JK,1190.0,1183.3333333333333,1180.0,1179.0,1181.0,1180.447069091797,1063.6280847167968,2.2,0.49226889569068166,31300,True,False
PTPS.JK,156.0,156.33333333333334,155.6,155.6,153.0,140.36,147.2,15.97333333333333,2.069541894895225,435900,False,False
PTPP.JK,198.0,201.0,202.6,205.1,203.2,198.22,215.05,7.099999999999994,2.7888455001117265,4131900,False,False
PTMP.JK,66.0,64.66666666666667,64.4,65.1,65.0,61.26,63.32,4.740000000000002,2.7980697171509377,5627800,True,True
PTIS.JK,268.0,261.3333333333333,261.2,259.4,263.9,269.72,285.24,5.160000000000025,2.1221428990276974,94200,True,False
PTBA.JK,2570.0,2533.3333333333335,2500.0,2440.0,2395.5,2385.055322265625,2534.831408691406,18.49446777343751,1.6744429820526752,13070400,False,False
PSSI.JK,330.0,328.0,327.2,328.6,328.5,311.92,314.13986907958986,9.039999999999992,1.3494012727009845,26600,False,False
PSKT.JK,254.0,242.0,240.8,229.0,227.2,208.56,221.37,22.72,8.206535088698573,24746600,False,False
PSGO.JK,194.0,194.0,194.4,194.6,194.95,196.54,194.21230270385743,2.539999999999992,0.9780732850626908,213800,True,False
PSDN.JK,135.0,134.66666666666666,133.8,133.4,133.85,121.14,135.12,13.86,3.2399319847158417,2094200,False,False
PSAT.JK,895.0,890.0,893.0,895.5,893.0,851.1,861.55,8.879999999999995,1.1662793502998239,50800,False,False
PSAB.JK,600.0,620.0,627.0,597.1,532.15,462.46,439.86436431884766,32.908,7.186813385541751,48518000,False,False
PRIM.JK,118.0,119.0,118.8,116.7,113.25,101.72,91.37,17.28,1.811433673511327,1890600,False,False
PRDA.JK,2610.0,2593.3333333333335,2554.0,2508.0,2442.0,2451.8,2453.9101220703124,16.8,1.964333571090639,445700,False,False
PRAY.JK,760.0,755.0,758.0,764.0,751.0,717.4,719.05,9.320000000000004,2.5807671248751847,10200,False,False
PPRO.JK,15.0,15.333333333333334,15.8,16.5,16.75,16.92,18.08,1.9200000000000017,4.826628858186383,4246600,False,False
PPRI.JK,139.0,141.66666666666666,143.4,143.6,145.15,144.24,155.81,6.150000000000006,2.022819153883487,1436800,False,False
PPRE.JK,105.0,104.33333333333333,104.4,105.2,104.4,104.88,108.82,0.8666666666666742,3.8221258670453824,5989200,False,False
PPGL.JK,354.0,323.3333333333333,296.8,259.2,232.4,213.26,209.56,70.37,4.6720815562492595,8346000,False,False
POWR.JK,925.0,916.6666666666666,904.0,867.0,810.5,751.7,723.4321771240234,34.65999999999999,4.4324747659207375,8562400,False,False
PORT.JK,905.0,900.0,904.0,910.5,890.25,872.7,886.5,7.559999999999991,4.083220911803815,13800,False,False
POLY.JK,32.0,32.0,32.0,32.0,32.0,32.0,32.0,0.0,0.0,0,True,False
POLU.JK,19175.0,18991.666666666668,17365.0,14332.5,13035.0,12856.5,13173.5,252.74,10.024322992563496,12500,False,False
POLI.JK,875.0,851.6666666666666,828.0,800.5,773.75,735.2,882.45,27.95999999999999,4.117539605337291,70900,False,False
PNSE.JK,486.0,496.3333333333333,498.4,497.8,492.9,504.4,546.8,9.199999999999989,2.0404783737268537,3200,False,False
PNLF.JK,226.0,227.33333333333334,227.6,232.4,230.5,224.24,232.73,4.079999999999998,1.087545359593549,15642600,True,False
PNIN.JK,720.0,730.0,726.0,719.5,717.25,722.9,744.1,2.55,1.6271741811249099,48700,True,False
PNGO.JK,3460.0,3466.6666666666665,3476.0,3501.0,3527.5,3496.6,3495.6,6.75,0.6185882330353758,2100,False,False
PNBS.JK,50.0,50.0,50.0,50.0,50.05,50.1,50.3,0.10000000000000142,0.0,97900,True,False
PNBN.JK,900.0,896.6666666666666,897.0,901.0,902.5,891.7272448730469,908.4124456787109,2.154551025390629,0.4850530206524726,478800,True,False
PMUI.JK,105.0,101.33333333333333,100.2,98.8,98.05,88.68,88.3588363647461,16.319999999999993,2.2077693967377834,6417900,False,False
PMJS.JK,141.0,138.33333333333334,132.6,128.2,122.85,112.57980743408203,117.08273971557617,28.420192565917972,4.548047278521913,3905400,False,False
PLAN.JK,43.0,42.666666666666664,42.4,40.5,39.3,38.02,41.91,4.979999999999997,3.0242354455946225,2159400,True,True
PKPK.JK,3710.0,3693.3333333333335,3680.0,3682.0,3771.5,3489.4,3110.1,28.20999999999999,1.8560704525284701,438000,False,False
PJHB.JK,184.0,184.33333333333334,184.8,180.3,176.35,168.72,188.16,16.080000000000013,3.4219382303223522,1115100,False,False
PJAA.JK,460.0,460.0,459.6,459.2,457.6,456.64,470.8950183105469,1.6800000000000068,0.24747203434312331,10900,True,False
PIPA.JK,202.0,199.33333333333334,196.2,170.4,145.95,127.8,128.43,37.1,9.565793624409597,228472300,False,False
PICO.JK,184.0,190.33333333333334,191.4,163.5,147.7,135.62,141.61,55.78,11.383348563263127,5787800,False,False
PGUN.JK,9825.0,9883.333333333334,9920.0,9427.5,8461.25,7830.5,8066.253461914062,83.58,8.347140300711981,26500,False,False
PGLI.JK,216.0,209.33333333333334,209.6,209.6,208.2,197.38,202.08,9.310000000000002,2.150043099031153,201200,False,False
PGJO.JK,900.0,913.3333333333334,914.0,883.5,821.75,751.0,763.05,32.6,2.9956798078358147,276300,False,False
PGEO.JK,1040.0,1033.3333333333333,1034.0,1055.0,1053.0,991.0,971.0751580810547,12.8,2.941173152689217,4527700,False,False
PGAS.JK,1520.0,1521.6666666666667,1525.0,1518.5,1509.5,1490.7,1590.3922998046876,6.8599999999999905,1.17740170039956,13952300,False,False
PEVE.JK,310.0,312.0,312.8,314.2,324.3,319.8,350.72,7.150000000000006,1.0642539380629161,569400,False,False
PEHA.JK,294.0,282.0,280.0,283.4,273.7,261.1641201782227,272.811796875,16.417939910888663,5.677051016482932,5916000,False,False
PEGE.JK,116.0,117.66666666666667,115.2,114.0,106.75,105.36914642333984,118.56457321166992,12.29752024332683,5.727803649807679,5853800,False,False
PDPP.JK,324.0,330.6666666666667,331.6,321.0,314.4,285.7070571899414,291.3319245910645,22.946471405029314,3.3378864415376874,88800,False,False
PDES.JK,382.0,392.0,387.2,384.2,393.2,410.8,459.2498974609375,14.400000000000006,3.7598296920843626,965400,False,False
PCAR.JK,41.0,40.666666666666664,40.8,41.8,42.5,40.12,38.88,2.3800000000000026,2.1948759028875844,1270700,True,True
PBSA.JK,840.0,835.0,822.0,843.0,802.75,763.7077880859375,819.7521081542968,15.858442382812495,3.3125238026085913,317900,False,False
PBRX.JK,26.0,26.0,26.0,26.2,26.4,26.7,30.11,0.6999999999999993,1.7797718745453546,1458900,True,False
PBID.JK,530.0,530.0,530.0,533.0,532.25,503.7,491.6044186401367,5.860000000000002,1.432537676287768,918400,True,False
PART.JK,122.0,118.33333333333333,114.2,105.6,103.05,103.84463150024413,105.35283569335938,18.950000000000003,3.19466817696893,26847900,False,False
PANS.JK,1585.0,1578.3333333333333,1572.0,1565.5,1552.25,1553.5747338867188,1521.3690954589845,6.55,0.5880648270659111,101700,False,False
PANR.JK,436.0,428.6666666666667,425.6,424.0,424.5,414.44,448.2647058105469,10.780000000000001,1.78214301226028,95200,False,False
PANI.JK,5875.0,5916.666666666667,5915.0,5990.0,6107.5,6136.0,7026.005512695312,10.44,1.6445031109516974,2130400,False,False
PAMG.JK,56.0,55.666666666666664,55.6,55.8,56.2,54.54,56.19,1.6600000000000037,0.8494740346633242,3014900,True,False
PALM.JK,294.0,292.0,292.4,291.2,290.8,297.07917419433596,320.2684146118164,3.1395870971679756,0.9643224607130543,83700,True,False
PADI.JK,74.0,73.33333333333333,73.8,72.3,71.3,71.88454528808593,86.23510948181152,2.700000000000003,4.70585054918112,234091400,False,False
PADA.JK,222.0,225.33333333333334,220.4,220.8,198.35,146.7,147.36,39.31666666666668,13.552296867318486,36035900,False,False
PACK.JK,560.0,512.0,485.2,410.4,334.4,270.16,266.39,57.967999999999996,4.319681999525558,225059800,False,False
OPMS.JK,122.0,122.0,121.6,123.6,124.85,108.64,114.48,16.209999999999994,2.1178820652257047,1290200,False,False
OMRE.JK,945.0,956.6666666666666,957.0,970.0,985.0,1025.7,973.9,16.140000000000008,1.9643607752443233,1500,False,False
OMED.JK,234.0,232.66666666666666,232.4,232.0,228.9,215.08,230.5559617614746,9.459999999999994,1.6223341874476926,1711200,False,False
OLIV.JK,46.0,46.0,46.0,46.9,48.15,49.44,52.14,3.4399999999999977,1.6512208984708954,2186700,True,False
OKAS.JK,122.0,121.33333333333333,121.0,121.9,116.9,107.06,109.63,14.939999999999998,4.024786492659949,1285300,False,False
OILS.JK,258.0,234.0,227.2,226.0,227.6,214.92,225.96,21.540000000000006,4.790851464397566,59031100,False,False
OBMD.JK,197.0,195.66666666666666,194.6,194.1,192.25,183.4,197.35,13.599999999999994,2.359010301127894,1352200,False,False
OBAT.JK,240.0,241.33333333333334,241.2,240.8,242.5,242.24,265.7677407836914,1.25,1.2051417584792676,102100,True,False
OASA.JK,342.0,330.0,324.0,320.8,327.2,305.16,325.26,18.419999999999987,2.6513602156848637,91372200,False,False
NTBK.JK,81.0,80.33333333333333,79.2,80.5,85.25,81.54,80.23072341918946,6.049999999999997,4.154758326424214,23110400,False,False
NSSS.JK,855.0,861.6666666666666,855.0,873.0,930.25,797.6081958007812,732.3277093505859,26.528360839843753,4.091242278088611,1172400,False,False
NRCA.JK,605.0,593.3333333333334,587.0,569.0,544.15,492.88,502.1327685546875,22.424,3.1767800649679114,11165600,False,False
NPGF.JK,57.0,57.333333333333336,57.6,58.7,58.70844841003418,58.02379241943359,63.31355136871338,1.7084484100341797,2.106343283459655,3198300,True,False
NOBU.JK,505.0,498.3333333333333,498.4,500.1,499.15,460.78,481.43,8.844000000000005,1.6546842261969383,1158700,False,False
NISP.JK,1240.0,1241.6666666666667,1247.0,1252.0,1263.5,1237.1,1272.02087890625,5.280000000000018,0.7057872140043314,4578600,True,False
NIRO.JK,161.0,160.66666666666666,162.0,159.9,159.85,149.86,167.13,12.139999999999986,2.3145147883250594,172000,False,False
NINE.JK,95.0,97.0,96.6,89.5,81.55,78.84,96.78,18.159999999999997,6.515172892839985,5596300,False,False
NIKL.JK,202.0,200.66666666666666,199.6,197.4,197.25,190.28,234.7725015258789,5.859999999999999,1.895338944848135,2657700,True,False
NICL.JK,520.0,511.6666666666667,499.4,485.5,477.45,496.8,616.7155340576172,8.510000000000002,2.306712567097128,33017500,False,False
NICK.JK,1875.0,1893.3333333333333,1745.0,1594.0,1503.0,1223.4,1192.9,133.98666666666662,8.34251925559232,6700,False,False
NICE.JK,352.0,374.6666666666667,347.2,305.6,281.8,265.24,279.18,54.71333333333334,9.298298497529773,5512600,False,False
NFCX.JK,1700.0,1691.6666666666667,1706.0,1658.5,1591.75,1600.7,1673.45,22.85,3.467413770862289,2100,False,False
NETV.JK,50.0,50.0,50.0,50.5,51.1,51.06,64.56,1.1000000000000014,1.1064333396985306,921200,True,False
NEST.JK,695.0,691.6666666666666,693.0,690.5,703.5,644.9,555.86,11.720000000000004,0.7484519243625347,521000,False,False
NELY.JK,202.0,200.66666666666666,201.2,201.8,201.15,202.34,235.41302856445313,0.8366666666666731,0.9289350974143145,257300,True,False
NCKL.JK,975.0,965.0,958.0,948.0,938.75,867.0522583007812,904.5542517089843,21.58954833984376,1.5867894896058572,58337500,False,False
NAYZ.JK,72.0,72.33333333333333,71.8,68.2,63.2,60.24,61.39,12.093333333333327,5.803018398137023,24184900,False,False
NATO.JK,760.0,708.3333333333334,691.0,671.0,663.25,632.1,619.05,25.579999999999995,3.673076828323728,877100,False,False
NASI.JK,144.0,143.33333333333334,143.6,139.4,136.3,123.78,129.96,20.22,2.6236789558491997,555900,False,False
NASA.JK,29.0,29.666666666666668,29.8,30.1,30.15,30.4,33.82,1.3999999999999986,2.708519573607029,151700,True,False
NANO.JK,35.0,34.333333333333336,34.2,33.3,31.45,28.22,29.91,6.780000000000001,5.4249931880230005,14545200,False,False
NAIK.JK,95.0,93.66666666666667,94.0,91.6,89.95,86.7,90.35038482666016,8.299999999999997,3.891262796521327,2881700,False,False
MYTX.JK,41.0,41.0,41.0,41.0,41.0,40.9,45.29,0.10000000000000142,0.0,0,True,False
MYOR.JK,1565.0,1585.0,1595.0,1633.5,1656.5,1730.5,1735.4864758300782,33.1,1.4496283827038248,15116800,False,False
MYOH.JK,1125.0,1131.6666666666667,1136.0,1123.0,1083.75,1058.1,1104.840323486328,15.580000000000018,2.640734096538294,70600,False,False
MUTU.JK,128.0,130.0,129.8,122.7,117.05,113.48,108.92307914733887,16.519999999999996,2.7791768570096176,28117400,False,False
MTWI.JK,248.0,246.66666666666666,246.4,248.0,251.7,261.32,278.16949996948244,7.459999999999994,1.670253459362022,5900,False,False
MTMH.JK,1005.0,996.6666666666666,990.0,963.5,942.25,940.1605505371094,961.849144897461,12.967889892578114,1.6719276828599476,25800,False,False
MTLA.JK,525.0,521.6666666666666,518.0,515.5,521.0,517.1,515.7829168701172,1.9,0.8940199789454879,12400,True,False
MTFN.JK,13.0,13.0,13.0,13.0,13.0,13.12,16.08,0.11999999999999922,0.0,0,True,False
MTEL.JK,464.0,463.3333333333333,460.0,448.8,444.2,457.84657409667966,471.9539678955078,9.900000000000006,1.152876922811163,39305900,False,False
MTDL.JK,510.0,508.3333333333333,508.0,509.5,508.5,508.46,519.6410000610351,0.4,1.4510392801384233,488000,True,False
MSTI.JK,1345.0,1346.6666666666667,1343.0,1334.5,1329.5,1295.5,1281.3792529296875,10.233333333333348,0.7134450502040727,605600,False,False
MSKY.JK,65.0,64.0,63.4,65.1,66.1,62.44,69.63,3.6599999999999966,3.7852334475635194,8905600,True,False
MSJA.JK,438.0,437.3333333333333,435.2,436.8,424.4,414.64,435.5085836791992,11.680000000000007,1.8203670068212525,15462300,False,False
MSIN.JK,308.0,314.6666666666667,321.2,339.2,362.5,426.0,574.22,59.0,1.758316857843017,16620200,False,False
MSIE.JK,115.0,105.33333333333333,101.2,98.7,97.75,90.38,100.84,24.620000000000005,4.360400382423387,6452700,False,False
MREI.JK,920.0,920.0,920.0,920.0,920.0,924.6,966.45,0.9200000000000046,0.0,0,True,False
MRAT.JK,414.0,411.3333333333333,411.6,417.2,429.4,437.56,433.24,13.113333333333344,2.3725318935099597,31300,False,False
MPXL.JK,169.0,169.33333333333334,168.6,167.5,163.15,153.8,157.94,15.533333333333331,1.4827329183931661,53900,False,False
MPRO.JK,12275.0,12100.0,12285.0,12725.0,12207.5,10763.5,9872.25,78.46,7.259638910463635,2300,False,False
MPPA.JK,43.0,43.666666666666664,44.6,46.7,47.35,47.22,48.09,4.350000000000001,2.0187172037828374,5969200,True,False
MPOW.JK,114.0,113.33333333333333,113.2,109.8,108.3,100.86,106.49,13.14,2.2183295575908057,2344900,False,False
MPMX.JK,1015.0,1016.6666666666666,1016.0,1012.0,1008.25,988.8,928.897666015625,5.573333333333335,0.6071806191355252,3198600,True,True
MPIX.JK,114.0,111.66666666666667,106.6,101.7,99.35,96.52,90.6,17.480000000000004,4.8754183625436855,40767800,False,False
MORA.JK,5500.0,5466.666666666667,5380.0,5285.0,5397.5,6203.0,6086.95,36.72,2.9804131837145658,265400,False,False
MOLI.JK,318.0,293.3333333333333,286.8,284.0,276.4,259.4,250.78321990966796,29.30000000000001,4.78377426932759,24845400,False,False
MNCN.JK,200.0,200.66666666666666,201.2,202.0,202.0,204.12,216.74,4.1200000000000045,1.0386312795270984,12515000,True,False
MMLP.JK,298.0,299.3333333333333,298.0,297.4,296.6,295.96,310.78,1.6866666666666674,1.4416165671131698,358900,True,False
MMIX.JK,790.0,791.6666666666666,786.0,777.5,758.75,711.58,569.36,16.01733333333332,0.9433749083135968,22136300,False,False
MLPT.JK,1300.0,1310.0,1315.0,1349.5,1487.0,1190.62,1008.239984741211,59.276000000000025,5.699187591604357,1807300,False,False
MLPL.JK,93.0,93.0,92.8,94.2,95.65,89.38,91.16,6.27000000000001,2.278393209727104,7513800,False,False
MLIA.JK,232.0,232.0,230.8,232.0,231.8,235.48,247.6,2.339999999999989,1.0366117957722976,5900,True,False
MLBI.JK,6900.0,6883.333333333333,6895.0,6910.0,6920.0,6550.58,6057.467880859375,14.776800000000003,0.4502336544433289,71100,False,False
MKTR.JK,122.0,121.66666666666667,122.0,122.4,122.95,121.12279998779297,123.67238647460937,1.8272000122070295,0.5464737893188919,214900,True,False
MKPI.JK,21950.0,22000.0,22055.0,22035.0,21980.0,21454.6725390625,21340.9074609375,24.013098437500012,0.33687403597118937,40400,False,False
MKAP.JK,1120.0,1125.0,1135.0,1150.5,1159.0,1163.60982421875,1116.012159423828,8.721964843749992,0.8208277320570654,34200,False,False
MITI.JK,242.0,244.0,230.8,216.3,208.05,183.44,201.46,30.28,5.586517594951097,2350700,False,False
MIRA.JK,25.0,25.666666666666668,25.8,27.1,26.8,22.44,21.94,4.66,4.921171355860535,2494200,False,False
MINE.JK,240.0,238.0,237.6,236.6,234.2,223.44,261.22,8.280000000000001,2.1482082443345054,816600,False,False
MINA.JK,276.0,276.0,276.0,274.4,272.6,274.8,296.58,1.6999999999999886,2.7649985565695205,23452300,True,False
MIKA.JK,1845.0,1865.0,1860.0,1821.0,1820.25,1750.7,1767.752139892578,22.859999999999992,1.274808673894469,735600,False,False
MIDI.JK,276.0,277.3333333333333,277.6,277.4,277.4,280.28,291.7592385864258,2.1399999999999864,1.2268338006856965,2160100,True,False
MICE.JK,550.0,540.0,534.0,530.0,525.25,510.48871520996096,502.6953482055664,7.902256958007809,1.1048136047226556,85300,False,False
MHKI.JK,151.0,147.33333333333334,144.2,139.9,137.85,131.16718673706055,144.47420036315918,19.832813262939453,2.551070173173341,12101800,False,False
MGRO.JK,680.0,681.6666666666666,675.0,674.0,674.0,674.4,680.75,1.5333333333333257,1.4628404683981966,1418500,True,False
MGNA.JK,97.0,96.0,95.8,96.6,103.0,96.06,117.27,7.200000000000003,1.9767340455301066,736000,False,False
MGLV.JK,12600.0,12275.0,11990.0,11352.5,9965.0,8957.5,8202.95,145.7,1.832640481457569,876800,False,False
MERK.JK,3860.0,3893.3333333333335,3908.0,3922.0,3926.5,3836.6,3732.24001953125,8.990000000000009,0.8537006839957985,23300,False,False
MERI.JK,122.0,121.66666666666667,121.4,120.9,117.9,109.48,120.72,12.519999999999996,1.65244760963522,1139000,False,False
MEJA.JK,113.0,116.33333333333333,117.0,121.7,112.25,96.98,97.347142868042,24.72,4.956702267973916,43299600,False,False
MEGA.JK,1970.0,1963.3333333333333,1969.0,1975.0,1978.5,1998.5,2098.8712890625,7.033333333333348,0.5343464583581403,14100,False,False
MEDS.JK,73.0,71.66666666666667,71.4,71.1,72.45,73.98,78.75,2.8800000000000097,1.7481332376451706,21975300,True,False
MEDC.JK,1415.0,1378.3333333333333,1371.0,1374.5,1343.25,1246.7,1352.2425134277344,33.65999999999999,3.3698487705080673,41605000,False,False
MDRN.JK,26.0,26.0,26.0,26.0,26.0,26.44,34.39,0.4400000000000013,0.0,0,True,False
MDLN.JK,50.0,50.0,50.0,50.0,50.05,50.1,51.57,0.10000000000000142,0.0,750000,True,False
MDLA.JK,206.0,206.66666666666666,206.8,207.6,208.8,206.88,204.42935974121093,1.4000000000000057,0.7606059826776925,1118200,True,True
MDKI.JK,192.0,192.0,191.2,190.3,188.4,183.26,181.96382217407228,8.740000000000009,0.7530291570455191,47400,False,False
MDKA.JK,2930.0,3000.0,2996.0,2950.0,2910.0,2769.2193896484373,2838.145244140625,23.07806103515627,2.1630475869888772,21289200,False,False
MDIY.JK,965.0,958.3333333333334,954.0,952.0,938.0,922.6972729492187,879.5951025390625,8.46054541015626,0.8664948012296756,18000,False,False
MDIA.JK,264.0,251.33333333333334,246.8,263.4,253.9,153.32,126.0,55.34,6.652545035760403,22406100,False,False
MCOR.JK,70.0,69.0,69.2,69.1,68.9,67.92,68.31,2.0799999999999983,1.6513905890295302,780000,True,False
MCOL.JK,3670.0,3670.0,3668.0,3710.0,3728.5,3757.6,3753.262998046875,8.95999999999999,1.3944031192799826,29500,False,False
MCAS.JK,284.0,286.6666666666667,285.6,290.8,286.7,224.32,257.61,33.24000000000001,4.307566435883984,1107200,False,False
MBTO.JK,126.0,125.66666666666667,125.8,127.5,128.4,118.38,116.32,10.02000000000001,1.8998718625964646,396000,False,False
MBSS.JK,2820.0,2823.3333333333335,2826.0,2830.0,2830.5,2701.8,2464.5,12.869999999999981,0.38830727734711973,494600,False,False
MBMA.JK,560.0,561.6666666666666,559.0,547.5,540.25,521.06,555.59,8.121333333333336,4.2229010693647595,53204400,False,False
MBAP.JK,1700.0,1553.3333333333333,1519.0,1493.0,1465.75,1413.5,1504.5,57.3,4.371838264105453,2108800,False,False
MAYA.JK,198.0,199.33333333333334,199.0,199.4,200.1,195.44,193.91,4.659999999999997,1.2473626359724417,809200,True,False
MAXI.JK,50.0,50.0,50.0,50.0,50.0,50.0,50.49,0.0,0.0,81700,True,False
MASB.JK,3390.0,3390.0,3390.0,3389.0,3386.5,3384.8,3331.3,0.5199999999999818,0.8735805635164147,10600,True,False
MARK.JK,1075.0,1071.6666666666667,1073.0,1083.0,1078.3986450195312,1019.1738708496093,897.6409191894531,12.765225830078133,1.6933923560609208,5195600,False,False
MARI.JK,23.0,23.0,23.0,23.0,23.0,23.12,25.41,0.120000000000001,0.0,0,True,False
MAPI.JK,1460.0,1485.0,1482.0,1495.5,1566.75,1531.5032958984375,1459.5569311523439,21.35,1.896836231727196,2441700,False,False
MAPB.JK,1175.0,1175.0,1175.0,1158.5,1158.5,1066.6,1262.55,21.680000000000017,4.728076285021157,0,False,False
MAPA.JK,720.0,716.6666666666666,696.0,680.0,669.0,633.5,624.6840655517578,17.3,3.103662836976385,7023100,False,False
MANG.JK,39.0,39.0,39.2,38.5,38.6,39.64,43.61,1.1400000000000006,2.2943729579891445,2868200,True,False
MAIN.JK,665.0,665.0,664.0,667.0,671.0,677.4,748.6083526611328,2.6799999999999953,1.196594187849952,835100,True,False
MAHA.JK,147.0,147.0,147.2,147.3,146.5,141.06,138.27666854858398,6.240000000000009,0.8933653398742348,4061900,False,False
LUCK.JK,113.0,112.33333333333333,112.4,113.4,113.75,106.48,107.18,7.269999999999996,2.335046932626206,2184500,False,False
LTLS.JK,855.0,848.3333333333334,842.0,844.0,841.25,804.1,785.3355603027344,10.179999999999996,1.00246799806512,42000,False,False
LSIP.JK,1460.0,1461.6666666666667,1454.0,1442.5,1441.75,1353.1272192382812,1357.0224536132812,21.707889485677107,1.918073288548681,4041600,False,False
LRNA.JK,193.0,190.66666666666666,189.6,189.5,187.9,182.78,188.81,10.219999999999999,1.580452295488168,97300,False,False
LPPS.JK,83.0,82.0,82.0,81.6,81.7,76.42,77.74,6.579999999999998,2.0204556513641925,1998100,False,False
LPPF.JK,1595.0,1603.3333333333333,1605.0,1609.5,1593.5,1554.6,1586.6012951660157,10.980000000000018,0.9539616084012295,724000,False,False
LPLI.JK,242.0,242.0,242.4,243.2,244.7,243.16,259.92,1.3499999999999943,0.7506744036436939,158400,True,False
LPKR.JK,63.0,62.666666666666664,62.4,63.2,62.9,61.5,69.17,1.7000000000000028,2.5251654371051107,47620400,True,False
LPIN.JK,424.0,424.0,423.6,422.8,421.3,414.52,411.77417419433596,4.740000000000009,0.43639323650013295,40700,True,False
LPGI.JK,630.0,633.3333333333334,636.0,633.5,633.25,653.5,667.8891326904297,4.7,1.5382098848098005,6700,True,False
LPCK.JK,620.0,603.3333333333334,600.0,605.0,598.25,544.98,564.59,15.003999999999996,2.3619701533127393,445900,False,False
LOPI.JK,79.0,77.33333333333333,77.8,78.6,75.25,64.22,83.19,14.780000000000001,4.048744614793572,4807400,False,False
LMPI.JK,161.0,162.66666666666666,160.4,156.4,150.15,142.32,147.07,20.346666666666664,2.0252914538762403,447600,False,False
LMAX.JK,107.0,108.0,108.8,111.0,111.85,103.74,120.3,8.11,1.9244393054614868,73000,False,False
LIVE.JK,195.0,194.0,192.4,195.3,203.15,208.14,214.04,15.73999999999998,1.6748795131160645,379400,False,False
LION.JK,344.0,350.0,349.6,347.8,349.7,338.2,363.18,5.900000000000006,1.1803497947333434,2000,True,False
LINK.JK,1485.0,1505.0,1492.0,1519.5,1456.0,1455.2,1512.95,12.85999999999999,7.05797503177425,9800,False,False
LIFE.JK,9800.0,8800.0,7775.0,6750.0,6303.75,6028.0,6381.382993164062,150.88,9.234943345296827,134400,False,False
LFLO.JK,530.0,523.3333333333334,524.0,517.0,505.25,529.62,529.2438949584961,4.95,1.9177175078863438,1400,True,False
LEAD.JK,103.0,102.0,102.2,106.0,108.25,102.54,111.73,6.25,3.9066779098752757,7004300,False,False
LCKM.JK,109.0,109.0,109.0,109.0,109.0,108.78,113.19,0.21999999999999886,0.0,0,True,False
LAPD.JK,75.0,71.33333333333333,70.0,67.5,66.1,64.66,70.47,10.340000000000003,2.609227597037479,175485700,False,False
LAND.JK,75.0,74.0,73.6,75.1,76.75,69.84,70.99,6.909999999999997,2.9958018502915937,10536900,False,False
LAJU.JK,69.0,68.33333333333333,67.8,67.8,67.5,66.1,69.82294048309326,2.9000000000000057,1.8445953114780251,4787200,True,False
LABS.JK,162.0,161.66666666666666,162.6,168.2,162.7,152.04,153.32,16.159999999999997,3.29315186670147,119700,False,False
LABA.JK,141.0,122.0,112.2,104.7,99.65,94.56,102.84,46.44,11.298497421928873,322088100,False,False
KUAS.JK,94.0,95.33333333333333,95.6,93.4,92.9,91.14,99.51453720092773,4.459999999999994,2.762259873353462,11872200,True,False
KSIX.JK,416.0,415.3333333333333,418.4,415.6,392.3,342.72,338.26,37.839999999999975,1.8877987248486654,496100,False,False
KRYA.JK,73.0,68.33333333333333,66.0,65.1,63.85,60.1,63.93,12.899999999999999,4.79223183790134,208575100,False,False
KREN.JK,13.0,13.666666666666666,13.6,13.2,13.2,12.64,13.93,1.0266666666666655,6.2244796227328845,3609200,False,False
KRAS.JK,236.0,229.33333333333334,227.2,226.2,225.9,219.5,236.86,8.25,2.1243267374072325,3429900,False,False
KPIG.JK,67.0,66.33333333333333,66.2,67.3,72.8,77.4,90.96,11.200000000000003,2.9624107061571228,147113900,False,False
KOTA.JK,202.0,177.66666666666666,167.0,166.0,168.15,127.72,118.01,37.14,12.071418183792224,3060078700,False,False
KOPI.JK,206.0,204.66666666666666,204.0,203.8,206.1,197.64,211.57,4.230000000000004,0.9289339422726646,118200,True,False
KONI.JK,2160.0,2160.0,2184.0,2255.0,2318.5,2499.2,2516.6,33.91999999999998,1.4421564185973823,35000,False,False
KOKA.JK,183.0,178.66666666666666,177.8,180.6,187.9,167.1,156.83,20.80000000000001,5.175201546466298,10502000,False,False
KOIN.JK,78.0,78.0,78.0,78.0,78.0,77.54,78.13,0.45999999999999375,0.0,0,True,False
KOCI.JK,104.0,103.0,103.4,106.1,106.9,101.92,105.3526303100586,4.980000000000004,3.417306860607495,3674700,True,False
KOBX.JK,176.0,176.66666666666666,173.4,171.5,168.95,155.72,161.51,20.94666666666666,3.2679077171275,3390900,False,False
KMTR.JK,250.0,240.0,238.0,234.6,233.1,230.16,238.14,9.920000000000002,2.1323770361191903,285800,False,False
KMDS.JK,520.0,516.6666666666666,524.0,524.5,529.0,533.9,536.6028341674805,3.44666666666667,1.7207904425758525,24300,True,False
KLIN.JK,115.0,117.33333333333333,117.6,116.4,116.7,109.38,121.61,8.219999999999999,3.030691903094262,46700,False,False
KLBF.JK,790.0,798.3333333333334,801.0,802.0,788.5,757.5,791.8698608398438,8.9,2.237596074324771,21917500,False,False
KLAS.JK,87.0,86.33333333333333,84.8,82.6,79.95,73.36,75.42,13.64,1.3889212339167922,5687900,False,False
KKGI.JK,282.0,279.3333333333333,282.4,280.0,277.5,270.8658642578125,277.8257139587402,5.7670678710937295,1.8436754707678045,1293600,True,True
KKES.JK,69.0,69.66666666666667,69.2,70.0,68.8,61.18,50.5,8.82,3.2051109073201016,170016400,False,False
KJEN.JK,166.0,163.33333333333334,162.8,164.8,158.4,134.8,136.41,31.19999999999999,5.271782368095538,6011800,False,False
KIOS.JK,101.0,100.33333333333333,99.2,97.3,96.8,93.32,95.61,7.680000000000007,2.608328989774238,15345800,False,False
KINO.JK,1350.0,1355.0,1352.0,1338.0,1317.0,1214.4,1154.4899865722657,28.119999999999983,1.7217156891290375,7100,False,False
KING.JK,280.0,284.6666666666667,284.0,286.2,281.2,298.96,376.89,9.47999999999999,3.9002609711524148,48800,False,False
KIJA.JK,218.0,215.33333333333334,207.0,189.5,157.5,138.12,147.97,39.94,14.655864818709476,574771200,False,False
KICI.JK,296.0,255.33333333333334,236.2,215.1,204.95,193.78,200.39,51.11,7.821280886506536,79165400,False,False
KETR.JK,855.0,830.0,763.0,702.5,637.25,575.08,557.44,55.983999999999995,10.674785085393726,27525400,False,False
KEJU.JK,610.0,603.3333333333334,595.0,593.5,583.5,561.3,560.3434210205078,9.740000000000009,1.2739006413164486,28800,False,False
KEEN.JK,910.0,881.6666666666666,868.0,874.5,882.5,858.1,862.0479681396484,10.379999999999995,1.9713776455519523,9505800,False,False
KDTN.JK,378.0,356.6666666666667,352.8,359.2,390.1,480.0,685.05,63.599999999999994,3.901450977177453,9150100,False,False
KDSI.JK,464.0,464.0,462.4,460.2,458.9,447.84,447.88,8.080000000000013,1.2342110854166937,18600,False,False
KBLV.JK,142.0,140.0,139.0,142.7,140.7,116.68,110.58,26.019999999999982,5.10104284898919,12056200,False,False
KBLM.JK,308.0,308.0,306.8,306.4,304.9,296.52,300.7634991455078,5.740000000000009,1.136651386707853,6700,True,False
KBLI.JK,324.0,325.3333333333333,326.4,325.6,326.7,319.71736389160156,311.25556579589846,3.491318054199212,1.2305187196192189,123500,True,False
KBAG.JK,43.0,42.666666666666664,42.4,46.0,47.0,42.38,43.64,4.619999999999997,5.329241519924173,817600,False,False
KARW.JK,212.0,212.0,212.0,212.0,212.0,215.08,249.18,1.5400000000000063,0.0,0,True,False
KAQI.JK,94.0,94.0,93.6,95.1,94.95,90.06,97.16,5.039999999999992,2.9989001667803326,26083500,True,False
KAEF.JK,436.0,436.0,436.0,438.2,446.2,448.88,472.74,6.439999999999998,0.6241866113009851,728800,False,False
JTPE.JK,605.0,608.3333333333334,611.0,616.5,610.5,607.7,599.6225,2.3,0.8337927350134624,628400,True,False
JSPT.JK,1405.0,1410.0,1407.0,1404.5,1397.5,1379.6,1366.2760791015626,6.080000000000018,1.1917026741470418,4400,False,False
JSMR.JK,2870.0,2836.6666666666665,2802.0,2785.0,2773.5,2759.8,2821.566123046875,11.019999999999982,1.080039133046107,2356200,False,False
JRPT.JK,1080.0,1078.3333333333333,1078.0,1077.5,1079.75,1079.4,1071.6862573242188,0.5,0.30936024695314923,48100,True,False
JPFA.JK,2210.0,2196.6666666666665,2188.0,2234.0,2221.5,2103.8,2235.42294921875,13.019999999999982,2.195738239747763,5271700,False,False
JMAS.JK,228.0,228.0,228.0,228.0,228.0,228.56,241.62,0.28000000000000114,0.0,0,True,False
JKON.JK,86.0,86.33333333333333,86.2,86.3,85.6,74.2,72.43552310943603,12.133333333333326,0.8525553484983847,5706400,False,False
JIHD.JK,446.0,442.0,432.4,436.2,434.1,428.76,449.54,8.620000000000005,3.257187023830146,187800,False,False
JGLE.JK,89.0,84.33333333333333,83.2,86.2,85.8,67.18,67.94,21.819999999999993,6.502887012047391,1470829300,False,False
JECC.JK,665.0,646.6666666666666,644.0,638.0,637.5,633.3,686.2782885742188,6.340000000000009,1.9574680567872111,135500,False,False
JAYA.JK,135.0,134.0,133.8,133.9,133.5,127.0,129.96,8.0,0.6866053387014932,418500,False,False
JAWA.JK,133.0,133.33333333333334,134.6,131.8,130.65,122.26,134.66,12.33999999999999,4.599507360561312,745500,False,False
JATI.JK,105.0,104.66666666666667,103.8,102.5,100.35,96.22,99.02708465576171,8.780000000000001,2.0146254200140428,6555300,False,False
JAST.JK,96.0,97.66666666666667,99.0,91.1,87.45,83.84,88.09,15.159999999999997,8.358465173777162,14585300,False,False
JARR.JK,3160.0,3206.6666666666665,3194.0,2891.0,2397.0,2096.444108886719,2030.0962890625,111.02225577799477,10.555878158211712,3970700,False,False
ITMG.JK,25900.0,25700.0,25520.0,25295.0,25012.5,23969.0,24080.57029296875,77.24,1.2268468354631286,1027300,False,False
ITMA.JK,1425.0,1418.3333333333333,1427.0,1431.0,1393.0,1383.0,1619.1,9.6,5.542810703432992,5200,False,False
ITIC.JK,222.0,222.0,222.8,224.8,225.3,212.64,224.43,6.3300000000000125,1.100729710443453,314700,False,False
ISSP.JK,420.0,420.6666666666667,421.2,426.6,431.0,409.88,412.46898529052737,10.560000000000002,1.575775716763587,992100,False,False
ISEA.JK,96.0,86.33333333333333,84.0,83.7,82.6,76.42,77.99,19.58,6.485777526295589,27402400,False,False
ISAT.JK,2550.0,2563.3333333333335,2560.0,2613.0,2353.75,2054.7,2033.9234301757813,55.83000000000002,3.687828769523896,24609100,False,False
ISAP.JK,23.0,23.666666666666668,23.2,23.3,24.0,23.88,26.23,1.0,4.034700209124021,8109300,False,False
IRSX.JK,372.0,370.6666666666667,365.6,367.8,364.8,315.84,354.18240142822265,28.080000000000013,4.258320735626941,18450000,False,False
IRRA.JK,370.0,372.0,371.2,371.8,372.1,372.08,380.12,1.0500000000000114,0.6927284798761335,198200,True,False
IPTV.JK,31.0,31.0,31.2,30.7,30.35,32.08,35.62,1.7299999999999969,2.9345164518102167,2597800,True,False
IPOL.JK,114.0,113.0,112.8,112.5,111.75,108.26,113.41,5.739999999999995,1.22384578951942,139300,True,False
IPCM.JK,300.0,300.6666666666667,301.6,301.8,302.9,308.06027648925783,306.6936346435547,4.030138244628915,0.44151465878530577,559800,True,False
IPCC.JK,1145.0,1148.3333333333333,1146.0,1158.0,1160.75,1170.0661987304688,1168.1305487060547,5.0132397460937685,0.6189665252455279,288300,True,False
IPAC.JK,176.0,179.33333333333334,180.0,177.9,172.25,162.98,156.95,17.02000000000001,2.85359539381256,15100,False,False
IOTF.JK,63.0,63.333333333333336,63.6,65.4,62.25,56.34,58.23,9.060000000000002,3.9595487156653806,6383000,False,False
INTP.JK,5425.0,5500.0,5535.0,5500.0,5339.75,4776.9,4663.965952148437,30.324000000000016,2.2452130236187786,459300,False,False
INTD.JK,290.0,286.6666666666667,287.2,288.4,277.3,249.04,249.12,20.480000000000004,3.882651569660447,34100,False,False
INTA.JK,61.0,61.0,61.0,61.0,61.0,61.26,66.83,0.259999999999998,0.0,0,True,False
INPS.JK,690.0,686.6666666666666,668.0,687.0,696.75,656.4,647.26,8.070000000000004,5.242992205265212,31800,False,False
INPP.JK,735.0,736.6666666666666,732.0,736.6724426269532,725.3867279052735,712.6520300292968,744.7333544921875,4.804082519531266,1.7054295397523531,55200,True,False
INPC.JK,152.0,149.33333333333334,146.4,144.5,142.75,136.72,143.07,15.280000000000001,2.861095995737418,4824500,False,False
INOV.JK,139.0,139.66666666666666,141.2,143.8,144.1,131.8,131.5,12.299999999999983,2.2993423391598498,642100,False,False
INKP.JK,8725.0,8791.666666666666,8765.0,8707.5,8551.25,7880.124990234375,8272.39193359375,36.461667057291635,1.1587076965028855,4021200,False,False
INET.JK,352.0,347.3333333333333,335.6,313.6,271.4,233.82,249.34,59.09,9.28602645612317,351412700,False,False
INDY.JK,2780.0,2793.3333333333335,2750.0,2696.0,2619.5,2369.8,2672.4995532226562,42.35333333333333,3.008408785040924,20433700,False,False
INDX.JK,60.0,60.0,60.0,60.0,60.0,60.46,76.5,0.46000000000000085,2.837818317547164e-07,0,True,False
INDS.JK,266.0,267.3333333333333,268.4,266.0,270.8,265.92320129394534,305.7846040344238,2.438399353027336,1.8469256229738293,762700,True,False
INDR.JK,2550.0,2466.6666666666665,2470.0,2437.0,2398.0,2158.1,2277.9,39.19000000000001,2.274170069482797,15200,False,False
INDO.JK,183.0,181.66666666666666,181.6,181.8,178.7,171.48,165.85,11.52000000000001,1.6417793431391376,23997500,False,False
INDF.JK,7250.0,7283.333333333333,7300.0,7327.5,7291.25,6911.018134765625,6680.039580078125,16.65927460937499,0.8516969582037422,1258500,False,False
INCO.JK,5225.0,5250.0,5245.0,5222.5,5268.75,4945.2,5276.764106445313,12.942000000000007,2.403925591270206,1579500,False,False
INCI.JK,680.0,675.0,672.0,670.0,669.5,659.7,666.7901593017579,4.059999999999991,1.2927838404540375,40600,True,False
INCF.JK,50.0,50.0,50.0,50.0,50.0,50.0,52.25,0.0,0.0,0,True,False
INAI.JK,178.0,178.33333333333334,178.2,176.7,177.4,159.68,166.46,18.653333333333336,1.9433834232945404,641400,False,False
IMPC.JK,1385.0,1393.3333333333333,1368.0,1378.0,1456.5,1477.0,1746.6,21.8,4.777741956144484,8520800,False,False
IMJS.JK,169.0,170.33333333333334,169.6,168.1,165.1,151.53010620117186,160.39142532348632,18.80322713216148,2.8867512157352966,626500,False,False
IMAS.JK,870.0,876.6666666666666,877.0,879.0,868.5,841.9535388183593,913.4673950195313,7.409292236328133,1.6606149317322856,13500,False,False
IKPM.JK,194.0,192.0,192.0,195.7,194.6,187.66,192.94,8.039999999999992,4.399353233641283,767800,False,False
IKBI.JK,525.0,525.0,523.0,529.0,556.3777252197266,527.6236206054688,515.6922052001953,6.675545043945317,1.8525796879032403,86300,False,False
IKAN.JK,92.0,92.66666666666667,90.2,88.5,87.6,81.96,85.86,10.706666666666678,3.8861978010750953,15509100,False,False
IKAI.JK,19.0,19.666666666666668,19.4,19.8,20.5,19.42,20.81,1.5,3.1859753221777214,5081800,True,False
IGAR.JK,472.0,471.3333333333333,469.6,464.4,453.7,429.52,440.81647705078126,21.24000000000001,0.8976149273001517,27200,False,False
IFSH.JK,1035.0,1038.3333333333333,1051.0,1086.5,1112.0,1189.2,1566.2535864257814,30.84000000000001,2.2756758912732393,4600,False,False
IFII.JK,200.0,203.33333333333334,205.2,206.2,206.2,209.8,216.58,9.800000000000011,1.1210996755822926,202800,False,False
IDPR.JK,264.0,266.0,266.4,263.6,269.9,286.45395935058593,291.3787908935547,11.426979675292955,1.2966329092322622,8700,False,False
IDEA.JK,60.0,60.666666666666664,60.6,61.1,63.5,61.92,65.97,3.5,3.010366185786623,530800,True,False
ICON.JK,134.0,129.0,127.4,131.1,123.85,112.62,114.58,21.379999999999995,4.731891960410662,37667000,False,False
ICBP.JK,7700.0,7866.666666666667,7840.0,7742.5,7577.5,7041.83251953125,6824.468657226563,32.99336588541668,1.3933282083807148,2027100,False,False
IBST.JK,8475.0,8475.0,8475.0,8475.0,8475.0,8475.0,8390.75,0.0,0.0,0,True,False
IBOS.JK,89.0,88.0,87.8,81.1,73.9,71.9,86.46,17.099999999999994,4.687154517486652,1953800,False,False
IBFN.JK,63.0,63.0,63.0,63.0,63.0,63.8,68.7,0.7999999999999972,0.0,0,True,False
IATA.JK,124.0,117.66666666666667,115.6,116.8,112.8,82.22,78.14,41.78,7.475045306476834,1188881300,False,False
HYGN.JK,181.0,182.0,180.2,176.4,171.9,157.88,150.7026008605957,24.120000000000005,1.1750677899098523,1168200,False,False
HUMI.JK,143.0,140.33333333333334,140.2,145.8,146.0610694885254,132.34517578125,149.95276466369629,13.715893707275399,5.051519936228476,23165000,False,False
HRUM.JK,935.0,923.3333333333334,917.0,902.0,875.25,818.7,851.95,23.25999999999999,2.495642866916647,16417100,False,False
HRTA.JK,2200.0,2296.6666666666665,2322.0,2280.0,2162.5,1987.0,2220.94607421875,33.5,3.6284580896816894,9602500,False,False
HRME.JK,38.0,37.666666666666664,38.4,40.8,41.5,42.82,45.33,5.153333333333336,4.426283391407465,1459800,False,False
HOPE.JK,260.0,258.0,254.0,255.6,238.2,187.64,178.75,36.18000000000001,7.365986353680262,30322700,False,False
HOMI.JK,210.0,209.33333333333334,212.0,213.4,198.65,190.74,204.93,11.329999999999998,4.438317111127856,1072900,False,False
HOKI.JK,56.0,56.0,56.0,55.7,55.1,54.06,58.49,1.9399999999999977,2.1395164413463004,9562800,True,False
HMSP.JK,735.0,738.3333333333334,739.0,743.5,746.0,709.2,691.3202679443359,7.3599999999999905,1.4821549504491307,3079000,False,False
HILL.JK,16.0,16.0,16.0,16.0,16.0,16.02,17.3,0.019999999999999574,0.0,0,True,False
HGII.JK,147.0,140.66666666666666,135.2,129.0,125.65,123.90266555786133,129.16477645874022,23.097334442138674,2.6818989493674286,7909200,False,False
HEXA.JK,4500.0,4430.0,4388.0,4379.0,4422.0,4429.0,4429.0,12.1,1.0137643137598642,516400,False,False
HERO.JK,330.0,330.6666666666667,332.4,334.8,337.6,329.16,366.23,4.219999999999999,1.3231211294429535,92700,True,False
HELI.JK,195.0,196.66666666666666,196.0,196.8,193.85,187.34,186.66,9.460000000000008,1.7555285088017232,626200,False,False
HEAL.JK,660.0,658.3333333333334,656.0,672.5,724.5,805.2,917.534326171875,29.84000000000001,1.8424890318382778,14662200,False,False
HDIT.JK,50.0,50.0,50.0,50.2,50.45,50.38,54.08,0.45000000000000284,0.6200544431702728,69600,True,False
HDFA.JK,102.0,101.66666666666667,101.0,99.4,98.75,92.82,96.59,9.180000000000007,1.5910491794602557,209800,False,False
HBAT.JK,290.0,280.6666666666667,265.6,241.6,231.4,268.12,341.59,29.299999999999997,5.134641829466083,566900,False,False
HATM.JK,600.0,576.6666666666666,578.0,601.0,578.5,486.38,398.26143249511716,22.924,5.347042850633472,4512100,False,False
HALO.JK,70.0,69.0,68.4,68.2,69.25,66.1,69.4,3.9000000000000057,1.7740810506585718,5134400,True,True
HAJJ.JK,112.0,112.33333333333333,112.0,112.0,109.4,105.7,114.89,6.633333333333326,2.4663029566081005,2740400,False,False
HAIS.JK,183.0,183.0,182.4,182.4,182.7,180.26,182.2,2.740000000000009,0.5681354689350816,311100,True,False
HADE.JK,16.0,16.333333333333332,16.4,16.9,17.75,17.38,17.6,1.75,5.129827368078035,643200,False,False
GZCO.JK,182.0,180.66666666666666,177.6,177.0,175.5,157.76,171.63,24.24000000000001,4.2708020022890505,13938200,False,False
GWSA.JK,171.0,172.66666666666666,170.8,158.8,147.3,130.84,135.11,41.826666666666654,2.7658713088210565,3027900,False,False
GUNA.JK,216.0,217.33333333333334,217.6,216.2,209.6,190.36,190.67490631103516,13.61999999999999,2.6761700815923652,45900,False,False
GULA.JK,765.0,766.6666666666666,764.0,748.5,760.75,707.9,570.23,11.75333333333333,3.6512763066301983,9939700,False,False
GTSI.JK,173.0,171.66666666666666,171.2,178.0,177.45,152.55751968383788,174.02511711120604,25.44248031616212,3.6450903578234612,29290600,False,False
GTRA.JK,222.0,222.66666666666666,223.2,225.2,234.3,217.06,221.73,8.620000000000005,1.6184646196295591,286400,False,False
GTBO.JK,170.0,170.0,170.0,170.0,170.0,170.5,187.55,0.5,0.0,0,True,False
GSMF.JK,98.0,98.0,96.0,94.0,90.55,86.2,96.28,11.799999999999997,4.174988707983433,5699000,False,False
GRPM.JK,198.0,188.33333333333334,182.6,181.0,205.3,231.2,259.16,50.19999999999999,5.720839490494771,15291700,False,False
GRPH.JK,99.0,94.33333333333333,86.4,79.3,70.1,63.1,62.16,35.9,10.588141256493811,106117000,False,False
GRIA.JK,175.0,182.0,198.8,176.7,159.4,131.22,123.13,67.58000000000001,12.042435464553062,10916500,False,False
GPSO.JK,302.0,298.0,296.0,292.8,292.9,318.44,359.18,12.819999999999993,2.914426972413377,43780900,False,False
GPRA.JK,111.0,110.33333333333333,110.0,110.0,108.1,103.46647048950196,105.57019439697265,7.533529510498042,1.6501680445104485,107928200,False,False
GOTO.JK,50.0,50.0,50.0,50.0,50.0,50.0,50.54,0.0,0.0,19150800,True,False
GOOD.JK,310.0,310.0,308.4,307.0,303.6,304.36,319.364716796875,3.1999999999999886,1.0672057870948346,156300,True,False
GOLF.JK,163.0,162.33333333333334,161.8,161.3,162.65,164.56,172.14141387939452,3.259999999999991,1.2551998333623882,439900,True,False
GOLD.JK,276.0,277.3333333333333,276.8,275.0,271.9,261.96,268.36,7.686666666666667,3.081256605393681,50300,False,False
GMTD.JK,1400.0,1406.6666666666667,1410.0,1335.5,1309.0,1307.6,1466.7140026855468,20.480000000000018,4.842123894526057,106900,False,False
GMFI.JK,59.0,58.666666666666664,58.0,59.0,58.55,55.1,56.52,3.8999999999999986,2.4830318939283007,34038500,True,True
GLVA.JK,318.0,313.3333333333333,312.4,312.0,309.9,302.8497564697266,314.03146697998045,7.575121765136714,1.6300514183889867,6600,False,False
GJTL.JK,1400.0,1416.6666666666667,1405.0,1371.5,1335.75,1218.8,1160.6526470947265,39.57333333333336,1.6852439527977912,5261400,False,False
GIAA.JK,66.0,65.66666666666667,65.8,69.9,65.8,58.34,60.94,11.560000000000002,4.256496826081882,60360400,False,False
GHON.JK,1625.0,1625.0,1624.0,1615.5,1613.5,1610.9,1714.2,2.8199999999999816,0.5480852626055716,7200,True,False
GGRP.JK,308.0,304.0,303.2,302.6,301.8,296.2,287.5930062866211,5.900000000000006,0.8134644186496223,958700,True,False
GGRM.JK,20300.0,19825.0,19865.0,20082.5,20198.75,18061.2,16410.9125,89.55199999999996,2.142872506308395,1373100,False,False
GEMS.JK,7025.0,6933.333333333333,6860.0,6750.0,6648.75,6457.5,7038.5,22.7,1.0661691939604283,80000,False,False
GEMA.JK,82.0,82.33333333333333,82.4,81.9,81.4,79.96,82.15904655456544,2.440000000000012,1.350455399786852,543600,True,False
GDYR.JK,1120.0,1120.0,1116.0,1109.5,1104.25,1095.0,1097.9,5.0,0.8585602435434616,9000,True,False
GDST.JK,113.0,112.0,112.2,112.3,113.85,97.68,96.11,16.169999999999987,2.2593800361564123,8304800,False,False
FWCT.JK,90.0,89.66666666666667,90.0,91.5,92.45,86.6,87.27,5.8500000000000085,3.045795593905478,478800,True,False
FUTR.JK,372.0,353.3333333333333,340.0,332.8,332.3,262.88,236.15,54.56,7.802427531527581,100464000,False,False
FUJI.JK,312.0,326.0,329.6,301.0,253.6,228.82,275.15,50.390000000000015,11.766796053214348,5299200,False,False
FPNI.JK,610.0,618.3333333333334,614.0,553.2,489.1,393.56,405.7,44.954666666666675,10.139485195496862,4296000,False,False
FORU.JK,2130.0,2036.6666666666667,2041.0,2162.5,2297.25,2769.9,2231.65,73.32333333333334,5.629647985543452,625600,False,False
FORE.JK,855.0,845.0,827.0,819.0,797.5,697.7,777.4,31.45999999999999,2.7036477888497736,5907800,False,False
FOOD.JK,176.0,176.0,176.0,176.0,176.0,175.94,177.8,0.060000000000002274,0.0,0,True,False
FOLK.JK,176.0,175.66666666666666,180.0,179.6,194.55,199.36,242.9,23.693333333333356,6.655772759052232,9646300,False,False
FMII.JK,254.0,254.66666666666666,253.2,253.8,252.0,251.04,245.28,1.8133333333333326,2.7834004774377346,6100,True,False
FLMC.JK,83.0,81.0,80.2,78.9,76.5,68.76,109.41,14.239999999999995,3.7045086017609834,9512600,False,False
FITT.JK,390.0,384.0,384.4,383.4,369.4,370.8,382.94,10.300000000000011,3.222540275846734,241800,False,False
FISH.JK,600.0,610.0,609.0,603.5,604.25,609.5,665.8702496337891,2.0,1.3753303527633387,10300,True,False
FIRE.JK,112.0,112.0,112.8,110.4,109.3,106.44,117.52,6.359999999999999,4.825307887227733,5630800,False,False
FILM.JK,860.0,835.0,809.0,820.5,921.0,1261.5,1794.75,90.5,6.6567319480970815,40547600,False,False
FAST.JK,472.0,472.6666666666667,467.2,476.0,425.7,327.6,302.42,74.19999999999999,7.4764187431601234,4303600,False,False
FAPA.JK,7450.0,7450.0,7450.0,7442.5,7400.0,7363.718984375,7186.773813476562,3.451240624999991,0.32653176621246455,1100,True,False
EXCL.JK,2850.0,2796.6666666666665,2758.0,2803.0,2661.0,2560.2,2743.3,28.980000000000018,3.2228433442594606,4116200,False,False
EURO.JK,1340.0,1385.0,1415.0,1547.5,1692.75,1755.5,2053.6015661621095,83.1,2.5046481680791275,85200,False,False
ESTI.JK,162.0,160.33333333333334,160.2,160.8,166.35,143.35872009277344,146.69952209472658,22.991279907226556,2.652320290795191,1391300,False,False
ESTA.JK,173.0,171.33333333333334,171.2,171.9,177.3,179.72,189.12,8.52000000000001,1.6123570649932,396000,False,False
ESSA.JK,635.0,621.6666666666666,617.0,627.0,639.5,606.5754858398437,648.4851715087891,6.584902832031252,2.309355827796977,94836500,False,False
ESIP.JK,120.0,120.33333333333333,120.4,122.8,125.35,128.8530712890625,128.9714175415039,8.853071289062513,2.3979170742115823,2971600,False,False
ERTX.JK,182.0,182.33333333333334,181.6,183.6,187.25,164.66,173.29,22.590000000000003,1.034643177028195,116900,False,False
ERAL.JK,300.0,302.6666666666667,299.6,300.6,304.0,289.32872192382814,287.51488891601565,7.3356390380859295,2.927742961043636,875100,False,False
ERAA.JK,490.0,491.3333333333333,484.0,475.0,462.9,399.89824951171875,378.75983154296875,45.717541910807284,2.2088670572082685,54905900,False,False
EPMT.JK,2360.0,2376.6666666666665,2386.0,2380.0,2364.5,2334.6,2334.6,5.1400000000000095,2.0711088953104384,400,True,False
EPAC.JK,54.0,54.333333333333336,54.2,56.4,58.4,64.66,66.34,10.659999999999997,4.390424000902401,58811100,False,False
ENZO.JK,70.0,71.0,70.2,72.4,74.4,69.42,71.75,4.980000000000004,5.428046292409914,5196900,False,False
ENRG.JK,1315.0,1271.6666666666667,1263.0,1274.0,1233.1208404541017,1253.1483361816406,1416.5741680908204,16.37583190917967,2.533188543769132,76539100,False,False
ENAK.JK,238.0,236.0,236.0,239.0,240.5,260.76,289.24,12.379999999999995,2.201767471191911,118900,False,False
EMTK.JK,505.0,510.0,511.0,519.5,519.75,520.28,623.1360144042969,3.0559999999999947,2.8994856028503704,15773100,True,False
EMDE.JK,75.0,75.0,75.0,75.5,76.2,71.72,71.33,4.480000000000004,1.4927560227200734,1458600,True,True
EMAS.JK,9025.0,9150.0,9060.0,8415.0,7866.25,6771.0,7375.25,95.16,3.801145701972585,21218000,False,False
ELTY.JK,40.0,38.333333333333336,38.0,38.5,37.7,30.04,33.12,9.96,4.823207274683846,115733100,False,False
ELSA.JK,715.0,700.0,697.0,703.5,699.5,646.6,642.2445178222656,13.679999999999996,2.6666150654557823,17154500,False,False
ELPI.JK,680.0,675.0,667.0,673.0,697.25,891.3819921875,1254.7324548339843,44.87639843750001,3.0211764067061115,390600,False,False
ELIT.JK,272.0,262.6666666666667,255.2,217.6,195.35,181.88,188.46,45.06,11.947696633297305,30769000,False,False
EKAD.JK,410.0,416.6666666666667,411.6,360.8,277.0,212.02,188.7877766418457,102.32333333333334,8.309351307906395,10405100,False,False
ECII.JK,159.0,157.66666666666666,157.8,156.2,157.85,145.66,154.1,13.340000000000003,1.3393213559872952,565500,False,False
EAST.JK,91.0,90.33333333333333,90.4,90.5,90.54456596374511,88.37869644165039,87.56755950927734,2.6213035583496094,0.902239214599089,2077500,True,True
DYAN.JK,91.0,89.0,88.4,88.9,86.85,81.82,81.4,9.180000000000007,2.8930526890355495,50764200,False,False
DWGL.JK,252.0,280.0,287.2,304.0,343.0,279.96,272.6,45.5,6.869544980506033,37355900,False,False
DVLA.JK,1580.0,1580.0,1579.0,1580.0,1581.75,1560.4921630859376,1540.5627758789062,4.251567382812482,0.23339781363923734,2000,True,False
DUTI.JK,4820.0,4816.666666666667,4808.0,4739.0,4516.5,4288.528154296875,3999.76181640625,53.14718457031249,1.735470964193757,200,False,False
DSSA.JK,1145.0,1143.3333333333333,1113.0,1065.5,995.25,894.0,1194.53,50.2,3.1705259205549954,318514100,False,False
DSNG.JK,1565.0,1560.0,1522.0,1452.5,1396.5,1275.4,1347.2701293945313,57.91999999999998,2.2916594914320623,584800,False,False
DSFI.JK,91.0,89.33333333333333,87.8,86.0,83.95,77.6,82.62,13.400000000000006,2.3166906786200046,2924100,False,False
DRMA.JK,1025.0,1013.3333333333334,1011.0,1007.0,986.25,939.0,952.3266668701172,17.2,0.8357562210530498,461000,False,False
DPUM.JK,94.0,93.33333333333333,93.4,94.8,96.55,97.74,125.13,4.406666666666666,2.190715965376593,5595200,True,False
DOSS.JK,170.0,171.0,169.2,168.8,169.4,148.70302215576172,145.00302299499512,22.296977844238285,1.679540786195422,1771600,False,False
DOOH.JK,326.0,326.0,326.0,322.8,295.6,204.92,176.56,60.540000000000006,3.4419348682104873,0,False,False
DOID.JK,232.0,232.0,231.6,223.2,218.8,211.54,221.48,10.230000000000004,3.811036901644333,1408000,False,False
DNET.JK,9950.0,9900.0,10000.0,9952.5,9863.75,9874.0,9749.75,5.45,2.675613133401285,700,True,False
DNAR.JK,128.0,128.0,126.6,127.0,125.3,118.88,124.3,9.120000000000005,2.290982157649381,662100,False,False
DMND.JK,620.0,623.3333333333334,618.0,618.5,622.25,616.3559997558593,616.0881982421874,1.3954667154948084,1.8055743609139328,2100,True,False
DMMX.JK,190.0,195.66666666666666,190.0,187.9,188.25,174.4587060546875,182.94900207519532,21.20796061197916,4.426607070465546,1427600,False,False
DMAS.JK,202.0,193.33333333333334,184.8,173.3,160.4,146.82033111572267,138.66493370056153,27.589834442138667,4.961806354153034,761580300,False,False
DLTA.JK,1785.0,1785.0,1785.0,1785.5,1784.0,1763.7845068359375,1767.2861486816407,4.343098632812508,0.1318617655228558,18100,True,False
DKHH.JK,66.0,64.66666666666667,64.8,64.4,64.0,62.24,65.33,3.759999999999998,1.7536419752996555,17148000,True,True
DKFT.JK,670.0,668.3333333333334,663.0,663.5,668.25,655.7,693.05,2.859999999999991,1.4331902789639457,2433200,True,False
DIVA.JK,138.0,138.0,136.0,136.4,136.05,122.44,133.42,15.560000000000002,2.9063832882370013,1142500,False,False
DILD.JK,119.0,119.66666666666667,118.8,117.8,117.15,115.16,119.2,4.506666666666675,1.461625604260714,8080500,True,False
DIGI.JK,29.0,29.0,29.0,29.0,29.0,29.08,31.73,0.0799999999999983,0.0,0,True,False
DGWG.JK,362.0,354.0,348.4,339.4,324.4,301.34,322.99933685302733,30.330000000000013,2.3522290926546088,8359900,False,False
DGNS.JK,238.0,237.33333333333334,231.6,229.2,232.0,231.12,243.5,4.400000000000006,2.090217449622604,13400,True,False
DGIK.JK,138.0,136.66666666666666,135.6,134.2,130.75,128.3,129.92,9.699999999999989,3.2438515659952163,4001900,False,False
DFAM.JK,83.0,81.66666666666667,81.6,80.6,80.95,81.82,94.97,2.4000000000000057,2.0299011144905266,8253600,True,False
DEWI.JK,152.0,151.66666666666666,149.4,147.4,137.25,126.56,124.91,25.439999999999998,2.938055282818653,43875600,False,False
DEWA.JK,440.0,442.6666666666667,440.0,445.0,454.8,399.43741943359373,415.4099681091309,27.68129028320314,3.5936852447067102,101851700,False,False
DEPO.JK,254.0,251.33333333333334,251.2,250.4,246.7,245.40882507324218,250.55544448852538,4.295587463378908,2.091242702118816,51500,True,False
DEFI.JK,105.0,105.0,104.6,105.4,106.65,107.2,124.67,2.6000000000000085,2.677831385485828,4020300,True,False
DCII.JK,200100.0,202350.0,202890.0,203867.5,201422.5,195214.5,195508.0,346.12,0.5312398273716051,100,False,False
DAYA.JK,1125.0,1126.6666666666667,1115.0,1061.5,1025.75,1008.1,1027.1,23.713333333333345,2.3643157420105307,3400,False,False
DATA.JK,1855.0,1853.3333333333333,1854.0,1888.0,1920.0,2016.1,1954.4,32.55333333333333,1.9241032783685754,350700,False,False
DART.JK,163.0,163.66666666666666,164.0,165.0,156.8,136.44,138.61,28.560000000000002,3.070108284729688,916400,False,False
DADA.JK,50.0,50.0,50.0,50.0,50.0,50.0,50.0,0.0,0.0,70500,True,False
DAAZ.JK,1685.0,1690.0,1691.0,1721.5,1666.75,1621.0,1821.8155456542968,20.1,2.889909790161801,83300,False,False
CYBR.JK,535.0,533.3333333333334,536.0,547.0,558.0,580.4,606.75,9.413333333333322,1.0988694537206867,19756100,False,False
CUAN.JK,805.0,810.0,805.0,816.5,771.5,693.8,844.66,24.54000000000001,3.2948936592486864,104529300,False,False
CTTH.JK,126.0,126.0,126.0,128.1,129.4,125.72,136.36,3.680000000000007,3.784616340531767,1511800,True,False
CTRA.JK,630.0,626.6666666666666,621.0,621.5,611.0,572.5431555175782,599.6920947265625,11.491368896484369,1.8869662578606858,4132600,False,False
CTBN.JK,3130.0,3150.0,3158.0,3474.0,3754.5,4583.2,4965.0218896484375,145.32,4.409881953246815,35500,False,False
CSRA.JK,765.0,768.3333333333334,769.0,762.0,753.25,761.6,811.1,3.15,1.4141493348452427,200500,True,False
CSMI.JK,183.0,174.0,171.2,152.5,123.55,93.46,93.03,89.54,12.361824543388947,0,False,False
CSIS.JK,220.0,220.66666666666666,220.4,221.2,208.7,180.2892007446289,170.25960121154785,20.455399627685537,4.547250752391035,1091500,False,False
CSAP.JK,288.0,289.3333333333333,290.0,289.2,290.0,285.4736535644531,281.27917053222654,2.263173217773442,1.9645122371545438,129600,True,False
CRSN.JK,135.0,131.0,130.4,125.4,120.45,108.62,108.26367752075195,26.379999999999995,3.014802491681343,3451500,False,False
CRAB.JK,208.0,208.0,208.0,208.0,208.0,208.32,209.62,0.1599999999999966,0.0,0,True,False
CPRO.JK,50.0,50.0,50.0,50.3,50.65,50.36,52.36,0.6499999999999986,0.8188380769486945,10554600,True,False
CPIN.JK,3020.0,3033.3333333333335,3018.0,3018.0,3079.5,3126.0,3517.974921875,10.8,1.479749230588541,22458600,False,False
COIN.JK,810.0,805.0,807.0,785.0,735.75,709.6,873.65,20.079999999999995,8.894970158013946,17723500,False,False
COCO.JK,103.0,101.0,100.8,100.8,103.05,127.21169082641602,215.22584541320802,26.41169082641602,2.5662189948267744,199360100,False,False
COAL.JK,31.0,31.0,31.0,31.0,28.5,24.62,38.64,6.379999999999999,0.0,0,False,False
CNMA.JK,92.0,92.66666666666667,92.2,92.8,93.85,90.88,94.55316192626952,2.969999999999999,1.536660373987858,3509400,True,False
CNKO.JK,37.0,37.0,37.0,37.0,37.0,36.98,42.96,0.020000000000003126,0.0,0,True,False
CMRY.JK,4700.0,4686.666666666667,4666.0,4669.0,4655.0,4590.0,4549.283881835938,11.0,1.1192658715266943,1021100,False,False
CMPP.JK,69.0,69.0,69.0,69.0,69.0,69.16,73.1,0.1599999999999966,0.0,0,True,False
CMNT.JK,755.0,746.6666666666666,751.0,767.0,781.0,785.6,791.95,7.786666666666679,1.3540721498706147,12783000,False,False
CMNP.JK,1400.0,1388.3333333333333,1380.0,1376.0,1371.25,1353.1,1409.2,9.380000000000019,0.962327110457262,49000,False,False
CLPI.JK,1600.0,1596.6666666666667,1595.0,1597.0,1596.25,1542.18865234375,1490.616212158203,11.562269531250013,0.40321413702388226,30700,False,False
CLEO.JK,412.0,406.6666666666667,403.6,396.6,389.7,383.10994323730466,385.52819976806643,14.445028381347669,2.1974736925796963,6543700,False,False
CLAY.JK,2710.0,2713.3333333333335,2718.0,2743.0,2733.5,2619.8,2711.7,12.319999999999983,1.680128838343685,10100,False,False
CITY.JK,176.0,176.0,175.8,175.7,175.4,169.76,175.93,6.240000000000009,1.6620354465481406,70400,False,False
CITA.JK,3270.0,3253.3333333333335,3248.0,3224.0,3237.5,3167.8,3273.6283520507814,10.219999999999981,0.6894559901133928,177600,False,False
CINT.JK,183.0,180.66666666666666,180.2,179.7,178.3,171.44,181.54,11.560000000000002,1.0691799223214358,240300,False,False
CHIP.JK,840.0,841.6666666666666,851.0,867.5,888.75,916.2277404785157,960.5483563232422,15.245548095703134,1.5552951531576062,37100,False,False
CHEM.JK,71.0,71.0,70.2,69.7,68.3,64.58,72.71479965209961,6.420000000000002,3.2951080590262714,4335700,False,False
CHEK.JK,133.0,132.33333333333334,132.8,134.4,133.75,129.64,130.54,4.760000000000019,1.2372888634590284,115000,True,False
CGAS.JK,151.0,150.0,150.2,150.7,151.7,149.64611114501952,156.2661097717285,2.053888854980471,1.3217306856818332,755700,True,False
CFIN.JK,354.0,353.3333333333333,353.2,353.8,351.4,338.50878356933595,316.5073062133789,7.745608215332027,0.8768079493801432,422300,False,False
CENT.JK,104.0,106.0,105.2,95.1,88.45,81.08,86.13,24.92,8.779728260270723,10867600,False,False
CEKA.JK,2180.0,2180.0,2186.0,2194.0,2200.0,2181.2109375,2177.270703125,2.0,0.7355118689224637,3000,True,False
CDIA.JK,680.0,680.0,674.0,688.0,685.5,660.5,792.7429266357422,5.5,3.0312866036884833,14551100,True,False
CCSI.JK,270.0,260.0,257.2,257.4,254.4,251.36,254.04,9.319999999999993,2.344227554550332,1129000,False,False
CBUT.JK,970.0,971.6666666666666,892.0,832.5,826.25,792.8,763.11,35.77333333333333,8.233944036128017,706600,False,False
CBRE.JK,710.0,700.0,690.0,693.0,686.25,688.4,765.4,4.75,2.659951091371301,10026000,True,False
CBPE.JK,488.0,506.0,511.6,525.3,500.0,370.536640625,335.45817108154296,77.38167968749997,4.232911287864747,39700,False,False
CBDK.JK,3770.0,3796.6666666666665,3808.0,3812.0,3794.0,3614.0,3959.3843359375,19.8,2.067378076993803,558800,False,False
CASS.JK,1860.0,1861.6666666666667,1863.0,1863.5,1883.75,1856.8,1825.55,5.3900000000000095,0.6334209368185825,90900,True,False
CASH.JK,250.0,246.66666666666666,239.2,228.8,225.5,205.56,205.7,22.22,3.1263906834894275,6075700,False,False
CASA.JK,1805.0,1806.6666666666667,1807.0,1833.0,1820.5,1835.0,1609.15,6.0,3.46918820622259,1000,False,False
CARS.JK,108.0,105.66666666666667,104.8,99.9,95.75,89.96,91.21,18.040000000000006,3.5163422989556117,2080600,False,False
CARE.JK,450.0,446.0,443.6,437.4,431.2,425.24,418.0,12.379999999999995,0.6419407116380709,87400,False,False
CANI.JK,135.0,135.0,135.0,135.0,135.0,134.44,140.73,0.5600000000000023,0.0,0,True,False
CAMP.JK,170.0,170.33333333333334,170.0,169.8,170.45,170.82,181.69,1.0199999999999818,0.6475925491549911,548000,True,False
CAKK.JK,159.0,155.0,152.2,147.5,143.5,139.3,147.43,19.69999999999999,1.8976248170736998,458500,False,False
BYAN.JK,14000.0,14525.0,14800.0,15310.0,13680.0,12526.154296875,11625.044150390626,111.353828125,10.069686348110265,553400,False,False
BWPT.JK,106.0,105.0,103.6,101.5,96.15,84.52,96.26,21.480000000000004,8.399397104162778,88980100,False,False
BVIC.JK,95.0,93.0,92.6,92.8,92.8,88.36,94.18,6.640000000000001,1.617660057383434,1456500,False,False
BUVA.JK,735.0,731.6666666666666,728.0,732.0,753.5,808.9,887.2,16.179999999999996,2.636008502023056,25476000,False,False
BUMI.JK,191.0,191.66666666666666,190.6,188.6,183.0,164.44,183.26,27.22666666666666,3.1983327320020907,747209300,False,False
BULL.JK,446.0,438.0,434.8,442.0,442.0,394.92,415.27,25.539999999999992,4.269248086780652,338249100,False,False
BUKK.JK,990.0,988.3333333333334,994.0,1004.0,1011.0,1063.0,1078.7,14.933333333333326,1.4878606464282222,16200,False,False
BUKA.JK,106.0,106.33333333333333,107.8,111.4,114.55,108.66,123.42,8.549999999999997,2.2755370797338066,40190500,False,False
BUDI.JK,236.0,235.33333333333334,232.4,225.8,221.4,211.68,210.28,12.159999999999997,2.4863101744162117,247300,False,False
BUAH.JK,515.0,508.3333333333333,509.0,509.5,509.5,510.1,509.84058654785156,1.333333333333337,1.3571978865794527,139800,True,False
BTPS.JK,985.0,981.6666666666666,981.0,984.5,986.75,993.7,990.2539208984375,2.540000000000009,0.5603807023785419,491600,True,False
BTPN.JK,2230.0,2236.6666666666665,2218.0,2187.0,2178.5,2176.2,2156.6796130371094,6.0466666666666695,1.571422947598458,17000,False,False
BTON.JK,364.0,361.3333333333333,362.4,362.6,363.5,357.0,365.28,3.5,1.1499092357057292,209600,True,False
BTEK.JK,10.0,10.333333333333334,10.2,10.4,10.55,10.58,11.58,0.5800000000000001,8.343519944775748,43629300,False,False
BSSR.JK,4730.0,4600.0,4556.0,4492.0,4407.0,4246.84478515625,3912.538049316406,48.31552148437504,1.4458250027248063,2724600,False,False
BSML.JK,510.0,515.0,516.0,517.0,518.25,511.22,458.11,1.65,1.1985478748946115,10763900,True,True
BSIM.JK,880.0,770.0,743.0,723.0,710.5,703.9,766.2,35.220000000000006,8.056525085724093,887300,False,False
BSDE.JK,640.0,641.6666666666666,637.0,632.0,609.0,582.8,648.65,11.773333333333335,2.5800569921078607,8931400,False,False
BSBK.JK,50.0,50.0,50.0,51.3,52.2,51.92,54.18,2.200000000000003,1.3234831102020852,1391400,True,False
BRRC.JK,75.0,76.66666666666667,76.0,73.8,67.0,61.52,65.7,15.146666666666668,11.034465397994152,14843100,False,False
BRPT.JK,1825.0,1831.6666666666667,1821.0,1844.5,1856.75,1721.8360278320313,1814.5201745605468,26.982794433593746,2.7534581537651626,28098900,False,False
BRNA.JK,610.0,600.0,600.0,628.5,633.25,605.4,624.7,6.65,3.439167789500609,49100,False,False
BRMS.JK,720.0,745.0,737.0,695.5,648.25,588.46,653.8,31.307999999999993,4.521647417632173,239767500,False,False
BRIS.JK,1795.0,1788.3333333333333,1790.0,1786.5,1791.25,1784.5,1832.4822729492187,2.1,1.0503977555410575,7617800,True,False
BREN.JK,3350.0,3370.0,3364.0,3427.0,3423.0,3423.3274169921874,3852.663701171875,7.7,1.6113242655419797,3483500,False,False
BRAM.JK,4630.0,4610.0,4610.0,4579.0,4567.0,4519.8,4434.581281738281,11.019999999999982,1.60223161692606,400,False,False
BPTR.JK,75.0,76.0,76.4,76.6,75.95,72.4,76.05,4.199999999999989,0.9662586911371545,2263000,True,False
BPII.JK,484.0,490.6666666666667,494.60065307617185,492.68515625,465.90787811279296,447.65677978515623,455.3898391723633,23.47193664550781,2.9474316738298962,9200,False,False
BPFI.JK,242.0,240.66666666666666,240.8,247.8,254.6,251.51364074707033,255.05318435668946,6.966666666666669,2.0935041211594823,57200,False,False
BOLT.JK,795.0,795.0,796.0,794.5,797.5,788.5,812.2020202636719,1.8,1.623038967657181,23000,True,False
BOLA.JK,146.0,146.66666666666666,147.4,148.1,151.95,155.16,157.92,9.159999999999997,0.95772842612404,232700,False,False
BOGA.JK,1620.0,1613.3333333333333,1590.0,1586.5,1628.75,1556.6,1442.4,14.430000000000017,1.9859280520502898,1300,False,False
BOBA.JK,212.0,210.66666666666666,209.2,211.0,213.2,244.52,249.267970123291,17.66000000000001,1.974441816094916,137300,False,False
BOAT.JK,150.0,148.0,145.6,143.3,139.3,124.2,126.79,25.799999999999997,1.0443986357067305,11601900,False,False
BNLI.JK,2160.0,2160.0,2156.0,2153.0,2163.0,2303.6,2727.576994628906,15.059999999999992,0.9952490016539685,8800,False,False
BNII.JK,193.0,193.0,192.4,192.8,193.15,190.36,193.36873458862306,2.789999999999992,0.5475975034732686,555500,True,False
BNGA.JK,1690.0,1688.3333333333333,1681.0,1676.0,1661.25,1620.4,1631.7475817871093,13.919999999999982,0.9220275251532186,825900,False,False
BNBR.JK,100.0,99.66666666666667,99.0,100.4,101.0,95.84660751342773,124.70768531799317,5.1533924865722724,3.4932100042492973,652820400,True,False
BNBA.JK,750.0,728.3333333333334,721.0,728.0,732.25,739.2,734.25,5.8,2.360691388106106,260400,True,False
BMTR.JK,113.0,114.0,114.0,114.9,115.05,115.42,130.29,2.4200000000000017,1.767369852697671,43746000,True,False
BMSR.JK,310.0,310.6666666666667,311.6,309.8,307.7,303.68,308.76,3.960000000000008,1.4026167166353545,8600,True,False
BMRI.JK,4270.0,4243.333333333333,4218.0,4192.0,4188.0,4156.8,4170.166455078125,11.319999999999983,0.8623367781078091,74781700,False,False
BMHS.JK,195.0,193.33333333333334,191.8,190.4,190.2,182.87822143554686,182.73773315429688,12.121778564453138,0.49701189411685,256800,False,False
BMBL.JK,27.0,27.666666666666668,27.2,28.3,30.35,31.18,32.93,4.18,4.477443631606097,10408200,False,False
BMAS.JK,500.0,502.6666666666667,512.6,503.3,496.65,486.5,490.36,13.050000000000011,2.935506314681239,92100,False,False
BLUE.JK,2740.0,2750.0,2742.0,2614.0,2522.5,2761.6,2990.6783227539063,23.90999999999999,5.19896472999194,30300,False,False
BLTA.JK,32.0,32.333333333333336,32.2,32.5,32.7,32.88,35.91,0.8800000000000026,3.0611123410430587,2849400,True,False
BLOG.JK,384.0,383.3333333333333,382.8,382.6,377.0,360.44,357.28103515625,11.780000000000001,0.7960803437023309,110000,False,False
BLES.JK,208.0,207.33333333333334,206.0,207.8,205.95,172.02,160.71643753051757,17.989999999999995,3.399806335586791,1978000,False,False
BKSW.JK,53.0,51.666666666666664,51.8,52.1,52.15,51.94,54.0,1.3333333333333357,2.0316916011467447,903600,True,False
BKSL.JK,75.0,74.33333333333333,74.2,75.6,73.85,68.18,80.49,7.4199999999999875,3.2219902143805776,70528000,False,False
BKDP.JK,138.0,153.33333333333334,159.6,164.3,166.65,145.64,122.68,28.650000000000006,4.06353699497077,566000,False,False
BJTM.JK,525.0,521.6666666666666,521.0,519.0,517.75,515.5,518.7586532592774,1.9,0.4073942142923887,1717800,True,True
BJBR.JK,795.0,791.6666666666666,791.0,790.0,789.5,779.0,774.5983630371094,3.2,0.62833347928999,746300,True,False
BISI.JK,725.0,721.6666666666666,711.0,697.5,690.5,663.9,698.4165966796875,12.220000000000004,1.6015350691329113,183500,False,False
BIRD.JK,1635.0,1630.0,1628.0,1638.0,1627.0,1588.0391064453124,1505.6056762695312,9.992178710937514,0.6594617684081149,306100,False,False
BIPP.JK,66.0,67.0,67.2,67.0,67.4,63.64,67.0,3.760000000000005,6.3336934838393,3234500,False,False
BIPI.JK,149.0,149.0,146.4,148.5,149.55,142.38,177.61,7.170000000000016,4.493774737773839,190037900,False,False
BINO.JK,116.0,115.33333333333333,115.2,114.6,113.35,105.06,108.84,10.939999999999998,1.4250286389487452,242400,False,False
BINA.JK,4150.0,4133.333333333333,4142.0,4160.0,4127.5,3997.6,4017.3,16.24000000000001,2.1040072179211835,661400,False,False
BIKE.JK,870.0,870.0,745.6,627.8,568.9,533.56,526.41,67.28800000000001,13.10858253642962,988400,False,False
BHIT.JK,25.0,25.0,24.8,25.3,25.65,26.04,28.55,1.2399999999999984,2.9383271027256868,10454900,True,False
BHAT.JK,1770.0,1770.0,1770.0,1770.0,1770.0,1752.9,1504.25,3.4199999999999817,0.0,0,True,False
BGTG.JK,117.0,115.66666666666667,113.0,111.7,111.75,110.28,113.22,6.719999999999999,2.483786298688705,8038200,False,False
BFIN.JK,930.0,910.0,894.0,899.0,904.5,822.7,767.4507135009766,21.45999999999999,2.307357758958343,8111200,False,False
BEST.JK,142.0,130.33333333333334,126.8,123.4,116.65,106.2,105.44,35.8,6.0229703672717765,294263500,False,False
BESS.JK,925.0,911.6666666666666,908.0,911.0,905.0,912.8719677734375,992.1709686279297,4.0,2.539860742787794,31000,True,False
BELL.JK,114.0,114.0,114.2,114.2,115.3,110.56,120.74,4.739999999999995,1.8918638676308028,4918300,True,False
BELI.JK,260.0,260.6666666666667,260.0,263.0,259.7,264.48,310.9,2.390000000000015,1.9306156589246368,166900,True,False
BEKS.JK,23.0,23.0,22.8,23.2,22.75,21.6,23.24,1.5999999999999979,3.5286572862854735,2159400,True,False
BEER.JK,84.0,82.33333333333333,80.6,80.4,77.85,78.16,97.2,6.150000000000006,5.369953066510087,32764400,False,False
BEEF.JK,440.0,450.6666666666667,459.6,462.6,439.6,323.58,258.48,69.51000000000002,5.413572278800256,3909700,False,False
BDMN.JK,4320.0,4303.333333333333,4276.0,4273.0,4275.0,4134.4,4020.5777197265625,18.560000000000038,1.598500024689634,705200,False,False
BDKR.JK,156.0,156.0,157.4,159.2,161.05,151.15903686523438,149.4014054107666,9.890963134765627,1.5321117686254468,5445300,False,False
BCIP.JK,62.0,62.666666666666664,62.6,63.3,63.2,61.3,64.81,2.0,1.8243098571998013,3509600,True,False
BCIC.JK,137.0,133.33333333333334,131.6,130.6,129.15,127.0,123.48,10.0,2.1672689123001376,1146800,False,False
BCAP.JK,50.0,50.0,50.0,50.0,50.0,50.04,50.72,0.03999999999999915,0.0,11300,True,False
BBYB.JK,256.0,252.66666666666666,250.4,251.4,255.2,239.56,262.78,8.219999999999999,1.9609788305527294,18526400,False,False
BBTN.JK,1230.0,1228.3333333333333,1220.0,1216.5,1218.0,1198.2,1253.75,6.3599999999999905,1.0242172441908672,8624500,False,False
BBSS.JK,103.0,100.66666666666667,100.4,103.0,100.9,97.72,123.24,5.280000000000001,1.964916984461715,21088300,True,False
BBSI.JK,4680.0,4676.666666666667,4672.0,4668.0,4670.5,4682.8,4634.8,1.4800000000000182,0.7847045052854551,200,True,False
BBRM.JK,114.0,113.66666666666667,113.6,114.4,115.75,114.28,123.39,2.1500000000000057,1.2252134460584678,1761000,True,False
BBRI.JK,3240.0,3193.3333333333335,3178.0,3154.0,3113.5,2966.8,3016.794919433594,27.319999999999983,1.539521999631018,93573400,False,False
BBNI.JK,3850.0,3780.0,3740.0,3680.0,3639.0,3515.2,3618.4,33.48000000000002,1.6079267631135823,26002000,False,False
BBMD.JK,2000.0,1986.6666666666667,1981.0,1987.0,1992.75,1966.2534008789062,1945.0971740722657,6.749319824218764,1.455121420412456,1000,False,False
BBLD.JK,680.0,690.0,683.0,667.0,637.75,591.5,620.023314819336,19.7,5.159169410348543,1400,False,False
BBKP.JK,55.0,54.333333333333336,54.2,54.8,54.7,53.26,56.14,1.740000000000002,1.722569994176705,6029300,True,False
BBHI.JK,885.0,896.6666666666666,898.0,901.5,907.0,915.7455627441407,999.4768792724609,6.149112548828134,0.8668943950042504,417200,False,False
BBCA.JK,6500.0,6441.76318359375,6405.2123046875,6370.328173828125,6357.866796875,6231.849384765625,6136.467143554688,10.726024609375017,0.8912470539948814,41702300,False,False
BAYU.JK,1355.0,1336.6666666666667,1312.0,1274.0,1221.75,1172.6,1184.790732421875,36.48000000000002,1.6462670050124146,129100,False,False
BAUT.JK,37.0,37.666666666666664,36.8,37.1,35.25,30.74,30.55,6.926666666666666,4.626455158212859,1360300,False,False
BATR.JK,93.0,93.66666666666667,93.8,95.4,94.35,90.09862075805664,88.96597724914551,5.301379241943366,2.7718313097605973,343800,True,False
BATA.JK,59.0,59.0,59.0,59.0,59.0,59.18,61.21,0.17999999999999972,0.0,0,True,False
BAPI.JK,19.0,18.333333333333332,18.4,18.8,18.85,17.36,20.64,1.6400000000000006,4.566852512487471,2526700,False,False
BAPA.JK,165.0,161.66666666666666,153.8,149.0,154.4,219.88,218.99,70.88,6.844914199054168,45015700,False,False
BANK.JK,276.0,274.0,272.4,271.6,272.9,276.6,354.5,2.5,1.3777159317062453,2904300,True,False
BALI.JK,1575.0,1358.3333333333333,1316.0,1286.5,1252.25,1247.4,1253.15,65.51999999999998,8.19057974557604,266600,False,False
BAJA.JK,300.0,280.6666666666667,268.8,295.4,321.7,231.64,191.29,45.03,7.3797793685606115,38025400,False,False
BAIK.JK,274.0,276.6666666666667,282.4,300.0,449.2,586.28,574.02,156.14,5.051306569937199,8256700,False,False
BACA.JK,119.0,118.33333333333333,117.4,117.2,116.95,111.66,119.93,7.340000000000003,1.2176976835666231,1104000,False,False
BABY.JK,214.0,214.0,212.0,216.6,209.1,191.82,199.43,12.39,5.775640071705701,872300,False,False
BABP.JK,50.0,50.0,50.0,50.0,50.0,50.0,50.6,0.0,0.0,32000,True,False
AYLS.JK,150.0,150.0,150.0,153.0,156.35,150.28,157.01,6.349999999999994,0.8147152076353639,1599300,False,False
AYAM.JK,482.0,477.3333333333333,473.6,475.4,463.1,404.44,366.94,38.78,2.9430849284833918,5189800,False,False
AXIO.JK,116.0,116.33333333333333,116.4,114.7,113.85,111.22,110.17267456054688,5.180000000000007,2.4589946046603166,247400,True,False
AWAN.JK,169.0,166.66666666666666,164.8,165.0,161.9,152.56,151.04,16.439999999999998,2.356500451351573,565200,False,False
AVIA.JK,362.0,359.3333333333333,354.8,352.0,339.8,327.56,341.3341943359375,17.22,1.9595291682270255,10116400,False,False
AUTO.JK,3440.0,3390.0,3280.0,3113.0,2951.5,2686.8,2607.1821801757815,75.31999999999998,1.793451881035039,8549700,False,False
ATLA.JK,50.0,50.0,50.0,50.0,50.0,50.04,50.44675552368164,0.03999999999999915,0.0,1002300,True,False
ATIC.JK,466.0,466.6666666666667,467.6,466.4,465.3,471.48,492.67,3.0900000000000034,0.7687141692772929,48200,True,False
ATAP.JK,555.0,551.6666666666666,557.0,583.0,586.0,532.54,489.05,10.692000000000007,4.27916709925425,145800,False,False
ASSA.JK,635.0,631.6666666666666,626.0,633.5,629.0,613.2140625,662.69453125,4.357187500000009,1.854413119294945,2858300,True,False
ASRM.JK,276.0,278.6666666666667,276.8,273.4,270.1,258.64,265.43240325927735,10.01333333333335,1.521739907094301,2600,False,False
ASRI.JK,126.0,125.0,124.2,125.8,123.35,118.85,120.82631523132324,7.150000000000006,2.7853365566414228,8462500,False,False
ASPR.JK,153.0,156.0,152.8,155.7,153.4,152.76,210.1355288696289,3.240000000000009,3.838686646701524,9469300,False,False
ASPI.JK,390.0,391.3333333333333,389.6,388.6,401.9,405.46,406.79,8.429999999999978,1.9226968618679803,78400,False,False
ASMI.JK,16.0,15.666666666666666,15.6,16.0,16.2,16.24,16.93,0.6399999999999988,5.9075938129573435,2596000,False,False
ASLI.JK,262.0,249.33333333333334,242.0,240.6,219.05,209.62,252.99,26.189999999999998,10.095963012051099,28944300,False,False
ASLC.JK,68.0,67.66666666666667,67.6,64.9,63.75,62.42,66.98,5.579999999999998,4.7423891620488146,6418300,False,False
ASJT.JK,163.0,162.0,161.2,160.1,157.3,158.38,167.2810008239746,5.699999999999989,2.317464793745861,41000,True,False
ASII.JK,4770.0,4786.666666666667,4786.0,4780.0,4891.5,4874.6,5199.306328125,12.15,0.6639589027772688,10745800,False,False
ASHA.JK,59.0,58.0,57.6,58.8,59.0,56.94,63.25,2.0600000000000023,3.276629798216729,15853200,True,False
ASGR.JK,2280.0,2153.3333333333335,2052.0,1915.0,1851.0,1774.9,1660.3923840332031,50.50999999999999,4.456866657813637,4852700,False,False
ASDM.JK,515.0,511.6666666666667,510.0,510.5,512.0,509.8817468261719,511.8781112670898,1.0236506347656245,1.3089304385975438,9600,True,False
ASBI.JK,398.0,405.3333333333333,410.4,410.2,416.8,417.3659997558594,411.5114450073242,9.682999877929689,2.5176033554287813,98400,False,False
ARTO.JK,995.0,998.3333333333334,996.0,1049.0,1157.25,1129.2,1169.35,32.45,2.488779319365788,11598100,False,False
ARTA.JK,2270.0,2280.0,2272.0,2282.0,2356.5,2436.2,2479.05,16.619999999999983,2.1342461794067162,500,False,False
ARNA.JK,492.0,490.6666666666667,490.4,491.6,494.8,473.8,470.7577978515625,10.5,0.4267021963697803,983500,False,False
ARKO.JK,5025.0,5041.666666666667,5060.0,5200.0,5015.75,5011.9,6262.05,7.524000000000014,5.305796227867724,1547100,False,False
ARKA.JK,22.0,22.0,22.0,22.0,22.0,22.18,26.06,0.17999999999999972,0.0,0,True,False
ARII.JK,294.0,294.0,294.8,289.4,283.5,278.84,280.06,7.980000000000018,1.440996575136405,13500,False,False
ARGO.JK,1145.0,1138.3333333333333,1137.0,1147.5,1162.75,1074.3,996.55,17.69000000000001,1.0544332164745063,105900,False,False
AREA.JK,332.0,333.3333333333333,336.8,305.6,292.4,266.4,274.32,35.20000000000002,6.462173215079005,1587200,False,False
ARCI.JK,1330.0,1388.3333333333333,1396.0,1359.0,1265.75,1115.5,1224.99677734375,56.1,4.426527608819313,48456900,False,False
APLN.JK,136.0,135.66666666666666,135.8,137.7,132.15,126.38,144.34,11.319999999999993,4.408178918757493,58767800,False,False
APLI.JK,272.0,271.3333333333333,270.4,267.6,261.2,252.36,238.58212173461914,9.819999999999993,1.8216002679905954,79500,False,False
APII.JK,191.0,191.0,190.6,189.7,189.45,184.55824157714844,183.18626358032228,6.441758422851564,1.120051997906935,11300,False,False
APIC.JK,510.0,515.0,517.0,527.0,568.0,615.9,950.25,21.179999999999996,3.9859790164663704,331300,False,False
APEX.JK,190.0,188.33333333333334,186.6,185.4,177.55,151.0,159.39,39.0,4.121125594836491,11603000,False,False
ANTM.JK,3090.0,3143.3333333333335,3156.0,3129.0,3078.0,2966.4002294921875,3080.808740234375,18.959977050781255,1.8739250831737793,50102300,False,False
ANJT.JK,1595.0,1596.6666666666667,1596.0,1565.5,1529.25,1490.7,1571.25,21.19333333333334,1.9829488473812231,251400,False,False
ANDI.JK,17.0,17.0,16.8,17.0,17.35,17.46,19.61,0.6600000000000001,3.3638161892969283,3094800,True,False
AMRT.JK,1340.0,1351.6666666666667,1370.0,1379.0,1376.5,1380.6,1370.8767724609374,8.119999999999981,2.5291474480118032,17591600,False,False
AMOR.JK,358.0,356.0,356.8,357.0,357.2,341.72,343.58,8.139999999999986,0.7015548660358062,10400,False,False
AMMS.JK,234.0,235.33333333333334,220.0,195.1,203.5,268.48,323.98,36.69000000000001,5.65726291772841,3493500,False,False
AMMN.JK,4320.0,4393.333333333333,4414.0,4368.0,4334.5,3953.4,4109.2,46.05999999999999,3.0580942167471967,33679000,False,False
AMIN.JK,250.0,244.66666666666666,241.6,241.6,243.9,244.24,247.48,4.200000000000003,1.6112624916143685,423300,True,False
AMFG.JK,3320.0,3326.6666666666665,3328.0,3329.0,3333.0,3163.7075048828124,3119.707197265625,16.929249511718762,0.09496329309815091,600,False,False
AMAR.JK,230.0,230.66666666666666,229.6,228.0,222.64702453613282,208.32934539794923,197.41602722167968,11.168660634358716,1.7286571303039744,260700,False,False
AMAN.JK,224.0,226.66666666666666,226.8,232.8,239.7,253.2,260.74,14.599999999999994,1.952198346485922,134900,False,False
AMAG.JK,388.0,389.3333333333333,389.2,389.2,389.2,390.04,394.7743505859375,1.0200000000000102,0.29167042642255225,63500,True,False
ALKA.JK,4580.0,4580.0,4580.0,4042.0,3077.5,1713.8,1161.02,286.62,9.372369920308184,0,False,False
ALII.JK,800.0,795.0,788.0,801.0,791.75,758.6018676757812,803.4198712158203,8.47962646484375,2.79217969793505,154300,False,False
ALDO.JK,910.0,920.0,920.0,920.0,878.75,788.8987719726563,717.5151177978515,26.220245605468744,2.131832019560968,24300,False,False
AKSI.JK,250.0,242.66666666666666,241.2,234.8,233.0,224.2,246.04,12.900000000000006,1.6328359669868595,1106400,False,False
AKRA.JK,1400.0,1383.3333333333333,1381.0,1388.5,1404.25,1335.6518896484374,1330.529697265625,13.719622070312516,1.495203229542378,6362000,False,False
AKPI.JK,510.0,502.6666666666667,501.8,505.4,505.45,494.36,501.4449609375,3.1279999999999974,1.2598786883332316,560100,True,False
AKKU.JK,38.0,38.0,38.0,38.0,38.0,38.0,38.0,0.0,0.0,0,True,False
AISA.JK,118.0,117.66666666666667,117.4,119.0,118.75,110.52,113.36,8.480000000000004,2.820227753575586,2091400,False,False
AIMS.JK,396.0,384.0,382.0,384.6,389.0,395.04,406.02,7.0,2.176463479038162,201200,False,False
AHAP.JK,97.0,96.33333333333333,96.0,99.9,96.7,93.02,96.81,6.88000000000001,4.555942285041352,6390200,False,False
AGRS.JK,60.0,60.333333333333336,60.4,60.7,60.9,60.92,63.76,0.9200000000000017,1.6877421372413322,2741500,True,False
AGRO.JK,149.0,146.66666666666666,147.0,148.9,148.45,146.34,158.98,2.6599999999999966,1.7109643937122931,3419400,True,False
AGII.JK,2940.0,2893.3333333333335,2842.0,2872.0,2919.0,2868.3379541015624,2900.1265502929687,9.8,2.282488177314216,283300,False,False
AGAR.JK,1810.0,1810.0,1810.0,1789.5,1415.5,786.68,510.26,204.66400000000002,4.039046232613821,0,False,False
AEGS.JK,45.0,46.0,46.0,43.8,43.05,41.26,44.76,4.740000000000002,5.221768913551423,3892500,False,False
ADRO.JK,2750.0,2706.6666666666665,2672.0,2613.0,2561.0,2458.8,2411.835319824219,29.119999999999983,1.8030212385029418,60909000,False,False
ADMR.JK,1720.0,1716.6666666666667,1703.0,1687.0,1633.5,1531.9,1606.4395812988282,37.61999999999998,2.649558826649185,37718100,False,False
ADMG.JK,248.0,252.0,253.6,255.6,247.5,223.94,213.75,15.829999999999998,0.9904769146867396,306600,False,False
ADMF.JK,8625.0,8683.333333333334,8695.0,8677.5,8687.5,8347.5,8371.384604492188,13.9,0.6927323122079608,63000,False,False
ADHI.JK,133.0,133.0,133.0,136.0,142.2,152.24,166.38,19.24000000000001,1.178578667989766,0,False,False
ADES.JK,32300.0,32333.333333333332,32470.0,32667.5,32852.5,33693.0,26884.25,55.72,0.38641222525799435,5900,False,False
ADCP.JK,50.0,50.0,50.0,50.0,50.0,50.0,50.32,0.0,0.0,0,True,False
ACST.JK,87.0,86.0,86.0,85.6,85.6,81.62,84.89,5.3799999999999955,1.7688781132689,211700,True,False
ACRO.JK,65.0,64.66666666666667,64.2,63.5,62.5,61.180420303344725,63.48950618743896,3.819579696655275,1.004080406213168,6320100,True,True
ACES.JK,356.0,358.0,358.0,358.2,357.7,348.6797998046875,339.4185610961914,4.760100097656249,1.2196773232456977,21165400,True,True
ABMM.JK,2800.0,2743.3333333333335,2724.0,2708.0,2672.5,2507.8,2594.3666455078123,29.21999999999998,1.154727931345065,445100,False,False
ABDA.JK,4220.0,3946.6666666666665,3892.0,3851.0,3775.5,3540.4,3338.2,67.96,3.425257590024882,4800,False,False
ABBA.JK,30.0,30.0,30.0,30.0,30.0,30.34,34.49,0.33999999999999986,0.0,0,True,False
AALI.JK,8100.0,8025.0,7980.0,7872.5,7508.75,6765.0,7017.559926757813,53.4,2.0421852435466525,1092700,False,False
AADI.JK,10725.0,10358.333333333334,10265.0,9990.0,9571.25,8856.5,8903.663125,74.74,2.4671106461952936,9830300,False,False
