Ticker,Close,MA3,MA5,MA10,MA20,MA50,MA100,Range_Ticks,Vol_Pct,Volume,MA_Tight,Signal
ZYRX.JK,126.0,126.0,125.6,123.4,125.7,127.12,133.3601449584961,3.719999999999999,1.5510181221482973,50900,True,False
ZONE.JK,725.0,748.3333333333334,741.0,738.5,657.25,553.8488000488281,450.03834228515626,38.896906656901045,5.047818348381429,61100,False,False
ZINC.JK,30.0,30.0,30.0,30.0,30.0,30.0,30.01,0.0,0.0,0,True,False
YUPI.JK,1300.0,1295.0,1299.0,1303.0,1307.75,1334.0,1412.1451586914063,7.8,0.765359922243641,900,False,False
YULE.JK,3500.0,3490.0,3468.0,3419.0,3412.0,3382.8,3353.4035546875,11.719999999999981,2.0830775580816985,2200,False,False
YPAS.JK,840.0,755.0,701.0,659.0,625.5,626.9,876.3,42.9,8.534194974220174,739500,False,False
YOII.JK,83.0,82.66666666666667,83.4,83.7,84.45,84.78,88.99,2.1133333333333297,1.602195777125226,140600,True,False
YELO.JK,88.0,87.66666666666667,90.2,89.8,83.55,75.74,86.45,14.460000000000008,5.031416152289182,12718000,False,False
WTON.JK,83.0,80.66666666666667,78.2,76.9,76.15,73.72,80.09174964904786,9.280000000000001,4.118491286203736,8877100,False,False
WSBP.JK,14.0,14.0,14.0,14.0,14.0,14.02,15.94,0.019999999999999574,0.0,0,True,False
WOWS.JK,62.0,61.333333333333336,61.0,59.9,59.75,58.16,65.07,3.8400000000000034,1.99599816863204,3688000,True,False
WOOD.JK,214.0,214.0,215.2,222.4,217.85,216.12,255.64,4.200000000000003,2.767656070472975,245300,True,False
WOMF.JK,270.0,269.3333333333333,266.4,262.8,257.8,252.92,274.26152374267576,8.540000000000006,1.7581681495143406,16200,False,False
WMUU.JK,56.0,56.666666666666664,56.0,54.6,53.45,51.52,59.37,5.146666666666661,3.692998835882232,37819200,True,False
WIRG.JK,68.0,65.66666666666667,63.8,60.9,58.55,55.7,65.67,12.299999999999997,2.432484495630163,104244000,False,False
WINS.JK,510.0,508.3333333333333,505.0,508.0,513.0,513.02,514.6641687011719,1.6039999999999963,2.1972470259858645,4410800,True,False
WINR.JK,25.0,23.0,21.8,21.1,20.75,21.22,25.67,4.25,5.060966039795608,46119900,False,False
WINE.JK,139.0,139.66666666666666,139.0,143.0,146.3,149.17170959472656,161.06674087524414,10.171709594726565,2.5042842367728553,229300,False,False
WIIM.JK,1780.0,1800.0,1800.0,1771.5,1696.0,1618.3,1671.9750036621094,36.34000000000001,2.0017172095239486,281900,False,False
WIFI.JK,1920.0,1926.6666666666667,1953.0,1962.5,1985.5,1783.103662109375,2007.9886572265625,40.47926757812502,2.2719995357667835,2748400,False,False
WIDI.JK,26.0,25.666666666666668,25.8,25.6,26.4,25.44,28.11,0.9599999999999973,2.615686257115082,699600,True,False
WGSH.JK,188.0,181.0,177.8,170.6,154.55,136.58,124.64,51.41999999999999,4.325862126793643,5295700,False,False
WEHA.JK,110.0,109.0,110.0,107.8,105.9,104.66,113.0811572265625,5.340000000000003,1.8897718659848102,1757500,True,False
WEGE.JK,52.0,52.0,51.2,50.6,50.3,50.18,52.95,1.8200000000000003,2.90347693747938,28253500,True,False
WAPO.JK,132.0,132.0,128.2,125.0,122.65,115.0,122.36,17.0,2.1390776520691284,1175100,False,False
VTNY.JK,67.0,67.0,66.4,65.2,65.1,60.76,64.01,6.240000000000002,2.414589708918076,1829600,False,False
VRNA.JK,75.0,75.33333333333333,75.0,75.7,75.9,74.2,76.45,1.7000000000000028,1.9152841557631977,604800,True,False
VOKS.JK,230.0,233.33333333333334,234.0,218.4,208.65,202.12,209.87,15.939999999999998,12.251552189395282,219300,False,False
VKTR.JK,820.0,823.3333333333334,843.0,800.5,782.75,663.56,752.28,35.88800000000001,7.4705416743770705,19072300,False,False
VIVA.JK,49.0,52.0,53.4,48.0,41.85,35.94,38.41,17.46,7.677229782908881,35566200,False,False
VISI.JK,950.0,968.3333333333334,959.0,922.5,903.25,962.6,839.75,13.016666666666675,2.857921441925844,223800,False,False
VINS.JK,143.0,143.0,142.6,141.2,140.25,135.82,148.29,7.180000000000007,0.6939342602313309,1700,False,False
VICO.JK,143.0,142.33333333333334,142.0,141.3,140.55,137.62,146.78,5.3799999999999955,0.5586106162097755,1600,True,False
VICI.JK,595.0,595.0,594.0,590.0,592.5,590.8757318115235,578.9272982788086,1.0,1.4146128260823676,112800,True,False
VERN.JK,206.0,205.33333333333334,204.0,204.5,202.1,163.28,145.74,21.36,3.418210232899907,393000,False,False
VAST.JK,113.0,113.33333333333333,113.8,114.6,115.75,115.18,118.39,2.75,1.6534129626748852,665400,True,False
UVCR.JK,146.0,147.66666666666666,151.0,150.4,149.15,153.75,167.414246673584,7.75,2.572236882992815,13609400,False,False
URBN.JK,218.0,212.0,211.2,209.2,218.1,207.92,198.79,5.090000000000003,2.395083751091865,1200,True,False
UNVR.JK,1755.0,1766.6666666666667,1785.0,1780.0,1739.0,1691.58306640625,1680.3506457519532,18.68338671874999,2.247836150234698,2629700,False,False
UNTR.JK,23575.0,23750.0,23745.0,23852.5,24787.5,23780.0,26030.381171875,48.5,0.9930469603839651,850700,False,False
UNTD.JK,80.0,80.66666666666667,81.2,81.0,79.7,74.22,78.46,6.980000000000004,1.9742197718849468,8060600,False,False
UNSP.JK,206.0,206.0,206.0,206.0,206.0,209.76,272.94,1.8799999999999955,0.0,0,True,False
UNIQ.JK,112.0,113.0,114.0,113.0,111.75,104.46,114.85,9.540000000000006,1.614606455028568,113100,False,False
UNIC.JK,15200.0,15200.0,15150.0,14950.0,13840.0,12980.5,12075.7892578125,88.78,6.30913990817444,7400,False,False
ULTJ.JK,1505.0,1498.3333333333333,1498.0,1484.0,1443.25,1389.3,1480.65,23.140000000000008,2.048586306100181,664600,False,False
UFOE.JK,140.0,139.66666666666666,139.2,138.0,137.45,135.86,141.78,4.139999999999986,0.9308908191111196,45000,True,False
UDNG.JK,1295.0,1335.0,1326.0,1232.5,1229.75,1303.0,1188.15,21.05,5.674321575797359,617600,False,False
UCID.JK,438.0,440.6666666666667,439.2,424.8,402.7,383.36621459960935,388.7031497192383,28.650226033528668,4.1532173817260984,5800,False,False
UANG.JK,2420.0,2406.6666666666665,2440.0,2418.0,2394.0,2297.4,2863.6,14.259999999999991,3.5035423005123945,22300,False,False
TYRE.JK,114.0,113.66666666666667,114.4,114.3,114.0,110.26,112.36,4.140000000000001,1.200495313645672,87300,True,False
TUGU.JK,1285.0,1253.3333333333333,1244.0,1232.0,1227.25,1185.5,1175.089327392578,19.9,1.3179773331753233,2018500,False,False
TSPC.JK,2790.0,2800.0,2816.0,2835.0,2747.0,2576.2,2507.4,25.880000000000017,1.0078848831894662,131800,False,False
TRUS.JK,406.0,407.3333333333333,408.0,409.4,418.4,370.4671084594727,348.4452914428711,23.966445770263647,1.2693947485831916,6800,False,False
TRUK.JK,780.0,796.6666666666666,756.0,638.7,528.85,448.66,438.16,69.60133333333332,10.561411209819434,619200,False,False
TRUE.JK,50.0,50.0,50.0,50.0,50.0,55.12,101.17,5.119999999999997,0.0,0,True,False
TRST.JK,452.0,455.3333333333333,454.8,456.0,465.9,468.10374633789064,465.23832611083986,8.05187316894532,1.0944039192303467,35300,False,False
TRON.JK,104.0,102.66666666666667,103.6,106.2,108.35,98.32,114.85,10.030000000000001,2.367145008087188,2701100,False,False
TRJA.JK,110.0,109.66666666666667,110.2,110.6,111.15,109.98,120.27,1.4833333333333343,1.4149681893000174,405900,True,False
TRIS.JK,171.0,170.33333333333334,171.8,169.6,168.05,163.38,168.55956787109375,8.420000000000016,2.1442956325016893,1055100,False,False
TRIN.JK,306.0,310.6666666666667,317.6,317.4,327.1,352.98,521.1,23.49000000000001,2.5611982155716775,1218000,False,False
TRIM.JK,600.0,600.0,602.0,594.0,580.5,556.5466973876953,547.8433166503906,9.09066052246094,3.1927891224795197,2400,False,False
TRGU.JK,177.0,173.66666666666666,170.8,167.0,165.3,168.6,176.18,11.699999999999989,2.653373065094838,439400,False,False
TPMA.JK,464.0,464.6666666666667,464.4,463.4,455.8,431.52,496.22,16.573333333333352,1.3944796919436573,69500,False,False
TPIA.JK,2130.0,2106.6666666666665,2136.0,2116.0,2116.75,1936.8,3301.6674877929686,19.920000000000005,3.4591936677945814,106048900,False,False
TOWR.JK,398.0,394.0,397.2,401.0,403.5,379.28,419.1391351318359,12.110000000000014,1.582550713360676,9236300,False,False
TOTO.JK,234.0,234.0,233.6,235.0,239.1,234.8288134765625,242.804656829834,2.75,1.2621759474235739,21800,True,False
TOTL.JK,1390.0,1346.6666666666667,1334.0,1248.5,1153.5,1090.3,1062.1961920166016,59.94000000000001,3.547403110751114,2246400,False,False
TOSK.JK,71.0,70.0,69.6,69.1,68.2,62.06,62.26,8.939999999999998,1.2539990626114745,1846100,False,False
TOOL.JK,67.0,67.33333333333333,67.6,66.6,66.75,63.22,66.97,4.3799999999999955,2.5039095756720524,4080600,True,True
TOBA.JK,510.0,506.6666666666667,511.0,495.0,482.4,426.32,491.50524536132815,16.936,4.726586350175211,1308300,False,False
TNCA.JK,162.0,163.33333333333334,163.2,163.9,156.05,145.34,164.41,18.560000000000002,1.603777459905302,131600,False,False
TMPO.JK,156.0,156.0,155.2,140.6,123.5,112.26,117.98,43.739999999999995,14.587453066244487,11472800,False,False
TMAS.JK,130.0,130.33333333333334,127.2,124.5,122.2,117.66672271728515,118.91361358642578,12.666610616048189,2.080676411496084,2046200,False,False
TLKM.JK,2600.0,2610.0,2638.0,2673.0,2653.5,2579.715146484375,2687.4922290039062,9.328485351562495,2.8035817827600154,23748900,False,False
TLDN.JK,565.0,565.0,570.0,559.5,540.75,517.24,556.6170751953125,10.551999999999998,2.952534836821402,293200,False,False
TKIM.JK,7525.0,7333.333333333333,7275.0,7070.0,6567.5,5943.14736328125,7049.435834960937,63.27410546874999,3.212491041975648,881400,False,False
TIRT.JK,590.0,590.0,590.0,590.0,590.0,569.8,564.88,4.040000000000009,0.0,0,True,False
TIRA.JK,434.0,436.0,441.2,467.0,488.15,557.06,700.28,61.52999999999997,2.1775785256794538,53800,False,False
TINS.JK,3810.0,3810.0,3818.0,3790.0,3661.0,3471.63626953125,3466.965671386719,34.63637304687499,2.7809816459959396,10193700,False,False
TIFA.JK,330.0,332.6666666666667,334.8,338.4,300.4,273.42567260742186,303.8208969116211,32.48716369628906,8.442130367265237,2500,False,False
TGKA.JK,4950.0,4953.333333333333,4960.0,4909.0,4873.0,4811.6,4728.738828125,14.839999999999964,1.480096466674899,300,False,False
TFCO.JK,790.0,781.6666666666666,794.0,772.0,763.0,684.8,695.25,21.84000000000001,4.703027417884622,100,False,False
TFAS.JK,185.0,188.66666666666666,189.8,189.7,187.9,191.54,204.57,6.539999999999992,1.721765301805169,208100,False,False
TEBE.JK,1120.0,1101.6666666666667,1104.0,1094.0,1073.5,1025.0,1113.9039892578126,19.0,2.291848280834899,385600,False,False
TCPI.JK,3840.0,3946.6666666666665,3950.0,4280.0,4925.0,6613.54455078125,9156.4121875,277.354455078125,5.87487504773274,167100,False,False
TCID.JK,2640.0,2686.6666666666665,2698.0,2730.0,2742.0,2767.8,2785.7,12.780000000000019,1.7540288338032628,95200,False,False
TBMS.JK,1190.0,1196.6666666666667,1203.0,1187.5,1199.0,1201.2793017578124,1243.0978186035156,3.1,2.7131382568387137,700,True,False
TBLA.JK,625.0,623.3333333333334,626.0,626.0,634.25,606.0352862548829,618.9896951293945,5.642942749023428,2.044000553670123,84100,True,False
TBIG.JK,1380.0,1373.3333333333333,1387.0,1407.5,1409.25,1411.3456079101563,1487.941630859375,7.602454915364615,2.1717186518065943,45600,False,False
TAYS.JK,50.0,50.0,50.0,50.0,50.0,50.0,55.01,0.0,0.0,0,True,False
TAXI.JK,15.0,14.666666666666666,14.6,14.2,13.4,13.16,14.66,1.8399999999999999,5.891467224345723,54624500,False,False
TARA.JK,31.0,30.333333333333332,29.8,29.9,30.55,29.36,30.26,1.6400000000000006,1.912641222122386,1204400,True,True
TAPG.JK,1750.0,1739.6629231770833,1761.75283203125,1753.9213623046876,1683.3314697265625,1531.1319604492187,1587.4569482421875,46.12417431640624,2.3163876854389103,5904900,False,False
TAMU.JK,27.0,25.0,23.4,21.9,21.1,19.8,23.97,7.199999999999999,6.106562827121987,19840100,False,False
TAMA.JK,248.0,244.66666666666666,243.6,242.0,222.3,180.5,179.19,33.75,4.277905064771356,1818100,False,False
TALF.JK,890.0,918.3333333333334,931.0,889.5,748.75,679.4003442382813,686.9077111816406,50.31993115234375,16.148395484279455,93000,False,False
SWID.JK,105.0,103.33333333333333,103.8,103.3,101.25,93.44156478881835,97.44606330871582,11.558435211181646,1.9392838373968022,4983300,False,False
SURI.JK,73.0,72.66666666666667,72.4,72.4,70.55,64.96,68.46,8.040000000000006,1.4264032175821573,164100,False,False
SURE.JK,2650.0,2693.3333333333335,2724.0,2743.0,2747.0,2821.6,2747.1,17.15999999999999,0.8772829129407744,200,False,False
SUPA.JK,585.0,588.3333333333334,589.0,596.0,595.25,596.3,729.85,2.259999999999991,1.345049996851482,1403500,True,False
SUNI.JK,725.0,721.6666666666666,722.0,722.5,685.25,650.0641027832031,659.5801135253906,14.987179443359377,1.4478496597195514,162300,False,False
SULI.JK,95.0,102.66666666666667,97.2,92.9,90.3,82.56,90.54,20.10666666666667,10.544284503753913,10192700,False,False
STTP.JK,9800.0,9766.666666666666,9785.0,9782.5,9801.25,9794.5,9835.25,1.3833333333333575,1.3762281947543848,300,True,False
STRK.JK,60.0,60.0,60.2,61.9,65.15,67.84,86.47,7.840000000000003,3.0590015626649407,486900,False,False
STAR.JK,515.0,420.3333333333333,360.6,317.1,297.75,297.14,439.3,43.572,12.173239222632732,3343500,False,False
STAA.JK,1060.0,1063.3333333333333,1074.0,1086.5,1067.0,1020.8,1068.9604443359376,13.14000000000001,1.7983139402297053,1263300,False,False
SSTM.JK,422.0,424.0,428.4,419.0,409.4,398.96,506.89,14.719999999999999,2.813052315938465,6000,False,False
SSMS.JK,945.0,938.3333333333334,933.0,960.0,951.75,844.3,1017.6341491699219,23.140000000000008,2.017577055160029,5561400,False,False
SSIA.JK,1700.0,1681.6666666666667,1674.0,1660.5,1681.75,1596.5932641601562,1576.5673413085938,20.68134716796876,1.2897245089635292,3857400,False,False
SRTG.JK,1830.0,1820.0,1811.0,1778.0,1757.5,1600.8,1605.7302087402343,45.84000000000001,1.863235900598882,1308600,False,False
SRSN.JK,71.0,71.66666666666667,72.6,70.9,68.35,66.56,65.97,6.039999999999992,4.350627183423622,9422000,False,False
SRAJ.JK,13000.0,13000.0,13045.0,12725.0,11857.5,11392.0,12951.0,66.12,2.204715944814444,800,False,False
SQMI.JK,63.0,62.666666666666664,63.6,64.8,66.7,54.18,53.7,12.520000000000003,3.1526995487007423,1652100,False,False
SPTO.JK,605.0,603.3333333333334,602.0,602.0,597.75,572.4552624511718,576.3947344970703,6.508947509765631,0.8850669875261103,40900,False,False
SPRE.JK,87.0,86.66666666666667,87.4,88.7,87.3,81.68,84.27,7.019999999999996,3.8445268850931145,1872200,False,False
SPMA.JK,164.0,164.33333333333334,164.0,163.5,166.4,162.19692260742187,162.79076889038086,4.2030773925781375,1.0241404370028568,2000,True,False
SOUL.JK,37.0,37.0,37.0,37.0,37.0,37.04,44.03,0.03999999999999915,0.0,0,True,False
SOTS.JK,660.0,651.6666666666666,632.0,609.0,610.75,610.9,776.05,10.2,2.0487734247389504,184500,False,False
SOSS.JK,870.0,870.0,870.0,870.0,885.5,838.1,852.7,9.479999999999995,0.35934973411020493,0,False,False
SONA.JK,2860.0,2610.0,2432.0,2391.0,2362.0,2236.71640625,2197.3906396484376,62.32835937499999,6.203735578242416,87800,False,False
SOLA.JK,91.0,91.33333333333333,92.6,93.3,100.1,99.48,111.06,9.099999999999994,4.256612919938341,2047100,False,False
SOHO.JK,1200.0,1190.0,1195.0,1194.5,1195.75,1172.4,1492.5,5.519999999999982,0.865190097731199,3000,True,False
SOFA.JK,270.0,262.6666666666667,252.4,238.8,229.3,232.84,327.34,20.349999999999994,6.6989773266202315,1151600,False,False
SOCI.JK,500.0,490.0,496.0,474.5,436.15,367.4450341796875,412.72548431396484,66.27748291015624,4.657911502970493,3503500,False,False
SNLK.JK,226.0,226.0,227.6,225.4,223.5,225.24,233.24,2.049999999999997,2.755424503899908,3387100,True,False
SMSM.JK,1715.0,1715.0,1720.0,1735.8651733398438,1719.603936767578,1652.8573120117187,1692.2162463378907,16.60157226562501,1.3001071449059995,244500,False,False
SMRA.JK,328.0,328.6666666666667,328.0,325.2,322.2,298.09378326416015,305.4593913269043,15.286441701253267,1.8877206836963785,700000,False,False
SMMT.JK,1875.0,1888.3333333333333,1871.0,1862.0,1843.5,1799.2,1799.4,17.826666666666643,2.0184706321339534,10800,False,False
SMMA.JK,20175.0,20166.666666666668,20080.0,20130.0,20307.5,21149.5,18487.75,42.78,0.9479770806929643,100,False,False
SMLE.JK,169.0,168.66666666666666,169.0,165.6,157.25,122.76,122.99,46.239999999999995,4.039015866658778,6524100,False,False
SMKM.JK,80.0,82.0,77.8,73.5,71.55,67.5,79.67,14.5,4.502798563284328,3014700,False,False
SMKL.JK,152.0,150.66666666666666,149.2,147.7,144.2,137.08,147.28863830566405,14.919999999999987,2.7078745277135106,39600,False,False
SMIL.JK,372.0,384.6666666666667,400.0,401.8,377.5,316.92,291.4,42.44,4.274439542718399,8443400,False,False
SMGR.JK,1555.0,1570.0,1591.0,1544.5,1517.25,1502.5,1830.7307666015624,17.7,2.2694375480467994,2325100,False,False
SMGA.JK,74.0,74.0,75.0,72.9,71.95,67.76,76.96,7.239999999999995,3.184068774715163,1485200,False,False
SMDR.JK,304.0,302.6666666666667,304.593505859375,301.27759704589846,295.6521057128906,280.870666809082,301.5388444519043,11.861419525146488,1.476799855143679,898100,False,False
SMDM.JK,560.0,558.3333333333334,561.0,560.5,565.75,549.02,572.41,3.3460000000000036,1.4335614897059978,1000,True,False
SMBR.JK,167.0,166.66666666666666,168.2,166.0,163.25,155.8,179.0785646057129,12.399999999999977,1.386532336572168,754500,False,False
SMAR.JK,5600.0,5616.666666666667,5650.0,5732.5,5623.75,5098.636005859375,5154.2123193359375,25.354559765625016,2.366301307025883,6900,False,False
SLIS.JK,77.0,77.0,76.8,71.4,66.8,62.24,72.73,14.759999999999998,8.803814785420622,13437700,False,False
SKRN.JK,402.0,402.6666666666667,405.2,405.2,404.7,372.12,406.3862808227539,16.539999999999992,1.4319593817635208,13300,False,False
SKLT.JK,204.0,203.33333333333334,202.8,201.5,195.25,187.66,198.85571548461914,8.170000000000002,2.0673022502620997,37100,False,False
SKBM.JK,530.0,533.3333333333334,536.0,537.5,550.0,538.98,589.54,4.0,2.5089716740967054,11200,True,False
SIPD.JK,685.0,686.6666666666666,684.0,681.0,685.0,700.1,824.05,3.8200000000000047,1.6586879825141825,8500,True,False
SINI.JK,6700.0,7016.666666666667,7130.0,7177.5,6900.0,7921.37259765625,10329.936298828125,48.85490390625,2.8610261044074883,2182000,False,False
SIMP.JK,595.0,593.3333333333334,597.0,598.5,584.0,543.6293048095703,597.0757373046876,10.974139038085946,2.301107103248313,373000,False,False
SILO.JK,2360.0,2373.3333333333335,2364.0,2307.0,2196.75,2214.7,2373.75,17.65833333333335,3.110344764857726,56600,False,False
SIDO.JK,354.0,354.6666666666667,354.4,355.8,364.9,370.36,421.1114562988281,8.180000000000007,1.3485366675899784,4358700,False,False
SICO.JK,110.0,109.66666666666667,109.2,109.0,109.85,105.76,114.25338470458985,4.239999999999995,2.1130780881257385,663700,True,False
SHIP.JK,2380.0,2360.0,2246.0,2137.5,1946.5,1735.7,2453.7081103515625,64.42999999999999,5.302461716590483,6200,False,False
SHID.JK,610.0,613.3333333333334,614.0,614.0,605.75,613.8,679.15,1.65,0.4629384115861191,3300,True,False
SGRO.JK,4340.0,4296.666666666667,4262.0,4117.0,3686.0,3089.7097314453126,3626.3433227539062,125.02902685546874,7.680695212028183,10400,False,False
SGER.JK,472.0,474.0,473.6,478.6,463.0,408.16,391.0,35.22,2.9610704154157834,12547700,False,False
SFAN.JK,1985.0,1985.0,1985.0,1978.5,1967.0,1967.3,1952.55,3.6,0.2734284643574642,7900,True,False
SEMA.JK,98.0,99.0,99.4,99.1,97.5,94.92,102.12,4.480000000000004,1.1856206101972937,9900,True,False
SDRA.JK,218.0,220.66666666666666,222.0,222.4,216.1,212.4,231.48,5.0,3.0208919804432366,164200,True,False
SDPC.JK,186.0,187.0,185.6,183.7,182.45,179.5479998779297,183.20381942749023,7.452000122070302,1.2774312573501967,1400,False,False
SDMU.JK,80.0,80.66666666666667,81.6,80.8,80.85,78.12,83.6,3.4799999999999898,3.3454569699388133,1597600,True,False
SCNP.JK,148.0,150.66666666666666,154.0,154.2,155.6,149.37593688964844,156.2797067260742,7.599999999999994,2.1270851749423128,57600,False,False
SCMA.JK,202.0,202.0,202.4,202.8,203.25,203.08,223.8266635131836,0.625,2.211730394118478,6721700,True,False
SCCO.JK,2320.0,2313.3333333333335,2306.0,2301.0,2300.0,2240.4860791015626,2250.64560546875,7.951392089843739,0.7464661800917239,800,False,False
SBMA.JK,110.0,110.0,109.2,108.1,107.8,106.84,112.35,3.1599999999999966,1.3163776073583395,15700,True,False
SATU.JK,258.0,258.6666666666667,259.6,260.6,265.8,269.0,265.34,5.5,0.6273995515484694,80000,True,False
SAPX.JK,218.0,216.66666666666666,217.6,216.2,215.2,213.12,227.6,2.4399999999999977,1.3692294377341492,6200,True,False
SAMF.JK,280.0,278.6666666666667,278.8,278.0,278.6,274.8475857543945,293.69320571899414,2.5762071228027423,1.2649956733177192,9500,True,False
SAME.JK,302.0,299.3333333333333,299.2,298.6,299.7,312.4,324.0,6.899999999999977,0.6943441955135192,50600,False,False
SAGE.JK,32.0,32.333333333333336,32.4,32.9,33.5,29.08,30.03,4.420000000000002,4.807683637752922,3911200,False,False
SAFE.JK,396.0,407.3333333333333,402.8,388.6,380.3,347.12,354.68,30.106666666666655,2.712957016030944,95000,False,False
RUNS.JK,61.0,61.666666666666664,62.2,62.8,65.2,69.2,77.72,8.200000000000003,1.9777991847909067,65700,False,False
RUIS.JK,206.0,208.0,207.0,205.7,204.55,189.74125,199.8153125,9.129374999999996,2.6064818667854777,587100,False,False
RSCH.JK,314.0,314.6666666666667,315.2,318.4,298.3,297.16,296.96,10.619999999999976,2.839484306114723,2110800,False,False
ROTI.JK,590.0,590.0,590.0,589.0,596.5,594.3,616.4387969970703,1.5,1.223415780056586,8200,True,False
RONY.JK,1270.0,1278.3333333333333,1274.0,1282.0,1360.75,1135.3,1296.65,45.09000000000001,2.3517079524433315,400,False,False
RODA.JK,69.0,68.0,68.8,64.1,63.1,58.1,62.7,10.899999999999999,5.773962927157606,32040500,False,False
ROCK.JK,2110.0,2183.3333333333335,1985.0,1873.5,1837.75,1759.9,2081.25,42.34333333333334,12.802545926518722,49000,False,False
RMKO.JK,280.0,282.0,287.2,289.2,304.7,308.64,389.34,14.319999999999993,3.268094208041149,274100,False,False
RMKE.JK,404.0,405.3333333333333,412.0,410.0,420.4,431.64,522.4550390625,13.819999999999993,2.5923312369482683,21987600,False,False
RLCO.JK,4550.0,4650.0,4800.0,4992.5,4590.0,3726.0,4322.55,126.65,4.208867018678779,188300,False,False
RISE.JK,930.0,936.6666666666666,942.0,963.0,993.0,974.8,1352.6,12.6,2.09074117378552,221000,False,False
RIGS.JK,680.0,683.3333333333334,680.0,678.5,681.0,677.9,681.55,1.0866666666666789,1.9306955397121466,100,True,False
RICY.JK,79.0,79.0,79.4,79.4,78.65,76.36,84.28,3.0400000000000063,1.76232705267837,163200,True,False
RGAS.JK,218.0,234.0,237.2,239.6,227.8,191.81800003051757,141.7442138671875,23.890999984741214,4.694598013309364,1470900,False,False
RELI.JK,486.0,482.0,479.2,483.2,486.1,487.1,492.48,3.950000000000017,1.5843153302684858,2600,True,False
RELF.JK,35.0,35.0,35.0,35.1,35.7,34.72,36.7,0.980000000000004,1.9058514898660406,296200,True,False
REAL.JK,53.0,53.0,52.4,51.8,51.2,50.5775895690918,51.62616035461426,2.422410430908201,1.31568750313222,21320200,True,True
RDTX.JK,13600.0,13808.333333333334,13655.0,13617.5,13668.75,14023.2001171875,14863.779267578126,16.928004687499996,1.663621445433208,300,False,False
RCCC.JK,102.0,101.33333333333333,101.2,100.1,96.8,90.34,98.55,11.659999999999997,3.154389576875269,120600,False,False
RBMS.JK,64.0,64.0,65.0,65.1,66.25,60.58,61.09,5.670000000000002,2.780031086447643,3175200,True,True
RATU.JK,4950.0,4943.333333333333,5016.0,5028.5,5003.75,4928.8,5222.923525390625,9.969999999999981,2.6203543110285756,1154100,False,False
RANC.JK,520.0,518.3333333333334,518.0,515.5,516.5,520.44,540.12,0.9880000000000109,2.0617785958862727,1000,True,False
RALS.JK,380.0,381.3333333333333,382.4,380.6,381.3,376.72,386.8444464111328,2.839999999999975,0.8428707975154012,216600,True,False
RAJA.JK,880.0,876.6666666666666,887.0,884.0,892.0,814.3876086425781,809.4594958496094,15.522478271484374,1.8496952190557348,17726100,False,False
RAAM.JK,193.0,193.33333333333334,195.0,198.6,203.5,204.14,207.65,11.139999999999986,0.6794643167309237,145800,False,False
PZZA.JK,182.0,182.0,182.2,183.4,184.85,184.08,191.2010855102539,2.8499999999999943,2.2026805519535437,73200,True,False
PYFA.JK,214.0,214.66666666666666,214.8,211.2,210.2,202.72,258.34,6.040000000000006,3.1309671969896384,384700,False,False
PWON.JK,258.0,258.0,259.6,261.2,264.3,254.6290313720703,281.25846618652344,4.835484313964855,2.0187577887444617,2956500,True,False
PURI.JK,137.0,137.66666666666666,138.6,138.0,137.7,135.16,144.16,3.4399999999999977,1.4615717121710954,117900,True,False
PURA.JK,32.0,32.666666666666664,32.6,32.2,31.55,31.28,31.9,1.3866666666666632,2.760405119317165,4452100,True,True
PUDP.JK,314.0,312.0,310.4,307.6,304.1,297.96412963867186,310.4993560791016,8.017935180664068,1.3189506432677534,200,False,False
PTSP.JK,965.0,943.3333333333334,955.0,930.0,916.0,892.4,901.65,14.520000000000005,4.126231458762254,174200,False,False
PTSN.JK,290.0,288.6666666666667,284.4,281.6,267.3,246.34842864990233,271.16635391235354,21.825785675048834,3.088570456653699,26800,False,False
PTRO.JK,5250.0,5068.333333333333,5091.0,4875.5,4687.25,4266.3,4630.3,39.34799999999999,3.545747654758944,45414900,False,False
PTPW.JK,1175.0,1178.3333333333333,1188.0,1176.5,1154.75,1126.5501391601563,1037.923588256836,12.289972167968745,1.5852409289702722,29900,False,False
PTPS.JK,152.0,152.0,152.0,149.4,145.35,130.56,150.97,21.439999999999998,2.7110625979703356,74500,False,False
PTPP.JK,206.0,204.66666666666666,202.8,201.6,205.5,195.2,224.58,5.400000000000006,1.1218668195609152,2769400,True,False
PTMP.JK,66.0,66.33333333333333,65.8,64.4,63.45,59.28,63.05,7.0533333333333275,2.265053123506764,2655600,False,False
PTIS.JK,262.0,261.3333333333333,265.2,268.2,268.5,275.96,289.88,7.313333333333333,2.163110668369989,2600,False,False
PTBA.JK,2350.0,2363.3333333333335,2362.0,2352.0,2374.5,2400.4001708984374,2585.881005859375,5.040017089843741,1.036799589694997,1299600,True,False
PSSI.JK,326.0,328.6666666666667,328.8,328.2,324.8,301.64,316.0983938598633,13.580000000000013,2.7671743255525927,1600,False,False
PSKT.JK,224.0,223.33333333333334,228.0,225.0,217.0,198.58,224.13,14.709999999999994,2.699833191801397,418200,False,False
PSGO.JK,194.0,194.66666666666666,195.4,195.3,196.8,195.14376953125,193.85905639648436,2.8000000000000114,0.9141468032605857,16000,True,False
PSDN.JK,139.0,138.33333333333334,136.8,132.6,126.05,117.1,135.59,21.900000000000006,4.051991301451321,1241500,False,False
PSAT.JK,885.0,893.3333333333334,900.0,886.0,865.5,830.7,861.85,13.85999999999999,2.0196575315653176,6700,False,False
PSAB.JK,500.0,501.6666666666667,483.8,459.5,443.85,428.84545532226565,419.7295468139648,36.41060567220052,4.150707816549322,22791200,False,False
PRIM.JK,110.0,109.33333333333333,110.2,109.0,104.05,93.24,86.22,16.960000000000008,2.812962160877411,618100,False,False
PRDA.JK,2370.0,2370.0,2374.0,2374.0,2375.0,2439.8,2439.1656079101563,6.980000000000018,0.996168330560203,26900,False,False
PRAY.JK,740.0,738.3333333333334,738.0,729.5,726.75,694.0,715.2,9.2,2.174009428768649,3900,False,False
PPRO.JK,17.0,17.333333333333332,17.2,16.7,16.85,16.3,20.06,1.0333333333333314,4.511034177495746,39211600,False,False
PPRI.JK,142.0,145.33333333333334,146.6,146.7,148.85,143.22,159.56,6.849999999999994,2.063224785527677,1651800,False,False
PPRE.JK,104.0,103.66666666666667,104.0,103.9,106.65,100.78,113.45,5.8700000000000045,1.9439598729366299,10613000,True,False
PPGL.JK,208.0,206.66666666666666,204.8,204.8,207.7,194.4,202.53,6.799999999999997,1.6656208318589372,408900,False,False
POWR.JK,795.0,781.6666666666666,762.0,742.5,733.75,712.9,703.1220440673828,16.420000000000005,1.3910326606031798,4374200,False,False
PORT.JK,885.0,870.0,873.0,868.5,875.5,868.6,882.15,3.3,2.006167076894566,300,True,False
POLY.JK,32.0,32.0,32.0,32.0,32.0,32.0,32.23,0.0,0.0,0,True,False
POLU.JK,11925.0,11750.0,11690.0,11817.5,12213.75,12271.0,13280.25,23.24,2.7618305989922547,200,False,False
POLI.JK,730.0,743.3333333333334,746.0,743.0,727.75,743.4,906.2,3.65,2.4438274116147607,1300,True,False
PNSE.JK,496.0,487.3333333333333,490.8,490.4,493.1,512.54,566.52,12.603333333333325,1.5277464116309005,14200,False,False
PNLF.JK,230.0,230.0,228.8,227.8,227.6,219.46,233.13,5.269999999999996,1.3113768877475522,2907200,True,False
PNIN.JK,715.0,713.3333333333334,711.0,715.0,721.0,720.3,748.5,2.0,1.3998684539962913,1000,True,False
PNGO.JK,3550.0,3553.3333333333335,3556.0,3555.0,3540.5,3478.6,3447.1,7.740000000000009,0.36195518129443627,83300,False,False
PNBS.JK,50.0,50.0,50.0,50.0,50.2,50.08,50.3,0.20000000000000284,0.0,6534900,True,False
PNBN.JK,895.0,900.0,902.0,903.0,900.25,882.3415185546875,911.0222320556641,4.131696289062506,0.969193952096656,282600,True,False
PMUI.JK,96.0,97.33333333333333,97.6,95.9,90.45,82.44,87.14406837463379,15.159999999999997,4.972449037994956,317800,False,False
PMJS.JK,116.0,116.33333333333333,117.2,116.9,113.1,107.21499969482421,115.00913375854492,9.985000305175788,3.401112539533925,71500,False,False
PLAN.JK,37.0,37.666666666666664,37.8,38.1,38.15,37.06,41.31,1.1499999999999986,2.178527507313314,365200,True,False
PKPK.JK,3780.0,3793.3333333333335,3838.0,3887.0,3826.5,3259.0,2919.1,62.8,1.3610675913852293,55000,False,False
PJHB.JK,174.0,173.0,174.2,172.0,170.1,165.66,190.69,8.539999999999992,1.9144028991030935,124000,False,False
PJAA.JK,456.0,457.3333333333333,459.6,455.6,455.9,452.4,475.9785952758789,3.6000000000000227,1.0771522874914379,6700,True,False
PIPA.JK,121.0,121.33333333333333,121.2,120.5,120.6,115.16,122.64,6.173333333333332,2.5466923020476897,3975600,False,False
PICO.JK,133.0,133.0,132.6,131.2,129.85,128.36,139.06,4.639999999999986,1.506685871192943,11500,True,False
PGUN.JK,7500.0,7516.666666666667,7520.0,7500.0,7532.5,7353.36060546875,7932.290766601563,7.165575781250009,1.5431700679942384,3100,False,False
PGLI.JK,226.0,222.0,215.2,207.4,199.85,191.54,202.38,17.230000000000004,2.2799511466817948,72600,False,False
PGJO.JK,715.0,735.0,753.0,740.0,711.75,720.6,737.15,8.25,5.170136825221667,125800,False,False
PGEO.JK,1070.0,1071.6666666666667,1083.0,1047.5,1028.25,945.3,959.4076892089844,27.54000000000001,3.005220872879965,3309300,False,False
PGAS.JK,1495.0,1498.3333333333333,1502.0,1504.0,1509.25,1495.88806640625,1615.7755834960938,2.85,0.6150966473137408,4126000,True,False
PEVE.JK,326.0,329.3333333333333,333.2,335.0,328.7,317.64,370.13,8.680000000000007,1.3604955456970222,633600,False,False
PEHA.JK,262.0,262.6666666666667,262.8,263.2,260.9,251.28362670898437,271.5803553771973,5.9581866455078085,1.7910734128774117,1200,True,False
PEGE.JK,101.0,101.0,100.8,98.2,94.65,103.32914642333985,121.48457321166993,8.679146423339844,2.440098018228902,2138000,False,False
PDPP.JK,300.0,304.0,305.6,306.2,286.4,269.80467712402344,290.1631053161621,18.197661437988273,3.2807227728731174,11400,False,False
PDES.JK,412.0,417.3333333333333,429.6,405.8,402.8,437.02,474.6367584228516,17.109999999999985,9.639555531458468,30200,False,False
PCAR.JK,41.0,43.0,43.4,42.5,40.4,39.22,38.56,4.18,5.914952036391218,3191200,False,False
PBSA.JK,750.0,741.6666666666666,742.0,747.5,760.25,721.8982104492187,844.3727716064453,7.670357910156258,2.1749986385516817,271500,False,False
PBRX.JK,27.0,27.0,26.6,26.7,26.7,26.8,31.86,0.3999999999999986,3.464275772299331,4276500,True,False
PBID.JK,525.0,530.0,531.0,532.5,516.0,491.28,483.3810501098633,8.244000000000005,0.8230176839571693,82700,False,False
PART.JK,99.0,99.66666666666667,100.0,101.0,103.0,99.8854818725586,106.72676399230957,4.0,1.6213768701908704,310000,True,False
PANS.JK,1550.0,1545.0,1544.0,1543.0,1558.25,1527.3736596679687,1509.5236682128907,6.175268066406261,1.077647574476691,24800,False,False
PANR.JK,432.0,430.6666666666667,430.8,423.6,416.3,417.84,455.5141174316406,7.849999999999994,1.2684516365519296,25800,False,False
PANI.JK,6075.0,6100.0,6180.0,6237.5,6215.0,6224.264609375,7218.632705078125,6.5,1.9083159835105237,1816600,False,False
PAMG.JK,57.0,57.333333333333336,57.0,56.6,56.85,53.64,56.16,3.693333333333335,2.785396842291361,3310400,True,True
PALM.JK,290.0,290.0,290.4,291.2,299.1,299.0704522705078,327.479228515625,4.550000000000011,1.0046183417945842,60500,True,False
PADI.JK,71.0,70.33333333333333,72.0,70.5,72.0,71.86454528808594,88.79510948181152,1.6666666666666714,3.3307380308912844,41192800,True,False
PADA.JK,182.0,179.0,182.6,172.5,146.15,123.48,137.3,59.11999999999999,10.175341116650776,17117600,False,False
PACK.JK,270.0,259.3333333333333,263.6,253.6,237.8,236.04,241.81,16.980000000000004,5.4233963803025285,82887700,False,False
OPMS.JK,133.0,132.0,130.0,124.0,113.1,101.88,113.09,31.120000000000005,8.932442034859305,940600,False,False
OMRE.JK,1020.0,1011.6666666666666,995.0,1013.5,1053.0,1043.2,934.35,11.6,4.647672623544123,1700,False,False
OMED.JK,228.0,228.66666666666666,228.0,223.4,215.7,206.34519592285156,232.2837747192383,11.160735371907549,2.334406715036257,848100,False,False
OLIV.JK,49.0,49.0,49.2,49.8,50.0,50.18,53.31,1.1799999999999997,0.8350578081763639,361000,True,False
OKAS.JK,119.0,117.66666666666667,118.2,109.8,105.75,100.96,107.97,18.040000000000006,5.1202151103904265,3652100,False,False
OILS.JK,224.0,227.33333333333334,228.8,229.6,227.4,203.82,228.74,12.89,1.5771085620492502,1362800,False,False
OBMD.JK,191.0,193.33333333333334,196.2,189.2,193.95,176.88,202.42,19.319999999999993,3.2347783073041385,88800,False,False
OBAT.JK,242.0,242.66666666666666,243.6,244.8,246.8,238.68,276.3765313720703,4.060000000000002,1.4768615842622363,45600,True,False
OASA.JK,324.0,326.6666666666667,334.8,334.2,334.8,290.24,317.86,22.28,4.389764750515058,6435700,False,False
NTBK.JK,87.0,88.0,90.2,91.5,93.45,76.46,78.74589611053467,16.99000000000001,3.5960747627352525,9381500,False,False
NSSS.JK,930.0,946.6666666666666,980.0,1013.0,914.25,701.7006555175781,734.3707434082031,62.259868896484384,7.352088473625587,2015900,False,False
NRCA.JK,530.0,521.6666666666666,525.0,513.7,507.9,461.502978515625,494.5519189453125,13.699404296875002,2.7829884922003454,586900,False,False
NPGF.JK,57.0,57.333333333333336,57.67896575927735,58.48534507751465,58.391120719909665,58.7922061920166,63.76739616394043,1.7922061920166001,1.8053164577641345,1288800,True,False
NOBU.JK,510.0,504.6666666666667,505.8,493.3,468.85,448.26,490.22,12.348000000000003,3.5635989885645767,221000,False,False
NISP.JK,1260.0,1265.0,1269.0,1273.5,1257.0,1227.7,1290.3917565917968,9.159999999999991,1.005733302161753,134400,False,False
NIRO.JK,159.0,159.0,161.6,158.6,154.3,147.22,170.44,14.379999999999995,7.1818707015040815,43800,False,False
NINE.JK,78.0,77.33333333333333,74.4,73.4,75.3,75.88,100.6,4.599999999999994,4.101731617662815,1500700,False,False
NIKL.JK,194.0,195.0,197.4,196.7,193.3,190.72,244.5106817626953,6.680000000000007,2.8456355969260207,1045500,False,False
NICL.JK,464.0,466.0,470.4,472.2,488.4,510.14,657.2440026855469,23.069999999999993,2.244235192522122,9502900,False,False
NICK.JK,1550.0,1568.3333333333333,1533.0,1390.5,1236.75,1099.3,1147.5,93.80666666666666,7.232819483758737,5100,False,False
NICE.JK,250.0,252.66666666666666,257.2,257.2,254.2,256.72,276.98,3.5999999999999943,2.7926503136020164,246300,True,False
NFCX.JK,1500.0,1516.6666666666667,1517.0,1524.0,1552.5,1604.5,1689.8,20.9,2.142375966653908,1300,False,False
NETV.JK,52.0,52.333333333333336,52.2,51.6,51.25,51.88,68.12,1.0833333333333357,1.5281740678983988,24114900,True,False
NEST.JK,690.0,708.3333333333334,713.0,718.0,667.5,608.68,515.83,21.86400000000001,4.860547537759354,1069200,False,False
NELY.JK,200.0,199.0,199.8,200.1,202.75,198.96,249.01101013183595,3.789999999999992,1.1298948368040085,80100,True,False
NCKL.JK,915.0,920.0,928.0,925.0,891.0,835.7130310058594,919.7997082519531,18.457393798828114,2.260434307400565,6636900,False,False
NAYZ.JK,57.0,58.0,58.2,57.9,57.5,58.48,61.31,1.4799999999999969,4.37359759349579,1523800,False,False
NATO.JK,650.0,650.0,652.0,657.0,654.75,613.6,612.75,8.679999999999996,0.9903919689730154,14800,False,False
NASI.JK,135.0,134.0,135.4,133.0,128.4,117.1,130.54,18.30000000000001,2.5788923913365465,203700,False,False
NASA.JK,31.0,30.333333333333332,30.2,30.3,30.05,31.36,34.62,1.3099999999999987,2.42408935389521,129100,True,False
NANO.JK,30.0,30.333333333333332,29.6,29.3,30.5,26.08,30.07,4.420000000000002,3.7723930625729563,8417000,True,False
NAIK.JK,89.0,89.33333333333333,89.0,87.9,87.85,84.22,90.42923118591308,5.11333333333333,1.2053211534154518,556000,True,False
MYTX.JK,41.0,41.0,41.0,41.0,41.0,41.84,46.83,0.8400000000000034,0.0,0,True,False
MYOR.JK,1700.0,1696.6666666666667,1692.0,1688.5,1717.25,1735.4235278320311,1751.961180419922,9.384705566406229,1.3148590759172327,743600,False,False
MYOH.JK,1040.0,1035.0,1036.0,1039.0,1042.5,1042.890400390625,1120.5662890625,1.5780800781250037,0.9606729880364567,2300,True,False
MUTU.JK,113.0,113.33333333333333,111.8,111.0,109.95,110.14599945068359,106.12459892272949,3.3833333333333258,2.5633531543082033,1571600,True,True
MTWI.JK,256.0,256.0,255.6,255.6,258.3,263.5913760375977,288.93359176635744,3.9956880187988446,1.1044775550781305,600,True,False
MTMH.JK,935.0,930.0,928.0,922.0,929.5,945.9955639648438,967.1110198974609,4.799112792968754,1.818212161011544,4300,True,False
MTLA.JK,515.0,518.3333333333334,523.0,527.0,519.25,510.1344787597656,520.5646856689453,3.3731042480468774,4.521218343789824,32800,False,False
MTFN.JK,13.0,13.0,13.0,13.0,13.0,13.46,17.62,0.46000000000000085,0.0,0,True,False
MTEL.JK,426.0,428.6666666666667,431.2,441.4,448.5,463.7624688720703,477.7865020751953,18.881234436035157,1.3293991071822784,4496800,False,False
MTDL.JK,505.0,505.0,507.0,509.0,511.5,504.9170001220703,523.2085000610351,1.3165999755859388,1.4935708358250213,14600,True,False
MSTI.JK,1325.0,1323.3333333333333,1327.0,1327.0,1330.0,1268.3767163085938,1272.829403076172,12.324656738281238,1.052791796859975,205000,False,False
MSKY.JK,73.0,72.0,70.6,66.3,62.95,61.8,70.56,11.200000000000003,5.927156524713261,13180400,False,False
MSJA.JK,424.0,421.3333333333333,416.8,411.0,408.7,408.2,434.6976397705078,7.900000000000006,2.1936319156909225,5014200,False,False
MSIN.JK,378.0,382.6666666666667,381.2,387.6,405.0,471.28,603.97,46.639999999999986,2.1494554120712204,3750300,False,False
MSIE.JK,94.0,94.0,95.2,97.0,89.75,92.32,94.82,7.25,4.703106937413006,240200,False,False
MREI.JK,920.0,920.0,920.0,920.0,920.0,936.1,977.85,3.2200000000000046,0.0,0,True,False
MRAT.JK,440.0,439.3333333333333,440.0,440.8,441.4,442.0,433.34,1.3333333333333428,0.666134771330274,200600,True,False
MPXL.JK,160.0,160.0,158.8,156.8,151.95,149.12,155.87,10.879999999999995,1.2614180243555504,110500,False,False
MPRO.JK,12000.0,12025.0,12175.0,11585.0,11641.25,9774.5,9519.0,96.02,7.06135117736174,11200,False,False
MPPA.JK,52.0,49.0,48.0,47.5,47.5,46.4,48.15,5.600000000000001,3.5090214684275907,34954900,True,True
MPOW.JK,107.0,106.66666666666667,107.6,106.8,103.8,98.78,104.74,8.819999999999993,1.5653794565346144,269300,False,False
MPMX.JK,1010.0,1006.6666666666666,1006.0,1003.5,996.0,971.7504675292969,909.8845831298828,7.649906494140623,0.7938107039757965,287100,False,False
MPIX.JK,94.0,95.0,96.2,96.8,95.35,92.94,88.64,3.8599999999999994,1.9400032231783326,2016400,True,True
MORA.JK,5125.0,5141.666666666667,5185.0,5637.5,6026.25,6405.0,5996.75,51.2,3.7070802206076947,27100,False,False
MOLI.JK,274.0,271.3333333333333,273.2,268.6,260.6,244.19281127929688,244.27448120117188,14.903594360351562,3.02744334227221,203000,False,False
MNCN.JK,202.0,200.66666666666666,201.2,202.6,206.2,205.76,218.06,2.7666666666666657,1.7036512926642087,5432900,True,False
MMLP.JK,290.0,292.6666666666667,294.8,295.4,296.1,293.84,315.16,3.0500000000000114,1.5275828477941498,59600,True,False
MMIX.JK,725.0,733.3333333333334,735.0,736.0,725.75,700.38,508.11,7.1240000000000006,1.1716622695449164,2673100,False,False
MLPT.JK,1480.0,1505.0,1547.0,1635.5,1538.65,1046.18,922.8652691650391,117.86399999999999,8.513322779906392,1316700,False,False
MLPL.JK,98.0,98.0,98.2,96.9,95.15,85.8,90.94,12.400000000000006,2.581270124454356,4100400,False,False
MLIA.JK,232.0,232.66666666666666,232.0,231.6,232.8,237.32,254.68,2.8599999999999994,0.7049223432277594,3400,True,False
MLBI.JK,7175.0,7025.0,6990.0,6897.5,6621.25,6278.868603515625,5872.22857421875,35.845255859374994,1.9539990293266012,19100,False,False
MKTR.JK,128.0,126.0,124.2,123.5,121.6,120.95239044189454,124.15841110229492,7.047609558105464,3.049329992394306,1179100,False,False
MKPI.JK,21925.0,21941.666666666668,21955.0,21895.0,21693.75,21206.33328125,21360.0287109375,29.946668749999954,0.38112081650709106,40000,False,False
MKAP.JK,1165.0,1168.3333333333333,1168.0,1167.0,1164.25,1141.018798828125,1105.1149365234376,5.462906901041651,0.37570356752738043,300,True,False
MITI.JK,191.0,192.33333333333334,199.4,196.6,182.5,172.4,205.54,27.0,11.55199467915573,559700,False,False
MIRA.JK,28.0,29.333333333333332,28.0,24.9,23.1,20.46,21.45,8.873333333333331,8.360748242284421,29387700,False,False
MINE.JK,234.0,236.0,235.2,231.0,225.9,218.72,272.32,8.64,1.836156726214095,367100,False,False
MINA.JK,268.0,267.3333333333333,271.6,270.4,275.9,276.96,293.9,4.813333333333333,2.1503008189970956,8479300,True,False
MIKA.JK,1785.0,1813.3333333333333,1825.0,1811.0,1779.25,1679.6529443359375,1792.292735595703,29.0694111328125,2.9609698056734093,34300,False,False
MIDI.JK,276.0,274.6666666666667,276.0,279.2,282.5,281.39930053710935,292.362599029541,3.916666666666657,1.3899518524891585,455000,True,False
MICE.JK,520.0,521.6666666666666,521.0,520.5,518.75,500.6950524902344,498.5728732299805,4.194322835286448,1.4872841309808946,25000,True,False
MHKI.JK,135.0,134.66666666666666,136.0,135.9,136.3,125.62829895019532,146.75821250915527,10.671701049804696,2.589658672270924,270300,False,False
MGRO.JK,675.0,676.6666666666666,676.0,676.5,675.25,673.3,684.55,0.6733333333333349,3.49977834672024,1373900,True,False
MGNA.JK,103.0,104.66666666666667,107.2,111.5,103.4,92.08,127.16,19.42,2.309209580640807,1651300,False,False
MGLV.JK,9350.0,8975.0,8730.0,8510.0,8445.0,8348.5,7483.55,40.06,3.690718368231128,555900,False,False
MERK.JK,3960.0,3980.0,3966.0,3930.0,3942.0,3762.6145068359374,3623.6543994140625,21.73854931640626,1.7638197737197912,700,False,False
MERI.JK,114.0,117.0,116.8,112.5,107.05,106.44,122.39,10.560000000000002,6.138178625328069,576100,False,False
MEJA.JK,109.0,108.33333333333333,106.4,100.6,95.1,87.86,92.60571434020996,21.14,5.5583746224091435,9922300,False,False
MEGA.JK,1970.0,1980.0,1982.0,1981.5,1988.25,1994.3,2111.124444580078,4.8599999999999905,0.505060354099924,2100,True,False
MEDS.JK,71.0,71.66666666666667,72.6,74.1,76.3,74.56,77.3,5.299999999999997,2.1267377463998627,3841900,True,False
MEDC.JK,1350.0,1328.3333333333333,1316.0,1314.5,1301.0,1207.2528466796875,1390.2072326660157,28.54943066406249,2.8452436083315815,15989400,False,False
MDRN.JK,26.0,26.0,26.0,26.0,26.0,27.4,38.01,1.3999999999999986,0.0,0,True,False
MDLN.JK,50.0,50.333333333333336,50.2,50.1,50.15,50.16,51.91,0.3333333333333357,0.9336024218017578,1127000,True,False
MDLA.JK,208.0,208.66666666666666,208.8,209.8,209.3,204.22,203.14134140014647,2.7900000000000063,0.9022628065583084,171200,True,False
MDKI.JK,188.0,189.33333333333334,188.0,185.6,183.0,179.50000030517577,181.06696853637695,9.833333028157568,1.2782892205595444,11200,False,False
MDKA.JK,2950.0,2970.0,2938.0,2864.0,2769.5,2689.0740966796875,2867.037409667969,28.09259033203125,3.154111899559579,4156800,False,False
MDIY.JK,940.0,938.3333333333334,934.0,921.5,939.5,895.2498937988281,869.6416033935546,8.950021240234378,0.7870363241315766,24200,False,False
MDIA.JK,292.0,260.6666666666667,252.4,226.2,164.4,106.14,100.53,92.93,11.812726569125125,528601500,False,False
MCOR.JK,69.0,68.66666666666667,68.8,68.8,68.45,66.92,68.37,2.0799999999999983,1.078048945997751,19300,True,False
MCOL.JK,3760.0,3743.3333333333335,3746.0,3745.0,3743.5,3724.2,3767.232141113281,3.5800000000000183,1.5153612556695626,2400,True,False
MCAS.JK,308.0,323.3333333333333,300.8,276.6,238.1,203.06,270.41,60.136666666666656,10.605306579369532,5871300,False,False
MBTO.JK,126.0,127.0,128.2,128.4,124.05,113.84,114.42,14.560000000000002,8.23634044777089,524100,False,False
MBSS.JK,2840.0,2833.3333333333335,2832.0,2827.0,2753.0,2609.4,2327.4,23.05999999999999,0.7338831891448382,177500,False,False
MBMA.JK,535.0,536.6666666666666,538.0,529.3,522.8,504.3,573.14,6.7399999999999975,2.9310446937657453,8692200,False,False
MBAP.JK,1470.0,1466.6666666666667,1459.0,1437.5,1426.75,1386.7,1539.5,16.65999999999999,1.6630911917493834,500,False,False
MAYA.JK,198.0,200.0,201.6,200.6,199.3,191.18,192.72,10.419999999999987,1.1883256929165638,80200,False,False
MAXI.JK,50.0,50.0,50.0,50.0,50.0,50.0,50.49,0.0,0.0,643100,True,False
MASB.JK,3400.0,3400.0,3396.0,3393.0,3391.5,3380.6,3317.9,1.940000000000009,0.09328252684862257,10000,True,False
MARK.JK,1095.0,1095.0,1097.0,1089.0,1042.5,975.0,871.9030303955078,24.4,3.9641879101049957,3614000,False,False
MARI.JK,23.0,23.0,23.0,23.0,23.0,23.48,26.2,0.4800000000000004,0.0,0,True,False
MAPI.JK,1520.0,1561.6666666666667,1596.0,1644.0,1566.25,1528.3447534179688,1422.562198486328,24.8,8.45930865549699,1741200,False,False
MAPB.JK,1210.0,1181.6666666666667,1184.0,1164.5,1131.75,1090.1,1303.8,23.980000000000018,6.239088175693936,2500,False,False
MAPA.JK,650.0,650.0,660.0,660.0,636.25,610.1817858886719,619.3336584472656,9.963642822265616,2.7569485466843426,1351300,False,False
MANG.JK,38.0,38.333333333333336,38.6,38.8,39.65,40.78,44.04,2.780000000000001,1.067713469744408,1035200,True,False
MAIN.JK,680.0,676.6666666666666,678.0,680.5,694.5,682.5365515136718,765.8152514648438,3.5666666666666744,2.1220500399667177,92400,True,False
MAHA.JK,145.0,145.33333333333334,145.4,145.1,143.0,137.67166687011718,136.74250244140626,7.728333129882827,1.0504927035156078,111800,False,False
LUCK.JK,115.0,115.0,115.0,113.2,110.35,104.02,105.38,10.980000000000004,1.0725309064629562,770400,False,False
LTLS.JK,845.0,845.0,846.0,835.5,803.5,779.9,774.9085400390625,13.220000000000004,1.4515559285112165,1600,False,False
LSIP.JK,1425.0,1435.0,1445.0,1445.0,1400.25,1287.1585766601563,1341.9461767578125,31.568284667968737,1.7189361466979205,290100,False,False
LRNA.JK,189.0,189.33333333333334,187.6,186.0,183.95,180.36,190.71,8.97333333333333,1.2115226607995633,319500,False,False
LPPS.JK,83.0,83.0,83.2,81.8,81.05,73.14,77.52,10.060000000000002,2.353688544017681,335300,False,False
LPPF.JK,1585.0,1586.6666666666667,1586.0,1578.0,1571.75,1540.7,1585.6832580566406,9.193333333333339,1.8682379840936174,80200,False,False
LPLI.JK,248.0,248.66666666666666,248.4,246.2,250.0,242.6,265.58,3.700000000000003,1.3399683339153432,3300,True,False
LPKR.JK,65.0,65.0,64.6,62.7,62.4,61.56,70.69,3.4399999999999977,2.7455061369962044,34126600,True,False
LPIN.JK,418.0,418.6666666666667,420.0,420.2,419.3,407.72,409.88351287841795,6.239999999999981,0.9137064839701656,100,False,False
LPGI.JK,615.0,623.3333333333334,633.0,632.5,642.0,659.5,667.5195672607422,8.9,2.018765917972867,10300,False,False
LPCK.JK,595.0,605.0,602.0,580.5,548.5,522.38,567.34,16.524,4.125211526061266,260400,False,False
LOPI.JK,80.0,81.66666666666667,78.4,71.1,65.65,61.32,86.19,20.34666666666667,5.363064013224593,1557400,False,False
LMPI.JK,142.0,141.66666666666666,141.2,140.7,140.45,137.22,145.83,4.780000000000001,0.8923174628142461,35600,True,False
LMAX.JK,109.0,112.33333333333333,112.2,113.2,114.75,97.54,125.01,17.209999999999994,3.8597403738530653,521900,False,False
LIVE.JK,212.0,211.33333333333334,214.8,212.4,208.0,213.32,214.69,3.4000000000000057,2.496546072426558,5170700,True,False
LION.JK,348.0,350.6666666666667,352.8,352.4,353.9,334.6,369.18,9.649999999999977,1.4185121618389211,5000,False,False
LINK.JK,1375.0,1376.6666666666667,1384.0,1390.5,1402.0,1407.9,1553.5,6.580000000000018,1.29044390564884,700,False,False
LIFE.JK,5900.0,5841.666666666667,5855.0,5852.5,5782.5,5889.5,6398.263818359375,4.7,2.176583252351344,1200,True,False
LFLO.JK,484.0,489.3333333333333,489.6,489.2,487.4,521.94,533.8635195922851,18.970000000000027,1.220537693130308,300,False,False
LEAD.JK,113.0,109.66666666666667,110.6,110.1,106.25,99.0,113.75,14.0,4.095323493524061,9523300,False,False
LCKM.JK,109.0,109.0,109.0,109.0,109.9,110.32,115.27,1.3199999999999932,0.2874797872878553,0,True,False
LAPD.JK,66.0,66.33333333333333,65.6,64.3,65.35,63.04,71.76,3.2933333333333294,2.9253936718522167,17866000,True,False
LAND.JK,79.0,79.66666666666667,80.0,78.6,77.3,65.18,69.1,14.819999999999993,5.083133035353323,9127600,False,False
LAJU.JK,68.0,67.66666666666667,67.8,66.8,66.85,63.790145568847656,70.75307682037354,4.209854431152344,2.3629734179578348,1325800,True,False
LABS.JK,162.0,160.0,158.6,155.9,152.1,145.98,151.91,16.02000000000001,0.8800148542749315,296900,False,False
LABA.JK,94.0,94.33333333333333,95.0,94.7,94.2,90.54,103.51,4.459999999999994,1.3509082867404554,442000,True,False
KUAS.JK,93.0,92.66666666666667,92.6,92.2,92.15,90.54,98.5780941772461,2.4599999999999937,0.9181253804164258,1016300,True,False
KSIX.JK,412.0,408.0,393.6,356.8,321.0,327.36,328.26,45.5,5.810556610314328,315500,False,False
KRYA.JK,64.0,64.0,63.8,62.2,61.05,58.28,63.28,5.719999999999999,1.893026410739588,2562300,True,True
KREN.JK,13.0,13.333333333333334,13.4,13.2,13.15,12.56,14.32,0.8399999999999999,4.947089528537475,9949200,False,False
KRAS.JK,226.0,224.66666666666666,226.0,225.4,229.2,212.24,244.36,8.47999999999999,2.4339058952021717,1419300,False,False
KPIG.JK,74.0,75.0,76.0,79.4,81.85,81.52,94.76,7.849999999999994,2.6602951916363415,39903100,False,False
KOTA.JK,189.0,180.66666666666666,180.8,168.0,139.6,110.6,105.93,78.4,8.06901041432564,624416000,False,False
KOPI.JK,206.0,205.33333333333334,206.8,208.4,206.05,190.38,215.99,9.010000000000005,2.1979917923060333,58000,False,False
KONI.JK,2360.0,2356.6666666666665,2364.0,2399.0,2467.0,2565.6,2427.45,20.893333333333338,1.4950610993699482,600,False,False
KOKA.JK,197.0,196.33333333333334,195.4,195.4,202.35,148.9,157.8,53.44999999999999,1.9668764369563596,6010300,False,False
KOIN.JK,78.0,78.0,78.0,78.0,78.0,76.56,78.85,1.4399999999999977,0.0,0,True,False
KOCI.JK,108.0,106.66666666666667,107.0,106.4,103.95,97.10263137817383,105.59947227478027,10.897368621826175,6.723953082844498,1819400,False,False
KOBX.JK,165.0,165.66666666666666,167.2,165.7,160.2,150.52,157.63,16.67999999999998,2.5262801916504154,281000,False,False
KMTR.JK,228.0,230.0,230.0,231.6,233.5,229.0,240.6,2.75,1.0995959029596052,2200,True,False
KMDS.JK,540.0,536.6666666666666,533.0,537.0,539.75,534.08,542.2430239868164,1.4,1.3478426251790279,34700,True,False
KLIN.JK,119.0,118.66666666666667,117.6,117.3,116.5,106.66,126.16,12.340000000000003,3.8160636723200905,1800,False,False
KLBF.JK,800.0,795.0,793.0,764.5,746.5,737.8,807.5438311767579,12.440000000000008,3.0853982321524573,13166200,False,False
KLAS.JK,78.0,78.0,77.4,76.7,74.1,69.54,74.99,8.459999999999994,1.5518604995856453,997400,False,False
KKGI.JK,276.0,276.0,275.6,275.0,276.1,264.7329312133789,283.9261647033691,5.683534393310566,1.5421553059107136,93600,True,False
KKES.JK,68.0,69.33333333333333,68.4,67.3,67.4,54.36,45.82,14.97333333333333,2.601919781728263,3488000,False,False
KJEN.JK,165.0,166.33333333333334,157.0,152.0,139.6,124.42,130.97,41.91333333333334,9.27929467815725,18558200,False,False
KIOS.JK,94.0,94.66666666666667,97.0,96.2,95.05,88.48,95.87,8.519999999999996,2.811727359249189,3068700,False,False
KINO.JK,1330.0,1310.0,1309.0,1292.5,1234.0,1163.1,1128.4619842529296,33.38000000000002,2.6521634108474608,12600,False,False
KING.JK,270.0,270.6666666666667,270.8,273.6,280.0,348.68,373.47,39.34,2.944534259880074,22000,False,False
KIJA.JK,126.0,128.0,126.4,125.7,129.05,123.58,147.17,5.470000000000013,3.8770942338597165,15026500,False,False
KICI.JK,194.0,194.0,194.8,194.7,193.7,185.98,196.94,8.820000000000022,1.2611668199455586,68800,False,False
KETR.JK,560.0,560.0,566.0,572.0,564.25,544.98,526.2,5.403999999999996,4.870806954257699,2622700,False,False
KEJU.JK,570.0,576.6666666666666,578.0,568.5,557.0,563.3,552.875220336914,4.2,2.2998347955939313,1500,True,False
KEEN.JK,900.0,898.3333333333334,899.0,886.0,871.0,842.2665100097656,860.2199328613282,11.546697998046875,2.309065769872861,1577500,False,False
KDTN.JK,380.0,388.0,411.2,415.8,443.3,564.6,748.5,92.30000000000001,11.46970791546068,673500,False,False
KDSI.JK,458.0,458.6666666666667,458.4,456.0,450.8,443.32,446.54,7.673333333333346,0.6290201468760901,10100,False,False
KBLV.JK,153.0,150.0,146.6,137.3,132.0,103.68,106.69,49.31999999999999,9.658656733697105,52334300,False,False
KBLM.JK,302.0,304.0,304.4,302.4,297.8,291.1033569335938,301.81119232177736,6.648321533203102,1.257104809343637,700,False,False
KBLI.JK,326.0,329.3333333333333,330.0,327.8,324.6,313.4368835449219,308.81101379394534,8.281558227539051,0.9205601525379186,31400,False,False
KBAG.JK,48.0,50.0,49.8,46.5,44.65,40.06,43.39,9.939999999999998,3.481435488485963,4310800,False,False
KARW.JK,212.0,212.0,212.0,212.0,212.0,225.72,261.96,6.859999999999999,0.0,0,False,False
KAQI.JK,92.0,93.0,94.4,94.5,92.25,88.38,96.33,6.1200000000000045,3.0285065144091816,1328400,False,False
KAEF.JK,464.0,460.0,460.8,456.2,454.2,447.08,475.68,8.460000000000008,0.8905008648660858,165100,False,False
JTPE.JK,605.0,611.6666666666666,607.0,604.0,607.0,600.705,592.43,2.1923333333333175,1.9980438627944754,590200,True,False
JSPT.JK,1360.0,1366.6666666666667,1372.0,1408.0,1404.5,1338.0218920898437,1363.747607421875,13.995621582031253,6.442529340784139,2800,False,False
JSMR.JK,2770.0,2760.0,2764.0,2762.0,2742.5,2748.8,2838.0085302734374,2.75,1.2048394535207554,24500,True,False
JRPT.JK,1080.0,1090.0,1084.0,1082.0,1079.75,1075.5227783203125,1071.8772314453124,2.8954443359375093,1.4188590264568126,30400,True,False
JPFA.JK,2240.0,2216.6666666666665,2212.0,2199.0,2144.5,2039.7,2235.610012207031,20.029999999999994,1.5737423263506547,1657800,False,False
JMAS.JK,228.0,228.0,228.0,228.0,228.0,235.44,238.03,3.719999999999999,0.0,0,True,False
JKON.JK,85.0,85.66666666666667,87.0,82.6,75.15,69.54298545837402,70.57000087738037,17.45701454162598,11.425093757744406,2386300,False,False
JIHD.JK,434.0,433.3333333333333,433.2,428.2,432.0,418.56,458.99,7.719999999999999,1.0444441713401116,340200,False,False
JGLE.JK,97.0,93.66666666666667,95.2,83.1,72.05,60.12,64.94,36.88,9.55030425599976,844697100,False,False
JECC.JK,630.0,636.6666666666666,637.0,634.0,630.25,610.1480004882812,709.229716796875,5.370399902343752,1.5664673303008443,1500,True,False
JAYA.JK,134.0,133.66666666666666,133.2,132.9,129.45,123.92,128.5,10.079999999999998,1.3514537623928968,284600,False,False
JAWA.JK,130.0,129.33333333333334,129.4,128.6,124.15,118.98,136.78,11.019999999999996,2.481201385203775,117300,False,False
JATI.JK,99.0,99.0,99.6,98.0,96.4,94.74,99.13040557861328,4.859999999999999,2.040765277147492,13149600,True,False
JAST.JK,83.0,83.33333333333333,83.8,83.7,83.8,81.18,88.8,2.6199999999999903,1.5902586421723812,1451200,True,False
JARR.JK,1895.0,1890.0,1904.0,1905.0,1899.0,1826.607509765625,1930.9604321289062,15.678498046874983,1.6890783884480862,213400,False,False
ITMG.JK,24575.0,24716.666666666668,24795.0,24750.0,24493.75,23332.5,24317.6327734375,58.5,0.9740908616543521,102900,False,False
ITMA.JK,1340.0,1353.3333333333333,1353.0,1360.0,1360.0,1391.2,1718.1,10.240000000000009,1.9723876064979309,6700,False,False
ITIC.JK,230.0,230.0,231.6,225.0,217.35,206.22,228.19,12.689999999999998,2.3095715789553752,115100,False,False
ISSP.JK,432.0,432.6666666666667,433.2,435.2,423.1,398.8730627441406,414.66510833740233,18.16346862792969,1.4673873180123334,149000,False,False
ISEA.JK,90.0,83.0,82.2,81.5,81.35,72.22,77.51,17.78,5.255550577874506,126423200,False,False
ISAT.JK,2430.0,2226.6666666666665,2150.0,2037.0,1979.25,1892.1,1966.5653356933594,53.790000000000006,6.330419535856584,42890000,False,False
ISAP.JK,25.0,25.0,24.6,24.6,24.8,23.82,26.9,1.1799999999999997,4.786911644549224,2327800,False,False
IRSX.JK,372.0,356.6666666666667,360.0,358.6,331.0,297.2,359.8598297119141,37.400000000000006,6.455907401571756,34226600,False,False
IRRA.JK,368.0,368.0,369.6,372.0,372.2,367.8,381.52,2.1999999999999886,0.5699604895761917,236100,True,False
IPTV.JK,30.0,29.666666666666668,29.6,30.2,30.95,32.34,36.77,2.740000000000002,4.033580978240294,1244500,False,False
IPOL.JK,115.0,114.0,114.0,110.6,108.1,107.12,113.98,7.8799999999999955,2.061058239707943,505800,False,False
IPCM.JK,302.0,302.6666666666667,303.2,304.0,310.7,306.7274981689453,307.28721710205076,4.349999999999994,0.9703045127171345,42800,True,False
IPCC.JK,1175.0,1166.6666666666667,1172.0,1160.5,1180.75,1155.459490966797,1169.6683489990235,5.058101806640616,0.9549772890606686,117300,True,False
IPAC.JK,169.0,168.33333333333334,168.8,166.3,163.45,155.24,154.06,13.759999999999991,3.298357516124221,5100,False,False
IOTF.JK,64.0,64.33333333333333,59.8,56.2,54.45,53.24,57.65,11.093333333333327,8.030573015866933,27598700,False,False
INTP.JK,5325.0,5341.666666666667,5350.0,5114.5,4871.75,4485.54,4587.761396484375,34.5784,2.1268621733968405,105100,False,False
INTD.JK,288.0,278.0,276.8,264.6,250.6,237.8,244.64,25.099999999999994,3.4906815393390445,32000,False,False
INTA.JK,61.0,61.0,61.0,61.0,61.0,62.18,68.81,1.1799999999999997,0.0,0,True,False
INPS.JK,690.0,703.3333333333334,709.0,693.5,669.0,654.7,638.91,10.85999999999999,3.3293746455283704,22600,False,False
INPP.JK,755.0,746.6666666666666,734.0,712.0,706.25,718.8,753.35,9.75,3.6714685375238307,331500,False,False
INPC.JK,141.0,140.33333333333334,141.8,140.9,139.85,133.4,144.29,8.400000000000006,1.507694132367142,417100,False,False
INOV.JK,144.0,143.66666666666666,144.2,143.7,137.45,124.82,130.46,19.379999999999995,2.0603037073615615,260600,False,False
INKP.JK,8525.0,8400.0,8365.0,8380.0,8102.5,7575.2517578125,8369.749951171874,37.98992968750001,1.6916296998616163,1023600,False,False
INET.JK,220.0,220.0,224.8,228.2,227.1,208.2,244.3,10.0,3.6836960649573056,36226400,False,False
INDY.JK,2550.0,2556.6666666666665,2584.0,2557.0,2540.0,2244.6,2746.102761230469,33.94000000000001,5.366692316963077,3843700,False,False
INDX.JK,60.0,60.0,60.0,60.0,60.0,61.98,81.84,1.9799999999999969,2.837818317547164e-07,0,True,False
INDS.JK,270.0,270.0,272.4,275.8,274.4,264.1240023803711,321.27060470581057,5.837998809814451,2.41476692499182,319800,True,False
INDR.JK,2380.0,2370.0,2368.0,2311.0,2145.75,2040.6,2313.6,33.94000000000001,5.2327295480412905,700,False,False
INDO.JK,175.0,175.33333333333334,175.0,175.3,173.65,167.24,163.98,8.093333333333334,1.678144822434138,23826100,False,False
INDF.JK,7300.0,7300.0,7325.0,7207.5,7022.5,6633.866708984375,6524.459887695312,27.64533164062501,1.1826414376198864,625500,False,False
INCO.JK,5275.0,5300.0,5350.0,5305.0,5094.25,4810.5300390625,5300.384565429687,21.57879843750001,3.5883882040208466,863600,False,False
INCI.JK,670.0,668.3333333333334,672.0,667.0,662.25,648.2573767089843,667.3442553710937,4.748524658203133,1.4851639779435368,18800,True,False
INCF.JK,50.0,50.0,50.0,50.0,50.0,50.0,52.84,0.0,0.0,0,True,False
INAI.JK,179.0,177.66666666666666,178.8,179.2,173.35,151.64,167.97,27.560000000000002,1.7950334179615133,57700,False,False
IMPC.JK,1495.0,1505.0,1539.0,1545.5,1528.0,1532.7,1809.65,10.1,2.4059018989489824,1135700,False,False
IMJS.JK,161.0,161.33333333333334,161.6,161.5,155.8,144.45506896972657,159.80645416259765,17.144931030273426,2.5080915862012625,760500,False,False
IMAS.JK,840.0,855.0,857.0,857.5,857.25,836.2193774414062,926.9685760498047,4.256124511718758,1.1565470348399651,152200,True,False
IKPM.JK,199.0,198.0,197.4,192.3,188.65,184.56,194.88,14.439999999999998,2.3951788708927206,71800,False,False
IKBI.JK,575.0,651.8966674804688,628.6365478515625,581.9753601074219,554.1681106567382,514.4124670410156,513.6009841918946,27.496840087890632,8.795868875817325,1361500,False,False
IKAN.JK,97.0,89.66666666666667,88.6,87.0,85.8,78.44,85.83,18.560000000000002,3.7763762715220084,134642900,False,False
IKAI.JK,21.0,20.666666666666668,21.0,21.0,21.05,19.22,20.99,1.8300000000000018,4.765991975866006,11795800,False,False
IGAR.JK,446.0,444.6666666666667,444.4,441.0,431.9,419.39971130371094,441.8616943359375,13.300144348144528,1.2627187906017963,5400,False,False
IFSH.JK,1285.0,1180.0,1142.0,1139.0,1159.25,1196.2,1737.1968371582032,29.2,4.787253088845981,32200,False,False
IFII.JK,206.0,206.0,206.0,206.2,209.2,213.2,218.5,3.5999999999999943,0.5507938568385418,3500,True,False
IDPR.JK,268.0,271.3333333333333,274.0,279.4,288.3,292.83597290039063,295.04174377441404,12.417986450195315,1.6937543199441347,11700,False,False
IDEA.JK,65.0,65.66666666666667,66.6,65.7,64.15,60.98,70.31,5.619999999999997,4.312220658995522,4628000,False,False
ICON.JK,117.0,115.66666666666667,115.2,113.4,109.45,106.96,112.32,10.040000000000006,4.807079067068426,4305900,False,False
ICBP.JK,7550.0,7575.0,7585.0,7360.0,7153.75,6700.78021484375,6742.421918945312,35.36879140624998,1.8988425369592725,643200,False,False
IBST.JK,8475.0,8475.0,8475.0,8475.0,8475.0,8475.0,7918.15,0.0,0.0,0,True,False
IBOS.JK,67.0,68.33333333333333,68.0,66.1,67.25,72.82,90.53,6.719999999999999,2.911666713256751,780200,False,False
IBFN.JK,63.0,63.0,63.0,63.0,63.0,63.68,71.49,0.6799999999999997,0.0,0,True,False
IATA.JK,134.0,129.66666666666666,124.2,103.1,80.65,70.14,73.52,63.86,12.268218078803612,1122750600,False,False
HYGN.JK,170.0,168.0,166.8,167.7,163.6,149.46,147.02320098876953,20.539999999999992,1.843336713667125,263100,False,False
HUMI.JK,147.0,146.0,149.2,145.0,139.1,125.92,153.23,23.279999999999987,3.7063783609512693,9077600,False,False
HRUM.JK,845.0,841.6666666666666,833.0,846.0,834.5,784.9,865.3,12.220000000000004,3.442818569360643,4379300,False,False
HRTA.JK,2140.0,2140.0,2138.0,2014.5,1974.0,1947.296640625,2230.030986328125,19.2703359375,3.36400764733076,4862200,False,False
HRME.JK,41.0,42.0,42.0,42.0,43.05,43.9,45.94,2.8999999999999986,3.972794905889527,964200,False,False
HOPE.JK,224.0,223.33333333333334,223.2,218.2,204.85,158.2,175.31,32.900000000000006,2.9810729338970017,20611600,False,False
HOMI.JK,184.0,184.66666666666666,183.8,180.9,179.6,184.98,209.22,5.3799999999999955,0.6418446827656287,479500,True,False
HOKI.JK,56.0,56.0,55.2,54.5,54.45,53.72,59.65,2.280000000000001,1.464734183028883,1588300,True,False
HMSP.JK,735.0,745.0,755.0,749.0,731.0,682.3,683.9617388916016,14.54000000000001,1.844840846214478,960400,False,False
HILL.JK,16.0,16.0,16.0,16.0,16.0,16.06,18.06,0.05999999999999872,0.0,0,True,False
HGII.JK,123.0,125.33333333333333,124.0,122.3,121.85,123.36927520751954,130.38307571411133,3.4833333333333343,4.485968362422567,481300,False,False
HEXA.JK,4470.0,4480.0,4472.0,4470.0,4484.5,4415.4,4429.8,6.910000000000037,0.45136983468091463,24600,False,False
HERO.JK,336.0,336.6666666666667,336.8,341.8,341.7,326.88,373.79,7.460000000000008,3.80045664290264,7900,False,False
HELI.JK,194.0,195.33333333333334,193.6,189.4,186.7,180.82,186.36,14.51333333333335,3.009304333474067,505400,False,False
HEAL.JK,770.0,773.3333333333334,777.0,786.5,810.25,839.6,981.7304077148438,13.920000000000005,0.769001054352578,752400,False,False
HDIT.JK,51.0,51.333333333333336,50.8,50.5,50.6,50.4,54.63,0.9333333333333371,2.5291920071607685,36747300,True,False
HDFA.JK,97.0,97.0,97.2,97.3,93.15,89.44,95.89,7.859999999999999,8.76496115145566,526400,False,False
HBAT.JK,220.0,220.66666666666666,221.2,221.8,238.8,305.48,350.31,42.74000000000001,1.46793080761836,44900,False,False
HATM.JK,585.0,586.6666666666666,569.0,555.0,507.45,425.87190673828127,366.5759573364258,32.15895198567707,6.156354173014102,17238400,False,False
HALO.JK,69.0,69.33333333333333,69.6,70.1,68.45,64.62,69.33,5.47999999999999,2.09630320039766,772000,True,False
HAJJ.JK,107.0,105.66666666666667,107.2,106.7,105.1,102.82,115.92,4.38000000000001,1.9797924281536476,1804300,True,False
HAIS.JK,186.0,183.33333333333334,182.8,183.3,182.85,176.64,184.31477996826172,9.360000000000014,1.8130730060493185,1060400,False,False
HADE.JK,18.0,19.0,19.0,18.9,18.7,17.14,18.26,1.8599999999999994,4.910381296820335,14755900,False,False
GZCO.JK,172.0,172.66666666666666,173.4,172.6,162.45,149.26,172.37,24.140000000000015,4.882969895756232,4246800,False,False
GWSA.JK,141.0,140.33333333333334,138.2,134.5,129.85,122.56,133.41,18.439999999999998,2.6674843561428,222200,False,False
GUNA.JK,208.0,205.33333333333334,204.4,203.0,200.95,175.88899322509766,190.02428314208984,16.055503387451168,1.0545831935055645,32700,False,False
GULA.JK,745.0,750.0,756.0,782.5,767.0,668.16,522.64,22.868000000000006,3.9800578121913457,5014100,False,False
GTSI.JK,185.0,184.0,187.8,172.7,160.3,140.5446516418457,175.84752021789552,47.25534835815432,5.997479668932914,13935100,False,False
GTRA.JK,240.0,246.0,248.4,245.0,239.5,208.2,221.87,20.10000000000001,2.7736102046340827,34900,False,False
GTBO.JK,170.0,170.0,170.0,170.0,170.0,173.88,193.21,3.8799999999999955,0.0,0,True,False
GSMF.JK,84.0,84.66666666666667,85.8,86.7,86.9,82.26,96.53,4.640000000000001,1.8685325014514613,1057700,True,False
GRPM.JK,228.0,227.33333333333334,230.4,229.6,232.2,237.8,272.34,5.233333333333334,3.8537642908104184,4979400,False,False
GRPH.JK,63.0,63.666666666666664,62.2,60.5,60.0,58.82,59.45,4.846666666666664,2.0916578069912473,3469200,True,True
GRIA.JK,141.0,141.33333333333334,143.2,138.2,127.15,120.62,114.51,22.579999999999984,6.242184041855004,1466400,False,False
GPSO.JK,278.0,282.6666666666667,282.4,292.4,302.8,339.8,361.5,30.900000000000006,4.455516701586665,1310500,False,False
GPRA.JK,106.0,107.0,107.0,105.6,104.05,101.70431335449219,104.55048843383788,5.295686645507814,1.5854061930787942,44218800,True,True
GOTO.JK,50.0,50.0,50.0,50.0,50.0,50.0,50.79,0.0,0.0,12141900,True,False
GOOD.JK,302.0,303.3333333333333,302.0,297.8,299.0,307.04,322.40292694091795,4.6200000000000045,1.4113133811506489,3300,True,False
GOLF.JK,165.0,163.66666666666666,166.0,163.7,164.15,163.0015084838867,174.44286636352538,2.9984915161132903,2.33276444438681,762000,True,False
GOLD.JK,274.0,270.6666666666667,271.6,268.8,267.8,257.08,268.3,8.460000000000008,1.7765169182318643,3900,False,False
GMTD.JK,1275.0,1285.0,1287.0,1305.5,1295.5,1341.9,1488.6286218261719,13.380000000000019,2.507920220167914,2500,False,False
GMFI.JK,62.0,65.0,60.8,57.6,55.85,53.38,56.91,11.619999999999997,11.26343470662176,151403800,False,False
GLVA.JK,312.0,310.0,308.4,307.2,306.3,302.4634149169922,315.6609799194336,4.768292541503911,0.7086848527510573,500,True,False
GJTL.JK,1300.0,1301.6666666666667,1305.0,1293.0,1226.5,1159.25087890625,1118.6447564697266,29.14982421875002,2.3935221122523207,496100,False,False
GIAA.JK,73.0,74.0,65.8,59.7,56.7,54.92,61.08,19.08,10.937848609937104,358650200,False,False
GHON.JK,1590.0,1596.6666666666667,1600.0,1615.5,1625.5,1670.4,1733.0,16.08000000000002,0.5343248393900205,2700,False,False
GGRP.JK,302.0,302.0,302.4,300.0,297.1,293.04,283.6159509277344,4.679999999999978,0.8407462787031842,11600,True,False
GGRM.JK,19675.0,20366.666666666668,20685.0,20230.0,18892.5,16847.225,15673.3,153.51100000000005,3.651528890718947,775000,False,False
GEMS.JK,6550.0,6550.0,6565.0,6532.5,6551.25,6388.0,7222.0,7.08,0.6981524804973128,3200,False,False
GEMA.JK,82.0,81.33333333333333,81.2,80.9,81.0,79.02,82.32571273803711,2.980000000000004,0.7851621067947633,170600,True,False
GDYR.JK,1080.0,1095.0,1096.0,1098.5,1095.0,1090.9,1098.75,3.7,1.1998178269114594,1200,True,False
GDST.JK,121.0,126.66666666666667,124.4,113.7,103.75,90.2,94.75,36.46666666666667,6.726887128762053,6926100,False,False
FWCT.JK,94.0,93.33333333333333,93.4,93.1,91.6,82.0,90.08,12.0,2.4955474179790733,338700,False,False
FUTR.JK,336.0,343.3333333333333,347.6,326.4,292.6,220.56,224.13,63.52000000000001,8.873367557101798,25047400,False,False
FUJI.JK,204.0,204.66666666666666,205.6,205.8,206.3,224.58,283.41,10.290000000000006,1.771138049192669,117400,False,False
FPNI.JK,426.0,422.6666666666667,425.2,414.6,370.8,342.28,389.48,41.860000000000014,8.057702139145917,1885500,False,False
FORU.JK,2010.0,2030.0,2218.0,2500.0,2753.5,2945.5,2118.1,93.55,4.634433468032811,173600,False,False
FORE.JK,790.0,786.6666666666666,786.0,750.0,691.75,666.3,751.29,24.74000000000001,3.618609546278261,1453100,False,False
FOOD.JK,176.0,176.0,176.0,176.0,176.0,173.48,183.79,2.5200000000000102,0.0,0,True,False
FOLK.JK,202.0,207.33333333333334,211.2,210.8,213.3,199.66,261.65,6.820000000000007,2.2751337711738935,565500,False,False
FMII.JK,248.0,251.33333333333334,250.0,250.2,248.8,249.04,242.84,1.6666666666666714,1.8506088230796736,500,True,False
FLMC.JK,76.0,76.0,75.2,73.8,71.1,76.78,115.65,5.680000000000007,2.985571738926562,985000,True,False
FITT.JK,352.0,353.3333333333333,353.2,353.0,356.2,365.32,373.7,6.659999999999997,1.062858033234117,8300,False,False
FISH.JK,600.0,603.3333333333334,604.0,607.5,619.75,612.7013037109375,682.0000891113282,3.95,0.9298175460142851,6000,True,False
FIRE.JK,109.0,108.66666666666667,109.6,107.9,108.25,104.48,120.42,5.11999999999999,2.2774452520183015,1568100,True,False
FILM.JK,1045.0,1050.0,1020.0,1040.0,1138.5,1468.2,2063.25,89.64000000000001,5.133811790230754,3267600,False,False
FAST.JK,430.0,404.0,393.2,363.0,321.7,274.16,281.7,77.91999999999999,10.278234821219048,13668200,False,False
FAPA.JK,7350.0,7350.0,7360.0,7357.5,7332.5,7310.06103515625,7090.60923828125,1.99755859375,0.35841799166669575,1200,True,False
EXCL.JK,2550.0,2486.6666666666665,2502.0,2501.0,2504.5,2516.8,2750.9,6.333333333333348,2.9525955496105745,3343700,False,False
EURO.JK,1885.0,1860.0,1871.0,1875.5,1902.5,1735.198642578125,2131.9428356933595,33.46027148437501,3.1979112074445384,71000,False,False
ESTI.JK,169.0,170.66666666666666,172.8,173.0,152.55,134.01568084716797,146.70200271606444,38.98431915283203,13.330413499624349,1322800,False,False
ESTA.JK,177.0,176.33333333333334,179.2,183.0,182.65,181.62,189.41,6.666666666666657,4.121578241409345,95300,False,False
ESSA.JK,695.0,691.6666666666666,667.0,648.0,631.0,590.9864562988281,651.9590435791016,20.80270874023438,2.9145901469275133,53767500,False,False
ESIP.JK,127.0,126.66666666666667,127.6,128.5,130.15,125.95795349121094,122.43397651672363,4.192046508789062,1.7161862347345926,2635900,True,True
ERTX.JK,185.0,188.0,190.8,188.8,175.55,152.86,175.85,37.94,3.6751495437591846,283600,False,False
ERAL.JK,300.0,302.0,305.2,307.8,298.5,279.580751953125,287.87849853515627,14.109624023437505,1.8297656705697904,655000,False,False
ERAA.JK,456.0,456.6666666666667,458.0,446.2,414.5,368.1895050048828,364.8620166015625,44.905247497558605,3.0981574508504193,23828900,False,False
EPMT.JK,2330.0,2340.0,2344.0,2338.0,2325.5,2313.6,2328.8,3.040000000000009,1.7837470129931476,318600,True,False
EPAC.JK,61.0,60.666666666666664,60.2,60.5,62.65,64.32,64.81,4.11999999999999,2.635659969810539,11071200,True,False
ENZO.JK,76.0,76.33333333333333,78.2,75.8,70.9,67.16,70.3,11.040000000000006,12.31723328180158,8537200,False,False
ENRG.JK,1310.0,1281.6666666666667,1297.0,1293.0,1349.5,1290.1,1454.05,13.566666666666652,3.4017795174851804,37052500,False,False
ENAK.JK,242.0,239.33333333333334,240.4,243.2,248.6,260.8,303.66,10.733333333333334,2.3294282675180975,83100,False,False
EMTK.JK,510.0,510.0,518.0,522.5,525.75,526.68,650.5329162597657,3.33599999999999,1.8127393705575607,3712800,True,False
EMDE.JK,78.0,78.33333333333333,79.4,76.1,72.85,67.52,71.3,11.88000000000001,5.323026268733932,1581000,False,False
EMAS.JK,7625.0,7633.333333333333,7590.0,7182.5,6565.0,6498.5,7388.25,45.393333333333324,2.6537317504284843,2570800,False,False
ELTY.JK,37.0,39.0,38.4,34.9,31.35,27.08,33.33,11.920000000000002,7.310911521168941,175823000,False,False
ELSA.JK,700.0,698.3333333333334,698.0,696.0,681.25,614.2228662109375,638.3552355957031,17.155426757812506,1.7909145039756484,2859900,False,False
ELPI.JK,710.0,713.3333333333334,727.0,727.0,834.5,1004.2819921875,1375.5052746582032,58.856398437500005,2.7481561142590367,208700,False,False
ELIT.JK,172.0,171.33333333333334,173.0,173.4,174.15,172.24,186.94,2.816666666666663,1.284030839320855,442800,True,False
EKAD.JK,178.0,178.0,177.4,174.0,171.25,167.71,167.8727764892578,10.289999999999992,1.359386460173091,36200,False,False
ECII.JK,154.0,157.0,159.0,160.4,156.9,138.62,158.41,21.78,1.9828470351512801,320900,False,False
EAST.JK,91.0,90.33333333333333,90.59130554199218,90.39347991943359,89.46304397583008,87.43739227294923,86.99106475830078,3.562607727050775,0.9062503526864437,224000,True,False
DYAN.JK,84.0,84.33333333333333,84.8,84.4,82.65,78.64,80.45,6.159999999999997,1.5930555708264127,25200,False,False
DWGL.JK,404.0,408.6666666666667,404.4,386.8,316.9,268.56,268.72,70.05333333333334,4.941911903051126,2740000,False,False
DVLA.JK,1590.0,1581.6666666666667,1584.0,1585.0,1581.25,1536.5618896484375,1536.2286437988282,10.6876220703125,0.6199507018611992,200,False,False
DUTI.JK,4300.0,4296.666666666667,4294.0,4292.0,4256.5,4042.8181494140626,3898.9779931640624,25.718185058593736,0.07371276597129191,1900,False,False
DSSA.JK,975.0,968.3333333333334,970.0,907.5,880.0,819.7,1363.74,31.05999999999999,4.280424487215794,193435600,False,False
DSNG.JK,1300.0,1300.0,1326.0,1346.5,1308.75,1197.6625732421876,1354.4649353027344,29.76748535156248,2.8271914623323102,897100,False,False
DSFI.JK,87.0,83.0,82.8,82.0,81.05,73.48,83.08,13.519999999999996,2.696812393354472,24397900,False,False
DRMA.JK,975.0,971.6666666666666,966.0,960.0,938.5,925.2,941.2633331298828,9.95999999999999,0.7791553890796771,155800,False,False
DPUM.JK,98.0,97.66666666666667,98.4,98.5,98.5,107.1,127.64,9.433333333333323,1.957622002454731,6852600,False,False
DOSS.JK,167.0,170.0,173.2,169.2,152.6,139.95712326049804,142.74345481872558,33.24287673950195,6.8226317886231,2292100,False,False
DOOH.JK,256.0,252.0,260.0,257.8,216.2,157.42,153.36,51.290000000000006,4.595416646336687,46928900,False,False
DOID.JK,214.0,214.0,215.2,215.2,216.7,206.72,225.78,4.989999999999995,1.6843742776925796,133900,True,False
DNET.JK,9550.0,9750.0,9765.0,9800.0,9742.5,9921.5,9650.25,14.86,1.578998905903599,300,False,False
DNAR.JK,123.0,123.66666666666667,123.8,123.8,121.8,114.58,124.61,9.219999999999999,0.8925491263816625,29200,False,False
DMND.JK,625.0,626.6666666666666,629.0,624.5,620.5,608.7947961425781,618.4331970214844,4.041040771484381,1.429940582745052,1100,True,False
DMMX.JK,194.0,195.33333333333334,193.2,188.2,179.95,166.3122360229492,183.32694381713867,29.021097310384135,3.6303541428399235,514400,False,False
DMAS.JK,146.0,146.66666666666666,147.2,146.8,142.7,138.96629150390626,132.76049659729003,8.233708496093726,1.6169556087786277,3505700,False,False
DLTA.JK,1785.0,1785.0,1783.0,1781.5,1776.75,1742.200615234375,1763.8698474121093,8.559876953125013,0.4141809615163756,1900,False,False
DKHH.JK,63.0,63.333333333333336,64.0,63.4,63.45,60.26,65.27,3.740000000000002,1.4909494996156192,6990600,True,False
DKFT.JK,665.0,660.0,670.0,673.5,663.75,649.9,696.95,4.720000000000004,3.0382366353420514,886800,True,False
DIVA.JK,138.0,139.0,139.0,134.5,127.7,116.04,132.43,22.959999999999994,4.112899686048467,613800,False,False
DILD.JK,116.0,115.66666666666667,116.4,116.8,116.1,114.32,120.06,2.480000000000004,1.54935204108149,3881700,True,False
DIGI.JK,29.0,29.0,29.0,29.0,29.0,29.7,31.97,0.6999999999999993,0.0,0,True,False
DGWG.JK,322.0,319.3333333333333,316.8,304.6,293.6,291.0489392089844,324.6444366455078,15.475530395507803,0.9339759034990722,4099500,False,False
DGNS.JK,234.0,233.33333333333334,235.2,235.4,233.6,230.12,250.64,2.6400000000000006,3.026310083482966,1100,True,False
DGIK.JK,125.0,127.33333333333333,128.0,127.9,128.9,125.8,128.83,3.9000000000000057,2.0717745139669,845000,True,False
DFAM.JK,79.0,80.0,80.8,81.1,82.25,85.32,95.1,6.319999999999993,2.011198648368324,2735800,False,False
DEWI.JK,137.0,132.0,129.6,124.8,122.45,119.88,121.93,17.120000000000005,1.5965224160209446,19863000,False,False
DEWA.JK,458.0,458.0,465.2,464.2,444.7,369.18761322021487,414.9437907409668,48.00619338989256,3.0893250462610786,230506600,False,False
DEPO.JK,240.0,240.66666666666666,240.8,242.2,242.4,242.39985565185546,246.4652976989746,1.2000000000000028,1.2860314801863313,61700,True,False
DEFI.JK,108.0,108.0,108.8,107.8,107.5,108.12,120.94,1.2999999999999972,4.0815266315016165,1649000,False,False
DCII.JK,196550.0,199716.66666666666,200940.0,196447.5,193798.75,190752.5,195411.5,407.5,2.708019350828798,100,False,False
DAYA.JK,1010.0,998.3333333333334,991.0,986.0,981.75,1000.4,1015.05,5.65,1.4042238289355042,24200,True,False
DATA.JK,1910.0,1913.3333333333333,1932.0,1969.0,2007.25,1941.0,2094.15,19.45,2.755507108864942,124600,False,False
DART.JK,182.0,160.33333333333334,151.6,139.9,133.1,125.62,135.0,56.379999999999995,6.041100311694645,7228500,False,False
DADA.JK,50.0,50.0,50.0,50.0,50.0,50.0,50.0,0.0,0.0,166000,True,False
DAAZ.JK,1660.0,1668.3333333333333,1636.0,1585.0,1562.0,1604.913330078125,1897.7144372558594,21.26666666666665,2.5544168775605915,94900,False,False
CYBR.JK,575.0,581.6666666666666,578.0,565.5,567.5,588.4,618.95,4.579999999999996,1.306947280863887,13304900,True,False
CUAN.JK,780.0,736.6666666666666,734.0,698.5,692.25,668.0,877.11,22.4,3.661369803631194,438764300,False,False
CTTH.JK,134.0,133.0,133.6,130.8,129.85,126.4,130.18,7.599999999999994,3.3931455389878935,1531700,False,False
CTRA.JK,605.0,606.6666666666666,610.0,598.0,585.0,554.4726245117188,603.2573565673828,11.105475097656244,2.484870983848274,2129700,False,False
CTBN.JK,4000.0,4006.6666666666665,4010.0,4091.0,4419.0,5125.4026953125,5194.0306396484375,112.54026953125003,2.3187375924361886,6800,False,False
CSRA.JK,745.0,746.6666666666666,746.0,750.0,763.0,757.6,829.25,3.6,2.4244400888465347,12800,True,False
CSMI.JK,104.0,97.33333333333333,89.8,82.6,79.35,75.06,84.95,28.939999999999998,11.01079026562604,169910700,False,False
CSIS.JK,197.0,198.33333333333334,198.4,193.3,184.75,162.99560089111327,163.06320137023926,35.404399108886736,2.518328497118911,280600,False,False
CSAP.JK,294.0,290.0,289.6,289.2,288.5,280.5682733154297,280.30579162597655,6.715863342285161,1.13173181764596,70500,False,False
CRSN.JK,121.0,123.33333333333333,119.2,113.9,108.85,102.5733999633789,105.82612327575684,20.759933369954425,3.384070619926753,1007000,False,False
CRAB.JK,208.0,208.0,208.0,208.0,208.0,208.88,211.14,0.4399999999999977,0.0,0,True,False
CPRO.JK,52.0,51.333333333333336,51.0,50.7,50.6,50.3,52.75,1.7000000000000028,1.5600035270199175,47090100,True,False
CPIN.JK,3110.0,3096.6666666666665,3118.0,3158.0,3161.5,3200.4,3610.059172363281,10.373333333333358,2.0764857987641707,909500,False,False
COIN.JK,695.0,688.3333333333334,698.0,684.5,702.25,702.1,910.8,3.55,4.888187950378336,2277600,False,False
COCO.JK,102.0,102.33333333333333,104.6,105.8,116.05,146.211690826416,240.00584541320802,44.211690826416,4.126228314986437,77040000,False,False
COAL.JK,29.0,27.0,25.0,23.0,22.25,26.88,42.32,6.75,4.958441610251049,29583000,False,False
CNMA.JK,96.0,95.66666666666667,95.6,94.4,93.0,89.8,94.96153213500976,6.200000000000003,2.4517124478343377,3821800,False,False
CNKO.JK,37.0,37.0,37.0,37.0,37.0,37.28,45.96,0.28000000000000114,0.0,0,True,False
CMRY.JK,4600.0,4593.333333333333,4638.0,4641.0,4628.5,4510.2,4512.108627929688,13.080000000000018,1.9112038902507467,34600,False,False
CMPP.JK,69.0,69.0,69.0,69.0,69.0,69.96,75.16,0.9599999999999937,0.0,0,True,False
CMNT.JK,790.0,795.0,797.0,798.5,796.75,791.4,788.9,1.7,1.6191619524903327,259700,True,False
CMNP.JK,1365.0,1361.6666666666667,1365.0,1362.5,1354.0,1348.1,1414.2,3.380000000000018,0.9059754248679828,166800,True,False
CLPI.JK,1595.0,1598.3333333333333,1604.0,1591.0,1569.0,1503.2289013671875,1470.0552966308594,20.154219726562495,0.8662939960173468,52100,False,False
CLEO.JK,380.0,380.0,383.2,383.6,381.5,376.28238708496093,385.8290130615234,3.658806457519546,1.0948829450607707,1141900,True,False
CLAY.JK,2880.0,2793.3333333333335,2788.0,2692.0,2543.5,2621.2,2718.5,33.65,3.475315824858135,11100,False,False
CITY.JK,174.0,175.0,175.0,173.9,171.95,160.36,172.57,14.639999999999986,1.4908681998312632,166600,False,False
CITA.JK,3250.0,3240.0,3248.0,3258.0,3266.5,3096.2,3334.4490356445312,17.03000000000002,1.092308164156701,14500,False,False
CINT.JK,174.0,174.33333333333334,175.2,176.7,173.6,168.32,183.37,8.379999999999995,1.7353680011932278,11800,False,False
CHIP.JK,885.0,893.3333333333334,899.0,909.5,919.5,930.3138989257812,987.6608575439453,9.062779785156248,1.0095916524363866,35000,False,False
CHEM.JK,70.0,69.33333333333333,68.2,66.5,66.05,62.28,75.72282455444336,7.719999999999999,2.0085137452858204,8736200,False,False
CHEK.JK,132.0,132.66666666666666,133.2,133.0,132.45,126.52,130.89,6.679999999999993,1.6796887433764702,134800,False,False
CGAS.JK,153.0,152.33333333333334,153.0,153.2,153.75,149.3494436645508,157.16777603149413,4.40055633544921,1.1041134850858696,629600,True,False
CFIN.JK,350.0,349.3333333333333,351.6,348.0,342.1,324.19682861328124,308.86540252685546,13.701585693359391,1.0449041692041976,82000,False,False
CENT.JK,84.0,84.0,82.8,81.7,81.4,76.12,86.67,7.8799999999999955,2.1959330990391064,532100,False,False
CEKA.JK,2200.0,2206.6666666666665,2212.0,2207.0,2193.5,2154.96953125,2166.691796875,5.703046875000018,0.7198365606983934,2200,True,False
CDIA.JK,710.0,690.0,696.0,674.5,677.25,659.2,805.6119323730469,10.159999999999991,2.842211916905196,36100600,False,False
CCSI.JK,260.0,259.3333333333333,253.6,249.8,249.3,246.08,251.62,6.959999999999994,2.3912628240802154,12500,False,False
CBUT.JK,795.0,810.0,819.0,824.5,817.0,728.72,762.41,19.155999999999995,2.2844848221951555,6500,False,False
CBRE.JK,670.0,671.6666666666666,677.0,679.5,703.5,686.7,776.9,6.7,1.0858119368291512,1211100,False,False
CBPE.JK,560.0,561.6666666666666,551.0,453.9,372.55,316.5322595214844,313.557294921875,49.02688142903645,9.419253984148908,107900,False,False
CBDK.JK,3690.0,3710.0,3752.0,3787.0,3681.0,3550.07474609375,4046.2132080078127,23.692525390624997,3.673487347338388,241100,False,False
CASS.JK,1900.0,1908.3333333333333,1905.0,1904.0,1882.0,1829.4,1825.2,15.786666666666633,1.0282738557077824,63800,False,False
CASH.JK,214.0,215.33333333333334,220.4,226.0,222.7,194.26,200.36,15.870000000000005,2.7870514135239155,262200,False,False
CASA.JK,1800.0,1800.0,1800.0,1817.0,1824.0,1767.3,1550.0,11.340000000000009,0.3871257148923292,9400,False,False
CARS.JK,96.0,93.0,92.0,91.9,89.95,87.64,90.71,8.36,1.9855842752982096,1264200,False,False
CARE.JK,430.0,427.3333333333333,426.0,424.6,423.5,417.92,415.26,6.039999999999992,0.4563421868690674,57500,False,False
CANI.JK,135.0,135.0,135.0,135.0,135.0,134.08,140.23,0.9199999999999875,0.0,0,True,False
CAMP.JK,170.0,171.66666666666666,171.4,170.7,170.3,171.34,184.51,1.6666666666666572,0.6948870797549371,1511200,True,False
CAKK.JK,142.0,140.33333333333334,140.2,138.9,137.1,136.76,148.85,5.240000000000009,2.925352136565109,10000,True,False
BYAN.JK,12125.0,12058.333333333334,12080.0,12067.5,12045.0,11317.570234375,11255.652236328126,32.297190625000006,0.49255400005427136,500,False,False
BWPT.JK,92.0,92.66666666666667,92.4,89.8,84.25,78.38,98.38,14.286666666666676,4.535678012310796,30259800,False,False
BVIC.JK,93.0,92.0,92.4,93.0,92.45,86.56,95.45,6.439999999999998,1.2815682678650093,236000,False,False
BUVA.JK,745.0,745.0,763.0,783.0,840.25,807.0,916.15,19.05,5.253186059933176,24022900,False,False
BUMI.JK,181.0,182.0,182.4,175.4,169.8,156.4,186.82,26.0,3.001194832309599,794141900,False,False
BULL.JK,430.0,428.0,438.0,444.2,419.6,372.8,405.83,35.69999999999999,6.026104448069209,107491300,False,False
BUKK.JK,1035.0,1028.3333333333333,1021.0,1022.0,1049.75,1052.8,1129.55,6.3599999999999905,1.3938758384508816,17000,False,False
BUKA.JK,118.0,117.66666666666667,117.8,118.2,115.85,108.4,126.65,9.799999999999997,1.0626469936995337,3060000,False,False
BUDI.JK,228.0,220.0,218.8,216.8,211.3,207.32,208.82,10.340000000000003,2.51309547323191,602200,False,False
BUAH.JK,510.0,511.6666666666667,511.0,508.5,509.25,509.5826727294922,508.74578369140625,0.6333333333333371,0.7734599597215202,416200,True,False
BTPS.JK,985.0,986.6666666666666,988.0,989.5,998.25,982.2,993.2566296386718,3.209999999999991,1.0309568662278845,163400,True,False
BTPN.JK,2120.0,2146.6666666666665,2154.0,2163.0,2197.0,2162.5,2131.6049487304685,7.7,1.0935555064419962,100,False,False
BTON.JK,362.0,364.6666666666667,364.8,362.6,359.3,354.2,366.62,5.300000000000011,1.7784123661799796,100,True,False
BTEK.JK,10.0,10.666666666666666,10.8,10.7,10.95,10.74,12.13,0.9499999999999993,5.360296854573075,55958600,False,False
BSSR.JK,4320.0,4316.666666666667,4320.0,4317.0,4292.5,4055.8342578125,3818.19234375,26.41657421875002,0.42832517819277777,203600,False,False
BSML.JK,520.0,520.0,517.0,518.0,517.25,487.86,437.85,6.427999999999997,1.5145109786619322,63300,False,False
BSIM.JK,695.0,696.6666666666666,700.0,699.0,697.75,705.5,784.3,2.1,1.3180705069467513,5000,True,False
BSDE.JK,590.0,590.0,595.0,585.0,580.5,573.9,661.45,4.220000000000004,1.872235108544992,1366800,True,False
BSBK.JK,53.0,53.333333333333336,53.2,52.8,52.55,51.82,54.68,1.5133333333333354,1.3963465210253212,5843000,True,False
BRRC.JK,65.0,63.0,61.2,59.3,59.1,57.7,65.79,7.299999999999997,3.177039976501211,38311400,False,False
BRPT.JK,1910.0,1863.3333333333333,1879.0,1857.5,1812.25,1679.4353979492187,1758.9076708984376,46.11292041015626,2.615741477575415,87274000,False,False
BRNA.JK,645.0,635.0,640.0,635.5,616.25,598.2,627.9,9.35999999999999,5.923531276934835,27600,False,False
BRMS.JK,615.0,610.0,611.0,592.0,584.75,558.0,658.55,11.4,2.141661475542347,88369000,False,False
BRIS.JK,1795.0,1786.6666666666667,1795.0,1797.0,1821.25,1792.4,1865.0030187988282,6.916666666666652,1.3015470575862373,1995400,False,False
BREN.JK,3510.0,3396.6666666666665,3428.0,3354.0,3420.0,3530.42962890625,4073.553779296875,17.642962890624993,3.373392505221677,30894600,False,False
BRAM.JK,4580.0,4570.0,4582.0,4539.0,4510.5,4462.5228271484375,4397.279587402344,11.94771728515625,1.29707854916881,500,False,False
BPTR.JK,76.0,76.66666666666667,76.4,75.4,74.5,70.8,76.3,5.866666666666674,2.6934921459873027,88800,True,False
BPII.JK,454.0,441.3333333333333,443.2,441.8,439.7,443.04,455.54,7.150000000000006,2.4995619619936638,7800,False,False
BPFI.JK,260.0,257.3333333333333,260.8,262.6,259.1,251.91054595947264,256.76115921020505,5.34472702026369,2.8195318794335,12800,True,False
BOLT.JK,805.0,805.0,804.0,802.5,796.0,784.5,818.6222222900391,4.1,0.9612139678358018,5000,True,False
BOLA.JK,156.0,156.0,156.6,157.6,160.45,152.56,158.83,7.889999999999986,1.8372032118044033,1356000,False,False
BOGA.JK,1600.0,1616.6666666666667,1633.0,1656.0,1586.0,1445.8,1423.25,42.040000000000006,5.286374171147141,4100,False,False
BOBA.JK,208.0,210.0,212.4,218.2,226.1,265.36,243.34852920532228,28.680000000000007,1.8675075832534453,40300,False,False
BOAT.JK,136.0,135.33333333333334,134.6,135.4,128.55,115.06,126.08,20.939999999999998,4.360174555200786,640900,False,False
BNLI.JK,2170.0,2166.6666666666665,2174.0,2178.0,2267.5,2479.8,2787.4827514648437,31.313333333333368,1.242661653856246,2900,False,False
BNII.JK,192.0,193.0,193.6,192.8,191.25,188.76,193.69186294555664,4.840000000000003,0.82383560101758,3400,True,False
BNGA.JK,1645.0,1643.3333333333333,1647.0,1646.5,1640.75,1594.5,1626.5182446289064,10.5,0.46305459201401106,114800,False,False
BNBR.JK,102.0,102.0,103.4,100.7,100.9,95.35951477050781,126.74768531799316,8.040485229492191,3.6742841022239876,470390400,False,False
BNBA.JK,735.0,731.6666666666666,734.0,736.5,741.0,731.8,724.95,1.8666666666666742,1.194862156110788,30600,True,False
BMTR.JK,114.0,114.66666666666667,115.6,115.2,116.7,115.5,131.92,2.700000000000003,2.144835220094976,9023700,True,False
BMSR.JK,306.0,304.6666666666667,305.2,306.2,309.8,297.92,309.86,5.939999999999998,1.2750787068503506,200,True,False
BMRI.JK,4120.0,4140.0,4172.0,4186.0,4243.0,4152.2,4188.60791015625,12.3,1.262582235087573,26526300,False,False
BMHS.JK,190.0,190.66666666666666,191.0,189.8,185.0,180.01150482177735,182.487488861084,10.98849517822265,1.0740344362338754,34500,False,False
BMBL.JK,31.0,31.666666666666668,31.8,32.3,31.9,31.72,33.19,1.2999999999999972,1.7573879863124424,232100,True,False
BMAS.JK,490.0,497.3333333333333,494.8,488.2,487.4,481.12,490.25,8.106666666666655,2.2438304619372014,48500,False,False
BLUE.JK,2430.0,2403.3333333333335,2430.0,2448.0,2669.0,2893.451416015625,3059.8806811523436,49.01180826822915,4.46602438933659,36600,False,False
BLTA.JK,33.0,33.0,33.0,32.6,33.35,33.18,37.38,0.75,2.051913359241392,8489700,True,False
BLOG.JK,382.0,380.0,378.4,368.6,369.6,347.2627587890625,354.12034606933594,17.36862060546875,1.938833815198572,663200,False,False
BLES.JK,212.0,209.33333333333334,212.8,204.1,182.25,155.33596252441407,152.53231872558592,28.73201873779297,5.0078427361351885,2679800,False,False
BKSW.JK,52.0,52.333333333333336,52.2,52.2,52.5,51.8,54.57,0.7000000000000028,1.6675740138245367,597300,True,False
BKSL.JK,73.0,73.0,74.6,71.7,70.05,65.62,83.9,8.97999999999999,3.7760028680309685,60538500,False,False
BKDP.JK,169.0,169.0,169.0,169.0,160.75,134.26,106.73,34.74000000000001,0.0,0,False,False
BJTM.JK,510.0,511.6666666666667,515.0,516.5,518.75,513.44,517.6061712646484,1.75,0.9176562648958809,2093700,True,False
BJBR.JK,785.0,788.3333333333334,788.0,787.5,785.5,770.0,768.5539172363282,3.666666666666674,0.8756401911040904,96300,True,False
BISI.JK,680.0,685.0,688.0,677.5,664.75,660.6415600585938,710.6570947265625,5.471687988281246,1.3080242142549703,26700,True,False
BIRD.JK,1630.0,1626.6666666666667,1620.0,1613.0,1613.75,1530.3671704101562,1489.6158483886718,19.926565917968766,0.9231920595522584,45000,False,False
BIPP.JK,73.0,71.66666666666667,71.6,67.5,66.8,61.0,65.96,12.0,4.4683604444309015,7445300,False,False
BIPI.JK,151.0,151.33333333333334,153.4,149.5,149.95,142.18,183.39,11.219999999999999,3.0259972633747294,106056600,False,False
BINO.JK,113.0,113.0,112.8,111.4,109.4,100.72,109.71,12.280000000000001,1.600158844349946,3085900,False,False
BINA.JK,4080.0,4040.0,4024.0,4108.0,4128.0,3914.2,4042.6,21.380000000000017,2.930042643783457,1000,False,False
BIKE.JK,510.0,510.0,510.0,510.0,510.0,510.0,502.03,0.0,2.856066440334109e-07,0,True,False
BHIT.JK,26.0,26.666666666666668,26.4,25.8,25.85,26.26,29.51,0.8666666666666671,3.163610042817448,11752400,True,False
BHAT.JK,1770.0,1770.0,1770.0,1770.0,1770.0,1580.4,1456.3,37.91999999999998,0.0,0,False,False
BGTG.JK,111.0,111.0,111.2,112.1,111.45,108.5,113.87,3.5999999999999943,3.1076906880491353,505300,True,False
BFIN.JK,885.0,888.3333333333334,897.0,907.5,849.25,769.6,742.3234100341797,27.579999999999995,3.4120583201275325,1988800,False,False
BEST.JK,111.0,109.66666666666667,110.0,108.9,105.35,100.26,103.24,10.739999999999995,3.469264757048169,1544000,False,False
BESS.JK,895.0,903.3333333333334,903.0,895.0,897.5,910.5242028808593,1030.0600579833983,3.1048405761718643,1.9707000784733097,448200,True,False
BELL.JK,115.0,115.66666666666667,116.8,116.7,116.1,106.68,124.04,10.11999999999999,3.4899158334792695,2442400,False,False
BELI.JK,256.0,258.0,257.2,255.6,256.7,272.24,327.74,8.320000000000007,1.2485117320583061,95200,False,False
BEKS.JK,23.0,22.666666666666668,22.4,21.8,21.5,21.08,23.81,1.9200000000000017,4.430623080993482,14086200,False,False
BEER.JK,73.0,73.66666666666667,73.8,74.3,76.05,80.08,103.12,7.079999999999998,1.22204489305446,1460800,False,False
BEEF.JK,416.0,421.3333333333333,425.2,415.2,367.8,256.26,235.82,84.47,3.1546977166180463,1861400,False,False
BDMN.JK,4230.0,4256.666666666667,4350.0,4269.0,4211.0,4086.0,3814.8361157226564,26.4,2.985101806296649,784900,False,False
BDKR.JK,160.0,161.33333333333334,161.4,161.9,155.5,143.82194747924805,147.9583014678955,18.078052520751953,2.803446014516659,892200,False,False
BCIP.JK,64.0,63.333333333333336,63.4,63.3,62.85,60.36,65.38,3.6400000000000006,1.1630155137589189,1364900,True,False
BCIC.JK,129.0,128.33333333333334,127.6,127.1,126.15,120.94,123.11,8.060000000000002,1.2428949567141687,192900,False,False
BCAP.JK,50.0,50.0,50.0,50.0,50.1,50.04,50.84,0.10000000000000142,0.0,275700,True,False
BBYB.JK,258.0,258.6666666666667,261.2,258.6,253.7,234.56,267.32,13.319999999999993,4.058211453574673,3433700,False,False
BBTN.JK,1210.0,1218.3333333333333,1221.0,1218.0,1226.75,1195.0,1259.2,6.35,0.9446053841803032,1125500,False,False
BBSS.JK,114.0,105.0,101.8,98.5,97.35,97.8,130.27,16.650000000000006,3.9315695105608706,5498700,False,False
BBSI.JK,4700.0,4683.333333333333,4672.0,4681.0,4691.0,4615.2,4641.1,8.480000000000018,0.7934830430936743,0,False,False
BBRM.JK,117.0,116.0,117.2,117.1,116.1,110.56,125.84,6.640000000000001,2.383215768096237,1796400,False,False
BBRI.JK,3090.0,3090.0,3088.0,3057.0,3013.0,2901.8,3022.95681640625,18.819999999999983,1.488548044451782,39612100,False,False
BBNI.JK,3560.0,3586.6666666666665,3602.0,3590.0,3569.0,3473.0,3639.392705078125,12.9,1.8496834906805524,3648300,False,False
BBMD.JK,2020.0,2020.0,2012.0,1995.5,1981.75,1952.3390942382812,1941.7473498535155,6.766090576171882,1.1983807269392486,9700,False,False
BBLD.JK,615.0,603.3333333333334,605.0,608.5,602.0,574.9,633.8001782226562,8.020000000000005,4.374539154095376,12700,False,False
BBKP.JK,56.0,55.666666666666664,55.4,54.3,54.05,52.88,56.89,3.1199999999999974,1.284278460664417,37220600,True,False
BBHI.JK,900.0,903.3333333333334,906.0,913.0,917.0,920.3068322753907,1042.6156268310547,4.061366455078132,1.7651551356305462,1965200,True,False
BBCA.JK,6300.0,6325.0,6340.0,6372.5,6363.75,6089.5,6172.8569140625,11.32,1.7086191111152398,27484100,False,False
BAYU.JK,1175.0,1178.3333333333333,1174.0,1164.5,1160.25,1132.0,1186.5018420410156,9.266666666666652,2.0814572115604153,8000,False,False
BAUT.JK,34.0,35.666666666666664,34.4,32.2,30.65,27.92,30.12,7.746666666666663,4.6536602158183955,3910300,False,False
BATR.JK,93.0,93.0,93.2,92.8,92.1,86.93931060791016,87.59149459838868,6.260689392089844,1.2705561508647354,63600,False,False
BATA.JK,59.0,59.0,59.0,59.0,59.0,59.94,61.34,0.9399999999999977,0.0,0,True,False
BAPI.JK,18.0,19.0,18.4,18.9,17.2,17.12,21.83,1.879999999999999,6.876094376662935,10026900,False,False
BAPA.JK,151.0,152.33333333333334,154.2,161.9,183.25,239.54,210.93,88.53999999999999,3.028059943292542,944700,False,False
BANK.JK,274.0,271.3333333333333,271.6,274.8,283.3,274.28,375.4,5.9833333333333485,1.2802790806268203,429600,True,False
BALI.JK,1220.0,1211.6666666666667,1210.0,1221.5,1225.75,1232.0,1252.45,4.4,1.2537018060097094,700,True,False
BAJA.JK,362.0,362.0,357.2,305.9,241.7,187.28,169.31,87.36,11.31641044953312,0,False,False
BAIK.JK,476.0,563.6666666666666,645.2,706.6,709.8,652.32,571.62,116.89999999999998,7.481740879382583,82774300,False,False
BACA.JK,115.0,116.0,116.8,116.3,115.75,110.1,121.4,6.700000000000003,1.728319042184988,833900,False,False
BABY.JK,199.0,196.0,193.2,191.2,190.6,179.52,197.23,19.47999999999999,2.863443436254313,4749200,False,False
BABP.JK,50.0,50.0,50.0,50.0,50.0,50.0,50.72,0.0,0.0,69100,True,False
AYLS.JK,158.0,157.66666666666666,159.6,159.0,155.35,142.8,160.72,16.799999999999983,3.98664054756255,901000,False,False
AYAM.JK,456.0,456.0,456.0,447.0,418.5,371.4,348.48,42.30000000000001,2.4020052569941863,2066600,False,False
AXIO.JK,113.0,113.0,113.6,112.8,112.8,108.97861373901367,109.57762542724609,4.621386260986327,1.1251824842323095,23600,True,False
AWAN.JK,158.0,154.33333333333334,154.8,158.0,154.5,147.28,149.53,10.719999999999999,2.851515523277921,13065500,False,False
AVIA.JK,326.0,326.6666666666667,326.8,325.8,327.5,319.4,343.1870989990234,4.050000000000011,0.8312554222798058,427300,True,False
AUTO.JK,2830.0,2813.3333333333335,2802.0,2785.0,2714.5,2541.4,2534.2258154296874,28.859999999999992,0.8402634343504659,796800,False,False
ATLA.JK,50.0,50.0,50.0,50.0,50.1,49.949671020507814,50.38465435028076,0.15032897949218693,0.0,8742100,True,False
ATIC.JK,458.0,462.0,463.2,465.8,472.5,474.28,498.82,8.139999999999986,2.3037980194402223,8700,False,False
ATAP.JK,620.0,601.6666666666666,592.0,585.5,572.75,485.56,495.22,26.887999999999998,3.665911550707126,580300,False,False
ASSA.JK,635.0,630.0,632.0,623.5,618.0,600.6078125,688.178125,6.878437499999995,2.0730932926806704,300500,False,False
ASRM.JK,268.0,268.6666666666667,268.8,266.0,264.7,252.04,266.4975909423828,8.38000000000001,1.0407103454013726,500,False,False
ASRI.JK,122.0,121.66666666666667,122.8,120.6,121.0,114.61894714355469,121.18776275634765,8.181052856445305,1.8083774829016814,571500,False,False
ASPR.JK,153.0,153.33333333333334,151.6,150.0,150.5,156.92922241210937,214.5821145629883,6.929222412109368,2.5424779169441583,2672600,False,False
ASPI.JK,420.0,420.6666666666667,422.8,414.8,419.5,395.58,395.63,13.610000000000014,1.5292258577970557,1111500,False,False
ASMI.JK,17.0,16.666666666666668,16.6,16.3,17.65,16.04,17.29,1.6099999999999994,4.045231575642698,24807500,False,False
ASLI.JK,196.0,196.0,197.0,197.3,198.1,202.26,259.27,6.259999999999991,1.9575666112516952,332600,False,False
ASLC.JK,62.0,63.0,62.8,62.6,63.75,61.38,68.17,2.3699999999999974,2.5336989743084946,790900,True,False
ASJT.JK,151.0,152.33333333333334,153.0,154.3,157.15,156.26,170.35698989868163,6.150000000000006,2.919468130820079,41400,False,False
ASII.JK,4890.0,4920.0,4992.0,5021.0,5026.5,4856.6,5315.923901367188,16.989999999999963,1.7961633720609698,8962400,False,False
ASHA.JK,61.0,60.0,60.0,59.0,58.35,56.4,64.08,4.600000000000001,3.0053163312356617,102413200,True,False
ASGR.JK,1795.0,1790.0,1790.0,1798.0,1855.5,1673.8,1603.797568359375,36.34000000000001,1.7214487145476343,58900,False,False
ASDM.JK,510.0,510.0,511.0,513.0,512.65,503.34162841796876,518.9808285522461,1.9316743164062473,1.7419564552077254,2900,True,False
ASBI.JK,418.0,418.0,421.6,423.2,423.4,414.7017376708984,410.90912536621096,4.3491311645507835,2.5976749264366523,7400,True,False
ARTO.JK,1265.0,1261.6666666666667,1278.0,1269.5,1282.5,1111.1,1201.85,34.280000000000015,4.2234563147836175,565100,False,False
ARTA.JK,2390.0,2390.0,2380.0,2438.0,2474.0,2417.1,2543.55,9.4,3.0225275386104786,5800,False,False
ARNA.JK,498.0,498.6666666666667,499.2,497.0,486.9,457.4,468.79963134765626,20.900000000000006,0.5138957160273979,313600,False,False
ARKO.JK,5325.0,5125.0,4885.0,4765.5,4905.75,4983.1,6390.8,22.38,4.432731732334557,1043500,False,False
ARKA.JK,22.0,22.0,22.0,22.0,22.0,23.2,27.44,1.1999999999999993,0.0,0,True,False
ARII.JK,280.0,278.0,278.4,276.4,274.1,275.44,278.12,2.9499999999999886,1.3394589947802664,16600,True,False
ARGO.JK,1165.0,1166.6666666666667,1176.0,1178.5,1147.5,994.8,974.65,36.74000000000001,1.3029988288781178,293800,False,False
AREA.JK,282.0,278.6666666666667,277.6,279.6,281.0,248.56,275.4,16.72,2.789220953864651,955600,False,False
ARCI.JK,1245.0,1245.0,1230.0,1158.0,1119.75,1042.6,1237.8993481445314,40.48000000000002,2.713007547783351,6690600,False,False
APLN.JK,127.0,127.0,128.8,126.5,129.0,124.02,146.83,4.980000000000004,2.8864812457958315,2658200,True,False
APLI.JK,258.0,258.6666666666667,260.0,254.0,249.4,252.822568359375,232.5709864807129,5.299999999999997,2.6776288859312873,1600,True,False
APII.JK,190.0,189.33333333333334,189.8,188.9,185.6,179.82747222900392,181.92604385375978,10.172527770996084,1.942223917660857,21600,False,False
APIC.JK,555.0,565.0,582.0,615.0,645.75,628.3,1018.55,18.15,2.818054336956602,246900,False,False
APEX.JK,173.0,174.0,174.0,167.3,155.4,138.76,159.94,35.24000000000001,3.7027575003335373,2779600,False,False
ANTM.JK,3110.0,3113.3333333333335,3116.0,3015.0,3012.5,2864.5070947265626,3108.507941894531,25.149290527343737,2.157489064820312,12428200,False,False
ANJT.JK,1510.0,1500.0,1497.0,1488.0,1480.25,1464.5,1570.0,9.1,0.9607491063158433,8100,False,False
ANDI.JK,18.0,18.0,18.0,17.5,17.85,17.34,20.54,0.6600000000000001,1.8601633295108062,3253100,True,False
AMRT.JK,1410.0,1396.6666666666667,1402.0,1374.5,1365.75,1367.31654296875,1375.0416442871094,8.85,2.771082144531081,3790500,False,False
AMOR.JK,364.0,360.6666666666667,360.0,356.0,351.5,332.72,340.34,15.639999999999986,1.2922272763137466,18800,False,False
AMMS.JK,186.0,195.0,203.4,223.5,260.85,301.22,347.09,115.22000000000003,3.87126143540105,300500,False,False
AMMN.JK,4280.0,4300.0,4324.0,4268.0,4161.5,3753.2,4164.2,57.08000000000002,2.352803008210931,12434400,False,False
AMIN.JK,248.0,247.33333333333334,247.6,245.8,244.8,249.04,246.52,2.1199999999999903,2.2067579366452317,1100,True,False
AMFG.JK,3350.0,3333.3333333333335,3342.0,3317.0,3228.0,3059.32771484375,3101.8000341796874,29.067228515624993,1.4627533152976344,2900,False,False
AMAR.JK,216.0,217.39999389648438,217.28702087402343,216.12161712646486,210.43026809692384,198.6166732788086,193.1692401123047,9.391660308837885,1.9730154470774728,362400,False,False
AMAN.JK,250.0,247.33333333333334,247.6,248.8,255.9,255.16,268.18,4.283333333333331,1.7865758862370322,32700,True,False
AMAG.JK,388.0,387.3333333333333,388.4,388.4,388.1,388.4,395.94215393066406,0.5333333333333314,0.7402748535684127,77400,True,False
ALKA.JK,2340.0,2180.0,2028.0,1871.5,1440.5,911.3,782.57,142.87,4.650676867509287,110000,False,False
ALII.JK,775.0,778.3333333333334,784.0,773.5,759.0,753.3806701660156,791.3265380859375,6.1238659667968705,2.369894706154467,213000,False,False
ALDO.JK,880.0,878.3333333333334,853.0,832.5,809.75,741.0872534179688,678.5702648925782,27.782549316406243,4.49232648059862,181200,False,False
AKSI.JK,238.0,234.66666666666666,233.6,231.6,229.3,215.96,251.86,11.019999999999996,2.586726382783986,483700,False,False
AKRA.JK,1395.0,1398.3333333333333,1409.0,1420.534130859375,1400.6228759765625,1289.9641821289063,1314.6911889648438,26.11398974609374,0.9815335602345675,1406500,False,False
AKPI.JK,498.0,501.0,502.6,503.5,498.75,486.8586791992187,499.4831759643555,8.320660400390636,1.3549013428243442,2900,False,False
AKKU.JK,38.0,38.0,38.0,38.0,38.0,38.0,37.99,0.0,0.0,0,True,False
AISA.JK,123.0,119.0,118.0,119.0,115.1,106.28,113.53,16.72,2.928195591885441,15028000,False,False
AIMS.JK,398.0,398.0,402.0,394.8,380.3,393.64,411.26,10.849999999999994,2.4774003328577376,6400,False,False
AHAP.JK,93.0,93.0,93.4,93.3,93.85,88.46,97.65,5.390000000000001,1.6993565625702454,654900,True,False
AGRS.JK,60.0,60.333333333333336,60.6,61.0,61.4,60.94,64.66,1.3999999999999986,1.0294135399421853,637500,True,False
AGRO.JK,151.0,150.33333333333334,150.4,147.7,148.2,145.56,162.03,5.439999999999998,1.8476214495727876,226800,True,False
AGII.JK,2890.0,2893.3333333333335,2916.0,2963.0,2947.5,2813.1993115234377,2948.025576171875,14.98006884765623,3.237038325191046,3100,False,False
AGAR.JK,1510.0,1273.3333333333333,1146.0,926.5,754.45,432.22,332.11,215.55599999999998,6.789944914665677,776600,False,False
AEGS.JK,42.0,41.666666666666664,42.0,42.6,42.55,40.52,44.84,2.0799999999999983,3.091315347888844,301500,True,False
ADRO.JK,2540.0,2533.3333333333335,2528.0,2515.0,2517.5,2384.2,2391.1277709960937,15.580000000000018,1.5267518553722053,3322400,False,False
ADMR.JK,1600.0,1588.3333333333333,1596.0,1570.5,1542.75,1494.0,1630.2553295898438,21.2,2.7041555790451466,4479500,False,False
ADMG.JK,262.0,261.3333333333333,250.0,236.6,228.4,212.38,208.06,24.810000000000002,4.299077372801782,411700,False,False
ADMF.JK,8575.0,8600.0,8655.0,8670.0,8467.5,8216.5,8277.846108398437,18.14,1.541750948805014,5900,False,False
ADHI.JK,145.0,145.66666666666666,147.4,151.7,157.95,156.34,173.58,12.949999999999989,1.239219109710515,1598900,False,False
ADES.JK,32850.0,33616.666666666664,33850.0,33967.5,34643.75,31161.5,24857.75,139.29,5.754294509038281,8500,False,False
ADCP.JK,50.0,50.0,50.0,50.0,50.0,50.0,50.32,0.0,0.0,0,True,False
ACST.JK,87.0,85.66666666666667,85.2,84.8,84.8,78.66,87.32,8.340000000000003,1.85287100706245,83400,False,False
ACRO.JK,64.0,62.333333333333336,62.0,61.3,61.3,59.58121086120605,63.855736351013185,4.418789138793947,1.586094597806674,11360200,True,True
ACES.JK,358.0,356.6666666666667,358.0,356.8,355.0,339.7839367675781,337.7812557983398,9.108031616210951,1.8021435696517465,2363700,False,False
ABMM.JK,2670.0,2676.6666666666665,2672.0,2622.0,2565.5,2426.2,2616.1633032226564,25.04666666666667,1.3344697381605672,20200,False,False
ABDA.JK,3840.0,3840.0,3832.0,3660.0,3536.5,3412.0,3205.8,42.8,2.577080005025643,800,False,False
ABBA.JK,30.0,30.0,30.0,30.0,30.0,31.54,36.06,1.5399999999999991,0.0,0,True,False
AALI.JK,7200.0,7200.0,7215.0,7117.5,6817.5,6410.0,6947.152978515625,32.2,2.2259947313372765,78000,False,False
AADI.JK,9250.0,9216.666666666666,9155.0,9165.0,9025.0,8417.9960546875,8938.227978515624,33.280157812499965,1.9388025650369154,1075100,False,False
