Ticker,Close,MA3,MA5,MA10,MA20,MA50,MA100,Range_Ticks,Vol_Pct,Volume,MA_Tight,Signal
ZYRX.JK,127.0,126.66666666666667,125.4,123.5,125.9,127.36,133.54046905517578,3.8599999999999994,1.4271385893335364,66700,True,False
ZINC.JK,30.0,30.0,30.0,30.0,30.0,30.0,30.01,0.0,0.0,0,True,False
YUPI.JK,1290.0,1296.6666666666667,1303.0,1303.0,1309.25,1336.1,1413.8821520996094,9.219999999999981,0.721863856540344,11000,False,False
YULE.JK,3560.0,3510.0,3480.0,3425.0,3415.0,3384.0,3354.0035546875,17.6,2.232652321412653,2100,False,False
YPAS.JK,650.0,638.3333333333334,627.0,618.5,606.5,621.8,872.7,8.7,4.481307792822928,72300,False,False
YOII.JK,83.0,83.66666666666667,84.0,83.9,84.75,84.68,89.15,1.75,1.08863312931845,221000,True,False
YELO.JK,86.0,90.0,92.0,89.1,82.9,75.76,86.57,16.239999999999995,4.573549320821967,17960400,False,False
WTON.JK,90.0,79.66666666666667,77.6,76.9,76.0,73.78,80.19687255859375,16.22,6.528851497511848,39057100,False,False
WSBP.JK,14.0,14.0,14.0,14.0,14.0,14.04,16.0,0.03999999999999915,0.0,0,True,False
WOWS.JK,60.0,60.0,60.4,59.3,59.55,58.12,65.08,2.280000000000001,1.7705248761195052,2394100,True,False
WOOD.JK,216.0,216.0,217.2,224.0,217.45,217.2,256.58,4.0,2.775267890299167,207700,True,False
WOMF.JK,264.0,264.0,263.2,260.2,256.3,253.0,274.40412994384764,5.5,1.724360719204169,9400,True,False
WMUU.JK,57.0,57.666666666666664,56.0,54.4,53.25,51.5,59.44,6.166666666666664,3.0219085939803776,82638800,False,False
WIRG.JK,64.0,63.333333333333336,61.8,59.5,57.7,55.52,65.74,8.479999999999997,2.4101166222959454,21746900,False,False
WINS.JK,500.0,500.0,504.0,508.5,513.5,513.02,514.207975769043,6.75,2.031112789580146,1393000,False,False
WINR.JK,23.0,21.333333333333332,20.8,20.6,20.55,21.24,25.72,2.4499999999999993,4.577170666212292,29705400,False,False
WINE.JK,142.0,139.66666666666666,139.2,144.3,146.95,149.36525390625,161.48620285034178,10.165253906250001,2.595757571466805,316300,False,False
WIIM.JK,1815.0,1818.3333333333333,1812.0,1768.0,1686.75,1615.0,1672.668299560547,40.66666666666665,2.263915760536035,85900,False,False
WIFI.JK,1945.0,1980.0,1977.0,1972.5,1985.0,1787.05341796875,2010.363046875,39.589316406250006,1.76967512069235,6099300,False,False
WIDI.JK,26.0,26.0,25.8,25.7,26.45,25.48,28.14,0.9699999999999989,1.8496405820344397,204700,True,False
WGSH.JK,170.0,172.66666666666666,171.6,166.1,152.0,135.36,123.84,37.30666666666664,4.61888808312398,1393800,False,False
WEHA.JK,110.0,110.33333333333333,110.4,107.3,105.6,105.0,113.19917373657226,5.400000000000006,1.4642517584634165,3160500,True,False
WEGE.JK,61.0,53.666666666666664,52.2,51.1,50.55,50.28,53.07,10.719999999999999,6.957010852370433,79902100,False,False
WAPO.JK,130.0,127.66666666666667,125.4,123.3,121.7,114.72,122.26,15.280000000000001,2.0560930415925918,1071200,False,False
VTNY.JK,66.0,67.0,66.2,64.8,64.9,60.64,64.01,6.359999999999999,2.4862349750798645,3731600,False,False
VRNA.JK,76.0,75.33333333333333,75.6,75.9,75.95,74.32,76.46,1.6800000000000068,1.868312598612313,98800,True,False
VOKS.JK,236.0,249.33333333333334,230.0,216.8,207.35,201.88,209.56,23.726666666666674,12.06442761880366,510100,False,False
VKTR.JK,825.0,855.0,863.0,792.5,779.0,662.66,751.68,40.068000000000005,7.714751761801872,23498800,False,False
VIVA.JK,54.0,55.0,53.6,46.9,41.1,35.76,38.28,19.240000000000002,6.527860978843641,37315200,False,False
VISI.JK,980.0,970.0,961.0,912.5,902.25,961.9,835.95,15.55,2.8014634897583854,51900,False,False
VINS.JK,141.0,142.33333333333334,141.6,140.5,140.05,135.88,148.38,6.453333333333347,0.9356177594700683,5400,False,False
VICO.JK,142.0,141.66666666666666,141.6,141.1,140.1,137.62,146.85,4.3799999999999955,0.5784103245055887,21800,True,False
VICI.JK,600.0,595.0,597.0,587.5,593.75,589.3700408935547,578.3229281616211,2.5,2.0843740021451387,38400,True,False
VERN.JK,206.0,204.0,206.4,203.3,202.0,161.54,144.57,22.430000000000007,3.5611124058663965,1836300,False,False
VAST.JK,116.0,115.33333333333333,114.8,115.0,116.05,115.38,118.45,1.25,1.9854969437102026,813300,True,False
UVCR.JK,147.0,152.0,153.0,150.9,148.7,155.6792919921875,167.24141479492187,8.679291992187501,2.7457232428705716,8113100,False,False
URBN.JK,210.0,210.0,209.6,208.8,218.7,207.56,198.27,5.569999999999993,2.3031317350994245,141200,True,False
UNVR.JK,1790.0,1803.3333333333333,1812.0,1778.5,1737.0,1688.40306640625,1680.856591796875,24.719386718750002,1.9801320073947932,2000600,False,False
UNTR.JK,23750.0,23825.0,23815.0,23957.5,24985.0,23761.0,26085.31638671875,49.4,1.0614134114358469,415600,False,False
UNTD.JK,81.0,81.33333333333333,82.0,80.9,79.45,74.12,78.44,7.8799999999999955,1.9754219709850653,2698700,False,False
UNSP.JK,206.0,206.0,206.0,206.0,206.0,211.96,273.78,2.980000000000004,0.0,0,True,False
UNIQ.JK,115.0,115.66666666666667,115.0,112.9,111.65,104.34,115.08,11.326666666666668,1.3308645989361594,186800,False,False
UNIC.JK,15075.0,15141.666666666666,15145.0,14702.5,13698.75,12930.5,12010.466044921875,88.58,6.334647965656415,500,False,False
ULTJ.JK,1500.0,1498.3333333333333,1496.0,1471.0,1439.0,1389.3,1481.65,22.140000000000008,2.035511456142978,209000,False,False
UFOE.JK,147.0,141.66666666666666,140.4,138.2,137.5,136.08,141.83,10.919999999999987,2.0716293225180857,1916700,False,False
UDNG.JK,1370.0,1388.3333333333333,1332.0,1222.5,1236.0,1307.4,1190.2,33.16666666666665,5.325526236663883,107100,False,False
UCID.JK,442.0,442.6666666666667,440.8,417.8,400.1,382.5064239501953,388.41078308105466,30.080121358235687,4.329566801375772,260000,False,False
UANG.JK,2460.0,2463.3333333333335,2482.0,2407.0,2402.0,2301.2,2878.4,18.08000000000002,3.187365671237096,9400,False,False
TYRE.JK,115.0,114.33333333333333,115.0,114.0,113.95,110.18,112.37,4.819999999999993,1.790554165437065,140400,True,False
TUGU.JK,1230.0,1233.3333333333333,1233.0,1222.0,1226.5,1182.4,1173.4671850585937,10.186666666666634,0.7541036391265523,113200,False,False
TSPC.JK,2800.0,2823.3333333333335,2828.0,2837.0,2734.0,2569.0,2505.8,26.8,1.3451090030420176,44200,False,False
TRUS.JK,410.0,410.6666666666667,409.6,411.8,421.0,367.3276043701172,347.93851470947266,26.836197814941414,1.288022093090777,300,False,False
TRUK.JK,805.0,731.6666666666666,682.0,564.2,491.6,433.8,427.91,74.24,10.139975568835562,7347400,False,False
TRUE.JK,50.0,50.0,50.0,50.0,50.0,56.12,102.14,6.119999999999997,0.0,0,False,False
TRST.JK,452.0,453.3333333333333,453.2,456.4,467.2,468.0474963378906,465.19040924072266,8.023748168945303,0.843668815973415,900,False,False
TRON.JK,103.0,103.33333333333333,105.0,106.9,108.3,98.4,115.01,9.899999999999991,1.623622805388913,3249600,False,False
TRJA.JK,111.0,111.0,111.0,111.2,111.45,110.28,120.45,1.1700000000000017,1.5295641468221397,7700,True,False
TRIS.JK,170.0,171.0,171.4,169.4,167.85,163.34,168.49027618408203,8.060000000000002,2.085831923927846,26300,False,False
TRIN.JK,316.0,318.6666666666667,322.0,319.0,328.4,355.46,523.72,19.72999999999999,2.9245617985576766,487800,False,False
TRIM.JK,610.0,603.3333333333334,603.0,590.0,579.5,555.2291973876953,546.8351498413086,10.954160522460938,3.2986330340710674,10900,False,False
TRGU.JK,166.0,166.33333333333334,165.6,165.0,164.1,168.32,176.15,4.219999999999999,1.5759824673983351,6000,True,False
TPMA.JK,462.0,464.6666666666667,463.6,461.0,454.7,430.96,497.46,16.853333333333353,1.4321957502495188,446700,False,False
TPIA.JK,2100.0,2150.0,2128.0,2126.0,2107.25,1932.8,3337.9696264648437,21.720000000000006,3.6957143007744353,88202800,False,False
TOWR.JK,390.0,396.0,398.8,401.6,402.5,378.74219970703126,419.69492401123046,11.87890014648437,1.410628348300023,9044000,False,False
TOTO.JK,234.0,234.0,233.2,236.0,239.4,234.7977963256836,243.05372451782227,3.1000000000000085,1.2621759474235739,80100,True,False
TOTL.JK,1325.0,1318.3333333333333,1300.0,1217.5,1136.75,1083.4,1057.962225341797,48.31999999999998,3.442319973968871,581100,False,False
TOSK.JK,70.0,69.33333333333333,69.4,68.6,67.9,61.74,62.23,8.259999999999998,1.4066943699956502,2877900,False,False
TOOL.JK,68.0,68.66666666666667,68.0,66.7,66.95,63.36,66.96,5.306666666666672,2.0492945196737686,4933700,True,True
TOBA.JK,510.0,515.0,518.0,490.0,480.4,424.96,492.3680499267578,18.608000000000004,4.754706908833401,2666900,False,False
TNCA.JK,165.0,164.33333333333334,164.4,164.6,154.75,145.44,164.56,19.560000000000002,2.1139758278511573,60100,False,False
TMPO.JK,161.0,156.0,150.8,136.2,121.2,111.42,117.76,49.58,14.535901415182009,8770600,False,False
TMAS.JK,130.0,128.33333333333334,125.8,123.7,121.65,117.38605041503907,118.83126068115234,12.613949584960935,2.080676411496084,2349100,False,False
TLKM.JK,2630.0,2653.3333333333335,2664.0,2671.0,2650.5,2582.6669091796875,2689.6153344726563,8.833309082031246,2.7893854985108955,6839700,False,False
TLDN.JK,565.0,573.3333333333334,577.0,555.5,538.5,516.84,557.1449969482422,12.031999999999993,2.8517670457732547,119600,False,False
TKIM.JK,7200.0,7191.666666666667,7185.0,6910.0,6465.0,5902.019462890625,7059.698862304687,51.919221484375015,3.3604018487496474,234600,False,False
TIRT.JK,590.0,590.0,590.0,590.0,590.0,567.24,568.98,4.551999999999998,0.0,0,True,False
TIRA.JK,432.0,439.3333333333333,451.6,473.4,491.85,560.44,705.92,64.22000000000003,2.214534397776258,32000,False,False
TINS.JK,3860.0,3856.6666666666665,3850.0,3760.0,3650.0,3458.738720703125,3464.4218139648438,40.126127929687485,2.6934835336405016,6155300,False,False
TIFA.JK,340.0,336.6666666666667,337.6,331.6,296.0,273.2107470703125,303.8119418334961,33.39462646484375,8.515402809162088,20800,False,False
TGKA.JK,4950.0,4963.333333333333,4934.0,4894.0,4871.5,4805.8,4724.219926757813,15.753333333333284,1.5222991650762743,1000,False,False
TFCO.JK,740.0,790.0,798.0,765.0,759.5,681.0,697.8,23.4,4.867187476469961,1200,False,False
TFAS.JK,191.0,192.33333333333334,191.2,190.4,187.7,192.08,204.88,4.633333333333354,1.6571981255471782,81300,True,False
TEBE.JK,1130.0,1110.0,1103.0,1089.0,1069.75,1023.6,1113.99287109375,21.279999999999994,2.467540316945702,400200,False,False
TCPI.JK,4000.0,4036.6666666666665,4004.0,4428.0,5035.25,6756.44634765625,9235.106455078125,275.64463476562497,5.517606047116717,286800,False,False
TCID.JK,2660.0,2693.3333333333335,2702.0,2732.0,2743.0,2768.2,2785.9,10.819999999999983,1.7300298587366467,100,False,False
TBMS.JK,1200.0,1208.3333333333333,1213.0,1183.0,1201.5,1203.0594018554686,1244.1342919921874,6.0,3.195462639699706,28800,False,False
TBLA.JK,625.0,628.3333333333334,627.0,628.0,635.25,605.1323443603516,618.7661654663086,6.023531127929687,1.8328112938908423,114500,False,False
TBIG.JK,1400.0,1403.3333333333333,1406.0,1413.5,1416.0,1413.18251953125,1489.4402978515625,3.2,2.0380127073050853,19300,True,False
TAYS.JK,50.0,50.0,50.0,50.0,50.0,50.02,55.13,0.020000000000003126,0.0,0,True,False
TAXI.JK,15.0,14.333333333333334,14.4,13.9,13.25,13.18,14.66,1.8200000000000003,6.689527114752115,32041500,False,False
TARA.JK,30.0,29.666666666666668,29.6,29.8,30.65,29.34,30.29,1.3099999999999987,1.8985315190852194,1263900,True,False
TAPG.JK,1780.0,1813.3333333333333,1829.0,1809.0,1729.25,1577.2028759765626,1640.8977124023438,50.35942480468748,2.270797439516322,3236000,False,False
TAMU.JK,25.0,23.0,22.2,21.4,20.7,19.68,24.02,5.32,5.847347585913509,9340500,False,False
TAMA.JK,240.0,243.33333333333334,242.4,239.6,219.0,179.44,177.84,31.946666666666673,4.285732153664849,711700,False,False
TALF.JK,950.0,938.3333333333334,1009.0,868.0,738.5,677.5940283203125,683.9340270996094,66.2811943359375,15.533667656486028,345600,False,False
SWID.JK,103.0,104.0,103.8,103.3,100.75,93.23427597045898,97.36192108154297,10.765724029541019,1.2784967067727588,731800,False,False
SURI.JK,72.0,72.33333333333333,72.2,72.2,70.2,64.88,68.39,7.453333333333333,1.3738735778891902,1155500,False,False
SURE.JK,2700.0,2736.6666666666665,2746.0,2756.0,2752.0,2820.6,2747.8,12.059999999999992,1.1742241972112495,100,False,False
SUPA.JK,580.0,586.6666666666666,590.0,595.5,594.75,601.8,732.2,4.3599999999999905,1.4375221504042441,3025100,True,False
SUNI.JK,725.0,725.0,722.0,720.5,679.25,648.9378686523437,660.2952111816406,15.21242626953126,1.5492457627038272,117700,False,False
SULI.JK,120.0,108.33333333333333,100.2,94.3,90.6,82.82,90.78,37.18000000000001,8.840485422818785,65390300,False,False
STTP.JK,9950.0,9850.0,9860.0,9830.0,9813.75,9808.5,9840.0,5.66,1.9581537943170382,100,True,False
STRK.JK,60.0,60.666666666666664,60.6,62.6,65.7,68.36,87.04,8.36,2.837587257184477,1659500,False,False
STAR.JK,404.0,334.0,310.8,291.8,285.5,295.12,440.15,59.25,10.17695945572348,2476200,False,False
STAA.JK,1070.0,1073.3333333333333,1087.0,1090.5,1065.25,1018.0,1070.0999853515625,14.5,1.7005500503576243,834000,False,False
SSTM.JK,424.0,426.0,426.4,416.2,407.3,400.48,508.52,12.95999999999998,2.7836793907493567,17600,False,False
SSMS.JK,935.0,931.6666666666666,937.0,962.5,948.75,841.8,1020.658857421875,24.140000000000008,2.124255757549666,3575600,False,False
SSIA.JK,1655.0,1670.0,1667.0,1648.5,1673.5,1596.1794604492188,1571.2776110839843,15.464107910156235,1.322393836220392,3463900,False,False
SRTG.JK,1825.0,1825.0,1798.0,1770.5,1751.0,1595.9,1602.3474462890624,45.81999999999998,1.7059807606539938,1626700,False,False
SRSN.JK,72.0,72.66666666666667,72.6,70.0,68.1,66.46,65.83,6.206666666666678,4.895893035140163,7818900,False,False
SRAJ.JK,13000.0,13075.0,13020.0,12325.0,11687.5,11410.5,12994.0,66.58,2.204715944814444,1700,False,False
SQMI.JK,63.0,62.666666666666664,64.0,64.9,66.4,53.82,53.67,12.580000000000005,3.640497964480799,6087700,False,False
SPTO.JK,600.0,600.0,599.0,600.0,596.75,571.0491223144531,576.348681640625,5.790175537109372,0.921046554833454,6100,True,False
SPRE.JK,88.0,88.0,88.0,89.1,87.2,81.5,84.34,7.599999999999994,3.8468735374715797,104400,False,False
SPMA.JK,164.0,164.0,163.8,163.6,166.55,161.97384552001952,162.72538421630858,4.576154479980488,1.1116215437391948,2900,True,False
SOUL.JK,37.0,37.0,37.0,37.0,37.0,37.06,44.25,0.060000000000002274,0.0,0,True,False
SOTS.JK,630.0,623.3333333333334,612.0,598.0,606.5,611.7,777.15,6.4,1.525541623017795,59500,False,False
SOSS.JK,870.0,870.0,870.0,871.0,890.5,837.0,852.4,10.7,3.0621619967750813,15000,False,False
SONA.JK,2600.0,2376.6666666666665,2298.0,2354.0,2331.0,2221.1379052734374,2191.653151855469,37.88620947265626,5.515886568686274,172000,False,False
SOLA.JK,92.0,92.66666666666667,92.4,94.8,100.8,100.02,111.36,8.799999999999997,4.1597879317842965,2802300,False,False
SOHO.JK,1175.0,1188.3333333333333,1193.0,1192.5,1195.5,1176.4,1500.15,4.1,0.7405690621379125,7000,True,False
SOFA.JK,258.0,259.3333333333333,247.2,233.4,228.2,234.88,329.58,15.566666666666663,5.931258431147936,1369300,False,False
SOCI.JK,496.0,497.6666666666667,500.6,468.1,430.25,365.4752276611328,412.416194152832,67.56238616943361,4.43551996474429,3067700,False,False
SNLK.JK,224.0,228.66666666666666,226.8,224.6,223.3,225.36,233.68,2.683333333333323,2.926079735911109,1962300,True,False
SMSM.JK,1715.0,1715.0,1727.9325927734376,1732.5,1718.8988830566407,1651.9887719726562,1691.8435131835938,16.10224560546876,1.3433447655492687,580900,False,False
SMRA.JK,326.0,330.0,327.6,324.6,320.3,297.078512878418,305.5022966003418,16.460743560791002,1.8880035749445037,2635800,False,False
SMMT.JK,1845.0,1866.6666666666667,1858.0,1853.5,1838.25,1796.4,1792.6,14.053333333333331,2.2729988344676246,66100,False,False
SMMA.JK,20150.0,20016.666666666668,20075.0,20130.0,20332.5,21105.0,18432.75,43.53333333333328,1.0005796897776893,200,False,False
SMLE.JK,170.0,167.33333333333334,170.6,164.2,155.25,121.38,122.65,49.22,4.245937797168635,319400,False,False
SMKM.JK,86.0,80.33333333333333,75.8,72.6,71.15,67.56,79.87,18.439999999999998,4.168395557750639,4506200,False,False
SMKL.JK,146.0,148.0,147.2,146.9,143.3,136.6763638305664,147.30182022094726,11.323636169433598,2.839385253490963,8800,False,False
SMIL.JK,400.0,412.6666666666667,415.6,405.8,376.2,315.32,290.3,50.140000000000015,2.7144634289319516,15440800,False,False
SMGR.JK,1625.0,1618.3333333333333,1609.0,1543.0,1516.0,1508.3,1841.087080078125,23.34000000000001,1.749663596801863,4870800,False,False
SMGA.JK,74.0,74.66666666666667,74.4,72.2,71.65,67.72,77.13,6.9466666666666725,3.2703663006033232,1544100,False,False
SMDR.JK,302.0,303.1666666666667,305.2902587890625,299.44382934570314,294.43765716552736,280.6106869506836,301.8874742126465,12.339785919189438,1.6065623536447478,1241600,False,False
SMDM.JK,555.0,560.0,562.0,561.5,566.0,547.74,573.06,3.6519999999999984,1.456348355535138,12600,True,False
SMBR.JK,170.0,169.33333333333334,169.4,165.7,162.7,155.92,179.69240661621095,14.080000000000013,1.3975361765947392,303600,False,False
SMAR.JK,5675.0,5691.666666666667,5715.0,5725.0,5620.0,5080.8314453125,5150.770341796875,25.766742187499986,2.273945584632706,1500,False,False
SLIS.JK,81.0,79.66666666666667,78.4,70.4,66.2,62.26,72.82,18.740000000000002,8.531230387171306,8911300,False,False
SKRN.JK,402.0,403.3333333333333,406.0,405.2,403.3,372.4,406.8831378173828,16.80000000000001,1.4127112050896267,4300,False,False
SKLT.JK,202.0,202.0,202.0,200.1,194.45,187.58,199.18785842895508,7.209999999999994,2.1853070195100313,149200,False,False
SKBM.JK,535.0,538.3333333333334,540.0,538.0,554.75,538.88,591.09,3.95,2.471085255572184,89400,True,False
SIPD.JK,685.0,686.6666666666666,684.0,681.0,685.0,700.1,824.05,3.8200000000000047,1.6586879825141825,700,True,False
SINI.JK,7050.0,7216.666666666667,7225.0,7230.0,6932.5,8033.87259765625,10370.686298828125,44.054903906250004,3.0769917953072494,1415700,False,False
SIMP.JK,590.0,596.6666666666666,599.0,596.5,581.5,542.495122680664,596.7468280029296,11.30097546386719,2.3247760179463115,2258200,False,False
SILO.JK,2350.0,2363.3333333333335,2346.0,2266.0,2185.75,2214.5,2377.25,17.758333333333347,3.0732555549947245,3100,False,False
SIDO.JK,354.0,354.6666666666667,355.2,356.8,366.6,371.0,422.54291259765625,8.5,1.269905296128997,9087700,False,False
SICO.JK,108.0,109.0,108.4,108.9,109.7,105.7,114.50215393066406,4.0,2.148992616229926,235000,True,False
SHIP.JK,2340.0,2280.0,2192.0,2087.5,1915.25,1721.2,2467.5278466796876,61.879999999999995,5.172940043119084,55300,False,False
SHID.JK,615.0,615.0,615.0,613.5,600.5,617.7,682.6,3.4400000000000093,0.8633728965670942,10000,True,False
SGRO.JK,4270.0,4230.0,4226.0,3905.0,3553.0,3020.5364208984374,3655.125861816406,124.94635791015625,7.738823375266215,12300,False,False
SGER.JK,468.0,472.0,473.6,474.0,461.1,404.6,390.42,34.69999999999999,2.987905941727768,817600,False,False
SFAN.JK,1985.0,1985.0,1981.0,1972.0,1965.5,1966.2,1951.25,3.9,0.26950820357594485,46500,True,False
SEMA.JK,99.0,99.66666666666667,100.0,98.8,97.15,95.04,102.22,4.959999999999994,1.189583841252872,15200,True,False
SDRA.JK,220.0,222.0,222.8,221.4,215.4,212.8,231.62,5.0,2.960296403538097,21500,True,False
SDPC.JK,191.0,188.0,186.2,183.4,182.45,179.6392727661133,183.2887284851074,11.360727233886706,1.4022198401749386,139100,False,False
SDMU.JK,80.0,82.66666666666667,82.4,80.7,80.95,78.06,83.65,4.606666666666669,3.183224890801285,1726200,True,False
SCNP.JK,157.0,157.0,157.0,156.4,156.15,149.41323455810547,156.61900894165038,7.586765441894528,2.60698645490408,200,False,False
SCMA.JK,204.0,204.0,203.6,202.4,203.65,203.46444427490235,224.24555236816406,0.7999999999999972,2.2749230162403475,7500300,True,False
SCCO.JK,2310.0,2303.3333333333335,2300.0,2297.0,2298.0,2239.6692041015626,2249.2793603515624,7.033079589843737,0.7105798272724386,1800,False,False
SBMA.JK,109.0,109.66666666666667,108.6,107.7,107.6,106.86,112.44,2.806666666666672,1.3066098087868925,414800,True,False
SATU.JK,260.0,259.3333333333333,260.0,260.8,265.9,269.04,265.36,4.853333333333353,0.7021207610657736,50900,True,False
SAPX.JK,222.0,220.0,219.2,216.6,215.3,213.0,228.1,4.5,1.2560199263684952,82300,True,False
SAMF.JK,274.0,278.0,278.4,277.4,278.4,274.7590341186523,294.2079298400879,2.1999999999999886,1.361741559408511,6000,True,False
SAME.JK,296.0,296.6666666666667,298.0,297.8,299.7,312.68,324.44,8.340000000000003,0.49535965342864163,33800,False,False
SAGE.JK,33.0,32.666666666666664,32.4,33.0,33.7,29.12,30.04,4.580000000000002,4.7041133022521535,3713200,False,False
SAFE.JK,412.0,406.0,399.2,385.8,378.8,345.36,354.68,33.31999999999999,2.258225221430502,137100,False,False
RUNS.JK,62.0,62.333333333333336,62.8,63.2,65.5,69.64,78.23,7.640000000000001,1.9801868560276068,169500,False,False
RUIS.JK,212.0,211.33333333333334,207.0,205.5,204.35,189.363125,200.2559375,11.318437500000002,2.528287766519421,1900,False,False
RSCH.JK,312.0,313.3333333333333,316.0,317.2,295.4,296.36,297.4,10.900000000000006,2.9316229671977956,318300,False,False
ROTI.JK,590.0,590.0,589.0,588.5,597.25,593.4,617.2930822753906,1.75,1.4740389429283856,58100,True,False
RONY.JK,1300.0,1285.0,1281.0,1294.5,1348.5,1136.4,1301.6,42.41999999999998,3.0725406209768913,1000,False,False
RODA.JK,68.0,70.66666666666667,68.0,63.3,63.0,58.0,62.61,12.666666666666671,5.243873931474565,13516600,False,False
ROCK.JK,2160.0,2121.6666666666665,1925.0,1842.5,1823.75,1754.4,2078.75,40.55999999999999,12.571954534415106,154200,False,False
RMKO.JK,280.0,287.3333333333333,292.0,289.6,308.2,309.92,391.32,14.960000000000008,3.224838977305764,839200,False,False
RMKE.JK,402.0,410.6666666666667,413.2,410.0,424.9,433.56,524.2648815917969,15.780000000000001,2.620211418388341,11743200,False,False
RLCO.JK,4880.0,4951.666666666667,4991.0,5113.0,4547.0,3695.2,4339.85,141.78000000000003,3.4157771520724536,110400,False,False
RISE.JK,935.0,945.0,946.0,967.0,992.25,977.2,1366.0,11.45,2.195731338350163,36300,False,False
RIGS.JK,690.0,683.3333333333334,682.0,679.0,682.0,678.0,681.75,2.4,1.8551918562957137,1000,True,False
RICY.JK,79.0,79.33333333333333,80.0,79.2,78.65,76.4,84.39,3.5999999999999943,1.8295559441377347,319000,True,False
RGAS.JK,242.0,242.0,242.0,239.8,227.4,189.49600006103515,140.41502937316895,26.251999969482426,3.206456368567102,0,False,False
RELI.JK,478.0,476.0,480.0,483.6,486.1,487.5,492.8,5.75,1.5363653145697291,29700,True,False
RELF.JK,34.0,34.666666666666664,34.6,35.0,35.65,34.72,36.72,1.6499999999999986,2.250398939414023,171100,True,False
REAL.JK,53.0,52.666666666666664,52.0,51.5,51.05,50.51748954772949,51.606109352111815,2.4825104522705104,1.31568750313222,33173800,True,True
RDTX.JK,13975.0,13741.666666666666,13625.0,13617.5,13671.25,14075.45740234375,14883.34498046875,18.318296093750032,1.3711997692595208,1300,False,False
RCCC.JK,100.0,100.66666666666667,100.4,99.2,96.1,90.28,98.66,10.38666666666667,3.130170213993215,136100,False,False
RBMS.JK,64.0,65.33333333333333,66.0,65.0,66.0,60.52,60.89,5.479999999999997,3.024960338995382,3799400,True,True
RATU.JK,4910.0,5016.666666666667,5035.0,5009.5,5016.0,4936.7,5224.390034179687,12.5,3.1244194930896056,2474300,False,False
RANC.JK,510.0,515.0,515.0,514.5,516.0,520.24,540.62,2.048000000000002,2.0536054766297265,500,True,False
RALS.JK,380.0,382.6666666666667,383.2,380.4,381.3,376.68,387.27555755615236,3.259999999999991,0.8428707975154012,352000,True,False
RAJA.JK,880.0,891.6666666666666,892.0,884.5,895.0,810.2942077636719,807.6107806396484,16.941158447265614,1.8355177917976337,25162800,False,False
RAAM.JK,192.0,194.33333333333334,196.0,199.6,203.75,204.14,207.44,12.139999999999986,1.4291379163932048,1005300,False,False
PZZA.JK,181.0,182.0,182.0,183.9,185.0,184.36,191.4476303100586,4.0,2.1591580146456972,871700,True,False
PYFA.JK,214.0,216.66666666666666,216.0,210.2,210.3,203.08,259.44,6.793333333333322,3.4806420828262796,2542100,False,False
PWON.JK,258.0,260.6666666666667,261.6,261.6,264.5,254.85338623046874,281.9202404785156,4.823306884765628,1.9642433338101313,4956600,True,False
PURI.JK,137.0,139.0,139.4,137.7,137.6,135.14,144.44,4.260000000000019,1.336739286680055,134000,True,False
PURA.JK,33.0,33.0,32.8,32.1,31.5,31.4,31.89,1.6000000000000014,2.6241156099442864,3208400,True,True
PUDP.JK,320.0,313.3333333333333,312.0,307.4,303.5,298.42296813964845,310.3500012207031,10.788515930175777,1.5399648426565893,1300,False,False
PTSP.JK,1145.0,1028.3333333333333,1002.0,948.0,924.5,896.7,904.0,49.65999999999999,5.73134398998056,64700,False,False
PTSN.JK,288.0,286.0,283.6,278.8,265.2,245.75235321044923,271.70289474487305,21.123823394775386,3.038782613413579,65700,False,False
PTRO.JK,5000.0,5050.0,5005.0,4817.5,4626.75,4258.7,4625.3,79.13000000000002,3.0703677332551185,9293500,False,False
PTPW.JK,1175.0,1185.0,1196.0,1171.5,1153.5,1121.8589392089843,1035.7770233154297,14.828212158203133,1.5852409289702722,25600,False,False
PTPS.JK,149.0,151.0,150.4,147.4,144.5,130.12,151.31,20.879999999999995,3.124475933334326,366500,False,False
PTPP.JK,206.0,203.33333333333334,202.0,201.0,205.8,195.16,225.62,5.420000000000002,1.3519738148995482,4506100,True,False
PTMP.JK,66.0,66.66666666666667,65.4,63.9,63.2,59.2,63.08,7.466666666666669,2.383724490998367,4217000,False,False
PTIS.JK,256.0,261.3333333333333,265.6,268.0,268.4,276.64,290.28,10.319999999999993,2.071440659881471,28700,False,False
PTBA.JK,2380.0,2380.0,2370.0,2353.0,2379.5,2406.7406982421876,2590.4844360351562,5.3740698242187595,0.8605036458367629,1079000,True,False
PSSI.JK,330.0,329.3333333333333,330.0,325.0,323.6,300.36,316.4458938598633,14.819999999999993,2.820558171330193,35100,False,False
PSKT.JK,222.0,227.33333333333334,229.6,224.2,215.6,198.66,224.41,15.469999999999999,2.66031908447119,1779800,False,False
PSGO.JK,194.0,195.33333333333334,196.0,195.7,197.0,194.9250259399414,193.83685745239256,3.0,0.9141468032605857,2600,True,False
PSDN.JK,136.0,137.33333333333334,136.2,130.6,124.55,116.88,135.23,20.453333333333347,4.173721460369869,1425500,False,False
PSAT.JK,880.0,898.3333333333334,906.0,880.5,863.25,827.9,862.15,15.620000000000005,2.156072830170545,12400,False,False
PSAB.JK,510.0,495.6666666666667,478.2,453.5,440.45,428.0645465087891,418.82936492919924,16.387090698242183,3.73838725655476,33433900,False,False
PRIM.JK,106.0,108.0,109.8,107.9,103.05,92.6,85.8,17.200000000000003,2.8909402367170665,2050900,False,False
PRDA.JK,2380.0,2380.0,2378.0,2372.0,2377.0,2449.6,2438.5326342773437,7.759999999999991,1.0160500779483386,29700,False,False
PRAY.JK,735.0,735.0,739.0,728.5,724.25,693.6,715.55,9.079999999999995,2.2142478366787297,28300,False,False
PPRO.JK,18.0,17.333333333333332,17.2,16.6,16.85,16.26,20.29,1.7399999999999984,3.9640570022979817,26067500,False,False
PPRI.JK,149.0,148.0,147.8,147.4,149.4,143.28,159.93,6.1200000000000045,1.948058852605474,149100,False,False
PPRE.JK,110.0,106.66666666666667,105.8,104.4,107.55,100.9,114.24,9.099999999999994,2.5320825095544803,83214600,False,False
PPGL.JK,204.0,204.0,203.2,204.4,207.5,194.72,202.49,6.390000000000001,1.6893438491769293,447700,False,False
POWR.JK,760.0,753.3333333333334,743.0,732.5,728.75,710.5,701.6995806884765,9.9,1.3996702579711173,637600,False,False
PORT.JK,885.0,871.6666666666666,873.0,870.0,875.75,869.2,882.4,3.159999999999991,1.9214122458624532,500,True,False
POLY.JK,32.0,32.0,32.0,32.0,32.0,32.0,32.24,0.0,0.0,0,True,False
POLU.JK,11425.0,11541.666666666666,11535.0,11922.5,12360.0,12215.5,13342.25,37.4,2.9398634158509886,3600,False,False
POLI.JK,790.0,770.0,764.0,747.0,730.0,747.4,909.0,12.0,1.5489790908942782,1300,False,False
PNSE.JK,478.0,486.0,488.8,489.8,493.2,513.58,568.74,17.79000000000002,1.1048787373954614,14900,False,False
PNLF.JK,232.0,230.66666666666666,229.2,227.6,227.5,219.78,233.25,6.109999999999999,1.180347314781099,2730800,False,False
PNIN.JK,705.0,706.6666666666666,711.0,713.5,721.75,721.1,748.75,3.35,1.4464973819957443,99000,True,False
PNGO.JK,3560.0,3556.6666666666665,3556.0,3556.0,3536.0,3477.4,3442.6,8.259999999999991,0.44182335522474003,4900,False,False
PNBS.JK,50.0,50.0,50.0,50.0,50.2,50.08,50.3,0.20000000000000284,0.0,1343100,True,False
PNBN.JK,905.0,905.0,908.0,903.0,900.0,882.3969787597656,911.718178100586,5.120604248046879,0.8300144443820083,63900,True,False
PMUI.JK,96.0,97.66666666666667,98.2,94.6,89.75,81.86,87.06883575439453,16.340000000000003,5.068011691911721,580300,False,False
PMJS.JK,116.0,117.33333333333333,118.2,115.9,112.75,107.09826889038087,114.90245101928711,11.101731109619138,3.507698383346338,458400,False,False
PLAN.JK,37.0,37.666666666666664,37.8,38.0,38.15,37.04,41.4,1.1499999999999986,2.3346878658494883,19500,True,False
PKPK.JK,3800.0,3856.6666666666665,3880.0,3900.0,3801.0,3243.6,2900.4,65.64000000000001,1.0706771925826746,125500,False,False
PJHB.JK,175.0,175.33333333333334,175.8,171.2,169.8,166.02,191.1,9.780000000000001,1.8773721966774584,1065000,False,False
PJAA.JK,454.0,458.0,458.0,454.2,455.9,452.72,476.40982940673825,2.6399999999999864,1.1149460973910608,14800,True,False
PIPA.JK,122.0,122.66666666666667,122.0,120.2,120.95,115.14,122.64,7.526666666666671,2.254941028255476,7766500,False,False
PICO.JK,132.0,132.0,132.6,130.7,129.4,128.56,139.11,4.039999999999992,1.6414169399149285,5600,True,False
PGUN.JK,7600.0,7550.0,7515.0,7485.0,7508.75,7350.537705078125,7946.61216796875,9.978491796874987,2.9051584037344376,4800,False,False
PGLI.JK,220.0,214.66666666666666,209.2,205.0,198.1,190.66,202.1,14.670000000000002,2.946222414506568,9300,False,False
PGJO.JK,720.0,748.3333333333334,766.0,735.0,710.0,724.0,735.9,11.2,5.14234999026348,115800,False,False
PGEO.JK,1080.0,1093.3333333333333,1076.0,1044.0,1026.25,941.6,958.377808227539,30.346666666666646,2.7519461028145735,13120400,False,False
PGAS.JK,1510.0,1510.0,1508.0,1505.5,1510.0,1500.22255859375,1619.9358203125,1.9554882812500183,0.41648025563112356,3803300,True,False
PEVE.JK,336.0,337.3333333333333,337.2,336.2,328.4,317.96,371.95,9.686666666666667,1.0242199533535756,599000,False,False
PEHA.JK,264.0,265.3333333333333,264.4,263.6,260.8,251.46116638183594,271.7279951477051,6.936083475748688,1.7822150607499088,4600,False,False
PEGE.JK,100.0,101.33333333333333,100.6,97.1,94.65,103.60914642333984,122.10457321166992,8.959146423339831,2.545863480030301,5448200,False,False
PDPP.JK,310.0,309.3333333333333,309.2,304.0,284.8,269.0018765258789,290.4558073425293,20.499061737060543,2.979749345765252,5500,False,False
PDES.JK,420.0,421.3333333333333,423.6,405.6,402.6,438.92,475.82636596679686,18.159999999999997,9.616285114037751,18400,False,False
PCAR.JK,43.0,44.333333333333336,43.8,42.2,40.25,39.2,38.56,5.133333333333333,5.602869023381046,1825000,False,False
PBSA.JK,745.0,740.0,744.0,746.5,759.75,722.4125817871094,848.4353472900391,7.467483642578122,2.359644444555035,39600,False,False
PBRX.JK,27.0,26.666666666666668,26.8,26.7,26.75,26.86,32.01,0.33333333333333215,3.4642757722993265,7749000,True,False
PBID.JK,530.0,533.3333333333334,533.0,533.0,513.75,490.74,482.63548278808594,8.518666666666672,0.7666837347882774,154600,False,False
PART.JK,100.0,101.0,101.0,101.6,103.3,99.86737243652344,106.91382057189941,3.432627563476558,1.1410021140070736,505900,True,False
PANS.JK,1540.0,1543.3333333333333,1544.0,1544.5,1560.25,1526.496240234375,1508.6521630859374,6.750751953125018,1.046791018892925,2900,False,False
PANR.JK,428.0,429.3333333333333,427.2,420.4,414.6,418.68,456.04823516845704,7.366666666666646,1.4311157561150847,200,False,False
PANI.JK,6125.0,6200.0,6260.0,6240.0,6221.25,6250.158037109375,7237.325224609375,5.4,1.8033907996541987,1043100,True,False
PAMG.JK,57.0,57.333333333333336,57.0,56.6,56.65,53.62,56.15,3.7133333333333383,2.9372075755093365,11074400,True,True
PALM.JK,288.0,290.6666666666667,290.4,292.6,299.4,299.96067199707034,328.22124145507814,5.980335998535168,0.9183774488486739,171300,True,False
PADI.JK,70.0,71.66666666666667,72.0,70.6,71.9,72.26454528808594,89.08510948181153,2.264545288085941,3.697675082215062,121803500,True,False
PADA.JK,177.0,184.66666666666666,185.4,167.2,143.05,122.74,136.91,62.66000000000001,9.692066536576288,18255400,False,False
PACK.JK,252.0,259.3333333333333,262.8,248.6,234.6,236.68,241.02,14.100000000000009,5.31477630371908,28997300,False,False
OPMS.JK,132.0,129.66666666666666,128.0,121.5,111.65,101.48,112.86,30.519999999999996,8.896664036842235,2617700,False,False
OMRE.JK,1015.0,985.0,981.0,1011.0,1051.25,1045.6,927.85,14.05,4.636689934518001,9400,False,False
OMED.JK,224.0,226.66666666666666,227.6,221.6,214.4,205.74359588623048,232.45346786499024,10.928202056884757,2.5159610219551514,894200,False,False
OLIV.JK,48.0,48.666666666666664,49.2,49.9,50.0,50.2,53.33,2.200000000000003,0.9665336333214379,357700,True,False
OKAS.JK,118.0,118.66666666666667,115.6,108.1,104.95,100.72,107.93,17.946666666666673,5.217827374899817,3505100,False,False
OILS.JK,228.0,230.66666666666666,230.8,231.2,227.1,203.14,229.06,14.030000000000001,2.582859301972164,2962000,False,False
OBMD.JK,197.0,199.33333333333334,196.6,189.6,193.9,176.84,203.04,22.49333333333334,3.1508800812732343,153600,False,False
OBAT.JK,242.0,244.0,244.0,244.6,247.0,239.0,277.53515686035155,4.0,1.6811498004102305,190200,True,False
OASA.JK,324.0,335.3333333333333,342.4,334.2,334.8,290.88,317.38,25.75999999999999,4.292929011949204,7617000,False,False
NTBK.JK,90.0,92.0,92.6,92.8,94.25,76.22,78.66541797637939,18.03,2.1689373377245467,24669300,False,False
NSSS.JK,955.0,996.6666666666666,1017.0,1021.0,909.5,693.00458984375,734.7436944580078,65.59908203125,7.467706306677739,2395200,False,False
NRCA.JK,515.0,523.3333333333334,527.0,508.2,504.85,460.11531921386717,494.33383392333985,13.376936157226567,2.6695845830294815,2037900,False,False
NPGF.JK,57.0,57.56666692097982,58.21689682006836,58.754310607910156,58.42612075805664,59.04496482849121,63.873878936767575,2.04496482849121,1.8345842421665357,4235400,True,False
NOBU.JK,500.0,511.6666666666667,504.2,486.5,464.85,447.62,490.98,32.02333333333334,3.4556310184246106,542800,False,False
NISP.JK,1265.0,1271.6666666666667,1274.0,1272.5,1254.5,1228.2,1292.0087890625,9.159999999999991,1.002980705096637,179200,False,False
NIRO.JK,157.0,162.0,163.2,157.3,153.55,147.28,170.69,15.919999999999987,7.102686382008497,118500,False,False
NINE.JK,79.0,76.0,73.6,73.4,75.4,76.18,101.14,5.599999999999994,3.963532049799323,6705300,False,False
NIKL.JK,194.0,198.66666666666666,199.6,195.8,193.25,191.74,245.52189300537108,7.859999999999985,2.6199271393572405,7430900,False,False
NICL.JK,468.0,473.3333333333333,474.4,473.8,491.1,513.12,661.8136840820313,22.560000000000002,2.3401181826127644,3890000,False,False
NICK.JK,1600.0,1581.6666666666667,1497.0,1341.5,1214.5,1090.1,1143.7,101.98000000000002,7.833789076064128,20700,False,False
NICE.JK,252.0,258.6666666666667,262.4,257.0,255.5,257.4,277.46,5.199999999999989,2.5974276569372003,442500,True,False
NFCX.JK,1480.0,1506.6666666666667,1510.0,1526.5,1554.25,1607.8,1691.5,25.55999999999999,2.1741240373771653,14700,False,False
NETV.JK,52.0,52.333333333333336,52.0,51.4,51.15,52.14,68.51,1.1833333333333371,1.5281740678983988,17414400,True,False
NEST.JK,725.0,726.6666666666666,724.0,721.5,665.0,605.88,512.62,24.157333333333327,6.02134878300694,346600,False,False
NELY.JK,199.0,199.66666666666666,200.2,200.1,203.05,199.12,250.48403778076172,4.050000000000011,1.1164410717901927,64500,True,False
NCKL.JK,925.0,933.3333333333334,935.0,919.5,887.5,834.3982092285156,922.5088159179687,20.120358154296877,2.139692316028098,6771800,False,False
NAYZ.JK,59.0,59.0,59.0,57.9,57.65,58.42,61.44,1.3500000000000014,4.247829045149535,2933900,False,False
NATO.JK,675.0,660.0,658.0,660.5,654.0,612.9,612.5,12.420000000000005,1.6083429565562766,2300,False,False
NASI.JK,132.0,134.33333333333334,135.8,132.2,127.6,117.0,130.7,18.80000000000001,2.544965803230291,201500,False,False
NASA.JK,30.0,30.0,30.2,30.2,30.05,31.48,34.69,1.4800000000000004,2.415993948601027,268300,True,False
NANO.JK,30.0,30.0,29.4,29.4,30.4,25.96,30.13,4.439999999999998,4.636632383695806,12445000,False,False
NAIK.JK,90.0,89.33333333333333,89.0,87.7,87.8,84.26,90.45240425109863,5.739999999999995,1.1024919703237042,371800,True,False
MYTX.JK,41.0,41.0,41.0,41.0,41.0,41.98,47.02,0.9799999999999969,0.0,0,True,False
MYOR.JK,1715.0,1706.6666666666667,1694.0,1694.5,1722.5,1737.1423510742188,1753.206474609375,8.628470214843764,1.1593948355087031,999300,False,False
MYOH.JK,1035.0,1036.6666666666667,1037.0,1039.0,1043.25,1044.602626953125,1122.7460083007813,1.9205253906250164,0.7688956697154072,5300,True,False
MUTU.JK,116.0,114.0,112.2,111.0,110.15,110.0202394104004,105.98347892761231,5.979760589599607,1.951032818831282,796700,True,False
MTWI.JK,256.0,255.33333333333334,255.2,254.8,259.5,263.7849203491211,290.7560643005371,4.492460174560534,3.765858922380156,40700,True,False
MTMH.JK,935.0,925.0,923.0,917.5,931.0,946.1502783203125,967.7869396972657,5.730055664062502,2.272810950996943,2100,True,False
MTLA.JK,515.0,518.3333333333334,523.0,527.0,519.25,510.1344787597656,520.5646856689453,3.3731042480468774,4.521218343789824,10700,False,False
MTFN.JK,13.0,13.0,13.0,13.0,13.0,13.54,17.79,0.5399999999999991,0.0,0,True,False
MTEL.JK,428.0,431.3333333333333,435.6,444.4,450.4,464.7695550537109,478.33748046875,18.38477752685546,1.3629433280981813,5280100,False,False
MTDL.JK,505.0,506.6666666666667,510.0,509.5,512.0,504.7920001220703,523.2885000610352,1.4415999755859388,1.4935708358250213,1159700,True,False
MSTI.JK,1335.0,1333.3333333333333,1333.0,1327.0,1330.75,1267.4092529296875,1271.8391796875,13.51814941406251,1.2430601831334123,194800,False,False
MSKY.JK,70.0,70.0,68.4,64.7,62.25,61.6,70.56,8.399999999999999,6.083771400152812,5461000,False,False
MSJA.JK,412.0,415.3333333333333,413.2,408.0,407.6,407.76,434.4787716674805,3.866666666666646,2.330559067691742,3429500,True,False
MSIN.JK,382.0,382.6666666666667,384.4,390.0,409.2,471.16,605.46,44.58000000000001,2.107105864295714,4115800,False,False
MSIE.JK,95.0,95.33333333333333,97.0,97.1,89.4,93.42,94.35,7.699999999999989,5.517219520374153,123200,False,False
MREI.JK,920.0,920.0,920.0,920.0,920.0,937.4,978.75,3.4799999999999955,0.0,0,True,False
MRAT.JK,438.0,440.0,441.2,440.4,441.5,442.08,433.24,2.039999999999992,0.7914475276210938,291600,True,False
MPXL.JK,162.0,159.66666666666666,158.6,156.6,151.45,149.04,155.83,12.960000000000008,2.213326515231161,212800,False,False
MPRO.JK,12000.0,12025.0,12175.0,11585.0,11641.25,9774.5,9519.0,96.02,7.06135117736174,500,False,False
MPPA.JK,48.0,47.333333333333336,47.0,47.3,47.3,46.32,48.12,1.6799999999999997,2.206699744380233,9203800,True,False
MPOW.JK,105.0,107.0,107.2,106.2,103.15,98.9,104.59,8.299999999999997,1.8186517031215779,5531000,False,False
MPMX.JK,1005.0,1005.0,1005.0,1000.5,995.0,970.5598132324219,908.1957983398438,6.888037353515619,0.829529616500691,180500,False,False
MPIX.JK,95.0,96.0,97.6,96.8,95.3,92.78,88.59,4.819999999999993,1.9400032231783326,140100,True,False
MORA.JK,5100.0,5183.333333333333,5260.0,5742.5,6095.0,6439.5,5998.0,53.58,3.6504487357374673,49500,False,False
MOLI.JK,270.0,271.3333333333333,272.0,265.8,259.3,243.0147198486328,243.72419128417968,14.492640075683596,3.0833332288092996,749700,False,False
MNCN.JK,200.0,200.66666666666666,201.2,202.6,206.3,205.88,218.14,6.300000000000011,1.6912509438016525,840600,False,False
MMLP.JK,294.0,296.6666666666667,297.6,295.6,296.7,294.32,315.34,1.8000000000000114,1.2996743077231923,27900,True,False
MMIX.JK,730.0,731.6666666666666,737.0,734.5,727.75,698.78,502.86,7.6440000000000055,0.9627896953987355,529500,False,False
MLPT.JK,1535.0,1580.0,1602.0,1659.5,1510.45,1032.2,915.0222442626953,125.46,8.549574867609989,666700,False,False
MLPL.JK,99.0,100.0,98.2,96.7,94.5,85.6,90.92,14.400000000000006,2.095632857891877,7985700,False,False
MLIA.JK,234.0,232.0,232.0,231.6,233.2,237.64,255.38,3.019999999999996,0.6381268035282336,38700,True,False
MLBI.JK,6950.0,6941.666666666667,6910.0,6770.0,6546.25,6221.651875,5832.567690429688,29.13392500000002,1.8101574821289705,28300,False,False
MKTR.JK,120.0,120.33333333333333,121.0,121.8,120.6,120.67428314208985,124.07845016479492,1.7999999999999972,1.5516337960481585,141500,True,False
MKPI.JK,21975.0,21966.666666666668,21965.0,21862.5,21673.75,21186.4842578125,21364.93564453125,31.54062968750004,0.48395677984688124,40000,False,False
MKAP.JK,1165.0,1168.3333333333333,1168.0,1166.0,1164.0,1139.0269189453124,1103.3224151611328,5.861282877604163,0.40464391848279385,600,True,False
MITI.JK,196.0,200.0,204.4,193.8,181.9,172.52,206.43,31.879999999999995,11.597406130220119,774200,False,False
MIRA.JK,31.0,29.0,27.0,24.3,22.6,20.3,21.44,10.7,7.130323972066067,24782400,False,False
MINE.JK,236.0,236.66666666666666,235.6,229.6,225.4,218.88,273.42,8.89333333333333,1.757740804316052,78500,False,False
MINA.JK,266.0,272.0,273.6,270.4,276.4,278.36,293.86,6.180000000000007,2.0067765372392463,17410100,False,False
MIKA.JK,1850.0,1865.0,1849.0,1807.5,1779.5,1678.0246899414062,1795.0775927734376,37.39506201171876,3.083391375556443,107400,False,False
MIDI.JK,276.0,276.6666666666667,278.0,280.2,283.1,281.799140625,292.2359489440918,3.5500000000000114,1.3397418637436038,676000,True,False
MICE.JK,525.0,521.6666666666666,522.0,518.0,517.25,499.59703247070314,498.0238632202148,5.080593505859372,1.785100022854643,38100,True,False
MHKI.JK,135.0,136.66666666666666,137.8,135.7,136.45,125.47059051513672,147.07034141540527,12.329409484863291,2.659101195051466,496400,False,False
MGRO.JK,685.0,680.0,679.0,677.5,676.0,673.0,685.05,2.4,3.448891188585438,734200,True,False
MGNA.JK,105.0,106.66666666666667,109.4,113.3,102.8,91.9,128.03,21.39999999999999,11.609455035241826,557300,False,False
MGLV.JK,9200.0,8666.666666666666,8560.0,8402.5,8377.5,8309.0,7426.85,35.64,4.089736808622009,1536900,False,False
MERK.JK,3990.0,3980.0,3954.0,3924.0,3934.0,3757.3435205078126,3612.9387255859374,23.26564794921874,1.7514453605395341,1600,False,False
MERI.JK,117.0,119.33333333333333,117.2,111.2,106.5,106.6,122.61,12.833333333333329,6.07401473240868,1423900,False,False
MEJA.JK,110.0,107.33333333333333,105.0,100.1,94.05,87.6,92.41428573608398,22.400000000000006,5.160111420288976,14836200,False,False
MEGA.JK,1980.0,1983.3333333333333,1983.0,1982.5,1989.25,1993.1,2110.934952392578,2.619999999999982,0.4519154371704093,3700,True,False
MEDS.JK,72.0,73.33333333333333,74.0,74.7,76.9,74.9,77.23,4.900000000000006,1.4313871848861708,13355800,True,False
MEDC.JK,1320.0,1306.6666666666667,1305.0,1301.0,1294.75,1205.2656811523439,1393.3517553710938,22.946863769531227,2.9074745634781074,12429600,False,False
MDRN.JK,26.0,26.0,26.0,26.0,26.0,27.54,38.36,1.5399999999999991,0.0,0,True,False
MDLN.JK,50.0,50.333333333333336,50.2,50.1,50.15,50.16,51.95,0.3333333333333357,0.9336024218017578,7339000,True,False
MDLA.JK,210.0,209.33333333333334,209.6,210.0,209.3,204.14,203.10922485351563,2.930000000000007,0.9022628065583084,341200,True,False
MDKI.JK,187.0,188.0,187.0,184.9,182.5,179.30786560058593,180.99938430786133,8.692134399414073,1.5442651238863296,49900,False,False
MDKA.JK,3040.0,3006.6666666666665,2954.0,2842.0,2760.5,2685.018720703125,2872.2744140625,35.498127929687506,2.738576977561885,10202700,False,False
MDIY.JK,935.0,933.3333333333334,927.0,918.5,941.25,893.48712890625,869.1029656982422,9.55257421875001,0.8203015001514599,22200,False,False
MDIA.JK,234.0,236.0,234.8,208.8,152.65,101.66,98.03,67.17,12.024605610729443,132709400,False,False
MCOR.JK,68.0,68.33333333333333,68.6,68.6,68.35,66.88,68.39,1.7199999999999989,0.9733034225882465,23100,True,False
MCOL.JK,3800.0,3770.0,3760.0,3737.0,3749.5,3722.2,3767.986462402344,7.780000000000018,1.7797610669155188,100,False,False
MCAS.JK,318.0,320.0,288.4,273.6,230.35,202.02,271.89,58.989999999999995,11.730977336389937,4924300,False,False
MBTO.JK,127.0,128.0,129.8,127.8,123.6,113.54,114.34,16.260000000000005,8.22141076964321,488300,False,False
MBSS.JK,2830.0,2830.0,2826.0,2819.0,2736.5,2599.0,2316.0,23.1,1.1208518625487915,236100,False,False
MBMA.JK,540.0,545.0,543.0,525.0,522.55,503.28,575.14,8.344000000000005,3.00902821783001,16017700,False,False
MBAP.JK,1470.0,1471.6666666666667,1451.0,1433.5,1423.0,1387.3,1542.7,16.873333333333356,1.6635221554010187,700,False,False
MAYA.JK,200.0,201.33333333333334,202.8,200.4,198.8,190.94,192.69,11.860000000000014,1.2501349995895974,12100,False,False
MAXI.JK,50.0,50.0,50.0,50.0,50.0,50.0,50.49,0.0,0.0,122600,True,False
MASB.JK,3400.0,3396.6666666666665,3394.0,3392.0,3391.0,3379.8,3315.6,2.019999999999982,0.09328252684862257,12900,True,False
MARK.JK,1085.0,1093.3333333333333,1095.0,1075.0,1042.25,968.9,868.3212121582031,25.220000000000006,3.9940613231161146,567200,False,False
MARI.JK,23.0,23.0,23.0,23.0,23.0,23.58,26.27,0.5799999999999983,0.0,0,True,False
MAPI.JK,1560.0,1596.6666666666667,1630.0,1641.0,1567.5,1527.8493603515626,1418.887198486328,22.63012792968748,8.36170883995801,972200,False,False
MAPB.JK,1120.0,1183.3333333333333,1153.0,1163.0,1121.75,1095.4,1307.1,17.586666666666634,5.618767250730267,16700,False,False
MAPA.JK,650.0,661.6666666666666,667.0,656.0,635.0,609.8004846191407,618.9443090820313,11.439903076171868,2.5471906957223496,1072200,False,False
MANG.JK,39.0,39.0,39.0,39.1,39.7,41.0,44.12,2.0,1.041336949602272,1450700,True,False
MAIN.JK,675.0,676.6666666666666,678.0,683.0,694.25,683.9746203613281,766.8127691650391,3.85,2.0928751125980845,178600,True,False
MAHA.JK,147.0,146.33333333333334,145.8,144.8,142.85,137.54333374023437,136.60500244140624,9.456666259765626,1.2823180839327688,391800,False,False
LUCK.JK,114.0,114.66666666666667,114.8,112.1,109.4,103.9,105.28,10.899999999999991,2.779323837765583,647300,False,False
LTLS.JK,835.0,845.0,841.0,829.0,799.0,778.2,773.9362219238282,13.35999999999999,1.6608818431500156,2100,False,False
LSIP.JK,1425.0,1446.6666666666667,1450.0,1439.0,1395.0,1282.3734643554687,1339.788018798828,33.52530712890625,1.8097204848270723,3584700,False,False
LRNA.JK,185.0,185.66666666666666,185.6,184.9,183.15,180.24,190.99,5.426666666666648,0.9159417642538732,22600,True,False
LPPS.JK,85.0,85.0,83.8,81.8,80.6,72.96,77.53,12.040000000000006,1.5654251580415963,179100,False,False
LPPF.JK,1580.0,1590.0,1584.0,1571.0,1569.5,1541.1,1585.94923828125,9.780000000000019,1.924111348525074,268400,False,False
LPLI.JK,250.0,248.66666666666666,246.8,246.8,248.9,242.32,266.58,3.8400000000000034,1.3395865691113462,92400,True,False
LPKR.JK,63.0,65.0,63.6,62.2,62.1,61.54,70.89,3.460000000000001,2.9824806758387963,74267000,True,False
LPIN.JK,420.0,420.6666666666667,421.2,420.2,419.1,407.44,409.7144219970703,6.8799999999999955,0.9138530219136792,500,False,False
LPGI.JK,640.0,640.0,641.0,634.0,645.75,661.5,667.6297119140625,5.5,2.256565818795297,3400,True,False
LPCK.JK,605.0,613.3333333333334,597.0,572.0,544.25,520.88,568.34,18.490666666666677,4.070227567264047,26200,False,False
LOPI.JK,80.0,80.33333333333333,75.0,69.4,64.45,61.5,86.47,18.83333333333333,5.392825968639542,4705900,False,False
LMPI.JK,140.0,141.0,140.2,140.5,140.2,137.38,145.84,3.6200000000000045,1.2005874615846381,5400,True,False
LMAX.JK,113.0,113.0,113.2,113.1,115.15,97.6,125.51,17.55000000000001,4.238715812962131,900,False,False
LIVE.JK,210.0,214.66666666666666,214.0,211.6,207.8,213.12,214.61,3.433333333333323,2.4974790067821244,132600,True,False
LION.JK,356.0,356.0,356.0,352.8,354.0,335.28,369.86,10.360000000000014,1.1544281090169477,200,False,False
LINK.JK,1400.0,1400.0,1395.0,1396.5,1406.25,1406.5,1559.85,2.3,0.5858382840466894,300,True,False
LIFE.JK,5700.0,5816.666666666667,5850.0,5817.5,5771.25,5897.0,6415.976791992188,7.88,1.8850206941497665,700,False,False
LFLO.JK,494.0,491.3333333333333,492.4,489.2,487.9,521.1682385253906,534.7048825073242,16.63411926269532,1.1339633701051826,1700,False,False
LEAD.JK,108.0,109.33333333333333,111.0,108.9,105.6,98.82,113.86,12.180000000000007,3.793890858214761,4012000,False,False
LCKM.JK,109.0,109.0,109.0,109.1,109.75,110.26,115.93,1.2600000000000051,0.6045222436308233,0,True,False
LAPD.JK,66.0,66.66666666666667,65.6,63.8,65.4,63.1,71.99,3.56666666666667,3.519802026249884,5508900,True,False
LAND.JK,82.0,82.33333333333333,81.0,78.3,77.7,64.94,68.97,17.39333333333333,4.098412018984711,28888700,False,False
LAJU.JK,67.0,68.0,67.8,66.4,66.8,63.82688613891602,70.90114009857177,4.1731138610839835,2.2421159512269346,7519100,True,False
LABS.JK,164.0,159.33333333333334,158.0,154.8,151.45,145.54,151.88,18.460000000000008,1.5573880216008216,1260100,False,False
LABA.JK,95.0,95.66666666666667,95.6,94.8,94.25,90.52,103.69,5.146666666666675,1.3496317375012592,1978000,True,False
KUAS.JK,92.0,92.66666666666667,92.6,91.8,92.05,91.12,98.76061996459961,1.5466666666666669,1.7253048321906537,2250400,True,False
KSIX.JK,406.0,394.0,384.4,343.8,314.2,325.76,327.7,45.900000000000006,6.315929599844189,145300,False,False
KRYA.JK,64.0,64.33333333333333,63.8,61.8,60.9,58.22,63.23,6.11333333333333,1.5886031306437052,5206300,False,False
KREN.JK,14.0,13.333333333333334,13.4,13.2,13.1,12.62,14.36,1.3800000000000008,4.947089528537475,22143800,False,False
KRAS.JK,228.0,228.0,228.8,224.6,229.5,212.08,245.24,8.709999999999994,2.9437050127667908,1543000,False,False
KPIG.JK,75.0,76.33333333333333,77.6,80.1,82.3,81.88,95.05,7.299999999999997,2.5686568793515483,24631500,False,False
KOTA.JK,169.0,173.66666666666666,176.0,161.0,134.45,108.92,104.56,67.08,8.52904436641831,177091800,False,False
KOPI.JK,206.0,207.33333333333334,208.4,210.2,205.5,189.94,216.55,10.129999999999995,2.7772390791743415,145000,False,False
KONI.JK,2330.0,2363.3333333333335,2376.0,2403.0,2488.0,2573.4,2419.25,24.34000000000001,1.4153056945560252,1100,False,False
KOKA.JK,214.0,201.33333333333334,199.2,196.4,202.05,147.74,158.13,33.129999999999995,3.751224314855539,60613700,False,False
KOIN.JK,78.0,78.0,78.0,78.0,78.0,76.52,78.93,1.480000000000004,0.0,0,True,False
KOCI.JK,106.0,106.66666666666667,107.4,105.3,103.65,96.90999969482422,105.6784196472168,10.490000305175784,6.802552236570492,1094800,False,False
KOBX.JK,168.0,169.0,169.2,166.6,159.4,150.5,157.54,18.69999999999999,5.121687134878604,307600,False,False
KMTR.JK,234.0,232.0,231.2,232.2,233.6,229.48,240.98,2.260000000000005,2.5791157258348,100,True,False
KMDS.JK,520.0,528.3333333333334,530.0,535.0,539.0,533.63056640625,542.5888729858399,3.8,1.6575549444544393,8300,True,False
KLIN.JK,120.0,118.33333333333333,117.6,116.9,115.5,106.86,126.73,13.14,4.316869208738335,20400,False,False
KLBF.JK,785.0,786.6666666666666,790.0,753.0,741.0,735.9917810058594,809.1198583984375,10.801643798828128,3.1083203751581245,6766400,False,False
KLAS.JK,77.0,77.33333333333333,77.0,76.2,73.6,69.38,74.98,7.953333333333333,1.7393697696181618,711300,False,False
KKGI.JK,276.0,278.0,275.6,274.8,276.0,264.7530813598633,284.5282698059082,6.623459320068349,1.4652249884602142,96500,False,False
KKES.JK,71.0,69.33333333333333,67.6,67.3,67.65,53.92,45.48,17.08,2.1352234623761315,3966700,False,False
KJEN.JK,152.0,150.33333333333334,148.2,145.5,136.2,124.22,130.31,27.78,8.016822895929726,3128800,False,False
KIOS.JK,94.0,96.66666666666667,98.0,96.2,95.05,88.32,95.98,9.680000000000007,2.7312924420537907,6230100,False,False
KINO.JK,1300.0,1305.0,1304.0,1265.5,1216.25,1154.3719995117187,1124.1459838867188,30.125600097656253,2.626524773987576,48400,False,False
KING.JK,266.0,268.6666666666667,271.2,272.4,281.7,354.46,373.23,44.22999999999999,2.9884859756782594,3800,False,False
KIJA.JK,128.0,128.33333333333334,126.6,125.8,129.45,123.56,147.69,5.889999999999986,3.5417738575726014,43581500,True,False
KICI.JK,192.0,194.0,195.4,194.7,193.35,186.12,196.75,9.280000000000001,1.3513638900878862,45700,False,False
KETR.JK,560.0,566.6666666666666,580.0,573.0,563.25,547.28,524.91,6.544000000000006,4.546120946236247,4526200,False,False
KEJU.JK,590.0,590.0,585.0,568.0,557.25,564.9,552.5238687133789,6.55,1.477709762245299,26500,False,False
KEEN.JK,900.0,900.0,901.0,878.0,869.0,841.3982189941406,860.0333551025391,11.920356201171876,2.6148548343144844,1488100,False,False
KDTN.JK,394.0,409.3333333333333,434.4,407.6,453.6,573.72,753.81,89.86000000000001,12.198587333409924,984200,False,False
KDSI.JK,460.0,459.3333333333333,458.8,456.2,450.9,443.36,446.56,8.319999999999993,0.5961121288989031,700,False,False
KBLV.JK,147.0,153.66666666666666,142.4,134.5,128.95,102.52,106.31,51.14666666666666,9.123580419388938,21274300,False,False
KBLM.JK,306.0,306.0,303.6,301.6,297.2,290.95552490234377,301.95189178466796,7.522237548828116,1.182380338844734,1100,False,False
KBLI.JK,332.0,332.0,331.2,327.4,324.6,313.0488592529297,308.6170016479492,9.475570373535163,0.7877705617869681,4600,False,False
KBAG.JK,51.0,50.666666666666664,49.4,45.9,44.25,39.92,43.38,11.079999999999998,2.7622996478549133,10543200,False,False
KARW.JK,212.0,212.0,212.0,212.0,212.0,226.88,262.56,7.439999999999998,0.0,0,False,False
KAQI.JK,93.0,95.0,95.4,94.4,92.2,88.56,96.44,6.840000000000003,2.948409540970097,8310800,False,False
KAEF.JK,462.0,460.0,460.0,454.4,453.9,447.28,475.86,7.360000000000014,0.9497460283024142,57800,False,False
JTPE.JK,605.0,605.0,605.0,604.0,606.5,600.185,591.885,1.263000000000011,1.9980438627944834,504200,True,False
JSPT.JK,1355.0,1373.3333333333333,1376.0,1409.5,1406.0,1334.8729858398438,1364.578446044922,14.92540283203125,6.468477845664116,6200,False,False
JSMR.JK,2760.0,2773.3333333333335,2774.0,2756.0,2739.0,2751.4754150390627,2840.1999853515626,3.5,1.1036503627522292,316700,True,False
JRPT.JK,1080.0,1088.3333333333333,1084.0,1082.0,1079.75,1075.388427734375,1071.8586206054688,2.5889811197916517,1.4188590264568126,127400,True,False
JPFA.JK,2200.0,2203.3333333333335,2210.0,2185.0,2134.0,2042.7,2234.7582470703123,16.729999999999997,1.5292735569835334,566200,False,False
JMAS.JK,228.0,228.0,228.0,228.0,228.0,236.52,237.79,4.260000000000005,0.0,0,True,False
JKON.JK,85.0,87.33333333333333,86.8,80.6,74.25,69.22059745788575,70.40880687713623,18.112735875447584,11.482286752684628,9737000,False,False
JIHD.JK,428.0,432.6666666666667,430.8,425.8,431.3,418.32,459.86,7.173333333333346,1.372532744359134,13500,False,False
JGLE.JK,92.0,94.0,93.0,79.7,69.85,59.4,64.58,34.6,9.625593453964921,311162900,False,False
JECC.JK,630.0,638.3333333333334,637.0,630.5,630.0,607.3480004882813,711.8840026855469,6.197066569010417,1.8931449278125316,400,False,False
JAYA.JK,134.0,133.66666666666666,133.4,132.2,128.9,123.82,128.31,10.180000000000007,1.4709500638025848,141300,False,False
JAWA.JK,133.0,130.0,130.2,127.8,123.55,119.12,136.98,13.879999999999995,2.7817779879792943,1048900,False,False
JATI.JK,98.0,99.0,99.6,97.5,96.1,94.76172943115235,99.19033226013184,4.838270568847648,2.1898726422709647,973000,True,False
JAST.JK,84.0,84.66666666666667,84.4,83.9,84.05,81.28,88.97,3.3866666666666703,1.0565111911260563,346000,True,False
JARR.JK,1890.0,1905.0,1910.0,1902.5,1898.75,1821.2023974609374,1931.596905517578,17.75952050781252,1.5599153140275581,255300,False,False
ITMG.JK,24550.0,24858.333333333332,24795.0,24725.0,24460.0,23278.5,24337.076015625,63.193333333333285,1.0664664866717906,341500,False,False
ITMA.JK,1340.0,1360.0,1360.0,1362.5,1359.25,1399.3,1728.65,11.85999999999999,2.0334200597858456,600,False,False
ITIC.JK,230.0,233.33333333333334,231.2,223.8,215.95,206.06,228.55,13.63666666666667,2.23676064146041,81700,False,False
ISSP.JK,432.0,430.6666666666667,434.4,433.8,421.7,398.20245056152345,414.9940881347656,18.098774719238264,1.6051312682196401,159600,False,False
ISEA.JK,80.0,80.66666666666667,81.2,80.6,80.95,71.86,77.43,9.340000000000003,1.5507218149798396,333200,False,False
ISAT.JK,2180.0,2150.0,2050.0,1987.0,1954.0,1886.7,1962.963057861328,29.329999999999995,5.393232096315023,8983100,False,False
ISAP.JK,25.0,25.0,24.6,24.6,24.75,23.82,26.94,1.1799999999999997,4.95533629211741,2564300,False,False
IRSX.JK,350.0,360.0,362.4,353.0,326.5,297.52,360.6176974487305,32.44,5.258110294880726,14139300,False,False
IRRA.JK,372.0,370.6666666666667,372.0,373.2,372.8,368.08,381.8,2.5600000000000023,0.4687185507296943,66900,True,False
IPTV.JK,29.0,29.333333333333332,29.6,30.4,30.95,32.44,36.88,3.4399999999999977,3.7920141779447816,3650800,True,False
IPOL.JK,112.0,113.0,112.6,109.5,107.65,107.14,113.99,5.859999999999999,2.151075839051903,318100,True,False
IPCM.JK,302.0,303.3333333333333,304.0,304.4,311.4,306.8933312988281,307.29491149902344,4.699999999999989,1.5029162367507916,38800,True,False
IPCC.JK,1170.0,1171.6666666666667,1172.0,1158.0,1184.75,1154.495040283203,1169.3257208251953,6.050991943359395,0.8935222376595732,51100,False,False
IPAC.JK,176.0,173.66666666666666,171.8,167.3,163.7,154.78,154.02,21.22,2.5561040859524415,1800,False,False
IOTF.JK,63.0,60.666666666666664,57.6,55.0,53.9,53.1,57.63,9.899999999999999,8.063009732538342,55886300,False,False
INTP.JK,5300.0,5350.0,5335.0,5032.0,4832.5,4468.042177734375,4584.26412109375,35.27831289062498,2.2428404885162694,187100,False,False
INTD.JK,278.0,279.3333333333333,271.6,261.6,248.2,237.08,244.1,21.12666666666665,2.803602813467871,9500,False,False
INTA.JK,61.0,61.0,61.0,61.0,61.0,62.44,69.01,1.4399999999999977,0.0,0,True,False
INPS.JK,690.0,710.0,716.0,690.5,664.0,655.9,638.46,12.020000000000005,3.9538518782004104,163600,False,False
INPP.JK,700.0,728.3333333333334,707.0,700.0,701.25,718.4,753.15,5.666666666666674,4.10920741000436,42100,False,False
INPC.JK,140.0,141.0,142.2,140.2,139.4,133.34,144.48,8.859999999999985,1.629886702868048,491900,False,False
INOV.JK,142.0,144.0,144.6,142.4,136.45,124.42,130.38,20.179999999999993,2.075043433275621,413200,False,False
INKP.JK,8325.0,8341.666666666666,8340.0,8322.5,8048.75,7558.591044921875,8375.5169140625,31.323024869791624,1.588488456028506,632700,False,False
INET.JK,222.0,226.66666666666666,230.0,228.4,227.2,208.44,244.82,10.780000000000001,3.292936915218594,36786000,False,False
INDY.JK,2590.0,2633.3333333333335,2608.0,2567.0,2528.5,2239.5950244140627,2757.3368505859376,39.373830891927085,5.216803069963726,4815200,False,False
INDX.JK,60.0,60.0,60.0,60.0,60.0,62.44,82.44,2.4399999999999977,2.837818317547164e-07,0,True,False
INDS.JK,276.0,275.3333333333333,278.0,277.0,274.6,264.72640228271484,323.93360458374025,6.636798858642578,1.7857893528478392,149200,False,False
INDR.JK,2410.0,2366.6666666666665,2368.0,2272.0,2129.75,2034.6,2319.5,37.540000000000006,5.300285780622156,1500,False,False
INDO.JK,173.0,174.66666666666666,175.0,174.4,173.3,166.94,163.79,8.060000000000002,2.149735200419911,11345200,False,False
INDF.JK,7350.0,7375.0,7330.0,7172.5,6998.75,6615.33990234375,6510.167133789062,30.386403906250017,1.0991610807020098,497700,False,False
INCO.JK,5300.0,5358.333333333333,5390.0,5246.5,5079.5,4799.010400390625,5307.353032226562,23.639583984374987,3.6853011489472842,981600,False,False
INCI.JK,660.0,673.3333333333334,671.0,666.0,661.0,647.7213110351563,667.5598291015625,5.122404459635414,1.7174158143014853,62500,True,False
INCF.JK,50.0,50.0,50.0,50.0,50.0,50.0,52.93,0.0,0.0,0,True,False
INAI.JK,176.0,178.0,179.6,179.5,173.35,151.46,168.15,28.139999999999986,1.8642506387650317,11900,False,False
IMPC.JK,1500.0,1550.0,1562.0,1551.0,1527.75,1541.1,1812.65,12.4,1.8188622366820044,3499500,False,False
IMJS.JK,162.0,162.33333333333334,162.8,160.3,155.15,144.34731353759764,159.84234985351563,18.45268646240237,2.445127901149393,357800,False,False
IMAS.JK,860.0,863.3333333333334,864.0,859.0,857.25,838.2259619140625,928.6683898925781,5.154807617187498,0.9272627040521642,900,True,False
IKPM.JK,198.0,198.66666666666666,196.2,191.5,188.0,184.54,195.06,14.126666666666665,2.2745979860308694,38000,False,False
IKBI.JK,655.0,664.4284871419271,625.7886352539062,575.3679046630859,552.0424514770508,512.4312579345703,512.8931158447266,30.399445841471355,7.451615522854958,1838000,False,False
IKAN.JK,83.0,85.0,85.8,85.0,84.95,78.06,85.73,7.739999999999995,2.0374925075684045,1414400,False,False
IKAI.JK,21.0,20.666666666666668,21.4,20.9,20.95,19.22,21.0,2.1799999999999997,5.060193881171618,11241000,False,False
IGAR.JK,442.0,443.3333333333333,443.2,439.4,430.2,419.09391418457034,442.20275726318357,12.119709574381488,1.3811828030762685,4700,False,False
IFSH.JK,1180.0,1111.6666666666667,1103.0,1130.5,1157.0,1199.5,1756.2872351074218,19.3,3.846397795950089,37700,False,False
IFII.JK,204.0,205.33333333333334,205.6,205.8,209.6,213.56,218.76,4.780000000000001,0.8886028393234177,9500,True,False
IDPR.JK,274.0,276.6666666666667,276.8,281.8,290.2,293.4946307373047,295.4104016113281,9.747315368652352,1.6341515740816888,17300,False,False
IDEA.JK,68.0,68.33333333333333,68.0,65.5,64.35,61.04,70.99,7.2933333333333294,3.2146136715915126,208800,False,False
ICON.JK,120.0,116.33333333333333,117.0,113.1,109.1,106.78,112.24,13.219999999999999,5.2273933110016015,17521400,False,False
ICBP.JK,7600.0,7650.0,7540.0,7302.5,7107.5,6681.075888671875,6740.02318359375,38.756964453125,1.8581011851018507,362400,False,False
IBST.JK,8475.0,8475.0,8475.0,8475.0,8475.0,8475.0,7878.3,0.0,0.0,0,True,False
IBOS.JK,70.0,69.66666666666667,68.4,65.9,67.4,73.54,91.27,7.640000000000001,3.107623245577712,743400,False,False
IBFN.JK,63.0,63.0,63.0,63.0,63.0,63.82,71.81,0.8200000000000003,0.0,0,True,False
IATA.JK,127.0,123.66666666666667,116.8,95.6,76.95,68.86,72.87,58.14,12.526167852499725,410806700,False,False
HYGN.JK,167.0,166.33333333333334,165.8,167.5,162.55,148.82,146.70480102539062,18.680000000000007,2.5315110616936813,316800,False,False
HUMI.JK,145.0,149.0,150.2,143.2,138.05,125.76,153.68,24.439999999999984,3.7312569745998414,15463500,False,False
HRUM.JK,840.0,835.0,841.0,842.0,832.5,784.3,867.2,11.54000000000001,3.3526449236351334,12325900,False,False
HRTA.JK,2220.0,2190.0,2138.0,2000.5,1965.75,1955.397197265625,2235.7432763671877,26.4602802734375,2.6451556394639693,5007200,False,False
HRME.JK,43.0,42.333333333333336,42.4,42.3,43.55,44.04,45.98,1.740000000000002,3.7686739935326985,749200,True,False
HOPE.JK,218.0,224.0,222.8,215.8,202.0,156.32,175.25,33.84,2.696606217342683,3200200,False,False
HOMI.JK,185.0,184.66666666666666,183.0,180.2,179.55,185.42,209.96,5.869999999999976,0.5738916739716879,54600,True,False
HOKI.JK,55.0,55.0,54.6,54.2,54.25,53.8,59.76,1.2000000000000028,2.3687926564268458,2899400,True,False
HMSP.JK,750.0,763.3333333333334,762.0,748.5,729.5,681.6,683.7757592773437,16.34666666666667,1.6227800240204755,2177400,False,False
HILL.JK,16.0,16.0,16.0,16.0,16.0,16.06,18.13,0.05999999999999872,0.0,0,True,False
HGII.JK,137.0,131.0,127.0,123.7,122.65,123.80067520141601,130.74827178955078,14.349999999999994,2.861416093425389,1045500,False,False
HEXA.JK,4460.0,4470.0,4464.0,4464.0,4481.0,4413.2,4428.6,6.780000000000018,0.5492996876833325,13400,False,False
HERO.JK,344.0,338.6666666666667,340.4,342.0,341.7,327.68,374.41,8.159999999999997,3.9136350145699645,20000,False,False
HELI.JK,190.0,194.0,192.4,189.1,186.0,180.26,186.4,13.740000000000009,3.15773752708996,445600,False,False
HEAL.JK,780.0,780.0,784.0,791.5,816.75,842.6,986.873515625,12.520000000000005,2.1173285479248447,412100,False,False
HDIT.JK,52.0,50.666666666666664,50.4,50.3,50.5,50.4,54.68,1.7000000000000028,1.5710275755740744,142019900,True,False
HDFA.JK,97.0,97.33333333333333,98.6,96.7,92.65,89.24,95.86,9.36,8.730616818287663,17300,False,False
HBAT.JK,222.0,223.33333333333334,222.0,222.8,241.6,310.16,351.49,44.08000000000001,1.740014246319645,2700,False,False
HATM.JK,590.0,578.3333333333334,562.0,549.5,501.55,422.0664306640625,363.85810028076173,33.5867138671875,6.133922432548348,3484800,False,False
HALO.JK,70.0,70.0,70.2,70.1,68.25,64.6,69.37,5.6000000000000085,2.0525390098765963,267000,True,False
HAJJ.JK,105.0,107.0,107.6,106.4,104.75,102.86,116.06,4.739999999999995,1.9388081081004913,1291600,True,False
HAIS.JK,180.0,181.0,182.0,182.5,182.45,176.36,184.42984420776367,6.139999999999986,1.7531874175496434,42600,False,False
HADE.JK,20.0,19.333333333333332,19.2,18.9,18.75,17.12,18.3,2.879999999999999,3.9638790268348476,12297000,False,False
GZCO.JK,172.0,174.33333333333334,175.0,170.4,161.35,148.96,172.45,26.039999999999992,4.825462182118763,5597300,False,False
GWSA.JK,143.0,140.0,138.4,133.5,129.0,122.3,133.49,20.700000000000003,2.2993851128680802,398200,False,False
GUNA.JK,202.0,203.33333333333334,203.2,201.9,199.7,175.2037448120117,190.07113143920898,14.064794260660818,1.2935772739811993,7500,False,False
GULA.JK,755.0,750.0,764.0,788.0,762.25,664.16,517.99,24.768000000000008,4.215431333857471,4184700,False,False
GTSI.JK,182.0,187.66666666666666,186.0,168.3,157.95,139.70294631958006,176.1807759857178,47.96372034708659,6.1520509284728435,26497100,False,False
GTRA.JK,258.0,256.0,252.8,246.8,239.4,207.92,221.93,25.040000000000006,1.303671280991118,134100,False,False
GTBO.JK,170.0,170.0,170.0,170.0,170.0,174.2,193.59,4.199999999999989,0.0,0,True,False
GSMF.JK,89.0,87.66666666666667,87.8,87.5,87.25,82.72,96.67,6.280000000000001,1.3066068397626278,31084900,False,False
GRPM.JK,228.0,231.33333333333334,232.4,229.2,232.9,238.52,273.22,5.260000000000005,4.015536794178807,226400,False,False
GRPH.JK,63.0,62.666666666666664,61.2,60.0,59.75,58.78,59.37,4.219999999999999,2.2144346345933625,1105000,True,True
GRIA.JK,142.0,143.0,145.8,136.3,125.8,120.66,114.13,25.140000000000015,5.9657462467732705,483500,False,False
GPSO.JK,284.0,284.0,289.6,292.4,305.5,344.62,362.02,30.310000000000002,4.411589906873544,6654000,False,False
GPRA.JK,107.0,107.33333333333333,107.2,105.3,103.7,101.74294067382813,104.48068450927734,5.5903926595051985,1.5347345939403974,2770200,True,True
GOTO.JK,50.0,50.0,50.0,50.0,50.0,50.0,50.85,0.0,0.0,3306300,True,False
GOOD.JK,304.0,303.3333333333333,301.6,297.0,299.1,307.6,322.88630767822264,5.300000000000011,1.3395431617871636,10200,True,False
GOLF.JK,167.0,167.66666666666666,167.8,163.7,164.65,163.0306008911133,174.66669677734376,4.7693991088867165,1.6795382313396965,238900,True,False
GOLD.JK,270.0,271.3333333333333,272.0,268.2,267.8,257.24,268.46,7.3799999999999955,1.3680818042642793,5800,False,False
GMTD.JK,1270.0,1283.3333333333333,1286.0,1305.0,1295.25,1341.8,1488.578621826172,14.35999999999999,2.5218424958628627,200,False,False
GMFI.JK,67.0,64.0,60.4,57.5,55.6,53.3,56.92,13.700000000000003,10.441897107527083,801519200,False,False
GLVA.JK,308.0,307.3333333333333,307.2,306.0,305.5,302.6985369873047,315.75915069580077,2.650731506347654,0.7466044188656229,200,True,False
GJTL.JK,1300.0,1303.3333333333333,1312.0,1286.0,1217.5,1155.6596508789062,1115.3149322509767,31.268069824218763,2.455969177539655,635400,False,False
GIAA.JK,81.0,69.0,62.6,58.2,55.9,54.66,61.09,26.340000000000003,10.83467326155164,1467940700,False,False
GHON.JK,1605.0,1606.6666666666667,1610.0,1622.5,1626.0,1675.2,1735.3,14.04000000000001,0.421681815975084,200,False,False
GGRP.JK,302.0,302.6666666666667,302.4,299.4,296.9,292.88,283.3582821655273,4.893333333333345,0.7206727730981876,33700,True,False
GGRM.JK,20975.0,21150.0,21000.0,20130.0,18766.25,16781.775,15620.3875,174.72899999999993,3.054612672165478,391100,False,False
GEMS.JK,6550.0,6566.666666666667,6560.0,6512.5,6548.75,6399.5,7240.0,6.686666666666679,0.9140827185053062,7900,False,False
GEMA.JK,81.0,81.0,81.0,80.7,80.8,79.02,82.35499839782715,1.980000000000004,0.828198885510578,94200,True,False
GDYR.JK,1080.0,1095.0,1096.0,1098.5,1095.0,1090.9,1098.75,3.7,1.1998178269114594,300,True,False
GDST.JK,129.0,130.0,124.2,111.5,103.0,89.68,94.61,40.31999999999999,6.206743226442065,12514200,False,False
FWCT.JK,93.0,94.0,93.6,92.5,91.25,81.78,90.41,12.219999999999999,2.4113092401225047,1139400,False,False
FUTR.JK,358.0,358.6666666666667,349.2,322.0,288.7,217.9,223.33,70.38333333333334,8.016536454938853,12190200,False,False
FUJI.JK,220.0,211.33333333333334,209.2,207.4,207.5,226.58,284.67,9.590000000000003,2.7810670059456486,3166600,False,False
FPNI.JK,418.0,423.3333333333333,429.2,404.6,366.0,341.0,388.98,44.099999999999994,8.020662218705905,716300,False,False
FORU.JK,2020.0,2153.3333333333335,2340.0,2600.0,2799.5,2935.4,2109.65,91.54,4.697216233400718,461000,False,False
FORE.JK,785.0,793.3333333333334,784.0,734.5,683.75,665.4,748.38,25.58666666666668,3.473805734796589,3573700,False,False
FOOD.JK,176.0,176.0,176.0,176.0,176.0,173.56,185.13,2.4399999999999977,0.0,0,True,False
FOLK.JK,206.0,212.66666666666666,214.4,211.2,214.2,199.7,263.15,7.3500000000000085,2.10528171606416,441000,False,False
FMII.JK,256.0,253.33333333333334,250.8,250.4,249.3,248.48,242.62,3.760000000000005,1.9657796747770167,400,True,False
FLMC.JK,76.0,75.66666666666667,74.4,74.2,69.9,78.54,116.37,8.64,2.985571738926562,59400,False,False
FITT.JK,352.0,353.3333333333333,353.2,353.4,357.1,365.28,374.5,6.639999999999986,1.062858033234117,1900,False,False
FISH.JK,610.0,608.3333333333334,607.0,609.5,622.75,614.4848815917969,682.6964306640625,3.15,0.7712616520519096,9500,True,False
FIRE.JK,109.0,109.66666666666667,109.6,107.8,108.25,104.52,120.82,5.146666666666675,2.016765247131129,1167100,True,False
FILM.JK,1045.0,1040.0,1018.0,1042.5,1166.0,1491.2,2091.65,94.64000000000001,4.970722801109844,4431800,False,False
FAST.JK,358.0,362.6666666666667,358.4,341.2,311.0,269.48,280.2,46.593333333333334,10.111700913741494,516800,False,False
FAPA.JK,7350.0,7358.333333333333,7355.0,7357.5,7333.75,7305.6942578125,7080.006528320312,2.105563020833324,0.3742565599045853,1600,True,False
EXCL.JK,2470.0,2506.6666666666665,2516.0,2494.0,2507.5,2524.6,2754.2,5.459999999999991,2.023293501562887,516800,True,False
EURO.JK,1865.0,1888.3333333333333,1878.0,1889.0,1899.75,1733.7763940429688,2133.7800866699217,33.19472119140623,2.08613006681551,6500,False,False
ESTI.JK,173.0,175.0,175.8,169.4,151.1,133.21568084716796,146.5184828186035,42.58431915283205,13.291318042568012,1149400,False,False
ESTA.JK,178.0,179.33333333333334,182.0,183.4,182.75,182.36,189.34,5.400000000000006,4.199735463877157,107200,False,False
ESSA.JK,680.0,666.6666666666666,651.0,638.5,626.0,588.9709729003906,651.7758178710938,18.205805419921877,2.9612192415525174,36365200,False,False
ESIP.JK,126.0,127.33333333333333,128.6,128.2,130.25,126.00779602050781,121.80149620056153,4.25,2.5389389567850507,7163800,True,True
ERTX.JK,188.0,190.33333333333334,192.8,187.0,173.6,152.28,176.17,40.52000000000001,3.565185568274036,61400,False,False
ERAL.JK,302.0,307.3333333333333,308.8,308.2,297.9,279.28631591796875,288.1580474853516,14.75684204101563,1.9160546401564098,519800,False,False
ERAA.JK,458.0,460.0,458.4,439.4,409.9,366.15311157226563,363.91835540771484,46.923444213867185,3.0672716492654755,9056600,False,False
EPMT.JK,2360.0,2350.0,2350.0,2341.0,2327.0,2314.2,2329.1,4.580000000000018,1.8421891295343873,7000,True,False
EPAC.JK,60.0,60.0,59.8,60.2,63.05,64.34,64.6,4.540000000000006,2.861996824808148,17448900,True,False
ENZO.JK,77.0,79.0,79.4,75.0,70.7,67.1,70.2,12.300000000000011,12.084234710683274,5761300,False,False
ENRG.JK,1255.0,1283.3333333333333,1304.0,1284.0,1353.25,1292.4,1455.55,19.65,3.6460814537410546,31278200,False,False
ENAK.JK,236.0,239.33333333333334,241.6,243.4,250.0,261.72,305.36,12.860000000000014,1.9986979271942749,23200,False,False
EMTK.JK,510.0,518.3333333333334,523.0,523.0,526.25,528.572919921875,652.6687567138672,3.7145839843750084,1.7204652668263745,9818500,True,False
EMDE.JK,79.0,80.0,80.8,75.1,72.55,67.28,71.3,13.519999999999996,5.478115395346763,1847700,False,False
EMAS.JK,7650.0,7583.333333333333,7545.0,7040.0,6470.0,6496.0,7391.25,47.2,2.5375459596455383,3046100,False,False
ELTY.JK,38.0,39.666666666666664,37.8,34.4,30.65,26.98,33.4,12.686666666666664,7.918463390905578,431403400,False,False
ELSA.JK,700.0,703.3333333333334,698.0,693.5,679.0,612.0154614257813,638.3187145996094,18.26357438151042,1.9476978833254868,3557600,False,False
ELPI.JK,715.0,731.6666666666666,733.0,732.0,849.5,1020.3819921875,1381.7207458496093,61.0763984375,5.086037079901018,456700,False,False
ELIT.JK,171.0,173.0,174.2,173.6,174.15,172.64,187.28,3.1999999999999886,1.270296990576564,795600,True,False
EKAD.JK,177.0,178.0,175.8,172.6,170.8,167.4166665649414,167.79222091674805,10.583333435058591,1.519477685242078,1500,False,False
ECII.JK,159.0,160.33333333333334,161.4,162.5,156.0,138.64,159.12,23.860000000000014,4.801005310748723,320300,False,False
EAST.JK,90.0,90.32608795166016,90.58695831298829,90.09782791137695,89.31521797180176,87.35869659423828,86.92552474975587,3.228261718750005,0.9634833637640008,806600,True,False
DYAN.JK,85.0,85.33333333333333,85.4,84.3,82.45,78.5,80.46,6.900000000000006,1.517442821025306,45700,False,False
DWGL.JK,392.0,394.6666666666667,391.6,377.8,306.2,264.6,266.98,65.03333333333333,7.5613507704261815,220100,False,False
DVLA.JK,1580.0,1581.6666666666667,1583.0,1586.0,1580.0,1535.1939282226563,1535.8326257324218,10.161214355468747,0.6111867281148414,1600,False,False
DUTI.JK,4300.0,4293.333333333333,4292.0,4291.0,4246.0,4030.0908740234377,3891.0952880859377,26.990912597656234,0.07371276597129191,5200,False,False
DSSA.JK,945.0,968.3333333333334,948.0,892.5,871.25,812.5,1384.23,31.166666666666675,4.308576450407272,316466600,False,False
DSNG.JK,1300.0,1333.3333333333333,1345.0,1350.0,1305.25,1195.2862646484375,1355.0041625976562,30.9427470703125,2.69613468757756,1492900,False,False
DSFI.JK,81.0,81.33333333333333,82.0,81.1,80.4,73.24,83.14,8.760000000000005,1.8075219773013047,497400,False,False
DRMA.JK,970.0,965.0,961.0,955.5,936.0,925.1,940.33,8.979999999999995,0.7971001006035909,299600,False,False
DPUM.JK,98.0,98.66666666666667,99.6,98.5,98.6,109.08,128.1,11.079999999999998,1.5640292050150055,794300,False,False
DOSS.JK,173.0,176.0,176.4,166.5,151.25,139.4375550842285,142.60108070373536,36.9624449157715,6.481081839154307,432400,False,False
DOOH.JK,246.0,257.3333333333333,264.0,254.6,209.6,155.18,152.1,54.41,4.796551406245659,37565100,False,False
DOID.JK,212.0,215.33333333333334,216.0,214.8,216.5,206.6,226.38,4.950000000000003,2.2237714408038283,84500,True,False
DNET.JK,10000.0,9858.333333333334,9835.0,9812.5,9757.5,9953.5,9634.25,9.7,1.3486776606442006,5200,False,False
DNAR.JK,123.0,123.66666666666667,124.0,123.8,121.2,114.5,124.72,9.5,1.0457387620457983,10600,False,False
DMND.JK,620.0,626.6666666666666,629.0,623.0,620.25,608.0507958984375,618.3575970458984,4.189840820312497,1.525892648986545,1500,True,False
DMMX.JK,193.0,196.66666666666666,190.2,186.3,178.1,165.7990008544922,183.3122380065918,30.867665812174465,4.447942721654755,575900,False,False
DMAS.JK,147.0,148.0,147.8,146.3,142.3,138.89880798339843,132.48625816345213,9.101192016601573,1.537625176244318,3871700,False,False
DLTA.JK,1785.0,1786.6666666666667,1784.0,1781.0,1775.5,1741.8046044921875,1763.6265930175782,8.97241243489584,0.3698516368479167,4600,False,False
DKHH.JK,62.0,63.666666666666664,64.2,63.3,63.4,60.24,65.28,3.960000000000001,1.79063809980598,4051600,True,False
DKFT.JK,670.0,673.3333333333334,680.0,674.5,664.5,650.6,697.5,5.8799999999999955,2.8462881876261505,892700,True,False
DIVA.JK,140.0,141.0,140.0,133.6,126.65,115.92,132.48,25.08,3.764009453581941,2038600,False,False
DILD.JK,119.0,117.33333333333333,117.6,117.1,116.25,114.46,120.21,4.540000000000006,1.6874305859113525,8284400,True,False
DIGI.JK,29.0,29.0,29.0,29.0,29.0,29.84,32.01,0.8399999999999999,0.0,0,True,False
DGWG.JK,316.0,315.3333333333333,313.2,299.6,291.2,290.51721740722655,324.906953125,12.741391296386723,1.3798309997003868,2817800,False,False
DGNS.JK,234.0,234.0,238.0,235.4,233.1,229.92,251.28,4.040000000000006,3.039388142097097,4400,True,False
DGIK.JK,140.0,133.66666666666666,131.8,129.7,129.95,126.24,128.89,13.760000000000005,2.0886155150391614,2960200,False,False
DFAM.JK,81.0,81.66666666666667,82.0,81.1,82.55,85.92,95.14,4.920000000000002,3.2269348359041357,1357200,True,False
DEWI.JK,128.0,127.0,126.0,122.6,121.45,119.4,121.82,8.599999999999994,0.9852985910412636,19223600,False,False
DEWA.JK,460.0,470.6666666666667,473.2,464.2,440.8,367.03529083251954,414.62395217895505,53.082354583740226,2.036948158132749,338702000,False,False
DEPO.JK,238.0,240.0,240.4,242.0,242.8,242.49250274658203,246.1536065673828,2.4000000000000057,1.3891809928414753,18600,True,False
DEFI.JK,108.0,109.0,110.8,107.6,107.5,108.58,120.82,3.299999999999997,3.963596862812758,2675700,False,False
DCII.JK,206000.0,205883.33333333334,203530.0,196880.0,194380.0,190812.0,195721.0,607.52,2.0937683905198745,300,False,False
DAYA.JK,990.0,991.6666666666666,987.0,984.0,980.75,1000.0,1014.85,3.85,1.5192138732344653,6300,True,False
DATA.JK,1910.0,1935.0,1946.0,1974.0,2034.75,1936.5,2109.95,24.95,2.7989485625791772,427800,False,False
DART.JK,140.0,140.0,138.4,132.9,129.25,124.24,134.44,15.760000000000005,2.8541316579902136,44600,False,False
DADA.JK,50.0,50.0,50.0,50.0,50.0,50.0,50.0,0.0,0.0,25300,True,False
DAAZ.JK,1760.0,1681.6666666666667,1638.0,1583.5,1559.25,1604.0266625976562,1908.4666589355468,40.15,2.555241816663535,251800,False,False
CYBR.JK,580.0,583.3333333333334,576.0,562.0,568.5,589.0,620.05,5.4,1.82896686995457,962900,True,False
CUAN.JK,695.0,715.0,708.0,684.0,683.25,667.6,881.36,9.479999999999995,3.0666319138882354,51167100,False,False
CTTH.JK,134.0,134.0,133.4,129.3,128.75,127.0,129.64,7.0,3.8008297184423494,2257800,False,False
CTRA.JK,610.0,616.6666666666666,614.0,594.0,583.25,554.5642028808594,603.8652508544922,12.420492757161446,2.3702837212444607,840400,False,False
CTBN.JK,4010.0,4010.0,4012.0,4092.0,4419.5,5125.6026953125,5194.130639648438,111.56026953125001,2.3275265132689844,200,False,False
CSRA.JK,745.0,750.0,747.0,753.5,764.0,758.9,831.15,3.8,2.3827980193926606,11000,True,False
CSMI.JK,79.0,79.33333333333333,78.6,76.5,76.45,74.22,84.58,5.11333333333333,2.4971410507952205,2402000,True,False
CSIS.JK,196.0,198.66666666666666,198.6,191.0,182.95,161.97520080566406,162.7392014312744,36.6914658610026,2.5729592201526756,586200,False,False
CSAP.JK,286.0,288.0,288.8,288.4,287.9,279.97379028320313,280.28468811035157,4.413104858398441,1.0565448657331697,35300,True,False
CRSN.JK,121.0,120.66666666666667,116.6,112.3,107.8,102.16660186767578,105.62272422790528,18.83339813232422,3.476396318200503,483300,False,False
CRAB.JK,208.0,208.0,208.0,208.0,208.0,208.92,211.44,0.45999999999999375,0.0,0,True,False
CPRO.JK,50.0,50.666666666666664,50.4,50.4,50.45,50.24,52.77,0.6666666666666643,1.6170151271130158,8576300,True,False
CPIN.JK,3110.0,3110.0,3120.0,3164.0,3160.0,3216.0,3614.227646484375,10.6,2.116716150244081,1208900,False,False
COIN.JK,680.0,700.0,705.0,682.0,701.25,704.9,916.15,5.0,4.808696591336099,3021000,False,False
COCO.JK,103.0,105.0,106.8,106.5,117.5,149.051690826416,242.405845413208,46.05169082641601,4.225688108123653,70848600,False,False
COAL.JK,27.0,25.0,23.4,22.3,21.9,27.3,42.69,5.400000000000002,4.7609781090843155,16492500,False,False
CNMA.JK,95.0,95.66666666666667,95.2,93.9,92.85,89.76,94.93778213500977,5.906666666666666,2.4509618191329885,6372400,True,True
CNKO.JK,37.0,37.0,37.0,37.0,37.0,37.44,46.26,0.4399999999999977,0.0,0,True,False
CMRY.JK,4570.0,4643.333333333333,4668.0,4649.0,4631.0,4514.0,4510.727983398438,15.4,1.910673781182072,190200,False,False
CMPP.JK,69.0,69.0,69.0,69.0,69.0,69.98,75.36,0.980000000000004,0.0,0,True,False
CMNT.JK,800.0,801.6666666666666,799.0,802.5,797.25,791.8,788.15,2.140000000000009,1.5381816165451705,196200,True,False
CMNP.JK,1345.0,1361.6666666666667,1366.0,1359.5,1352.5,1348.5,1414.5,4.2,0.9892904270688112,3200,True,False
CLPI.JK,1600.0,1606.6666666666667,1606.0,1586.5,1564.75,1500.0764477539062,1468.2088110351563,21.318043782552103,0.8546743437927011,500,False,False
CLEO.JK,384.0,384.0,386.0,384.6,382.0,376.5493975830078,386.12143157958985,4.7253012084960915,1.341355758431448,1659000,True,False
CLAY.JK,2900.0,2800.0,2780.0,2644.0,2532.5,2624.2,2718.9,36.75,3.8179416415916503,16800,False,False
CITY.JK,176.0,175.66666666666666,176.2,173.4,171.8,160.12,172.38,16.079999999999984,1.3874719354804368,146200,False,False
CITA.JK,3240.0,3250.0,3256.0,3253.0,3262.5,3093.6,3339.3519384765623,16.890000000000008,1.1110077414139174,3400,False,False
CINT.JK,174.0,175.66666666666666,176.6,176.2,173.25,168.24,183.62,8.359999999999985,2.286843517452249,201000,False,False
CHIP.JK,890.0,896.6666666666666,904.0,910.5,921.75,931.8842333984375,990.3431341552734,8.376846679687493,0.9020290778163554,24300,False,False
CHEM.JK,66.0,66.66666666666667,66.4,65.4,65.55,62.14,75.79879661560058,4.526666666666671,1.1277917017712742,2938000,True,False
CHEK.JK,133.0,134.0,134.0,132.9,132.2,126.3,130.96,7.700000000000003,1.7065960805010323,103600,False,False
CGAS.JK,153.0,153.33333333333334,153.4,153.2,153.9,149.69333251953125,157.23277603149415,4.206667480468752,1.022260468467842,320900,True,False
CFIN.JK,346.0,350.6666666666667,350.8,346.2,341.2,323.0920666503906,308.17418579101565,13.853966674804695,1.1217265959256661,83500,False,False
CENT.JK,85.0,83.66666666666667,82.6,81.3,81.0,76.06,86.89,8.939999999999998,2.4355338560945397,3852600,False,False
CEKA.JK,2200.0,2213.3333333333335,2212.0,2208.0,2192.0,2152.95625,2165.8734375,6.03770833333333,0.7812127052236297,3900,False,False
CDIA.JK,675.0,690.0,687.0,668.5,673.5,662.4,806.6045373535156,5.520000000000005,2.648498664884314,12089000,True,False
CCSI.JK,256.0,254.0,250.8,248.2,248.5,245.8,251.34,5.099999999999994,2.4538338811399174,39100,True,False
CBUT.JK,815.0,833.3333333333334,829.0,828.0,818.0,725.12,763.56,21.642666666666674,1.7428381853796155,3100,False,False
CBRE.JK,675.0,680.0,683.0,681.5,705.25,689.5,779.4,6.05,0.8333256126019493,1025200,False,False
CBPE.JK,575.0,573.3333333333334,533.0,431.9,360.15,311.910361328125,311.0072219848633,52.617927734374994,8.655931248675204,111500,False,False
CBDK.JK,3750.0,3790.0,3812.0,3770.0,3677.0,3556.371025390625,4058.549111328125,25.562897460937485,3.470887094167738,302600,False,False
CASS.JK,1910.0,1911.6666666666667,1907.0,1904.0,1881.0,1827.2,1826.8,16.893333333333338,1.0367440117959517,30700,False,False
CASH.JK,218.0,223.33333333333334,226.0,228.8,222.6,194.46,200.26,17.17,1.4732592114409988,647900,False,False
CASA.JK,1800.0,1800.0,1800.0,1817.0,1824.0,1767.3,1550.0,11.340000000000009,0.3871257148923292,900,False,False
CARS.JK,90.0,90.33333333333333,91.2,91.1,89.3,87.54,90.69,3.6599999999999966,1.6866457593608368,286000,True,False
CARE.JK,426.0,424.6666666666667,424.8,423.2,423.3,417.48,414.96,4.259999999999991,0.39920090911398765,10100,True,False
CANI.JK,135.0,135.0,135.0,135.0,135.0,134.24,140.06,0.7599999999999909,0.0,0,True,False
CAMP.JK,172.0,171.66666666666666,171.2,170.5,170.2,171.7,184.8,1.8000000000000114,0.2841558791055925,24900,True,False
CAKK.JK,141.0,140.66666666666666,140.2,137.7,137.0,137.02,149.03,4.0,3.349198306545753,6400,True,False
BYAN.JK,12050.0,12058.333333333334,12070.0,12072.5,12015.0,11267.78341796875,11264.176591796875,32.18866328124997,0.4044086588904785,100,False,False
BWPT.JK,95.0,94.33333333333333,93.0,88.7,83.65,78.28,98.69,16.72,4.04266502025096,78505800,False,False
BVIC.JK,92.0,92.0,92.8,92.9,91.9,86.7,95.56,6.200000000000003,1.2818786841018184,185400,False,False
BUVA.JK,750.0,766.6666666666666,775.0,792.0,846.75,809.3,919.05,19.35,4.9277658161021405,33917100,False,False
BUMI.JK,183.0,185.66666666666666,183.0,173.7,168.4,156.1,187.24,29.566666666666663,2.9679604661625913,1068173900,False,False
BULL.JK,436.0,443.3333333333333,449.2,443.0,417.3,372.2,405.37,38.5,5.7924269189850985,102237000,False,False
BUKK.JK,1010.0,1010.0,1010.0,1016.0,1052.0,1047.5,1133.85,8.4,1.7100401382958823,100,False,False
BUKA.JK,115.0,116.66666666666667,117.6,117.6,115.1,108.48,126.74,9.11999999999999,1.3206716886747811,14300700,False,False
BUDI.JK,216.0,216.0,217.2,214.6,210.2,206.88,208.64,5.159999999999997,1.9587623855028349,117000,True,False
BUAH.JK,505.0,510.0,511.0,507.0,509.5,509.42524658203126,508.4720211791992,1.2,0.9722719308048565,439500,True,False
BTPS.JK,990.0,991.6666666666666,991.0,988.5,1001.25,981.2,993.7902917480469,4.009999999999991,0.9164983849390934,145900,True,False
BTPN.JK,2160.0,2160.0,2162.0,2167.0,2201.0,2167.1,2130.509499511719,4.1,1.2586144717133463,4000,True,False
BTON.JK,352.0,362.6666666666667,362.4,360.8,358.1,354.28,366.64,5.333333333333343,2.286306745657185,3200,True,False
BTEK.JK,11.0,11.0,10.8,10.8,10.95,10.78,12.2,0.22000000000000064,5.234258251453981,61892100,False,False
BSSR.JK,4310.0,4320.0,4322.0,4310.0,4292.0,4040.7919482421876,3810.4035961914065,28.120805175781243,0.4283941558725516,108200,False,False
BSML.JK,515.0,518.3333333333334,516.0,516.5,517.25,485.7,435.95,6.526666666666676,1.5443721428637263,446600,False,False
BSIM.JK,700.0,701.6666666666666,702.0,699.0,698.0,707.3,786.35,1.859999999999991,1.289277815232829,400,True,False
BSDE.JK,590.0,595.0,595.0,583.0,579.0,574.8,663.05,4.040000000000009,1.7835206815959836,2081100,True,False
BSBK.JK,53.0,53.333333333333336,53.2,52.7,52.5,51.82,54.73,1.5133333333333354,1.3963465210253212,1534000,True,False
BRRC.JK,57.0,58.333333333333336,58.2,57.7,58.5,57.46,65.85,1.5,1.5047667849194764,1325300,True,False
BRPT.JK,1830.0,1873.3333333333333,1873.0,1846.0,1801.75,1679.9930297851563,1754.2419201660157,38.66806070963539,2.1835660652602127,48154200,False,False
BRNA.JK,640.0,636.6666666666666,642.0,631.0,615.0,597.8,628.4,8.840000000000009,5.9436362299114585,3700,False,False
BRMS.JK,615.0,615.0,613.0,586.5,582.5,557.6,660.7,11.479999999999995,2.016210990791416,89318000,False,False
BRIS.JK,1795.0,1803.3333333333333,1801.0,1796.0,1819.25,1795.9,1869.006788330078,4.85,1.2704825630155137,2035600,True,False
BREN.JK,3340.0,3406.6666666666665,3398.0,3336.0,3417.5,3543.125849609375,4104.420966796875,20.712584960937512,3.016261214626646,5683000,False,False
BRAM.JK,4610.0,4573.333333333333,4564.0,4528.0,4508.5,4458.033706054687,4394.843552246094,15.196629394531282,1.203598878635389,100,False,False
BPTR.JK,76.0,77.33333333333333,76.2,75.2,74.15,70.74,76.32,6.593333333333334,2.475738087946024,1084400,False,False
BPII.JK,434.0,442.0,444.4,440.6,440.0,443.76,455.96,5.199999999999989,2.116048490765404,35300,True,False
BPFI.JK,262.0,260.0,262.4,262.8,258.4,251.78228607177735,256.8131462097168,5.508856964111331,2.9400908748568804,74800,True,False
BOLT.JK,810.0,806.6666666666666,805.0,800.0,795.5,784.4,819.4525256347656,5.1200000000000045,1.0070510568602422,2400,True,False
BOLA.JK,157.0,157.66666666666666,157.4,158.6,160.95,152.66,158.92,8.289999999999992,1.2840147022958548,2300,False,False
BOGA.JK,1645.0,1638.3333333333333,1654.0,1649.5,1582.75,1441.2,1421.8,42.55999999999999,5.213727787063136,10000,False,False
BOBA.JK,206.0,212.0,213.2,220.6,228.0,266.6816784667969,242.7953823852539,30.34083923339844,2.168471333416061,294500,False,False
BOAT.JK,134.0,134.33333333333334,134.0,134.6,127.25,114.68,126.1,19.919999999999987,4.390204903913818,228500,False,False
BNLI.JK,2170.0,2180.0,2184.0,2189.0,2276.5,2498.4,2797.0585620117185,32.84000000000001,1.4577247597884502,1100,False,False
BNII.JK,193.0,193.66666666666666,194.4,192.4,191.15,188.82,193.71723022460938,5.5800000000000125,0.824924672949697,65400,True,False
BNGA.JK,1645.0,1648.3333333333333,1650.0,1647.0,1638.25,1594.1,1626.2831689453126,11.180000000000017,0.32029997893895384,435200,False,False
BNBR.JK,102.0,104.33333333333333,103.8,99.8,100.25,95.55951477050782,126.94768531799316,8.773818562825511,5.641530434165477,624634000,False,False
BNBA.JK,735.0,738.3333333333334,737.0,739.0,742.25,731.5,724.45,2.15,0.6392115396267489,29000,True,False
BMTR.JK,114.0,115.66666666666667,115.8,115.0,116.75,115.72,132.06,2.75,2.171997795553317,6621400,True,False
BMSR.JK,308.0,306.6666666666667,305.6,308.0,310.0,297.6,310.18,6.199999999999989,0.6893402642979293,56800,False,False
BMRI.JK,4170.0,4196.666666666667,4202.0,4188.0,4249.5,4154.2,4193.46966796875,9.530000000000019,1.1623644323015234,27097100,False,False
BMHS.JK,190.0,191.0,190.8,189.0,184.25,179.8502102661133,182.4863786315918,11.149789733886706,1.2451250923489334,28200,False,False
BMBL.JK,31.0,31.666666666666668,32.0,32.3,31.8,31.74,33.18,1.2999999999999972,1.7573879863124513,95700,True,False
BMAS.JK,500.0,503.3333333333333,492.4,488.2,487.1,481.44,490.43,10.946666666666658,1.9965831718684353,108100,False,False
BLUE.JK,2420.0,2460.0,2464.0,2494.0,2696.5,2913.9569482421875,3072.3107104492187,49.39569482421875,3.107174537521774,13100,False,False
BLTA.JK,33.0,33.0,32.8,32.6,33.45,33.26,37.47,0.8500000000000014,2.25561056607668,5067700,True,False
BLOG.JK,382.0,380.6666666666667,377.2,365.2,368.5,346.20758666992185,353.85586334228515,17.896206665039074,2.3956532660434506,24600,False,False
BLES.JK,208.0,211.33333333333334,209.6,201.6,178.8,153.81973754882813,151.68538749694824,28.756797892252607,5.142311823747545,1986100,False,False
BKSW.JK,52.0,52.333333333333336,52.0,52.3,52.5,51.84,54.62,0.6599999999999966,1.6675740138245367,603500,True,False
BKSL.JK,73.0,74.33333333333333,74.6,71.0,69.7,65.64,84.3,8.959999999999994,3.7533837581807505,99885200,False,False
BKDP.JK,169.0,169.0,169.0,169.0,159.7,133.38,105.58,35.620000000000005,4.981670286566631,0,False,False
BJTM.JK,515.0,516.6666666666666,518.0,517.0,519.0,513.84,517.6546145629883,1.0319999999999936,0.9176562648958817,968600,True,False
BJBR.JK,790.0,791.6666666666666,790.0,787.5,785.0,770.0,768.0345349121094,4.333333333333326,0.8246762725836366,304500,True,False
BISI.JK,685.0,690.0,690.0,674.5,662.25,661.2994323730469,712.0936193847656,5.740113525390621,1.1539935510049433,115400,True,False
BIRD.JK,1630.0,1621.6666666666667,1619.0,1609.5,1613.0,1526.2737573242186,1488.6058483886718,20.74524853515627,1.0011144569848838,145100,False,False
BIPP.JK,71.0,72.33333333333333,70.8,66.6,66.7,60.82,65.88,11.513333333333328,3.2524084842691083,7354000,False,False
BIPI.JK,151.0,155.33333333333334,154.6,148.4,149.65,142.8,184.08,12.533333333333331,2.9346829290508327,188857700,False,False
BINO.JK,113.0,113.0,113.0,111.1,108.65,100.56,109.83,12.439999999999998,1.6001588443499484,3300,False,False
BINA.JK,4000.0,4000.0,4016.0,4110.0,4101.5,3918.6,4051.2,19.140000000000008,2.936768214685141,136500,False,False
BIKE.JK,510.0,510.0,510.0,510.0,510.0,510.0,500.85,0.0,2.856066440334109e-07,0,True,False
BHIT.JK,27.0,26.666666666666668,26.2,25.8,25.8,26.34,29.59,1.1999999999999993,3.0863530710891536,12557900,True,False
BHAT.JK,1770.0,1770.0,1770.0,1770.0,1770.0,1565.2,1452.6,40.959999999999994,0.0,0,False,False
BGTG.JK,112.0,112.66666666666667,111.8,111.7,111.35,108.58,114.07,4.086666666666673,3.2065879883669512,366600,True,False
BFIN.JK,900.0,903.3333333333334,912.0,906.0,844.25,765.8,740.8035522460938,29.24000000000001,3.177385106755981,968300,False,False
BEST.JK,111.0,110.0,110.6,107.8,104.9,100.1,103.19,10.900000000000006,3.712068330119288,1114600,False,False
BESS.JK,920.0,915.0,906.0,894.5,898.25,912.7293786621094,1034.098589477539,5.1,1.9014208916158892,5800,True,False
BELL.JK,115.0,117.33333333333333,118.0,116.2,116.3,106.5,124.21,11.5,3.591251168850704,7748400,False,False
BELI.JK,258.0,258.6666666666667,256.0,255.4,257.0,273.68,329.42,9.14,1.2489770025400166,540200,False,False
BEKS.JK,23.0,22.333333333333332,22.2,21.6,21.4,21.06,23.85,1.9400000000000013,4.430623080993482,7929600,False,False
BEER.JK,73.0,73.66666666666667,73.8,74.4,76.25,80.84,103.68,7.840000000000003,1.2607843438507929,641000,False,False
BEEF.JK,426.0,430.6666666666667,427.6,412.8,360.7,251.36,234.3,89.65333333333334,2.690487395537705,2867700,False,False
BDMN.JK,4340.0,4376.666666666667,4376.0,4265.0,4214.5,4096.4,3797.863059082031,28.026666666666735,2.732437394119463,284900,False,False
BDKR.JK,161.0,161.66666666666666,162.8,161.7,154.65,143.46502151489258,147.8484644317627,19.334978485107428,3.116020045190292,432300,False,False
BCIP.JK,63.0,63.333333333333336,63.2,63.2,62.7,60.32,65.49,3.0133333333333354,1.0499533910611225,2522600,True,False
BCIC.JK,128.0,127.66666666666667,127.4,126.8,126.05,120.82,123.17,7.180000000000007,1.33966215801993,157600,False,False
BCAP.JK,50.0,50.0,50.0,50.0,50.1,50.04,50.84,0.10000000000000142,0.0,979700,True,False
BBYB.JK,260.0,264.6666666666667,262.8,256.6,252.7,234.76,267.68,14.953333333333347,3.998228213912648,3454100,False,False
BBTN.JK,1220.0,1228.3333333333333,1225.0,1217.5,1227.0,1196.6,1259.9,6.346666666666669,0.9581902069885554,1945500,False,False
BBSS.JK,115.0,104.33333333333333,100.8,97.9,97.1,98.24,131.02,17.900000000000006,4.693333057726392,19082800,False,False
BBSI.JK,4700.0,4653.333333333333,4670.0,4681.0,4691.0,4609.6,4641.4,9.039999999999964,0.7962578250907965,400,False,False
BBRM.JK,116.0,117.0,117.6,116.4,116.15,110.68,126.08,6.9199999999999875,2.4454101248739324,614700,False,False
BBRI.JK,3080.0,3100.0,3072.0,3039.0,2999.5,2900.6,3025.4878344726562,19.94000000000001,1.5234025917081415,40498100,False,False
BBNI.JK,3620.0,3633.3333333333335,3630.0,3587.0,3567.5,3478.4,3643.8861254882813,15.49333333333334,1.6145735007495579,4618500,False,False
BBMD.JK,2040.0,2013.3333333333333,2006.0,1993.5,1976.75,1949.7913256835936,1941.214697265625,9.020867431640635,1.135987129040719,52800,False,False
BBLD.JK,620.0,611.6666666666666,610.0,607.5,599.5,575.8,635.7210736083985,8.840000000000009,4.257878668333239,68100,False,False
BBKP.JK,55.0,55.333333333333336,55.2,53.9,53.8,52.86,56.95,2.4733333333333363,1.4641070704397634,11305400,True,False
BBHI.JK,910.0,908.3333333333334,910.0,913.5,918.5,923.2055334472657,1046.7757086181641,2.9744400227864616,1.8027561045105045,11500,True,False
BBCA.JK,6275.0,6341.666666666667,6365.0,6367.5,6353.75,6079.5,6175.713037109375,11.52,1.7618104340944771,25344500,False,False
BAYU.JK,1190.0,1181.6666666666667,1179.0,1164.0,1160.0,1131.2,1187.9148046875,11.759999999999991,1.9787680193367154,3200,False,False
BAUT.JK,37.0,35.333333333333336,34.0,31.7,30.45,27.82,30.11,9.18,3.13674536251936,11236400,False,False
BATR.JK,93.0,93.33333333333333,93.6,92.5,91.85,86.79931060791016,87.50195434570313,6.800689392089836,1.3448929087567159,318200,False,False
BATA.JK,59.0,59.0,59.0,59.0,59.0,59.98,61.35,0.9799999999999969,0.0,0,True,False
BAPI.JK,20.0,19.0,18.4,18.9,17.15,17.22,21.95,2.8500000000000014,6.036805953828249,28030800,False,False
BAPA.JK,152.0,154.33333333333334,158.8,163.9,191.4,241.32,210.15,89.32,2.891778896905105,1978000,False,False
BANK.JK,272.0,270.6666666666667,272.8,275.6,284.0,273.6,377.18,6.666666666666657,1.2351053250583917,245900,False,False
BALI.JK,1230.0,1216.6666666666667,1216.0,1223.0,1227.75,1232.6,1253.15,3.3199999999999816,1.362710687406818,100,True,False
BAJA.JK,362.0,362.0,345.6,292.1,231.75,182.98,167.19,89.51,11.27156781813528,0,False,False
BAIK.JK,560.0,661.6666666666666,702.0,734.0,719.25,653.1,569.72,34.8,6.633889901549813,2737800,False,False
BACA.JK,116.0,117.66666666666667,117.0,116.2,115.15,110.22,121.62,7.4466666666666725,1.6961589473360894,221500,False,False
BABY.JK,200.0,191.66666666666666,191.2,189.4,189.3,178.42,197.36,21.580000000000013,2.584841466918171,26428300,False,False
BABP.JK,50.0,50.0,50.0,50.0,50.0,50.02,50.73,0.020000000000003126,0.0,155100,True,False
AYLS.JK,159.0,161.0,161.0,158.4,155.3,142.54,161.43,18.460000000000008,3.727942031439223,404600,False,False
AYAM.JK,452.0,456.6666666666667,454.8,441.0,413.7,368.44,346.92,44.113333333333344,2.4769259157566683,2220000,False,False
AXIO.JK,113.0,113.66666666666667,113.8,112.5,112.8,108.90910888671876,109.54287300109863,4.890891113281242,1.180300542293025,126400,True,False
AWAN.JK,153.0,153.66666666666666,155.6,157.9,154.0,147.24,149.5,10.659999999999997,2.4186329032028278,47700,False,False
AVIA.JK,324.0,326.0,326.4,324.8,327.4,319.52,343.70000244140624,3.9399999999999977,0.8920703045999234,830300,True,False
AUTO.JK,2810.0,2800.0,2794.0,2771.0,2703.5,2535.0,2530.5999975585937,27.5,0.8803718579405543,326600,False,False
ATLA.JK,50.0,50.0,50.0,50.0,50.1,49.93837989807129,50.3790087890625,0.1616201019287118,0.0,15745600,True,False
ATIC.JK,470.0,471.3333333333333,468.8,469.6,474.1,475.4,499.7,3.299999999999983,1.927188234106095,13500,True,False
ATAP.JK,575.0,576.6666666666666,579.0,573.5,571.25,481.08,495.87,19.584000000000003,3.8651657855651598,242600,False,False
ASSA.JK,625.0,630.0,634.0,618.5,617.5,599.821875,691.740625,6.835625000000005,2.117735177609528,509900,False,False
ASRM.JK,272.0,270.0,267.6,265.2,263.2,251.99864624023436,266.8724026489258,10.000676879882818,0.7307772238321336,13200,False,False
ASRI.JK,123.0,123.66666666666667,123.6,120.4,121.2,114.50868392944336,121.2806575012207,9.157982737223307,1.5451807073943478,643200,False,False
ASPR.JK,158.0,154.0,152.2,150.0,151.3,158.31459381103517,214.52733993530273,8.314593811035166,2.370445195468721,20095200,False,False
ASPI.JK,426.0,426.0,424.8,414.2,424.0,396.26,394.17,14.870000000000005,1.300958173840912,40600,False,False
ASMI.JK,17.0,16.666666666666668,16.4,16.3,17.7,16.04,17.32,1.6600000000000001,4.42053111121554,37457900,False,False
ASLI.JK,197.0,198.33333333333334,199.4,197.2,198.4,203.18,260.25,6.180000000000007,1.9444312372948143,29600,False,False
ASLC.JK,63.0,63.333333333333336,62.8,63.1,63.85,61.48,68.31,2.3700000000000045,2.524639559960926,1180300,True,False
ASJT.JK,153.0,153.0,153.6,154.2,157.9,156.72,170.70761642456054,4.900000000000006,3.3336899337513213,18100,True,False
ASII.JK,4970.0,5023.333333333333,5039.0,5038.0,5029.5,4858.8,5324.663984375,18.019999999999982,1.5870668976414883,4621600,False,False
ASHA.JK,60.0,60.333333333333336,60.4,58.5,58.35,56.46,64.21,3.9399999999999977,2.862580444923223,9198700,True,False
ASGR.JK,1780.0,1785.0,1789.0,1811.5,1860.75,1666.3,1599.4248742675782,38.89000000000001,1.692180907160108,68700,False,False
ASDM.JK,510.0,511.6666666666667,513.0,511.3,512.4,502.8243469238281,520.3634494018555,2.0351306152343795,1.8177313314958234,12100,True,False
ASBI.JK,424.0,426.0,428.0,425.2,424.5,414.7477374267578,410.9912991333008,6.626131286621103,2.4209256150239016,100,False,False
ARTO.JK,1265.0,1286.6666666666667,1300.0,1261.5,1283.5,1109.7,1203.9,38.05999999999999,4.065137448726581,929600,False,False
ARTA.JK,2390.0,2373.3333333333335,2402.0,2449.0,2474.5,2423.3,2549.55,10.116666666666651,3.2384754091789882,6500,False,False
ARNA.JK,494.0,498.0,498.8,495.4,485.0,456.12,468.5502734375,21.340000000000003,0.6668682155219475,499200,False,False
ARKO.JK,4800.0,4760.0,4670.0,4653.0,4863.5,4991.1,6392.55,33.81000000000004,4.610023896134682,710400,False,False
ARKA.JK,22.0,22.0,22.0,22.0,22.0,23.4,27.55,1.3999999999999986,0.0,0,True,False
ARII.JK,276.0,276.0,277.6,275.2,273.3,275.32,278.2,2.1500000000000057,1.1805337553145854,400,True,False
ARGO.JK,1095.0,1158.3333333333333,1170.0,1172.5,1138.0,987.8,971.75,36.94000000000001,2.5669993717672988,38800,False,False
AREA.JK,276.0,274.0,276.8,277.0,278.9,247.36,275.96,15.769999999999982,3.306919645808236,93400,False,False
ARCI.JK,1290.0,1263.3333333333333,1225.0,1144.5,1113.5,1042.5,1242.4646459960939,49.5,2.321997127619194,9509600,False,False
APLN.JK,128.0,129.33333333333334,130.0,125.9,129.65,124.52,146.95,5.480000000000004,3.3325226571612188,4925700,True,False
APLI.JK,256.0,257.3333333333333,257.2,252.0,248.6,253.253232421875,232.24708358764647,4.36666666666666,2.773744018882604,29200,True,False
APII.JK,187.0,188.0,189.0,187.1,185.0,179.5270327758789,181.8442855834961,9.472967224121106,2.2427082146384643,100,False,False
APIC.JK,570.0,581.6666666666666,600.0,624.0,650.5,634.2,1026.55,16.1,2.524635232875495,278200,False,False
APEX.JK,175.0,176.66666666666666,174.0,164.5,153.85,138.18,160.16,38.48666666666665,3.522231058265675,2290800,False,False
ANTM.JK,3170.0,3156.6666666666665,3124.0,2996.0,3013.0,2859.0709521484373,3114.455812988281,31.09290478515627,2.1736703626047884,16835300,False,False
ANJT.JK,1500.0,1495.0,1492.0,1478.5,1481.5,1467.1,1570.15,6.580000000000018,0.9697314584697336,6500,False,False
ANDI.JK,18.0,18.0,17.8,17.4,17.85,17.38,20.62,0.620000000000001,1.8601633295108018,4764500,True,False
AMRT.JK,1390.0,1398.3333333333333,1404.0,1363.5,1363.0,1365.783525390625,1374.9540075683594,8.2,2.9684894591492914,3244900,False,False
AMOR.JK,356.0,358.0,358.4,353.6,349.8,332.28,339.82,13.060000000000002,1.5671011821314595,300,False,False
AMMS.JK,206.0,209.33333333333334,214.0,234.8,267.8,305.24,349.56,49.620000000000005,3.291478430528367,192400,False,False
AMMN.JK,4350.0,4373.333333333333,4372.0,4244.0,4140.5,3747.4,4177.65,62.59333333333329,2.243899511762905,16042800,False,False
AMIN.JK,248.0,247.33333333333334,248.8,245.0,244.5,249.56,246.42,2.530000000000001,2.2947692145386522,2100,True,False
AMFG.JK,3300.0,3336.6666666666665,3342.0,3306.0,3215.0,3053.2964453125,3102.2905883789062,28.870355468749995,1.4278485423341267,11000,False,False
AMAR.JK,222.0,221.33333333333334,221.6,218.8,213.5,201.57127593994142,196.35401901245118,10.214362030029292,1.91226927147042,103300,False,False
AMAN.JK,250.0,247.33333333333334,248.8,250.2,256.8,255.4,268.84,4.733333333333334,1.8212399032086257,11100,True,False
AMAG.JK,388.0,388.6666666666667,389.2,388.0,388.4,388.56,395.99964294433596,0.5999999999999943,0.7308756125431447,1400,True,False
ALKA.JK,2130.0,2028.3333333333333,1903.0,1809.0,1348.75,875.5,767.92,125.45,8.097950879022923,227600,False,False
ALII.JK,785.0,788.3333333333334,792.0,769.0,758.75,755.7721374511718,791.2939379882813,7.245572509765634,2.3860476085416105,159700,False,False
ALDO.JK,890.0,846.6666666666666,830.0,827.5,798.0,736.6771813964843,674.916279296875,30.664563720703132,2.959646033699547,321500,False,False
AKSI.JK,234.0,232.66666666666666,232.4,232.2,228.5,216.12,252.5,8.939999999999998,2.906326703667925,50100,False,False
AKRA.JK,1400.0,1408.3333333333333,1420.0,1423.034130859375,1396.3191223144531,1286.8904614257813,1312.337364501953,27.228733886718736,1.0741250241616647,1699500,False,False
AKPI.JK,500.0,503.3333333333333,506.0,503.1,498.65,487.01744262695314,499.37590087890624,9.49127868652343,1.3465430710398043,21400,False,False
AKKU.JK,38.0,38.0,38.0,38.0,38.0,38.0,37.98,0.0,0.0,0,True,False
AISA.JK,117.0,117.0,117.4,119.5,114.4,105.94,113.54,13.560000000000002,3.068958633201286,804800,False,False
AIMS.JK,398.0,404.0,399.6,393.4,381.8,393.48,411.5,11.099999999999994,2.481519557078344,8800,False,False
AHAP.JK,93.0,93.66666666666667,94.2,93.0,93.95,88.4,97.78,5.799999999999997,1.9421464688495322,3818400,True,False
AGRS.JK,61.0,61.0,61.0,61.3,61.4,61.04,64.77,0.3999999999999986,1.022122623651698,245300,True,False
AGRO.JK,149.0,151.0,149.4,146.8,147.9,145.82,162.33,5.180000000000007,1.930909288982088,933900,True,False
AGII.JK,2910.0,2906.6666666666665,2946.0,2960.0,2954.5,2811.7534130859376,2953.1768115234377,14.824658691406238,3.402991257580384,27600,False,False
AGAR.JK,1100.0,1003.3333333333334,919.0,780.5,647.65,387.18,309.99,142.564,5.030002434664754,73700,False,False
AEGS.JK,41.0,41.666666666666664,42.0,42.5,42.5,40.6,44.92,1.8999999999999986,2.997108159542472,1204100,True,False
ADRO.JK,2520.0,2530.0,2528.0,2505.0,2514.0,2378.8,2389.4498828125,15.119999999999981,1.5595954336001416,2865400,False,False
ADMR.JK,1585.0,1600.0,1602.0,1556.0,1539.25,1491.3,1632.7018078613282,22.140000000000008,2.787416140212446,3328600,False,False
ADMG.JK,260.0,256.0,242.4,233.2,226.3,211.5,207.46,24.25,4.115139619009678,1802400,False,False
ADMF.JK,8625.0,8666.666666666666,8700.0,8632.5,8448.75,8212.5,8271.013413085937,19.5,1.5921128053807945,1400,False,False
ADHI.JK,147.0,148.0,149.2,153.4,159.0,156.82,174.26,12.0,0.9543762495171575,9511600,False,False
ADES.JK,33000.0,34333.333333333336,33355.0,34525.0,34747.5,30924.5,24679.5,152.92,5.746087102880578,37700,False,False
ADCP.JK,50.0,50.0,50.0,50.0,50.0,50.0,50.32,0.0,0.0,0,True,False
ACST.JK,86.0,84.66666666666667,85.0,84.6,84.3,78.6,87.59,7.400000000000006,1.871174264946439,438400,False,False
ACRO.JK,62.0,61.666666666666664,61.4,60.8,61.25,59.533394241333006,63.90765468597412,2.4666057586669936,1.5173810311474174,234500,True,False
ACES.JK,354.0,354.6666666666667,357.6,355.2,354.1,338.85522216796875,337.7184164428711,9.372388916015638,1.6711758288844345,2657400,False,False
ABMM.JK,2660.0,2676.6666666666665,2672.0,2602.0,2552.5,2420.4,2617.2999682617187,25.626666666666644,1.4520436073528262,45600,False,False
ABDA.JK,3840.0,3836.6666666666665,3768.0,3618.0,3514.5,3405.2,3192.9,43.48000000000002,2.593678328374708,1700,False,False
ABBA.JK,30.0,30.0,30.0,30.0,30.0,31.66,36.2,1.6600000000000001,0.0,0,True,False
AALI.JK,7125.0,7216.666666666667,7180.0,7040.0,6768.75,6401.0,6943.976772460937,32.62666666666668,2.350592103986149,744800,False,False
AADI.JK,9250.0,9200.0,9130.0,9127.5,8987.5,8390.3832421875,8941.853486328126,34.38467031250002,1.9418989083942104,1102900,False,False
