Ticker,Close,MA3,MA5,MA10,MA20,MA50,MA100,Range_Ticks,Vol_Pct,Volume,MA_Tight,Signal
ZYRX.JK,126.0,124.33333333333333,122.6,123.1,126.1,127.72,133.83145538330078,5.1200000000000045,1.6077587773568407,1510900,True,False
ZONE.JK,730.0,736.6666666666666,724.0,734.0,622.25,528.8425146484375,438.1339419555664,41.56483040364583,10.953092828486923,95000,False,False
ZINC.JK,30.0,30.0,30.0,30.0,30.0,30.0,30.03,0.0,0.0,0,True,False
YUPI.JK,1305.0,1310.0,1307.0,1305.5,1312.25,1341.6,1417.6544970703126,7.319999999999982,0.7153232758927162,12300,False,False
YULE.JK,3500.0,3456.6666666666665,3420.0,3424.0,3401.0,3375.4,3350.6044458007814,12.45999999999999,2.0607391159951134,700,False,False
YPAS.JK,630.0,616.6666666666666,614.0,605.5,601.75,622.5,871.45,5.65,4.525003410746421,36000,False,False
YOII.JK,84.0,84.33333333333333,84.2,84.0,85.05,84.34,89.46,1.0499999999999972,1.528101409687938,3358600,True,False
YELO.JK,93.0,94.33333333333333,92.8,86.8,81.55,75.34,86.98,18.993333333333325,3.952347722189103,77697500,False,False
WTON.JK,74.0,74.33333333333333,74.8,75.5,75.0,73.74,80.31700744628907,1.7600000000000051,1.8345028498619576,1003400,True,False
WSBP.JK,14.0,14.0,14.0,14.0,14.0,14.08,16.05,0.08000000000000007,0.0,0,True,False
WOWS.JK,60.0,60.666666666666664,60.0,58.9,59.5,58.22,65.26,2.4466666666666654,2.4371735526192535,8445600,True,False
WOOD.JK,216.0,218.0,222.0,228.8,215.2,219.04,258.58,6.800000000000011,6.996685426045657,4164700,False,False
WOMF.JK,262.0,262.0,261.6,257.6,255.1,253.76,274.96856994628905,4.1200000000000045,1.6897214426865579,166000,True,False
WMUU.JK,57.0,54.666666666666664,54.2,53.2,52.45,51.42,59.56,5.579999999999998,2.5519595831479758,995254100,True,False
WIRG.JK,63.0,60.666666666666664,59.8,58.1,56.5,55.44,66.08,7.560000000000002,2.570943737056215,413265400,False,False
WINS.JK,500.0,506.6666666666667,507.0,512.5,516.75,513.22,514.1295846557617,8.375,2.161538122245193,5614600,False,False
WINR.JK,21.0,20.333333333333332,20.4,20.3,20.4,21.3,25.82,1.0,3.6109802871819765,33099900,True,False
WINE.JK,137.0,138.0,141.6,146.0,147.6,149.88569702148436,162.24512680053712,12.885697021484361,2.4544715737492435,652500,False,False
WIIM.JK,1820.0,1808.3333333333333,1780.0,1728.5,1662.0,1607.9119995117187,1674.8862536621093,42.41760009765626,2.4595409480525734,1389400,False,False
WIFI.JK,2020.0,1988.3333333333333,1975.0,1981.5,1964.0,1789.75439453125,2014.8097534179688,23.024560546875,1.917938941531201,15767600,False,False
WIDI.JK,26.0,25.666666666666668,25.4,25.6,26.4,25.56,28.22,1.0,3.3433851412491484,1382500,True,False
WGSH.JK,173.0,171.0,167.6,159.5,148.25,133.28,122.7,39.72,4.932012980020808,14636300,False,False
WEHA.JK,111.0,110.66666666666667,108.6,106.0,104.7,105.62,113.38471092224121,6.299999999999997,1.4549015955934004,10056200,False,False
WEGE.JK,50.0,50.0,50.0,50.0,50.0,50.06,53.13,0.060000000000002274,0.0,1764800,True,False
WAPO.JK,123.0,122.33333333333333,122.2,121.4,120.2,114.4,122.28,8.599999999999994,1.2656670259079972,464000,False,False
VTNY.JK,67.0,65.66666666666667,65.0,64.3,64.05,60.44,64.01,6.560000000000002,2.289601633610446,20629100,False,False
VRNA.JK,74.0,75.33333333333333,75.6,75.9,75.9,74.5,76.41,1.9000000000000057,1.6146943794754114,44000,True,False
VOKS.JK,270.0,224.0,215.2,208.8,203.0,200.76,208.66,34.620000000000005,11.211086533213694,18351700,False,False
VKTR.JK,885.0,878.3333333333334,817.0,781.5,763.75,657.46,750.93,45.507999999999996,7.622272629622227,92110300,False,False
VIVA.JK,53.0,54.666666666666664,52.0,45.3,40.15,35.44,38.1,19.226666666666667,6.506797626725623,74831700,False,False
VISI.JK,945.0,946.6666666666666,924.0,890.5,892.75,951.7,827.8,12.240000000000009,2.9154427565449117,419300,False,False
VINS.JK,143.0,141.33333333333334,141.0,139.8,139.75,136.12,148.77,6.8799999999999955,0.772645632929901,74500,False,False
VICO.JK,141.0,141.33333333333334,140.8,141.0,139.3,137.62,147.17,3.7133333333333383,0.6207575577435633,88200,True,False
VICI.JK,590.0,596.6666666666666,595.0,586.0,596.5,586.8505279541016,577.7560586547852,2.1333333333333258,2.055524780260765,704400,True,False
VERN.JK,202.0,207.33333333333334,206.4,201.5,199.15,158.24,142.27,24.546666666666667,3.8795635124087804,2788300,False,False
VAST.JK,115.0,114.33333333333333,115.2,115.6,115.85,115.48,118.45,1.5166666666666657,2.1681930270181358,1951500,True,False
UVCR.JK,158.0,155.66666666666666,153.4,152.1,147.3,158.85902648925781,166.82572891235353,11.559026489257803,2.645286848884292,42710100,False,False
URBN.JK,208.0,209.33333333333334,209.2,210.0,219.1,207.44,197.76,5.829999999999998,2.253481620996948,155800,True,False
UNVR.JK,1820.0,1823.3333333333333,1806.0,1758.0,1725.25,1681.2513549804687,1681.7055114746095,28.41639567057291,1.8970699157115756,12769600,False,False
UNTR.JK,23675.0,23758.333333333332,23815.0,24217.5,25265.0,23739.5,26174.8411328125,63.6,0.8058108542235651,3126900,False,False
UNTD.JK,82.0,82.66666666666667,81.6,80.7,78.7,73.92,78.39,8.74666666666667,1.9412054717004978,14711200,False,False
UNSP.JK,206.0,206.0,206.0,206.0,206.0,213.76,274.42,3.8799999999999955,0.0,0,True,False
UNIQ.JK,117.0,115.0,114.2,111.8,110.5,103.94,115.49,13.060000000000002,1.2328448777150842,2261400,False,False
UNIC.JK,15075.0,15125.0,15165.0,14217.5,13435.0,12872.56,11881.998916015626,91.69760000000002,6.293061302915448,5800,False,False
ULTJ.JK,1500.0,1495.0,1498.0,1442.0,1429.5,1391.3,1482.9,21.74000000000001,2.1432997523924113,1041700,False,False
UFOE.JK,139.0,138.66666666666666,138.2,137.1,136.7,136.02,141.66,2.9799999999999898,1.611335651068339,206700,True,False
UDNG.JK,1375.0,1290.0,1231.0,1181.0,1234.5,1301.7,1195.5,38.8,5.056658615177746,2426100,False,False
UCID.JK,438.0,438.0,428.0,404.8,393.4,380.22754821777346,387.5660498046875,28.88622589111327,4.507480041760008,194700,False,False
UANG.JK,2480.0,2500.0,2466.0,2372.0,2405.0,2306.4,2906.9,19.359999999999992,3.359473779134961,61200,False,False
TYRE.JK,115.0,115.66666666666667,115.2,113.7,114.0,109.98,112.38,5.686666666666667,2.0253675173940446,561000,True,False
TUGU.JK,1230.0,1231.6666666666667,1228.0,1215.0,1229.0,1178.7,1171.7371899414063,10.593333333333339,0.8682882839114328,1053000,False,False
TSPC.JK,2850.0,2840.0,2842.0,2817.0,2702.0,2551.8,2502.2,29.819999999999983,1.2065525393895775,471700,False,False
TRUS.JK,412.0,409.3333333333333,408.8,412.6,423.7,361.3051251220703,347.053225402832,31.19743743896484,2.1369492833788235,31100,False,False
TRUK.JK,720.0,688.3333333333334,629.0,525.1,472.75,425.74,422.64,58.852,10.241703713362996,3965600,False,False
TRUE.JK,50.0,50.0,50.0,50.0,50.0,57.04,103.16,7.039999999999999,0.0,0,False,False
TRST.JK,454.0,453.3333333333333,454.8,459.6,470.2,468.09624572753904,465.1356173706055,8.433333333333337,0.847616412528081,153500,False,False
TRON.JK,103.0,106.0,107.0,108.4,107.95,98.18,115.42,10.219999999999999,1.6303765579422511,24152800,False,False
TRJA.JK,111.0,111.0,110.8,110.7,111.65,110.7,120.74,0.9500000000000028,1.544574380141819,78800,True,False
TRIS.JK,172.0,172.0,170.2,169.1,167.15,163.38,168.33210037231444,8.620000000000005,2.22186777432547,473400,False,False
TRIN.JK,322.0,325.3333333333333,320.4,321.4,329.1,360.78,530.23,20.189999999999998,3.3223502389518136,6573400,False,False
TRIM.JK,600.0,601.6666666666666,605.0,583.5,575.25,551.0557641601563,544.8682330322266,10.788847167968743,3.663337854170657,119000,False,False
TRGU.JK,167.0,165.33333333333334,164.4,164.2,163.7,168.78,176.59,5.0800000000000125,1.7928156509749011,52700,True,False
TPMA.JK,466.0,463.3333333333333,462.8,457.0,452.8,432.08,500.08,16.960000000000008,1.458421492658462,2375300,False,False
TPIA.JK,2230.0,2140.0,2114.0,2122.0,2084.75,1922.1,3409.8756274414063,30.79000000000001,3.228953949489354,578851700,False,False
TOWR.JK,404.0,403.3333333333333,404.0,404.0,400.9,378.1814959716797,421.0050436401367,12.90925201416016,1.2266743706578287,29921000,False,False
TOTO.JK,234.0,232.66666666666666,232.4,237.8,239.8,234.8491519165039,243.55185989379882,3.700000000000003,1.3178570223530208,390000,True,False
TOTL.JK,1300.0,1281.6666666666667,1233.0,1164.0,1109.25,1072.2,1049.9185546875,45.55999999999999,3.45161541738367,6666800,False,False
TOSK.JK,69.0,69.33333333333333,69.0,68.2,67.2,61.18,62.19,8.153333333333329,1.7305725446005258,6790900,False,False
TOOL.JK,69.0,67.66666666666667,66.8,66.1,66.95,63.48,66.77,5.520000000000003,2.209600190352765,61966300,True,True
TOBA.JK,525.0,523.3333333333334,502.0,480.4,473.7,421.76,493.6513940429688,20.648000000000003,4.643447109338826,15977000,False,False
TNCA.JK,163.0,164.0,163.6,164.2,152.2,145.34,164.8,18.859999999999985,4.194453718440078,396700,False,False
TMPO.JK,149.0,145.0,143.4,126.4,115.55,109.3,117.07,39.7,15.035230442796777,153440600,False,False
TMAS.JK,124.0,122.66666666666667,122.2,121.8,120.45,116.72739501953124,118.71453796386719,7.272604980468756,1.3612388931246955,5912800,False,False
TLKM.JK,2710.0,2690.0,2720.0,2661.0,2641.5,2590.838701171875,2692.2218603515626,12.916129882812493,2.6318669748704027,66412400,False,False
TLDN.JK,580.0,581.6666666666666,572.0,546.5,533.0,515.44,558.1364184570313,13.245333333333315,2.6817940851339745,1140700,False,False
TKIM.JK,7225.0,7191.666666666667,7180.0,6707.5,6302.5,5837.272021484375,7099.917709960938,55.50911914062501,3.60408996565396,1723600,False,False
TIRT.JK,590.0,590.0,590.0,590.0,590.0,563.84,573.08,5.231999999999994,0.0,0,True,False
TIRA.JK,446.0,462.0,473.6,487.0,499.0,567.0,718.7,60.5,2.2373827262084216,1477300,False,False
TINS.JK,3860.0,3846.6666666666665,3822.0,3679.0,3610.5,3430.08181640625,3460.831884765625,42.99181835937502,2.656888352122478,68559300,False,False
TIFA.JK,336.0,338.0,344.8,317.2,286.5,272.37910522460936,304.08567321777343,36.210447387695325,8.5429775402458,138000,False,False
TGKA.JK,4960.0,4966.666666666667,4934.0,4883.0,4870.0,4801.2,4723.755927734375,16.546666666666717,1.541042138685903,200,False,False
TFCO.JK,815.0,813.3333333333334,804.0,768.5,756.0,679.2,700.85,27.15999999999999,3.7658568711934266,0,False,False
TFAS.JK,194.0,191.0,189.6,192.5,186.5,192.98,205.37,7.5,5.8888737897719325,1177700,False,False
TEBE.JK,1110.0,1098.3333333333333,1089.0,1075.5,1059.5,1019.5,1114.3458728027344,18.1,2.1756473860517063,720500,False,False
TCPI.JK,3940.0,3950.0,4112.0,4676.0,5216.75,7030.14583984375,9383.4456640625,309.014583984375,4.714320249711996,833200,False,False
TCID.JK,2750.0,2726.6666666666665,2748.0,2749.0,2755.5,2772.8,2787.7,4.613333333333367,1.6312691120905967,1800,True,False
TBMS.JK,1215.0,1218.3333333333333,1191.0,1181.5,1202.5,1206.2052954101562,1246.0977014160155,7.366666666666651,3.185123994585152,23800,False,False
TBLA.JK,630.0,626.6666666666666,624.0,630.0,635.75,603.0999908447266,618.0235177612304,6.530001831054688,1.904383483172075,1283700,False,False
TBIG.JK,1410.0,1410.0,1419.0,1420.5,1419.25,1415.1068701171876,1490.2090686035156,2.1,2.412400053625601,198400,True,False
TAYS.JK,50.0,50.0,50.0,50.0,50.0,50.04,55.22,0.03999999999999915,0.0,0,True,False
TAXI.JK,14.0,14.333333333333334,14.4,13.7,13.1,13.2,14.66,1.3000000000000007,6.412616868733978,14797800,False,False
TARA.JK,30.0,29.333333333333332,29.6,29.9,30.7,29.38,30.34,1.3666666666666671,1.898531519085192,170300,True,False
TAPG.JK,1850.0,1851.6666666666667,1843.0,1801.0,1705.25,1561.9444506835937,1636.2221655273438,57.944443196614614,2.030149672350826,10548600,False,False
TAMU.JK,23.0,21.666666666666668,21.2,21.0,20.4,19.62,24.09,3.379999999999999,5.352201091592544,6814700,False,False
TAMA.JK,244.0,242.0,240.4,239.2,212.2,178.18,175.24,32.91,9.545483443782693,1972600,False,False
TALF.JK,875.0,1035.0,972.0,794.5,701.5,669.161748046875,675.2317462158203,73.167650390625,15.197146139574738,312100,False,False
SWID.JK,105.0,104.0,103.6,102.7,99.5,92.78019592285156,97.13488113403321,12.219804077148439,1.2340562488356095,24843700,False,False
SURI.JK,72.0,72.0,72.6,72.0,69.6,64.76,68.12,7.839999999999989,1.8937888954386077,1672800,False,False
SURE.JK,2780.0,2766.6666666666665,2764.0,2761.0,2755.0,2816.2,2747.8,6.1199999999999815,1.2734228034511015,3000,False,False
SUPA.JK,590.0,593.3333333333334,596.0,598.5,595.0,612.0,737.65,4.4,1.6840391470181977,14908500,True,False
SUNI.JK,730.0,721.6666666666666,722.0,713.0,667.25,646.585400390625,661.5279193115234,16.68291992187501,1.432587898157869,508700,False,False
SULI.JK,90.0,88.66666666666667,88.8,88.6,86.65,81.5,90.37,8.5,1.664035783458491,1877500,False,False
STTP.JK,9750.0,9833.333333333334,9785.0,9777.5,9826.25,9812.5,9837.5,3.3333333333333575,2.2897947898337296,1400,True,False
STRK.JK,61.0,60.666666666666664,61.6,64.0,66.8,69.34,88.23,8.67333333333334,3.1070670141639796,7350300,False,False
STAR.JK,266.0,272.6666666666667,274.4,273.6,278.0,297.88,445.69,15.939999999999998,1.8093570424416567,31100,False,False
STAA.JK,1075.0,1096.6666666666667,1100.0,1093.5,1059.25,1012.0387744140625,1071.8290661621095,17.59224511718751,1.7378908779434967,3243600,False,False
SSTM.JK,428.0,427.3333333333333,421.2,409.0,403.0,403.92,512.37,12.5,2.791769467029938,458100,False,False
SSMS.JK,920.0,936.6666666666666,958.0,965.5,940.25,833.0,1026.0993872070312,26.5,2.334209858910924,10282100,False,False
SSIA.JK,1670.0,1665.0,1660.0,1637.0,1656.5,1595.5558911132812,1561.298486328125,14.888821777343765,1.3642942570908236,8596500,False,False
SRTG.JK,1820.0,1778.3333333333333,1760.0,1754.0,1730.0,1584.8339990234374,1594.9444799804687,47.03320019531252,2.0040835922283247,20002500,False,False
SRSN.JK,73.0,72.66666666666667,71.4,68.5,67.35,66.18,65.51,6.819999999999993,5.012911908894918,38775500,False,False
SRAJ.JK,13025.0,13075.0,12920.0,12125.0,11587.5,11429.0,13016.0,65.84,2.1871222895410085,4000,False,False
SQMI.JK,63.0,65.0,65.4,66.0,66.25,53.14,53.63,13.11,3.859911984034503,42773800,False,False
SPTO.JK,600.0,598.3333333333334,601.0,598.5,595.0,568.1675427246093,576.4565759277343,6.566491455078131,1.003219163731138,279200,False,False
SPRE.JK,89.0,88.33333333333333,89.8,89.7,86.65,80.98,84.2,8.819999999999993,4.305857410437221,701700,False,False
SPMA.JK,164.0,163.66666666666666,163.4,164.5,167.15,161.81384552001953,162.62999954223633,5.336154479980479,1.2354457358543074,849100,True,False
SOUL.JK,37.0,37.0,37.0,37.0,37.0,37.14,44.42,0.14000000000000057,0.0,0,True,False
SOTS.JK,610.0,600.0,594.0,591.5,603.5,616.7,782.75,5.040000000000009,1.4979109900013932,560900,True,False
SOSS.JK,870.0,870.0,870.0,881.5,899.5,835.9,851.8,12.720000000000004,3.0621619967750813,0,False,False
SONA.JK,2370.0,2233.3333333333335,2224.0,2335.0,2313.0,2211.541025390625,2188.124853515625,15.845897460937522,4.566807888040875,2000,False,False
SOLA.JK,93.0,92.33333333333333,92.2,97.7,101.8,100.88,111.86,9.599999999999994,4.183613032655793,28980000,False,False
SOHO.JK,1200.0,1200.0,1196.0,1193.5,1198.5,1190.0,1517.1,2.0,0.5858566313327409,40300,True,False
SOFA.JK,248.0,235.33333333333334,234.8,223.4,224.6,240.4,334.1,12.299999999999997,5.000691371820933,4329600,False,False
SOCI.JK,505.0,505.0,479.8,454.1,417.45,361.0953564453125,413.0181298828125,28.780928710937495,4.288572451804862,8518300,False,False
SNLK.JK,236.0,228.0,226.8,224.6,223.1,226.16,234.84,6.450000000000003,2.579680040847715,24257500,False,False
SMSM.JK,1715.0,1736.5543212890625,1744.77529296875,1727.2359497070313,1715.5337158203124,1650.3494458007813,1691.0980249023437,18.885169433593727,1.384717702523749,6832300,False,False
SMRA.JK,332.0,326.6666666666667,322.8,322.6,316.0,295.16526947021487,305.6467558288574,18.417365264892567,2.4165025636855137,17138900,False,False
SMMT.JK,1845.0,1845.0,1854.0,1841.5,1832.0,1795.8,1779.9,11.64000000000001,2.50020896744622,48800,False,False
SMMA.JK,19750.0,20025.0,20085.0,20150.0,20422.5,21019.5,18309.75,50.78,1.0312860685922076,100,False,False
SMLE.JK,164.0,171.66666666666666,167.0,162.2,151.2,118.66,122.11,53.00666666666666,5.565041176867354,16932400,False,False
SMKM.JK,74.0,70.66666666666667,70.0,69.0,69.3,67.46,80.22,6.540000000000006,3.360392911651951,6162100,False,False
SMKL.JK,149.0,147.0,146.8,146.5,142.15,136.54227294921876,147.6452294921875,12.457727050781244,2.767919398873141,872000,False,False
SMIL.JK,426.0,422.0,412.8,400.8,366.8,309.64,287.1,58.18000000000001,2.111127484513297,23353500,False,False
SMGR.JK,1620.0,1603.3333333333333,1564.0,1513.0,1498.0,1512.9,1860.3280932617188,24.4,1.712159441366816,13686400,False,False
SMGA.JK,76.0,74.66666666666667,73.2,71.3,71.05,67.66,77.48,8.340000000000003,3.488394274486729,16892400,False,False
SMDR.JK,308.0,310.0,306.4,299.0,294.5,282.38624969482424,305.2170207214356,13.806875152587878,1.8646538700623934,18946800,False,False
SMDM.JK,565.0,565.0,565.0,564.0,567.5,545.94,574.41,4.311999999999989,1.975976307739494,11900,True,False
SMBR.JK,170.0,169.66666666666666,167.2,164.1,160.85,155.85076293945312,180.8780662536621,14.14923706054688,1.2846922036366928,3305900,False,False
SMAR.JK,5700.0,5733.333333333333,5780.0,5692.5,5566.25,5040.86462890625,5140.342465820312,29.565414843750006,2.3257535467149872,46000,False,False
SLIS.JK,79.0,77.33333333333333,71.6,66.9,64.15,62.06,72.81,16.939999999999998,8.607924693802415,281043400,False,False
SKRN.JK,406.0,408.6666666666667,407.2,406.8,402.2,372.6,407.49570892333986,18.03333333333333,1.8676444950338777,249800,False,False
SKLT.JK,200.0,201.33333333333334,200.8,197.7,193.45,187.28,199.94928695678712,14.053333333333342,2.1370066762285007,48000,False,False
SKBM.JK,540.0,541.6666666666666,537.0,538.0,562.75,538.28,594.14,5.15,2.5393075741851665,207800,True,False
SIPD.JK,685.0,681.6666666666666,679.0,681.0,684.5,706.8,830.35,5.559999999999991,1.6949892556189388,2800,True,False
SINI.JK,7300.0,7300.0,7285.0,7295.0,6950.0,8117.37259765625,10398.186298828125,46.694903906250005,3.147281919496202,591200,False,False
SIMP.JK,605.0,603.3333333333334,599.0,593.5,576.75,540.1362127685547,596.1390100097656,12.972757446289052,2.308477633394824,6954400,False,False
SILO.JK,2380.0,2340.0,2338.0,2195.5,2168.75,2215.3,2384.95,21.125,3.1650870812925813,1027200,False,False
SIDO.JK,352.0,354.6666666666667,353.6,359.0,369.6,372.52,425.27728149414065,10.259999999999991,1.107373643533282,62205600,False,False
SICO.JK,109.0,108.0,108.4,109.0,109.5,105.78,115.0396923828125,3.719999999999999,2.238025361300767,1527700,True,False
SHIP.JK,2100.0,2073.3333333333335,2064.0,1981.5,1849.25,1696.3,2494.271923828125,40.370000000000005,3.027163736411768,102500,False,False
SHID.JK,615.0,615.0,614.0,613.5,597.25,619.7,684.45,4.490000000000009,1.1698501649212414,1700,True,False
SGRO.JK,4200.0,4220.0,4190.0,3803.0,3484.5,2989.840947265625,3673.0785668945314,123.01590527343751,7.8156209743195495,25600,False,False
SGER.JK,474.0,475.3333333333333,482.8,467.0,456.6,397.76,389.36,42.52000000000001,3.1355512387970395,13382800,False,False
SFAN.JK,1985.0,1983.3333333333333,1978.0,1968.5,1965.25,1965.5,1950.6,3.95,0.26950820357594485,40500,True,False
SEMA.JK,100.0,100.33333333333333,99.8,98.1,96.3,95.24,102.25,5.093333333333334,1.1121294177041146,408700,True,False
SDRA.JK,224.0,224.0,224.0,219.0,213.9,213.4,232.0,5.299999999999997,2.8799914444033896,694000,True,False
SDPC.JK,184.0,183.66666666666666,182.8,181.7,181.5,179.4618182373047,183.200001373291,4.538181762695302,1.1591716010304054,36200,True,False
SDMU.JK,85.0,83.0,82.0,80.0,80.8,77.82,83.67,7.180000000000007,2.851852593153006,23915600,False,False
SCNP.JK,159.0,157.66666666666666,155.8,156.5,155.55,149.1393328857422,156.94846313476563,9.860667114257808,2.8447662202398702,473300,False,False
SCMA.JK,204.0,203.33333333333334,203.2,201.5,203.75,203.87999969482422,224.9066633605957,1.25,2.2984239201734877,28992700,True,False
SCCO.JK,2300.0,2296.6666666666665,2298.0,2293.0,2294.0,2239.22701171875,2247.2384326171873,6.077298828125004,0.7300583635264506,170000,False,False
SBMA.JK,109.0,107.66666666666667,107.2,106.8,107.25,106.92,112.66,2.200000000000003,1.2296320972647041,1081900,True,False
SATU.JK,260.0,260.6666666666667,261.2,262.2,267.3,269.12,265.32,4.560000000000002,0.7337731612154791,114600,True,False
SAPX.JK,220.0,218.66666666666666,216.8,216.2,214.5,212.2,228.86,3.9000000000000057,2.9175174289941297,176200,True,False
SAMF.JK,280.0,279.3333333333333,278.0,278.0,278.6,274.85903411865235,295.1060679626465,2.570482940673827,1.1799085887133334,68700,True,False
SAME.JK,298.0,299.3333333333333,299.2,298.4,300.6,313.6,325.46,7.800000000000011,0.5473876150620725,325700,False,False
SAGE.JK,32.0,32.333333333333336,32.8,33.0,33.7,29.1,30.05,4.600000000000001,4.583018819497439,2110800,False,False
SAFE.JK,394.0,390.6666666666667,384.4,378.6,373.1,341.96,354.02,26.02000000000001,1.979817041430219,317500,False,False
RUNS.JK,62.0,63.0,63.0,64.0,66.25,70.42,78.91,8.420000000000002,1.835700179596849,336100,False,False
RUIS.JK,212.0,204.33333333333334,203.8,203.5,203.05,187.898125,200.9378125,12.050937500000003,2.575680748513158,2052700,False,False
RSCH.JK,310.0,316.6666666666667,321.6,312.0,291.4,294.48,298.48,15.100000000000023,3.065262844641893,21594300,False,False
ROTI.JK,590.0,588.3333333333334,587.0,589.5,598.5,591.2,618.9566247558594,2.3,1.6738009393127102,127200,True,False
RONY.JK,1255.0,1268.3333333333333,1273.0,1330.0,1316.5,1133.9,1313.7,39.219999999999985,4.505967648964256,45600,False,False
RODA.JK,74.0,67.33333333333333,64.4,61.6,62.6,57.68,62.39,16.32,4.596317666740148,140116900,False,False
ROCK.JK,1875.0,1711.6666666666667,1724.0,1744.5,1780.25,1733.3,2074.75,32.66666666666665,9.815723096402255,108500,False,False
RMKO.JK,292.0,296.6666666666667,293.2,291.2,313.7,312.04,396.07,11.25,3.3185593568618534,3198800,False,False
RMKE.JK,422.0,418.6666666666667,411.2,411.8,429.4,440.99748046875,527.7464562988281,14.898740234374998,2.534391130688196,73440400,False,False
RLCO.JK,5025.0,5041.666666666667,5035.0,5113.0,4377.5,3609.2,4360.05,60.15200000000001,4.160593259238848,906900,False,False
RISE.JK,955.0,950.0,962.0,981.0,990.25,986.0,1392.9,8.05,2.315200029994348,498600,False,False
RIGS.JK,670.0,676.6666666666666,678.0,676.5,682.0,677.5,681.7,2.4,1.6488114893037253,138400,True,False
RICY.JK,80.0,80.66666666666667,80.0,78.9,78.4,76.3,84.5,4.366666666666674,1.7911458906796456,1209200,True,False
RGAS.JK,242.0,242.0,242.0,237.8,225.7,186.63464080810547,138.88541770935058,27.682679595947263,3.2390267979597085,0,False,False
RELI.JK,480.0,478.6666666666667,480.8,484.2,486.4,487.62,493.02,4.4766666666666595,1.5328891858203213,9300,True,False
RELF.JK,35.0,34.666666666666664,34.8,35.3,35.5,34.82,36.82,0.8333333333333357,2.100942926106891,1025100,True,False
REAL.JK,52.0,51.333333333333336,51.6,51.0,50.75,50.417287521362304,51.58600536346435,1.5827124786376956,1.4459531683647449,338900500,True,True
RDTX.JK,13850.0,13566.666666666666,13520.0,13580.0,13662.5,14123.61767578125,14907.91126953125,24.14470703125,1.4520069332742362,200,False,False
RCCC.JK,102.0,100.66666666666667,100.4,97.7,95.1,90.34,99.07,11.659999999999997,4.503327472177969,1316800,False,False
RBMS.JK,67.0,67.0,66.0,65.3,65.45,60.62,60.48,6.380000000000003,3.019277950182895,12943400,False,False
RATU.JK,5150.0,5091.666666666667,5061.0,5019.5,5054.75,4929.5,5231.875883789063,8.82,2.879792618123554,7605900,False,False
RANC.JK,520.0,516.6666666666666,516.0,515.5,517.0,520.94,542.77,1.088000000000011,2.050570551372003,11800,True,False
RALS.JK,384.0,384.0,380.8,380.0,381.0,376.8,388.0266687011719,3.5999999999999943,0.8436613274061127,1282800,True,False
RAJA.JK,905.0,896.6666666666666,888.0,885.0,897.6,804.4335534667969,803.2153649902343,20.113289306640628,1.9305997980198168,104934600,False,False
RAAM.JK,197.0,198.0,199.2,203.4,204.85,204.26,207.14,7.849999999999994,1.77039745220802,472600,False,False
PZZA.JK,182.0,182.33333333333334,182.2,184.3,185.1,184.56,191.59086013793944,3.0999999999999943,2.156184326275337,336200,True,False
PYFA.JK,218.0,216.0,211.2,209.2,209.2,203.76,261.74,7.1200000000000045,3.443289185240391,12895700,False,False
PWON.JK,264.0,263.3333333333333,261.2,262.2,264.4,255.52322448730467,283.24064361572266,4.438387756347652,2.1183026853078135,37685600,True,False
PURI.JK,140.0,140.0,139.2,136.9,137.1,135.0,144.91,5.0,1.165648192937486,622100,True,False
PURA.JK,33.0,32.666666666666664,32.8,31.8,31.4,31.44,31.88,1.6000000000000014,2.6241156099442833,4032000,True,True
PUDP.JK,308.0,309.3333333333333,306.8,305.0,301.5,298.78090393066407,309.9508401489258,5.276214701334624,1.3600850811175027,35100,True,False
PTSP.JK,970.0,965.0,938.0,914.0,906.75,890.0,901.5,16.0,2.536206369487657,8100,False,False
PTSN.JK,278.0,279.3333333333333,281.6,273.0,260.4,244.63310760498047,272.65715896606446,18.483446197509778,2.5995925737494603,746000,False,False
PTRO.JK,5125.0,5000.0,4844.0,4754.0,4521.0,4226.4,4626.05,35.94400000000002,2.9334847264397874,45164800,False,False
PTPW.JK,1195.0,1206.6666666666667,1196.0,1160.0,1150.5,1111.9779858398438,1031.5331689453126,18.937736165364594,1.4548697546208753,38200,False,False
PTPS.JK,152.0,150.33333333333334,148.8,145.1,142.85,129.66,152.09,22.340000000000003,3.0754376006611333,1666900,False,False
PTPP.JK,200.0,200.0,200.2,200.2,205.25,195.2,227.72,10.050000000000011,1.7084921016800454,2332900,False,False
PTMP.JK,67.0,64.66666666666667,64.2,63.3,62.7,59.02,63.04,7.979999999999997,3.4569382298256386,744561100,False,False
PTIS.JK,270.0,271.3333333333333,272.4,270.0,269.7,278.6,291.18,4.450000000000017,1.6503205962841105,9600,True,False
PTBA.JK,2370.0,2360.0,2352.0,2345.0,2382.5,2418.7326416015626,2598.3912963867188,7.373264160156259,1.020436033602888,9940400,False,False
PSSI.JK,328.0,329.3333333333333,329.2,323.8,322.6,299.96,316.60948364257814,14.686666666666667,2.8661555910336634,621500,False,False
PSKT.JK,234.0,233.33333333333334,228.0,222.4,212.4,198.18,225.03,17.909999999999997,2.2718613093840805,6092600,False,False
PSGO.JK,196.0,196.66666666666666,195.4,196.3,197.3,194.5250259399414,193.78214538574218,2.774974060058611,0.8682091294198521,119000,True,False
PSDN.JK,136.0,135.0,132.2,127.5,121.8,116.52,134.51,19.480000000000004,4.0905601474666335,7740700,False,False
PSAT.JK,910.0,915.0,897.0,870.0,856.75,823.5,863.05,18.3,1.9076888950680888,87800,False,False
PSAB.JK,462.0,455.3333333333333,446.0,436.4,430.4,422.8401831054687,416.6460012817383,19.579908447265638,1.7164044070006979,82645600,False,False
PRIM.JK,110.0,111.66666666666667,111.2,107.4,102.2,91.66,85.08,20.006666666666675,3.2778068787773638,4809600,False,False
PRDA.JK,2390.0,2380.0,2374.0,2368.0,2378.0,2455.8,2437.0604296875,8.780000000000019,1.0246933402274518,162700,False,False
PRAY.JK,740.0,738.3333333333334,734.0,729.0,720.5,692.9,715.7,9.420000000000005,2.244586457326586,21300,False,False
PPRO.JK,17.0,17.0,17.0,16.4,16.8,16.2,20.48,0.8000000000000007,4.17811767515539,42104300,False,False
PPRI.JK,147.0,147.33333333333334,146.8,147.6,149.3,143.32,160.52,5.980000000000018,1.9856015902682866,2761800,True,False
PPRE.JK,105.0,104.66666666666667,104.4,104.0,107.2,100.62,115.78,6.579999999999998,2.0888517366721087,16282600,False,False
PPGL.JK,202.0,202.0,202.4,205.4,208.0,196.2,202.41,5.900000000000006,1.7230712438151392,1441700,True,False
POWR.JK,735.0,730.0,727.0,725.0,724.0,708.3,700.2383618164063,5.340000000000009,0.7235356771911935,2447100,True,True
PORT.JK,865.0,871.6666666666666,870.0,872.5,876.0,870.8,882.95,2.2,2.081284488431868,10100,True,False
POLY.JK,32.0,32.0,32.0,32.0,32.0,32.0,32.25,0.0,0.0,0,True,False
POLU.JK,11675.0,11583.333333333334,11710.0,11980.0,12388.75,12203.0,13394.0,32.21666666666664,3.0278542976029255,6000,False,False
POLI.JK,750.0,753.3333333333334,751.0,731.5,724.5,751.4,911.95,5.766666666666675,1.3618412316598927,6600,True,False
PNSE.JK,494.0,493.3333333333333,491.6,492.2,495.0,514.9,573.4,11.649999999999977,1.177293038633749,800,False,False
PNLF.JK,228.0,227.33333333333334,226.4,226.4,226.2,220.06,233.35,3.969999999999999,1.1031225778039442,22007700,True,False
PNIN.JK,700.0,711.6666666666666,713.0,714.0,723.25,723.6,749.45,4.720000000000004,1.3621723224846607,829000,True,False
PNGO.JK,3550.0,3556.6666666666665,3552.0,3553.0,3530.5,3476.8,3437.7,7.9866666666666335,0.4368801030694906,1700,False,False
PNBS.JK,50.0,50.0,50.0,50.0,50.2,50.08,50.31,0.20000000000000284,0.6200544431702717,159900,True,False
PNBN.JK,900.0,908.3333333333334,908.0,898.0,896.25,882.4670336914063,912.8032592773437,5.173259928385415,0.9928421479286847,729800,True,False
PMUI.JK,98.0,98.66666666666667,97.8,92.1,88.25,81.08,86.91778915405274,17.586666666666673,4.8896669397656565,3409900,False,False
PMJS.JK,119.0,119.33333333333333,119.4,114.3,111.6,106.88346115112304,114.69841247558594,12.516538848876962,3.459372903478771,1817800,False,False
PLAN.JK,38.0,38.0,38.0,38.1,38.2,37.22,41.74,0.980000000000004,2.1785275073133064,628600,True,False
PKPK.JK,3910.0,3913.3333333333335,3928.0,3893.0,3733.5,3206.4,2860.15,72.16,1.0797072953078675,648000,False,False
PJHB.JK,176.0,176.33333333333334,173.6,169.8,168.5,166.72,191.82,9.613333333333344,2.1740908958483027,1388000,False,False
PJAA.JK,464.0,460.0,456.4,454.2,456.3,453.64,477.3169915771484,5.180000000000007,0.9368235537609992,24600,True,False
PIPA.JK,122.0,121.33333333333333,121.0,118.7,121.15,115.02,122.71,6.980000000000004,2.4480675492195023,30392300,False,False
PICO.JK,131.0,132.66666666666666,132.0,130.4,129.0,128.9,139.22,3.7666666666666515,1.617913839650578,194300,True,False
PGUN.JK,7500.0,7533.333333333333,7490.0,7535.0,7488.75,7352.869453125,7951.523955078125,7.285221874999988,2.86099538827448,4000,False,False
PGLI.JK,208.0,203.33333333333334,202.0,199.8,196.4,189.06,201.94,9.469999999999999,2.82993316013737,144400,False,False
PGJO.JK,770.0,776.6666666666666,770.0,729.0,707.5,725.9,734.1,13.833333333333325,4.668659392931368,29800,False,False
PGEO.JK,1110.0,1070.0,1046.0,1029.5,1020.5,934.1,955.7083514404297,35.17999999999999,2.774917322825574,75334700,False,False
PGAS.JK,1510.0,1506.6666666666667,1509.0,1506.0,1510.0,1508.7893041992188,1626.1194873046875,0.8,0.9349571063758703,17980000,True,False
PEVE.JK,340.0,338.0,338.8,333.8,325.9,318.24,375.21,10.879999999999995,1.3300675969859217,1623900,False,False
PEHA.JK,266.0,264.0,264.8,263.0,259.3,251.6539862060547,271.9421449279785,7.173006896972652,2.319726118245628,32600,False,False
PEGE.JK,102.0,100.33333333333333,98.2,95.2,95.2,104.26914642333985,123.44457321166992,9.069146423339845,2.5153483384988786,13292200,False,False
PDPP.JK,308.0,308.6666666666667,310.4,295.8,280.1,267.7868392944336,290.42340225219726,21.306580352783186,3.055566422640839,73500,False,False
PDES.JK,422.0,425.3333333333333,403.6,400.4,400.8,442.38,478.0354833984375,20.99000000000001,9.636133073356982,2935000,False,False
PCAR.JK,45.0,44.333333333333336,43.4,41.7,40.05,39.12,38.56,5.880000000000003,5.254550277432301,3190600,False,False
PBSA.JK,735.0,745.0,746.0,751.5,757.5,723.8053967285156,856.3248687744141,6.738920654296885,2.5276603146934544,764900,False,False
PBRX.JK,27.0,26.333333333333332,26.8,26.7,26.75,26.92,32.18,0.6666666666666679,3.6651787107787,2913900,True,False
PBID.JK,535.0,533.3333333333334,534.0,531.0,508.6,489.12,480.8496273803711,9.175999999999998,1.6455434373880724,941600,False,False
PART.JK,101.0,101.0,101.2,102.3,103.35,99.63193130493164,107.34521171569824,3.7180686950683537,1.2826529956575028,5486900,True,False
PANS.JK,1545.0,1545.0,1540.0,1550.5,1562.25,1524.7817260742188,1507.0591528320313,7.493654785156241,1.1081651035913596,138300,False,False
PANR.JK,432.0,426.6666666666667,422.4,416.2,411.6,421.2,457.32352935791016,10.199999999999989,1.3775744760366055,128300,False,False
PANI.JK,6300.0,6333.333333333333,6320.0,6210.0,6200.0,6304.43869140625,7276.706611328125,5.3333333333333215,1.7590002879291582,5153900,True,False
PAMG.JK,56.0,56.333333333333336,56.4,57.2,56.0,53.4,56.09,3.8000000000000043,5.669245210733709,3702300,False,False
PALM.JK,292.0,290.6666666666667,290.4,295.4,299.7,301.8202850341797,329.8042352294922,5.710142517089849,1.2589048609030813,549200,True,False
PADI.JK,74.0,73.0,71.2,72.0,72.15,72.98454528808594,89.79510948181152,2.799999999999997,4.9201468537139394,299899500,False,False
PADA.JK,192.0,188.33333333333334,180.6,154.9,136.25,120.82,136.2,71.18,9.068051293786487,166798100,False,False
PACK.JK,270.0,268.6666666666667,256.8,242.8,230.8,238.84,239.27,19.599999999999994,5.105722332193965,76855200,False,False
OPMS.JK,125.0,125.33333333333333,121.8,115.5,108.7,100.66,112.46,24.673333333333332,8.826835122503704,7343200,False,False
OMRE.JK,970.0,976.6666666666666,986.0,1011.5,1050.5,1042.0,925.65,16.1,5.2432652691780195,1200,False,False
OMED.JK,226.0,228.0,222.8,218.0,212.0,205.13247344970702,232.8144386291504,11.43376327514649,2.509120864625483,26259700,False,False
OLIV.JK,49.0,49.666666666666664,49.8,50.2,50.1,50.42,53.4,1.4200000000000017,2.0666277756675786,4733600,True,False
OKAS.JK,119.0,113.66666666666667,108.6,104.8,103.05,100.18,107.83,18.819999999999993,5.154188003656465,33712200,False,False
OILS.JK,232.0,231.33333333333334,230.0,230.2,226.1,201.56,229.04,15.219999999999999,4.027062141222549,7077700,False,False
OBMD.JK,204.0,196.33333333333334,189.2,189.3,191.65,177.32,204.14,13.340000000000003,3.218132978950941,492300,False,False
OBAT.JK,246.0,244.66666666666666,245.2,245.2,247.2,240.32,279.6573663330078,3.4399999999999977,1.664513308681349,60100,True,False
OASA.JK,344.0,350.0,343.2,333.4,333.6,291.8,316.66,29.099999999999994,4.173900786545499,25964900,False,False
NTBK.JK,93.0,93.33333333333333,92.6,93.4,95.2,75.58,78.26448139190674,19.620000000000005,3.9569801361520405,118754900,False,False
NSSS.JK,1045.0,1046.6666666666667,1020.0,1000.5,886.75,672.3934423828125,734.485087890625,74.85464485677085,7.230885831732166,8156300,False,False
NRCA.JK,530.0,531.6666666666666,520.4,501.2,499.15,457.02765991210936,494.6380892944336,14.927801350911455,2.7044774971782957,2321100,False,False
NPGF.JK,58.0,59.0,58.8,59.5,58.65,59.52,64.43,1.5200000000000031,2.241482247466388,6551700,True,False
NOBU.JK,525.0,503.6666666666667,499.8,473.1,456.85,446.14,492.33,15.772000000000002,3.1755690064730606,3144400,False,False
NISP.JK,1275.0,1276.6666666666667,1278.0,1269.0,1248.0,1229.2,1295.087908935547,9.759999999999991,0.9728910453664611,1217300,False,False
NIRO.JK,166.0,165.33333333333334,162.6,153.9,151.4,147.58,171.16,18.419999999999987,7.406343470867636,312500,False,False
NINE.JK,71.0,70.33333333333333,71.0,72.9,75.45,77.0,101.94,6.666666666666671,2.1107122294824534,10530200,False,False
NIKL.JK,202.0,201.33333333333334,200.0,193.2,191.75,193.86,247.6031652832031,5.125,2.3293259876431542,4425300,True,False
NICL.JK,478.0,476.6666666666667,472.0,478.2,494.3,516.58,671.0499890136718,22.29000000000002,2.3335564131451507,17785300,False,False
NICK.JK,1545.0,1428.3333333333333,1349.0,1250.5,1157.0,1070.2,1134.7,94.96,9.070867017549832,150100,False,False
NICE.JK,264.0,266.6666666666667,262.4,255.2,256.2,258.36,278.54,5.7333333333333485,2.340027318874993,505800,True,False
NFCX.JK,1520.0,1516.6666666666667,1524.0,1544.5,1561.75,1615.9,1694.7,19.84666666666667,2.241530289162754,87300,False,False
NETV.JK,52.0,51.666666666666664,51.6,51.0,50.9,52.7,69.37,1.8000000000000043,1.4459531683647548,43765900,True,False
NEST.JK,720.0,720.0,734.0,697.5,653.75,597.08,504.76,27.383999999999993,5.951643528988503,1622300,False,False
NELY.JK,202.0,201.33333333333334,200.8,201.0,204.0,200.41596313476563,253.5173403930664,1.7920184326171835,1.3509116694800667,1567200,True,False
NCKL.JK,945.0,940.0,942.0,902.5,876.5,830.2047448730468,929.373662109375,22.959051025390636,2.028354068221526,38537000,False,False
NAYZ.JK,58.0,58.666666666666664,58.0,57.5,57.5,58.04,61.61,1.1666666666666643,4.254932447038759,8297000,False,False
NATO.JK,655.0,655.0,656.0,660.0,648.25,610.0,611.85,10.0,1.0936229815809344,126600,False,False
NASI.JK,136.0,137.33333333333334,134.2,130.7,125.85,116.64,131.3,20.693333333333342,2.494987798708252,1191500,False,False
NASA.JK,30.0,30.0,30.2,30.3,30.1,31.62,34.75,1.620000000000001,2.677901527022655,213300,True,False
NANO.JK,29.0,28.666666666666668,28.6,29.8,29.85,25.8,30.29,4.050000000000001,5.673243498662772,21300400,False,False
NAIK.JK,88.0,88.33333333333333,87.6,86.9,87.5,84.34,90.48788497924805,3.993333333333325,1.004442077119179,3507800,True,False
MYTX.JK,41.0,41.0,41.0,41.0,41.0,42.08,47.17,1.0799999999999983,0.0,0,True,False
MYOR.JK,1695.0,1681.6666666666667,1678.0,1697.0,1723.75,1739.837646484375,1755.518828125,12.367529296875,1.429978452247454,5053700,False,False
MYOH.JK,1035.0,1036.6666666666667,1038.0,1040.5,1043.75,1047.8216235351563,1127.0972619628906,2.5643247070312554,0.7925871139914711,74000,True,False
MUTU.JK,110.0,109.66666666666667,110.4,109.2,109.8,109.44871932983398,105.5607989501953,1.2000000000000028,1.3545630605697052,993400,True,False
MTWI.JK,256.0,254.66666666666666,254.4,255.2,260.2,263.9808706665039,291.70697189331054,4.790435333251949,3.771525119711716,4000,True,False
MTMH.JK,920.0,923.3333333333334,919.0,916.5,932.0,946.5045141601563,968.4129791259766,6.000902832031261,2.274131233322341,1000,False,False
MTLA.JK,520.0,526.6666666666666,526.0,524.5,519.0,509.43871826171875,520.6090460205078,3.4455896809895763,4.521800213596532,13500,False,False
MTFN.JK,13.0,13.0,13.0,13.0,13.0,13.6,17.94,0.5999999999999996,0.0,0,True,False
MTEL.JK,432.0,438.6666666666667,442.4,448.2,453.8,466.8832104492187,479.3943078613281,17.44160522460936,1.3299502360267548,40552000,False,False
MTDL.JK,510.0,513.3333333333334,511.0,510.5,512.5,505.0170001220703,523.3535000610351,1.6632666422526086,1.460326947910961,1665500,True,False
MSTI.JK,1340.0,1335.0,1328.0,1321.0,1329.25,1264.858505859375,1269.1824633789063,15.02829882812498,2.576431136416047,726100,False,False
MSKY.JK,68.0,66.66666666666667,64.6,62.2,61.25,61.2,70.48,6.799999999999997,5.952339139789516,20618200,False,False
MSJA.JK,412.0,410.6666666666667,408.8,404.6,407.1,407.52,434.18443176269534,3.6999999999999886,2.1758039395497972,15239100,True,False
MSIN.JK,376.0,383.3333333333333,387.6,391.4,416.6,472.32,607.54,48.16,2.0104906839831838,29946900,False,False
MSIE.JK,97.0,98.66666666666667,97.8,94.7,88.45,95.56,93.35,10.216666666666669,5.823328163187765,2686700,False,False
MREI.JK,920.0,920.0,920.0,920.0,920.0,938.7,979.4,3.740000000000009,0.0,0,True,False
MRAT.JK,442.0,442.6666666666667,442.4,441.2,441.9,442.36,433.1,0.7333333333333485,0.83728759655148,91000,True,False
MPXL.JK,157.0,157.0,156.2,153.9,150.0,148.78,155.61,8.219999999999999,2.2810288605773685,123500,False,False
MPRO.JK,12050.0,12283.333333333334,12040.0,11852.5,11430.0,9654.0,9498.75,105.17333333333336,8.498307329730746,12800,False,False
MPPA.JK,47.0,46.666666666666664,46.6,47.6,47.3,46.32,48.09,1.2800000000000011,3.57600541147823,9284200,True,False
MPOW.JK,109.0,108.0,107.4,105.5,102.05,99.28,104.39,9.719999999999999,1.8919114029950292,3194300,False,False
MPMX.JK,1005.0,1005.0,1003.0,995.5,993.5,967.7897204589843,904.9602844238282,7.442055908203133,0.958670231646978,2744700,False,False
MPIX.JK,97.0,99.0,98.2,96.4,95.05,92.34,88.45,6.659999999999997,2.087331692808246,2400400,False,False
MORA.JK,5250.0,5333.333333333333,5695.0,6010.0,6232.5,6505.5,6011.75,50.22,3.679253420766088,802500,False,False
MOLI.JK,274.0,273.3333333333333,268.4,261.4,256.6,240.93480438232422,242.83925735473633,16.53259780883789,3.094391280781067,5447000,False,False
MNCN.JK,202.0,202.0,202.0,203.6,206.7,206.28,218.4,2.3499999999999943,1.730000622054922,32571000,True,False
MMLP.JK,298.0,298.6666666666667,298.0,294.4,296.8,295.12,315.7,2.133333333333354,1.3330274964399547,180200,True,False
MMIX.JK,730.0,740.0,739.0,730.5,723.75,688.42,492.41,10.316000000000008,0.9770799584123792,36042200,False,False
MLPT.JK,1615.0,1628.3333333333333,1665.0,1657.0,1428.65,1000.04,897.1812713623046,132.99200000000002,9.349840101130516,4532100,False,False
MLPL.JK,101.0,97.33333333333333,96.8,95.4,92.75,85.0,90.84,16.0,2.038328901345989,119703800,False,False
MLIA.JK,232.0,231.33333333333334,231.6,231.4,233.5,237.92,256.1,3.2933333333333223,0.6391411397165486,7100,True,False
MLBI.JK,7000.0,6925.0,6915.0,6710.0,6513.75,6196.93962890625,5814.567729492188,32.122414843750015,1.7310220765209352,492900,False,False
MKTR.JK,121.0,121.66666666666667,122.2,121.4,120.25,120.79867340087891,124.21943557739257,1.9500000000000028,1.632752549661537,40300,True,False
MKPI.JK,21975.0,21966.666666666668,21920.0,21817.5,21572.5,21146.1999609375,21374.21716796875,33.15200156249993,0.5245008372291536,40800,False,False
MKAP.JK,1170.0,1168.3333333333333,1168.0,1165.0,1164.0,1135.2427294921874,1099.4886541748047,6.951454101562513,0.42712712754081,19300,False,False
MITI.JK,208.0,210.0,213.2,187.4,179.75,172.34,208.23,20.429999999999993,11.328539447039525,6072300,False,False
MIRA.JK,29.0,27.0,25.0,23.3,21.95,20.1,21.4,8.899999999999999,7.174391474756862,15863900,False,False
MINE.JK,234.0,234.0,232.8,226.0,223.7,219.4,275.5,7.299999999999997,1.5063432665553538,769900,False,False
MINA.JK,278.0,276.6666666666667,273.2,271.2,276.9,280.12,294.18,4.460000000000008,1.7535149152786957,35520600,True,False
MIKA.JK,1890.0,1846.6666666666667,1835.0,1789.0,1762.25,1667.5391650390625,1798.7836547851562,44.49216699218751,2.965240701420758,3438600,False,False
MIDI.JK,278.0,279.3333333333333,279.2,282.0,283.9,281.51674072265627,291.86422897338866,2.9499999999999886,1.5536808878622494,4423900,True,False
MICE.JK,520.0,521.6666666666666,520.0,517.0,516.0,498.9970324707031,497.72386322021487,4.533926839192702,1.985958568972316,157200,True,False
MHKI.JK,139.0,139.33333333333334,137.4,135.8,136.6,125.23111618041992,147.8009923553467,14.102217152913425,2.666671582687592,1892500,False,False
MGRO.JK,670.0,675.0,668.0,677.0,674.75,671.3,685.5,1.8,3.3861017311801427,4371200,True,False
MGNA.JK,109.0,112.0,112.6,110.2,101.45,92.06,129.64,20.539999999999992,11.560319036031858,3117000,False,False
MGLV.JK,8425.0,8408.333333333334,8295.0,8360.0,8302.5,8232.0,7327.7,7.72,2.6334315978615614,268100,False,False
MERK.JK,3960.0,3930.0,3924.0,3920.0,3910.0,3744.67279296875,3590.62875,21.532720703125005,1.9369837627483855,19700,False,False
MERI.JK,120.0,116.0,114.2,107.8,104.75,106.72,123.1,15.25,5.8648131069152205,105769000,False,False
MEJA.JK,101.0,101.33333333333333,98.4,97.3,91.3,87.0,91.91,14.333333333333329,4.462365491691676,28989000,False,False
MEGA.JK,1985.0,1983.3333333333333,1983.0,1984.0,1992.0,1986.1,2110.4059680175783,1.8,0.4817878655216903,8200,True,False
MEDS.JK,74.0,74.66666666666667,75.0,75.4,77.65,75.66,76.99,3.6500000000000057,1.36202309415825,25341100,True,False
MEDC.JK,1305.0,1303.3333333333333,1317.0,1296.0,1285.75,1200.8703344726562,1400.2092321777343,23.225933105468766,3.0661166118192873,27141400,False,False
MDRN.JK,26.0,26.0,26.0,26.0,26.0,27.68,38.66,1.6799999999999997,0.0,0,True,False
MDLN.JK,50.0,50.0,50.0,50.0,50.1,50.18,52.03,0.17999999999999972,0.6200544431702717,1084500,True,False
MDLA.JK,208.0,209.33333333333334,209.6,210.0,209.0,203.86,203.0588752746582,3.069999999999993,0.9022628065583084,947600,True,False
MDKI.JK,186.0,185.66666666666666,185.0,182.9,181.6,178.90662994384766,180.8842158508301,7.093370056152338,1.2506896064451591,239900,False,False
MDKA.JK,2940.0,2896.6666666666665,2864.0,2761.0,2721.5,2669.1050634765625,2879.8421337890627,27.089493652343755,2.7262959531460247,29807200,False,False
MDIY.JK,930.0,921.6666666666666,914.0,916.5,941.5,889.0885473632812,867.1974560546874,10.482290527343753,0.894111671283546,238100,False,False
MDIA.JK,230.0,232.0,222.8,186.8,135.7,95.72,94.42,68.14,11.747664551335498,602442800,False,False
MCOR.JK,69.0,69.0,68.8,68.6,68.25,66.92,68.46,2.0799999999999983,0.83019955430472,2310000,True,True
MCOL.JK,3750.0,3746.6666666666665,3744.0,3723.0,3751.0,3716.8,3767.3901684570315,3.4199999999999817,1.7781674332853672,31300,True,False
MCAS.JK,296.0,259.3333333333333,254.4,266.2,212.7,198.98,274.49,48.510000000000005,14.083445672798964,53446000,False,False
MBTO.JK,128.0,131.0,132.4,126.2,122.35,112.94,114.22,19.460000000000008,8.185567543705206,7454300,False,False
MBSS.JK,2840.0,2826.6666666666665,2828.0,2793.0,2707.0,2584.2,2292.55,25.58000000000002,1.0842508022173805,1418200,False,False
MBMA.JK,550.0,543.3333333333334,538.0,516.6,518.8,500.66,579.24,9.867999999999995,3.0352889665591785,182060800,False,False
MBAP.JK,1475.0,1438.3333333333333,1428.0,1425.5,1412.0,1389.4,1548.75,17.119999999999983,1.652471415969812,55700,False,False
MAYA.JK,202.0,204.0,202.6,200.1,197.75,190.42,192.58,6.790000000000006,1.2135883249178376,250200,False,False
MAXI.JK,50.0,50.0,50.0,50.0,50.0,50.0,50.49,0.0,0.0,227500,True,False
MASB.JK,3400.0,3393.3333333333335,3392.0,3391.0,3390.5,3378.6,3313.3,2.140000000000009,0.09328252684862257,10700,True,False
MARK.JK,1100.0,1098.3333333333333,1090.0,1052.0,1040.5,957.6,860.9878784179688,28.479999999999997,4.182886985608623,14566200,False,False
MARI.JK,23.0,23.0,23.0,23.0,23.0,23.7,26.33,0.6999999999999993,0.0,0,True,False
MAPI.JK,1605.0,1655.0,1728.0,1608.0,1561.25,1523.655283203125,1410.5316064453125,40.868943359374995,8.54545273219692,99163100,False,False
MAPB.JK,1215.0,1196.6666666666667,1163.0,1170.5,1111.75,1102.5,1310.9,22.5,5.334669631785269,3800,False,False
MAPA.JK,675.0,675.0,673.0,643.0,629.25,608.3385339355468,618.2630084228516,13.332293212890637,2.5954295543547903,6924100,False,False
MANG.JK,39.0,39.0,39.0,39.6,39.6,41.34,44.33,2.3400000000000034,1.178962266076146,1773500,True,False
MAIN.JK,680.0,680.0,677.0,688.5,694.75,687.8862072753906,769.4183557128906,3.55,2.1181744404098457,772700,True,False
MAHA.JK,146.0,145.33333333333334,145.6,143.8,142.2,137.00000061035155,136.13166915893555,8.999999389648451,1.4095731765907396,1283100,False,False
LUCK.JK,115.0,115.0,113.8,111.9,107.55,103.76,105.1,11.239999999999995,2.789336611720093,4187700,False,False
LTLS.JK,850.0,840.0,836.0,813.0,792.75,775.6,772.0936389160156,14.879999999999995,1.4569668974355454,26500,False,False
LSIP.JK,1465.0,1458.3333333333333,1456.0,1426.5,1382.0,1272.8782763671875,1335.2279443359375,38.4243447265625,1.6974692469205714,6433200,False,False
LRNA.JK,185.0,185.33333333333334,184.8,184.9,182.5,180.54,191.81,4.793333333333351,1.2629757757606768,127200,True,False
LPPS.JK,85.0,83.0,82.0,80.8,78.9,72.32,77.45,12.680000000000007,1.6599166999455954,13557000,False,False
LPPF.JK,1595.0,1581.6666666666667,1575.0,1561.5,1563.25,1541.4,1586.2569714355468,10.719999999999981,1.974386038423725,1077000,False,False
LPLI.JK,250.0,246.66666666666666,246.0,247.0,248.1,242.32,267.08,3.8400000000000034,1.3395865691113462,81700,True,False
LPKR.JK,66.0,63.0,62.2,61.5,61.65,61.72,71.37,4.5,2.4502278239579107,1534150500,True,False
LPIN.JK,422.0,422.0,420.0,419.6,418.0,406.8,409.35066192626954,7.599999999999994,0.9237534407764506,39100,False,False
LPGI.JK,650.0,645.0,642.0,634.5,649.5,664.1,667.2485522460937,5.920000000000004,1.9591631432241767,500,True,False
LPCK.JK,620.0,588.3333333333334,586.0,552.5,533.75,516.78,570.69,20.644000000000005,4.2454909244190135,3677200,False,False
LOPI.JK,77.0,70.33333333333333,68.2,65.7,61.75,62.18,86.98,15.25,4.498437091526343,1817900,False,False
LMPI.JK,142.0,140.0,139.8,141.2,139.95,137.9,146.06,4.099999999999994,1.6915797626885716,63700,True,False
LMAX.JK,112.0,113.0,113.6,113.5,115.6,97.88,126.47,17.72,4.292175390555827,332200,False,False
LIVE.JK,222.0,216.0,214.4,209.8,207.3,213.08,214.49,7.349999999999994,1.8316076140979933,4483900,False,False
LION.JK,356.0,356.0,354.0,352.6,349.6,336.2,370.64,9.900000000000006,3.4187728317894557,40600,False,False
LINK.JK,1400.0,1391.6666666666667,1393.0,1396.5,1408.75,1397.1,1572.45,3.4166666666666514,0.6752367324308597,2900,True,False
LIFE.JK,5875.0,5858.333333333333,5870.0,5807.5,5785.0,5907.5,6427.821928710938,4.9,1.5205730123021657,1700,True,False
LFLO.JK,486.0,491.3333333333333,490.4,487.4,487.7,521.0045526123047,535.9591519165039,17.50227630615234,1.4859833755155323,100,False,False
LEAD.JK,111.0,112.66666666666667,111.4,107.5,104.75,98.56,114.36,14.10666666666667,3.7045779705537143,12429700,False,False
LCKM.JK,109.0,109.0,109.0,109.4,109.5,110.28,116.6,1.2800000000000011,1.9769682683314476,0,True,False
LAPD.JK,66.0,64.66666666666667,64.0,63.1,65.3,63.18,72.51,2.8999999999999986,3.4408724598006506,60071500,True,False
LAND.JK,81.0,79.66666666666667,79.0,76.5,77.4,64.06,68.53,16.939999999999998,4.044505517903867,122053000,False,False
LAJU.JK,68.0,67.66666666666667,67.0,65.8,66.65,63.88032012939453,71.02762088775634,4.1196798706054665,2.028445782478912,23999000,True,False
LABS.JK,157.0,156.33333333333334,155.4,152.5,150.1,144.76,151.7,12.240000000000009,0.9458993892020657,560900,False,False
LABA.JK,96.0,95.66666666666667,95.0,94.6,93.9,90.46,104.04,5.540000000000006,1.668693661413991,6488600,True,False
KUAS.JK,93.0,92.66666666666667,92.6,91.6,91.85,91.08,98.47603233337402,1.9200000000000017,1.9997645860513673,6575700,True,False
KSIX.JK,372.0,370.6666666666667,354.8,321.0,301.9,322.88,325.76,35.05000000000001,6.0386047803546745,322500,False,False
KRYA.JK,64.0,63.333333333333336,62.4,60.7,60.4,58.14,63.14,5.859999999999999,1.4052666802258684,27483400,True,True
KREN.JK,13.0,13.333333333333334,13.2,13.2,13.0,12.64,14.39,0.6933333333333334,4.947089528537475,29996000,False,False
KRAS.JK,228.0,229.33333333333334,227.6,223.8,228.9,211.52,246.74,8.906666666666666,3.077588705003286,2183200,False,False
KPIG.JK,77.0,78.66666666666667,81.0,81.3,82.75,82.64,95.58,5.75,2.5662761636773737,235701500,True,False
KOTA.JK,174.0,177.66666666666666,168.0,151.3,126.55,106.28,102.25,71.38666666666666,8.054595930259666,667717900,False,False
KOPI.JK,208.0,209.33333333333334,209.6,209.0,203.2,189.08,217.71,10.259999999999991,3.676095489302827,951800,False,False
KONI.JK,2380.0,2390.0,2400.0,2417.0,2558.0,2578.6,2403.45,19.859999999999992,1.2917906997053594,60500,False,False
KOKA.JK,192.0,194.66666666666666,195.8,195.5,198.85,143.96,158.51,54.889999999999986,2.5885624567078667,9254000,False,False
KOIN.JK,78.0,78.0,78.0,78.0,78.0,76.52,79.03,1.480000000000004,0.0,0,True,False
KOCI.JK,107.0,108.0,109.6,104.0,103.0,96.46684173583985,105.93394592285156,13.133158264160144,6.836180476908554,8111900,False,False
KOBX.JK,170.0,169.66666666666666,167.6,167.5,156.75,150.22,157.24,19.78,12.280106620038337,1620900,False,False
KMTR.JK,230.0,230.0,232.0,235.4,232.6,229.12,241.64,3.1400000000000006,3.684843558044219,52500,True,False
KMDS.JK,530.0,531.6666666666666,534.0,537.5,539.25,533.83169921875,543.6879299926758,1.85,1.6399848811033988,40700,True,False
KLIN.JK,116.0,116.33333333333333,115.6,116.7,113.1,106.78,127.75,9.920000000000002,4.432148815464462,270400,False,False
KLBF.JK,790.0,793.3333333333334,768.0,737.5,735.25,735.0342468261719,812.8719128417969,11.659817301432303,3.2681821929440815,53498900,False,False
KLAS.JK,77.0,76.66666666666667,76.6,75.6,72.75,69.12,75.02,7.8799999999999955,2.710424535751629,11279900,False,False
KKGI.JK,280.0,274.6666666666667,274.8,274.2,274.9,264.5969912719727,285.7488710021973,7.701504364013658,1.5055232305842765,1641600,False,False
KKES.JK,69.0,67.66666666666667,66.6,67.0,67.45,53.34,45.11,15.659999999999997,1.998197248368223,3153300,False,False
KJEN.JK,143.0,144.33333333333334,143.8,139.9,132.75,125.46,129.75,18.87333333333335,7.535858861471246,2278600,False,False
KIOS.JK,99.0,99.66666666666667,97.6,95.9,95.55,87.94,96.35,11.726666666666674,2.438907911065654,13448200,False,False
KINO.JK,1310.0,1310.0,1302.0,1252.5,1208.0,1150.4519995117187,1121.4659838867187,31.909600097656266,2.713016428077004,15400,False,False
KING.JK,270.0,273.3333333333333,278.0,273.0,285.9,366.34,372.91,48.16999999999999,3.1838942605970955,493500,False,False
KIJA.JK,124.0,124.0,123.6,124.9,129.0,123.26,148.62,5.739999999999995,2.3680106577733873,50073900,True,False
KICI.JK,195.0,196.66666666666666,195.6,194.7,192.55,186.38,196.41,10.286666666666662,1.2693161561989617,1220300,False,False
KETR.JK,565.0,588.3333333333334,586.0,570.5,559.25,547.78,522.16,8.11066666666668,4.480689764050193,29240400,False,False
KEJU.JK,585.0,580.0,571.0,558.5,552.5,564.7,551.2110751342774,6.5,1.3658429350871129,237700,False,False
KEEN.JK,905.0,903.3333333333334,890.0,868.5,863.5,839.4645532226563,859.8092266845703,13.107089355468748,2.6433251409919483,8862400,False,False
KDTN.JK,428.0,457.3333333333333,458.4,397.2,466.1,590.92,765.01,96.85999999999999,14.17515537998695,14273900,False,False
KDSI.JK,458.0,458.0,456.4,453.8,449.2,442.92,446.14,7.539999999999992,0.631283047100292,5800,False,False
KBLV.JK,157.0,136.0,132.2,128.4,122.0,100.02,105.32,56.980000000000004,8.82800320543082,620716500,False,False
KBLM.JK,308.0,302.6666666666667,302.4,299.6,295.6,290.4618188476563,302.1147592163086,8.769090576171862,1.100642015479262,52200,False,False
KBLI.JK,332.0,330.6666666666667,328.4,325.6,323.5,311.87760192871093,308.0877801513672,10.061199035644535,0.8373074599645882,699000,False,False
KBAG.JK,51.0,50.0,48.0,45.1,43.6,39.68,43.36,11.32,3.0055019761055823,15424900,False,False
KARW.JK,212.0,212.0,212.0,212.0,212.0,228.2,263.46,8.099999999999994,0.0,0,False,False
KAQI.JK,97.0,96.33333333333333,95.2,93.6,91.35,88.54,96.68,8.459999999999994,2.7144714898888833,137475300,False,False
KAEF.JK,460.0,460.0,456.4,451.6,453.2,448.32,476.08,5.840000000000003,1.0476399756875454,311100,True,False
JTPE.JK,595.0,601.6666666666666,598.0,605.0,605.75,599.725,590.8,2.15,1.656447487670566,1536200,True,True
JSPT.JK,1385.0,1381.6666666666667,1382.0,1416.5,1405.25,1329.84962890625,1366.3373864746093,17.330074218749996,6.445532290534832,31700,False,False
JSMR.JK,2790.0,2780.0,2774.0,2740.0,2733.0,2754.3290283203123,2844.9469213867187,5.7,1.1496507134993956,1889000,True,False
JRPT.JK,1075.0,1076.6666666666667,1078.0,1079.0,1078.25,1074.2283374023436,1071.5213989257813,0.9543325195312719,0.2187508462089377,324500,True,False
JPFA.JK,2200.0,2213.3333333333335,2202.0,2165.0,2117.0,2054.9,2234.227265625,15.843333333333339,1.5948430565226408,16486900,False,False
JMAS.JK,228.0,228.0,228.0,228.0,228.0,237.28,237.47,4.640000000000001,0.0,0,True,False
JKON.JK,90.0,87.33333333333333,87.4,76.6,72.4,68.5164183807373,70.07612033843994,21.483581619262694,11.36104291786683,157091700,False,False
JIHD.JK,436.0,430.6666666666667,428.4,425.4,430.0,418.84,462.29,8.580000000000013,1.7040175256170242,122100,False,False
JGLE.JK,95.0,92.66666666666667,84.4,73.7,65.5,58.28,63.88,36.72,9.433152427974271,2282736900,False,False
JECC.JK,640.0,636.6666666666666,639.0,626.5,629.5,602.496572265625,716.7654309082031,7.500685546875002,1.7498969311225374,8500,False,False
JAYA.JK,133.0,133.0,133.2,131.0,127.7,123.6,128.01,9.599999999999994,1.7121151468607094,956600,False,False
JAWA.JK,129.0,130.0,129.2,125.8,121.9,119.14,137.34,10.86,2.5489423623968106,619500,False,False
JATI.JK,99.0,100.0,98.4,96.9,95.5,94.88368743896484,99.31999809265136,5.1163125610351585,2.1153745965784556,8791900,True,False
JAST.JK,85.0,84.33333333333333,84.2,83.6,84.1,81.42,89.26,3.5799999999999983,0.9987135277844262,4276700,True,False
JARR.JK,1915.0,1916.6666666666667,1910.0,1899.0,1894.25,1809.2918432617187,1933.6652685546876,21.474964680989615,1.5644402274955755,852200,False,False
ITMG.JK,25125.0,24841.666666666668,24795.0,24637.5,24383.75,23186.0,24364.17048828125,77.56,0.9209326961039217,1191200,False,False
ITMA.JK,1365.0,1361.6666666666667,1369.0,1369.0,1358.25,1417.3,1754.5,11.809999999999992,1.8640743256475552,23500,False,False
ITIC.JK,238.0,231.33333333333334,226.4,220.0,212.75,205.42,229.33,16.290000000000006,2.1473824751940107,1887600,False,False
ISSP.JK,428.0,436.0,436.8,430.8,417.4,397.05510375976564,415.76796569824216,19.872448120117184,2.3218281991213665,2202900,False,False
ISEA.JK,81.0,81.66666666666667,81.6,80.3,80.65,71.46,77.44,10.206666666666678,1.7511613841784335,1745400,False,False
ISAT.JK,2170.0,1990.0,1973.0,1945.5,1925.0,1887.5,1959.0521728515625,28.25,5.2150170946837004,112434800,False,False
ISAP.JK,25.0,24.333333333333332,24.4,24.4,24.65,23.88,27.03,1.120000000000001,5.159185353984503,28671600,False,False
IRSX.JK,368.0,366.6666666666667,368.4,342.6,317.5,297.67660034179687,362.4333050537109,35.36169982910155,5.097676663445349,48733700,False,False
IRRA.JK,370.0,372.6666666666667,373.2,373.8,373.1,368.32,382.22,2.740000000000009,0.4215041734960203,709200,True,False
IPTV.JK,30.0,29.666666666666668,30.0,30.7,30.95,32.62,37.01,2.9533333333333296,3.7716999580665656,1672700,True,False
IPOL.JK,113.0,112.33333333333333,110.2,108.0,107.0,107.36,114.11,6.0,2.063697310835919,3931600,False,False
IPCM.JK,304.0,304.6666666666667,304.4,307.4,312.8,306.9593310546875,307.3279113769531,4.400000000000006,1.5098453116968718,450400,True,False
IPCC.JK,1180.0,1175.0,1164.0,1153.0,1190.0,1152.931463623047,1168.636997680664,7.413707275390607,1.9661367665959728,421000,False,False
IPAC.JK,172.0,170.0,166.8,163.7,162.4,153.4,153.64,18.599999999999994,3.3209489368227985,349000,False,False
IOTF.JK,53.0,53.0,52.8,52.5,52.7,52.84,57.57,0.5,1.0838473527841093,4429700,True,False
INTP.JK,5400.0,5341.666666666667,5170.0,4881.0,4752.0,4434.141083984375,4580.080478515625,38.63435664062501,2.2012089421306067,2389200,False,False
INTD.JK,284.0,268.0,261.6,254.6,243.9,235.76,243.12,24.120000000000005,3.0070762937266107,1147600,False,False
INTA.JK,61.0,61.0,61.0,61.0,61.0,62.72,69.19,1.7199999999999989,0.0,0,True,False
INPS.JK,730.0,721.6666666666666,718.0,683.0,660.0,656.5,637.46,14.7,3.9360515420530082,278300,False,False
INPP.JK,750.0,700.0,696.0,695.5,699.25,721.4,754.5,10.9,3.695390163465934,767800,False,False
INPC.JK,143.0,143.66666666666666,142.2,139.5,138.65,133.32,145.37,10.346666666666664,1.4478827174990034,2095100,False,False
INOV.JK,145.0,145.33333333333334,145.2,140.0,134.25,123.78,130.23,21.55333333333334,1.8785260377518174,2489600,False,False
INKP.JK,8325.0,8333.333333333334,8395.0,8247.5,7955.0,7530.280322265625,8395.73923828125,34.588787109375005,1.8258212425155396,2500200,False,False
INET.JK,232.0,234.0,233.6,228.2,225.8,208.4,245.96,12.799999999999997,3.297357385864972,98305400,False,False
INDY.JK,2700.0,2613.3333333333335,2540.0,2571.0,2484.5,2227.9685302734374,2781.883427734375,47.203146972656256,5.428209940245633,41768200,False,False
INDX.JK,60.0,60.0,60.0,60.0,60.0,62.9,83.03,2.8999999999999986,2.837818317547164e-07,0,True,False
INDS.JK,274.0,279.3333333333333,279.2,276.4,273.3,265.0544027709961,331.69260482788087,7.1394652811686115,1.80892963209669,1088900,False,False
INDR.JK,2340.0,2360.0,2344.0,2188.5,2097.25,2028.0,2333.7,33.2,5.521392448843941,19700,False,False
INDO.JK,174.0,175.0,175.4,173.9,172.6,166.3,163.24,9.099999999999994,1.9474557297666857,28206300,False,False
INDF.JK,7450.0,7325.0,7250.0,7077.5,6941.25,6585.28193359375,6478.613149414063,34.58872265624999,0.8247472016364473,8266900,False,False
INCO.JK,5400.0,5425.0,5395.0,5131.0,5029.25,4774.616337890625,5325.9201171875,26.015346484375005,3.7394686343868098,10034800,False,False
INCI.JK,675.0,676.6666666666666,670.0,664.0,659.75,647.9655725097656,667.585238647461,5.740218831380207,1.7286793251776942,31700,True,False
INCF.JK,50.0,50.0,50.0,50.0,50.0,50.0,53.01,0.0,0.0,0,True,False
INAI.JK,180.0,181.33333333333334,180.2,178.5,168.95,151.16,168.5,30.173333333333346,2.8645475783608747,974400,False,False
IMPC.JK,1595.0,1585.0,1574.0,1547.5,1517.75,1551.7,1819.05,15.45,1.8262492438447568,4987200,False,False
IMJS.JK,162.0,163.0,164.0,157.2,152.9,143.93195373535156,159.84414123535157,20.068046264648444,2.450870341769824,2025600,False,False
IMAS.JK,860.0,863.3333333333334,862.0,857.0,852.0,840.7406213378906,932.363544921875,4.518542399088551,0.777582473699434,460100,True,False
IKPM.JK,198.0,194.33333333333334,191.8,188.4,186.2,184.14,195.4,13.860000000000014,2.280181161277841,78400,False,False
IKBI.JK,650.0,618.3333333333334,593.0,572.5,568.0,534.72,540.31,23.055999999999994,3.30129386186664,5351200,False,False
IKAN.JK,87.0,87.0,86.6,84.8,84.75,78.04,85.92,8.959999999999994,1.645292694556012,3780700,False,False
IKAI.JK,20.0,21.0,21.6,20.9,20.8,19.2,21.01,2.400000000000002,4.761867320759485,11673100,False,False
IGAR.JK,444.0,443.3333333333333,443.2,435.0,426.9,418.9984558105469,442.9848828125,12.500772094726557,1.3770846896394204,26600,False,False
IFSH.JK,1075.0,1081.6666666666667,1085.0,1132.5,1154.5,1205.58,1776.4276330566406,26.115999999999985,1.7056845553026736,13600,False,False
IFII.JK,206.0,206.0,206.4,206.6,210.4,214.36,219.46,4.180000000000007,1.200684701422312,144300,True,False
IDPR.JK,280.0,278.0,279.2,285.4,293.2,294.2932879638672,295.8490591430664,8.146643981933607,1.6095527652497899,99200,False,False
IDEA.JK,68.0,67.66666666666667,67.6,64.0,63.9,60.9,72.01,7.100000000000001,3.4410294990835255,1080000,False,False
ICON.JK,115.0,117.0,115.0,110.8,108.15,106.28,112.23,10.719999999999999,5.333405051600175,9014000,False,False
ICBP.JK,7750.0,7500.0,7375.0,7172.5,7011.25,6645.880224609375,6727.474453125,44.16479101562501,1.6440279007363865,10181700,False,False
IBST.JK,8475.0,8475.0,8475.0,8475.0,8475.0,8475.0,7838.45,0.0,0.0,0,True,False
IBOS.JK,69.0,67.33333333333333,65.8,65.4,67.2,74.3,92.62,8.899999999999991,3.459262117188755,6719300,False,False
IBFN.JK,63.0,63.0,63.0,63.0,63.0,64.04,72.13,1.0400000000000063,0.0,0,True,False
IATA.JK,115.0,109.33333333333333,101.8,81.7,70.1,66.44,71.67,48.56,12.657838175201189,1146990100,False,False
HYGN.JK,166.0,165.33333333333334,166.0,166.3,161.2,148.02,146.19720108032226,18.28,2.5517405770971098,494100,False,False
HUMI.JK,153.0,152.33333333333334,148.6,140.3,135.55,125.74,154.67,27.260000000000005,3.516015425777301,88952100,False,False
HRUM.JK,815.0,838.3333333333334,856.0,833.0,825.5,782.2,871.35,14.759999999999991,3.085123108741715,52205500,False,False
HRTA.JK,2150.0,2090.0,2001.0,1941.0,1925.25,1962.025126953125,2244.141042480469,22.475,2.8474621388353905,18702200,False,False
HRME.JK,42.0,42.0,42.4,42.5,43.75,44.1,46.0,2.1000000000000014,3.647589863932827,1044000,True,False
HOPE.JK,224.0,222.0,219.2,209.2,195.8,152.44,175.43,35.78,2.2474902865582567,45589700,False,False
HOMI.JK,184.0,181.66666666666666,180.2,178.4,179.2,186.08,211.94,7.680000000000007,0.6184773732145602,1795200,False,False
HOKI.JK,54.0,54.0,53.8,54.2,53.95,54.04,60.02,0.4000000000000057,2.698634522274298,3973600,True,False
HMSP.JK,780.0,766.6666666666666,758.0,741.0,722.25,678.8740002441406,683.5425207519531,20.225199951171884,1.1346510102873104,26674400,False,False
HILL.JK,16.0,16.0,16.0,16.0,16.0,16.04,18.18,0.03999999999999915,0.0,0,True,False
HGII.JK,123.0,121.66666666666667,120.6,120.9,121.3,123.6629377746582,130.88869750976562,3.0629377746582094,1.3189224788557485,532700,True,False
HEXA.JK,4460.0,4456.666666666667,4464.0,4463.0,4469.5,4410.0,4426.7,5.95,0.5095669385882072,246100,True,False
HERO.JK,336.0,340.6666666666667,344.0,342.4,340.0,329.68,375.51,7.159999999999997,3.9108872892890085,648800,False,False
HELI.JK,192.0,190.66666666666666,188.8,189.3,184.8,179.26,186.46,12.740000000000009,4.490246141401926,969400,False,False
HEAL.JK,780.0,786.6666666666666,790.0,789.5,828.5,850.1,996.9079077148438,14.020000000000005,2.7975165353193128,7907200,False,False
HDIT.JK,50.0,50.0,50.0,50.1,50.4,50.46,54.85,0.46000000000000085,1.1215122553896957,877300,True,False
HDFA.JK,97.0,99.33333333333333,100.0,94.8,91.7,89.0,95.9,11.0,8.7410458438319,2509200,False,False
HBAT.JK,224.0,221.33333333333334,222.0,225.2,247.9,321.34,354.69,50.003333333333316,3.3167042002415124,261000,False,False
HATM.JK,545.0,540.0,536.0,526.1,485.05,410.71190673828124,357.98202911376956,26.857618652343753,5.3794249685558,49379900,False,False
HALO.JK,70.0,70.33333333333333,70.2,69.6,67.75,64.6,69.39,5.733333333333334,2.83786984835255,3882000,True,True
HAJJ.JK,110.0,109.0,107.8,106.4,104.4,103.2,116.4,6.799999999999997,1.7880100791952007,7472800,False,False
HAIS.JK,180.0,182.33333333333334,183.0,182.7,182.35,176.1,184.76997268676757,6.900000000000006,1.5794117428151333,1727100,False,False
HADE.JK,19.0,19.0,19.0,18.8,18.7,17.04,18.33,1.9600000000000009,4.00310801132417,5148100,False,False
GZCO.JK,174.0,175.33333333333334,175.4,165.6,158.4,148.04,172.61,27.360000000000014,4.71555062380579,11879900,False,False
GWSA.JK,135.0,135.66666666666666,133.8,129.7,126.45,121.76,133.58,13.906666666666652,2.027899034679599,524100,False,False
GUNA.JK,204.0,203.33333333333334,202.4,201.4,198.3,174.30323486328126,190.19083602905275,14.84838256835937,1.6785675892873857,77300,False,False
GULA.JK,745.0,771.6666666666666,786.0,789.0,750.25,654.96,508.78,26.807999999999993,4.373678856039267,67461400,False,False
GTSI.JK,192.0,186.33333333333334,176.2,160.3,152.9,138.55395401000976,177.1541869354248,53.44604598999024,6.205971588690921,136076500,False,False
GTRA.JK,252.0,249.33333333333334,245.6,242.4,232.4,205.8,221.47,23.099999999999994,1.2356988453414204,267400,False,False
GTBO.JK,170.0,170.0,170.0,170.0,170.0,174.7,194.01,4.699999999999989,0.0,0,True,False
GSMF.JK,87.0,87.66666666666667,87.4,87.3,87.1,83.22,96.63,4.4466666666666725,1.146862067198386,1361700,True,False
GRPM.JK,236.0,234.66666666666666,234.8,230.0,233.5,240.32,275.36,5.159999999999997,4.945936713403124,379400,False,False
GRPH.JK,61.0,59.666666666666664,59.2,59.4,59.35,58.72,59.23,2.280000000000001,1.916753815529417,3550000,True,True
GRIA.JK,142.0,147.33333333333334,143.8,131.2,122.4,120.46,113.23,26.87333333333335,6.090683890192765,9637100,False,False
GPSO.JK,278.0,291.3333333333333,298.4,290.8,309.3,352.96,363.08,37.47999999999999,4.746351543110611,67375100,False,False
GPRA.JK,107.0,107.0,105.8,103.8,102.95,101.48294067382812,104.32097862243653,5.517059326171875,2.0457448218982033,137350700,True,True
GOTO.JK,50.0,50.0,50.0,50.0,50.0,50.0,50.97,0.0,0.0,46708900,True,False
GOOD.JK,300.0,299.3333333333333,297.6,294.6,298.9,308.64,323.53900665283203,7.019999999999982,1.2532516619675684,363400,False,False
GOLF.JK,170.0,168.66666666666666,165.6,161.9,164.75,162.86837677001952,174.98422119140625,8.099999999999994,1.4931388752910624,3599700,False,False
GOLD.JK,272.0,272.6666666666667,269.6,268.4,265.1,256.96,268.72,7.853333333333353,2.1266713667295263,119100,False,False
GMTD.JK,1285.0,1288.3333333333333,1292.0,1312.5,1302.0,1360.3,1493.6545556640624,15.059999999999992,5.168035833756372,2600,False,False
GMFI.JK,54.0,54.666666666666664,54.4,54.7,53.9,52.66,56.68,2.0400000000000063,1.4893639689784524,57895900,True,False
GLVA.JK,306.0,306.6666666666667,306.0,305.6,303.7,303.48634216308596,316.34695587158205,1.5901622517903604,1.2085722966332586,158600,True,False
GJTL.JK,1305.0,1318.3333333333333,1315.0,1266.0,1198.25,1148.377197265625,1108.6517749023437,33.99122721354165,3.3275927353520807,3982400,False,False
GIAA.JK,54.0,53.333333333333336,53.6,53.6,53.45,53.92,61.0,0.6666666666666643,1.6374558908214418,14656200,True,False
GHON.JK,1605.0,1611.6666666666667,1619.0,1631.5,1624.25,1683.1,1739.2,15.619999999999981,0.5409897752480327,10800,False,False
GGRP.JK,302.0,302.0,300.0,297.6,295.9,292.48,282.8377911376953,4.759999999999991,0.8501649039599222,975400,True,False
GGRM.JK,21725.0,21091.666666666668,20625.0,19547.5,18341.25,16569.525,15493.8375,206.21899999999994,2.4219090237295644,2861200,False,False
GEMS.JK,6600.0,6566.666666666667,6555.0,6495.0,6537.5,6442.0,7276.25,6.32,0.9769786708899479,44900,False,False
GEMA.JK,81.0,81.0,80.8,80.7,80.55,79.13809509277344,82.3749983215332,1.8619049072265597,0.9140409298731907,586800,True,False
GDYR.JK,1100.0,1098.3333333333333,1101.0,1098.0,1094.5,1090.8,1099.4,2.040000000000009,1.139406574415226,1100,True,False
GDST.JK,126.0,119.0,112.6,105.1,98.05,88.0,94.0,38.0,7.095102901550476,44341400,False,False
FWCT.JK,95.0,93.66666666666667,94.0,91.6,90.7,81.3,91.11,13.700000000000003,2.527353169747629,7764300,False,False
FUTR.JK,350.0,340.0,334.4,304.2,274.7,210.62,220.91,69.69,8.701236244763418,84011200,False,False
FUJI.JK,208.0,206.66666666666666,206.8,205.6,206.15,229.18,287.07,11.790000000000006,1.8428238812135869,367300,False,False
FPNI.JK,426.0,434.0,429.2,382.8,355.4,338.64,388.68,47.68000000000001,8.200296703328776,4167700,False,False
FORU.JK,2400.0,2546.6666666666665,2620.0,2797.0,2890.0,2917.5,2096.9,51.75,3.0356484548950844,1066400,False,False
FORE.JK,795.0,778.3333333333334,764.0,702.0,665.75,662.8,742.13,26.44000000000001,3.8195714025923686,6828700,False,False
FOOD.JK,176.0,176.0,176.0,176.0,176.0,173.34,186.19,2.6599999999999966,0.0,0,True,False
FOLK.JK,216.0,216.66666666666666,214.4,210.8,213.5,199.94,266.95,8.36333333333333,1.4365477594953011,4604100,False,False
FMII.JK,248.0,247.33333333333334,248.8,248.8,248.9,247.2,241.94,0.8500000000000085,2.027672116458283,5000,True,False
FLMC.JK,75.0,73.33333333333333,72.4,74.3,67.5,81.46,117.77,13.959999999999994,4.46770832616763,3341700,False,False
FITT.JK,354.0,353.3333333333333,354.0,353.4,359.5,365.92,378.49,6.293333333333351,1.4765038770400107,102700,False,False
FISH.JK,605.0,605.0,606.0,609.5,625.25,617.740654296875,683.835698852539,4.05,1.8330156424097286,97700,True,False
FIRE.JK,110.0,109.66666666666667,108.2,107.2,107.9,104.44,121.65,5.560000000000002,2.1286571616716525,8737300,True,False
FILM.JK,990.0,986.6666666666666,1020.0,1034.0,1223.5,1542.0,2150.05,111.06666666666668,3.8049370967990224,10362200,False,False
FAST.JK,366.0,356.6666666666667,351.2,326.2,302.2,264.92,280.66,50.53999999999999,10.121260938576835,8814400,False,False
FAPA.JK,7375.0,7358.333333333333,7365.0,7350.0,7352.5,7296.960703125,7057.562973632813,3.1215718750000088,0.3604387226340567,600,True,False
EXCL.JK,2550.0,2536.6666666666665,2530.0,2478.0,2509.5,2537.2,2760.8,7.2,2.102920377290981,4237400,False,False
EURO.JK,1900.0,1875.0,1857.0,1907.0,1880.0,1725.1338745117187,2136.454365234375,36.37322509765627,2.1998116733150743,104300,False,False
ESTI.JK,176.0,176.66666666666666,178.0,160.9,146.45,131.2344009399414,146.07888290405273,46.765599060058605,13.246302769054974,111183600,False,False
ESTA.JK,182.0,184.66666666666666,185.6,185.1,182.55,183.08,189.12,3.5999999999999943,4.375447663576062,712600,False,False
ESSA.JK,635.0,630.0,626.0,623.5,616.25,586.6812963867187,651.4554956054687,9.663740722656257,2.4435364894784466,63338300,False,False
ESIP.JK,128.0,129.66666666666666,129.8,129.6,130.1,126.04755981445312,120.59622062683106,4.052440185546871,2.8276362449530286,17827700,True,True
ERTX.JK,193.0,195.33333333333334,195.2,182.8,169.4,151.12,176.91,44.21333333333334,3.474640102508766,1130900,False,False
ERAL.JK,312.0,311.3333333333333,312.4,305.8,295.9,278.33744384765623,288.69233337402346,17.031278076171873,2.1609931027386517,1950600,False,False
ERAA.JK,464.0,458.6666666666667,452.4,425.8,399.6,361.80852111816404,361.98830047607424,51.09573944091798,3.231510834438784,94103700,False,False
EPMT.JK,2370.0,2356.6666666666665,2362.0,2327.0,2324.5,2312.8,2328.7,5.719999999999982,1.7914533314821304,4200,True,False
EPAC.JK,59.0,59.333333333333336,60.0,60.2,64.15,64.86,64.21,5.859999999999999,2.6103858600054757,35743200,True,False
ENZO.JK,81.0,80.33333333333333,79.2,72.1,69.75,66.84,69.94,14.159999999999997,11.94989534223161,33883600,False,False
ENRG.JK,1320.0,1330.0,1303.0,1301.5,1362.5,1296.3,1462.55,13.240000000000009,4.506659406818685,45592100,False,False
ENAK.JK,240.0,243.33333333333334,243.6,245.4,252.9,263.76,309.16,11.879999999999995,1.8703403016679863,300300,False,False
EMTK.JK,530.0,530.0,528.0,524.0,526.5,533.2481408691406,657.0382257080078,1.8496281738281142,1.4431610608029757,44167700,True,False
EMDE.JK,81.0,81.66666666666667,77.6,73.1,71.6,66.68,71.28,14.986666666666665,5.406321969413453,8114100,False,False
EMAS.JK,7475.0,7483.333333333333,7205.0,6740.0,6278.75,6498.5,7398.5,48.18333333333332,2.7381654446574397,17110000,False,False
ELTY.JK,42.0,39.0,36.4,34.1,29.85,26.86,33.46,15.14,7.33171958646936,305914500,False,False
ELSA.JK,710.0,696.6666666666666,696.0,687.5,674.25,607.1222570800782,638.7488616943359,20.575548583984368,2.3872071744188568,27020100,False,False
ELPI.JK,745.0,738.3333333333334,733.0,765.0,879.5,1060.4819921875,1394.2930578613282,65.4963984375,5.182310541422509,1241000,False,False
ELIT.JK,175.0,175.66666666666666,175.2,174.8,174.0,173.22,187.82,2.4466666666666583,1.8400803831324315,1288700,True,False
EKAD.JK,179.0,174.66666666666666,173.2,170.5,169.9,166.79555541992187,167.679998626709,12.204444580078132,1.6326200471240468,418000,False,False
ECII.JK,161.0,162.33333333333334,162.0,161.6,153.5,138.46,160.38,23.873333333333335,5.84197133055479,1485700,False,False
EAST.JK,93.0,93.0,93.0,91.8,91.05,89.18,88.74365493774414,3.819999999999993,0.9103561747731189,1916300,True,True
DYAN.JK,86.0,85.66666666666667,85.2,83.4,81.85,78.22,80.44,7.780000000000001,1.8628287842467819,1269600,False,False
DWGL.JK,396.0,390.0,378.4,350.6,288.9,258.92,264.28,68.53999999999999,9.819372265138673,4254800,False,False
DVLA.JK,1585.0,1585.0,1582.0,1585.5,1577.25,1533.041953125,1534.9486145019532,10.491609375000007,0.6193432158229756,7700,False,False
DUTI.JK,4290.0,4290.0,4290.0,4290.0,4235.5,4021.4740234375,3882.94451171875,26.85259765625001,0.0,200,False,False
DSSA.JK,975.0,936.6666666666666,896.0,868.0,856.0,792.38,1427.05,36.524,4.285146352580111,1311549200,False,False
DSNG.JK,1380.0,1368.3333333333333,1374.0,1347.5,1294.0,1188.7578540039062,1354.283046875,38.248429199218755,3.4182485820423625,2520400,False,False
DSFI.JK,82.0,82.66666666666667,82.2,80.9,79.5,73.12,83.39,9.546666666666667,1.7704678405159366,4410900,False,False
DRMA.JK,960.0,956.6666666666666,957.0,947.0,930.5,925.4,939.0866662597656,6.920000000000004,1.2372862967456155,426800,False,False
DPUM.JK,99.0,100.33333333333333,99.4,98.1,98.35,113.18,129.24,15.080000000000013,1.8696043535442848,10447600,False,False
DOSS.JK,179.0,177.66666666666666,171.8,158.5,147.3,137.46705154418945,142.02676414489747,41.532948455810555,6.5188833084645665,7270800,False,False
DOOH.JK,270.0,272.6666666666667,267.6,246.2,196.55,150.7,149.88,60.98333333333335,7.184398392802254,150164700,False,False
DOID.JK,218.0,217.33333333333334,215.6,215.8,215.2,206.44,227.68,5.780000000000001,2.3297652668385833,1285200,True,False
DNET.JK,9775.0,9791.666666666666,9815.0,9802.5,9750.0,9951.5,9622.75,8.06,1.3068117405588637,6900,False,False
DNAR.JK,124.0,124.33333333333333,123.8,123.5,120.0,114.46,124.93,9.873333333333335,1.0179168229519908,806000,False,False
DMND.JK,630.0,631.6666666666666,627.0,620.0,619.25,607.4543957519531,618.6521966552734,4.8424541829426975,1.4540304960073491,6000,True,False
DMMX.JK,199.0,186.66666666666666,186.2,187.7,174.65,164.82994232177734,183.27282623291015,34.17005767822266,12.790417288200231,24586400,False,False
DMAS.JK,149.0,148.0,147.6,144.5,141.25,138.57476837158202,131.8788740539551,10.425231628417976,1.3921300737527877,42810900,False,False
DLTA.JK,1785.0,1781.6666666666667,1780.0,1778.5,1773.5,1741.1650756835938,1763.0805822753907,8.766984863281232,0.3617241517904482,290300,False,False
DKHH.JK,65.0,65.0,64.0,63.5,63.35,60.28,65.33,4.719999999999999,1.689212432931337,6708900,True,False
DKFT.JK,685.0,688.3333333333334,687.0,671.0,660.75,652.3,698.55,7.206666666666683,2.6342660152566646,8707100,False,False
DIVA.JK,140.0,139.0,136.6,131.1,123.5,115.52,132.46,24.480000000000004,6.883603401996768,19230000,False,False
DILD.JK,117.0,117.66666666666667,117.4,116.5,116.05,114.56,120.42,3.106666666666669,1.5151382072543624,6056900,True,False
DIGI.JK,29.0,29.0,29.0,29.0,29.0,29.98,32.05,0.9800000000000004,0.0,0,True,False
DGWG.JK,314.0,311.3333333333333,304.8,292.6,287.6,291.1062237548828,325.98423767089844,13.199999999999989,1.5037191449568756,13817800,False,False
DGNS.JK,236.0,241.33333333333334,237.6,236.2,232.1,229.92,252.76,5.706666666666678,3.1526343242055055,64700,True,False
DGIK.JK,129.0,129.0,128.2,128.2,129.95,126.04,128.53,3.9099999999999824,0.8281246783742122,3744400,True,True
DFAM.JK,82.0,82.33333333333333,82.6,81.6,82.6,87.16,95.23,5.560000000000002,3.2119409877210154,3397400,True,False
DEWI.JK,126.0,125.0,122.8,121.0,120.5,119.04,121.83,6.959999999999994,1.2707769410159255,84893800,False,False
DEWA.JK,478.0,477.3333333333333,471.6,459.4,429.3,361.5710330200195,414.1209846496582,58.21448348999024,1.604021944799765,407688400,False,False
DEPO.JK,240.0,240.66666666666666,242.8,242.2,243.1,242.83735565185546,245.62989349365233,1.5499999999999972,1.3126689117657717,185900,True,False
DEFI.JK,109.0,112.0,109.0,106.9,107.2,109.58,120.63,5.099999999999994,3.9672598904105025,29339900,False,False
DCII.JK,205550.0,201850.0,196525.0,193945.0,193647.5,190330.0,195700.0,608.8,2.1494393771091747,2900,False,False
DAYA.JK,980.0,980.0,975.0,979.5,978.0,1003.2,1014.1,5.6400000000000095,1.1676210209910018,2200,True,False
DATA.JK,1965.0,1963.3333333333333,1964.0,1987.5,2081.75,1926.2,2142.05,31.109999999999992,2.7776286605349614,890900,False,False
DART.JK,140.0,137.33333333333334,133.0,129.6,127.35,123.78,134.6,16.22,2.7943760110648306,2033000,False,False
DADA.JK,50.0,50.0,50.0,50.0,50.0,50.0,50.0,0.0,0.0,112400,True,False
DAAZ.JK,1595.0,1580.0,1555.0,1549.0,1538.25,1593.5955493164063,1935.0777697753906,11.35,1.8529498230259245,523600,False,False
CYBR.JK,580.0,570.0,564.0,557.0,569.0,589.3,622.75,6.459999999999991,1.7741524481019573,26119600,False,False
CUAN.JK,740.0,711.6666666666666,692.0,679.5,676.5,662.2,893.11,15.559999999999992,2.8350889630864162,406234600,False,False
CTTH.JK,134.0,133.0,131.4,127.4,126.5,128.34,128.47,7.5,4.2424596452391405,16130900,False,False
CTRA.JK,625.0,615.0,602.0,584.5,577.0,554.4220971679688,604.5905133056641,14.115580566406242,2.3384139780214483,13667800,False,False
CTBN.JK,4000.0,4010.0,4024.0,4188.0,4518.0,5183.45974609375,5223.0591650390625,118.34597460937502,2.3262678987709,20600,False,False
CSRA.JK,750.0,745.0,744.0,758.0,765.5,762.7,834.95,4.3,2.3903190979703335,414100,True,False
CSMI.JK,79.0,78.0,77.4,75.8,76.15,74.56,84.58,4.439999999999998,2.523269910874554,8574500,True,False
CSIS.JK,200.0,199.0,196.0,186.7,179.45,159.85680084228517,162.15040153503418,40.14319915771483,2.672114923712188,4803400,False,False
CSAP.JK,290.0,290.0,288.8,286.8,287.6,278.98703125,280.4027569580078,5.506484375000014,1.8148550621844697,80600,True,False
CRSN.JK,115.0,112.0,110.6,108.5,105.55,101.41274185180664,105.23582717895508,13.587258148193357,1.3632027665553654,928800,False,False
CRAB.JK,208.0,208.0,208.0,208.0,208.0,208.92,211.74,0.45999999999999375,0.0,0,True,False
CPRO.JK,51.0,50.333333333333336,50.4,50.4,50.4,50.26,52.88,0.740000000000002,1.7347936946917897,24530300,True,False
CPIN.JK,3140.0,3136.6666666666665,3144.0,3172.0,3161.5,3259.4413818359376,3620.4665649414064,12.277471516927108,2.1840174046326473,15045800,False,False
COIN.JK,720.0,715.0,687.0,683.0,699.0,710.0,928.25,7.4,4.737135484853619,9325700,False,False
COCO.JK,108.0,109.0,107.0,108.0,122.05,154.59169082641603,246.995845413208,47.59169082641603,4.895405664577543,167834100,False,False
COAL.JK,25.0,23.0,22.2,21.8,21.65,27.76,43.1,6.110000000000003,4.680744218561821,34432300,False,False
CNMA.JK,96.0,95.0,95.2,93.0,92.4,89.9,94.93699783325195,6.099999999999994,2.401788265239716,10301300,False,False
CNKO.JK,37.0,37.0,37.0,37.0,37.0,37.58,46.57,0.5799999999999983,0.0,0,True,False
CMRY.JK,4750.0,4720.0,4668.0,4670.0,4636.0,4515.0,4507.77529296875,23.5,2.0547471993774598,905300,False,False
CMPP.JK,69.0,69.0,69.0,69.0,69.0,70.02,75.52,1.019999999999996,0.0,0,True,False
CMNT.JK,800.0,796.6666666666666,796.0,804.0,795.75,792.1,785.35,2.3799999999999955,2.022879686967358,20792500,True,True
CMNP.JK,1375.0,1373.3333333333333,1372.0,1359.0,1352.5,1350.4,1415.85,4.919999999999982,0.8723010499852345,64100,True,False
CLPI.JK,1615.0,1608.3333333333333,1598.0,1575.0,1554.0,1493.0913696289062,1464.0856665039062,24.38172607421875,0.7638036872024013,37000,False,False
CLEO.JK,386.0,388.0,384.8,382.8,381.7,376.6836907958984,386.7050454711914,5.658154602050786,1.2710310785696814,6870500,True,False
CLAY.JK,2760.0,2753.3333333333335,2718.0,2541.0,2502.0,2627.6,2718.4,25.8,3.880765736222516,39500,False,False
CITY.JK,174.0,176.0,175.4,171.7,170.85,159.62,171.87,16.379999999999995,1.3098720161568644,239100,False,False
CITA.JK,3260.0,3263.3333333333335,3268.0,3255.0,3250.5,3092.4,3349.129958496094,17.55999999999999,1.3335643526173981,94000,False,False
CINT.JK,177.0,177.66666666666666,178.8,176.3,172.35,168.26,184.02,10.54000000000002,2.495569038845864,97700,False,False
CHIP.JK,905.0,911.6666666666666,917.0,915.5,926.5,935.0250549316406,996.1570794677734,6.005010986328125,0.8544851082700567,261900,False,False
CHEM.JK,67.0,66.33333333333333,65.8,64.9,65.3,62.24,76.17049812316894,4.759999999999998,1.4829006798130488,8691900,True,False
CHEK.JK,135.0,134.33333333333334,133.8,132.6,131.25,125.82,131.04,9.180000000000007,1.7004254940172805,498300,False,False
CGAS.JK,154.0,153.66666666666666,153.6,153.0,153.3,150.32055450439452,157.32277603149413,3.679445495605478,1.2707127779950893,1890300,True,False
CFIN.JK,356.0,352.6666666666667,349.6,343.0,340.2,320.973125,306.8891067504883,17.51343750000001,0.8789187657630475,3450400,False,False
CENT.JK,81.0,81.0,80.6,80.6,79.95,75.92,87.29,5.079999999999998,2.043090941497376,1547700,True,False
CEKA.JK,2220.0,2213.3333333333335,2204.0,2202.0,2187.0,2151.5421875,2165.16640625,6.845781249999982,0.7454734339013172,13000,False,False
CDIA.JK,710.0,691.6666666666666,675.0,668.0,669.0,667.3,809.6862255859374,8.54000000000001,2.4720211037099733,62623700,False,False
CCSI.JK,246.0,246.0,246.4,246.0,247.7,245.56,250.8,1.0699999999999932,1.574682797944741,28800,True,False
CBUT.JK,845.0,830.0,833.0,824.5,814.5,716.42,764.91,25.716000000000008,1.4419138854092577,52300,False,False
CBRE.JK,685.0,686.6666666666666,683.0,684.0,707.5,695.9,782.45,4.9,0.9811806991861719,8791800,True,False
CBPE.JK,565.0,503.3333333333333,444.4,373.8,330.6,300.52744140625,305.1563461303711,52.89451171875,8.90935660581416,1450500,False,False
CBDK.JK,3820.0,3836.6666666666665,3848.0,3712.0,3639.5,3560.764111328125,4081.0186572265625,28.72358886718748,3.6855846235584404,1353800,False,False
CASS.JK,1900.0,1900.0,1905.0,1892.0,1876.25,1821.5,1830.45,16.7,0.9927202324026784,1347000,False,False
CASH.JK,228.0,229.33333333333334,229.2,232.4,220.65,193.9,199.62,19.25,1.7714627113640506,636400,False,False
CASA.JK,1800.0,1800.0,1810.0,1828.5,1845.75,1749.3,1540.8,19.29000000000001,1.3241411075987257,100,False,False
CARS.JK,90.0,91.66666666666667,91.6,90.7,88.5,87.58,90.93,4.086666666666673,1.6903102075918532,7611200,True,False
CARE.JK,424.0,424.6666666666667,424.4,421.8,423.6,416.88,414.54,3.893333333333345,0.39004214008845667,272300,True,False
CANI.JK,135.0,135.0,135.0,135.0,135.0,134.3,140.02,0.6999999999999886,0.0,0,True,False
CAMP.JK,171.0,170.66666666666666,170.4,169.9,169.9,172.36,185.4,2.460000000000008,0.33452396351176655,598100,True,False
CAKK.JK,141.0,140.0,139.2,136.3,136.5,137.58,149.42,4.699999999999989,3.3578679197237005,117700,True,False
BYAN.JK,12100.0,12091.666666666666,12080.0,12087.5,11950.0,11171.68546875,11268.81548828125,37.13258125,0.4812655983809881,31500,False,False
BWPT.JK,92.0,91.33333333333333,90.2,85.2,81.55,77.84,99.22,14.159999999999997,4.02023761285302,181069100,False,False
BVIC.JK,93.0,93.66666666666667,93.6,93.1,90.85,87.0,95.85,6.666666666666671,1.0599250905432038,1005500,False,False
BUVA.JK,785.0,786.6666666666666,780.0,807.5,856.75,806.4,925.2,15.35,4.909587625548106,75710100,False,False
BUMI.JK,187.0,181.66666666666666,176.2,170.2,164.7,155.38,188.2,31.620000000000005,3.100162725714898,4391569200,False,False
BULL.JK,456.0,457.3333333333333,450.0,438.2,408.8,370.08,404.55,43.626666666666665,5.927340306437805,1097412100,False,False
BUKK.JK,1010.0,1010.0,1015.0,1026.0,1060.25,1039.3,1142.55,10.05,1.8701904965973712,21200,False,False
BUKA.JK,118.0,118.66666666666667,118.8,118.2,113.4,108.82,127.08,9.980000000000004,2.349453530358204,57365400,False,False
BUDI.JK,216.0,218.0,216.4,212.4,209.2,206.52,208.6,5.739999999999995,1.955928775944204,94100,True,False
BUAH.JK,510.0,511.6666666666667,510.0,506.0,509.5,509.0178204345703,508.365832824707,1.133333333333337,0.9266777615657297,328600,True,False
BTPS.JK,990.0,990.0,991.0,983.0,1003.5,979.5,994.6989404296875,4.8,1.777466847692781,1370800,True,False
BTPN.JK,2160.0,2163.3333333333335,2170.0,2174.0,2201.5,2174.5,2128.2152941894533,4.15,1.8673981742884118,2000,True,False
BTON.JK,368.0,364.0,363.6,361.4,357.0,354.92,366.9,6.539999999999992,1.8614018767707352,55600,False,False
BTEK.JK,11.0,11.0,10.6,10.9,10.9,10.8,12.26,0.40000000000000036,6.096045374439378,71445900,False,False
BSSR.JK,4330.0,4326.666666666667,4324.0,4295.0,4284.5,4009.4801708984373,3794.836904296875,32.05198291015627,0.4843925887036078,540400,False,False
BSML.JK,515.0,513.3333333333334,516.0,516.0,517.0,481.14,431.89,7.172000000000002,1.7034786075871757,6218500,False,False
BSIM.JK,705.0,703.3333333333334,698.0,697.5,697.25,711.3,790.7,2.8099999999999907,1.3009508677600796,10400,True,False
BSDE.JK,600.0,596.6666666666666,586.0,577.0,575.75,577.0,666.2,4.85,1.8846405014843568,18891700,True,False
BSBK.JK,53.0,53.0,52.8,52.4,52.35,51.76,54.83,1.240000000000002,1.0838473527841324,17466100,True,False
BRRC.JK,59.0,58.333333333333336,58.0,57.3,58.75,57.54,66.34,1.7000000000000028,0.8477471364341889,4393500,True,False
BRPT.JK,1930.0,1891.6666666666667,1870.0,1824.0,1789.25,1676.0163061523438,1747.0093200683593,50.796738769531245,1.5570269781393995,279412500,False,False
BRNA.JK,645.0,648.3333333333334,652.0,624.5,612.0,597.5,628.95,10.9,5.832868552244705,85700,False,False
BRMS.JK,615.0,611.6666666666666,595.0,576.5,576.25,557.0,665.35,11.6,2.5778242780198957,317737500,False,False
BRIS.JK,1820.0,1805.0,1801.0,1800.5,1814.0,1802.3,1876.514327392578,3.9,1.5413364151132294,16220600,True,False
BREN.JK,3510.0,3426.6666666666665,3350.0,3354.0,3412.5,3527.576220703125,4178.393061523438,17.757622070312483,2.8441468270438213,59572600,False,False
BRAM.JK,4600.0,4566.666666666667,4540.0,4506.0,4504.0,4447.574858398438,4390.284279785156,15.242514160156224,0.7051100423702944,400,False,False
BPTR.JK,77.0,75.33333333333333,74.6,74.5,73.2,70.54,76.3,6.459999999999994,1.919063780162659,6957100,False,False
BPII.JK,444.0,444.0,445.6,441.0,440.3,444.28,456.28,2.6500000000000057,1.986693140209165,4800,True,False
BPFI.JK,266.0,266.0,264.8,263.4,257.3,251.7979998779297,256.91776748657225,7.101000061035151,2.156145776524126,3700,False,False
BOLT.JK,805.0,803.3333333333334,802.0,795.0,794.25,784.1,821.2005053710938,4.179999999999995,1.2507303878123286,6400,True,False
BOLA.JK,157.0,157.0,156.8,159.6,161.05,152.58,159.01,8.469999999999999,1.4064477636601054,19500,False,False
BOGA.JK,1630.0,1661.6666666666667,1707.0,1622.0,1570.0,1427.9,1418.35,55.81999999999998,5.21865028256419,38800,False,False
BOBA.JK,216.0,215.33333333333334,218.0,224.4,232.1,269.0117483520508,241.71845916748046,26.83920750935873,2.074166164488447,853700,False,False
BOAT.JK,134.0,133.66666666666666,133.2,133.7,124.85,114.0,126.18,20.0,5.177249037278598,2688900,False,False
BNLI.JK,2190.0,2190.0,2184.0,2221.0,2293.5,2535.2,2816.897795410156,35.11999999999998,1.5354166848035258,31800,False,False
BNII.JK,194.0,195.0,194.0,191.4,190.75,188.84,193.77648681640625,6.159999999999997,0.8282747958496928,1549700,False,False
BNGA.JK,1650.0,1651.6666666666667,1649.0,1647.5,1632.5,1592.7,1625.3347607421874,11.79333333333334,0.47080951856040937,2037500,False,False
BNBR.JK,106.0,104.0,101.2,100.1,99.0,96.53951477050781,127.45768531799317,9.460485229492193,5.590515204975956,1800542700,False,False
BNBA.JK,740.0,736.6666666666666,738.0,738.5,743.0,729.1,724.15,2.7799999999999954,0.6392115396267489,75700,True,False
BMTR.JK,117.0,116.33333333333333,115.0,114.8,116.6,116.2,132.33,2.200000000000003,2.14799995278828,47154700,True,False
BMSR.JK,308.0,305.3333333333333,305.2,308.6,309.2,297.48,310.12,5.859999999999985,0.6893402642979293,31100,True,False
BMRI.JK,4240.0,4220.0,4218.0,4179.0,4252.5,4151.4,4199.8990234375,10.110000000000037,1.1685972880393458,110106100,False,False
BMHS.JK,192.0,191.0,190.2,187.4,182.8,179.58738983154296,182.4543896484375,12.412610168457036,1.7238749237605167,404300,False,False
BMBL.JK,32.0,32.333333333333336,32.6,32.4,31.75,31.82,33.2,0.8500000000000014,1.7717415920700637,2178300,True,False
BMAS.JK,500.0,484.0,484.0,484.0,483.5,481.2,490.38,9.400000000000006,1.944258166088458,1223100,False,False
BLUE.JK,2470.0,2470.0,2464.0,2576.0,2737.0,2947.7783447265624,3097.237697753906,48.37783447265624,3.0557255525242537,91200,False,False
BLTA.JK,33.0,33.0,32.6,32.7,33.5,33.4,37.59,0.8999999999999986,2.4882439374585017,4033200,True,False
BLOG.JK,378.0,374.0,366.4,360.8,365.4,343.9700006103516,353.3384494018555,17.014999694824212,2.875969139729456,369700,False,False
BLES.JK,218.0,210.66666666666666,202.6,194.1,172.0,151.02623779296874,150.08139373779298,33.48688110351563,5.2161471654793115,31474600,False,False
BKSW.JK,52.0,51.666666666666664,51.8,52.4,52.35,51.9,54.74,0.7333333333333343,1.4045953773464757,2977400,True,False
BKSL.JK,76.0,75.33333333333333,72.4,69.7,68.7,65.7,85.11,10.299999999999997,3.7954656641251368,614072500,False,False
BKDP.JK,169.0,169.0,169.0,166.7,158.0,132.5,104.4,36.5,5.091883463305721,0,False,False
BJTM.JK,520.0,520.0,518.0,517.0,518.75,514.04,517.551501159668,1.1920000000000073,0.9176562648958809,5412600,True,True
BJBR.JK,790.0,788.3333333333334,789.0,785.0,782.5,769.1,766.8362127685547,4.179999999999995,0.9781348730559618,2296900,True,True
BISI.JK,690.0,690.0,683.0,666.0,656.5,662.0151770019531,714.7629815673828,6.7,1.0356345848396642,242300,False,False
BIRD.JK,1605.0,1611.6666666666667,1607.0,1604.5,1608.75,1517.0558935546876,1486.4309216308593,18.92215462239583,0.8778806603199426,1579800,False,False
BIPP.JK,72.0,69.66666666666667,67.6,64.7,66.45,60.4,65.69,11.600000000000001,3.1902384723713393,37057200,False,False
BIPI.JK,159.0,155.33333333333334,151.8,146.5,148.35,143.72,185.79,15.280000000000001,3.1376241075537927,721490300,False,False
BINO.JK,113.0,113.0,111.8,110.2,106.95,100.26,110.09,12.739999999999995,1.780903831448093,311000,False,False
BINA.JK,4000.0,4010.0,4072.0,4124.0,4089.0,3917.8,4055.8,20.619999999999983,3.0444845801638962,169500,False,False
BIKE.JK,510.0,510.0,510.0,510.0,510.0,510.0,499.41,0.0,2.856066440334109e-07,0,True,False
BHIT.JK,27.0,26.333333333333332,25.8,25.6,25.75,26.4,29.67,1.3999999999999986,3.4207857500768775,5266200,True,False
BHAT.JK,1770.0,1770.0,1770.0,1770.0,1770.0,1546.0,1448.9,44.8,0.0,0,False,False
BGTG.JK,114.0,111.66666666666667,112.4,111.0,111.1,108.78,114.33,5.219999999999999,3.1543227568912036,6319800,True,False
BFIN.JK,905.0,918.3333333333334,915.0,888.0,832.25,756.2148937988281,736.9613543701172,32.423687906901044,3.91701654901519,33808400,False,False
BEST.JK,110.0,111.0,110.0,105.9,103.75,99.76,103.07,11.239999999999995,3.7053212798293997,3781900,False,False
BESS.JK,915.0,900.0,895.0,888.0,899.0,916.5359191894531,1040.6794635009765,5.707183837890625,1.9914926731221614,6200,True,False
BELL.JK,118.0,118.66666666666667,117.8,115.6,115.65,106.14,124.73,12.52666666666667,3.442567711062333,20561800,False,False
BELI.JK,258.0,254.0,254.4,254.8,257.8,276.88,332.44,11.439999999999998,1.2144092756812008,949200,False,False
BEKS.JK,22.0,22.0,21.8,21.4,21.25,21.06,23.9,0.9400000000000013,4.25620363360127,6676000,False,False
BEER.JK,74.0,74.0,74.2,74.9,76.95,81.3,105.04,7.299999999999997,1.2185731758006582,5127600,False,False
BEEF.JK,432.0,426.0,419.6,398.2,343.8,240.84,230.72,95.58,3.621450009079518,6439300,False,False
BDMN.JK,4450.0,4400.0,4314.0,4212.0,4196.0,4110.8,3759.5789599609375,33.91999999999998,2.5220602403341608,1062400,False,False
BDKR.JK,161.0,163.33333333333334,164.8,159.5,152.85,142.65156204223632,147.64761253356934,22.14843795776369,3.114405804644938,9119000,False,False
BCIP.JK,64.0,63.333333333333336,63.2,63.1,62.5,60.3,65.73,3.700000000000003,1.0023222533279832,16301800,True,False
BCIC.JK,126.0,126.66666666666667,127.0,126.4,124.85,120.36,123.31,6.640000000000001,1.4171199946812847,523400,False,False
BCAP.JK,50.0,50.0,50.0,50.0,50.1,50.04,50.85,0.10000000000000142,0.0,331300,True,False
BBYB.JK,270.0,263.3333333333333,260.4,252.4,248.9,234.8,268.36,17.599999999999994,3.945052667375358,45546200,False,False
BBTN.JK,1230.0,1223.3333333333333,1221.0,1215.5,1224.0,1199.7,1261.1,6.059999999999991,0.938183207805399,12376700,False,False
BBSS.JK,98.0,96.33333333333333,96.0,95.4,96.15,99.14,132.47,3.739999999999995,0.9935236671248224,598300,True,False
BBSI.JK,4650.0,4653.333333333333,4668.0,4680.0,4686.5,4604.0,4641.7,8.25,0.7060374382882358,600,False,False
BBRM.JK,119.0,118.66666666666667,118.0,115.5,116.1,110.88,126.5,8.120000000000005,2.2723835918821043,3424100,False,False
BBRI.JK,3130.0,3063.3333333333335,3054.0,3010.0,2974.5,2897.6,3030.849873046875,23.24000000000001,1.4563970285758576,349136300,False,False
BBNI.JK,3630.0,3626.6666666666665,3612.0,3560.0,3554.0,3483.8,3649.8809228515624,14.619999999999981,1.646643160295239,22690800,False,False
BBMD.JK,2000.0,2000.0,1998.0,1989.0,1974.25,1946.8435571289062,1940.4820446777344,10.631288574218752,0.9817904681831392,40000,False,False
BBLD.JK,610.0,608.3333333333334,621.0,605.0,592.25,577.35,639.5608117675781,8.729999999999995,4.637714914781997,4100,False,False
BBKP.JK,55.0,55.0,54.4,53.4,53.4,52.86,57.11,2.1400000000000006,1.1936192826773777,129826700,True,False
BBHI.JK,910.0,911.6666666666666,914.0,914.0,919.25,924.9543432617188,1055.0430157470703,2.990868652343761,1.7920019819096558,79600,True,False
BBCA.JK,6375.0,6391.666666666667,6395.0,6355.0,6338.75,6060.0,6181.425283203125,13.4,1.7270730219420711,111930800,False,False
BAYU.JK,1165.0,1171.6666666666667,1169.0,1156.5,1155.75,1129.2,1189.9481372070313,8.49333333333334,1.8935206526473265,25300,False,False
BAUT.JK,36.0,33.666666666666664,32.8,30.8,30.05,27.68,30.08,8.32,3.266026710184385,11679000,False,False
BATR.JK,93.0,93.66666666666667,93.4,92.1,91.2,86.36160949707032,87.37103485107421,7.305057169596353,1.3677821901381049,825800,False,False
BATA.JK,59.0,59.0,59.0,59.0,59.0,60.06,61.34,1.0600000000000023,0.0,0,True,False
BAPI.JK,19.0,18.0,18.2,18.6,16.95,17.26,22.06,2.0500000000000007,6.107255445467997,52524400,False,False
BAPA.JK,155.0,162.0,165.8,167.5,201.3,244.68,208.56,89.68,3.744915381963233,9931300,False,False
BANK.JK,270.0,274.0,275.6,278.2,284.7,273.08,381.66,7.349999999999994,1.1949210064308393,4956800,False,False
BALI.JK,1210.0,1213.3333333333333,1220.0,1223.0,1229.25,1233.0,1254.65,4.6,1.2767444249780107,2600,True,False
BAJA.JK,362.0,354.0,334.0,278.1,221.7,178.66,165.06,91.67,14.27385726615696,0,False,False
BAIK.JK,770.0,765.0,764.0,758.0,726.0,649.9,563.47,24.020000000000003,1.599674817463892,31837200,False,False
BACA.JK,120.0,117.33333333333333,117.2,115.8,113.65,110.44,122.03,9.560000000000002,1.468153077072826,2450800,False,False
BABY.JK,188.0,189.66666666666666,189.2,187.6,187.35,176.82,197.99,12.846666666666664,1.927615133602432,1105600,False,False
BABP.JK,50.0,50.0,50.0,50.0,50.0,50.02,50.76,0.020000000000003126,0.0,224400,True,False
AYLS.JK,163.0,161.66666666666666,163.2,156.4,153.85,141.72,162.59,21.47999999999999,3.6245655058204846,1419700,False,False
AYAM.JK,458.0,454.0,453.2,429.6,403.5,362.56,343.96,47.72,2.3307051082088446,42987300,False,False
AXIO.JK,114.0,114.0,113.4,112.0,112.65,108.63326721191406,109.4529721069336,5.36673278808594,1.1360246015185749,446600,True,False
AWAN.JK,154.0,157.0,159.0,157.3,152.75,147.6,149.5,11.400000000000006,2.489418222669353,664400,False,False
AVIA.JK,328.0,327.3333333333333,327.2,323.6,327.1,320.36,345.2516156005859,3.819999999999993,1.0927753053907368,5511200,True,False
AUTO.JK,2790.0,2786.6666666666665,2780.0,2742.0,2673.0,2523.4,2524.1298168945314,26.65999999999999,1.2708689053982667,868800,False,False
ATLA.JK,50.0,50.0,50.0,50.0,50.1,49.91579765319824,50.36771766662598,0.1842023468017615,0.0,3541100,True,False
ATIC.JK,470.0,466.6666666666667,464.0,470.2,473.7,476.48,501.11,6.240000000000009,2.0272717498657307,108000,False,False
ATAP.JK,575.0,580.0,587.0,568.5,571.25,475.02,498.47,22.396000000000004,3.8887731225788,559200,False,False
ASSA.JK,635.0,638.3333333333334,628.0,611.0,615.75,599.3125,699.06328125,7.804166666666674,2.39455207078836,3294200,False,False
ASRM.JK,270.0,267.3333333333333,266.0,264.4,262.1,251.97684143066405,266.99992126464844,9.011579284667974,0.7187357492862078,6000,False,False
ASRI.JK,125.0,124.0,121.4,119.5,120.6,114.22684188842773,121.41605224609376,10.773158111572272,1.5052188912968456,9793000,False,False
ASPR.JK,148.0,149.0,148.8,148.0,150.15,159.7882485961914,214.30741821289064,11.788248596191409,2.274305043945391,14201700,False,False
ASPI.JK,426.0,424.0,418.0,410.0,434.15,394.14,390.91,20.004999999999995,1.6359482991746794,441200,False,False
ASMI.JK,16.0,16.333333333333332,16.2,16.4,17.7,16.06,17.34,1.6999999999999993,3.946216501569386,14762400,False,False
ASLI.JK,199.0,200.33333333333334,199.4,196.9,197.0,204.78,262.75,7.8799999999999955,2.158656638581719,5375500,False,False
ASLC.JK,63.0,62.333333333333336,62.0,63.4,63.5,61.6,68.56,1.8999999999999986,3.414414504414951,23203800,True,False
ASJT.JK,153.0,154.0,154.6,155.2,159.6,157.48,171.3987190246582,6.599999999999994,3.3336899337513213,227500,False,False
ASII.JK,5100.0,5075.0,5080.0,5029.0,5017.5,4861.9,5338.7201171875,9.524000000000015,1.5389282682003025,34507300,False,False
ASHA.JK,60.0,60.333333333333336,59.6,57.7,58.05,56.58,64.51,3.7533333333333374,2.8780066443218626,17068800,True,False
ASGR.JK,1785.0,1791.6666666666667,1794.0,1840.0,1866.5,1653.7,1591.5138903808593,42.55999999999999,1.8884225581477811,855800,False,False
ASDM.JK,520.0,513.3333333333334,514.0,510.8,512.4,502.0967736816406,521.1250997924805,3.5806452636718746,1.7223302369736249,57000,True,False
ASBI.JK,430.0,430.6666666666667,427.6,424.6,424.7,413.76469360351564,410.79564697265624,8.450986531575523,2.43251261224263,12400,False,False
ARTO.JK,1305.0,1315.0,1293.0,1244.5,1273.75,1105.1,1208.7,41.98000000000002,4.267335590102519,4716500,False,False
ARTA.JK,2360.0,2373.3333333333335,2450.0,2462.0,2475.5,2425.5,2552.65,11.55,3.213481321966521,5000,False,False
ARNA.JK,500.0,500.0,498.8,492.8,481.5,454.16,468.059814453125,22.919999999999987,0.4621565620831736,4166800,False,False
ARKO.JK,4530.0,4533.333333333333,4548.0,4650.5,4844.5,5036.6,6421.05,50.66000000000004,5.373766780759895,1120700,False,False
ARKA.JK,22.0,22.0,22.0,22.0,22.0,23.58,27.66,1.5799999999999983,0.0,0,True,False
ARII.JK,278.0,279.3333333333333,276.4,274.4,273.2,275.12,278.34,3.066666666666663,1.0454501307438744,120400,True,False
ARGO.JK,1195.0,1190.0,1190.0,1177.0,1123.25,975.8,968.4,43.84000000000001,1.3289685123962776,843600,False,False
AREA.JK,272.0,278.0,279.6,279.0,275.3,244.64,277.26,17.480000000000018,4.338347532826288,225000,False,False
ARCI.JK,1235.0,1190.0,1143.0,1099.5,1088.0,1039.8,1250.7264331054687,39.040000000000006,2.479441052148626,42987500,False,False
APLN.JK,131.0,131.0,127.4,125.2,129.35,125.18,147.11,5.819999999999993,3.317102965636339,39752200,True,False
APLI.JK,258.0,257.3333333333333,253.6,249.2,247.1,252.0880419921875,231.87322463989258,5.450000000000003,2.7956598460559285,198100,True,False
APII.JK,190.0,190.33333333333334,190.2,185.9,184.65,179.421318359375,181.87945037841797,10.91201497395835,2.211805213489922,1069900,False,False
APIC.JK,590.0,615.0,631.0,636.0,656.25,653.7,1041.9,13.25,2.5093972566796183,1252100,False,False
APEX.JK,178.0,172.66666666666666,171.0,158.1,150.15,136.72,160.74,41.28,3.7889972547655635,32402900,False,False
ANTM.JK,3160.0,3103.3333333333335,3014.0,2951.0,2989.5,2842.080478515625,3125.8083813476565,31.791952148437485,2.4620347271388656,108524600,False,False
ANJT.JK,1495.0,1490.0,1491.0,1463.5,1477.5,1474.8,1571.25,6.3,1.4886545567821403,26800,False,False
ANDI.JK,18.0,18.0,17.6,17.3,17.8,17.4,20.71,0.6999999999999993,2.696821050428459,4236100,True,False
AMRT.JK,1420.0,1415.0,1379.0,1351.0,1364.25,1355.671015625,1375.0862805175782,13.8,3.3491744529617793,19096000,False,False
AMOR.JK,360.0,359.3333333333333,358.4,352.0,347.1,331.92,338.98,14.039999999999992,1.597588834942486,236300,False,False
AMMS.JK,212.0,218.0,222.0,253.0,278.0,312.0,354.04,50.0,3.472846387063455,813200,False,False
AMMN.JK,4400.0,4380.0,4340.0,4176.0,4076.5,3701.2,4203.7,69.88000000000002,2.2178297065426076,55685200,False,False
AMIN.JK,248.0,250.0,246.4,244.4,244.0,250.08,246.34,3.0400000000000063,2.3086151302585116,29600,True,False
AMFG.JK,3350.0,3353.3333333333335,3352.0,3302.0,3199.5,3048.26517578125,3099.9697412109376,30.506815755208343,1.312495836090557,33500,False,False
AMAR.JK,220.0,221.33333333333334,220.8,216.2,212.0,200.25298614501952,195.7336520385742,10.540173594156911,1.9731694490184817,652900,False,False
AMAN.JK,246.0,249.33333333333334,248.4,252.2,258.1,255.72,270.0,6.050000000000011,1.6928263238701915,491300,False,False
AMAG.JK,390.0,390.0,390.0,387.2,388.2,388.88,396.03731140136716,1.4000000000000057,0.6999643586091177,327100,True,False
ALKA.JK,2070.0,1890.0,1820.0,1733.5,1268.0,842.54,753.67,122.74600000000001,8.221924288374884,128700,False,False
ALII.JK,785.0,793.3333333333334,787.0,758.0,755.5,757.0914709472656,790.9709375,7.566666666666674,2.538513767270613,517300,False,False
ALDO.JK,820.0,810.0,809.0,820.5,780.5,729.5573999023437,668.6583447265625,18.188520019531257,3.837662592589212,68400,False,False
AKSI.JK,232.0,232.0,231.2,232.4,226.3,216.44,254.2,7.980000000000004,3.71855869253094,30000,False,False
AKRA.JK,1420.0,1431.6666666666667,1438.0,1422.6365234375,1384.7713439941406,1279.5669116210938,1307.473212890625,31.686617675781235,1.042941038680852,19685100,False,False
AKPI.JK,505.0,508.3333333333333,508.0,501.6,498.65,487.3514501953125,499.1499432373047,4.196376627604161,1.3827652984986951,124700,True,False
AKKU.JK,38.0,38.0,38.0,38.0,38.0,38.0,38.01,0.0,0.0,0,True,False
AISA.JK,117.0,117.66666666666667,118.8,118.7,113.75,105.54,113.71,13.259999999999991,5.872986228024457,4189500,False,False
AIMS.JK,416.0,400.6666666666667,394.0,390.0,386.2,393.36,412.1,14.900000000000006,2.5936722694877887,1198100,False,False
AHAP.JK,94.0,94.66666666666667,94.2,92.8,93.9,88.1,98.22,6.566666666666677,1.9429277911285725,6385700,False,False
AGRS.JK,61.0,61.0,61.2,61.5,61.3,61.18,64.94,0.5,1.6170530438334205,2137500,True,False
AGRO.JK,153.0,149.0,147.0,145.8,147.1,146.4,163.01,7.199999999999989,1.8850567964041924,6412100,False,False
AGII.JK,2910.0,2973.3333333333335,2986.0,2952.0,2985.0,2803.87736328125,2961.3854052734373,18.212263671875007,3.7343943659710224,218500,False,False
AGAR.JK,1000.0,913.3333333333334,837.0,733.5,603.05,369.54,301.13,126.09200000000001,5.104697151482621,314300,False,False
AEGS.JK,42.0,42.333333333333336,42.6,42.6,42.3,40.84,45.09,1.759999999999998,3.27399574240118,635600,True,False
ADRO.JK,2540.0,2530.0,2516.0,2498.0,2508.0,2369.8,2384.021315917969,17.019999999999982,1.779598910562145,14412400,False,False
ADMR.JK,1620.0,1610.0,1587.0,1532.5,1530.25,1488.5,1638.0786950683594,26.3,2.6832578644189113,21433500,False,False
ADMG.JK,242.0,228.66666666666666,227.2,224.8,220.95,209.24,206.2,16.379999999999995,2.731418711234483,7132300,False,False
ADMF.JK,8725.0,8741.666666666666,8765.0,8550.0,8391.25,8203.0,8254.632641601562,22.48,1.5472068512158357,34800,False,False
ADHI.JK,149.0,150.33333333333334,152.4,156.1,160.3,157.86,175.51,11.300000000000011,0.9963038168961469,16847700,False,False
ADES.JK,35000.0,34466.666666666664,32955.0,35110.0,34863.75,30686.5,24499.0,176.94,6.111553721841298,31900,False,False
ADCP.JK,50.0,50.0,50.0,50.0,50.0,50.0,50.32,0.0,0.0,0,True,False
ACST.JK,84.0,84.33333333333333,85.0,84.6,83.8,78.56,87.87,6.439999999999998,1.9458297037780241,70600,False,False
ACRO.JK,62.0,61.333333333333336,61.0,60.6,61.3,59.51880432128906,64.07096973419189,2.4811956787109395,1.451888028589977,1582600,True,False
ACES.JK,358.0,360.6666666666667,357.2,354.6,353.6,337.4012908935547,337.77623596191404,11.632687886555999,1.6652262728577634,15857000,False,False
ABMM.JK,2680.0,2670.0,2636.0,2565.0,2520.5,2410.0,2619.96330078125,27.0,1.367235544456868,264100,False,False
ABDA.JK,3830.0,3720.0,3632.0,3536.0,3470.5,3391.6,3167.1,43.84000000000001,2.605070795374534,1100,False,False
ABBA.JK,30.0,30.0,30.0,30.0,30.0,31.74,36.32,1.7399999999999984,0.0,0,True,False
AALI.JK,7325.0,7191.666666666667,7165.0,6920.0,6682.5,6375.5,6940.354174804687,37.98,2.108981933881148,948300,False,False
AADI.JK,9175.0,9075.0,9100.0,9067.5,8906.25,8337.071015625,8946.056572265625,33.51715937499998,2.152089825873225,11293900,False,False
