Ticker,Close,MA3,MA5,MA10,MA20,MA50,MA100,Range_Ticks,Vol_Pct,Volume,MA_Tight,Signal
ZYRX.JK,122.0,122.0,121.2,123.1,126.15,127.88,133.9621174621582,6.679999999999993,1.6359947760710492,462300,False,False
ZONE.JK,720.0,721.6666666666666,729.0,710.5,612.25,520.6480004882812,434.6354275512695,41.67039990234375,11.098970983959973,94500,False,False
ZINC.JK,30.0,30.0,30.0,30.0,30.0,30.0,30.09,0.0,0.0,0,True,False
YUPI.JK,1305.0,1310.0,1308.0,1306.5,1314.25,1344.1,1419.2425842285156,7.819999999999982,0.7153232758926736,4600,False,False
YULE.JK,3440.0,3410.0,3400.0,3428.0,3397.0,3370.6,3349.304743652344,6.940000000000009,2.516147139215532,900,False,False
YPAS.JK,620.0,611.6666666666666,622.0,601.5,602.0,622.8,871.0,4.259999999999991,4.6428933723825265,60500,False,False
YOII.JK,85.0,84.33333333333333,84.2,84.1,85.2,84.18,89.6,1.1000000000000085,1.5270441129795072,225300,True,False
YELO.JK,92.0,93.66666666666667,90.6,84.9,80.45,74.96,86.9,18.706666666666678,4.601643047052483,31730800,False,False
WTON.JK,74.0,74.33333333333333,75.2,75.5,74.85,73.88,80.4222412109375,1.6200000000000045,1.7613156964294614,622900,True,False
WSBP.JK,14.0,14.0,14.0,14.0,14.0,14.16,16.14,0.16000000000000014,0.0,0,True,False
WOWS.JK,62.0,60.666666666666664,59.6,59.1,59.4,58.3,65.37,3.700000000000003,2.433337497313584,6482600,True,False
WOOD.JK,220.0,220.0,226.4,228.4,213.8,219.92,259.54,7.299999999999997,7.051143044599578,1474000,False,False
WOMF.JK,260.0,260.6666666666667,261.2,256.2,254.6,254.16,275.2704037475586,3.519999999999996,1.7306866212915673,3200,True,False
WMUU.JK,53.0,53.666666666666664,53.4,52.7,52.1,51.42,59.63,2.2466666666666626,2.0874508976837887,23889700,True,False
WIRG.JK,59.0,59.333333333333336,58.6,57.5,55.9,55.42,66.23,3.913333333333334,1.9922643112795198,17589200,True,False
WINS.JK,510.0,513.3333333333334,511.0,514.5,519.5,513.42,514.4359738159179,1.9,1.8890256683522817,2515100,True,False
WINR.JK,21.0,20.333333333333332,20.4,20.3,20.45,21.42,25.98,1.120000000000001,4.733914083571364,2822700,False,False
WINE.JK,137.0,139.0,144.0,146.8,148.1,150.21525390625,162.6641458129883,13.215253906250013,2.4692393768202408,687400,False,False
WIIM.JK,1810.0,1800.0,1763.0,1708.0,1650.5,1605.2239990234375,1675.7998901367187,40.9552001953125,2.445382130856486,455200,False,False
WIFI.JK,1955.0,1961.6666666666667,1969.0,1972.5,1945.25,1789.30537109375,2013.936033935547,36.63892578125001,2.2725831202432083,5689100,False,False
WIDI.JK,26.0,25.333333333333332,25.4,25.7,26.4,25.6,28.27,1.0666666666666664,3.9288467384109604,838500,False,False
WGSH.JK,166.0,167.0,165.4,154.4,145.8,131.98,122.05,35.02000000000001,5.17188711620648,2315800,False,False
WEHA.JK,110.0,108.33333333333333,107.0,105.0,104.05,105.9,113.54727287292481,5.950000000000003,1.6276342460233468,5987800,True,False
WEGE.JK,50.0,50.0,50.0,50.0,50.0,50.06,53.2,0.060000000000002274,0.0,30000,True,False
WAPO.JK,122.0,122.0,121.8,121.3,119.8,114.38,122.3,7.6200000000000045,1.2661033752917297,93800,False,False
VTNY.JK,65.0,65.0,64.4,64.2,63.7,60.36,64.0,4.640000000000001,1.5450078790820718,12474700,True,True
VRNA.JK,75.0,76.33333333333333,76.2,76.1,76.0,74.6,76.41,1.7333333333333343,1.6121587057178688,623600,True,False
VOKS.JK,204.0,202.66666666666666,203.2,202.2,199.55,199.56,207.93,2.2249999999999943,1.8187273484277309,600,True,False
VKTR.JK,870.0,833.3333333333334,788.0,771.0,746.0,654.06,749.93,43.18800000000001,7.818086138430505,129520700,False,False
VIVA.JK,58.0,53.666666666666664,49.8,43.7,39.2,35.14,37.92,22.86,6.75379844688683,47667000,False,False
VISI.JK,950.0,940.0,908.0,886.0,894.25,947.1,823.6,12.8,2.916692718439251,430400,False,False
VINS.JK,143.0,141.0,140.6,139.5,139.7,136.26,148.87,6.740000000000009,0.9672032919929515,22600,False,False
VICO.JK,145.0,142.0,141.4,141.2,139.1,137.7,147.31,7.300000000000011,1.0166382141822277,219400,False,False
VICI.JK,605.0,601.6666666666666,593.0,587.0,598.5,585.8417877197265,577.5486398315429,3.8316424560546922,1.9708465963642219,86800,True,False
VERN.JK,204.0,210.66666666666666,205.8,201.5,196.5,156.72,141.14,26.97333333333333,3.7094193941888483,4507500,False,False
VAST.JK,115.0,115.0,115.8,115.8,115.85,115.52,118.4,0.8499999999999943,2.1681930270181358,6060000,True,False
UVCR.JK,154.0,154.0,151.2,151.0,146.0,160.0892919921875,166.48298553466796,14.089291992187498,2.5708121407506614,6561000,False,False
URBN.JK,210.0,209.33333333333334,208.4,211.2,219.2,207.32,197.16,5.939999999999998,2.1440753662289582,18000,True,False
UNVR.JK,1800.0,1821.6666666666667,1792.0,1744.0,1720.5,1677.5412646484374,1680.9683044433593,28.82508040364587,1.9505584807149696,5406700,False,False
UNTR.JK,23700.0,23833.333333333332,23850.0,24390.0,25301.25,23740.0,26222.663984375,64.05,0.8095529065204721,1777600,False,False
UNTD.JK,81.0,81.66666666666667,81.0,80.3,78.3,73.78,78.32,7.88666666666667,2.1547799338054703,8992700,False,False
UNSP.JK,206.0,206.0,206.0,206.0,206.0,217.36,275.56,5.680000000000007,0.0,0,True,False
UNIQ.JK,113.0,113.66666666666667,112.8,110.8,109.85,103.66,115.6,10.006666666666675,2.153747780441147,1390800,False,False
UNIC.JK,15100.0,15175.0,15215.0,13982.5,13308.75,12849.62,11827.5066015625,94.61519999999997,6.284940380151135,48400,False,False
ULTJ.JK,1485.0,1496.6666666666667,1490.0,1428.0,1422.5,1392.6,1482.9,20.813333333333368,2.704192112241606,317100,False,False
UFOE.JK,138.0,138.0,137.4,136.5,136.5,136.04,141.61,1.960000000000008,1.924877464838841,1958000,True,False
UDNG.JK,1210.0,1216.6666666666667,1162.0,1156.5,1226.75,1297.3,1200.7,28.15999999999999,4.814207519903759,702300,False,False
UCID.JK,438.0,430.0,423.6,399.6,390.3,379.24846313476564,387.2533303833008,29.37576843261718,4.654750900143418,165200,False,False
UANG.JK,2460.0,2476.6666666666665,2444.0,2353.0,2405.5,2306.4,2918.1,17.026666666666642,4.042983809203028,48000,False,False
TYRE.JK,115.0,115.33333333333333,114.6,113.5,114.05,109.82,112.36,5.513333333333335,2.048950200431896,36600,True,False
TUGU.JK,1225.0,1228.3333333333333,1225.0,1213.5,1229.5,1177.2,1170.8491760253905,10.45999999999999,0.9426249583330073,535000,False,False
TSPC.JK,2840.0,2840.0,2850.0,2803.0,2686.0,2542.8,2500.2,30.71999999999998,1.1951288674605594,270000,False,False
TRUS.JK,400.0,404.6666666666667,407.6,411.6,424.8,358.278017578125,346.5666137695313,33.260991210937505,2.2390363874297114,48300,False,False
TRUK.JK,665.0,626.6666666666666,570.4,494.0,457.5,419.28,418.15,49.144000000000005,10.575906820573653,3311300,False,False
TRUE.JK,50.0,50.0,50.0,50.0,50.0,58.88,105.43,8.880000000000003,0.0,0,False,False
TRST.JK,456.0,456.0,456.0,461.8,471.9,468.1604119873047,464.9697839355469,7.949999999999989,0.9074803179788238,72000,False,False
TRON.JK,107.0,107.66666666666667,108.2,109.1,107.6,98.06,115.56,11.039999999999992,1.4248948549474267,3737000,False,False
TRJA.JK,111.0,111.0,111.0,110.4,111.7,110.9,120.94,1.2999999999999972,1.8131029702889305,56200,True,False
TRIS.JK,175.0,170.33333333333334,169.4,168.4,166.5,163.34,168.24240112304688,11.659999999999997,1.925786518632163,5725100,False,False
TRIN.JK,316.0,316.6666666666667,316.0,321.6,328.3,362.62,533.33,23.310000000000002,3.3412773430986342,2904700,False,False
TRIM.JK,600.0,600.0,596.0,580.5,573.25,548.7991644287109,543.6400997924804,10.240167114257815,3.5560204385776966,824800,False,False
TRGU.JK,164.0,163.33333333333334,163.2,163.5,163.45,168.92,176.72,5.719999999999999,1.7655924451367928,16900,True,False
TPMA.JK,462.0,462.0,462.8,455.2,451.8,432.68,501.27,15.060000000000002,1.6564729922065327,243900,False,False
TPIA.JK,2090.0,2073.3333333333335,2092.0,2105.0,2061.5,1914.7,3446.969167480469,19.029999999999994,2.903072507513616,189559800,False,False
TOWR.JK,400.0,405.3333333333333,404.0,403.8,399.3,377.7593212890625,421.46156158447263,13.787006022135415,1.4856303271612132,15616400,False,False
TOTO.JK,234.0,232.0,234.4,238.8,240.1,234.97152465820312,243.8020292663574,4.049999999999997,1.3206994586720084,280500,True,False
TOTL.JK,1250.0,1213.3333333333333,1185.0,1131.5,1092.75,1065.7,1045.3263604736328,36.85999999999999,2.1532299837820306,2342200,False,False
TOSK.JK,69.0,69.33333333333333,68.8,67.9,66.8,60.92,62.18,8.413333333333327,2.0395717732666423,2227100,False,False
TOOL.JK,68.0,67.33333333333333,66.2,65.7,66.8,63.56,66.66,4.439999999999998,2.941611892468101,3144600,True,True
TOBA.JK,525.0,516.0,493.2,476.2,467.9,420.16,493.88121643066404,20.967999999999996,4.724420735024878,9397400,False,False
TNCA.JK,162.0,163.33333333333334,164.2,162.8,150.75,145.28,164.87,18.919999999999987,4.663241412468398,245000,False,False
TMPO.JK,153.0,136.66666666666666,135.0,121.3,112.85,108.32,116.76,44.68000000000001,14.085853265509208,108884000,False,False
TMAS.JK,123.0,122.66666666666667,122.0,121.3,120.3,116.56806732177735,118.70252113342285,6.431932678222651,1.5634933266763091,423500,False,False
TLKM.JK,2700.0,2733.3333333333335,2714.0,2658.0,2632.5,2594.7793603515624,2694.284650878906,13.855397298177104,2.4417026284144754,58427900,False,False
TLDN.JK,580.0,581.6666666666666,561.0,541.5,530.25,514.64,558.5114556884765,13.405333333333328,2.737078620712951,413000,False,False
TKIM.JK,7125.0,7166.666666666667,7030.0,6575.0,6210.0,5803.646904296875,7114.180737304688,54.52079049479169,3.9005909058726447,1065600,False,False
TIRT.JK,590.0,590.0,590.0,590.0,590.0,557.04,581.28,6.592000000000008,0.0,0,False,False
TIRA.JK,424.0,466.6666666666667,478.0,491.1,501.05,569.52,724.31,72.75999999999999,3.9974311479786695,5131000,False,False
TINS.JK,3840.0,3846.6666666666665,3818.0,3640.0,3593.0,3416.550986328125,3456.018928222656,43.011568033854154,3.6552165768170295,26569300,False,False
TIFA.JK,352.0,346.6666666666667,348.4,311.2,281.7,272.24298583984375,304.11612091064455,39.87850708007812,8.689598379487826,17900,False,False
TGKA.JK,4980.0,4920.0,4924.0,4874.0,4869.0,4796.4,4719.514228515625,18.360000000000035,1.5413612711258424,500,False,False
TFCO.JK,810.0,796.6666666666666,766.0,754.5,744.5,672.6,705.45,27.479999999999997,5.162742467497115,700,False,False
TFAS.JK,189.0,188.66666666666666,189.4,191.3,186.1,193.38,205.51,7.280000000000001,5.916055268031567,62100,False,False
TEBE.JK,1115.0,1091.6666666666667,1088.0,1070.5,1055.0,1017.7,1114.284754638672,19.45999999999999,2.7347667426494824,955500,False,False
TCPI.JK,3760.0,4000.0,4292.0,4816.0,5309.25,7167.443984375,9453.093818359375,340.74439843749997,4.49540173519449,1333300,False,False
TCID.JK,2730.0,2750.0,2748.0,2753.0,2759.5,2774.0,2790.3,4.4,1.47353059440656,100,True,False
TBMS.JK,1200.0,1191.6666666666667,1180.0,1179.5,1201.5,1207.0853955078126,1247.562716064453,5.517079101562513,3.265547258820302,26700,True,False
TBLA.JK,625.0,621.6666666666666,621.0,631.0,635.0,601.9794024658203,617.5088119506836,6.6041195068359455,1.8361800412621476,1219700,False,False
TBIG.JK,1415.0,1416.6666666666667,1428.0,1418.0,1420.25,1415.5371850585936,1490.1824719238282,2.6,2.432821143711331,30100,True,False
TAYS.JK,50.0,50.0,50.0,50.0,50.0,50.08,55.48,0.0799999999999983,0.0,0,True,False
TAXI.JK,15.0,14.666666666666666,14.6,13.7,13.05,13.26,14.68,1.9499999999999993,5.857806326951933,3043600,False,False
TARA.JK,29.0,29.333333333333332,29.6,30.0,30.7,29.42,30.37,1.6999999999999993,1.5600679129426767,120900,True,False
TAPG.JK,1855.0,1838.3333333333333,1821.0,1787.5,1689.25,1552.7808203125,1633.7969946289063,60.44383593749999,1.9687193851302236,3865600,False,False
TAMU.JK,21.0,21.0,20.8,20.8,20.2,19.6,24.16,1.3999999999999986,4.68253190055317,1180600,False,False
TAMA.JK,242.0,240.0,242.8,235.4,207.85,177.86,173.95,32.47,9.546287363782364,2377300,False,False
TALF.JK,1025.0,1065.0,939.0,767.5,687.5,668.0287658691407,671.7566583251953,79.39424682617187,13.80371194840051,454900,False,False
SWID.JK,103.0,102.66666666666667,103.0,102.2,98.8,92.55191146850586,96.92322784423828,10.448088531494136,1.5511582852641224,1035800,False,False
SURI.JK,73.0,72.66666666666667,72.8,71.8,69.3,64.74,68.0,8.260000000000005,1.915488654472357,5230700,False,False
SURE.JK,2760.0,2760.0,2762.0,2760.0,2758.0,2809.0,2747.1,5.1,1.6622174764589641,2700,True,False
SUPA.JK,590.0,596.6666666666666,599.0,598.5,593.25,617.0,740.2,5.4,1.7659103363128938,13573700,True,False
SUNI.JK,710.0,718.3333333333334,721.0,707.0,660.75,644.9625183105469,662.0438543701172,15.207496337890621,1.9392583225705256,166300,False,False
SULI.JK,88.0,88.66666666666667,88.6,88.4,86.0,81.4,90.47,7.266666666666666,1.544804664549894,1024400,False,False
STTP.JK,9875.0,9850.0,9785.0,9802.5,9853.75,9813.5,9840.5,3.6,2.2609531221691426,7000,True,False
STRK.JK,60.0,61.333333333333336,62.0,64.5,67.3,69.78,88.81,9.780000000000001,3.0516329695335584,15126800,False,False
STAR.JK,266.0,272.6666666666667,272.8,273.8,279.2,301.0,449.13,17.5,1.8425030730413756,113500,False,False
STAA.JK,1125.0,1110.0,1105.0,1095.5,1057.0,1009.4081616210938,1072.8686071777345,23.118367675781247,1.4602875888751357,3325000,False,False
SSTM.JK,444.0,423.3333333333333,418.4,405.4,400.7,406.0,514.11,21.650000000000006,3.1321652288891424,1304200,False,False
SSMS.JK,945.0,963.3333333333334,977.0,969.0,935.75,829.6,1029.4740954589843,29.479999999999997,2.1308540712861497,6765800,False,False
SSIA.JK,1670.0,1665.0,1659.0,1636.5,1647.5,1595.2451171875,1555.9606079101563,14.9509765625,1.8581612008406838,6923000,False,False
SRTG.JK,1755.0,1736.6666666666667,1749.0,1741.0,1717.25,1578.867998046875,1590.6025341796876,35.22640039062499,1.9271173232623995,2133900,False,False
SRSN.JK,76.0,71.66666666666667,71.2,68.0,67.0,66.06,65.33,9.939999999999998,5.052399145199462,145211300,False,False
SRAJ.JK,13000.0,12791.666666666666,12405.0,11692.5,11376.25,11461.5,13059.75,64.95,2.1420685541437905,7900,False,False
SQMI.JK,66.0,66.0,66.0,66.8,65.7,52.8,53.62,14.0,3.7213985457142678,18905700,False,False
SPTO.JK,595.0,598.3333333333334,601.0,597.5,593.5,566.4859631347656,576.3197338867187,6.902807373046881,1.1006236584625655,185600,False,False
SPRE.JK,88.0,89.0,90.6,89.8,86.2,80.68,84.1,9.919999999999987,4.692865490406273,1971500,False,False
SPMA.JK,164.0,164.0,163.4,165.3,167.6,161.75384552001952,162.64615341186524,5.84615447998047,1.3003366699485912,188700,True,False
SOUL.JK,37.0,37.0,37.0,37.0,37.0,37.3,44.84,0.29999999999999716,0.0,0,True,False
SOTS.JK,575.0,586.6666666666666,584.0,590.0,601.75,619.7,786.9,8.940000000000008,2.1035671465031016,95400,False,False
SOSS.JK,870.0,870.0,870.0,894.0,923.0,833.7,848.55,17.859999999999992,4.561497876066716,4400,False,False
SONA.JK,2180.0,2180.0,2222.0,2342.0,2307.5,2206.9441455078127,2187.2919604492185,16.2,3.061800687991472,700,False,False
SOLA.JK,96.0,92.0,92.8,99.1,102.2,101.3,112.09,10.200000000000003,4.135465275395378,142214200,False,False
SOHO.JK,1210.0,1198.3333333333333,1197.0,1193.0,1197.5,1197.0,1525.45,3.4,0.8561446457572446,44000,True,False
SOFA.JK,230.0,234.66666666666666,228.8,221.0,224.1,243.64,336.91,11.319999999999993,3.953415308642884,371300,False,False
SOCI.JK,505.0,489.3333333333333,466.0,446.2,409.9,358.46684020996094,413.23393615722654,29.306631958007813,4.412131094320076,17945400,False,False
SNLK.JK,222.0,222.66666666666666,223.2,222.6,222.3,226.32,235.28,2.1599999999999966,2.259451439880976,8641100,True,False
SMSM.JK,1785.0,1791.6666666666667,1793.0,1765.0,1753.0,1687.7,1729.5438891601561,21.05999999999999,1.300241371989275,3003500,False,False
SMRA.JK,324.0,322.6666666666667,322.0,323.0,313.6,294.18864776611326,305.5910124206543,14.905676116943368,2.149552983645996,4934200,False,False
SMMT.JK,1865.0,1870.0,1859.0,1852.5,1831.25,1795.4,1773.85,14.919999999999982,3.1393211294024432,36600,False,False
SMMA.JK,20175.0,20175.0,20180.0,20270.0,20573.75,20943.5,18184.75,30.74,0.8679659532013692,1700,False,False
SMLE.JK,174.0,170.0,165.4,159.9,148.35,117.38,121.85,56.620000000000005,5.135562181686206,7991300,False,False
SMKM.JK,68.0,68.66666666666667,68.8,68.1,68.8,67.62,80.49,1.1799999999999926,3.062354760358515,799400,True,False
SMKL.JK,146.0,147.33333333333334,145.4,146.0,141.35,136.4945455932617,147.80704772949218,10.838787740071638,2.7377353453949294,9500,False,False
SMIL.JK,416.0,412.0,406.8,394.8,360.4,306.44,285.12,54.78,2.3894949157590304,7187300,False,False
SMGR.JK,1610.0,1568.3333333333333,1529.0,1495.0,1487.0,1515.7,1868.7890380859376,24.6,2.1983991047876272,14253100,False,False
SMGA.JK,73.0,71.66666666666667,71.4,70.3,70.25,67.52,77.58,5.480000000000004,2.7680427667927106,1621900,True,False
SMDR.JK,310.0,307.3333333333333,304.4,297.6,292.7,282.0538967895508,305.49477798461913,13.973051605224612,1.816931958054886,7586800,False,False
SMDM.JK,555.0,561.6666666666666,561.0,563.5,567.25,544.64,574.41,4.522000000000003,2.053729269284414,3800,True,False
SMBR.JK,169.0,167.33333333333334,165.4,162.7,159.75,155.76152587890624,181.37231323242187,13.238474121093759,2.4161870415527185,2441400,False,False
SMAR.JK,5750.0,5791.666666666667,5825.0,5687.5,5537.5,5022.949228515625,5134.915131835937,32.08203085937501,2.261560718206544,17700,False,False
SLIS.JK,74.0,72.0,68.4,65.1,63.1,61.98,72.78,12.020000000000003,8.688041692946474,56079400,False,False
SKRN.JK,408.0,407.3333333333333,407.2,406.4,400.5,372.44,407.43485168457033,17.78,1.8820324598723066,74100,False,False
SKLT.JK,200.0,200.0,200.8,196.0,192.75,187.06,200.32000122070312,13.740000000000009,2.047658725522788,90500,False,False
SKBM.JK,545.0,543.3333333333334,540.0,539.5,565.5,538.18,596.34,5.46400000000001,2.538760696184806,71900,True,False
SIPD.JK,690.0,685.0,680.0,684.5,685.5,710.7,833.65,6.1400000000000095,1.2170805574419794,1100,False,False
SINI.JK,7300.0,7258.333333333333,7315.0,7312.5,6980.0,8195.87259765625,10414.436298828125,48.63490390624997,4.492369019448,117300,False,False
SIMP.JK,600.0,600.0,601.0,591.5,573.25,538.8020306396485,595.7577374267578,12.439593872070304,2.3313230611753903,2810300,False,False
SILO.JK,2300.0,2313.3333333333335,2298.0,2159.5,2156.75,2215.1,2388.15,15.65833333333335,3.3260187259622724,12200,False,False
SIDO.JK,358.0,355.3333333333333,356.0,361.2,371.1,373.6,426.72873779296873,9.133333333333354,1.1303208716612305,13728400,False,False
SICO.JK,109.0,109.0,108.4,109.4,109.4,105.84,115.43661544799805,3.5600000000000023,2.396261133613482,306400,True,False
SHIP.JK,2130.0,2100.0,2068.0,1954.5,1833.25,1692.5,2510.700871582031,43.75,2.885848974233431,10800,False,False
SHID.JK,615.0,615.0,614.0,612.0,595.0,621.7,687.7,5.340000000000009,1.6095800467869459,7800,True,False
SGRO.JK,4200.0,4213.333333333333,4160.0,3708.0,3417.0,2960.1454736328124,3696.4490600585937,125.31878597005206,7.859685837351038,7600,False,False
SGER.JK,478.0,484.0,486.8,464.4,453.5,394.36,388.9,46.22,3.0791492661149893,13440200,False,False
SFAN.JK,1985.0,1978.3333333333333,1976.0,1965.0,1964.75,1964.8,1949.95,4.05,0.2988541688175504,17300,True,False
SEMA.JK,100.0,100.33333333333333,99.4,97.6,95.85,95.36,102.19,4.973333333333329,1.2106444257345739,128200,True,False
SDRA.JK,220.0,222.66666666666666,224.4,217.0,212.8,213.56,232.18,5.799999999999997,2.987069635768773,174900,True,False
SDPC.JK,183.0,182.66666666666666,182.2,181.5,181.4,179.51272735595703,183.20581954956054,3.4872726440429744,1.159422621260501,39100,True,False
SDMU.JK,82.0,82.66666666666667,80.8,79.4,80.6,77.64,83.61,5.026666666666671,2.911978958108652,3235700,True,False
SCNP.JK,153.0,154.0,153.8,155.4,154.9,148.73493103027343,157.0377653503418,6.665068969726576,2.798794448464453,96200,False,False
SCMA.JK,202.0,203.33333333333334,204.0,200.9,203.95,204.10666625976563,225.03888549804688,1.603333129882813,2.789994475696387,7145000,True,False
SCCO.JK,2300.0,2300.0,2302.0,2293.0,2292.0,2239.21013671875,2246.36796875,6.278986328124984,0.8961001267225686,2600,False,False
SBMA.JK,107.0,107.0,107.0,106.6,107.2,106.98,112.76,0.6000000000000085,1.0792637978424415,56000,True,False
SATU.JK,260.0,261.3333333333333,261.6,263.2,268.0,269.2,265.28,4.599999999999994,0.7289279075818907,27900,True,False
SAPX.JK,216.0,216.66666666666666,214.8,215.8,213.8,211.76,229.14,2.453333333333333,3.0597340274349127,44300,True,False
SAMF.JK,278.0,278.0,278.0,278.0,278.4,274.84903411865236,295.4673094177246,1.775482940673811,1.1532230345439356,12000,True,False
SAME.JK,298.0,299.3333333333333,298.4,298.2,300.6,313.8,325.6,7.900000000000006,0.5867515640309968,331800,False,False
SAGE.JK,32.0,32.0,33.2,33.0,33.55,29.08,30.05,4.469999999999999,4.428726188286249,657300,False,False
SAFE.JK,388.0,382.6666666666667,377.6,376.4,370.4,340.4,353.66,23.80000000000001,1.5083255746896789,339700,False,False
RUNS.JK,63.0,62.666666666666664,63.2,64.4,66.55,70.8,79.13,8.133333333333333,1.50210313961115,80600,False,False
RUIS.JK,202.0,202.0,203.6,203.0,202.3,187.166875,201.3859375,8.216562499999995,1.35244214736038,597700,False,False
RSCH.JK,318.0,320.0,323.2,307.8,289.8,293.6,299.1,16.69999999999999,2.949486226341968,14357200,False,False
ROTI.JK,590.0,586.6666666666666,589.0,590.5,599.0,590.2,619.7658819580079,2.4666666666666743,1.6856424014812872,72300,True,False
RONY.JK,1285.0,1275.0,1287.0,1340.5,1301.0,1133.6,1323.3,41.38000000000002,4.680228739495273,6600,False,False
RODA.JK,66.0,63.0,61.0,60.3,61.85,57.42,62.23,8.579999999999998,3.2031750048996304,121923800,False,False
ROCK.JK,1720.0,1746.6666666666667,1751.0,1759.0,1788.5,1734.2,2077.3,13.7,1.9829267760764409,900,False,False
RMKO.JK,296.0,294.0,294.0,292.6,316.2,312.68,398.83,11.799999999999983,4.036312073960763,1411500,False,False
RMKE.JK,414.0,406.6666666666667,408.8,411.2,429.0,444.2557482910156,529.4151177978515,18.79454081217446,2.406184364763506,52250600,False,False
RLCO.JK,5050.0,5058.333333333333,5085.0,5064.0,4286.5,3563.4,4369.05,60.864,4.16189683913939,170600,False,False
RISE.JK,965.0,965.0,974.0,990.5,988.25,991.2,1406.55,5.240000000000009,2.393945105954182,181500,True,False
RIGS.JK,680.0,683.3333333333334,680.0,678.5,682.75,678.0,681.85,1.0666666666666742,1.6051567867180883,4200,True,False
RICY.JK,81.0,81.0,79.8,78.7,78.25,76.26,84.57,4.739999999999995,1.8765205488311614,1834700,True,False
RGAS.JK,242.0,242.0,242.0,232.6,222.2,180.9119223022461,135.8954468536377,30.54403884887695,3.2143388684356204,0,False,False
RELI.JK,492.0,488.0,487.6,486.8,487.8,488.14,493.49,2.5999999999999943,0.9048090728152648,200,True,False
RELF.JK,35.0,34.666666666666664,35.0,35.4,35.4,34.86,36.85,0.7333333333333343,2.233249113694065,1001600,True,False
REAL.JK,52.0,51.666666666666664,51.6,51.0,50.7,50.3971875,51.60595233917236,1.6028124999999989,1.9198051461438075,10385900,True,True
RDTX.JK,13450.0,13450.0,13550.0,13615.0,13720.0,14233.93822265625,14957.723984375,31.35752890625001,0.878088821856594,200,False,False
RCCC.JK,100.0,101.0,100.0,97.3,94.4,90.34,99.32,10.659999999999997,4.988826487188912,157600,False,False
RBMS.JK,66.0,66.33333333333333,65.6,65.2,65.4,60.68,60.24,5.653333333333329,3.1290985860165312,14530800,True,True
RATU.JK,5075.0,5026.666666666667,5056.0,4999.0,5063.5,4910.8,5232.873525390625,6.5679999999999925,2.886792403633698,1520700,False,False
RANC.JK,515.0,513.3333333333334,516.0,514.5,517.25,521.24,544.17,1.5813333333333275,2.2418275522587745,4100,True,False
RALS.JK,380.0,380.6666666666667,378.8,379.4,380.4,376.84,388.3422244262695,1.9133333333333553,0.9244391520940372,2229200,True,False
RAJA.JK,890.0,883.3333333333334,883.0,880.5,894.75,800.9428234863282,800.9948358154297,18.761435302734366,2.3879001450823107,36503200,False,False
RAAM.JK,198.0,199.0,200.6,204.5,204.9,204.26,206.82,6.900000000000006,2.0350623009745488,418200,False,False
PZZA.JK,183.0,182.33333333333334,184.2,184.6,185.15,184.74,191.73400482177735,2.816666666666663,2.156002497646847,271800,True,False
PYFA.JK,214.0,212.66666666666666,210.0,208.2,208.5,204.12,262.78,4.939999999999998,3.647958360091916,7645100,True,False
PWON.JK,260.0,261.3333333333333,261.6,262.8,264.0,255.77709533691407,283.78451446533205,4.111452331542964,2.0554895166650358,12591000,True,False
PURI.JK,142.0,140.66666666666666,138.8,136.7,136.95,134.94,145.1,7.060000000000002,1.601225205007056,1989900,False,False
PURA.JK,32.0,32.333333333333336,32.4,31.4,31.25,31.46,31.86,1.1499999999999986,4.001169108327591,671300,False,False
PUDP.JK,304.0,306.0,305.2,303.8,300.7,298.5614202880859,309.701549987793,3.7192898559570438,1.6346193268679903,20200,True,False
PTSP.JK,980.0,948.3333333333334,923.0,909.5,903.0,888.5,901.0,18.3,2.5902493198974295,52500,False,False
PTSN.JK,278.0,284.0,281.2,271.0,258.4,244.31348480224608,273.15724716186526,19.84325759887696,2.629129200252453,307400,False,False
PTRO.JK,4880.0,4760.0,4712.0,4683.0,4446.0,4193.8,4622.25,68.61999999999998,2.547166087179812,44304100,False,False
PTPW.JK,1220.0,1211.6666666666667,1185.0,1153.5,1148.25,1106.8877502441405,1029.3363623046876,22.622449951171895,1.358249796972236,26500,False,False
PTPS.JK,150.0,147.33333333333334,148.0,143.8,141.55,129.38,152.45,20.620000000000005,3.6517435703366607,1091400,False,False
PTPP.JK,200.0,200.66666666666666,200.6,201.0,205.0,195.4,228.8,9.599999999999994,2.1535259318113944,2635700,False,False
PTMP.JK,64.0,64.0,63.4,62.8,62.4,58.94,62.96,5.060000000000002,3.0621587555684724,9195700,True,True
PTIS.JK,274.0,274.6666666666667,272.8,270.0,269.8,279.52,291.42,4.859999999999985,1.6626962665419698,1800,True,False
PTBA.JK,2360.0,2360.0,2344.0,2348.0,2383.5,2425.8018798828125,2602.976904296875,8.18018798828125,1.1382598347736073,3613100,False,False
PSSI.JK,322.0,328.0,325.6,322.4,320.5,299.44,316.77211181640627,14.280000000000001,3.132616750384297,5500,False,False
PSKT.JK,236.0,228.66666666666666,226.0,219.8,210.15,197.54,225.17,19.230000000000004,2.6984555925139926,7607200,False,False
PSGO.JK,198.0,196.0,195.6,196.6,197.5,194.3250259399414,193.7499464416504,3.674974060058588,0.8743386459043614,24600,True,False
PSDN.JK,134.0,133.0,131.4,126.2,120.5,116.4,134.18,17.599999999999994,4.212609950076324,3587300,False,False
PSAT.JK,925.0,910.0,888.0,865.5,851.75,821.2,862.8,20.75999999999999,1.7283064992176786,76800,False,False
PSAB.JK,456.0,448.0,441.2,433.0,427.8,421.25327392578123,415.9172741699219,17.373363037109385,1.837457133823564,65834000,False,False
PRIM.JK,113.0,112.66666666666667,109.6,106.8,101.5,91.14,84.69,21.86,3.216167902424553,7415700,False,False
PRDA.JK,2380.0,2370.0,2378.0,2368.0,2380.5,2458.8,2435.9462255859376,9.080000000000018,0.9765511079610381,72400,False,False
PRAY.JK,730.0,740.0,726.0,730.0,717.75,692.1,715.7,9.579999999999995,2.2038451773887293,1500,False,False
PPRO.JK,17.0,17.0,16.8,16.4,16.85,16.16,20.65,0.8399999999999999,4.17811767515539,3990600,False,False
PPRI.JK,149.0,147.0,147.0,147.6,149.1,143.36,160.91,5.739999999999981,1.857016975197238,1471400,True,False
PPRE.JK,104.0,105.0,104.0,104.0,107.05,100.52,116.52,6.530000000000001,2.6616515106895657,5017300,False,False
PPGL.JK,206.0,204.0,204.8,207.4,209.2,196.92,202.38,6.140000000000001,1.9134461652319068,893900,False,False
POWR.JK,725.0,723.3333333333334,724.0,724.5,722.75,707.6,699.5691564941407,3.4799999999999955,0.6824470897471299,741700,True,False
PORT.JK,870.0,863.3333333333334,866.0,871.0,874.25,871.1,882.95,2.1833333333333256,1.595547850823446,1300,True,False
POLY.JK,32.0,32.0,32.0,32.0,32.0,32.0,32.35,0.0,0.0,0,True,False
POLU.JK,11450.0,11500.0,11810.0,12045.0,12407.5,12184.0,13423.25,38.3,2.989213997824914,1500,False,False
POLI.JK,745.0,750.0,745.0,726.0,724.25,753.8,913.65,5.909999999999991,1.7113545247406035,13600,True,False
PNSE.JK,498.0,491.3333333333333,490.8,492.6,495.3,515.32,575.51,12.26000000000002,1.15627559364357,3400,False,False
PNLF.JK,228.0,227.33333333333334,226.8,226.6,225.7,220.34,233.43,3.8299999999999983,1.0219469201004452,6853700,True,False
PNIN.JK,720.0,718.3333333333334,719.0,716.0,725.0,725.3,750.15,1.859999999999991,1.345116063705527,70200,True,False
PNGO.JK,3560.0,3556.6666666666665,3554.0,3551.0,3525.5,3476.4,3433.0,8.35999999999999,0.4246347985692906,1000,False,False
PNBS.JK,50.0,50.0,50.0,50.1,50.2,50.08,50.31,0.20000000000000284,0.6200544431702717,195100,True,False
PNBN.JK,910.0,911.6666666666666,907.0,896.5,895.25,882.7952502441407,913.3014758300782,5.774283284505191,1.0855421360872193,181700,True,False
PMUI.JK,98.0,98.0,97.2,90.8,87.45,80.8,86.83255653381347,17.200000000000003,4.8896669397656565,1692500,False,False
PMJS.JK,119.0,119.33333333333333,119.0,113.5,110.9,106.78471115112305,114.58139320373535,12.54862218221028,3.3929244302072115,176800,False,False
PLAN.JK,38.0,38.0,38.2,38.1,38.2,37.34,41.99,0.8599999999999994,2.3270999925810933,608400,True,False
PKPK.JK,3910.0,3930.0,3934.0,3890.0,3697.5,3185.4,2838.4,74.85999999999999,1.2575020434552262,149200,False,False
PJHB.JK,174.0,174.0,171.6,169.3,167.5,167.04,192.14,6.960000000000008,2.4956232259024094,1094200,False,False
PJAA.JK,456.0,454.6666666666667,452.4,452.8,455.8,453.76,477.42996002197265,1.8000000000000114,0.8029203382804424,17800,True,False
PIPA.JK,120.0,121.66666666666667,120.6,118.2,121.25,115.0,122.74,6.666666666666671,3.371098855371956,10424400,False,False
PICO.JK,132.0,132.66666666666666,131.0,130.1,128.75,129.06,139.25,3.916666666666657,1.6180873211328728,89800,True,False
PGUN.JK,7600.0,7508.333333333333,7505.0,7595.0,7476.25,7358.201201171875,7954.939008789062,9.67195195312499,2.9852032176857506,1600,False,False
PGLI.JK,202.0,200.66666666666666,199.6,198.1,196.2,188.52,201.96,6.739999999999995,2.7861915703759075,26200,False,False
PGJO.JK,805.0,796.6666666666666,778.0,725.0,705.75,727.8,732.5,19.85,4.189047550558336,15100,False,False
PGEO.JK,1015.0,1013.3333333333334,1011.0,1009.5,1011.5,928.4,953.1357415771485,17.320000000000004,1.8397844691391447,3452200,False,False
PGAS.JK,1510.0,1510.0,1508.0,1507.0,1508.0,1513.8215576171874,1630.072421875,1.3643115234374819,1.1702291783242342,10510000,True,False
PEVE.JK,340.0,338.6666666666667,338.4,331.6,324.3,318.52,376.81,10.740000000000009,1.581946983117588,816000,False,False
PEHA.JK,264.0,264.6666666666667,264.8,262.2,258.8,251.83001953125,271.9909147644043,6.4849902343750045,2.120906567414329,14100,False,False
PEGE.JK,98.0,97.66666666666667,96.8,93.8,95.25,104.54914642333985,124.08457321166992,10.749146423339852,2.772054858851456,11947300,False,False
PDPP.JK,308.0,311.3333333333333,310.4,292.0,277.7,267.33830963134767,290.3776206970215,21.997511850992822,3.027479326504618,158900,False,False
PDES.JK,474.0,408.0,394.0,397.6,400.1,444.14,479.20489501953125,40.0,8.768151569479175,993100,False,False
PCAR.JK,42.0,42.666666666666664,42.8,40.7,39.6,38.94,38.49,3.8599999999999994,5.422608768424508,2184700,False,False
PBSA.JK,735.0,746.6666666666666,750.0,754.0,757.25,723.7485107421875,859.6377435302734,6.700297851562505,3.064192815264813,1745500,False,False
PBRX.JK,26.0,26.666666666666668,26.6,26.6,26.7,26.98,32.33,0.9800000000000004,3.663082173043279,1298000,True,False
PBID.JK,535.0,535.0,534.0,527.4,506.1,488.28,479.96360961914064,9.344000000000005,1.559769089761331,857200,False,False
PART.JK,101.0,101.66666666666667,101.6,103.1,103.4,99.514599609375,107.55129615783692,3.8854003906250085,1.1982161012390524,1069100,True,False
PANS.JK,1550.0,1545.0,1538.0,1553.0,1561.75,1524.0311889648438,1505.9914111328126,7.54376220703125,1.098924878564101,39800,False,False
PANR.JK,418.0,416.6666666666667,417.2,412.2,409.7,422.28,458.2952938842773,6.289999999999992,1.547158892243746,30000,False,False
PANI.JK,6300.0,6366.666666666667,6310.0,6192.5,6180.0,6331.32701171875,7293.148583984375,7.466666666666679,2.140689967325209,3701500,False,False
PAMG.JK,57.0,56.666666666666664,56.4,57.1,55.75,53.34,56.05,3.759999999999998,5.766788386879789,2555400,False,False
PALM.JK,290.0,290.0,290.4,297.2,299.6,302.71009155273435,330.3876934814453,6.355045776367177,1.1763259803882047,271200,False,False
PADI.JK,71.0,70.0,69.4,71.4,71.9,73.12454528808594,90.05510948181153,3.7245452880859347,4.78118624266461,221826000,False,False
PADA.JK,183.0,187.0,170.8,147.2,131.95,119.52,135.62,67.48,9.874293723609206,25518900,False,False
PACK.JK,270.0,259.3333333333333,252.4,239.2,228.1,239.6,238.02,20.950000000000003,5.149623517435429,159861500,False,False
OPMS.JK,125.0,121.33333333333333,122.0,112.5,107.2,100.32,112.26,24.680000000000007,8.690782680665704,14571000,False,False
OMRE.JK,980.0,976.6666666666666,1012.0,1028.5,1053.75,1039.5,924.85,15.416666666666675,5.31913953217979,13800,False,False
OMED.JK,230.0,225.33333333333334,221.6,216.6,211.0,204.61245788574217,232.94650848388673,12.693771057128913,2.55636489292586,8181100,False,False
OLIV.JK,50.0,50.0,50.2,50.4,50.15,50.52,53.44,0.5200000000000031,2.1049974795165363,772700,True,False
OKAS.JK,108.0,104.0,103.0,101.9,101.55,99.7,107.64,8.299999999999997,2.4431625462852566,21833700,False,False
OILS.JK,230.0,230.66666666666666,230.0,232.0,224.7,200.8,229.24,15.599999999999994,4.402865202992611,2164800,False,False
OBMD.JK,188.0,185.33333333333334,182.6,188.4,189.75,177.3,204.57,12.449999999999989,2.3756952629683523,373000,False,False
OBAT.JK,242.0,244.66666666666666,244.8,245.2,246.9,240.88,280.6003994750977,3.010000000000005,1.6548236595744563,245300,True,False
OASA.JK,350.0,352.0,339.2,332.4,328.9,292.04,316.12,29.97999999999999,4.489087726717248,11728300,False,False
NTBK.JK,93.0,92.33333333333333,92.4,93.1,95.8,75.24,78.01402942657471,20.560000000000002,4.294895435141266,11628600,False,False
NSSS.JK,1020.0,1028.3333333333333,1033.0,976.5,869.75,660.7180328369141,733.5072192382812,74.45639343261719,7.292110727699627,6311000,False,False
NRCA.JK,530.0,526.6666666666666,513.6,497.8,495.35,455.17404296875,494.50723846435545,14.965191406250005,2.914326126421295,2152900,False,False
NPGF.JK,59.0,59.333333333333336,59.2,59.5,58.6,59.62,64.5,1.019999999999996,2.159771944817183,45377200,True,False
NOBU.JK,482.0,492.6666666666667,488.0,464.4,451.1,444.96,492.3,23.853333333333353,2.794773106887635,637100,False,False
NISP.JK,1280.0,1280.0,1282.0,1266.0,1244.75,1229.7,1296.7967004394532,10.45999999999999,1.0122021656908449,966300,False,False
NIRO.JK,160.0,166.0,158.2,150.5,149.95,147.6,171.36,18.400000000000006,8.194479289004214,103500,False,False
NINE.JK,71.0,71.66666666666667,71.8,73.7,75.8,77.58,102.44,6.579999999999998,1.741118439414771,4557200,False,False
NIKL.JK,196.0,200.0,198.0,191.2,190.55,194.78,248.5438653564453,9.449999999999989,3.1438332209292557,2515200,False,False
NICL.JK,472.0,472.6666666666667,470.8,479.8,495.0,517.84,675.1115808105469,23.52000000000001,2.7277175652347467,15537000,False,False
NICK.JK,1350.0,1311.6666666666667,1271.0,1197.0,1128.5,1060.4,1129.2,57.91999999999998,8.883947297237741,800,False,False
NICE.JK,262.0,264.6666666666667,259.6,253.6,255.7,258.56,278.72,5.533333333333346,2.4656775733201384,1224100,True,False
NFCX.JK,1500.0,1513.3333333333333,1516.0,1548.5,1563.75,1619.2,1695.75,23.84000000000001,2.237081194886623,3100,False,False
NETV.JK,52.0,51.333333333333336,51.4,50.9,50.8,53.0,69.53,2.200000000000003,1.5961467860858078,10475300,True,False
NEST.JK,705.0,720.0,725.0,683.5,649.0,592.68,500.63,26.46400000000001,6.146251693182276,586800,False,False
NELY.JK,199.0,201.0,200.2,201.1,204.15,201.12660522460936,255.03669830322266,5.150000000000006,1.5682223919778444,296700,True,False
NCKL.JK,950.0,948.3333333333334,935.0,894.5,869.75,827.6312707519531,932.1172644042969,24.473745849609372,2.6657374903998803,21673700,False,False
NAYZ.JK,58.0,57.666666666666664,58.2,57.6,57.5,57.84,61.65,0.7000000000000028,4.254932447038759,12390300,False,False
NATO.JK,655.0,656.6666666666666,659.0,659.5,645.5,608.7,611.2,10.159999999999991,1.2054911586887929,5900,False,False
NASI.JK,136.0,135.33333333333334,132.2,128.9,124.7,116.34,131.57,19.659999999999997,2.7231506113902375,5423700,False,False
NASA.JK,31.0,30.666666666666668,30.4,30.4,30.2,31.78,34.83,1.5800000000000018,2.8737384774778953,3200,True,False
NANO.JK,29.0,28.666666666666668,28.8,29.9,29.55,25.78,30.39,4.119999999999997,5.537104268711563,7019000,False,False
NAIK.JK,89.0,88.0,87.4,86.8,87.25,84.44,90.49163497924805,4.560000000000002,1.4516629266563181,616900,True,False
MYTX.JK,41.0,41.0,41.0,41.0,41.0,42.28,47.33,1.2800000000000011,0.0,0,True,False
MYOR.JK,1685.0,1681.6666666666667,1678.0,1699.0,1725.25,1741.8317651367188,1756.7570629882812,12.766353027343758,1.5856404182242885,2476400,False,False
MYOH.JK,1035.0,1036.6666666666667,1040.0,1042.0,1043.75,1049.61748046875,1129.1769812011719,2.923496093750009,0.7868416909892552,12300,True,False
MUTU.JK,110.0,110.66666666666667,110.4,109.1,109.9,109.28339935302735,105.40967895507812,1.566666666666677,1.3315311428329832,1458900,True,True
MTWI.JK,250.0,253.33333333333334,254.0,255.4,260.8,264.09682098388674,292.617879486084,7.048410491943372,3.7789994354049923,11000,False,False
MTMH.JK,910.0,916.6666666666666,915.0,914.5,933.75,946.95875,968.8396179199219,7.391750000000002,3.1713329454449615,1800,False,False
MTLA.JK,530.0,526.6666666666666,536.0,523.5,518.75,509.0408380126953,520.6062261962891,5.39183239746094,4.460100147574443,1000,False,False
MTFN.JK,13.0,13.0,13.0,13.0,13.0,13.72,18.22,0.7200000000000006,0.0,0,True,False
MTEL.JK,442.0,444.0,449.2,451.0,455.8,467.8102966308594,479.95272155761717,12.905148315429699,1.2258249126888452,14233700,False,False
MTDL.JK,515.0,513.3333333333334,511.0,511.0,512.75,505.1770001220703,523.3385000610351,1.9645999755859407,1.388928049759866,328900,True,False
MSTI.JK,1335.0,1331.6666666666667,1328.0,1320.0,1327.75,1263.7673120117188,1267.9461950683594,14.246537597656243,2.636162307091733,380000,False,False
MSKY.JK,71.0,65.0,64.6,61.6,61.05,61.06,70.47,9.950000000000003,6.430238087168654,101962800,False,False
MSJA.JK,408.0,410.0,404.8,403.6,406.6,407.56,433.9512240600586,3.1999999999999886,2.3141939168038075,4743400,True,False
MSIN.JK,384.0,389.3333333333333,392.8,392.6,421.4,473.24,608.76,44.620000000000005,2.6366876364623697,8222700,False,False
MSIE.JK,98.0,99.33333333333333,97.8,93.0,87.95,96.6,92.82,11.383333333333326,5.859901151908234,10467400,False,False
MREI.JK,920.0,920.0,920.0,920.0,920.0,941.3,981.1,4.259999999999991,0.0,0,True,False
MRAT.JK,440.0,442.6666666666667,442.0,441.0,441.8,442.36,433.08,1.3333333333333428,0.825045387276647,111800,True,False
MPXL.JK,156.0,155.66666666666666,155.2,152.6,149.5,148.74,155.43,7.259999999999991,2.402913434841227,99500,False,False
MPRO.JK,12600.0,12533.333333333334,11940.0,12145.0,11350.0,9604.0,9493.75,119.84,8.524418281002646,2300,False,False
MPPA.JK,46.0,46.333333333333336,46.4,47.5,47.3,46.32,48.02,1.5,3.4981725401674586,2213000,True,False
MPOW.JK,106.0,106.33333333333333,106.2,104.6,101.0,99.38,104.23,6.953333333333333,1.731499685224833,2588200,False,False
MPMX.JK,1005.0,1003.3333333333334,1004.0,993.5,992.5,966.0261694335937,903.279443359375,7.794766113281253,1.0324313810862473,679100,False,False
MPIX.JK,99.0,99.0,98.0,95.8,94.9,92.1,88.34,6.900000000000006,2.1062477623492346,4275900,False,False
MORA.JK,5250.0,5650.0,5895.0,6145.0,6285.0,6534.5,6020.75,51.38,4.124262452018467,729500,False,False
MOLI.JK,286.0,272.0,268.0,260.0,255.2,239.99422454833984,242.42710144042968,23.002887725830078,3.4669282858658876,5132500,False,False
MNCN.JK,202.0,202.0,203.6,203.8,206.8,206.4,218.46,2.4000000000000057,2.084632161195611,7608300,True,False
MMLP.JK,296.0,298.0,297.6,293.8,296.3,295.48,315.64,2.0999999999999943,1.4136850031249808,31600,True,False
MMIX.JK,740.0,741.6666666666666,739.0,727.0,724.5,681.44,487.16,12.045333333333314,1.5886334735496142,9592000,False,False
MLPT.JK,1650.0,1671.6666666666667,1736.0,1678.0,1386.75,983.84,889.1521118164062,150.432,9.286327726368953,2102600,False,False
MLPL.JK,95.0,95.33333333333333,95.8,94.6,91.8,84.64,90.75,11.159999999999997,2.315408724046407,3856200,False,False
MLIA.JK,232.0,232.0,232.0,231.4,234.0,238.28,256.84,3.4399999999999977,0.5772146394244051,4500,True,False
MLBI.JK,6875.0,6866.666666666667,6875.0,6642.5,6477.5,6171.2273828125,5795.832607421875,28.150904687500006,1.7176445329568923,7400,False,False
MKTR.JK,121.0,121.66666666666667,122.8,121.2,120.15,120.82086853027344,124.16159172058106,2.6499999999999915,1.7080438944562202,29000,True,False
MKPI.JK,21975.0,21958.333333333332,21880.0,21775.0,21520.0,21125.8078125,21379.09173828125,33.96768750000003,0.5626970758697807,40300,False,False
MKAP.JK,1170.0,1170.0,1167.0,1165.0,1164.25,1133.5499926757811,1099.289508666992,7.290001464843772,0.3764262197350916,100,False,False
MITI.JK,204.0,210.66666666666666,202.4,182.3,177.8,171.92,208.81,19.373333333333335,11.414929489641187,1291700,False,False
MIRA.JK,27.0,25.0,23.8,22.5,21.4,19.94,21.38,7.059999999999999,7.967000428047945,9676900,False,False
MINE.JK,236.0,234.66666666666666,230.8,224.4,223.0,219.96,276.48,8.019999999999996,1.6974864869906376,592200,False,False
MINA.JK,274.0,272.0,271.2,270.2,276.4,280.28,294.18,5.039999999999992,2.466295179243636,29585000,True,False
MIKA.JK,1855.0,1838.3333333333333,1822.0,1781.0,1756.0,1663.038212890625,1800.6185119628906,38.39235742187502,2.200514827043485,1466000,False,False
MIDI.JK,278.0,279.3333333333333,280.4,282.4,284.4,281.45080078125,291.6007389831543,3.1999999999999886,1.6026637732837432,2953500,True,False
MICE.JK,525.0,523.3333333333334,521.0,515.5,515.5,498.59703247070314,497.4748532104492,5.280593505859372,2.3786329554002226,15600,True,False
MHKI.JK,140.0,139.66666666666666,137.0,135.6,135.75,125.15025192260742,148.25906364440917,14.849748077392576,2.705473383060944,3616200,False,False
MGRO.JK,670.0,670.0,674.0,677.0,674.5,670.8,685.7,1.4,3.360919738614676,1880200,True,False
MGNA.JK,111.0,112.66666666666667,113.4,108.3,100.4,92.2,130.38,21.200000000000003,11.55866582662568,3187800,False,False
MGLV.JK,8325.0,8308.333333333334,8285.0,8360.0,8285.0,8204.0,7279.0,6.24,2.738847347002623,30700,False,False
MERK.JK,3910.0,3903.3333333333335,3888.0,3922.0,3898.0,3739.5590625,3579.4344482421875,18.24409375,1.8939214790269419,22500,False,False
MERI.JK,113.0,116.0,110.8,105.9,103.9,106.72,123.35,12.099999999999994,5.715617008761539,2893800,False,False
MEJA.JK,96.0,96.0,95.2,96.2,90.0,86.72,91.63142860412597,9.480000000000004,3.1558026321633807,3755900,False,False
MEGA.JK,1980.0,1980.0,1979.0,1984.0,1992.25,1982.6,2109.245417480469,2.65,0.49243098011342235,3600,True,False
MEDS.JK,76.0,76.0,75.8,75.8,78.1,76.1,76.84,2.299999999999997,1.9145057412021937,4521900,True,False
MEDC.JK,1290.0,1325.0,1313.0,1298.0,1279.25,1199.2094970703124,1403.614287109375,25.158100585937518,3.340498149363931,18931600,False,False
MDRN.JK,26.0,26.0,26.0,26.0,26.0,27.96,39.2,1.9600000000000009,0.0,0,True,False
MDLN.JK,50.0,50.0,50.0,50.1,50.1,50.2,52.06,0.20000000000000284,0.933602421801758,1210300,True,False
MDLA.JK,210.0,210.0,210.4,210.0,208.8,203.74,202.9692054748535,3.3299999999999983,0.9022628065583118,419800,True,False
MDKI.JK,185.0,184.33333333333334,184.0,182.4,181.2,178.77449523925782,180.80865402221679,6.225504760742183,1.25103049480953,84100,False,False
MDKA.JK,2900.0,2906.6666666666665,2832.0,2738.0,2706.0,2665.6419482421875,2884.1810717773437,24.102471842447905,2.9840295144626436,16474400,False,False
MDIY.JK,925.0,911.6666666666666,911.0,916.5,942.25,886.1568762207031,866.6129644775391,11.218624755859377,0.9991529161854534,24600,False,False
MDIA.JK,266.0,232.66666666666666,218.2,178.1,128.5,93.32,92.83,86.34,11.390504154630063,599776800,False,False
MCOR.JK,70.0,69.33333333333333,69.0,68.6,68.2,66.94,68.46,3.0600000000000023,0.9226173977756966,146200,True,False
MCOL.JK,3800.0,3760.0,3764.0,3723.0,3750.5,3715.6,3768.6049853515624,8.440000000000008,1.9314852177992792,9300,False,False
MCAS.JK,236.0,241.33333333333334,247.6,257.8,205.95,198.22,276.11,29.790000000000006,16.00721742764347,3583800,False,False
MBTO.JK,131.0,137.33333333333334,130.8,125.2,121.2,112.62,114.08,24.71333333333334,8.219138178380694,2035500,False,False
MBSS.JK,2820.0,2823.3333333333335,2828.0,2777.0,2691.5,2576.4,2280.1,25.15999999999999,1.2066690532205973,403600,False,False
MBMA.JK,545.0,546.6666666666666,532.0,513.6,516.75,499.48,580.49,9.437333333333322,3.2532356372537943,66634200,False,False
MBAP.JK,1415.0,1421.6666666666667,1416.0,1419.5,1405.5,1390.6,1551.55,6.213333333333367,1.1965743842780447,10300,False,False
MAYA.JK,206.0,204.0,201.4,199.9,197.1,190.16,192.46,7.920000000000002,0.978702642837739,377900,False,False
MAXI.JK,50.0,50.0,50.0,50.0,50.0,50.0,50.49,0.0,0.0,392000,True,False
MASB.JK,3390.0,3390.0,3390.0,3390.0,3390.0,3376.4,3309.0,1.359999999999991,0.0,9500,True,False
MARK.JK,1090.0,1088.3333333333333,1082.0,1037.0,1039.5,951.8,856.9333331298828,27.640000000000008,4.265766755425568,4502600,False,False
MARI.JK,23.0,23.0,23.0,23.0,23.0,23.94,26.47,0.9400000000000013,0.0,0,True,False
MAPI.JK,1650.0,1700.0,1710.0,1595.5,1555.75,1520.5579150390624,1405.2575939941407,37.888416992187516,8.340835999965753,7315800,False,False
MAPB.JK,1220.0,1145.0,1155.0,1162.0,1093.25,1107.8,1314.0,25.35,5.387108599544427,100,False,False
MAPA.JK,665.0,668.3333333333334,666.0,635.0,624.75,606.6598352050781,617.2249597167969,12.334699625651046,2.7070298474360026,5794500,False,False
MANG.JK,39.0,39.0,39.0,39.9,39.55,41.5,44.45,2.5,1.6482342473873697,8444000,True,False
MAIN.JK,680.0,680.0,676.0,690.5,694.25,689.7884143066407,770.4158734130859,3.65,2.3387567588355735,131000,True,False
MAHA.JK,146.0,146.0,145.6,143.3,141.9,136.75833404541015,135.89166915893554,9.241665954589848,1.4508207979005203,1332100,False,False
LUCK.JK,114.0,114.0,112.6,111.6,106.65,103.64,104.98,10.36,3.0235450577408356,1906000,False,False
LTLS.JK,830.0,828.3333333333334,829.0,803.0,789.0,774.0,770.9713208007812,11.2,1.5437666934462018,57800,False,False
LSIP.JK,1450.0,1453.3333333333333,1448.0,1417.5,1373.25,1267.2931640625,1332.9041845703125,37.20803385416666,1.791020135438595,1715800,False,False
LRNA.JK,187.0,185.66666666666666,184.8,184.6,182.35,180.82,191.73,6.180000000000007,1.230851399266906,27500,False,False
LPPS.JK,81.0,81.0,80.8,80.0,78.05,71.98,77.35,9.019999999999996,2.2175616211473437,1224800,False,False
LPPF.JK,1575.0,1575.0,1567.0,1558.0,1558.75,1541.3,1586.161611328125,6.740000000000009,2.014156915574051,339200,False,False
LPLI.JK,244.0,244.0,244.4,247.0,247.4,242.28,267.54,2.5600000000000023,1.7514648060870905,44400,True,False
LPKR.JK,62.0,61.666666666666664,61.0,61.0,61.35,61.78,71.57,1.0,2.1129172309309765,29333700,True,False
LPIN.JK,422.0,420.6666666666667,420.0,419.2,417.3,406.48,409.1397116088867,7.759999999999991,0.9818565350449197,21200,False,False
LPGI.JK,640.0,638.3333333333334,632.0,632.0,653.25,666.2,666.86376953125,6.840000000000009,2.427850176316965,32400,False,False
LPCK.JK,570.0,571.6666666666666,569.0,543.0,528.25,514.58,571.39,11.417333333333318,3.674377552886788,144400,False,False
LOPI.JK,70.0,66.33333333333333,65.2,64.2,60.8,62.62,87.23,9.200000000000003,4.297538230649417,3624800,False,False
LMPI.JK,140.0,139.33333333333334,139.8,141.0,139.8,138.14,146.1,2.8600000000000136,1.565512397127751,85700,True,False
LMAX.JK,115.0,115.33333333333333,113.8,114.1,115.75,98.22,126.89,17.53,4.288056167140158,51100,False,False
LIVE.JK,226.0,215.33333333333334,213.6,208.8,206.8,213.08,214.35,9.599999999999994,2.8576303532772083,14342500,False,False
LION.JK,356.0,354.0,354.0,351.0,348.0,336.68,370.82,9.659999999999997,3.581907541422038,20400,False,False
LINK.JK,1385.0,1386.6666666666667,1393.0,1397.5,1409.25,1393.0,1578.4,4.85,0.9858270701901706,500,True,False
LIFE.JK,5900.0,5900.0,5860.0,5780.0,5786.25,5915.0,6437.426796875,5.4,2.001539452331212,300,True,False
LFLO.JK,494.0,494.0,490.4,485.8,488.4,521.1025036621094,536.6415438842773,17.65125183105468,2.161289726097725,600,False,False
LEAD.JK,112.0,113.0,111.2,106.3,104.0,98.34,114.58,14.659999999999997,4.115784713917496,15649100,False,False
LCKM.JK,109.0,109.0,109.0,109.3,109.3,110.32,118.23,1.3199999999999932,2.4968607665503804,0,True,False
LAPD.JK,63.0,63.666666666666664,63.2,63.0,65.25,63.26,72.73,2.25,3.5071549117242613,13999200,True,False
LAND.JK,80.0,79.0,77.8,75.9,76.5,63.64,68.31,16.36,4.6158574509388375,57965300,False,False
LAJU.JK,68.0,67.33333333333333,66.6,65.6,66.6,63.917013549804686,71.06592029571533,4.082986450195314,2.51230370422965,47243100,True,False
LABS.JK,155.0,155.33333333333334,154.0,151.4,149.6,144.5,151.59,10.833333333333343,1.3053738261821568,142100,False,False
LABA.JK,95.0,94.66666666666667,94.6,94.1,93.6,90.4,104.17,4.599999999999994,1.8336684252455147,2798900,True,False
KUAS.JK,93.0,93.0,92.4,91.3,91.75,91.08,98.25505294799805,1.9200000000000017,2.6666062442820224,4338200,True,False
KSIX.JK,370.0,356.6666666666667,336.8,312.0,297.3,322.04,325.1,36.349999999999994,6.059031635623778,351500,False,False
KRYA.JK,63.0,62.333333333333336,61.4,60.1,60.15,58.12,63.14,4.880000000000003,1.9369172664521361,12464500,True,False
KREN.JK,14.0,13.666666666666666,13.4,13.3,13.0,12.7,14.44,1.3000000000000007,4.250110397755419,941000,False,False
KRAS.JK,226.0,227.33333333333334,226.4,223.8,228.2,211.2,247.38,8.5,3.490399072105901,2598800,False,False
KPIG.JK,80.0,81.33333333333333,82.6,81.9,82.95,83.06,95.87,3.0600000000000023,2.7199138379420726,188285900,True,False
KOTA.JK,179.0,168.33333333333334,160.8,144.4,122.1,104.72,101.01,74.28,7.57733739424866,1688939900,False,False
KOPI.JK,210.0,210.0,210.4,208.0,202.05,188.68,218.21,10.86,3.678293560970358,197600,False,False
KONI.JK,2410.0,2410.0,2426.0,2428.0,2586.0,2582.8,2395.15,17.6,1.1197717066481003,7200,False,False
KOKA.JK,194.0,196.33333333333334,195.6,196.7,197.65,142.3,159.11,55.349999999999994,3.454842366633172,3025600,False,False
KOIN.JK,78.0,78.0,78.0,78.0,78.0,76.52,79.07,1.480000000000004,0.0,0,True,False
KOCI.JK,108.0,108.0,108.0,103.3,102.65,96.23526275634765,106.02263008117676,11.764737243652348,7.052682281977575,4368700,False,False
KOBX.JK,169.0,169.0,165.8,165.2,155.4,150.08,157.05,18.919999999999987,12.321006076575303,1542100,False,False
KMTR.JK,230.0,232.0,232.8,235.6,232.1,229.08,242.02,3.259999999999991,4.207585383105088,21000,False,False
KMDS.JK,535.0,536.6666666666666,539.0,540.0,540.5,534.082265625,544.2411373901367,1.2835468750000019,1.3678381752339015,44900,True,False
KLIN.JK,116.0,117.0,116.4,117.2,112.25,106.84,128.27,10.36,5.511977694517973,32500,False,False
KLBF.JK,785.0,773.3333333333334,754.0,730.0,731.75,734.5986303710938,814.5993096923828,11.0,3.34924938280083,47830900,False,False
KLAS.JK,76.0,77.0,76.2,74.8,72.25,69.0,75.0,8.0,2.8265428872844733,2553400,False,False
KKGI.JK,272.0,273.3333333333333,274.4,274.0,274.1,264.49894622802736,286.63563796997073,4.9505268859863065,1.1279024455840634,698300,True,False
KKES.JK,66.0,65.33333333333333,65.6,66.6,66.95,52.76,44.73,14.190000000000005,1.7294415180794973,383900,False,False
KJEN.JK,144.0,144.66666666666666,145.0,138.0,131.6,125.78,129.56,19.22,7.643426539760593,2386300,False,False
KIOS.JK,101.0,98.33333333333333,96.6,95.1,94.95,87.68,96.41,13.319999999999993,2.340505314927632,31667100,False,False
KINO.JK,1315.0,1306.6666666666667,1288.0,1241.5,1198.75,1146.5319995117188,1118.7859838867187,33.69360009765624,2.7633370023047124,15000,False,False
KING.JK,274.0,277.3333333333333,278.4,274.0,288.0,372.28,372.77,49.139999999999986,3.143376717609494,197500,False,False
KIJA.JK,123.0,123.33333333333333,124.6,125.3,129.1,123.2,149.07,6.099999999999994,2.671620500770043,20516000,False,False
KICI.JK,197.0,197.33333333333334,195.2,194.5,191.9,186.48,196.12,10.853333333333353,1.4029114631705117,128600,False,False
KETR.JK,610.0,613.3333333333334,589.0,573.0,557.5,548.38,520.82,12.990666666666675,4.152698479065449,7901300,False,False
KEJU.JK,565.0,570.0,562.0,553.0,550.25,564.3,550.4568405151367,3.95,1.6913820149215966,23800,True,False
KEEN.JK,905.0,893.3333333333334,886.0,863.0,860.0,838.5972338867188,859.5736218261719,13.280553222656248,2.7433265478128432,4892900,False,False
KDTN.JK,464.0,464.6666666666667,448.0,398.4,470.7,598.46,770.53,100.03000000000003,14.213897309952566,7338200,False,False
KDSI.JK,450.0,454.0,454.8,451.8,447.9,442.6,445.74,6.099999999999994,0.9331201477172519,33200,False,False
KBLV.JK,125.0,125.33333333333333,127.0,124.9,118.15,98.64,104.7,28.36,5.022054420344178,2841000,False,False
KBLM.JK,300.0,300.0,300.8,298.2,294.6,290.15398681640625,302.13643768310544,5.323006591796883,0.898909785312692,52600,True,False
KBLI.JK,330.0,329.3333333333333,326.8,324.8,322.9,311.2919732666016,307.7949658203125,9.354013366699206,0.8380374324684504,120100,False,False
KBAG.JK,50.0,48.333333333333336,46.4,44.4,43.0,39.44,43.31,10.560000000000002,3.520782903370435,2491800,False,False
KARW.JK,212.0,212.0,212.0,212.0,212.0,230.84,265.16,9.420000000000002,0.0,0,False,False
KAQI.JK,95.0,95.33333333333333,95.0,92.6,90.65,88.44,96.83,6.893333333333331,3.2334871111437367,6753900,False,False
KAEF.JK,464.0,457.3333333333333,454.8,450.8,452.9,448.96,476.08,7.52000000000001,1.0493218975443575,937100,False,False
JTPE.JK,605.0,603.3333333333334,599.0,606.0,606.25,599.51,590.265,1.45,1.5924001476738208,646600,True,False
JSPT.JK,1375.0,1385.0,1399.0,1417.5,1407.0,1327.0861254882811,1366.8209631347656,18.082774902343772,6.446184121608161,5300,False,False
JSMR.JK,2770.0,2776.6666666666665,2768.0,2735.0,2730.5,2755.2763916015624,2846.558933105469,4.616666666666651,0.9595831505392011,1026300,True,False
JRPT.JK,1075.0,1078.3333333333333,1079.0,1079.0,1078.5,1073.90259765625,1071.5042236328125,1.019480468749998,0.2187508462089377,43500,True,False
JPFA.JK,2210.0,2210.0,2192.0,2158.0,2107.0,2062.3,2232.7358935546877,14.769999999999982,1.5707233148387063,2152200,False,False
JMAS.JK,228.0,228.0,228.0,228.0,228.0,238.8,236.65,5.400000000000006,0.0,0,True,False
JKON.JK,85.0,85.0,82.0,74.1,71.05,68.03403038024902,69.81552333831787,16.96596961975098,11.45302346969714,15911600,False,False
JIHD.JK,430.0,428.6666666666667,425.2,425.8,428.6,419.08,463.18,5.460000000000008,1.6248265936036435,363700,True,False
JGLE.JK,83.0,81.66666666666667,74.8,68.8,62.4,57.44,63.29,25.560000000000002,8.534772529963067,929463900,False,False
JECC.JK,635.0,638.3333333333334,635.0,625.0,629.5,600.5394299316406,719.1340020751953,7.558780680338555,1.8271970007184761,7400,False,False
JAYA.JK,133.0,133.33333333333334,133.2,130.2,127.2,123.54,127.84,9.793333333333337,1.9018683246991364,203500,False,False
JAWA.JK,131.0,130.33333333333334,129.6,125.0,121.25,119.18,137.47,11.819999999999993,2.5851479156297557,837300,False,False
JATI.JK,98.0,97.66666666666667,96.8,96.0,94.85,94.78616729736328,99.37917442321778,3.213832702636722,1.7136079289554988,5957100,True,False
JAST.JK,85.0,84.33333333333333,84.2,83.4,84.2,81.5,89.4,3.5,1.32557029441988,2169700,True,False
JARR.JK,1905.0,1901.6666666666667,1907.0,1895.0,1890.5,1802.2870581054688,1933.7510876464844,20.942588378906247,1.6603296242033259,479100,False,False
ITMG.JK,24700.0,24741.666666666668,24685.0,24575.0,24292.5,23138.0,24384.889609375,64.14666666666672,0.7702636943263835,275200,False,False
ITMA.JK,1355.0,1378.3333333333333,1366.0,1373.5,1359.5,1427.6,1766.4,14.519999999999982,1.5889183559165805,1100,False,False
ITIC.JK,230.0,226.66666666666666,221.2,217.2,211.05,204.98,229.51,12.510000000000005,2.204183292903177,1680700,False,False
ISSP.JK,438.0,438.6666666666667,438.8,428.0,415.0,396.578369140625,415.9661291503906,21.110815429687506,2.168919814208651,425900,False,False
ISEA.JK,81.0,82.0,81.4,80.1,80.2,71.26,77.41,10.739999999999995,2.1493651911036538,2196600,False,False
ISAT.JK,1895.0,1928.3333333333333,1918.0,1923.0,1907.25,1887.2,1956.3654638671876,8.226666666666642,2.523952237469471,11378400,False,False
ISAP.JK,24.0,24.666666666666668,24.6,24.5,24.55,23.94,27.08,0.7266666666666666,3.7339230949123974,19499300,True,False
IRSX.JK,364.0,370.6666666666667,367.2,337.2,312.3,297.27320068359376,363.2710940551758,36.696732991536464,5.4139255015823124,15064300,False,False
IRRA.JK,376.0,374.6666666666667,374.8,374.4,373.6,368.52,382.3,3.740000000000009,0.33801801866144454,120300,True,False
IPTV.JK,30.0,30.0,30.4,31.1,31.0,32.8,37.13,2.799999999999997,3.6395489483041903,152300,True,False
IPOL.JK,121.0,112.66666666666667,110.0,107.8,107.0,107.6,114.18,14.0,3.4961993460804095,50165000,False,False
IPCM.JK,304.0,304.6666666666667,305.2,308.8,313.1,306.9723309326172,307.334411315918,4.550000000000011,1.5025794741592609,226000,True,False
IPCC.JK,1175.0,1163.3333333333333,1157.0,1155.0,1191.0,1151.8462072753907,1167.7221112060547,7.830758544921855,1.933543420346804,153800,False,False
IPAC.JK,173.0,169.66666666666666,166.0,163.1,162.65,152.92,153.52,20.080000000000013,3.1044764605073447,138700,False,False
IOTF.JK,52.0,52.333333333333336,52.6,52.3,52.65,52.94,57.63,0.9399999999999977,1.4042501474310518,2797600,True,False
INTP.JK,5325.0,5216.666666666667,5024.0,4804.0,4706.5,4416.50544921875,4576.333203125,36.339782031249996,2.2571594893803186,783100,False,False
INTD.JK,272.0,258.6666666666667,256.4,250.2,241.7,235.08,242.46,18.459999999999994,3.44772517907899,121100,False,False
INTA.JK,61.0,61.0,61.0,61.0,61.0,63.28,69.65,2.280000000000001,0.0,0,True,False
INPS.JK,710.0,720.0,705.0,675.0,653.0,656.3,636.71,13.4,5.178064068417754,500,False,False
INPP.JK,680.0,680.0,686.0,691.0,696.5,722.3,754.9,8.45999999999999,1.5008923652514827,2400,False,False
INPC.JK,141.0,141.66666666666666,140.8,138.4,137.8,133.18,145.4,8.48666666666665,1.7538190146406618,1274500,False,False
INOV.JK,145.0,145.66666666666666,144.6,138.6,133.15,123.48,130.1,22.186666666666653,2.1320226965003073,666200,False,False
INKP.JK,8300.0,8391.666666666666,8410.0,8182.5,7905.0,7517.614248046875,8400.288349609375,35.69543007812499,1.8802275196734977,1507300,False,False
INET.JK,232.0,236.0,234.0,228.0,223.9,208.04,246.36,13.980000000000004,3.478942736673426,56041800,False,False
INDY.JK,2560.0,2556.6666666666665,2528.0,2549.0,2450.5,2221.1516064453126,2791.7138403320314,33.88483935546874,5.219476573066887,13223300,False,False
INDX.JK,60.0,60.0,60.0,60.0,60.0,63.82,84.22,3.8200000000000003,2.837818317547164e-07,0,True,False
INDS.JK,282.0,282.0,281.2,277.0,273.0,265.3384030151367,337.3716050720215,8.330798492431654,1.9326742758390327,856800,False,False
INDR.JK,2450.0,2363.3333333333335,2348.0,2160.5,2086.75,2027.4,2339.6,42.25999999999999,5.472694660687153,40000,False,False
INDO.JK,176.0,176.33333333333334,176.0,173.9,172.45,165.98,162.93,10.353333333333353,1.9349981797231088,16596900,False,False
INDF.JK,7250.0,7233.333333333333,7150.0,7015.0,6906.25,6566.54498046875,6461.8203955078125,27.338200781250016,0.8437835695736945,1850800,False,False
INCO.JK,5475.0,5466.666666666667,5375.0,5080.5,4995.0,4763.2419140625,5331.880024414062,28.47032343750001,4.0429456563814155,4391300,False,False
INCI.JK,670.0,663.3333333333334,664.0,659.0,655.75,647.6540954589843,667.1393365478516,4.469180908203134,1.6915501669298953,25500,True,False
INCF.JK,50.0,50.0,50.0,50.0,50.0,50.0,53.18,0.0,0.0,0,True,False
INAI.JK,183.0,181.0,180.0,177.0,166.8,150.98,168.67,32.02000000000001,2.7624662374301976,598900,False,False
IMPC.JK,1550.0,1566.6666666666667,1557.0,1531.0,1507.25,1554.3,1820.25,11.883333333333349,2.9127977585033014,4495000,False,False
IMJS.JK,165.0,166.33333333333334,163.8,156.0,151.9,143.78429901123047,159.8501124572754,22.54903432210287,2.5684005342766545,2595400,False,False
IMAS.JK,865.0,865.0,862.0,857.5,849.0,842.3472058105468,934.0623645019531,4.530558837890635,0.7987558591446526,40300,True,False
IKPM.JK,189.0,190.33333333333334,188.4,186.5,185.0,183.92,195.58,6.413333333333355,2.1782682888311635,2100,False,False
IKBI.JK,610.0,586.6666666666666,576.0,561.0,563.25,532.02,539.26,15.596000000000004,3.4521929123151747,743000,False,False
IKAN.JK,87.0,86.66666666666667,86.0,84.3,84.3,77.98,85.97,9.019999999999996,2.344440063559959,1992900,False,False
IKAI.JK,21.0,22.0,21.6,21.0,20.65,19.2,21.02,2.8000000000000007,4.74021520481424,1196500,False,False
IGAR.JK,444.0,442.6666666666667,441.6,432.4,424.8,418.9702435302734,443.34618713378904,12.51487823486329,1.6616027756757947,10200,False,False
IFSH.JK,1070.0,1083.3333333333333,1099.0,1144.0,1156.75,1213.56,1797.5180310058595,28.71199999999999,1.7477682639363163,2400,False,False
IFII.JK,208.0,206.66666666666666,206.8,207.8,210.9,214.76,219.64,4.046666666666667,1.4653820047039758,21900,True,False
IDPR.JK,276.0,276.6666666666667,281.2,287.0,293.9,294.5926165771484,295.99872344970703,9.29630828857421,1.4497501990426438,6000,False,False
IDEA.JK,70.0,68.33333333333333,66.8,63.6,63.75,60.86,72.49,9.14,3.8647331256205737,3758100,False,False
ICON.JK,117.0,119.0,114.0,109.8,107.75,106.14,112.31,12.86,5.1686395670613265,20297000,False,False
ICBP.JK,7425.0,7300.0,7215.0,7092.5,6955.0,6622.61849609375,6718.247919921875,32.095260156250006,1.5249869719412217,2284500,False,False
IBST.JK,8475.0,8475.0,8475.0,8475.0,8475.0,8475.0,7756.85,0.0,0.0,0,True,False
IBOS.JK,66.0,65.33333333333333,64.8,65.4,67.25,74.62,93.18,9.820000000000007,3.0938435550944012,3151800,False,False
IBFN.JK,63.0,63.0,63.0,63.0,63.0,64.48,72.73,1.480000000000004,0.0,0,True,False
IATA.JK,122.0,102.66666666666667,95.0,76.5,67.7,65.58,71.27,56.42,13.260585535617823,3041588300,False,False
HYGN.JK,161.0,165.33333333333334,166.4,165.4,160.25,147.6,145.92820114135742,18.80000000000001,2.7221955183059454,429300,False,False
HUMI.JK,149.0,148.66666666666666,144.2,137.9,133.25,125.5,155.0,23.5,3.6322122136333306,66472700,False,False
HRUM.JK,860.0,871.6666666666666,867.0,836.0,824.0,782.5,873.55,17.833333333333325,2.9153321855079852,16586200,False,False
HRTA.JK,2130.0,2010.0,1944.0,1919.0,1907.5,1965.565908203125,2248.1600366210937,22.25,3.1439494763486278,23440400,False,False
HRME.JK,42.0,42.333333333333336,42.4,42.8,43.85,44.18,46.01,2.1799999999999997,3.759985271576954,72200,True,False
HOPE.JK,218.0,217.33333333333334,216.0,204.1,192.4,150.44,175.51,33.78,2.4108178233448485,10538700,False,False
HOMI.JK,180.0,179.66666666666666,178.6,177.2,179.15,186.36,212.85,9.160000000000025,1.6244048804584257,829700,False,False
HOKI.JK,54.0,54.0,53.8,54.2,53.85,54.18,60.15,0.4000000000000057,2.761599642519306,1759600,True,False
HMSP.JK,765.0,760.0,750.0,735.5,717.75,676.9480004882812,682.9950512695312,17.61039990234376,1.0095102764550223,8712300,False,False
HILL.JK,16.0,16.0,16.0,16.0,16.0,16.0,18.28,0.0,0.0,0,True,False
HGII.JK,120.0,120.0,120.2,120.7,121.3,123.8140690612793,131.05396072387694,3.814069061279298,1.2610699155473466,570100,True,False
HEXA.JK,4470.0,4466.666666666667,4468.0,4469.0,4464.5,4409.2,4425.5,6.080000000000018,0.5844418939812227,23600,False,False
HERO.JK,354.0,348.6666666666667,346.8,345.2,340.0,331.12,376.19,11.439999999999998,3.8334644159128106,13700,False,False
HELI.JK,188.0,188.66666666666666,186.6,187.9,184.2,178.82,186.51,9.846666666666664,4.522964799941284,337200,False,False
HEAL.JK,785.0,791.6666666666666,794.0,793.5,834.75,854.3,1001.7522326660156,13.85999999999999,2.8003871760499495,4159900,False,False
HDIT.JK,50.0,50.0,50.2,50.2,50.4,50.52,54.91,0.5200000000000031,1.2431789520354455,553600,True,False
HDFA.JK,105.0,106.66666666666667,100.4,94.6,91.65,89.06,95.88,17.60666666666667,8.474633705506067,1266800,False,False
HBAT.JK,216.0,220.0,221.2,228.2,250.3,326.88,356.13,55.44,3.067896461365532,103500,False,False
HATM.JK,510.0,526.6666666666666,527.0,515.4,476.8,404.9773828125,355.1147671508789,24.404523437499996,5.764116690268656,16057500,False,False
HALO.JK,69.0,70.33333333333333,70.2,68.9,67.4,64.58,69.37,5.75333333333333,3.432398861359994,1293400,True,False
HAJJ.JK,108.0,107.66666666666667,106.8,105.4,103.95,103.3,116.52,4.700000000000003,2.315284732942829,2831700,True,False
HAIS.JK,184.0,183.33333333333334,184.4,183.1,182.55,176.02,184.95503692626954,8.379999999999995,1.4615671436701174,159500,False,False
HADE.JK,19.0,19.0,18.8,18.7,18.65,16.98,18.37,2.0199999999999996,4.003108011324172,350300,False,False
GZCO.JK,178.0,176.66666666666666,176.4,163.7,156.95,147.58,172.68,30.419999999999987,4.915775405420891,37361300,False,False
GWSA.JK,137.0,135.66666666666666,133.2,128.8,125.55,121.7,133.77,15.299999999999997,2.438860677754314,994200,False,False
GUNA.JK,204.0,202.66666666666666,202.4,200.8,197.3,174.0249691772461,190.14669647216797,14.987515411376947,1.7228515574391132,12700,False,False
GULA.JK,790.0,793.3333333333334,796.0,790.5,745.0,650.16,504.34,29.168000000000006,4.03822478948161,6211300,False,False
GTSI.JK,179.0,173.33333333333334,165.2,154.7,148.65,137.52945785522462,177.3960474395752,41.47054214477538,5.489232890110783,96433900,False,False
GTRA.JK,250.0,244.66666666666666,243.2,240.2,228.95,204.76,221.11,22.620000000000005,1.4859400830363694,1689300,False,False
GTBO.JK,170.0,170.0,170.0,170.0,170.0,175.7,195.09,5.699999999999989,0.0,0,True,False
GSMF.JK,88.0,87.66666666666667,87.6,87.2,86.9,83.5,96.62,4.5,1.561783211520269,847200,True,False
GRPM.JK,232.0,232.0,232.8,227.8,234.5,241.32,276.16,6.759999999999991,5.920307878907657,3690000,False,False
GRPH.JK,59.0,58.666666666666664,58.8,59.2,59.25,58.72,59.13,0.5833333333333357,1.591654964473224,323400,True,False
GRIA.JK,177.0,155.0,144.8,131.6,122.2,120.94,113.06,56.06,7.534545079960287,68834800,False,False
GPSO.JK,306.0,308.6666666666667,307.6,295.0,310.6,357.52,363.88,31.25999999999999,4.734889381481569,9288800,False,False
GPRA.JK,109.0,107.33333333333333,105.2,103.3,102.75,101.42274459838868,104.27107666015625,7.577255401611325,3.7809859899073666,142014800,False,False
GOTO.JK,50.0,50.0,50.0,50.0,50.0,50.0,51.02,0.0,0.0,15978500,True,False
GOOD.JK,298.0,297.3333333333333,296.0,294.0,299.0,309.2,323.8856259155273,7.599999999999994,1.3177420952949157,118500,False,False
GOLF.JK,164.0,165.0,162.6,160.3,164.3,162.67706024169922,175.0380516052246,4.699999999999989,2.206818317461352,2092300,True,False
GOLD.JK,272.0,269.3333333333333,267.2,269.6,263.6,256.84,268.86,7.5800000000000125,3.933323677378712,109200,False,False
GMTD.JK,1270.0,1293.3333333333333,1288.0,1311.0,1302.25,1369.5,1495.8678833007812,19.9,5.257666309993578,5100,False,False
GMFI.JK,55.0,54.666666666666664,54.4,54.7,53.8,52.64,56.69,2.3599999999999994,1.4893639689784524,53192200,True,False
GLVA.JK,308.0,306.0,306.0,305.2,302.1,304.58683044433593,317.03293182373045,2.9499999999999886,1.4865647063902785,15200,True,False
GJTL.JK,1320.0,1321.6666666666667,1300.0,1247.5,1188.75,1144.6000048828125,1105.1824768066406,35.413332356770844,3.4359242173531936,2155400,False,False
GIAA.JK,54.0,53.666666666666664,53.8,53.6,53.45,54.02,61.18,0.5700000000000003,2.040714181283361,4954300,True,False
GHON.JK,1620.0,1625.0,1627.0,1636.5,1622.75,1687.4,1741.25,13.480000000000018,0.41151500938646624,44800,False,False
GGRP.JK,300.0,299.3333333333333,298.4,296.4,295.0,292.24,282.46527587890625,3.8799999999999955,0.7161905700033008,56500,True,False
GGRM.JK,21100.0,20800.0,20180.0,19170.0,18098.75,16444.275,15416.9625,186.22899999999993,2.0833569311192104,929600,False,False
GEMS.JK,6550.0,6550.0,6525.0,6487.5,6525.0,6463.5,7293.5,3.46,1.1831684656029764,11300,True,False
GEMA.JK,80.0,80.33333333333333,80.6,80.7,80.4,79.19666641235352,82.34571258544922,1.5033335876464804,0.977382341489273,98100,True,False
GDYR.JK,1100.0,1101.6666666666667,1101.0,1097.5,1095.0,1090.9,1099.55,2.15333333333333,1.1190032660790419,1400,True,False
GDST.JK,111.0,109.0,105.8,101.1,95.65,87.18,93.72,23.819999999999993,7.231156652183899,9764500,False,False
FWCT.JK,94.0,94.33333333333333,94.0,91.4,90.25,81.08,91.44,13.25333333333333,2.237449411484149,2325200,False,False
FUTR.JK,330.0,321.3333333333333,314.8,296.6,266.8,206.72,219.59,61.64,7.57642367800071,66383000,False,False
FUJI.JK,206.0,207.33333333333334,205.6,204.8,205.75,230.66,288.47,12.929999999999993,1.9720417496464464,18000,False,False
FPNI.JK,436.0,433.3333333333333,426.0,373.2,350.0,337.4,388.18,49.30000000000001,8.162129891311265,3134500,False,False
FORU.JK,2600.0,2630.0,2720.0,2880.0,2926.0,2898.3,2086.9,32.6,3.1958707073232064,160900,False,False
FORE.JK,770.0,766.6666666666666,742.0,687.5,656.5,661.8,738.89,22.7,4.216536916189106,9378200,False,False
FOOD.JK,176.0,176.0,176.0,176.0,176.0,172.9,188.65,3.0999999999999943,0.0,0,True,False
FOLK.JK,218.0,215.33333333333334,213.2,210.2,212.55,200.02,268.97,8.989999999999995,1.886926136818346,1784700,False,False
FMII.JK,244.0,246.66666666666666,248.8,247.6,249.0,246.68,241.6,2.5,2.443608094223763,4400,True,False
FLMC.JK,71.0,71.66666666666667,71.6,74.1,66.25,82.8,118.35,16.549999999999997,5.230056486201704,874800,False,False
FITT.JK,352.0,354.6666666666667,353.2,353.2,360.8,366.08,381.9,7.039999999999992,1.4659453861831309,48700,False,False
FISH.JK,610.0,606.6666666666666,609.0,614.0,627.5,619.8128491210938,684.1877313232421,4.166666666666674,1.8953850704528183,4300,True,False
FIRE.JK,111.0,107.66666666666667,107.4,107.0,107.45,104.38,121.98,6.6200000000000045,1.917723310545294,38232100,False,False
FILM.JK,970.0,1008.3333333333334,1036.0,1042.0,1254.75,1572.8,2177.85,120.55999999999999,4.850847193419901,9614200,False,False
FAST.JK,320.0,323.3333333333333,334.8,311.4,294.7,261.16,279.82,36.81999999999999,7.0331215186116545,3432100,False,False
FAPA.JK,7350.0,7350.0,7355.0,7340.0,7356.25,7291.59392578125,7045.965009765625,2.5862429687500117,0.31240146930333323,1000,True,False
EXCL.JK,2550.0,2540.0,2518.0,2469.0,2507.0,2542.6,2761.6,8.1,2.5828698574974487,835900,False,False
EURO.JK,1895.0,1858.3333333333333,1869.0,1922.0,1870.75,1722.4116259765624,2135.143209228516,39.91767480468752,2.383289192533283,278900,False,False
ESTI.JK,176.0,183.0,174.2,156.4,144.0,130.23344100952147,145.85392288208007,52.76655899047853,13.37047878391931,18266900,False,False
ESTA.JK,186.0,186.66666666666666,188.6,185.3,182.4,183.18,189.01,6.199999999999989,4.33061190186943,670300,False,False
ESSA.JK,625.0,623.3333333333334,627.0,624.0,613.25,586.7154907226562,652.0222698974609,8.056901855468755,2.379794710141172,22466200,False,False
ESIP.JK,131.0,130.66666666666666,130.4,130.8,130.05,126.03755981445312,119.95374031066895,4.962440185546882,3.695368703507112,6027200,True,True
ERTX.JK,193.0,195.33333333333334,190.8,180.1,166.9,150.4,177.14,44.93333333333334,3.472204807595585,543700,False,False
ERAL.JK,312.0,314.6666666666667,312.0,303.4,294.7,277.8418048095703,288.89067932128904,18.41243092854819,2.337552407371434,1080700,False,False
ERAA.JK,456.0,457.3333333333333,443.6,419.2,393.4,359.5348596191406,360.9073715209961,48.899236857096355,3.4198441921698324,51607400,False,False
EPMT.JK,2400.0,2356.6666666666665,2366.0,2325.0,2323.0,2312.4,2328.1,8.759999999999991,1.9456431133887846,248300,False,False
EPAC.JK,59.0,59.666666666666664,60.4,60.3,64.8,65.18,64.06,6.180000000000007,3.090941078945261,14456600,False,False
ENZO.JK,78.0,82.0,75.6,70.1,68.9,66.56,69.78,15.439999999999998,12.211805081518984,33301900,False,False
ENRG.JK,1315.0,1308.3333333333333,1296.0,1314.0,1356.25,1297.3,1465.9,12.05,4.865850658131508,38752500,False,False
ENAK.JK,242.0,244.0,245.6,246.6,254.4,264.52,311.1,11.259999999999991,3.5130448931090084,74100,False,False
EMTK.JK,525.0,528.3333333333334,527.0,522.0,525.0,535.5322119140625,658.6758361816406,2.7064423828124973,1.9492718205500568,22897400,True,False
EMDE.JK,80.0,78.33333333333333,75.0,71.8,70.85,66.34,71.24,13.659999999999997,5.5859039485500475,18954000,False,False
EMAS.JK,7450.0,7233.333333333333,7005.0,6597.5,6177.5,6498.5,7402.5,50.9,2.5530229523454175,17247700,False,False
ELTY.JK,38.0,36.0,34.2,33.0,28.8,26.64,33.43,11.36,6.949621429284547,62491300,False,False
ELSA.JK,685.0,690.0,693.0,683.0,671.5,604.7076513671875,639.4439251708984,17.658469726562497,2.734348809690416,5710500,False,False
ELPI.JK,755.0,735.0,729.0,782.0,896.0,1079.6819921875,1399.2166516113282,70.13639843750002,5.562400012868881,4733700,False,False
ELIT.JK,176.0,176.0,174.8,174.5,173.7,173.42,187.94,2.5800000000000125,2.0674751373606646,392500,True,False
EKAD.JK,170.0,171.0,170.6,169.2,169.25,166.36555541992186,167.55944305419922,4.634444580078139,1.3379751996585507,17700,True,False
ECII.JK,164.0,163.33333333333334,162.0,160.1,152.35,138.42,161.02,25.580000000000013,6.294432450668561,544900,False,False
EAST.JK,93.0,93.0,92.8,91.5,90.8,89.1,88.6768807220459,3.9000000000000057,1.01519216013435,806100,True,False
DYAN.JK,85.0,85.33333333333333,84.8,82.8,81.45,78.06,80.41,7.273333333333326,2.1041908764112454,1401800,False,False
DWGL.JK,408.0,382.0,374.8,334.8,280.7,256.24,262.72,75.88,9.92605062867804,13336100,False,False
DVLA.JK,1590.0,1581.6666666666667,1585.0,1585.0,1575.25,1531.961953125,1534.408614501953,11.607609374999992,0.6075940203543208,2000,False,False
DUTI.JK,4290.0,4290.0,4290.0,4290.0,4226.0,4013.0571728515624,3874.536306152344,27.69428271484376,0.0,3900,False,False
DSSA.JK,875.0,858.3333333333334,852.0,848.0,841.75,779.62,1445.63,19.076,1.951945346111245,260311900,False,False
DSNG.JK,1365.0,1371.6666666666667,1368.0,1342.0,1284.25,1184.4896142578125,1353.8283264160157,37.43541048177085,3.4840201235530674,819300,False,False
DSFI.JK,83.0,82.33333333333333,81.8,80.6,78.9,73.04,83.46,9.959999999999994,1.9343668735834934,1390700,False,False
DRMA.JK,950.0,955.0,956.0,941.0,927.25,925.6,938.1166662597657,6.079999999999996,1.3222888790935206,315900,False,False
DPUM.JK,101.0,100.66666666666667,99.4,98.3,98.3,115.26,129.85,16.960000000000008,1.8685477810881965,6051500,False,False
DOSS.JK,175.0,173.0,168.2,154.3,144.75,136.37136810302735,141.67460594177246,38.62863189697265,6.652984900658061,2345400,False,False
DOOH.JK,274.0,264.6666666666667,255.6,227.6,180.8,145.22,147.2,64.39,7.559455885234994,150255700,False,False
DOID.JK,216.0,216.0,215.6,216.4,214.15,206.32,228.28,5.040000000000006,2.4903061968049944,485300,True,False
DNET.JK,9700.0,9766.666666666666,9800.0,9785.0,9746.25,9952.0,9612.25,10.08,1.3528960250459514,600,False,False
DNAR.JK,124.0,124.33333333333333,123.8,123.2,119.4,114.48,125.01,9.853333333333325,1.1069322855843717,308800,False,False
DMND.JK,625.0,625.0,624.0,616.0,617.75,607.0043957519531,618.6247967529297,3.5991208496093803,2.1993842403072614,15500,True,False
DMMX.JK,181.0,182.0,183.6,183.8,172.75,164.31411895751953,183.43100280761718,19.485881042480486,12.67286189015059,281000,False,False
DMAS.JK,147.0,147.33333333333334,147.4,143.3,140.75,138.39165588378907,131.5557283782959,9.008344116210935,1.5508592046396643,28332500,False,False
DLTA.JK,1780.0,1780.0,1780.0,1778.5,1772.75,1741.1310595703126,1762.7468286132812,7.773788085937485,0.26520784165427563,14100,False,False
DKHH.JK,65.0,64.33333333333333,63.4,63.2,63.25,60.28,65.3,4.719999999999999,2.0415055673197857,5748400,True,False
DKFT.JK,695.0,700.0,684.0,667.5,658.25,653.0,699.0,9.4,2.643474888597313,7754300,False,False
DIVA.JK,136.0,135.66666666666666,132.6,128.2,121.9,115.36,132.4,20.64,7.42492519825535,2928600,False,False
DILD.JK,117.0,118.0,117.2,116.2,115.8,114.6,120.48,3.4000000000000057,1.5507984572344093,1007100,True,False
DIGI.JK,29.0,29.0,29.0,29.0,29.0,30.26,32.14,1.2600000000000016,0.0,0,True,False
DGWG.JK,314.0,307.3333333333333,299.2,289.6,286.1,291.55900512695314,326.543310546875,13.949999999999989,1.633452624952699,8381900,False,False
DGNS.JK,236.0,238.0,236.0,236.8,231.4,229.76,253.6,4.1200000000000045,3.63588883106368,77300,True,False
DGIK.JK,130.0,129.0,128.2,128.3,130.45,126.08,128.44,4.36999999999999,0.9046003040586226,450600,True,False
DFAM.JK,82.0,82.66666666666667,82.2,81.8,82.6,87.88,95.25,6.079999999999998,3.2799232558054476,2637600,False,False
DEWI.JK,123.0,122.0,120.8,119.8,120.05,118.86,121.77,4.140000000000001,1.4837704577881086,23797300,True,True
DEWA.JK,474.0,472.0,468.0,455.8,422.3,358.5790975952148,413.4211460876465,57.71045120239259,2.7717175537968664,451420200,False,False
DEPO.JK,238.0,241.33333333333334,242.4,241.6,243.4,242.92978210449218,245.27831268310547,2.700000000000003,1.2870311377832198,54800,True,False
DEFI.JK,110.0,110.33333333333333,108.0,106.6,106.95,110.12,120.32,3.7333333333333343,4.308293156093901,22573600,False,False
DCII.JK,200000.0,196300.0,193685.0,192065.0,193312.5,190079.0,195744.5,396.84,2.2015698245105053,500,False,False
DAYA.JK,985.0,973.3333333333334,980.0,979.0,976.25,1007.3,1013.4,6.793333333333317,1.1001800895205995,5400,False,False
DATA.JK,1945.0,1961.6666666666667,1981.0,1986.0,2098.5,1919.3,2158.0,35.84000000000001,2.993253361611256,915000,False,False
DART.JK,134.0,132.0,129.6,127.5,126.25,123.54,134.65,10.459999999999994,3.2673148372988967,577400,False,False
DADA.JK,50.0,50.0,50.0,50.0,50.0,50.0,50.0,0.0,0.0,57900,True,False
DAAZ.JK,1560.0,1543.3333333333333,1536.0,1540.5,1530.25,1590.1399926757813,1953.1499914550782,11.977998535156257,2.291693919892707,85000,False,False
CYBR.JK,560.0,561.6666666666666,556.0,555.5,570.0,589.6,624.1,6.820000000000005,1.6035292566708894,13389100,False,False
CUAN.JK,705.0,681.6666666666666,674.0,674.0,669.75,657.2,898.36,9.559999999999992,3.205382263096647,317082200,False,False
CTTH.JK,129.0,129.66666666666666,128.4,125.6,125.3,128.84,127.77,4.36666666666666,5.007911189030228,2643600,False,False
CTRA.JK,610.0,603.3333333333334,593.0,579.5,573.0,554.2947290039062,604.7610394287109,11.141054199218752,2.355227525989345,6311000,False,False
CTBN.JK,4170.0,4100.0,4102.0,4269.0,4594.0,5215.619482421875,5239.607822265625,111.56194824218747,2.780114971564866,1900,False,False
CSRA.JK,740.0,741.6666666666666,743.0,762.0,766.0,764.8,836.6,5.2,2.3681993332261895,283800,True,False
CSMI.JK,77.0,76.66666666666667,76.2,75.2,76.0,74.72,84.6,2.280000000000001,2.8641449933302843,4099100,True,False
CSIS.JK,197.0,198.33333333333334,192.4,184.5,177.5,158.73800079345702,161.80660163879395,39.595332539876324,2.675340637582209,1107500,False,False
CSAP.JK,292.0,290.6666666666667,289.6,286.4,287.9,278.51365173339843,280.3238604736328,6.7431741333007835,2.230920810368256,2100,False,False
CRSN.JK,110.0,109.33333333333333,109.0,107.2,104.7,101.20574584960937,105.09246116638184,8.794254150390628,1.3642525947760027,452600,False,False
CRAB.JK,208.0,208.0,208.0,208.0,208.0,208.92,212.4,0.45999999999999375,0.0,0,True,False
CPRO.JK,51.0,50.666666666666664,50.6,50.4,50.4,50.3,52.92,0.7000000000000028,1.8671499346963092,13133600,True,False
CPIN.JK,3130.0,3130.0,3168.0,3178.0,3159.0,3281.6689697265624,3622.3104077148437,15.166896972656241,2.211347755411908,4088300,False,False
COIN.JK,705.0,691.6666666666666,674.0,682.5,695.0,712.1,933.5,7.6200000000000045,5.461503262756394,7050700,False,False
COCO.JK,108.0,108.0,107.6,109.2,125.0,157.15169082641603,248.895845413208,49.551690826416035,6.5604708704342345,189637900,False,False
COAL.JK,21.0,21.0,21.0,21.7,21.45,28.8,44.01,7.800000000000001,3.9157113939687074,0,False,False
CNMA.JK,95.0,95.66666666666667,94.2,92.5,92.25,89.92,94.9224267578125,5.74666666666667,2.5387913302558442,14624400,True,True
CNKO.JK,37.0,37.0,37.0,37.0,37.0,37.86,47.15,0.8599999999999994,0.0,0,True,False
CMRY.JK,4770.0,4703.333333333333,4660.0,4664.0,4639.0,4510.2,4505.11400390625,25.980000000000018,1.8422534146729779,436700,False,False
CMPP.JK,69.0,69.0,69.0,69.0,69.0,70.1,75.83,1.0999999999999943,0.0,0,True,False
CMNT.JK,795.0,796.6666666666666,795.0,802.0,794.5,792.1,783.85,1.9799999999999955,2.000949362879292,605600,True,False
CMNP.JK,1350.0,1368.3333333333333,1362.0,1354.0,1350.25,1350.7,1415.95,3.6666666666666514,1.0883389076875636,402600,True,False
CLPI.JK,1605.0,1598.3333333333333,1590.0,1567.0,1547.25,1489.2488305664062,1461.7139636230468,23.150233886718752,0.8387919554912247,47200,False,False
CLEO.JK,388.0,385.3333333333333,384.4,381.4,381.2,376.6707012939453,386.77800720214844,5.664649353027357,1.3454634196173947,6261300,True,True
CLAY.JK,2700.0,2690.0,2666.0,2492.0,2486.5,2628.6,2717.5,21.35,4.169041129785166,11200,False,False
CITY.JK,177.0,177.33333333333334,174.8,171.0,170.65,159.48,171.6,17.853333333333353,1.8641647747371297,312300,False,False
CITA.JK,3270.0,3270.0,3268.0,3262.0,3241.5,3093.2,3354.2865551757814,17.680000000000017,1.3335050933621533,34800,False,False
CINT.JK,180.0,180.0,179.6,175.9,171.9,168.38,184.1,11.620000000000005,2.7558775828660123,15800,False,False
CHIP.JK,910.0,920.0,919.0,917.0,928.0,936.3953894042969,998.8891278076172,5.279077880859381,0.8962069894100795,43400,True,False
CHEM.JK,66.0,65.66666666666667,65.2,64.6,65.05,62.28,76.34637313842774,3.719999999999999,2.7997358698311445,4138900,True,False
CHEK.JK,133.0,133.66666666666666,133.6,132.1,130.7,125.54,131.05,8.126666666666651,1.8371487997083091,155200,False,False
CGAS.JK,153.0,153.33333333333334,153.6,152.9,152.8,150.62333221435546,157.33805374145507,2.976667785644537,1.2636655878707503,759400,True,False
CFIN.JK,350.0,348.0,346.4,340.6,338.8,319.7083630371094,306.0484719848633,15.145818481445303,1.049469918364623,224500,False,False
CENT.JK,80.0,80.33333333333333,80.4,80.8,79.55,75.92,87.46,4.8799999999999955,2.1219268453895643,1089600,True,False
CEKA.JK,2200.0,2196.6666666666665,2196.0,2194.0,2183.5,2151.36484375,2165.171875,4.863515624999991,0.8688591781781752,3400,True,False
CDIA.JK,680.0,666.6666666666666,660.0,664.5,663.25,667.8,810.7767175292969,4.0,2.4712570354726027,33133800,True,False
CCSI.JK,250.0,248.66666666666666,246.4,247.0,248.2,245.8,250.68,2.0999999999999943,1.487634808448164,11600,True,False
CBUT.JK,865.0,841.6666666666666,838.0,826.5,813.75,712.72,767.16,30.455999999999996,1.8703811266805794,105300,False,False
CBRE.JK,670.0,680.0,679.0,684.5,707.0,698.8,783.45,7.4,2.1404173662886303,6697600,False,False
CBPE.JK,530.0,440.6666666666667,402.4,348.8,317.6,295.4664196777344,302.52619995117186,46.90671606445312,9.770043504042771,2937900,False,False
CBDK.JK,3800.0,3876.6666666666665,3840.0,3691.0,3615.5,3562.65958984375,4089.9557568359373,31.40070768229166,3.9485776646680413,1265500,False,False
CASS.JK,1900.0,1898.3333333333333,1905.0,1888.5,1873.0,1819.3,1833.55,17.140000000000008,1.0019801853690962,749900,False,False
CASH.JK,228.0,229.33333333333334,230.0,233.8,219.35,193.38,199.22,20.210000000000008,3.010401049522293,927800,False,False
CASA.JK,1800.0,1806.6666666666667,1816.0,1828.5,1855.75,1740.3,1536.2,23.09000000000001,1.624054019401628,1200,False,False
CARS.JK,93.0,93.0,92.2,90.7,88.2,87.64,91.07,5.359999999999999,1.9653740427501916,1558800,True,True
CARE.JK,424.0,425.3333333333333,424.0,421.2,423.7,416.6,414.34,4.366666666666646,0.5216927526078958,26200,True,False
CANI.JK,135.0,135.0,135.0,135.0,135.0,134.42,140.35,0.5800000000000125,0.0,0,True,False
CAMP.JK,171.0,170.33333333333334,170.2,169.8,169.8,172.7,185.73,2.8999999999999773,0.5122541569702415,36400,True,False
CAKK.JK,140.0,139.33333333333334,138.0,135.3,136.35,137.9,149.6,4.699999999999989,4.181254538702113,56800,False,False
BYAN.JK,12000.0,12041.666666666666,12040.0,12062.5,11898.75,11120.8621875,11262.186103515625,37.66551249999997,0.7017850428037611,15000,False,False
BWPT.JK,93.0,90.66666666666667,89.8,84.0,80.75,77.74,99.54,15.260000000000005,4.378516407078252,175983800,False,False
BVIC.JK,93.0,94.0,93.6,93.0,90.25,87.12,95.95,6.8799999999999955,1.0599250905432038,374100,False,False
BUVA.JK,790.0,776.6666666666666,798.0,813.0,859.5,802.8,927.8,16.566666666666674,5.42320759478572,73638400,False,False
BUMI.JK,177.0,174.66666666666666,171.4,168.4,162.35,154.92,188.51,22.080000000000013,3.634449036968321,2205886000,False,False
BULL.JK,458.0,458.0,451.2,437.2,402.0,368.76,403.87,44.620000000000005,6.886976683573463,175352500,False,False
BUKK.JK,1000.0,1010.0,1019.0,1029.5,1062.25,1035.1,1146.95,12.45,1.987374066219584,2700,False,False
BUKA.JK,118.0,119.33333333333333,118.8,117.9,112.35,109.0,127.19,10.333333333333329,2.61930522948406,74792800,False,False
BUDI.JK,216.0,216.66666666666666,216.4,211.0,208.6,206.36,208.56,5.153333333333322,2.151487086329702,105600,True,False
BUAH.JK,515.0,513.3333333333334,509.0,506.5,509.5,508.8653448486328,508.33835754394534,1.7,0.9266777615657297,80200,True,False
BTPS.JK,995.0,991.6666666666666,992.0,985.0,1004.5,979.2,994.9412786865234,5.059999999999991,1.8407938140188949,240800,True,False
BTPN.JK,2190.0,2180.0,2180.0,2185.0,2203.0,2178.7,2127.1189001464845,2.4300000000000184,1.9360056601427498,9200,True,False
BTON.JK,356.0,362.6666666666667,360.8,360.6,355.8,355.0,366.88,3.833333333333343,1.8591311853771817,3500,True,False
BTEK.JK,10.0,10.333333333333334,10.4,10.8,10.8,10.8,12.31,0.8000000000000007,7.16467145723325,21885200,False,False
BSSR.JK,4330.0,4330.0,4320.0,4290.0,4276.5,3993.7242822265625,3786.869763183594,33.627571777343746,0.5415270415451405,257500,False,False
BSML.JK,520.0,516.6666666666666,520.0,517.0,518.0,479.08,429.94,8.184000000000003,1.7022842992631997,11240400,False,False
BSIM.JK,700.0,696.6666666666666,698.0,695.5,696.25,713.0,794.0,3.5,1.733727275705393,6200,True,False
BSDE.JK,595.0,585.0,578.0,573.5,573.0,578.1,667.3,4.4,1.993600555022601,10500400,True,False
BSBK.JK,52.0,52.333333333333336,52.4,52.2,52.25,51.72,54.86,0.6799999999999997,1.7293328316057277,4119000,True,False
BRRC.JK,59.0,58.333333333333336,57.8,57.1,58.8,57.58,66.57,1.8999999999999986,2.4378282937484883,2406600,True,False
BRPT.JK,1865.0,1863.3333333333333,1851.0,1804.5,1773.25,1668.2821704101561,1742.5928552246094,39.343565917968775,1.7701908070045518,109069100,False,False
BRNA.JK,650.0,668.3333333333334,642.0,620.0,608.25,597.2,629.2,14.226666666666665,5.80789839188652,240800,False,False
BRMS.JK,605.0,598.3333333333334,583.0,573.0,570.5,556.7,666.7,9.659999999999991,2.970302357600419,367781600,False,False
BRIS.JK,1805.0,1800.0,1803.0,1804.0,1810.0,1804.7,1879.9216809082031,2.0,1.6829567541369395,5674900,True,False
BREN.JK,3370.0,3320.0,3304.0,3351.0,3392.0,3508.709716796875,4216.00048828125,20.4709716796875,2.58035919800308,29180200,False,False
BRAM.JK,4610.0,4536.666666666667,4522.0,4492.0,4501.0,4442.319848632813,4387.465305175781,16.768015136718713,0.7715893455386298,1900,False,False
BPTR.JK,74.0,73.66666666666667,74.0,74.1,72.65,70.44,76.28,3.6599999999999966,1.7498899114986117,1473400,True,False
BPII.JK,450.0,448.6666666666667,444.0,440.2,441.2,444.64,456.58,4.900000000000006,2.0669977360101357,800,True,False
BPFI.JK,262.0,263.3333333333333,262.8,262.8,256.0,251.50715118408203,256.83040176391603,5.91309107462564,2.2259468273472627,2800,True,False
BOLT.JK,800.0,801.6666666666666,802.0,794.5,793.25,783.9,822.123232421875,3.6200000000000045,1.2963418937839835,3700,True,False
BOLA.JK,160.0,157.33333333333334,158.2,160.7,161.3,152.6,159.07,8.700000000000017,1.708356285355711,1458500,False,False
BOGA.JK,1575.0,1688.3333333333333,1694.0,1598.0,1564.25,1418.7,1415.6,55.05999999999999,5.549294896329723,8800,False,False
BOBA.JK,216.0,215.33333333333334,220.4,225.4,233.9,269.54769226074217,241.25216537475586,27.107179463704412,2.385602295676171,216200,False,False
BOAT.JK,135.0,134.0,134.4,132.9,123.5,113.68,126.23,21.319999999999993,5.213584772162635,1067800,False,False
BNLI.JK,2170.0,2183.3333333333335,2178.0,2238.0,2303.0,2552.8,2827.4581201171877,38.280000000000015,1.4801655848129769,40400,False,False
BNII.JK,195.0,194.66666666666666,193.4,190.9,190.55,188.86,193.78185409545898,6.139999999999986,0.8982668677509036,617100,False,False
BNGA.JK,1655.0,1650.0,1649.0,1646.5,1629.0,1591.9,1624.6757763671876,12.619999999999981,0.5541079154644498,299100,False,False
BNBR.JK,98.0,98.66666666666667,98.2,99.3,97.65,96.85951477050781,127.74768531799316,2.4404852294921824,5.528160287784652,782296900,False,False
BNBA.JK,735.0,736.6666666666666,738.0,738.5,743.25,728.1,724.0,3.0299999999999954,0.7144733067957582,43400,True,False
BMTR.JK,114.0,114.0,114.6,114.3,116.2,116.38,132.38,2.3799999999999955,2.604422484287753,16281700,True,False
BMSR.JK,302.0,303.3333333333333,305.2,309.0,309.0,297.32,310.04,5.840000000000003,0.4516985495189742,3900,True,False
BMRI.JK,4220.0,4233.333333333333,4212.0,4170.0,4245.5,4149.6,4201.974760742188,9.589999999999964,2.1919746311526462,43594000,False,False
BMHS.JK,189.0,189.0,189.4,186.1,181.85,179.38597961425782,182.36362670898438,10.014020385742185,1.761025882893114,72100,False,False
BMBL.JK,32.0,32.666666666666664,32.8,32.3,31.7,31.86,33.25,1.0999999999999979,2.6943215656718267,2173200,True,False
BMAS.JK,480.0,476.6666666666667,481.2,480.8,481.7,481.16,490.32,2.5166666666666515,2.3264088181685527,36200,True,False
BLUE.JK,2460.0,2460.0,2454.0,2621.0,2754.5,2964.4859423828125,3107.5708276367186,51.04859423828125,2.987899630893923,6200,False,False
BLTA.JK,33.0,32.666666666666664,32.6,32.7,33.45,33.54,37.69,0.9399999999999977,2.659814608126531,381900,True,False
BLOG.JK,372.0,365.3333333333333,362.0,360.6,363.9,342.94758666992186,353.0339666748047,14.52620666503907,2.8989081911881875,241500,False,False
BLES.JK,204.0,197.66666666666666,196.2,187.4,167.45,149.26791290283202,149.04433120727538,27.36604354858399,4.325363496595504,17133100,False,False
BKSW.JK,52.0,51.333333333333336,52.0,52.5,52.3,51.94,54.81,1.1666666666666643,1.4045953773464757,154300,True,False
BKSL.JK,72.0,71.0,69.6,68.4,67.7,65.56,85.35,6.439999999999998,3.012380810668991,229213600,False,False
BKDP.JK,169.0,169.0,169.0,163.0,150.1,130.74,102.02,38.25999999999999,5.417976244552227,0,False,False
BJTM.JK,520.0,518.3333333333334,518.0,517.0,518.25,514.04,517.3597064208984,1.1920000000000073,0.9662266858052462,652600,True,False
BJBR.JK,785.0,788.3333333333334,789.0,784.5,781.5,768.8,766.1716088867188,4.040000000000009,0.9784651562616995,632600,True,False
BISI.JK,695.0,685.0,677.0,661.5,653.75,662.2767370605469,716.2421307373047,8.25,1.340663466598983,459300,False,False
BIRD.JK,1615.0,1613.3333333333333,1608.0,1605.0,1606.25,1512.9018872070312,1485.3455505371094,20.419622558593755,0.8777377679328618,366100,False,False
BIPP.JK,71.0,67.33333333333333,65.4,64.0,66.0,60.22,65.57,10.780000000000001,3.432215853886953,49108100,False,False
BIPI.JK,149.0,150.66666666666666,147.4,145.3,146.4,143.98,186.59,6.686666666666667,3.838243679132754,337124400,False,False
BINO.JK,114.0,112.66666666666667,111.2,109.8,106.15,100.1,110.19,13.900000000000006,1.686505548404344,1302300,False,False
BINA.JK,3980.0,4020.0,4148.0,4127.0,4076.5,3916.6,4061.0,23.140000000000008,3.3530670701013063,11300,False,False
BIKE.JK,510.0,510.0,510.0,510.0,510.0,510.0,496.73,0.0,2.856066440334109e-07,0,True,False
BHIT.JK,26.0,25.666666666666668,25.6,25.5,25.7,26.46,29.74,0.9600000000000009,3.2034251885842475,2975400,True,False
BHAT.JK,1770.0,1770.0,1770.0,1770.0,1770.0,1507.6,1441.3,52.48000000000002,0.0,0,False,False
BGTG.JK,113.0,112.33333333333333,113.2,110.9,111.05,108.94,114.43,4.260000000000005,2.9264864987498322,291500,True,False
BFIN.JK,915.0,923.3333333333334,917.0,873.5,827.0,751.5148937988281,734.80142578125,34.363687906901056,3.9345690038022916,15292500,False,False
BEST.JK,110.0,110.0,109.8,104.9,103.2,99.58,102.98,10.420000000000002,3.8309428174142948,6355200,False,False
BESS.JK,895.0,895.0,893.0,886.0,900.25,918.539189453125,1042.9749041748046,6.507837890625001,2.0639801611386304,442200,False,False
BELL.JK,117.0,118.0,116.6,115.1,115.1,105.92,124.99,12.079999999999998,3.75258016378564,12535400,False,False
BELI.JK,254.0,252.0,254.0,254.4,258.1,278.52,334.12,13.259999999999991,1.1361047765324548,223600,False,False
BEKS.JK,22.0,22.0,21.6,21.3,21.2,21.08,23.95,0.9200000000000017,4.25620363360127,2708100,False,False
BEER.JK,74.0,74.33333333333333,74.6,75.1,77.3,81.56,105.64,7.560000000000002,1.4122540777607684,2648800,False,False
BEEF.JK,434.0,424.0,412.4,389.4,335.7,235.6,228.84,99.2,4.088416780431439,9284900,False,False
BDMN.JK,4590.0,4333.333333333333,4276.0,4180.0,4183.5,4117.8,3739.700476074219,47.219999999999985,2.836881702070719,6354100,False,False
BDKR.JK,165.0,167.66666666666666,164.2,158.4,152.25,142.33463607788087,147.51856071472167,25.332030588785784,3.106388709674009,9046900,False,False
BCIP.JK,62.0,62.666666666666664,63.0,62.8,62.2,60.24,65.8,2.759999999999998,1.1721412692452233,4160900,True,False
BCIC.JK,127.0,127.0,127.0,126.5,124.35,120.2,123.38,6.799999999999997,1.9016795308811576,122500,False,False
BCAP.JK,50.0,50.0,50.0,50.0,50.1,50.04,50.85,0.10000000000000142,0.6200544431702717,91400,True,False
BBYB.JK,260.0,260.0,259.2,249.8,246.3,234.72,268.56,12.64,4.104634673524677,10558900,False,False
BBTN.JK,1225.0,1223.3333333333333,1219.0,1213.5,1221.75,1202.0,1261.6,4.6,1.705958371740388,8025700,True,False
BBSS.JK,95.0,95.0,95.2,95.0,96.1,99.78,133.24,4.780000000000001,2.006122435709538,54700,True,False
BBSI.JK,4700.0,4693.333333333333,4692.0,4692.0,4694.5,4595.6,4644.8,10.439999999999964,0.14199523953003815,2500,False,False
BBRM.JK,118.0,118.0,117.4,114.7,115.9,110.92,126.61,7.079999999999998,3.2323176652827716,2444300,False,False
BBRI.JK,3040.0,3040.0,3036.0,2993.0,2957.5,2896.4,3033.0808911132813,14.35999999999999,1.259414201323949,55771900,False,False
BBNI.JK,3650.0,3646.6666666666665,3598.0,3552.0,3545.0,3488.6,3653.3663818359373,16.140000000000008,1.8343529517628743,16042800,False,False
BBMD.JK,2000.0,1996.6666666666667,1981.0,1987.0,1964.25,1942.5480200195314,1939.767322998047,11.49039599609373,1.2166706888969778,100,False,False
BBLD.JK,615.0,616.6666666666666,619.0,603.0,589.0,578.7,641.6305877685547,8.059999999999992,4.863032565147924,72400,False,False
BBKP.JK,54.0,54.333333333333336,53.6,53.1,53.15,52.86,57.17,1.4733333333333363,1.8407234705161715,6912100,True,False
BBHI.JK,915.0,915.0,922.0,914.0,919.75,925.2873156738282,1059.1030975341796,2.257463134765635,1.8647019471541788,15000,True,False
BBCA.JK,6400.0,6450.0,6395.0,6350.0,6331.25,6053.0,6184.041889648437,15.88,1.6580381874476944,24320200,False,False
BAYU.JK,1170.0,1171.6666666666667,1159.0,1156.0,1154.0,1128.9,1191.1685070800781,8.553333333333331,1.8861335105566,41700,False,False
BAUT.JK,31.0,31.666666666666668,31.0,29.8,29.55,27.52,30.03,4.146666666666668,2.7752688489797768,285800,True,False
BATR.JK,95.0,94.0,93.4,92.2,90.9,86.18252899169921,87.35965553283691,8.817471008300785,1.4078392289583164,1786300,False,False
BATA.JK,59.0,59.0,59.0,59.0,59.0,60.22,61.37,1.2199999999999989,0.0,0,True,False
BAPI.JK,17.0,17.333333333333332,18.4,18.2,16.7,17.3,22.16,1.6999999999999993,6.060471775109391,2608500,False,False
BAPA.JK,169.0,171.66666666666666,170.2,171.7,208.15,246.54,207.93,77.53999999999999,5.399864982723195,2073700,False,False
BANK.JK,276.0,278.0,278.0,280.2,285.1,273.28,383.8,5.910000000000025,1.8852715926028762,958300,True,False
BALI.JK,1205.0,1218.3333333333333,1225.0,1223.5,1231.5,1233.5,1254.95,5.7,1.4066192167729104,1200,True,False
BAJA.JK,360.0,334.0,310.0,258.2,211.5,174.3,162.82,92.85,14.283872752974982,20323800,False,False
BAIK.JK,760.0,760.0,764.0,751.5,721.75,644.9,558.66,23.820000000000004,1.6385962999364234,14945700,False,False
BACA.JK,116.0,116.66666666666667,116.2,115.1,112.8,110.48,122.18,6.186666666666667,1.255940188736846,1302400,False,False
BABY.JK,190.0,189.66666666666666,189.8,187.8,186.45,176.14,198.11,13.860000000000014,2.2908965968080985,797400,False,False
BABP.JK,50.0,50.0,50.0,50.0,50.0,50.02,50.77,0.020000000000003126,0.0,45600,True,False
AYLS.JK,161.0,161.33333333333334,161.0,155.0,153.3,141.2,162.97,20.133333333333354,3.7299534312955593,717400,False,False
AYAM.JK,444.0,450.0,444.0,421.8,397.6,359.36,342.32,45.31999999999999,2.6760159428221946,10070000,False,False
AXIO.JK,112.0,112.66666666666667,112.2,111.3,112.3,108.42534637451172,109.36821968078613,4.241320292154953,1.9855666353066288,108200,True,False
AWAN.JK,159.0,159.33333333333334,161.6,156.8,152.2,147.76,149.5,13.840000000000003,2.5807977803548554,440800,False,False
AVIA.JK,326.0,327.3333333333333,326.4,323.2,326.6,320.68,345.9006478881836,3.326666666666654,1.2341780916679,4915300,True,False
AUTO.JK,2800.0,2786.6666666666665,2776.0,2722.0,2656.0,2518.0,2520.8225439453126,28.2,1.5051368548348232,1109400,False,False
ATLA.JK,50.0,50.0,50.0,50.0,50.1,49.90450653076172,50.36207210540771,0.19549346923827926,0.6200544431702717,1931800,True,False
ATIC.JK,466.0,465.3333333333333,466.8,472.6,473.5,477.2,501.67,5.933333333333337,1.9306226410019938,15700,True,False
ATAP.JK,585.0,586.6666666666666,584.0,566.0,565.05,472.26,500.02,22.881333333333327,4.401864439115162,396500,False,False
ASSA.JK,645.0,638.3333333333334,625.0,609.5,613.75,599.203125,702.5828125,9.159375,2.4858824203010927,5813100,False,False
ASRM.JK,266.0,264.6666666666667,264.0,263.6,260.9,251.95503662109374,267.04834228515625,7.02248168945313,0.7500025081637527,94100,False,False
ASRI.JK,122.0,121.33333333333333,119.4,118.8,120.1,114.03552612304688,121.39934173583984,7.964473876953122,1.7448320713584222,5836300,False,False
ASPR.JK,148.0,149.33333333333334,148.4,148.1,149.9,160.97402618408202,214.16281295776366,12.974026184082021,2.234239688648623,4422200,False,False
ASPI.JK,420.0,418.0,411.6,408.0,437.55,392.74,389.25,22.405,1.6349372749483635,1385400,False,False
ASMI.JK,16.0,16.0,16.0,16.6,17.65,16.08,17.38,1.6499999999999986,3.52150632277156,3707400,True,False
ASLI.JK,200.0,200.66666666666666,199.2,197.4,196.35,205.64,264.02,9.289999999999992,2.21105722743396,1497000,False,False
ASLC.JK,63.0,62.0,62.4,63.7,63.4,61.7,68.68,2.0,3.4351681181700067,2286700,True,False
ASJT.JK,155.0,153.0,155.8,155.7,160.05,157.9,171.6895460510254,7.050000000000011,3.314721168551428,58800,False,False
ASII.JK,5075.0,5075.0,5075.0,5014.5,5001.75,4861.9,5343.158266601563,8.524000000000015,1.5130361184073566,24851700,False,False
ASHA.JK,61.0,60.333333333333336,59.0,57.5,57.9,56.68,64.64,4.32,3.3239571533978776,10465700,True,False
ASGR.JK,1795.0,1793.3333333333333,1795.0,1850.5,1867.25,1647.7,1587.4247973632812,43.90999999999999,1.8898735319644082,450400,False,False
ASDM.JK,510.0,513.3333333333334,514.0,510.3,512.4,501.26920043945313,521.8367501831054,2.546159912109374,1.446656325146825,4700,True,False
ASBI.JK,392.0,416.6666666666667,420.4,419.8,422.6,412.61179504394534,410.3178207397461,15.300000000000011,4.154448684790307,38800,False,False
ARTO.JK,1290.0,1315.0,1274.0,1238.0,1264.75,1101.7,1208.85,42.65999999999999,4.895889131552163,2854000,False,False
ARTA.JK,2390.0,2426.6666666666665,2482.0,2478.0,2483.0,2428.7,2555.75,9.3,3.217302580305449,11400,False,False
ARNA.JK,500.0,500.0,496.8,491.2,479.6,453.16,467.7845849609375,23.419999999999987,0.4621565620831736,1779600,False,False
ARKO.JK,4580.0,4573.333333333333,4634.0,4773.5,4848.0,5065.2,6441.35,49.18666666666668,5.420292651189952,676500,False,False
ARKA.JK,22.0,22.0,22.0,22.0,22.0,23.94,27.95,1.9400000000000013,0.0,0,True,False
ARII.JK,282.0,278.6666666666667,276.0,273.8,273.0,275.0,278.42,4.5,1.049711247787151,41700,True,False
ARGO.JK,1170.0,1183.3333333333333,1182.0,1167.5,1112.75,967.7,965.6,43.126666666666644,1.5157572846512197,83800,False,False
AREA.JK,284.0,283.3333333333333,282.4,280.6,273.5,243.32,277.8,20.340000000000003,4.831048960768287,247500,False,False
ARCI.JK,1210.0,1150.0,1117.0,1084.5,1077.75,1039.8,1254.3045556640625,34.040000000000006,3.6878050404809253,64456500,False,False
APLN.JK,128.0,127.33333333333333,125.2,124.4,128.85,125.3,146.97,4.449999999999989,3.953903897730674,18106100,False,False
APLI.JK,260.0,252.0,250.4,246.6,246.2,251.36544677734375,231.6336897277832,6.900000000000006,2.424855571994331,892500,False,False
APII.JK,191.0,190.66666666666666,189.2,185.1,184.35,179.37692260742188,181.8670327758789,11.623077392578125,2.1922338759215636,119500,False,False
APIC.JK,620.0,635.0,644.0,641.5,658.25,664.8,1047.95,8.95999999999999,3.0104873030760584,345800,False,False
APEX.JK,170.0,170.66666666666666,165.4,155.1,147.85,135.94,161.22,34.72666666666666,3.9733226265178,2516500,False,False
ANTM.JK,3110.0,3023.3333333333335,2964.0,2937.0,2978.0,2834.6443359375,3130.1039770507814,27.53556640625002,2.606719658907556,104131700,False,False
ANJT.JK,1495.0,1491.6666666666667,1489.0,1459.5,1475.5,1478.8,1571.65,7.1,1.8327104094121776,1900,False,False
ANDI.JK,18.0,17.666666666666668,17.4,17.3,17.75,17.42,20.79,0.6999999999999993,3.175082486640943,1036400,True,False
AMRT.JK,1405.0,1385.0,1361.0,1347.0,1363.5,1350.4526879882812,1374.8531713867187,11.6,3.450877283466701,13596400,False,False
AMOR.JK,362.0,361.3333333333333,356.4,351.0,345.5,331.8,338.58,15.099999999999994,1.6469702665899855,2800,False,False
AMMS.JK,222.0,222.0,232.0,262.0,282.8,315.36,356.14,46.68000000000001,3.7594437764376814,379800,False,False
AMMN.JK,4360.0,4353.333333333333,4288.0,4144.0,4034.0,3676.2,4217.1,68.38000000000002,2.6290111922168102,49485400,False,False
AMIN.JK,246.0,246.66666666666666,245.2,243.4,243.7,250.16,246.16,3.3799999999999955,2.5709046981795005,64300,True,False
AMFG.JK,3400.0,3366.6666666666665,3352.0,3295.0,3187.5,3043.03390625,3098.5228369140623,35.69660937499998,1.373635277040583,1000,False,False
AMAR.JK,222.0,222.66666666666666,220.8,215.0,211.1,199.65323028564453,195.39499603271486,11.506718190511066,1.977524071285234,183600,False,False
AMAN.JK,248.0,248.0,248.8,253.4,258.5,255.88,270.18,5.25,1.7192290480394044,18900,True,False
AMAG.JK,386.0,388.6666666666667,389.2,386.2,387.9,388.88,395.97749084472656,1.5999999999999943,0.8659304098497658,10900,True,False
ALKA.JK,1885.0,1771.6666666666667,1749.0,1664.0,1191.25,810.78,738.62,214.844,10.429688987997727,57700,False,False
ALII.JK,780.0,790.0,774.0,753.0,752.25,757.5002709960937,790.3400708007813,7.55,2.5603499373226524,562400,False,False
ALDO.JK,830.0,813.3333333333334,812.0,820.5,774.75,727.2474731445312,666.1543591308593,20.550505371093756,4.381265519852738,129900,False,False
AKSI.JK,234.0,233.33333333333334,230.8,231.2,225.6,216.64,254.98,8.680000000000007,3.9536388030777108,479600,False,False
AKRA.JK,1435.0,1443.3333333333333,1438.0,1420.70478515625,1377.7687866210938,1276.1863647460937,1305.1031103515625,33.42939371744792,1.1721329918519041,5410300,False,False
AKPI.JK,510.0,510.0,508.0,501.0,498.55,487.5684539794922,499.04231628417966,4.486309204101564,1.2401402875135499,10500,True,False
AKKU.JK,38.0,38.0,38.0,38.0,38.0,38.0,38.0,0.0,0.0,0,True,False
AISA.JK,118.0,119.66666666666667,119.4,117.9,113.4,105.38,113.76,14.286666666666676,5.797128832209833,4611100,False,False
AIMS.JK,374.0,380.6666666666667,384.0,381.6,384.6,392.64,411.86,9.319999999999993,2.655053139228697,40600,False,False
AHAP.JK,96.0,95.66666666666667,94.2,92.9,94.05,88.0,98.38,8.0,2.4833380687740165,6449700,False,False
AGRS.JK,62.0,61.333333333333336,61.4,61.7,61.25,61.26,65.03,0.75,1.7142173057335361,390900,True,False
AGRO.JK,149.0,146.66666666666666,146.0,145.3,146.55,146.64,163.26,3.6999999999999886,1.9760183380585605,2297300,True,False
AGII.JK,3000.0,3003.3333333333335,3032.0,2945.0,2985.0,2799.6410888671876,2965.5397021484373,23.23589111328124,3.8724216561080533,26100,False,False
AGAR.JK,910.0,831.6666666666666,763.0,696.5,563.65,353.9,293.37,111.22,4.974098385641898,11300,False,False
AEGS.JK,43.0,42.666666666666664,43.0,42.7,42.2,40.94,45.16,2.0600000000000023,3.27020141906969,639500,True,False
ADRO.JK,2510.0,2526.6666666666665,2502.0,2499.0,2501.0,2365.2,2381.1140991210937,16.14666666666667,1.648137708528634,6278900,False,False
ADMR.JK,1610.0,1610.0,1569.0,1520.0,1522.5,1486.6,1640.957764892578,24.680000000000017,3.3611698699588617,10989200,False,False
ADMG.JK,220.0,221.33333333333334,222.4,221.8,218.65,208.3,205.84,7.049999999999997,1.3494090708771749,230400,False,False
ADMF.JK,8700.0,8750.0,8745.0,8497.5,8357.5,8196.0,8245.299946289062,22.16,1.6017197467639213,35000,False,False
ADHI.JK,151.0,151.66666666666666,154.4,157.4,160.85,158.46,176.12,9.849999999999994,1.0350899150580246,7830300,False,False
ADES.JK,35000.0,32925.0,32755.0,35237.5,34886.25,30408.5,24296.5,193.16,6.169763241784086,3400,False,False
ADCP.JK,50.0,50.0,50.0,50.0,50.0,50.0,50.33,0.0,0.0,0,True,False
ACST.JK,85.0,85.33333333333333,85.4,85.2,83.5,78.58,88.12,6.820000000000007,1.9436358193877667,146200,False,False
ACRO.JK,62.0,61.333333333333336,61.0,60.6,61.35,59.53098770141602,64.12445308685302,2.4690122985839835,1.5587987289838958,1675900,True,False
ACES.JK,360.0,358.6666666666667,357.2,354.2,352.7,336.51607421875,337.6073901367188,11.74196289062499,1.6773329858975634,4997900,False,False
ABMM.JK,2660.0,2656.6666666666665,2604.0,2547.0,2502.0,2405.2,2621.97330078125,25.480000000000018,1.6350127017891274,209800,False,False
ABDA.JK,3980.0,3666.6666666666665,3600.0,3513.0,3457.5,3388.4,3157.3,59.15999999999999,4.11030823527684,6500,False,False
ABBA.JK,30.0,30.0,30.0,30.0,30.0,31.9,36.56,1.8999999999999986,0.0,0,True,False
AALI.JK,7150.0,7150.0,7075.0,6840.0,6631.25,6360.5,6937.157788085938,31.58,2.2592273781843177,325400,False,False
AADI.JK,9000.0,9091.666666666666,9120.0,9037.5,8858.75,8311.458203125,8953.27330078125,32.34167187500003,2.1199366468439096,3204100,False,False
