Ticker,Close,MA3,MA5,MA10,MA20,MA50,MA100,Range_Ticks,Vol_Pct,Volume,MA_Tight,Signal
ZYRX.JK,126.0,126.33333333333333,128.0,128.4,128.45,129.52,135.5872900390625,3.5200000000000102,1.6586013547792944,231200,True,False
ZONE.JK,785.0,640.0,588.0,549.5,550.25,465.23371459960936,414.80851287841796,63.95325708007813,10.655658756900008,1520600,False,False
ZINC.JK,30.0,30.0,30.0,30.0,30.0,30.0,30.34,0.0,0.0,0,True,False
YUPI.JK,1305.0,1308.3333333333333,1310.0,1315.5,1323.75,1364.368515625,1434.8094165039063,11.87370312500002,0.44502060938286486,3600,False,False
YULE.JK,3520.0,3513.3333333333335,3448.0,3405.0,3341.5,3351.4,3343.8145361328125,17.85,1.8286122499452342,100,False,False
YPAS.JK,580.0,580.0,589.0,595.0,601.5,634.2,869.4,10.840000000000009,1.246361182273018,174800,False,False
YOII.JK,84.0,84.0,84.8,85.5,85.9,83.58,90.92,2.3200000000000074,0.9697530350454188,2146200,True,False
YELO.JK,77.0,77.33333333333333,79.0,76.8,74.25,74.22,88.2,4.780000000000001,3.5042803269918896,4495500,True,False
WTON.JK,76.0,75.0,75.4,75.0,73.05,74.80491104125977,81.67571838378906,2.950000000000003,1.2739467681184105,216800,True,False
WSBP.JK,14.0,14.0,14.0,14.0,14.0,14.44,16.56,0.4399999999999995,0.0,0,True,False
WOWS.JK,58.0,59.0,59.6,59.8,58.6,58.88,66.37,1.7999999999999972,1.740382112462436,1132800,True,False
WOOD.JK,240.0,232.66666666666666,222.8,211.7,206.9,226.32,267.64,16.549999999999997,7.269674836156375,4338200,False,False
WOMF.JK,250.0,250.0,250.8,252.0,248.1,258.68,278.2816162109375,5.290000000000006,1.1560903568179821,1700,True,False
WMUU.JK,51.0,51.666666666666664,54.0,52.0,51.0,52.14,61.23,3.0,7.461420369108161,42342100,False,False
WIRG.JK,58.0,57.0,57.6,56.0,53.95,56.38,68.28,4.049999999999997,3.541461465516767,26032000,True,False
WINS.JK,525.0,518.3333333333334,514.0,519.0,525.5,512.6231604003906,515.8156820678711,2.575367919921882,1.586215938705298,135700,True,False
WINR.JK,21.0,20.333333333333332,20.6,20.5,21.15,22.32,27.3,1.9866666666666681,5.057324297546593,2537600,False,False
WINE.JK,151.0,149.0,149.8,149.7,149.15,152.63778594970702,166.02667770385742,3.6377859497070233,1.7257401715145855,12200,True,False
WIIM.JK,1610.0,1593.3333333333333,1603.0,1601.0,1575.5,1590.725791015625,1680.1211755371094,6.9,1.1312852312577795,155800,False,False
WIFI.JK,2020.0,1990.0,2010.0,1999.5,1845.6320190429688,1799.7567114257813,2037.6890832519532,22.02432885742187,3.992149957793114,3472100,False,False
WIDI.JK,26.0,26.0,27.2,27.2,26.55,25.94,28.84,1.259999999999998,5.15958371780113,4941900,False,False
WGSH.JK,133.0,131.66666666666666,131.2,136.6,135.0,122.62,119.14,13.97999999999999,3.253451164346128,51077000,False,False
WEHA.JK,105.0,104.0,105.0,104.1,102.1,107.7510743713379,115.7569423675537,5.651074371337899,1.5831723129272062,1134100,True,False
WEGE.JK,50.0,50.0,50.0,50.0,50.0,50.2,53.91,0.20000000000000284,0.0,16500,True,False
WAPO.JK,121.0,121.0,121.2,120.1,115.0,114.78,124.58,6.420000000000002,0.8940010091127463,43600,False,False
VTNY.JK,65.0,65.0,65.0,65.1,61.1,60.08,65.13,5.019999999999996,4.842470254866647,9978800,False,False
VRNA.JK,76.0,76.0,76.4,76.0,75.1,74.98,76.41,1.4200000000000017,1.6024488568351418,113400,True,False
VOKS.JK,202.0,199.33333333333334,198.4,197.9,197.1,200.88,208.63,2.450000000000003,1.4155727447723379,262600,True,False
VKTR.JK,785.0,785.0,804.0,767.0,658.75,652.36,756.53,30.327999999999996,5.222454592751388,20557300,False,False
VIVA.JK,38.0,37.666666666666664,38.4,35.7,34.55,33.86,37.35,4.539999999999999,6.033061208662757,718100,False,False
VISI.JK,880.0,886.6666666666666,891.0,894.0,917.5,929.6,799.85,9.920000000000005,2.0004087269110284,260400,False,False
VINS.JK,139.0,138.33333333333334,138.8,139.6,138.15,137.28,151.68,2.319999999999993,0.9129296254414119,27600,True,False
VICO.JK,140.0,140.33333333333334,140.2,138.9,135.85,138.28,149.96,4.4833333333333485,1.2310591075080697,13500,True,False
VICI.JK,595.0,591.6666666666666,594.0,600.5,610.25,579.7633319091797,577.7758767700195,6.0973336181640665,1.1160113106253158,406900,False,False
VERN.JK,198.0,197.0,198.6,200.6,174.5,145.82,133.89,54.78,4.061366939336622,2433100,False,False
VAST.JK,120.0,118.33333333333333,117.8,117.3,115.7,116.72,119.26,4.299999999999997,1.4102821785535435,584200,True,False
UVCR.JK,153.0,151.33333333333334,150.2,146.2,138.2,170.3397344970703,166.21017547607423,32.13973449707032,4.007075160913908,8680200,False,False
URBN.JK,222.0,222.0,223.6,227.8,221.0,206.68,195.12,10.560000000000002,2.119709815687466,44000,False,False
UNVR.JK,1685.0,1683.3333333333333,1687.0,1693.5,1717.0,1660.109013671875,1696.0528125,11.378197265625023,1.0781713617246216,1761000,False,False
UNTR.JK,25325.0,25408.333333333332,25455.0,26045.0,25166.25,23853.5,26528.99173828125,87.66,0.7445303968302158,1071000,False,False
UNTD.JK,81.0,80.0,79.6,78.1,75.85,73.14,78.43,7.859999999999999,1.760773439996421,5321800,False,False
UNSP.JK,206.0,206.0,206.0,206.0,206.0,226.08,282.64,10.040000000000006,0.0,0,False,False
UNIQ.JK,109.0,109.0,111.2,110.4,106.85,103.3,118.71,7.900000000000006,2.474597209729586,368800,False,False
UNIC.JK,12775.0,12741.666666666666,12745.0,12697.5,12596.25,12584.70486328125,11464.99287109375,7.611805468750026,0.8418306592691734,2300,False,False
ULTJ.JK,1375.0,1366.6666666666667,1390.0,1409.5,1384.75,1412.1,1492.3,9.086666666666634,1.7339472117357961,154600,False,False
UFOE.JK,138.0,136.33333333333334,136.6,136.9,135.85,136.28,143.32,2.1500000000000057,3.0403134558852853,34300,True,False
UDNG.JK,1170.0,1176.6666666666667,1210.0,1248.0,1275.25,1316.8,1304.85,29.359999999999992,2.33759230151841,205100,False,False
UCID.JK,380.0,383.3333333333333,385.6,383.0,376.6,375.2181671142578,388.71570068359375,5.190916442871099,1.4846808098855957,220800,True,False
UANG.JK,2280.0,2306.6666666666665,2370.0,2400.0,2374.0,2329.4,3044.9,12.0,2.614037775512272,54100,False,False
TYRE.JK,114.0,113.0,113.0,113.9,112.75,109.24,112.68,4.760000000000005,2.430222670118481,21100,True,False
TUGU.JK,1205.0,1210.0,1218.0,1232.0,1224.75,1170.1,1172.4775708007812,12.380000000000019,0.7494461192379515,415600,False,False
TSPC.JK,2700.0,2700.0,2682.0,2629.0,2554.5,2479.4,2489.0,22.05999999999999,1.3573165576032469,28500,False,False
TRUS.JK,406.0,406.0,410.4,428.4,451.36033020019534,336.3150427246094,344.467275390625,57.522643737792976,2.0144685262374593,15900,False,False
TRUK.JK,414.0,414.0,417.2,418.6,420.1,403.64,406.83,8.230000000000018,1.3532703410194205,78300,False,False
TRUE.JK,50.0,50.0,50.0,50.0,50.0,68.16,116.12,18.159999999999997,0.0,0,False,False
TRST.JK,460.0,468.0,470.8,477.2,477.99791412353517,466.8970770263672,464.53603302001954,8.998957061767584,0.9681085935834921,7900,False,False
TRON.JK,111.0,110.66666666666667,111.8,109.7,103.6,97.22,118.88,14.579999999999998,10.147146017797828,5393100,False,False
TRJA.JK,110.0,108.66666666666667,110.6,111.8,110.6,112.88,123.53,4.213333333333324,2.2725658595459346,2700,True,False
TRIS.JK,169.0,168.33333333333334,168.0,166.4,163.5,163.76,169.21988800048828,5.5,1.2493902014716352,57400,True,False
TRIN.JK,326.0,331.3333333333333,344.0,337.2,336.1,389.42,574.01,31.710000000000008,4.48111523938592,1219800,False,False
TRIM.JK,580.0,581.6666666666666,579.0,571.0,568.75,536.9633642578125,541.0765994262696,8.940660481770829,1.379777827161858,64700,False,False
TRGU.JK,160.0,160.66666666666666,162.0,162.8,163.75,170.84,178.46,10.840000000000003,1.0748995104113706,87000,False,False
TPMA.JK,442.0,445.3333333333333,450.0,448.4,444.3,439.12,511.31,5.439999999999998,1.231854378861943,418300,True,False
TPIA.JK,2100.0,2096.6666666666665,2148.0,2089.5,1954.5,1965.935,3722.9067260742186,19.35,4.009882099072367,104623500,False,False
TOWR.JK,402.0,403.3333333333333,407.2,403.4,387.1,377.4745196533203,427.02325927734375,14.86274017333983,2.21328870597016,3323400,False,False
TOTO.JK,244.0,242.66666666666666,243.2,242.8,239.4,234.6167776489258,245.24991043090822,4.691611175537105,0.9375325766890569,133800,True,False
TOTL.JK,1070.0,1058.3333333333333,1063.0,1056.0,1050.0,1049.8,1031.6468225097656,4.040000000000009,1.0520029928522419,836300,True,False
TOSK.JK,68.0,67.33333333333333,67.6,67.3,63.8,59.38,62.45,8.619999999999997,2.2939716410974222,886300,False,False
TOOL.JK,66.0,65.33333333333333,66.6,67.3,65.8,64.6,66.74,2.700000000000003,2.78174372370001,4293400,True,False
TOBA.JK,464.0,465.3333333333333,475.2,471.2,432.2,417.14,506.5906695556641,29.03,1.9798805045057377,2446700,False,False
TNCA.JK,164.0,160.0,152.2,145.3,140.65,146.16,166.57,23.349999999999994,4.171988970905629,3023200,False,False
TMPO.JK,109.0,109.0,107.8,106.4,103.85,106.18,117.2,5.150000000000006,3.647736423161505,4380800,True,False
TMAS.JK,122.0,119.66666666666667,120.0,119.6,117.35,115.56873962402344,119.3915128326416,6.431260375976564,1.8541044761568395,5773800,False,False
TLKM.JK,2600.0,2606.6666666666665,2634.0,2634.0,2564.0,2611.6123583984377,2726.186149902344,7.0,2.2152857365403613,14682500,False,False
TLDN.JK,520.0,523.3333333333334,527.0,521.0,516.8,514.94,563.1251794433593,2.4119999999999893,1.2732487117795974,327400,True,False
TKIM.JK,6250.0,6133.333333333333,6105.0,6035.0,5748.5,5751.623662109375,7360.6398095703125,20.06,3.5893167509204065,1836800,False,False
TIRT.JK,590.0,590.0,590.0,590.0,590.0,530.2,607.83,11.95999999999999,0.0,0,False,False
TIRA.JK,498.0,507.6666666666667,510.6,510.3,531.4,589.36,764.03,45.68000000000001,1.529864488894984,30500,False,False
TINS.JK,3420.0,3430.0,3520.0,3536.0,3469.0,3341.8545263671876,3482.2232275390625,19.414547363281237,2.6276545553312207,3205200,False,False
TIFA.JK,266.0,265.3333333333333,270.0,260.6,243.6,269.9361206054688,305.9179122924805,13.200000000000003,8.729552278941902,2800,False,False
TGKA.JK,5100.0,4936.666666666667,4924.0,4867.0,4853.0,4786.249208984375,4704.511938476562,12.550031640624985,2.6123272049204176,30100,False,False
TFCO.JK,775.0,755.0,751.0,754.0,706.5,652.3,725.8,24.54000000000001,5.364788935060669,12100,False,False
TFAS.JK,208.0,200.0,193.2,186.4,188.55,196.8,209.84,10.799999999999997,5.034252920903585,2553300,False,False
TEBE.JK,1045.0,1046.6666666666667,1067.0,1051.0,1026.75,1011.1,1132.8982006835938,11.179999999999996,3.102862929257837,159500,False,False
TCPI.JK,5300.0,5400.0,5485.0,5642.5,6077.495825195312,8112.29251953125,9969.228037109375,112.49170078125,2.2669560465640957,2178900,False,False
TCID.JK,2790.0,2776.6666666666665,2780.0,2761.0,2776.5,2786.6,2809.8,2.9,0.8281959924655649,100,True,False
TBMS.JK,1200.0,1201.6666666666667,1209.0,1220.5,1214.75,1220.4580151367188,1259.617891845703,4.1,0.9004468534398503,2200,True,False
TBLA.JK,640.0,640.0,643.0,642.5,629.5,596.6029302978516,616.1426339721679,9.279413940429686,0.7732200383324933,115800,False,False
TBIG.JK,1410.0,1401.6666666666667,1401.0,1414.5,1416.75,1399.48041015625,1501.5911376953125,3.453917968750011,1.4994956286629717,587000,True,False
TAYS.JK,50.0,50.0,50.0,50.0,50.0,50.74,57.27,0.740000000000002,0.0,0,True,False
TAXI.JK,12.0,12.666666666666666,12.6,12.6,12.4,13.44,14.95,1.4399999999999995,6.544533798416426,12483900,False,False
TARA.JK,31.0,31.0,31.0,31.3,30.55,29.52,30.79,1.7800000000000011,4.699075149154164,34700,False,False
TAPG.JK,1765.0,1748.3333333333333,1720.0,1650.5,1594.5,1508.1563012695312,1613.5476123046874,51.36873974609375,1.758507559175301,2091200,False,False
TAMU.JK,21.0,21.0,21.0,20.2,19.35,19.84,25.32,1.6499999999999986,5.176022212088635,790400,False,False
TAMA.JK,236.0,231.33333333333334,217.0,199.2,177.85,175.14,164.6,30.430000000000007,9.25684466913084,13460900,False,False
TALF.JK,610.0,605.0,607.0,609.5,602.35,654.0592919921875,654.0249035644531,10.34185839843749,1.2960445043732856,200,False,False
SWID.JK,101.0,100.66666666666667,104.8,98.2,94.25,91.58894271850586,97.0755657196045,13.211057281494135,10.21377152431026,2906000,False,False
SURI.JK,71.0,70.66666666666667,69.4,68.2,65.75,64.7,68.06,6.299999999999997,1.8432003550380593,1686600,False,False
SURE.JK,2770.0,2783.3333333333335,2758.0,2754.0,2765.5,2789.0,2744.4,3.5,1.3593668126075447,200,True,False
SUPA.JK,600.0,598.3333333333334,600.0,594.5,575.75,652.1,766.0,15.270000000000005,1.7093035083527548,1708400,False,False
SUNI.JK,670.0,676.6666666666666,658.0,636.5,621.5,631.3760766601563,667.6394818115234,11.033333333333326,3.6019962624988495,310300,False,False
SULI.JK,91.0,89.33333333333333,89.6,87.1,82.2,81.72,92.22,9.280000000000001,12.20125811500615,11858300,False,False
STTP.JK,9975.0,9916.666666666666,9920.0,9845.0,9967.5,9804.5,9862.0,6.82,1.3352816865119415,300,False,False
STRK.JK,68.0,67.33333333333333,67.8,68.9,69.25,73.98,93.49,6.646666666666675,2.074596567116726,3898500,False,False
STAR.JK,278.0,278.0,277.6,279.4,281.7,328.88,478.39,25.639999999999986,1.7794550646449852,29900,False,False
STAA.JK,1090.0,1083.3333333333333,1069.0,1040.0,1024.25,995.3061181640625,1072.5589099121094,18.938776367187508,1.5346856077889952,1956000,False,False
SSTM.JK,412.0,396.0,406.4,400.4,392.6,423.2,540.75,15.299999999999983,4.57763879117429,405700,False,False
SSMS.JK,940.0,948.3333333333334,943.0,935.0,865.0,818.5,1058.9627978515625,25.966666666666676,2.783597628508333,5575900,False,False
SSIA.JK,1615.0,1628.3333333333333,1672.0,1699.5,1596.75,1592.8774389648438,1528.6649829101561,21.32451220703124,5.860995937879099,2512000,False,False
SRTG.JK,1765.0,1745.0,1745.0,1735.0,1652.0,1548.3006640625,1583.2851000976561,43.33986718750002,2.285963594414251,1340100,False,False
SRSN.JK,64.0,65.33333333333333,66.0,66.1,65.95,65.74,64.6,2.0999999999999943,1.7924842182818663,33848100,True,False
SRAJ.JK,10850.0,10950.0,10950.0,10975.0,11020.0,11650.5,13274.25,32.02,1.7003396796179067,800,False,False
SQMI.JK,69.0,69.66666666666667,69.8,68.0,60.6,49.78,54.01,20.019999999999996,7.886318534660126,1842000,False,False
SPTO.JK,595.0,593.3333333333334,597.0,593.5,583.75,555.702626953125,577.0289434814454,8.259474609375001,0.9517578548547209,172300,False,False
SPRE.JK,91.0,91.33333333333333,88.2,85.6,82.9,78.72,84.88,12.61333333333333,2.537899622588661,1353200,False,False
SPMA.JK,169.0,169.33333333333334,169.4,169.5,167.59615325927734,161.1615377807617,162.84230712890624,8.338462219238295,1.0531723585837671,64400,False,False
SOUL.JK,37.0,37.0,37.0,37.0,37.0,37.96,46.8,0.9600000000000009,0.0,0,True,False
SOTS.JK,595.0,603.3333333333334,621.0,615.0,607.75,649.3,831.2,10.85999999999999,2.8090491432280515,32400,False,False
SOSS.JK,975.0,946.6666666666666,925.0,910.0,899.25,826.3,843.15,29.74000000000001,6.4093336501482305,3800,False,False
SONA.JK,2360.0,2396.6666666666665,2378.0,2320.0,2275.5,2183.07412109375,2180.730615234375,21.35925455729166,1.9018419551970835,1800,False,False
SOLA.JK,106.0,106.66666666666667,107.2,106.7,103.7,104.0,114.21,3.5,1.812807317960776,1182300,True,False
SOHO.JK,1190.0,1188.3333333333333,1199.0,1198.5,1178.0,1253.0,1617.6,15.0,1.216578456908319,1500,False,False
SOFA.JK,212.0,216.0,218.0,222.8,220.55,262.28,357.91,25.139999999999986,2.147486271777225,884300,False,False
SOCI.JK,424.0,424.6666666666667,419.6,392.4,362.1,349.31225952148435,426.90812927246094,37.67720357259117,3.9170329583492327,2610000,False,False
SNLK.JK,224.0,222.0,223.6,221.8,222.3,229.08,241.68,3.6400000000000006,2.1515991287166947,6233000,True,False
SMSM.JK,1720.0,1723.3333333333333,1735.0,1743.0,1705.75,1683.2,1729.4711413574219,11.95999999999999,0.5811089375979641,155300,False,False
SMRA.JK,320.0,324.0,328.4,316.0,298.2,289.8866207885742,308.0409446716309,19.256689605712893,2.7020942498971894,2095000,False,False
SMMT.JK,1785.0,1846.6666666666667,1841.0,1820.0,1811.25,1782.1,1727.45,12.913333333333366,2.8177459953077877,51100,False,False
SMMA.JK,20025.0,20341.666666666668,20445.0,20537.5,21015.0,20667.0,17782.0,39.6,0.7274969280889848,800,False,False
SMLE.JK,157.0,152.66666666666666,150.6,146.1,127.85,109.52,120.81,47.480000000000004,5.776004797579084,1833600,False,False
SMKM.JK,68.0,66.66666666666667,67.6,70.0,66.65,70.2,83.54,3.549999999999997,4.162509953774631,879800,False,False
SMKL.JK,144.0,144.0,142.4,139.5,135.85,137.68863708496093,149.29341171264647,8.150000000000006,1.761846506516413,26400,False,False
SMIL.JK,378.0,376.6666666666667,369.2,346.4,320.8,289.08,274.84,44.46000000000001,3.7004196537323537,11795900,False,False
SMGR.JK,1480.0,1463.3333333333333,1483.0,1489.0,1457.75,1559.42146484375,1951.6340771484374,20.334292968750013,1.8225767519906728,8274900,False,False
SMGA.JK,69.0,70.0,71.4,71.2,68.5,68.16,80.01,3.240000000000009,3.1684902056343915,5115300,True,False
SMDR.JK,294.0,292.6666666666667,294.0,292.0,281.8569854736328,281.3218374633789,311.76845474243163,6.339081268310537,1.7648730214375876,1285200,False,False
SMDM.JK,560.0,563.3333333333334,568.0,568.5,566.75,539.72,581.21,5.755999999999995,0.999535859431974,19000,True,False
SMBR.JK,159.0,159.0,162.2,159.4,154.9,156.49119842529296,187.58628860473632,7.299999999999983,2.6864262597652173,475200,False,False
SMAR.JK,5450.0,5533.333333333333,5535.0,5510.0,5219.75,4904.411904296875,5105.678134765625,25.223523828125,1.7700466924823441,25300,False,False
SLIS.JK,63.0,62.333333333333336,62.8,62.1,60.25,63.26,74.24,3.009999999999998,2.7280403295664826,6752700,True,False
SKRN.JK,414.0,412.0,415.2,402.4,384.3,374.80171264648436,409.87913635253904,20.199143676757814,2.9593761319616583,29100,False,False
SKLT.JK,197.0,191.0,190.4,189.2,186.8,186.4,204.05785858154297,10.599999999999994,2.208843723043016,2351100,False,False
SKBM.JK,545.0,545.0,549.0,572.5,568.8,541.98,613.39,6.1039999999999965,3.0400791740972513,74700,False,False
SIPD.JK,685.0,691.6666666666666,691.0,689.0,692.25,733.0,869.45,9.6,0.9944212811172982,100,False,False
SINI.JK,7700.0,7625.0,7175.0,6670.0,6800.9041015625,8590.37259765625,10742.686298828125,76.81490390624997,7.775580056291129,699200,False,False
SIMP.JK,585.0,581.6666666666666,579.0,567.0,546.6709075927735,530.8580297851563,593.738828125,10.828394042968739,2.138821775401962,2771400,False,False
SILO.JK,2010.0,2015.0,2043.0,2105.5,2145.25,2236.1,2422.25,22.609999999999992,1.0611436665394587,4000,False,False
SIDO.JK,368.0,370.0,372.0,376.8,375.5,380.16,437.63106811523437,6.0800000000000125,0.24567482445296343,7756000,False,False
SICO.JK,110.0,110.33333333333333,111.8,110.5,107.4,106.1,117.08169250488281,5.700000000000003,2.2718765854543816,408000,True,False
SHIP.JK,1820.0,1801.6666666666667,1772.0,1740.5,1724.5,1679.1,2642.344069824219,28.180000000000017,1.9097043140810663,8300,False,False
SHID.JK,625.0,613.3333333333334,610.0,594.0,581.75,638.6,701.7,11.370000000000005,2.3131779830994965,2900,False,False
SGRO.JK,3240.0,3253.3333333333335,3264.0,3236.0,3030.766735839844,2793.1176123046876,3843.1343969726563,47.088238769531245,2.436263503706194,13100,False,False
SGER.JK,434.0,439.3333333333333,442.0,448.6,429.9,371.36,389.06,38.620000000000005,2.2617937615738044,283900,False,False
SFAN.JK,1955.0,1951.6666666666667,1953.0,1957.0,1965.25,1962.1,1947.4,2.7166666666666517,0.27396736735920674,9100,True,False
SEMA.JK,97.0,96.0,95.8,95.6,93.15,96.28,103.36,3.8499999999999943,1.8304900131254334,2055400,True,False
SDRA.JK,208.0,208.0,208.4,209.2,209.4,215.88,235.3,3.9399999999999977,1.3398685584986159,41500,True,False
SDPC.JK,181.0,181.33333333333334,181.2,181.4,181.15,179.53454559326173,184.1494563293457,1.8654544067382801,1.0588146314875186,62900,True,False
SDMU.JK,81.0,78.66666666666667,80.0,81.4,81.2,77.68,84.56,3.719999999999999,2.757295303145461,20883000,True,False
SCNP.JK,156.0,156.33333333333334,156.4,156.1,151.95,148.12032745361327,158.5474996948242,8.279672546386735,3.245413289615247,48000,False,False
SCMA.JK,200.0,199.33333333333334,202.8,205.0,206.05,206.22222106933594,227.79666275024414,6.8888877360026015,2.1416666368057182,17919800,False,False
SCCO.JK,2300.0,2290.0,2300.0,2300.0,2263.5,2238.683564453125,2244.4764111328127,6.13164355468748,1.0069562805270902,5300,False,False
SBMA.JK,106.0,106.0,107.0,107.5,107.4,107.76,114.18,1.7600000000000051,1.4463458617362503,24000,True,False
SATU.JK,264.0,267.3333333333333,269.2,271.0,272.2,268.48,265.04,4.099999999999994,0.5251376258360652,228100,True,False
SAPX.JK,224.0,222.66666666666666,218.8,215.4,211.8,211.96,233.42,6.099999999999994,1.6494647291442552,79500,False,False
SAMF.JK,278.0,279.3333333333333,279.6,279.2,278.7,275.5245510864258,297.67482681274413,2.0377244567871173,0.812589682478033,6500,True,False
SAME.JK,300.0,299.3333333333333,299.2,301.8,311.8,316.64,327.22,8.719999999999999,0.7093545512135243,116400,False,False
SAGE.JK,34.0,33.333333333333336,33.6,34.2,30.7,28.8,30.18,5.400000000000002,5.133742986830653,213100,False,False
SAFE.JK,370.0,376.0,374.0,371.2,355.5,333.96,353.94,21.02000000000001,1.8118668631657466,1500,False,False
RUNS.JK,65.0,66.33333333333333,67.0,67.7,68.95,73.38,80.87,8.379999999999995,3.5423190098667012,203900,False,False
RUIS.JK,204.0,203.33333333333334,202.8,203.6,194.9328125,183.605625,205.4953125,10.197187499999998,2.5296579916147737,5800,False,False
RSCH.JK,280.0,278.6666666666667,276.8,272.2,279.0,285.56,303.8,6.680000000000007,3.827766835051459,1772300,False,False
ROTI.JK,600.0,596.6666666666666,601.0,606.0,607.25,584.0,626.5262805175781,4.65,1.023919036259351,21500,True,False
RONY.JK,1480.0,1441.6666666666667,1442.0,1404.0,1177.25,1119.8,1426.8,72.04,12.029958845797081,3600,False,False
RODA.JK,60.0,60.666666666666664,61.4,62.7,60.05,58.44,62.81,4.260000000000005,1.538919374799067,1828200,True,False
ROCK.JK,1780.0,1786.6666666666667,1812.0,1810.0,1787.25,1763.5,2104.35,9.7,2.392031255083084,1800,False,False
RMKO.JK,298.0,300.6666666666667,314.8,327.6,333.0,324.0,425.39,17.5,3.025643183652499,2234800,False,False
RMKE.JK,408.0,417.3333333333333,418.0,439.8,436.3,467.73149658203124,545.955590209961,29.86574829101562,5.030016146272631,35880000,False,False
RLCO.JK,5225.0,4838.333333333333,4611.0,3998.5,3598.25,3267.9,4453.55,78.28399999999999,5.246196454720787,1673800,False,False
RISE.JK,1065.0,1040.0,1040.0,1024.5,956.75,1051.6,1541.5,21.65,6.909339299141397,327800,False,False
RIGS.JK,695.0,688.3333333333334,689.0,687.0,684.0,679.3,686.75,3.140000000000009,1.1416772824072392,2000,True,False
RICY.JK,77.0,77.0,78.0,78.0,77.4,77.14,85.06,1.0,1.7069703985398519,103700,True,False
RGAS.JK,224.0,220.66666666666666,218.4,216.4,206.05,163.50718444824219,126.9952140045166,30.246407775878907,1.080136784653892,3642600,False,False
RELI.JK,496.0,488.0,487.2,489.8,489.6,491.02,494.75,4.400000000000006,1.661464655989485,3700,True,False
RELF.JK,36.0,36.0,36.4,36.3,34.9,35.0,37.26,1.5,3.5867862771416474,1122900,True,False
REAL.JK,50.0,50.666666666666664,51.0,50.6,50.29874973297119,50.296481399536134,52.08554630279541,1.0,2.6229754129676284,15121700,True,False
RDTX.JK,13600.0,13733.333333333334,13760.0,13725.0,13838.145703125,14415.1433984375,15116.87275390625,32.60573593749999,0.9747920200962361,200,False,False
RCCC.JK,96.0,94.66666666666667,97.0,93.1,90.65,91.58,101.81,6.349999999999994,6.008428473213731,749100,False,False
RBMS.JK,66.0,66.33333333333333,67.0,67.1,62.45,61.52,58.88,5.579999999999991,7.726164535845746,4583600,False,False
RATU.JK,5100.0,5023.333333333333,5015.0,5032.5,5203.75,4834.823583984375,5332.152290039063,14.757056640625015,2.1602997520242653,5513500,False,False
RANC.JK,515.0,513.3333333333334,518.0,517.0,526.0,524.14,550.77,2.5333333333333257,1.2642587999397956,200,True,False
RALS.JK,382.0,382.0,382.8,382.6,379.0,379.83111083984375,393.41778045654297,1.9000000000000057,0.38744457162061763,238400,True,False
RAJA.JK,915.0,886.6666666666666,903.0,907.0,870.5,768.6407092285157,793.3967248535156,29.271858154296865,3.6156760264586287,93349000,False,False
RAAM.JK,210.0,209.33333333333334,212.8,207.5,204.95,203.38,206.79,4.710000000000008,3.6254503566654814,13200,True,False
PZZA.JK,185.0,185.0,185.6,186.3,184.4,185.5,193.06176132202148,1.9000000000000057,0.7929248064298878,11800,True,False
PYFA.JK,212.0,209.33333333333334,210.4,210.4,206.4,211.2,274.92,2.799999999999997,3.2469828429204624,851600,True,False
PWON.JK,264.0,265.3333333333333,268.0,267.6,260.3,258.63225524902344,289.0403207397461,4.683872375488278,1.6438215212724552,4523000,True,False
PURI.JK,135.0,135.33333333333334,137.2,137.6,136.15,135.16,148.69,2.5999999999999943,2.794186252665903,151700,True,False
PURA.JK,30.0,30.0,30.8,30.8,30.65,32.36,32.01,2.3599999999999994,4.015855934013465,461000,False,False
PUDP.JK,302.0,301.3333333333333,302.0,299.2,296.1,299.5401306152344,312.3638726806641,2.9499999999999886,1.722209970401726,5100,True,False
PTSP.JK,910.0,903.3333333333334,909.0,902.5,888.75,886.4,904.85,4.720000000000004,2.3479762770461496,500,True,False
PTSN.JK,268.0,262.0,256.8,252.2,246.3,243.44774871826172,280.0220903015137,12.27612564086914,1.3970784680356205,226500,False,False
PTRO.JK,4740.0,4703.333333333333,4742.0,4442.0,4169.0,4093.4,4692.4,64.85999999999999,3.6412871155783018,15392800,False,False
PTPW.JK,1120.0,1120.0,1126.0,1135.0,1156.7960632324218,1073.2580334472657,1016.4524432373047,16.707605957031227,0.6260016432389716,13900,False,False
PTPS.JK,139.0,139.66666666666666,142.4,141.6,134.75,128.88,155.55,13.52000000000001,2.810876410545924,63800,False,False
PTPP.JK,204.0,204.0,208.8,210.8,199.15,197.68,238.46,6.560000000000002,2.975514937429974,1775500,False,False
PTMP.JK,63.0,63.0,63.2,62.6,60.4,59.38,63.37,3.8200000000000003,3.080284129634566,15217100,True,False
PTIS.JK,266.0,268.0,267.6,269.0,269.9,283.04,293.14,8.52000000000001,1.3831412091903956,5600,False,False
PTBA.JK,2350.0,2366.6666666666665,2394.0,2408.0,2378.5,2468.723193359375,2627.3038940429688,11.872319335937481,0.9339584720856106,3054000,False,False
PSSI.JK,314.0,318.0,324.4,322.0,304.3,296.65166625976565,319.2224963378906,13.874166870117165,2.149243073221395,247800,False,False
PSKT.JK,216.0,212.0,213.6,206.8,197.35,195.94,228.25,10.030000000000001,3.350978087186081,2647800,False,False
PSGO.JK,197.0,197.66666666666666,197.8,198.2,198.2,193.26869079589844,193.87073165893554,4.931309204101552,0.3367063487911165,2800,True,False
PSDN.JK,121.0,122.33333333333333,119.6,118.5,113.6,117.74,133.15,8.733333333333334,4.934492172628898,5330900,False,False
PSAT.JK,840.0,843.3333333333334,844.0,846.0,818.0,811.7,869.65,6.8599999999999905,0.7748222628992673,13400,False,False
PSAB.JK,426.0,426.6666666666667,429.2,427.6,415.8,408.47509216308595,416.3245471191406,10.362453918457021,1.4761993728103682,33421100,False,False
PRIM.JK,105.0,105.33333333333333,102.8,98.5,96.2,88.3,82.64,17.03333333333333,2.620952248355656,9934600,False,False
PRDA.JK,2370.0,2370.0,2376.0,2384.0,2448.5,2488.2,2430.8279150390626,11.819999999999983,0.46231700407770115,65100,False,False
PRAY.JK,745.0,745.0,745.0,725.5,699.25,692.7,717.9,10.45999999999999,3.8984995602034194,100,False,False
PPRO.JK,16.0,16.333333333333332,16.6,17.0,17.15,16.12,21.73,1.1499999999999986,3.2826467983915566,4535200,True,False
PPRI.JK,153.0,150.33333333333334,151.0,151.8,145.8,144.52,167.28,8.47999999999999,1.3943183661429004,94200,False,False
PPRE.JK,106.0,105.66666666666667,108.2,110.8,106.55,100.92,124.11,9.879999999999995,3.8078403382812125,6985200,False,False
PPGL.JK,216.0,215.33333333333334,215.2,211.4,209.35,197.48,202.99,9.260000000000005,2.18725395103999,252000,False,False
POWR.JK,730.0,730.0,729.0,725.5,716.5,706.0088171386719,697.443486328125,4.798236572265614,0.8626556434353215,426400,True,False
PORT.JK,890.0,885.0,883.0,882.5,866.75,876.4,887.25,4.65,1.7176811391105309,1800,True,False
POLY.JK,32.0,32.0,32.0,32.0,32.0,32.0,32.89,0.0,0.0,0,True,False
POLU.JK,12600.0,12333.333333333334,12540.0,12730.0,12562.5,12187.5,13786.0,21.7,3.325746725194229,1000,False,False
POLI.JK,695.0,698.3333333333334,703.0,712.0,705.0,778.0,947.5,16.6,3.4796324868082444,7500,False,False
PNSE.JK,500.0,496.0,495.6,496.8,503.65,527.06,590.88,15.729999999999961,1.6067237622800927,4000,False,False
PNLF.JK,224.0,226.0,226.8,227.2,221.1,222.78,235.55,3.049999999999997,0.9204617523376436,6505500,True,False
PNIN.JK,725.0,720.0,724.0,732.0,725.0,733.5,755.35,2.7,1.1783910856181368,5400,True,False
PNGO.JK,3540.0,3533.3333333333335,3530.0,3524.0,3484.0,3461.4,3404.0,7.8599999999999905,0.4623120996368241,24000,False,False
PNBS.JK,50.0,50.333333333333336,50.6,50.4,50.2,50.1,50.37,0.6000000000000014,0.9336024218017578,257100,True,False
PNBN.JK,885.0,881.6666666666666,891.0,896.5,884.25,884.5018493652344,919.9778015136719,2.9666666666666743,1.6090736034135493,127600,True,False
PMUI.JK,84.0,84.66666666666667,85.0,84.8,83.2,79.6981394958496,88.02523071289062,5.3018605041503974,0.8715990761787702,205200,True,False
PMJS.JK,109.0,109.33333333333333,109.6,109.7,106.25336532592773,106.37682647705078,114.04889305114746,3.4466346740722713,1.164265162271776,281000,True,False
PLAN.JK,38.0,38.0,38.4,38.3,37.45,37.9,44.53,0.9499999999999957,2.4663955473918047,312400,True,False
PKPK.JK,3790.0,3816.6666666666665,3862.0,3701.0,3462.0,3034.4,2703.45,82.75999999999999,3.236344032933066,254700,False,False
PJHB.JK,165.0,169.33333333333334,171.6,168.3,163.45,170.9,197.39,8.150000000000006,2.4475596450259607,953800,False,False
PJAA.JK,456.0,456.0,457.6,457.8,456.7,457.12,481.99870361328124,0.9000000000000057,0.6628387755245381,2600,True,False
PIPA.JK,118.0,116.33333333333333,118.4,121.8,118.65,116.06,124.94,5.739999999999995,4.323072338331496,10985000,False,False
PICO.JK,132.0,130.66666666666666,130.0,128.2,126.8,130.76,141.18,5.200000000000003,1.6079412448521841,421000,True,False
PGUN.JK,7800.0,7983.333333333333,7990.0,7587.5,7361.25,7408.01306640625,8083.731674804688,25.15,3.6874933631271354,17800,False,False
PGLI.JK,195.0,192.66666666666666,192.2,191.5,190.45,188.22,202.91,6.780000000000001,2.33263477306199,33300,False,False
PGJO.JK,660.0,666.6666666666666,674.0,683.0,691.0,735.9,727.3,15.179999999999996,2.30219928531228,6300,False,False
PGEO.JK,1015.0,1006.6666666666666,1014.0,1009.5,972.75,919.6,953.4648229980469,19.079999999999995,1.8545698949014158,5005600,False,False
PGAS.JK,1515.0,1520.0,1529.0,1516.5,1470.25,1542.7804345703125,1679.3133227539063,14.506086914062507,1.3063411889851095,10919000,False,False
PEVE.JK,324.0,322.0,322.0,320.8,316.2,318.72,389.36,3.9000000000000057,2.5880702892006564,830800,True,False
PEHA.JK,258.0,256.0,256.8,257.0,250.4,254.11437561035157,273.1330924987793,3.799999999999997,1.7547586540158695,6900,True,False
PEGE.JK,92.0,91.0,91.0,92.3,103.99786605834962,107.98914642333985,130.19457321166993,16.989146423339847,3.4486901558255214,8520400,False,False
PDPP.JK,272.0,270.6666666666667,270.0,266.0,265.0767303466797,264.84129791259767,290.6561393737793,3.579351043701166,0.8907975782203358,24500,True,False
PDES.JK,390.0,391.3333333333333,395.2,398.6,406.1,459.4399987792969,488.5115606689453,34.71999938964845,0.9065402732781389,1500,False,False
PCAR.JK,38.0,38.0,38.4,38.3,38.5,38.24,38.65,0.5,1.7319814666066649,2619800,True,False
PBSA.JK,775.0,776.6666666666666,792.0,775.0,761.1092864990235,723.1293505859375,890.6530157470703,13.774129882812508,2.921100428096324,244300,False,False
PBRX.JK,26.0,26.333333333333332,26.8,26.6,26.9,27.34,33.69,1.3399999999999999,3.888975321383032,717800,False,False
PBID.JK,505.0,504.6666666666667,498.8,492.0,483.8,481.58955139160156,473.1529440307617,4.682089721679688,1.5278984102209234,331300,True,False
PART.JK,106.0,106.66666666666667,106.4,105.3,104.78695869445801,98.82627838134766,110.45277717590332,7.840388285319008,1.4352593971051955,207000,False,False
PANS.JK,1575.0,1570.0,1570.0,1576.5,1535.25,1515.7193603515625,1501.835496826172,12.1561279296875,0.5494862335770272,61900,False,False
PANR.JK,404.0,404.0,408.4,408.2,405.7,433.2988232421875,467.21882232666013,14.649411621093748,1.6621999932009832,300,False,False
PANI.JK,6025.0,6058.333333333333,6195.0,6207.5,6062.5,6539.53578125,7477.444384765625,20.581431249999987,2.8590627684876595,1017300,False,False
PAMG.JK,61.0,59.666666666666664,58.8,56.9,54.1,53.28,56.5,7.719999999999999,9.707644591915859,99604800,False,False
PALM.JK,306.0,306.0,307.6,306.2,300.3,309.6096527099609,336.39084197998045,4.654826354980457,1.8405603248247058,51400,True,False
PADI.JK,79.0,76.66666666666667,77.4,73.5,75.21117401123047,75.93021896362305,93.97510948181153,5.5,6.970501854954339,298038700,False,False
PADA.JK,120.0,119.0,121.2,119.1,113.4,116.64,135.57,7.799999999999997,3.4648660544833816,6089700,False,False
PACK.JK,232.0,230.0,225.6,221.2,222.6,250.52,233.54,14.66000000000001,4.935861158752209,20772600,False,False
OPMS.JK,102.0,100.33333333333333,100.6,101.6,100.1,99.88,113.27,2.1200000000000045,1.4666175861444717,13222700,True,False
OMRE.JK,1025.0,1058.3333333333333,1074.0,1095.0,1062.0,1012.9,917.5,16.420000000000005,9.027470971103071,600,False,False
OMED.JK,206.0,207.33333333333334,208.8,206.6,202.7,205.8436184692383,234.03258193969725,3.0500000000000114,1.8469580144997184,969900,True,False
OLIV.JK,52.0,50.666666666666664,50.8,50.2,50.1,51.0,53.61,1.8999999999999986,3.2298750064425694,1590100,True,False
OKAS.JK,104.0,102.0,103.0,101.9,100.55,100.24,109.12,3.760000000000005,2.1077220130925456,962800,True,False
OILS.JK,224.0,233.33333333333334,231.2,223.0,211.05,197.52,228.34,17.906666666666666,5.035285897533702,3290300,False,False
OBMD.JK,202.0,201.33333333333334,204.0,199.1,183.45,180.66,210.69,11.670000000000002,3.1643166604547517,182000,False,False
OBAT.JK,244.0,246.0,248.0,249.2,243.9,245.72640930175783,288.35518524169925,2.6499999999999915,0.8826457316942979,124100,True,False
OASA.JK,328.0,328.6666666666667,340.4,335.2,301.5,300.04,318.5,20.17999999999998,3.9001261975077526,4840400,False,False
NTBK.JK,101.0,94.0,95.0,95.9,87.1,74.77280807495117,77.37019786834716,26.227191925048828,5.8894360240672325,193182400,False,False
NSSS.JK,860.0,831.6666666666666,815.0,793.5,725.5,590.1595092773438,730.9773028564454,53.96809814453125,3.0730806757061844,4215900,False,False
NRCA.JK,488.0,491.3333333333333,499.8,502.3,466.65,446.66638427734375,501.8725582885742,27.81680786132813,4.441872127956911,510500,False,False
NPGF.JK,60.0,59.0,58.6,58.3,57.5,60.48,64.95,2.979999999999997,1.6435072969269544,19856400,True,False
NOBU.JK,452.0,444.6666666666667,446.8,444.4,433.8,445.4,498.9,9.099999999999994,2.09704088288519,1213200,False,False
NISP.JK,1255.0,1248.3333333333333,1248.0,1236.5,1213.75,1233.7,1309.6686767578126,8.25,1.1549432625112968,583600,False,False
NIRO.JK,147.0,143.66666666666666,147.0,150.6,143.25,150.16,175.01,7.349999999999994,5.810132230453241,52600,False,False
NINE.JK,76.0,76.33333333333333,76.6,77.4,77.15,82.18,106.82,6.180000000000007,1.8186572266661716,1412400,False,False
NIKL.JK,188.0,186.0,189.8,191.1,185.15,206.02,259.52614166259764,20.870000000000005,2.569965765685147,806900,False,False
NICL.JK,488.0,494.0,504.4,508.2,502.85,535.02,713.8974389648438,23.50999999999999,2.4794257877711696,9514500,False,False
NICK.JK,1190.0,1153.3333333333333,1124.0,1097.0,1044.25,1048.6,1126.8,29.15,3.5221551980883157,7400,False,False
NICE.JK,246.0,247.33333333333334,248.4,253.8,254.9,261.88,284.6,7.939999999999998,2.9840492500209206,162000,False,False
NFCX.JK,1520.0,1566.6666666666667,1570.0,1576.5,1585.25,1644.6,1719.2,24.91999999999998,1.8657462971265422,108400,False,False
NETV.JK,51.0,51.0,52.0,51.0,50.95,55.78,72.37,4.829999999999998,3.840755199586248,6609700,False,False
NEST.JK,605.0,600.0,600.0,607.0,609.5,563.78,475.32,9.144000000000005,1.5384162875019347,575700,False,False
NELY.JK,204.0,204.66666666666666,206.8,206.4,204.0,207.76421997070312,267.7632125854492,1.882109985351562,1.4217035411420114,984100,True,False
NCKL.JK,850.0,846.6666666666666,859.0,856.0,826.8287841796875,814.7515600585938,961.1443969726563,8.849687988281243,2.3379991663146993,14225900,False,False
NAYZ.JK,57.0,58.333333333333336,58.0,57.4,57.25,57.28,62.57,1.3333333333333357,3.656534418060063,2106900,True,False
NATO.JK,660.0,656.6666666666666,657.0,647.5,620.0,600.3,609.55,11.940000000000008,1.635508320145925,19300,False,False
NASI.JK,135.0,126.66666666666667,125.4,123.7,117.85,115.82,134.89,19.180000000000007,3.627886251418323,24423900,False,False
NASA.JK,30.0,30.333333333333332,30.2,29.8,30.15,32.72,35.51,2.919999999999998,2.957864196659409,40000,True,False
NANO.JK,33.0,31.0,30.6,31.3,26.75,25.66,31.18,7.34,7.264137263939106,22686000,False,False
NAIK.JK,87.0,86.66666666666667,87.8,88.0,85.55,85.32,91.41365440368652,2.680000000000007,1.7436544242041867,217900,True,False
MYTX.JK,41.0,41.0,41.0,41.0,41.0,43.44,49.44,2.4399999999999977,0.0,0,True,False
MYOR.JK,1735.0,1726.6666666666667,1745.0,1753.0,1749.75,1754.7188256835936,1776.1758874511718,5.6104318033853815,1.954464683942953,338400,True,False
MYOH.JK,1060.0,1055.0,1052.0,1049.5,1042.75,1062.3103002929688,1145.9231567382812,3.912060058593761,1.2981383962640611,9900,True,False
MUTU.JK,107.0,107.0,107.8,109.2,110.2,108.16219924926757,104.83929893493652,3.200000000000003,1.0698633991350006,898100,True,False
MTWI.JK,248.0,256.6666666666667,259.6,262.2,267.2,266.97729644775393,298.977354888916,9.599999999999994,1.7715388806367007,600,False,False
MTMH.JK,915.0,916.6666666666666,933.0,939.5,938.25,957.8254602050781,976.5674615478515,8.565092041015623,2.7568826380300053,1100,False,False
MTLA.JK,505.0,506.6666666666667,507.0,511.5,511.65,504.75567626953125,520.6699969482422,1.3788647460937455,1.0975999992841547,9400,True,False
MTFN.JK,13.0,13.0,13.0,13.0,13.0,14.2,19.5,1.1999999999999993,0.0,0,True,False
MTEL.JK,448.0,451.3333333333333,452.8,456.2,465.6490707397461,471.763994140625,482.9257144165039,11.881997070312508,0.5227752879708718,9848200,False,False
MTDL.JK,510.0,510.0,512.0,514.5,511.25,506.5370001220703,524.5410000610351,1.592599975585938,0.5494737290235577,527600,True,False
MSTI.JK,1310.0,1298.3333333333333,1319.0,1332.0,1293.75,1255.676416015625,1260.1711193847657,15.264716796875017,2.106378394508743,387600,False,False
MSKY.JK,59.0,59.333333333333336,59.6,59.9,59.6,61.62,71.88,2.6199999999999974,1.7277446532934095,622700,True,False
MSJA.JK,402.0,402.6666666666667,406.4,407.8,409.0,407.88,435.6189596557617,3.5,1.2028945162257794,469700,True,False
MSIN.JK,378.0,383.3333333333333,397.6,426.2,447.1,494.9,619.75,58.44999999999999,2.1576532952323433,6425200,False,False
MSIE.JK,86.0,81.33333333333333,80.8,81.7,82.9,103.6,89.31,22.799999999999997,3.519811994942501,12101600,False,False
MREI.JK,920.0,920.0,920.0,920.0,920.0,950.9,993.9,6.179999999999995,0.0,0,False,False
MRAT.JK,444.0,442.6666666666667,441.6,442.8,441.3,441.56,433.72,1.3499999999999943,0.497259292751941,35900,True,False
MPXL.JK,146.0,146.33333333333334,146.4,146.2,146.75,148.92,155.19,2.9199999999999875,1.3049975440520447,244500,True,False
MPRO.JK,13425.0,14091.666666666666,13545.0,11812.5,10656.25,9289.5,9472.0,192.08666666666664,7.323676388570409,9600,False,False
MPPA.JK,52.0,50.0,48.8,47.7,47.2,46.44,48.19,5.560000000000002,3.0323246778580217,6449600,True,True
MPOW.JK,101.0,101.66666666666667,101.6,99.8,95.45,101.26,104.25,6.216666666666669,1.5143083153876595,1274600,False,False
MPMX.JK,985.0,981.6666666666666,987.0,989.5,981.25,945.9177587890625,893.0990698242188,8.716448242187493,0.8434011827936072,406600,False,False
MPIX.JK,94.0,92.33333333333333,92.8,93.7,94.4,90.36,88.23,4.040000000000006,1.3860077626321132,966600,True,False
MORA.JK,6475.0,6550.0,6480.0,6455.0,6513.75,6623.0,6021.0,6.72,1.9859925374636778,77900,False,False
MOLI.JK,248.0,249.33333333333334,252.4,252.8,245.3,234.54030883789062,240.55277420043944,9.129845581054695,2.456050557456523,235600,False,False
MNCN.JK,204.0,204.66666666666666,208.0,210.0,206.6,206.92,219.92,3.0,2.795476555954033,11138400,True,False
MMLP.JK,294.0,293.3333333333333,294.8,298.4,295.4,299.52,323.64,3.0933333333333337,1.0754749389519225,292300,True,False
MMIX.JK,705.0,705.0,681.0,720.0,674.7,630.7,450.37,17.859999999999992,7.075760658814854,15298900,False,False
MLPT.JK,1525.0,1636.6666666666667,1664.0,1364.4,1042.95,854.8,833.5422827148437,161.84,13.98849228494684,3896000,False,False
MLPL.JK,94.0,93.66666666666667,95.8,92.4,86.85,83.56,91.48,12.239999999999995,4.851260084156082,7610800,False,False
MLIA.JK,232.0,231.33333333333334,231.6,234.0,237.5,241.12,262.04,4.893333333333331,0.908545657933069,2300,True,False
MLBI.JK,6350.0,6341.666666666667,6325.0,6327.5,6312.5,6015.716572265625,5688.447036132812,13.371337109375018,0.3118742245332305,5200,False,False
MKTR.JK,119.0,119.0,119.4,119.5,119.35,121.19260528564453,125.05657264709473,2.1926052856445324,1.7415129603633148,5700,True,False
MKPI.JK,21550.0,21608.333333333332,21625.0,21465.0,21161.25,20997.7137109375,21429.62951171875,25.091451562500005,1.294495098421257,40500,False,False
MKAP.JK,1165.0,1163.3333333333333,1163.0,1162.0,1173.5,1121.3021240234375,1080.2709173583985,10.4395751953125,0.2867400752064965,12200,False,False
MITI.JK,165.0,165.0,165.8,170.2,169.4,172.14,217.61,7.139999999999986,1.2721586736552275,203200,False,False
MIRA.JK,21.0,21.0,21.8,21.2,19.6,19.44,21.76,2.3599999999999994,6.721342083003101,136900,False,False
MINE.JK,220.0,218.66666666666666,219.2,221.2,218.9,225.96,288.62,3.6466666666666754,1.2659807989161171,575700,True,False
MINA.JK,274.0,273.3333333333333,280.4,282.6,277.2,284.76,298.56,5.713333333333338,3.3476649683724826,14040200,True,False
MIKA.JK,1790.0,1763.3333333333333,1754.0,1753.5,1727.25,1643.3622705078126,1823.365938720703,29.327545898437485,1.4966679733479826,1207100,False,False
MIDI.JK,282.0,282.0,284.8,285.4,283.5,283.23072143554685,290.97310958862306,1.6999999999999886,1.352469360938132,1346200,True,False
MICE.JK,520.0,511.6666666666667,515.0,518.0,506.63267517089844,494.6736663818359,496.7580209350586,5.065266723632817,2.4406742280910656,3600,True,False
MHKI.JK,136.0,135.66666666666666,137.2,137.3,129.95,126.18858474731445,154.0174030303955,11.11141525268556,2.2684681728361014,580400,False,False
MGRO.JK,690.0,685.0,680.0,675.5,675.25,668.5,688.35,4.3,0.7027855085200959,2573000,True,True
MGNA.JK,91.0,91.0,92.6,92.4,91.25,90.9,136.57,1.6999999999999886,1.8943227907373232,141100,True,False
MGLV.JK,8600.0,8500.0,8540.0,8347.5,8288.75,8022.5,6972.4,23.1,1.8092515323784732,44900,False,False
MERK.JK,3990.0,4003.3333333333335,4002.0,3951.0,3832.0,3715.462685546875,3511.2893725585936,28.787064778645846,1.194946383869345,23100,False,False
MERI.JK,102.0,101.66666666666667,102.0,101.8,102.55,108.78,126.98,7.11333333333333,1.179468487816703,182000,False,False
MEJA.JK,94.0,97.33333333333333,95.2,87.9,86.95,86.76,91.67714294433594,10.573333333333323,4.996736250334974,9168800,False,False
MEGA.JK,1975.0,1986.6666666666667,1992.0,1995.0,1999.25,1964.7,2116.1591284179685,6.909999999999991,0.5146789154803582,700,False,False
MEDS.JK,78.0,77.0,78.2,79.3,76.75,79.3,76.32,2.549999999999997,2.048801341546677,10982000,True,True
MEDC.JK,1290.0,1305.0,1325.0,1291.0,1215.5,1209.0412817382812,1436.6692956542968,23.191743652343757,3.099083643618161,17852900,False,False
MDRN.JK,26.0,26.0,26.0,26.0,26.0,29.14,41.79,3.1400000000000006,0.0,0,True,False
MDLN.JK,51.0,50.666666666666664,50.6,50.3,50.25,50.28,52.62,0.75,1.4627737180843319,7781500,True,False
MDLA.JK,210.0,209.33333333333334,209.6,208.6,205.8,202.6261749267578,203.30811798095704,3.6869125366210938,0.8427838471948935,197500,True,False
MDKI.JK,181.0,180.66666666666666,180.4,180.3,179.2,178.38955169677735,181.2902833557129,2.610448303222654,0.9210110666082926,300,True,False
MDKA.JK,2640.0,2643.3333333333335,2688.0,2680.0,2650.3857421875,2634.5026806640626,2943.6467553710936,5.349731933593739,1.8072304835376019,4447100,True,False
MDIY.JK,925.0,928.3333333333334,939.0,964.5,937.75,866.96212890625,866.1717712402344,19.507574218750005,2.029545541737201,1455700,False,False
MDIA.JK,137.0,130.33333333333334,122.8,97.1,82.5,81.7,83.89,55.3,9.19870507662703,261138400,False,False
MCOR.JK,68.0,68.0,67.8,68.1,67.65,66.86,68.73,1.2399999999999949,1.6047229853842364,343100,True,False
MCOL.JK,3710.0,3710.0,3728.0,3763.0,3772.5,3719.229638671875,3748.491416015625,6.25,0.8866898371000393,2400,False,False
MCAS.JK,324.0,268.0,223.0,187.1,173.6,201.34,292.97,75.2,13.336689329435325,56442800,False,False
MBTO.JK,120.0,119.66666666666667,121.0,119.4,112.95,110.4,114.24,10.599999999999994,2.4529710339523123,118900,False,False
MBSS.JK,2700.0,2693.3333333333335,2702.0,2655.0,2618.5,2486.1,2201.0,21.59000000000001,3.0229766263644913,238300,False,False
MBMA.JK,498.0,502.6666666666667,515.6,520.3,512.55,494.32,598.31,12.98999999999998,2.452010802660369,12487300,False,False
MBAP.JK,1405.0,1418.3333333333333,1422.0,1410.0,1381.0,1411.7,1573.0,8.2,1.3108124832695673,300,False,False
MAYA.JK,198.0,199.33333333333334,199.4,197.1,193.35,188.42,193.0,10.980000000000018,1.7010497624028893,42700,False,False
MAXI.JK,50.0,50.0,50.0,50.0,50.0,50.0,50.49,0.0,0.0,160300,True,False
MASB.JK,3390.0,3390.0,3390.0,3390.0,3387.5,3363.4,3295.5,2.659999999999991,0.0,11000,True,False
MARK.JK,980.0,976.6666666666666,975.0,1011.5,1017.75,915.569697265625,834.340908203125,20.436060546875,3.877891241938279,9436600,False,False
MARI.JK,23.0,23.0,23.0,23.0,23.0,24.42,27.19,1.4200000000000017,0.0,0,True,False
MAPI.JK,1430.0,1458.3333333333333,1481.0,1494.0,1507.998358154297,1496.1855541992188,1373.9977282714844,15.599671630859394,2.606766078752641,1226000,False,False
MAPB.JK,1195.0,1138.3333333333333,1075.0,1080.5,986.75,1162.6,1344.55,41.65,7.926912658230447,2500,False,False
MAPA.JK,595.0,595.0,602.0,614.0,608.1032531738281,598.4160961914063,617.3254479980469,3.8,2.383189851798584,3181400,True,False
MANG.JK,41.0,41.666666666666664,42.0,40.3,39.6,42.66,45.83,3.059999999999995,4.020749168026219,1243000,False,False
MAIN.JK,710.0,703.3333333333334,710.0,706.0,681.5,702.2182092285157,776.4915301513672,5.7,2.326263814368432,78600,True,False
MAHA.JK,145.0,141.66666666666666,141.4,141.1,139.15,135.4633346557617,135.32666946411132,9.536665344238287,1.2224367918774712,8180300,False,False
LUCK.JK,113.0,113.33333333333333,113.6,106.7,101.4,103.58,104.69,12.199999999999989,5.875829241663349,2232700,False,False
LTLS.JK,760.0,761.6666666666666,766.0,768.5,774.0,764.2230456542969,766.886353149414,2.8,1.4094384701705382,13800,True,False
LSIP.JK,1385.0,1376.6666666666667,1373.0,1351.0,1304.8308227539062,1242.2857983398437,1313.743583984375,28.542840332031254,1.5866377764629513,2378500,False,False
LRNA.JK,182.0,182.0,181.8,180.8,178.65,181.36,193.12,3.3499999999999943,1.7299967849580977,51100,True,False
LPPS.JK,80.0,79.33333333333333,80.6,79.4,74.15,71.18,77.96,9.419999999999987,5.200736059729075,704300,False,False
LPPF.JK,1555.0,1555.0,1568.0,1570.5,1534.25,1547.6,1592.6110974121093,7.25,0.9259638622625518,486900,False,False
LPLI.JK,248.0,250.66666666666666,256.4,252.2,243.5,243.32,271.58,6.539999999999992,2.8530757955238335,33400,False,False
LPKR.JK,61.0,61.0,62.0,62.0,61.4,63.48,74.07,2.479999999999997,2.4549824159977236,24719300,True,False
LPIN.JK,414.0,416.0,418.4,417.6,410.6,403.56,408.43425720214844,7.4199999999999875,0.7813016828556125,24300,False,False
LPGI.JK,640.0,638.3333333333334,643.0,658.0,667.75,673.8,667.1550732421875,7.093333333333317,1.6258679460121779,3400,False,False
LPCK.JK,515.0,518.3333333333334,523.0,516.5,510.7,512.88,586.59,2.460000000000002,1.7982150179670326,223900,True,False
LOPI.JK,63.0,63.0,63.0,59.5,58.1,67.9,91.41,9.800000000000004,4.999287483079606,2600600,False,False
LMPI.JK,140.0,140.33333333333334,139.6,139.3,137.35,139.9,147.41,2.9833333333333485,1.3485315766429897,118800,True,False
LMAX.JK,114.0,114.33333333333333,115.6,116.9,104.7,99.86,130.34,17.040000000000006,2.2437335056969308,41500,False,False
LIVE.JK,202.0,202.66666666666666,202.8,204.0,205.3,214.12,215.91,6.060000000000002,1.0428769059108058,82700,False,False
LION.JK,372.0,359.3333333333333,356.4,358.0,336.4,342.24,376.68,17.80000000000001,6.847676194195475,241600,False,False
LINK.JK,1395.0,1403.3333333333333,1416.0,1415.5,1428.75,1366.3,1628.55,12.490000000000009,1.3876444945015345,100,False,False
LIFE.JK,5600.0,5591.666666666667,5650.0,5710.0,5788.75,6000.0,6526.118974609375,16.33333333333332,1.6356380324697388,600,False,False
LFLO.JK,488.0,481.3333333333333,484.0,487.0,524.2,525.685161743164,542.6838845825196,22.175914204915358,2.2730041259344054,1500,False,False
LEAD.JK,104.0,102.0,103.2,102.6,99.1,97.94,118.55,6.060000000000002,2.1919474796995453,4510600,False,False
LCKM.JK,111.0,109.66666666666667,110.2,110.9,108.5,114.9,123.87,6.400000000000006,2.9192649546986233,4645900,False,False
LAPD.JK,64.0,64.0,66.2,67.0,65.9,64.84,75.45,3.0,2.9353247372623903,1951700,True,False
LAND.JK,75.0,75.0,76.4,77.3,69.5,62.7,67.81,14.599999999999994,2.9817984343233346,9253800,False,False
LAJU.JK,66.0,65.66666666666667,66.8,67.3,66.2,64.31433952331543,72.54155994415284,2.985660476684572,2.653494463189856,715700,True,False
LABS.JK,148.0,147.66666666666666,148.0,147.9,145.75,145.52,151.13,2.4799999999999898,1.2731457987057104,260000,True,False
LABA.JK,98.0,94.33333333333333,94.4,93.9,91.5,91.2,106.36,6.799999999999997,2.324916731716133,67381000,False,False
KUAS.JK,91.0,90.0,91.2,92.1,90.55,91.45814437866211,97.46644485473632,2.0999999999999943,2.3253760253406868,2607500,True,False
KSIX.JK,296.0,288.6666666666667,286.0,284.6,293.2,323.32,325.2,19.359999999999985,2.2543842534316223,16400,False,False
KRYA.JK,61.0,59.333333333333336,59.8,60.2,58.6,58.58,64.43,2.4200000000000017,2.058361762139308,31961700,True,False
KREN.JK,15.0,14.0,13.8,13.3,12.5,12.96,14.82,2.5,6.156566459329884,5459900,False,False
KRAS.JK,226.0,226.66666666666666,233.2,234.6,222.15,212.36,255.04,11.11999999999999,2.6534017833777614,2850700,False,False
KPIG.JK,81.0,81.33333333333333,82.8,84.4,80.95,84.78,98.24,3.8299999999999983,3.735057585233971,25038200,True,False
KOTA.JK,128.0,121.33333333333333,119.2,107.9,99.8,100.34,94.96,28.200000000000003,4.655900628635237,417033800,False,False
KOPI.JK,196.0,196.0,198.0,199.6,191.3,188.62,221.77,10.97999999999999,4.181147437619473,96800,False,False
KONI.JK,2420.0,2433.3333333333335,2450.0,2573.0,2606.0,2625.4,2346.0,20.54000000000001,1.8316091503207386,2600,False,False
KOKA.JK,204.0,204.66666666666666,212.8,208.2,173.7,132.2,161.62,40.30000000000001,11.103589946584368,9011400,False,False
KOIN.JK,78.0,78.0,78.0,78.0,78.0,76.54,79.73,1.4599999999999937,0.0,0,True,False
KOCI.JK,101.0,100.66666666666667,102.4,102.2,100.55,95.5389468383789,108.44947189331054,6.861053161621101,2.0624922253372415,1549800,False,False
KOBX.JK,169.0,154.66666666666666,152.2,149.3,145.65,149.52,156.29,23.349999999999994,4.503454155577037,39265300,False,False
KMTR.JK,250.0,244.0,242.0,235.2,229.5,228.72,245.26,10.64,4.59805669648693,141200,False,False
KMDS.JK,545.0,541.6666666666666,544.0,543.0,536.5,531.3294378662109,547.7145339965821,2.7341124267578154,1.3665496720983434,6400,True,False
KLIN.JK,118.0,118.66666666666667,114.8,113.9,105.15,106.62,130.47,13.516666666666666,7.081231519507327,409800,False,False
KLBF.JK,710.0,715.0,720.0,730.0,735.0,742.7643823242188,834.4383502197265,6.552876464843758,2.6824477110349987,10226300,False,False
KLAS.JK,75.0,72.66666666666667,71.8,71.0,69.0,68.72,75.67,6.280000000000001,2.472952194383151,4760400,False,False
KKGI.JK,274.0,275.3333333333333,277.6,277.4,268.2,264.3380435180664,290.0691716003418,6.630978240966812,1.516617643965314,351300,False,False
KKES.JK,66.0,67.0,67.2,67.3,60.85,49.46,42.55,17.839999999999996,4.6702254516680535,930100,False,False
KJEN.JK,126.0,125.0,126.0,126.9,120.65,128.62,129.89,7.969999999999999,3.2238473557260243,4138200,False,False
KIOS.JK,94.0,93.0,94.2,93.8,91.85,86.88,98.43,7.320000000000007,2.114815857767747,9877200,False,False
KINO.JK,1165.0,1175.0,1186.0,1169.5,1152.25,1119.0679931640625,1108.989981689453,13.3864013671875,1.3800331811069064,100,False,False
KING.JK,272.0,275.3333333333333,278.8,291.6,302.1,409.34,370.75,68.66999999999999,1.4924285666074721,37400,False,False
KIJA.JK,127.0,127.66666666666667,130.8,133.3,128.45,125.62,153.95,7.680000000000007,3.2536837307288047,6468700,False,False
KICI.JK,195.0,194.0,194.6,192.2,187.05,187.9,196.29,7.949999999999989,1.4791104785010256,63500,False,False
KETR.JK,555.0,560.0,567.0,554.0,532.55,549.68,515.89,6.8900000000000095,3.5764805445162016,2056200,False,False
KEJU.JK,545.0,543.3333333333334,545.0,546.5,546.25,564.4,549.7695419311524,4.213333333333321,1.059456381409716,27000,True,False
KEEN.JK,855.0,850.0,855.0,861.0,845.5,838.4046008300782,869.3305133056641,4.519079833984369,1.2548353300259123,4195000,True,False
KDTN.JK,320.0,378.6666666666667,421.2,499.6,518.45,660.6,808.95,170.3,7.836928245326738,11214900,False,False
KDSI.JK,442.0,444.6666666666667,445.6,444.8,441.3,441.76,444.68,2.1500000000000057,0.9956490459240109,200,True,False
KBLV.JK,126.0,122.66666666666667,127.8,123.6,102.9,94.08,104.19,33.72,12.547902448707887,32133500,False,False
KBLM.JK,292.0,294.0,293.6,292.4,290.7,290.2576239013672,303.5735009765625,1.8711880493164017,0.777845298504573,21400,True,False
KBLI.JK,322.0,323.3333333333333,322.4,321.8,319.0239517211914,308.03736267089846,306.7129296875,7.647985331217427,0.684581235457853,144900,False,False
KBAG.JK,43.0,43.333333333333336,44.0,42.9,40.1,38.66,43.84,5.340000000000003,5.569550745169209,246000,False,False
KARW.JK,212.0,212.0,212.0,212.0,212.0,241.72,277.92,14.86,0.0,0,False,False
KAQI.JK,89.0,88.66666666666667,89.8,89.8,86.85,89.16,98.53,2.950000000000003,2.362640604233107,2736200,True,False
KAEF.JK,448.0,448.6666666666667,451.6,453.6,450.9,458.98,479.26,5.490000000000009,0.7783329080230983,29500,True,False
JTPE.JK,610.0,610.0,609.0,608.5,607.0,596.705,587.0575,2.658999999999992,0.8185320881644278,650100,True,False
JSPT.JK,1380.0,1393.3333333333333,1404.0,1400.5,1384.75,1305.864951171875,1381.4904858398438,19.627009765625008,1.570883410683286,4200,False,False
JSMR.JK,2700.0,2703.3333333333335,2706.0,2724.0,2719.0,2764.33876953125,2885.998928222656,6.433876953124991,1.1703360124506208,176600,False,False
JRPT.JK,1075.0,1076.6666666666667,1076.0,1077.0,1078.5,1069.9511206054688,1071.4710766601563,1.7097758789062483,0.2632632839621965,181400,True,False
JPFA.JK,2120.0,2120.0,2112.0,2085.0,2049.25,2118.5,2236.38255859375,7.075,0.8824390685714975,745200,False,False
JMAS.JK,228.0,228.0,228.0,228.0,228.0,243.48,235.64,7.739999999999995,0.0,0,False,False
JKON.JK,67.0,67.0,67.6,68.0,67.05,66.99373222351075,69.60582180023194,1.0062677764892527,1.8994794072161494,115800,True,False
JIHD.JK,424.0,433.3333333333333,436.8,437.0,421.2,423.4,473.65,7.900000000000006,2.5846887514586867,127800,False,False
JGLE.JK,63.0,63.333333333333336,66.6,60.0,55.05,57.98,62.41,11.549999999999997,11.843507143221405,175455400,False,False
JECC.JK,615.0,620.0,627.0,629.5,636.0857147216797,607.1194299316406,739.2068597412109,5.793256958007805,0.8498549373286659,8700,True,False
JAYA.JK,128.0,126.66666666666667,126.8,125.6,123.1,123.46,129.48,4.900000000000006,1.4734062748194077,364500,True,False
JAWA.JK,122.0,120.66666666666667,121.4,119.4,115.75,120.72,139.84,6.25,1.4367156478847776,126100,False,False
JATI.JK,97.0,95.66666666666667,95.4,94.8,92.7,94.96540237426758,99.98884895324707,4.299999999999997,1.5232623032328383,15459900,True,False
JAST.JK,84.0,83.0,83.6,84.3,82.4,82.14,90.81,2.1599999999999966,1.3083962355638963,970400,True,False
JARR.JK,1890.0,1895.0,1917.0,1896.5,1867.25,1769.8221215820313,1954.1981164550782,29.435575683593743,2.0343013708908146,50800,False,False
ITMG.JK,24450.0,24433.333333333332,24395.0,24217.5,23600.0,22938.0,24310.2234765625,60.48,0.8064152169857431,303600,False,False
ITMA.JK,1395.0,1395.0,1393.0,1357.0,1359.5,1506.3,1846.4,29.859999999999992,1.647417320225913,700,False,False
ITIC.JK,210.0,209.33333333333334,210.4,207.5,202.95,206.26,234.73,3.7250000000000085,2.47588449503074,159700,True,False
ISSP.JK,418.0,408.6666666666667,408.0,408.6,396.1,390.7669427490234,419.65582397460935,13.616528625488286,1.816093254921069,845100,False,False
ISEA.JK,78.0,78.33333333333333,80.0,81.1,74.95,70.3,78.31,10.799999999999997,1.9113987597117386,319200,False,False
ISAT.JK,1930.0,1931.6666666666667,1931.0,1919.0,1891.0,1920.9,1971.7576147460939,8.133333333333349,1.1754171753515332,3101600,False,False
ISAP.JK,24.0,24.333333333333332,24.8,24.9,23.8,24.34,27.8,1.0999999999999979,3.2476385999680812,5315400,True,False
IRSX.JK,308.0,308.0,312.4,300.4,287.5,303.24619750976564,375.0532693481445,12.449999999999989,4.71052583202549,5539500,False,False
IRRA.JK,370.0,372.6666666666667,372.0,372.0,373.8,369.76,384.14,2.0200000000000102,0.8695423080574222,9500,True,False
IPTV.JK,32.0,32.333333333333336,32.2,31.7,32.0,33.86,38.01,2.16,3.042096552542054,357400,True,False
IPOL.JK,105.0,105.33333333333333,105.4,105.8,105.9,108.96,115.04,3.9599999999999937,0.9725001127723426,17500,True,False
IPCM.JK,320.0,318.6666666666667,318.8,318.6,314.43249969482423,306.7576635742187,308.0921325683594,6.6211682128906375,0.5500488581027774,59000,False,False
IPCC.JK,1145.0,1163.3333333333333,1184.0,1211.5,1189.25,1150.3453894042968,1172.322926635742,13.3,2.102905521548305,651300,False,False
IPAC.JK,165.0,159.33333333333334,160.8,160.6,158.15,149.62,153.65,15.379999999999995,3.5728693847620243,58900,False,False
IOTF.JK,51.0,51.666666666666664,52.4,52.7,52.55,53.7,58.94,2.700000000000003,1.494732088288241,810000,True,False
INTP.JK,4570.0,4586.666666666667,4602.0,4632.0,4497.0,4347.70107421875,4612.239555664062,28.429892578124964,1.0715484364395755,137600,False,False
INTD.JK,258.0,242.0,240.0,235.6,230.1,234.96,243.14,13.950000000000003,4.154178537370097,272700,False,False
INTA.JK,61.0,61.0,61.0,61.0,61.0,64.9,71.9,3.9000000000000057,0.0,0,True,False
INPS.JK,620.0,628.3333333333334,662.0,640.5,625.5,648.3,640.66,8.4,5.022585602375159,2800,False,False
INPP.JK,690.0,696.6666666666666,702.0,702.0,695.75,735.8,761.95,9.159999999999991,1.0547853554619335,178700,False,False
INPC.JK,138.0,137.0,138.6,138.8,134.45,133.64,147.39,5.160000000000025,3.029669559415431,729100,True,False
INOV.JK,133.0,132.0,132.8,130.7,125.85,121.98,130.65,11.019999999999996,2.176566210087107,391100,False,False
INKP.JK,8125.0,7916.666666666667,7870.0,7787.5,7491.25,7474.99638671875,8554.577626953125,26.000144531250008,2.3699068997829,2483300,False,False
INET.JK,230.0,228.66666666666666,231.6,227.0,212.65,209.48,253.48,11.060000000000002,3.770258984755252,39060700,False,False
INDY.JK,2630.0,2576.6666666666665,2562.0,2492.0,2239.5,2206.379814453125,2882.7734130859376,42.36201855468748,4.550370548367852,10097200,False,False
INDX.JK,60.0,60.0,60.0,60.0,60.0,67.94,89.19,7.939999999999998,2.837818317547164e-07,0,False,False
INDS.JK,276.0,275.3333333333333,279.2,272.6,264.30600051879884,269.8528042602539,390.84360702514647,7.446999740600575,2.3919137690949017,228600,False,False
INDR.JK,1940.0,1983.3333333333333,1973.0,1992.0,2002.0,2033.7,2401.85,18.74000000000001,1.5789549429596994,87900,False,False
INDO.JK,173.0,172.66666666666666,173.2,172.2,168.3,163.16,166.93,10.039999999999992,1.0036188751028827,27671100,False,False
INDF.JK,6900.0,6875.0,6890.0,6830.0,6726.590600585938,6480.848623046875,6393.825473632813,16.766055078124992,0.7609355786755171,1428300,False,False
INCO.JK,4770.0,4803.333333333333,4897.0,4914.5,4753.25,4737.4124609375,5444.872109375,17.708753906249967,1.6616011940896636,2206500,False,False
INCI.JK,655.0,650.0,655.0,657.0,650.0,649.5868811035157,668.6860577392578,1.4826237792968642,2.066001674987132,5800,True,False
INCF.JK,50.0,50.0,50.0,50.0,50.0,50.16,54.55,0.1599999999999966,0.0,0,True,False
INAI.JK,202.0,177.0,171.6,169.6,150.9,150.16,170.16,25.92,12.87704613379316,30592400,False,False
IMPC.JK,1520.0,1505.0,1527.0,1507.5,1483.0,1587.8,1851.55,20.95999999999999,3.284274477542663,4987600,False,False
IMJS.JK,146.0,146.33333333333334,148.0,149.8,143.66400909423828,143.84754333496093,161.41785690307617,6.13599090576173,2.0602301777501717,396800,False,False
IMAS.JK,850.0,855.0,859.0,855.0,823.0235992431641,852.9937902832031,949.0872094726562,7.195280151367183,1.1249794868021936,11900,False,False
IKPM.JK,182.0,183.66666666666666,184.8,184.4,182.5,184.44,199.34,2.8000000000000114,1.332836140695426,2900,True,False
IKBI.JK,535.0,536.6666666666666,548.0,560.0,548.5,525.82,539.31,6.83599999999999,1.8907422500910775,35200,False,False
IKAN.JK,85.0,83.33333333333333,85.0,85.1,80.5,77.78,87.29,7.319999999999993,2.6296844851172514,1340900,False,False
IKAI.JK,20.0,20.666666666666668,21.0,21.1,19.1,19.14,21.15,2.0,6.067553517256619,4229300,False,False
IGAR.JK,426.0,420.6666666666667,424.0,421.2,414.4,419.57420532226564,447.30348205566406,5.800000000000011,1.3822141275282267,5000,True,False
IFSH.JK,1235.0,1211.6666666666667,1205.0,1183.0,1211.25,1286.3498022460938,1898.727373046875,20.669960449218753,4.497508065787542,500,False,False
IFII.JK,208.0,211.33333333333334,212.0,213.4,212.7,217.28,221.72,4.640000000000001,1.3801630439797565,100300,True,False
IDPR.JK,288.0,292.6666666666667,294.4,298.2,298.6,295.85127319335936,296.54939453125,5.300000000000011,1.0379140054325078,20100,True,False
IDEA.JK,61.0,61.666666666666664,62.6,63.3,61.7,60.82,77.33,2.479999999999997,2.080199798402446,57900,True,False
ICON.JK,105.0,104.66666666666667,104.8,105.2,105.35,106.96,112.72,2.2933333333333223,2.2218690635283194,3339500,True,False
ICBP.JK,7025.0,6983.333333333333,7030.0,6920.0,6776.276196289063,6541.57337890625,6732.544135742188,19.537064843750013,1.2811050085305415,651300,False,False
IBST.JK,8475.0,8475.0,8475.0,8475.0,8475.0,8475.0,7504.9,0.0,0.0,0,True,False
IBOS.JK,67.0,68.33333333333333,69.0,69.0,68.85,77.84,100.05,10.840000000000003,2.123326627919787,1801200,False,False
IBFN.JK,63.0,63.0,63.0,63.0,63.0,65.04,75.82,2.0400000000000063,0.0,0,True,False
IATA.JK,59.0,58.666666666666664,58.6,58.4,60.4,63.54,70.95,5.140000000000001,2.0449933682159265,27115600,True,False
HYGN.JK,160.0,160.33333333333334,160.6,157.6,150.75,144.95560028076173,144.01780151367188,15.644399719238265,1.4699136086541231,928700,False,False
HUMI.JK,133.0,134.0,136.6,133.1,124.9,128.4,160.83,11.699999999999989,3.3673381355300362,4671800,False,False
HRUM.JK,805.0,805.0,819.0,823.5,780.75,771.9,893.85,10.320000000000004,2.4361484865292806,1434900,False,False
HRTA.JK,1930.0,1926.6666666666667,1953.0,1934.5,1852.75,2009.432939453125,2324.1578002929687,31.336587890625015,2.9777466273110567,1509400,False,False
HRME.JK,45.0,45.0,45.0,44.2,44.45,44.7,46.38,0.7999999999999972,6.136640669802078,403600,False,False
HOPE.JK,194.0,187.0,185.4,188.4,166.8,139.98,179.55,54.02000000000001,8.479341158847816,44006200,False,False
HOMI.JK,178.0,175.33333333333334,177.4,179.0,181.05,190.78,222.39,15.446666666666658,1.7046816316729028,1435800,False,False
HOKI.JK,56.0,54.666666666666664,54.8,54.2,52.85,55.2,61.38,3.1499999999999986,1.7575026272755225,36299400,True,False
HMSP.JK,720.0,718.3333333333334,720.0,710.5,691.0,667.6889819335937,686.1221124267578,10.462203613281257,1.6591628368167657,1263600,False,False
HILL.JK,16.0,16.0,16.0,16.0,16.0,15.98,19.37,0.019999999999999574,0.0,0,True,False
HGII.JK,122.0,121.66666666666667,121.4,121.7,122.3,125.21259246826172,132.7000309753418,3.8125924682617125,0.5487089250886588,64400,True,False
HEXA.JK,4500.0,4496.666666666667,4514.0,4502.0,4402.0,4401.4,4425.5,11.260000000000037,0.8267704554738013,34500,False,False
HERO.JK,344.0,346.0,345.6,342.0,329.4,341.4,380.77,8.300000000000011,1.4590367061177405,484200,False,False
HELI.JK,191.0,190.33333333333334,185.8,182.8,182.65,178.1,188.75,12.900000000000006,4.01763845517367,759700,False,False
HEAL.JK,765.0,786.6666666666666,802.0,842.0,866.0,881.2,1034.7100720214844,23.24000000000001,2.355915760859946,7798400,False,False
HDIT.JK,50.0,50.333333333333336,51.2,50.7,50.5,51.06,56.11,1.2000000000000028,1.8402689629822566,1094200,True,False
HDFA.JK,90.0,88.33333333333333,88.8,88.7,88.25,88.78,96.89,1.75,2.005063700269819,431200,True,False
HBAT.JK,226.0,239.33333333333334,249.6,259.4,273.1,359.3,370.81,66.65,2.899404366572976,283000,False,False
HATM.JK,474.0,471.3333333333333,462.4,452.6,436.6,370.29714538574217,339.90191040039065,51.851427307128915,3.4116198071806254,10771500,False,False
HALO.JK,69.0,67.0,67.2,66.6,64.65,65.18,69.94,4.349999999999994,3.1488550966370497,3142500,True,False
HAJJ.JK,104.0,103.33333333333333,103.8,102.9,103.15,105.76,118.37,2.8599999999999994,2.4419692464866873,4739200,True,False
HAIS.JK,183.0,183.33333333333334,182.6,182.5,179.4,175.28,186.44131668090822,8.053333333333342,1.3641346057483457,9300,False,False
HADE.JK,18.0,18.333333333333332,18.4,18.5,17.55,16.46,18.83,2.039999999999999,4.7313640019571075,473200,False,False
GZCO.JK,151.0,151.33333333333334,153.4,152.4,146.1,146.02,174.58,7.3799999999999955,1.95601195593043,688800,False,False
GWSA.JK,126.0,124.66666666666667,126.6,124.8,120.8,122.0,137.12,5.799999999999997,3.109460461575735,103600,True,False
GUNA.JK,197.0,196.66666666666666,197.8,196.8,184.45,171.82612030029296,190.82364639282227,25.973879699707055,2.255036703106293,1600,False,False
GULA.JK,770.0,756.6666666666666,755.0,736.5,681.25,598.18,470.57,34.36400000000001,5.01442754244391,21941600,False,False
GTSI.JK,148.0,149.33333333333334,153.8,148.1,137.9031005859375,139.80000045776367,186.2708536529541,15.896899414062517,3.750320219995346,7927300,False,False
GTRA.JK,232.0,233.33333333333334,234.4,231.6,208.05,199.58,222.61,17.409999999999997,5.577276798706965,29300,False,False
GTBO.JK,170.0,170.0,170.0,170.0,170.0,179.74,200.35,9.740000000000009,0.0,0,False,False
GSMF.JK,87.0,86.66666666666667,87.8,87.0,84.7,87.28,97.49,3.0999999999999943,3.7089975043557906,563200,True,False
GRPM.JK,238.0,230.0,234.0,237.4,257.5,249.68,284.62,13.75,4.848099875546512,286700,False,False
GRPH.JK,61.0,60.333333333333336,59.8,59.6,58.5,59.22,59.21,2.5,1.6750801080043238,591000,True,False
GRIA.JK,118.0,119.0,118.2,115.5,112.0,119.32,111.1,7.319999999999993,3.4262830426565096,1753900,False,False
GPSO.JK,278.0,285.3333333333333,304.4,318.4,305.4,383.24,369.52,52.620000000000005,6.948304977581348,4009400,False,False
GPRA.JK,99.0,99.0,102.0,101.8,100.65637245178223,100.84274459838868,104.63460571289062,3.0,4.269919169900248,117034100,False,False
GOTO.JK,50.0,50.0,50.0,50.0,50.0,50.0,51.6,0.0,0.0,5519600,True,False
GOOD.JK,296.0,295.3333333333333,298.8,301.6,302.2,314.8,327.398466796875,9.733333333333348,1.2087432702579366,34500,False,False
GOLF.JK,158.0,158.0,161.0,165.6,166.7,164.2145718383789,177.27179672241212,8.699999999999989,1.9798841487596035,526600,False,False
GOLD.JK,268.0,277.3333333333333,270.8,267.6,255.1,257.2,270.76,11.11666666666666,5.061293434449851,132700,False,False
GMTD.JK,1240.0,1255.0,1253.0,1269.5,1291.75,1431.7,1524.922579345703,38.34000000000001,3.2472460190952934,4900,False,False
GMFI.JK,55.0,54.666666666666664,54.4,53.7,52.85,52.46,57.07,2.539999999999999,1.774473714812042,42609500,True,False
GLVA.JK,306.0,304.6666666666667,306.0,305.2,297.5,307.2326849365234,318.89878631591796,4.866342468261706,1.9055048939638002,1700,True,False
GJTL.JK,1210.0,1176.6666666666667,1163.0,1150.0,1131.5,1119.8649243164064,1086.3061627197267,18.027015136718727,2.723644791973915,6955700,False,False
GIAA.JK,54.0,53.666666666666664,54.0,53.7,53.05,54.66,63.05,1.6099999999999994,2.125919226510578,6983200,True,False
GHON.JK,1625.0,1640.0,1640.0,1627.0,1603.5,1708.6,1753.05,21.019999999999982,1.0763784211145826,7100,False,False
GGRP.JK,292.0,294.0,294.4,294.4,292.1,291.8743560791016,281.51803619384765,1.2628219604492017,0.8744129405077252,276100,True,False
GGRM.JK,17925.0,17641.666666666668,17575.0,17360.0,16728.75,15820.05,15092.975,84.19800000000004,1.2666874886013069,343900,False,False
GEMS.JK,6550.0,6525.0,6585.0,6595.0,6420.0,6626.5,7425.75,8.26,1.3269209827977995,2800,False,False
GEMA.JK,81.0,81.33333333333333,81.6,80.9,79.45,79.57285629272461,83.03166488647462,2.1499999999999915,1.7851840692146026,87200,True,False
GDYR.JK,1100.0,1093.3333333333333,1097.0,1094.0,1090.25,1089.0,1099.0,2.2,1.4444329561899456,12700,True,False
GDST.JK,107.0,100.33333333333333,97.2,95.5,88.4,85.66,94.24,21.340000000000003,8.862753999778676,73450800,False,False
FWCT.JK,90.0,90.33333333333333,91.2,90.2,84.85,80.1,94.04,11.100000000000009,7.280989008767552,1158600,False,False
FUTR.JK,280.0,286.6666666666667,282.4,256.4,233.25,192.22,218.45,47.22333333333334,8.493345143285397,20668800,False,False
FUJI.JK,206.0,202.66666666666666,203.6,207.6,203.7,241.74,300.13,19.536666666666676,2.7408860065218645,58700,False,False
FPNI.JK,316.0,318.0,323.6,327.6,321.5,332.52,394.06,8.259999999999991,2.178908416887814,369900,False,False
FORU.JK,3050.0,3096.6666666666665,3148.0,3002.0,3025.5,2691.3,1995.7,45.66999999999998,7.88793568094468,318100,False,False
FORE.JK,635.0,641.6666666666666,648.0,634.0,624.25,690.3,722.41,13.20999999999999,3.22717542855532,1419300,False,False
FOOD.JK,176.0,176.0,176.0,176.0,176.0,171.98,193.91,4.02000000000001,0.0,0,True,False
FOLK.JK,210.0,210.0,213.2,217.4,211.05,204.26,292.53,6.570000000000007,3.5790839024648484,1787900,False,False
FMII.JK,252.0,245.33333333333334,247.2,248.2,250.1,244.2,241.6,3.9000000000000057,2.2122003307254565,11900,True,False
FLMC.JK,75.0,74.33333333333333,72.0,65.1,58.7,93.5,123.32,34.8,4.815820307293294,1177100,False,False
FITT.JK,348.0,349.3333333333333,351.2,359.8,371.3,367.92,408.11,11.650000000000006,0.8191862503146045,186100,False,False
FISH.JK,635.0,630.0,640.0,638.5,626.25,631.8523608398438,697.7322045898437,2.75,2.886655023597791,13200,True,False
FIRE.JK,107.0,107.66666666666667,108.8,108.8,105.65,105.54,126.24,3.259999999999991,1.7303182367674013,1360200,True,False
FILM.JK,1015.0,1038.3333333333333,1102.0,1290.5,1467.0,1740.2,2551.75,145.04000000000002,4.031373378595085,4131500,False,False
FAST.JK,286.0,287.3333333333333,289.2,281.2,274.9,250.72,284.6,19.239999999999995,2.519397810511925,270300,False,False
FAPA.JK,7300.0,7300.0,7295.0,7307.5,7354.761865234375,7255.56919921875,6963.321977539063,3.9677066406250017,0.8003715278118548,1000,True,False
EXCL.JK,2430.0,2403.3333333333335,2460.0,2520.0,2501.5,2589.8,2793.7,18.64666666666667,2.151434095650999,1253400,False,False
EURO.JK,1970.0,1990.0,2009.0,1910.0,1817.0,1767.6137524414062,2103.8786328125,48.277249511718765,3.886250156804791,33300,False,False
ESTI.JK,133.0,132.33333333333334,134.2,133.0,129.25,125.74688140869141,146.89720306396484,8.45311859130858,2.7664594320840576,2123300,False,False
ESTA.JK,190.0,187.33333333333334,185.8,182.7,181.9,185.4,189.53,8.099999999999994,2.6516045950113103,224700,False,False
ESSA.JK,610.0,620.0,625.0,614.0,585.0,590.6367846679688,654.3035614013672,8.0,2.8844520020530453,11911000,False,False
ESIP.JK,133.0,136.33333333333334,134.2,132.5,130.7,128.18,116.49,8.153333333333336,2.870029606263476,27257600,False,False
ERTX.JK,168.0,168.66666666666666,171.4,160.2,152.6,148.24,180.95,23.159999999999997,6.52533549797594,74100,False,False
ERAL.JK,296.0,292.0,292.8,288.2,283.7,274.6039105224609,291.32601837158205,10.69804473876954,2.0560373603997086,4974000,False,False
ERAA.JK,390.0,394.0,397.2,380.8,361.87049102783203,347.8202130126953,358.29234375,24.689893493652335,3.075414451116228,28358700,False,False
EPMT.JK,2270.0,2286.6666666666665,2298.0,2313.0,2324.0,2308.4,2327.1,5.4,1.3909864070269582,7100,True,False
EPAC.JK,62.0,61.333333333333336,63.0,66.1,69.35,66.98,63.07,8.016666666666659,3.163954082716422,21260100,False,False
ENZO.JK,65.0,64.33333333333333,65.4,66.6,67.0,67.56,70.62,3.2266666666666737,1.868472160935875,574600,True,False
ENRG.JK,1365.0,1410.0,1459.0,1430.0,1301.75,1317.9,1514.55,31.45,4.0512709685376596,26742000,False,False
ENAK.JK,246.0,250.0,255.2,256.4,268.7,271.76,327.05,12.879999999999995,6.361193560337679,297700,False,False
EMTK.JK,520.0,518.3333333333334,526.0,530.0,519.65,556.0941589355468,678.7691986083985,7.552165120442692,1.9344416683301267,8523300,False,False
EMDE.JK,70.0,69.66666666666667,69.8,70.1,69.55,65.6,72.13,4.5,1.0521120768955552,6004200,True,False
EMAS.JK,6175.0,6166.666666666667,6085.0,5905.0,5791.25,6554.5,7511.0,30.53,1.5366883185413598,3393000,False,False
ELTY.JK,36.0,34.333333333333336,32.6,28.2,25.25,26.9,34.54,10.75,4.351248562172234,31341300,False,False
ELSA.JK,675.0,665.0,677.0,663.5,630.5,594.3101416015625,648.8145153808593,16.53797167968751,2.7535574203640616,11248200,False,False
ELPI.JK,915.0,911.6666666666666,936.0,971.5,1023.0729675292969,1194.7819921875,1451.9541284179688,56.62306510416668,3.549927899720942,141500,False,False
ELIT.JK,179.0,176.66666666666666,176.6,174.9,172.6,175.16,191.07,6.400000000000006,2.1395921296948814,1302900,False,False
EKAD.JK,166.0,167.66666666666666,168.6,168.9,168.85,165.0255548095703,167.89055374145508,3.8744451904296966,0.966515937508116,52000,True,False
ECII.JK,155.0,153.0,152.2,149.8,141.45,139.1,166.3,15.900000000000006,7.546406706919213,1108800,False,False
EAST.JK,91.0,90.33333333333333,90.6,90.5,89.3,88.66,88.40414947509765,2.3400000000000034,0.6280953919965062,75600,True,False
DYAN.JK,80.0,79.66666666666667,80.4,80.4,79.35,78.28,80.55,2.1200000000000045,1.4288934922906091,280700,True,False
DWGL.JK,228.0,229.33333333333334,229.6,228.8,224.9,240.36,252.58,7.730000000000004,2.0110899460617526,11600,False,False
DVLA.JK,1580.0,1578.3333333333333,1579.0,1574.0,1551.0,1523.4260327148438,1532.7323156738282,11.314793457031238,0.5687343784243374,400,False,False
DUTI.JK,4290.0,4290.0,4268.0,4201.0,4145.0,3928.923232421875,3816.831865234375,36.107676757812484,0.733025828606739,2100,False,False
DSSA.JK,850.0,858.3333333333334,871.0,852.0,828.5,749.66,1604.77,24.268000000000008,5.426171348632106,83849500,False,False
DSNG.JK,1290.0,1285.0,1293.0,1255.5,1206.75,1166.7915014648438,1350.0174682617187,25.241699707031238,3.1174752150740903,1591300,False,False
DSFI.JK,82.0,80.33333333333333,81.0,79.9,74.5,73.06,84.85,8.939999999999998,3.1048057515745766,1387600,False,False
DRMA.JK,935.0,916.6666666666666,914.0,916.0,907.0,930.6,938.7166668701171,5.6,1.3093892697243203,149300,True,False
DPUM.JK,98.0,98.33333333333333,99.2,98.9,97.15,129.76,136.41,32.609999999999985,2.1756197696901296,4464600,False,False
DOSS.JK,137.0,137.0,138.2,136.3,134.25,132.06690780639647,141.00957008361817,6.133092193603517,1.5710538408703603,111800,False,False
DOOH.JK,208.0,198.0,189.8,164.8,140.35,132.02,141.33,37.989999999999995,9.460950884780658,102434900,False,False
DOID.JK,218.0,220.0,223.6,218.0,207.15,205.96,234.34,8.819999999999993,2.922788664273608,402600,False,False
DNET.JK,9750.0,9783.333333333334,9740.0,9702.5,9747.5,9919.5,9550.75,8.68,1.6786699619173424,11200,False,False
DNAR.JK,121.0,121.33333333333333,120.4,118.5,115.05,114.6,126.42,6.733333333333334,2.1096272651399524,90700,False,False
DMND.JK,615.0,608.3333333333334,615.0,618.0,613.75,605.9639953613281,626.4037963867188,2.4072009277343795,2.144563453819059,2600,True,False
DMMX.JK,234.0,203.33333333333334,187.8,174.4,166.8,165.06776672363281,189.1879443359375,34.46611663818359,11.210709555684097,61487200,False,False
DMAS.JK,139.0,138.0,138.2,138.3,137.85,137.09105987548827,129.70294685363768,1.9089401245117301,1.0139179883218683,11896800,True,True
DLTA.JK,1765.0,1773.3333333333333,1775.0,1769.0,1760.1,1738.4399755859374,1762.668270263672,7.312004882812516,0.430893602263708,32900,False,False
DKHH.JK,64.0,63.333333333333336,63.6,63.5,62.2,61.2,65.91,2.799999999999997,1.7996068976466761,9351600,True,False
DKFT.JK,650.0,645.0,647.0,654.0,640.0,656.8,706.95,3.359999999999991,3.026943302695592,1086000,True,False
DIVA.JK,134.0,126.66666666666667,124.2,120.6,113.8,117.34,134.91,20.200000000000003,5.979991320388799,48452500,False,False
DILD.JK,115.0,114.66666666666667,115.2,115.4,113.8,115.28,121.69,1.6000000000000085,1.0353703204075053,239400,True,False
DIGI.JK,29.0,29.0,29.0,29.0,29.0,30.98,32.52,1.9800000000000004,0.0,0,True,False
DGWG.JK,280.0,281.3333333333333,282.8,282.8,286.2,296.8205279541016,335.55374114990235,8.41026397705079,0.8479428508217219,5033600,False,False
DGNS.JK,236.0,240.0,237.2,230.8,229.3,230.24,258.88,5.349999999999994,2.116150784308511,84200,True,False
DGIK.JK,130.0,129.33333333333334,129.6,130.4,128.8,126.48,128.32,3.9200000000000017,0.8850604155462134,98000,True,False
DFAM.JK,84.0,84.0,84.8,84.0,82.75,92.98,96.6,10.230000000000004,1.349996300716892,9322200,False,False
DEWI.JK,120.0,119.0,119.6,120.4,119.65,119.1,122.53,1.4000000000000057,1.9355811000370413,39206000,True,False
DEWA.JK,450.0,444.6666666666667,449.2,418.0,368.9288726806641,345.807678527832,415.2355653381348,52.09616073608399,5.214962460096512,377608700,False,False
DEPO.JK,242.0,240.0,240.4,243.6,248.6431999206543,245.24882720947267,244.54831298828125,4.321599960327148,1.2077680363403576,355100,True,False
DEFI.JK,106.0,106.0,108.4,107.4,106.6,116.44,120.49,10.439999999999998,2.1059057182932897,2941700,False,False
DCII.JK,191375.0,189375.0,190025.0,192615.0,192533.75,190373.5,197144.75,129.6,1.623190127758126,800,False,False
DAYA.JK,975.0,975.0,976.0,979.0,976.5,1020.3,1018.55,9.059999999999992,1.425381628743733,300,False,False
DATA.JK,2020.0,1986.6666666666667,2008.0,2098.0,2112.0,1885.3,2293.5,22.670000000000005,3.9714079690285753,2380900,False,False
DART.JK,123.0,122.66666666666667,124.4,125.5,122.85,123.38,136.67,2.8333333333333286,1.9306633575352352,34200,True,False
DADA.JK,50.0,50.0,50.0,50.0,50.0,50.0,50.0,0.0,0.0,26100,True,False
DAAZ.JK,1560.0,1551.6666666666667,1555.0,1537.0,1530.0,1611.1755444335938,2104.8588806152343,16.235108886718763,2.3825258880030447,13900,False,False
CYBR.JK,555.0,561.6666666666666,565.0,574.5,582.75,597.6,634.375,8.520000000000005,1.2229959398094339,612700,False,False
CUAN.JK,690.0,693.3333333333334,711.0,684.5,652.5,644.62,953.21,13.276,4.81057354930741,56886700,False,False
CTTH.JK,127.0,125.33333333333333,129.0,128.7,122.45,137.62,124.77,15.170000000000002,9.757162034336691,3199800,False,False
CTRA.JK,570.0,570.0,575.0,573.5,556.6131561279296,559.34630859375,612.3926171875,3.6773687744140715,1.5965425496470496,1985300,True,False
CTBN.JK,4490.0,4543.333333333333,4604.0,4747.0,5077.25,5344.170517578125,5340.683505859375,85.41705175781253,1.5195676108971028,15700,False,False
CSRA.JK,785.0,783.3333333333334,788.0,776.0,767.25,778.3,850.8,4.15,1.9300428935283311,17200,True,False
CSMI.JK,75.0,75.0,76.0,76.3,76.35,77.02,86.35,2.019999999999996,2.38271688139328,1103200,True,False
CSIS.JK,177.0,178.0,177.2,175.2,164.4990005493164,152.56880081176757,162.2696019744873,25.431199188232426,2.374240275623219,149400,False,False
CSAP.JK,274.0,276.6666666666667,283.2,286.4,285.8027587890625,275.62509887695313,280.2997222900391,6.199999999999989,1.9050463656276613,900,False,False
CRSN.JK,104.0,103.33333333333333,103.6,103.1,101.25,100.8564437866211,105.52579711914062,3.1435562133789006,1.7842197453916113,198100,True,False
CRAB.JK,208.0,208.0,208.0,208.0,208.0,208.44,215.06,0.21999999999999886,0.0,0,True,False
CPRO.JK,51.0,50.666666666666664,50.8,50.6,50.3,50.56,53.61,0.7000000000000028,1.7350983209577069,4881100,True,False
CPIN.JK,3140.0,3170.0,3206.0,3157.0,3132.5,3408.330068359375,3663.0872631835937,27.58300683593752,1.9115830718846667,1915500,False,False
COIN.JK,710.0,710.0,738.0,723.0,688.75,739.0,989.2,10.05,4.044017801756982,1894000,False,False
COCO.JK,115.0,115.0,124.2,128.8,141.79766235351562,178.13169082641602,264.845845413208,63.13169082641602,7.889170838322436,566396500,False,False
COAL.JK,22.0,22.333333333333332,22.6,21.5,21.75,32.44,47.28,10.939999999999998,5.786318017664833,4324300,False,False
CNMA.JK,92.0,91.33333333333333,91.8,91.9,90.4,90.24,95.30579696655273,1.7600000000000051,2.095057463928876,455700,True,False
CNKO.JK,37.0,37.0,37.0,37.0,37.0,39.1,49.01,2.1000000000000014,0.0,0,True,False
CMRY.JK,4690.0,4670.0,4640.0,4617.0,4580.5,4494.0,4516.150029296875,19.6,1.8575955313822656,228100,False,False
CMPP.JK,69.0,69.0,69.0,69.0,69.0,70.5,77.34,1.5,0.0,0,True,False
CMNT.JK,805.0,795.0,790.0,790.0,791.25,790.7,776.05,3.0,0.8000665547680967,19054100,True,True
CMNP.JK,1350.0,1348.3333333333333,1347.0,1345.5,1345.75,1361.3,1419.7,3.159999999999991,0.5743661708834076,9000,True,False
CLPI.JK,1525.0,1535.0,1543.0,1540.5,1504.25,1466.7700146484376,1450.6096850585936,15.245997070312479,0.8741395235092956,7700,False,False
CLEO.JK,376.0,374.6666666666667,377.2,379.6,379.8,377.25868896484377,387.9658871459961,2.566666666666663,0.9101790134798556,1123900,True,False
CLAY.JK,2300.0,2326.6666666666665,2368.0,2421.0,2517.0,2677.0,2736.3,37.7,2.405183138715113,6200,False,False
CITY.JK,174.0,169.33333333333334,170.6,170.8,166.85,159.5,173.09,14.5,2.274503770134171,7560500,False,False
CITA.JK,3250.0,3286.6666666666665,3300.0,3275.0,3159.0,3112.7222607421877,3403.8935473632814,18.72777392578123,1.1854940875342368,15100,False,False
CINT.JK,175.0,173.0,173.2,170.2,166.35,168.94,186.07,8.650000000000006,2.0514447733118892,43000,False,False
CHIP.JK,920.0,920.0,925.0,933.5,932.3963012695312,945.1866674804687,1017.8625567626954,5.037333496093742,0.7188840857890573,10000,True,False
CHEM.JK,64.0,63.666666666666664,65.6,65.6,63.4,63.26447631835938,78.26482887268067,2.335523681640616,2.9032026518684235,785200,True,False
CHEK.JK,132.0,131.33333333333334,131.6,131.5,127.55,124.18,131.67,7.819999999999993,1.8578002629943802,9000,False,False
CGAS.JK,153.0,152.66666666666666,154.0,154.6,149.65,152.51722076416016,158.45999786376953,4.949999999999989,1.8501750979584346,145100,True,False
CFIN.JK,336.0,334.6666666666667,338.0,336.6,331.7,312.7985223388672,302.28117095947266,12.6007388305664,1.1313979688963016,1481400,False,False
CENT.JK,83.0,83.0,83.0,80.9,77.35,76.3,90.02,6.700000000000003,2.5626860872284007,237200,False,False
CEKA.JK,2180.0,2170.0,2178.0,2175.0,2160.5,2152.1109375,2166.109765625,2.788906249999991,0.8822093129139622,17100,True,False
CDIA.JK,680.0,686.6666666666666,703.0,679.5,648.75,686.3359106445313,831.703119506836,10.85,4.147821249497052,13129400,False,False
CCSI.JK,250.0,249.33333333333334,249.6,249.2,249.5,248.04,252.84,0.980000000000004,0.757308354022497,9400,True,False
CBUT.JK,810.0,813.3333333333334,816.0,808.0,797.5,691.32,774.86,24.93599999999999,0.9789887436734623,3900,False,False
CBRE.JK,690.0,696.6666666666666,718.0,729.5,709.75,721.8,792.75,7.9,4.821515516130294,3818600,False,False
CBPE.JK,286.0,288.0,289.2,288.4,284.64853820800784,284.3150317382813,297.07006774902345,2.4424841308593557,1.1018927112931527,246500,True,False
CBDK.JK,3510.0,3540.0,3614.0,3587.0,3489.5,3604.50375,4198.311416015625,12.45,2.17198610140785,256100,False,False
CASS.JK,1885.0,1866.6666666666667,1865.0,1860.0,1850.0,1803.0,1867.4,16.4,0.8995667691268274,13900,False,False
CASH.JK,236.0,240.66666666666666,231.6,216.6,203.05,189.98,193.99,25.343333333333334,5.533715975699584,533900,False,False
CASA.JK,1810.0,1825.0,1851.0,1827.0,1848.75,1673.1,1503.3,35.58000000000002,4.1831207213996455,2500,False,False
CARS.JK,90.0,89.0,89.8,87.7,85.35,87.18,92.25,4.650000000000006,2.381195369266794,197700,True,False
CARE.JK,416.0,417.3333333333333,419.2,423.2,424.4,414.96,415.78,4.719999999999999,0.4552242920820091,42300,True,False
CANI.JK,135.0,135.0,135.0,135.0,135.0,135.36,142.89,0.36000000000001364,0.0,0,True,False
CAMP.JK,170.0,169.66666666666666,170.0,170.0,169.4,175.2,188.68,5.799999999999983,1.0544972056705086,23600,True,False
CAKK.JK,134.0,132.33333333333334,135.4,136.3,136.0,140.16,151.74,7.826666666666654,2.6817930000754315,58500,False,False
BYAN.JK,12100.0,12050.0,12065.0,11952.5,11703.75,10894.9142578125,11351.42625,48.20342968750003,1.221067750390347,1600,False,False
BWPT.JK,78.0,78.33333333333333,79.4,78.6,76.7,78.58,102.76,2.700000000000003,2.59257081928528,14514400,True,False
BVIC.JK,91.0,91.66666666666667,92.2,90.7,85.45,87.96,97.43,6.75,3.5610684807933355,230400,False,False
BUVA.JK,850.0,846.6666666666666,882.0,904.0,865.0,798.7,957.4,21.05999999999999,5.458417214354096,54504300,False,False
BUMI.JK,171.0,170.66666666666666,172.6,163.7,152.1,156.5,193.99,20.5,4.360981353542656,961246500,False,False
BULL.JK,424.0,426.0,411.2,393.0,359.5,363.24,406.82,33.25,4.933586772124706,165200600,False,False
BUKK.JK,1055.0,1060.0,1071.0,1088.5,1090.0,1019.4,1189.1,14.120000000000005,1.757692741444355,1600,False,False
BUKA.JK,121.0,119.0,117.6,113.0,105.55,110.58,128.65,15.450000000000003,3.200044192561143,89373800,False,False
BUDI.JK,208.0,205.33333333333334,206.0,206.0,205.2,205.68,208.8,1.4000000000000057,1.022514916895598,1500,True,False
BUAH.JK,505.0,508.3333333333333,511.0,512.5,510.75,510.6237554931641,508.6324157714844,1.5,0.6573666839100197,127500,True,False
BTPS.JK,965.0,976.6666666666666,995.0,1013.5,1004.0,977.0,999.4009985351563,9.7,1.6028457774876752,1622400,False,False
BTPN.JK,2180.0,2200.0,2226.0,2231.0,2199.0,2200.7,2119.3318530273436,5.1,1.4561392792093757,1500,True,False
BTON.JK,362.0,364.6666666666667,366.4,355.6,352.4,357.28,368.94,7.0,4.0903912821091994,300,False,False
BTEK.JK,11.0,11.333333333333334,11.6,11.2,10.75,10.86,12.88,0.8499999999999996,6.590551095196365,20169300,False,False
BSSR.JK,4230.0,4246.666666666667,4266.0,4273.0,4178.0,3884.6762744140624,3732.3457641601562,38.83237255859376,0.6711839603285453,308500,False,False
BSML.JK,515.0,518.3333333333334,518.0,518.5,516.65,464.66,417.27,10.767999999999995,1.201828954619671,19368900,False,False
BSIM.JK,710.0,698.3333333333334,704.0,699.0,696.25,728.6,813.15,6.470000000000004,1.9068363352948308,13500,False,False
BSDE.JK,565.0,568.3333333333334,577.0,575.5,566.25,594.5,682.0,5.9,1.9118395496866696,1697900,True,False
BSBK.JK,52.0,52.0,52.6,52.3,51.9,51.82,55.7,0.7800000000000011,1.780026896430948,12525400,True,False
BRRC.JK,57.0,56.333333333333336,57.8,59.4,58.5,58.26,69.36,3.066666666666663,2.5065193153911607,511000,True,False
BRPT.JK,1740.0,1736.6666666666667,1766.0,1757.0,1658.7604370117188,1648.8214868164061,1737.7071911621094,23.43570263671877,2.6728151376011904,24858100,False,False
BRNA.JK,605.0,603.3333333333334,599.0,600.0,591.25,596.6,633.15,2.75,1.7802503766795423,19700,True,False
BRMS.JK,570.0,576.6666666666666,589.0,580.0,543.55,565.8,690.95,9.090000000000009,3.9248497533241817,67995800,False,False
BRIS.JK,1830.0,1840.0,1864.0,1846.5,1794.75,1808.3,1909.594276123047,13.85,3.504544415305994,2176200,False,False
BREN.JK,3450.0,3486.6666666666665,3562.0,3501.0,3409.0837280273436,3428.0301025390627,4523.57193359375,15.291627197265644,3.0054279430372723,4477600,False,False
BRAM.JK,4540.0,4480.0,4466.0,4498.0,4493.5,4436.341606445312,4378.444841308594,10.365839355468779,1.0978806075050984,400,False,False
BPTR.JK,74.0,74.0,74.6,73.1,70.25,70.98,76.8,4.349999999999994,2.9960723535742573,282600,True,False
BPII.JK,434.0,435.3333333333333,438.4,437.4,436.9,447.76,457.74,6.8799999999999955,1.4112378186698167,1700,False,False
BPFI.JK,264.0,262.0,260.4,254.2,248.79429321289064,250.46991607666016,256.8343113708496,7.602853393554682,2.373405091656408,20000,False,False
BOLT.JK,790.0,791.6666666666666,795.0,792.0,786.0,784.5,830.7040417480468,2.1,1.4548990030748605,600,True,False
BOLA.JK,162.0,163.33333333333334,163.8,163.1,157.55,152.78,159.51,11.02000000000001,1.4844976298808576,42400,False,False
BOGA.JK,1525.0,1508.3333333333333,1529.0,1517.5,1527.75,1372.6,1400.65,31.28000000000002,2.309205355480267,500,False,False
BOBA.JK,230.0,228.0,231.2,235.4,249.0,274.72391540527343,237.59412307739257,23.361957702636715,1.9228023396826908,131100,False,False
BOAT.JK,130.0,129.0,128.2,120.2,113.1,111.74,128.31,18.260000000000005,3.941260083745062,1062200,False,False
BNLI.JK,2340.0,2346.6666666666665,2368.0,2364.0,2363.0,2677.0,2938.7963208007814,33.7,1.2032331556799265,1000,False,False
BNII.JK,187.0,188.0,189.2,189.7,189.3,189.22,194.66208435058593,2.6999999999999886,0.4993296321743987,157500,True,False
BNGA.JK,1650.0,1648.3333333333333,1651.0,1630.0,1595.5,1592.2,1624.9736779785155,11.759999999999991,0.9023342761907394,164800,False,False
BNBR.JK,106.0,105.66666666666667,108.0,100.9,93.7893611907959,100.93284805297851,132.51768531799317,14.210638809204099,8.36440003376297,499745500,False,False
BNBA.JK,735.0,736.6666666666666,741.0,745.5,744.0,721.9,727.4,4.720000000000004,0.9531883559883924,19900,True,False
BMTR.JK,115.0,115.0,117.4,118.7,115.85,118.72,133.81,3.719999999999999,2.8642738561107226,53913200,True,False
BMSR.JK,312.0,313.3333333333333,315.6,312.4,301.8,296.88,311.38,9.360000000000014,3.0197052442117793,5800,False,False
BMRI.JK,4150.0,4146.666666666667,4248.0,4316.0,4174.0,4147.0,4238.778920898438,16.9333333333333,2.5824354054148495,44655200,False,False
BMHS.JK,190.0,183.33333333333334,182.0,179.9,176.85,178.49853881835938,182.52637619018554,13.150000000000006,1.9733316571498853,8594100,False,False
BMBL.JK,32.0,31.666666666666668,32.0,31.3,31.5,31.96,33.71,0.6999999999999993,4.4114551712438965,640700,False,False
BMAS.JK,498.0,484.0,489.6,487.4,479.7,483.34,491.62,9.150000000000006,3.0680656553909658,300,False,False
BLUE.JK,2870.0,2886.6666666666665,2902.0,2899.0,2903.0,3056.26234375,3220.2614624023436,18.626234375000013,1.42694867952741,68100,False,False
BLTA.JK,34.0,33.666666666666664,34.0,34.2,33.2,34.22,38.64,1.019999999999996,3.246054719522139,206800,True,False
BLOG.JK,360.0,367.3333333333333,375.2,372.2,357.1,341.4289666748047,353.6465530395508,16.885516662597638,3.5885316894716204,235700,False,False
BLES.JK,187.0,171.66666666666666,167.8,156.9,148.4,142.7136001586914,145.55006240844727,44.286399841308594,5.272511936927312,23288200,False,False
BKSW.JK,53.0,53.0,53.0,52.7,51.9,52.3,55.48,1.1000000000000014,0.8188380769486862,37900,True,False
BKSL.JK,68.0,68.33333333333333,69.6,68.6,65.2,67.34,89.23,4.3999999999999915,2.561078643217315,44423800,True,False
BKDP.JK,146.0,147.0,150.2,150.2,125.6,123.38,95.27,26.819999999999993,4.42799440179074,1628200,False,False
BJTM.JK,515.0,516.6666666666666,520.0,521.0,515.25,514.1076000976562,517.6609500122071,1.3784799804687509,0.9578154205174988,1404800,True,False
BJBR.JK,775.0,778.3333333333334,783.0,781.5,772.0,766.3,763.2116845703125,3.340000000000009,0.8481209320488516,432900,True,False
BISI.JK,650.0,648.3333333333334,653.0,650.5,641.75,667.0187231445312,728.4851098632812,5.053744628906247,1.5509672521359665,26000,True,False
BIRD.JK,1610.0,1608.3333333333333,1615.0,1617.0,1579.75,1483.7533959960938,1481.3637377929688,26.649320800781243,0.7701310002357653,40700,False,False
BIPP.JK,64.0,64.33333333333333,65.8,67.0,63.9,60.42,66.5,6.579999999999998,1.5721821096143822,3578900,False,False
BIPI.JK,146.0,148.0,154.4,151.3,138.2,150.64,196.1,16.200000000000017,4.558254580462109,188409800,False,False
BINO.JK,106.0,106.66666666666667,107.0,105.8,100.7,99.32,111.17,7.680000000000007,3.057266255395304,25700,False,False
BINA.JK,4080.0,4090.0,4142.0,4132.0,3990.5,3894.4,4095.5,24.75999999999999,3.559910060870423,41700,False,False
BIKE.JK,510.0,510.0,510.0,510.0,510.0,510.0,490.07,0.0,0.0,0,True,False
BHIT.JK,25.0,25.333333333333332,25.8,25.8,25.6,26.96,30.48,1.9600000000000009,3.596362570456244,4723100,True,False
BHAT.JK,1770.0,1770.0,1770.0,1770.0,1770.0,1426.7,1415.2,68.66,0.0,0,False,False
BGTG.JK,108.0,108.66666666666667,110.6,111.0,109.8,109.58,115.66,3.0,2.3520822399656685,359600,True,False
BFIN.JK,820.0,786.6666666666666,780.0,780.0,773.75,722.5666674804687,721.8953991699219,19.486666503906257,2.4306748181461,34742600,False,False
BEST.JK,101.0,100.66666666666667,101.6,102.0,100.05,99.08,103.36,2.9200000000000017,1.5289438426386066,232500,True,False
BESS.JK,900.0,893.3333333333334,904.0,904.5,918.0,939.8453991699218,1077.9615045166015,9.302413167317695,2.2876365934760874,4600,False,False
BELL.JK,114.0,114.66666666666667,118.2,116.5,111.6,105.98,129.61,12.219999999999999,4.387362548445519,3882500,False,False
BELI.JK,252.0,254.0,255.6,258.2,263.9,290.28,345.74,19.139999999999986,1.258743365333338,247300,False,False
BEKS.JK,21.0,21.0,21.2,21.2,20.85,21.32,24.45,0.46999999999999886,3.1796570358499565,1047000,True,False
BEER.JK,75.0,75.66666666666667,76.6,78.0,78.45,83.58,111.05,8.579999999999998,1.718409961174901,864300,False,False
BEEF.JK,346.0,342.0,339.2,305.8,271.2,200.86,220.5,72.57,5.20874564821951,3773100,False,False
BDMN.JK,4120.0,4090.0,4108.0,4169.0,4043.0,4170.6,3624.750998535156,12.760000000000037,1.1323093361876142,220600,False,False
BDKR.JK,150.0,149.33333333333334,149.2,147.5,146.5,139.88869491577148,146.95243812561034,10.111305084228519,2.2357341914809963,2026100,False,False
BCIP.JK,63.0,62.333333333333336,62.6,62.2,60.4,60.6,66.63,2.6000000000000014,1.0184661714408159,2950600,True,False
BCIC.JK,123.0,125.0,124.2,124.8,121.45,118.9,124.9,6.099999999999994,3.350216603413042,732600,False,False
BCAP.JK,50.0,50.0,50.4,50.2,50.1,50.06,51.01,0.3999999999999986,0.9336024218017578,115600,True,False
BBYB.JK,244.0,244.0,249.6,249.4,233.1,237.36,274.48,8.25,4.512772798350376,2478800,False,False
BBTN.JK,1220.0,1215.0,1233.0,1237.0,1200.25,1215.1,1270.3,7.35,2.082479768986555,2241300,False,False
BBSS.JK,95.0,95.0,96.4,96.3,96.05,106.16,142.52,11.159999999999997,2.9929971437807543,102100,False,False
BBSI.JK,4690.0,4690.0,4694.0,4701.0,4681.0,4580.0,4635.9,12.1,0.6517915286639122,2100,False,False
BBRM.JK,112.0,112.0,114.4,116.0,117.45,112.26,130.08,5.450000000000003,2.5765102740319255,504400,True,False
BBRI.JK,2950.0,2953.3333333333335,2974.0,2962.0,2868.5,2904.0,3071.8441528320313,10.55,1.6510607885339128,64721300,False,False
BBNI.JK,3520.0,3520.0,3554.0,3552.0,3450.5,3523.8,3681.3611303710936,10.35,1.168510820878746,4836300,False,False
BBMD.JK,1995.0,2000.0,1991.0,1967.5,1945.25,1932.5508813476563,1937.8819287109375,13.489823730468743,1.4827655791365402,63600,False,False
BBLD.JK,590.0,593.3333333333334,603.0,591.5,561.0,581.6705200195313,659.9029748535156,8.4,5.1878607238667245,13200,False,False
BBKP.JK,53.0,53.0,53.8,53.7,52.35,53.32,58.2,1.4499999999999957,2.0776076635512974,23927500,True,False
BBHI.JK,920.0,911.6666666666666,915.0,924.5,920.5044342041016,922.5709558105468,1089.9286907958985,2.5666666666666744,1.2953870360630269,20000,True,False
BBCA.JK,6275.0,6283.333333333333,6325.0,6345.0,6211.25,5999.5,6212.260483398438,13.82,1.8610436538502448,34821500,False,False
BAYU.JK,1140.0,1151.6666666666667,1154.0,1155.0,1141.25,1132.9222216796875,1198.498134765625,4.415555664062504,0.5703881996768848,25700,True,False
BAUT.JK,27.0,27.666666666666668,27.8,28.9,28.1,27.16,30.7,1.8999999999999986,3.1917763483286294,581400,True,False
BATR.JK,93.0,92.66666666666667,93.0,91.4,88.05,85.22206924438477,88.0029889678955,7.77793075561523,2.327801299089492,172600,False,False
BATA.JK,59.0,59.0,59.0,59.0,59.0,60.66,61.7,1.6599999999999966,0.0,0,True,False
BAPI.JK,18.0,17.0,16.0,15.5,15.8,17.6,23.15,2.5,5.598972212081653,5903800,False,False
BAPA.JK,172.0,176.66666666666666,192.0,218.8,279.8,256.12,201.54,107.80000000000001,10.342682752312514,5984300,False,False
BANK.JK,278.0,283.3333333333333,290.4,291.8,282.6,280.6,401.87,6.900000000000006,3.170102687820354,1669100,False,False
BALI.JK,1200.0,1210.0,1219.0,1230.0,1239.75,1233.7,1261.3,7.95,1.110286808544562,1200,False,False
BAJA.JK,276.0,221.0,198.6,182.7,171.4,156.06,154.92,59.97,12.652278979796325,47774500,False,False
BAIK.JK,720.0,716.6666666666666,715.0,703.0,681.5,615.38,527.65,20.924,1.5127120910076632,9462000,False,False
BACA.JK,115.0,114.33333333333333,115.6,114.2,107.9,111.94,124.52,7.699999999999989,5.943317785757203,286100,False,False
BABY.JK,196.0,189.66666666666666,192.6,190.2,180.8,173.02,202.62,22.97999999999999,3.6987384300292554,13665400,False,False
BABP.JK,50.0,50.0,50.0,50.0,50.0,50.06,51.05,0.060000000000002274,0.0,12700,True,False
AYLS.JK,151.0,150.33333333333334,151.8,152.3,152.85,140.34,167.22,12.509999999999991,2.955549165190833,279400,False,False
AYAM.JK,398.0,396.0,395.6,386.4,368.5,342.36,335.76,27.819999999999993,1.8351501174171698,25665600,False,False
AXIO.JK,111.0,110.66666666666667,112.8,113.1,111.2,107.90277252197265,109.46227935791016,5.197227478027344,1.891062816073813,61500,True,False
AWAN.JK,148.0,148.0,150.6,149.7,146.85,145.14,149.61,5.460000000000008,2.4084021732595042,175300,True,False
AVIA.JK,320.0,322.0,327.2,330.4,323.0,323.24,352.1567779541016,5.199999999999989,1.7144171197933629,998600,True,False
AUTO.JK,2700.0,2630.0,2634.0,2636.0,2529.0,2489.2,2511.593818359375,21.08000000000002,1.784820400625373,1629400,False,False
ATLA.JK,50.0,50.0,50.4,50.2,50.1,49.825468673706055,50.54995639801025,0.5745313262939433,0.9336024218017578,1513900,True,False
ATIC.JK,470.0,478.0,477.6,478.2,476.2,480.66,509.2,5.3300000000000125,1.702630396713681,77100,True,False
ATAP.JK,550.0,550.0,559.0,569.0,510.65,453.46,516.72,23.108000000000004,4.253280639579687,327800,False,False
ASSA.JK,595.0,598.3333333333334,607.0,617.0,604.0,603.6546875,732.7828125,4.4,1.9441341573914785,419100,True,False
ASRM.JK,264.0,264.0,265.2,262.4,255.1,253.1210510253906,269.0551083374023,6.0394744873046875,1.4472401147240914,3200,False,False
ASRI.JK,119.0,119.33333333333333,121.0,122.1,118.1,113.59999969482422,123.51052597045899,8.500000305175774,2.1234307840313225,1703100,False,False
ASPR.JK,152.0,149.33333333333334,150.8,152.9,149.0,187.03527770996095,212.80233657836914,38.03527770996095,4.277737377461489,13507800,False,False
ASPI.JK,404.0,406.0,411.2,433.4,444.95,392.3,383.37,26.32499999999999,3.894843977522849,209900,False,False
ASMI.JK,17.0,18.0,18.2,19.0,17.0,16.18,18.22,2.8200000000000003,5.232092987367809,4763700,False,False
ASLI.JK,196.0,198.0,203.6,199.5,198.45,214.24,275.32,18.24000000000001,4.353083146174742,570300,False,False
ASLC.JK,61.0,63.0,63.8,64.0,61.7,62.46,69.76,3.0,2.9896066879609924,17032300,True,False
ASJT.JK,159.0,158.33333333333334,157.6,161.7,161.3,160.86,174.5108236694336,4.099999999999994,2.2833919619239076,323800,True,False
ASII.JK,4980.0,4956.666666666667,5004.0,5022.0,4911.5,4949.4,5414.732915039062,11.05,2.160296123278059,9833600,False,False
ASHA.JK,57.0,56.666666666666664,58.0,58.2,56.4,57.8,66.32,1.8000000000000043,2.1788443401788866,1715100,True,False
ASGR.JK,1930.0,1915.0,1911.0,1910.0,1792.5,1606.6,1562.2522619628905,64.68000000000002,1.3888527606469323,252600,False,False
ASDM.JK,510.0,508.3333333333333,513.0,513.5,509.72572631835936,495.9599169921875,527.0883035278321,3.5080166015624967,1.4532200156617812,900,True,False
ASBI.JK,420.0,418.6666666666667,421.6,423.8,419.3,410.0264599609375,409.5379943847656,6.886770019531269,1.3825290900048752,3600,False,False
ARTO.JK,1205.0,1218.3333333333333,1265.0,1307.5,1178.0,1087.0,1224.6,44.1,4.799525040869652,2219900,False,False
ARTA.JK,2520.0,2513.3333333333335,2514.0,2510.0,2558.0,2389.9,2598.25,16.80999999999999,4.997096066204063,600,False,False
ARNA.JK,484.0,484.0,482.8,474.6,465.4,448.08,466.8084375,17.960000000000008,0.71014475177498,1589300,False,False
ARKO.JK,5125.0,5316.666666666667,5380.0,5126.5,4922.75,5323.5,6617.75,18.29,7.557677838729751,954900,False,False
ARKA.JK,22.0,22.0,22.0,22.0,22.0,25.1,28.84,3.1000000000000014,0.0,0,True,False
ARII.JK,270.0,270.0,271.2,271.2,273.1,274.68,279.18,2.3400000000000034,1.1084333921703198,4500,True,False
ARGO.JK,1170.0,1148.3333333333333,1134.0,1104.0,1043.25,922.8,956.2,49.44000000000001,1.5934042756446685,162400,False,False
AREA.JK,282.0,287.3333333333333,294.0,281.6,255.5,238.68,284.24,27.659999999999997,5.117594225999811,68600,False,False
ARCI.JK,1050.0,1051.6666666666667,1080.0,1082.0,1028.25,1054.1364892578124,1303.2158569335938,10.75,3.276434622359945,4448400,False,False
APLN.JK,127.0,126.33333333333333,129.8,133.6,126.45,130.0,147.96,7.266666666666666,4.085262219274671,2985200,False,False
APLI.JK,242.0,240.0,243.2,244.8,244.9,246.12076232910155,232.76859710693358,3.060381164550776,1.5950783090350154,23200,True,False
APII.JK,182.0,181.33333333333334,181.8,182.9,182.79340667724608,178.9197799682617,182.37197784423827,3.9802200317382983,0.7326666507771123,13200,True,False
APIC.JK,615.0,636.6666666666666,665.0,675.5,663.75,767.8,1087.65,30.55999999999999,4.074174742842426,468300,False,False
APEX.JK,146.0,146.66666666666666,148.0,143.6,136.25,134.04,166.45,13.960000000000008,2.6079946811975554,1586100,False,False
ANTM.JK,2940.0,2966.6666666666665,3020.0,3035.0,2945.0,2824.25046875,3204.2050830078124,21.074953125,2.1943955570644547,23898600,False,False
ANJT.JK,1375.0,1421.6666666666667,1452.0,1482.0,1452.75,1504.5,1584.9,25.9,2.6699008926338528,204300,False,False
ANDI.JK,17.0,17.333333333333332,18.0,18.2,17.6,17.7,21.56,1.1999999999999993,3.103029755723802,695000,True,False
AMRT.JK,1335.0,1340.0,1367.0,1362.0,1378.5,1347.948720703125,1389.1182800292968,8.7,2.490679063413398,11995000,False,False
AMOR.JK,344.0,345.3333333333333,346.0,345.2,333.4,330.92,338.08,7.539999999999992,1.359166507545809,3600,False,False
AMMS.JK,290.0,296.6666666666667,297.2,300.0,306.9,333.48,368.94,21.74000000000001,1.4744375990731584,26200,False,False
AMMN.JK,4090.0,4053.3333333333335,4106.0,4045.0,3758.0,3526.4,4400.3,57.959999999999994,3.3019412336881317,22812900,False,False
AMIN.JK,240.0,241.33333333333334,243.2,243.6,243.3,249.8,247.5,4.900000000000006,1.1883850573787704,900,True,False
AMFG.JK,3140.0,3213.3333333333335,3184.0,3129.0,3078.5781860351562,3006.731630859375,3097.9026489257812,20.660170247395854,1.929837385026845,2600,False,False
AMAR.JK,206.0,208.0,208.4,208.0,206.15,195.52165985107422,193.8139356994629,6.4391700744628935,0.9022638346379477,45800,False,False
AMAN.JK,258.0,258.6666666666667,261.2,263.4,262.1,256.44,273.62,3.4799999999999898,1.5109352426861795,19000,True,False
AMAG.JK,382.0,383.3333333333333,385.6,388.6,389.6,389.92,396.52242401123044,3.960000000000008,0.7221305958757217,800,True,False
ALKA.JK,1715.0,1488.3333333333333,1305.0,1009.5,764.25,634.84,654.19,216.03199999999998,10.523121404830993,151900,False,False
ALII.JK,740.0,743.3333333333334,748.0,749.0,733.75,765.6861389160156,795.9561370849609,6.387227783203116,2.1000860107069874,154300,False,False
ALDO.JK,850.0,811.6666666666666,836.0,767.0,728.6994567871094,707.9777648925781,646.6766412353516,28.404447021484383,9.083906923188815,114400,False,False
AKSI.JK,250.0,234.0,230.4,226.4,220.2,219.92,264.16,15.040000000000006,3.534511485599287,3125300,False,False
AKRA.JK,1435.0,1445.0,1446.0,1417.0,1354.25,1304.8,1334.4009741210937,28.24000000000001,2.660925619072433,6591200,False,False
AKPI.JK,496.0,496.0,495.2,494.6,489.85,489.23692321777344,499.6800704956055,3.3815383911132812,0.7066340023080926,300,True,False
AKKU.JK,38.0,38.0,38.0,38.0,38.0,38.0,38.04,0.0,0.0,0,True,False
AISA.JK,115.0,109.0,108.8,108.7,105.9,103.82,114.65,11.180000000000007,3.3204218038810436,35665800,False,False
AIMS.JK,380.0,373.3333333333333,368.4,370.2,393.3,394.24,416.12,12.920000000000016,6.855484634638659,26300,False,False
AHAP.JK,95.0,93.66666666666667,95.6,95.2,93.15,87.68,101.69,7.9199999999999875,2.278195335594999,2540100,False,False
AGRS.JK,61.0,61.333333333333336,61.6,61.3,60.6,61.48,65.74,1.0,1.4551554214769344,102100,True,False
AGRO.JK,146.0,146.33333333333334,148.8,149.2,144.5,149.58,166.86,5.0800000000000125,2.1276616349073354,736500,True,False
AGII.JK,2950.0,2860.0,2902.0,2951.0,2928.5,2770.7337841796875,2984.3399072265624,18.026621582031247,2.9076361505329116,46700,False,False
AGAR.JK,630.0,630.0,630.0,514.8,360.3,276.92,256.38,70.616,13.07753118672468,0,False,False
AEGS.JK,43.0,43.0,43.6,42.7,40.35,41.54,46.41,3.25,3.6634777396153186,357900,True,False
ADRO.JK,2500.0,2520.0,2536.0,2527.0,2433.5,2340.2,2366.6128173828124,19.58000000000002,1.4845702904232387,2532100,False,False
ADMR.JK,1495.0,1483.3333333333333,1514.0,1525.0,1477.0,1482.1,1673.99029296875,9.6,2.194235341131357,7174200,False,False
ADMG.JK,220.0,218.66666666666666,220.0,219.2,210.3,204.24,204.96,7.8799999999999955,1.6897061359769223,129300,False,False
ADMF.JK,8275.0,8241.666666666666,8260.0,8267.5,8142.5,8170.0,8203.821083984374,5.3,0.8625414797804295,8000,True,False
ADHI.JK,159.0,160.66666666666666,162.4,164.4,159.7,161.94,181.22,5.400000000000006,1.91703933802332,885100,True,False
ADES.JK,38300.0,37808.333333333336,36650.0,35307.5,34777.5,28570.0,22981.25,389.2,2.8501253946446696,46600,False,False
ADCP.JK,50.0,50.0,50.0,50.0,50.0,50.0,50.5,0.0,0.0,0,True,False
ACST.JK,86.0,87.0,87.4,84.9,80.65,78.62,90.7,8.780000000000001,2.4717945022380823,6500,False,False
ACRO.JK,61.0,61.0,61.6,61.8,60.95,59.715227890014646,65.2307548904419,2.0847721099853516,1.6112648036934265,870600,True,False
ACES.JK,348.0,351.3333333333333,354.4,352.8,345.7,331.2880731201172,338.11428009033204,11.555963439941394,1.0155273090356438,2509300,False,False
ABMM.JK,2510.0,2493.3333333333335,2512.0,2504.0,2399.5,2394.0,2643.3332958984374,11.8,1.4176899075883291,70200,False,False
ABDA.JK,3430.0,3430.0,3422.0,3411.0,3390.0,3380.6,3105.4,4.940000000000009,0.6790581079766864,200,True,False
ABBA.JK,30.0,30.0,30.0,30.0,30.0,32.84,37.77,2.8400000000000034,0.0,0,True,False
AALI.JK,6525.0,6541.666666666667,6550.0,6495.0,6313.75,6323.5,6943.621635742187,9.45,1.3517238629711246,146500,False,False
AADI.JK,8900.0,8908.333333333334,8955.0,8855.0,8478.75,8128.6592578125,8975.416826171875,33.0536296875,1.7677629116204714,1801400,False,False
