Ticker,Close,MA3,MA5,MA10,MA20,MA50,MA100,Range_Ticks,Vol_Pct,Volume,MA_Tight,Signal
ZYRX.JK,130.0,128.33333333333334,127.8,126.9,127.85,127.98,128.67,3.0999999999999943,1.2233586717114753,672800,True,False
ZONE.JK,650.0,636.6666666666666,630.0,636.5,668.25,705.4,589.8061715698242,15.079999999999995,1.9354138363426487,36700,False,False
ZINC.JK,30.0,30.0,30.0,30.0,30.0,30.0,30.0,0.0,0.0,0,True,False
YULE.JK,3590.0,3576.6666666666665,3574.0,3573.0,3606.5,3538.0,3446.2,6.85,0.5652841069622229,700,False,False
YPAS.JK,1175.0,1176.6666666666667,1185.0,1180.0,1238.75,1184.2,911.0,12.75,7.271764263230532,15700,False,False
YOII.JK,75.0,75.66666666666667,75.4,74.9,78.1,80.86,82.5,5.959999999999994,0.7562952672780537,13910700,True,False
YELO.JK,78.0,78.66666666666667,79.6,77.1,83.3,89.48,82.04,12.38000000000001,4.435858127881372,13327000,False,False
WTON.JK,73.0,73.33333333333333,72.6,70.2,73.4,76.86,75.83763381958008,6.659999999999997,3.3067469461603256,1158800,False,False
WSBP.JK,14.0,14.0,14.0,14.0,14.0,14.0,14.18,0.0,0.0,0,True,False
WOWS.JK,52.0,51.666666666666664,51.8,50.3,52.0,56.68,57.81,6.380000000000003,6.238534416549068,5924700,False,False
WOOD.JK,185.0,186.0,184.6,186.0,190.9,204.96,215.66,20.360000000000014,3.431756701557381,263100,False,False
WOMF.JK,278.0,278.6666666666667,279.2,274.8,277.0,274.96,266.68,2.1999999999999886,1.4075530154692368,55500,True,False
WMUU.JK,30.0,30.666666666666668,31.0,32.6,41.3,47.82,50.04,17.82,9.021080812973976,57308900,False,False
WIRG.JK,59.0,58.666666666666664,58.8,57.9,65.0,67.52,62.0,9.619999999999997,2.6372933430154637,24690300,False,False
WINS.JK,560.0,558.3333333333334,567.0,564.0,574.25,548.5,531.3126702880859,5.15,3.274683082176935,1998700,True,True
WINR.JK,27.0,26.666666666666668,26.4,26.1,25.9,24.3,23.27,2.6999999999999993,6.477449555095712,43494800,False,False
WINE.JK,127.0,128.66666666666666,128.0,127.9,128.8,132.8,142.8496841430664,5.800000000000011,1.0988267266134137,673000,True,False
WIIM.JK,1550.0,1535.0,1531.0,1504.5,1499.5,1622.6,1608.8916455078124,24.619999999999983,2.6409315865477248,1079600,False,False
WIFI.JK,1405.0,1401.6666666666667,1422.0,1521.0,1697.5,1896.3,1849.7499401855468,98.92666666666665,3.566926070665952,20512600,False,False
WIDI.JK,33.0,32.0,30.6,29.3,28.45,27.06,26.51,5.940000000000001,4.019544599524546,86915500,False,False
WGSH.JK,112.0,111.66666666666667,108.8,106.7,116.2,146.32,134.83,39.61999999999999,4.524894230354573,6128400,False,False
WEHA.JK,104.0,105.33333333333333,106.0,105.1,109.05,108.96,108.03206611633301,5.049999999999997,2.9632062055278774,798900,True,False
WEGE.JK,40.0,39.666666666666664,39.6,39.0,44.5,49.9,50.09,10.899999999999999,6.426713477262909,5860700,False,False
WAPO.JK,304.0,300.6666666666667,316.0,334.0,292.05,205.66,160.26,64.17,3.698586275730499,4396000,False,False
VTNY.JK,55.0,56.333333333333336,57.2,57.2,65.95,71.06,65.65,16.060000000000002,6.259071405552189,13776800,False,False
VRNA.JK,78.0,77.66666666666667,77.0,75.6,80.55,80.4,77.7,4.950000000000003,2.4116252636941433,111800,True,False
VOKS.JK,256.0,256.0,260.0,260.2,272.6,245.44,223.4,13.580000000000013,4.700061045825485,596100,False,False
VKTR.JK,645.0,646.6666666666666,655.537255859375,654.1318481445312,715.8159240722656,801.4263696289063,728.3431848144531,31.285273925781258,7.865655686352511,33292100,False,False
VIVA.JK,40.0,41.0,41.4,42.7,41.6,46.94,40.42,6.939999999999998,11.74418018467325,32747800,False,False
VISI.JK,1090.0,1045.0,1050.0,1088.5,1160.25,1034.5,984.45,25.15,6.367890846963352,710800,False,False
VINS.JK,139.0,139.0,139.4,139.9,142.5,142.58,139.97,3.5800000000000125,0.4814752925135891,390100,True,False
VICO.JK,155.0,154.0,153.2,153.1,157.9311767578125,147.90799896240233,140.04046966552735,10.023177795410163,2.6614751757567947,25300,False,False
VICI.JK,1250.0,1258.3333333333333,1175.0,1062.0,1075.25,875.5,728.3814633178711,76.56666666666665,6.929482630026733,15369000,False,False
VERN.JK,236.0,224.66666666666666,208.8,208.3,219.45,224.04,185.83,13.849999999999994,8.121741188551743,28378500,False,False
VAST.JK,110.0,108.0,106.8,104.8,111.8,113.22,115.06,8.420000000000002,3.5358754596971083,6705500,False,False
UVCR.JK,292.0,292.0,285.6,270.2,223.05,177.68,173.46446899414062,57.16,6.557236455208053,82941300,False,False
URBN.JK,300.0,306.0,304.8,301.0,271.8,238.08,222.32,33.959999999999994,4.714137057803742,493900,False,False
UNVR.JK,1595.0,1588.3333333333333,1587.0,1603.0,1615.25,1695.4,1678.7424353027343,21.680000000000017,1.1235773059155372,8187900,False,False
UNTR.JK,24800.0,24833.333333333332,25049.323046875,25208.85703125,24941.95380859375,24347.121796875,23937.23630859375,34.469409375000104,3.325681579029823,1103700,False,False
UNTD.JK,73.0,73.33333333333333,74.4,74.0,76.6,79.98,76.62,6.980000000000004,1.6524471283316082,16522300,False,False
UNSP.JK,340.0,351.3333333333333,355.2,344.0,289.7,239.48,230.98,57.86,5.589053085940447,10418600,False,False
UNIQ.JK,127.0,127.33333333333333,131.0,127.3,124.05,120.06,111.91,10.939999999999998,7.6246488791958775,3968000,False,False
UNIC.JK,15050.0,15000.0,15015.0,15007.5,15048.75,15028.5,13775.14630859375,2.0,0.644299441616867,11000,True,False
ULTJ.JK,2120.0,2113.3333333333335,2098.0,2073.0,2022.25,1707.9,1558.0,41.209999999999994,1.5630303036785218,11779800,False,False
UFOE.JK,142.0,144.0,143.2,142.1,142.15,142.32,139.25,2.0,2.438771887050806,666200,True,False
UDNG.JK,510.0,468.0,444.4,439.0,467.55,897.02,1105.81,91.604,7.187458948656687,6547600,False,False
UCID.JK,484.0,486.6666666666667,487.2,484.2,491.7,477.42,426.0282733154297,7.139999999999986,1.0639521801828857,119800,False,False
UANG.JK,2980.0,3073.3333333333335,3300.0,3477.0,3694.5,3156.2,2747.5,71.45,4.334142915741978,281500,False,False
TYRE.JK,107.0,108.0,108.4,108.1,109.6,111.86,110.66,4.859999999999999,0.7299399740386936,438400,True,False
TUGU.JK,1510.0,1498.3333333333333,1511.0,1489.5,1525.25,1401.4,1286.3,24.769999999999982,4.691421238397686,854100,False,False
TSPC.JK,2630.0,2626.6666666666665,2642.0,2636.0,2683.5,2740.0,2605.382209472656,11.333333333333348,1.0372235495257325,657100,False,False
TRUS.JK,450.0,450.6666666666667,452.8,447.8,449.4,437.6,389.12743896484375,7.599999999999994,1.3416714849473075,5600,False,False
TRUK.JK,2580.0,2580.0,2580.0,2580.0,2082.75,1309.44,857.86,127.056,0.0,0,False,False
TRUE.JK,52.0,58.0,56.4,51.4,57.8,53.12,59.72,6.600000000000001,14.220360901205927,235262600,False,False
TRST.JK,496.0,490.0,487.2,484.8,479.9,468.32,467.8952053833008,13.840000000000003,2.8802985154171674,108900,False,False
TRON.JK,76.0,77.66666666666667,78.8,77.6,88.75,97.16,97.54,21.159999999999997,5.498613083045404,2571500,False,False
TRJA.JK,120.0,120.0,119.6,120.9,125.15,122.58,117.76,5.550000000000011,2.1414659922077033,392200,True,False
TRIS.JK,170.0,170.33333333333334,170.2,169.9,171.05,170.68566528320312,166.21008575439453,1.1500000000000057,0.9932399552888472,43500,True,False
TRIN.JK,204.0,240.0,252.8,248.8,303.4,326.12,358.38,61.06,9.776078670074718,53301500,False,False
TRIM.JK,745.0,761.6666666666666,772.0,777.5,798.0,697.3,617.9291986083985,20.140000000000008,2.410539797785759,1005400,False,False
TRGU.JK,164.0,163.66666666666666,162.6,162.4,166.45,169.06,170.01,6.659999999999997,1.7826979964353635,11900,False,False
TPMA.JK,446.0,444.6666666666667,447.6,448.6,459.5,464.92,447.9902444458008,10.126666666666665,1.1148614391061022,484600,False,False
TPIA.JK,1675.0,1690.0,1712.0,1717.0,1777.0,1922.7,1971.0695361328126,49.540000000000006,2.0913961352812205,53663900,False,False
TOWR.JK,458.0,444.0,434.8,416.8,418.0,425.36,402.41376525878906,20.599999999999994,2.3560844798744975,157221700,False,False
TOTO.JK,242.0,240.66666666666666,240.4,240.4,241.0,238.0,236.42389739990233,2.0,0.5532627291323756,88000,True,False
TOTL.JK,1510.0,1490.0,1505.0,1512.5,1544.75,1459.8,1255.6082275390625,16.99000000000001,2.767629253879397,2669000,False,False
TOSK.JK,83.0,82.33333333333333,82.0,79.0,81.05,76.76,68.11806903839111,6.239999999999995,4.04380852423125,24168300,False,False
TOOL.JK,56.0,55.666666666666664,55.6,54.6,62.55,65.54,65.04,10.940000000000005,5.743503642212419,5766500,False,False
TOBA.JK,462.0,466.0,470.8,470.4,493.75,523.1,471.53,30.55000000000001,2.0556875036147786,2493300,False,False
TNCA.JK,175.0,174.0,175.4,171.2,175.8,170.84,158.82,4.960000000000008,2.521170817404695,139900,True,False
TMPO.JK,155.0,161.0,165.2,167.8,163.45,167.74,137.1,12.800000000000011,4.811557121169631,8130000,False,False
TMAS.JK,128.0,128.0,128.6,124.5,133.9,134.44,125.14201683044433,9.939999999999998,4.396811730410563,2618700,False,False
TLKM.JK,2320.0,2296.6666666666665,2292.0,2299.0,2421.0,2546.6,2574.5338623046873,25.45999999999999,1.9059771597704576,166319300,False,False
TLDN.JK,615.0,605.0,602.0,594.5,601.75,589.8,552.87,5.040000000000009,1.8551152027404378,2151800,True,True
TKIM.JK,7425.0,7333.333333333333,7320.0,7207.5,7351.25,7560.0,6682.990439453125,14.1,1.912712429860022,591100,False,False
TIRT.JK,590.0,590.0,590.0,590.0,590.0,590.0,563.5,0.0,0.0,0,True,False
TIRA.JK,302.0,308.0,304.4,328.4,357.1,401.52,494.84,49.75999999999999,4.366107875511386,111500,False,False
TINS.JK,4450.0,4543.333333333333,4586.0,4593.0,4669.0,4293.4,3825.1857104492187,37.56000000000004,1.9647522889003042,33423100,False,False
TIFA.JK,308.0,310.0,316.8,311.6,309.3,323.48,296.194328918457,7.740000000000009,8.841879574997582,102700,False,False
TGKA.JK,5075.0,4971.666666666667,4933.0,4909.5,4942.5,4962.9,4870.155703125,6.62,1.566884720954462,800,False,False
TFCO.JK,1030.0,893.3333333333334,874.0,850.0,841.75,837.7,746.5,38.459999999999994,12.870016705972787,228300,False,False
TFAS.JK,182.0,182.66666666666666,181.6,179.2,183.9,185.78,190.93,6.5800000000000125,3.5463332685748283,246700,False,False
TEBE.JK,2800.0,2726.6666666666665,2712.0,2615.0,2301.75,1809.1,1412.0,99.09,5.800844457247294,62494300,False,False
TCPI.JK,1625.0,1378.3333333333333,1362.0,1448.0,1523.0,2455.6,5229.04375,218.71999999999997,10.688062614574372,7134500,False,False
TCID.JK,2450.0,2463.3333333333335,2476.0,2482.0,2523.0,2610.4,2695.2157543945314,16.04000000000001,2.8161696779214807,300,False,False
TBMS.JK,1190.0,1203.3333333333333,1201.0,1200.5,1213.75,1209.9,1214.0818041992188,4.75,1.3352645616167982,5400,True,False
TBLA.JK,610.0,605.0,606.0,601.0,611.25,620.9,609.9044064331055,3.9799999999999955,1.412786806230051,435900,True,False
TBIG.JK,1400.0,1408.3333333333333,1417.0,1432.5,1443.5,1445.2,1422.3733984375,9.04000000000001,1.4489267120579739,152800,False,False
TAYS.JK,50.0,50.0,50.0,50.0,50.0,50.0,50.35,0.0,0.0,0,True,False
TAXI.JK,15.0,15.333333333333334,15.2,15.6,15.1,14.5,13.95,1.0999999999999996,12.49308408663773,117562400,False,False
TARA.JK,43.0,41.666666666666664,39.8,37.1,34.05,31.68,30.57,11.32,10.362600462526734,22698200,False,False
TAPG.JK,2010.0,2003.3333333333333,2002.0,1973.5,2056.25,2014.6842724609376,1742.848699951172,8.275,1.616221406009057,2879200,False,False
TAMU.JK,28.0,28.0,27.2,27.7,26.8,25.86,22.89,2.1400000000000006,13.945687291868273,39636800,False,False
TAMA.JK,192.0,194.0,194.0,189.1,192.2,216.36,195.73,27.26000000000002,4.430641578907191,210300,False,False
TALF.JK,635.0,635.0,645.0,653.0,672.0,734.3,690.8122772216797,19.859999999999992,2.7876238326278795,26300,False,False
SWID.JK,104.0,105.66666666666667,106.0,101.9,111.9,112.44,102.26438247680665,10.539999999999992,6.4466320869839135,759000,False,False
SURI.JK,84.0,84.66666666666667,84.4,81.3,82.85,79.96,72.43,4.706666666666678,3.2731205741684573,805200,True,False
SURE.JK,2900.0,2900.0,2940.0,2985.0,3010.0,2868.0,2829.9,14.2,1.0727152814891592,0,False,False
SUPA.JK,490.0,486.6666666666667,488.0,489.2,493.1,526.34,586.67,19.836666666666673,1.4763623140019408,8917800,False,False
SUNI.JK,650.0,645.0,637.0,642.5,661.0,692.0,661.8570202636719,11.0,3.5005045751662127,808400,False,False
SULI.JK,77.0,77.66666666666667,77.6,75.5,80.3,87.16,84.6,11.659999999999997,3.5391886452484993,4724000,False,False
STTP.JK,8600.0,8783.333333333334,8820.0,8875.0,9112.5,9377.5,9588.25,31.1,1.621557092831007,12300,False,False
STRK.JK,83.0,69.0,65.6,56.3,59.8,62.38,68.21,26.700000000000003,13.314508778063214,336336600,False,False
STAR.JK,382.0,390.0,399.2,363.2,378.1,375.04,352.32,18.0,9.97113121929482,39000,False,False
STAA.JK,1240.0,1231.6666666666667,1238.0,1217.0,1203.0,1175.0,1088.892344970703,13.0,1.5663627489786953,3162700,False,False
SSTM.JK,416.0,418.0,419.6,419.4,436.2,437.82,429.45,10.909999999999997,1.9858004801450158,70700,False,False
SSMS.JK,1070.0,1060.0,1061.0,1058.5,1076.75,1030.9,931.8,9.169999999999982,1.8960334152581995,9231600,False,False
SSIA.JK,1685.0,1695.0,1716.0,1693.0,1697.25,1730.6,1661.7419177246093,9.119999999999981,2.1571024681116575,3866100,False,False
SRTG.JK,1750.0,1758.3333333333333,1754.0,1753.0,1771.0,1807.6,1679.6707739257813,11.519999999999982,1.8215870820133797,570600,False,False
SRSN.JK,136.0,137.33333333333334,139.0,133.4,126.25,98.96,82.26761543273926,40.040000000000006,5.266640767785715,100588400,False,False
SRAJ.JK,13000.0,12975.0,12985.0,12992.5,13113.75,13366.5,12471.5,15.66,0.27275412395651466,1000,False,False
SQMI.JK,95.0,99.66666666666667,99.2,94.7,95.3,82.44,66.28,17.226666666666674,5.447921841688041,320412400,False,False
SPTO.JK,610.0,610.0,609.0,606.5,605.5,608.1,582.9206121826172,0.9,0.5246308778392275,694200,True,False
SPRE.JK,90.0,90.0,90.6,90.1,92.7,91.84,85.49,2.700000000000003,2.3983930785392236,997400,True,False
SPMA.JK,160.0,162.66666666666666,163.0,161.9,165.3,165.94,163.57999954223632,5.939999999999998,1.3964171606172036,397100,True,False
SOUL.JK,37.0,37.0,37.0,37.0,37.0,37.0,37.4,0.0,0.0,0,True,False
SOTS.JK,575.0,596.6666666666666,607.0,552.4,567.95,600.98,624.39,10.920000000000005,9.44050892381864,323500,False,False
SOSS.JK,1200.0,1050.0,1028.0,1084.0,1005.5,932.8,881.5,53.44000000000001,15.44801774793217,581500,False,False
SONA.JK,3070.0,3153.3333333333335,3186.0,3466.0,2908.0,2661.2,2427.8148291015623,80.48000000000002,13.38333412785328,33000,False,False
SOLA.JK,79.0,79.33333333333333,77.8,74.9,80.55,87.6,95.82,12.699999999999989,2.885544573002686,816900,False,False
SOHO.JK,1335.0,1340.0,1342.0,1323.5,1424.0,1333.2,1287.2672143554687,20.1,2.4671588402424063,42700,False,False
SOFA.JK,212.0,216.0,224.0,259.0,301.3,299.76,278.72,44.650000000000006,5.622667513614851,3600300,False,False
SOCI.JK,575.0,588.3333333333334,602.0,612.5,630.25,579.5,465.6054846191406,11.05,3.0524680891410974,13096800,False,False
SNLK.JK,234.0,237.33333333333334,237.6,237.0,241.6,233.6,231.08,4.0,2.5253817953061484,10302800,True,True
SMSM.JK,1690.0,1693.3333333333333,1692.0,1683.5,1694.0,1717.1730346679688,1675.2620715332032,6.73460693359375,0.7173381273361688,1182300,False,False
SMRA.JK,238.0,236.66666666666666,238.0,240.2,259.2,299.44,295.40587814331053,31.38666666666667,1.5117769447834628,13783500,False,False
SMMT.JK,3990.0,3610.0,3506.0,3457.0,3204.5,2524.1,2157.15,146.59,8.771557738333668,4963100,False,False
SMMA.JK,20150.0,20150.0,20100.0,20057.5,20036.25,20060.0,20374.0,4.55,0.4685282362389793,0,True,False
SMLE.JK,340.0,332.0,324.8,301.6,268.1,210.94,160.94,64.53,6.890547144865647,0,False,False
SMKM.JK,101.0,99.33333333333333,97.8,93.0,94.6,95.18,82.62,8.0,4.389087686502028,5473300,False,False
SMKL.JK,152.0,152.0,151.0,148.8,152.2,150.46,144.2552278137207,3.3999999999999773,2.0603800863255617,178800,True,False
SMIL.JK,486.0,480.6666666666667,475.6,459.0,444.7,422.52,357.24,31.74000000000001,1.5432318522711277,67048100,False,False
SMGR.JK,1580.0,1565.0,1551.0,1522.0,1556.0,1579.6,1568.99115234375,11.6,2.9604736964966074,9710400,False,False
SMGA.JK,83.0,85.0,85.8,84.5,85.15,82.14,75.21,3.6599999999999966,2.9948692793127316,4195300,True,True
SMDR.JK,416.0,413.3333333333333,413.2,402.2,399.4,352.4955194091797,315.8660263061523,31.75224029541016,2.931165831672169,16383000,False,False
SMDM.JK,464.0,469.3333333333333,475.2,481.2,505.9,534.86,538.89,35.43000000000001,1.6214308995753504,19600,False,False
SMBR.JK,151.0,151.66666666666666,151.4,150.5,159.3,165.68,161.24576400756837,15.180000000000007,2.727554165811839,2880000,False,False
SMAR.JK,8425.0,8333.333333333334,8500.0,7877.5,7045.0,6447.5,5693.975473632812,82.1,8.80834864910834,97300,False,False
SLIS.JK,73.0,73.66666666666667,74.2,72.7,78.35,82.52,72.85,9.819999999999993,3.1047475342027346,42258400,False,False
SKRN.JK,390.0,390.0,390.8,401.6,408.5,401.52,388.5785705566406,9.25,2.0211715918572812,34300,False,False
SKLT.JK,190.0,193.66666666666666,193.6,196.6,201.85,206.0,196.26,16.0,2.32145852863213,55100,False,False
SKBM.JK,494.0,493.3333333333333,493.6,492.6,510.2,529.48,536.63,18.439999999999998,0.8083956644086534,38800,False,False
SIPD.JK,810.0,806.6666666666666,798.0,790.0,835.5,813.9,772.25,9.1,4.762807774366182,3100,False,False
SINI.JK,15800.0,15850.0,16135.0,16972.5,16620.0,12398.0,10459.436298828125,182.98,6.0285997541259935,13766800,False,False
SIMP.JK,560.0,563.3333333333334,569.0,567.5,587.75,602.0,567.5082879638671,8.4,1.984217376308164,4648500,False,False
SILO.JK,1905.0,1910.0,1915.0,1964.0,1993.0,2135.2,2180.85,46.039999999999964,1.6905582835919999,803400,False,False
SIDO.JK,354.0,353.3333333333333,353.2,350.2,350.9,352.24,366.14,1.9000000000000057,0.7066655644167066,9066700,True,False
SICO.JK,119.0,116.33333333333333,116.6,113.3,113.65,112.5,109.41,6.5,3.068544078441242,21439900,False,False
SHIP.JK,2670.0,2573.3333333333335,2572.0,2591.0,2629.5,2427.1,2065.1153515625,24.29000000000001,2.5158634500705586,52700,False,False
SHID.JK,660.0,653.3333333333334,661.0,682.0,725.75,656.4,646.5,14.483333333333325,5.216649251959066,23200,False,False
SGRO.JK,4310.0,4320.0,4314.0,4329.0,4473.0,4551.5,3679.6173291015625,24.15,3.160001843773192,1600,False,False
SGER.JK,775.0,766.6666666666666,766.0,752.0,731.25,624.64,499.78,30.072000000000003,1.49721793263197,32159700,False,False
SFAN.JK,1990.0,1988.3333333333333,1989.0,1990.5,2002.25,2009.4,1985.95,4.213333333333367,0.19819555448004955,47700,True,False
SEMA.JK,452.0,428.6666666666667,442.8,432.6,341.05,200.58,148.31,125.71,14.508611088610609,92522800,False,False
SDRA.JK,204.0,203.33333333333334,204.4,204.6,207.6,215.6,215.66,6.133333333333326,1.6273308035041074,563600,False,False
SDPC.JK,196.0,197.66666666666666,197.4,193.4,193.9,192.06,185.66636367797852,5.606666666666655,2.888316196903773,574100,True,False
SDMU.JK,67.0,68.0,68.6,66.5,76.65,81.98,80.07,15.480000000000004,3.945341551972745,7785400,False,False
SCNP.JK,165.0,164.66666666666666,164.4,162.9,161.65,156.64,152.64896591186525,8.360000000000014,1.4615898585801015,1703900,False,False
SCMA.JK,180.0,179.33333333333334,179.6,175.0,180.05,194.42,200.26777725219728,19.419999999999987,1.7671612263991974,19521600,False,False
SCCO.JK,2760.0,2753.3333333333335,2730.0,2687.0,2695.0,2503.8,2371.4375610351562,25.619999999999983,1.3232951219133002,35100,False,False
SBMA.JK,110.0,109.33333333333333,109.2,108.8,111.0,109.4,108.37698059082031,2.200000000000003,1.4315404125416078,180400,True,False
SATU.JK,242.0,242.66666666666666,241.6,242.0,240.9,248.24,258.28,3.6700000000000017,1.2876049714383335,2912200,True,False
SAPX.JK,410.0,420.6666666666667,426.0,403.0,390.55,302.88,257.84,61.56,10.324209791049235,1188300,False,False
SAMF.JK,324.0,330.0,336.0,324.4,318.6,303.76,289.89713760375975,16.120000000000005,7.5351335160292825,191900,False,False
SAME.JK,292.0,290.0,290.8,290.2,292.3,298.64,307.74,4.319999999999993,1.5614080980470737,80200,True,False
SAGE.JK,32.0,32.333333333333336,32.0,32.1,31.5,31.28,30.01,1.0533333333333346,7.64336217657554,26145300,False,False
SAFE.JK,1020.0,883.3333333333334,820.0,704.1,816.8,673.94,504.69,69.21199999999999,15.508387891165201,4918000,False,False
RUNS.JK,71.0,71.66666666666667,70.6,67.1,67.8,66.32,69.71,5.346666666666678,4.548385987991086,831400,False,False
RUIS.JK,193.0,193.66666666666666,194.0,192.2,196.6,202.46,193.5784375,10.26000000000002,1.7299395865450884,82800,False,False
RSCH.JK,610.0,598.3333333333334,586.0,556.4,499.3,407.0,346.54,40.6,2.7860823214679553,21553400,False,False
ROTI.JK,555.0,560.0,563.0,562.5,572.75,580.7,583.5,5.1400000000000095,0.9526132827881901,228500,True,False
RONY.JK,1525.0,1548.3333333333333,1530.0,1486.5,1473.75,1373.4,1248.55,34.986666666666636,3.3386816175101712,2200,False,False
RODA.JK,43.0,43.0,42.2,40.7,51.2,59.22,58.93,18.519999999999996,7.96532558100799,9608100,False,False
ROCK.JK,2600.0,2723.3333333333335,3004.0,2668.0,2328.25,2142.4,1960.05,86.16,16.20155452270932,74500,False,False
RMKO.JK,264.0,265.3333333333333,268.0,271.0,292.9,298.84,312.14,17.419999999999987,6.074733136638844,1069100,False,False
RMKE.JK,332.0,334.6666666666667,336.8,342.0,371.4,398.8,434.8002362060547,33.400000000000006,3.043673443624375,21007200,False,False
RLCO.JK,4170.0,4163.333333333333,4164.0,4117.0,4157.0,4457.5,3905.0,34.05,0.9240221449853286,242400,False,False
RISE.JK,600.0,598.3333333333334,599.0,615.0,695.5,824.1,937.95,45.15333333333333,5.248160616227944,4216000,False,False
RIGS.JK,635.0,631.6666666666666,633.0,633.0,630.75,665.4,671.85,6.929999999999995,0.727232908195642,28800,False,False
RICY.JK,71.0,70.0,69.6,66.8,71.95,76.46,77.05,9.659999999999997,5.7898149453402565,854400,False,False
RGAS.JK,90.0,90.66666666666667,91.2,91.1,98.4,152.88,159.5644854736328,62.879999999999995,2.658344654436453,15220000,False,False
RELI.JK,545.0,545.0,539.0,527.0,544.5,527.68,509.41,3.6,2.3729159677519105,300,True,False
RELF.JK,45.0,42.666666666666664,40.6,38.3,39.35,37.18,36.09,7.82,5.496202975867585,30598100,False,False
REAL.JK,48.0,49.0,46.8,42.1,46.05,49.02,49.68828769683838,6.920000000000002,11.553633928353559,66515800,False,False
RDTX.JK,12225.0,12508.333333333334,12755.0,12930.0,13110.0,13378.5,13841.16142578125,46.14,2.429304231881495,800,False,False
RCCC.JK,103.0,102.0,102.6,104.3,108.05,107.94,99.8,6.049999999999997,1.995468600436299,285100,False,False
RBMS.JK,49.0,48.0,46.6,45.5,52.2,59.02,60.22,13.520000000000003,6.320917140797408,9588000,False,False
RATU.JK,4040.0,4063.3333333333335,4128.0,4100.0,4162.5,4445.1,4658.024052734375,40.51000000000003,2.2690741550162548,2328400,False,False
RANC.JK,535.0,541.6666666666666,543.0,543.0,546.5,535.5,529.67,2.3,1.70721587200592,12700,True,False
RALS.JK,376.0,377.3333333333333,378.0,377.8,381.9,382.48,381.13111114501953,3.240000000000009,0.7478436044307746,1493000,True,False
RAJA.JK,665.0,668.3333333333334,673.0,663.0,697.75,784.6,781.6556182861328,24.320000000000004,2.3206620910161657,51395100,False,False
RAAM.JK,166.0,164.66666666666666,161.6,161.6,167.75,181.44,192.63,19.840000000000003,4.304431039757439,1515800,False,False
PZZA.JK,193.0,192.0,186.0,181.5,183.1,185.02,185.22,11.5,2.6394218652676646,1405400,False,False
PYFA.JK,226.0,231.33333333333334,226.0,215.3,226.95,230.94,221.61,8.016666666666666,5.573128708512191,4629100,False,False
PWON.JK,268.0,268.0,265.2,261.0,265.1,266.28,262.4397567749023,3.5,2.0644447773364467,14726700,True,True
PURI.JK,138.0,140.33333333333334,141.8,141.8,150.45,147.56,141.54,12.449999999999989,1.5975342276777043,604900,False,False
PURA.JK,44.0,41.333333333333336,39.6,37.8,34.95,33.38,32.82,10.619999999999997,8.483233231747207,205666400,False,False
PUDP.JK,252.0,258.0,260.4,261.6,266.0,279.4,289.85871032714846,13.699999999999989,2.6319501552563964,18000,False,False
PTSP.JK,1090.0,1096.6666666666667,1108.0,1129.0,1174.0,1092.4,989.4,16.8,3.068338746007812,8500,False,False
PTSN.JK,374.0,392.0,388.0,388.4,403.7,337.4,290.65363571166995,33.150000000000006,5.229406078764078,8134900,False,False
PTRO.JK,4750.0,4883.333333333333,4980.0,5097.5,5201.25,5165.1,4650.1,45.125,2.7837531098159607,43558600,False,False
PTPW.JK,1120.0,1118.3333333333333,1112.0,1109.0,1132.25,1160.0,1118.7734106445312,10.2,0.8209316013369282,22800,False,False
PTPS.JK,153.0,153.33333333333334,153.2,152.2,155.25,156.0,142.1009782409668,3.8000000000000114,1.6353533465635186,995700,True,False
PTPP.JK,161.0,161.0,161.0,165.4,180.6,194.74,196.37,33.74000000000001,1.8687764004891052,0,False,False
PTMP.JK,50.0,50.333333333333336,50.4,48.4,55.05,60.92,60.23,12.520000000000003,5.163959641722659,5698500,False,False
PTIS.JK,208.0,212.0,208.8,213.8,236.0,251.4,266.66,21.700000000000003,6.329944855591883,188500,False,False
PTBA.JK,3300.0,3333.3333333333335,3334.0,3231.0,3146.0,2792.8,2626.6314331054687,54.11999999999998,2.572476609342153,31829700,False,False
PSSI.JK,392.0,378.0,370.8,365.6,360.0,344.68,320.8719869995117,23.659999999999997,1.6594767575398917,933300,False,False
PSKT.JK,216.0,219.33333333333334,225.6,229.0,232.2,232.36,214.85,8.180000000000007,3.2488834743289465,6160500,False,False
PSGO.JK,193.0,192.66666666666666,193.2,192.6,193.2,194.36,194.04151809692382,1.7600000000000193,1.0246356252769964,129800,True,False
PSDN.JK,130.0,129.33333333333334,126.6,120.8,129.05,132.7,125.36,11.899999999999991,4.584915143471645,18329200,False,False
PSAT.JK,850.0,845.0,842.0,833.0,844.25,872.9,844.0,7.979999999999995,1.5578953880176085,87600,False,False
PSAB.JK,540.0,523.3333333333334,524.0,525.0,535.4736846923828,521.5915850830078,454.90202697753904,3.6816829833984457,2.93004623021799,73694100,True,True
PRIM.JK,131.0,130.66666666666666,130.4,126.1,123.55,118.28,103.48,12.719999999999999,2.1809764545653754,649500,False,False
PRDA.JK,3080.0,3033.3333333333335,2992.0,2901.0,2864.0,2668.0,2576.2,41.2,1.4816728492929419,1052400,False,False
PRAY.JK,760.0,765.0,767.0,759.0,755.5,751.7,722.65,3.0599999999999907,1.9083875281781508,1900,True,False
PPRO.JK,18.0,19.0,19.2,19.8,17.6,16.9,16.55,2.900000000000002,12.028322707295382,161836600,False,False
PPRI.JK,172.0,175.33333333333334,176.6,158.6,161.6,155.56,150.16,21.039999999999992,12.621910330202155,19079700,False,False
PPRE.JK,89.0,89.33333333333333,90.2,89.8,96.4,101.6,101.46,12.599999999999994,3.8150717440477004,8917200,False,False
PPGL.JK,468.0,468.0,468.0,468.0,468.0,364.48,277.43692031860354,51.75999999999999,0.0,0,False,False
POWR.JK,955.0,965.0,967.0,952.5,968.0,896.1,801.3026196289062,14.379999999999995,1.8222742963185383,2628900,False,False
PORT.JK,945.0,945.0,946.0,946.0,950.25,917.5,896.65,6.55,0.6046919067390408,1600,False,False
POLY.JK,32.0,32.0,32.0,32.0,32.0,32.0,32.0,0.0,0.0,0,True,False
POLU.JK,14650.0,14783.333333333334,14850.0,14947.5,15893.75,15094.0,13686.5,49.75,5.148944326011047,2300,False,False
POLI.JK,885.0,870.0,872.0,870.5,897.0,855.6,817.25,8.279999999999996,4.36893835054977,24800,False,False
PNSE.JK,442.0,442.0,442.8,450.6,469.6,484.52,506.39,21.25999999999999,1.6592476978924793,2300,False,False
PNLF.JK,196.0,195.33333333333334,196.0,195.1,203.55,218.9,220.96,23.80000000000001,1.4568280302403227,7079700,False,False
PNIN.JK,675.0,676.6666666666666,676.0,676.0,692.0,708.7,720.25,6.740000000000009,1.2139701331473478,23300,False,False
PNGO.JK,3350.0,3456.6666666666665,3440.0,3497.0,3510.0,3520.0,3490.5,17.0,3.5993369253563694,2000,False,False
PNBS.JK,43.0,42.666666666666664,42.6,42.1,46.05,48.44,49.28,6.339999999999996,5.551562876066258,9533500,False,False
PNBN.JK,830.0,831.6666666666666,830.0,833.5,852.0,883.4,884.2595733642578,10.679999999999996,0.8020371701350035,548700,False,False
PMUI.JK,99.0,99.66666666666667,99.0,98.3,101.4,100.32,90.12093017578125,3.1000000000000085,2.68885708540369,1893400,True,True
PMJS.JK,136.0,139.33333333333334,138.8,137.0,139.55,133.86,120.10543243408203,5.689999999999998,2.9234179295686435,1274300,True,True
PLAN.JK,76.0,75.0,73.8,69.1,67.25,54.92,46.4,21.08,4.498232811877383,11445800,False,False
PKPK.JK,7075.0,6875.0,6845.0,6425.0,5551.75,4566.5,3812.85,100.34,5.683359232840106,3616000,False,False
PJHB.JK,159.0,159.0,159.0,155.8,164.7,173.22,171.96,17.419999999999987,2.3883535789178527,412000,False,False
PJAA.JK,454.0,451.3333333333333,450.8,450.0,457.9,459.32,458.06,4.659999999999997,1.145665085854473,43100,True,False
PIPA.JK,141.0,142.66666666666666,144.8,142.5,157.0,160.68,138.5,19.680000000000007,3.6031573232389285,14138000,False,False
PICO.JK,170.0,167.0,163.6,158.8,166.55,161.94,146.41,11.199999999999989,2.618491704735532,9404600,False,False
PGUN.JK,8825.0,8966.666666666666,9095.0,9257.5,9362.5,9029.5,8219.082490234376,21.5,2.4577910004655976,44000,False,False
PGLI.JK,388.0,393.3333333333333,366.0,294.6,252.55,226.42,207.97,83.45666666666666,12.472002163208447,2132900,False,False
PGJO.JK,880.0,883.3333333333334,875.0,844.5,850.75,850.0,792.1,7.766666666666675,3.7335146064177573,185700,False,False
PGEO.JK,990.0,998.3333333333334,994.0,983.5,1018.75,1034.6,979.4,10.219999999999981,2.0523691780162894,2705000,False,False
PGAS.JK,1420.0,1426.6666666666667,1422.0,1413.5,1448.5,1489.2,1512.706953125,15.14000000000001,1.5101951986108622,22757000,False,False
PEVE.JK,384.0,375.3333333333333,354.0,338.0,323.2,322.64,320.42,30.680000000000007,8.369747100809246,4955700,False,False
PEHA.JK,288.0,286.6666666666667,284.0,284.4,287.4,285.52,270.3001303100586,2.0,1.6267237933913745,210100,True,False
PEGE.JK,126.0,126.66666666666667,130.0,134.4,134.25,121.08,114.39457321166992,13.320000000000007,1.715747589631373,5614400,False,False
PDPP.JK,322.0,322.0,324.8,320.4,326.6,321.32,292.98407119750976,3.1000000000000227,2.344412863875736,22500,True,False
PDES.JK,374.0,377.3333333333333,379.2,378.8,379.1,386.96,422.1701953125,6.47999999999999,1.8751034573239338,36300,False,False
PCAR.JK,90.0,83.0,78.0,69.1,57.6,48.58,43.37,41.42,8.616652939775484,342329300,False,False
PBSA.JK,855.0,811.6666666666666,796.0,774.5,767.75,787.1,755.4392260742187,17.45,4.161762128520251,4725700,False,False
PBRX.JK,28.0,27.666666666666668,27.4,27.3,26.4,26.56,26.98,1.6000000000000014,12.795620899071796,18887000,False,False
PBID.JK,520.0,521.6666666666666,523.0,521.5,523.25,527.9,505.5547760009766,1.5799999999999954,0.5425913260097515,925100,True,False
PART.JK,119.0,122.66666666666667,123.4,119.8,114.15,108.38,103.79908294677735,15.02000000000001,3.650451070089374,102590400,False,False
PANS.JK,1635.0,1640.0,1642.0,1646.5,1646.75,1604.0,1560.5282287597656,8.55,0.45705328510899634,59700,False,False
PANR.JK,396.0,397.3333333333333,398.0,399.0,405.5,417.24,424.44470581054685,10.620000000000005,0.8407448394192927,10600,False,False
PANI.JK,4640.0,4656.666666666667,4672.0,4594.0,4909.75,5588.9,6054.518623046875,99.48999999999997,3.4388505415216644,1219200,False,False
PAMG.JK,50.0,48.666666666666664,48.4,46.6,50.1,53.72,53.58,7.119999999999997,5.652141178984942,37167600,False,False
PALM.JK,274.0,275.3333333333333,275.6,275.0,282.9,288.6,299.03723907470703,7.300000000000011,1.8587756055841949,31100,False,False
PADI.JK,41.0,41.0,41.8,41.5,52.05,63.72,69.95510948181152,22.72,5.549749139894554,61011300,False,False
PADA.JK,149.0,156.33333333333334,160.8,160.6,173.8,191.08,154.1,42.08000000000001,3.7875480173645455,15058100,False,False
PACK.JK,488.0,466.6666666666667,471.2,489.8,531.9,451.84,350.28,40.03,7.811034028545628,308378800,False,False
OPMS.JK,94.0,95.66666666666667,94.4,92.4,101.2,114.3,107.21,21.89999999999999,3.7938401886941087,2996400,False,False
OMRE.JK,970.0,970.0,971.0,948.0,950.5,972.7,994.35,4.940000000000009,3.235113425423449,2700,True,False
OMED.JK,226.0,219.33333333333334,216.8,216.6,213.8,223.56,215.37270629882812,6.099999999999994,2.116373473234562,34877900,False,False
OLIV.JK,50.0,49.666666666666664,50.0,49.2,52.95,51.6,51.29,3.75,3.1910027296018426,3020200,True,False
OKAS.JK,101.0,103.66666666666667,103.6,101.5,108.1,113.64,106.98,12.64,3.574703159210861,3177900,False,False
OILS.JK,388.0,392.0,363.2,327.4,318.4,275.16,237.16,58.41999999999999,6.706354648470788,9428100,False,False
OBMD.JK,182.0,183.33333333333334,184.0,185.8,192.0,191.66,185.91,10.0,2.0800154921834633,200500,False,False
OBAT.JK,270.0,258.0,248.0,233.4,236.3,239.92,242.66001159667968,18.299999999999997,3.752721365040353,2306800,False,False
OASA.JK,240.0,240.66666666666666,243.6,243.4,261.2,299.52,299.92,29.75999999999999,2.7202537693316775,3447900,False,False
NTBK.JK,66.0,67.0,67.4,65.5,72.15,80.2,77.81578178405762,14.700000000000003,5.121611794854836,17979200,False,False
NSSS.JK,735.0,731.6666666666666,738.0,717.0,744.25,845.0,726.2424591064453,25.6,2.5265678345131226,1619800,False,False
NRCA.JK,530.0,536.6666666666666,545.0,537.5,547.75,548.94,498.75446868896483,3.788000000000011,2.6610874423043724,1925800,True,True
NPGF.JK,45.0,44.666666666666664,44.4,44.7,49.75,54.99706901550293,57.6716548538208,10.597069015502932,4.977494110228471,17773600,False,False
NOBU.JK,496.0,497.3333333333333,501.4,505.2,519.1,511.88,478.4,11.550000000000011,1.4141846644302845,1477600,False,False
NISP.JK,1225.0,1233.3333333333333,1235.0,1239.0,1252.75,1257.5,1245.5,6.5,0.5432816973646866,2014500,False,False
NIRO.JK,171.0,169.33333333333334,166.8,165.3,169.3,165.74,157.85,5.699999999999989,2.1508378864183704,181400,True,False
NINE.JK,86.0,84.33333333333333,82.6,81.2,82.6,84.4,83.32,4.799999999999997,5.0735943482542165,5709500,False,False
NIKL.JK,187.0,188.0,189.2,188.3,201.6,203.3,204.66,16.30000000000001,1.709666899673021,1719600,False,False
NICL.JK,362.0,362.0,364.4,363.7061492919922,401.1156509399414,445.21230163574216,487.0486138916016,41.60615081787108,3.739643358041949,15300100,False,False
NICK.JK,2720.0,2766.6666666666665,2788.0,2804.0,2772.5,2156.4,1600.85,64.75999999999999,0.7708500348785324,82700,False,False
NICE.JK,342.0,341.3333333333333,341.2,335.8,346.7,321.96,291.92,12.370000000000005,2.4136293582912147,164600,False,False
NFCX.JK,1745.0,1743.3333333333333,1742.0,1729.0,1717.5,1665.1,1654.65,15.980000000000018,0.8655783002883881,118800,False,False
NETV.JK,37.0,37.0,36.6,36.5,43.25,47.74,51.72,11.240000000000002,6.832567493289654,5199000,False,False
NEST.JK,850.0,843.3333333333334,834.0,800.5,774.25,738.3,653.79,22.34000000000001,2.524332380025541,15327600,False,False
NELY.JK,193.0,192.33333333333334,192.6,192.0,197.65,202.12,204.95568817138673,10.120000000000005,0.7701022696661898,930100,False,False
NCKL.JK,860.0,860.0,859.0,862.5,892.75,922.6,870.5824053955079,12.720000000000004,1.5053988166470336,18448800,False,False
NAYZ.JK,115.0,105.33333333333333,96.8,83.2,78.35,71.12,64.4,43.879999999999995,6.1382968147475925,431177000,False,False
NATO.JK,980.0,993.3333333333334,1011.0,1006.5,1058.5,896.5,749.3,32.4,3.989748854217974,189800,False,False
NASI.JK,179.0,181.66666666666666,179.6,182.4,200.4,165.68,140.84,34.72,7.045283209059219,9431300,False,False
NASA.JK,45.0,44.333333333333336,42.6,40.3,37.8,33.52,33.08,11.479999999999997,7.119037594682855,151273600,False,False
NANO.JK,29.0,29.333333333333332,28.2,27.5,30.4,31.58,28.74,4.079999999999998,6.22199958080361,40806900,False,False
NAIK.JK,82.0,82.66666666666667,83.0,82.4,86.65,89.4,87.34,7.400000000000006,1.8038094356876624,1228500,False,False
MYTX.JK,41.0,41.0,41.0,41.0,41.0,41.0,42.12,0.0,0.0,0,True,False
MYOR.JK,1375.0,1373.3333333333333,1383.0,1384.0,1436.25,1549.1,1650.1458825683594,35.15333333333333,1.3108271807268768,3340700,False,False
MYOH.JK,1015.0,1001.6666666666666,1001.0,1001.5,1023.0,1069.5,1064.9908508300782,13.7,1.0197661051789315,44300,False,False
MUTU.JK,124.0,126.66666666666667,130.0,124.2,127.6,122.2,115.3419995880127,7.799999999999997,5.209649917820041,19540400,False,False
MTWI.JK,248.0,249.33333333333334,253.6,259.2,264.7,259.56,263.4682075500488,8.349999999999994,1.5832729750563994,14400,False,False
MTMH.JK,970.0,976.6666666666666,984.0,964.0,955.0,950.6,954.8329766845703,6.679999999999995,2.6292085046348777,700,False,False
MTLA.JK,695.0,698.3333333333334,698.0,689.5,608.25,557.6,531.3767782592773,28.14666666666667,5.222664100303813,197700,False,False
MTFN.JK,13.0,13.0,13.0,13.0,13.0,13.0,13.54,0.0,0.0,0,True,False
MTEL.JK,450.0,452.6666666666667,451.6,451.4,468.5,462.08,466.83332458496096,9.25,1.9406668684626944,1959200,False,False
MTDL.JK,505.0,503.3333333333333,503.0,499.9,501.05,507.02,507.03350006103517,1.4240000000000008,0.6023813676119261,73500,True,False
MSTI.JK,1320.0,1326.6666666666667,1326.0,1331.5,1343.25,1340.3,1298.6758947753906,4.65,0.8077048711724745,989500,True,False
MSKY.JK,46.0,46.0,46.0,45.6,55.95,62.26,62.11,16.659999999999997,5.228662215333797,1950400,False,False
MSJA.JK,805.0,820.0,831.0,832.5,835.0,619.52,513.54,43.096000000000004,1.469095373320342,18731100,False,False
MSIN.JK,179.0,179.66666666666666,180.6,184.2,225.4,299.16,399.3,120.16000000000003,7.88277424962939,23743600,False,False
MSIE.JK,119.0,118.0,118.8,120.9,145.3,123.32,112.92,27.30000000000001,5.98642849630208,2099200,False,False
MREI.JK,920.0,920.0,920.0,920.0,920.0,920.0,934.15,0.0,0.0,0,True,False
MRAT.JK,408.0,408.0,404.8,386.6,379.4,404.44,422.9,14.300000000000011,2.7343728343136164,1679100,False,False
MPXL.JK,290.0,307.3333333333333,286.0,265.4,222.95,187.86,168.77,59.73666666666665,8.553922275984432,87699300,False,False
MPRO.JK,12000.0,12000.0,12000.0,12000.0,11987.5,12111.5,10708.0,4.96,0.2613452611708984,400,True,False
MPPA.JK,40.0,39.666666666666664,38.6,37.0,38.2,43.06,44.76,6.060000000000002,3.9007900175799053,13488500,False,False
MPOW.JK,101.0,102.33333333333333,103.4,100.8,106.15,108.56,104.89,7.760000000000005,2.9034819288870426,1511200,False,False
MPMX.JK,1030.0,1026.6666666666667,1025.0,1020.0,1021.5,1018.2,982.0177575683593,2.359999999999991,0.5069034215211226,2322800,True,True
MPIX.JK,206.0,212.0,215.2,204.5,196.0,141.06,115.8,37.06999999999999,7.400499761646333,8473500,False,False
MORA.JK,4990.0,4940.0,4930.0,4744.0,4857.75,5196.1,5905.3,45.210000000000036,4.256639872864,84700,False,False
MOLI.JK,396.0,397.3333333333333,407.2,403.0,380.5,324.76,280.38551544189454,41.22,5.071379615991982,2837800,False,False
MNCN.JK,122.0,122.0,123.6,122.0,149.65,181.26,194.13,59.25999999999999,6.903260652138184,34413000,False,False
MMLP.JK,296.0,296.0,295.6,295.2,303.4,300.48,299.9,4.099999999999994,1.010105000499446,352500,True,False
MMIX.JK,965.0,950.0,942.0,925.0,896.75,822.4,726.15,28.520000000000003,0.511746559580494,41409300,False,False
MLPT.JK,915.0,911.6666666666666,925.0,945.5,1035.0,1260.8,1066.74,69.82666666666667,3.5407440326413337,1157200,False,False
MLPL.JK,76.0,76.33333333333333,77.4,75.5,80.2,88.74,86.35,13.239999999999995,3.086973401456953,8695000,False,False
MLIA.JK,212.0,212.66666666666666,213.2,213.4,213.8,223.4,232.18,5.700000000000003,2.8677138726996483,49500,True,False
MLBI.JK,6850.0,6850.0,6845.0,6825.0,6835.0,6864.5,6448.4347314453125,1.58,0.8231567257552971,90000,True,False
MKTR.JK,120.0,120.33333333333333,120.6,121.1,122.45,122.66,121.97399536132812,2.6599999999999966,1.0344532424726078,520600,True,False
MKPI.JK,20875.0,20925.0,20950.0,21242.5,21432.5,21743.5,21378.0852734375,34.74,0.9153532249587645,40800,False,False
MKAP.JK,1115.0,1126.6666666666667,1133.0,1131.0,1126.0,1138.8,1130.847430419922,4.759999999999991,0.9967274217954023,1508200,True,False
MITI.JK,354.0,347.3333333333333,352.4,315.4,295.8,247.0,209.54,53.5,8.901563525337314,14086500,False,False
MIRA.JK,26.0,25.333333333333332,25.0,25.8,24.8,25.56,22.51,1.1999999999999993,13.22141735020528,67934300,False,False
MINE.JK,272.0,270.0,273.2,272.6,284.2,260.96,243.38,11.620000000000005,2.3948140128803983,387000,False,False
MINA.JK,210.0,210.66666666666666,214.4,209.6,226.9,254.76,270.14,22.58,3.396823404340238,16999100,False,False
MIKA.JK,1745.0,1730.0,1721.0,1699.5,1730.0,1795.7,1722.2270080566407,19.24000000000001,1.661869759933146,376000,False,False
MIDI.JK,266.0,260.0,258.0,256.6,261.1,270.4,277.2749005126953,6.899999999999977,1.470758954619279,3483000,False,False
MICE.JK,490.0,488.0,488.8,491.7,511.55,525.12,509.83802154541013,18.560000000000002,2.337523150244923,7700,False,False
MHKI.JK,121.0,120.33333333333333,120.0,118.9,123.55,132.98,129.9459329986572,14.079999999999984,2.4361083369718193,483100,False,False
MGRO.JK,730.0,726.6666666666666,724.0,723.5,706.5,689.4,679.1,8.120000000000005,1.761440408589012,4594600,False,False
MGNA.JK,189.0,198.66666666666666,202.0,184.7,188.6,138.24,114.81,63.75999999999999,13.782033075413649,5259400,False,False
MGLV.JK,13400.0,13066.666666666666,13385.0,14107.5,14532.5,12342.0,10204.75,87.62,4.225109564573504,633600,False,False
MERK.JK,3750.0,3746.6666666666665,3736.0,3707.0,3794.0,3866.0,3793.27421875,15.9,2.257843550177533,6000,False,False
MERI.JK,107.0,108.0,107.4,106.4,111.7,115.82,112.25,9.419999999999987,2.1212801947449957,577500,False,False
MEJA.JK,159.0,157.0,152.4,149.1,133.95,120.78,103.89,38.22,8.877374613490538,222604000,False,False
MEGA.JK,1955.0,1961.6666666666667,1960.0,1946.0,1949.75,1966.9,1969.2,4.180000000000018,1.3567043862226214,57700,True,False
MEDS.JK,82.0,80.66666666666667,79.4,75.7,78.5,77.14,78.13,6.299999999999997,3.946978827373098,39303400,False,False
MEDC.JK,1430.0,1445.0,1436.0,1428.0,1465.75,1421.3,1318.118126220703,8.89000000000001,2.441578294767968,20878500,False,False
MDRN.JK,26.0,26.0,26.0,26.0,26.0,26.0,27.43,0.0,0.0,0,True,False
MDLN.JK,43.0,43.333333333333336,42.6,40.6,45.3,48.14,49.2,7.539999999999999,7.742277894175491,13457900,False,False
MDLA.JK,208.0,208.0,207.6,206.6,206.5,207.96,205.39852432250976,0.75,0.9672326894184787,382700,True,False
MDKI.JK,194.0,195.0,195.4,194.0,193.4,191.7,185.06033752441405,3.700000000000017,1.41662758157108,107000,True,False
MDKA.JK,2940.0,2916.6666666666665,2928.0,2903.0,2912.5,2919.6,2776.0824145507813,3.7,2.2459402468495546,10961900,True,True
MDIY.JK,895.0,896.6666666666666,907.0,926.5,938.25,940.0,904.8937908935546,9.0,0.9436777032364554,264900,False,False
MDIA.JK,136.0,137.33333333333334,143.8,149.8,169.45,213.94,148.32,77.94,3.462427501696276,155249200,False,False
MCOR.JK,66.0,66.0,66.0,66.0,67.0,68.28,67.57,2.280000000000001,1.5901714841952674,1963700,True,False
MCOL.JK,3590.0,3563.3333333333335,3562.0,3566.0,3597.5,3678.4,3699.934572753906,11.64000000000001,1.2696023898466418,23500,False,False
MCAS.JK,264.0,258.6666666666667,247.2,236.0,250.4,271.44,237.09,17.72,9.157023257651502,32877800,False,False
MBTO.JK,136.0,141.66666666666666,146.0,149.7,154.3,139.94,125.22,18.30000000000001,7.340404160395077,3830500,False,False
MBSS.JK,4600.0,4366.666666666667,4380.0,3712.0,3304.0,3024.2,2756.65,157.58,11.24273576481009,9252900,False,False
MBMA.JK,474.0,476.6666666666667,480.8,483.2,497.9,520.42,508.5,23.20999999999998,1.8252209402450068,52026900,False,False
MBAP.JK,1685.0,1685.0,1674.0,1674.0,1688.5,1602.4,1507.15,17.21999999999998,1.4833333093915695,97800,False,False
MAYA.JK,198.0,197.66666666666666,198.2,199.5,200.7,199.96,194.32,3.0333333333333314,0.8725269422870431,432700,True,False
MAXI.JK,28.0,28.333333333333332,28.0,30.6,40.3,46.12,48.06,18.119999999999997,7.804497576180296,15664900,False,False
MASB.JK,3120.0,3120.0,3130.0,3204.0,3240.5,3329.4,3347.4,20.94000000000001,1.4273047249936162,600,False,False
MARK.JK,1175.0,1186.6666666666667,1194.0,1184.0,1174.0,1116.968466796875,1009.1752770996094,15.406306640625008,1.7597622760318392,14601800,False,False
MARI.JK,23.0,23.0,23.0,23.0,23.0,23.0,23.59,0.0,0.0,0,True,False
MAPI.JK,1550.0,1550.0,1538.0,1530.5,1493.5,1506.0,1500.6431066894531,11.3,2.1871427597254613,5563300,False,False
MAPB.JK,1335.0,1196.6666666666667,1195.0,1173.0,1177.75,1175.7,1163.35,32.4,9.830544153486558,24900,False,False
MAPA.JK,625.0,630.0,635.0,637.0,651.75,666.0,632.2967468261719,8.2,2.0549130783263267,12623600,False,False
MANG.JK,38.0,37.0,36.4,35.8,36.9,38.3,40.46,2.5,3.1799298794964135,7261000,True,False
MAIN.JK,615.0,618.3333333333334,629.0,628.0,644.75,664.4,682.743656616211,9.879999999999995,2.6364373896982887,1719300,False,False
MAHA.JK,145.0,140.66666666666666,140.2,138.1,141.35,144.46,140.05833389282228,6.900000000000006,2.3776499470993064,44576900,False,False
LUCK.JK,108.0,107.66666666666667,107.6,107.8,111.7,113.36,108.44,5.760000000000005,1.7504281328750122,3380900,True,False
LTLS.JK,910.0,916.6666666666666,918.0,919.5,959.25,907.7,835.9768872070313,10.309999999999992,1.7459707579559085,12100,False,False
LSIP.JK,1485.0,1478.3333333333333,1481.0,1476.0,1558.0,1527.5,1388.8888012695313,16.4,1.7434620163512906,3131200,False,False
LRNA.JK,222.0,220.66666666666666,219.6,215.0,216.6,202.02,191.68,9.989999999999995,2.2661923270329978,857000,False,False
LPPS.JK,60.0,60.666666666666664,61.6,61.5,70.2,77.18,74.42,17.180000000000007,6.932366203888314,971000,False,False
LPPF.JK,1595.0,1596.6666666666667,1594.0,1584.5,1586.25,1597.1,1571.95,2.519999999999982,0.8486775040663731,445900,True,False
LPLI.JK,206.0,206.66666666666666,206.4,209.0,220.0,234.0,239.08,14.0,1.8510336294553453,605400,False,False
LPKR.JK,47.0,46.666666666666664,47.2,46.1,50.35,57.66,60.6,11.559999999999995,6.172767068730286,50458900,False,False
LPIN.JK,440.0,442.0,439.6,435.4,433.5,427.92,415.92,7.039999999999992,1.4216440486742448,44900,False,False
LPGI.JK,640.0,638.3333333333334,641.0,642.0,643.25,638.8,655.35,0.9833333333333257,0.5758414566065462,13600,True,False
LPCK.JK,525.0,528.3333333333334,526.0,517.5,546.25,575.7,545.04,11.64000000000001,2.864298800927272,117300,False,False
LOPI.JK,61.0,57.333333333333336,57.0,58.9,60.75,67.76,67.67,10.760000000000005,3.9502277162482122,19499400,False,False
LMPI.JK,156.0,155.66666666666666,156.2,157.7,160.15,156.34,148.17,4.4833333333333485,1.0369257703786499,17800,True,False
LMAX.JK,101.0,100.66666666666667,100.6,102.5,104.55,108.72,104.42,8.120000000000005,3.729239983553971,44400,False,False
LIVE.JK,156.0,158.66666666666666,161.4,159.4,167.4,186.68,200.4,30.680000000000007,3.334449665698362,741600,False,False
LION.JK,284.0,281.3333333333333,278.4,295.2,332.1,348.28,344.82,34.94,4.911342622809997,62200,False,False
LINK.JK,1500.0,1535.0,1532.0,1565.5,1604.0,1546.0,1462.1,20.8,3.5724243487813534,12200,False,False
LIFE.JK,10850.0,9858.333333333334,9835.0,9422.5,10756.25,9187.0,7596.0,66.52,9.16378840498453,70300,False,False
LFLO.JK,580.0,573.3333333333334,581.0,582.0,576.0,535.72,531.5334213256835,9.255999999999995,2.975291024264107,11500,False,False
LEAD.JK,97.0,94.33333333333333,94.2,93.9,99.25,105.6,101.95,11.699999999999989,3.6178302583677677,40630100,False,False
LCKM.JK,109.0,109.0,109.0,109.0,109.0,109.0,111.92,0.0,0.0,0,True,False
LAPD.JK,73.0,75.0,75.2,74.3,78.35,71.8,68.35,6.549999999999997,4.082681396345789,34365600,False,False
LAND.JK,57.0,57.333333333333336,56.8,55.2,62.5,70.58,66.95,15.379999999999995,5.94629206622967,5361800,False,False
LAJU.JK,58.0,57.333333333333336,57.4,55.9,62.1,66.1,65.21861042022705,10.199999999999996,5.8770558534576045,11339400,False,False
LABS.JK,157.0,158.0,156.4,151.5,160.3,163.66,154.95,12.159999999999997,3.035981534774234,574100,False,False
LABA.JK,112.0,113.0,112.6,108.0,114.2,110.08,100.88,6.200000000000003,4.12499422477092,3550800,False,False
KUAS.JK,89.0,89.33333333333333,89.8,89.4,93.85,95.12,93.45190727233887,6.1200000000000045,6.682511290383286,3678700,False,False
KSIX.JK,398.0,402.6666666666667,406.4,402.0,405.0,398.64,360.46,4.199999999999989,3.0226681827485122,213300,True,False
KRYA.JK,54.0,53.333333333333336,52.0,48.7,56.35,61.36,60.05,12.659999999999997,6.189558079154801,12740500,False,False
KREN.JK,19.0,19.0,18.2,17.0,16.1,14.58,13.74,4.42,12.044645065721859,345879600,False,False
KRAS.JK,230.0,230.66666666666666,233.2,224.6,226.4,229.92,221.58,4.299999999999997,4.003026116996795,1045000,False,False
KPIG.JK,42.0,42.0,42.8,43.9,54.5,65.08,74.84,23.08,9.012528698275936,117477800,False,False
KOTA.JK,128.0,134.0,142.4,153.3,170.15,177.06,139.21,49.06,3.4682563612629633,389165000,False,False
KOPI.JK,193.0,194.0,194.4,195.2,198.55,203.28,197.35,10.280000000000001,0.6893770121351017,350000,False,False
KONI.JK,1855.0,1878.3333333333333,1891.0,1933.0,2001.0,2167.2,2403.2,62.43999999999996,3.667150511078939,5000,False,False
KOKA.JK,147.0,147.66666666666666,150.0,149.3,165.75,179.0,156.68,32.0,4.909544393929651,2122100,False,False
KOIN.JK,78.0,78.0,78.0,78.0,78.0,78.0,77.27,0.0,0.0,0,True,False
KOCI.JK,102.0,103.33333333333333,105.4,101.6,109.15,109.3,102.59026290893554,7.700000000000003,4.348219259498636,2405900,False,False
KOBX.JK,171.0,171.66666666666666,171.0,170.7,173.65,172.12,161.33,2.950000000000017,0.6839808107655734,175000,True,False
KMTR.JK,238.0,242.66666666666666,242.4,243.2,247.6,242.6,235.94,4.799999999999997,1.9943835098027207,27000,True,False
KMDS.JK,515.0,518.3333333333334,518.0,516.0,520.0,524.3,527.9345297241211,1.859999999999991,0.8458678408392591,23500,True,False
KLIN.JK,116.0,117.0,116.8,116.3,118.9,117.72,112.33,2.9000000000000057,3.5287545113377274,192800,True,False
KLBF.JK,785.0,771.6666666666666,764.0,744.0,748.25,766.5,754.3349310302734,8.2,1.632315800362085,56558800,False,False
KLAS.JK,86.0,84.66666666666667,82.0,76.2,78.8,80.56,74.77,9.799999999999997,5.505468053600164,11754200,False,False
KKGI.JK,298.0,296.0,296.0,292.2,296.0727279663086,278.99030517578126,263.8221734619141,9.50484741210937,2.4005899287816783,1676600,False,False
KKES.JK,82.0,80.33333333333333,76.2,66.9,76.4,76.04,63.09,15.099999999999994,13.245355870115286,113475400,False,False
KJEN.JK,146.0,146.66666666666666,147.6,151.5,156.45,158.14,143.16,12.139999999999986,3.971713039075732,1473800,False,False
KIOS.JK,86.0,85.33333333333333,84.0,79.1,87.3,93.86,90.57,14.760000000000005,4.572336808730803,11349500,False,False
KINO.JK,1410.0,1431.6666666666667,1423.0,1390.5,1388.0,1353.1,1237.0419958496093,15.713333333333367,2.6610764198442847,61900,False,False
KING.JK,382.0,385.3333333333333,392.8,369.0,379.6,333.0,366.62,29.900000000000006,6.134766803931951,1702400,False,False
KIJA.JK,151.0,155.33333333333334,157.6,159.2,169.5,169.38,147.61335021972656,18.5,3.402887637269049,160060200,False,False
KICI.JK,292.0,294.0,288.0,283.2,288.7,249.74,218.95,22.129999999999995,7.046630811009146,1039200,False,False
KETR.JK,885.0,885.0,902.0,936.5,940.0,801.6,675.74,27.679999999999996,2.8595282784625997,38814800,False,False
KEJU.JK,580.0,580.0,583.0,584.5,590.5,591.8,577.5,2.359999999999991,1.7531103383172018,17700,True,False
KEEN.JK,830.0,831.6666666666666,840.0,841.5,855.0,881.6,860.1306103515625,10.320000000000004,1.2009120058741318,5066700,False,False
KDTN.JK,472.0,544.0,563.4,484.1,431.15,409.1,530.87,77.14999999999998,13.001706266904932,3945100,False,False
KDSI.JK,468.0,468.0,467.6,466.2,463.8,462.0,451.92,3.0,1.0683292451835096,4200,True,False
KBLV.JK,103.0,102.66666666666667,104.2,102.7,111.65,127.7,111.33,25.03333333333333,3.152393670662507,2167900,False,False
KBLM.JK,368.0,359.3333333333333,359.2,351.0,358.8,331.28,311.07587463378906,18.360000000000014,3.2621783326557985,245600,False,False
KBLI.JK,368.0,371.3333333333333,367.2,357.6,361.5,342.04,325.2114956665039,14.646666666666647,1.9613717928528098,531100,False,False
KBAG.JK,43.0,42.666666666666664,41.8,40.4,40.85,44.08,41.47,3.6799999999999997,5.725033868160114,4701000,False,False
KARW.JK,212.0,212.0,212.0,212.0,212.0,212.0,225.54,0.0,0.0,0,True,False
KAQI.JK,85.0,84.66666666666667,83.8,82.7,87.8,92.9,91.24,10.200000000000003,2.7152933969801225,30374100,False,False
KAEF.JK,436.0,437.3333333333333,428.0,418.4,427.6,440.78,450.44,11.189999999999998,3.2560929629533115,623600,False,False
JTPE.JK,580.0,581.6666666666666,581.0,581.0,587.75,601.4,599.5525,4.279999999999996,1.2838922908779082,239800,True,False
JSPT.JK,1390.0,1370.0,1362.0,1360.5,1407.75,1407.0,1359.2895922851562,9.45,1.693869998390824,900,False,False
JSMR.JK,2640.0,2626.6666666666665,2624.0,2619.0,2718.5,2791.0,2776.4802856445312,17.2,1.4131305421866722,2319000,False,False
JRPT.JK,1155.0,1158.3333333333333,1157.0,1154.0,1145.5,1110.3,1090.4369946289062,9.60666666666666,0.9002794556860986,599000,False,False
JPFA.JK,2040.0,2026.6666666666667,2022.0,2030.5,2140.75,2203.7,2155.9,18.16999999999998,1.6082844332179078,4492200,False,False
JMAS.JK,228.0,228.0,228.0,228.0,228.0,228.0,234.98,0.0,0.0,0,True,False
JKON.JK,81.0,81.0,81.2,80.4,81.75,83.86,75.41686603546142,3.4599999999999937,1.1512674924932929,837900,True,False
JIHD.JK,392.0,394.6666666666667,398.4,398.0,411.4,429.08,426.18,18.539999999999992,1.2240078268485046,37900,False,False
JGLE.JK,46.0,47.0,48.4,48.6,58.7,74.2,66.11,28.200000000000003,4.695628277250146,73959100,False,False
JECC.JK,745.0,736.6666666666666,734.0,727.5,779.75,702.5,657.6040002441406,15.45,3.6575953323633357,30400,False,False
JAYA.JK,155.0,154.0,154.6,152.6,155.95,146.46,135.03,9.48999999999998,1.961958622660796,766100,False,False
JAWA.JK,149.0,148.0,150.4,160.9,163.75,146.52,133.77,17.22999999999999,4.871533130818799,17344300,False,False
JATI.JK,109.0,110.0,110.4,108.7,112.85,107.06,100.9908984375,5.789999999999992,2.807668119203281,15734500,True,True
JAST.JK,82.0,82.0,82.6,83.0,85.7,87.9,85.03,5.900000000000006,5.115112045739139,12498100,False,False
JARR.JK,3110.0,3203.3333333333335,3328.0,3377.0,3512.5,3008.2,2395.5496997070313,50.43000000000002,5.31162741080245,17007300,False,False
ITMG.JK,25375.0,25541.666666666668,25645.0,25387.5,25640.0,25487.5,24240.0,10.8,1.8261945498709817,1715800,False,False
ITMA.JK,1280.0,1273.3333333333333,1296.0,1314.5,1374.75,1406.7,1455.4,26.673333333333357,4.753778075393844,4300,False,False
ITIC.JK,204.0,201.66666666666666,201.2,199.4,204.1,216.84,211.99,8.719999999999999,1.8326200427548858,212000,False,False
ISSP.JK,426.0,426.0,421.2,409.4,411.7,426.32,408.743879699707,8.460000000000008,2.059412471566801,2563200,False,False
ISEA.JK,79.0,79.33333333333333,79.0,77.8,82.45,83.1,76.95,5.299999999999997,2.240543805370558,839100,True,False
ISAT.JK,2120.0,2160.0,2184.0,2223.0,2299.5,2328.8,2123.44,20.880000000000017,2.0502447753360764,25042400,False,False
ISAP.JK,25.0,24.333333333333332,23.4,23.2,23.9,24.2,24.28,1.8000000000000007,5.394435839309877,41595300,False,False
IRSX.JK,302.0,315.3333333333333,318.4,328.8,372.7,375.52,340.08421875,36.75999999999999,3.0072581456801526,45069200,False,False
IRRA.JK,376.0,378.6666666666667,375.6,363.8,363.9,370.36,370.4,7.433333333333337,1.8160388853931824,301700,False,False
IPTV.JK,25.0,24.666666666666668,24.4,23.8,26.3,28.9,31.34,5.099999999999998,5.820621571907844,7706200,False,False
IPOL.JK,115.0,114.66666666666667,114.0,112.8,114.45,113.58,111.15,2.200000000000003,1.4643234910145757,233300,True,False
IPCM.JK,282.0,284.6666666666667,284.0,284.2,286.2,294.68,300.74994293212893,6.340000000000003,1.6850538290147592,406800,False,False
IPCC.JK,1055.0,1056.6666666666667,1057.0,1060.5,1081.25,1125.5,1138.5271795654296,14.1,1.3505152078477303,178700,False,False
IPAC.JK,189.0,189.0,189.0,189.0,189.0,181.28,165.72,7.719999999999999,0.0,0,False,False
IOTF.JK,50.0,49.666666666666664,49.2,47.8,55.2,59.74,56.69,11.940000000000005,6.024212587885678,9818400,False,False
INTP.JK,5050.0,4986.666666666667,5012.0,4958.0,5075.25,5236.5,4793.28798828125,11.14,1.9696979848693648,533600,False,False
INTD.JK,300.0,307.3333333333333,320.4,358.4,339.2,299.88,267.36,29.25999999999999,6.010136936107352,440400,False,False
INTA.JK,61.0,61.0,61.0,61.0,61.0,61.0,62.67,0.0,0.0,0,True,False
INPS.JK,1065.0,1065.0,1065.0,1065.0,1038.25,844.4,744.85,44.120000000000005,0.0,0,False,False
INPP.JK,635.0,658.3333333333334,669.0,679.0,701.0,719.5689770507812,724.2890728759766,16.91379541015624,1.8516990348095452,163600,False,False
INPC.JK,148.0,150.66666666666666,152.2,146.0,148.95,149.18,141.48,6.199999999999989,4.472513849087039,2117000,False,False
INOV.JK,139.0,137.66666666666666,137.4,136.2,135.95,139.96,131.11,4.010000000000019,2.1915887605060704,834300,True,False
INKP.JK,8275.0,8250.0,8270.0,8165.0,8342.5,8549.5,8025.44998046875,15.38,2.2448718115923936,1073900,False,False
INET.JK,248.0,253.33333333333334,260.0,266.2,293.7,294.28,252.47623748779296,23.139999999999986,3.0848854581170415,156711000,False,False
INDY.JK,2790.0,2716.6666666666665,2686.0,2643.0,2689.5,2684.6,2454.5657373046874,14.7,3.146685364585169,13334000,False,False
INDX.JK,60.0,60.0,60.0,60.0,60.0,60.0,63.51,0.0,0.0,0,True,False
INDS.JK,254.0,250.66666666666666,250.8,244.4,247.4,261.08,266.06840194702147,8.33999999999999,2.9411056335427546,1759400,False,False
INDR.JK,2720.0,2846.6666666666665,2856.0,2884.0,2909.5,2677.2,2349.9,23.230000000000018,2.1410736889891187,144800,False,False
INDO.JK,175.0,173.33333333333334,172.2,168.9,175.0,178.38,170.87,9.47999999999999,1.7582627861468099,22735900,False,False
INDF.JK,6950.0,6933.333333333333,6900.0,6815.0,6932.5,7150.0,6818.292788085938,13.4,0.8631525607575322,1965600,False,False
INCO.JK,4270.0,4263.333333333333,4282.0,4261.0,4497.0,4886.6,4819.824799804687,62.56000000000004,2.4670245838580707,17767400,False,False
INCI.JK,960.0,1011.6666666666666,950.0,871.5,837.0,758.7,704.2647528076172,50.59333333333332,7.505825780631184,920400,False,False
INCF.JK,50.0,50.0,50.0,50.0,50.0,50.0,50.08,0.0,0.0,0,True,False
INAI.JK,159.0,159.33333333333334,158.8,154.7,165.15,172.44,161.31,17.74000000000001,3.320262542534062,292800,False,False
IMPC.JK,1330.0,1328.3333333333333,1340.0,1370.0,1488.0,1491.2,1539.95,32.57333333333336,2.151106901892781,8889000,False,False
IMJS.JK,172.0,169.66666666666666,169.2,167.4,176.15,172.84,158.62681838989258,8.75,2.6839539487911726,1025100,False,False
IMAS.JK,850.0,848.3333333333334,845.0,847.5,861.0,874.1,863.4898760986329,5.820000000000005,1.620662565803984,535800,True,False
IKPM.JK,184.0,179.66666666666666,177.6,177.1,178.5,187.3,185.89,10.200000000000017,1.531594216120665,783700,False,False
IKBI.JK,555.0,553.3333333333334,564.0,557.0,552.25,549.1950720214844,522.9437280273437,2.960985595703119,2.9061200934142435,70700,True,False
IKAN.JK,81.0,81.66666666666667,81.4,79.7,84.05,86.7,82.31,7.0,1.8931714528969734,6233800,False,False
IKAI.JK,25.0,23.333333333333332,22.2,21.6,21.05,20.56,19.89,4.440000000000001,9.876192138332739,230986400,False,False
IGAR.JK,482.0,474.6666666666667,472.8,471.0,472.25,464.66,442.10975952148436,8.669999999999987,1.121359026770539,6500,False,False
IFSH.JK,2020.0,2186.6666666666665,2055.0,1739.5,1378.0,1213.5,1250.810001220703,97.31666666666665,15.321691233021633,150200,False,False
IFII.JK,206.0,206.0,206.4,206.3,206.64999923706054,203.26679260253906,206.37634674072265,1.6916033172607428,1.2219634210505224,89500,True,False
IDPR.JK,238.0,239.33333333333334,240.8,241.8,255.3,265.28,280.53597229003907,13.639999999999986,2.636621645029059,22900,False,False
IDEA.JK,214.0,195.66666666666666,179.4,163.7,142.7,95.4,78.029765625,59.3,4.988312666754352,44480100,False,False
ICON.JK,127.0,128.66666666666666,131.0,130.3,139.55,132.92,120.44,12.550000000000011,4.035591595536204,4649100,False,False
ICBP.JK,6950.0,6833.333333333333,6825.0,6750.0,6817.5,7203.5,6874.6866845703125,18.14,1.0768680358156333,3122000,False,False
IBST.JK,8475.0,8475.0,8475.0,8475.0,8475.0,8475.0,8475.0,0.0,0.0,0,True,False
IBOS.JK,86.0,85.66666666666667,86.4,85.1,89.0,83.66,80.72,5.340000000000003,2.4784311820935,8921600,True,True
IBFN.JK,63.0,63.0,63.0,63.0,63.0,63.0,63.8,0.0,0.0,0,True,False
IATA.JK,106.0,105.33333333333333,105.0,98.5,104.95,112.02,87.74,13.519999999999996,8.212766519398501,886742600,False,False
HYGN.JK,182.0,183.0,186.8,185.1,184.3,179.74,162.64580017089844,7.060000000000002,2.75912645996764,1142100,False,False
HUMI.JK,122.0,120.33333333333333,122.4,119.6,124.55,136.76160034179688,132.55200080871583,17.161600341796884,3.2721549621398,22809000,False,False
HRUM.JK,850.0,841.6666666666666,842.0,846.0,867.0,882.9,828.35,8.24666666666667,1.9326150384414171,4574400,False,False
HRTA.JK,2180.0,2136.6666666666665,2160.0,2180.0,2185.5,2181.1,2093.1812744140625,4.883333333333349,3.4197381067658954,16089500,True,True
HRME.JK,42.0,41.666666666666664,41.2,39.7,41.9,42.0,43.35,2.299999999999997,4.580485227708513,6371000,False,False
HOPE.JK,276.0,284.0,278.8,275.0,260.3,246.04,193.91,18.980000000000004,6.893659587327686,18536900,False,False
HOMI.JK,246.0,245.33333333333334,246.4,243.6,244.6,222.64,206.67,11.88000000000001,1.7329301108829538,739400,False,False
HOKI.JK,45.0,44.0,44.0,42.2,46.85,51.9,53.53,9.699999999999996,7.497638827926218,13068600,False,False
HMSP.JK,635.0,626.6666666666666,625.0,623.5,638.75,702.2,685.4036608886719,15.740000000000009,1.564371952606529,23799200,False,False
HILL.JK,16.0,16.0,16.0,16.0,16.0,16.0,16.01,0.0,0.0,0,True,False
HGII.JK,140.0,139.0,139.2,139.3,140.35,133.74,129.39059616088866,6.609999999999985,0.6317282544927755,572200,False,False
HEXA.JK,3520.0,3533.3333333333335,3536.0,3535.0,3725.4126586914062,3994.3386669921874,4065.781357421875,47.43386669921874,1.8365213239454221,147300,False,False
HERO.JK,316.0,314.0,317.2,319.6,326.1,333.16,337.18,9.580000000000013,1.80151172223024,75700,False,False
HELI.JK,312.0,332.0,315.6,292.8,259.9,221.5,200.25,55.25,6.694946771135257,9371900,False,False
HEAL.JK,600.0,600.0,606.0,606.5,631.25,681.0,779.4,16.2,1.980745238694282,10788600,False,False
HDIT.JK,40.0,40.0,39.2,38.5,44.25,47.88,49.52,9.380000000000003,7.175733242695435,2501300,False,False
HDFA.JK,97.0,96.66666666666667,95.6,93.5,97.35,98.5,93.75,5.0,3.0903795533273897,86900,True,False
HBAT.JK,398.0,397.3333333333333,399.2,395.0,386.3,305.04,328.37,47.079999999999984,2.9154115611062617,708400,False,False
HATM.JK,550.0,538.3333333333334,535.0,537.5,543.5,567.7,471.5248825073242,6.540000000000009,2.1570305666011067,17421300,False,False
HALO.JK,67.0,66.33333333333333,65.6,63.5,66.85,69.3,67.3,5.799999999999997,2.928852482992895,9404600,True,False
HAJJ.JK,126.0,118.33333333333333,115.2,109.3,109.75,109.7,107.78,16.700000000000003,3.735453774791364,30961600,False,False
HAIS.JK,175.0,175.0,175.0,175.5,178.75,181.98,178.75,6.97999999999999,1.13374120876981,79400,False,False
HADE.JK,26.0,26.333333333333332,26.2,26.4,26.2,21.7,19.12,4.699999999999999,4.655201875194816,11894000,False,False
GZCO.JK,165.0,165.33333333333334,167.8,166.4,175.75,179.22,162.97,14.219999999999999,2.8682891136998765,6722000,False,False
GWSA.JK,166.0,159.33333333333334,154.4,150.8,157.35,155.08,138.57,15.199999999999989,3.4263272811809196,9030000,False,False
GUNA.JK,220.0,220.66666666666666,220.4,219.8,219.9,215.36,193.82918884277345,2.6533333333333218,1.2775320887151285,1513900,True,True
GULA.JK,835.0,823.3333333333334,812.0,793.0,808.25,787.8,695.25,9.440000000000008,2.3948369135801735,13295800,False,False
GTSI.JK,128.0,130.66666666666666,131.4,132.6,142.75,161.6,150.88883750915528,33.599999999999994,3.8345212358826535,15077000,False,False
GTRA.JK,302.0,299.3333333333333,286.4,272.8,261.3,250.76,225.77,25.620000000000005,3.510742386532835,2038000,False,False
GTBO.JK,214.0,211.33333333333334,199.8,168.8,156.3,162.5,170.62,28.849999999999994,6.7894882962810525,192500,False,False
GSMF.JK,93.0,93.66666666666667,93.8,90.2,94.65,93.92,90.82,4.450000000000003,2.716156562244445,988000,True,False
GRPM.JK,143.0,146.66666666666666,142.0,134.1,146.3,176.28,212.36,42.18000000000001,7.09992700494739,11110700,False,False
GRPH.JK,96.0,100.66666666666667,102.2,104.0,119.1,98.96,79.12,23.099999999999994,5.4892682244057305,8536100,False,False
GRIA.JK,157.0,155.66666666666666,157.2,156.7,164.35,162.16,140.28,8.683333333333337,2.278107469607866,1482400,False,False
GPSO.JK,220.0,218.66666666666666,218.8,222.4,246.2,274.04,326.46,27.68666666666668,3.3880118418531855,12996900,False,False
GPRA.JK,102.0,100.0,99.4,99.6,101.15,105.22,103.13088203430176,5.819999999999993,2.4909871529932404,114564000,True,False
GOTO.JK,30.0,30.0,30.0,32.0,41.0,46.4,48.2,16.4,8.39022595892562,12917896800,False,False
GOOD.JK,306.0,306.6666666666667,306.8,306.4,307.8,307.88,311.0,0.9399999999999977,1.061750429164101,15000,True,False
GOLF.JK,166.0,166.0,163.6,163.5,169.6,165.68,165.09219421386717,6.099999999999994,2.732283900578164,2567100,False,False
GOLD.JK,278.0,281.3333333333333,277.2,273.6,275.4,274.12,265.72,3.866666666666646,2.5810684853681343,41900,True,False
GMTD.JK,980.0,1011.6666666666666,1042.0,1024.5,1117.75,1245.8,1337.25,53.15999999999999,8.551853370035365,12800,False,False
GMFI.JK,52.0,52.0,52.0,51.7,54.35,56.92,54.75,5.219999999999999,2.802939596606348,70529400,True,False
GLVA.JK,326.0,324.6666666666667,322.8,323.4,327.9,319.68,313.1793911743164,4.109999999999985,1.5025369445064616,3700,True,False
GJTL.JK,1280.0,1276.6666666666667,1281.0,1258.0,1286.75,1321.4,1222.0464965820313,12.680000000000017,1.5944213959333011,778700,False,False
GIAA.JK,52.0,51.666666666666664,50.6,52.6,56.9,62.12,58.4,11.519999999999996,4.716622395579554,10630300,False,False
GHON.JK,1625.0,1615.0,1613.0,1618.5,1636.5,1631.1,1641.9114587402344,4.7,0.5920558269700431,2900,True,False
GGRP.JK,366.0,371.3333333333333,374.0,366.6,348.9,323.92,307.7177914428711,25.039999999999992,2.3515924156073114,1368600,False,False
GGRM.JK,18000.0,17300.0,17200.0,17045.0,17401.25,19025.0,17474.9125,79.2,2.340611494674389,1179200,False,False
GEMS.JK,7900.0,8044.371419270833,7998.82451171875,7571.627587890625,7182.441723632813,6718.224619140625,6406.4944140625,53.04587200520833,4.1178840522515925,796500,False,False
GEMA.JK,89.0,90.0,87.6,83.3,86.1,85.34,82.40714248657227,6.700000000000003,3.4434415326910597,1761300,False,False
GDYR.JK,1105.0,1111.6666666666667,1117.0,1115.0,1113.0,1110.7,1099.7,2.4,1.74217365474313,10300,True,False
GDST.JK,110.0,109.33333333333333,109.0,107.2,112.85,113.16,99.44,5.959999999999994,2.1640195294671605,1821600,True,True
FWCT.JK,84.0,81.0,80.2,78.1,83.2,88.48,84.43,10.38000000000001,4.975739151707471,36341000,False,False
FUTR.JK,252.0,256.6666666666667,261.2,259.2,266.3,302.88,248.59,25.439999999999998,5.115838010815396,24189700,False,False
FUJI.JK,298.0,295.3333333333333,296.0,292.6,283.6,263.8,252.37,17.099999999999994,2.702474868762018,371800,False,False
FPNI.JK,515.0,513.3333333333334,519.0,502.5,515.5,516.26,424.77,3.3,3.547772335600778,2475300,True,True
FORU.JK,140.0,147.33333333333334,141.0,185.1,202.247794342041,1673.5991177368164,2172.349558868408,1533.5991177368164,11.453230012774345,1747024500,False,False
FORE.JK,760.0,761.6666666666666,778.0,787.5,792.25,792.8,742.45,6.559999999999991,1.9942905277037373,892400,False,False
FOOD.JK,176.0,176.0,176.0,176.0,176.0,176.0,174.21,0.0,0.0,0,True,False
FOLK.JK,159.0,166.33333333333334,173.4,179.2,210.6,203.0,204.57,51.599999999999994,4.69733516958001,15437700,False,False
FMII.JK,252.0,252.0,250.4,247.6,245.5,249.68,247.36,3.25,3.632901689575089,2600,True,False
FLMC.JK,167.0,154.66666666666666,154.4,143.3,131.1,105.42,99.13,61.58,6.665293944434262,1947900,False,False
FITT.JK,408.0,408.6666666666667,406.8,408.2,426.9,404.64,386.82,11.129999999999995,2.234257073218216,722200,False,False
FISH.JK,600.0,598.3333333333334,595.0,600.0,632.25,618.2,624.2798394775391,7.45,2.21824512868511,16700,False,False
FIRE.JK,107.0,108.33333333333333,109.0,107.2,114.2,113.92,110.14,7.200000000000003,2.7066230088262415,2021500,False,False
FILM.JK,595.0,596.6666666666666,599.0,607.0,667.25,808.8,1257.55,42.75999999999999,2.0863706683233882,14456300,False,False
FAST.JK,400.0,403.3333333333333,408.8,405.8,418.0,426.32,339.16,13.159999999999997,3.2344775130405186,3306400,False,False
FAPA.JK,7400.0,7400.0,7385.0,7390.0,7407.5,7416.5,7338.46798828125,1.26,0.2961621300033522,0,True,False
EXCL.JK,2340.0,2340.0,2346.0,2360.0,2416.0,2568.2,2578.2,22.819999999999983,1.855933725064531,5936600,False,False
EURO.JK,1370.0,1368.3333333333333,1376.0,1394.5,1421.75,1541.0,1667.061212158203,34.533333333333346,2.900980376006229,1533700,False,False
ESTI.JK,159.0,159.33333333333334,156.0,151.5,156.8,162.94,144.59960067749023,11.439999999999998,5.244980472299142,81246200,False,False
ESTA.JK,160.0,172.66666666666666,170.6,160.1,166.85,172.52,179.03,12.666666666666657,7.199231883883572,3513400,False,False
ESSA.JK,585.0,583.3333333333334,585.0,580.5,593.75,631.1,611.5632305908204,10.120000000000005,1.6626208635268944,33637500,False,False
ESIP.JK,97.0,98.0,98.8,97.0,106.2,117.3,122.88322875976563,20.299999999999997,2.617154885671159,4013600,False,False
ERTX.JK,167.0,167.33333333333334,166.2,162.3,168.3,178.98,164.03,16.67999999999998,2.841600635307035,972100,False,False
ERAL.JK,316.0,314.6666666666667,313.6,307.8,313.6,310.92,292.98616577148437,4.099999999999994,1.9843816666241638,2103800,True,True
ERAA.JK,615.0,611.6666666666666,616.0,607.5,608.0,539.9,444.3446423339844,15.220000000000004,1.7809025177121365,47453600,False,False
EPMT.JK,2650.0,2650.0,2652.0,2644.0,2630.5,2479.0,2393.9,17.3,0.3482994613732135,33700,False,False
EPAC.JK,53.0,52.0,50.4,46.8,48.75,54.2,60.39,7.400000000000006,8.77354120546413,83581000,False,False
ENZO.JK,64.0,63.333333333333336,62.6,60.6,68.25,72.06,69.97,11.46,6.145377218387601,6170000,False,False
ENRG.JK,995.0,1018.3333333333334,1033.0,1024.537042236328,1175.018521118164,1241.8557446289062,1279.9778723144532,49.37114892578124,8.440671809757927,183717000,False,False
ENAK.JK,183.0,195.66666666666666,194.4,190.7,202.1,223.76,247.92,40.75999999999999,5.955337357075361,1993300,False,False
EMTK.JK,386.0,388.0,394.0,393.4,428.8,483.12,518.9084063720703,48.56,2.8825222629966634,19188100,False,False
EMDE.JK,67.0,68.0,67.2,66.1,70.95,74.58,70.2,8.480000000000004,4.195641757212753,4253000,False,False
EMAS.JK,8100.0,7816.666666666667,7790.0,7707.5,7663.75,7896.5,7214.0,17.45,2.031449618175259,11606500,False,False
ELTY.JK,28.0,29.0,29.6,31.0,32.3,35.26,31.08,7.259999999999998,9.775510090071561,309652500,False,False
ELSA.JK,630.0,635.0,636.0,644.0,670.0,693.4,645.3655627441407,12.679999999999996,2.630529187096615,7250300,False,False
ELPI.JK,560.0,555.0,560.0,569.5,598.75,655.6,918.14099609375,20.120000000000005,3.133008889546001,747600,False,False
ELIT.JK,256.0,260.6666666666667,269.2,258.2,264.9,236.36,205.75,16.419999999999987,4.908992831592396,9842500,False,False
EKAD.JK,376.0,379.3333333333333,382.4,377.6,388.4,344.48,254.8355551147461,21.95999999999998,3.64896662340564,2023000,False,False
ECII.JK,154.0,155.33333333333334,155.6,152.9,158.45,160.44,150.03,7.539999999999992,3.0252250862875747,379300,False,False
EAST.JK,90.0,90.0,89.8,89.4,89.45,89.91869598388672,88.35500045776367,0.5999999999999943,0.9692586006784163,463200,True,False
DYAN.JK,82.0,82.0,83.4,81.6,84.4,86.02,82.26,4.420000000000002,5.354843010714614,4197900,False,False
DWGL.JK,208.0,210.66666666666666,214.0,211.6,218.3,275.44,259.66,33.72,2.4173423654778707,1099000,False,False
DVLA.JK,1585.0,1585.0,1585.0,1583.5,1583.75,1585.8,1555.3010107421876,0.4599999999999909,0.1794200818698813,139700,True,False
DUTI.JK,4800.0,4773.333333333333,4688.0,4704.0,4745.5,4653.8,4299.778466796875,14.619999999999981,1.920231302000679,3800,False,False
DSSA.JK,1130.0,1120.0,1134.0,1114.5,1089.25,1057.1,913.14,15.380000000000019,2.602917755958385,132523900,False,False
DSNG.JK,1500.0,1505.0,1527.0,1536.0,1571.75,1514.9,1346.8664794921874,14.35,2.17830195739485,929600,False,False
DSFI.JK,82.0,84.0,84.0,85.2,89.75,86.86,80.1,7.75,6.383733145022909,5431200,False,False
DRMA.JK,960.0,945.0,942.0,934.0,951.5,976.1,953.15,8.420000000000005,1.6919565051086705,390500,False,False
DPUM.JK,123.0,126.0,121.4,115.4,130.2,112.76,120.08,17.439999999999984,6.654173553453852,27935000,False,False
DOSS.JK,159.0,160.33333333333334,161.8,162.0,167.05,168.34,150.44697914123535,9.340000000000003,2.0627123498668474,347300,False,False
DOOH.JK,270.0,306.6666666666667,322.8,340.2,370.1,332.2,233.17,50.05000000000001,5.55380889765685,227451100,False,False
DOID.JK,222.0,216.0,216.4,215.4,223.5,226.04,216.2,5.319999999999993,5.520538190392381,13020900,False,False
DNET.JK,9800.0,9950.0,9940.0,9875.0,9826.25,9867.5,9886.25,6.0,1.8084635009310481,13600,False,False
DNAR.JK,124.0,125.66666666666667,125.2,123.0,125.75,127.24,121.02,4.239999999999995,1.7320695289161359,574900,True,False
DMND.JK,605.0,601.6666666666666,606.0,607.0,618.75,619.8,612.8563977050782,3.626666666666665,1.736901777094177,6700,True,False
DMMX.JK,165.0,170.0,170.6,171.2,178.35,184.28,174.62917739868163,19.28,3.0611105314036857,2586300,False,False
DMAS.JK,184.0,186.66666666666666,188.2,185.2,187.6,177.88,157.44254974365234,10.319999999999993,2.5682531710050376,69747200,False,False
DLTA.JK,1765.0,1765.0,1765.0,1768.0,1777.75,1783.2,1761.2037414550782,3.640000000000009,0.3778955493960196,10200,True,False
DKHH.JK,81.0,77.0,75.4,73.2,71.25,68.04,64.7,12.959999999999994,3.152548619022134,124313100,False,False
DKFT.JK,675.0,666.6666666666666,667.0,658.0,660.5,653.37427734375,640.9171301269531,4.3251445312499985,1.9557241035099573,3289500,True,True
DIVA.JK,132.0,133.66666666666666,135.8,132.8,136.2,136.12,126.78,4.199999999999989,7.193377194590281,7228300,False,False
DILD.JK,109.0,109.33333333333333,109.8,109.6,112.35,116.1,115.67,7.099999999999994,1.5415088202077705,4567200,False,False
DIGI.JK,29.0,29.0,29.0,29.0,29.0,29.0,29.85,0.0,0.0,0,True,False
DGWG.JK,324.0,325.3333333333333,326.4,322.8,323.6,326.56,311.2212905883789,1.8799999999999955,2.9018478103527894,10988900,True,True
DGNS.JK,300.0,296.6666666666667,294.4,286.0,275.4,255.8,243.24,22.099999999999994,5.06237651044259,7870600,False,False
DGIK.JK,139.0,138.33333333333334,138.8,138.4,137.25,135.2,130.8,3.8000000000000114,2.9021313991076476,2148200,True,True
DFAM.JK,70.0,71.66666666666667,70.6,70.5,81.3,81.48,86.89,11.480000000000004,5.669920525289738,7875400,False,False
DEWI.JK,254.0,251.33333333333334,252.8,242.0,217.25,172.5,145.84,40.75,3.127222537282152,18851900,False,False
DEWA.JK,366.0,360.6666666666667,358.4,349.6,361.6,415.36,383.17235549926755,32.879999999999995,2.5319408206406173,451991700,False,False
DEPO.JK,234.0,235.33333333333334,235.2,231.2,234.8,242.48,243.97709762573243,5.640000000000001,1.4379464807524873,127900,True,False
DEFI.JK,90.0,90.0,91.0,88.6,99.15,103.52,110.07,14.920000000000002,6.42526926885631,7208500,False,False
DCII.JK,199475.0,199491.66666666666,198525.0,198132.5,198370.0,199761.0,195034.75,65.14,1.9477308853000042,100,False,False
DAYA.JK,1125.0,1170.0,1149.0,1120.5,1101.75,1071.2,1043.8,19.75999999999999,4.447353838562778,54800,False,False
DATA.JK,1500.0,1518.3333333333333,1539.0,1549.5,1601.0,1779.5,1839.15,55.9,2.1956648957465275,558800,False,False
DART.JK,157.0,158.66666666666666,157.0,153.3,158.3,157.58,140.64,5.366666666666646,1.83332016690568,166300,True,False
DADA.JK,24.0,24.333333333333332,24.4,28.415499687194824,38.92649984359741,45.233099937438965,47.33529996871948,21.233099937438965,7.932389806137816,77845500,False,False
DAAZ.JK,2420.0,2213.3333333333335,2192.0,2043.0,1847.0,1736.7,1681.7066613769532,68.33,5.403130938280098,2151900,False,False
CYBR.JK,490.0,490.0,489.6,492.4,505.95,531.88,564.69,21.139999999999986,2.869044968863854,30231800,False,False
CUAN.JK,770.0,791.6666666666666,815.0,842.5,888.5,845.2,749.71,23.7,3.2113193225417516,274141700,False,False
CTTH.JK,94.0,96.33333333333333,96.6,96.2,111.0,121.82,129.55,27.819999999999993,3.596728638917042,2197300,False,False
CTRA.JK,545.0,543.3333333333334,542.0,540.0,561.0,593.9,576.217890625,10.779999999999996,1.493169635722409,10802300,False,False
CTBN.JK,2850.0,2850.0,2848.0,2891.0,2964.0,3327.8,4318.979887695313,47.98000000000002,1.3984782407471168,34000,False,False
CSRA.JK,690.0,691.6666666666666,688.0,686.0,712.0,740.7,759.0,10.940000000000008,1.644243268445738,231800,False,False
CSMI.JK,515.0,515.0,494.4,376.1,291.35,200.72,138.89,62.855999999999995,12.938676632792797,0,False,False
CSIS.JK,180.0,183.0,184.6,187.8,194.95,203.54,178.57900047302246,23.539999999999992,8.894129033958421,669800,False,False
CSAP.JK,280.0,282.6666666666667,284.4,282.6,287.1,289.96,283.28730834960936,4.97999999999999,1.840924680129676,30900,True,False
CRSN.JK,143.0,147.33333333333334,148.4,139.1,135.15,129.32,115.15162086486816,19.080000000000013,3.3779318026814296,1520900,False,False
CRAB.JK,224.0,226.0,223.2,218.4288314819336,217.82702865600587,212.59027282714842,209.57621841430665,6.7048635864257875,1.9583359720263878,421800,False,False
CPRO.JK,41.0,41.0,41.0,40.3,45.15,48.32,49.44,8.020000000000003,6.295048112813631,21526000,False,False
CPIN.JK,2960.0,2940.0,2934.0,2938.0,3017.5,3080.2,3229.8931127929686,14.619999999999981,1.123364911893579,4094600,False,False
COIN.JK,675.0,676.6666666666666,700.0,719.0,755.0,757.0,748.05,16.4,3.7712813180424867,13056900,False,False
COCO.JK,127.0,124.0,127.4,116.4,120.9,115.72,146.60584541320802,11.680000000000007,7.166624787341472,351689500,False,False
COAL.JK,31.0,31.0,31.0,31.0,31.0,29.6,30.78,1.3999999999999986,0.0,0,True,False
CNMA.JK,89.0,89.0,89.4,89.4,90.1,92.08,91.13,3.0799999999999983,0.9781159923902056,14901300,True,False
CNKO.JK,37.0,37.0,37.0,37.0,37.0,37.0,37.91,0.0,0.0,0,True,False
CMRY.JK,4440.0,4446.666666666667,4438.0,4396.0,4436.5,4517.10728515625,4464.418110351562,12.110728515625032,0.7584877639877404,246600,False,False
CMPP.JK,69.0,69.0,69.0,69.0,69.0,69.0,69.71,0.0,0.0,0,True,False
CMNT.JK,735.0,735.0,737.0,741.0,748.25,762.2,776.5,5.440000000000009,0.8400139273507868,15539500,True,False
CMNP.JK,1415.0,1418.3333333333333,1422.0,1414.0,1402.75,1394.5,1378.4,5.5,2.374521138321315,198600,True,False
CLPI.JK,1575.0,1576.6666666666667,1584.0,1586.5,1594.0,1598.6,1534.5567102050782,4.719999999999982,0.3685780043175513,76200,True,False
CLEO.JK,448.0,430.0,428.4,419.8,418.9,406.4,391.85529571533203,20.80000000000001,2.4160903840398507,24306000,False,False
CLAY.JK,2820.0,2833.3333333333335,2826.0,2800.0,2763.5,2736.4,2700.1,9.693333333333339,0.8120932084341222,12600,False,False
CITY.JK,167.0,168.0,167.6,162.4,169.75,174.74,167.31,12.340000000000003,5.411454108655173,316200,False,False
CITA.JK,3350.0,3340.0,3366.0,3356.0,3418.0,3352.8,3230.1289672851562,7.8,1.4997185036162752,10500,False,False
CINT.JK,198.0,197.0,195.6,192.9,192.85,185.44,177.23,12.560000000000002,2.454510753702411,1117800,False,False
CHIP.JK,615.0,625.0,629.0,653.5,692.0,798.2,871.3076342773437,36.64000000000001,1.5693726948826043,74200,False,False
CHEM.JK,59.0,60.333333333333336,59.0,56.5,61.8,66.16,64.8181616973877,9.659999999999997,4.698255551937493,6305900,False,False
CHEK.JK,121.0,120.0,119.4,121.1,125.45,130.28,127.44,10.879999999999995,2.0705778596522046,348600,False,False
CGAS.JK,150.0,150.66666666666666,149.8,148.4,148.35,150.3,151.26583267211913,2.316666666666663,1.486888080889534,1389600,True,False
CFIN.JK,356.0,356.6666666666667,356.4,354.0,361.1,358.08,335.8237057495117,3.5500000000000114,1.0112343393976302,1160500,True,True
CENT.JK,93.0,94.0,94.2,92.9,98.85,95.64,86.06,5.949999999999989,2.347394969438371,3077000,True,True
CEKA.JK,2200.0,2200.0,2196.0,2190.0,2187.5,2194.8,2173.532421875,1.25,1.1011043498717894,1300,True,False
CDIA.JK,555.0,558.3333333333334,567.0,565.5708251953125,599.9849517822265,651.4556518554688,669.3574987792969,19.291130371093754,2.798056298408504,16507700,False,False
CCSI.JK,400.0,408.0,413.6,394.0,399.8,319.44,283.9,47.08000000000001,13.123266609920876,1989200,False,False
CBUT.JK,905.0,903.3333333333334,911.0,918.5,955.75,902.2,800.36,10.70999999999999,3.2575977937519505,33400,False,False
CBRE.JK,720.0,725.0,729.0,736.0,736.75,715.2,718.05,4.309999999999991,3.772562126719773,6640400,True,True
CBPE.JK,555.0,526.6666666666666,513.6,508.1,506.7,499.48,392.2475885009766,11.103999999999996,2.868017980276364,155300,False,False
CBDK.JK,3440.0,3460.0,3482.0,3418.0,3544.0,3723.8,3663.8972216796874,30.58000000000002,2.6782506268434694,1123400,False,False
CASS.JK,1845.0,1836.6666666666667,1838.0,1822.5,1832.5,1856.1,1830.3,6.719999999999982,2.078013018617827,187700,False,False
CASH.JK,284.0,282.0,269.6,255.4,252.6,236.96,214.17,23.519999999999996,4.9661086425917205,1835400,False,False
CASA.JK,1830.0,1811.6666666666667,1802.0,1816.0,1815.5,1819.4,1751.65,5.6,2.1823458416883104,19400,True,False
CARS.JK,102.0,102.33333333333333,103.4,106.4,112.5,105.46,96.31,10.5,3.2233798766181008,12412000,False,False
CARE.JK,378.0,374.0,374.8,373.0,384.3,411.6,413.4,19.30000000000001,1.1560917085313434,197000,False,False
CANI.JK,135.0,135.0,135.0,135.0,135.0,135.0,135.12,0.0,0.0,0,True,False
CAMP.JK,162.0,161.33333333333334,161.2,159.2,168.5,169.86,172.43,10.660000000000025,2.9626677037996636,239200,False,False
CAKK.JK,156.0,156.0,156.0,155.9,158.05,151.98,145.81,6.070000000000022,0.73995334383148,58200,False,False
BYAN.JK,11775.0,12200.0,12460.0,12137.5,12056.25,12981.0,11975.55896484375,48.24,4.533081102622438,2656900,False,False
BWPT.JK,105.0,105.0,105.8,105.0,112.35,107.94,93.47,7.349999999999994,2.548571715173314,38925800,False,False
BVIC.JK,89.0,89.0,88.6,87.6,90.0,92.14,90.03,4.540000000000006,1.9476324182116447,247400,True,False
BUVA.JK,665.0,665.0,675.0,640.0,661.25,717.7,764.3,15.54000000000001,6.382717461553621,64139600,False,False
BUMI.JK,180.0,178.0,179.2,177.3,186.1,189.3,173.25,12.0,2.6675587930280473,1695670400,False,False
BULL.JK,344.0,350.0,355.2,351.6,373.9,414.32,389.66,35.16,3.0094550882272713,90228600,False,False
BUKK.JK,960.0,983.3333333333334,984.0,985.5,995.25,1000.2,1014.7,8.04000000000001,2.772107950098808,22200,False,False
BUKA.JK,100.0,100.0,101.4,102.8,104.0,109.96,110.25,9.959999999999994,1.2228690937579378,126735000,False,False
BUDI.JK,220.0,220.66666666666666,220.8,221.2,223.5,223.32,214.44,1.75,0.8981000089552102,24600,True,False
BUAH.JK,480.0,480.0,481.6,482.2,487.5,499.04,504.95440277099607,9.52000000000001,0.42855513511701426,693400,False,False
BTPS.JK,975.0,965.0,959.0,947.5,973.0,989.3,983.55,8.35999999999999,1.739030956496719,2538400,False,False
BTPN.JK,2500.0,2493.3333333333335,2476.0,2432.0,2380.5,2298.6,2247.35,20.140000000000008,1.3976690307972655,43500,False,False
BTON.JK,376.0,382.0,379.2,372.4,369.8,365.8,361.32,8.099999999999994,3.274835834314982,4900,False,False
BTEK.JK,14.0,13.666666666666666,13.2,12.9,12.25,11.22,11.04,2.7799999999999994,14.007352263086737,726860900,False,False
BSSR.JK,5150.0,5158.333333333333,5135.0,5090.95498046875,4918.208813476563,4489.007309570313,4048.48521484375,26.77304095052081,2.9467749025146763,556400,False,False
BSML.JK,575.0,561.6666666666666,557.0,549.0,548.75,531.3,499.12,8.740000000000009,0.9521816406445751,15072700,False,False
BSIM.JK,945.0,958.3333333333334,966.0,943.0,977.25,898.1,812.55,15.829999999999995,3.0637410840132664,52000,False,False
BSDE.JK,540.0,540.0,542.0,543.0,574.25,602.7,598.25,12.54000000000001,1.1585981102613452,26608900,False,False
BSBK.JK,44.0,44.333333333333336,43.4,41.8,45.9,49.28,50.59,7.480000000000004,6.287593968091707,11355600,False,False
BRRC.JK,60.0,55.666666666666664,54.2,51.6,59.95,65.3,61.89,13.699999999999996,8.479159010638988,48265000,False,False
BRPT.JK,1405.0,1408.3333333333333,1438.0,1434.0,1515.0,1702.4,1683.2220495605468,59.48000000000002,2.472261037492971,29789700,False,False
BRNA.JK,640.0,663.3333333333334,670.0,653.0,654.0,638.6,617.3,6.279999999999996,3.8304565360714227,355900,False,False
BRMS.JK,590.0,590.0,595.0,590.0,647.0,657.6,612.6,13.520000000000005,4.24265831864881,142478900,False,False
BRIS.JK,1355.0,1355.0,1378.0,1417.5,1519.5,1679.1,1740.2718994140625,64.81999999999998,2.2593116519635177,18356900,False,False
BREN.JK,2700.0,2736.6666666666665,2816.0,2863.0,2981.5,3225.4,3338.74125,52.540000000000006,2.882601397464632,4298000,False,False
BRAM.JK,4550.0,4590.0,4616.0,4610.0,4632.5,4602.8,4519.719631347656,8.25,1.7832605279407863,0,False,False
BPTR.JK,72.0,71.33333333333333,71.2,70.1,74.1,75.04,73.11,4.940000000000012,2.26113692881731,3108700,True,False
BPII.JK,444.0,446.6666666666667,449.2,454.8,459.6,464.9031793212891,454.10340270996096,10.451589660644544,1.3325994335153997,200,False,False
BPFI.JK,240.0,239.33333333333334,238.8,238.0,243.1,249.0,249.7603823852539,5.5,0.6219889931977403,136200,True,False
BOLT.JK,795.0,796.6666666666666,791.0,781.0,791.75,796.2,790.65,3.1333333333333258,1.227527349631017,21900,True,False
BOLA.JK,166.0,168.0,168.0,164.6,170.3,163.74,158.45,6.560000000000002,3.612770881926128,781700,False,False
BOGA.JK,1610.0,1606.6666666666667,1611.0,1580.5,1572.5,1602.3,1490.85,7.7,2.7657119711561213,12300,False,False
BOBA.JK,196.0,197.0,196.0,193.8,198.9,208.48,241.74895080566407,14.679999999999978,1.3841951031447226,115900,False,False
BOAT.JK,127.0,126.33333333333333,125.6,123.2,130.75,136.06,124.24,12.86,3.8317536555682445,1572800,False,False
BNLI.JK,1930.0,1941.6666666666667,1940.0,1926.5,2003.75,2098.3,2382.05,34.360000000000035,2.0395517925450117,19200,False,False
BNII.JK,189.0,189.0,188.8,188.6,190.1,191.94,190.58,3.3400000000000034,0.5604086422946246,1986500,True,False
BNGA.JK,1695.0,1696.6666666666667,1696.0,1704.0,1724.0,1696.7,1645.35,5.8,0.9289004237344652,619800,True,False
BNBR.JK,72.0,72.33333333333333,73.2,73.0,79.6,91.78,96.34027069091798,19.78,2.3966194838114516,295528000,False,False
BNBA.JK,810.0,806.6666666666666,809.0,819.0,814.75,777.2,750.85,8.35999999999999,1.8143021217674056,238100,False,False
BMTR.JK,76.0,76.0,76.4,76.7,92.6,106.34,112.48,30.340000000000003,5.8949929372103576,34780400,False,False
BMSR.JK,312.0,313.3333333333333,315.2,322.6,338.5,321.84,309.64,13.25,4.202208130412228,98100,False,False
BMRI.JK,4040.0,4046.6666666666665,4068.0,4044.0,4132.823974609375,4161.987333984375,4122.764267578125,12.198733398437525,1.1832427498839262,53448900,False,False
BMHS.JK,197.0,198.0,198.8,198.9,199.45,195.1,186.76985885620118,4.349999999999994,0.4761173731194384,887000,True,False
BMBL.JK,31.0,31.333333333333332,31.0,31.0,30.5,30.2,31.06,1.1333333333333329,3.696467158373266,9892900,True,False
BMAS.JK,478.0,476.6666666666667,476.8,479.0,494.0,499.7,491.16,11.516666666666652,1.3957194306124292,7000,False,False
BLUE.JK,4010.0,3893.3333333333335,3786.0,3454.0,3212.0,2875.2,2955.723876953125,113.48000000000002,3.5026513188313597,745900,False,False
BLTA.JK,43.0,41.333333333333336,40.0,39.1,35.55,33.86,33.97,9.14,13.820437607224372,139105700,False,False
BLOG.JK,360.0,358.6666666666667,359.2,356.2,359.6,369.32,355.8603454589844,6.560000000000002,2.049334436922661,218500,False,False
BLES.JK,202.0,200.33333333333334,200.2,195.6,196.15,200.66,172.11478118896486,3.200000000000003,1.7927998971953427,7126900,True,True
BKSW.JK,48.0,48.666666666666664,48.6,48.5,49.95,51.72,52.03,3.719999999999999,3.6208435871816778,481200,True,False
BKSL.JK,56.0,56.0,56.8,56.3,61.8,68.98,68.28,12.980000000000004,5.189131597296778,90698000,False,False
BKDP.JK,185.0,188.0,188.8,185.3,183.45,173.56,148.59,15.240000000000009,2.801296610297098,4938900,False,False
BJTM.JK,515.0,513.3333333333334,513.0,512.0,515.0,518.5,516.282719116211,1.3,0.7202478238473125,1059300,True,False
BJBR.JK,755.0,756.6666666666666,758.0,757.0,765.5,781.2,774.0,5.240000000000009,0.6254378448000197,1137100,True,False
BISI.JK,705.0,701.6666666666666,700.0,694.0,705.75,702.7,684.565673828125,2.35,1.4054278135772247,48800,True,False
BIRD.JK,1560.0,1561.6666666666667,1562.0,1558.5,1577.75,1605.8,1546.7389233398437,9.45999999999999,0.6911621446387648,282600,False,False
BIPP.JK,64.0,65.0,64.4,63.6,66.45,67.06,63.85,3.460000000000001,9.023151972796512,12172100,False,False
BIPI.JK,127.0,128.33333333333334,128.8,129.1,136.15,143.9,147.25,16.900000000000006,3.1000390826536326,135012200,False,False
BINO.JK,106.0,105.66666666666667,105.6,106.1,110.35,113.12,106.48,7.52000000000001,2.5507511268462806,257900,False,False
BINA.JK,4000.0,3996.6666666666665,4006.0,4073.0,4063.0,4115.8,4006.5,11.913333333333366,2.7883767130317696,175300,False,False
BIKE.JK,2140.0,1786.6666666666667,1674.0,1589.5,1324.25,918.46,714.23,122.154,10.566492679505567,7145200,False,False
BHIT.JK,23.0,22.666666666666668,22.4,21.6,22.95,24.58,25.74,2.979999999999997,4.320805008812837,54646200,False,False
BHAT.JK,1770.0,1770.0,1770.0,1770.0,1770.0,1770.0,1617.55,0.0,0.0,0,True,False
BGTG.JK,107.0,106.33333333333333,106.0,107.1,111.7,113.6,111.48,7.599999999999994,1.9244597394103422,2735600,False,False
BFIN.JK,935.0,935.0,932.0,926.0,946.25,936.8,832.4911352539062,4.05,1.7474219252698608,5476800,True,True
BEST.JK,118.0,119.66666666666667,123.8,121.5,121.95,121.5,110.33,5.799999999999997,4.243014686719944,7449600,False,False
BESS.JK,860.0,851.6666666666666,831.0,812.5,850.0,882.2,910.2172528076172,13.940000000000008,6.250529951224822,26800,False,False
BELL.JK,93.0,95.33333333333333,95.4,93.9,99.3,108.64,107.49,15.64,2.9564645246577252,34173500,False,False
BELI.JK,294.0,287.3333333333333,276.4,270.0,276.7,279.6,284.24,12.0,3.145051448767732,1565700,False,False
BEKS.JK,33.0,34.0,33.6,30.2,26.4,24.3,22.8,9.7,13.580744131424535,590346200,False,False
BEER.JK,64.0,61.666666666666664,61.8,60.3,67.15,74.18,79.01,13.88000000000001,5.872983719290119,58657900,False,False
BEEF.JK,428.0,427.3333333333333,427.6,416.2,425.4,434.28,319.9,9.039999999999992,4.751874196926023,1699600,False,False
BDMN.JK,4980.0,4946.666666666667,4898.0,4678.0,4554.0,4411.6,4280.3,56.83999999999996,2.1934393603202107,3339000,False,False
BDKR.JK,206.0,211.33333333333334,205.6,187.5,173.65,165.1,152.76084739685058,23.116666666666674,5.188787390323018,20502400,False,False
BCIP.JK,55.0,54.666666666666664,54.8,53.5,56.85,60.58,60.72,7.079999999999998,2.896246492232981,665600,False,False
BCIC.JK,129.0,129.0,130.2,130.6,132.6,131.44,125.37,3.5999999999999943,1.5388898003128426,253800,True,False
BCAP.JK,31.0,31.0,30.8,32.6,41.3,46.52,48.3,15.720000000000002,7.0851411253871674,27646600,False,False
BBYB.JK,199.0,198.33333333333334,199.4,198.0,214.4,240.32,238.76,42.31999999999999,1.7097826589157274,14459100,False,False
BBTN.JK,1055.0,1058.3333333333333,1065.0,1069.0,1112.0,1177.3,1194.7,24.45999999999999,1.3107055578733362,9039600,False,False
BBSS.JK,85.0,88.0,89.4,92.4,90.0,95.96,101.04,10.959999999999994,4.746297715366104,21031000,False,False
BBSI.JK,4310.0,4160.0,4194.0,4241.0,4386.5,4555.0,4573.0,39.5,3.435301763353382,200,False,False
BBRM.JK,108.0,109.0,109.4,107.9,112.6,115.62,113.97,7.719999999999999,3.5782259004306676,1475800,False,False
BBRI.JK,3100.0,3090.0,3100.0,3113.0,3189.0,3188.2,3044.9,9.9,1.6350072943473837,155846800,False,False
BBNI.JK,3430.0,3426.6666666666665,3440.0,3432.0,3543.0,3640.4,3578.2,21.373333333333356,0.8563132311802564,18056000,False,False
BBMD.JK,2040.0,2040.0,2040.0,2035.5,2006.25,1997.4,1965.8016625976563,4.259999999999991,1.129221126600198,200,True,False
BBLD.JK,670.0,670.0,668.0,665.0,664.5,655.1,617.261005859375,2.9799999999999955,0.8552169003451064,78100,True,False
BBKP.JK,44.0,43.666666666666664,42.8,41.6,46.0,51.02,52.17,9.420000000000002,5.827468310479249,32841700,False,False
BBHI.JK,795.0,790.0,792.0,795.5,839.0,878.2,901.0054260253906,17.640000000000008,3.5404640104034932,342700,False,False
BBCA.JK,6050.0,6033.333333333333,6075.0,6092.5,6200.0,6337.64865234375,6157.257563476563,12.17261276041667,1.126413884570924,87098600,False,False
BAYU.JK,1310.0,1315.0,1315.0,1312.0,1322.25,1283.5,1209.2185180664062,7.75,1.331554201657353,37800,False,False
BAUT.JK,32.0,32.0,31.6,32.9,36.65,36.18,31.67,5.049999999999997,6.016019374293382,46081700,False,False
BATR.JK,93.0,93.0,93.6,91.6,91.65,92.98,89.23827606201172,2.0,2.081108074267591,4626200,True,True
BATA.JK,59.0,59.0,59.0,59.0,59.0,59.0,59.75,0.0,0.0,0,True,False
BAPI.JK,21.0,21.0,20.2,20.7,21.25,20.16,18.86,1.0899999999999999,7.474978042548315,40952200,False,False
BAPA.JK,103.0,103.0,104.0,103.9,113.25,135.64,195.2,32.639999999999986,2.6368971285999177,2207100,False,False
BANK.JK,242.0,243.33333333333334,242.0,238.6,244.9,261.36,273.14,11.38000000000001,1.4106449125774845,1117100,False,False
BALI.JK,1375.0,1410.0,1490.0,1407.5,1357.25,1310.4,1266.7680737304688,35.91999999999998,9.226651369777267,20500,False,False
BAJA.JK,282.0,296.0,298.0,302.4,325.9,313.2,234.59,21.94999999999999,4.574842937595734,5608600,False,False
BAIK.JK,238.0,229.33333333333334,230.4,231.8,241.1,356.28,489.13,63.473333333333315,4.679027683080593,8414600,False,False
BACA.JK,109.0,109.66666666666667,109.8,109.6,113.05,115.86,113.91,6.859999999999999,0.8735785257735637,563000,False,False
BABY.JK,188.0,189.0,188.4,186.9,193.5,202.9,188.69,16.0,2.0148414000360697,1206800,False,False
BABP.JK,31.0,29.666666666666668,29.4,31.8,40.9,46.36,48.21,16.96,8.828075012976662,41843600,False,False
AYLS.JK,190.0,192.66666666666666,191.0,193.9,185.8,167.84,154.56,26.060000000000002,5.223653466350715,3697000,False,False
AYAM.JK,520.0,523.3333333333334,524.0,511.7,506.7,483.76,414.18,8.048000000000002,1.3583843162377718,6997200,False,False
AXIO.JK,126.0,124.66666666666667,122.0,116.7,115.35,114.76,111.39376258850098,11.239999999999995,3.0910763173925515,2079800,False,False
AWAN.JK,153.0,155.0,154.6,154.6,157.45,160.94,152.86,7.939999999999998,2.2611755810434286,65500,False,False
AVIA.JK,346.0,340.6666666666667,341.6,336.0,338.5,343.64,333.38,5.0,1.918300398035229,5353300,True,True
AUTO.JK,3370.0,3386.6666666666665,3400.0,3361.0,3357.0,3181.2,2838.0,21.880000000000017,1.8571114461115832,1689500,False,False
ATLA.JK,33.0,33.333333333333336,33.6,34.8,42.4,46.96,48.4082670211792,13.96,6.713932961958811,13917000,False,False
ATIC.JK,442.0,444.0,439.2,441.0,445.6,457.72,469.28,9.26000000000002,1.736922070495936,48100,False,False
ATAP.JK,600.0,608.3333333333334,609.0,577.5,567.5,573.0,514.67,8.3,3.2867626544839967,931700,False,False
ASSA.JK,595.0,583.3333333333334,584.0,580.5,588.75,613.5,609.1828125,6.6,2.3132968294316094,5641200,False,False
ASRM.JK,270.0,269.3333333333333,270.0,271.4,279.2,275.68,264.41030029296877,4.933333333333337,0.968005222953302,20100,True,False
ASRI.JK,116.0,115.66666666666667,116.6,117.1,120.6,122.86,118.27486824035644,7.193333333333328,2.2643010074106122,2292600,False,False
ASPR.JK,157.0,148.0,146.4,142.5,141.55,147.42,168.15933197021485,15.449999999999989,5.714567254559127,93736000,False,False
ASPI.JK,980.0,980.0,980.0,935.0,788.5,565.42,480.9,82.91600000000001,8.394946918869667,0,False,False
ASMI.JK,39.0,41.0,36.2,27.7,21.8,18.3,17.22,22.7,15.1291362575892,184029100,False,False
ASLI.JK,468.0,470.0,479.2,482.6,442.3,338.7,276.71,71.95000000000002,2.8375769584374497,80677500,False,False
ASLC.JK,57.0,57.0,57.2,57.3,62.1,63.82,63.17515151977539,6.82,2.377657366089178,3917700,False,False
ASJT.JK,163.0,161.33333333333334,161.8,161.4,161.45,159.68,160.08,3.319999999999993,0.9022619038811325,29000,True,False
ASII.JK,4820.0,4800.0,4794.0,4708.0,4766.5,4846.4,4902.4,13.839999999999964,1.6711858258791359,25070300,False,False
ASHA.JK,44.0,44.333333333333336,43.8,42.7,47.85,54.28,56.04,11.579999999999998,6.3408041116719955,5552000,False,False
ASGR.JK,2430.0,2344.3333333333335,2300.13681640625,2189.884411621094,2025.0488220214843,1838.203701171875,1632.3010852050782,59.17962988281249,5.147944851833301,1437400,False,False
ASDM.JK,510.0,510.0,510.0,507.0,511.0,512.6,504.5675317382813,1.1200000000000045,0.5637761670511322,4500,True,False
ASBI.JK,394.0,393.3333333333333,392.8,392.0,394.4,405.0,407.74940368652346,6.5,0.7823356946611055,221900,False,False
ARTO.JK,785.0,788.3333333333334,789.0,791.0,849.0,1010.1,1049.05,45.02,2.535745455098868,8506500,False,False
ARTA.JK,1750.0,1766.6666666666667,1778.0,1866.5,2025.25,2215.3,2302.6,93.06000000000003,4.52351400765259,2200,False,False
ARNA.JK,510.0,513.3333333333334,517.0,519.0,516.15,506.1,477.69,2.5799999999999956,1.034158648746867,2487300,True,True
ARKO.JK,2700.0,2690.0,2786.0,2954.0,3486.0,4350.6,4840.8,166.06000000000003,7.331539829512311,4205900,False,False
ARKA.JK,22.0,22.0,22.0,22.0,22.0,22.0,23.37,0.0,0.0,0,True,False
ARII.JK,420.0,411.3333333333333,376.8,352.8,330.9,305.96,290.62,57.02000000000001,8.818018887830753,11631900,False,False
ARGO.JK,1190.0,1173.3333333333333,1165.0,1188.0,1186.0,1173.6,1053.0,5.0,2.9940166159665957,550000,True,False
AREA.JK,348.0,336.6666666666667,331.6,319.8,319.6,311.44,276.6,18.28,2.891350333671399,9293700,False,False
ARCI.JK,1315.0,1273.3333333333333,1275.0,1253.0,1291.5,1281.4,1168.0271459960939,12.4,3.0310392663123573,41611500,False,False
APLN.JK,107.0,106.0,107.0,106.7,115.3,125.46,127.79,19.459999999999994,3.6580703874322986,13293600,False,False
APLI.JK,282.0,280.0,280.0,277.0,279.8,271.16,258.50857467651366,5.4199999999999875,2.880079642225758,1743300,True,True
APII.JK,192.0,189.66666666666666,190.2,190.8,194.4,191.82,185.24230773925783,4.7333333333333485,1.609215205317039,584100,True,False
APIC.JK,406.0,403.3333333333333,402.8,401.6,406.0,492.72,631.26,45.56,0.410059450803923,420300,False,False
APEX.JK,177.0,177.0,179.0,175.7,181.65,183.3,158.97,7.600000000000023,2.595321875510262,4958500,False,False
ANTM.JK,3180.0,3186.6666666666665,3202.0,3173.0,3211.0,3138.6,2986.775144042969,7.240000000000009,2.148357560553933,37397500,False,False
ANJT.JK,1485.0,1493.3333333333333,1509.0,1527.5,1556.75,1551.1,1526.1,14.35,1.7335057774362013,8800,False,False
ANDI.JK,24.0,23.666666666666668,23.2,23.3,22.05,19.64,18.69,4.359999999999999,14.111955264760345,39066800,False,False
AMRT.JK,1240.0,1238.3333333333333,1246.0,1276.0,1289.0,1328.2,1341.815615234375,17.973333333333358,1.5467999412879783,14553200,False,False
AMOR.JK,364.0,362.6666666666667,363.2,359.4,363.2,360.76,345.92,2.3000000000000114,1.1748325442147791,71600,True,False
AMMS.JK,210.0,218.0,214.8,211.4,212.2,210.96,271.5,4.0,4.712641179881345,6584000,False,False
AMMN.JK,4410.0,4393.333333333333,4378.0,4402.0,4629.5,4487.6,4020.4,25.15,3.917317897887763,52189500,False,False
AMIN.JK,248.0,251.33333333333334,253.6,255.2,256.9,248.56,247.22060516357422,4.449999999999989,1.6107134206933498,23100,True,False
AMFG.JK,3180.0,3243.3333333333335,3268.0,3232.0,3247.0,3294.6,3154.8501806640625,11.45999999999999,1.69300581008338,25200,False,False
AMAR.JK,228.0,229.33333333333334,229.6,227.4,230.5,227.62432342529297,210.06146102905274,1.5499999999999972,1.0116531059478626,4406500,True,True
AMAN.JK,214.0,216.0,218.0,206.5,212.95,227.38,242.17,10.439999999999998,5.139866454835317,213200,False,False
AMAG.JK,386.0,387.3333333333333,387.2,386.4,386.8,388.08,389.0,1.039999999999992,0.6469621240374882,178400,True,False
ALKA.JK,7125.0,7608.333333333333,7070.0,6639.5,6961.0,4824.8,2743.08,111.34133333333331,14.878906382528834,361600,False,False
ALII.JK,740.0,705.0,705.0,700.0,714.5,757.8,761.3739361572266,11.559999999999992,3.0583293153589532,1779800,False,False
ALDO.JK,1200.0,1228.3333333333333,1239.0,1190.5,1072.75,968.0,839.6440631103516,54.2,8.861822244087564,134100,False,False
AKSI.JK,328.0,328.0,332.8,344.2,362.8,294.92,257.82,33.94,4.016680896497347,2379200,False,False
AKRA.JK,1485.0,1478.3333333333333,1491.0,1471.0,1472.25,1442.706826171875,1354.8677575683594,9.658634765624992,1.8955724879202065,5955300,False,False
AKPI.JK,510.0,511.6666666666667,514.0,511.5,518.5,515.32,502.21732025146486,1.7,1.3089768400550144,31400,True,False
AKKU.JK,81.0,77.33333333333333,67.8,53.4,46.2,41.28,39.64,39.72,19.54925579019992,90000900,False,False
AISA.JK,114.0,114.0,115.0,115.2,117.65,118.24,111.45,4.239999999999995,2.22384352433543,1725200,True,True
AIMS.JK,990.0,990.0,924.0,757.4,624.5,504.72,449.6,97.056,10.42653604157148,0,False,False
AHAP.JK,78.0,75.47790273030598,76.44962005615234,77.33958206176757,85.38020744323731,92.85208297729493,90.43604148864746,17.374180246988942,7.111666075202392,608392800,False,False
AGRS.JK,59.0,59.0,59.2,58.4,58.6,60.28,60.91,1.8800000000000026,3.8986503294409287,535800,False,False
AGRO.JK,134.0,136.33333333333334,137.0,135.6,139.8,145.56,147.48,11.560000000000002,2.099964039186688,4135800,False,False
AGII.JK,3400.0,3390.0,3338.0,3362.0,3393.5,3129.4,2954.571027832031,27.05999999999999,4.024943622147599,257800,False,False
AGAR.JK,1795.0,1820.0,1885.0,1792.5,2074.25,1684.9,989.15,77.86999999999998,10.76403000195832,516300,False,False
AEGS.JK,47.0,47.666666666666664,47.8,47.4,48.35,46.14,43.79,2.210000000000001,4.531578487062831,4555400,False,False
ADRO.JK,2580.0,2576.6666666666665,2584.0,2532.0,2571.5,2590.6,2468.7,5.8599999999999905,2.5172350084628854,19314700,True,True
ADMR.JK,1520.0,1505.0,1498.0,1487.0,1519.5,1587.5,1536.5,20.1,1.7165739039206724,14613600,False,False
ADMG.JK,228.0,228.66666666666666,228.8,229.8,238.9,247.6,226.2,9.799999999999997,1.8200046302695345,166500,False,False
ADMF.JK,8450.0,8408.333333333334,8405.0,8377.5,8546.25,8632.0,8399.5,10.18,1.87740308694583,43300,False,False
ADHI.JK,133.0,133.0,133.0,133.0,133.0,137.52,149.72,4.52000000000001,0.0,0,True,False
ADES.JK,34825.0,34925.0,34965.0,35477.5,34002.5,33194.5,31057.0,91.32,2.7711795744163723,15000,False,False
ADCP.JK,50.0,50.0,50.0,50.0,50.0,50.0,50.0,0.0,0.0,0,True,False
ACST.JK,74.0,81.0,84.0,86.8,95.25,92.42,85.6,21.25,4.3439379576073645,6327400,False,False
ACRO.JK,53.0,53.0,52.2,51.3,56.85,60.9,60.337870597839355,9.600000000000001,4.848430459485046,4917400,False,False
ACES.JK,326.0,326.0,325.6,329.2,338.6,349.36,340.8856549072266,11.879999999999995,1.3509788149387512,12283500,False,False
ABMM.JK,2700.0,2706.6666666666665,2684.0,2632.0,2691.0,2708.4,2554.9,7.6400000000000095,1.8828313776095587,265300,False,False
ABDA.JK,4880.0,4880.0,4888.0,4902.0,4932.0,4366.0,3871.6,56.6,0.17313822269024673,0,False,False
ABBA.JK,30.0,30.0,30.0,30.0,30.0,30.0,31.34,0.0,0.0,0,True,False
AALI.JK,8400.0,8309.950520833334,8277.35546875,8006.176953125,8014.008374023438,7744.992353515625,6956.285859375,26.200305859375003,1.9366981960861909,1885500,False,False
AADI.JK,11800.0,11875.0,11940.0,11602.5,11685.0,10777.0,9470.14529296875,46.52,2.870067144395053,4168500,False,False
