Ticker,Close,MA3,MA5,MA10,MA20,MA50,MA100,Range_Ticks,Vol_Pct,Volume,MA_Tight,Signal
ZYRX.JK,128.0,130.33333333333334,130.2,130.0,126.65,128.52,132.83538619995116,3.683333333333337,2.435006304031259,296700,True,False
ZONE.JK,710.0,713.3333333333334,715.0,719.5,734.25,615.14,481.6889715576172,23.822000000000003,2.075152109285853,6300,False,False
ZINC.JK,30.0,30.0,30.0,30.0,30.0,30.0,30.0,0.0,0.0,0,True,False
YUPI.JK,1430.0,1398.3333333333333,1356.0,1323.5,1314.0,1337.6,1400.4024951171875,23.2,2.8878516703703734,251400,False,False
YULE.JK,3480.0,3473.3333333333335,3476.0,3478.0,3449.5,3406.0,3364.601181640625,7.4,1.4468444525181918,1400,False,False
YPAS.JK,1515.0,1500.0,1467.0,1242.5,926.75,742.0,928.8,154.6,11.385179402288903,751000,False,False
YOII.JK,80.0,82.0,82.8,83.0,83.55,85.58,87.9,5.579999999999998,1.8962470417284993,4995300,True,False
YELO.JK,82.0,89.66666666666667,91.2,89.8,88.95,79.5,86.23,11.700000000000003,6.6303630554416735,105643300,False,False
WTON.JK,79.0,80.66666666666667,81.0,80.7,78.15,75.04,79.60015678405762,5.959999999999994,4.4476524693869495,4289900,False,False
WSBP.JK,14.0,14.0,14.0,14.0,14.0,14.06,15.45,0.0600000000000005,0.0,0,True,False
WOWS.JK,59.0,60.666666666666664,60.8,60.6,59.85,58.76,64.74,2.039999999999999,5.452546773162395,40876700,False,False
WOOD.JK,202.0,208.66666666666666,212.0,213.8,219.7,214.8,248.36,8.849999999999994,2.165668596966199,5273100,False,False
WOMF.JK,276.0,278.0,280.8,275.6,267.4,257.16,272.9822186279297,11.819999999999993,2.0771057868410883,159000,False,False
WMUU.JK,50.0,50.0,51.4,53.0,53.45,51.84,58.66,3.450000000000003,2.7003885726788233,3501100,True,False
WIRG.JK,71.0,75.33333333333333,73.6,69.6,64.2,58.24,65.27,17.093333333333327,6.042177798846151,187795700,False,False
WINS.JK,515.0,516.6666666666666,517.0,517.0,513.75,518.6,515.9365640258789,0.9700000000000045,1.3879499876246915,6039800,True,False
WINR.JK,21.0,21.666666666666668,22.4,23.9,22.25,21.62,25.26,2.8999999999999986,6.5907451764807155,30207100,False,False
WINE.JK,130.0,130.66666666666666,131.8,133.5,139.3,147.62519012451173,157.73151931762695,17.625190124511732,1.2453000724827339,1965400,False,False
WIIM.JK,1650.0,1705.0,1714.0,1731.5,1741.75,1656.6,1665.823994140625,18.35,2.085224018353019,5622100,False,False
WIFI.JK,1970.0,2040.0,2060.0,2011.0,1994.5,1856.31244140625,2002.0949353027345,40.737511718750014,4.491874566431424,37954000,False,False
WIDI.JK,26.0,27.0,26.2,25.6,25.65,25.92,27.86,1.3999999999999986,4.468259874825632,15161700,False,False
WGSH.JK,160.0,172.0,172.4,179.0,171.35,144.28,128.88,34.72,4.996707046711887,37640900,False,False
WEHA.JK,106.0,107.33333333333333,107.0,107.9,107.25,103.68,112.35859512329101,4.219999999999999,2.38921658085484,4260000,True,False
WEGE.JK,55.0,57.0,60.2,56.7,53.35,51.38,52.81,8.82,9.20341103045471,71084600,False,False
WAPO.JK,151.0,144.33333333333334,141.4,139.0,130.7,120.5,124.04,30.5,3.268492127392076,28976500,False,False
VTNY.JK,86.0,86.0,82.4,77.2,70.9,64.5,65.26,21.5,6.029164776622953,94404600,False,False
VRNA.JK,74.0,74.33333333333333,74.2,74.5,75.2,74.66,76.52,1.2000000000000028,1.396798905404717,46300,True,False
VOKS.JK,220.0,227.33333333333334,230.0,229.2,221.3,207.4,212.78,11.299999999999997,2.926929071835969,209700,False,False
VKTR.JK,830.0,880.0,889.0,868.0,827.5,707.16,767.23,36.36800000000001,5.7855861021409725,63547300,False,False
VIVA.JK,48.0,50.0,52.4,54.4,50.65,40.44,40.25,13.96,6.6243254542053664,25534600,False,False
VISI.JK,1000.0,938.3333333333334,924.0,936.0,918.25,940.2,868.05,16.35,4.86174563016705,12894300,False,False
VINS.JK,141.0,143.0,142.6,143.1,141.7,138.44,147.02,4.659999999999997,1.6923516666031928,651300,True,False
VICO.JK,144.0,144.66666666666666,144.6,144.1,142.6,139.22,146.68,5.446666666666658,0.5478263148662235,119000,True,False
VICI.JK,710.0,720.0,688.0,644.5,615.5,610.3,587.3800430297852,21.94000000000001,4.437236381886641,3790500,False,False
VERN.JK,236.0,240.66666666666666,235.6,227.6,215.1,181.92,156.62,29.373333333333335,4.117573188828719,7683000,False,False
VAST.JK,112.0,114.0,115.2,114.8,115.0,115.54,118.88,3.5400000000000063,1.9399433030052888,1803600,True,False
UVCR.JK,137.0,140.0,141.0,142.7,147.25,149.38,170.10345016479494,12.379999999999995,2.1538558828036147,34991200,False,False
URBN.JK,216.0,217.33333333333334,212.8,213.2,211.0,212.52,204.22,3.1666666666666714,3.5867799162169858,127500,True,False
UNVR.JK,1765.0,1786.6666666666667,1795.0,1778.5,1774.25,1737.6,1682.3996520996093,11.480000000000018,2.129519097548342,8457300,False,False
UNTR.JK,23850.0,23958.333333333332,23855.0,23587.5,23835.0,24068.5,25571.71626953125,19.24,1.1176683765557,8561500,False,False
UNTD.JK,80.0,81.66666666666667,82.2,82.7,81.75,77.04,78.87,5.659999999999997,2.878773514975448,25663800,True,True
UNSP.JK,206.0,206.0,206.0,206.0,206.0,207.32,264.4,0.6599999999999966,0.0,0,True,False
UNIQ.JK,115.0,116.33333333333333,116.6,115.5,113.9,108.2,113.77,8.399999999999991,1.5903077520298312,2490600,False,False
UNIC.JK,15000.0,15091.666666666666,15115.0,15110.0,14790.0,13433.5,12513.89275390625,67.26,0.5799631232315843,9800,False,False
ULTJ.JK,1470.0,1490.0,1494.0,1500.5,1478.25,1416.2,1475.0,16.859999999999992,0.8058488131668827,2175600,False,False
UFOE.JK,141.0,142.0,142.2,141.9,139.55,137.62,141.78,4.579999999999984,1.040537248205022,113500,True,False
UDNG.JK,1390.0,1350.0,1347.0,1306.0,1255.0,1313.2,1200.0,27.0,5.08707855879739,1472100,False,False
UCID.JK,498.0,472.6666666666667,463.6,451.2,431.1,397.5781768798828,392.6263177490234,50.210911560058605,2.4534453580801396,8911200,False,False
UANG.JK,2440.0,2483.3333333333335,2448.0,2430.0,2408.0,2346.7,2775.7,13.663333333333366,2.6909164805559866,57100,False,False
TYRE.JK,112.0,112.0,112.6,113.0,113.45,112.0,112.24,1.4500000000000028,0.9688283483244522,2625200,True,False
TUGU.JK,1315.0,1355.0,1363.0,1342.0,1280.25,1232.9,1192.2553381347657,26.019999999999982,3.645765910182984,3648900,False,False
TSPC.JK,2710.0,2726.6666666666665,2734.0,2763.0,2796.0,2634.8,2527.9,16.119999999999983,1.0266393031294434,537100,False,False
TRUS.JK,434.0,445.3333333333333,452.0,426.0,419.6,401.91669494628906,354.4231427001953,25.041652526855472,7.1735194297098115,110900,False,False
TRUK.JK,765.0,791.6666666666666,754.0,730.5,647.35,509.58,474.68,56.41733333333333,10.13309575427809,777900,False,False
TRUE.JK,50.0,50.0,50.0,50.0,50.0,51.42,91.9,1.4200000000000017,0.0,0,True,False
TRST.JK,474.0,464.0,462.8,460.0,459.0,469.06999755859374,465.74124420166015,7.5,1.1436043714154285,245200,False,False
TRON.JK,94.0,100.0,100.6,100.7,104.2,102.3,113.51,10.200000000000003,3.172312906927487,18134300,False,False
TRJA.JK,122.0,122.33333333333333,121.6,119.1,115.05,111.88,119.94,10.453333333333333,2.9915803611843104,427500,False,False
TRIS.JK,171.0,174.0,173.2,171.5,170.35,166.5,168.8802052307129,7.5,1.338375584031345,2960100,False,False
TRIN.JK,316.0,337.3333333333333,333.2,320.0,320.3,339.68,485.11,11.840000000000003,6.219515349538966,24593700,False,False
TRIM.JK,600.0,606.6666666666666,606.0,600.5,592.75,574.09783203125,555.7403500366211,6.513766927083315,1.0363997340745235,111800,False,False
TRGU.JK,176.0,172.0,171.8,170.3,167.55,167.22,174.88,8.780000000000001,3.5354236996051434,3117700,False,False
TPMA.JK,454.0,457.3333333333333,458.0,458.8,458.9,445.88,485.17,6.509999999999991,0.46802770799018484,1259500,False,False
TPIA.JK,1870.0,1963.3333333333333,1961.0,2007.0,2066.0,1988.2,3057.3590307617187,39.2,3.2451921382367215,346133100,False,False
TOWR.JK,474.0,454.6666666666667,442.8,419.6,411.2,394.24,415.4994366455078,39.879999999999995,2.9616984840201974,298290100,False,False
TOTO.JK,234.0,234.0,234.4,233.8,235.4,236.52,240.81101364135742,1.3599999999999994,0.5698297098452888,611000,True,False
TOTL.JK,1535.0,1481.6666666666667,1443.0,1434.0,1313.0,1158.4,1104.8337463378907,75.31999999999998,3.993308687746006,4764300,False,False
TOSK.JK,72.0,72.66666666666667,72.8,72.1,70.2,65.1,63.04,7.700000000000003,1.4944039988482236,18271200,False,False
TOOL.JK,65.0,66.33333333333333,66.4,66.6,66.5,65.06,67.52,1.5999999999999943,2.3383446264426997,14918000,True,False
TOBA.JK,535.0,556.6666666666666,542.0,526.0,505.5,452.16,490.3007037353516,20.90133333333332,3.90864797968832,46097200,False,False
TNCA.JK,158.0,158.66666666666666,158.4,160.8,162.45,148.64,163.07,13.810000000000002,1.331580815682982,544800,False,False
TMPO.JK,252.0,201.33333333333334,188.6,186.4,158.6,126.74,123.88,62.63,14.96682136367678,318103600,False,False
TMAS.JK,135.0,138.33333333333334,137.2,133.7,128.3,120.94,120.04873970031738,17.393333333333345,3.136934698681714,7916100,False,False
TLKM.JK,2600.0,2610.0,2608.0,2605.0,2634.5,2589.318603515625,2668.439113769531,4.5181396484375,0.6217044232822545,82579200,True,False
TLDN.JK,555.0,565.0,565.0,560.5,556.0,531.5,554.6340966796874,6.7,2.4140351767589086,1720700,False,False
TKIM.JK,7775.0,7933.333333333333,7900.0,7737.5,7268.75,6367.1860546875,6965.416762695312,62.64589114583334,2.3610379505933943,4231200,False,False
TIRT.JK,590.0,590.0,590.0,590.0,590.0,597.0,544.08,1.4,0.0,0,True,False
TIRA.JK,404.0,414.0,414.0,420.0,450.0,528.6,649.8,62.30000000000001,1.6504876444698982,340300,False,False
TINS.JK,4020.0,4060.0,4044.0,3934.0,3827.0,3618.33109375,3529.965048828125,44.16689062499999,2.739581655191627,42607700,False,False
TIFA.JK,326.0,332.6666666666667,347.6,334.2,329.1,281.3964178466797,302.8414938354492,33.10179107666016,8.96767376936108,129000,False,False
TGKA.JK,5125.0,5091.666666666667,5027.0,5001.5,4947.75,4891.1,4768.995229492188,9.355999999999986,1.4330828213811624,400,False,False
TFCO.JK,880.0,906.6666666666666,894.0,848.0,806.5,728.2,696.2,35.693333333333314,4.914299220456635,300,False,False
TFAS.JK,184.0,185.33333333333334,184.8,185.1,187.9,189.9,202.62,5.900000000000006,0.9994240681195499,302800,True,False
TEBE.JK,1705.0,1733.3333333333333,1730.0,1503.5,1291.75,1131.7,1156.6186572265624,120.32666666666664,12.38061314617566,29577700,False,False
TCPI.JK,2260.0,2286.6666666666665,2416.0,2977.0,3767.5,5540.43287109375,8469.24435546875,328.043287109375,5.093926034056508,8516900,False,False
TCID.JK,2660.0,2690.0,2678.0,2675.0,2706.5,2742.2,2788.5,8.219999999999981,1.76057501616571,1900,False,False
TBMS.JK,1200.0,1213.3333333333333,1211.0,1202.0,1192.25,1208.9998071289062,1238.1238452148436,4.216666666666652,1.8574274564987183,38600,True,False
TBLA.JK,620.0,628.3333333333334,629.0,624.5,627.0,621.7058776855469,621.6735202026367,1.8,1.400621801874871,2632100,True,False
TBIG.JK,1470.0,1458.3333333333333,1437.0,1411.0,1414.75,1411.5096826171875,1477.7732849121094,11.8,2.477470222799564,876800,False,False
TAYS.JK,50.0,50.0,50.0,50.0,50.0,50.0,54.11,0.0,0.0,0,True,False
TAXI.JK,13.0,13.666666666666666,14.0,14.5,14.2,13.34,14.62,1.5,5.3515586709967655,31113700,False,False
TARA.JK,28.0,29.333333333333332,29.4,30.0,29.9,29.7,30.13,2.0,3.4393910892247264,1227300,True,False
TAPG.JK,1950.0,1950.0,1919.0,1852.0,1798.8033752441406,1620.1056225585937,1610.2924841308593,65.97887548828126,2.3638052904535236,17777100,False,False
TAMU.JK,25.0,25.666666666666668,25.0,25.8,23.6,21.12,23.58,4.68,7.076299509801413,8328300,False,False
TAMA.JK,222.0,250.0,257.2,256.0,247.2,199.2,189.01,29.0,5.663115076103974,59046900,False,False
TALF.JK,695.0,718.3333333333334,722.0,767.0,800.25,690.5231555175782,693.0606945800781,21.945368896484364,3.7051188402945705,203400,False,False
SWID.JK,118.0,122.33333333333333,119.2,113.2,108.15,98.38801803588868,99.54874763488769,23.94531529744465,5.0224622485382575,9656100,False,False
SURI.JK,80.0,80.33333333333333,79.8,77.4,74.75,68.32,69.97,12.013333333333335,2.000662869367662,6863700,False,False
SURE.JK,2600.0,2643.3333333333335,2658.0,2667.0,2712.0,2790.8,2743.7,19.08000000000002,1.3270814937669984,1900,False,False
SUPA.JK,510.0,526.6666666666666,532.0,542.0,569.5,570.9,703.9,12.179999999999996,2.6055785595097958,15202100,False,False
SUNI.JK,715.0,716.6666666666666,718.0,717.0,716.75,661.9136474609375,655.4758184814453,11.21727050781251,0.6100987260172,291000,False,False
SULI.JK,88.0,90.33333333333333,91.4,93.5,92.35,85.16,90.3,8.340000000000003,4.548950985192422,52522800,False,False
STTP.JK,9450.0,9450.0,9440.0,9502.5,9643.75,9771.0,9802.25,13.24,1.247999185221244,400,False,False
STRK.JK,67.0,66.33333333333333,64.2,62.0,62.65,66.6,82.94,5.0,3.1431688892986474,62301500,True,False
STAR.JK,410.0,416.0,424.4,421.8,350.4,311.12,423.44,56.639999999999986,11.840401487232548,98000,False,False
STAA.JK,1145.0,1153.3333333333333,1139.0,1101.0,1096.75,1051.6,1067.2719262695311,20.34666666666667,1.7536368445617807,5125900,False,False
SSTM.JK,394.0,398.6666666666667,401.2,406.0,409.5,401.8,489.38,7.75,0.8856193971964981,204600,False,False
SSMS.JK,880.0,905.0,905.0,901.0,932.0,869.7,986.3861804199219,12.45999999999999,2.5937011026677856,10779600,False,False
SSIA.JK,1800.0,1825.0,1800.0,1739.0,1691.25,1630.1279467773438,1614.46330078125,38.97441064453123,3.5169892545790815,38673600,False,False
SRTG.JK,1900.0,1916.6666666666667,1911.0,1871.5,1816.25,1682.0,1630.7606188964844,46.93333333333335,1.3979665684672706,7069200,False,False
SRSN.JK,69.0,70.66666666666667,71.0,70.7,70.0,68.16,67.14,2.8400000000000034,1.5031322702230177,55786100,True,True
SRAJ.JK,13125.0,13525.0,13960.0,13880.0,13102.5,11792.5,12876.5,86.7,5.612376816777822,7700,False,False
SQMI.JK,61.0,61.333333333333336,60.8,61.6,63.5,56.92,53.93,6.579999999999998,2.239018549138021,22876800,False,False
SPTO.JK,610.0,613.3333333333334,612.0,609.5,604.5,585.3,577.18859375,5.606666666666683,0.9270393162216123,474400,True,False
SPRE.JK,90.0,89.33333333333333,90.0,89.1,89.1,85.16,84.29,4.840000000000003,3.4650505878613425,2886500,True,True
SPMA.JK,164.0,165.33333333333334,165.0,164.9,164.5,164.1661535644531,163.03692260742187,1.3333333333333428,0.8075013956480775,681900,True,False
SOUL.JK,37.0,37.0,37.0,37.0,37.0,37.52,42.29,0.5200000000000031,0.0,0,True,False
SOTS.JK,610.0,625.0,636.0,652.5,623.5,617.3,754.5,8.5,2.7072203574395015,205400,False,False
SOSS.JK,840.0,840.0,840.0,840.0,855.0,854.7,851.85,3.0,1.0904405724718789,500,True,False
SONA.JK,2540.0,2413.3333333333335,2482.0,2749.0,2551.5,2358.8264501953126,2249.0661694335936,39.01735498046874,8.588052230659697,26300,False,False
SOLA.JK,90.0,91.66666666666667,91.6,90.9,93.6,99.38,108.56,9.379999999999995,2.2483069855251965,7962500,False,False
SOHO.JK,1185.0,1193.3333333333333,1191.0,1184.0,1189.0,1169.9,1441.55,4.686666666666634,0.806914321377845,46400,True,False
SOFA.JK,326.0,346.0,333.6,297.4,263.2,240.0,315.34,53.0,7.988339629555635,8122200,False,False
SOCI.JK,525.0,536.6666666666666,543.0,522.8,491.85,403.6419366455078,420.33206451416015,27.871612670898436,3.8130982787132734,12989700,False,False
SNLK.JK,224.0,228.0,229.2,228.8,226.8,224.84,233.46,2.5999999999999943,1.549898829312679,13861100,True,False
SMSM.JK,1705.0,1730.0,1735.0,1725.0,1727.8005615234374,1674.3179858398437,1694.7036462402343,12.136402832031262,0.777915585536491,3087700,False,False
SMRA.JK,310.0,318.6666666666667,324.0,326.4,325.2,306.329189453125,305.36939193725584,10.035405273437476,1.4866231471483655,21044700,False,False
SMMT.JK,2040.0,2010.0,1957.0,1912.5,1881.5,1844.7,1859.25,19.529999999999994,2.7262949348384233,113900,False,False
SMMA.JK,20000.0,20075.0,20090.0,20132.5,20123.75,20960.0,18825.0,38.4,0.3364916584094406,7200,False,False
SMLE.JK,156.0,155.66666666666666,160.4,166.6,164.85,135.38,126.72,31.22,4.663459455595535,26923800,False,False
SMKM.JK,110.0,103.33333333333333,103.6,98.7,84.6,73.54,80.24,36.459999999999994,4.46066534357939,16482700,False,False
SMKL.JK,147.0,146.66666666666666,147.0,147.5,147.2,141.26,146.1868197631836,6.240000000000009,1.3696764102407077,172500,False,False
SMIL.JK,406.0,398.6666666666667,392.0,383.6,393.7,339.2,303.8,33.400000000000006,4.28032406148681,39929300,False,False
SMGR.JK,1490.0,1520.0,1526.0,1537.0,1532.75,1494.0,1756.0262231445313,9.4,2.7167119187915683,16460200,False,False
SMGA.JK,77.0,80.33333333333333,80.4,78.1,74.85,70.56,76.44,9.840000000000003,3.9507876435939013,14953700,False,False
SMDR.JK,308.0,311.3333333333333,310.4,306.6,302.40340728759764,287.7606536865234,299.58500518798826,11.786339823404944,1.0178357726519824,9803600,False,False
SMDM.JK,540.0,543.3333333333334,546.0,552.5,558.25,561.2,568.26,4.240000000000009,1.719378575265063,40200,True,False
SMBR.JK,162.0,167.33333333333334,167.0,166.8,165.85,159.24,175.33203735351563,8.093333333333334,1.9197912329868283,6069200,False,False
SMAR.JK,5825.0,5841.666666666667,5800.0,5720.0,5713.75,5317.0,5238.42208984375,20.98666666666668,1.4259981789219733,200400,False,False
SLIS.JK,86.0,93.33333333333333,95.6,92.1,80.3,68.5,73.97,27.099999999999994,7.993325564196392,99755300,False,False
SKRN.JK,394.0,390.0,389.6,392.2,398.8,379.04,403.6634243774414,9.879999999999995,1.3587240865989696,113000,False,False
SKLT.JK,214.0,213.33333333333334,211.6,207.8,203.5,192.8,198.04500076293945,10.599999999999994,1.6734901775262871,78100,False,False
SKBM.JK,535.0,536.6666666666666,537.0,538.0,538.0,542.2,576.89,1.440000000000009,2.0343462449780954,158500,True,False
SIPD.JK,775.0,766.6666666666666,767.0,738.5,709.75,700.7,803.35,14.85999999999999,3.1829911981535868,17900,False,False
SINI.JK,8500.0,8441.666666666666,7985.0,7490.0,7360.0,7516.87259765625,9996.686298828125,45.6,4.722185138790394,5342000,False,False
SIMP.JK,590.0,606.6666666666666,606.0,599.0,597.25,560.7672705078126,598.823193359375,9.179879231770816,1.9300152930477987,11688800,False,False
SILO.JK,2210.0,2240.0,2270.0,2298.0,2265.0,2207.9,2336.85,9.009999999999991,2.6555060077201937,189900,False,False
SIDO.JK,346.0,348.6666666666667,349.2,349.6,353.7,367.16,409.2056311035156,10.580000000000013,0.934945892302521,26820900,False,False
SICO.JK,118.0,112.66666666666667,111.2,109.9,109.5,107.06,113.0890771484375,10.939999999999998,2.406156375621667,148625200,False,False
SHIP.JK,2150.0,2216.6666666666665,2210.0,2257.0,2147.5,1863.8,2324.5114013671873,39.32000000000001,3.562337777141945,132200,False,False
SHID.JK,540.0,546.6666666666666,545.0,559.0,586.25,590.9,662.4,10.179999999999996,3.6359199683454557,4000,False,False
SGRO.JK,4740.0,4790.0,4786.0,4677.0,4291.0,3452.167685546875,3568.2868383789064,133.7832314453125,1.9828961131534408,59900,False,False
SGER.JK,545.0,541.6666666666666,522.8,497.4,483.8,440.28,398.56,20.944000000000006,2.930390173259064,56414800,False,False
SFAN.JK,2030.0,2030.0,2026.0,2015.0,1993.5,1978.8,1961.0,5.1200000000000045,0.2993064252929883,43700,True,False
SEMA.JK,110.0,105.66666666666667,102.8,100.2,99.35,96.04,101.62,13.959999999999994,2.3625953151410717,21707200,False,False
SDRA.JK,218.0,218.0,218.4,219.6,220.0,213.48,229.9,3.260000000000005,1.0283390183908665,934200,True,False
SDPC.JK,193.0,192.33333333333334,190.8,188.2,185.35,182.68,183.3310919189453,10.319999999999993,0.9784561119910556,212000,False,False
SDMU.JK,82.0,88.66666666666667,85.6,82.1,81.35,81.26,84.27,7.406666666666666,7.05722216673063,93317200,False,False
SCNP.JK,149.0,149.33333333333334,148.6,149.2,152.65,151.2771646118164,154.18897064208986,4.050000000000011,1.5205300182729353,442400,True,False
SCMA.JK,204.0,210.0,211.6,206.1,204.0,204.74,220.3377751159668,3.799999999999997,2.680191523134972,117792100,True,False
SCCO.JK,2360.0,2350.0,2346.0,2334.0,2314.5,2269.4843896484376,2259.110578613281,9.051561035156237,1.2029038812472275,33900,False,False
SBMA.JK,107.0,107.33333333333333,108.0,107.7,107.55,107.72,111.51,1.0,1.5144173605252311,542600,True,False
SATU.JK,242.0,248.0,251.2,255.0,258.1,267.12,264.98,12.560000000000002,1.421080471419401,193100,False,False
SAPX.JK,216.0,218.66666666666666,216.8,214.6,215.0,214.18,223.96,2.243333333333325,1.4629048200983423,263100,True,False
SAMF.JK,290.0,292.6666666666667,287.6,283.8,280.9,278.9673791503906,289.75830978393554,6.849643758138029,2.207029844739132,432100,False,False
SAME.JK,298.0,294.0,292.4,293.4,295.7,311.8,319.88,9.700000000000017,1.3459407034408881,2629400,False,False
SAGE.JK,28.0,29.666666666666668,29.8,30.6,31.8,29.8,29.97,3.8000000000000007,2.78700191102642,4405400,True,False
SAFE.JK,615.0,500.3333333333333,458.2,433.5,407.85,369.3,358.45,49.14,11.013201034013317,3467700,False,False
RUNS.JK,62.0,62.333333333333336,62.6,62.5,63.05,67.9,74.76,5.900000000000006,1.771877510173589,510800,True,False
RUIS.JK,200.0,204.0,206.8,205.4,204.85,195.551875,198.6228125,11.248125000000016,2.741691884387666,393000,False,False
RSCH.JK,340.0,337.3333333333333,330.4,320.6,318.0,302.12,297.2,18.939999999999998,2.1472191582010294,24670400,False,False
ROTI.JK,585.0,585.0,584.0,585.0,587.25,599.0,609.4197119140625,3.0,0.4854878236893709,535000,True,False
RONY.JK,1220.0,1243.3333333333333,1237.0,1232.5,1271.75,1188.1,1281.0,16.730000000000018,3.4180229816765584,13600,False,False
RODA.JK,64.0,66.33333333333333,67.0,66.4,64.45,60.28,63.5,6.719999999999999,4.9657091160712055,14073600,False,False
ROCK.JK,2060.0,2113.3333333333335,2142.0,2130.0,1964.75,1865.2,2038.55,27.679999999999996,4.99668629210039,32300,False,False
RMKO.JK,272.0,282.6666666666667,286.0,282.8,286.7,307.0,374.88,17.5,3.093542448606456,9395500,False,False
RMKE.JK,408.0,416.0,423.2,412.6,411.6,429.08,509.6249603271484,10.539999999999992,2.8327558008767517,77455800,False,False
RLCO.JK,4190.0,4330.0,4368.0,4443.0,4786.5,4018.6,4244.45,76.79,3.6345073338692675,440400,False,False
RISE.JK,905.0,916.6666666666666,923.0,924.5,948.75,966.2,1263.7,12.240000000000009,1.9439979650747736,2819200,False,False
RIGS.JK,680.0,683.3333333333334,683.0,683.0,680.25,682.4,680.9,0.6666666666666743,1.0756322389800046,4000,True,False
RICY.JK,78.0,79.0,79.4,79.4,79.25,77.74,84.11,1.6600000000000108,1.1030090434604727,3390500,True,False
RGAS.JK,268.0,235.33333333333334,217.4,207.1,223.45,207.84,152.41901000976563,30.450000000000003,8.487675815001335,1728083000,False,False
RELI.JK,525.0,523.3333333333334,525.0,510.0,496.8,493.18,493.83,6.363999999999999,2.7528483502899683,18000,False,False
RELF.JK,35.0,35.333333333333336,35.2,35.0,35.1,34.9,36.62,0.4333333333333371,1.9058514898660401,3743000,True,False
REAL.JK,50.0,50.666666666666664,50.8,51.8,51.5,50.79839172363281,51.68656639099121,1.7999999999999972,1.5970703548227265,13719200,True,False
RDTX.JK,13600.0,13700.0,13590.0,13577.5,13597.5,13730.9343359375,14623.334677734376,6.137373437499991,0.9709554117365684,400,False,False
RCCC.JK,110.0,108.0,107.2,105.2,101.95,93.4,98.52,16.599999999999994,2.0068283463470085,1597400,False,False
RBMS.JK,61.0,63.333333333333336,63.4,63.5,64.3,62.2,62.54,3.299999999999997,3.490938982247232,37118600,True,False
RATU.JK,4200.0,4333.333333333333,4282.0,4505.0,4761.75,4923.4,5182.214575195312,72.33999999999996,3.595131300114722,6764600,False,False
RANC.JK,520.0,520.0,522.0,521.5,518.5,522.6,533.82,0.8200000000000045,0.7077285922776984,105700,True,False
RALS.JK,378.0,380.0,380.4,380.4,380.3,378.56,384.5733346557617,1.1999999999999886,0.4966771034565069,2166300,True,False
RAJA.JK,800.0,828.3333333333334,823.0,838.5,862.5,840.7717395019531,816.3754406738282,12.5,3.0533403455729724,59778500,False,False
RAAM.JK,186.0,190.33333333333334,188.0,188.7,195.25,203.48,207.42,17.47999999999999,2.438286572892375,621800,False,False
PZZA.JK,179.0,180.0,180.0,180.8,182.35,184.02,190.20354446411133,5.02000000000001,0.7746818067201152,370600,True,False
PYFA.JK,214.0,227.33333333333334,226.4,219.4,214.7,207.52,250.34,9.906666666666666,4.691825609729527,12818200,False,False
PWON.JK,262.0,266.6666666666667,266.8,261.2,261.6,256.9801611328125,276.84330505371094,4.909919433593757,1.5520147024794502,45552700,True,False
PURI.JK,145.0,148.66666666666666,145.0,141.4,139.4,137.88,144.42,10.786666666666662,3.9630612300403936,8771000,False,False
PURA.JK,31.0,31.666666666666668,32.0,32.4,32.25,31.24,32.19,1.3999999999999986,1.9500321458530396,6995400,True,False
PUDP.JK,272.0,280.0,282.0,291.2,298.6,295.56,309.67606536865236,13.300000000000011,2.5406391534876236,988100,False,False
PTSP.JK,905.0,905.0,908.0,913.5,918.25,897.7,901.3,4.1099999999999905,2.87426630932435,1800,True,False
PTSN.JK,288.0,294.0,291.2,288.4,282.3,256.68095611572267,267.4239762878418,18.659521942138667,1.972376694119186,607800,False,False
PTRO.JK,4860.0,5095.0,5157.0,5196.5,4991.0,4466.4,4690.45,73.01000000000003,4.804237208760955,54735200,False,False
PTPW.JK,1170.0,1176.6666666666667,1176.0,1177.5,1172.0,1166.4705725097656,1056.2915258789062,2.2058854980468823,0.6009721659450941,58500,True,False
PTPS.JK,152.0,156.33333333333334,156.2,154.5,150.45,138.48,148.02,17.853333333333353,1.9720301288466864,2781500,False,False
PTPP.JK,206.0,206.66666666666666,208.0,205.4,203.0,197.92,217.2,5.040000000000006,2.7221639455118534,8502200,True,False
PTMP.JK,62.0,64.66666666666667,64.8,65.6,64.55,60.9,63.27,4.699999999999996,2.391815980429609,23750700,True,False
PTIS.JK,258.0,262.0,259.6,260.4,264.6,271.52,286.16,6.759999999999991,1.8957328791114776,53000,False,False
PTBA.JK,2420.0,2433.3333333333335,2414.0,2384.0,2366.0,2381.9135498046876,2543.5793212890626,6.7333333333333485,1.5731850441468347,19885800,False,False
PSSI.JK,328.0,328.6666666666667,329.2,329.2,327.1,309.68,314.35608673095703,9.759999999999991,1.3793108341026714,41300,False,False
PSKT.JK,220.0,232.66666666666666,225.6,222.8,223.3,205.8,221.69,13.433333333333323,7.740301509377362,82806800,False,False
PSGO.JK,193.0,195.33333333333334,195.0,194.8,195.45,196.48,194.21350677490236,3.4799999999999898,0.9017358722701506,331000,True,False
PSDN.JK,128.0,132.33333333333334,132.2,134.1,131.6,120.32,134.73,13.780000000000001,3.0885469510660584,6778200,False,False
PSAT.JK,895.0,898.3333333333334,901.0,895.0,885.75,850.1,861.25,10.179999999999996,1.0453804645946547,58300,False,False
PSAB.JK,635.0,638.3333333333334,617.0,560.4,502.65,452.54,433.88618255615233,37.15866666666667,7.144009668626805,148057600,False,False
PRIM.JK,117.0,118.0,116.4,114.2,110.85,99.52,89.91,18.480000000000004,2.0030722174924604,3386400,False,False
PRDA.JK,2500.0,2506.6666666666665,2502.0,2442.0,2405.5,2444.8,2447.6360009765626,10.116666666666651,1.8979512260696927,655600,False,False
PRAY.JK,770.0,768.3333333333334,769.0,765.0,746.75,713.6,717.6,11.279999999999996,3.416959070378007,12100,False,False
PPRO.JK,16.0,16.666666666666668,16.8,17.0,16.8,16.94,18.46,1.0,3.629919930223714,24019800,True,False
PPRI.JK,144.0,147.0,145.8,144.7,146.05,144.66,156.79,3.0,1.9606527644588008,4935100,True,False
PPRE.JK,102.0,106.0,107.0,104.5,104.2,104.56,108.89,5.0,3.798675213974355,33236800,True,False
PPGL.JK,268.0,246.0,238.4,225.0,214.9,204.28,205.46,31.86,4.013395540668219,17379600,False,False
POWR.JK,860.0,868.3333333333334,854.0,833.5,781.25,738.0,716.4050109863281,26.066666666666674,4.07943966894374,19148000,False,False
PORT.JK,905.0,911.6666666666666,914.0,902.5,886.0,872.5,885.45,8.3,4.37772938539843,22800,False,False
POLY.JK,32.0,32.0,32.0,32.0,32.0,32.0,32.0,0.0,0.0,0,True,False
POLU.JK,16200.0,13741.666666666666,12725.0,12150.0,12036.25,12614.0,13045.0,166.55,8.51079406006006,100000,False,False
POLI.JK,800.0,778.3333333333334,777.0,767.0,752.75,737.2,889.6,12.559999999999992,3.564402187481642,46600,False,False
PNSE.JK,498.0,504.3333333333333,500.6,493.5,492.65,508.02,550.41,7.685000000000002,1.6253284054921409,23000,False,False
PNLF.JK,226.0,230.66666666666666,233.6,233.6,230.3,223.6,233.03,5.0,1.521281054118778,17977500,True,False
PNIN.JK,715.0,715.0,715.0,715.0,714.25,723.3,745.1,1.809999999999991,1.2849960216405019,164900,True,False
PNGO.JK,3490.0,3506.6666666666665,3508.0,3527.0,3541.5,3495.6,3488.0,5.15,0.6264418308470356,800,True,False
PNBS.JK,50.0,50.0,50.0,50.1,50.05,50.1,50.3,0.10000000000000142,0.9336024218017578,5369600,True,False
PNBN.JK,895.0,900.0,901.0,901.5,901.5,891.002705078125,908.5274731445312,2.0994589843749965,0.7841277799754246,1512700,True,False
PMUI.JK,98.0,98.66666666666667,97.8,97.4,95.45,87.3,87.91837112426758,11.366666666666674,1.837103192628315,1195200,False,False
PMJS.JK,124.0,124.33333333333333,124.4,121.2,118.15,110.56105743408203,116.189326171875,13.838942565917975,3.589281579980022,5102500,False,False
PLAN.JK,42.0,41.0,40.2,39.1,38.6,37.78,41.62,4.219999999999999,3.021970523311633,9508600,True,True
PKPK.JK,3580.0,3676.6666666666665,3674.0,3692.0,3796.0,3426.2,3058.5,36.98000000000002,1.7560267109737924,908700,False,False
PJHB.JK,179.0,183.33333333333334,180.8,176.3,173.3,168.62,188.73,14.713333333333338,3.5323691420690606,7899300,False,False
PJAA.JK,458.0,459.3333333333333,459.2,458.4,456.3,456.68,472.48698669433594,1.5166666666666515,0.6329826782799167,121000,True,False
PIPA.JK,179.0,187.33333333333334,171.6,147.2,133.45,122.68,125.86,64.65333333333334,9.28851367346938,419067000,False,False
PICO.JK,202.0,174.33333333333334,159.0,146.3,138.45,132.16,140.08,34.92,10.834870080997257,110717300,False,False
PGUN.JK,9950.0,9833.333333333334,9560.0,8700.0,8092.5,7705.5,8017.982841796875,89.78,8.394690382310726,373900,False,False
PGLI.JK,212.0,208.66666666666666,209.2,211.4,206.8,195.98,201.96,8.010000000000005,2.6374696903703,360300,False,False
PGJO.JK,900.0,906.6666666666666,892.0,836.5,785.75,743.3,753.65,32.67333333333333,3.8920254925448394,753200,False,False
PGEO.JK,1005.0,1045.0,1051.0,1063.0,1049.75,982.3,969.4297717285157,16.140000000000008,2.966907715993699,43227800,False,False
PGAS.JK,1520.0,1526.6666666666667,1522.0,1507.0,1505.5,1493.4,1595.1232482910157,6.653333333333331,1.1364724574246452,52147400,False,False
PEVE.JK,314.0,314.0,314.0,318.4,326.6,320.68,356.06,6.300000000000011,1.3968208972242102,1810400,False,False
PEHA.JK,276.0,278.6666666666667,281.6,277.6,270.8,259.4718075561523,273.26077850341795,11.064096221923847,5.313914526148127,2285800,False,False
PEGE.JK,107.0,113.33333333333333,113.8,109.3,102.75,104.74914642333984,118.63457321166992,11.049999999999997,4.32417786421167,24896500,False,False
PDPP.JK,328.0,332.6666666666667,323.6,312.6,306.2,281.1769708251953,290.65340072631835,25.74484792073568,3.189712376813072,126700,False,False
PDES.JK,380.0,380.0,378.0,387.4,395.5,417.0,462.85970092773437,19.5,2.197323636473277,78500,False,False
PCAR.JK,40.0,41.666666666666664,42.2,42.3,42.25,40.02,38.83,2.299999999999997,2.980657825291156,28146900,True,True
PBSA.JK,800.0,823.3333333333334,834.0,831.0,789.25,754.6317407226562,826.3054028320313,15.873651855468756,8.212977234950868,1430500,False,False
PBRX.JK,26.0,26.0,26.0,26.3,26.5,26.82,30.54,0.8200000000000003,2.133320025093565,5365000,True,False
PBID.JK,525.0,533.3333333333334,534.0,532.0,532.5,500.94,489.8146890258789,6.612,1.1536981088365768,2495900,False,False
PART.JK,109.0,104.66666666666667,101.4,99.6,100.75,103.09863723754883,105.33283889770507,9.400000000000006,3.4411265175754253,98144900,False,False
PANS.JK,1560.0,1563.3333333333333,1562.0,1554.0,1550.75,1548.9827978515625,1517.8180212402344,2.8701070963541495,0.9647300363479088,164900,True,False
PANR.JK,424.0,421.3333333333333,422.0,424.6,421.6,415.12,449.80470581054686,4.740000000000009,1.3321224752680505,53200,True,False
PANI.JK,5800.0,5975.0,6005.0,6037.5,6131.25,6182.5,7079.087080078125,15.3,1.6515971274041121,10999300,False,False
PAMG.JK,55.0,55.666666666666664,55.8,56.0,56.4,54.44,56.19,1.9600000000000009,1.8448935027055409,6941900,True,False
PALM.JK,292.0,293.3333333333333,292.4,290.4,292.4,298.6005682373047,322.21672454833987,4.100284118652354,1.0281310269123005,274700,True,False
PADI.JK,71.0,73.66666666666667,72.4,71.0,71.1,72.00454528808594,86.87510948181152,2.6666666666666714,4.637517764685377,1210048700,False,False
PADA.JK,196.0,218.66666666666666,222.4,205.9,183.6,140.48,144.27,81.92000000000002,13.152514412636188,112601900,False,False
PACK.JK,466.0,425.3333333333333,389.6,336.4,291.2,254.64,256.08,105.68,4.784466613050799,450689700,False,False
OPMS.JK,118.0,121.66666666666667,123.2,126.0,122.35,107.06,114.23,18.939999999999998,1.9373976996673443,6697200,False,False
OMRE.JK,945.0,965.0,972.0,979.5,995.25,1030.2,964.4,17.04000000000001,1.7442241304630746,27600,False,False
OMED.JK,230.0,232.66666666666666,233.2,231.8,226.1,213.23838439941406,231.08424896240234,9.980807800292965,1.8217494617018553,27537500,False,False
OLIV.JK,46.0,46.333333333333336,47.2,47.6,48.9,49.78,52.44,3.780000000000001,1.7192984957990722,13785000,True,False
OKAS.JK,116.0,122.0,124.0,121.0,113.8,106.16,109.33,17.840000000000003,4.558423928455095,11945700,False,False
OILS.JK,214.0,219.33333333333334,221.6,223.6,227.2,212.32,227.08,7.439999999999998,1.3506913813199852,3597800,False,False
OBMD.JK,192.0,194.0,195.0,193.5,191.35,181.58,198.42,13.419999999999987,2.449904605795644,881400,False,False
OBAT.JK,240.0,242.0,241.6,241.0,243.0,242.6,268.3495120239258,1.5,1.1629037784862046,458800,True,False
OASA.JK,312.0,318.6666666666667,317.6,317.6,326.2,300.4,322.88,12.900000000000006,2.6506104582942016,51102400,False,False
NTBK.JK,74.0,79.33333333333333,80.4,81.5,87.6,80.36,79.80942001342774,13.599999999999994,4.055124939536045,28703400,False,False
NSSS.JK,810.0,860.0,877.0,882.5,949.25,776.6540979003906,731.0248406982422,34.519180419921874,3.826132192074208,6601500,False,False
NRCA.JK,565.0,576.6666666666666,567.0,548.0,526.35,484.96,499.52000305175784,18.34133333333333,3.2525003851909804,11269800,False,False
NPGF.JK,57.0,58.666666666666664,59.2,59.2,59.161379432678224,58.364137191772464,63.51356861114502,2.200000000000003,3.2318784866364387,24638200,True,False
NOBU.JK,492.0,500.6666666666667,501.4,500.5,490.5,458.0,483.38,21.69999999999999,1.8087817947671267,2210000,False,False
NISP.JK,1245.0,1256.6666666666667,1256.0,1259.0,1265.25,1238.5,1277.9005493164063,5.35,0.8385839787513912,2573000,True,False
NIRO.JK,165.0,161.66666666666666,160.8,159.0,157.25,149.42,167.88,15.580000000000013,3.343620463799848,983700,False,False
NINE.JK,91.0,95.33333333333333,90.2,83.4,78.25,77.92,97.52,17.413333333333327,5.941894251746667,55971000,False,False
NIKL.JK,194.0,198.66666666666666,197.6,194.7,194.75,191.0,237.2379244995117,7.666666666666657,2.4535274966467417,6133700,False,False
NICL.JK,476.0,482.0,476.8,470.4,473.2,503.4,626.8691003417969,16.5,1.8837460978743548,63644900,False,False
NICK.JK,1545.0,1515.0,1473.0,1481.5,1386.25,1170.0,1171.0,75.0,2.9983519367764333,1000,False,False
NICE.JK,340.0,294.0,282.4,268.8,262.7,259.44,276.14,40.28,8.126262519814619,16680600,False,False
NFCX.JK,1725.0,1726.6666666666667,1669.0,1612.5,1574.25,1599.7,1677.75,30.48333333333335,3.6585816468793024,16800,False,False
NETV.JK,50.0,50.0,50.2,51.0,51.1,51.4,65.71,1.3999999999999986,1.3063570376091926,860100,True,False
NEST.JK,695.0,693.3333333333334,692.0,690.0,700.5,638.2,544.77,12.45999999999999,1.6784583512334073,3208100,False,False
NELY.JK,200.0,202.0,202.4,201.9,201.05,202.22,239.22055145263673,2.4000000000000057,1.0101481516552964,641500,True,False
NCKL.JK,940.0,950.0,945.0,934.5,923.0,861.8785803222656,907.8469653320312,17.624283935546874,1.8091882523687133,42142100,False,False
NAYZ.JK,72.0,72.33333333333333,69.8,63.7,60.7,59.42,61.16,12.913333333333327,5.65788778109734,64438500,False,False
NATO.JK,665.0,665.0,658.0,654.0,656.5,625.4,616.1,7.920000000000004,1.6052372967891966,100900,False,False
NASI.JK,142.0,144.33333333333334,140.2,136.1,133.95,121.64,130.08,22.693333333333342,2.8339578714077667,2802600,False,False
NASA.JK,30.0,30.0,30.2,30.3,30.25,30.74,34.03,0.7399999999999984,3.4581497200663316,23600,True,False
NANO.JK,35.0,34.333333333333336,33.2,32.3,31.05,27.76,29.95,7.239999999999998,6.185568003413458,106169000,False,False
NAIK.JK,91.0,93.66666666666667,91.4,90.3,88.8,86.16,90.34701950073242,7.506666666666675,3.6349995672283932,22322800,False,False
MYTX.JK,41.0,41.0,41.0,41.0,41.0,40.9,45.3,0.10000000000000142,0.0,0,True,False
MYOR.JK,1600.0,1631.6666666666667,1646.0,1659.0,1676.5,1740.6,1741.9117700195313,28.119999999999983,1.4665802131641088,11782900,False,False
MYOH.JK,1120.0,1148.3333333333333,1137.0,1100.0,1069.75,1053.3,1108.3767541503905,19.00666666666666,2.845019812738522,85000,False,False
MUTU.JK,133.0,126.33333333333333,122.0,117.4,113.8,112.52,107.95707908630371,20.480000000000004,2.948599973151024,376208500,False,False
MTWI.JK,244.0,248.0,247.6,250.8,252.8,263.36,281.0641947937012,9.680000000000007,1.5816311019973546,1400,False,False
MTMH.JK,995.0,971.6666666666666,961.0,941.5,929.5,939.2191845703124,961.1789404296875,13.1,1.8413821597572175,32300,False,False
MTLA.JK,515.0,511.6666666666667,512.0,513.5,519.75,513.84,518.3720764160156,1.616666666666663,0.7182737519313904,6900,True,False
MTFN.JK,13.0,13.0,13.0,13.0,13.0,13.22,16.35,0.22000000000000064,0.0,0,True,False
MTEL.JK,460.0,450.0,446.0,438.6,442.6,458.60270324707034,472.9961282348633,10.699999999999989,1.3279684047901064,174442800,False,False
MTDL.JK,505.0,508.3333333333333,509.0,508.0,509.0,508.645,520.8735000610352,0.8,1.3919855878863123,4296400,True,False
MSTI.JK,1335.0,1335.0,1333.0,1325.5,1326.25,1288.6,1279.6108203125,9.280000000000019,0.6606438629326763,1047300,False,False
MSKY.JK,61.0,64.0,65.2,66.9,65.2,62.44,70.09,5.900000000000006,3.1253497227008964,9159400,True,False
MSJA.JK,430.0,434.0,438.4,431.8,419.1,414.08,436.20613067626954,12.159999999999997,1.927443959528101,13317100,False,False
MSIN.JK,326.0,335.3333333333333,341.6,357.8,374.8,441.92,589.53,57.96000000000001,1.8703968582271013,42645600,False,False
MSIE.JK,96.0,94.66666666666667,95.2,96.0,96.1,90.66,99.04,5.439999999999998,2.1981982765567896,22399700,True,False
MREI.JK,920.0,920.0,920.0,920.0,920.0,927.6,969.25,1.5200000000000045,0.0,0,True,False
MRAT.JK,406.0,414.0,416.4,426.2,433.5,439.84,433.6,16.919999999999987,2.284033111436607,351000,False,False
MPXL.JK,167.0,167.66666666666666,166.8,166.1,160.6,152.66,157.36,15.00666666666666,2.4039862952947906,481200,False,False
MPRO.JK,11750.0,12291.666666666666,12665.0,12620.0,12116.25,10587.5,9816.75,83.1,7.299069172793107,22400,False,False
MPPA.JK,45.0,46.666666666666664,47.4,48.8,48.05,47.3,48.2,3.799999999999997,3.6452595034258706,22414800,True,False
MPOW.JK,116.0,111.0,109.0,107.6,106.85,100.0,105.93,16.0,2.098622548393169,52350200,False,False
MPMX.JK,1010.0,1015.0,1013.0,1008.5,1003.5,985.0,923.1266387939453,6.0,0.5442063299457859,3420100,False,False
MPIX.JK,99.0,98.66666666666667,98.0,96.9,96.85,95.28,89.69,3.719999999999999,0.9909157749803289,4738400,True,True
MORA.JK,5150.0,5250.0,5220.0,5162.5,5517.5,6272.0,6047.65,44.88,2.364950176335488,287500,False,False
MOLI.JK,270.0,279.3333333333333,280.4,277.2,270.4,255.36457611083983,249.23057922363282,12.517711944580071,2.590679856807643,2939600,False,False
MNCN.JK,200.0,203.33333333333334,203.2,201.8,202.4,205.04,217.56,5.039999999999992,0.926677761565726,34955800,True,False
MMLP.JK,294.0,297.3333333333333,298.8,294.8,294.9,296.04,312.18,2.4000000000000057,1.594690297794304,682600,True,False
MMIX.JK,775.0,776.6666666666666,775.0,763.5,748.25,705.68,552.55,14.197333333333336,0.5185818586108901,18831700,False,False
MLPT.JK,1285.0,1348.3333333333333,1359.0,1397.0,1526.25,1158.82,986.6825384521485,73.48600000000002,6.250063328212033,3654500,False,False
MLPL.JK,91.0,94.0,94.8,95.3,95.7,88.8,91.15,6.900000000000006,2.9102694715498796,33737400,False,False
MLIA.JK,228.0,230.0,231.2,231.6,231.6,235.92,249.32,3.9599999999999937,0.9126714942397575,56000,True,False
MLBI.JK,6900.0,6908.333333333333,6905.0,6942.5,6856.25,6488.909033203125,6008.054755859375,18.143638671875014,0.7325006508575591,64400,False,False
MKTR.JK,122.0,122.66666666666667,122.8,123.8,122.7,121.26847808837891,123.81416702270508,2.531521911621084,3.1826567664599312,326900,True,False
MKPI.JK,22100.0,22141.666666666668,22085.0,22027.5,21933.75,21392.47453125,21332.05560546875,29.967685416666644,0.2460247572353957,41300,False,False
MKAP.JK,1135.0,1155.0,1159.0,1163.5,1164.75,1158.3427294921876,1113.9262622070312,5.95,0.8353482001711117,4757000,True,True
MITI.JK,220.0,207.33333333333334,208.0,200.5,195.5,179.24,201.32,20.379999999999995,3.944148201026464,22590100,False,False
MIRA.JK,25.0,26.333333333333332,27.0,28.0,26.15,22.16,21.82,5.84,5.981384983311264,4536000,False,False
MINE.JK,234.0,238.0,238.0,234.4,231.2,222.36,264.26,7.819999999999993,2.4053462008579896,1456300,False,False
MINA.JK,268.0,278.6666666666667,276.0,271.4,271.2,276.08,295.88,5.333333333333343,3.1836034167759917,120910900,True,False
MIKA.JK,1860.0,1843.3333333333333,1819.0,1801.5,1800.5,1730.6227294921875,1773.2766772460936,25.87545410156249,1.5217292464712096,7558900,False,False
MIDI.JK,278.0,280.0,279.2,276.0,278.7,280.88,292.4103088378906,2.4399999999999977,1.5798075122175432,6833400,True,False
MICE.JK,525.0,526.6666666666666,526.0,524.0,521.0,507.3378240966797,501.0218832397461,3.8657685139973865,0.6349609520696775,12300,True,False
MHKI.JK,138.0,140.66666666666666,138.0,135.8,135.75,129.71676651000976,144.9610376739502,10.949900156656895,2.449658411555661,23256500,False,False
MGRO.JK,660.0,668.3333333333334,673.0,670.0,673.5,674.4,682.0,2.8799999999999955,1.4505836284977258,3969100,True,False
MGNA.JK,94.0,96.33333333333333,96.2,98.8,105.3,95.76,119.97,11.299999999999997,1.8660942769244995,2125200,False,False
MGLV.JK,11800.0,11433.333333333334,11265.0,10427.5,9387.5,8745.0,7975.4,122.2,4.399290549603534,1663200,False,False
MERK.JK,3920.0,3936.6666666666665,3942.0,3944.0,3930.5,3821.6,3710.7304345703124,12.240000000000009,1.0663860062449797,17400,False,False
MERI.JK,120.0,122.0,121.2,119.8,114.75,109.2,121.49,12.799999999999997,2.6718122744375785,19245600,False,False
MEJA.JK,118.0,122.33333333333333,124.2,119.8,109.2,95.0,96.12857147216796,29.200000000000003,5.5257183357611535,120612800,False,False
MEGA.JK,1975.0,1978.3333333333333,1981.0,1981.0,1982.0,2008.3,2102.7098095703127,6.659999999999991,0.23227208348218403,22800,False,False
MEDS.JK,70.0,71.0,70.6,70.9,73.0,74.3,78.43,4.299999999999997,2.6327592674719207,23344200,True,False
MEDC.JK,1320.0,1370.0,1391.0,1356.5,1326.0,1234.4,1358.5050671386718,31.319999999999983,3.504455379548065,46195700,False,False
MDRN.JK,26.0,26.0,26.0,26.0,26.0,26.84,35.18,0.8399999999999999,0.0,0,True,False
MDLN.JK,50.0,50.0,50.0,50.0,50.05,50.12,51.67,0.11999999999999744,0.6200544431702717,224800,True,False
MDLA.JK,206.0,206.66666666666666,207.2,208.6,209.3,206.88,204.181573638916,1.6500000000000057,0.9911591941346612,1899100,True,True
MDKI.JK,190.0,190.66666666666666,189.8,189.4,186.75,182.54,181.6725862121582,8.126666666666665,0.8762808828785942,61200,False,False
MDKA.JK,3020.0,2976.6666666666665,2944.0,2912.0,2856.5,2755.0135986328123,2846.168830566406,26.49864013671877,2.668946945089938,86461700,False,False
MDIY.JK,950.0,945.0,948.0,946.5,931.75,915.5317810058593,876.5019921875,6.893643798828134,0.8238879408078709,432300,False,False
MDIA.JK,228.0,253.33333333333334,264.0,272.0,241.0,142.58,119.96,64.71,6.484809286103194,20872600,False,False
MCOR.JK,69.0,69.33333333333333,69.2,69.0,68.8,67.72,68.32,1.6133333333333297,1.6024374282301777,5276400,True,True
MCOL.JK,3700.0,3693.3333333333335,3714.0,3728.0,3727.5,3760.4,3759.5185546875,6.706666666666661,1.4335220820289787,5400,False,False
MCAS.JK,272.0,289.3333333333333,289.2,299.2,286.7,219.16,259.95,40.019999999999996,4.275207797312048,3521800,False,False
MBTO.JK,123.0,127.0,128.0,127.9,127.5,117.56,115.76,10.439999999999998,1.8778659853669162,3838800,False,False
MBSS.JK,2820.0,2830.0,2832.0,2834.0,2819.5,2690.0,2425.15,14.4,0.4403851626665988,2375200,False,False
MBMA.JK,545.0,558.3333333333334,550.0,538.0,529.3,518.56,560.44,7.954666666666685,4.906328847371193,239088200,False,False
MBAP.JK,1465.0,1468.3333333333333,1469.0,1462.5,1446.0,1406.8,1512.5,12.440000000000008,0.8673079566802447,57100,False,False
MAYA.JK,198.0,199.66666666666666,199.4,199.3,199.8,194.92,193.55,4.880000000000024,0.8881287200377362,647100,True,False
MAXI.JK,50.0,50.0,50.0,50.0,50.0,50.0,50.49,0.0,0.0,119400,True,False
MASB.JK,3390.0,3390.0,3388.0,3381.0,3386.5,3385.4,3327.1,0.9,1.3440628947930258,10700,True,False
MARK.JK,1055.0,1081.6666666666667,1088.0,1087.518017578125,1065.4369323730468,1007.9008984375,887.0766729736329,16.019820312499995,1.7452052843479509,5846800,False,False
MARI.JK,23.0,23.0,23.0,23.0,23.0,23.14,25.56,0.14000000000000057,0.0,0,True,False
MAPI.JK,1455.0,1488.3333333333333,1496.0,1506.0,1567.0,1531.5131665039062,1452.7072619628907,22.4,2.047941540180579,1841700,False,False
MAPB.JK,1175.0,1175.0,1154.0,1150.5,1160.5,1065.0,1273.2,22.0,6.601932368214676,100,False,False
MAPA.JK,675.0,666.6666666666666,664.0,655.5,653.0,626.1665026855469,623.0043096923828,9.76669946289062,3.109978117623223,51020000,False,False
MANG.JK,39.0,39.0,38.4,38.2,38.75,39.82,43.66,1.6199999999999974,2.4663955473918286,8010600,True,False
MAIN.JK,655.0,666.6666666666666,668.0,669.0,677.5,681.3,754.3251806640625,5.259999999999991,1.409059584950849,1928700,True,False
MAHA.JK,147.0,147.33333333333334,147.6,147.0,145.7,140.38,137.90916870117186,7.219999999999999,1.3408562165661326,4104500,False,False
LUCK.JK,110.0,113.0,113.2,114.4,113.2,105.9,106.73,8.5,2.0985327675372694,10780600,False,False
LTLS.JK,830.0,838.3333333333334,842.0,842.0,832.0,800.6,782.2288714599609,8.279999999999996,0.796777558244954,45500,False,False
LSIP.JK,1420.0,1448.3333333333333,1446.0,1429.0,1432.0,1337.903232421875,1354.3328295898436,22.08602018229167,1.9225546644730256,11624600,False,False
LRNA.JK,185.0,188.66666666666666,188.8,189.2,187.2,182.44,189.04,6.759999999999991,1.7358521902985833,206200,False,False
LPPS.JK,81.0,81.66666666666667,81.6,81.3,81.3,75.88,77.69,5.786666666666676,2.361610091072975,1390400,True,True
LPPF.JK,1595.0,1615.0,1617.0,1603.5,1584.75,1553.1,1586.0216564941406,12.780000000000019,0.9774655427196726,2440000,False,False
LPLI.JK,242.0,244.0,244.0,244.4,245.6,243.48,261.6,1.7999999999999972,0.9555247140024372,209200,True,False
LPKR.JK,61.0,62.666666666666664,63.6,63.3,62.65,61.64,69.59,2.6000000000000014,2.362822643214003,180717900,True,False
LPIN.JK,422.0,423.3333333333333,422.8,421.2,420.6,413.52,411.2627279663086,4.906666666666666,0.47293942059795896,64900,True,False
LPGI.JK,635.0,635.0,635.0,631.0,632.25,654.9,667.7123211669922,4.779999999999996,1.5643547284133614,16100,True,False
LPCK.JK,580.0,600.0,605.0,607.0,585.0,539.68,565.14,13.46400000000001,2.012290927037324,1024100,False,False
LOPI.JK,75.0,79.66666666666667,79.8,78.6,73.15,63.16,84.07,16.64,5.077873764987459,15105700,False,False
LMPI.JK,159.0,156.33333333333334,155.6,153.4,147.25,140.72,146.52,18.28,5.446534981243591,440400,False,False
LMAX.JK,110.0,111.0,112.0,112.1,112.8,102.42,121.36,10.379999999999995,2.1137081193519442,258200,False,False
LIVE.JK,192.0,190.66666666666666,193.4,198.7,204.75,210.86,214.35,20.193333333333356,1.7301976030428476,14594000,False,False
LION.JK,350.0,348.6666666666667,347.6,346.2,348.9,336.96,364.62,6.52000000000001,1.3824752739286732,29000,False,False
LINK.JK,1470.0,1481.6666666666667,1497.0,1483.5,1440.0,1454.5,1525.75,11.4,7.142613479912703,12600,False,False
LIFE.JK,6800.0,6050.0,5910.0,5882.5,5850.0,5874.0,6325.645698242188,38.0,6.542856126297298,58100,False,False
LFLO.JK,530.0,525.0,517.0,510.3,499.25,527.14,530.2700424194336,6.15,2.5034599825517407,7100,False,False
LEAD.JK,98.0,105.0,107.2,108.2,108.2,102.16,112.73,10.200000000000003,3.945661148184311,30596200,False,False
LCKM.JK,109.0,109.0,109.0,109.0,109.0,109.62,112.67,0.6200000000000045,0.0,0,True,False
LAPD.JK,68.0,67.66666666666667,66.6,65.8,64.7,64.2,70.55,3.799999999999997,2.2396572932388277,116354900,True,False
LAND.JK,71.0,74.66666666666667,75.6,75.9,76.65,68.78,70.48,7.8700000000000045,3.834303632992453,27168700,False,False
LAJU.JK,66.0,67.33333333333333,67.6,67.5,66.85,65.59149719238282,70.11738994598389,2.0085028076171767,2.3004855313999863,16961900,True,False
LABS.JK,160.0,166.0,169.8,168.4,160.9,151.0,153.2,18.80000000000001,3.3567780377874707,1320300,False,False
LABA.JK,95.0,98.33333333333333,99.0,96.1,95.5,93.12,102.5,5.8799999999999955,3.589627944573067,6978100,True,False
KUAS.JK,99.0,95.0,93.0,92.5,92.2,91.04,99.13556823730468,7.959999999999994,2.5612646242219883,133927800,False,False
KSIX.JK,420.0,422.6666666666667,420.4,413.8,373.3,339.56,335.98,41.55333333333334,1.8419873846523906,1337600,False,False
KRYA.JK,61.0,63.333333333333336,63.8,63.6,62.45,59.66,63.52,4.140000000000001,2.470927628101991,28543100,True,False
KREN.JK,13.0,13.333333333333334,13.0,13.0,13.1,12.6,13.99,0.7333333333333343,5.639989875257073,12561500,False,False
KRAS.JK,220.0,226.0,225.2,224.0,224.1,218.18,239.2,3.9099999999999966,2.1373009637163602,5089300,True,False
KPIG.JK,66.0,66.33333333333333,67.0,69.2,75.0,78.7,92.2,12.700000000000003,3.346267649136641,303307300,False,False
KOTA.JK,142.0,156.33333333333334,157.2,166.5,161.7,122.9,114.38,43.599999999999994,5.172094354408837,318129000,False,False
KOPI.JK,202.0,203.33333333333334,203.2,204.0,207.2,197.26,212.93,4.969999999999999,1.5318715081281364,739800,True,False
KONI.JK,2180.0,2236.6666666666665,2280.0,2304.0,2358.0,2556.6,2494.85,37.65999999999999,1.5437049957279907,49200,False,False
KOKA.JK,169.0,180.33333333333334,182.0,185.2,190.05,162.46,156.87,27.590000000000003,4.67323526596085,12321900,False,False
KOIN.JK,78.0,78.0,78.0,78.0,78.0,77.22,78.23,0.7800000000000011,0.0,0,True,False
KOCI.JK,99.0,105.66666666666667,107.0,107.5,106.05,101.1,105.85552497863769,8.5,3.485752637193276,20141100,False,False
KOBX.JK,167.0,168.66666666666666,169.0,168.1,168.85,153.96,160.24,15.039999999999992,1.6063974727857966,2410100,False,False
KMTR.JK,232.0,235.33333333333334,234.0,231.6,232.6,230.08,238.54,2.626666666666665,1.5714854042220658,94900,True,False
KMDS.JK,540.0,533.3333333333334,531.0,528.0,532.75,535.2,538.4100045776368,2.4,1.0397160542541777,205200,True,False
KLIN.JK,116.0,116.33333333333333,116.2,116.5,116.7,108.4,122.6,8.299999999999997,2.6609594467087607,228200,False,False
KLBF.JK,805.0,806.6666666666666,805.0,802.5,773.5,753.0,796.2226000976563,10.733333333333325,2.2636949373255453,76892300,False,False
KLAS.JK,83.0,82.0,81.4,80.4,78.2,72.42,75.2,10.579999999999998,1.3603972355682625,17798200,False,False
KKGI.JK,282.0,285.3333333333333,282.4,278.4,276.4,270.45353332519534,279.3765409851074,7.439900004068988,1.8028737989528931,3251000,False,False
KKES.JK,70.0,68.33333333333333,69.0,69.7,68.5,59.54,49.4,10.46,4.035915264050643,12927900,False,False
KJEN.JK,161.0,163.33333333333334,163.8,165.5,154.2,131.86,134.93,33.639999999999986,7.729390210718689,9239300,False,False
KIOS.JK,96.0,97.33333333333333,96.4,95.5,95.9,92.62,95.68,4.713333333333324,2.8504911237266035,52454300,True,True
KINO.JK,1340.0,1350.0,1334.0,1323.5,1294.5,1199.1,1148.3519860839845,30.180000000000017,1.6587497588434346,105700,False,False
KING.JK,280.0,280.0,282.4,284.0,278.2,307.44,376.01,14.620000000000005,4.386903500782061,195500,False,False
KIJA.JK,183.0,196.33333333333334,192.0,162.3,143.9,132.54,146.81,63.79333333333335,14.358517326041701,906076200,False,False
KICI.JK,218.0,203.33333333333334,199.2,196.7,195.75,189.66,198.31,14.170000000000002,3.419510866624735,49609600,False,False
KETR.JK,620.0,680.0,672.0,619.5,595.75,558.28,544.72,24.344000000000005,7.9299193041469564,89107100,False,False
KEJU.JK,585.0,583.3333333333334,586.0,586.0,574.75,561.0,557.8792761230469,5.0,2.1509802707976546,225500,True,False
KEEN.JK,845.0,855.0,867.0,878.5,875.5,856.4,861.1965032958984,6.7,1.2546808174330695,10477200,False,False
KDTN.JK,338.0,351.3333333333333,357.6,365.8,383.0,503.3,703.15,82.65,3.138519011906616,9514000,False,False
KDSI.JK,460.0,458.0,459.2,458.6,456.9,446.6,447.36,6.699999999999989,1.2211102045405053,12600,False,False
KBLV.JK,129.0,141.66666666666666,143.6,144.4,138.3,114.1,109.6,30.30000000000001,6.238570785608319,43667300,False,False
KBLM.JK,306.0,305.3333333333333,305.6,305.6,303.1,294.76,301.0251077270508,5.6200000000000045,1.1781440587290086,49600,True,False
KBLI.JK,326.0,327.3333333333333,326.8,326.0,326.2,318.36047729492185,310.63352935791016,4.486428019205732,1.2322170818559006,717800,True,False
KBAG.JK,40.0,44.0,46.4,47.8,46.85,42.1,43.76,7.799999999999997,4.597484547943769,11684000,False,False
KARW.JK,212.0,212.0,212.0,212.0,212.0,218.56,251.74,3.280000000000001,0.0,0,True,False
KAQI.JK,90.0,95.0,96.0,94.9,94.55,89.76,96.92,6.239999999999995,3.0546604880244486,61707200,False,False
KAEF.JK,434.0,438.0,439.2,442.4,447.6,449.56,473.44,7.780000000000001,1.233292224303722,655900,False,False
JTPE.JK,610.0,618.3333333333334,619.0,618.0,611.5,607.4,598.235,2.3200000000000047,0.8891394658239185,1056200,True,True
JSPT.JK,1395.0,1403.3333333333333,1401.0,1396.0,1405.0,1379.0379565429687,1365.3569189453126,5.192408691406262,2.9188646252877204,60200,True,False
JSMR.JK,2740.0,2763.3333333333335,2770.0,2758.0,2753.0,2749.0,2823.4535498046876,3.0,0.8023092208582627,1938400,True,False
JRPT.JK,1080.0,1076.6666666666667,1076.0,1078.0,1080.0,1079.5,1071.6804248046874,0.8,0.8822932907664413,309200,True,False
JPFA.JK,2140.0,2186.6666666666665,2220.0,2247.0,2211.0,2087.5,2238.8931469726563,15.95,1.9188869468580463,23700500,False,False
JMAS.JK,228.0,228.0,228.0,228.0,228.0,229.16,240.75,0.5799999999999983,0.0,0,True,False
JKON.JK,86.0,86.33333333333333,86.2,86.3,82.5,73.04,71.96044857025146,13.293333333333322,1.2779505981822399,98748400,False,False
JIHD.JK,406.0,423.3333333333333,430.8,436.0,430.6,427.96,451.63,15.0,2.2294046654551085,271300,False,False
JGLE.JK,77.0,84.0,86.6,88.2,82.5,65.56,67.1,22.64,4.395247964414829,882642800,False,False
JECC.JK,645.0,638.3333333333334,633.0,635.0,632.0,631.1771435546875,692.1940026855468,2.7645712890624963,1.4806167492710627,93100,True,False
JAYA.JK,133.0,134.0,133.8,133.6,132.6,126.56,129.81,7.439999999999998,0.654369152896827,7519400,False,False
JAWA.JK,130.0,134.66666666666666,132.2,130.9,128.75,121.6,135.46,13.066666666666663,4.514266631892194,6991300,False,False
JATI.JK,101.0,103.33333333333333,102.6,100.6,98.95,95.84,98.97799034118653,7.493333333333325,1.8254454637062896,20707100,False,False
JAST.JK,111.0,95.33333333333333,90.4,86.6,85.2,83.02,88.11,27.980000000000004,7.3225131641504095,435323100,False,False
JARR.JK,3210.0,3140.0,2954.0,2493.0,2197.0,2021.4583666992187,1994.696541748047,118.85416333007814,10.540764186472371,53640000,False,False
ITMG.JK,25100.0,25233.333333333332,25220.0,24970.0,24831.25,23790.5,24095.20546875,57.71333333333328,1.3048442554772746,2132500,False,False
ITMA.JK,1405.0,1460.0,1483.0,1405.0,1386.0,1387.2,1642.05,19.4,5.755044454597553,55400,False,False
ITIC.JK,222.0,224.66666666666666,226.4,226.4,224.4,211.52,225.43,7.439999999999998,1.257851711424931,307500,False,False
ISSP.JK,416.0,425.3333333333333,428.0,430.2,431.8,407.12408203125,413.3624548339844,12.337958984375007,1.0492843352698584,726700,False,False
ISEA.JK,79.0,81.33333333333333,82.0,82.4,81.5,75.28,77.82,7.1200000000000045,4.607941285356918,5161000,False,False
ISAT.JK,2480.0,2610.0,2660.0,2552.0,2258.0,2010.0,2016.2149499511718,65.0,5.45205762091938,95604500,False,False
ISAP.JK,22.0,22.666666666666668,22.8,23.7,24.1,24.02,26.4,2.1000000000000014,2.0166928346919946,15634200,True,False
IRSX.JK,344.0,364.0,365.2,362.0,355.2,310.92,355.4363189697266,27.139999999999986,4.956920455877687,56381800,False,False
IRRA.JK,368.0,370.6666666666667,371.6,371.4,372.4,371.64,380.54,2.1999999999999886,0.9391703577091512,257100,True,False
IPTV.JK,31.0,31.333333333333332,30.8,30.4,30.4,32.16,35.9,1.759999999999998,3.085397747597406,1322300,True,False
IPOL.JK,112.0,113.0,112.8,112.5,110.65,107.94,113.56,5.060000000000002,1.1770036772182841,2289800,True,False
IPCM.JK,302.0,302.6666666666667,302.4,302.2,304.1,308.1488317871094,306.94477325439453,3.0744158935546864,0.6563822987477452,582900,True,False
IPCC.JK,1140.0,1146.6666666666667,1157.0,1163.5,1159.5,1170.31333984375,1169.4639605712891,6.06266796875002,0.6157965125167327,779000,False,False
IPAC.JK,184.0,181.33333333333334,181.0,173.8,169.75,161.12,156.09,22.879999999999995,3.294996545441254,127000,False,False
IOTF.JK,61.0,64.66666666666667,64.8,67.2,60.55,55.84,58.2,11.36,6.6763932020461505,82395800,False,False
INTP.JK,5500.0,5558.333333333333,5535.0,5442.5,5201.25,4699.1,4639.990498046875,34.36933333333331,2.0764214465946744,2622500,False,False
INTD.JK,290.0,288.6666666666667,291.6,285.0,271.9,245.76,247.98,22.920000000000016,3.850176471662893,29900,False,False
INTA.JK,61.0,61.0,61.0,61.0,61.0,61.46,67.04,0.46000000000000085,0.0,0,True,False
INPS.JK,610.0,650.0,669.0,693.0,691.75,657.7,643.66,16.6,3.7832309011453584,752000,False,False
INPP.JK,730.0,730.0,733.1816284179688,741.2826416015625,718.2499908447265,713.1765197753906,745.6913134765625,5.621224365234388,2.0176322263850333,599000,True,False
INPC.JK,141.0,143.0,144.0,141.6,140.7,136.04,143.24,7.960000000000008,1.8704153511990964,1505900,False,False
INOV.JK,139.0,144.66666666666666,145.6,145.0,143.15,130.66,131.46,14.939999999999998,2.4092002165424518,5020100,False,False
INKP.JK,8725.0,8733.333333333334,8695.0,8590.0,8440.0,7811.158916015625,8298.007998046874,36.88697669270834,1.135357883523023,4627700,False,False
INET.JK,306.0,322.0,313.6,275.8,252.0,225.34,246.9,48.33,9.069878309104446,675532500,False,False
INDY.JK,2650.0,2680.0,2666.0,2607.0,2588.0,2341.4,2690.3303149414064,33.85999999999999,3.01464180741372,31994200,False,False
INDX.JK,60.0,60.0,60.0,60.0,60.0,60.82,77.58,0.8200000000000003,2.837818317547164e-07,0,True,False
INDS.JK,266.0,268.6666666666667,266.4,266.2,271.4,266.58240173339846,308.7994041442871,2.6999999999999886,2.4803322608152567,2521900,True,False
INDR.JK,2430.0,2466.6666666666665,2436.0,2419.0,2324.25,2135.5,2283.5,33.11666666666665,1.8324926760271272,8300,False,False
INDO.JK,180.0,182.33333333333334,182.4,179.9,177.15,170.66,165.47,11.740000000000009,1.7705509187315918,41673100,False,False
INDF.JK,7275.0,7341.666666666667,7330.0,7342.5,7232.5,6861.0384375,6650.9783544921875,19.258462499999986,0.9746167948272393,6185900,False,False
INCO.JK,5200.0,5225.0,5200.0,5200.0,5195.75,4934.0,5285.616391601562,11.64,2.990003135082173,15526000,False,False
INCI.JK,660.0,668.3333333333334,667.0,669.0,667.5,658.5,666.8999951171875,2.1,1.055065716199622,13200,True,False
INCF.JK,50.0,50.0,50.0,50.0,50.0,50.0,52.31,0.0,0.0,0,True,False
INAI.JK,177.0,177.33333333333334,177.0,175.7,177.7,157.06,166.86,20.639999999999986,1.9894282019376295,773300,False,False
IMPC.JK,1305.0,1346.6666666666667,1359.0,1398.0,1474.0,1495.7,1771.9,38.14000000000001,3.388283467531208,15944500,False,False
IMJS.JK,164.0,169.66666666666666,169.4,165.0,161.95,149.84855194091796,160.1291879272461,19.8181147257487,2.4852373123344655,4166400,False,False
IMAS.JK,870.0,883.3333333333334,888.0,870.5,864.5,841.5926684570312,916.7695690917968,9.281466308593759,1.7709598464354166,115600,False,False
IKPM.JK,191.0,194.0,197.2,197.0,193.5,187.02,193.74,10.179999999999978,4.429544692576471,104200,False,False
IKBI.JK,515.0,521.6666666666666,526.0,550.0,555.615837097168,524.8684832763672,515.3984588623047,8.123167419433594,4.401582540911663,278400,False,False
IKAN.JK,86.0,86.66666666666667,86.6,87.2,86.1,80.86,85.78,6.340000000000003,1.479655860240876,4694000,False,False
IKAI.JK,19.0,19.333333333333332,19.6,20.2,20.55,19.38,20.86,1.5500000000000007,2.058755246998685,23555700,True,False
IGAR.JK,466.0,468.0,465.2,456.4,447.0,426.1751690673828,440.6259457397461,20.9124154663086,0.8383124489950079,79300,False,False
IFSH.JK,1060.0,1080.0,1100.0,1136.5,1133.5,1204.8,1591.9574938964843,28.95999999999999,4.670604688531619,47100,False,False
IFII.JK,206.0,208.0,207.6,207.0,206.6,210.8,217.18,2.4000000000000057,0.904451052921103,88500,True,False
IDPR.JK,268.0,264.6666666666667,263.6,263.8,273.7,288.0739587402344,292.4247640991211,12.236979370117183,1.4321156666965413,16900,False,False
IDEA.JK,59.0,61.0,61.0,61.9,63.3,61.98,66.38,4.299999999999997,3.4220614958371245,3851300,True,False
ICON.JK,128.0,128.33333333333334,131.4,129.4,120.45,111.04,113.86,20.36,6.154164485309893,21892000,False,False
ICBP.JK,7850.0,7741.666666666667,7720.0,7650.0,7443.75,6951.640478515625,6801.973354492187,35.93438085937501,0.7840253867748073,10588000,False,False
IBST.JK,8475.0,8475.0,8475.0,8475.0,8475.0,8475.0,8303.5,0.0,0.0,0,True,False
IBOS.JK,85.0,87.0,82.4,75.1,70.3,71.6,87.12,16.700000000000003,5.194143036483813,20578600,False,False
IBFN.JK,63.0,63.0,63.0,63.0,63.0,64.4,69.2,1.4000000000000057,0.0,0,True,False
IATA.JK,108.0,115.0,118.0,118.9,103.8,79.04,76.84,39.86,6.007761931819408,736085900,False,False
HYGN.JK,177.0,176.66666666666666,175.4,172.5,169.65,155.5,149.46640090942384,21.5,0.7427830128732662,1011300,False,False
HUMI.JK,131.0,143.66666666666666,147.4,147.2,144.440238571167,131.75677947998048,151.14697074890137,16.400000000000006,4.575060870650026,111156500,False,False
HRUM.JK,885.0,911.6666666666666,903.0,877.0,857.5,812.3,854.25,19.873333333333335,2.8544938550809578,29283500,False,False
HRTA.JK,2320.0,2353.3333333333335,2314.0,2230.0,2099.0,1981.0,2223.5125537109375,37.23333333333335,3.9264004248541298,21981100,False,False
HRME.JK,38.0,40.333333333333336,41.6,42.0,42.15,43.24,45.57,5.240000000000002,3.240592442573508,3019100,True,False
HOPE.JK,238.0,255.33333333333334,259.6,245.2,229.2,179.52,177.43,40.040000000000006,7.690606804295129,44608800,False,False
HOMI.JK,214.0,216.0,214.8,208.2,193.8,189.74,206.17,13.129999999999995,4.401742842869369,2221300,False,False
HOKI.JK,55.0,56.0,55.8,55.5,54.95,54.0,58.78,2.0,1.770575555679061,15158900,True,False
HMSP.JK,735.0,741.6666666666666,744.0,742.0,743.75,701.4,689.5312683105469,8.520000000000005,1.6293599903243023,18764800,False,False
HILL.JK,16.0,16.0,16.0,16.0,16.0,16.16,17.45,0.16000000000000014,0.0,0,True,False
HGII.JK,129.0,125.66666666666667,124.8,123.3,122.7,123.39592514038085,129.1306672668457,6.299999999999997,3.5577406876424758,2809100,False,False
HEXA.JK,4320.0,4330.0,4340.0,4387.0,4425.5,4431.6,4427.9,11.160000000000036,0.3036726738270535,550400,False,False
HERO.JK,334.0,336.6666666666667,335.6,337.0,339.2,328.68,368.77,5.259999999999991,1.3901754525871506,162200,True,False
HELI.JK,192.0,196.33333333333334,196.4,196.0,192.65,186.56,186.85,9.840000000000003,1.8733003345269075,964200,False,False
HEAL.JK,650.0,656.6666666666666,668.0,698.5,744.25,817.5,934.0873669433594,33.5,2.422688127664951,16691000,False,False
HDIT.JK,50.0,50.0,50.0,50.8,50.45,50.44,54.29,0.7999999999999972,2.287590332498663,366000,True,False
HDFA.JK,102.0,99.33333333333333,98.8,98.0,96.95,92.04,96.26,9.959999999999994,1.9433636181405343,6081600,False,False
HBAT.JK,254.0,232.66666666666666,226.4,222.8,223.5,275.44,342.77,26.319999999999993,4.684527300932392,2144300,False,False
HATM.JK,570.0,576.6666666666666,605.0,603.0,570.95,471.50190490722656,390.146432800293,26.69961901855469,5.200637201989461,11254700,False,False
HALO.JK,67.0,67.33333333333333,67.2,68.6,69.2,65.86,69.32,3.3400000000000034,1.9173172835908914,10042600,True,False
HAJJ.JK,110.0,113.0,113.6,110.0,108.25,105.18,115.24,8.419999999999987,2.603878913165,7127000,False,False
HAIS.JK,181.0,182.0,182.0,182.0,182.35,179.86,182.73,2.4899999999999807,0.7676136665404908,330600,True,False
HADE.JK,16.0,16.666666666666668,17.0,17.3,18.1,17.42,17.74,2.1000000000000014,5.304087011837982,1777800,False,False
GZCO.JK,166.0,176.33333333333334,177.4,173.8,171.0,156.12,172.1,21.28,4.048252356332862,25204300,False,False
GWSA.JK,168.0,164.33333333333334,158.0,148.7,140.1,127.78,134.12,40.22,2.8676807811791925,19346800,False,False
GUNA.JK,218.0,218.0,217.2,212.2,207.15,186.64,190.3484686279297,15.680000000000007,2.5633847437748405,1038600,False,False
GULA.JK,755.0,756.6666666666666,749.0,744.5,767.0,701.4,556.97,13.120000000000005,3.516090281675763,22352700,False,False
GTSI.JK,164.0,174.66666666666666,179.8,181.1,172.75,150.5130238342285,175.046900100708,30.58697616577149,4.018734463271076,65966300,False,False
GTRA.JK,220.0,225.33333333333334,226.4,229.0,236.8,215.52,222.33,10.64,2.4976110920844086,357000,False,False
GTBO.JK,170.0,170.0,170.0,170.0,170.0,171.34,189.09,1.3400000000000034,0.0,0,True,False
GSMF.JK,90.0,94.0,93.6,90.5,88.9,85.0,96.51,9.0,3.9463324336159165,9052200,False,False
GRPM.JK,174.0,173.66666666666666,174.8,190.9,210.15,234.38,263.19,60.71333333333334,3.988538161345787,3509500,False,False
GRPH.JK,71.0,75.66666666666667,74.0,70.0,64.85,61.18,60.95,14.486666666666672,7.800739337979497,26807200,False,False
GRIA.JK,224.0,184.33333333333334,169.8,157.9,144.55,124.76,119.29,49.62,10.333183053436327,242890400,False,False
GPSO.JK,300.0,292.0,294.4,287.8,289.9,325.96,359.72,19.079999999999984,2.9522418562426576,83832400,False,False
GPRA.JK,109.0,109.33333333333333,110.0,109.2,107.0,102.82725479125976,105.19117477416992,7.172745208740238,1.691768293962391,146288700,False,False
GOTO.JK,50.0,50.0,50.0,50.0,50.0,50.0,50.62,0.0,0.0,4339200,True,False
GOOD.JK,304.0,306.0,306.0,305.4,300.6,305.36,320.0672735595703,2.6999999999999886,1.2531259749673878,329500,True,False
GOLF.JK,159.0,161.33333333333334,161.4,161.2,162.0,165.1,172.86229156494142,6.099999999999994,1.806288379101172,2771100,False,False
GOLD.JK,274.0,277.3333333333333,276.8,272.4,270.1,260.76,268.28,8.286666666666662,2.9065476955615197,70200,False,False
GMTD.JK,1410.0,1356.6666666666667,1313.0,1292.5,1305.25,1308.4,1469.6551879882813,23.5,4.939906231365463,14500,False,False
GMFI.JK,56.0,58.0,58.8,59.8,58.05,54.78,56.59,5.019999999999996,4.215997291525753,164406600,False,False
GLVA.JK,310.0,312.0,310.0,311.4,308.5,302.7807318115234,314.26841827392576,4.609634094238288,1.5271990666258182,18300,True,False
GJTL.JK,1400.0,1383.3333333333333,1369.0,1336.0,1306.0,1204.3,1148.8833508300781,39.14000000000001,1.2639140051366322,16820600,False,False
GIAA.JK,63.0,68.0,70.2,72.5,63.95,57.88,61.04,14.619999999999997,4.684509925642246,316407900,False,False
GHON.JK,1630.0,1618.3333333333333,1617.0,1606.0,1616.5,1634.7,1718.15,5.740000000000009,0.7366284833920598,11200,True,False
GGRP.JK,302.0,301.3333333333333,301.6,302.2,300.3,295.72,286.2977914428711,3.2399999999999807,0.7927757455716911,1005800,True,True
GGRM.JK,19525.0,20175.0,20175.0,20162.5,20015.0,17777.525,16219.2,95.89899999999994,2.480605057955436,1250200,False,False
GEMS.JK,6725.0,6733.333333333333,6700.0,6637.5,6570.0,6446.0,7083.0,11.493333333333322,0.9469825139558894,59100,False,False
GEMA.JK,82.0,82.66666666666667,82.2,81.5,81.1,79.86,82.20761787414551,2.806666666666672,1.2237735391328404,1475800,True,False
GDYR.JK,1110.0,1110.0,1107.0,1102.0,1100.25,1093.5,1097.65,3.3,1.3667862465016338,15200,True,False
GDST.JK,111.0,113.0,112.8,114.6,111.45,95.9,95.73,18.69999999999999,3.282997030360799,7973300,False,False
FWCT.JK,88.0,91.33333333333333,93.0,92.3,92.15,85.9,87.44,7.099999999999994,3.061004903303825,5030200,False,False
FUTR.JK,298.0,328.6666666666667,325.6,326.6,319.9,251.4,232.57,38.63333333333334,7.419462665643686,56517700,False,False
FUJI.JK,328.0,344.6666666666667,323.6,265.2,235.6,225.7,277.17,59.48333333333335,11.408408171766306,2551300,False,False
FPNI.JK,665.0,585.0,565.0,494.9,444.55,377.18,399.63,57.564,9.670572470933234,63893100,False,False
FORU.JK,1945.0,2121.6666666666665,2197.0,2179.5,2439.75,2873.9,2205.15,185.78000000000003,5.448595954371429,894200,False,False
FORE.JK,795.0,810.0,811.0,810.5,764.5,690.2,773.05,24.15999999999999,4.331813625651353,5178300,False,False
FOOD.JK,176.0,176.0,176.0,176.0,176.0,175.98,178.49,0.020000000000010232,0.0,0,True,False
FOLK.JK,178.0,186.0,183.8,186.6,199.0,200.9,247.61,22.900000000000006,6.66825757666312,9501000,False,False
FMII.JK,244.0,252.66666666666666,252.8,252.4,251.2,250.64,244.14,4.400000000000006,2.397792210880494,38300,True,False
FLMC.JK,82.0,79.0,78.8,77.6,76.1,69.2,110.99,12.799999999999997,3.1992431181441914,3088200,False,False
FITT.JK,380.0,388.0,388.0,376.2,365.1,370.56,378.88,11.449999999999989,3.0167437462183564,1042700,False,False
FISH.JK,605.0,603.3333333333334,602.0,600.0,604.75,610.5,669.7535021972657,2.1,1.1426785176752656,19000,True,False
FIRE.JK,108.0,113.33333333333333,110.4,109.2,108.35,106.14,118.48,7.193333333333328,4.830936840715232,39795400,False,False
FILM.JK,750.0,783.3333333333334,793.0,867.0,952.75,1317.4,1859.9,113.48000000000002,3.364503616130384,21013600,False,False
FAST.JK,456.0,463.3333333333333,466.8,462.4,398.0,313.96,296.88,76.42000000000002,8.76381642839625,57055200,False,False
FAPA.JK,7450.0,7450.0,7455.0,7412.5,7383.75,7350.56169921875,7162.366015625,4.177532031250012,0.3265317662124638,1100,True,False
EXCL.JK,2700.0,2746.6666666666665,2786.0,2724.0,2607.5,2546.0,2747.4,24.0,3.9129519768811987,5159000,False,False
EURO.JK,1425.0,1505.0,1575.0,1657.5,1778.75,1776.3,2091.500887451172,70.75,2.525738035753565,409000,False,False
ESTI.JK,157.0,161.0,160.8,162.3,163.75,141.25648040771483,146.7898422241211,22.493519592285168,2.900245403790592,3529600,False,False
ESTA.JK,168.0,171.33333333333334,172.0,173.0,178.5,180.46,189.64,12.460000000000008,1.599917418460205,913400,False,False
ESSA.JK,605.0,615.0,620.0,647.0,639.0,604.6380676269531,648.249365234375,8.47238647460938,2.94613411065894,74903200,False,False
ESIP.JK,117.0,122.33333333333333,124.0,123.9,126.3,129.20315017700196,127.51291358947753,12.203150177001959,2.191225930524772,16024400,False,False
ERTX.JK,179.0,181.33333333333334,182.6,185.7,185.35,162.38,173.9,23.319999999999993,0.5948176990912153,389800,False,False
ERAL.JK,288.0,298.0,300.4,299.6,303.3,287.8514288330078,287.20300933837893,7.724285583496112,2.421443533606137,9404800,False,False
ERAA.JK,468.0,473.3333333333333,470.8,464.4,448.3,391.3254620361328,374.2125634765625,41.00393564860025,1.083734885029981,85549000,False,False
EPMT.JK,2400.0,2423.3333333333335,2394.0,2367.0,2349.5,2332.4,2333.0,9.093333333333339,2.1535045522278735,4900,False,False
EPAC.JK,51.0,55.666666666666664,56.8,58.2,59.2,64.9,66.22,13.900000000000006,3.6655765329744634,100241000,False,False
ENZO.JK,65.0,71.0,72.6,73.4,73.5,69.36,71.37,8.5,4.170168238271183,21650100,False,False
ENRG.JK,1220.0,1266.6666666666667,1281.0,1211.44921875,1232.1208404541017,1261.2483361816405,1424.3241680908204,13.91015625,10.751492903465909,86297200,False,False
ENAK.JK,236.0,238.0,240.4,239.0,241.8,262.92,292.82,13.460000000000008,2.517406233923186,274000,False,False
EMTK.JK,500.0,521.6666666666666,528.0,518.0,520.75,524.48,629.9882269287109,14.0,2.887752284512049,61787200,False,False
EMDE.JK,74.0,75.66666666666667,76.0,76.2,75.15,70.58,71.25,5.6200000000000045,1.8398694376204499,5318900,True,True
EMAS.JK,9125.0,8583.333333333334,8270.0,7962.5,7425.0,6644.0,7349.0,99.24,3.592595339833165,48283300,False,False
ELTY.JK,36.0,38.333333333333336,38.2,38.7,36.55,29.34,33.16,9.360000000000003,4.429366604065792,110372000,False,False
ELSA.JK,675.0,700.0,710.0,701.5,696.75,638.8356018066406,641.0569708251953,14.232879638671875,2.5491545205803385,32215100,False,False
ELPI.JK,640.0,665.0,673.0,680.0,713.75,924.0819921875,1290.8324548339845,56.81639843749999,2.8268976783092046,1162500,False,False
ELIT.JK,232.0,226.33333333333334,208.0,189.7,181.95,177.14,186.78,27.430000000000007,11.512523523436982,292003100,False,False
EKAD.JK,422.0,372.6666666666667,345.6,307.6,239.6,196.7,181.39722106933593,112.65,13.45570678720891,106085600,False,False
ECII.JK,156.0,157.33333333333334,156.2,155.3,158.55,143.84,154.77,14.710000000000008,1.8721622994919525,557700,False,False
EAST.JK,90.0,90.33333333333333,90.4,90.5,90.25000076293945,88.18260940551758,87.41908805847169,2.3173905944824185,0.902239214599089,854400,True,False
DYAN.JK,86.0,87.66666666666667,89.0,87.5,85.75,81.08,81.1,7.920000000000002,2.2308428743978417,11222100,False,False
DWGL.JK,286.0,294.0,299.2,336.2,351.7,278.2,271.6,36.75,6.981678868291075,5455700,False,False
DVLA.JK,1575.0,1578.3333333333333,1580.0,1580.5,1583.25,1556.4003173828125,1539.2847521972656,5.369936523437491,0.3149640370185992,13500,True,False
DUTI.JK,4800.0,4793.333333333333,4790.0,4584.0,4437.5,4222.205751953125,3965.349619140625,57.77942480468746,1.7628761797642458,600,False,False
DSSA.JK,1070.0,1061.6666666666667,1049.0,1016.0,948.5,872.8,1241.31,39.44000000000001,3.555184438444914,630191200,False,False
DSNG.JK,1470.0,1456.6666666666667,1430.0,1372.5,1363.25,1247.920341796875,1348.8368237304687,44.41593164062501,2.615413111279393,6210800,False,False
DSFI.JK,85.0,85.33333333333333,85.6,83.9,82.45,76.46,82.74,9.14,2.149544799202109,3229400,False,False
DRMA.JK,1000.0,1010.0,1009.0,997.5,975.0,934.4,949.0866668701171,15.120000000000005,0.818507180475279,1301300,False,False
DPUM.JK,93.0,93.33333333333333,95.2,95.7,97.0,98.7,125.53,5.700000000000003,2.130150543012474,12718800,True,False
DOSS.JK,165.0,167.0,167.2,167.7,165.15,146.5834539794922,144.28568489074706,21.116546020507798,2.053208982273302,1622500,False,False
DOOH.JK,326.0,326.0,326.0,309.6,282.0,193.24,170.57,66.38,6.789034125736027,0,False,False
DOID.JK,224.0,230.66666666666666,223.2,216.8,216.2,209.9,222.28,10.383333333333326,3.7386088122169308,4684400,False,False
DNET.JK,9850.0,10083.333333333334,10010.0,9870.0,9841.25,9898.0,9727.0,9.683333333333358,2.9689463666390483,27800,False,False
DNAR.JK,123.0,125.33333333333333,126.0,125.5,124.6,118.16,124.31,7.840000000000003,2.1819237972211916,903400,False,False
DMND.JK,605.0,610.0,613.0,618.5,620.25,615.709599609375,616.6541979980469,3.05,1.02322563121137,24400,True,False
DMMX.JK,180.0,182.66666666666666,183.8,186.3,186.1,172.8015884399414,182.98164932250975,13.4984115600586,1.4619247726751061,1373000,False,False
DMAS.JK,167.0,170.33333333333334,168.6,159.4,152.45,143.53973510742188,136.4011257171631,26.793598225911467,3.8859712933477555,404011200,False,False
DLTA.JK,1785.0,1785.0,1786.0,1785.5,1782.75,1758.8575219726563,1766.949376220703,5.4284956054687425,0.30815664550072824,102300,True,False
DKHH.JK,64.0,64.66666666666667,64.4,64.0,63.75,61.86,65.34,2.806666666666672,1.6298556869994874,13491900,True,False
DKFT.JK,650.0,661.6666666666666,664.0,660.0,666.5,656.9,694.05,3.3,2.0166102957250587,5666700,True,False
DIVA.JK,130.0,134.33333333333334,135.8,135.9,134.0,121.02,133.3,14.88000000000001,2.1671981970685326,5552400,False,False
DILD.JK,117.0,118.33333333333333,117.8,116.4,116.55,115.02,119.32,3.3133333333333326,1.4249118866463542,30767300,True,False
DIGI.JK,29.0,29.0,29.0,29.0,29.0,29.14,31.75,0.14000000000000057,0.0,0,True,False
DGWG.JK,334.0,341.3333333333333,336.4,330.2,313.1,297.98655578613284,323.06430389404295,21.673388773600237,2.640684730826328,10002900,False,False
DGNS.JK,226.0,224.0,225.2,227.6,231.6,231.48,245.36,3.799999999999997,1.6185715781825527,593300,True,False
DGIK.JK,131.0,134.33333333333334,134.2,130.4,129.45,127.52,129.69,6.813333333333347,3.6119800587298365,5989000,False,False
DFAM.JK,80.0,81.33333333333333,80.6,79.9,80.65,82.24,95.34,2.339999999999989,2.3122928251206614,10186100,True,False
DEWI.JK,144.0,145.66666666666666,147.2,143.0,132.35,124.62,123.96,22.579999999999984,3.2982802488252876,45198800,False,False
DEWA.JK,420.0,443.3333333333333,445.2,447.6,455.1,394.97,416.62946823120114,30.064999999999998,4.074954571908808,521980200,False,False
DEPO.JK,252.0,252.0,252.4,248.2,245.3,244.8483108520508,249.45970916748047,3.7758445739746094,2.0002851963390618,424900,True,False
DEFI.JK,101.0,105.0,106.0,105.8,106.6,108.5,123.32,7.5,2.5196182151661954,12204500,False,False
DCII.JK,203700.0,203700.0,204030.0,204132.5,199775.0,194455.5,195571.0,387.08,2.4157799903279034,200,False,False
DAYA.JK,1125.0,1068.3333333333333,1043.0,1026.5,1004.5,1005.2,1021.85,24.1,2.334306911611083,75700,False,False
DATA.JK,1820.0,1873.3333333333333,1895.0,1903.0,1942.75,2022.8,1964.75,40.55999999999999,1.7555211428324196,1747600,False,False
DART.JK,162.0,165.66666666666666,165.4,171.4,151.35,134.18,137.82,37.22,13.538672682927858,626100,False,False
DADA.JK,50.0,50.0,50.0,50.0,50.0,50.0,50.0,0.0,0.0,311000,True,False
DAAZ.JK,1640.0,1710.0,1720.0,1728.0,1644.75,1620.9955541992188,1842.786658935547,21.400889160156247,3.6844061427601438,1024000,False,False
CYBR.JK,535.0,543.3333333333334,550.0,560.5,560.25,586.7,610.1,10.340000000000009,0.9662734354600038,25823200,False,False
CUAN.JK,770.0,810.0,814.0,816.5,749.0,688.2,853.21,25.65999999999999,7.4628007310035605,478866600,False,False
CTTH.JK,120.0,129.0,129.4,129.4,128.75,126.32,134.74,9.400000000000006,3.3435804507105753,11277600,False,False
CTRA.JK,605.0,616.6666666666666,619.0,614.0,601.5,567.5452600097656,600.8468316650391,10.290947998046885,2.1431233943340313,15112400,False,False
CTBN.JK,3150.0,3270.0,3458.0,3728.0,3934.0,4736.2,5033.895888671875,158.61999999999998,4.356049949591643,101700,False,False
CSRA.JK,760.0,771.6666666666666,766.0,754.0,755.0,763.0,815.85,3.5333333333333257,1.4299981701629656,243100,True,False
CSMI.JK,156.0,163.33333333333334,156.2,140.4,112.6,89.0,90.95,74.33333333333334,11.83938640842407,236843500,False,False
CSIS.JK,210.0,223.33333333333334,222.8,215.0,201.9,176.00640075683594,168.1770012664795,23.6634662882487,4.3530585794346255,5951000,False,False
CSAP.JK,290.0,291.3333333333333,290.4,291.0,289.6,285.07641235351565,280.9622052001953,3.128460489908832,2.421933570976186,296900,True,False
CRSN.JK,131.0,127.33333333333333,124.6,122.9,116.85,106.9,107.41348045349122,24.099999999999994,2.7807843845826428,1472600,False,False
CRAB.JK,208.0,208.0,208.0,208.0,208.0,208.8,209.68,0.4000000000000057,0.0,0,True,False
CPRO.JK,50.0,50.0,50.0,50.9,50.65,50.4,52.47,0.8999999999999986,1.7042324658909078,3276100,True,False
CPIN.JK,2970.0,3006.6666666666665,3000.0,3040.0,3103.0,3146.0,3546.910886230469,17.6,1.5592471933781862,17949700,False,False
COIN.JK,775.0,818.3333333333334,808.0,751.0,716.75,713.3,882.55,21.006666666666682,9.54268440787726,43302200,False,False
COCO.JK,98.0,101.33333333333333,100.8,100.8,104.1,133.01169082641601,222.055845413208,35.011690826416014,2.5195601297434815,144674400,False,False
COAL.JK,31.0,31.0,31.0,31.0,27.0,24.32,39.4,6.68,2.1808811449437093,0,False,False
CNMA.JK,91.0,92.0,92.0,93.6,93.55,90.66,94.68288009643555,2.9399999999999977,1.3640587785900937,16087600,True,False
CNKO.JK,37.0,37.0,37.0,37.0,37.0,37.3,43.59,0.29999999999999716,0.0,0,True,False
CMRY.JK,4640.0,4656.666666666667,4658.0,4649.0,4653.0,4566.4,4538.823671875,9.160000000000036,1.2272852004849664,2885400,False,False
CMPP.JK,69.0,69.0,69.0,69.0,69.0,69.56,73.5,0.5600000000000023,0.0,0,True,False
CMNT.JK,755.0,760.0,772.0,779.5,792.25,788.8,792.55,7.45,1.4008767662866481,26951900,False,False
CMNP.JK,1380.0,1370.0,1370.0,1369.5,1364.75,1351.6,1410.6,5.680000000000018,1.0664291004303486,102000,True,False
CLPI.JK,1585.0,1595.0,1597.0,1596.0,1588.75,1536.4752783203126,1485.8226623535156,12.104944335937489,0.3954259678406965,120700,False,False
CLEO.JK,398.0,402.0,398.0,388.2,385.9,381.752333984375,385.2268133544922,10.123833007812493,2.3306536841021472,11803300,False,False
CLAY.JK,2720.0,2730.0,2752.0,2760.0,2672.0,2618.8,2716.4,14.119999999999981,1.6756072684104812,12100,False,False
CITY.JK,174.0,175.66666666666666,176.4,175.6,174.1,168.2,174.91,8.200000000000017,1.811676397800889,668300,False,False
CITA.JK,3230.0,3233.3333333333335,3220.0,3215.0,3233.0,3157.0,3289.5425732421877,7.633333333333349,0.9341386526399015,42500,False,False
CINT.JK,179.0,179.66666666666666,179.6,177.7,177.05,170.96,182.1,8.70666666666665,1.4003758031877669,4766100,False,False
CHIP.JK,855.0,868.3333333333334,876.0,885.5,899.25,923.539658203125,968.0983819580078,13.707931640624997,1.561614439951717,66900,False,False
CHEM.JK,67.0,69.66666666666667,69.4,69.3,67.3,64.0,74.55543640136719,5.666666666666671,3.4984673217059634,13131700,True,False
CHEK.JK,132.0,134.66666666666666,135.6,134.1,133.45,129.52,130.64,6.079999999999984,1.489420616331429,728600,False,False
CGAS.JK,149.0,150.33333333333334,150.6,150.8,152.0,149.96,156.62722076416014,3.0,1.4077831431444316,3671300,True,False
CFIN.JK,350.0,354.6666666666667,355.6,352.6,348.7,335.9822235107422,314.5324917602539,9.808888244628918,0.8859234543192204,2472000,False,False
CENT.JK,101.0,98.0,92.8,88.2,84.55,79.18,85.87,21.819999999999993,8.487227633342512,326257500,False,False
CEKA.JK,2180.0,2203.3333333333335,2198.0,2202.0,2204.5,2183.14921875,2175.698046875,2.45,0.8869526565672872,83200,True,False
CDIA.JK,645.0,680.0,687.0,695.5,681.75,662.0,797.0675726318359,10.1,4.072919882913294,97538300,False,False
CCSI.JK,252.0,253.33333333333334,254.0,257.6,252.4,250.96,253.58,3.3200000000000074,1.6772367770273064,138300,True,False
CBUT.JK,770.0,775.0,776.0,778.0,802.75,770.9,757.86,6.55,3.376584067545817,15100,False,False
CBRE.JK,660.0,685.0,689.0,685.0,683.75,687.5,768.1,5.8,2.392821927745414,16329300,True,False
CBPE.JK,520.0,520.0,524.0,535.0,469.0,356.4370782470703,330.7797039794922,35.71258435058594,4.418892022117276,227400,False,False
CBDK.JK,3760.0,3860.0,3860.0,3766.0,3754.5,3612.0,3983.4006982421874,24.8,2.572910375447086,2256700,False,False
CASS.JK,1860.0,1863.3333333333333,1857.0,1874.0,1886.75,1852.0,1823.8,6.95,0.7086756954764319,82900,False,False
CASH.JK,234.0,226.66666666666666,226.8,216.8,223.6,201.0,203.08,16.5,4.451675282365434,7077400,False,False
CASA.JK,1800.0,1811.6666666666667,1831.0,1831.0,1826.5,1838.0,1594.9,7.6,3.4661024510362717,28900,False,False
CARS.JK,100.0,102.66666666666667,99.4,95.8,93.35,89.06,90.84,13.60666666666667,3.5733060691277108,7588400,False,False
CARE.JK,440.0,440.0,436.4,431.8,427.1,423.04,416.94,8.47999999999999,0.650984850694897,298100,False,False
CANI.JK,135.0,135.0,135.0,135.0,135.0,135.08,140.47,0.0800000000000125,0.0,0,True,False
CAMP.JK,169.0,169.66666666666666,169.8,170.4,170.3,171.56,182.46,2.5600000000000023,0.6178434602071381,520400,True,False
CAKK.JK,147.0,146.66666666666666,144.8,143.5,140.25,138.2,147.63,8.800000000000011,1.6134524010246902,881100,False,False
BYAN.JK,15325.0,15341.666666666666,15570.0,14557.5,13320.0,12222.02466796875,11502.494296875,133.91901328125002,9.676243560282519,1802800,False,False
BWPT.JK,96.0,104.66666666666667,103.6,97.2,92.1,82.88,96.91,21.786666666666676,8.699212508387033,535189100,False,False
BVIC.JK,91.0,92.66666666666667,92.8,92.5,92.75,88.1,94.57,4.700000000000003,1.2484307084686352,1737100,True,False
BUVA.JK,705.0,735.0,735.0,733.0,766.25,815.5,896.6,22.1,3.2549588552986273,88405100,False,False
BUMI.JK,184.0,191.33333333333334,189.2,185.2,178.55,163.18,184.59,28.153333333333336,3.5980543414960637,2738635400,False,False
BULL.JK,412.0,440.0,448.4,438.4,439.4,392.08,414.29,28.159999999999997,4.361221548537142,396403000,False,False
BUKK.JK,990.0,1003.3333333333334,1013.0,1013.0,1016.5,1086.6,1088.95,19.319999999999983,1.998527835153419,18700,False,False
BUKA.JK,107.0,111.33333333333333,113.0,114.3,116.05,108.6,124.54,9.049999999999997,2.561846591842028,97757200,False,False
BUDI.JK,236.0,224.66666666666666,222.0,220.6,217.1,209.92,209.6,13.040000000000006,2.4235696919969363,6613300,False,False
BUAH.JK,510.0,508.3333333333333,510.0,510.0,508.25,510.7,509.7556851196289,0.4899999999999977,0.7224389194804436,226300,True,False
BTPS.JK,975.0,983.3333333333334,985.0,985.0,985.75,995.5,991.6070776367187,4.1,0.723454323805012,2410000,True,False
BTPN.JK,2200.0,2193.3333333333335,2180.0,2166.0,2169.5,2170.6,2147.7036596679686,3.4,1.4669448266496041,800,True,False
BTON.JK,360.0,364.0,363.6,364.0,362.8,356.88,365.66,3.5600000000000023,1.2632131938308941,25000,True,False
BTEK.JK,10.0,10.333333333333334,10.4,10.5,10.65,10.72,11.7,0.7200000000000006,8.343519944775748,88978100,False,False
BSSR.JK,4470.0,4483.333333333333,4462.0,4410.0,4356.5,4201.686909179687,3883.6261157226563,28.164642415364597,0.8306659504333531,957900,False,False
BSML.JK,520.0,518.3333333333334,517.0,519.0,517.5,507.44,452.98,2.5120000000000005,1.1527466603291565,9905200,True,True
BSIM.JK,695.0,703.3333333333334,702.0,700.0,699.0,701.5,769.75,1.6666666666666743,1.3592883278469958,8400,True,False
BSDE.JK,625.0,631.6666666666666,638.0,616.0,598.0,580.8,652.1,11.440000000000008,2.6578244113804312,19634300,False,False
BSBK.JK,50.0,50.333333333333336,51.2,52.4,52.5,52.1,54.33,2.5,1.5918790315365774,17403100,True,False
BRRC.JK,75.0,76.66666666666667,75.6,70.4,64.0,60.44,65.61,16.226666666666674,11.209110110647465,49220500,False,False
BRPT.JK,1750.0,1833.3333333333333,1847.0,1858.5,1848.0,1716.5211083984375,1800.3753369140625,28.395778320312502,3.5488824559212304,102436400,False,False
BRNA.JK,595.0,611.6666666666666,625.0,638.5,632.5,604.9,626.35,8.7,3.5984169104237065,342400,False,False
BRMS.JK,720.0,715.0,691.0,658.0,619.25,583.66,654.2,27.268000000000008,4.251629362206397,445613200,False,False
BRIS.JK,1780.0,1796.6666666666667,1784.0,1784.0,1789.75,1787.7,1840.8009533691406,3.3333333333333486,1.2820127286309744,10831900,True,False
BREN.JK,3310.0,3390.0,3414.0,3488.0,3416.5,3457.029921875,3897.9790625,17.8,4.803098283266333,21977200,False,False
BRAM.JK,4540.0,4620.0,4572.0,4580.0,4546.0,4514.8,4424.471267089843,10.519999999999982,2.4514035237737937,500,False,False
BPTR.JK,77.0,77.0,76.8,76.4,75.7,72.1,76.11,4.900000000000006,1.8853035285194428,29305300,True,True
BPII.JK,510.0,504.3333333333333,504.2,480.5,460.55,447.94,457.69,12.412,2.662961848338879,160900,False,False
BPFI.JK,242.0,246.0,249.6,253.4,258.1,252.43980041503906,255.67108688354492,8.050000000000011,2.483059167960567,210300,False,False
BOLT.JK,795.0,795.0,794.0,794.5,795.75,787.9,813.181312866211,1.5700000000000045,0.8241267984503846,7400,True,False
BOLA.JK,147.0,148.66666666666666,149.0,149.4,154.35,155.5,158.15,8.5,1.5142330822736818,386700,False,False
BOGA.JK,1550.0,1563.3333333333333,1562.0,1588.5,1612.25,1539.5,1436.3,14.55,1.255833163969545,10300,False,False
BOBA.JK,208.0,208.0,208.8,210.0,216.5,251.72,247.75496307373047,21.86,2.1788472634030196,3448100,False,False
BOAT.JK,142.0,141.66666666666666,141.4,140.3,137.1,122.2,126.56,19.799999999999997,1.039185882116733,2921900,False,False
BNLI.JK,2150.0,2156.6666666666665,2160.0,2151.0,2178.5,2363.6,2748.4828955078124,21.359999999999992,1.099076058731834,84300,False,False
BNII.JK,191.0,192.0,192.4,192.9,192.45,190.14,193.49188064575196,2.7600000000000193,0.42606717818677614,437500,True,False
BNGA.JK,1665.0,1668.3333333333333,1670.0,1661.5,1654.25,1614.6,1630.2640795898437,11.080000000000018,0.920769122838955,2174000,False,False
BNBR.JK,95.0,99.66666666666667,100.6,100.5,100.25,95.27951477050782,125.79768531799317,5.599999999999994,3.376784711009599,1567166000,True,False
BNBA.JK,695.0,716.6666666666666,726.0,729.0,734.0,740.6,732.7,9.120000000000005,2.0091991205303295,895000,False,False
BMTR.JK,112.0,115.0,115.4,115.0,114.95,115.86,130.99,3.8599999999999994,1.5922419318833279,76249500,True,False
BMSR.JK,312.0,311.3333333333333,311.6,307.8,307.9,302.84,309.6,4.5800000000000125,1.7647567874297516,17300,True,False
BMRI.JK,4160.0,4193.333333333333,4174.0,4157.0,4169.0,4171.4,4171.28447265625,3.633333333333303,0.9043681005452227,156162500,True,False
BMHS.JK,190.0,189.33333333333334,189.2,189.2,188.9,182.11514831542968,182.6445184326172,7.884851684570322,0.4610068319674929,2677200,False,False
BMBL.JK,26.0,26.666666666666668,27.4,29.6,31.0,31.74,33.03,5.739999999999998,3.226117991076495,5931600,True,False
BMAS.JK,525.0,518.3333333333334,507.8,500.7,493.65,485.18,490.22,7.963999999999999,2.5843997720965626,160900,False,False
BLUE.JK,2740.0,2746.6666666666665,2618.0,2496.0,2517.5,2805.2,3001.7017236328124,30.91999999999998,6.1066542432212865,290100,False,False
BLTA.JK,31.0,32.0,32.4,32.8,32.7,33.1,36.19,2.1000000000000014,2.7900399334463777,2355400,True,False
BLOG.JK,380.0,382.0,381.6,381.8,372.2,357.44,356.5306903076172,12.280000000000001,1.1217015117387052,633100,False,False
BLES.JK,200.0,207.33333333333334,209.6,207.6,203.1,167.9881750488281,158.96698120117188,41.61182495117188,3.1491372945722276,14298000,False,False
BKSW.JK,52.0,52.0,52.2,52.3,52.35,52.0,54.15,0.3500000000000014,1.667283581581529,1921000,True,False
BKSL.JK,72.0,75.0,76.4,75.0,72.65,67.8,81.54,8.600000000000009,2.86904027848549,169296200,False,False
BKDP.JK,169.0,169.0,169.0,169.0,169.0,143.06,118.61,25.939999999999998,0.0,0,False,False
BJTM.JK,520.0,520.0,519.0,516.5,516.75,515.5,518.5393392944336,0.9,0.5527952927703649,4757600,True,True
BJBR.JK,785.0,790.0,789.0,788.5,787.75,777.8,773.09720703125,2.4400000000000093,0.7166869182318745,1427900,True,True
BISI.JK,690.0,693.3333333333334,689.0,687.5,679.0,662.6,700.7482989501954,6.14666666666667,1.3446673981377313,234900,False,False
BIRD.JK,1620.0,1631.6666666666667,1642.0,1637.5,1622.25,1578.0436157226563,1501.2389672851561,12.791276855468732,0.7028801493291212,1246900,False,False
BIPP.JK,65.0,68.33333333333333,68.2,67.4,66.55,63.04,66.69,5.2933333333333294,8.788078277574968,12686400,False,False
BIPI.JK,137.0,145.66666666666666,147.8,148.7,148.1,142.96,179.44,11.699999999999989,3.9954680953048576,607803800,False,False
BINO.JK,114.0,115.33333333333333,114.6,114.1,112.45,103.96,108.97,11.373333333333335,1.3426575236316887,1075600,False,False
BINA.JK,4160.0,4160.0,4188.0,4139.0,4124.5,3955.8,4021.3,23.21999999999998,2.075974454952749,201200,False,False
BIKE.JK,620.0,542.6666666666666,529.6,519.8,514.9,511.96,513.85,21.608000000000004,7.864460249773835,2100000,False,False
BHIT.JK,24.0,25.0,25.2,25.6,25.7,26.28,28.84,2.280000000000001,2.6313560586721247,14578700,True,False
BHAT.JK,1770.0,1770.0,1770.0,1770.0,1770.0,1722.7,1493.15,9.45999999999999,0.0,0,False,False
BGTG.JK,108.0,109.66666666666667,110.0,110.0,110.65,109.96,113.13,2.6500000000000057,1.433706847884572,2197400,True,False
BFIN.JK,880.0,873.3333333333334,884.0,896.5,898.5,810.2,759.7755364990235,17.65999999999999,2.5314946377170977,25067200,False,False
BEST.JK,117.0,122.0,122.6,117.3,112.05,104.46,104.64,18.14,4.962428429615398,39139000,False,False
BESS.JK,900.0,916.6666666666666,914.0,908.0,899.0,915.3979772949219,1000.251333618164,3.5333333333333257,2.5259729822701984,46700,True,False
BELL.JK,114.0,114.66666666666667,115.2,114.2,115.1,109.98,121.7,5.219999999999999,2.6944100694890083,34218500,True,False
BELI.JK,258.0,261.3333333333333,262.4,262.4,258.8,266.88,315.38,4.439999999999998,1.8971844746731872,2304500,True,False
BEKS.JK,23.0,22.666666666666668,23.0,23.3,22.45,21.54,23.41,1.7600000000000016,4.059336743454746,6045100,False,False
BEER.JK,75.0,79.66666666666667,79.4,78.9,76.8,78.34,99.02,4.666666666666671,5.700011441915634,19619000,False,False
BEEF.JK,472.0,474.0,476.8,451.6,429.6,306.2,251.94,85.30000000000001,5.221305321874656,9162000,False,False
BDMN.JK,4200.0,4256.666666666667,4274.0,4248.0,4243.0,4119.2,3964.2042822265626,15.480000000000018,2.1610903272996507,1561500,False,False
BDKR.JK,159.0,160.0,160.6,161.1,160.9,149.4263182067871,149.19189430236815,11.673681793212893,1.5569954889395856,6800600,False,False
BCIP.JK,62.0,63.333333333333336,63.8,63.3,63.25,61.22,64.95,2.5799999999999983,1.7365240048372255,6354200,True,False
BCIC.JK,128.0,129.33333333333334,129.4,129.3,128.05,126.02,123.31,3.3800000000000097,1.5310533755263445,1348000,True,True
BCAP.JK,50.0,50.0,50.0,50.0,50.0,50.04,50.78,0.03999999999999915,0.0,31200,True,False
BBYB.JK,242.0,250.0,250.8,251.6,253.0,239.0,264.4,7.0,1.997398105672692,27829900,False,False
BBTN.JK,1205.0,1213.3333333333333,1209.0,1212.0,1214.5,1200.1,1254.85,2.880000000000018,1.0797995540690342,13527100,True,False
BBSS.JK,99.0,101.33333333333333,103.2,104.1,100.0,97.9,125.28,6.199999999999989,2.2756807584874017,1117800,False,False
BBSI.JK,4660.0,4663.333333333333,4668.0,4662.0,4671.5,4679.2,4635.5,1.9199999999999817,0.9954879940604302,700,True,False
BBRM.JK,112.0,114.33333333333333,114.6,115.1,115.5,113.56,124.18,3.5,1.1719892387562154,13796000,True,False
BBRI.JK,3130.0,3180.0,3152.0,3129.0,3076.5,2955.8,3014.7314916992186,22.41999999999998,1.509851427832007,159003300,False,False
BBNI.JK,3680.0,3696.6666666666665,3648.0,3620.0,3596.5,3515.0,3615.6,18.16666666666665,1.7877465185041468,38659400,False,False
BBMD.JK,1990.0,1978.3333333333333,1968.0,1994.0,1993.75,1964.7321435546876,1944.534207763672,5.853571289062484,1.3414212767355196,5600,True,False
BBLD.JK,670.0,675.0,680.0,638.5,621.5,584.8,621.7891723632813,19.04000000000001,5.185661486844464,18700,False,False
BBKP.JK,53.0,54.666666666666664,55.0,55.1,54.4,53.28,56.38,2.1000000000000014,1.716946233391981,128064600,True,False
BBHI.JK,895.0,901.6666666666666,903.0,903.0,908.25,919.5116381835937,1011.2171221923828,4.902327636718747,0.4363265711479658,5481200,True,False
BBCA.JK,6350.0,6400.0,6380.0,6357.5,6360.0,6240.5,6162.0,6.38,0.8988383780995651,86115900,False,False
BAYU.JK,1270.0,1273.3333333333333,1267.0,1227.5,1193.75,1161.6,1182.2833251953125,22.34666666666667,1.731922102184984,77200,False,False
BAUT.JK,35.0,36.0,36.8,36.2,33.95,30.16,30.5,6.639999999999997,4.579861431063867,2684700,False,False
BATR.JK,92.0,95.33333333333333,96.0,95.3,93.8,89.73494247436524,88.62781639099121,6.265057525634759,2.833826724126399,4270200,False,False
BATA.JK,59.0,59.0,59.0,59.0,59.0,59.24,61.19,0.240000000000002,0.0,0,True,False
BAPI.JK,18.0,18.666666666666668,18.6,19.0,18.95,17.34,20.95,1.6600000000000001,5.861634418863897,23958400,False,False
BAPA.JK,141.0,143.66666666666666,144.0,145.1,155.55,224.46,216.42,83.46000000000001,2.546375303804745,32065000,False,False
BANK.JK,270.0,270.0,271.2,270.8,273.8,276.84,361.68,3.4199999999999875,1.198702726312248,1335300,True,False
BALI.JK,1240.0,1253.3333333333333,1268.0,1242.5,1232.5,1240.2,1251.35,7.1,2.667726222708416,33100,False,False
BAJA.JK,244.0,256.0,277.6,319.8,312.85,224.62,187.3,47.59,4.499095737695093,4558900,False,False
BAIK.JK,282.0,294.0,299.6,340.8,523.7,609.98,575.36,163.99,6.064351157146727,63069200,False,False
BACA.JK,115.0,116.66666666666667,116.6,116.6,116.3,111.54,120.3,5.126666666666665,1.054670503387282,1708000,True,False
BABY.JK,206.0,212.66666666666666,215.6,221.6,204.8,191.12,198.8,15.239999999999995,10.827642443212756,2190800,False,False
BABP.JK,50.0,50.0,50.0,50.0,50.0,50.0,50.65,0.0,0.0,89900,True,False
AYLS.JK,149.0,151.0,153.2,154.7,156.1,149.0,157.97,7.099999999999994,1.591379252542254,1135100,False,False
AYAM.JK,458.0,475.3333333333333,481.6,468.2,451.9,396.44,361.84,42.58000000000001,3.0353502103829806,61195900,False,False
AXIO.JK,114.0,115.33333333333333,114.6,113.6,112.95,110.64,109.9864370727539,4.693333333333328,2.5283628265547526,1665700,True,True
AWAN.JK,160.0,164.0,164.8,162.4,160.1,151.1,150.57,13.700000000000017,3.2439910267393555,659900,False,False
AVIA.JK,344.0,348.6666666666667,351.2,343.2,333.6,325.64,341.29613006591796,12.780000000000001,1.7235033666905173,12191400,False,False
AUTO.JK,3130.0,3083.3333333333335,3026.0,2941.0,2850.5,2631.4,2578.37890625,49.85999999999999,1.092977086868472,14439900,False,False
ATLA.JK,50.0,50.0,50.0,50.0,50.0,50.04,50.429818840026854,0.03999999999999915,0.0,264100,True,False
ATIC.JK,468.0,470.0,467.6,463.4,466.7,471.92,494.07,4.260000000000019,1.6808494793138955,47700,True,False
ATAP.JK,535.0,576.6666666666666,595.0,599.5,585.25,527.84,486.37,14.331999999999994,4.748458624842088,2441200,False,False
ASSA.JK,610.0,625.0,633.0,630.5,622.75,612.771875,667.47734375,4.6,1.6900137010577905,13941400,True,False
ASRM.JK,278.0,272.6666666666667,271.6,270.2,267.7,256.72,265.7336059570313,10.639999999999986,1.258689825711387,191500,False,False
ASRI.JK,123.0,124.0,126.0,124.5,122.2,118.02105255126953,120.9743416595459,7.978947448730466,3.0185524154264827,13184600,False,False
ASPR.JK,146.0,151.33333333333334,154.8,155.2,152.15,154.761396484375,213.00986083984375,9.199999999999989,3.307211612116573,28951100,False,False
ASPI.JK,394.0,386.6666666666667,386.0,394.8,403.6,402.14,404.19,8.800000000000011,2.01066476764712,2387600,False,False
ASMI.JK,15.0,15.666666666666666,16.0,16.3,16.3,16.24,17.04,1.3000000000000007,4.807452933738563,7999200,False,False
ASLI.JK,222.0,233.33333333333334,237.2,224.1,210.65,208.42,254.49,14.39,10.11263793604476,65180500,False,False
ASLC.JK,65.0,66.0,64.4,63.4,63.45,62.1,67.2,3.8999999999999986,4.620873443624251,109246200,False,False
ASJT.JK,161.0,160.33333333333334,160.2,157.5,156.1,158.24,168.05262954711915,4.900000000000006,2.134832260961708,145000,True,False
ASII.JK,4780.0,4783.333333333333,4774.0,4797.0,4917.5,4876.6,5231.1001953125,14.35,1.0478318107770062,47671400,False,False
ASHA.JK,55.0,58.0,58.8,59.1,58.65,57.0,63.46,4.100000000000001,2.9943060701494044,28342500,True,False
ASGR.JK,1885.0,1863.3333333333333,1829.0,1801.0,1813.75,1737.5,1639.3463232421875,29.5,2.4017543950637887,2484100,False,False
ASDM.JK,505.0,508.3333333333333,510.0,511.0,511.15,508.7244647216797,513.6910238647461,1.2299999999999955,0.7208234287106203,120900,True,False
ASBI.JK,420.0,417.3333333333333,414.8,413.2,419.0,417.5045501708984,411.3834735107422,3.4000000000000057,1.8207879705371244,33600,True,False
ARTO.JK,980.0,1015.0,1035.0,1117.5,1185.5,1129.7,1178.55,41.1,2.582345384530415,17103100,False,False
ARTA.JK,2300.0,2273.3333333333335,2278.0,2315.0,2382.0,2432.8,2494.55,15.946666666666669,2.028391805958029,4100,False,False
ARNA.JK,490.0,490.0,490.8,494.0,494.2,470.0,470.44146728515625,12.099999999999994,0.43387486139149856,3683100,False,False
ARKO.JK,5000.0,5141.666666666667,5255.0,5260.0,4946.5,5064.4,6311.8,31.35,6.339561055438507,10143600,False,False
ARKA.JK,22.0,22.0,22.0,22.0,22.0,22.32,26.37,0.3200000000000003,0.0,0,True,False
ARII.JK,298.0,293.3333333333333,289.2,285.8,280.3,278.36,279.36,9.819999999999993,1.3239242783674217,103700,False,False
ARGO.JK,1135.0,1141.6666666666667,1147.0,1153.5,1166.5,1056.9,991.0,21.91999999999998,1.42296590807153,182100,False,False
AREA.JK,346.0,322.6666666666667,303.2,289.4,283.1,260.48,273.3,42.75999999999999,6.564642934862752,17124900,False,False
ARCI.JK,1375.0,1403.3333333333333,1376.0,1309.5,1215.25,1099.4,1226.0538171386718,60.78666666666663,4.045967509310977,76163600,False,False
APLN.JK,131.0,138.33333333333334,141.2,134.6,130.1,125.84,145.26,15.359999999999985,4.293902075877776,66371400,False,False
APLI.JK,270.0,269.3333333333333,270.0,263.6,257.3,251.68,236.09539108276368,9.159999999999997,1.8760741003785881,123600,False,False
APII.JK,191.0,189.0,189.6,189.3,187.95,183.44571411132813,182.81582412719726,7.5542858886718705,1.499343687457825,1376700,False,False
APIC.JK,505.0,525.0,529.0,541.5,585.75,620.3,969.55,23.05999999999999,4.217866315298256,193939500,False,False
APEX.JK,179.0,187.0,189.2,180.4,170.8,147.86,159.58,41.339999999999975,4.413567827648754,17387300,False,False
ANTM.JK,3160.0,3173.3333333333335,3138.0,3104.0,3036.0,2954.1009326171875,3089.0091455078127,21.9232400716146,2.050044862251056,125424800,False,False
ANJT.JK,1580.0,1595.0,1571.0,1537.0,1502.75,1488.3,1568.95,21.34000000000001,2.0095759861575546,102000,False,False
ANDI.JK,17.0,16.666666666666668,16.8,17.3,17.35,17.52,19.85,0.8533333333333317,3.363816189296933,2518600,True,False
AMRT.JK,1380.0,1411.6666666666667,1393.0,1387.0,1372.75,1383.5,1372.7078271484374,7.783333333333348,2.5800535718040454,29307200,False,False
AMOR.JK,358.0,358.0,357.2,358.0,355.6,339.88,343.12,9.060000000000002,0.5912219139852257,63000,False,False
AMMS.JK,206.0,188.33333333333334,181.0,178.4,211.2,275.92,328.94,48.760000000000005,6.238119735784683,4442000,False,False
AMMN.JK,4390.0,4456.666666666667,4396.0,4334.0,4272.0,3919.8,4125.9,53.68666666666668,3.4202769066690566,77753300,False,False
AMIN.JK,234.0,238.0,239.2,242.2,243.4,245.4,247.18,5.700000000000003,0.8897196509613403,55400,True,False
AMFG.JK,3330.0,3330.0,3330.0,3331.0,3318.5,3141.5596240234377,3114.184724121094,18.944037597656234,0.5872322357995539,2400,False,False
AMAR.JK,228.0,229.33333333333334,228.8,224.20999908447266,218.89540328979493,205.76598754882812,196.1819692993164,11.78367289225261,1.6044150553096708,494000,False,False
AMAN.JK,222.0,230.0,233.2,237.6,244.3,255.04,263.28,16.519999999999996,1.4413575048400282,501900,False,False
AMAG.JK,390.0,388.6666666666667,388.8,388.8,388.2,390.44,395.25722076416014,1.1200000000000045,0.38026841793346,284400,True,False
ALKA.JK,4580.0,4580.0,4196.0,3424.0,2647.75,1473.4,1047.87,310.65999999999997,9.843589923890109,0,False,False
ALII.JK,760.0,786.6666666666666,800.0,798.0,781.0,758.7577355957031,800.2058715820312,8.248452880859372,2.6514154522608098,641800,False,False
ALDO.JK,915.0,923.3333333333334,921.0,912.5,868.75,776.9673962402344,707.2025823974609,29.273187418619795,4.4364362444902365,69200,False,False
AKSI.JK,240.0,236.0,233.2,231.6,231.9,222.9,247.34,8.549999999999997,1.9008139476803083,264200,False,False
AKRA.JK,1365.0,1378.3333333333333,1384.0,1392.5,1407.5511962890625,1323.25701171875,1326.6131970214844,16.858836914062522,1.0079978615731062,9238900,False,False
AKPI.JK,496.0,503.6666666666667,506.2,505.6,503.95,493.08,501.1599685668945,6.560000000000002,1.2756456268626921,492600,False,False
AKKU.JK,38.0,38.0,38.0,38.0,38.0,38.0,38.0,0.0,0.0,0,True,False
AISA.JK,113.0,118.0,119.6,119.3,119.6,109.6,113.41,10.0,2.5130027540903432,8413500,False,False
AIMS.JK,376.0,379.3333333333333,384.0,386.8,389.2,396.28,407.4,10.139999999999986,1.354008447151826,134800,False,False
AHAP.JK,93.0,97.33333333333333,100.6,98.8,95.85,92.64,97.18,7.959999999999994,4.517356435936884,25993600,False,False
AGRS.JK,60.0,61.0,61.0,60.9,61.2,61.06,64.02,1.2000000000000028,1.7977152871286897,18469000,True,False
AGRO.JK,145.0,149.33333333333334,150.0,149.6,147.95,146.86,159.74,5.0,1.6382887073970502,6936000,True,False
AGII.JK,2750.0,2803.3333333333335,2840.0,2874.0,2918.0,2854.2370068359373,2913.287255859375,16.8,1.2480780408418037,99900,False,False
AGAR.JK,1810.0,1810.0,1810.0,1638.5,1238.5,691.12,462.18,223.776,12.433562659412752,0,False,False
AEGS.JK,48.0,44.0,43.4,42.4,42.45,40.92,44.68,7.079999999999998,5.151862387306229,21174500,False,False
ADRO.JK,2610.0,2596.6666666666665,2582.0,2553.0,2526.0,2434.6,2402.101652832031,17.54000000000001,1.5697186036221982,50134700,False,False
ADMR.JK,1685.0,1680.0,1673.0,1647.5,1596.0,1526.1,1610.4129467773437,31.78000000000002,3.020492082834937,46383900,False,False
ADMG.JK,254.0,256.6666666666667,256.8,257.0,243.2,220.82,212.19,18.090000000000003,1.3956231581933332,1292000,False,False
ADMF.JK,8700.0,8691.666666666666,8665.0,8655.0,8625.0,8318.5,8348.230747070313,15.26,0.6649111775802881,159700,False,False
ADHI.JK,133.0,133.0,135.4,139.1,146.1,154.04,167.95,21.039999999999992,1.151861807147508,0,False,False
ADES.JK,32600.0,32700.0,32785.0,32827.5,33676.25,33162.0,26406.5,43.05,0.36905375003639723,3200,False,False
ADCP.JK,50.0,50.0,50.0,50.0,50.0,50.0,50.32,0.0,0.0,0,True,False
ACST.JK,86.0,85.0,85.0,85.8,85.2,80.84,85.3,5.159999999999997,1.676559547813199,442200,True,False
ACRO.JK,64.0,63.333333333333336,63.0,62.9,61.75,60.92114372253418,63.62526126861572,3.0788562774658175,1.0833306027222007,26078600,True,True
ACES.JK,354.0,358.6666666666667,360.0,358.2,356.5,347.49471069335937,338.68001037597656,6.252644653320317,1.4338935904781631,24866200,False,False
ABMM.JK,2670.0,2703.3333333333335,2704.0,2684.0,2635.0,2490.2,2600.0333081054687,21.380000000000017,0.8886393328324742,645700,False,False
ABDA.JK,3810.0,3810.0,3810.0,3820.0,3678.0,3493.0,3285.7,32.7,0.2058792576578994,400,False,False
ABBA.JK,30.0,30.0,30.0,30.0,30.0,30.56,34.87,0.5599999999999987,0.0,0,True,False
AALI.JK,7825.0,7908.333333333333,7895.0,7620.0,7301.25,6653.5,7000.165791015625,50.19333333333332,2.0584428508484764,1347600,False,False
AADI.JK,10000.0,10016.666666666666,9935.0,9645.0,9365.0,8724.0,8897.735966796876,51.70666666666664,2.645602437533974,9256700,False,False
