Ticker,Close,MA3,MA5,MA10,MA20,MA50,MA100,Range_Ticks,Vol_Pct,Volume,MA_Tight,Signal
ZYRX.JK,130.0,129.33333333333334,129.4,128.9,129.55,128.2,130.43495864868163,1.8000000000000114,1.4512042817272441,176800,True,False
ZONE.JK,700.0,703.3333333333334,705.0,709.0,722.25,679.7,545.2467434692383,8.509999999999991,1.146550943104471,13800,False,False
ZINC.JK,30.0,30.0,30.0,30.0,30.0,30.0,30.0,0.0,0.0,0,True,False
YUPI.JK,1285.0,1295.0,1301.0,1310.0,1344.9544921875,1313.6087036132812,1357.1346923828125,11.990898437499983,1.463645333454181,40300,False,False
YULE.JK,3600.0,3666.6666666666665,3714.0,3621.0,3585.0,3488.2,3406.5,22.58000000000002,6.797738336127908,30200,False,False
YPAS.JK,1340.0,1343.3333333333333,1353.0,1343.0,1410.25,1035.7,895.0,74.91,6.747399640926907,31800,False,False
YOII.JK,82.0,82.66666666666667,83.2,82.2,81.85,83.54,85.06,1.690000000000012,2.812562749728886,2475400,True,False
YELO.JK,91.0,93.0,93.0,95.5,95.95,88.76,84.55,7.189999999999998,2.629362852548723,14475700,False,False
WTON.JK,78.0,78.0,78.0,78.7,79.7,77.76,78.07855422973633,1.9399999999999977,0.9800191050025574,1654700,True,False
WSBP.JK,14.0,14.0,14.0,14.0,14.0,14.0,14.65,0.0,0.0,0,True,False
WOWS.JK,54.0,54.333333333333336,55.2,56.5,58.25,59.16,61.12,5.159999999999997,2.2588964064398214,32892600,True,False
WOOD.JK,197.0,196.66666666666666,197.2,201.2,204.7,210.48,230.72,13.813333333333333,1.1466776365679119,2182500,False,False
WOMF.JK,282.0,279.3333333333333,278.4,282.2,280.0,268.48,269.48,6.859999999999985,4.245492211313776,112100,False,False
WMUU.JK,50.0,50.0,50.0,50.0,50.0,51.76,54.28,1.759999999999998,0.0,1198400,True,False
WIRG.JK,70.0,73.0,74.8,76.0,75.5,66.02,64.09,9.980000000000004,4.810017222489823,133460600,False,False
WINS.JK,585.0,601.6666666666666,599.0,587.0,565.25,536.5,528.7142712402343,13.033333333333326,6.233431227012883,2594000,False,False
WINR.JK,25.0,24.0,24.8,26.8,24.35,22.7,23.8,4.100000000000001,6.405672184248007,15098300,False,False
WINE.JK,129.0,129.66666666666666,130.0,130.8,130.85,138.66,149.2867726135254,9.659999999999997,1.0844547671255198,591600,False,False
WIIM.JK,1470.0,1426.6666666666667,1456.0,1528.5,1596.0,1649.5,1646.960460205078,44.56666666666665,2.947712543828206,4847400,False,False
WIFI.JK,1890.0,1920.0,1924.0,1982.5,2026.75,1990.5,1944.7606726074218,27.35,1.3647551679565468,10362000,False,False
WIDI.JK,27.0,27.666666666666668,28.0,27.8,27.2,26.52,26.89,1.4800000000000004,5.418737352069844,8362600,False,False
WGSH.JK,121.0,125.0,128.2,136.7,148.7,153.98,133.92,32.97999999999999,3.4704599335846646,15810900,False,False
WEHA.JK,114.0,114.0,114.4,113.0,111.2,107.86,110.19991737365723,6.540000000000006,1.8174943818861355,4249200,False,False
WEGE.JK,50.0,50.0,50.0,50.6,52.5,52.1,51.93,2.5,0.9293271960888265,247200,True,False
WAPO.JK,258.0,226.33333333333334,212.8,197.2,180.95,147.84,133.24,55.08,7.622610903236038,18889600,False,False
VTNY.JK,75.0,75.33333333333333,76.4,76.5,78.65,71.66,66.76,6.990000000000009,3.9046818670117807,27226600,False,False
VRNA.JK,85.0,86.66666666666667,88.6,92.1,87.1,80.16,78.29,11.939999999999998,2.9096513760050082,2752200,False,False
VOKS.JK,274.0,290.6666666666667,301.6,272.0,250.9,227.84,217.2,36.88000000000001,9.197696356554703,664800,False,False
VKTR.JK,780.0,778.3333333333334,764.0,791.5,849.75,812.0,752.78,17.15,3.14637632124197,59073600,False,False
VIVA.JK,40.0,40.666666666666664,41.4,43.3,46.15,45.22,41.2,6.149999999999999,1.5194226360493133,11174900,False,False
VISI.JK,1225.0,1223.3333333333333,1195.0,1096.0,1037.0,960.4,934.3,52.92,8.178336868009433,6168400,False,False
VINS.JK,150.0,145.33333333333334,145.2,145.2,143.9,142.0,142.91,8.0,3.3878525997342352,1109300,False,False
VICO.JK,170.0,171.0,171.0,167.5,159.3,148.0,146.49,23.0,3.624177459477014,265000,False,False
VICI.JK,1065.0,1138.3333333333333,1164.0,1116.5,975.25,752.8,664.4915255737304,82.24000000000001,5.45804861045774,7365700,False,False
VERN.JK,244.0,233.33333333333334,230.0,230.4,237.9,217.84,174.93,13.079999999999998,2.581720955391013,27946200,False,False
VAST.JK,120.0,122.0,122.2,117.4,115.3,115.48,117.98,6.900000000000006,7.477337233922301,12926700,False,False
UVCR.JK,188.0,180.0,176.6,166.1,155.05,149.56,170.06610610961914,38.44,4.634928655158378,131717700,False,False
URBN.JK,252.0,236.66666666666666,231.2,226.0,223.6,219.52,211.94,16.239999999999995,3.4664433415724227,896100,False,False
UNVR.JK,1620.0,1636.6666666666667,1631.0,1641.0,1686.0,1720.9,1680.3383850097657,20.180000000000017,0.9815106817843438,9360200,False,False
UNTR.JK,24700.0,25075.0,25480.0,25835.0,25258.75,24931.0,24640.5,45.4,1.5775002701780454,2826000,False,False
UNTD.JK,78.0,78.66666666666667,79.4,80.9,81.55,80.52,77.72,3.549999999999997,1.1875191892377284,11916000,True,True
UNSP.JK,206.0,206.0,206.0,206.0,206.0,206.0,232.1,0.0,0.0,0,True,False
UNIQ.JK,126.0,123.33333333333333,122.2,122.0,121.2,115.54,111.69,10.459999999999994,1.4600974308956884,2219100,False,False
UNIC.JK,14975.0,15066.666666666666,15090.0,15065.0,15036.25,14416.0,13376.94541015625,26.96,0.8553606537057514,4400,False,False
ULTJ.JK,2110.0,2023.3333333333333,1950.0,1760.0,1627.0,1523.2,1493.9,58.67999999999999,4.655494278765128,49806800,False,False
UFOE.JK,142.0,144.66666666666666,146.0,145.7,145.5,141.06,140.52,4.939999999999998,1.9953519796071642,1015900,True,True
UDNG.JK,494.0,490.6666666666667,488.8,577.9,919.45,1122.28,1197.69,316.74,5.259367839035457,6596800,False,False
UCID.JK,500.0,503.3333333333333,501.6,507.8,506.65,447.42,412.74232391357424,30.189999999999998,1.4491097649413596,265900,False,False
UANG.JK,3920.0,4056.6666666666665,3950.0,3986.0,3421.0,2817.4,2715.1,123.92666666666665,10.307216172965179,755800,False,False
TYRE.JK,112.0,112.0,112.6,112.6,112.7,113.4,111.82,1.4000000000000057,2.5093469316140253,498200,True,False
TUGU.JK,1635.0,1623.3333333333333,1591.0,1492.5,1421.0,1324.2,1239.276854248047,62.15999999999999,4.244000869911353,3430100,False,False
TSPC.JK,2750.0,2773.3333333333335,2768.0,2756.0,2749.0,2735.2,2589.1,3.8133333333333668,0.6905397049765045,227800,True,False
TRUS.JK,460.0,452.6666666666667,452.8,453.0,447.7,433.28,372.6557043457031,13.360000000000014,2.0969536516707312,47600,False,False
TRUK.JK,1560.0,1425.0,1306.0,1190.5,1044.5,746.0,589.4,162.8,5.03832697759884,62700,False,False
TRUE.JK,90.0,69.0,61.4,55.7,52.85,51.14,69.63,38.86,14.405090627078925,1376776300,False,False
TRST.JK,490.0,479.3333333333333,475.2,471.4,467.6,466.72,465.93374603271485,11.639999999999986,2.326101608125589,29100,False,False
TRON.JK,103.0,102.66666666666667,102.8,102.1,101.35,103.94,103.72,2.5900000000000034,2.014901120888634,7723000,True,False
TRJA.JK,126.0,129.33333333333334,133.4,130.8,129.0,119.66,118.94,13.740000000000009,7.091258468004261,2957400,False,False
TRIS.JK,172.0,172.0,171.8,172.04210968017577,172.73151626586915,168.64431121826172,167.32442932128907,4.087205047607426,0.8346629603009024,1411400,True,True
TRIN.JK,400.0,367.3333333333333,374.4,390.0,371.2,343.84,407.89,28.080000000000013,6.000196888239941,164128500,False,False
TRIM.JK,845.0,845.0,826.0,782.0,714.75,636.1,585.9185998535156,41.779999999999994,4.968456624115478,1765600,False,False
TRGU.JK,171.0,169.0,169.8,173.1,173.5,168.62,172.6,4.8799999999999955,3.345769017950478,25600,True,False
TPMA.JK,468.0,473.3333333333333,475.2,481.0,476.3,463.4,464.41,8.800000000000011,1.081460800491379,1273700,False,False
TPIA.JK,1880.0,1848.3333333333333,1841.0,1876.5,1924.75,2006.5,2398.1810400390623,33.1,1.3465323583227196,181223400,False,False
TOWR.JK,414.0,423.3333333333333,430.8,446.4,450.9,421.36,408.62861206054686,18.44999999999999,3.3739429068640003,58756100,False,False
TOTO.JK,242.0,241.33333333333334,241.6,241.4,238.9,238.24,237.0398291015625,1.8799999999999955,0.6126083707221042,160400,True,False
TOTL.JK,1600.0,1563.3333333333333,1556.0,1532.5,1516.25,1332.9,1198.5533715820313,53.41999999999998,1.8124844152742463,5258300,False,False
TOSK.JK,83.0,82.33333333333333,83.0,83.5,79.4,72.76,65.7,10.739999999999995,2.971107737167026,54427100,False,False
TOOL.JK,71.0,71.0,71.8,71.0,69.35,67.88,68.43,3.9200000000000017,3.9716999103207415,12827600,False,False
TOBA.JK,505.0,516.6666666666666,520.0,541.5,566.25,517.26,482.28,12.25,2.42530342496945,5052800,False,False
TNCA.JK,187.0,183.0,182.6,182.0,175.95,163.06,161.04,23.939999999999998,2.324811518183935,2545300,False,False
TMPO.JK,150.0,151.66666666666666,153.6,156.4,175.65,151.88,131.6,25.650000000000006,3.7350799082171737,3541900,False,False
TMAS.JK,147.0,145.66666666666666,145.2,146.1,143.5,131.78,123.82915969848632,15.219999999999999,1.2118763295747317,12002700,False,False
TLKM.JK,2500.0,2550.0,2602.0,2624.0,2613.0,2623.2,2627.1957153320313,12.4,1.8686082025104218,73848400,False,False
TLDN.JK,610.0,621.6666666666666,620.0,624.0,611.0,569.1,554.82,10.979999999999995,1.8091861384632173,742200,False,False
TKIM.JK,7500.0,7533.333333333333,7605.0,7830.0,7976.25,7246.5,6782.9581298828125,29.19,1.4557611845727478,2791200,False,False
TIRT.JK,590.0,590.0,590.0,590.0,590.0,590.0,549.12,0.0,0.0,0,True,False
TIRA.JK,388.0,389.3333333333333,391.6,400.2,405.6,446.56,548.78,29.28,1.207941147460937,134600,False,False
TINS.JK,4900.0,4783.333333333333,4754.0,4686.0,4412.5,3992.6,3677.775478515625,90.74000000000001,1.9632522208135919,63138200,False,False
TIFA.JK,312.0,308.0,310.0,316.0,322.3,308.52,299.68686645507813,7.150000000000006,2.9404106170431645,218900,False,False
TGKA.JK,5075.0,5021.666666666667,5007.0,4994.5,5012.5,4949.8,4840.850561523437,5.007999999999993,0.6262077979370719,700,True,False
TFCO.JK,850.0,816.6666666666666,810.0,812.0,849.0,804.5,722.7,9.1,3.6481770781498937,3300,False,False
TFAS.JK,190.0,187.66666666666666,186.8,187.1,186.4,186.32,196.21,3.680000000000007,0.8981360955102611,15146000,True,False
TEBE.JK,2080.0,1900.0,1813.0,1781.5,1746.25,1381.2,1223.5,69.88,6.656655906011549,64260100,False,False
TCPI.JK,1555.0,1570.0,1606.0,1850.5,2091.75,3631.4,6635.46640625,415.28000000000003,6.3786613379545924,6737200,False,False
TCID.JK,2570.0,2563.3333333333335,2588.0,2596.0,2618.0,2684.6,2748.6,12.126666666666642,1.8012424227411494,600,False,False
TBMS.JK,1240.0,1236.6666666666667,1238.0,1233.0,1227.0,1212.4,1228.4117797851563,5.519999999999982,1.6091053867621095,37400,True,False
TBLA.JK,625.0,628.3333333333334,626.0,627.0,627.75,630.5,614.9720523071289,1.1,0.6976157456886285,1122400,True,True
TBIG.JK,1465.0,1455.0,1451.0,1472.0,1477.25,1438.7,1440.6198864746093,7.709999999999991,1.8444603724545885,569000,False,False
TAYS.JK,50.0,50.0,50.0,50.0,50.0,50.0,51.86,0.0,0.0,0,True,False
TAXI.JK,14.0,14.0,14.4,14.5,13.95,13.72,14.18,0.7799999999999994,4.458351435033643,25475500,False,False
TARA.JK,30.0,30.666666666666668,30.8,31.4,30.35,30.46,30.01,1.3999999999999986,4.1771361033595715,1412300,False,False
TAPG.JK,2170.0,2210.0,2214.0,2265.0,2211.5,1901.0494409179687,1707.5786389160157,36.39505590820313,3.534316893027736,15768200,False,False
TAMU.JK,26.0,26.0,26.4,27.0,26.75,23.9,22.96,3.1000000000000014,3.2000229957256536,5013800,True,True
TAMA.JK,200.0,199.33333333333334,197.2,195.0,206.75,217.16,197.32,22.159999999999997,3.6152297684553156,863500,False,False
TALF.JK,685.0,690.0,693.0,697.0,703.25,718.6,701.8850830078125,6.720000000000004,1.954465238707713,50300,False,False
SWID.JK,127.0,125.66666666666667,125.2,122.3,120.85,109.84,102.11806266784669,17.159999999999997,2.114387698392773,6174700,False,False
SURI.JK,85.0,84.33333333333333,84.6,84.7,82.8,76.0,72.1,9.0,0.6727615167902788,2332900,False,False
SURE.JK,2910.0,2970.0,2984.0,3024.0,2881.0,2794.4,2779.4,22.95999999999999,1.4302247764477816,500,False,False
SUPA.JK,490.0,498.3333333333333,498.2,505.1,514.05,554.22,636.76,32.110000000000014,1.4644048906907363,11371900,False,False
SUNI.JK,680.0,680.0,681.0,686.0,697.5,687.2,657.328119506836,3.5,1.1345123652795666,285600,True,False
SULI.JK,86.0,86.0,86.2,87.3,88.85,89.44,87.55,3.4399999999999977,1.7042985881474269,2026900,True,False
STTP.JK,9375.0,9383.333333333334,9370.0,9407.5,9423.75,9608.5,9703.0,9.54,0.8207521427075197,300,False,False
STRK.JK,62.0,63.333333333333336,64.8,64.3,66.25,65.6,74.65,4.25,2.9448829485460313,5114100,True,False
STAR.JK,380.0,379.3333333333333,380.8,380.2,391.7,348.28,383.03,21.710000000000008,3.6533722854058586,115400,False,False
STAA.JK,1195.0,1190.0,1187.0,1213.5,1218.5,1127.0,1074.0502490234376,18.3,2.1603076872220615,3436400,False,False
SSTM.JK,470.0,464.0,451.6,464.0,463.05,428.26,451.7,20.870000000000005,3.5084964052154346,110700,False,False
SSMS.JK,1110.0,1148.3333333333333,1112.0,1161.0,1087.75,990.7,954.9554357910156,34.05999999999999,5.824984556502606,8920300,False,False
SSIA.JK,1680.0,1711.6666666666667,1715.0,1728.0,1796.0,1726.5,1669.2808081054689,23.2,1.5253050020640424,15135200,False,False
SRTG.JK,1800.0,1805.0,1794.0,1807.0,1835.0,1791.9,1662.0359033203124,8.619999999999981,1.8404321201147056,2389800,False,False
SRSN.JK,124.0,123.0,115.4,107.1,98.2,80.44,73.53,43.56,7.308191737486355,376010800,False,False
SRAJ.JK,13000.0,13000.0,13270.0,13530.0,13641.25,12818.0,12625.75,32.93,7.679687500336406,1700,False,False
SQMI.JK,109.0,102.0,97.6,98.0,88.95,74.26,60.04,34.739999999999995,7.642366610367792,1800324500,False,False
SPTO.JK,605.0,603.3333333333334,605.0,607.5,612.5,603.8,576.8688568115234,1.8333333333333257,1.0067639176297103,497800,True,False
SPRE.JK,97.0,99.66666666666667,97.8,98.8,94.75,90.18,84.94,9.486666666666665,5.161191348390437,3931100,False,False
SPMA.JK,169.0,170.0,169.8,171.2,169.3,167.56,163.3953842163086,3.6399999999999864,0.815275130188119,165600,True,False
SOUL.JK,37.0,37.0,37.0,37.0,37.0,37.0,38.94,0.0,0.0,0,True,False
SOTS.JK,590.0,596.6666666666666,594.0,601.0,610.25,615.8,679.35,5.159999999999991,1.3539924863678796,126500,True,False
SOSS.JK,935.0,935.0,937.0,957.5,915.75,895.9,855.8,12.320000000000004,2.096614141876024,0,False,False
SONA.JK,2510.0,2403.3333333333335,2316.0,2301.0,2379.5,2428.0,2302.0124780273436,20.9,4.965657525772029,30000,False,False
SOLA.JK,89.0,89.33333333333333,89.4,90.6,91.35,95.66,102.43,6.659999999999997,1.2729341750159835,3479700,False,False
SOHO.JK,1570.0,1606.6666666666667,1607.0,1643.0,1436.5,1290.4,1351.4,70.51999999999998,8.121984782447363,46600,False,False
SOFA.JK,354.0,350.0,356.0,347.2,347.7,284.76,295.48,35.620000000000005,5.2411721550271,7299200,False,False
SOCI.JK,655.0,640.0,643.0,651.0,614.5,512.96,442.6560000610352,28.407999999999994,3.7095245555289704,41043700,False,False
SNLK.JK,250.0,252.66666666666666,252.8,244.6,236.1,229.4,231.28,11.700000000000003,3.0370598576015504,12677000,False,False
SMSM.JK,1700.0,1710.0,1715.0,1733.0,1727.5,1722.413486328125,1695.3703552246093,6.6,0.833398261468043,3862400,False,False
SMRA.JK,268.0,278.6666666666667,282.4,308.2,314.9,318.08,304.336014251709,25.039999999999992,4.281674244684999,94896400,False,False
SMMT.JK,2960.0,2946.6666666666665,2924.0,2823.0,2478.75,2099.0,2002.45,86.1,6.012082248983636,846700,False,False
SMMA.JK,20025.0,20016.666666666668,20015.0,20017.5,20005.0,20228.5,19855.25,8.94,1.6642437007288096,1200,False,False
SMLE.JK,222.0,215.33333333333334,216.0,204.8,189.85,169.06,137.34,26.47,4.960325186265523,35520600,False,False
SMKM.JK,93.0,96.0,99.2,103.1,106.0,88.58,82.44,17.42,2.2491017041552803,8389600,False,False
SMKL.JK,159.0,158.33333333333334,156.2,156.4,153.05,147.34,145.1740921020508,11.659999999999997,1.9329402096731114,956200,False,False
SMIL.JK,422.0,426.0,426.8,434.6,423.7,391.28,333.08,21.660000000000025,2.54843464055001,41779300,False,False
SMGR.JK,1560.0,1576.6666666666667,1580.0,1647.0,1634.75,1561.1,1633.1108178710938,17.4,2.1415695813514386,8790200,False,False
SMGA.JK,86.0,86.0,86.2,87.5,85.95,78.0,75.63,9.5,0.7994007522000577,5010900,False,False
SMDR.JK,404.0,398.6666666666667,395.2,389.4,357.9,321.2038287353516,303.9499176025391,41.39808563232421,2.2013668462926925,75515300,False,False
SMDM.JK,530.0,536.6666666666666,541.0,543.0,546.5,556.5,554.11,5.3,2.234238374350147,36600,True,False
SMBR.JK,170.0,173.33333333333334,171.4,172.8,173.1,166.66,166.9519482421875,6.673333333333346,2.4579850013164863,5757700,False,False
SMAR.JK,6200.0,6275.0,6230.0,6315.0,6350.0,5908.0,5464.163647460938,17.68,2.92392183838434,43600,False,False
SLIS.JK,86.0,87.66666666666667,87.6,87.1,88.9,78.74,74.12,10.16000000000001,5.162326503734179,24169300,False,False
SKRN.JK,414.0,410.0,409.2,409.6,399.2,398.92,394.8048550415039,7.539999999999992,2.3065123424540155,248500,False,False
SKLT.JK,206.0,206.66666666666666,209.2,212.0,213.2,204.02,197.8714286804199,4.589999999999989,1.204832336561687,43200,True,False
SKBM.JK,530.0,530.0,533.0,536.5,542.25,550.7,556.24,4.1400000000000095,1.0879455551837744,71200,True,False
SIPD.JK,895.0,890.0,899.0,914.0,906.5,782.4,786.75,26.320000000000004,2.1105948087078548,25900,False,False
SINI.JK,16450.0,16716.666666666668,15595.0,14770.0,13175.0,9502.0,9855.936298828125,288.5866666666667,6.856042064331692,6320700,False,False
SIMP.JK,615.0,625.0,619.0,622.0,623.75,598.5,579.9039227294921,5.3,1.8694148346408406,8449800,True,True
SILO.JK,2060.0,2005.0,2009.0,2034.5,2104.25,2170.8,2239.0,16.58000000000002,2.4607967290434694,4045400,False,False
SIDO.JK,356.0,354.0,352.4,351.8,352.6,359.64,382.53,3.9199999999999875,1.0150822655577885,54033200,True,False
SICO.JK,115.0,114.66666666666667,114.4,115.1,114.85,111.46,110.69,3.6400000000000006,1.4777218774179806,1501200,True,True
SHIP.JK,2720.0,2716.6666666666665,2720.0,2675.0,2508.5,2189.5,2122.8980297851563,53.05,2.4146026355893393,261100,False,False
SHID.JK,740.0,748.3333333333334,759.0,789.5,674.5,622.3,651.45,33.44000000000001,9.291522770676734,43300,False,False
SGRO.JK,4580.0,4590.0,4648.0,4765.0,4820.75,4248.1,3584.9881567382813,57.264999999999965,1.3555007862058246,9700,False,False
SGER.JK,720.0,706.6666666666666,698.0,691.5,653.0,539.12,446.02,36.176,3.524916612466769,53586500,False,False
SFAN.JK,2020.0,2016.6666666666667,2022.0,2031.0,2033.0,2000.3,1981.3,3.2700000000000045,0.5885794444489407,51100,True,False
SEMA.JK,264.0,248.0,235.0,180.1,145.2,115.96,108.39,74.02000000000001,10.591775756803207,34059000,False,False
SDRA.JK,210.0,210.66666666666666,212.4,214.0,218.1,216.56,223.46,4.049999999999997,1.1766321867661345,1226700,True,False
SDPC.JK,193.0,194.0,195.4,197.5,196.8,188.88,184.85600051879882,8.620000000000005,2.117336429153792,27000,False,False
SDMU.JK,89.0,91.33333333333333,91.6,91.0,90.7,84.88,84.26,6.719999999999999,1.9189476769576608,5318300,False,False
SCNP.JK,168.0,161.0,159.0,157.0,155.5,154.44,151.72057083129883,13.560000000000002,1.9481085999379901,14656100,False,False
SCMA.JK,182.0,187.33333333333334,190.4,195.8,199.9,202.68,208.4866651916504,20.680000000000007,2.0206930829033936,140536000,False,False
SCCO.JK,2620.0,2670.0,2802.0,2682.0,2543.5,2400.6,2322.0097241210938,40.14000000000001,6.992763336769158,97800,False,False
SBMA.JK,114.0,115.0,114.0,112.0,110.25,108.62,109.61,6.3799999999999955,2.0648207303449873,3440800,False,False
SATU.JK,240.0,239.33333333333334,239.6,243.8,244.4,256.48,261.46,8.573333333333338,0.9523531682333756,4520500,False,False
SAPX.JK,302.0,310.0,345.2,373.0,306.3,251.0,235.64,61.0,16.187305955324653,2621700,False,False
SAMF.JK,310.0,312.6666666666667,311.2,318.4,310.5,291.88,288.0950685119629,13.259999999999991,2.1091471332367644,106700,False,False
SAME.JK,292.0,296.0,296.8,300.4,307.0,301.76,313.96,7.5,1.5852592791100895,392700,False,False
SAGE.JK,30.0,30.333333333333332,30.4,31.2,30.2,31.78,29.77,1.7800000000000011,4.631290323342164,2283500,False,False
SAFE.JK,1045.0,1083.3333333333333,1053.0,964.0,859.85,575.82,451.67,101.50266666666664,6.245215783835096,1001400,False,False
RUNS.JK,70.0,69.33333333333333,69.2,71.6,68.55,66.58,72.01,5.019999999999996,3.2170363114960407,1458500,True,False
RUIS.JK,202.0,201.33333333333334,201.6,204.8,205.5,204.54,195.4803125,2.0833333333333286,1.434702755902499,866100,True,False
RSCH.JK,438.0,440.0,436.8,430.2,395.0,337.04,311.76,51.47999999999999,1.6591221227313973,18202800,False,False
ROTI.JK,585.0,583.3333333333334,585.0,585.5,585.0,590.8,589.65,1.4933333333333167,0.6299202391150028,242500,True,False
RONY.JK,1445.0,1468.3333333333333,1431.0,1451.0,1380.5,1320.3,1245.55,29.606666666666662,4.016908930373495,12500,False,False
RODA.JK,63.0,64.66666666666667,64.6,64.6,64.15,64.1,63.17,1.6666666666666714,3.6529002079202453,20326300,True,False
ROCK.JK,1990.0,1991.6666666666667,2011.0,2037.5,2048.75,1956.8,1941.15,18.390000000000008,2.2294158604493743,14800,False,False
RMKO.JK,316.0,321.3333333333333,324.0,337.0,321.9,312.32,337.06,12.340000000000003,2.296473159803851,5228100,False,False
RMKE.JK,400.0,396.6666666666667,399.6,410.4,416.4,420.96,470.68724365234374,12.146666666666647,2.1483240902565948,63188400,False,False
RLCO.JK,4210.0,4276.666666666667,4288.0,4437.0,4438.0,4406.4,3980.8,22.8,1.2188007395622509,236200,False,False
RISE.JK,850.0,831.6666666666666,817.0,819.5,849.25,921.4,1063.4,20.879999999999995,3.8895764148200387,4456500,False,False
RIGS.JK,605.0,616.6666666666666,625.0,664.0,679.0,681.2,679.7,15.240000000000009,3.7954432387536534,207000,False,False
RICY.JK,78.0,78.66666666666667,78.4,79.0,79.1,78.9,80.9,1.0999999999999943,0.8018016500810394,489400,True,False
RGAS.JK,107.0,108.0,108.0,111.1,140.9,187.1,159.46319427490235,80.1,2.763133010809365,15636900,False,False
RELI.JK,595.0,561.6666666666666,559.0,556.5,545.75,513.24,503.28,16.351999999999997,3.426555429805421,88100,False,False
RELF.JK,40.0,41.666666666666664,40.8,39.8,37.6,36.2,36.2,5.4666666666666615,5.667838446579531,5009400,False,False
REAL.JK,50.0,50.0,50.0,50.0,50.05,50.72,51.06752857208252,0.7199999999999989,0.0,223500,True,False
RDTX.JK,13475.0,13233.333333333334,13180.0,13280.0,13418.75,13551.5,14152.380654296874,14.86,1.3025987582927203,600,False,False
RCCC.JK,114.0,114.66666666666667,113.6,114.3,114.2,104.2,100.1,10.466666666666669,1.2964680832583726,1023400,False,False
RBMS.JK,59.0,61.0,61.6,62.1,62.2,63.84,63.46,4.840000000000003,2.637274814852044,17542400,True,False
RATU.JK,4210.0,4256.666666666667,4294.0,4443.0,4401.0,4718.3,4889.17025390625,50.83000000000002,2.081366009948207,2848800,False,False
RANC.JK,565.0,558.3333333333334,548.0,549.5,541.75,527.8,530.17,7.440000000000009,1.9190001350962307,110000,False,False
RALS.JK,386.0,386.0,386.8,389.2,386.0,383.0,383.73555633544925,3.0999999999999943,0.7661108380780818,1169500,True,True
RAJA.JK,730.0,738.3333333333334,751.0,785.0,799.0,848.14,800.7000262451172,23.627999999999997,2.6002262796354936,39862500,False,False
RAAM.JK,173.0,174.33333333333334,176.0,178.1,183.05,193.22,199.25,20.22,1.512622135168213,873700,False,False
PZZA.JK,186.0,187.33333333333334,186.6,190.4,189.55,186.1,187.5806457519531,4.400000000000006,1.4296742448253972,1297300,True,False
PYFA.JK,240.0,246.66666666666666,249.6,253.4,253.4,229.0,235.72,12.200000000000003,2.8251353791905696,12512300,False,False
PWON.JK,266.0,268.0,268.4,271.2,272.2,266.84,266.8052404785156,3.0999999999999943,0.7814826513851233,12700700,True,False
PURI.JK,160.0,159.0,160.4,160.1,155.9,144.96,143.7,15.439999999999998,2.639347088620231,10701400,False,False
PURA.JK,32.0,32.0,32.0,32.4,32.05,31.88,32.29,0.5199999999999996,2.021502132163455,3898400,True,False
PUDP.JK,270.0,271.3333333333333,272.0,272.8,273.5,289.04,298.2412911987305,9.52000000000001,1.0151294347781612,34700,False,False
PTSP.JK,1200.0,1223.3333333333333,1230.0,1242.0,1188.5,1022.1,958.45,43.98,1.577483485242083,14400,False,False
PTSN.JK,386.0,402.0,425.2,383.8,341.5,297.36,276.52917098999023,63.91999999999999,11.31656706736035,3515300,False,False
PTRO.JK,5400.0,5350.0,5260.0,5332.5,5263.75,4956.5,4630.85,17.74,2.1131407952479764,32642400,False,False
PTPW.JK,1145.0,1158.3333333333333,1163.0,1173.0,1175.5,1165.4,1094.631629638672,6.1,0.5838396994054452,25800,False,False
PTPS.JK,160.0,161.33333333333334,159.0,162.5,161.4,152.02,143.83,10.47999999999999,2.460187919176531,1387800,False,False
PTPP.JK,198.0,197.0,196.8,200.1,203.05,204.18,206.31,7.3799999999999955,1.303643841289701,4071800,False,False
PTMP.JK,62.0,62.333333333333336,63.2,63.6,64.25,63.88,62.91,2.25,1.2886071106294148,10576400,True,False
PTIS.JK,256.0,259.3333333333333,260.4,260.2,258.5,263.48,278.34,3.740000000000009,2.783566566316527,99000,True,False
PTBA.JK,3080.0,3103.3333333333335,3066.0,3071.0,2868.5,2576.6,2563.8587036132812,52.67333333333336,2.099368875589649,15402900,False,False
PSSI.JK,360.0,358.6666666666667,357.2,357.4,345.6,332.56,316.5007037353516,13.719999999999999,1.0668106308244556,120700,False,False
PSKT.JK,232.0,231.33333333333334,232.8,238.4,240.8,224.58,217.09,8.11,3.7000047911448055,7898300,False,False
PSGO.JK,192.0,194.0,194.4,194.4,194.85,195.92,194.10444961547853,3.9199999999999875,1.0034985885955787,97000,True,False
PSDN.JK,144.0,138.33333333333334,136.6,138.9,137.3,130.7,131.23,13.300000000000011,4.031162399526207,41861200,False,False
PSAT.JK,855.0,858.3333333333334,859.0,872.0,884.25,873.5,852.65,5.85,0.7886938214984861,125300,True,False
PSAB.JK,540.0,555.0,552.0,550.7368408203125,558.1579010009766,490.26948181152346,438.4054830932617,13.577683837890628,2.052995578903241,57448800,False,False
PRIM.JK,123.0,121.0,120.8,120.3,119.55,110.88,97.94,12.120000000000005,1.759476003154329,2551900,False,False
PRDA.JK,2820.0,2830.0,2824.0,2819.0,2731.0,2528.2,2520.6865356445314,30.180000000000017,0.9473748367410613,603100,False,False
PRAY.JK,800.0,746.6666666666666,744.0,743.0,748.75,738.6,719.3,12.279999999999996,3.848900117230447,678900,False,False
PPRO.JK,16.0,15.666666666666666,15.4,15.5,15.65,16.44,16.66,1.040000000000001,4.782297603701633,18247000,False,False
PPRI.JK,161.0,166.33333333333334,169.0,177.0,161.35,153.2,152.7,23.80000000000001,7.8693113209966175,3745200,False,False
PPRE.JK,104.0,104.33333333333333,104.6,105.3,105.55,105.96,106.35,1.9599999999999937,1.2401473620063057,16738900,True,False
PPGL.JK,468.0,468.0,468.0,468.0,402.9,287.72,242.47,90.13999999999999,0.0,0,False,False
POWR.JK,975.0,1005.0,994.0,990.5,951.25,831.0,765.60384765625,34.8,3.8554023931015835,9338600,False,False
PORT.JK,950.0,955.0,958.0,945.5,924.0,898.4,891.55,11.920000000000005,1.4195226366794755,7000,False,False
POLY.JK,32.0,32.0,32.0,32.0,32.0,32.0,32.0,0.0,0.0,0,True,False
POLU.JK,16875.0,17041.666666666668,16985.0,17190.0,17606.25,14302.0,13457.5,132.17,5.372396044419937,3700,False,False
POLI.JK,945.0,936.6666666666666,911.0,926.0,911.75,806.6,847.0,27.679999999999996,4.115998876054186,22800,False,False
PNSE.JK,482.0,487.3333333333333,492.0,495.2,496.5,495.06,524.73,7.25,0.7377369684910406,5500,False,False
PNLF.JK,208.0,212.66666666666666,216.0,220.2,223.8,226.84,228.91,9.420000000000002,1.421481393034276,58203400,False,False
PNIN.JK,710.0,711.6666666666666,713.0,719.0,722.5,721.3,735.0,2.5,0.5828526631350461,210200,True,False
PNGO.JK,3520.0,3570.0,3538.0,3546.0,3517.0,3525.0,3503.7,5.3,3.046226477164381,3200,True,False
PNBS.JK,50.0,50.0,50.0,50.0,50.0,50.1,50.17,0.10000000000000142,0.0,71700,True,False
PNBN.JK,860.0,865.0,876.0,893.0,897.5,898.1,901.5706036376953,7.6200000000000045,1.3478637133445872,3622100,False,False
PMUI.JK,105.0,104.0,103.4,103.7,103.25,95.76,89.38116241455079,9.239999999999995,1.1474764825117514,768000,False,False
PMJS.JK,145.0,144.66666666666666,144.4,145.2,143.25,125.64,118.07504776000977,19.559999999999988,1.2503071107730979,283900,False,False
PLAN.JK,64.0,64.66666666666667,63.6,67.9,58.65,46.4,43.88,21.500000000000007,6.486396523241429,4286300,False,False
PKPK.JK,4670.0,4423.333333333333,4328.0,4372.0,4111.5,3870.8,3395.0,79.91999999999999,3.54592334571018,2429200,False,False
PJHB.JK,176.0,176.33333333333334,176.8,180.2,183.1,175.14,180.69,7.960000000000008,1.0819678044833545,2991300,False,False
PJAA.JK,476.0,470.6666666666667,469.2,469.0,465.9,460.52,463.21,7.740000000000009,0.7806980111991703,231000,False,False
PIPA.JK,173.0,177.0,178.8,193.8,196.2,153.68,137.23,42.51999999999998,7.100285230802185,35056200,False,False
PICO.JK,176.0,177.66666666666666,178.4,182.0,185.55,153.7,146.05,31.850000000000023,2.903530550368552,573000,False,False
PGUN.JK,9350.0,9641.666666666666,9550.0,9585.0,9707.5,8515.5,8113.52783203125,47.68,3.2797519915190128,58600,False,False
PGLI.JK,197.0,202.33333333333334,205.0,206.7,209.05,204.46,200.83,12.050000000000011,1.947313004738145,503200,False,False
PGJO.JK,840.0,868.3333333333334,875.0,882.0,908.75,805.3,789.15,20.69000000000001,2.700558185964896,1177900,False,False
PGEO.JK,1055.0,1056.6666666666667,1053.0,1040.0,1037.0,1036.1,977.9087310791016,4.113333333333367,1.2900447533860544,16392100,True,True
PGAS.JK,1500.0,1490.0,1504.0,1519.0,1524.75,1515.1,1556.3542346191407,6.95,1.4499075621464625,24451200,False,False
PEVE.JK,308.0,307.3333333333333,307.2,309.8,313.0,319.52,327.68,6.159999999999997,1.1239857907618818,1179100,False,False
PEHA.JK,294.0,292.0,291.2,296.2,297.0,277.32,273.13705871582033,9.840000000000003,2.0594422332075752,438500,False,False
PEGE.JK,135.0,134.0,133.0,131.7,125.55,109.82,114.92457321166992,25.180000000000007,2.1606930867117313,7993400,False,False
PDPP.JK,338.0,339.3333333333333,338.8,334.4,332.2,305.52,293.1997087097168,16.906666666666666,1.0130811932874062,53200,False,False
PDES.JK,374.0,384.0,380.8,381.0,385.0,393.2,440.0907824707031,9.599999999999994,2.101847635138117,6500,False,False
PCAR.JK,44.0,44.0,43.8,43.5,42.6,41.52,39.61,2.479999999999997,2.3234339882903985,2169600,True,True
PBSA.JK,725.0,730.0,737.0,753.0,787.0,781.6,770.7033020019531,12.4,1.409080316831846,771900,False,False
PBRX.JK,26.0,26.0,26.0,26.5,26.6,26.62,28.09,0.620000000000001,2.079381160249138,3103100,True,False
PBID.JK,525.0,525.0,525.0,526.0,527.5,519.94,500.6862197875977,1.5119999999999891,0.5374538608899189,524500,True,False
PART.JK,106.0,109.0,107.4,105.3,108.95,104.58,102.73362457275391,4.420000000000002,3.886849467560803,13025800,False,False
PANS.JK,1650.0,1653.3333333333333,1650.0,1651.0,1620.0,1582.6,1541.5422106933593,14.14666666666667,0.6017873851790695,161800,False,False
PANR.JK,408.0,411.3333333333333,411.2,418.8,422.8,418.52,438.4341177368164,7.400000000000006,1.115460739824275,28400,False,False
PANI.JK,5175.0,5300.0,5365.0,5552.5,5742.5,5989.5,6580.953486328125,32.58,0.9754493220770731,5309600,False,False
PAMG.JK,53.0,54.0,54.4,55.4,55.5,55.78,55.3,2.780000000000001,2.519560476132199,13748300,True,False
PALM.JK,294.0,291.3333333333333,291.6,293.4,293.6,295.32,310.35182006835936,1.9933333333333394,0.9331088314304891,394400,True,False
PADI.JK,62.0,63.666666666666664,66.0,68.9,71.0,71.36,79.27510948181153,9.36,2.719398929936443,226414700,False,False
PADA.JK,191.0,197.0,194.4,201.9,211.95,177.78,155.05,34.16999999999999,4.01415451599873,8643900,False,False
PACK.JK,510.0,563.3333333333334,562.0,561.0,541.8,367.96,314.7,39.07466666666668,5.279416822732849,195503800,False,False
OPMS.JK,113.0,114.0,115.8,117.0,119.6,116.3,111.77,6.599999999999994,1.5027890913893067,11428100,False,False
OMRE.JK,950.0,930.0,942.0,963.5,964.0,1003.1,983.85,14.620000000000005,3.4046964628170375,60800,False,False
OMED.JK,212.0,214.0,213.6,214.8,227.6,221.6,221.58226776123047,7.799999999999997,3.784736823307268,3608400,False,False
OLIV.JK,56.0,56.333333333333336,57.8,61.0,54.6,51.54,52.22,9.46,7.284855723363498,15600600,False,False
OKAS.JK,115.0,115.33333333333333,115.8,117.5,119.25,112.68,109.21,6.569999999999993,1.445934434000098,2679700,False,False
OILS.JK,306.0,308.0,311.2,309.2,281.2,247.68,227.16,31.75999999999999,3.188507311729303,6803400,False,False
OBMD.JK,191.0,198.33333333333334,201.4,198.2,194.2,192.76,190.9,10.400000000000006,3.105584365480491,1759400,False,False
OBAT.JK,244.0,243.33333333333334,241.2,242.2,241.1,243.6,252.62439483642578,1.4500000000000028,1.6456446310662145,152100,True,False
OASA.JK,286.0,283.3333333333333,281.2,296.4,310.4,320.28,319.64,19.539999999999992,3.051466316332432,11864900,False,False
NTBK.JK,80.0,79.33333333333333,80.4,82.7,82.35,88.2,80.7985506439209,8.866666666666674,2.593881465990039,14231200,False,False
NSSS.JK,760.0,786.6666666666666,786.0,802.0,833.25,864.5,729.6240185546875,20.9,2.5515286208405983,2791300,False,False
NRCA.JK,560.0,585.0,567.0,561.5,572.75,534.84,496.98702362060544,10.031999999999993,4.842474127249767,5824100,False,False
NPGF.JK,55.0,54.666666666666664,55.2,56.4,57.05,57.97275848388672,61.25858577728272,3.3060918172200573,2.27124481502914,6852000,True,False
NOBU.JK,535.0,535.0,526.0,528.0,521.25,489.96,477.76,9.008000000000004,2.5262558332764513,2704700,False,False
NISP.JK,1260.0,1266.6666666666667,1269.0,1269.0,1257.75,1254.7,1257.2,2.859999999999991,1.0838972372340434,3374400,True,True
NIRO.JK,175.0,178.0,179.0,179.6,172.25,160.8,162.52,18.799999999999983,2.7739290090533415,262900,False,False
NINE.JK,85.0,86.0,85.4,90.5,93.15,83.36,90.31,9.790000000000006,4.988006541292909,5715000,False,False
NIKL.JK,214.0,217.33333333333334,219.2,226.0,216.1,201.8,224.24,12.099999999999994,5.571736936989719,4293900,False,False
NICL.JK,448.0,452.0,453.6,467.6,483.95,485.54,551.4414617919922,18.77000000000001,1.7772266104690329,26576300,False,False
NICK.JK,2820.0,2753.3333333333335,2662.0,2559.0,2230.5,1634.0,1356.85,118.6,2.73765462359764,6600,False,False
NICE.JK,368.0,362.6666666666667,362.0,363.6,359.0,297.92,287.26,35.03999999999999,3.3831528788226644,1492700,False,False
NFCX.JK,1700.0,1700.0,1700.0,1716.5,1711.25,1624.5,1658.1,18.4,1.0195690952394607,900,False,False
NETV.JK,50.0,50.0,50.0,50.0,50.0,50.62,58.07,0.6199999999999974,0.0,103400,True,False
NEST.JK,785.0,751.6666666666666,740.0,738.0,728.25,690.5,612.48,18.9,2.6721975809604306,27563700,False,False
NELY.JK,200.0,204.0,206.8,208.6,208.9,205.54,217.88091796875,8.900000000000006,1.7036794171714058,3436700,False,False
NCKL.JK,930.0,930.0,925.0,940.5,947.5,913.1,882.9018054199219,6.8799999999999955,2.7733165526805763,24796000,False,False
NAYZ.JK,76.0,75.66666666666667,75.8,75.2,74.05,64.9,62.18,11.099999999999994,2.71457927656652,16356400,False,False
NATO.JK,1155.0,1098.3333333333333,1057.0,1070.0,974.75,778.4,688.95,75.32000000000001,5.5574408285333785,504400,False,False
NASI.JK,292.0,233.33333333333334,204.4,183.8,166.25,143.32,132.79,74.34,12.511732788567723,24377400,False,False
NASA.JK,36.0,36.666666666666664,36.0,34.9,32.45,31.1,32.93,5.566666666666663,5.554569140887065,334000,False,False
NANO.JK,32.0,33.666666666666664,33.8,34.8,34.4,31.86,29.46,2.9399999999999977,5.0209124566582775,22107900,False,False
NAIK.JK,91.0,92.0,92.2,93.2,93.75,90.24,89.71653846740723,3.510000000000005,1.3402744972858371,2424500,True,True
MYTX.JK,41.0,41.0,41.0,41.0,41.0,41.0,44.4,0.0,0.0,0,True,False
MYOR.JK,1510.0,1510.0,1503.0,1512.5,1543.5,1640.9,1693.298826904297,27.58000000000002,0.8721009895738662,7968600,False,False
MYOH.JK,1035.0,1036.6666666666667,1043.0,1086.0,1113.75,1078.9,1086.5726379394532,15.75,1.9103080116169266,244700,False,False
MUTU.JK,135.0,134.33333333333334,134.2,129.1,127.95,117.94,112.34573936462402,17.060000000000002,6.092637364304151,32857900,False,False
MTWI.JK,278.0,274.0,272.0,270.6,262.4,259.92,269.35531661987307,9.039999999999992,1.6349222892160435,135700,False,False
MTMH.JK,970.0,948.3333333333334,948.0,948.0,964.5,945.7,959.7486090087891,4.8599999999999905,2.1709439873346965,700,True,False
MTLA.JK,520.0,520.0,522.0,527.5,525.5,520.7,511.4848272705078,1.5,1.0979257486910663,2400,True,False
MTFN.JK,13.0,13.0,13.0,13.0,13.0,13.0,14.56,0.0,0.0,0,True,False
MTEL.JK,492.0,490.0,489.2,489.8,481.2,461.56,470.10368255615236,15.219999999999999,2.300822896461547,10356600,False,False
MTDL.JK,500.0,500.3333333333333,503.2,509.6,510.55,510.82,512.0560000610352,5.409999999999997,1.1873933765135647,1257400,True,False
MSTI.JK,1350.0,1351.6666666666667,1352.0,1361.0,1353.0,1337.0,1289.967762451172,4.8,1.3879433860147332,475500,True,False
MSKY.JK,67.0,68.0,68.8,70.5,67.4,65.02,66.1,5.480000000000004,9.125260504285091,16349900,False,False
MSJA.JK,820.0,821.6666666666666,826.0,798.0,623.45,497.78,462.56839630126956,65.644,10.54297025473622,18141700,False,False
MSIN.JK,268.0,287.3333333333333,293.6,301.2,309.2,365.84,470.75,48.91999999999999,3.278029914383683,74667900,False,False
MSIE.JK,185.0,177.33333333333334,177.0,163.3,137.6,109.42,113.57,75.58,5.255687007593192,10139200,False,False
MREI.JK,920.0,920.0,920.0,920.0,920.0,920.0,947.5,0.0,0.0,0,True,False
MRAT.JK,358.0,368.0,376.0,381.4,396.9,421.44,429.72,31.72,3.638991359171577,781600,False,False
MPXL.JK,164.0,165.33333333333334,166.6,168.5,168.2,159.96,158.59,8.539999999999992,1.4008064185351663,1169400,False,False
MPRO.JK,12100.0,11791.666666666666,11865.0,11937.5,12070.0,11887.5,10309.5,12.333333333333357,1.634537249366527,2500,False,False
MPPA.JK,40.0,39.666666666666664,40.0,41.0,42.95,45.92,46.64,6.253333333333337,3.790884535226606,10005100,False,False
MPOW.JK,113.0,114.0,114.2,114.0,114.15,107.44,107.59,6.760000000000005,1.4060165662281439,2378600,False,False
MPMX.JK,1020.0,1028.3333333333333,1026.0,1033.0,1028.0,1009.5,958.9172912597656,4.7,0.8829617377525893,2074800,True,True
MPIX.JK,198.0,193.66666666666666,190.0,159.2,134.65,111.1,99.6,86.9,9.3692456065134,43555700,False,False
MORA.JK,4900.0,4958.333333333333,5015.0,5145.0,5275.0,5655.5,6104.15,75.55,2.0108171722680845,142700,False,False
MOLI.JK,374.0,368.0,349.2,333.4,316.4,283.72,262.05245391845705,45.139999999999986,4.72167282155114,10894200,False,False
MNCN.JK,176.0,188.0,193.2,197.8,199.9,203.0,207.52,27.0,2.6080184780940168,96476600,False,False
MMLP.JK,320.0,326.0,316.8,309.6,305.5,299.8,305.8,13.099999999999994,3.2757231553314994,4229200,False,False
MMIX.JK,870.0,860.0,860.0,848.5,818.25,768.1,651.03,20.379999999999995,1.1424848839583686,28103600,False,False
MLPT.JK,1175.0,1181.6666666666667,1168.0,1184.0,1228.75,1335.9,1046.2098956298828,33.58000000000002,3.020969024908272,1580800,False,False
MLPL.JK,85.0,86.33333333333333,87.2,89.1,90.75,92.64,89.17,7.640000000000001,1.37321909449737,12714500,False,False
MLIA.JK,216.0,215.33333333333334,215.2,218.2,223.8,229.36,238.4,7.0800000000000125,1.0651860398231496,41500,False,False
MLBI.JK,6825.0,6850.0,6845.0,6845.0,6858.75,6738.5,6293.0323095703125,4.81,0.7708437666967917,74500,True,False
MKTR.JK,126.0,125.66666666666667,125.0,123.9,123.1,122.0,122.76074203491211,4.0,0.7814133588149338,302500,True,False
MKPI.JK,21550.0,21650.0,21700.0,21765.0,21885.0,21760.5,21333.10294921875,13.4,0.28012905383650766,40900,False,False
MKAP.JK,1115.0,1118.3333333333333,1125.0,1122.5,1125.5,1149.3,1124.299130859375,6.8599999999999905,0.970825073050934,1783900,False,False
MITI.JK,292.0,287.3333333333333,281.2,263.0,246.8,209.74,200.6,41.129999999999995,9.38124522086842,8172400,False,False
MIRA.JK,23.0,23.0,23.4,24.3,24.75,24.22,22.07,1.75,2.5327517153028785,3635400,True,True
MINE.JK,302.0,304.6666666666667,303.6,292.4,272.8,245.16,249.68,29.753333333333345,2.2702223753892947,1482500,False,False
MINA.JK,242.0,243.33333333333334,250.8,262.0,269.3,272.6,288.9,15.300000000000011,2.0070174051390013,38071500,False,False
MIKA.JK,1740.0,1738.3333333333333,1763.0,1816.0,1851.25,1802.8,1738.6994177246095,22.58333333333335,1.8346384752162117,1050700,False,False
MIDI.JK,266.0,267.3333333333333,268.4,269.0,272.9,278.08,285.8941995239258,6.039999999999992,1.303921559577116,2774800,False,False
MICE.JK,540.0,550.0,545.0,549.0,547.0,530.0,510.3181210327148,4.0,2.649189073775134,25400,True,False
MHKI.JK,130.0,129.66666666666666,130.2,134.1,139.4,137.08,136.96409645080567,9.733333333333348,2.418513433016377,4550500,False,False
MGRO.JK,685.0,685.0,684.0,685.5,682.75,677.6,673.35,1.5799999999999954,0.9024663095736598,4912900,True,True
MGNA.JK,216.0,207.0,193.6,158.2,127.2,111.32,110.3,52.34,14.295124420482283,35321900,False,False
MGLV.JK,15025.0,14608.333333333334,14550.0,14735.0,13307.5,10595.5,9314.5,177.18,3.7874171742663094,1641400,False,False
MERK.JK,3900.0,3903.3333333333335,3912.0,3906.0,3898.0,3913.4,3815.953879394531,1.5400000000000091,0.3967839134715351,16600,True,False
MERI.JK,118.0,118.33333333333333,118.8,119.8,120.85,113.84,116.16,7.009999999999991,1.8563713107411575,1532300,False,False
MEJA.JK,112.0,113.0,114.0,115.0,114.65,105.54,98.86,9.459999999999994,2.934032051713057,8987800,False,False
MEGA.JK,1960.0,1958.3333333333333,1958.0,1964.0,1968.5,1980.9,1988.9,4.580000000000018,0.43654004125906426,26800,True,False
MEDS.JK,79.0,82.33333333333333,82.0,86.2,80.6,77.74,80.76,8.460000000000008,5.098424855452196,31502600,False,False
MEDC.JK,1475.0,1486.6666666666667,1518.0,1540.0,1480.75,1377.4,1332.5576696777343,32.51999999999998,2.2836194490371953,61968800,False,False
MDRN.JK,26.0,26.0,26.0,26.0,26.0,26.0,30.05,0.0,0.0,0,True,False
MDLN.JK,50.0,50.0,50.0,50.0,50.0,50.06,50.58,0.060000000000002274,0.0,10700,True,False
MDLA.JK,208.0,206.0,206.0,207.0,207.5,208.32,205.56541748046874,1.1599999999999966,0.7889813433395796,1401400,True,True
MDKI.JK,193.0,191.66666666666666,192.6,194.8,194.05,187.94,183.39528213500978,6.860000000000014,0.9375486196066632,589300,False,False
MDKA.JK,2870.0,2880.0,2860.0,2952.0,2950.0,2843.6,2784.147138671875,10.840000000000009,3.5573149129793027,27317100,False,False
MDIY.JK,965.0,945.0,947.0,945.0,950.5,945.8,891.3114422607422,4.0,1.8258802863700296,234200,True,False
MDIA.JK,182.0,191.0,196.8,206.2,228.1,200.12,144.92,46.099999999999994,5.411462427668378,164762100,False,False
MCOR.JK,68.0,68.33333333333333,68.8,69.0,69.3,68.8,68.03,1.2999999999999972,1.1362270719089855,6397200,True,False
MCOL.JK,3680.0,3636.6666666666665,3636.0,3670.0,3691.5,3725.0,3723.818532714844,8.9,1.2883500646240487,2200,False,False
MCAS.JK,266.0,266.6666666666667,266.8,273.8,279.8,255.66,247.49,12.070000000000007,2.4773516721670927,1129000,False,False
MBTO.JK,156.0,155.0,153.4,151.2,138.7,129.66,120.42,26.340000000000003,7.519659040258031,3613500,False,False
MBSS.JK,2900.0,2896.6666666666665,2892.0,2885.0,2860.5,2787.6,2597.85,11.240000000000009,0.4103651536918859,1851300,False,False
MBMA.JK,525.0,530.0,517.2,525.1,532.8,526.82,525.7,3.119999999999982,4.46459884286549,97951300,False,False
MBAP.JK,1665.0,1680.0,1691.0,1717.5,1667.25,1521.9,1499.1,39.11999999999998,1.5354988273547292,33600,False,False
MAYA.JK,210.0,199.33333333333334,198.0,197.7,198.35,198.18,193.55,6.150000000000006,2.953696791806498,13776900,False,False
MAXI.JK,50.0,50.0,50.0,50.0,50.0,50.0,50.08,0.0,0.0,16700,True,False
MASB.JK,3250.0,3263.3333333333335,3254.0,3315.0,3355.0,3374.6,3347.2,12.45999999999999,1.9100141466533869,4100,False,False
MARK.JK,1130.0,1185.0,1178.0,1136.5,1105.0,1068.1171142578125,952.4498358154297,23.37657714843749,3.3779807536110074,14185400,False,False
MARI.JK,23.0,23.0,23.0,23.0,23.0,23.0,24.42,0.0,0.0,0,True,False
MAPI.JK,1495.0,1483.3333333333333,1443.0,1400.5,1424.25,1498.8,1480.6621911621094,19.65999999999999,2.729016381860606,4755400,False,False
MAPB.JK,1250.0,1240.0,1240.0,1240.5,1206.75,1144.5,1214.55,21.1,2.9266417921736676,0,False,False
MAPA.JK,700.0,685.0,669.0,675.0,686.25,655.8,628.6786169433594,8.840000000000009,2.5035540373930765,10014800,False,False
MANG.JK,38.0,38.333333333333336,38.4,39.9,39.6,39.28,42.64,1.8999999999999986,3.3281726552695545,8362800,True,False
MAIN.JK,665.0,666.6666666666666,665.0,676.5,675.25,682.2,704.4569702148438,3.4400000000000093,1.9018952716212594,1063700,True,False
MAHA.JK,150.0,147.0,145.6,145.7,146.6,144.72,139.70333450317383,5.280000000000001,1.4898186591692544,29078100,True,True
LUCK.JK,118.0,117.0,117.2,118.0,115.75,111.96,109.25,6.040000000000006,2.380388929364115,9939000,False,False
LTLS.JK,1000.0,1001.6666666666666,1002.0,1020.5,941.75,862.6,815.3212579345703,31.579999999999995,5.172989376357816,161400,False,False
LSIP.JK,1635.0,1688.3333333333333,1692.0,1698.0,1619.0,1486.8,1380.8263220214844,42.24000000000001,2.2241176843890975,19266900,False,False
LRNA.JK,222.0,218.0,218.8,214.0,203.8,192.18,189.67,14.909999999999997,2.5331343572518006,4540800,False,False
LPPS.JK,80.0,81.33333333333333,81.2,81.8,81.95,80.68,76.87,1.9500000000000028,1.1214349134448698,825100,True,False
LPPF.JK,1580.0,1573.3333333333333,1591.0,1617.0,1613.5,1591.4,1578.4,8.733333333333348,2.219598126877574,4689100,False,False
LPLI.JK,232.0,229.33333333333334,230.8,234.2,238.1,243.52,248.32,7.093333333333334,1.6215877689415896,7200,False,False
LPKR.JK,52.0,54.333333333333336,56.2,58.9,60.55,61.58,65.16,9.579999999999998,2.889304400702942,366145700,False,False
LPIN.JK,432.0,433.3333333333333,432.8,432.0,429.4,423.16,414.62834716796874,5.086666666666645,0.48824142014962624,203900,True,False
LPGI.JK,645.0,643.3333333333334,644.0,643.0,641.25,642.4,663.0239141845703,0.75,0.7380529432528691,2600,True,False
LPCK.JK,590.0,593.3333333333334,596.0,594.5,597.0,574.4,555.09,4.520000000000005,1.3097785580160797,145600,True,False
LOPI.JK,65.0,64.0,63.4,62.9,68.6,67.56,75.53,5.699999999999996,2.691537822668873,8197700,True,False
LMPI.JK,165.0,163.33333333333334,162.8,161.7,162.2,151.18,148.7,13.819999999999993,1.6003402043151833,296600,False,False
LMAX.JK,109.0,107.33333333333333,107.6,108.4,108.9,112.34,111.55,5.006666666666675,2.391644092296106,1151900,True,False
LIVE.JK,173.0,179.66666666666666,181.4,186.6,188.65,198.84,208.96,25.840000000000003,2.7272377142318924,4016500,False,False
LION.JK,378.0,374.0,370.4,374.0,369.9,357.16,356.58,10.419999999999987,1.8008905763408225,91300,False,False
LINK.JK,1675.0,1686.6666666666667,1671.0,1677.0,1608.25,1500.9,1472.6,37.15333333333333,4.258416842690526,25400,False,False
LIFE.JK,11475.0,12308.333333333334,12475.0,12600.0,11313.75,7998.0,7171.380541992187,184.08,3.1063631239375047,65000,False,False
LFLO.JK,600.0,601.6666666666666,575.0,549.0,535.0,510.02,526.2152185058594,18.32933333333333,4.163422101961792,99200,False,False
LEAD.JK,103.0,104.33333333333333,104.8,108.0,108.55,106.98,106.21,5.549999999999997,3.0407302865189,63046000,True,False
LCKM.JK,109.0,109.0,109.0,109.0,109.0,109.2,113.15,0.20000000000000284,0.0,0,True,False
LAPD.JK,81.0,83.0,82.4,78.6,74.7,69.1,69.97,13.900000000000006,12.540307824233413,67178900,False,False
LAND.JK,67.0,70.0,70.8,72.7,73.05,75.38,70.9,8.379999999999995,2.7334784229274836,26484000,False,False
LAJU.JK,68.0,68.66666666666667,69.4,70.6,70.2,68.28,68.03239345550537,2.5999999999999943,1.8756515890188545,26722400,True,False
LABS.JK,169.0,171.33333333333334,170.4,172.8,170.15,161.32,155.5,11.480000000000018,3.6421780238421686,1623100,False,False
LABA.JK,124.0,124.66666666666667,125.8,127.4,122.4,105.58,102.38,21.820000000000007,3.6652861665258087,8222300,False,False
KUAS.JK,100.0,99.66666666666667,99.6,100.1,100.3,95.18,95.8914437866211,5.11999999999999,1.7239938748266455,6986400,True,True
KSIX.JK,410.0,413.3333333333333,410.8,409.8,412.7,365.4,350.48,23.96666666666667,1.3229185180914134,296100,False,False
KRYA.JK,64.0,65.0,66.6,67.0,66.75,63.56,63.19,3.4399999999999977,2.2899466917171862,14738400,True,True
KREN.JK,15.0,15.0,15.2,15.2,14.45,13.6,13.68,1.5999999999999996,4.849654461928276,33219200,False,False
KRAS.JK,232.0,230.0,229.6,236.6,237.5,231.28,228.18,3.950000000000003,2.2645693405073892,2927800,True,True
KPIG.JK,65.0,67.66666666666667,70.2,72.8,69.5,74.96,82.78,9.959999999999994,10.513344969784677,614031500,False,False
KOTA.JK,180.0,187.0,191.6,197.5,196.1,161.76,135.98,35.74000000000001,3.230453209072949,140202000,False,False
KOPI.JK,206.0,207.33333333333334,205.2,204.9,205.45,204.0,203.62,1.6666666666666714,1.8925111423058725,1939200,True,True
KONI.JK,2070.0,2083.3333333333335,2068.0,2095.0,2142.5,2345.0,2515.1,27.7,1.3071523581226574,4600,False,False
KOKA.JK,184.0,186.66666666666666,187.8,190.9,185.15,190.94,157.09,6.939999999999998,7.400225100111492,7706900,False,False
KOIN.JK,78.0,78.0,78.0,78.0,78.0,78.0,77.8,0.0,0.0,0,True,False
KOCI.JK,117.0,118.0,120.0,123.2,114.45,108.46,104.85499923706055,14.740000000000009,4.5238852476462315,18352900,False,False
KOBX.JK,179.0,177.66666666666666,177.2,177.8,176.25,166.32,162.98,12.680000000000007,0.9236351373399206,6384300,False,False
KMTR.JK,252.0,252.66666666666666,252.0,254.0,249.5,238.8,236.94,7.599999999999994,1.6594209458788363,37500,False,False
KMDS.JK,525.0,525.0,525.0,522.5,523.0,530.7,531.082077331543,1.640000000000009,0.7813943080471116,202600,True,False
KLIN.JK,120.0,120.0,121.2,121.1,118.65,115.64,115.79,5.560000000000002,3.536561780082531,81600,True,False
KLBF.JK,750.0,761.6666666666666,763.0,758.0,772.5,763.2,767.0691766357422,4.5,2.268071011482852,26266800,True,False
KLAS.JK,83.0,83.66666666666667,83.2,83.8,85.05,78.8,75.51,6.25,1.9240980791411078,2237800,False,False
KKGI.JK,330.0,322.0,317.6,311.6,301.4,286.12,278.16826950073244,21.939999999999998,2.385220421998948,12190800,False,False
KKES.JK,92.0,90.33333333333333,89.6,90.3,85.6,75.06,59.06,16.939999999999998,5.108737644120748,135081600,False,False
KJEN.JK,160.0,162.33333333333334,164.6,161.9,162.7,150.3,142.24,14.299999999999983,3.4728053459583768,5907900,False,False
KIOS.JK,98.0,98.66666666666667,99.0,99.9,100.25,97.22,93.6,3.030000000000001,1.9286621212437023,6341000,True,True
KINO.JK,1380.0,1388.3333333333333,1393.0,1392.5,1371.0,1290.7,1194.6259912109374,20.45999999999999,2.1678103470377392,90700,False,False
KING.JK,400.0,388.0,384.0,386.2,343.9,309.0,379.89,45.5,3.873660183716385,4492800,False,False
KIJA.JK,176.0,179.0,179.6,188.0,196.45,161.64,149.16,34.81,2.913206970175571,159756100,False,False
KICI.JK,300.0,311.3333333333333,296.4,284.6,267.85,223.04,209.12,44.14666666666666,9.66626750928394,108809000,False,False
KETR.JK,935.0,973.3333333333334,950.0,940.0,872.5,691.7,621.57,56.32666666666667,4.273334595072585,29084200,False,False
KEJU.JK,595.0,596.6666666666666,596.0,602.0,605.75,580.1,573.0785583496094,5.1299999999999955,1.0331606458009186,160200,True,False
KEEN.JK,855.0,856.6666666666666,878.0,908.5,906.5,884.2,867.499066772461,10.7,1.674773045459946,7429900,False,False
KDTN.JK,380.0,376.6666666666667,380.8,394.2,388.5,419.64,598.26,21.48666666666665,1.8470301709732417,2182700,False,False
KDSI.JK,458.0,451.3333333333333,458.0,463.0,463.2,456.68,449.92,5.933333333333337,1.5777719153027374,12400,True,False
KBLV.JK,121.0,123.66666666666667,124.8,127.6,132.6,129.98,112.02,11.599999999999994,1.5862210599676483,6083600,False,False
KBLM.JK,368.0,372.6666666666667,378.4,362.4,338.7,314.8,306.1590914916992,31.799999999999983,3.466285788029403,631900,False,False
KBLI.JK,364.0,366.0,374.0,355.2,343.3,332.04,317.82131561279294,20.97999999999999,4.488066453832857,840200,False,False
KBAG.JK,42.0,41.666666666666664,41.6,42.9,43.45,44.5,42.84,2.8999999999999986,2.4732870432306124,1879100,True,False
KARW.JK,212.0,212.0,212.0,212.0,212.0,212.0,236.04,0.0,0.0,0,True,False
KAQI.JK,93.0,94.0,94.0,95.8,96.45,93.96,95.2,3.450000000000003,2.0452475519140956,18657800,True,False
KAEF.JK,440.0,443.3333333333333,442.4,450.6,447.35,449.18,466.82,5.300000000000011,2.310137149333665,484200,True,False
JTPE.JK,595.0,593.3333333333334,596.0,601.5,605.75,608.3,600.995,2.9933333333333167,1.7664889535206358,1019300,True,False
JSPT.JK,1455.0,1466.6666666666667,1468.0,1453.0,1425.25,1411.1,1362.35181640625,11.380000000000019,2.732354988877074,35900,False,False
JSMR.JK,2800.0,2843.3333333333335,2848.0,2912.0,2907.5,2807.6,2805.4520874023438,11.2,1.3378933276055027,3213700,False,False
JRPT.JK,1150.0,1140.0,1132.0,1124.5,1104.5,1089.3,1077.9053295898439,12.14000000000001,1.116728090727513,762000,False,False
JPFA.JK,2270.0,2290.0,2288.0,2300.0,2270.5,2205.8,2208.1170629882813,9.419999999999982,1.7651542376549116,5818300,False,False
JMAS.JK,228.0,228.0,228.0,228.0,228.0,228.0,238.96,0.0,0.0,0,True,False
JKON.JK,84.0,83.66666666666667,84.4,85.3,85.9,80.6,74.55283626556397,5.300000000000011,1.8577200991617553,4858200,True,True
JIHD.JK,432.0,430.6666666666667,431.2,440.8,444.1,437.4,437.84,6.716666666666669,0.7685620042084516,1013500,False,False
JGLE.JK,69.0,71.33333333333333,72.4,75.6,80.4,75.64,69.94,11.400000000000006,2.644712449086483,317829700,False,False
JECC.JK,825.0,836.6666666666666,877.0,817.0,731.0,671.2,661.0040014648438,41.15999999999999,10.306870674033053,93200,False,False
JAYA.JK,160.0,160.0,161.2,161.3,151.45,138.16,132.67,23.140000000000015,7.497998662594759,7788400,False,False
JAWA.JK,196.0,170.66666666666666,163.0,158.9,147.6,133.38,133.12,62.620000000000005,10.140829664063475,95998100,False,False
JATI.JK,117.0,116.66666666666667,116.4,115.3,110.9,102.38,99.7873764038086,14.620000000000005,4.410307013921305,15151000,False,False
JAST.JK,89.0,89.33333333333333,89.2,91.7,94.1,87.98,86.78,6.11999999999999,1.7702640723642378,8328800,False,False
JARR.JK,3230.0,3673.3333333333335,3760.0,3686.0,3446.0,2583.3,2208.599421386719,117.66999999999999,7.4863221923150896,37998300,False,False
ITMG.JK,26125.0,26441.666666666668,26345.0,26337.5,26100.0,25183.5,24185.5,50.32666666666672,1.0711155496756926,915600,False,False
ITMA.JK,1455.0,1453.3333333333333,1460.0,1497.0,1477.5,1412.7,1554.75,16.859999999999992,1.489278080030193,62100,False,False
ITIC.JK,206.0,208.0,211.2,218.0,221.4,218.7,219.07,7.700000000000003,1.6912864332105875,368600,False,False
ISSP.JK,404.0,409.3333333333333,419.2,435.8,433.7,425.88,409.40490234375,15.900000000000006,1.4081621813025216,10060700,False,False
ISEA.JK,88.0,89.0,89.2,89.1,86.45,83.16,77.9,6.040000000000006,1.914222600554299,9208900,False,False
ISAT.JK,2310.0,2350.0,2360.0,2377.0,2421.5,2241.4,2103.218232421875,18.00999999999999,1.3713443987828569,47932000,False,False
ISAP.JK,25.0,25.666666666666668,25.2,25.9,24.75,24.54,25.29,1.3599999999999994,6.243481175126166,41981900,False,False
IRSX.JK,454.0,426.6666666666667,415.6,414.6,401.1,358.0,348.57560455322266,48.0,3.523645644896948,164555700,False,False
IRRA.JK,362.0,366.0,367.2,372.6,374.3,373.4,377.0,6.150000000000006,1.844229196718325,445600,False,False
IPTV.JK,29.0,29.666666666666668,30.2,30.7,30.9,30.74,33.87,1.8999999999999986,2.56411246835669,3007900,True,False
IPOL.JK,116.0,116.33333333333333,115.8,116.1,115.4,111.38,112.8,4.953333333333333,1.1111043066086412,551200,True,False
IPCM.JK,290.0,290.0,289.6,290.8,294.9,303.68,303.8806362915039,7.039999999999992,0.5617890438457215,527000,False,False
IPCC.JK,1105.0,1110.0,1111.0,1122.0,1135.5,1164.6,1156.547271118164,11.919999999999982,0.5758148801985838,539800,False,False
IPAC.JK,189.0,189.0,189.0,188.0,185.2,173.12,160.04,15.879999999999995,0.6102633593824547,0,False,False
IOTF.JK,65.0,63.333333333333336,63.4,64.3,64.3,60.06,58.27,4.939999999999998,3.4352547808270533,33465300,True,True
INTP.JK,5250.0,5250.0,5240.0,5265.0,5395.0,5144.3,4751.292333984375,10.027999999999993,1.9112349446110577,675800,False,False
INTD.JK,306.0,273.3333333333333,282.4,276.4,277.6,265.32,250.9,20.340000000000003,10.92613996460455,6714100,False,False
INTA.JK,61.0,61.0,61.0,61.0,61.0,61.0,64.6,0.0,0.0,0,True,False
INPS.JK,1065.0,1033.3333333333333,958.0,881.0,783.0,714.2,689.55,70.16,5.430616801612429,0,False,False
INPP.JK,700.0,716.6666666666666,728.0,739.0,740.25,721.7689733886718,738.1603979492188,8.05,1.3156546279519055,51600,False,False
INPC.JK,152.0,152.33333333333334,152.8,158.6,157.05,146.32,142.75,12.280000000000001,1.7440335874220392,3893500,False,False
INOV.JK,136.0,136.33333333333334,136.6,137.8,139.3,138.04,132.45,3.3000000000000114,0.776049648345859,477900,True,False
INKP.JK,8575.0,8641.666666666666,8640.0,8872.5,8861.25,8437.5,8132.549072265625,17.4,2.0069718730929718,3212800,False,False
INET.JK,322.0,330.6666666666667,326.0,338.4,341.6,277.8,253.68,31.900000000000006,3.56858887333211,109166300,False,False
INDY.JK,2730.0,2740.0,2732.0,2809.0,2784.0,2613.8,2544.5263598632814,19.519999999999982,4.695676900203396,7069500,False,False
INDX.JK,60.0,60.0,60.0,60.0,60.0,60.0,68.91,0.0,2.837818317547164e-07,0,True,False
INDS.JK,252.0,252.66666666666666,252.8,259.8,264.1,268.4,284.2246028137207,8.199999999999989,1.5015527546763117,803800,False,False
INDR.JK,2980.0,2926.6666666666665,2934.0,2971.0,2785.0,2435.1,2288.0,54.49000000000001,1.7116307113627227,45200,False,False
INDO.JK,183.0,183.0,184.0,184.8,184.25,178.4,169.14,6.400000000000006,0.8846907290768502,29976800,False,False
INDF.JK,7000.0,7066.666666666667,7140.0,7257.5,7276.25,7156.5,6795.779770507813,11.05,1.22286910480156,6604200,False,False
INCO.JK,4760.0,4766.666666666667,4754.0,4791.0,4940.0,5031.2,5024.469638671875,27.71999999999998,2.5395337003686116,10172800,False,False
INCI.JK,805.0,808.3333333333334,810.0,801.5,766.25,704.2,682.0090130615234,21.15999999999999,2.2830278960112698,63100,False,False
INCF.JK,50.0,50.0,50.0,50.0,50.0,50.0,51.05,0.0,0.0,0,True,False
INAI.JK,184.0,181.0,178.4,177.8,177.35,173.68,164.26,10.319999999999993,1.34927868668346,7239300,False,False
IMPC.JK,1630.0,1665.0,1664.0,1688.5,1551.5,1513.6,1644.6,34.98000000000002,4.755778990735592,12407900,False,False
IMJS.JK,188.0,188.33333333333334,187.6,187.6,181.8,166.18,160.7309471130371,22.153333333333336,1.871698029315223,2036000,False,False
IMAS.JK,890.0,876.6666666666666,881.0,894.5,897.0,873.7,887.0703118896485,4.659999999999991,1.8012053186546992,56500,True,False
IKPM.JK,177.0,178.0,178.6,182.7,187.85,188.94,189.15,11.939999999999998,0.9064082536237192,72300,False,False
IKBI.JK,535.0,548.3333333333334,560.0,551.5,535.75,542.6394708251953,518.0637533569336,5.0,4.193075343036536,656400,False,False
IKAN.JK,88.0,89.0,89.2,89.9,90.05,87.16,84.4,2.8900000000000006,2.671359284563504,11159400,True,True
IKAI.JK,20.0,20.0,20.4,20.3,19.85,20.34,20.27,0.5499999999999972,3.647804407761332,5784500,True,False
IGAR.JK,470.0,471.3333333333333,471.2,471.2,473.1,450.84,440.4873931884766,11.130000000000024,0.6666868820268115,1000,False,False
IFSH.JK,1060.0,1006.6666666666666,1004.0,1041.5,1052.75,1113.6,1322.9839099121093,21.91999999999998,4.725331359988775,11300,False,False
IFII.JK,212.0,209.33333333333334,209.6,208.0,206.2,208.12,213.84,2.9000000000000057,4.773749293985238,573800,False,False
IDPR.JK,270.0,268.6666666666667,272.8,274.8,272.3,279.68,287.4872470092773,5.506666666666661,2.1631509541382306,14500,True,False
IDEA.JK,123.0,112.33333333333333,103.0,85.7,73.3,67.5,66.06,55.5,5.02634288298474,28804300,False,False
ICON.JK,156.0,156.0,151.6,148.2,140.55,124.72,119.86,31.28,2.990981012363723,9976900,False,False
ICBP.JK,6800.0,6883.333333333333,6915.0,7040.0,7307.5,7230.5,6854.095,20.3,1.2518482528649642,3673700,False,False
IBST.JK,8475.0,8475.0,8475.0,8475.0,8475.0,8475.0,8475.0,0.0,0.0,0,True,False
IBOS.JK,99.0,93.33333333333333,92.6,94.9,92.8,78.32,83.41,20.680000000000007,4.379437962590754,25927300,False,False
IBFN.JK,63.0,63.0,63.0,63.0,63.0,63.0,65.88,0.0,0.0,0,True,False
IATA.JK,111.0,113.33333333333333,115.6,123.7,123.4,100.5,84.55,23.200000000000003,3.542503834725085,255848600,False,False
HYGN.JK,182.0,181.66666666666666,183.4,187.9,185.25,172.3,157.59420043945312,15.599999999999994,2.2392817599974646,11978700,False,False
HUMI.JK,137.0,131.0,131.2,135.0,139.2,138.92278839111327,140.0656974029541,8.199999999999989,3.7812574682323725,107800700,False,False
HRUM.JK,895.0,893.3333333333334,893.0,916.0,922.5,870.3,839.6,10.440000000000008,2.3605567171568467,5918100,False,False
HRTA.JK,2130.0,2153.3333333333335,2144.0,2176.0,2234.0,2095.0,2151.1013842773436,13.9,2.1204016657417832,3828200,False,False
HRME.JK,45.0,44.666666666666664,44.2,44.5,42.4,43.02,45.12,2.6000000000000014,3.304015698784071,1694200,True,False
HOPE.JK,282.0,244.0,229.6,220.8,237.6,220.28,176.81,30.86,8.597904760255314,170094200,False,False
HOMI.JK,252.0,251.33333333333334,251.6,247.6,232.1,204.9,203.35,23.549999999999997,4.379963108623148,2528200,False,False
HOKI.JK,52.0,50.666666666666664,52.0,53.9,54.85,54.54,56.49,4.183333333333337,2.6871363415327174,496374600,True,False
HMSP.JK,645.0,648.3333333333334,652.0,696.0,718.0,725.0,695.1661444091797,16.0,2.682795174595438,13621400,False,False
HILL.JK,16.0,16.0,16.0,16.0,16.0,16.0,16.4,0.0,0.0,0,True,False
HGII.JK,142.0,141.66666666666666,141.8,140.8,138.7,128.72,128.9960627746582,13.280000000000001,1.533711011769854,3275900,False,False
HEXA.JK,4080.0,4106.666666666667,4242.0,4358.0,4397.0,4427.4,4415.2,34.73999999999997,1.912020157435385,1333900,False,False
HERO.JK,332.0,336.0,336.8,336.8,335.6,337.68,355.29,2.8400000000000034,0.8918679880845215,54600,True,False
HELI.JK,230.0,219.33333333333334,215.6,209.8,203.95,194.54,188.17,17.730000000000004,4.424498239726993,16204900,False,False
HEAL.JK,655.0,665.0,669.0,673.5,672.5,747.7,840.0405407714844,18.54000000000001,1.3957398128037375,7023400,False,False
HDIT.JK,50.0,50.0,50.0,50.0,50.0,50.32,52.29,0.3200000000000003,0.0,451900,True,False
HDFA.JK,106.0,103.33333333333333,102.6,101.9,101.6,96.66,95.52,9.340000000000003,1.4787749549623146,12347400,False,False
HBAT.JK,396.0,383.3333333333333,370.8,350.4,310.4,268.16,336.65,63.91999999999999,3.1577298295812564,1130300,False,False
HATM.JK,515.0,545.0,552.0,573.5,580.0,543.62,438.9394073486328,13.0,2.881097234425819,10070700,False,False
HALO.JK,72.0,72.66666666666667,72.0,73.7,72.3,69.72,69.38,3.980000000000004,3.58059487745838,5627500,True,True
HAJJ.JK,108.0,111.66666666666667,112.4,112.2,111.4,108.02,111.1,4.400000000000006,3.994799305388313,7806100,False,False
HAIS.JK,184.0,184.33333333333334,184.2,185.4,185.25,183.52,180.35,1.8799999999999955,0.9205451286508327,429500,True,False
HADE.JK,26.0,25.0,23.8,23.7,20.5,19.24,17.82,6.760000000000002,7.934853417789202,10713100,False,False
GZCO.JK,189.0,189.66666666666666,188.2,191.8,190.05,173.6,167.34,18.200000000000017,2.32444044129824,6574000,False,False
GWSA.JK,167.0,160.0,159.0,164.0,167.4,145.7,137.21,21.700000000000017,2.7040076084227085,3274300,False,False
GUNA.JK,220.0,220.0,220.0,220.2,219.3,208.48,191.56617385864257,5.859999999999999,0.42662265484100376,311600,True,False
GULA.JK,820.0,815.0,821.0,820.0,795.5,764.5,640.51,11.3,2.009630502545145,5257400,False,False
GTSI.JK,160.0,152.33333333333334,153.6,160.1,165.9,163.16,160.52294624328613,13.566666666666663,4.132838836797015,88102100,False,False
GTRA.JK,252.0,248.66666666666666,244.4,248.8,248.3,237.98,221.55,7.010000000000005,2.055700475766181,1922900,False,False
GTBO.JK,138.0,145.33333333333334,148.2,152.5,158.75,165.5,176.68,27.5,4.892482557276231,158400,False,False
GSMF.JK,99.0,100.66666666666667,101.6,102.7,99.75,92.78,94.91,9.920000000000002,12.672275885115738,3441800,False,False
GRPM.JK,161.0,165.33333333333334,167.4,168.3,174.5,204.18,235.41,43.18000000000001,1.4601426834890887,9414100,False,False
GRPH.JK,124.0,132.66666666666666,134.4,135.2,117.3,84.14,72.57,51.05999999999999,3.35227584097201,8157900,False,False
GRIA.JK,183.0,174.66666666666666,171.8,169.5,176.6,148.92,133.07,34.08000000000001,2.7849708302679375,31008200,False,False
GPSO.JK,284.0,283.3333333333333,283.6,285.2,291.3,297.56,352.98,7.113333333333344,1.3210009858816254,51367400,False,False
GPRA.JK,103.0,103.33333333333333,103.2,104.5,107.2,105.7,104.66695976257324,4.200000000000003,1.803176274673341,121864000,True,False
GOTO.JK,50.0,50.0,50.0,50.0,50.0,50.0,50.13,0.0,0.0,30011000,True,False
GOOD.JK,310.0,310.0,311.2,313.0,314.2,306.28,315.6432388305664,3.960000000000008,1.4554455292313333,69500,True,False
GOLF.JK,179.0,175.66666666666666,176.0,173.7,167.45,165.32,167.70346771240236,13.680000000000007,3.196990185695204,8876600,False,False
GOLD.JK,280.0,280.6666666666667,278.4,278.6,277.1,270.64,266.68,5.01333333333335,1.4115410964793687,41200,True,False
GMTD.JK,1205.0,1223.3333333333333,1229.0,1264.5,1347.75,1316.1,1420.339842529297,28.55,3.3122375772845896,21500,False,False
GMFI.JK,56.0,57.666666666666664,58.0,58.3,58.55,57.12,55.65,2.549999999999997,2.6359492741676167,201638400,True,True
GLVA.JK,326.0,332.0,332.8,330.4,323.9,312.88,314.0759780883789,9.960000000000008,1.5292633234030026,56000,False,False
GJTL.JK,1305.0,1330.0,1332.0,1347.0,1372.25,1293.5,1204.3070263671875,15.75,1.428709024598963,4511100,False,False
GIAA.JK,63.0,62.666666666666664,62.6,64.1,65.2,61.82,59.92,3.3800000000000026,1.915937225039826,111648200,True,True
GHON.JK,1640.0,1646.6666666666667,1662.0,1670.0,1651.5,1630.0,1694.3,8.0,1.2305264980384836,7900,False,False
GGRP.JK,336.0,330.6666666666667,327.2,325.8,318.2,305.84,296.05325103759765,15.080000000000013,2.1657549431640137,2495900,False,False
GGRM.JK,17650.0,17683.333333333332,17735.0,18645.0,19358.75,19137.0,17295.075,68.35,2.062704989088784,512400,False,False
GEMS.JK,7375.0,7266.666666666667,7320.0,7445.0,7278.75,6842.5,6898.75,24.1,1.3904621265273978,203000,False,False
GEMA.JK,90.0,91.0,91.2,92.0,89.8,84.42,82.6938087463379,7.579999999999998,1.1482062404820665,1587500,False,False
GDYR.JK,1110.0,1115.0,1122.0,1124.5,1120.5,1106.3,1098.5,3.640000000000009,1.0694283533577171,1500,True,False
GDST.JK,139.0,124.0,119.6,117.4,114.95,107.98,98.16,31.019999999999996,5.611755780512419,205023300,False,False
FWCT.JK,89.0,90.0,90.4,91.2,90.75,90.98,86.55,2.200000000000003,2.167036198782883,3030000,True,True
FUTR.JK,254.0,259.3333333333333,272.4,289.6,312.7,299.24,242.71,29.349999999999994,3.37833542467547,27547400,False,False
FUJI.JK,266.0,282.0,270.4,259.2,274.3,239.94,256.45,21.03,5.9524589138461605,2288100,False,False
FPNI.JK,540.0,551.6666666666666,536.0,543.5,583.25,469.66,418.65,22.717999999999996,8.06550775854499,50505100,False,False
FORU.JK,2560.0,3036.6666666666665,3470.0,3661.0,3149.25,2853.5,2582.1,110.1,11.840769968067248,24226800,False,False
FORE.JK,785.0,796.6666666666666,794.0,791.5,805.5,746.9,761.3,11.720000000000004,2.1362356458252214,2315100,False,False
FOOD.JK,176.0,176.0,176.0,176.0,176.0,176.0,174.7,0.0,0.0,0,True,False
FOLK.JK,256.0,246.66666666666666,250.4,249.6,214.55,209.34,223.19,23.33,7.950659448579486,44782300,False,False
FMII.JK,238.0,243.33333333333334,246.0,249.6,251.5,250.88,247.7,6.75,2.195466924469581,10200,False,False
FLMC.JK,104.0,101.33333333333333,109.6,120.1,106.2,84.4,103.25,35.69999999999999,7.7708044467521855,8713700,False,False
FITT.JK,438.0,438.0,442.4,449.2,427.3,389.24,385.32,29.97999999999999,5.471824692533666,772900,False,False
FISH.JK,630.0,648.3333333333334,673.0,655.5,634.5,624.7,646.7621173095703,9.659999999999991,5.333295737662706,151600,False,False
FIRE.JK,127.0,124.33333333333333,123.8,124.7,121.35,113.22,113.68,13.780000000000001,2.6675078515732147,14174800,False,False
FILM.JK,735.0,751.6666666666666,738.0,781.0,804.75,1007.7,1516.25,54.540000000000006,7.1329791710931705,12850600,False,False
FAST.JK,422.0,433.3333333333333,431.6,439.6,453.0,392.72,322.86,30.139999999999986,2.9593874885027684,8263000,False,False
FAPA.JK,7425.0,7433.333333333333,7425.0,7452.5,7457.5,7404.5,7281.87140625,2.12,0.34658197338271696,7600,True,False
EXCL.JK,2420.0,2500.0,2518.0,2594.0,2667.0,2606.4,2668.2,24.7,1.785348188973542,7498000,False,False
EURO.JK,1495.0,1485.0,1460.0,1435.5,1426.75,1667.7,1856.364259033203,48.19000000000001,3.970390566646842,152000,False,False
ESTI.JK,160.0,162.33333333333334,164.8,169.7,165.3,157.54,145.07968139648438,12.159999999999997,8.850938033638617,3271400,False,False
ESTA.JK,188.0,182.33333333333334,179.8,176.7,174.85,177.84,185.79,13.150000000000006,1.5542203654447009,22165200,False,False
ESSA.JK,600.0,605.0,608.0,641.0,651.5,637.3,636.9461370849609,10.3,1.8889580491783358,49672300,False,False
ESIP.JK,116.0,117.0,119.0,122.5,121.4,125.64,132.23070877075196,9.64,6.1084505607961415,9706000,False,False
ERTX.JK,176.0,173.66666666666666,175.0,179.6,181.4,177.68,168.2,7.7333333333333485,1.6823621497730583,559400,False,False
ERAL.JK,318.0,324.6666666666667,324.0,323.8,316.6,304.96,290.6563919067383,9.853333333333353,2.304659862485028,5175300,False,False
ERAA.JK,625.0,623.3333333333334,614.0,603.5,561.85,474.5,411.64311157226564,30.1,2.75167930150705,67333400,False,False
EPMT.JK,2630.0,2636.6666666666665,2632.0,2540.0,2467.0,2388.4,2356.9,24.826666666666643,2.8070513515140725,56200,False,False
EPAC.JK,50.0,50.0,50.6,53.0,54.2,59.5,64.56,9.5,3.1108020912441243,2706000,False,False
ENZO.JK,74.0,75.66666666666667,77.2,76.3,74.75,72.64,72.81,4.560000000000002,3.6865273939686394,14623000,True,True
ENRG.JK,1275.0,1296.6666666666667,1337.0,1399.5,1353.5,1323.5483361816407,1348.2241680908203,24.9,3.3470506827076774,52641900,False,False
ENAK.JK,214.0,215.33333333333334,219.2,223.8,229.8,241.72,267.84,13.86,1.4762684673696,2672100,False,False
EMTK.JK,464.0,475.3333333333333,480.4,493.3,505.65,516.36,568.47884765625,26.180000000000007,2.145473443376515,29043500,False,False
EMDE.JK,78.0,77.0,76.8,77.9,77.55,74.84,71.27,3.1599999999999966,2.3528878381814113,4861900,True,True
EMAS.JK,7600.0,7616.666666666667,7585.0,8007.5,8442.5,7388.0,7315.25,42.18,4.059628704810407,9322300,False,False
ELTY.JK,33.0,34.0,34.6,34.9,36.4,34.28,32.18,3.3999999999999986,3.9922429247805127,38409300,False,False
ELSA.JK,695.0,698.3333333333334,705.0,719.0,716.25,697.0,648.4744317626953,4.8,1.368385376336257,14772000,True,True
ELPI.JK,605.0,623.3333333333334,637.0,666.0,665.25,763.8,1070.6699182128907,31.75999999999999,6.1770824187887925,1252800,False,False
ELIT.JK,274.0,276.6666666666667,275.6,273.8,268.4,211.98,197.38,32.34333333333335,6.947812017706628,8684500,False,False
EKAD.JK,400.0,400.0,399.6,410.6,410.7,284.56,224.67777694702147,63.06999999999999,1.8864461348589996,6236000,False,False
ECII.JK,166.0,166.33333333333334,167.2,167.8,165.8,158.42,152.46,9.380000000000024,2.9243772647129602,1044700,False,False
EAST.JK,89.0,89.33333333333333,89.6,89.6,89.9,89.59000030517578,88.13546997070313,0.9000000000000057,0.8239921055317909,409200,True,False
DYAN.JK,86.0,85.33333333333333,85.6,86.4,87.55,85.02,82.23,2.530000000000001,1.2085657715325442,1404500,True,True
DWGL.JK,222.0,223.33333333333334,226.4,230.2,247.9,282.44,268.06,30.22,2.0603738484262584,2382800,False,False
DVLA.JK,1575.0,1581.6666666666667,1585.0,1590.5,1589.75,1583.0,1549.298914794922,3.1,0.2651856670544367,19300,True,False
DUTI.JK,4800.0,4800.0,4788.0,4787.0,4795.5,4519.2,4175.890876464844,28.08000000000002,0.2610433279859607,100,False,False
DSSA.JK,1025.0,1068.3333333333333,1075.0,1098.5,1116.75,985.0,936.48,26.35,2.8721426732403432,188363000,False,False
DSNG.JK,1650.0,1666.6666666666667,1639.0,1648.5,1623.75,1432.8,1350.487939453125,46.773333333333355,2.4024833424223804,6050300,False,False
DSFI.JK,96.0,93.66666666666667,91.6,89.9,88.65,83.96,80.98,12.040000000000006,2.2509464820164307,29703000,False,False
DRMA.JK,945.0,965.0,976.0,996.0,1002.5,969.7,959.85,11.5,1.1337250782578168,3239700,False,False
DPUM.JK,159.0,151.33333333333334,150.2,139.7,118.15,105.92,125.0,53.08,12.630931521584756,81038600,False,False
DOSS.JK,171.0,172.0,172.2,170.0,170.0,159.92,147.51108009338378,12.280000000000001,1.9779212846905658,1191700,False,False
DOOH.JK,376.0,414.0,416.4,392.2,359.1,285.32,209.27,65.53999999999999,8.40683240919116,117752900,False,False
DOID.JK,224.0,231.33333333333334,235.6,244.8,241.4,225.02,218.98,10.400000000000006,1.9432298194954436,3428700,False,False
DNET.JK,9725.0,9775.0,9800.0,9872.5,9927.5,9848.0,9849.25,8.1,0.41772222936595743,6700,False,False
DNAR.JK,129.0,130.33333333333334,130.6,132.0,131.6,125.48,123.29,6.519999999999996,1.3776835192666415,545700,False,False
DMND.JK,650.0,638.3333333333334,626.0,619.5,620.0,619.8,614.438998413086,6.1,1.8727490781524407,268700,False,False
DMMX.JK,186.0,186.0,186.2,186.7,188.5,182.44,179.02311920166017,6.060000000000002,0.9040874798160927,475800,False,False
DMAS.JK,189.0,192.33333333333334,191.4,193.7,193.35,164.58,149.9686093902588,29.119999999999976,2.0943311342742015,91518500,False,False
DLTA.JK,1785.0,1788.3333333333333,1788.0,1790.0,1790.0,1782.6,1765.2405883789063,1.4800000000000182,0.20613189894436848,49100,True,False
DKHH.JK,68.0,68.66666666666667,69.0,70.3,68.75,65.58,65.15,4.719999999999999,2.3338535709265256,8845100,True,True
DKFT.JK,680.0,676.6666666666666,664.0,669.3928527832031,659.8857055664063,642.8871301269531,653.7156970214844,7.422573974609373,2.122313720655509,3047800,False,False
DIVA.JK,141.0,143.33333333333334,140.4,139.0,137.75,131.42,130.02,11.913333333333355,3.2070891676639706,7512600,False,False
DILD.JK,116.0,116.0,116.0,117.8,119.45,117.46,117.71,3.450000000000003,0.9110511767374624,9987700,True,False
DIGI.JK,29.0,29.0,29.0,29.0,29.0,29.0,31.18,0.0,0.0,0,True,False
DGWG.JK,324.0,326.6666666666667,326.4,331.6,339.4,315.2,316.1988732910156,12.099999999999994,1.214833725274384,9892800,False,False
DGNS.JK,276.0,277.3333333333333,272.4,274.0,259.9,242.56,241.16,17.386666666666656,2.579050675060691,979600,False,False
DGIK.JK,139.0,136.66666666666666,138.2,137.6,138.75,133.58,130.78,5.4199999999999875,2.6707347743762466,17198200,True,True
DFAM.JK,92.0,92.33333333333333,91.0,87.2,84.75,82.94,91.97,9.39333333333333,5.085222507934384,8788900,False,False
DEWI.JK,188.0,186.66666666666666,180.0,170.4,161.45,140.48,130.77,47.52000000000001,2.3685489633492067,54001600,False,False
DEWA.JK,364.0,372.0,376.4,402.0,423.9,429.6,399.25377548217773,32.80000000000001,2.5170122608096905,347703000,False,False
DEPO.JK,246.0,243.33333333333334,242.0,244.2,247.8,245.8,249.36720855712892,2.9000000000000057,2.1665725436838277,95800,True,False
DEFI.JK,109.0,111.33333333333333,118.4,111.6,108.7,107.7,120.38,10.700000000000003,12.715618671185055,23706100,False,False
DCII.JK,201775.0,199841.66666666666,198350.0,199647.5,200318.75,198364.0,195430.5,137.0,1.6134124826565641,700,False,False
DAYA.JK,1080.0,1063.3333333333333,1058.0,1079.5,1098.5,1031.1,1038.55,13.480000000000018,2.142126823416066,1700,False,False
DATA.JK,1680.0,1680.0,1674.0,1731.5,1790.0,1939.9,1894.45,53.18000000000002,1.9486446002365605,615700,False,False
DART.JK,171.0,168.33333333333334,168.2,163.6,163.45,150.16,140.28,20.840000000000003,2.441775721065487,1661400,False,False
DADA.JK,50.0,50.0,50.0,50.0,50.0,50.0,50.0,0.0,0.0,370900,True,False
DAAZ.JK,1625.0,1643.3333333333333,1643.0,1650.0,1666.75,1622.8,1705.7088830566406,8.79000000000001,1.8239143883240283,76100,False,False
CYBR.JK,510.0,516.6666666666666,519.0,521.0,528.5,553.4,583.95,8.679999999999996,1.262262337199228,30873900,False,False
CUAN.JK,930.0,933.3333333333334,924.0,936.5,899.75,788.5,772.41,29.6,2.9626677975311586,195187100,False,False
CTTH.JK,126.0,128.33333333333334,128.8,127.6,127.85,127.9,140.01,2.8000000000000114,2.097943130679083,4482500,True,False
CTRA.JK,560.0,575.0,586.0,603.5,616.5,600.4,589.2342041015625,11.3,1.1472047791695665,15496400,False,False
CTBN.JK,3050.0,3056.6666666666665,3048.0,3057.0,3092.5,3807.2,4606.430083007813,75.91999999999999,0.5121988200157387,12600,False,False
CSRA.JK,750.0,750.0,752.0,759.0,764.75,762.4,788.25,2.95,0.9719464677046528,172300,True,False
CSMI.JK,234.0,200.33333333333334,191.2,194.0,186.35,131.38,107.37,51.31,13.564810018902515,201965300,False,False
CSIS.JK,204.0,204.66666666666666,204.8,207.2,212.8,198.32,175.78060081481934,7.240000000000009,2.108439259308698,522100,False,False
CSAP.JK,292.0,292.6666666666667,293.6,294.6,293.9,290.76,282.5605499267578,1.920000000000016,1.1530220370328808,45400,True,False
CRSN.JK,142.0,137.33333333333334,133.6,135.0,134.65,119.98,111.86931564331054,22.019999999999996,3.9602718295225396,4683000,False,False
CRAB.JK,226.0,222.0,219.2,218.4,215.7,211.08,210.12,7.459999999999994,2.0124714788261544,704700,False,False
CPRO.JK,50.0,50.0,50.0,50.0,50.0,50.36,51.16,0.35999999999999943,0.0,709400,True,False
CPIN.JK,3110.0,3126.6666666666665,3118.0,3176.0,3130.0,3128.8,3367.7832763671877,6.6,2.135424946161231,20794100,False,False
COIN.JK,850.0,780.0,758.0,765.0,794.75,742.1,794.5,21.579999999999995,5.637240458005653,179665400,False,False
COCO.JK,131.0,133.66666666666666,134.6,136.9,125.95,120.76,175.835845413208,16.14,4.849078790131886,204471600,False,False
COAL.JK,31.0,31.0,31.0,31.0,31.0,27.14,34.22,3.8599999999999994,0.0,0,True,False
CNMA.JK,91.0,91.33333333333333,91.4,91.9,92.2,92.68,92.83,1.6800000000000068,0.9972941956921126,10203000,True,False
CNKO.JK,37.0,37.0,37.0,37.0,37.0,37.0,39.68,0.0,0.0,0,True,False
CMRY.JK,4460.0,4476.666666666667,4492.0,4493.0,4556.348876953125,4549.879189453125,4481.195756835938,9.6348876953125,1.5780502241344099,1606900,False,False
CMPP.JK,69.0,69.0,69.0,69.0,69.0,69.0,70.97,0.0,0.0,0,True,False
CMNT.JK,750.0,761.6666666666666,765.0,757.5,751.75,776.3,784.9,5.259999999999991,1.6849997168858477,27237500,True,False
CMNP.JK,1395.0,1388.3333333333333,1393.0,1417.0,1408.25,1377.9,1391.15,7.819999999999982,2.2734309619683777,62300,False,False
CLPI.JK,1605.0,1608.3333333333333,1607.0,1613.0,1609.75,1585.1,1517.8791479492188,5.580000000000018,0.30001588554646264,56800,True,False
CLEO.JK,414.0,422.6666666666667,423.6,424.0,416.2,396.04,388.65811950683593,13.97999999999999,2.0830439104084286,7407600,False,False
CLAY.JK,2750.0,2743.3333333333335,2728.0,2723.0,2719.5,2637.4,2711.2,11.259999999999991,1.6280184253877124,16300,False,False
CITY.JK,177.0,177.66666666666666,179.2,184.3,181.0,175.76,171.85,8.54000000000002,3.271831564307565,361900,False,False
CITA.JK,3490.0,3490.0,3494.0,3517.0,3423.0,3309.2,3217.5500732421874,20.78000000000002,1.2949761508380977,70400,False,False
CINT.JK,198.0,198.33333333333334,194.4,190.1,186.6,178.74,178.01,19.593333333333334,2.703172717235121,854400,False,False
CHIP.JK,735.0,736.6666666666666,740.0,773.0,805.75,872.0,920.090697631836,27.4,1.387240556708592,68000,False,False
CHEM.JK,72.0,68.0,68.6,70.2,70.25,67.9,68.64604095458985,4.099999999999994,4.902598562196535,141758800,False,False
CHEK.JK,129.0,129.33333333333334,129.6,129.9,132.05,131.96,129.23,3.0500000000000114,1.8750945969537625,442500,True,False
CGAS.JK,152.0,150.66666666666666,148.6,149.3,150.1,151.46,154.37333236694337,3.4000000000000057,1.4065009927546868,4265000,True,False
CFIN.JK,366.0,371.3333333333333,372.8,372.4,365.6,352.84,328.35778076171874,9.980000000000018,1.3453674129896673,5116800,False,False
CENT.JK,110.0,106.66666666666667,107.2,109.0,106.1,91.74,86.58,18.260000000000005,7.058603064981329,76169900,False,False
CEKA.JK,2200.0,2200.0,2196.0,2197.0,2192.0,2192.8,2180.4328125,0.8,1.037343062092117,8300,True,False
CDIA.JK,635.0,643.3333333333334,646.0,667.5,676.75,676.8,731.4982238769531,8.35999999999999,1.52676414864713,35629800,False,False
CCSI.JK,394.0,416.6666666666667,426.4,367.8,320.6,278.92,265.8,73.73999999999998,9.319046228329867,3154500,False,False
CBUT.JK,995.0,1028.3333333333333,1034.0,1024.5,963.25,868.3,782.86,33.14000000000001,4.305870718864582,119700,False,False
CBRE.JK,760.0,735.0,724.0,733.0,721.25,708.9,743.55,10.220000000000004,2.5895365902231315,25728500,False,False
CBPE.JK,498.0,499.6666666666667,500.0,497.9,504.5,437.44,363.33196716308595,33.53,2.007495930249978,24800,False,False
CBDK.JK,3680.0,3696.6666666666665,3704.0,3807.0,3849.5,3738.8,3811.0534765625,16.95,1.720554032424999,872100,False,False
CASS.JK,1840.0,1841.6666666666667,1845.0,1841.5,1849.0,1865.5,1829.95,5.1,1.1608742378354435,78200,True,False
CASH.JK,264.0,269.3333333333333,257.2,241.8,237.9,226.18,211.45,21.576666666666654,4.209195635865794,1175300,False,False
CASA.JK,1805.0,1803.3333333333333,1805.0,1834.5,1819.25,1835.9,1688.25,6.5133333333333665,4.265827644282476,800,False,False
CARS.JK,119.0,115.33333333333333,114.4,114.0,111.3,98.4,93.73,20.599999999999994,1.6655484097103102,13607500,False,False
CARE.JK,404.0,404.0,401.6,402.0,423.9,424.76,418.2,11.579999999999984,2.3373480784936627,216900,False,False
CANI.JK,135.0,135.0,135.0,135.0,135.0,135.0,136.94,0.0,0.0,0,True,False
CAMP.JK,190.0,187.0,180.2,175.7,173.3,171.4,177.27,18.599999999999994,6.707798567124243,15412900,False,False
CAKK.JK,159.0,161.33333333333334,160.6,159.9,157.7,146.0,146.46,15.333333333333343,1.3300448153589537,275300,False,False
BYAN.JK,13125.0,12825.0,12005.0,12412.5,13368.75,12895.0,11797.409208984374,54.55,9.298907368064592,7647200,False,False
BWPT.JK,122.0,122.0,121.8,125.5,120.05,99.44,95.37,26.060000000000002,3.571563548054864,113132300,False,False
BVIC.JK,93.0,93.0,93.0,94.0,94.0,92.2,92.07,1.7999999999999972,1.0560690806677266,461100,True,False
BUVA.JK,680.0,676.6666666666666,687.0,707.0,728.0,783.8,813.3,21.426666666666666,1.6410218968448416,149220600,False,False
BUMI.JK,192.0,195.66666666666666,199.4,207.7,203.95,184.56,177.92,23.139999999999986,2.2408713259535875,1812953700,False,False
BULL.JK,404.0,394.6666666666667,401.2,414.2,427.4,419.96,406.0,16.366666666666646,2.342552336698484,622808100,False,False
BUKK.JK,1035.0,1033.3333333333333,1007.0,990.5,991.5,1023.7,1032.15,8.9,2.3440764723548684,27800,False,False
BUKA.JK,107.0,105.33333333333333,104.6,107.4,108.95,111.68,115.98,7.0800000000000125,2.1714857150120954,62188600,False,False
BUDI.JK,228.0,226.66666666666666,226.4,225.6,228.8,218.92,212.84,4.940000000000012,1.2780571686916555,124300,True,False
BUAH.JK,496.0,497.3333333333333,496.0,497.3,501.65,506.46,508.84633056640627,5.22999999999999,0.7961235854855727,239500,True,False
BTPS.JK,995.0,1003.3333333333334,1017.0,1036.0,1016.25,1005.7,990.05,8.2,2.3140527685265444,8515400,False,False
BTPN.JK,2300.0,2330.0,2332.0,2360.0,2333.5,2246.2,2207.9752905273435,11.380000000000019,1.3117607558716449,6100,False,False
BTON.JK,374.0,374.0,374.4,368.2,365.8,362.08,362.52,6.159999999999997,2.096188045939593,13900,False,False
BTEK.JK,12.0,11.666666666666666,11.6,11.6,10.8,10.8,11.09,1.1999999999999993,7.960282992351453,91580400,False,False
BSSR.JK,4920.0,4946.666666666667,4924.0,4928.0,4810.0,4509.8,4107.898303222656,43.68666666666668,0.9688294546223679,692000,False,False
BSML.JK,550.0,551.6666666666666,551.0,542.5,529.75,522.8,479.64,5.773333333333335,1.4106254299159713,29363700,True,True
BSIM.JK,1000.0,1020.0,1036.0,1080.5,1018.75,826.1,798.35,50.879999999999995,4.350723159290342,94200,False,False
BSDE.JK,595.0,613.3333333333334,623.0,635.0,642.0,608.1,627.0,9.4,2.073676966095443,71634500,False,False
BSBK.JK,50.0,50.0,50.0,50.0,50.0,51.54,52.61,1.5399999999999991,0.0,240700,True,False
BRRC.JK,68.0,69.66666666666667,70.6,72.1,73.65,66.4,64.68,7.25,1.4935116773184784,9248400,False,False
BRPT.JK,1610.0,1610.0,1610.0,1663.0,1735.25,1783.7,1755.2370544433593,34.74000000000001,1.0553731652638751,43826300,False,False
BRNA.JK,660.0,670.0,663.0,649.0,627.0,623.9,619.6,9.220000000000004,1.543197237670559,393700,False,False
BRMS.JK,690.0,715.0,722.0,712.0,722.25,644.4,633.3,15.570000000000004,3.3101143888729556,163759400,False,False
BRIS.JK,1580.0,1611.6666666666667,1642.0,1696.5,1742.25,1778.1,1790.8203466796874,39.61999999999998,1.0924561424630668,26352700,False,False
BREN.JK,3090.0,3116.6666666666665,3118.0,3184.0,3272.5,3368.2,3486.93818359375,27.819999999999983,2.0786822000529233,7572500,False,False
BRAM.JK,4680.0,4686.666666666667,4648.0,4644.0,4631.5,4569.6,4490.565490722656,11.70666666666666,1.143377750469574,1800,False,False
BPTR.JK,74.0,73.66666666666667,74.4,74.8,75.2,74.48,74.36,1.5333333333333314,1.4775556320116936,922000,True,False
BPII.JK,468.0,465.3333333333333,468.4,471.8,479.650163269043,459.92635620117187,455.56627380371094,9.86190353393556,1.2461790245273228,6900,False,False
BPFI.JK,250.0,248.66666666666666,250.0,249.0,246.5,252.48,252.33020431518554,2.989999999999995,0.9276034672855926,18000,True,False
BOLT.JK,830.0,825.0,815.0,808.0,804.0,798.1,802.5040405273437,6.3799999999999955,1.9702633596900734,44400,False,False
BOLA.JK,173.0,174.33333333333334,176.4,180.5,169.25,162.44,158.75,18.060000000000002,2.962031882335723,1685300,False,False
BOGA.JK,1560.0,1580.0,1576.0,1583.0,1598.5,1588.2,1467.45,7.7,2.8018810668373204,2500,False,False
BOBA.JK,206.0,206.0,206.4,209.6,211.7,220.56,252.78573287963866,7.280000000000001,1.4218002475776714,293100,False,False
BOAT.JK,138.0,138.33333333333334,137.8,137.9,140.55,133.34,125.31,7.210000000000008,1.2945675030455355,3185800,False,False
BNLI.JK,2090.0,2086.6666666666665,2094.0,2119.0,2138.0,2203.4,2549.3,11.673333333333357,0.8172008687710156,55400,False,False
BNII.JK,192.0,193.0,192.4,192.2,193.0,192.14,192.26,1.0,0.7286411813445185,1245700,True,False
BNGA.JK,1755.0,1751.6666666666667,1747.0,1743.5,1718.5,1672.4,1638.6,16.519999999999982,1.0178402140083151,3698600,False,False
BNBR.JK,87.0,87.66666666666667,89.0,92.5,96.0,98.46,107.34768531799317,11.459999999999994,1.633722877662783,481223100,False,False
BNBA.JK,800.0,803.3333333333334,799.0,802.5,778.25,755.6,744.25,9.54666666666667,3.2688955507663287,392700,False,False
BMTR.JK,111.0,114.0,114.6,115.3,115.3,115.84,121.79,4.840000000000003,2.566926117577605,68502900,True,False
BMSR.JK,358.0,359.3333333333333,362.0,348.8,331.2,317.64,308.96,22.180000000000007,8.619853182340888,208600,False,False
BMRI.JK,4200.0,4270.0,4268.8,4299.959033203125,4267.28369140625,4201.1962890625,4127.444963378906,9.995903320312483,1.5056840520515107,74720000,False,False
BMHS.JK,199.0,199.0,199.6,200.2,196.8,189.42,184.95807800292968,10.780000000000001,0.7812655523926676,646900,False,False
BMBL.JK,29.0,29.666666666666668,30.2,30.7,29.0,30.42,32.0,1.6999999999999993,5.492850145997564,4385700,False,False
BMAS.JK,510.0,508.3333333333333,514.0,523.0,516.9,498.72,492.91,4.8559999999999945,5.12690577750009,56600,False,False
BLUE.JK,3000.0,3003.3333333333335,3006.0,2986.0,2915.0,2757.2,2938.4796118164063,24.880000000000017,2.316581945110678,207200,False,False
BLTA.JK,32.0,32.0,32.0,32.4,32.5,33.0,34.47,1.0,2.0519133592413885,6016700,True,False
BLOG.JK,364.0,364.6666666666667,364.4,366.4,373.9,371.44,357.0115521240234,4.949999999999989,0.9520879439619141,126800,True,False
BLES.JK,193.0,194.33333333333334,197.2,201.6,200.95,189.52,166.75366882324218,12.079999999999984,2.8478302906960327,11240400,False,False
BKSW.JK,51.0,50.666666666666664,52.0,53.2,53.2,52.7,53.2,2.5333333333333385,2.0175655556304273,2699900,True,False
BKSL.JK,68.0,68.33333333333333,68.4,70.1,72.5,71.52,73.8,4.5,1.1700669544008229,79252400,True,False
BKDP.JK,179.0,174.33333333333334,179.8,182.5,169.75,165.58,138.67,16.919999999999987,9.523633166037381,37755700,False,False
BJTM.JK,515.0,518.3333333333334,519.0,522.5,523.75,520.0,518.5455810546875,1.75,0.6448055132231586,9784600,True,False
BJBR.JK,765.0,771.6666666666666,780.0,788.5,791.75,787.1,778.6268878173828,5.35,1.705968827366285,18320200,True,False
BISI.JK,725.0,728.3333333333334,726.0,726.5,723.5,688.3,689.5843267822265,8.006666666666684,0.7828284453786596,812000,False,False
BIRD.JK,1600.0,1606.6666666666667,1605.0,1609.0,1618.0,1616.9,1525.7251770019532,3.6,0.4905492416546005,653400,True,False
BIPP.JK,66.0,67.33333333333333,67.6,67.7,67.65,67.3,66.03,1.7000000000000028,2.767939179870212,6488400,True,False
BIPI.JK,150.0,143.0,141.8,145.6,146.3,147.52,159.83,8.199999999999989,3.929544824355917,793521700,False,False
BINO.JK,116.0,115.66666666666667,116.2,117.8,117.45,112.14,108.09,5.659999999999997,0.9086091297678005,621200,True,False
BINA.JK,4050.0,4063.3333333333335,4066.0,4102.0,4145.0,4110.6,4006.9,9.5,0.6132388894287202,364700,False,False
BIKE.JK,1130.0,1033.3333333333333,1011.0,966.5,842.15,642.86,576.43,97.428,6.153434991703618,312400,False,False
BHIT.JK,24.0,24.333333333333332,24.8,25.5,25.3,25.6,27.05,1.6000000000000014,2.8661138581112056,9965800,True,False
BHAT.JK,1770.0,1770.0,1770.0,1770.0,1770.0,1770.0,1557.8,0.0,0.0,0,True,False
BGTG.JK,112.0,115.33333333333333,117.8,119.0,118.6,113.94,113.19,7.0,1.9559477728251573,6235700,False,False
BFIN.JK,950.0,966.6666666666666,972.0,990.0,961.5,897.3,806.7095764160156,18.54000000000001,0.8948905642679944,9030200,False,False
BEST.JK,121.0,123.66666666666667,123.0,126.6,128.85,115.82,108.45,13.030000000000001,2.0705202473015207,16940500,False,False
BESS.JK,920.0,911.6666666666666,914.0,912.0,907.25,904.9,951.2681915283204,3.0200000000000045,2.446005515232195,15600,True,False
BELL.JK,103.0,104.0,105.4,108.7,111.4,113.64,113.17,10.64,2.145811826547915,5500400,False,False
BELI.JK,284.0,283.3333333333333,284.8,293.2,300.6,275.96,296.32,12.320000000000022,2.8652017486104935,1099300,False,False
BEKS.JK,23.0,22.666666666666668,22.8,23.1,23.05,22.36,22.51,0.740000000000002,3.5286572862854735,9669600,True,True
BEER.JK,76.0,76.0,76.4,78.0,79.8,78.46,87.14,3.799999999999997,1.2081210591115354,6973900,True,False
BEEF.JK,430.0,422.6666666666667,425.6,433.2,444.1,400.56,286.54,21.77000000000001,2.5421943937314917,4293300,False,False
BDMN.JK,4450.0,4430.0,4428.0,4445.0,4392.0,4287.6,4249.4,16.239999999999963,1.4193555435758023,1206700,False,False
BDKR.JK,161.0,161.33333333333334,161.6,159.1,157.75,156.26,149.8270207977295,5.340000000000003,2.6007519038538827,13691800,True,True
BCIP.JK,59.0,60.0,61.0,61.7,62.2,62.48,63.39,3.479999999999997,2.048693585180433,3954500,True,False
BCIC.JK,140.0,136.33333333333334,135.0,133.5,133.85,129.08,124.56,10.919999999999987,3.308138805699524,2129600,False,False
BCAP.JK,50.0,50.0,50.0,50.0,50.0,50.04,50.2,0.03999999999999915,0.0,151200,True,False
BBYB.JK,224.0,232.0,237.2,247.0,253.6,251.08,252.2,14.799999999999997,2.320647096922529,45250200,False,False
BBTN.JK,1155.0,1165.0,1170.0,1192.0,1211.25,1216.5,1234.25,12.3,1.9138956600038055,6420900,False,False
BBSS.JK,102.0,87.0,87.2,90.3,95.65,97.5,110.88,15.0,10.283117239626497,462487600,False,False
BBSI.JK,4520.0,4520.0,4532.0,4580.0,4627.0,4659.6,4622.9,13.960000000000036,0.5514639732040985,700,False,False
BBRM.JK,122.0,120.0,120.4,122.4,119.45,117.34,118.66,5.060000000000002,3.191849100231243,36291000,True,True
BBRI.JK,3300.0,3313.3333333333335,3318.0,3341.0,3312.5,3139.8,3046.6,20.119999999999983,1.9386282900789111,102594200,False,False
BBNI.JK,3620.0,3670.0,3698.0,3760.0,3794.5,3662.8,3631.0,17.45,1.6898535722031722,24461400,False,False
BBMD.JK,1985.0,1960.0,1974.0,1986.0,1985.75,1981.9,1951.6763623046875,5.2,2.3330170937845938,5100,True,False
BBLD.JK,660.0,666.6666666666666,666.0,665.5,676.75,631.2,617.1630554199219,9.10999999999999,0.9486130731863311,1200,False,False
BBKP.JK,50.0,50.333333333333336,50.4,51.7,53.0,53.64,54.36,3.6400000000000006,1.3591781683725892,57302200,True,False
BBHI.JK,900.0,900.0,900.0,899.5,898.75,908.2,942.7521124267578,1.890000000000009,0.2626237557493779,313700,True,False
BBCA.JK,6225.0,6291.666666666667,6320.0,6405.0,6471.303076171875,6376.837822265625,6142.9671484375,9.852123046874986,1.4999688722961417,69914100,False,False
BAYU.JK,1340.0,1335.0,1335.0,1340.5,1336.0,1240.6,1196.4129577636718,19.980000000000018,0.716004558113971,61100,False,False
BAUT.JK,42.0,42.0,41.0,40.1,38.5,34.54,31.15,7.460000000000001,3.615865617666298,3610600,False,False
BATR.JK,90.0,91.33333333333333,91.2,91.7,92.75,92.48,89.0598851776123,2.75,1.7876620454086236,371400,True,False
BATA.JK,59.0,59.0,59.0,59.0,59.0,59.0,60.4,0.0,0.0,0,True,False
BAPI.JK,21.0,20.333333333333332,20.8,21.8,20.2,18.62,19.42,3.1799999999999997,6.833791692882672,3645800,False,False
BAPA.JK,125.0,126.33333333333333,126.4,129.4,139.4,168.38,213.43,43.379999999999995,2.1100328915912856,4076800,False,False
BANK.JK,252.0,255.33333333333334,258.0,261.4,267.6,275.2,314.48,11.599999999999994,1.1069733769749048,5911100,False,False
BALI.JK,1305.0,1308.3333333333333,1305.0,1320.0,1326.0,1269.8,1256.55,11.240000000000009,4.28565168123742,1500,False,False
BAJA.JK,436.0,355.3333333333333,324.0,308.8,292.1,273.92,212.23,81.03999999999999,11.191180784813035,124779300,False,False
BAIK.JK,254.0,245.33333333333334,240.8,249.6,261.5,471.74,536.66,115.47,3.7658471878928736,11005100,False,False
BACA.JK,116.0,117.33333333333333,117.0,117.9,118.45,115.92,117.05,2.530000000000001,1.1999368203251228,727100,True,False
BABY.JK,200.0,201.33333333333334,202.4,206.6,209.3,201.76,192.95,9.300000000000011,2.1750928107059186,1559400,False,False
BABP.JK,50.0,50.0,50.0,50.0,50.0,50.0,50.13,0.0,0.0,172300,True,False
AYLS.JK,174.0,182.0,169.8,162.9,157.8,155.88,152.68,26.120000000000005,12.496766845452449,9409900,False,False
AYAM.JK,505.0,503.3333333333333,505.0,494.7,487.65,447.58,389.47,11.484000000000004,1.9843419220567604,12208700,False,False
AXIO.JK,114.0,114.33333333333333,114.8,115.3,115.65,113.86,110.74297096252441,1.7900000000000063,1.187343513820728,374100,True,False
AWAN.JK,160.0,161.33333333333334,162.0,162.2,164.8,158.92,152.43,5.880000000000024,1.6121585301968642,129700,True,False
AVIA.JK,338.0,336.6666666666667,339.2,349.4,355.9,340.8,338.84,9.616666666666646,1.9115240180357165,16058900,False,False
AUTO.JK,3370.0,3350.0,3348.0,3336.0,3329.5,2982.6,2734.0,38.74000000000001,0.8366183919378514,2124300,False,False
ATLA.JK,50.0,50.0,50.0,50.0,50.0,50.04,50.086519660949705,0.03999999999999915,0.0,219500,True,False
ATIC.JK,442.0,450.0,453.6,459.8,463.2,467.36,481.23,12.680000000000007,1.013649606373404,99200,False,False
ATAP.JK,560.0,561.6666666666666,564.0,563.5,559.5,570.12,502.88,2.124000000000001,1.239387278216895,436300,True,False
ASSA.JK,600.0,600.0,599.0,611.0,622.75,621.1,630.084375,4.75,1.3847623748620908,8118500,True,False
ASRM.JK,294.0,290.0,289.2,287.4,282.8,271.88,265.33165283203124,11.060000000000002,1.0947062724326695,184400,False,False
ASRI.JK,125.0,124.66666666666667,125.0,126.1,126.0,123.42,119.58605247497559,2.6799999999999926,1.5167888386775517,7036300,True,True
ASPR.JK,140.0,140.66666666666666,144.8,143.7,147.5,150.2,196.41641876220703,10.199999999999989,4.2035308256254265,6857000,False,False
ASPI.JK,700.0,675.0,618.0,556.7,480.25,447.76,418.51,50.448,11.208701018252565,4370500,False,False
ASMI.JK,16.0,15.666666666666666,15.4,15.6,15.45,16.56,16.36,1.1599999999999984,4.667431534140779,4101500,False,False
ASLI.JK,378.0,376.6666666666667,370.4,385.4,347.3,260.96,255.29,62.22,5.775675506931354,86931100,False,False
ASLC.JK,69.0,66.66666666666667,66.4,66.7,67.35,64.8,65.23,4.200000000000003,2.117107075722707,69698100,True,True
ASJT.JK,163.0,161.66666666666666,161.6,161.3,161.45,159.82,163.3528567504883,3.180000000000007,0.7416636191188377,523300,True,False
ASII.JK,4820.0,4846.666666666667,4856.0,4882.0,4870.0,4918.8,5031.400083007812,9.880000000000019,1.2028665330822415,23075000,False,False
ASHA.JK,53.0,53.0,54.4,56.1,56.85,57.84,60.29,4.840000000000003,3.4213061125032715,87315000,True,False
ASGR.JK,2100.0,2126.6666666666665,2114.0,2126.0,2121.0,1953.3,1747.7,17.336666666666655,1.4492126406957322,464300,False,False
ASDM.JK,520.0,516.6666666666666,518.0,517.5,515.75,513.56,502.67053985595703,1.288000000000011,0.8533967378088949,4600,True,False
ASBI.JK,400.0,400.0,400.0,400.4,403.2,413.88,409.4180401611328,6.939999999999998,0.4690754791723083,94400,False,False
ARTO.JK,895.0,915.0,921.0,963.5,986.0,1136.2,1109.5,48.24000000000001,2.6222568125451104,10858800,False,False
ARTA.JK,2150.0,2213.3333333333335,2232.0,2261.0,2271.5,2363.6,2388.85,21.359999999999992,3.6076650262739096,2500,False,False
ARNA.JK,510.0,510.0,509.0,510.0,504.9,493.56,472.58,3.2879999999999994,0.6536387517492459,2565100,True,True
ARKO.JK,4090.0,3986.6666666666665,4062.0,4361.0,4644.25,4833.8,5604.4,84.71333333333337,3.4607271185720947,12175900,False,False
ARKA.JK,22.0,22.0,22.0,22.0,22.0,22.0,24.61,0.0,0.0,0,True,False
ARII.JK,302.0,294.0,296.8,300.2,299.5,285.32,283.0,8.340000000000003,2.8691948871882174,3799500,False,False
ARGO.JK,1160.0,1161.6666666666667,1156.0,1163.5,1158.75,1141.8,1025.6,4.340000000000009,0.9653529251959593,51200,True,False
AREA.JK,322.0,326.0,321.2,326.2,332.6,297.48,273.96,17.560000000000002,2.8487316982031374,1310600,False,False
ARCI.JK,1345.0,1355.0,1346.0,1333.5,1344.5,1223.9,1190.8544189453125,26.21999999999998,1.7641875604394341,22152000,False,False
APLN.JK,122.0,125.0,126.2,128.0,131.95,131.08,137.6,9.949999999999989,1.4366011840948048,36837200,False,False
APLI.JK,284.0,284.6666666666667,287.2,283.2,278.4,262.68,249.137216796875,12.259999999999991,2.832944424526777,111800,False,False
APII.JK,195.0,200.33333333333334,197.4,194.4,192.85,188.68,184.4602197265625,11.653333333333336,2.539226776098333,330300,False,False
APIC.JK,410.0,411.3333333333333,416.0,446.0,479.75,566.3,812.45,78.14999999999998,5.232948323773975,869800,False,False
APEX.JK,186.0,187.33333333333334,190.8,198.2,196.2,174.58,159.46,23.619999999999976,2.568812689158817,14102500,False,False
ANTM.JK,3240.0,3286.6666666666665,3270.0,3236.0,3180.5,3088.4,3006.1973291015624,19.826666666666643,2.2981953906681807,108664300,False,False
ANJT.JK,1585.0,1593.3333333333333,1592.0,1593.0,1595.25,1531.5,1559.5,12.75,0.9325286929833985,70200,False,False
ANDI.JK,20.0,20.333333333333332,20.2,21.0,19.15,18.28,18.78,2.719999999999999,5.060193881171616,1777600,False,False
AMRT.JK,1315.0,1313.3333333333333,1308.0,1299.5,1321.75,1351.6,1351.2331774902343,10.419999999999982,1.7545737155879249,15096500,False,False
AMOR.JK,368.0,369.3333333333333,369.6,370.0,364.3,355.48,344.78,7.259999999999991,1.0046365767124712,170800,False,False
AMMS.JK,204.0,212.0,212.0,216.8,217.0,236.12,295.6,16.060000000000002,4.042389748723001,208400,False,False
AMMN.JK,4660.0,4746.666666666667,4888.0,4879.0,4636.5,4331.8,4002.1,55.61999999999998,3.8833594211503377,93461600,False,False
AMIN.JK,274.0,261.3333333333333,254.0,247.4,244.3,244.08,249.12,14.959999999999994,2.2453980817298635,1959900,False,False
AMFG.JK,3210.0,3273.3333333333335,3276.0,3296.0,3313.0,3270.6,3141.9785278320314,10.3,1.3524832063858527,8000,False,False
AMAR.JK,236.0,238.0,236.0,233.6,233.2,220.6432962036133,204.4034701538086,8.678351898193355,1.546531858995893,422100,False,False
AMAN.JK,220.0,222.0,222.8,225.6,226.8,242.44,250.74,11.219999999999999,1.3905355916273672,306100,False,False
AMAG.JK,386.0,386.6666666666667,387.2,387.6,388.6,388.44,391.8842153930664,1.3000000000000114,0.21678228752761652,4800,True,False
ALKA.JK,7400.0,7400.0,7165.0,5818.5,5147.75,3157.3,1857.42,169.708,9.783422212447332,0,False,False
ALII.JK,735.0,728.3333333333334,735.0,762.5,771.5,770.0,790.6714709472657,8.633333333333326,2.46061724615317,302700,False,False
ALDO.JK,965.0,958.3333333333334,956.0,951.0,943.75,865.7,772.4288116455078,19.859999999999992,0.8332055336111656,18300,False,False
AKSI.JK,384.0,384.6666666666667,376.0,347.4,302.9,257.84,248.14,63.413333333333355,7.743157861020622,1585500,False,False
AKRA.JK,1455.0,1465.0,1472.0,1498.5,1448.75,1410.4075146484374,1347.1849462890625,17.618497070312515,2.041685090546158,18267200,False,False
AKPI.JK,515.0,530.0,538.0,535.5,525.95,511.14,505.0750582885742,5.3720000000000026,2.3110975267371403,544700,True,False
AKKU.JK,38.0,38.0,38.0,38.0,38.0,38.0,38.0,0.0,0.0,0,True,False
AISA.JK,133.0,123.33333333333333,120.2,118.3,118.35,116.52,111.93,16.480000000000004,3.5251378772377153,225395300,False,False
AIMS.JK,492.0,504.0,498.0,497.7,473.0,421.48,414.74,41.25999999999999,3.04094326670459,531800,False,False
AHAP.JK,100.0,106.33333333333333,109.8,105.0,102.1,98.18,94.42,11.61999999999999,6.559245706101222,53700900,False,False
AGRS.JK,59.0,59.333333333333336,59.4,60.3,61.05,61.1,62.32,2.1000000000000014,1.587864915874411,5212900,True,False
AGRO.JK,143.0,144.33333333333334,145.4,148.0,149.0,148.3,153.46,6.0,0.6081097332765012,5459200,False,False
AGII.JK,3620.0,3583.3333333333335,3440.0,3254.0,3091.0,3010.6,2895.0412109375,60.94000000000001,4.328634790943835,1264500,False,False
AGAR.JK,2300.0,2100.0,2314.0,2073.0,1891.25,1331.26,776.93,98.274,14.406444382447598,3932300,False,False
AEGS.JK,49.0,49.666666666666664,50.2,50.0,48.25,44.5,44.25,5.700000000000003,3.4496850375566765,2627400,True,True
ADRO.JK,2620.0,2643.3333333333335,2624.0,2643.0,2673.5,2576.8,2457.7,9.669999999999982,1.1645414628803001,28553500,False,False
ADMR.JK,1535.0,1565.0,1557.0,1593.5,1636.0,1589.6,1577.4,20.2,2.63943821584982,25188800,False,False
ADMG.JK,252.0,250.0,250.8,257.6,259.9,243.98,222.8,7.959999999999994,1.9974192358135714,514700,False,False
ADMF.JK,8775.0,8733.333333333334,8740.0,8717.5,8718.75,8574.0,8429.5,8.04,0.44479895317683676,112500,False,False
ADHI.JK,133.0,133.0,133.0,133.0,133.0,145.66,158.36,12.659999999999997,0.0,0,False,False
ADES.JK,31975.0,32216.666666666668,32125.0,31872.5,32017.5,33326.0,29302.25,58.14,1.034359607926625,5000,False,False
ADCP.JK,50.0,50.0,50.0,50.0,50.0,50.0,50.02,0.0,0.0,0,True,False
ACST.JK,103.0,107.33333333333333,107.2,110.6,99.6,90.34,86.26,20.25999999999999,8.19714509046632,681700,False,False
ACRO.JK,62.0,63.0,63.6,64.7,65.05,63.04,62.46524921417236,3.049999999999997,1.0782451977637348,18740300,True,False
ACES.JK,346.0,349.3333333333333,350.4,352.0,354.3,354.36,341.6777847290039,4.180000000000007,0.6105511618459295,12709400,True,True
ABMM.JK,2740.0,2763.3333333333335,2786.0,2824.0,2799.0,2656.6,2572.2366577148437,16.74000000000001,1.5111116124023156,297500,False,False
ABDA.JK,5000.0,4976.666666666667,4972.0,4994.0,4500.5,3944.2,3657.8,105.58000000000001,3.9129919062407126,11000,False,False
ABBA.JK,30.0,30.0,30.0,30.0,30.0,30.0,32.69,0.0,0.0,0,True,False
AALI.JK,8350.0,8541.666666666666,8545.0,8532.5,8372.5,7533.5,7118.75,40.46,1.7710951354114706,2111500,False,False
AADI.JK,11600.0,11983.333333333334,12125.0,12155.0,11431.25,10006.0,9164.798330078125,85.96,2.5665087712604713,8216300,False,False
