Ticker,Close,MA3,MA5,MA10,MA20,MA50,MA100,Range_Ticks,Vol_Pct,Volume,MA_Tight,Signal
ZYRX.JK,129.0,129.33333333333334,128.2,129.2,129.7,128.2,130.67594482421876,1.5,1.9079270134746886,174500,True,False
ZONE.JK,710.0,708.3333333333334,709.0,712.5,724.25,673.6,538.5089147949219,10.129999999999995,0.6419621344023307,98600,False,False
ZINC.JK,30.0,30.0,30.0,30.0,30.0,30.0,30.0,0.0,0.0,0,True,False
YUPI.JK,1305.0,1308.3333333333333,1304.0,1316.0,1345.8843505859375,1315.4627368164063,1361.3362768554687,8.37687011718749,1.4741021855534842,10200,False,False
YULE.JK,3710.0,3760.0,3656.0,3608.0,3567.0,3471.4,3401.6,28.859999999999992,6.88600709435557,13200,False,False
YPAS.JK,1365.0,1366.6666666666667,1372.0,1365.5,1426.25,1008.0,893.05,83.65,7.114312951490954,73400,False,False
YOII.JK,84.0,84.0,82.6,82.0,82.05,83.72,85.33,2.0,2.216508345542644,3795500,True,False
YELO.JK,93.0,93.0,93.8,97.4,96.05,87.9,84.68,9.5,1.9246368496994337,19667700,False,False
WTON.JK,79.0,78.33333333333333,78.4,79.3,80.15,77.52,78.28874458312988,2.6300000000000097,1.1467404912250445,367700,True,False
WSBP.JK,14.0,14.0,14.0,14.0,14.0,14.0,14.74,0.0,0.0,0,True,False
WOWS.JK,57.0,56.666666666666664,56.8,57.7,59.3,59.34,61.66,2.673333333333339,1.650041168288247,9737700,True,False
WOOD.JK,198.0,198.0,199.6,203.6,206.5,210.56,232.88,12.560000000000002,1.3302335046249127,2342200,False,False
WOMF.JK,278.0,277.3333333333333,283.2,282.0,280.3,266.96,269.92,8.120000000000005,4.2318035893156924,42000,False,False
WMUU.JK,50.0,50.0,50.0,50.0,50.15,51.76,54.7,1.759999999999998,0.0,274100,True,False
WIRG.JK,77.0,77.33333333333333,78.2,76.8,76.0,65.24,64.27,12.960000000000008,4.571285246669985,109439500,False,False
WINS.JK,605.0,598.3333333333334,596.0,581.5,557.25,533.9,526.8323474121094,14.220000000000004,6.099206654873401,2090500,False,False
WINR.JK,24.0,25.333333333333332,26.4,27.2,24.2,22.62,24.01,4.579999999999998,6.792969341931276,11111200,False,False
WINE.JK,131.0,130.66666666666666,130.0,131.7,131.25,139.4,150.32481063842772,9.400000000000006,1.0210430085733027,187700,False,False
WIIM.JK,1430.0,1476.6666666666667,1523.0,1571.0,1626.5,1653.9,1650.2084716796876,44.780000000000015,1.8241536811848207,4839100,False,False
WIFI.JK,1950.0,1936.6666666666667,1951.0,2020.5,2046.75,1979.86,1952.304940185547,22.01666666666665,1.4891851660691504,3920100,False,False
WIDI.JK,28.0,28.333333333333332,28.0,27.5,27.1,26.48,27.0,1.8533333333333317,5.973585598886443,3829700,False,False
WGSH.JK,131.0,132.33333333333334,133.2,144.3,154.2,154.26,133.69,23.25999999999999,3.4028908123909227,6221500,False,False
WEHA.JK,116.0,115.33333333333333,113.4,112.6,110.7,107.38,110.33495872497559,8.620000000000005,1.5802643463924144,9169100,False,False
WEGE.JK,50.0,50.0,50.0,51.3,53.55,52.1,52.07,3.549999999999997,0.9844333928876672,178000,True,False
WAPO.JK,191.0,192.0,190.8,182.9,170.65,142.62,131.15,49.379999999999995,2.6064478697718383,589700,False,False
VTNY.JK,76.0,77.33333333333333,76.4,77.2,79.5,70.94,66.67,8.560000000000002,3.704189388962699,15677200,False,False
VRNA.JK,90.0,91.0,91.4,95.1,86.05,79.74,78.23,15.36,2.9914324340381175,1345600,False,False
VOKS.JK,320.0,318.6666666666667,291.6,264.8,246.4,224.68,215.94,47.66,8.031803418030304,2631500,False,False
VKTR.JK,755.0,746.6666666666666,760.0,808.0,863.0,801.3,754.83,23.266666666666673,2.94479359250667,24944600,False,False
VIVA.JK,42.0,42.333333333333336,43.0,44.7,47.5,44.94,41.49,5.5,2.14139884295152,2422100,True,True
VISI.JK,1260.0,1188.3333333333333,1124.0,1049.0,1008.0,951.9,925.65,61.620000000000005,8.016227307622415,10034400,False,False
VINS.JK,146.0,145.33333333333334,144.8,144.9,143.6,141.6,143.2,4.400000000000006,3.2116103967086738,109400,True,False
VICO.JK,172.0,171.33333333333334,169.4,164.1,156.7,146.58,146.38,25.419999999999987,3.5682715621804735,168900,False,False
VICI.JK,1205.0,1203.3333333333333,1168.0,1083.5,933.75,734.5,653.8736392211914,94.1,5.288986842969926,8843500,False,False
VERN.JK,226.0,225.33333333333334,227.2,231.2,237.9,214.36,172.97,11.769999999999996,1.3798376320143502,4010300,False,False
VAST.JK,123.0,122.66666666666667,118.8,115.8,114.85,115.1,118.08,8.150000000000006,7.503971210299387,23977200,False,False
UVCR.JK,167.0,170.0,164.0,158.6,150.55,147.26,170.00796432495116,22.74000000000001,4.781404808806487,59664000,False,False
URBN.JK,228.0,224.66666666666666,222.0,223.0,220.6,218.56,210.83,4.719999999999999,1.8857139126079832,126000,True,False
UNVR.JK,1620.0,1621.6666666666667,1623.0,1647.5,1701.25,1724.0,1675.430908203125,20.8,0.6999795836852295,4138000,False,False
UNTR.JK,26025.0,26066.666666666668,26180.0,25940.0,25200.0,24918.0,24757.0,50.48,1.1589438166017256,974900,False,False
UNTD.JK,80.0,80.33333333333333,80.6,81.8,82.05,80.34,77.92,2.049999999999997,1.1465500260934984,8575300,True,True
UNSP.JK,206.0,206.0,206.0,206.0,206.0,206.0,235.92,0.0,0.0,0,True,False
UNIQ.JK,120.0,120.33333333333333,120.4,121.6,120.45,114.74,111.87,6.859999999999999,1.1881164953978105,674200,False,False
UNIC.JK,15075.0,15108.333333333334,15065.0,15052.5,15043.75,14314.0,13300.31716796875,31.77333333333336,0.745667851473537,1300,False,False
ULTJ.JK,1875.0,1851.6666666666667,1756.0,1641.5,1567.25,1494.1,1484.35,76.18000000000002,4.531792278593269,5489800,False,False
UFOE.JK,149.0,148.33333333333334,146.4,147.0,145.5,140.74,140.77,8.259999999999991,1.5951276020765566,171400,False,False
UDNG.JK,462.0,478.0,513.8,664.4,1004.2,1152.68,1212.49,345.34000000000003,3.2551179692784378,30959000,False,False
UCID.JK,500.0,499.3333333333333,504.6,509.8,501.45,442.02,410.5207678222656,33.890000000000015,1.4355280061687887,950800,False,False
UANG.JK,4320.0,3966.6666666666665,3844.0,3995.0,3275.0,2760.2,2713.5,155.98000000000002,12.4084298254167,3123700,False,False
TYRE.JK,112.0,113.0,112.0,112.9,112.8,113.62,111.9,1.6200000000000045,2.5222984662280226,677000,True,False
TUGU.JK,1630.0,1571.6666666666667,1510.0,1436.0,1395.75,1308.1,1229.9849548339844,64.38000000000002,4.201244008834676,8081500,False,False
TSPC.JK,2780.0,2766.6666666666665,2756.0,2750.0,2745.5,2724.6,2582.8,5.540000000000009,0.4225871607276992,289900,True,False
TRUS.JK,456.0,454.0,454.4,452.0,447.7,432.84,370.60810119628906,11.580000000000013,1.5428807519937504,10600,False,False
TRUK.JK,1295.0,1183.3333333333333,1140.0,1107.5,974.25,703.28,570.9,118.34400000000001,4.113747900034902,198200,False,False
TRUE.JK,50.0,50.0,50.0,50.0,50.0,50.0,72.37,0.0,0.0,0,True,False
TRST.JK,460.0,466.0,466.4,465.6,464.6,466.52,465.53499572753907,3.259999999999991,2.3652826180278645,1700,True,False
TRON.JK,104.0,103.33333333333333,101.8,102.4,101.5,103.72,104.49,2.5,1.9101711656132403,65216700,True,False
TRJA.JK,133.0,137.33333333333334,132.4,131.6,128.45,119.0,119.04,18.333333333333343,6.978943665964967,1756600,False,False
TRIS.JK,173.0,172.0,171.8,172.78162384033203,172.75581436157228,168.12103485107423,167.3218359375,4.878965148925772,0.8990623436110644,49000,True,False
TRIN.JK,340.0,370.0,388.4,396.2,368.2,341.64,415.87,28.099999999999994,7.411183383002165,21221800,False,False
TRIM.JK,845.0,813.3333333333334,790.0,753.0,691.25,625.1,580.2498498535156,43.98,4.846827114916234,2037700,False,False
TRGU.JK,169.0,170.33333333333334,170.8,173.7,173.65,168.38,172.93,5.319999999999993,3.362508107579939,1248500,True,False
TPMA.JK,478.0,478.0,479.2,485.0,475.2,462.2,466.64,11.400000000000006,1.0310632762132728,251500,False,False
TPIA.JK,1850.0,1836.6666666666667,1851.0,1904.0,1939.75,2004.8,2478.32671875,33.626666666666644,1.0101834458680337,50355500,False,False
TOWR.JK,442.0,442.0,444.8,453.4,452.6,419.56,409.8718051147461,16.919999999999987,2.806019125717926,10669200,False,False
TOTO.JK,242.0,242.0,242.0,241.0,238.2,238.12,237.39796447753906,1.9399999999999977,0.6147025382467245,209400,True,False
TOTL.JK,1545.0,1545.0,1530.0,1517.0,1504.5,1311.9,1188.7848059082032,46.61999999999998,2.0408167400840473,553700,False,False
TOSK.JK,83.0,83.66666666666667,83.2,83.2,78.5,71.9,65.34,11.766666666666666,3.072051505884348,8628500,False,False
TOOL.JK,71.0,72.33333333333333,71.0,71.4,68.95,67.56,68.28,4.773333333333326,4.795304359346311,11290600,False,False
TOBA.JK,530.0,526.6666666666666,535.0,557.0,570.25,512.3,483.89435119628905,11.590000000000009,1.942987724432356,3701100,False,False
TNCA.JK,184.0,182.66666666666666,182.4,181.7,173.5,161.28,161.47,22.72,2.287734845712545,2966800,False,False
TMPO.JK,156.0,156.33333333333334,153.6,160.1,178.3,149.96,131.25,28.340000000000003,3.8350772907330217,3916200,False,False
TMAS.JK,145.0,144.66666666666666,145.0,146.0,142.6,130.56,123.3541177368164,15.439999999999998,1.0633517417320386,1581100,False,False
TLKM.JK,2620.0,2660.0,2654.0,2643.0,2623.0,2622.4,2629.135964355469,4.0,1.553217104837047,33632300,True,False
TLDN.JK,630.0,621.6666666666666,620.0,630.5,606.5,564.7,555.2334997558594,13.159999999999991,1.626887100165554,431700,False,False
TKIM.JK,7650.0,7691.666666666667,7765.0,7965.0,8030.0,7163.0,6805.989760742187,34.68,1.6068585336692298,1608500,False,False
TIRT.JK,590.0,590.0,590.0,590.0,590.0,590.0,548.12,0.0,0.0,0,True,False
TIRA.JK,388.0,392.6666666666667,396.8,405.2,408.5,451.86,558.08,31.930000000000007,1.2363659551951085,67500,False,False
TINS.JK,4690.0,4703.333333333333,4710.0,4610.0,4337.5,3936.0,3653.5140747070313,77.4,2.9579500254532225,12079100,False,False
TIFA.JK,314.0,313.3333333333333,314.4,320.6,326.9,305.28,300.5020901489258,10.810000000000002,2.2105220928509013,396500,False,False
TGKA.JK,4980.0,4983.333333333333,4984.0,4982.0,5015.75,4943.5,4834.111967773438,7.225,0.4517186328983836,600,False,False
TFCO.JK,800.0,800.0,800.0,833.0,862.0,797.2,720.7,12.95999999999999,2.876450062515882,0,False,False
TFAS.JK,186.0,185.66666666666666,185.6,187.0,186.0,186.34,196.92,1.4000000000000057,1.607614147396494,103500,True,False
TEBE.JK,1900.0,1745.0,1727.0,1733.0,1732.25,1358.3,1214.85,108.34,5.655508119471329,28182300,False,False
TCPI.JK,1655.0,1658.3333333333333,1760.0,2003.0,2181.0,3829.3,6834.206298828125,434.86,3.7080012997644287,1680300,False,False
TCID.JK,2580.0,2610.0,2614.0,2601.0,2633.0,2695.4,2755.1,11.54000000000001,1.8892070459896584,10300,False,False
TBMS.JK,1225.0,1235.0,1230.0,1226.5,1224.75,1210.8,1229.2347265625,4.840000000000009,1.7196640498759268,11700,True,False
TBLA.JK,630.0,625.0,624.0,628.5,628.25,630.1,616.1441104125977,1.2200000000000046,0.8701452740855702,567500,True,False
TBIG.JK,1430.0,1440.0,1448.0,1480.0,1473.5,1435.9,1447.5330432128906,10.0,1.54283869656813,34700,False,False
TAYS.JK,50.0,50.0,50.0,50.0,50.0,50.0,52.12,0.0,0.0,0,True,False
TAXI.JK,14.0,14.666666666666666,15.0,14.4,13.95,13.64,14.22,1.3599999999999994,5.666233098125403,6695900,False,False
TARA.JK,32.0,31.333333333333332,31.2,31.3,30.3,30.46,30.07,1.6999999999999993,4.405651360350426,887400,False,False
TAPG.JK,2250.0,2230.0,2242.0,2276.0,2186.25,1872.6831469726562,1700.70076171875,40.33168530273438,3.8549737652958385,7358000,False,False
TAMU.JK,26.0,26.666666666666668,26.8,27.3,26.75,23.6,23.07,3.6999999999999993,3.354700323198577,2674000,True,True
TAMA.JK,199.0,195.66666666666666,193.2,195.9,213.9,215.2,196.37,22.0,4.640380358962653,876600,False,False
TALF.JK,690.0,695.0,700.0,700.5,707.75,715.5,701.0998193359375,5.1,1.5917316849057974,13400,True,False
SWID.JK,126.0,125.0,123.0,121.1,120.25,108.42,101.65579605102539,17.58,1.9991986757228681,3496500,False,False
SURI.JK,86.0,85.33333333333333,85.2,84.4,82.45,75.3,71.91,10.700000000000003,1.8655268744781617,6968700,False,False
SURE.JK,2990.0,3000.0,3012.0,3075.0,2853.0,2786.8,2773.7,28.819999999999983,8.284808677907932,300,False,False
SUPA.JK,505.0,500.3333333333333,502.2,509.6,519.3,556.52,643.71,11.237333333333334,1.6486615559525706,14869400,False,False
SUNI.JK,675.0,680.0,681.0,689.0,701.5,684.0,656.8535614013672,5.3,1.0884269059345448,154600,True,False
SULI.JK,87.0,86.66666666666667,86.8,88.1,89.45,89.12,87.89,2.7833333333333314,1.5171201084805583,2205400,True,False
STTP.JK,9400.0,9366.666666666666,9405.0,9425.0,9431.25,9645.5,9718.5,11.153333333333357,0.8261757682693087,900,False,False
STRK.JK,65.0,66.33333333333333,65.2,65.0,66.45,65.9,75.64,1.4500000000000028,2.731688579998228,2882700,True,False
STAR.JK,368.0,378.0,376.0,381.2,396.0,344.68,387.43,25.659999999999997,3.8344029017547387,22300,False,False
STAA.JK,1180.0,1181.6666666666667,1188.0,1231.5,1214.0,1119.3,1073.236982421875,22.44000000000001,2.4039245353396987,4026000,False,False
SSTM.JK,468.0,444.6666666666667,450.8,469.7,456.95,424.98,455.36,22.359999999999985,4.422907915738585,390900,False,False
SSMS.JK,1105.0,1073.3333333333333,1109.0,1163.5,1063.25,976.0,958.0050036621094,37.5,4.491739695044618,11232100,False,False
SSIA.JK,1725.0,1721.6666666666667,1711.0,1747.5,1809.25,1717.3,1669.2158251953124,19.65,1.6887141833318409,5545500,False,False
SRTG.JK,1765.0,1773.3333333333333,1785.0,1802.0,1844.5,1780.8,1658.9472131347657,15.9,0.8688411207956647,675400,False,False
SRSN.JK,108.0,105.33333333333333,102.2,102.0,92.3,77.82,72.3,30.180000000000007,4.882872091436205,299434500,False,False
SRAJ.JK,13625.0,13658.333333333334,14115.0,13642.5,13795.0,12750.5,12675.75,54.58,7.536911923994322,100,False,False
SQMI.JK,93.0,91.66666666666667,93.0,97.2,84.45,72.32,59.06,24.88000000000001,6.7605044395956035,229086300,False,False
SPTO.JK,605.0,606.6666666666666,605.0,610.5,613.25,602.6,576.8798217773438,2.1299999999999955,0.9469216036341852,196800,True,False
SPRE.JK,100.0,96.66666666666667,97.4,97.1,93.9,89.44,84.78,10.560000000000002,4.180084704086455,803000,False,False
SPMA.JK,170.0,169.66666666666666,170.4,171.3,168.9,167.56,163.2261535644531,3.740000000000009,0.8624464373896613,191000,True,False
SOUL.JK,37.0,37.0,37.0,37.0,37.0,37.0,39.29,0.0,0.0,0,True,False
SOTS.JK,590.0,590.0,594.0,603.0,614.75,615.5,687.95,5.1,1.3426533584498763,102200,True,False
SOSS.JK,935.0,938.3333333333334,941.0,964.5,906.25,902.7,853.45,12.35999999999999,2.7872144539210693,0,False,False
SONA.JK,2320.0,2230.0,2224.0,2292.0,2370.0,2419.8,2293.4638354492185,19.58000000000002,2.7499131477664633,300,False,False
SOLA.JK,90.0,89.66666666666667,89.8,91.3,91.7,96.1,103.08,6.433333333333323,1.2851954935874068,2988100,False,False
SOHO.JK,1630.0,1615.0,1597.0,1595.0,1396.25,1274.1,1356.95,71.18000000000002,10.950150968509288,82500,False,False
SOFA.JK,356.0,362.0,360.0,341.8,346.9,279.76,297.7,41.120000000000005,5.2658772030884915,1707800,False,False
SOCI.JK,625.0,640.0,641.0,649.5,604.5,500.26,439.4030322265625,29.848000000000003,3.7445654550011245,11349600,False,False
SNLK.JK,254.0,253.33333333333334,248.8,241.2,234.2,228.12,231.22,12.939999999999998,2.910727010796151,19968000,False,False
SMSM.JK,1710.0,1718.3333333333333,1724.0,1737.0,1730.75,1720.2898901367187,1696.6532946777343,5.4,0.9108143301042988,1172200,True,True
SMRA.JK,292.0,289.3333333333333,306.4,320.6,320.0,318.48,304.85364944458007,15.633333333333354,4.345016269711623,26581000,False,False
SMMT.JK,3010.0,2930.0,2842.0,2752.0,2377.5,2054.8,1992.65,95.51999999999998,9.483304968596325,494300,False,False
SMMA.JK,19975.0,20000.0,20005.0,19932.5,20017.5,20287.0,19733.0,14.18,2.6132222673499594,400,False,False
SMLE.JK,210.0,214.66666666666666,207.0,199.4,184.5,164.86,135.62,24.90333333333332,4.7416921381018495,3260700,False,False
SMKM.JK,104.0,104.0,104.4,106.8,107.0,87.48,82.45,19.519999999999996,1.8590231905395869,474500,False,False
SMKL.JK,157.0,154.33333333333334,154.6,156.1,151.9,146.2,145.27772857666017,10.800000000000011,1.8457503877112469,33400,False,False
SMIL.JK,428.0,428.0,428.4,435.4,420.7,386.0,330.2,24.69999999999999,2.663154662909376,25438000,False,False
SMGR.JK,1605.0,1591.6666666666667,1625.0,1689.5,1634.0,1555.2,1643.1139379882814,26.859999999999992,1.7163819661807516,7336900,False,False
SMGA.JK,85.0,86.0,86.6,88.1,85.45,77.12,75.7,10.97999999999999,1.2086003974577242,3263100,False,False
SMDR.JK,394.0,391.3333333333333,392.4,380.0,349.1,315.95551696777346,302.5157273864746,39.02224151611327,2.383831081107772,10878700,False,False
SMDM.JK,530.0,541.6666666666666,540.0,547.0,547.0,557.2,555.86,5.440000000000009,2.6405705602451843,3900,True,False
SMBR.JK,178.0,171.66666666666666,171.6,174.1,172.85,165.9,167.9016567993164,12.099999999999994,2.361026340495932,70294000,False,False
SMAR.JK,6050.0,6125.0,6160.0,6375.0,6296.25,5855.0,5459.741196289063,20.8,1.8177222519256735,128900,False,False
SLIS.JK,88.0,87.66666666666667,86.2,87.4,90.05,77.58,74.05,12.469999999999999,5.2568465957035055,71852500,False,False
SKRN.JK,400.0,405.3333333333333,409.2,405.6,396.7,396.96,395.8465692138672,6.25,2.170938875518982,138900,False,False
SKLT.JK,212.0,212.66666666666666,213.2,214.8,214.1,203.36,198.07285720825195,5.719999999999999,1.2730509249462283,91400,True,False
SKBM.JK,530.0,535.0,534.0,543.5,543.0,556.7,558.89,5.340000000000009,1.1378459256441553,30300,True,False
SIPD.JK,900.0,908.3333333333334,912.0,920.0,894.25,774.8,788.05,29.04000000000001,2.2463122858412015,8100,False,False
SINI.JK,15575.0,14466.666666666666,14050.0,14270.0,12217.5,9120.1,9801.936298828125,258.19599999999997,5.160345269435193,8810400,False,False
SIMP.JK,630.0,616.6666666666666,617.0,625.0,623.0,594.4,583.2691949462891,7.1200000000000045,1.6927028553678287,7779700,False,False
SILO.JK,2000.0,2010.0,2010.0,2070.0,2133.0,2177.9,2248.55,35.58000000000002,2.2023921528218846,88100,False,False
SIDO.JK,352.0,350.6666666666667,349.6,351.8,352.2,360.4,385.37,5.399999999999977,1.0014591494795209,6024600,True,False
SICO.JK,115.0,114.33333333333333,114.4,115.0,114.3,111.24,110.9,3.760000000000005,1.7605757324711726,1749700,True,True
SHIP.JK,2710.0,2720.0,2696.0,2634.0,2459.5,2151.0,2139.392766113281,56.9,5.278581248231209,8000,False,False
SHID.JK,730.0,760.0,780.0,760.5,652.75,614.9,651.3,33.02,11.924512919254996,21900,False,False
SGRO.JK,4510.0,4660.0,4720.0,4836.0,4839.25,4177.9,3588.167912597656,66.13500000000003,1.7029429148288255,12200,False,False
SGER.JK,700.0,690.0,687.0,683.5,634.5,527.0,439.86,34.6,4.181197338259091,31776500,False,False
SFAN.JK,2020.0,2026.6666666666667,2030.0,2034.0,2034.0,1998.8,1980.0,3.5200000000000045,0.557190370691015,21600,True,False
SEMA.JK,242.0,236.66666666666666,210.6,164.4,136.75,112.4,106.83,64.8,11.157933605418956,49957300,False,False
SDRA.JK,212.0,214.0,214.4,216.6,219.0,216.56,224.72,3.5,0.7527147261939262,271800,True,False
SDPC.JK,192.0,195.66666666666666,195.8,197.9,196.5,188.42,184.73600051879882,9.480000000000018,2.3343517403191334,9900,False,False
SDMU.JK,91.0,91.66666666666667,91.0,91.0,90.45,84.48,84.48,7.186666666666667,1.4151705045116192,3804900,False,False
SCNP.JK,158.0,156.66666666666666,155.6,155.7,154.1,153.92,151.77427352905272,4.0800000000000125,0.8303817643346284,26700,True,False
SCMA.JK,195.0,195.0,196.6,199.7,202.85,203.74,209.7466650390625,8.740000000000009,0.9868549556081687,13391800,False,False
SCCO.JK,2870.0,2956.6666666666665,2792.0,2685.0,2521.0,2388.2,2315.5308227539062,56.84666666666667,6.492278214695187,121100,False,False
SBMA.JK,114.0,113.0,111.8,111.0,109.45,108.32,109.67,5.680000000000007,1.7275750756190194,1070800,True,True
SATU.JK,238.0,239.33333333333334,241.2,245.4,245.6,257.84,261.96,9.919999999999987,1.0850917296841978,61900,False,False
SAPX.JK,330.0,375.3333333333333,427.2,367.0,298.0,247.32,234.52,89.94,15.986428473100233,38313400,False,False
SAMF.JK,314.0,310.6666666666667,316.4,319.4,308.1,290.36,288.2739305114746,14.519999999999982,2.0117274404200844,23600,False,False
SAME.JK,300.0,298.6666666666667,298.8,304.4,306.5,302.52,314.92,3.916666666666657,2.017689128379501,138500,True,False
SAGE.JK,30.0,30.333333333333332,30.6,31.1,30.2,31.7,29.8,1.6999999999999993,5.061968590356371,1655100,False,False
SAFE.JK,1160.0,1058.3333333333333,985.0,930.0,799.65,547.94,438.13,122.41199999999999,4.7604127756757135,633300,False,False
RUNS.JK,71.0,69.66666666666667,70.2,73.0,68.0,66.64,72.31,6.359999999999999,4.334933522835818,324800,False,False
RUIS.JK,204.0,202.66666666666666,205.2,206.8,206.5,204.42,196.0140625,2.066666666666677,1.5641137105546752,103600,True,False
RSCH.JK,432.0,432.0,432.0,424.0,383.5,330.92,308.56,50.53999999999999,2.8808825395793045,14273000,False,False
ROTI.JK,585.0,586.6666666666666,586.0,586.5,585.25,592.1,591.1,1.4200000000000046,0.6292609353070171,74900,True,False
RONY.JK,1505.0,1418.3333333333333,1405.0,1481.0,1359.0,1300.4,1247.9,40.91999999999998,9.105935018772342,56600,False,False
RODA.JK,67.0,65.33333333333333,64.8,64.4,64.55,63.9,63.5,3.1000000000000014,3.2690741543746444,30139100,True,True
ROCK.JK,2020.0,2033.3333333333333,2032.0,2061.0,2067.5,1950.7,1952.6,11.679999999999996,3.0031181047967586,4200,False,False
RMKO.JK,328.0,328.0,334.8,341.4,319.1,312.8,340.85,14.299999999999983,2.9276757979119417,2714200,False,False
RMKE.JK,400.0,402.6666666666667,405.6,415.4,419.6,422.44,475.57440856933596,11.219999999999999,2.160067024697117,37342800,False,False
RLCO.JK,4350.0,4320.0,4370.0,4535.0,4457.5,4363.0,4003.0,21.5,1.9940196168360724,144900,False,False
RISE.JK,805.0,798.3333333333334,801.0,827.0,859.0,922.9,1080.55,24.91333333333332,2.1654138142185526,499400,False,False
RIGS.JK,640.0,638.3333333333334,663.0,686.5,687.0,684.1,681.4,9.733333333333325,3.6036048289899556,86800,False,False
RICY.JK,79.0,78.33333333333333,78.6,79.2,79.2,78.82,81.31,0.8666666666666742,0.8439765272164482,171500,True,False
RGAS.JK,110.0,108.66666666666667,109.8,113.5,150.05,190.94,159.07429138183593,82.27333333333333,2.7481113807686635,12284800,False,False
RELI.JK,540.0,550.0,551.0,552.0,541.25,509.9,501.88,8.420000000000005,1.6807698129649578,11800,False,False
RELF.JK,42.0,40.333333333333336,39.0,39.0,37.0,35.86,36.2,6.140000000000001,5.161069083363587,38719400,False,False
REAL.JK,50.0,50.0,50.0,50.0,50.1,50.72,51.187416572570804,0.7199999999999989,0.0,554000,True,False
RDTX.JK,13100.0,13100.0,13210.0,13357.5,13480.0,13601.5,14217.94556640625,20.06,1.9519464723421882,0,False,False
RCCC.JK,114.0,112.66666666666667,113.2,114.7,113.5,103.1,99.92,11.600000000000009,1.2304894480658535,822700,False,False
RBMS.JK,62.0,62.333333333333336,62.4,62.4,62.6,63.88,63.55,1.8800000000000026,2.1424652423171393,4820900,True,False
RATU.JK,4320.0,4340.0,4410.0,4497.0,4412.0,4761.3,4927.748081054688,44.13000000000002,1.8509319575948975,3387500,False,False
RANC.JK,545.0,536.6666666666666,539.0,545.5,537.5,528.1,530.27,3.4799999999999955,1.7270789628992735,5900,True,False
RALS.JK,384.0,386.6666666666667,388.4,388.8,385.4,382.6,383.8355563354492,3.0999999999999943,0.8210207955706251,2730100,True,True
RAJA.JK,765.0,768.3333333333334,785.0,801.0,810.75,853.7,802.5931744384766,17.74000000000001,2.271750453637897,22468500,False,False
RAAM.JK,176.0,177.66666666666666,176.8,180.4,184.7,194.2,200.16,18.19999999999999,1.5245327232231936,10297300,False,False
PZZA.JK,191.0,187.33333333333334,188.2,192.6,189.05,186.0,188.1935299682617,6.599999999999994,2.262271119680196,4075300,False,False
PYFA.JK,252.0,253.33333333333334,251.6,260.2,252.4,227.36,237.6,16.419999999999987,3.045300603504517,9539700,False,False
PWON.JK,270.0,269.3333333333333,270.0,273.2,272.4,266.28,267.75717590332033,3.460000000000008,0.9177654019669313,6968000,True,True
PURI.JK,160.0,161.66666666666666,162.2,158.8,154.25,144.06,143.94,18.139999999999986,2.6542830832577837,3756700,False,False
PURA.JK,31.0,31.666666666666668,32.0,32.3,32.0,31.8,32.25,1.2999999999999972,2.5153963191762028,1230200,True,False
PUDP.JK,270.0,272.0,272.0,273.4,274.7,290.0,299.3002590942383,10.0,1.0296035287347913,66200,False,False
PTSP.JK,1230.0,1236.6666666666667,1243.0,1264.0,1157.0,1008.7,951.9,51.05999999999999,5.131375280206931,5100,False,False
PTSN.JK,424.0,448.0,433.2,365.6,331.7,291.32,274.6094477844238,78.34,10.772161692383259,4255800,False,False
PTRO.JK,5350.0,5200.0,5260.0,5345.0,5250.0,4897.9,4631.85,18.084000000000014,2.4232986925869078,25489400,False,False
PTPW.JK,1165.0,1168.3333333333333,1172.0,1179.5,1177.75,1164.0,1090.8877752685546,3.1,0.5284781488637834,12600,True,False
PTPS.JK,157.0,156.0,159.4,163.1,161.0,150.7,144.19,12.400000000000006,1.8472213161971913,637700,False,False
PTPP.JK,199.0,197.33333333333334,198.6,203.1,204.35,203.98,207.35,7.0166666666666515,1.395435639535994,3208300,False,False
PTMP.JK,64.0,64.33333333333333,64.2,64.3,64.65,63.84,63.03,0.8100000000000023,1.2260544066478432,6104100,True,True
PTIS.JK,262.0,262.0,260.4,259.4,258.9,263.92,279.36,2.5100000000000193,2.438563927230687,98300,True,False
PTBA.JK,3080.0,3033.3333333333335,3056.0,3037.0,2801.0,2546.8,2556.974475097656,53.31999999999998,2.085595117047896,17810000,False,False
PSSI.JK,356.0,355.3333333333333,356.0,355.0,342.8,329.56,316.01140869140625,13.219999999999999,1.4451887800583496,123800,False,False
PSKT.JK,234.0,234.66666666666666,236.0,240.4,239.5,222.92,217.11,8.740000000000009,3.899002272958676,8398000,False,False
PSGO.JK,194.0,194.66666666666666,194.2,195.0,194.95,196.08,194.13753860473633,2.0800000000000125,0.8719000000375666,58700,True,False
PSDN.JK,136.0,134.66666666666666,136.2,139.1,136.8,129.5,132.44,9.599999999999994,3.7627531350908026,1484000,False,False
PSAT.JK,865.0,861.6666666666666,867.0,881.5,888.75,870.6,854.1,5.416666666666674,0.8555656919470057,44900,True,False
PSAB.JK,555.0,550.0,549.7894775390625,546.7894714355468,563.2894805908203,483.49264038085937,435.7370617675781,15.959368041992184,1.7465611644635264,30748400,False,False
PRIM.JK,120.0,120.33333333333333,120.0,120.0,119.0,109.88,97.28,10.453333333333333,2.2887697504710323,3024700,False,False
PRDA.JK,2830.0,2820.0,2816.0,2812.0,2702.5,2519.8,2511.5204736328124,31.019999999999982,1.4280149881132003,336300,False,False
PRAY.JK,740.0,736.6666666666666,740.0,744.0,752.75,734.6,718.95,3.6299999999999955,1.006335337316705,3700,True,False
PPRO.JK,15.0,15.0,15.2,15.4,15.75,16.5,16.78,1.5,4.750933956264825,5243900,False,False
PPRI.JK,171.0,172.33333333333334,173.0,177.4,159.6,152.16,153.17,25.24000000000001,9.184288554224551,1560800,False,False
PPRE.JK,105.0,105.0,105.0,105.9,106.25,105.86,106.68,1.25,1.3420236635766873,7692100,True,False
PPGL.JK,468.0,468.0,468.0,463.8,378.8,277.96,237.77,95.02000000000001,4.143238354994107,0,False,False
POWR.JK,990.0,981.6666666666666,992.0,970.0,933.5,818.7,759.0491455078125,34.65999999999999,3.411242605707373,4252600,False,False
PORT.JK,960.0,961.6666666666666,960.0,935.5,919.5,893.8,890.5,13.573333333333334,1.5308971042643973,8400,False,False
POLY.JK,32.0,32.0,32.0,32.0,32.0,32.0,32.0,0.0,0.0,0,True,False
POLU.JK,17225.0,17008.333333333332,16950.0,17445.0,17036.25,14115.0,13421.0,133.2,5.42161620087465,18400,False,False
POLI.JK,905.0,883.3333333333334,887.0,936.5,893.25,796.2,850.65,28.05999999999999,4.07332646284586,7900,False,False
PNSE.JK,482.0,493.3333333333333,494.8,496.4,498.25,495.56,527.53,8.125,1.2146714489510853,4300,False,False
PNLF.JK,222.0,221.33333333333334,221.6,224.2,226.3,227.12,229.71,2.893333333333331,0.6242797517689729,1218500,True,False
PNIN.JK,720.0,716.6666666666666,720.0,723.5,723.25,722.0,736.5,1.3666666666666742,0.6353936394919872,13800,True,False
PNGO.JK,3590.0,3523.3333333333335,3532.0,3543.0,3514.0,3520.6,3502.9,7.6,3.0665488116673076,2100,False,False
PNBS.JK,50.0,50.0,50.0,50.0,50.0,50.1,50.2,0.10000000000000142,0.0,42000,True,False
PNBN.JK,890.0,891.6666666666666,897.0,906.5,902.5,898.9,903.8988745117188,3.3,0.6942003972353725,448000,True,False
PMUI.JK,103.0,102.66666666666667,102.8,103.8,102.6,94.9,89.20313911437988,8.899999999999991,1.385135320104862,267700,False,False
PMJS.JK,145.0,144.33333333333334,143.6,146.0,141.35,123.94,117.73620162963867,22.060000000000002,1.248038493073238,160800,False,False
PLAN.JK,64.0,62.666666666666664,64.8,67.7,56.1,45.22,43.6,22.480000000000004,7.563448391617222,3408700,False,False
PKPK.JK,4180.0,4183.333333333333,4250.0,4354.0,4026.0,3816.0,3374.2,53.8,6.049282860054949,449300,False,False
PJHB.JK,178.0,177.66666666666666,178.6,182.4,183.4,174.54,181.8,8.860000000000014,1.1589522487370019,437500,False,False
PJAA.JK,468.0,467.3333333333333,468.4,467.4,464.7,459.92,463.82,4.239999999999981,0.8717775641486113,32000,True,False
PIPA.JK,178.0,180.33333333333334,186.2,198.1,195.15,151.22,136.44,46.879999999999995,7.026590854589901,60627100,False,False
PICO.JK,178.0,179.0,178.4,183.6,183.85,151.72,145.72,32.129999999999995,2.9810203674843097,243800,False,False
PGUN.JK,10675.0,9833.333333333334,9675.0,9695.0,9762.5,8434.0,8116.07609375,89.64,4.6583999023669875,344300,False,False
PGLI.JK,212.0,210.0,208.4,210.2,210.1,204.6,201.46,3.700000000000003,1.5840978777649666,59800,True,False
PGJO.JK,885.0,885.0,880.0,895.5,911.75,798.5,788.3,22.65,2.7142230411495696,559600,False,False
PGEO.JK,1050.0,1048.3333333333333,1040.0,1034.0,1037.75,1031.5,975.8344274902344,3.7,1.3043227391098258,4611100,True,True
PGAS.JK,1515.0,1521.6666666666667,1527.0,1527.5,1530.0,1513.3,1561.8901403808593,3.340000000000009,1.2134516113746476,19355800,True,False
PEVE.JK,304.0,306.0,307.2,312.6,313.4,319.64,330.3,7.819999999999993,1.2752777263924864,715600,False,False
PEHA.JK,298.0,292.6666666666667,292.8,302.0,296.7,275.8,273.3225442504883,13.099999999999994,3.324872448912244,447200,False,False
PEGE.JK,137.0,133.33333333333334,131.6,130.6,124.05,108.965,115.22457321166992,28.034999999999997,2.1089533245753205,16711900,False,False
PDPP.JK,338.0,338.0,337.6,330.6,330.3,302.52,293.1027537536621,17.74000000000001,1.264308475018807,56600,False,False
PDES.JK,374.0,375.3333333333333,376.4,379.8,384.1,394.04,442.2911743164062,10.02000000000001,1.2506106788061335,29100,False,False
PCAR.JK,44.0,43.666666666666664,43.4,43.2,42.5,41.32,39.5,2.6799999999999997,2.574099950456942,769700,True,False
PBSA.JK,750.0,748.3333333333334,749.0,772.5,800.75,782.9,778.5787512207031,10.483333333333325,1.5068048556216467,872300,False,False
PBRX.JK,26.0,26.0,26.0,26.8,26.6,26.62,28.36,0.8000000000000007,2.30562128322553,513500,True,False
PBID.JK,530.0,526.6666666666666,526.0,527.5,529.0,518.12,499.3717153930664,2.375999999999999,0.6319299844149644,347800,True,False
PART.JK,112.0,107.33333333333333,104.6,105.5,107.9,104.28,102.96637672424316,7.719999999999999,4.264428608441309,36264100,False,False
PANS.JK,1655.0,1648.3333333333333,1645.0,1645.0,1611.0,1575.4,1539.004307861328,15.919999999999982,0.8750014500262181,127900,False,False
PANR.JK,410.0,410.6666666666667,416.0,422.2,423.8,418.24,440.0294119262695,6.900000000000006,0.9916817483778441,60100,False,False
PANI.JK,5450.0,5458.333333333333,5515.0,5705.0,5828.75,6014.5,6645.829765625,22.58,0.7497962117381625,4667000,False,False
PAMG.JK,56.0,55.333333333333336,55.6,56.0,55.8,55.7,55.43,0.6666666666666643,1.9452638999109928,2058000,True,True
PALM.JK,290.0,291.3333333333333,292.4,293.6,293.6,295.28,311.63749755859374,2.6399999999999864,0.8346474373841758,28100,True,False
PADI.JK,67.0,68.66666666666667,69.8,70.8,71.95,72.0333332824707,80.14510948181152,5.033333282470707,1.6600187803155846,321331100,True,False
PADA.JK,198.0,193.0,195.6,207.2,215.4,174.22,154.5,41.18000000000001,2.782698173249245,20242100,False,False
PACK.JK,615.0,578.3333333333334,571.0,565.5,524.95,355.22,308.75,51.955999999999996,3.105808416236804,108690600,False,False
OPMS.JK,118.0,118.33333333333333,117.4,119.1,120.8,115.78,112.08,5.019999999999996,1.5265347398204174,959000,True,False
OMRE.JK,965.0,961.6666666666666,952.0,978.5,970.25,1007.6,985.05,11.120000000000005,3.083104858222151,200,False,False
OMED.JK,220.0,215.33333333333334,214.8,222.6,230.0,221.2,223.26303680419923,7.599999999999994,4.137495945431643,7064500,False,False
OLIV.JK,56.0,58.666666666666664,60.4,60.8,53.7,51.28,52.22,9.519999999999996,8.20768603181347,8405500,False,False
OKAS.JK,114.0,115.66666666666667,116.4,118.6,120.2,112.02,109.38,8.180000000000007,1.4973884422228487,1175000,False,False
OILS.JK,314.0,315.3333333333333,316.8,304.4,273.1,244.08,226.64,36.36,3.174580116201885,2824500,False,False
OBMD.JK,212.0,208.0,202.2,197.7,194.8,191.86,191.73,10.069999999999993,2.2779456154148154,798200,False,False
OBAT.JK,238.0,238.0,238.4,241.8,240.8,243.4,254.23927612304686,2.700000000000003,4.398326620609896,175900,False,False
OASA.JK,280.0,278.6666666666667,287.6,303.4,314.1,318.88,320.56,20.106666666666655,2.316309358741143,8044600,False,False
NTBK.JK,81.0,81.66666666666667,82.2,84.5,82.8,88.42,80.86747642517089,7.420000000000002,2.6790927001920024,6785000,False,False
NSSS.JK,810.0,793.3333333333334,793.0,820.0,845.75,860.1,732.0260681152344,13.420000000000005,2.3771249729603805,1871600,False,False
NRCA.JK,565.0,548.3333333333334,550.0,556.0,569.25,527.68,496.5231942749023,8.31400000000001,2.135784226265267,5981700,False,False
NPGF.JK,56.0,56.0,56.4,57.2,57.65,58.04117218017578,61.64098232269287,2.041172180175778,0.7333718830508681,5021700,True,False
NOBU.JK,520.0,515.0,516.0,528.5,517.5,485.14,477.61,8.672000000000002,1.717433483558618,22267000,False,False
NISP.JK,1265.0,1270.0,1272.0,1265.0,1257.25,1252.1,1258.6,3.980000000000018,0.9847728505094226,4621900,True,True
NIRO.JK,184.0,181.66666666666666,181.0,179.3,170.55,159.34,163.38,24.659999999999997,3.587023606047933,198200,False,False
NINE.JK,89.0,86.0,88.4,92.4,93.7,83.04,91.07,10.659999999999997,5.16254776361663,15352600,False,False
NIKL.JK,222.0,222.0,223.2,228.6,214.55,200.38,225.62,14.11,7.106482352354328,2900600,False,False
NICL.JK,454.0,455.3333333333333,460.8,475.0,486.85,487.18,560.1350280761719,16.590000000000003,1.8723380665717229,40911200,False,False
NICK.JK,2600.0,2620.0,2548.0,2503.0,2151.5,1593.5,1339.1,102.65,2.745816741384349,9400,False,False
NICE.JK,358.0,360.0,360.0,365.6,349.5,293.48,286.24,36.06,3.384041796553043,646600,False,False
NFCX.JK,1665.0,1688.3333333333333,1701.0,1715.0,1705.0,1619.1,1659.65,19.180000000000017,1.2781359265228311,1600,False,False
NETV.JK,50.0,50.0,50.0,50.0,50.0,50.68,58.74,0.6799999999999997,0.0,140900,True,False
NEST.JK,725.0,723.3333333333334,731.0,734.0,720.75,685.5,605.22,9.7,1.7791770241574472,3042800,False,False
NELY.JK,206.0,209.33333333333334,209.6,210.2,208.9,205.5,220.08000061035156,2.3499999999999943,1.8542802374810805,231500,True,False
NCKL.JK,930.0,921.6666666666666,925.0,944.0,949.75,907.6471997070313,885.6388952636719,8.420560058593741,2.6535001563273535,16556000,False,False
NAYZ.JK,78.0,76.66666666666667,75.2,75.1,73.8,64.16,62.29,13.840000000000003,2.454696142111832,16260200,False,False
NATO.JK,955.0,981.6666666666666,1002.0,1089.0,924.0,755.7,677.35,66.66,9.357589322635473,304500,False,False
NASI.JK,172.0,164.66666666666666,164.4,162.1,153.9,137.36,130.57,34.639999999999986,2.6122205201119226,44009400,False,False
NASA.JK,39.0,36.333333333333336,35.2,33.9,31.95,30.94,33.02,8.059999999999999,5.607887593889801,855900,False,False
NANO.JK,34.0,34.0,35.0,34.8,34.45,31.34,29.54,3.66,4.662324224430852,9496800,False,False
NAIK.JK,92.0,92.33333333333333,92.4,93.9,93.55,89.88,89.83826927185059,4.02000000000001,1.3833222936815344,1434400,True,True
MYTX.JK,41.0,41.0,41.0,41.0,41.0,41.0,44.63,0.0,0.0,0,True,False
MYOR.JK,1515.0,1500.0,1503.0,1520.0,1557.5,1649.5,1698.26412109375,29.9,1.0329348350974337,5044700,False,False
MYOH.JK,1050.0,1051.6666666666667,1075.0,1110.0,1125.75,1079.1,1090.033916015625,15.15,1.9815860039230515,78300,False,False
MUTU.JK,133.0,133.66666666666666,133.4,126.4,126.25,116.94,111.76799934387208,16.72666666666666,6.090311175845371,32066300,False,False
MTWI.JK,270.0,269.3333333333333,269.2,269.2,259.6,259.92,270.46041854858396,5.199999999999989,1.5857461360617517,38000,True,False
MTMH.JK,950.0,948.3333333333334,943.0,952.0,965.75,945.6,959.7530841064453,4.55,1.163591554154631,2100,True,False
MTLA.JK,525.0,526.6666666666666,531.0,531.0,524.25,520.6,511.62345703125,2.0799999999999956,1.1300464761434623,4500,True,False
MTFN.JK,13.0,13.0,13.0,13.0,13.0,13.0,14.79,0.0,0.0,0,True,False
MTEL.JK,480.0,485.3333333333333,483.2,488.8,475.7,461.16,470.1176873779297,13.819999999999993,1.6942795211402648,4180200,False,False
MTDL.JK,505.0,506.6666666666667,507.0,514.5,511.75,511.3,513.1635000610352,1.9,1.1868537481022208,1364900,True,False
MSTI.JK,1350.0,1351.6666666666667,1355.0,1359.5,1351.25,1334.1,1288.1042541503907,5.080000000000018,1.328731200139367,530700,True,False
MSKY.JK,69.0,69.66666666666667,71.0,70.1,67.3,64.72,66.52,6.280000000000001,9.157769896143767,8254300,False,False
MSJA.JK,825.0,830.0,820.0,731.5,585.85,481.66,456.1768869018555,69.66799999999999,10.79542630397877,5697800,False,False
MSIN.JK,304.0,303.3333333333333,302.8,309.4,316.1,373.48,481.62,35.34,2.856171551896739,27295600,False,False
MSIE.JK,173.0,175.33333333333334,170.0,153.2,129.2,105.7,111.76,69.63333333333334,5.731810924021638,2390400,False,False
MREI.JK,920.0,920.0,920.0,920.0,920.0,920.0,949.6,0.0,0.0,0,True,False
MRAT.JK,390.0,388.6666666666667,389.6,393.0,403.0,424.8,430.94,18.066666666666663,2.5912839738483826,16000,False,False
MPXL.JK,166.0,167.66666666666666,168.6,168.7,168.35,159.34,158.57,9.359999999999985,1.861352059946358,160000,False,False
MPRO.JK,11675.0,11875.0,11955.0,11997.5,12198.75,11807.5,10257.0,20.95,1.1303689534767456,1200,False,False
MPPA.JK,37.0,39.333333333333336,40.2,41.7,43.6,46.18,46.85,9.18,2.766314831921243,6408400,False,False
MPOW.JK,114.0,114.33333333333333,113.6,114.1,113.4,106.52,107.44,7.813333333333333,2.235394846617145,2264000,False,False
MPMX.JK,1025.0,1023.3333333333334,1025.0,1034.5,1026.5,1007.2,954.9714965820312,5.459999999999991,0.9163651954591593,2126300,True,True
MPIX.JK,179.0,182.66666666666666,167.0,142.3,124.3,106.84,97.29,75.82666666666665,9.46963385664303,26803500,False,False
MORA.JK,5100.0,5100.0,5105.0,5252.5,5308.75,5718.0,6108.65,24.72,1.2821424513793858,89200,False,False
MOLI.JK,324.0,322.0,319.6,318.6,306.0,277.48,259.3101029968262,23.25999999999999,2.362281363178378,5108400,False,False
MNCN.JK,200.0,200.66666666666666,200.8,202.4,202.2,203.88,208.86,3.8799999999999955,2.1066847753501183,20630200,True,False
MMLP.JK,314.0,306.6666666666667,304.4,304.4,302.3,298.24,305.82,7.8799999999999955,1.4383571586706243,2993600,False,False
MMIX.JK,845.0,855.0,854.0,835.5,809.0,761.8,639.7,18.640000000000008,1.256353116580127,14660000,False,False
MLPT.JK,1175.0,1156.6666666666667,1161.0,1187.0,1253.25,1317.32,1040.2225628662109,32.13066666666664,1.953283833986779,9566900,False,False
MLPL.JK,89.0,88.66666666666667,89.0,90.5,91.8,92.54,89.46,3.873333333333335,1.4345814622448099,11213600,True,False
MLIA.JK,216.0,215.33333333333334,216.8,220.8,225.4,230.4,239.46,7.533333333333331,0.9701983351395908,13600,False,False
MLBI.JK,6850.0,6841.666666666667,6840.0,6855.0,6865.0,6715.5,6264.205903320312,5.98,1.0000149335467166,4800,True,False
MKTR.JK,124.0,124.0,123.4,123.1,122.75,121.78,122.7323323059082,2.219999999999999,0.854945326374782,85700,True,False
MKPI.JK,21625.0,21725.0,21735.0,21815.0,21927.5,21726.5,21326.85494140625,12.1,0.31540348353825043,40900,False,False
MKAP.JK,1130.0,1133.3333333333333,1130.0,1124.5,1130.75,1152.0,1123.6066088867187,5.5,0.7800460560645884,2269600,True,True
MITI.JK,282.0,275.3333333333333,275.2,250.2,238.3,205.3,199.94,38.349999999999994,9.304879041535381,6722800,False,False
MIRA.JK,23.0,23.666666666666668,24.2,24.7,25.25,24.04,22.11,2.25,2.5327517153028785,424300,True,False
MINE.JK,302.0,302.0,295.6,287.0,266.3,241.64,250.78,30.180000000000007,2.568133395025129,1767700,False,False
MINA.JK,248.0,257.3333333333333,262.8,269.0,273.0,273.88,290.48,12.939999999999998,1.488952555427205,40392600,False,False
MIKA.JK,1760.0,1786.6666666666667,1816.0,1855.5,1859.25,1801.7,1743.8355114746093,19.85,1.9744046839102838,845100,False,False
MIDI.JK,270.0,270.0,268.4,271.6,274.5,278.88,286.99033935546873,5.240000000000009,1.4314757228602493,2325000,True,False
MICE.JK,560.0,545.0,544.0,551.0,545.25,528.4,509.3181210327148,6.320000000000005,2.5395986274310953,1100,False,False
MHKI.JK,131.0,131.0,130.8,137.0,140.4,136.68,137.92249320983888,9.599999999999994,2.39982981273815,841100,False,False
MGRO.JK,690.0,685.0,685.0,686.5,682.5,677.0,673.4,2.6,1.0514304970768558,2610700,True,True
MGNA.JK,210.0,185.66666666666666,167.8,136.2,116.35,106.68,109.83,51.66,13.857923187494888,149340900,False,False
MGLV.JK,14325.0,14416.666666666666,14630.0,14362.5,12945.0,10326.5,9165.25,172.14,5.270941437173846,253600,False,False
MERK.JK,3940.0,3930.0,3920.0,3903.0,3904.0,3907.4,3812.275769042969,3.7,0.4557507209953673,9500,True,False
MERI.JK,119.0,119.33333333333333,119.0,120.5,121.3,113.28,116.67,8.019999999999996,1.8620793119356076,1341500,False,False
MEJA.JK,116.0,115.66666666666667,115.2,115.1,116.3,104.52,98.85,11.780000000000001,3.127067907388482,8012300,False,False
MEGA.JK,1940.0,1951.6666666666667,1953.0,1968.0,1970.0,1982.2,2001.15,8.440000000000008,0.5344180463190884,14400,False,False
MEDS.JK,89.0,84.0,84.0,87.3,79.75,77.76,80.68,11.239999999999995,12.67506442655781,505214300,False,False
MEDC.JK,1550.0,1560.0,1562.0,1547.0,1474.75,1366.0,1337.195399169922,39.2,1.5305822158621567,16399600,False,False
MDRN.JK,26.0,26.0,26.0,26.0,26.0,26.0,30.62,0.0,0.0,0,True,False
MDLN.JK,50.0,50.0,50.0,50.0,50.0,50.06,50.73,0.060000000000002274,0.0,2100,True,False
MDLA.JK,204.0,205.33333333333334,206.0,207.4,207.5,208.16,205.38730117797851,2.0799999999999983,0.7574772959307366,297400,True,False
MDKI.JK,193.0,193.66666666666666,194.2,196.0,194.0,187.44,183.20213623046874,8.560000000000002,0.8880372877571782,35700,False,False
MDKA.JK,2860.0,2840.0,2890.0,2952.0,2955.5,2830.8,2794.5158276367188,12.469999999999981,3.528841278492467,11555200,False,False
MDIY.JK,950.0,950.0,946.0,948.0,950.5,944.8,889.6966046142578,1.140000000000009,1.414682017434328,73500,True,False
MDIA.JK,199.0,203.33333333333334,205.2,215.4,237.4,195.48,143.78,41.920000000000016,8.957666657671492,134897200,False,False
MCOR.JK,70.0,69.66666666666667,69.4,69.5,69.5,68.8,68.09,1.2000000000000028,1.2603181329891708,843700,True,False
MCOL.JK,3680.0,3650.0,3650.0,3700.0,3704.0,3726.6,3728.423474121094,7.659999999999991,1.0565040542627009,6100,False,False
MCAS.JK,266.0,266.6666666666667,266.8,277.8,282.8,251.34,248.93,15.730000000000004,2.5468333592359804,2638800,False,False
MBTO.JK,153.0,151.66666666666666,155.6,145.2,136.05,127.62,119.73,27.97999999999999,7.532363104406493,1636500,False,False
MBSS.JK,2880.0,2883.3333333333335,2886.0,2874.0,2853.0,2773.6,2588.35,11.240000000000009,0.44484643012555186,389500,False,False
MBMA.JK,520.0,505.3333333333333,508.2,521.1,535.8,524.9,528.4,6.093333333333328,4.100899896910538,93096400,False,False
MBAP.JK,1720.0,1711.6666666666667,1706.0,1740.5,1648.25,1509.0,1499.35,46.3,2.066318013645968,13500,False,False
MAYA.JK,195.0,195.66666666666666,196.2,197.2,198.3,197.72,193.5,3.3000000000000114,0.7898539303814831,375900,True,False
MAXI.JK,50.0,50.0,50.0,50.0,50.0,50.0,50.46,0.0,0.0,79700,True,False
MASB.JK,3290.0,3273.3333333333335,3314.0,3356.0,3373.5,3382.0,3346.1,10.866666666666651,1.8409880542191566,9700,False,False
MARK.JK,1195.0,1176.6666666666667,1149.0,1114.5,1097.0,1062.1603576660157,943.4248266601562,26.567928466796864,1.6661957530202023,6539400,False,False
MARI.JK,23.0,23.0,23.0,23.0,23.0,23.0,24.6,0.0,0.0,0,True,False
MAPI.JK,1385.0,1383.3333333333333,1363.0,1375.5,1421.5,1498.7,1476.039822998047,27.140000000000008,2.0925527098547203,1075500,False,False
MAPB.JK,1220.0,1233.3333333333333,1244.0,1223.5,1199.25,1129.7,1220.65,22.859999999999992,2.8981537934714177,300,False,False
MAPA.JK,655.0,648.3333333333334,651.0,674.0,683.5,652.0,627.296015625,7.033333333333326,1.8596828450771103,2847700,False,False
MANG.JK,38.0,38.333333333333336,38.6,40.8,39.55,39.24,42.94,2.799999999999997,5.6114326345591214,5936800,False,False
MAIN.JK,670.0,665.0,667.0,681.5,676.0,682.4,710.0009704589844,3.4799999999999955,1.929642232483061,343300,True,False
MAHA.JK,143.0,143.33333333333334,143.8,145.9,146.5,144.32,139.47333465576173,3.5,1.0196276266857955,1056400,True,True
LUCK.JK,119.0,118.0,117.4,118.1,115.5,111.26,109.02,7.739999999999995,2.258560932128348,2781700,False,False
LTLS.JK,1005.0,1003.3333333333334,1027.0,1003.5,926.0,854.0,810.7122509765625,34.6,5.210978925578693,67100,False,False
LSIP.JK,1735.0,1710.0,1707.0,1698.0,1598.75,1471.2,1380.013953857422,52.75999999999999,1.9210176556497018,4744400,False,False
LRNA.JK,218.0,219.33333333333334,215.6,210.7,200.95,190.52,189.33,14.406666666666666,2.6828767924944206,81200,False,False
LPPS.JK,82.0,81.33333333333333,81.4,82.0,82.05,80.16,77.03,1.8900000000000006,0.8983737014984268,168900,True,False
LPPF.JK,1615.0,1616.6666666666667,1620.0,1632.5,1620.75,1589.2,1579.7,8.659999999999991,1.1547888221827194,457400,False,False
LPLI.JK,230.0,232.0,232.8,236.6,239.7,243.92,249.88,6.959999999999994,1.1327357456578988,289600,False,False
LPKR.JK,59.0,59.0,59.8,60.9,61.85,61.9,65.79,2.8999999999999986,1.5306652335927915,77446700,True,False
LPIN.JK,434.0,432.6666666666667,431.2,431.8,428.5,422.04,414.4580993652344,5.97999999999999,0.46077548729310414,35200,True,False
LPGI.JK,645.0,645.0,645.0,641.5,640.5,644.1,663.872465209961,0.9,1.4662102266444708,700,True,False
LPCK.JK,595.0,598.3333333333334,595.0,596.0,598.75,571.4,555.79,5.470000000000004,1.2880741910596798,160700,True,False
LOPI.JK,63.0,62.666666666666664,62.2,62.6,70.4,67.34,76.87,8.200000000000003,4.985118636821446,2525900,False,False
LMPI.JK,162.0,162.0,160.6,161.1,161.3,150.16,148.94,11.840000000000003,1.272496572183404,145800,False,False
LMAX.JK,113.0,109.66666666666667,108.0,110.1,109.85,112.06,112.92,5.0,4.571405804962801,1108000,False,False
LIVE.JK,182.0,183.33333333333334,187.6,188.5,190.2,200.02,209.99,18.02000000000001,2.2447246363258624,591900,False,False
LION.JK,376.0,368.6666666666667,369.2,376.2,367.4,355.04,357.3,10.579999999999984,1.8069146313634759,42200,False,False
LINK.JK,1670.0,1655.0,1680.0,1671.5,1590.75,1490.1,1475.4,37.98000000000002,4.0905080537259515,21000,False,False
LIFE.JK,12725.0,12725.0,12725.0,12725.0,10321.25,7618.0,7017.05568359375,204.28,3.217035714889914,0,False,False
LFLO.JK,570.0,546.6666666666666,538.0,527.5,524.75,506.22,525.0489733886719,12.755999999999995,2.9858980246888924,112000,False,False
LEAD.JK,106.0,105.66666666666667,107.8,109.4,109.25,106.68,106.89,3.7333333333333343,3.046333668469028,9366600,True,False
LCKM.JK,109.0,109.0,109.0,109.0,109.0,109.12,113.72,0.12000000000000455,0.0,0,True,False
LAPD.JK,87.0,83.33333333333333,82.4,76.5,73.2,68.5,69.86,18.5,12.527378093458546,467443400,False,False
LAND.JK,70.0,71.33333333333333,72.2,73.4,73.85,75.02,71.31,5.019999999999996,2.2903949298644126,8643500,True,False
LAJU.JK,71.0,70.66666666666667,70.2,72.3,70.25,68.18,68.24868526458741,4.11999999999999,2.89096733132867,9091100,True,True
LABS.JK,170.0,169.33333333333334,169.6,175.3,170.15,160.38,155.05,14.920000000000016,8.799191446058435,5978200,False,False
LABA.JK,126.0,127.0,126.0,127.6,119.95,104.18,102.53,23.419999999999987,3.7976657382419927,10665200,False,False
KUAS.JK,101.0,100.0,99.8,101.7,99.55,94.8,96.07742324829101,6.900000000000006,2.3637185652124955,7842800,False,False
KSIX.JK,406.0,406.6666666666667,406.8,409.0,412.9,360.28,348.66,26.310000000000002,1.1483811231404335,67800,False,False
KRYA.JK,68.0,68.66666666666667,68.0,67.9,66.85,63.34,63.43,5.326666666666668,1.9543356461297254,36619500,True,True
KREN.JK,15.0,15.333333333333334,15.4,15.0,14.3,13.46,13.75,1.9399999999999995,4.849654461928275,15815400,False,False
KRAS.JK,230.0,229.33333333333334,232.0,241.0,237.3,230.68,229.54,5.833333333333329,1.7468239346468055,1701500,True,True
KPIG.JK,71.0,73.0,75.8,73.0,69.55,75.46,83.66,6.25,10.313221307892414,204888400,False,False
KOTA.JK,192.0,196.33333333333334,196.8,203.6,193.8,158.16,134.91,45.44,3.367325079417144,121617600,False,False
KOPI.JK,214.0,206.0,203.4,205.5,205.45,203.12,204.62,5.439999999999998,2.529105435341871,11118700,True,True
KONI.JK,2090.0,2060.0,2064.0,2115.0,2161.0,2366.2,2516.2,30.619999999999983,1.5379014315574877,3900,False,False
KOKA.JK,189.0,189.33333333333334,190.0,190.0,185.65,189.32,156.92,4.349999999999994,7.3514308955345955,6731100,False,False
KOIN.JK,78.0,78.0,78.0,78.0,78.0,78.0,77.96,0.0,0.0,0,True,False
KOCI.JK,120.0,122.0,125.0,121.9,113.65,107.7,104.67657814025878,17.299999999999997,4.553102200406731,25234400,False,False
KOBX.JK,178.0,177.0,177.4,177.6,175.45,164.98,163.44,13.02000000000001,0.9399584092187336,658100,False,False
KMTR.JK,252.0,251.33333333333334,252.8,254.2,247.7,237.36,237.14,8.419999999999987,1.639591382407278,100,False,False
KMDS.JK,525.0,525.0,525.0,522.5,523.5,530.5,531.8507571411133,1.6,0.8381180505462213,13100,True,False
KLIN.JK,121.0,122.33333333333333,123.2,119.9,118.1,114.7,116.5,8.5,3.412845869765424,6200,False,False
KLBF.JK,765.0,765.0,753.0,762.0,777.25,761.8,768.9869848632812,4.85,2.1343618546265803,31409200,True,False
KLAS.JK,86.0,83.66666666666667,83.6,84.3,84.9,78.2,75.51,7.799999999999997,2.8680886142457918,7384400,False,False
KKGI.JK,312.0,311.3333333333333,308.0,307.8,297.4,283.4,277.7395475769043,14.300000000000011,2.3619786496789033,1767500,False,False
KKES.JK,91.0,89.33333333333333,88.8,91.5,83.55,73.72,57.98,17.78,4.934766784745839,28426600,False,False
KJEN.JK,168.0,168.0,163.4,162.5,163.4,148.7,141.47,19.30000000000001,3.3648530168881114,9995900,False,False
KIOS.JK,101.0,100.0,99.4,100.7,100.15,96.9,93.85,4.099999999999994,2.0666597955342088,4335000,True,True
KINO.JK,1400.0,1400.0,1390.0,1384.0,1365.5,1280.3,1189.0559912109375,23.94000000000001,2.145985443703173,51600,False,False
KING.JK,386.0,380.6666666666667,379.6,379.8,332.3,306.04,381.31,39.97999999999999,5.403057251079254,1003100,False,False
KIJA.JK,179.0,180.0,185.8,192.2,198.85,159.52,149.29,39.329999999999984,3.2637119496699647,158354800,False,False
KICI.JK,290.0,279.3333333333333,278.4,274.8,255.25,217.4,207.18,36.3,3.726271266939854,4380900,False,False
KETR.JK,1010.0,946.6666666666666,940.0,921.0,848.5,673.8,612.87,67.24000000000001,3.917895486502348,57097600,False,False
KEJU.JK,600.0,596.6666666666666,598.0,607.0,604.75,578.0,571.9585577392578,5.8,1.031681048910381,22100,True,False
KEEN.JK,875.0,898.3333333333334,905.0,929.0,909.25,883.4,869.0176428222657,10.8,1.607409844440086,6752900,False,False
KDTN.JK,386.0,386.6666666666667,390.8,403.8,388.0,425.66,612.62,19.830000000000013,1.81901875494637,706300,False,False
KDSI.JK,452.0,462.6666666666667,464.8,466.2,463.8,456.24,450.2,7.099999999999994,1.1044673978072774,35200,False,False
KBLV.JK,128.0,127.0,126.8,130.0,135.45,128.4,111.94,8.649999999999991,1.4346056911755234,2908900,False,False
KBLM.JK,370.0,381.3333333333333,370.4,354.4,331.8,311.48,305.02000091552736,34.92666666666665,3.654479037102814,783400,False,False
KBLI.JK,366.0,379.3333333333333,365.6,350.0,339.5,330.12,316.63089630126956,24.606666666666655,4.505131002702191,2300900,False,False
KBAG.JK,43.0,42.0,42.6,43.7,44.25,44.4,43.04,2.3999999999999986,2.7137086861186632,1679800,True,False
KARW.JK,212.0,212.0,212.0,212.0,212.0,212.0,237.84,0.0,0.0,0,True,False
KAQI.JK,93.0,93.66666666666667,94.6,97.2,96.9,93.54,95.5,4.200000000000003,1.9629423919576603,13298100,True,False
KAEF.JK,446.0,442.6666666666667,444.0,457.7,447.15,449.58,467.66,7.5166666666666515,6.308566155385218,894000,False,False
JTPE.JK,605.0,601.6666666666666,600.0,605.0,609.25,609.2,601.8325,1.85,1.5738142734319758,495700,True,False
JSPT.JK,1495.0,1478.3333333333333,1484.0,1441.0,1420.75,1409.7,1361.085391845703,17.05999999999999,2.6911093765221823,4000,False,False
JSMR.JK,2870.0,2860.0,2890.0,2941.0,2903.5,2802.2,2809.7527709960937,13.880000000000019,1.1423964595912601,1392900,False,False
JRPT.JK,1115.0,1118.3333333333333,1116.0,1112.0,1096.75,1086.4,1076.12671875,6.386666666666633,0.8605201854754823,230300,False,False
JPFA.JK,2310.0,2293.3333333333335,2280.0,2306.0,2263.5,2194.0,2208.637849121094,11.6,1.898059833616221,7999100,False,False
JMAS.JK,228.0,228.0,228.0,228.0,228.0,228.0,239.14,0.0,0.0,0,True,False
JKON.JK,86.0,85.66666666666667,85.4,86.5,86.3,79.94,74.36776165008546,6.560000000000002,1.5328681241517932,4708800,False,False
JIHD.JK,432.0,432.0,437.2,447.2,444.3,436.44,439.49,7.599999999999994,0.7122231145738,42400,False,False
JGLE.JK,73.0,73.66666666666667,74.4,78.3,82.35,74.82,70.01,9.349999999999994,2.7502232921743475,163276900,False,False
JECC.JK,840.0,905.0,874.0,779.0,711.0,663.4,662.9254302978516,48.32000000000001,10.289656702169387,181400,False,False
JAYA.JK,163.0,163.0,159.0,161.6,149.05,136.7,132.23,26.30000000000001,10.137642119345456,15255000,False,False
JAWA.JK,161.0,154.66666666666666,152.0,151.1,143.1,130.84,133.2,30.159999999999997,6.882257588168815,7006500,False,False
JATI.JK,117.0,116.33333333333333,116.8,114.0,109.65,101.3,99.56704216003418,15.700000000000003,4.448972095824983,21028800,False,False
JAST.JK,88.0,88.66666666666667,89.8,92.6,93.45,87.8,86.98,5.650000000000006,1.633871980724302,2405900,True,True
JARR.JK,4480.0,4086.6666666666665,3960.0,3671.0,3421.0,2526.5,2189.048791503906,195.35,5.579820498611554,42186600,False,False
ITMG.JK,26325.0,26241.666666666668,26195.0,26300.0,25980.0,25049.5,24154.83,51.02,0.8830358566122083,299900,False,False
ITMA.JK,1445.0,1461.6666666666667,1482.0,1521.0,1481.5,1410.4,1562.85,22.119999999999983,4.032305503571711,13600,False,False
ITIC.JK,216.0,216.0,218.4,222.4,223.8,218.46,219.95,3.9000000000000057,0.9581370397775488,259500,True,False
ISSP.JK,420.0,429.3333333333333,435.6,445.6,436.4,425.0,410.2453106689453,12.800000000000011,1.2502897309511456,3270700,False,False
ISEA.JK,90.0,89.66666666666667,89.2,88.6,85.9,82.54,77.89,7.459999999999994,1.7913211454189912,5084200,False,False
ISAT.JK,2370.0,2373.3333333333335,2386.0,2383.0,2455.0,2221.8,2094.1635498046876,23.319999999999983,1.2786664610785354,30336500,False,False
ISAP.JK,26.0,25.0,25.4,25.5,24.5,24.42,25.42,1.5799999999999983,6.271949428223704,30369600,False,False
IRSX.JK,406.0,401.3333333333333,404.4,411.2,394.6,350.92,348.251467590332,30.139999999999986,2.4268873720564814,31176500,False,False
IRRA.JK,372.0,370.0,370.8,379.0,375.3,373.96,377.64,4.5,4.398190754907166,64800,False,False
IPTV.JK,30.0,30.666666666666668,31.0,30.9,31.05,30.82,34.14,1.0500000000000007,2.84340128026133,851200,True,False
IPOL.JK,115.0,115.0,115.4,116.3,115.1,110.94,112.82,5.359999999999999,1.0061375690711243,157600,True,False
IPCM.JK,288.0,288.6666666666667,290.0,291.4,296.0,304.44,304.21005279541015,8.219999999999999,0.91687576147109,422300,False,False
IPCC.JK,1115.0,1113.3333333333333,1118.0,1130.5,1141.0,1167.0,1158.8267779541015,10.733333333333348,0.6103110776155481,199800,False,False
IPAC.JK,189.0,189.0,189.0,187.4,184.35,171.94,159.62,17.060000000000002,0.7931572375687057,0,False,False
IOTF.JK,64.0,63.666666666666664,63.6,65.1,64.5,59.68,58.27,5.419999999999995,3.704657307069834,7300200,True,True
INTP.JK,5325.0,5258.333333333333,5215.0,5310.0,5432.5,5113.6,4741.209604492187,12.755999999999986,2.000009594025755,336500,False,False
INTD.JK,264.0,285.3333333333333,282.4,272.4,278.6,263.52,250.32,10.906666666666666,7.274860707851522,787600,False,False
INTA.JK,61.0,61.0,61.0,61.0,61.0,61.0,64.98,0.0,0.0,0,True,False
INPS.JK,1065.0,973.3333333333334,907.0,845.5,764.5,705.5,685.65,71.9,5.373031232644946,887400,False,False
INPP.JK,730.0,740.0,744.0,748.0,742.775,720.9987683105469,739.8624389648437,5.400246337890621,0.8433823405626043,45800,True,False
INPC.JK,153.0,153.33333333333334,155.4,163.0,156.4,145.54,142.91,17.460000000000008,2.954291648596454,2696000,False,False
INOV.JK,136.0,136.66666666666666,137.2,138.6,140.4,137.54,132.15,4.400000000000006,0.8995672607921847,258900,True,False
INKP.JK,8700.0,8658.333333333334,8730.0,8937.5,8873.75,8385.0,8153.951748046875,22.1,2.2961136292961073,1740400,False,False
INET.JK,328.0,322.0,328.4,344.2,340.6,272.2,253.22,36.0,3.473159447051402,240147800,False,False
INDY.JK,2750.0,2730.0,2762.0,2819.0,2778.5,2582.0,2564.0835083007814,23.7,4.665837812596382,6410100,False,False
INDX.JK,60.0,60.0,60.0,60.0,60.0,60.0,69.92,0.0,2.837818317547164e-07,0,True,False
INDS.JK,254.0,253.33333333333334,255.6,263.4,265.9,268.76,286.5542027282715,7.713333333333324,1.5012181334105477,672000,False,False
INDR.JK,2910.0,2933.3333333333335,2942.0,2950.0,2740.0,2400.7,2284.0,54.93000000000002,4.05737430065751,5600,False,False
INDO.JK,182.0,184.33333333333334,184.6,185.5,184.15,177.74,168.65,7.759999999999991,1.322572626672031,24104000,False,False
INDF.JK,7150.0,7216.666666666667,7240.0,7310.0,7311.25,7143.5,6786.761293945313,6.71,1.2825035988949316,2492600,False,False
INCO.JK,4730.0,4733.333333333333,4744.0,4816.0,4985.25,5025.6,5062.93263671875,29.560000000000038,2.005160508990834,9602400,False,False
INCI.JK,810.0,811.6666666666666,802.0,798.0,752.75,697.5,679.7868817138672,22.833333333333325,2.33975510842091,36600,False,False
INCF.JK,50.0,50.0,50.0,50.0,50.0,50.0,51.24,0.0,0.0,0,True,False
INAI.JK,176.0,175.0,174.8,176.2,176.75,171.76,164.34,4.990000000000009,0.995836401908126,348000,True,False
IMPC.JK,1695.0,1673.3333333333333,1693.0,1664.5,1525.5,1506.2,1654.0,37.75999999999999,4.81127018873742,8735200,False,False
IMJS.JK,185.0,186.0,185.4,187.2,179.95,164.08,160.6814793395996,23.119999999999976,2.347547521982345,979000,False,False
IMAS.JK,880.0,885.0,887.0,906.0,898.5,870.5,890.8142254638672,7.1,2.0208130964148516,77400,False,False
IKPM.JK,182.0,180.33333333333334,181.6,186.2,190.75,189.2,189.75,10.416666666666657,1.2656005210872818,85300,False,False
IKBI.JK,570.0,575.0,566.0,548.0,534.5,541.9677154541016,518.010612487793,8.1,3.3686176288528458,454500,False,False
IKAN.JK,92.0,90.33333333333333,89.4,90.4,89.95,86.84,84.57,5.159999999999997,2.4933950287085396,11635800,True,True
IKAI.JK,20.0,20.666666666666668,20.6,20.1,19.8,20.2,20.4,0.8666666666666671,3.647804407761332,5200400,True,False
IGAR.JK,468.0,470.0,468.8,471.8,472.7,448.04,440.51145141601563,12.329999999999984,0.8233962864123399,3700,False,False
IFSH.JK,970.0,990.0,1023.0,1050.0,1061.25,1121.5,1347.79013671875,30.3,2.4685378320666587,37400,False,False
IFII.JK,208.0,209.33333333333334,210.8,206.6,205.9,208.24,214.1,2.450000000000003,4.728481599278,390800,False,False
IDPR.JK,274.0,277.3333333333333,278.8,275.8,271.8,281.04,288.18456268310547,4.6200000000000045,2.0709292075622403,310000,True,False
IDEA.JK,112.0,102.33333333333333,94.0,79.6,70.25,66.24,65.63,45.760000000000005,5.214926470448001,11575000,False,False
ICON.JK,184.0,158.0,152.0,147.9,140.1,123.2,119.15,60.8,10.06308158943992,314565400,False,False
ICBP.JK,6950.0,6958.333333333333,7025.0,7122.5,7388.75,7222.5,6849.09283203125,17.55,1.2478164312694036,762400,False,False
IBST.JK,8475.0,8475.0,8475.0,8475.0,8475.0,8475.0,8475.0,0.0,0.0,0,True,False
IBOS.JK,90.0,91.0,92.4,94.5,91.55,77.3,83.68,17.200000000000003,3.629532588156804,1183200,False,False
IBFN.JK,63.0,63.0,63.0,63.0,63.0,63.0,66.41,0.0,0.0,0,True,False
IATA.JK,115.0,117.66666666666667,120.4,127.8,124.15,98.48,83.93,29.319999999999993,4.003506304628127,311518200,False,False
HYGN.JK,181.0,184.33333333333334,189.4,188.9,184.55,170.88,156.89420043945313,18.52000000000001,2.3306608683477807,7717600,False,False
HUMI.JK,129.0,130.66666666666666,132.4,137.1,141.15,138.1579476928711,141.1317240142822,12.150000000000006,2.551782273015281,13212000,False,False
HRUM.JK,895.0,893.3333333333334,904.0,926.5,924.25,864.0,841.5,12.5,2.3378502033043858,4541900,False,False
HRTA.JK,2110.0,2123.3333333333335,2132.0,2193.0,2250.5,2077.5,2164.5985913085938,17.3,1.4048733613882811,2426200,False,False
HRME.JK,45.0,44.0,44.4,44.5,42.2,43.0,45.13,2.799999999999997,4.45436277897356,366700,False,False
HOPE.JK,224.0,213.33333333333334,210.0,220.4,239.8,215.98,175.95,14.900000000000006,5.613455815021391,25629500,False,False
HOMI.JK,250.0,251.33333333333334,244.0,242.8,228.5,202.2,202.93,24.566666666666677,4.498926356416769,1226200,False,False
HOKI.JK,50.0,52.666666666666664,53.8,54.8,55.3,54.58,56.79,5.299999999999997,2.1790957746897726,92406100,True,False
HMSP.JK,655.0,656.6666666666666,684.0,716.0,728.0,726.5,695.793974609375,14.6,2.825749949985607,3657600,False,False
HILL.JK,16.0,16.0,16.0,16.0,16.0,16.0,16.51,0.0,0.0,0,True,False
HGII.JK,138.0,140.66666666666666,141.2,139.7,136.7,127.86,128.89672378540038,13.33999999999999,1.5056100038272175,543700,False,False
HEXA.JK,4150.0,4346.666666666667,4392.0,4437.0,4422.0,4437.0,4422.5,28.7,1.873777345494509,2134300,False,False
HERO.JK,334.0,336.6666666666667,336.0,336.6,335.7,337.2,356.21,1.5999999999999943,1.2242456024641186,35600,True,False
HELI.JK,220.0,213.33333333333334,208.8,207.2,201.8,193.02,187.68,13.489999999999995,2.413706277151568,850000,False,False
HEAL.JK,685.0,678.3333333333334,679.0,679.5,674.75,757.9,850.5992565917969,16.629999999999995,1.1485474478890916,4550900,False,False
HDIT.JK,50.0,50.0,50.0,50.0,50.0,50.32,52.53,0.3200000000000003,0.0,227300,True,False
HDFA.JK,102.0,101.66666666666667,101.2,101.5,101.0,96.04,95.57,5.959999999999994,0.8071307050669014,478100,True,False
HBAT.JK,368.0,357.3333333333333,352.4,329.6,292.8,263.64,337.61,52.18000000000001,3.8867756872276433,3144700,False,False
HATM.JK,550.0,558.3333333333334,571.0,584.5,586.75,540.0,434.0934552001953,9.35,2.642495777966045,518300,False,False
HALO.JK,73.0,71.66666666666667,72.2,74.8,71.75,69.52,69.44,5.280000000000001,9.472853000581086,74522100,False,False
HAJJ.JK,114.0,113.66666666666667,112.4,111.6,112.0,107.7,111.62,6.299999999999997,3.667799014876828,5475800,False,False
HAIS.JK,184.0,184.0,183.8,186.4,185.05,183.28,180.56,3.1200000000000045,0.9204128409641056,117900,True,False
HADE.JK,25.0,23.0,23.0,22.6,19.75,18.94,17.72,6.059999999999999,7.434378964410036,3726200,False,False
GZCO.JK,189.0,187.0,188.4,193.9,189.45,171.58,168.04,22.319999999999993,2.0029797422688027,7990200,False,False
GWSA.JK,156.0,157.0,160.2,166.3,166.6,143.92,137.0,22.680000000000007,2.058464924130896,102100,False,False
GUNA.JK,220.0,220.0,220.0,220.4,219.0,206.78,191.44087188720704,6.810000000000002,0.7977500427969757,444200,False,False
GULA.JK,820.0,826.6666666666666,831.0,813.5,788.75,758.2,631.24,14.559999999999992,1.8940145720198494,6643000,False,False
GTSI.JK,151.0,154.0,157.2,163.3,169.05,161.98,162.1066672515869,18.05000000000001,2.5981470161554214,8034300,False,False
GTRA.JK,244.0,240.0,242.4,252.6,246.0,235.28,221.63,8.659999999999997,1.6880488832045775,119700,False,False
GTBO.JK,151.0,152.0,153.4,154.0,161.5,166.6,178.29,15.599999999999994,4.816084853032609,9200,False,False
GSMF.JK,103.0,103.0,103.6,102.2,99.4,92.1,94.95,11.5,12.634592377434528,3805900,False,False
GRPM.JK,168.0,169.66666666666666,170.0,169.6,175.6,208.1,238.37,40.099999999999994,1.1522711985299168,4996900,False,False
GRPH.JK,137.0,137.0,137.0,132.4,108.45,79.72,70.44,57.28,7.875067731645401,0,False,False
GRIA.JK,173.0,169.33333333333334,167.4,168.0,175.5,146.24,131.6,29.25999999999999,1.736956332293239,4311600,False,False
GPSO.JK,282.0,283.3333333333333,285.2,287.2,292.4,297.16,354.08,7.5800000000000125,1.359718497361788,46148200,False,False
GPRA.JK,103.0,103.0,104.0,105.1,107.9,105.6,104.91401847839356,4.900000000000006,1.7544998240025083,57977800,True,False
GOTO.JK,50.0,50.0,50.0,50.0,50.0,50.0,50.18,0.0,0.0,1345000,True,False
GOOD.JK,310.0,312.0,311.6,315.4,313.7,306.0,316.21539825439453,4.699999999999989,1.4861716512477083,71500,True,False
GOLF.JK,168.0,173.66666666666666,176.0,169.8,165.7,164.74,167.91048080444335,11.259999999999991,3.3931563412153323,3917800,False,False
GOLD.JK,274.0,274.6666666666667,274.8,277.4,277.0,269.04,266.78,4.179999999999978,1.2371662036383342,179900,True,False
GMTD.JK,1210.0,1228.3333333333333,1260.0,1303.0,1357.75,1319.0,1427.1142126464845,29.55,3.241946859280495,7000,False,False
GMFI.JK,58.0,58.333333333333336,58.2,58.6,58.8,56.9,55.75,1.8999999999999986,2.5246543144347156,73217600,True,True
GLVA.JK,332.0,333.3333333333333,331.2,328.6,321.9,311.12,314.0674417114258,11.106666666666655,0.8676211071226045,4000,False,False
GJTL.JK,1350.0,1340.0,1347.0,1359.5,1377.75,1284.9,1199.9903601074218,18.569999999999983,1.311674315479049,1539500,False,False
GIAA.JK,63.0,62.666666666666664,63.0,64.9,66.25,61.4,60.07,4.850000000000001,2.1068235475479593,38913100,True,True
GHON.JK,1660.0,1676.6666666666667,1678.0,1671.0,1649.0,1627.3,1697.4,10.14000000000001,1.1744824412574244,4800,False,False
GGRP.JK,326.0,323.3333333333333,325.2,322.2,315.0,304.12,294.7499383544922,10.939999999999998,2.6058068994851995,306200,False,False
GGRM.JK,17700.0,17775.0,18340.0,19127.5,19641.25,19084.0,17233.225,77.65,1.779626451920983,367700,False,False
GEMS.JK,7300.0,7366.666666666667,7400.0,7510.0,7222.5,6806.5,6915.5,28.14,1.4301051706229626,152500,False,False
GEMA.JK,92.0,91.66666666666667,91.8,92.4,89.05,83.94,82.64095153808594,8.460000000000008,1.324543634311327,711600,False,False
GDYR.JK,1125.0,1130.0,1129.0,1126.5,1120.5,1106.0,1099.1,4.8,1.1941160184463868,2600,True,False
GDST.JK,113.0,113.0,112.8,114.2,113.4,106.08,97.6,8.120000000000005,2.1268394418510685,958800,False,False
FWCT.JK,90.0,90.66666666666667,90.8,91.2,91.15,90.54,86.61,1.2000000000000028,2.102783266135338,1220400,True,True
FUTR.JK,276.0,286.6666666666667,291.2,302.6,320.9,297.96,242.19,22.44999999999999,3.041770925177846,22749700,False,False
FUJI.JK,274.0,260.0,254.8,251.0,280.1,236.78,257.31,21.66000000000001,2.86971573637781,8529000,False,False
FPNI.JK,520.0,515.0,522.0,557.5,581.0,459.52,416.84,24.296000000000003,5.544389085338179,2724400,False,False
FORU.JK,3840.0,4026.6666666666665,4090.0,3872.0,3106.75,2872.9,2555.25,121.71,10.781282847812939,2748400,False,False
FORE.JK,815.0,798.3333333333334,792.0,796.5,809.0,739.9,763.8,15.020000000000005,2.249682419130492,5451800,False,False
FOOD.JK,176.0,176.0,176.0,176.0,176.0,176.0,175.07,0.0,0.0,0,True,False
FOLK.JK,232.0,248.0,260.4,239.5,208.0,207.06,224.91,26.669999999999987,9.931461629665018,24343600,False,False
FMII.JK,254.0,251.33333333333334,252.0,253.0,253.4,251.36,248.26,1.3333333333333286,1.2345302810919385,24400,True,False
FLMC.JK,105.0,116.33333333333333,123.2,122.5,104.2,82.5,104.47,40.7,7.3485348772963945,6682900,False,False
FITT.JK,434.0,444.0,448.4,447.0,422.8,386.72,385.38,30.839999999999975,5.854436378505564,480900,False,False
FISH.JK,665.0,695.0,687.0,650.5,630.25,624.3,650.3796783447266,14.14000000000001,5.097715186501775,362800,False,False
FIRE.JK,122.0,122.66666666666667,122.6,124.2,119.7,112.24,114.0,11.960000000000008,2.744190511037091,6971600,False,False
FILM.JK,805.0,746.6666666666666,765.0,820.0,813.5,1043.2,1546.95,59.306666666666686,9.067174649298638,44044900,False,False
FAST.JK,462.0,440.0,438.8,447.6,457.8,387.44,320.48,37.28,3.1695464592942852,44626000,False,False
FAPA.JK,7425.0,7416.666666666667,7435.0,7462.5,7460.0,7404.0,7271.29734375,2.34,0.3460991513199822,400,True,False
EXCL.JK,2560.0,2550.0,2566.0,2642.0,2703.5,2606.8,2680.9,15.35,1.334841987072831,1668400,False,False
EURO.JK,1490.0,1445.0,1417.0,1441.0,1442.25,1678.7,1883.0783068847657,52.34000000000001,5.202128539452118,175900,False,False
ESTI.JK,167.0,168.0,168.4,170.4,165.6,156.22,145.20560150146486,14.180000000000007,8.753041243311563,2429900,False,False
ESTA.JK,180.0,177.33333333333334,176.0,175.1,173.8,177.82,186.11,6.199999999999989,1.530286274039472,6654800,False,False
ESSA.JK,610.0,611.6666666666666,628.0,659.5,654.25,635.3,642.3483953857422,9.9,1.931133154582992,35485700,False,False
ESIP.JK,120.0,121.33333333333333,121.8,123.3,122.5,126.11,131.9725984954834,6.109999999999999,5.94661450132882,7085900,False,False
ERTX.JK,173.0,175.66666666666666,177.6,181.5,182.25,176.66,168.82,9.25,1.4921100092907766,219700,False,False
ERAL.JK,330.0,325.3333333333333,324.0,324.0,315.1,303.28,290.21052734375,13.360000000000014,2.062720148739197,6460900,False,False
ERAA.JK,625.0,608.3333333333334,600.0,595.5,546.6,463.2,406.81436828613283,32.36,3.1117406243700607,130427500,False,False
EPMT.JK,2650.0,2633.3333333333335,2584.0,2494.0,2447.5,2376.0,2351.4,27.4,2.765853503724072,54300,False,False
EPAC.JK,50.0,51.0,52.4,54.0,55.05,60.4,65.09,10.399999999999999,3.1043370462735327,1807100,False,False
ENZO.JK,79.0,79.33333333333333,78.2,76.5,74.9,72.4,72.76,6.933333333333323,3.551569232542768,11349000,False,False
ENRG.JK,1290.0,1361.6666666666667,1400.0,1410.0,1352.5,1320.6483361816406,1356.9241680908203,24.0,3.6148349670508555,82426300,False,False
ENAK.JK,220.0,223.33333333333334,224.4,228.2,232.8,244.24,270.76,12.120000000000005,1.0069389724650177,114500,False,False
EMTK.JK,490.0,488.6666666666667,492.4,502.2,513.35,517.76,575.7701745605468,14.546666666666653,1.7068109042290862,13935000,False,False
EMDE.JK,77.0,76.66666666666667,76.6,78.3,77.55,74.46,71.39,3.8400000000000034,2.3221193120035712,1542200,True,True
EMAS.JK,7500.0,7525.0,7805.0,8182.5,8465.0,7303.0,7351.75,46.48,4.119884767873045,5445500,False,False
ELTY.JK,34.0,35.0,34.6,35.5,36.95,33.78,32.44,3.1700000000000017,3.9772747966255717,39712400,False,False
ELSA.JK,710.0,713.3333333333334,718.0,726.0,718.25,694.5,649.5649700927735,6.3,1.4282248151593069,10352300,False,False
ELPI.JK,640.0,651.6666666666666,661.0,675.5,672.0,781.5,1092.7324548339843,28.3,6.07715739910548,912600,False,False
ELIT.JK,284.0,277.3333333333333,278.8,275.0,259.9,207.8,196.06,38.099999999999994,7.026864772827728,17826700,False,False
EKAD.JK,404.0,400.6666666666667,404.0,413.4,401.8,275.4,220.1177769470215,69.0,7.453727131150886,2534600,False,False
ECII.JK,169.0,168.66666666666666,166.0,170.0,164.85,157.26,152.73,12.740000000000009,2.847470482282449,943900,False,False
EAST.JK,90.0,90.0,89.8,89.8,90.05,89.49304382324219,88.07253860473632,0.556956176757808,0.7449091800657827,288500,True,False
DYAN.JK,85.0,85.66666666666667,86.2,87.1,87.95,84.74,82.12,3.210000000000008,1.1023745090742625,608400,True,False
DWGL.JK,230.0,230.66666666666666,230.0,235.8,255.3,282.56,269.16,26.28,2.226992560532788,2449700,False,False
DVLA.JK,1595.0,1591.6666666666667,1592.0,1595.0,1590.25,1581.7,1548.514903564453,2.659999999999991,0.2312037987981567,10600,True,False
DUTI.JK,4770.0,4770.0,4770.0,4784.0,4793.0,4490.6,4152.863603515625,30.239999999999963,0.14085777943099986,1000,False,False
DSSA.JK,1130.0,1100.0,1094.0,1124.5,1116.5,974.8,954.38,31.04000000000001,2.523874185166978,183418600,False,False
DSNG.JK,1670.0,1621.6666666666667,1628.0,1645.5,1600.25,1412.1,1351.3996997070312,51.58000000000002,2.3479280144985695,3163300,False,False
DSFI.JK,93.0,90.0,88.8,88.6,87.8,82.98,81.06,10.019999999999996,1.9346848218803634,36533300,False,False
DRMA.JK,985.0,990.0,997.0,1006.5,1008.5,967.5,960.3033331298828,8.2,0.9353351182378199,1420900,False,False
DPUM.JK,148.0,148.33333333333334,142.6,129.8,112.35,103.7,124.24,44.63333333333334,12.500017402639314,56547300,False,False
DOSS.JK,174.0,173.0,169.6,170.0,169.7,158.4,147.02633186340333,15.599999999999994,1.8820481269221736,1494900,False,False
DOOH.JK,440.0,426.6666666666667,408.8,377.2,351.6,273.9,204.93,83.05000000000001,6.37321598819207,46897000,False,False
DOID.JK,238.0,240.66666666666666,244.8,248.6,240.7,223.7,219.42,12.450000000000003,3.6788096233537417,1887800,False,False
DNET.JK,9825.0,9841.666666666666,9880.0,9932.5,9976.25,9851.5,9838.25,6.05,0.46094875563937493,9800,False,False
DNAR.JK,130.0,130.66666666666666,130.4,133.4,131.2,124.72,123.53,8.680000000000007,1.5320309000900196,544600,False,False
DMND.JK,625.0,613.3333333333334,615.0,613.5,616.75,618.4,614.1853985595703,2.333333333333326,1.4526683098343125,34600,True,False
DMMX.JK,186.0,186.33333333333334,186.0,187.7,188.45,181.44,179.6188250732422,7.009999999999991,0.9318546927159184,1421100,False,False
DMAS.JK,195.0,191.66666666666666,192.4,195.3,191.05,162.46,148.58029808044432,32.84,2.354400603399243,144023000,False,False
DLTA.JK,1790.0,1788.3333333333333,1789.0,1791.5,1789.75,1781.4,1765.6900634765625,2.019999999999982,0.27703786204452796,9200,True,False
DKHH.JK,70.0,69.66666666666667,70.0,71.3,68.35,65.4,65.23,5.8999999999999915,5.5101501938596495,29927700,False,False
DKFT.JK,655.0,648.3333333333334,657.0,668.2857055664062,655.7428466796875,638.9328430175781,655.6149822998046,5.870572509765634,1.506744621027162,1269000,True,False
DIVA.JK,152.0,141.33333333333334,138.8,138.5,137.65,130.16,130.39,21.840000000000003,3.9744716271556095,81716800,False,False
DILD.JK,117.0,116.33333333333333,116.8,118.9,119.8,117.38,118.0,3.4666666666666686,1.0776424771794006,1541200,True,False
DIGI.JK,29.0,29.0,29.0,29.0,29.0,29.0,31.3,0.0,0.0,0,True,False
DGWG.JK,330.0,327.3333333333333,328.8,336.0,340.7,313.8,317.4484097290039,13.449999999999989,1.3126431947944261,9432000,False,False
DGNS.JK,268.0,266.0,269.6,272.0,254.3,240.4,240.94,15.799999999999997,3.0169657194125965,64800,False,False
DGIK.JK,137.0,139.33333333333334,137.6,138.9,138.7,133.38,130.84,5.953333333333347,2.3874752484252255,773700,True,False
DFAM.JK,96.0,91.33333333333333,87.6,85.7,83.75,82.5,92.14,13.5,4.907845838645908,46873400,False,False
DEWI.JK,176.0,172.0,169.2,163.1,156.9,137.58,129.47,38.41999999999999,1.7325978617255096,48752600,False,False
DEWA.JK,376.0,380.6666666666667,393.2,417.2,432.6,427.4,401.666065826416,28.30000000000001,2.3396812687106685,566642500,False,False
DEPO.JK,244.0,241.33333333333334,240.8,246.4,249.0,246.36,250.3547821044922,4.099999999999994,2.1348788471021685,119400,True,False
DEFI.JK,112.0,123.33333333333333,115.4,110.8,108.3,107.42,122.15,15.913333333333327,12.734496806265478,136116200,False,False
DCII.JK,194075.0,195433.33333333334,197345.0,199322.5,200410.0,198210.5,195354.5,253.4,1.0813038238229202,500,False,False
DAYA.JK,1045.0,1048.3333333333333,1063.0,1088.0,1092.0,1027.2,1037.7,12.95999999999999,1.5199144308031136,400,False,False
DATA.JK,1660.0,1663.3333333333333,1685.0,1775.0,1812.75,1955.5,1900.75,59.1,3.030071838555637,846200,False,False
DART.JK,167.0,167.66666666666666,163.6,162.1,163.3,148.24,140.08,19.426666666666648,2.41921461941399,601900,False,False
DADA.JK,50.0,50.0,50.0,50.0,50.0,50.0,50.0,0.0,0.0,40300,True,False
DAAZ.JK,1645.0,1643.3333333333333,1651.0,1656.5,1677.25,1617.1,1719.0099938964843,12.030000000000019,1.5033078896416912,54600,False,False
CYBR.JK,520.0,521.6666666666666,524.0,523.5,532.5,556.0,586.15,7.2,1.428225618976107,21980600,False,False
CUAN.JK,960.0,926.6666666666666,933.0,940.0,890.75,776.1,780.31,36.779999999999994,3.3563681825441902,361400300,False,False
CTTH.JK,131.0,130.0,128.6,128.2,128.5,127.46,140.58,3.5400000000000063,2.046469327400053,14029600,True,False
CTRA.JK,605.0,603.3333333333334,608.0,618.5,622.75,599.4,591.1499926757813,4.670000000000004,0.7396819269493028,3924100,True,True
CTBN.JK,3070.0,3046.6666666666665,3048.0,3064.0,3120.5,3907.7,4654.424213867187,86.10333333333332,0.6020627133848935,13900,False,False
CSRA.JK,755.0,755.0,756.0,763.5,767.0,763.0,791.6,2.4,0.9258725281244391,160000,True,False
CSMI.JK,193.0,182.66666666666666,193.2,189.8,182.65,126.28,105.38,66.91999999999999,7.215670372897345,8727800,False,False
CSIS.JK,202.0,204.0,204.4,208.2,215.1,196.18,175.20820091247558,9.459999999999994,2.180999462510246,1149100,False,False
CSAP.JK,296.0,295.3333333333333,294.8,295.4,293.9,290.44,282.4408258056641,2.780000000000001,1.3337654258947462,3900,True,False
CRSN.JK,125.0,127.0,128.4,133.8,132.6,118.28,111.24189064025879,15.52000000000001,3.139992699121018,654400,False,False
CRAB.JK,216.0,215.33333333333334,215.6,217.6,214.0,210.4,209.86,3.5999999999999943,1.300930772881657,210100,True,False
CPRO.JK,50.0,50.0,50.0,50.0,50.0,50.36,51.34,0.35999999999999943,0.0,93700,True,False
CPIN.JK,3120.0,3110.0,3124.0,3192.0,3119.5,3126.2,3383.6433764648436,8.2,2.1511078219732043,6885600,False,False
COIN.JK,725.0,725.0,723.0,776.0,799.75,735.5,801.4,15.35,3.699675800477594,12824100,False,False
COCO.JK,137.0,136.33333333333334,136.0,136.9,123.0,122.13,180.655845413208,14.870000000000005,4.706050080002951,189235600,False,False
COAL.JK,31.0,31.0,31.0,31.0,31.0,26.78,34.98,4.219999999999999,0.0,0,True,False
CNMA.JK,91.0,91.33333333333333,91.4,92.1,92.25,92.62,93.06,1.6200000000000045,0.9944217495613684,2598700,True,False
CNKO.JK,37.0,37.0,37.0,37.0,37.0,37.0,40.13,0.0,0.0,0,True,False
CMRY.JK,4480.0,4503.333333333333,4476.0,4514.0,4569.607666015625,4555.770283203125,4479.832407226562,9.3607666015625,1.8483721985615578,482300,False,False
CMPP.JK,69.0,69.0,69.0,69.0,69.0,69.0,71.2,0.0,0.0,0,True,False
CMNT.JK,770.0,770.0,763.0,753.0,753.75,777.8,785.8,4.959999999999991,1.6167784635580076,12764200,True,False
CMNP.JK,1395.0,1398.3333333333333,1403.0,1427.5,1406.25,1376.4,1394.95,10.219999999999981,2.268126926451411,37600,False,False
CLPI.JK,1605.0,1605.0,1606.0,1616.0,1608.75,1579.9,1514.8672143554688,7.219999999999982,0.35738500810041984,17100,False,False
CLEO.JK,436.0,428.6666666666667,426.4,426.0,415.2,394.52,388.1248583984375,20.74000000000001,2.470927762594636,12449900,False,False
CLAY.JK,2760.0,2723.3333333333335,2696.0,2720.0,2724.5,2631.2,2713.2,12.880000000000019,1.6565135573029162,10000,False,False
CITY.JK,179.0,180.66666666666666,180.8,185.6,181.05,175.08,172.34,10.519999999999982,3.4889587491471046,124900,False,False
CITA.JK,3460.0,3486.6666666666665,3484.0,3514.0,3393.0,3290.2,3223.398435058594,22.380000000000017,1.7617653257737584,12500,False,False
CINT.JK,214.0,197.0,191.8,189.3,185.5,177.64,178.6,18.180000000000007,3.7561288704622804,12404800,False,False
CHIP.JK,735.0,741.6666666666666,760.0,791.0,820.5,879.6,925.9592828369141,28.920000000000005,1.3636804988224691,20300,False,False
CHEM.JK,69.0,69.33333333333333,69.8,71.0,70.5,67.68,69.09725708007812,3.319999999999993,2.1498031100523507,4607200,True,False
CHEK.JK,129.0,129.66666666666666,129.0,131.2,132.8,131.74,129.41,3.8000000000000114,2.1691489030808118,1465900,True,False
CGAS.JK,147.0,146.0,146.6,149.4,149.9,151.18,154.56083221435546,5.180000000000007,1.0130864689367933,429800,True,False
CFIN.JK,372.0,374.0,371.2,372.4,364.2,351.2,326.80360107421876,11.400000000000006,1.3762368485628949,529700,False,False
CENT.JK,106.0,107.33333333333333,106.8,107.6,105.05,90.42,86.5,17.179999999999993,6.882486072431802,15861800,False,False
CEKA.JK,2230.0,2203.3333333333335,2200.0,2198.0,2195.0,2192.0,2181.1671875,3.8,1.052920871595876,14800,True,False
CDIA.JK,650.0,650.0,658.0,681.5,683.5,675.7,738.4580810546875,6.7,1.7276265917011095,30468700,False,False
CCSI.JK,444.0,442.0,398.8,344.4,305.5,272.88,263.08,85.56,8.560588320188625,4650700,False,False
CBUT.JK,1060.0,1048.3333333333333,1030.0,1002.0,941.0,860.0,779.76,40.0,4.046443256885603,115100,False,False
CBRE.JK,720.0,711.6666666666666,722.0,735.5,717.5,706.7,746.1,5.759999999999991,3.522043379031307,4160800,True,False
CBPE.JK,488.0,496.3333333333333,493.4,501.3,506.7,428.62,359.2797772216797,39.03999999999999,2.193764825386741,8900,False,False
CBDK.JK,3720.0,3716.6666666666665,3732.0,3881.0,3874.0,3725.8,3829.8303369140626,16.433333333333348,1.3821782748801688,1112700,False,False
CASS.JK,1870.0,1856.6666666666667,1857.0,1843.5,1851.5,1865.6,1829.3,5.3,1.1091145457162161,45400,True,False
CASH.JK,272.0,250.0,240.8,232.8,233.6,222.76,210.85,24.620000000000005,4.657769208688928,11279300,False,False
CASA.JK,1800.0,1805.0,1865.0,1833.5,1825.75,1837.0,1676.2,13.0,4.265493217621237,17900,False,False
CARS.JK,114.0,113.33333333333333,113.6,113.3,109.55,97.02,93.25,16.980000000000004,1.05633797223238,3004900,False,False
CARE.JK,392.0,396.0,398.4,408.4,426.6,425.48,418.16,17.30000000000001,2.7578019311517092,274500,False,False
CANI.JK,135.0,135.0,135.0,135.0,135.0,135.0,137.57,0.0,0.0,0,True,False
CAMP.JK,172.0,170.66666666666666,170.8,171.3,170.85,170.38,177.54,1.6200000000000045,0.7519743879843028,498300,True,False
CAKK.JK,164.0,161.0,160.4,159.9,156.05,145.2,146.63,18.80000000000001,1.1888583552532554,570000,False,False
BYAN.JK,11625.0,11058.333333333334,11325.0,12487.5,13615.0,12811.5,11760.638291015624,102.26666666666664,6.0913413372866865,2051000,False,False
BWPT.JK,125.0,122.66666666666667,124.0,127.0,119.15,97.64,95.56,29.36,3.6207236857304905,118555600,False,False
BVIC.JK,94.0,93.33333333333333,93.8,94.4,94.15,91.7,92.31,2.700000000000003,1.3109956337367352,514100,True,False
BUVA.JK,685.0,696.6666666666666,704.0,723.5,736.0,790.5,821.9,21.1,1.424941212452319,70163500,False,False
BUMI.JK,200.0,203.33333333333334,206.0,212.0,204.1,182.48,178.57,29.52000000000001,2.778688161051516,2387052600,False,False
BULL.JK,396.0,406.0,414.0,422.8,434.1,416.64,408.77,19.05000000000001,1.7944316052810223,429279000,False,False
BUKK.JK,1040.0,991.6666666666666,981.0,983.5,989.5,1025.7,1036.75,11.8,2.4426798794599853,357900,False,False
BUKA.JK,104.0,103.66666666666667,105.0,109.0,109.85,111.28,117.07,7.61333333333333,1.789559539044605,47357300,False,False
BUDI.JK,226.0,226.0,224.4,226.2,228.0,218.04,212.52,4.980000000000004,1.2336934245339146,87600,True,False
BUAH.JK,488.0,492.0,493.6,497.9,502.2,506.58,508.8026174926758,9.289999999999992,0.49811979354742447,37800,False,False
BTPS.JK,1040.0,1038.3333333333333,1041.0,1046.5,1016.75,1006.3,990.5880004882813,8.04000000000001,2.132122037479382,1064000,False,False
BTPN.JK,2330.0,2333.3333333333335,2334.0,2382.0,2320.5,2240.2,2202.6791943359376,14.180000000000017,1.4043161889472522,5200,False,False
BTON.JK,372.0,374.0,368.4,366.2,364.9,361.08,362.68,6.460000000000008,2.253618394935566,60300,False,False
BTEK.JK,11.0,11.333333333333334,11.8,11.2,10.65,10.72,11.13,1.1500000000000004,6.391942003950314,57149400,False,False
BSSR.JK,4920.0,4900.0,4916.0,4917.0,4759.0,4474.0,4080.323583984375,44.6,0.8847031869107871,361400,False,False
BSML.JK,545.0,548.3333333333334,546.0,535.5,526.0,521.7,476.86,5.326666666666665,1.4133576672809876,11981600,True,True
BSIM.JK,1035.0,1051.6666666666667,1057.0,1108.5,988.0,813.2,795.8,59.05999999999999,4.566151199379631,109700,False,False
BSDE.JK,640.0,638.3333333333334,642.0,647.5,646.0,606.1,630.4,8.279999999999996,1.4536119486868992,4019100,False,False
BSBK.JK,50.0,50.0,50.0,50.0,50.15,51.6,52.83,1.6000000000000014,0.0,323600,True,False
BRRC.JK,71.0,71.66666666666667,71.8,73.2,74.95,65.96,64.83,8.990000000000009,1.446234263929585,5591200,False,False
BRPT.JK,1630.0,1616.6666666666667,1641.0,1699.0,1762.75,1784.1,1763.2930407714844,33.486666666666636,1.2425436981010403,39776600,False,False
BRNA.JK,670.0,658.3333333333334,650.0,639.0,622.0,620.0,620.05,10.0,0.9320690440361804,434900,False,False
BRMS.JK,725.0,730.0,719.0,713.0,720.25,635.36,635.4,18.927999999999997,3.022963811384653,134554100,False,False
BRIS.JK,1665.0,1680.0,1698.0,1735.5,1762.5,1784.2,1795.653387451172,23.84000000000001,1.0288667058241001,12108800,False,False
BREN.JK,3100.0,3113.3333333333335,3138.0,3228.0,3305.5,3373.8,3517.1213037109374,27.380000000000017,1.4955178172291481,3753300,False,False
BRAM.JK,4570.0,4583.333333333333,4620.0,4628.0,4623.0,4561.8,4483.263571777344,6.6199999999999815,1.0519562778858194,900,False,False
BPTR.JK,75.0,75.33333333333333,75.4,75.2,75.6,74.26,74.51,1.3399999999999892,1.3311051492297523,533000,True,False
BPII.JK,458.0,468.0,470.8,472.2,483.1478973388672,459.00169250488284,455.87852752685546,12.573948669433605,1.248441830135941,77700,False,False
BPFI.JK,248.0,250.66666666666666,249.6,249.0,247.2,252.28,252.61417831420897,2.5400000000000063,0.9276034672855926,31700,True,False
BOLT.JK,825.0,808.3333333333334,806.0,804.0,800.5,796.2,803.8070709228516,5.759999999999991,2.0950206022546602,45000,True,False
BOLA.JK,176.0,178.33333333333334,181.8,182.2,166.8,161.54,158.88,20.659999999999997,5.595584076512526,1397500,False,False
BOGA.JK,1550.0,1563.3333333333333,1560.0,1587.5,1596.25,1585.3,1464.1,9.25,2.3534531023612084,6300,False,False
BOBA.JK,208.0,207.33333333333334,208.4,212.6,212.2,222.48,253.30671173095703,7.5733333333333235,1.6748703381895231,156400,False,False
BOAT.JK,137.0,137.0,136.8,137.5,140.75,132.02,125.36,8.72999999999999,1.6539350890212159,1078200,False,False
BNLI.JK,2100.0,2103.3333333333335,2114.0,2132.0,2146.0,2215.4,2571.8,11.54000000000001,0.4509691117438865,25600,False,False
BNII.JK,192.0,191.66666666666666,191.6,192.4,192.9,192.0,192.37388946533204,1.3000000000000114,0.4921525690663114,2546600,True,False
BNGA.JK,1740.0,1740.0,1738.0,1735.5,1709.75,1665.3,1637.4822998046875,14.940000000000008,0.8716515501039954,1221700,False,False
BNBR.JK,90.0,90.66666666666667,92.0,95.2,97.55,98.58,109.85768531799316,8.579999999999998,1.097267527947376,594042300,False,False
BNBA.JK,800.0,795.0,791.0,796.5,771.0,752.8,744.8,9.440000000000008,3.0162742015860244,58400,False,False
BMTR.JK,116.0,115.66666666666667,115.6,116.1,115.65,115.8,123.08,0.5,2.4539315839650446,25149700,True,False
BMSR.JK,356.0,362.6666666666667,362.0,339.8,326.2,315.4,308.44,23.633333333333354,8.732557790884645,58400,False,False
BMRI.JK,4340.0,4291.333333333333,4308.03505859375,4320.561376953125,4258.381396484375,4191.726616210937,4122.622434082031,14.82733837890628,1.296089247703181,64618200,False,False
BMHS.JK,200.0,200.33333333333334,200.6,200.2,195.85,188.46,184.66666778564453,12.139999999999986,1.3584797345239124,266800,False,False
BMBL.JK,30.0,30.666666666666668,30.8,30.4,28.75,30.5,32.18,2.0500000000000007,5.399449984071386,11173200,False,False
BMAS.JK,520.0,521.6666666666666,520.0,523.5,516.45,497.34,492.84,5.232000000000005,5.09284278539458,113000,False,False
BLUE.JK,3010.0,3010.0,3004.0,3029.0,2874.0,2750.8,2945.1830737304685,27.819999999999983,6.46402598254497,92500,False,False
BLTA.JK,32.0,32.0,32.2,32.4,32.55,33.0,34.66,1.0,2.267460226776258,3195500,True,False
BLOG.JK,362.0,363.3333333333333,363.6,369.2,375.4,370.56,357.0960348510742,6.699999999999989,0.9254500136071717,25400,False,False
BLES.JK,195.0,199.33333333333334,204.4,200.6,202.75,187.36,166.21917495727538,17.039999999999992,3.1614389053456664,8441900,False,False
BKSW.JK,52.0,53.333333333333336,53.6,54.2,53.4,52.74,53.38,2.200000000000003,1.2460642161584263,13953500,True,False
BKSL.JK,68.0,68.33333333333333,69.0,71.5,73.3,71.26,74.56,5.299999999999997,0.8831854639873232,61367400,True,False
BKDP.JK,179.0,185.0,183.2,180.8,169.45,163.46,136.75,21.539999999999992,9.313148917727732,16945000,False,False
BJTM.JK,525.0,521.6666666666666,522.0,525.5,524.25,519.8,518.668062133789,1.140000000000009,0.7045558331954648,1342000,True,True
BJBR.JK,790.0,791.6666666666666,793.0,797.0,794.5,787.0,778.8425469970703,2.0,0.3952958597962691,523800,True,False
BISI.JK,740.0,728.3333333333334,725.0,729.5,720.0,684.4,689.9663836669922,11.120000000000005,1.1488258849173176,235000,False,False
BIRD.JK,1605.0,1603.3333333333333,1603.0,1613.0,1622.25,1614.6,1522.8733959960937,3.85,0.4192135725332545,225900,True,False
BIPP.JK,70.0,68.66666666666667,67.4,68.4,68.05,67.12,66.49,2.8799999999999955,2.7221391176206735,20796600,True,True
BIPI.JK,138.0,139.33333333333334,141.6,145.6,146.95,146.46,161.94,8.949999999999989,3.10186861539468,194877800,False,False
BINO.JK,116.0,116.66666666666667,117.6,118.7,117.45,111.42,108.28,7.280000000000001,0.8114325229047701,141200,False,False
BINA.JK,4050.0,4063.3333333333335,4080.0,4121.0,4153.5,4101.2,4008.7,10.35,0.7384824627364273,71200,False,False
BIKE.JK,1000.0,975.0,963.0,926.0,809.65,629.86,569.93,74.02799999999999,5.896568677913744,282300,False,False
BHIT.JK,25.0,25.333333333333332,25.6,25.7,25.45,25.66,27.24,0.6999999999999993,2.5667627859031747,4470900,True,False
BHAT.JK,1770.0,1770.0,1770.0,1770.0,1770.0,1770.0,1550.4,0.0,0.0,0,True,False
BGTG.JK,119.0,120.66666666666667,120.2,121.0,118.4,113.74,113.39,7.260000000000005,1.7084484947384369,2567100,False,False
BFIN.JK,985.0,981.6666666666666,989.0,995.0,952.75,891.1,802.5276617431641,20.779999999999994,2.4419429061367897,4879000,False,False
BEST.JK,124.0,122.66666666666667,124.2,129.2,129.05,114.86,108.16,14.33999999999999,1.7210037677380459,12790800,False,False
BESS.JK,895.0,910.0,910.0,910.0,908.0,905.3,955.8581195068359,3.0,2.449832151369839,9900,True,False
BELL.JK,106.0,107.0,107.6,110.9,112.7,113.98,114.05,7.980000000000004,1.7116949455306125,8827400,False,False
BELI.JK,276.0,283.3333333333333,287.2,304.6,298.4,275.08,298.2,14.76000000000002,2.556815220120131,1050400,False,False
BEKS.JK,22.0,22.666666666666668,23.0,23.2,23.1,22.26,22.61,1.1999999999999993,3.7453733506944067,2716000,True,False
BEER.JK,77.0,77.0,77.4,79.1,80.35,78.68,88.41,3.3499999999999943,1.8570224288495432,3319200,True,False
BEEF.JK,430.0,430.0,436.4,439.0,450.3,394.64,282.84,27.830000000000013,2.5622421687139565,3275200,False,False
BDMN.JK,4400.0,4416.666666666667,4436.0,4442.0,4376.0,4271.4,4236.9,17.060000000000038,1.4069500353910973,402800,False,False
BDKR.JK,161.0,161.66666666666666,159.0,157.9,157.85,155.74,149.86165412902832,5.926666666666648,2.2368302733737426,9450200,True,True
BCIP.JK,62.0,62.333333333333336,62.0,62.5,62.8,62.5,63.59,0.7999999999999972,1.4205888754299032,3093700,True,False
BCIC.JK,136.0,134.0,133.0,133.1,133.2,128.34,124.36,7.659999999999997,3.1353019811272196,372900,False,False
BCAP.JK,50.0,50.0,50.0,50.0,50.0,50.04,50.25,0.03999999999999915,0.0,21700,True,False
BBYB.JK,244.0,244.66666666666666,247.6,255.2,256.5,250.8,253.76,6.25,1.5697320242953061,18634600,False,False
BBTN.JK,1170.0,1175.0,1183.0,1207.0,1216.5,1216.9,1238.8,9.380000000000019,1.900072293496017,5055500,False,False
BBSS.JK,84.0,86.33333333333333,88.4,92.7,97.25,97.84,112.47,13.840000000000003,1.9911532889908439,126852100,False,False
BBSI.JK,4520.0,4560.0,4580.0,4625.0,4650.0,4669.0,4626.7,14.9,0.5780714637075283,200,False,False
BBRM.JK,119.0,120.33333333333333,121.2,122.3,118.95,117.08,119.19,5.219999999999999,3.0868910570247863,1390800,True,False
BBRI.JK,3340.0,3330.0,3332.0,3357.0,3303.0,3119.2,3041.8,23.78000000000002,1.9483590650151932,62584900,False,False
BBNI.JK,3750.0,3743.3333333333335,3770.0,3819.0,3802.0,3654.4,3633.5,16.45999999999999,1.6039502770579628,15087700,False,False
BBMD.JK,1995.0,1996.6666666666667,2000.0,1984.0,1984.5,1980.3,1952.7678833007812,3.9400000000000093,1.3740942042227742,0,True,False
BBLD.JK,665.0,665.0,664.0,669.5,678.25,625.6,617.3124951171875,10.529999999999996,1.3480826608042602,73800,False,False
BBKP.JK,51.0,50.666666666666664,51.2,52.5,53.55,53.68,54.6,3.0133333333333354,1.3068615569746862,40999500,True,False
BBHI.JK,905.0,901.6666666666666,901.0,900.0,899.5,908.7,949.937984008789,1.8400000000000092,0.3159068182169997,5545800,True,False
BBCA.JK,6375.0,6366.666666666667,6385.0,6487.5,6486.3223876953125,6373.382216796875,6137.752866210937,4.8333333333333215,1.5397047150367844,33108400,True,True
BAYU.JK,1330.0,1333.3333333333333,1337.0,1343.5,1329.75,1232.0,1194.98703125,22.3,0.7128581151574995,29300,False,False
BAUT.JK,41.0,40.0,39.6,39.0,38.05,33.94,30.98,7.060000000000002,3.522733210632414,7671200,False,False
BATR.JK,92.0,91.33333333333333,91.2,92.2,93.45,92.24,89.08643692016602,2.25,1.4316035996029512,402900,True,False
BATA.JK,59.0,59.0,59.0,59.0,59.0,59.0,60.51,0.0,0.0,0,True,False
BAPI.JK,20.0,21.0,21.6,21.6,20.05,18.44,19.58,3.16,6.852671932033997,5121200,False,False
BAPA.JK,126.0,126.33333333333333,126.2,131.7,141.35,177.64,215.66,51.639999999999986,2.1442283889246703,2178000,False,False
BANK.JK,258.0,260.6666666666667,261.2,265.0,269.5,276.04,320.65,9.02000000000001,0.9730760526673377,812100,False,False
BALI.JK,1310.0,1303.3333333333333,1333.0,1319.0,1321.25,1267.1,1255.85,13.180000000000017,4.940708453866461,3600,False,False
BAJA.JK,280.0,278.0,279.6,285.4,280.8,264.64,207.54,10.379999999999995,5.023981010425374,1213100,False,False
BAIK.JK,240.0,236.0,238.4,252.8,266.7,489.22,545.0,126.61000000000001,3.294512798194517,7454000,False,False
BACA.JK,116.0,116.33333333333333,117.0,118.2,118.35,115.28,117.49,3.069999999999993,0.7015213652425025,606900,True,False
BABY.JK,204.0,204.0,206.4,208.4,211.6,200.48,195.07,5.560000000000002,2.2677959232491105,378000,True,False
BABP.JK,50.0,50.0,50.0,50.0,50.0,50.0,50.18,0.0,0.0,6000,True,False
AYLS.JK,186.0,163.0,159.0,158.1,155.25,154.68,152.98,31.319999999999993,9.089919504940044,68167800,False,False
AYAM.JK,500.0,505.0,495.0,491.7,486.45,441.46,386.17,31.77000000000001,2.163297846705734,8735000,False,False
AXIO.JK,115.0,115.33333333333333,115.0,115.4,115.6,113.64,110.68148590087891,1.9599999999999937,1.3198337049494728,86300,True,False
AWAN.JK,163.0,163.0,161.8,163.8,165.65,158.26,152.36,7.390000000000015,1.6919375221173132,49000,False,False
AVIA.JK,344.0,343.3333333333333,346.4,356.6,357.8,340.08,340.02,8.860000000000014,1.4728876857009536,5229300,False,False
AUTO.JK,3330.0,3340.0,3328.0,3331.0,3299.5,2945.4,2719.0,39.459999999999994,0.9233284015464525,1068700,False,False
ATLA.JK,50.0,50.0,50.0,50.0,50.0,50.04,50.183986549377444,0.03999999999999915,0.0,12600,True,False
ATIC.JK,458.0,458.6666666666667,461.2,463.6,465.4,468.12,482.76,5.060000000000002,1.1941975523868436,24700,True,False
ATAP.JK,570.0,568.3333333333334,567.0,563.0,564.5,564.58,501.11,1.4,1.1358348517764107,924900,True,False
ASSA.JK,610.0,601.6666666666666,604.0,621.5,627.5,620.3,634.43515625,5.166666666666674,1.7224929725837543,4623800,True,False
ASRM.JK,290.0,288.6666666666667,288.4,285.8,280.8,270.24,265.12781829833983,9.879999999999995,0.8210193186236355,11000,False,False
ASRI.JK,126.0,125.66666666666667,125.8,126.9,126.35,123.12,119.7211840057373,3.780000000000001,1.5240612298019152,1384100,True,True
ASPR.JK,143.0,148.33333333333334,144.6,145.1,149.45,150.32,197.75239974975585,7.319999999999993,4.178646810798855,15725800,False,False
ASPI.JK,565.0,543.3333333333334,524.0,493.3,445.75,438.0,411.97,25.4,9.72819795858767,1699400,False,False
ASMI.JK,15.0,15.0,15.0,15.4,15.5,16.5,16.42,1.5,4.736476948284567,3882600,False,False
ASLI.JK,408.0,376.6666666666667,382.8,390.8,335.7,254.5,255.99,76.75,6.410245443194889,90409200,False,False
ASLC.JK,66.0,66.0,66.2,67.0,66.95,64.52,65.43,2.480000000000004,1.564631853335004,2602600,True,True
ASJT.JK,161.0,161.33333333333334,160.8,161.3,161.5,159.76,163.91370880126954,1.740000000000009,0.6157388236562313,263600,True,False
ASII.JK,4900.0,4880.0,4906.0,4899.0,4866.5,4919.8,5050.660083007812,5.330000000000018,1.440988701677222,8169900,True,False
ASHA.JK,56.0,56.333333333333336,56.4,57.3,57.7,58.04,60.75,2.039999999999999,2.1155268028993754,44605100,True,False
ASGR.JK,2110.0,2100.0,2106.0,2132.0,2092.75,1940.4,1737.55,19.15999999999999,0.7415118292946826,648200,False,False
ASDM.JK,520.0,520.0,520.0,518.0,515.25,513.66,503.8593746948242,1.2680000000000065,0.7966420323730862,2000,True,False
ASBI.JK,400.0,400.0,400.0,400.6,404.8,414.48,409.5248663330078,7.240000000000009,0.575572438064087,17900,False,False
ARTO.JK,950.0,936.6666666666666,961.0,991.0,1002.0,1144.6,1117.45,41.58666666666666,2.6851921933381315,8053100,False,False
ARTA.JK,2200.0,2240.0,2240.0,2283.0,2275.5,2374.2,2399.75,17.41999999999998,1.9951159090707986,4000,False,False
ARNA.JK,510.0,508.3333333333333,508.0,510.0,502.9,491.64,472.3,3.672000000000003,0.6536387517492445,1103200,True,True
ARKO.JK,3880.0,4076.6666666666665,4248.0,4502.0,4760.25,4852.0,5724.1,97.2,3.0227239915651247,4260700,False,False
ARKA.JK,22.0,22.0,22.0,22.0,22.0,22.0,24.79,0.0,0.0,0,True,False
ARII.JK,298.0,300.0,299.6,304.0,298.9,284.76,283.14,9.620000000000005,1.5837198891740474,49000,False,False
ARGO.JK,1165.0,1153.3333333333333,1159.0,1166.0,1158.25,1135.3,1023.05,6.1400000000000095,0.9367484299211825,105600,False,False
AREA.JK,322.0,316.6666666666667,318.0,327.8,327.6,293.56,273.8,17.120000000000005,2.5067312929886287,1886600,False,False
ARCI.JK,1330.0,1331.6666666666667,1324.0,1325.0,1346.0,1206.9,1195.645274658203,27.819999999999983,1.4149961374073161,11301600,False,False
APLN.JK,127.0,127.66666666666667,127.6,130.2,134.0,131.12,138.74,7.0,1.2453204576396955,8713900,False,False
APLI.JK,286.0,289.3333333333333,286.0,281.8,276.9,261.24,247.63193893432617,14.046666666666653,2.833757072519453,54700,False,False
APII.JK,199.0,195.0,193.0,192.6,191.65,187.98,184.21538452148437,11.02000000000001,1.2711928204762997,2588000,False,False
APIC.JK,404.0,416.6666666666667,422.4,465.0,492.75,576.0,838.65,86.0,5.083857003434627,1194300,False,False
APEX.JK,193.0,195.0,198.2,201.7,196.85,172.58,159.76,29.119999999999976,1.999560483536566,9258800,False,False
ANTM.JK,3230.0,3240.0,3236.0,3193.0,3167.0,3070.8,3015.933994140625,16.91999999999998,2.0138337152964367,38049500,False,False
ANJT.JK,1600.0,1593.3333333333333,1590.0,1594.0,1594.75,1524.7,1563.6,15.059999999999992,0.7465784439176001,6200,False,False
ANDI.JK,21.0,20.333333333333332,20.6,20.9,18.85,18.16,18.88,2.84,5.148329408563949,2633000,False,False
AMRT.JK,1315.0,1305.0,1290.0,1299.5,1331.25,1355.3,1352.2835583496094,13.059999999999992,1.5576296567071661,9690400,False,False
AMOR.JK,368.0,369.3333333333333,368.0,369.2,362.9,353.6,344.6,7.866666666666646,1.266636789319699,70400,False,False
AMMS.JK,220.0,214.66666666666666,218.8,218.4,213.35,240.28,299.38,13.465000000000003,5.187897459018437,196100,False,False
AMMN.JK,4940.0,5046.666666666667,5020.0,4829.0,4619.0,4281.8,4013.1,76.48666666666668,3.3367658498960293,62807000,False,False
AMIN.JK,246.0,244.0,241.2,241.8,241.4,242.96,247.94,2.4000000000000057,1.245623670968327,190300,True,False
AMFG.JK,3330.0,3296.6666666666665,3296.0,3313.0,3321.5,3262.4,3140.5795043945313,6.759999999999991,1.1754758167767665,200,False,False
AMAR.JK,234.0,233.33333333333334,231.2,232.6,232.3,219.05994476318358,203.37504989624023,7.47002761840821,1.3279233146151885,326600,False,False
AMAN.JK,220.0,222.66666666666666,224.0,227.6,228.1,243.84,251.34,11.920000000000002,0.9206203525826805,413200,False,False
AMAG.JK,386.0,387.3333333333333,387.6,388.2,388.7,388.56,392.389596862793,1.3499999999999943,0.21678228752761652,39000,True,False
ALKA.JK,7400.0,7008.333333333333,6197.0,5151.5,4837.75,2882.3,1722.27,180.708,11.18466733984199,0,False,False
ALII.JK,705.0,731.6666666666666,753.0,770.5,779.0,769.0,795.328271484375,14.8,2.3617846325780545,526300,False,False
ALDO.JK,945.0,950.0,951.0,946.5,940.0,855.1,765.2200433349609,19.179999999999996,1.1638960432964947,12600,False,False
AKSI.JK,392.0,372.6666666666667,365.6,332.8,288.2,251.2,247.06,70.4,11.221220759588395,2210500,False,False
AKRA.JK,1470.0,1478.3333333333333,1493.0,1489.5,1441.25,1402.51912109375,1346.3563000488282,18.096175781249986,2.5166925639851367,3143000,False,False
AKPI.JK,550.0,550.0,542.0,538.5,524.7,510.18,505.6288656616211,7.963999999999999,1.9940369656644161,217900,False,False
AKKU.JK,38.0,38.0,38.0,38.0,38.0,38.0,38.0,0.0,0.0,0,True,False
AISA.JK,117.0,116.0,116.0,116.6,117.8,115.64,111.95,2.1599999999999966,0.805833950924317,9351800,True,True
AIMS.JK,525.0,501.0,495.8,503.5,461.75,418.14,413.95,21.372000000000003,4.5296562987438715,480300,False,False
AHAP.JK,115.0,115.0,109.2,105.1,101.85,98.06,94.6,16.939999999999998,5.450250739018692,52558200,False,False
AGRS.JK,59.0,59.333333333333336,59.8,61.1,61.25,61.1,62.54,2.25,1.3682859234302505,1683900,True,False
AGRO.JK,147.0,147.0,147.8,150.2,149.95,148.28,154.25,3.1999999999999886,0.9698125849791674,2400100,True,False
AGII.JK,3500.0,3316.6666666666665,3232.0,3128.0,3016.0,2986.8,2884.9668701171877,51.31999999999998,3.2952890806631046,1629500,False,False
AGAR.JK,2160.0,2476.6666666666665,2355.0,1938.5,1865.25,1256.86,740.49,121.98066666666666,13.001098047783236,903700,False,False
AEGS.JK,50.0,50.666666666666664,50.2,49.5,47.45,44.0,44.31,6.666666666666664,3.690219914028842,582900,False,False
ADRO.JK,2680.0,2623.3333333333335,2626.0,2660.0,2666.5,2563.6,2453.0347998046873,11.64000000000001,1.2502668864068593,21152000,False,False
ADMR.JK,1565.0,1551.6666666666667,1570.0,1610.5,1647.75,1583.0,1582.7902783203126,19.21666666666665,2.314314221288082,20386500,False,False
ADMG.JK,250.0,251.33333333333334,252.4,262.8,260.7,242.02,221.84,10.39,1.8790834071272107,639600,False,False
ADMF.JK,8675.0,8725.0,8705.0,8710.0,8711.25,8545.0,8425.75,7.2,0.4446595798967874,24100,False,False
ADHI.JK,133.0,133.0,133.0,133.0,133.25,146.64,159.33,13.639999999999986,0.0,0,False,False
ADES.JK,32000.0,31991.666666666668,31995.0,31742.5,32060.0,33454.5,29014.25,68.48,0.8408201622445965,5600,False,False
ADCP.JK,50.0,50.0,50.0,50.0,50.0,50.0,50.05,0.0,0.0,0,True,False
ACST.JK,106.0,106.66666666666667,107.8,108.1,97.2,89.06,86.04,19.039999999999992,7.059502972323715,241100,False,False
ACRO.JK,65.0,64.66666666666667,64.6,65.6,65.15,62.98,62.62804264068603,2.6199999999999974,2.2541573691414687,2354200,True,True
ACES.JK,350.0,351.3333333333333,352.0,353.8,355.5,353.92,341.77910278320314,2.75,0.5352128019178781,4418400,True,True
ABMM.JK,2810.0,2816.6666666666665,2814.0,2854.0,2797.0,2638.4,2575.726657714844,21.55999999999999,1.6539011993537733,671300,False,False
ABDA.JK,4970.0,4966.666666666667,4966.0,4882.0,4383.5,3881.6,3610.2,108.84,4.6056943126705105,200,False,False
ABBA.JK,30.0,30.0,30.0,30.0,30.0,30.0,32.97,0.0,0.0,0,True,False
AALI.JK,8625.0,8575.0,8555.0,8525.0,8317.5,7443.5,7113.0,47.26,1.596011540665171,1278200,False,False
AADI.JK,12375.0,12350.0,12300.0,12092.5,11237.5,9858.0,9134.933310546876,100.68,2.224896568216542,3334500,False,False
