Ticker,Close,MA3,MA5,MA10,MA20,MA50,MA100,Range_Ticks,Vol_Pct,Volume,MA_Tight,Signal
ZYRX.JK,131.0,131.0,130.6,130.2,130.05,128.18,131.9760482788086,2.819999999999993,1.835780594510791,760400,True,False
ZONE.JK,720.0,718.3333333333334,718.0,736.5,731.5,655.2,516.6021716308594,16.25999999999999,5.294802728250767,28600,False,False
ZINC.JK,30.0,30.0,30.0,30.0,30.0,30.0,30.0,0.0,0.0,0,True,False
YUPI.JK,1340.0,1326.6666666666667,1330.0,1371.6283813476562,1332.9933227539063,1312.2824462890626,1373.9554736328125,11.869187011718713,1.4944041225908686,5700,False,False
YULE.JK,3560.0,3573.3333333333335,3598.0,3557.0,3517.0,3423.6,3384.0982177734377,17.44000000000001,1.8726119073213616,6100,False,False
YPAS.JK,1375.0,1421.6666666666667,1480.0,1465.0,1353.0,904.0,911.0,115.2,4.659094623079222,29100,False,False
YOII.JK,81.0,81.0,81.4,81.4,82.4,84.28,86.51,3.280000000000001,1.0741863911238914,2653000,True,False
YELO.JK,102.0,102.33333333333333,102.4,97.3,94.0,84.16,85.83,18.24000000000001,7.463997652901789,44410800,False,False
WTON.JK,80.0,80.33333333333333,80.6,80.6,80.45,76.28,79.17305305480957,4.319999999999993,1.49062724761118,1512700,True,True
WSBP.JK,14.0,14.0,14.0,14.0,14.0,14.0,15.09,0.0,0.0,0,True,False
WOWS.JK,59.0,59.0,59.4,59.8,60.25,59.3,63.17,1.25,3.3645423498556717,6477400,True,False
WOOD.JK,208.0,208.0,208.4,207.8,211.5,211.8,240.54,2.0,2.941355181948353,1481600,True,False
WOMF.JK,282.0,280.0,279.2,278.2,276.4,261.52,271.26,10.240000000000009,1.2123635425922759,965200,False,False
WMUU.JK,50.0,50.0,50.0,50.0,51.95,51.76,57.03,1.9500000000000028,0.0,1599700,True,False
WIRG.JK,75.0,75.0,75.4,74.7,71.75,61.68,64.68,13.720000000000006,4.14436822350086,34628500,False,False
WINS.JK,565.0,570.0,563.0,548.5,532.0,525.6,520.9500302124023,8.879999999999995,1.8908449398830425,1394100,False,False
WINR.JK,27.0,26.333333333333332,24.6,22.4,23.25,21.74,24.52,5.260000000000002,5.277206599509429,27022300,False,False
WINE.JK,134.0,133.66666666666666,134.2,131.3,132.9,142.04,153.86705718994142,10.73999999999998,3.2676468389774955,382600,False,False
WIIM.JK,1625.0,1633.3333333333333,1644.0,1653.0,1700.75,1658.2,1661.339892578125,15.15,2.265234666845193,765500,False,False
WIFI.JK,2110.0,2100.0,2098.0,2076.0,2043.75,1934.6756127929686,1985.9440856933593,17.532438720703134,2.5251976700731342,19850500,False,False
WIDI.JK,27.0,26.333333333333332,26.4,26.5,26.05,26.1,27.46,0.9499999999999993,5.175995612567346,30809000,False,False
WGSH.JK,160.0,160.0,161.8,159.1,169.8,153.24,133.12,16.560000000000002,4.92162124022908,5548800,False,False
WEHA.JK,114.0,112.0,111.4,110.0,109.15,105.38,111.27380172729492,8.620000000000005,1.238516036425806,4365400,False,False
WEGE.JK,52.0,53.0,53.4,53.9,55.05,52.02,52.59,3.049999999999997,1.2643882937111872,49763900,True,False
WAPO.JK,174.0,173.0,173.0,167.8,153.0,131.3,128.08,42.69999999999999,2.811725703114982,348600,False,False
VTNY.JK,78.0,78.33333333333333,77.8,80.2,77.8,67.98,66.47,12.219999999999999,4.038349764290874,13009700,False,False
VRNA.JK,97.0,99.0,94.0,84.3,79.5,76.82,77.36,22.180000000000007,10.949158528153427,22393400,False,False
VOKS.JK,242.0,240.66666666666666,238.8,231.2,230.6,213.68,212.58,14.159999999999997,3.036094652290174,171700,False,False
VKTR.JK,905.0,883.3333333333334,900.0,909.0,889.75,763.96,769.28,29.007999999999992,5.095461656387115,64349000,False,False
VIVA.JK,48.0,47.333333333333336,48.6,48.9,51.95,43.36,41.63,8.590000000000003,5.265290628821444,4303500,False,False
VISI.JK,950.0,963.3333333333334,972.0,984.0,959.25,929.1,905.15,10.979999999999995,4.2602352544901,638300,False,False
VINS.JK,145.0,144.0,143.6,142.5,142.9,140.12,144.95,4.8799999999999955,1.9398605128262782,47800,True,False
VICO.JK,152.0,153.0,153.0,151.8,147.85,141.42,146.3,11.580000000000013,2.4668163390223286,40500,False,False
VICI.JK,990.0,956.6666666666666,932.0,858.5,745.75,659.5,616.3907138061523,66.1,4.90401770620386,8612800,False,False
VERN.JK,236.0,239.33333333333334,241.6,245.0,234.7,201.48,166.77,21.760000000000005,3.1159966338344116,3268900,False,False
VAST.JK,113.0,113.33333333333333,113.8,113.1,114.1,114.88,118.6,1.8799999999999955,1.0564810474523239,622800,True,False
UVCR.JK,150.0,149.33333333333334,149.8,144.8,144.45,142.46,170.82092834472655,7.539999999999992,3.8267262658929395,12040700,False,False
URBN.JK,228.0,226.66666666666666,228.0,222.4,217.5,216.76,208.73,5.6200000000000045,1.5440258182792808,10300,True,False
UNVR.JK,1675.0,1676.6666666666667,1688.0,1718.5,1750.25,1743.3,1676.1182092285155,15.05,1.0081342442898351,4317500,False,False
UNTR.JK,25650.0,25300.0,25250.0,24835.0,24225.0,24526.5,25081.05634765625,57.0,2.3994471635237162,711800,False,False
UNTD.JK,83.0,82.66666666666667,82.6,82.3,82.55,79.14,78.71,3.8599999999999994,1.7657071097139703,14993000,True,True
UNSP.JK,206.0,206.0,206.0,206.0,206.0,206.0,250.82,0.0,0.0,0,True,False
UNIQ.JK,124.0,123.33333333333333,124.0,121.1,118.3,112.06,113.15,11.939999999999998,1.9095302883811889,645500,False,False
UNIC.JK,15025.0,15008.333333333334,14980.0,14995.0,15060.0,13946.0,13015.19009765625,44.56,0.45804118162842844,15300,False,False
ULTJ.JK,1535.0,1515.0,1506.0,1497.5,1500.5,1444.1,1474.0,18.180000000000017,1.2019509452199968,1214300,False,False
UFOE.JK,149.0,149.0,148.6,145.9,143.8,139.24,141.51,9.759999999999991,1.181003753741537,163200,False,False
UDNG.JK,810.0,895.0,993.0,1210.5,1259.75,1252.9,1238.0,89.95,7.723567094106974,10128500,False,False
UCID.JK,510.0,513.3333333333334,518.0,509.9,478.05,422.22,402.7805563354492,19.155999999999995,2.8975469201297543,342000,False,False
UANG.JK,4440.0,4126.666666666667,3632.0,3051.0,2741.0,2507.9,2737.5,193.20999999999998,10.647107657221145,3747300,False,False
TYRE.JK,112.0,113.0,113.0,112.8,112.95,112.74,112.1,1.0,0.8380951461585748,143900,True,False
TUGU.JK,1345.0,1340.0,1341.0,1346.0,1340.25,1267.3,1209.8109460449218,15.740000000000009,2.233140580736084,1495300,False,False
TSPC.JK,2730.0,2736.6666666666665,2744.0,2740.0,2753.5,2684.6,2560.3,6.8900000000000095,0.7854554536860989,141700,False,False
TRUS.JK,456.0,449.3333333333333,448.0,442.4,435.3,436.21057861328126,363.300498046875,10.349999999999994,2.384694134719489,67600,False,False
TRUK.JK,1075.0,1075.0,987.0,898.5,812.0,590.5,522.93,96.9,8.202547169132874,0,False,False
TRUE.JK,50.0,50.0,50.0,50.0,50.0,50.0,81.3,0.0,0.0,0,True,False
TRST.JK,460.0,460.0,460.8,463.8,461.2,467.34166564941404,465.6291619873047,3.67083282470702,1.1885876238234272,10800,True,False
TRON.JK,103.0,103.33333333333333,103.2,100.7,101.2,102.92,108.31,2.6333333333333258,3.604979404606276,10209100,True,False
TRJA.JK,131.0,131.33333333333334,131.0,128.1,123.05,115.36,119.66,15.973333333333343,1.7178459407864721,111800,False,False
TRIS.JK,177.0,177.33333333333334,177.2,175.9,173.7,168.38,169.72891143798827,8.953333333333347,1.0397225364619909,769500,False,False
TRIN.JK,398.0,407.3333333333333,381.6,358.2,339.2,334.68,444.97,36.326666666666654,7.056257740569237,7795000,False,False
TRIM.JK,700.0,700.0,693.0,656.5,629.0,596.48,566.5820166015625,20.703999999999997,2.432113757208802,141300,False,False
TRGU.JK,185.0,176.33333333333334,176.6,175.4,172.35,167.7,173.83,17.30000000000001,2.776317481731016,1699100,False,False
TPMA.JK,492.0,491.3333333333333,488.4,475.0,467.5,455.12,474.38,18.439999999999998,1.6192877347457373,468000,False,False
TPIA.JK,1970.0,1980.0,1994.0,1971.0,2001.5,1990.3,2780.33158203125,6.3,2.65910374118913,77607600,False,False
TOWR.JK,472.0,456.6666666666667,452.8,457.0,434.3,407.76,412.9178271484375,32.120000000000005,2.274656912413443,99329600,False,False
TOTO.JK,242.0,240.0,239.6,237.2,235.5,237.12,238.6781332397461,3.25,0.5874201712769916,217500,True,False
TOTL.JK,1525.0,1505.0,1486.0,1501.0,1466.5,1244.1,1156.849782104492,56.18000000000002,2.6647740106808566,1211300,False,False
TOSK.JK,86.0,82.33333333333333,80.0,76.6,74.2,68.46,64.31,17.540000000000006,2.2417195811379447,101743000,False,False
TOOL.JK,72.0,72.66666666666667,70.4,68.2,67.6,66.32,68.04,6.346666666666678,3.341068087718782,108007600,False,False
TOBA.JK,580.0,585.0,591.0,592.5,558.0,487.72,490.9509338378906,20.955999999999996,4.736612926901751,12142300,False,False
TNCA.JK,183.0,181.66666666666666,182.8,172.2,166.85,154.58,162.39,28.419999999999987,4.9135499440429165,891100,False,False
TMPO.JK,168.0,168.0,170.4,193.0,186.45,142.0,129.67,51.0,13.632249882801617,11521700,False,False
TMAS.JK,146.0,145.66666666666666,143.8,141.3,137.3,125.88,121.91823539733886,20.120000000000005,2.279612258717776,4655200,False,False
TLKM.JK,2630.0,2616.6666666666665,2608.0,2603.0,2605.0,2595.4,2637.688176269531,3.459999999999991,0.8195137281332439,63419100,True,False
TLDN.JK,640.0,646.6666666666666,638.0,605.0,583.75,548.5,556.0606939697266,19.633333333333326,3.155520245291589,288200,False,False
TKIM.JK,8250.0,8183.333333333333,8255.0,8140.0,7953.75,6823.29720703125,6876.9986181640625,57.268111718750006,2.408772225421455,1423400,False,False
TIRT.JK,590.0,590.0,590.0,590.0,590.0,590.0,547.02,0.0,0.0,0,True,False
TIRA.JK,414.0,414.6666666666667,414.4,410.4,416.0,477.0,592.05,33.30000000000001,1.4495505913619942,48100,False,False
TINS.JK,4420.0,4440.0,4284.0,4168.0,4056.5,3751.2,3588.51501953125,68.88000000000002,3.0505632534647367,16983000,False,False
TIFA.JK,328.0,328.0,327.2,328.6,331.8,292.72,302.63313537597656,19.539999999999992,3.358714858849917,23300,False,False
TGKA.JK,4930.0,4963.333333333333,4956.0,5008.5,5006.25,4913.7,4810.3355712890625,9.480000000000018,2.0696616999709505,400,False,False
TFCO.JK,820.0,860.0,876.0,880.0,857.0,775.3,718.7,20.94000000000001,3.9822286396238136,200,False,False
TFAS.JK,192.0,189.33333333333334,186.8,186.2,186.05,187.76,200.02,5.949999999999989,1.8612823147664352,384300,True,False
TEBE.JK,1760.0,1696.6666666666667,1708.0,1704.5,1573.25,1251.7,1188.6,101.66,3.3391949015717772,8128700,False,False
TCPI.JK,2310.0,2296.6666666666665,2326.0,2336.0,2752.0,4538.237880859375,7572.009833984375,224.15712141927082,5.460207838048838,1141200,False,False
TCID.JK,2610.0,2590.0,2596.0,2631.0,2655.0,2718.6,2779.5,12.85999999999999,1.7063100144074603,1500,False,False
TBMS.JK,1225.0,1215.0,1215.0,1221.0,1212.75,1207.6,1234.7447387695313,3.480000000000018,1.9841110089077936,12300,True,False
TBLA.JK,635.0,635.0,635.0,629.0,627.25,627.9,619.8470504760742,1.55,1.0873149503083852,1396400,True,True
TBIG.JK,1510.0,1508.3333333333333,1498.0,1488.0,1446.0,1429.9,1466.0470434570314,16.019999999999982,1.641193033837781,278900,False,False
TAYS.JK,50.0,50.0,50.0,50.0,50.0,50.0,53.18,0.0,0.0,0,True,False
TAXI.JK,14.0,13.666666666666666,13.6,13.4,14.05,13.32,14.42,0.7300000000000004,6.058092027047069,54106800,False,False
TARA.JK,31.0,30.0,30.0,29.4,29.8,29.98,30.08,1.6000000000000014,3.362505398902101,997300,True,False
TAPG.JK,2300.0,2263.3333333333335,2298.0,2194.0,2012.9494384765626,1758.1370825195313,1661.4620202636718,54.18629174804687,4.314888263958315,7222700,False,False
TAMU.JK,27.0,27.333333333333332,27.6,26.7,26.25,22.3,23.39,5.300000000000001,3.565255826524426,2317400,True,True
TAMA.JK,190.0,199.33333333333334,198.6,211.5,234.95,208.86,194.31,44.94999999999999,6.901802025548862,3749900,False,False
TALF.JK,715.0,710.0,705.0,708.5,752.5,700.204560546875,697.852099609375,10.459087890625005,3.6163209076687375,33400,False,False
SWID.JK,122.0,120.33333333333333,120.2,119.1,115.45,103.89520004272461,100.94693405151367,18.10479995727539,2.7863190610865125,1546700,False,False
SURI.JK,85.0,83.0,82.6,81.4,79.05,71.8,71.29,13.200000000000003,1.8727263924066064,10806300,False,False
SURE.JK,3110.0,3180.0,2960.0,2786.0,2733.0,2759.0,2751.3,44.7,8.109652747722881,11200,False,False
SUPA.JK,525.0,520.0,526.0,523.0,536.5,562.1,671.45,8.420000000000005,1.9550292687476822,3579100,False,False
SUNI.JK,685.0,693.3333333333334,699.0,706.0,711.75,673.3810473632813,656.244146118164,7.6737905273437494,0.6853196625494696,451800,False,False
SULI.JK,89.0,89.33333333333333,89.6,90.2,92.0,87.56,89.26,4.439999999999998,3.111189986498924,3432300,True,False
STTP.JK,9500.0,9475.0,9455.0,9442.5,9473.75,9734.0,9762.5,11.66,0.4580407996697981,700,False,False
STRK.JK,64.0,65.33333333333333,66.6,68.0,64.7,66.18,79.62,4.0,2.565458623430774,4392200,True,False
STAR.JK,384.0,388.0,392.4,399.6,406.8,330.2,403.8,38.30000000000001,0.8828798271808828,60800,False,False
STAA.JK,1275.0,1281.6666666666667,1278.0,1235.5,1164.75,1091.7,1072.9420825195311,37.99333333333334,2.1523069314771472,2743400,False,False
SSTM.JK,484.0,488.3333333333333,488.2,470.7,438.55,414.38,474.39,36.97666666666666,9.05801857463532,942200,False,False
SSMS.JK,1230.0,1198.3333333333333,1180.0,1046.5,976.75,920.5,966.9781884765625,61.9,6.708156187479691,9633800,False,False
SSIA.JK,1815.0,1806.6666666666667,1837.0,1855.5,1802.25,1685.9,1662.132491455078,33.91999999999998,2.8757816451044054,5034400,False,False
SRTG.JK,1805.0,1801.6666666666667,1803.0,1850.0,1857.25,1745.4,1649.9476684570313,22.369999999999983,1.828311858381929,920300,False,False
SRSN.JK,102.0,104.0,103.8,92.4,81.65,72.96,69.84,31.040000000000006,10.452230801625301,61083200,False,False
SRAJ.JK,13175.0,13225.0,13425.0,13735.0,13801.25,12356.5,12750.25,57.79,5.399949005691771,1400,False,False
SQMI.JK,97.0,100.66666666666667,99.4,83.5,72.6,65.2,56.37,35.46666666666667,13.112868628642785,248796300,False,False
SPTO.JK,615.0,616.6666666666666,618.0,617.0,612.75,596.9,577.1767510986328,4.220000000000004,0.8052020896548414,203800,True,False
SPRE.JK,93.0,91.66666666666667,91.8,91.3,90.05,86.84,84.82,6.159999999999997,1.7621684875205674,6023900,False,False
SPMA.JK,171.0,170.66666666666666,169.4,167.9,166.5,166.2476919555664,162.92384582519531,4.75230804443359,0.7621926758063908,301000,True,False
SOUL.JK,37.0,37.0,37.0,37.0,37.0,37.0,40.89,0.0,0.0,0,True,False
SOTS.JK,615.0,611.6666666666666,615.0,618.5,636.5,615.9,724.95,4.966666666666674,2.700397476912681,272600,True,False
SOSS.JK,1010.0,983.3333333333334,942.0,891.0,868.5,881.3,845.8,28.3,3.347160894523825,1500,False,False
SONA.JK,2300.0,2366.6666666666665,2408.0,2442.0,2591.5,2414.2,2284.9449011230467,29.15,3.1353922204210996,4900,False,False
SOLA.JK,93.0,92.66666666666667,93.0,92.1,91.65,97.44,105.68,5.789999999999992,1.8535249647208971,4709900,True,False
SOHO.JK,1845.0,1518.3333333333333,1391.0,1294.5,1239.5,1200.9,1380.05,128.82,10.04374887216257,3654500,False,False
SOFA.JK,324.0,321.3333333333333,329.2,344.4,318.2,259.52,307.18,42.44,5.930647702312516,1173400,False,False
SOCI.JK,665.0,648.3333333333334,625.0,590.5,555.0,452.94051635742187,430.66432220458984,42.41189672851563,4.281961331333874,12160500,False,False
SNLK.JK,238.0,236.0,231.2,228.8,228.9,225.24,232.36,6.3799999999999955,1.9538432452352261,15750400,False,False
SMSM.JK,1760.0,1740.0,1736.0,1724.0,1726.25,1701.3393310546876,1696.161689453125,11.732133789062482,1.0277920272830243,1494700,False,False
SMRA.JK,342.0,336.6666666666667,332.8,324.0,325.6,313.36,305.1708793640137,14.319999999999993,1.63526658712203,12412600,False,False
SMMT.JK,2820.0,2646.6666666666665,2412.0,2209.5,2054.5,1912.0,1923.55,90.8,8.733085301034796,2526100,False,False
SMMA.JK,20025.0,19750.0,19930.0,19992.5,20070.0,20528.5,19312.25,31.14,2.623297841111346,6500,False,False
SMLE.JK,190.0,190.66666666666666,188.8,178.5,173.15,150.42,131.01,40.24666666666667,3.3755700557539727,15728300,False,False
SMKM.JK,110.0,110.33333333333333,108.8,109.9,102.85,81.3,82.17,29.03333333333333,4.750584897599045,1367400,False,False
SMKL.JK,152.0,155.66666666666666,154.2,150.3,149.0,143.12,145.73272872924804,12.546666666666653,2.5114781733217115,194800,False,False
SMIL.JK,446.0,434.6666666666667,427.2,418.4,401.3,365.12,320.02,40.44,1.6255145762282308,30731400,False,False
SMGR.JK,1765.0,1771.6666666666667,1756.0,1648.5,1598.75,1524.6,1692.6217846679688,49.41333333333337,5.884382589120714,7960300,False,False
SMGA.JK,91.0,90.0,89.0,85.3,81.55,73.98,76.27,17.019999999999996,3.3882383396816445,10431600,False,False
SMDR.JK,364.0,357.3333333333333,347.6,331.4,319.3,298.5641485595703,299.47304763793943,32.71792572021485,3.4034323476578,8947800,False,False
SMDM.JK,555.0,558.3333333333334,556.0,550.5,552.0,560.4,564.96,1.9799999999999955,1.5107497050633472,600,True,False
SMBR.JK,180.0,178.33333333333334,180.6,174.4,170.9,162.58,171.79207290649413,18.019999999999982,6.3975027635493165,2281500,False,False
SMAR.JK,6725.0,6700.0,6750.0,6477.5,6097.5,5652.0,5408.051381835938,43.92,2.467191911646145,32400,False,False
SLIS.JK,90.0,89.33333333333333,90.0,90.1,90.75,73.58,74.38,17.17,4.870448493903208,7951300,False,False
SKRN.JK,400.0,396.6666666666667,393.6,390.0,391.5,388.72,400.6099966430664,5.639999999999986,1.1180419404925566,208700,True,False
SKLT.JK,218.0,218.0,216.8,214.8,211.3,198.54,198.5807145690918,9.730000000000004,1.3719143453481735,56700,False,False
SKBM.JK,550.0,560.0,559.0,549.0,543.75,549.0,567.24,3.25,1.4634219565148583,84800,True,False
SIPD.JK,955.0,928.3333333333334,933.0,917.0,827.75,744.5,794.75,42.1,5.99317479071709,16200,False,False
SINI.JK,15075.0,14758.333333333334,13905.0,11580.0,9390.0,7915.87259765625,10009.436298828125,286.36509609375,6.806318553267992,11719200,False,False
SIMP.JK,640.0,638.3333333333334,643.0,628.0,613.75,580.1519995117187,596.4159216308594,12.569600097656258,2.4973136171572428,10726900,False,False
SILO.JK,2150.0,2173.3333333333335,2168.0,2168.0,2240.5,2200.7,2286.35,9.05,2.190925005539464,491500,False,False
SIDO.JK,358.0,356.0,356.4,354.2,352.5,363.24,395.9714562988281,5.3700000000000045,1.0120409187554433,3778900,True,False
SICO.JK,115.0,114.33333333333333,114.6,115.0,112.05,109.18,111.8496923828125,5.819999999999993,2.5510402167588566,1145800,True,True
SHIP.JK,2570.0,2533.3333333333335,2454.0,2379.0,2330.5,2010.1,2204.65373046875,55.99000000000001,6.3557565832232195,66000,False,False
SHID.JK,850.0,691.6666666666666,636.0,589.0,577.75,584.8,648.35,54.45,10.772802804534384,989300,False,False
SGRO.JK,4970.0,4980.0,4983.0,4892.5,4788.25,3890.8301025390624,3585.239406738281,109.21698974609376,1.4074839168788675,18400,False,False
SGER.JK,670.0,670.0,663.0,627.0,558.65,486.22,420.83,36.75599999999999,4.6220663493537995,34673500,False,False
SFAN.JK,2030.0,2030.0,2034.0,2035.0,2022.75,1989.4,1972.8,4.559999999999991,0.32680288267197355,22400,True,False
SEMA.JK,119.0,113.0,112.6,112.4,105.8,99.18,101.98,19.819999999999993,3.665307838346189,18290400,False,False
SDRA.JK,218.0,221.33333333333334,222.4,222.2,221.1,216.04,227.34,3.180000000000007,1.204087141440497,1633300,True,False
SDPC.JK,200.0,198.0,197.2,196.9,192.5,185.96,184.09145523071288,14.039999999999992,2.008524142679116,107000,False,False
SDMU.JK,91.0,91.33333333333333,91.4,90.7,86.45,83.14,85.31,8.260000000000005,5.363960423731408,5594100,False,False
SCNP.JK,156.0,156.0,156.6,154.7,152.25,152.44,152.69015197753907,4.349999999999994,1.0645665417658128,40000,True,False
SCMA.JK,204.0,203.33333333333334,204.0,203.4,205.05,204.78,214.6522203063965,0.8583333333333343,1.7879658943101642,11416100,True,False
SCCO.JK,2600.0,2590.0,2512.0,2430.0,2381.5,2313.6,2281.140529785156,28.640000000000008,1.9822675395085092,8800,False,False
SBMA.JK,111.0,110.66666666666667,109.6,108.8,108.45,107.66,110.56,3.3400000000000034,1.1576255646698892,726700,True,False
SATU.JK,252.0,249.33333333333334,247.6,245.2,250.9,262.12,263.56,8.460000000000008,1.7382927419824303,656200,False,False
SAPX.JK,260.0,266.6666666666667,271.2,243.4,229.1,218.5,223.28,26.349999999999994,8.68517471951335,245700,False,False
SAMF.JK,318.0,317.3333333333333,315.6,305.2,294.0,284.36,288.9271376037598,16.819999999999993,1.9552045556204802,70900,False,False
SAME.JK,312.0,313.3333333333333,316.8,315.2,304.2,309.48,318.06,6.300000000000011,3.0997943679202753,832600,False,False
SAGE.JK,30.0,30.0,29.8,29.2,30.15,30.44,29.79,1.240000000000002,3.9175083476422663,1011600,False,False
SAFE.JK,875.0,875.0,875.0,755.7,584.45,449.62,393.01,85.076,10.30740954140835,0,False,False
RUNS.JK,72.0,74.33333333333333,71.0,66.5,64.55,66.3,73.44,9.783333333333331,4.385687595869928,3341900,False,False
RUIS.JK,204.0,208.0,208.4,206.4,206.4,199.933125,197.1128125,4.233437500000008,2.256184684626825,1657700,True,True
RSCH.JK,402.0,409.3333333333333,390.0,365.8,342.1,310.92,301.16,49.20666666666665,4.576025425722157,13416500,False,False
ROTI.JK,595.0,590.0,586.0,585.5,585.5,595.8,598.899599609375,2.0599999999999907,0.540588806151765,234800,True,False
RONY.JK,1685.0,1628.3333333333333,1479.0,1351.5,1296.0,1237.8,1277.1,89.44000000000001,7.967595261887185,96900,False,False
RODA.JK,63.0,62.666666666666664,62.8,63.3,65.0,62.32,64.27,2.6799999999999997,2.06853376543354,42175500,True,False
ROCK.JK,2100.0,2096.6666666666665,2064.0,2057.0,2107.0,1900.4,1998.3,20.65999999999999,2.6460666291257446,84000,False,False
RMKO.JK,340.0,340.0,333.2,312.2,298.4,309.24,358.11,20.80000000000001,4.485471929858238,4212000,False,False
RMKE.JK,430.0,423.3333333333333,428.4,423.8,418.2,424.6,491.18314880371094,5.900000000000006,2.009975175332741,51598500,True,False
RLCO.JK,4820.0,4760.0,4658.0,4485.0,4502.0,4189.6,4129.05,63.039999999999964,2.7516194329760406,150900,False,False
RISE.JK,875.0,880.0,870.0,876.5,902.5,934.0,1165.5,12.8,2.5092277794483357,969800,False,False
RIGS.JK,715.0,716.6666666666666,715.0,697.5,690.25,685.1,682.8,6.313333333333321,1.287395481310433,51700,False,False
RICY.JK,80.0,79.66666666666667,79.4,79.3,79.4,78.5,82.71,1.5,0.9336088729048342,6091300,True,False
RGAS.JK,118.0,118.66666666666667,119.2,159.3,181.9,201.68,157.70498085021973,83.68,10.343414253852313,29656100,False,False
RELI.JK,555.0,551.6666666666666,551.0,538.5,521.9,501.48,497.91,10.703999999999997,2.8238620048577388,300,False,False
RELF.JK,39.0,38.0,36.8,35.8,35.4,35.1,36.44,3.8999999999999986,3.549083192367157,18472900,True,True
REAL.JK,50.0,50.0,50.0,50.0,51.05,50.71929985046387,51.637021484375,1.0499999999999972,0.6200544431702666,496000,True,False
RDTX.JK,13375.0,13491.666666666666,13600.0,13557.5,13567.5,13685.75828125,14379.55162109375,12.430331250000018,2.3380152603313067,100900,False,False
RCCC.JK,117.0,117.0,117.6,115.2,109.7,99.18,99.61,18.419999999999987,2.902565001908991,712900,False,False
RBMS.JK,63.0,62.333333333333336,62.2,62.1,63.0,63.0,63.49,0.8999999999999986,2.4250683183254114,3279300,True,False
RATU.JK,4730.0,4573.333333333333,4522.0,4393.0,4488.5,4861.6,5084.033452148437,46.860000000000035,2.845125949579412,21422700,False,False
RANC.JK,545.0,545.0,543.0,536.5,528.75,525.5,532.72,3.9,1.493536277661304,15200,True,False
RALS.JK,390.0,386.6666666666667,386.0,383.8,382.2,380.16,384.5911120605469,4.9199999999999875,0.5066706235728639,1391400,True,True
RAJA.JK,830.0,813.3333333333334,814.0,812.5,827.25,852.354912109375,809.3178082275391,7.97098242187501,2.466201597385782,99872500,False,False
RAAM.JK,184.0,184.66666666666666,186.2,187.4,188.45,198.16,203.86,14.159999999999997,1.5055001893288442,399800,False,False
PZZA.JK,206.0,199.66666666666666,194.6,191.2,186.1,185.02,189.8949867248535,10.489999999999995,4.584467138003305,2859700,False,False
PYFA.JK,280.0,278.6666666666667,275.2,258.2,239.7,219.68,244.6,30.159999999999997,7.8911943805117195,11391000,False,False
PWON.JK,278.0,277.3333333333333,276.8,274.2,268.0,263.24,271.7265307617188,7.3799999999999955,1.9724382307388848,16779400,False,False
PURI.JK,154.0,152.66666666666666,152.2,151.5,146.2,140.22,145.15,13.780000000000001,3.1168142524902924,4138900,False,False
PURA.JK,32.0,32.0,31.8,31.7,32.15,31.44,32.23,0.7099999999999973,2.592836521460703,1065700,True,False
PUDP.JK,272.0,274.0,274.4,273.4,282.7,292.16,304.4218075561523,10.080000000000013,1.0265563194052134,54400,False,False
PTSP.JK,1275.0,1311.6666666666667,1397.0,1172.0,1042.75,956.1,927.15,88.17999999999999,13.285426974629072,110900,False,False
PTSN.JK,296.0,298.6666666666667,302.4,299.2,294.0,269.68,268.28149826049804,16.359999999999985,1.9033360592617694,73100,False,False
PTRO.JK,5500.0,5441.666666666667,5380.0,5232.5,5227.75,4695.2,4689.1,32.19200000000001,3.5298012415223714,18731100,False,False
PTPW.JK,1200.0,1191.6666666666667,1185.0,1180.0,1179.5,1174.3631616210937,1077.106028442383,5.127367675781261,0.6685664361608075,27900,True,False
PTPS.JK,165.0,166.0,165.8,161.1,157.8,145.2,145.95,20.80000000000001,2.3134700485635364,1058700,False,False
PTPP.JK,208.0,210.0,209.6,206.4,205.8,200.98,211.94,4.510000000000005,2.4812652336159746,5875500,True,False
PTMP.JK,65.0,65.0,65.2,64.8,65.45,62.52,63.33,2.9299999999999997,2.6607483509689884,32155600,True,True
PTIS.JK,254.0,254.0,252.8,255.8,258.1,265.6,282.5,6.400000000000006,2.24227489341161,12400,False,False
PTBA.JK,3010.0,2966.6666666666665,2902.0,2719.0,2554.5,2441.6,2537.2806640625,56.84000000000001,2.6186207424918964,23781500,False,False
PSSI.JK,354.0,350.0,346.0,336.8,333.1,318.56,314.64647216796874,17.72,2.1415852758219134,243100,False,False
PSKT.JK,242.0,240.66666666666666,243.6,241.6,232.5,214.84,220.09,14.379999999999995,6.523694393300415,11158700,False,False
PSGO.JK,195.0,196.33333333333334,196.6,195.1,195.1,196.44,194.26209350585938,1.5999999999999943,1.1555033018724723,240200,True,False
PSDN.JK,140.0,140.33333333333334,138.8,136.0,135.5,124.96,134.51,15.373333333333349,3.4696385794756965,4723400,False,False
PSAT.JK,905.0,903.3333333333334,903.0,897.0,896.5,857.6,862.4,9.479999999999995,1.073246637020986,24800,False,False
PSAB.JK,575.0,568.3333333333334,570.0,590.5,575.7,484.78,450.99436431884766,21.144000000000005,2.7966768676714806,34490500,False,False
PRIM.JK,120.0,120.0,119.0,118.8,116.05,105.68,94.23,14.319999999999993,2.352733286420423,9035000,False,False
PRDA.JK,2790.0,2793.3333333333335,2754.0,2673.0,2551.0,2477.2,2478.8268530273435,31.613333333333365,1.5259976382406817,813100,False,False
PRAY.JK,745.0,746.6666666666666,750.0,753.5,757.5,725.0,719.7,6.5,1.4596361185087918,1300,False,False
PPRO.JK,15.0,15.333333333333334,15.4,15.6,16.4,16.7,17.47,1.6999999999999993,5.032248013270833,11587300,False,False
PPRI.JK,200.0,177.33333333333334,161.8,150.9,148.0,146.32,154.75,53.68000000000001,7.878228314317219,70916300,False,False
PPRE.JK,107.0,107.0,107.4,105.8,105.3,105.16,108.98,2.240000000000009,2.4043043484371593,6569800,True,False
PPGL.JK,468.0,454.0,427.6,362.2,288.3,237.64,221.51,115.18,4.077525152381535,0,False,False
POWR.JK,920.0,913.3333333333334,915.0,913.0,868.5,778.0,737.6397668457031,28.4,3.986839110275898,2242500,False,False
PORT.JK,925.0,910.0,904.0,903.5,901.0,878.4,887.55,9.320000000000004,1.482141254489298,900,False,False
POLY.JK,32.0,32.0,32.0,32.0,32.0,32.0,32.0,0.0,0.0,0,True,False
POLU.JK,17650.0,18033.333333333332,18415.0,18422.5,15047.5,13435.0,13401.25,199.5,8.951412934548287,10000,False,False
POLI.JK,990.0,1000.0,984.0,918.0,841.0,764.1,873.95,47.17999999999999,3.4310219356677454,5400,False,False
PNSE.JK,498.0,496.6666666666667,497.2,497.1,495.65,498.28,536.84,1.3149999999999977,1.4606446631297234,22200,True,False
PNLF.JK,228.0,228.0,227.6,227.2,230.6,225.92,231.71,2.3400000000000034,1.5284017985148068,11483100,True,False
PNIN.JK,730.0,730.0,728.0,726.5,721.25,721.1,741.15,1.7799999999999954,1.3233842937274658,366400,True,False
PNGO.JK,3590.0,3520.0,3500.0,3488.0,3514.0,3503.0,3511.7,10.2,1.034891678251942,4700,False,False
PNBS.JK,50.0,50.0,50.0,50.0,50.05,50.1,50.29,0.10000000000000142,0.0,110900,True,False
PNBN.JK,915.0,918.3333333333334,913.0,903.5,902.75,895.1,908.0977954101562,4.64666666666667,0.9431709915151385,192400,True,False
PMUI.JK,106.0,105.33333333333333,104.6,103.5,100.5,91.96,89.0470923614502,14.040000000000006,3.434093450083335,4305300,False,False
PMJS.JK,148.0,148.33333333333334,148.0,143.7,132.1,117.91932693481445,117.19168228149414,30.414006398518893,4.114594352737272,361600,False,False
PLAN.JK,73.0,67.0,61.6,52.5,45.6,40.7,42.79,32.3,4.524996891876522,41389300,False,False
PKPK.JK,4490.0,4466.666666666667,4170.0,3926.0,3823.0,3659.0,3242.9,83.1,5.835003389690769,1582900,False,False
PJHB.JK,186.0,186.33333333333334,186.6,185.4,180.65,171.16,186.59,15.439999999999998,2.4488926334898715,3223100,False,False
PJAA.JK,466.0,464.6666666666667,465.6,463.4,461.0,457.6,467.0956622314453,4.199999999999989,0.862313742794394,172800,True,False
PIPA.JK,210.0,202.0,203.4,199.2,170.45,138.64,132.95,35.68000000000001,6.923658181321433,315934800,False,False
PICO.JK,188.0,186.33333333333334,188.2,189.5,167.0,143.3,144.36,46.19999999999999,4.480618298279464,4716700,False,False
PGUN.JK,9725.0,9691.666666666666,9765.0,9802.5,9133.75,8067.5,8120.331474609375,69.4,1.3986648612780777,9700,False,False
PGLI.JK,210.0,213.33333333333334,212.8,211.6,211.7,200.54,202.14,6.396666666666675,2.2527573868816977,225700,False,False
PGJO.JK,925.0,926.6666666666666,953.0,935.0,876.75,775.6,783.35,35.48,4.027124994838973,553300,False,False
PGEO.JK,1035.0,1031.6666666666667,1034.0,1031.0,1051.25,1009.6,973.1789459228515,8.329999999999995,2.1154770434883687,4548900,False,False
PGAS.JK,1535.0,1525.0,1530.0,1530.0,1519.5,1493.7,1579.6142749023438,8.259999999999991,1.2539542406381032,8928400,False,False
PEVE.JK,320.0,322.0,320.4,316.8,318.7,320.4,341.46,2.5999999999999943,1.0193002812188008,640200,True,False
PEHA.JK,318.0,318.0,315.6,301.8,289.2,267.76,273.65948364257815,25.120000000000005,4.204315013842004,1117900,False,False
PEGE.JK,127.0,127.0,126.0,120.5,114.65,107.50914642333984,117.26457321166993,19.490853576660157,5.454542962239437,4753200,False,False
PDPP.JK,322.0,321.3333333333333,324.4,328.4,319.6,293.2170031738281,292.8062757873535,17.59149841308593,1.7669276502338034,70900,False,False
PDES.JK,372.0,379.3333333333333,384.4,388.2,389.9,400.96,451.57068298339846,14.47999999999999,3.619207225798169,31000,False,False
PCAR.JK,42.0,42.333333333333336,42.4,41.7,42.15,40.56,39.12,1.8399999999999963,2.5170709750536426,299100,True,False
PBSA.JK,800.0,811.6666666666666,813.0,820.5,822.75,780.7736547851563,803.4107885742187,8.395269042968744,1.7939695997168232,833400,False,False
PBRX.JK,27.0,27.333333333333332,27.2,26.8,26.55,26.68,29.29,0.7833333333333314,3.3102437400407214,4886900,True,False
PBID.JK,530.0,530.0,529.0,528.5,530.75,510.3,495.3100039672852,4.089999999999998,1.2130591066941872,282300,True,False
PART.JK,108.0,108.33333333333333,110.0,112.7,105.8,104.33778686523438,104.8345792388916,8.362213134765625,3.5220533021996903,3115900,False,False
PANS.JK,1660.0,1635.0,1620.0,1598.5,1575.5,1555.3,1529.805653076172,20.94000000000001,0.6780720653750694,106000,False,False
PANR.JK,430.0,429.3333333333333,429.2,428.0,426.5,416.48,445.3247058105469,6.759999999999991,0.9747421100750926,84400,False,False
PANI.JK,5950.0,5975.0,5980.0,5925.0,6000.0,6061.5,6883.870107421875,5.46,2.597993567350457,3228900,True,False
PAMG.JK,57.0,56.333333333333336,55.8,55.7,56.05,55.04,56.0,1.9600000000000009,1.326457541165783,1024400,True,True
PALM.JK,294.0,293.3333333333333,294.0,293.8,292.1,295.56,316.57158813476565,1.7299999999999898,0.7873570054218028,278900,True,False
PADI.JK,72.0,71.66666666666667,72.2,72.5,71.75,72.34454528808594,83.72510948181153,0.8333333333333286,3.522156114637716,88082100,True,False
PADA.JK,224.0,223.33333333333334,222.0,221.4,213.1,160.54,152.52,31.730000000000004,8.104991468436532,53098000,False,False
PACK.JK,560.0,560.0,560.0,522.6,411.3,301.44,285.38,51.712,5.035832312034749,0,False,False
OPMS.JK,122.0,122.33333333333333,122.8,122.0,124.7,112.52,113.7,12.180000000000007,2.3058463035162324,1535700,False,False
OMRE.JK,1080.0,1018.3333333333334,995.0,975.5,978.75,1018.3,984.9,20.9,3.1038441114511137,25200,False,False
OMED.JK,230.0,243.33333333333334,245.6,240.0,235.9,219.08,229.0635498046875,13.259999999999991,3.382822724169074,54312000,False,False
OLIV.JK,63.0,58.0,53.6,49.9,48.9,49.64,51.99,14.100000000000001,4.878336473357511,26910700,False,False
OKAS.JK,123.0,122.0,121.6,120.8,121.05,109.44,110.01,13.560000000000002,2.8209397571894534,2332100,False,False
OILS.JK,298.0,286.6666666666667,284.0,261.0,243.2,226.82,225.44,35.59,5.299043628594845,32506500,False,False
OBMD.JK,197.0,191.66666666666666,188.2,190.5,192.25,186.48,194.19,10.52000000000001,2.9908722797489515,3462600,False,False
OBAT.JK,250.0,246.0,241.6,240.8,241.1,242.48,260.5447494506836,4.599999999999994,4.332408601242803,1062200,False,False
OASA.JK,320.0,320.0,323.2,324.6,322.4,313.08,324.96,5.760000000000019,2.3023794335550294,10650000,True,False
NTBK.JK,88.0,87.66666666666667,85.8,82.7,83.05,85.0,81.03355293273925,5.299999999999997,4.679408489369054,61907400,False,False
NSSS.JK,855.0,861.6666666666666,875.0,862.0,881.25,831.8,741.1367254638672,9.89000000000001,4.263825965094801,3735500,False,False
NRCA.JK,570.0,568.3333333333334,576.0,582.0,563.0,508.9,503.71787506103516,14.620000000000005,2.82317150297424,1447600,False,False
NPGF.JK,58.0,58.0,58.0,57.6,58.45,57.940309829711914,62.585378913879396,0.8500000000000014,1.9188104482127668,1095100,True,False
NOBU.JK,550.0,546.6666666666666,541.0,519.0,510.65,471.6,480.06,15.679999999999996,1.9742709780214238,662800,False,False
NISP.JK,1255.0,1250.0,1249.0,1245.5,1253.25,1239.5,1264.7032971191406,3.1,0.6437707538362377,2453200,True,False
NIRO.JK,182.0,176.33333333333334,171.4,166.8,162.8,152.74,166.02,29.25999999999999,2.6638152233309333,787800,False,False
NINE.JK,96.0,94.66666666666667,95.2,95.3,88.7,80.92,94.74,15.079999999999998,4.959161284706656,2041100,False,False
NIKL.JK,226.0,227.33333333333334,217.6,208.6,201.95,193.04,230.9003771972656,17.146666666666675,4.831120964264501,4767900,False,False
NICL.JK,488.0,488.0,495.8,500.5,485.35,490.68,594.1598675537109,7.574999999999989,2.606601758661545,42394000,False,False
NICK.JK,2480.0,2440.0,2343.0,2090.0,1788.5,1374.7,1250.95,110.53,10.342436297249751,11900,False,False
NICE.JK,364.0,371.3333333333333,364.4,363.6,312.2,277.8,283.8,46.76666666666665,10.032474311166142,1795600,False,False
NFCX.JK,1720.0,1713.3333333333333,1710.0,1705.0,1648.5,1607.1,1667.15,22.58000000000002,1.257421680547076,3300,False,False
NETV.JK,50.0,50.0,50.0,50.0,50.65,50.8,61.92,0.7999999999999972,0.0,218000,True,False
NEST.JK,760.0,750.0,744.0,725.0,709.5,665.8,580.98,18.84000000000001,2.275534690535153,3953500,False,False
NELY.JK,210.0,210.66666666666666,213.2,209.8,205.75,203.78,228.5653219604492,4.709999999999994,3.349074182611072,545900,True,False
NCKL.JK,955.0,950.0,953.0,954.5,944.0,885.1879345703124,897.1688244628906,13.96241308593751,1.8859255190698345,31220800,False,False
NAYZ.JK,76.0,74.66666666666667,74.0,73.5,68.0,61.64,62.24,14.36,3.4302267847868397,28360900,False,False
NATO.JK,1265.0,1265.0,1157.0,939.5,796.0,693.9,648.4,114.22,10.739053266656603,3561700,False,False
NASI.JK,162.0,157.66666666666666,155.0,150.3,142.85,129.38,130.43,32.620000000000005,2.9402778146035593,13912300,False,False
NASA.JK,30.0,30.333333333333332,30.0,30.0,30.15,30.18,33.35,0.33333333333333215,2.223953103086663,432300,True,False
NANO.JK,34.0,33.666666666666664,33.8,34.1,33.0,29.44,29.82,4.66,2.9514797119240157,68118500,True,True
NAIK.JK,96.0,95.66666666666667,95.0,94.1,92.15,88.24,90.33971160888672,7.760000000000005,2.893313923886212,1361700,False,False
MYTX.JK,41.0,41.0,41.0,41.0,41.0,41.0,45.33,0.0,0.0,0,True,False
MYOR.JK,1530.0,1540.0,1550.0,1565.5,1613.25,1686.0,1715.801768798828,31.2,1.186578817138962,9790900,False,False
MYOH.JK,1150.0,1150.0,1150.0,1140.0,1116.0,1070.6,1099.6628930664062,15.880000000000019,1.9587616355090667,59500,False,False
MUTU.JK,119.0,120.66666666666667,122.8,126.1,120.9,114.56,110.43507919311523,11.539999999999992,2.5994012141754945,19741400,False,False
MTWI.JK,266.0,268.0,264.8,256.0,254.0,260.16,274.4310707092285,7.0,1.754844043217691,8000,False,False
MTMH.JK,955.0,963.3333333333334,967.0,980.0,957.75,942.7,961.888715209961,7.459999999999991,2.4604355682707575,800,False,False
MTLA.JK,525.0,531.6666666666666,530.0,525.0,519.5,521.46,513.6031866455078,2.4333333333333256,1.6310027549464656,1700,True,False
MTFN.JK,13.0,13.0,13.0,13.0,13.0,13.0,15.5,0.0,0.0,0,True,False
MTEL.JK,494.0,491.3333333333333,487.2,477.0,456.5,460.23481811523436,471.2696472167969,18.75,1.1827204523754813,12286200,False,False
MTDL.JK,515.0,520.0,517.0,512.0,510.25,510.5,516.9760000610352,1.95,1.0663437976438368,2008700,True,False
MSTI.JK,1355.0,1348.3333333333333,1348.0,1346.5,1335.5,1311.9,1284.0491784667968,8.619999999999981,1.096244294980849,1055400,False,False
MSKY.JK,68.0,66.33333333333333,66.0,64.7,66.35,62.92,68.2,5.079999999999998,3.2330041988088394,13341800,True,False
MSJA.JK,610.0,528.3333333333334,495.0,466.5,448.75,423.54,434.7325466918945,37.291999999999994,6.8696852218286,16686600,False,False
MSIN.JK,328.0,322.6666666666667,316.4,316.4,340.3,397.18,524.66,40.390000000000015,2.21599173452672,56364700,False,False
MSIE.JK,144.0,134.0,126.2,116.9,106.35,94.36,105.58,49.64,6.443689606159213,12513800,False,False
MREI.JK,920.0,920.0,920.0,920.0,920.0,920.0,960.2,0.0,0.0,0,True,False
MRAT.JK,414.0,414.6666666666667,413.6,412.0,419.7,432.52,432.92,10.259999999999991,1.2225438174551069,78900,False,False
MPXL.JK,172.0,168.0,168.4,168.3,166.85,156.04,158.59,15.960000000000008,1.6929352764151042,7698300,False,False
MPRO.JK,12000.0,12100.0,12210.0,12202.5,12425.0,11403.0,10075.0,40.88,1.9791914046731738,100,False,False
MPPA.JK,44.0,44.333333333333336,44.6,44.6,46.8,46.9,47.8,2.8999999999999986,2.783275269267602,2911000,True,False
MPOW.JK,115.0,114.66666666666667,116.2,114.8,110.75,103.14,107.17,13.060000000000002,3.498385919903286,12254000,False,False
MPMX.JK,1045.0,1040.0,1035.0,1025.5,1016.75,997.2,941.5579461669922,9.559999999999992,0.6611136649723856,2823200,False,False
MPIX.JK,121.0,118.0,115.4,112.3,104.45,98.94,92.65,22.060000000000002,5.551181425709531,73338500,False,False
MORA.JK,5450.0,5433.333333333333,5420.0,5415.0,5291.25,5950.0,6136.4,26.35,2.5772367777433485,131100,False,False
MOLI.JK,318.0,316.6666666666667,315.6,302.8,290.0,266.12,254.83596557617187,25.939999999999998,4.234482109658079,2794700,False,False
MNCN.JK,204.0,204.66666666666666,203.2,202.0,202.1,204.0,213.64,1.3333333333333286,2.1843977985393677,47637500,True,False
MMLP.JK,304.0,305.3333333333333,304.4,302.0,298.6,296.32,308.88,4.506666666666661,1.3414097223899029,540900,True,False
MMIX.JK,810.0,805.0,798.0,791.0,775.25,721.48,601.02,17.703999999999997,1.2333406976692245,17535500,False,False
MLPT.JK,1230.0,1210.0,1223.0,1260.5,1344.0,1251.74,1026.6210339355468,26.8,2.993980186178408,934000,False,False
MLPL.JK,92.0,92.0,91.8,92.2,93.9,91.16,90.65,2.740000000000009,1.4196271180801374,6705100,True,True
MLIA.JK,228.0,228.0,227.6,229.2,230.5,233.72,243.44,3.0600000000000023,0.9612359885462435,5600,True,False
MLBI.JK,6850.0,6883.333333333333,6845.0,6865.0,6905.0,6640.5,6164.28380859375,10.58,2.5005304490937887,18000,False,False
MKTR.JK,122.0,122.33333333333333,122.8,122.2,122.9,121.22,123.25169845581054,1.6800000000000068,0.8132997093843596,303800,True,False
MKPI.JK,21900.0,21908.333333333332,21935.0,21977.5,21995.0,21583.0,21333.5924609375,16.48,0.29989902535356505,40000,False,False
MKAP.JK,1120.0,1121.6666666666667,1121.0,1124.0,1145.5,1161.6957250976564,1120.6311767578125,8.33914501953127,0.8228637043348905,18900,False,False
MITI.JK,224.0,225.33333333333334,226.4,232.8,215.45,191.06,200.56,20.870000000000005,5.766272823197934,662200,False,False
MIRA.JK,25.0,25.0,24.6,25.0,26.8,23.1,22.08,3.6999999999999993,4.955090911685152,2046700,False,False
MINE.JK,272.0,276.6666666666667,273.2,256.4,245.7,230.4,256.2,23.13333333333334,4.522047132931955,397400,False,False
MINA.JK,276.0,276.0,276.8,275.8,273.8,273.68,295.56,1.5600000000000023,2.806730223156732,31587100,True,False
MIKA.JK,1955.0,1935.0,1931.0,1897.5,1849.25,1785.4,1759.4194458007812,33.91999999999998,1.5251476623070164,2904800,False,False
MIDI.JK,280.0,279.3333333333333,277.6,277.0,276.4,279.6,290.05210876464844,1.8000000000000114,0.9923778803006701,2586800,True,False
MICE.JK,555.0,555.0,557.0,548.0,536.0,519.9374267578125,505.9102001953125,7.412514648437491,0.9968023674850184,7200,False,False
MHKI.JK,147.0,144.66666666666666,145.0,145.3,140.45,134.4931492614746,142.11983055114746,12.5068507385254,2.4019538602893085,1952400,False,False
MGRO.JK,685.0,686.6666666666666,686.0,681.5,677.0,675.4,677.6,2.2533333333333303,1.2275028674610702,2319200,True,True
MGNA.JK,95.0,95.33333333333333,95.8,96.0,98.0,97.38,112.11,3.0,1.4506723689297416,652200,True,False
MGLV.JK,14850.0,13541.666666666666,12515.0,12232.5,11158.75,9420.5,8615.75,217.18,6.027056713418631,126800,False,False
MERK.JK,3890.0,3876.6666666666665,3876.0,3885.0,3915.5,3874.6,3776.4089306640626,4.090000000000009,0.4881058131807571,21000,True,False
MERI.JK,123.0,122.0,122.4,122.0,120.95,110.9,119.14,12.099999999999994,1.1294285583540342,1541900,False,False
MEJA.JK,117.0,113.66666666666667,113.0,114.2,116.65,100.68,98.88571434020996,16.319999999999993,2.426974504515176,25322300,False,False
MEGA.JK,1975.0,1983.3333333333333,1980.0,1972.5,1977.25,1987.9,2052.85,3.0800000000000183,0.5404892346870055,7200,True,False
MEDS.JK,109.0,92.66666666666667,85.0,78.7,75.0,75.32,79.78,34.0,11.508425863402989,1162368700,False,False
MEDC.JK,1550.0,1510.0,1492.0,1436.5,1400.5,1300.2,1345.2202270507812,49.959999999999994,3.082548300497567,36158400,False,False
MDRN.JK,26.0,26.0,26.0,26.0,26.0,26.0,32.68,0.0,0.0,0,True,False
MDLN.JK,50.0,50.0,50.0,50.0,50.0,50.1,51.29,0.10000000000000142,0.0,7300,True,False
MDLA.JK,208.0,208.66666666666666,208.4,208.0,208.5,207.4,204.9522721862793,0.6333333333333258,0.7838825770168527,2619000,True,True
MDKI.JK,198.0,197.33333333333334,196.4,194.1,191.8,185.02,182.70983322143556,12.97999999999999,0.4768333472815146,18100,False,False
MDKA.JK,2920.0,2900.0,2900.0,2944.0,2929.0,2778.865791015625,2820.5772729492187,16.513420898437516,1.5598703190005352,21205600,False,False
MDIY.JK,960.0,958.3333333333334,958.0,957.5,951.25,936.9,884.5572357177734,4.6200000000000045,0.5543468225874468,308600,True,False
MDIA.JK,248.0,238.0,248.8,249.6,261.7,175.76,137.58,42.97,9.735420280530457,463967200,False,False
MCOR.JK,69.0,69.66666666666667,69.6,69.5,69.3,68.48,68.26,1.1866666666666674,1.4309952544404239,3968400,True,True
MCOL.JK,3780.0,3770.0,3764.0,3728.0,3731.0,3748.8,3746.346940917969,5.2,0.8756213226577232,19100,True,False
MCAS.JK,292.0,288.6666666666667,288.0,285.4,296.0,235.9,254.55,30.049999999999997,3.6173250612983994,1316800,False,False
MBTO.JK,126.0,126.0,126.4,125.9,127.2,120.68,117.64,6.519999999999996,1.8875299980884928,252500,False,False
MBSS.JK,2850.0,2850.0,2852.0,2837.0,2835.5,2733.4,2535.35,11.85999999999999,1.108919431393176,156200,False,False
MBMA.JK,535.0,521.6666666666666,524.0,537.5,537.75,522.5,542.64,3.2166666666666743,3.016586816499656,252917600,True,False
MBAP.JK,1795.0,1781.6666666666667,1737.0,1649.5,1556.25,1458.0,1500.8,67.4,4.354852635880108,111800,False,False
MAYA.JK,197.0,198.33333333333334,198.6,198.8,199.25,196.56,194.29,2.6899999999999977,1.3320238348041857,427300,True,False
MAXI.JK,50.0,50.0,50.0,50.0,50.0,50.0,50.49,0.0,0.0,30400,True,False
MASB.JK,3310.0,3370.0,3380.0,3387.0,3384.5,3386.6,3339.1,7.7,0.8637541606860527,2200,False,False
MARK.JK,1075.0,1071.6666666666667,1075.0,1071.5,1080.5225219726562,1037.404501953125,916.244267578125,8.623604003906257,1.4420541089663832,9686300,False,False
MARI.JK,23.0,23.0,23.0,23.0,23.0,23.0,25.08,0.0,0.0,0,True,False
MAPI.JK,1400.0,1405.0,1413.0,1438.0,1474.25,1520.1986865234376,1470.4947595214844,24.039737304687513,3.1509257176387666,684400,False,False
MAPB.JK,1260.0,1196.6666666666667,1186.0,1180.5,1165.5,1090.7,1238.2,33.85999999999999,2.6222606339901264,6000,False,False
MAPA.JK,700.0,696.6666666666666,697.0,702.0,678.0,644.1793493652344,626.1987805175781,11.564130126953113,2.2088904581722675,4808000,False,False
MANG.JK,46.0,44.0,41.6,39.9,39.05,39.36,43.79,6.950000000000003,4.471598435444841,51706000,False,False
MAIN.JK,690.0,690.0,688.0,676.0,673.25,677.7,730.454351196289,3.35,1.8301552479812213,431600,True,False
MAHA.JK,149.0,149.66666666666666,148.6,147.6,147.25,142.86,139.0533349609375,6.8066666666666436,0.9870296404239332,1580800,False,False
LUCK.JK,123.0,118.66666666666667,116.6,114.3,114.6,108.08,108.2,14.920000000000002,2.838674591862583,21569800,False,False
LTLS.JK,935.0,921.6666666666666,902.0,873.0,857.75,817.0,793.2951641845704,23.6,1.5117938769725034,47700,False,False
LSIP.JK,1690.0,1673.3333333333333,1657.0,1562.5,1498.0,1404.247216796875,1371.096925048828,57.15055664062502,2.7601819595462334,4940600,False,False
LRNA.JK,206.0,203.0,201.2,195.1,192.25,185.02,188.61,10.489999999999995,2.375400603412503,287200,False,False
LPPS.JK,83.0,82.33333333333333,82.4,82.1,81.8,78.34,77.64,4.659999999999997,1.8320349386457564,963700,True,False
LPPF.JK,1660.0,1640.0,1626.0,1614.0,1610.0,1569.4,1584.2904663085938,18.119999999999983,1.207115512545124,1135600,False,False
LPLI.JK,242.0,241.33333333333334,241.6,241.8,243.2,243.44,255.9,1.0533333333333275,0.4694273513733218,60300,True,False
LPKR.JK,63.0,62.333333333333336,62.2,62.2,63.0,61.84,67.95,1.1599999999999966,1.857939677033148,17746500,True,False
LPIN.JK,430.0,431.3333333333333,430.8,427.4,424.4,417.72,413.297314453125,6.8066666666666436,0.630355979850751,39100,False,False
LPGI.JK,635.0,635.0,638.0,638.5,635.25,648.7,666.7173931884765,2.740000000000009,1.815731661070245,36500,True,False
LPCK.JK,595.0,598.3333333333334,599.0,598.0,604.0,558.18,561.59,9.16400000000001,1.9529211255495695,81400,False,False
LOPI.JK,65.0,63.666666666666664,68.4,72.6,76.05,66.16,80.7,12.383333333333333,5.940777652925661,35517800,False,False
LMPI.JK,165.0,162.33333333333334,163.0,163.7,158.35,146.28,148.35,18.72,1.9924354205035328,35000,False,False
LMAX.JK,111.0,112.33333333333333,110.4,109.5,111.0,107.38,117.62,4.953333333333333,3.748335680607514,451900,True,False
LIVE.JK,188.0,188.0,188.6,190.7,195.7,202.88,212.42,14.879999999999995,0.9302357602214586,78100,False,False
LION.JK,384.0,384.0,386.8,369.4,357.7,346.64,360.98,20.080000000000013,4.56256224857764,89900,False,False
LINK.JK,1605.0,1646.6666666666667,1604.0,1552.5,1514.5,1457.1,1492.95,37.91333333333337,3.127125291693548,22900,False,False
LIFE.JK,12725.0,12725.0,12255.0,10027.5,7910.0,6654.5,6646.715688476563,242.82,8.905474650052748,0,False,False
LFLO.JK,496.0,505.3333333333333,512.2,518.6,512.65,518.94,526.9980010986328,11.470000000000027,1.6417341174426323,3000,False,False
LEAD.JK,109.0,110.0,112.2,109.3,109.3,104.34,110.08,7.859999999999999,7.264122425797488,10011700,False,False
LCKM.JK,109.0,109.0,109.0,109.0,109.0,108.66,114.54,0.3400000000000034,0.0,0,True,False
LAPD.JK,71.0,70.66666666666667,71.4,71.1,68.45,66.06,70.0,5.340000000000003,3.0277221226176843,7137300,True,True
LAND.JK,74.0,73.66666666666667,73.4,73.3,75.25,72.22,71.87,3.030000000000001,2.4401434416225896,17571300,True,True
LAJU.JK,75.0,75.66666666666667,73.2,70.5,69.15,67.18,69.22463191986084,8.486666666666665,2.919316528291082,37390900,False,False
LABS.JK,189.0,186.0,177.4,169.6,168.85,155.9,154.11,33.099999999999994,8.334074714947006,13858100,False,False
LABA.JK,126.0,125.33333333333333,125.0,120.0,108.1,98.32,103.67,27.680000000000007,11.957684472364674,8454400,False,False
KUAS.JK,102.0,105.33333333333333,106.2,101.4,96.65,92.98,97.64273277282715,13.219999999999999,5.489756497728894,71004200,False,False
KSIX.JK,406.0,410.6666666666667,412.8,413.6,412.9,348.64,343.2,32.48000000000002,1.2763281909766269,203000,False,False
KRYA.JK,67.0,67.66666666666667,67.8,66.8,65.4,61.42,64.55,6.3799999999999955,4.894894827219458,17152400,False,False
KREN.JK,13.0,13.666666666666666,13.8,13.6,13.35,12.92,13.79,0.8800000000000008,5.454371124662219,5431400,False,False
KRAS.JK,250.0,251.33333333333334,250.8,240.6,232.7,225.42,234.22,12.956666666666678,3.0284668683576856,2733500,False,False
KPIG.JK,68.0,67.33333333333333,66.8,66.4,67.8,75.52,87.19,9.11999999999999,1.5710163266869237,75017400,False,False
KOTA.JK,214.0,214.66666666666666,218.4,200.1,185.1,142.64,127.67,37.88000000000001,13.521806134040789,254385000,False,False
KOPI.JK,206.0,206.66666666666666,208.0,206.2,205.4,199.58,208.83,4.209999999999994,1.7012106590883675,709100,True,False
KONI.JK,2160.0,2173.3333333333335,2184.0,2180.0,2246.0,2423.6,2524.9,26.359999999999992,1.8024935097711068,7200,False,False
KOKA.JK,181.0,181.0,181.0,179.1,183.6,177.38,156.75,6.219999999999999,3.2743327060707297,2215500,False,False
KOIN.JK,78.0,78.0,78.0,78.0,78.0,78.0,78.23,0.0,0.0,0,True,False
KOCI.JK,118.0,113.0,110.6,106.6,107.45,103.94,104.64947257995605,14.060000000000002,4.0283805762210445,113825600,False,False
KOBX.JK,179.0,177.33333333333334,177.0,175.6,171.95,159.72,163.46,19.28,3.2481958291982824,1872700,False,False
KMTR.JK,256.0,254.66666666666666,254.8,246.8,239.2,233.36,237.72,11.319999999999993,1.842399871414947,47000,False,False
KMDS.JK,520.0,523.3333333333334,522.0,522.5,525.0,531.9,534.1467959594727,2.3799999999999955,1.7692875306023221,274200,True,False
KLIN.JK,113.0,113.33333333333333,114.0,115.5,116.15,111.02,119.19,5.13000000000001,2.1981182088382027,111100,True,False
KLBF.JK,790.0,783.3333333333334,777.0,785.5,794.0,761.6,779.8465734863281,6.479999999999995,1.6773837365462994,55159200,False,False
KLAS.JK,85.0,85.0,86.8,86.6,83.25,75.64,75.82,11.159999999999997,2.5614758890298095,3902600,False,False
KKGI.JK,312.0,309.3333333333333,304.4,293.2,286.3,276.2,277.7436082458496,17.900000000000006,2.1300136702425783,2026100,False,False
KKES.JK,94.0,95.33333333333333,93.8,83.6,76.7,67.42,54.12,27.913333333333327,11.429242404503649,20522000,False,False
KJEN.JK,163.0,162.66666666666666,163.6,163.5,164.25,141.0,139.32,23.25,1.077576273402496,994700,False,False
KIOS.JK,103.0,102.0,102.2,101.0,98.3,94.7,95.17,8.299999999999997,1.8536375545856192,12560700,False,False
KINO.JK,1410.0,1363.3333333333333,1362.0,1355.0,1337.25,1243.4,1168.4519885253906,33.31999999999998,1.980446324543503,118900,False,False
KING.JK,404.0,372.6666666666667,342.0,313.4,298.2,296.48,380.63,53.75999999999999,5.149863286914352,4273400,False,False
KIJA.JK,206.0,202.0,202.8,204.9,184.75,150.08,149.45,27.959999999999994,7.898690075322762,284375000,False,False
KICI.JK,266.0,270.6666666666667,266.0,258.0,226.3,203.9,204.86,33.38333333333334,9.631939989362035,3083100,False,False
KETR.JK,865.0,861.6666666666666,856.0,821.0,718.0,612.08,583.44,50.58399999999999,9.692042230482377,18544700,False,False
KEJU.JK,620.0,620.0,623.0,613.5,600.25,570.2,567.4914398193359,10.559999999999992,1.224058549292855,16800,False,False
KEEN.JK,960.0,953.3333333333334,947.0,915.5,899.5,870.0,868.1940881347656,18.0,1.6651464007780412,2214700,False,False
KDTN.JK,420.0,420.0,419.2,389.2,380.9,445.28,653.39,32.19,3.5476823973432143,970100,False,False
KDSI.JK,468.0,467.3333333333333,465.6,464.2,461.4,451.8,448.64,8.099999999999994,0.548977951842737,5600,False,False
KBLV.JK,136.0,134.33333333333334,135.6,136.6,141.9,121.94,112.03,19.960000000000008,4.872821747859146,8427300,False,False
KBLM.JK,336.0,334.6666666666667,328.4,318.2,311.8,301.0,301.80342834472657,17.5,1.6808547127018698,26700,False,False
KBLI.JK,334.0,338.0,336.0,331.8,329.1,324.1815563964844,313.28083587646483,6.909221801757809,1.379524379284002,574000,False,False
KBAG.JK,45.0,45.0,45.4,44.1,46.5,43.4,43.45,3.1000000000000014,4.713338123563712,181600,False,False
KARW.JK,212.0,212.0,212.0,212.0,212.0,212.0,244.08,0.0,0.0,0,True,False
KAQI.JK,100.0,101.0,101.6,97.5,96.45,91.74,97.0,9.86,4.12672196048838,10846300,False,False
KAEF.JK,490.0,481.6666666666667,463.0,449.3,446.05,448.78,472.27,21.974999999999994,5.793610735088252,13797400,False,False
JTPE.JK,605.0,605.0,607.0,608.5,613.75,608.9,601.1875,1.75,0.7744701630984087,440400,True,False
JSPT.JK,1405.0,1396.6666666666667,1398.0,1397.0,1397.25,1393.2,1364.6691479492188,2.359999999999991,1.1733422387462629,10700,True,False
JSMR.JK,2970.0,2973.3333333333335,2986.0,2924.0,2842.5,2775.8,2822.2739184570314,21.019999999999982,1.9002929531192203,632300,False,False
JRPT.JK,1100.0,1093.3333333333333,1093.0,1087.0,1082.25,1080.8,1072.516533203125,3.840000000000009,0.4973390088850088,19100,True,False
JPFA.JK,2380.0,2333.3333333333335,2324.0,2258.0,2256.0,2153.6,2224.2986352539065,22.640000000000008,2.981137691207851,5728100,False,False
JMAS.JK,228.0,228.0,228.0,228.0,228.0,228.0,241.16,0.0,0.0,0,True,False
JKON.JK,88.0,88.33333333333333,87.2,86.7,86.5,77.14,73.5580602645874,11.193333333333328,1.6195746739630799,12293100,False,False
JIHD.JK,462.0,462.0,463.2,450.6,444.5,431.16,445.43,16.019999999999982,3.288432750392023,19000,False,False
JGLE.JK,84.0,84.0,85.6,85.0,87.5,71.22,69.62,16.28,7.244886947854246,98537200,False,False
JECC.JK,645.0,645.0,646.0,646.0,640.0,636.4742858886718,669.1025738525391,1.9051428222656341,1.4609350747236898,17400,True,False
JAYA.JK,163.0,161.0,155.0,144.5,139.1,130.68,130.68,32.31999999999999,8.096609138590741,47578700,False,False
JAWA.JK,140.0,137.66666666666666,139.6,136.0,133.35,124.32,133.56,15.680000000000007,4.536448180063616,792300,False,False
JATI.JK,111.0,110.33333333333333,110.0,107.2,103.85,97.76,99.18958801269531,13.239999999999995,1.9378057215909814,9679900,False,False
JAST.JK,97.0,95.33333333333333,95.0,97.1,90.55,85.52,87.82,11.579999999999998,8.2060443474091,14609300,False,False
JARR.JK,3260.0,3216.6666666666665,3260.0,3218.0,2790.5,2244.9,2091.4803295898437,101.50999999999999,3.680266693307936,2417900,False,False
ITMG.JK,26750.0,26458.333333333332,26325.0,25997.5,25498.75,24529.5,24102.95685546875,88.82,0.9478516437938841,528100,False,False
ITMA.JK,1580.0,1578.3333333333333,1515.0,1468.5,1435.25,1390.6,1594.85,37.88000000000002,4.10550647850718,69800,False,False
ITIC.JK,230.0,227.33333333333334,227.6,225.2,226.3,215.16,222.95,7.420000000000002,1.0907509170606935,1501900,False,False
ISSP.JK,450.0,452.0,447.2,433.8,432.8,416.48,411.52959716796875,17.75999999999999,2.6782798905131124,949600,False,False
ISEA.JK,88.0,86.66666666666667,86.4,84.4,83.5,78.76,78.0,9.239999999999995,2.4733068780521896,22087000,False,False
ISAT.JK,2350.0,2363.3333333333335,2374.0,2438.0,2502.5,2146.2,2060.873807373047,35.63000000000002,3.180032511047595,16251500,False,False
ISAP.JK,25.0,24.0,24.0,23.8,23.9,23.88,25.92,1.1999999999999993,4.545163145522528,107201300,False,False
IRSX.JK,416.0,418.6666666666667,412.8,392.0,377.9,332.68,353.09504791259764,42.99333333333334,5.207926162644105,26671900,False,False
IRRA.JK,396.0,395.3333333333333,386.0,378.4,375.0,374.4,379.52,10.800000000000011,4.06482298346063,3666400,False,False
IPTV.JK,30.0,30.333333333333332,30.8,30.9,30.55,31.32,35.08,1.3200000000000003,2.5404908821379633,370700,True,False
IPOL.JK,118.0,118.0,117.8,115.2,113.95,109.4,113.22,8.599999999999994,1.3709689637662255,293900,False,False
IPCM.JK,298.0,295.3333333333333,296.4,298.4,300.4,306.98944396972655,305.8009130859375,5.828055318196618,0.9018928747010799,1171300,True,False
IPCC.JK,1145.0,1148.3333333333333,1150.0,1149.0,1157.5,1168.0,1165.2879974365235,4.6,0.649578612531752,194700,True,False
IPAC.JK,186.0,186.33333333333334,186.2,183.6,178.15,167.1,158.7,19.23333333333335,2.0635356847741555,25700,False,False
IOTF.JK,69.0,67.66666666666667,66.2,64.5,66.1,57.96,58.41,11.04,4.128250254830717,22696800,False,False
INTP.JK,5550.0,5475.0,5500.0,5512.5,5486.25,4977.1,4718.985048828125,22.915999999999986,2.0259799064136663,1045000,False,False
INTD.JK,264.0,260.0,266.8,276.6,280.6,255.28,249.94,12.66000000000001,3.4291385025673797,44600,False,False
INTA.JK,61.0,61.0,61.0,61.0,61.0,61.0,66.49,0.0,0.0,0,True,False
INPS.JK,765.0,746.6666666666666,732.0,704.0,702.5,667.1,661.2,19.579999999999995,5.194627086299693,20000,False,False
INPP.JK,740.0,750.0,751.0,743.5,742.4163208007812,713.5006042480469,742.7723358154296,7.499879150390621,1.7254028430200425,5200,False,False
INPC.JK,165.0,171.0,167.4,157.7,149.6,141.0,143.32,30.0,4.402105815499959,10082400,False,False
INOV.JK,139.0,140.0,140.0,139.9,142.75,134.6,131.53,8.150000000000006,2.1997190350583065,720700,False,False
INKP.JK,9325.0,9066.666666666666,8985.0,8910.0,8750.0,8131.98392578125,8219.75533203125,47.72064296875,1.6682098606936688,5364700,False,False
INET.JK,368.0,363.3333333333333,357.2,348.6,308.2,252.32,253.22,57.84,5.875807322203939,809402200,False,False
INDY.JK,2770.0,2780.0,2770.0,2764.0,2683.5,2452.5,2618.4161596679687,32.75,2.2616087561811087,8405000,False,False
INDX.JK,60.0,60.0,60.0,60.0,60.0,60.0,74.21,0.0,2.837818317547164e-07,0,True,False
INDS.JK,270.0,270.0,269.2,268.0,267.5,267.2656002807617,297.06740341186526,1.3671998596191486,1.6771925359346116,403300,True,False
INDR.JK,3000.0,2886.6666666666665,2804.0,2647.0,2537.5,2261.7,2270.2,73.83000000000001,4.283959068234712,94800,False,False
INDO.JK,187.0,187.0,186.8,184.1,181.85,174.24,167.08,12.759999999999991,1.6239529709115748,24134200,False,False
INDF.JK,7400.0,7325.0,7280.0,7297.5,7325.0,7035.02537109375,6742.761669921875,14.598985156249983,1.832629257524086,949700,False,False
INCO.JK,4850.0,4890.0,4888.0,5046.5,5127.0,4977.4,5196.62025390625,27.7,2.3101730780875718,4936000,False,False
INCI.JK,775.0,785.0,788.0,741.0,705.75,674.9,672.8647491455079,22.620000000000005,4.90166952161154,257700,False,False
INCF.JK,50.0,50.0,50.0,50.0,50.0,50.0,52.06,0.0,0.0,0,True,False
INAI.JK,177.0,176.0,176.0,176.7,176.3,165.4,165.4,11.599999999999994,0.6930585821734637,301600,False,False
IMPC.JK,1640.0,1566.6666666666667,1505.0,1443.0,1433.0,1470.0,1699.45,41.4,5.110131182373575,30329700,False,False
IMJS.JK,192.0,189.33333333333334,187.0,177.9,171.4,156.95215728759766,161.65610153198242,35.04784271240234,6.4480543812193565,2930700,False,False
IMAS.JK,940.0,935.0,933.0,905.0,888.5,854.9314270019531,907.1204376220703,17.013714599609376,4.16291252365686,51100,False,False
IKPM.JK,191.0,192.66666666666666,193.2,192.8,195.35,188.64,191.81,6.710000000000008,1.096172053191397,237800,False,False
IKBI.JK,520.0,520.0,517.0,519.5,535.25,532.5553869628907,515.7548297119141,3.65,1.2444845991147555,364100,True,False
IKAN.JK,95.0,91.66666666666667,91.2,91.0,89.05,84.18,85.65,10.819999999999993,4.135430897305836,101969800,False,False
IKAI.JK,20.0,19.333333333333332,19.4,19.5,19.85,19.68,20.64,0.6666666666666679,3.796938716047381,1795800,True,False
IGAR.JK,474.0,475.3333333333333,478.0,475.6,466.1,439.32,440.9832397460938,19.340000000000003,0.9954340563859571,4900,False,False
IFSH.JK,1070.0,1068.3333333333333,1073.0,1063.0,1105.75,1147.2,1454.6891455078126,16.84000000000001,2.087268235121259,1100,False,False
IFII.JK,202.0,202.66666666666666,202.8,203.6,205.3,208.52,215.38,3.260000000000005,0.9394354958678294,44100,True,False
IDPR.JK,270.0,270.6666666666667,269.6,270.2,267.4,283.66,289.76550231933595,8.130000000000024,1.6698514252686334,27500,False,False
IDEA.JK,67.0,63.333333333333336,62.2,61.3,62.1,62.16,65.56,5.700000000000003,4.250459503626297,11268500,False,False
ICON.JK,148.0,143.0,140.6,135.5,131.75,117.16,116.68,30.840000000000003,6.329670721730858,38973400,False,False
ICBP.JK,7275.0,7266.666666666667,7310.0,7527.5,7576.25,7154.71662109375,6838.354028320313,16.86133515624999,1.817307811324393,1579500,False,False
IBST.JK,8475.0,8475.0,8475.0,8475.0,8475.0,8475.0,8475.0,0.0,0.0,0,True,False
IBOS.JK,98.0,94.66666666666667,93.2,91.5,82.55,73.82,85.28,24.180000000000007,4.464965578467732,18334700,False,False
IBFN.JK,63.0,63.0,63.0,63.0,63.0,63.0,68.36,0.0,0.0,0,True,False
IATA.JK,144.0,136.66666666666666,134.2,125.8,123.4,90.04,81.38,53.959999999999994,7.304120005570779,1755606300,False,False
HYGN.JK,185.0,186.33333333333334,184.8,183.3,177.35,163.42,153.36480072021484,22.913333333333355,1.3791330621772853,943200,False,False
HUMI.JK,141.0,142.0,145.0,142.6,145.8,135.28076919555664,146.52580924987794,10.519230804443367,5.206964021090261,9411900,False,False
HRUM.JK,955.0,948.3333333333334,948.0,931.5,902.5,836.6,848.9,23.679999999999996,2.1755317929560505,9296300,False,False
HRTA.JK,2270.0,2263.3333333333335,2266.0,2279.0,2248.5,2020.4,2208.7293139648436,25.859999999999992,2.602186517350461,1714600,False,False
HRME.JK,44.0,44.333333333333336,43.0,40.6,41.55,42.78,45.17,3.7333333333333343,5.618706098208263,802400,False,False
HOPE.JK,222.0,242.0,245.6,250.8,247.6,204.48,179.15,23.16000000000001,10.960988742679795,25266100,False,False
HOMI.JK,234.0,230.0,224.8,218.2,211.75,193.88,203.31,20.060000000000002,2.183464758966797,4318200,False,False
HOKI.JK,57.0,56.0,56.0,55.8,55.7,54.18,57.84,2.8200000000000003,2.5288453278633947,6765900,True,False
HMSP.JK,765.0,751.6666666666666,746.0,742.0,742.5,721.5,694.8993560791016,8.7,1.3575782764673556,5089500,False,False
HILL.JK,16.0,16.0,16.0,16.0,16.0,16.0,16.93,0.0,0.0,0,True,False
HGII.JK,139.0,138.33333333333334,138.8,138.0,130.85,125.52,128.98333129882812,13.480000000000004,3.018135794933234,2221200,False,False
HEXA.JK,4490.0,4483.333333333333,4486.0,4452.0,4420.0,4421.8,4429.2,7.0,0.8336774506589176,333700,False,False
HERO.JK,340.0,337.3333333333333,336.4,334.8,336.0,333.52,361.43,3.240000000000009,1.0149710052327658,37700,True,False
HELI.JK,202.0,204.66666666666666,202.0,198.5,197.65,189.24,186.96,7.713333333333324,2.864318023516278,499700,False,False
HEAL.JK,685.0,685.0,685.0,674.5,693.0,784.0,886.2764184570312,21.9,3.7463164742757153,8606000,False,False
HDIT.JK,50.0,50.0,50.0,50.0,50.4,50.38,53.56,0.3999999999999986,0.0,3626800,True,False
HDFA.JK,104.0,102.66666666666667,102.2,101.9,99.75,94.14,96.33,9.86,1.586135693318815,496600,False,False
HBAT.JK,312.0,295.3333333333333,288.4,278.4,249.1,257.04,339.67,31.450000000000003,6.527631486875338,4515600,False,False
HATM.JK,580.0,591.6666666666666,598.0,585.5,595.75,513.64,415.64024139404296,16.872000000000003,2.9469462662653036,16045700,False,False
HALO.JK,82.0,79.33333333333333,75.4,72.3,70.6,67.62,69.83,14.379999999999995,8.77164775001825,118108900,False,False
HAJJ.JK,110.0,108.33333333333333,109.0,110.3,109.95,106.36,113.6,3.9399999999999977,1.8693658754995561,3035800,True,False
HAIS.JK,191.0,190.0,188.8,186.0,184.1,181.38,181.64,9.620000000000005,1.097699348691177,236500,False,False
HADE.JK,20.0,19.666666666666668,18.8,17.6,17.65,17.68,17.48,2.3999999999999986,4.831535184471923,12155900,False,False
GZCO.JK,204.0,201.66666666666666,202.2,190.7,182.8,164.04,171.02,19.980000000000004,4.912651956125434,20185200,False,False
GWSA.JK,171.0,172.66666666666666,171.2,171.1,158.6,137.3,136.59,35.366666666666646,2.0488168976328294,591900,False,False
GUNA.JK,222.0,221.33333333333334,219.6,218.8,214.8,198.24,191.18280181884765,11.879999999999995,1.1233087401628898,17000,False,False
GULA.JK,795.0,785.0,788.0,774.0,759.0,728.1,596.74,13.379999999999995,2.8943690018668145,14894800,False,False
GTSI.JK,166.0,168.0,170.8,170.6,177.1,157.04294570922852,169.1137216949463,20.057054290771475,3.3974986153675233,7911100,False,False
GTRA.JK,262.0,267.3333333333333,270.4,251.2,242.0,226.38,223.17,22.00999999999999,8.204667601935784,1309700,False,False
GTBO.JK,153.0,151.0,156.6,163.3,166.65,168.66,183.44,17.659999999999997,2.7365452370971273,8200,False,False
GSMF.JK,93.0,95.66666666666667,96.6,96.5,93.8,88.64,94.88,7.959999999999994,3.891674953508916,4624200,False,False
GRPM.JK,169.0,170.0,174.4,180.2,188.35,225.86,250.35,56.860000000000014,4.643585623131404,3780600,False,False
GRPH.JK,132.0,123.33333333333333,112.6,99.4,83.5,68.4,65.06,63.599999999999994,11.179122176331994,280808500,False,False
GRIA.JK,170.0,168.66666666666666,169.2,178.3,168.1,137.94,127.33,40.360000000000014,4.911322333850436,961000,False,False
GPSO.JK,292.0,293.3333333333333,297.2,298.0,292.4,299.16,358.22,3.5800000000000125,2.7242097321416967,6999200,True,False
GPRA.JK,106.0,106.33333333333333,108.4,109.5,109.3,104.72372543334961,105.80274360656739,4.776274566650386,1.9610799242605546,6889800,True,True
GOTO.JK,50.0,50.0,50.0,50.0,50.0,50.0,50.43,0.0,0.0,5130100,True,False
GOOD.JK,320.0,321.3333333333333,320.8,316.6,311.1,304.76,318.30985870361326,8.286666666666662,0.9704382453327659,54400,False,False
GOLF.JK,161.0,160.33333333333334,160.8,161.0,161.45,163.62,169.8721466064453,3.2866666666666617,1.1238744247576817,1926200,True,False
GOLD.JK,280.0,278.6666666666667,276.8,275.8,274.0,264.12,267.68,7.939999999999998,1.6484861383785743,58600,False,False
GMTD.JK,1395.0,1413.3333333333333,1438.0,1428.5,1361.0,1325.3,1459.8733569335936,22.54000000000001,2.6593244820335467,23600,False,False
GMFI.JK,60.0,59.333333333333336,59.8,59.0,60.15,56.0,56.35,4.149999999999999,2.5298333317546677,58413700,True,True
GLVA.JK,322.0,322.6666666666667,322.8,318.4,314.8,305.28,314.1169546508789,8.76000000000002,1.198911096293662,900,False,False
GJTL.JK,1385.0,1383.3333333333333,1387.0,1398.5,1366.0,1252.2,1184.2500122070312,29.25999999999999,1.871542632938329,1640400,False,False
GIAA.JK,68.0,67.0,67.4,66.2,69.8,59.78,60.73,10.019999999999996,4.338786498010788,36017500,False,False
GHON.JK,1655.0,1648.3333333333333,1644.0,1637.0,1620.5,1612.8,1705.45,8.440000000000008,0.4762694493723167,3900,False,False
GGRP.JK,316.0,315.3333333333333,318.4,312.0,307.2,299.08,290.8023315429688,9.659999999999997,2.1709574980229234,671300,False,False
GGRM.JK,20200.0,20125.0,20155.0,20060.0,20151.25,18675.75,16866.8625,60.97,2.74596855821898,311700,False,False
GEMS.JK,7600.0,7583.333333333333,7460.0,7195.0,6907.5,6607.0,6975.75,39.72,1.7139852988884814,135000,False,False
GEMA.JK,93.0,92.66666666666667,92.4,88.6,85.1,81.84,82.51642761230468,11.159999999999997,4.792753135622202,2150400,False,False
GDYR.JK,1135.0,1125.0,1119.0,1119.0,1110.5,1100.0,1097.85,7.0,1.2003646565688693,2700,False,False
GDST.JK,113.0,113.33333333333333,113.0,112.4,114.7,101.28,96.84,13.420000000000002,1.2844581137100957,1181100,False,False
FWCT.JK,94.0,91.33333333333333,91.2,90.4,91.65,88.18,86.98,5.819999999999993,2.49250731173874,10211300,True,True
FUTR.JK,318.0,316.6666666666667,325.2,333.4,333.5,283.0,240.25,25.25,7.100008177731884,13742900,False,False
FUJI.JK,250.0,246.66666666666666,246.8,280.2,266.6,228.86,265.95,25.669999999999987,4.88226400144345,573600,False,False
FPNI.JK,655.0,643.3333333333334,637.0,633.5,558.45,430.82,416.25,44.836,7.502429888223168,7129000,False,False
FORU.JK,3820.0,3733.3333333333335,3400.0,2804.5,2502.25,2746.5,2371.6,131.775,11.682295529387389,3768900,False,False
FORE.JK,800.0,808.3333333333334,813.0,819.0,815.0,714.5,773.85,20.9,2.171512536631278,3383000,False,False
FOOD.JK,176.0,176.0,176.0,176.0,176.0,176.0,176.51,0.0,0.0,0,True,False
FOLK.JK,208.0,205.0,189.4,180.8,185.6,199.76,232.65,13.599999999999994,7.9374178313175,12535300,False,False
FMII.JK,254.0,254.66666666666666,253.6,253.0,253.4,251.4,247.84,1.6333333333333258,2.644447889449982,10500,True,False
FLMC.JK,121.0,114.66666666666667,109.2,96.8,86.9,72.56,107.0,48.44,5.322414381801122,12416100,False,False
FITT.JK,464.0,440.6666666666667,441.2,412.8,393.2,377.92,389.3,43.03999999999999,5.847221985351774,1821400,False,False
FISH.JK,615.0,615.0,614.0,614.0,607.25,613.4,659.8241510009766,1.55,0.8148933837354497,7700,True,False
FIRE.JK,126.0,124.0,123.8,118.6,114.0,109.0,115.91,17.0,5.258179478033451,28137100,False,False
FILM.JK,925.0,921.6666666666666,877.0,842.0,871.25,1164.3,1680.5,64.46,7.498244114704742,26343800,False,False
FAST.JK,466.0,461.3333333333333,464.8,466.8,464.9,360.96,312.68,52.920000000000016,2.245758401108166,4393000,False,False
FAPA.JK,7500.0,7491.666666666667,7490.0,7472.5,7437.5,7386.6094921875,7233.134482421875,4.535620312499995,0.2638813130029399,4000,True,False
EXCL.JK,2740.0,2720.0,2722.0,2744.0,2724.0,2584.8,2721.8,15.919999999999982,1.535365658676143,1502500,False,False
EURO.JK,1440.0,1486.6666666666667,1439.0,1412.5,1558.75,1720.3,1980.8524743652345,61.55999999999999,4.825620773998091,113500,False,False
ESTI.JK,163.0,163.33333333333334,162.8,160.9,161.9,149.12,145.38528182983399,14.213333333333338,1.7470360417853592,1473400,False,False
ESTA.JK,174.0,175.0,175.4,173.0,173.5,179.24,187.96,6.240000000000009,1.988403098289027,693200,False,False
ESSA.JK,700.0,696.6666666666666,705.0,670.5,662.75,621.1,649.6093640136719,16.779999999999994,3.222405973877345,34874800,False,False
ESIP.JK,131.0,123.33333333333333,122.2,121.0,123.0,127.15763793945312,130.056063079834,10.0,4.097871821555081,207238900,False,False
ERTX.JK,183.0,183.33333333333334,183.8,183.3,184.65,171.18,171.31,13.469999999999999,1.2564114894018363,119200,False,False
ERAL.JK,322.0,322.6666666666667,322.4,311.4,306.5,295.72,289.0422570800781,13.47333333333333,3.171448245995682,2662000,False,False
ERAA.JK,585.0,583.3333333333334,573.0,530.9,497.15,426.24371520996095,391.0940396118164,31.751256958007808,5.124985396726779,66108500,False,False
EPMT.JK,2430.0,2410.0,2406.0,2397.0,2382.0,2349.6,2339.1,8.04000000000001,0.5921964341246018,3200,False,False
EPAC.JK,56.0,55.333333333333336,55.6,55.3,57.25,63.22,66.22,7.920000000000002,4.6076084136931765,35912800,False,False
ENZO.JK,75.0,75.0,75.4,73.4,74.1,70.64,72.79,4.760000000000005,6.824645399446004,34425400,False,False
ENRG.JK,1435.0,1380.0,1372.0,1323.0,1270.224609375,1277.8483361816407,1387.6241680908204,32.955078125,2.8311638401198223,106311900,False,False
ENAK.JK,234.0,234.66666666666666,235.6,235.6,237.6,253.36,281.12,9.680000000000007,0.6255510708373564,212000,False,False
EMTK.JK,515.0,513.3333333333334,519.0,517.0,518.25,519.08,604.5820324707031,1.149333333333334,2.877888618861029,13141900,True,False
EMDE.JK,79.0,79.0,79.0,77.5,77.15,73.26,71.79,5.739999999999995,2.3784004078732024,2555500,True,True
EMAS.JK,8450.0,8516.666666666666,8510.0,8850.0,8331.25,6985.0,7409.25,74.6,3.7735105387252927,5612000,False,False
ELTY.JK,36.0,36.666666666666664,37.2,37.6,38.3,32.0,33.03,6.299999999999997,4.531058964783842,43945400,False,False
ELSA.JK,735.0,730.0,730.0,716.0,710.5,671.7,647.073726196289,12.659999999999991,3.00338284677256,10453900,False,False
ELPI.JK,665.0,663.3333333333334,666.0,664.0,676.75,836.9819921875,1182.5824548339845,34.72973177083334,2.5971621448138316,406400,False,False
ELIT.JK,278.0,278.6666666666667,272.0,265.2,224.5,193.18,192.0,42.74333333333334,7.13013392361326,10562100,False,False
EKAD.JK,440.0,421.3333333333333,415.6,416.2,349.7,241.64,203.47833221435548,99.18,7.739297205220326,19295000,False,False
ECII.JK,175.0,175.66666666666666,173.2,165.3,160.55,151.4,153.75,24.26666666666665,3.5439124542323572,558500,False,False
EAST.JK,90.0,90.0,90.0,90.1,90.3,88.88739181518555,87.8632681274414,1.4126081848144452,0.6264224169198401,836800,True,False
DYAN.JK,89.0,89.0,89.2,88.7,88.05,83.7,81.92,5.5,2.2160569638376497,678800,True,False
DWGL.JK,242.0,246.0,244.4,258.8,303.0,280.96,272.38,30.5,5.383611112154718,7738700,False,False
DVLA.JK,1600.0,1598.3333333333333,1599.0,1591.0,1586.0,1570.9,1544.7588232421874,5.819999999999982,0.4519617537179414,27000,True,False
DUTI.JK,4800.0,4800.0,4800.0,4804.0,4669.0,4381.8,4064.2693603515627,42.219999999999985,0.18195546380356942,400,False,False
DSSA.JK,1170.0,1168.3333333333333,1171.0,1145.5,1076.5,933.9,1083.88,47.42,2.674607638273199,89935800,False,False
DSNG.JK,1670.0,1656.6666666666667,1661.0,1620.0,1488.75,1341.5,1350.3169958496094,65.7,3.3015701468137015,1338500,False,False
DSFI.JK,89.0,88.0,87.8,87.7,85.85,80.06,82.03,8.939999999999998,1.9048470397384263,5353800,False,False
DRMA.JK,1015.0,1010.0,1006.0,1009.0,1001.5,950.4,957.2466662597657,12.920000000000005,1.1157775018401985,228200,False,False
DPUM.JK,107.0,104.66666666666667,102.0,97.9,97.1,97.14,123.72,9.900000000000006,2.4435414388882526,24545600,False,False
DOSS.JK,168.0,170.0,170.2,170.0,169.4,153.0,146.03568473815918,17.19999999999999,1.5223058365365605,1576000,False,False
DOOH.JK,326.0,326.0,326.0,326.0,313.7,229.68,187.46,48.16,0.0,0,False,False
DOID.JK,268.0,254.0,248.4,241.0,228.5,216.74,221.0,25.629999999999995,4.3056727144434905,12086800,False,False
DNET.JK,9875.0,9941.666666666666,9950.0,9925.0,9927.5,9833.5,9806.25,4.66,1.9584725424916027,5700,True,False
DNAR.JK,139.0,138.0,136.6,132.5,129.05,121.8,124.49,17.200000000000003,1.4567802965462495,362300,False,False
DMND.JK,610.0,613.3333333333334,619.0,620.0,620.5,617.25,616.0411981201172,2.1,1.8972799185524925,10600,True,False
DMMX.JK,192.0,191.33333333333334,191.4,191.2,189.65,177.58,181.9937664794922,14.419999999999987,4.434845372635193,461800,False,False
DMAS.JK,204.0,200.66666666666666,201.2,195.7,176.6,154.56,143.63019866943358,24.72,5.282176537133386,238520600,False,False
DLTA.JK,1795.0,1795.0,1794.0,1791.0,1788.25,1774.52,1767.5407177734376,4.096000000000004,0.6010073678016209,14000,True,False
DKHH.JK,74.0,73.33333333333333,71.0,68.0,66.0,63.76,65.46,10.240000000000002,5.412214046485612,51662400,False,False
DKFT.JK,710.0,711.6666666666666,704.0,684.5,673.0,658.9,692.2,10.553333333333331,1.9224614564880227,3881500,False,False
DIVA.JK,140.0,137.66666666666666,137.4,136.9,137.05,125.46,132.17,14.540000000000006,2.9950206065330263,1053600,False,False
DILD.JK,120.0,120.66666666666667,121.6,121.3,118.9,116.3,118.94,5.299999999999997,1.7309783152008915,3588800,True,True
DIGI.JK,29.0,29.0,29.0,29.0,29.0,29.0,31.56,0.0,0.0,0,True,False
DGWG.JK,348.0,347.3333333333333,346.8,347.4,337.9,308.24,321.1960919189453,19.879999999999995,2.855472219616988,8686800,False,False
DGNS.JK,278.0,274.0,266.0,251.6,239.9,234.64,241.82,21.680000000000007,2.940734441145927,895400,False,False
DGIK.JK,142.0,142.66666666666666,143.0,140.4,135.7,131.26,130.71,11.740000000000009,2.8992097421356995,3041400,False,False
DFAM.JK,84.0,83.33333333333333,83.0,82.4,81.25,81.78,93.74,2.75,1.9426393713732324,3893800,True,False
DEWI.JK,156.0,155.66666666666666,156.4,153.3,147.3,130.82,126.72,25.580000000000013,2.4125251910722065,32727200,False,False
DEWA.JK,448.0,446.6666666666667,448.8,445.4,449.2,413.0742584228516,411.51050064086917,18.0628707885742,3.8206819416899873,237076300,False,False
DEPO.JK,258.0,255.33333333333334,254.0,252.2,249.7,246.96830963134767,252.9661428833008,5.515845184326167,1.1988107680359927,72200,True,False
DEFI.JK,106.0,106.66666666666667,106.8,105.7,106.05,106.48,128.08,1.0999999999999943,2.8188860911064384,14699800,True,False
DCII.JK,201000.0,201066.66666666666,200850.0,200720.0,202546.25,196603.5,195396.5,237.71,1.9672285864235755,1100,False,False
DAYA.JK,1115.0,1115.0,1117.0,1122.0,1068.25,1015.3,1034.15,21.34000000000001,1.7056810565421872,5100,False,False
DATA.JK,1885.0,1900.0,1866.0,1848.0,1881.0,1990.9,1940.65,28.58000000000002,2.992152564593401,920100,False,False
DART.JK,161.0,161.33333333333334,162.0,162.7,167.3,142.2,139.85,25.100000000000023,1.1091724987681262,2823700,False,False
DADA.JK,50.0,50.0,50.0,50.0,50.0,50.0,50.0,0.0,0.0,49600,True,False
DAAZ.JK,1665.0,1671.6666666666667,1673.0,1675.5,1704.25,1603.3,1773.252215576172,20.19000000000001,2.2776238343025286,192000,False,False
CYBR.JK,525.0,526.6666666666666,532.0,534.0,550.0,566.6,594.925,8.320000000000004,1.8301651470419313,17457600,False,False
CUAN.JK,950.0,941.6666666666666,928.0,875.5,843.0,728.5,820.61,44.3,4.62353086266303,163082600,False,False
CTTH.JK,129.0,129.66666666666666,130.4,127.8,129.2,125.9,139.73,4.5,3.79847832378149,1796900,True,False
CTRA.JK,630.0,633.3333333333334,634.0,630.5,623.0,588.644208984375,596.5942010498047,9.071158203124991,1.9877930147571918,5346900,False,False
CTBN.JK,3090.0,3086.6666666666665,3096.0,3118.0,3425.0,4245.6,4818.001743164063,115.89333333333339,0.8537930010318306,13800,False,False
CSRA.JK,775.0,771.6666666666666,773.0,770.0,761.75,761.9,802.55,2.65,1.4473024022612868,28900,True,False
CSMI.JK,183.0,183.0,183.0,178.7,155.1,107.5,99.03,75.5,6.068578431864786,0,False,False
CSIS.JK,214.0,212.0,214.4,216.8,215.4,188.00080047607423,173.5470012664795,14.39959976196289,3.4972575601873004,954500,False,False
CSAP.JK,300.0,296.6666666666667,296.4,294.0,292.4,288.37158569335935,281.9983428955078,5.814207153320325,2.3662220923222868,21700,True,False
CRSN.JK,137.0,137.33333333333334,137.8,135.2,128.8,113.42,110.2046656036377,24.38000000000001,3.5109939281803495,957600,False,False
CRAB.JK,216.0,219.33333333333334,219.6,213.8,210.9,209.16,209.62,5.219999999999999,3.018705988068821,485200,True,False
CPRO.JK,50.0,50.0,50.0,50.0,50.45,50.36,52.01,0.45000000000000284,0.0,1162100,True,False
CPIN.JK,3290.0,3236.6666666666665,3204.0,3111.0,3081.0,3124.2,3458.3729418945313,20.9,3.2142438599404723,12575400,False,False
COIN.JK,850.0,858.3333333333334,847.0,825.0,784.25,722.7,845.25,27.126666666666665,3.666116670986513,66160500,False,False
COCO.JK,135.0,133.0,129.8,118.2,109.8,120.87169082641601,201.69584541320802,25.200000000000003,7.957352976422613,558331300,False,False
COAL.JK,31.0,31.0,31.0,31.0,30.9,25.52,37.1,5.48,0.0,0,True,False
CNMA.JK,93.0,92.66666666666667,92.6,92.6,93.35,91.78,94.01,1.5699999999999932,1.0831291219130819,16326900,True,False
CNKO.JK,37.0,37.0,37.0,37.0,37.0,37.0,41.71,0.0,0.0,0,True,False
CMRY.JK,4550.0,4570.0,4608.53828125,4621.283642578125,4585.546655273438,4532.3752734375,4477.384521484375,8.890836914062493,2.0226063070959888,1163000,False,False
CMPP.JK,69.0,69.0,69.0,69.0,69.0,69.0,72.34,0.0,0.0,0,True,False
CMNT.JK,735.0,735.0,738.0,743.5,764.0,781.9,789.1,9.379999999999995,1.3471923567448247,11054600,False,False
CMNP.JK,1470.0,1448.3333333333333,1432.0,1411.0,1389.0,1365.2,1408.85,20.95999999999999,0.9357597938249664,66300,False,False
CLPI.JK,1630.0,1626.6666666666667,1622.0,1609.5,1603.5,1556.7,1503.3696252441407,14.659999999999991,0.4924858076364805,55500,False,False
CLEO.JK,426.0,426.0,417.6,411.0,398.8,387.6994561767578,386.49205902099607,19.150271911621104,1.6610053805522853,8448100,False,False
CLAY.JK,2780.0,2740.0,2718.0,2721.0,2741.5,2625.8,2715.4,15.419999999999982,1.4003091487565031,49700,False,False
CITY.JK,200.0,189.0,184.4,180.0,177.95,171.64,175.41,28.360000000000014,2.5684326388630168,18711300,False,False
CITA.JK,3560.0,3513.3333333333335,3460.0,3360.0,3288.5,3218.0,3252.0647412109374,34.2,1.1389336575808005,77400,False,False
CINT.JK,187.0,186.66666666666666,186.4,183.8,180.6,173.6,180.55,13.400000000000006,1.0693665290453285,133500,False,False
CHIP.JK,830.0,828.3333333333334,829.0,834.0,861.75,900.8023852539062,945.8962506103516,14.493810384114568,1.125610325623779,162700,False,False
CHEM.JK,73.0,72.0,71.2,70.5,69.9,66.04,71.08348052978516,6.959999999999994,3.103774900228214,9875800,False,False
CHEK.JK,134.0,135.33333333333334,135.2,134.1,134.2,130.8,130.29,4.533333333333331,1.7961179092667674,2995100,True,True
CGAS.JK,153.0,153.0,152.4,151.0,151.1,150.44,155.74138763427734,2.5600000000000023,0.9077060332766994,2071100,True,False
CFIN.JK,374.0,372.0,367.6,360.6,356.9,344.08,321.7051889038086,14.960000000000008,1.1634764914000308,11838100,False,False
CENT.JK,128.0,109.33333333333333,106.0,105.3,97.05,85.7,86.51,42.3,9.459584856600296,271367400,False,False
CEKA.JK,2190.0,2190.0,2188.0,2185.0,2195.0,2181.2,2179.38671875,1.380000000000018,0.5154995070289915,8400,True,False
CDIA.JK,715.0,711.6666666666666,705.0,689.0,694.25,666.4,772.3358898925782,9.720000000000004,3.1912276741395087,19799700,False,False
CCSI.JK,280.0,284.0,286.8,276.0,267.2,255.68,256.06,15.560000000000002,4.158014086230258,386400,False,False
CBUT.JK,890.0,896.6666666666666,912.0,913.5,849.25,818.4,769.46,19.020000000000003,8.384615734000796,59800,False,False
CBRE.JK,755.0,755.0,738.0,716.0,701.5,697.6,760.2,11.479999999999995,3.55027901926949,10290300,False,False
CBPE.JK,515.0,520.0,516.8,510.6,525.8,398.41926940917966,346.76912017822264,25.47614611816406,5.812364023630642,38700,False,False
CBDK.JK,4140.0,4083.3333333333335,4036.0,3917.0,3843.5,3670.2,3911.1184423828126,46.98000000000002,2.8947407830820655,3759300,False,False
CASS.JK,1835.0,1836.6666666666667,1844.0,1853.0,1866.75,1864.4,1828.4,6.35,0.8180816160099142,371600,False,False
CASH.JK,226.0,224.0,226.4,234.4,225.1,214.04,209.09,10.180000000000007,3.960270459085676,803500,False,False
CASA.JK,1815.0,1805.0,1804.0,1804.0,1817.5,1830.9,1637.55,5.3800000000000185,0.45194413352178986,5700,True,False
CARS.JK,115.0,113.33333333333333,113.0,109.4,102.15,92.94,92.24,22.060000000000002,2.945693569809973,5091500,False,False
CARE.JK,420.0,434.6666666666667,442.8,443.8,437.0,428.76,419.64,11.900000000000006,2.1617549722401446,2014700,False,False
CANI.JK,135.0,135.0,135.0,135.0,135.0,135.0,140.39,0.0,0.0,0,True,False
CAMP.JK,172.0,172.33333333333334,172.0,171.1,170.9,170.02,180.1,2.3133333333333326,0.8203373549899775,1633600,True,False
CAKK.JK,160.0,160.0,159.4,156.6,149.7,141.52,147.15,18.47999999999999,1.6551130025931857,347900,False,False
BYAN.JK,13800.0,13800.0,13785.0,14195.0,14211.25,12763.5,11768.894287109375,57.91,1.6936670976787558,203600,False,False
BWPT.JK,130.0,128.66666666666666,129.4,116.9,107.05,90.38,96.18,39.620000000000005,8.101744837961975,276398700,False,False
BVIC.JK,96.0,95.0,95.4,94.3,93.4,89.6,93.43,6.400000000000006,1.6058187893087952,592200,False,False
BUVA.JK,755.0,755.0,764.0,750.5,744.75,800.4,863.1,11.129999999999995,3.982865037584915,42428400,False,False
BUMI.JK,224.0,218.0,213.2,203.2,194.7,172.32,180.57,25.840000000000003,3.6762418070333966,3438105400,False,False
BULL.JK,432.0,435.3333333333333,443.6,439.0,440.0,403.76,415.91,19.920000000000016,4.058511126313601,218901400,False,False
BUKK.JK,990.0,993.3333333333334,990.0,990.0,1002.75,1040.0,1057.55,10.0,1.0572807014051218,11100,False,False
BUKA.JK,113.0,113.66666666666667,113.4,110.5,112.9,110.1,121.42,3.566666666666677,3.3759463480448115,22625300,True,False
BUDI.JK,224.0,228.0,228.8,232.4,225.7,215.0,211.6,8.700000000000003,2.78983390785107,467700,False,False
BUAH.JK,498.0,502.6666666666667,503.6,504.8,507.65,508.56,509.6891516113281,5.280000000000001,0.8310134815717635,207700,True,False
BTPS.JK,1060.0,1045.0,1027.0,1004.0,995.5,996.9,990.1345947265625,12.9,1.518303764421274,2679700,False,False
BTPN.JK,2410.0,2430.0,2422.0,2330.0,2246.0,2209.8,2180.798291015625,22.019999999999982,2.738595757560026,8100,False,False
BTON.JK,356.0,362.0,362.8,362.2,363.5,358.44,364.08,3.75,1.16006191291233,6000,True,False
BTEK.JK,11.0,10.333333333333334,10.2,10.1,10.35,10.56,11.31,0.9000000000000004,7.39108240879195,25238400,False,False
BSSR.JK,4890.0,4900.0,4860.0,4730.0,4562.5,4344.6,3986.9810424804687,55.539999999999964,2.033355666477834,641200,False,False
BSML.JK,525.0,521.6666666666666,519.0,518.0,518.75,516.08,467.1,1.7839999999999918,1.176789162178319,6553700,True,True
BSIM.JK,1180.0,1161.6666666666667,1187.0,1004.0,852.25,758.9,782.8,85.62,11.309600521417117,2291700,False,False
BSDE.JK,660.0,661.6666666666666,661.0,651.5,632.25,594.5,641.0,13.433333333333326,1.6075267763979995,9105400,False,False
BSBK.JK,50.0,50.0,50.0,50.0,51.4,51.76,53.77,1.759999999999998,0.0,1829100,True,False
BRRC.JK,76.0,75.0,74.8,75.3,72.05,63.6,65.6,12.399999999999999,2.2874584964890414,3855900,False,False
BRPT.JK,1775.0,1778.3333333333333,1791.0,1799.0,1834.25,1755.575966796875,1800.673896484375,15.734806640624992,2.8949337836840847,22159900,False,False
BRNA.JK,635.0,625.0,620.0,608.0,623.75,611.2,621.9,5.4,1.2985652141410196,105700,True,False
BRMS.JK,710.0,713.3333333333334,718.0,730.5,689.0,604.9,646.85,25.120000000000005,2.5775812783824166,65432000,False,False
BRIS.JK,1780.0,1780.0,1788.0,1785.5,1785.5,1786.9,1815.350294189453,1.6,0.7473125920273173,5253200,True,False
BREN.JK,3330.0,3340.0,3346.0,3354.0,3424.0,3391.4750439453123,3717.0384716796875,9.4,1.8552998299081032,3969200,False,False
BRAM.JK,4590.0,4640.0,4614.0,4610.0,4602.0,4540.0,4458.550148925781,10.0,1.532829015761582,100,False,False
BPTR.JK,75.0,75.0,74.6,75.4,76.0,73.16,75.45,2.8400000000000034,1.2152271704102038,307000,True,False
BPII.JK,482.0,474.6666666666667,478.0,486.2459991455078,477.93175201416017,452.3471630859375,455.967385559082,16.949418029785164,1.7437173228138474,4900,False,False
BPFI.JK,250.0,249.33333333333334,248.4,245.0,249.7,250.96578918457033,253.86967483520507,2.982894592285163,0.5823674346024483,14300,True,False
BOLT.JK,805.0,805.0,805.0,800.5,798.0,791.4,809.3217175292968,2.7200000000000046,1.7778687359847691,6800,True,False
BOLA.JK,182.0,182.0,173.4,161.2,155.9,156.76,158.44,26.099999999999994,4.999670366167863,2182400,False,False
BOGA.JK,1590.0,1608.3333333333333,1637.0,1617.0,1607.25,1577.9,1454.8,11.819999999999983,3.4637425398160775,8300,False,False
BOBA.JK,218.0,219.33333333333334,218.8,215.0,212.8,231.36,252.59734100341797,9.280000000000001,1.084572871577012,8990000,False,False
BOAT.JK,139.0,137.66666666666666,139.4,142.9,141.25,127.42,126.61,15.480000000000004,2.4103926704358924,3678100,False,False
BNLI.JK,2150.0,2146.6666666666665,2156.0,2157.0,2154.0,2247.2,2655.8,10.053333333333331,0.5772587847904282,4700,False,False
BNII.JK,194.0,194.33333333333334,194.8,194.0,193.5,191.44,193.12076995849608,3.3600000000000136,0.5346084640849252,290400,True,False
BNGA.JK,1735.0,1723.3333333333333,1716.0,1699.5,1681.0,1638.1,1635.1018664550782,19.380000000000017,0.5894101962860788,4454800,False,False
BNBR.JK,100.0,100.0,100.2,99.4,100.35,97.51574447631836,118.55768531799316,2.834255523681634,3.2373935885812646,438705400,True,False
BNBA.JK,775.0,775.0,779.0,759.0,746.25,742.8,738.65,7.240000000000009,3.407032114842105,204500,False,False
BMTR.JK,117.0,117.0,117.2,115.4,115.4,115.4,127.92,1.7999999999999972,2.2895315270044443,24163700,True,False
BMSR.JK,314.0,315.3333333333333,316.0,313.6,310.8,306.04,307.42,4.97999999999999,0.9962483051155425,300,True,False
BMRI.JK,4390.0,4400.0,4404.0,4319.0,4240.0,4195.8,4177.729013671875,20.819999999999983,1.2183806087028979,48821400,False,False
BMHS.JK,202.0,199.66666666666666,197.2,194.7,192.0,184.76,183.52167449951173,8.620000000000005,1.1631126710874697,654900,False,False
BMBL.JK,30.0,28.666666666666668,28.0,27.6,28.9,30.66,32.63,3.0599999999999987,5.234700645319245,45676900,False,False
BMAS.JK,525.0,511.6666666666667,509.0,510.3,504.75,490.1,491.09,6.979999999999995,2.438481142105047,5416600,False,False
BLUE.JK,2980.0,3136.6666666666665,2994.0,2870.0,2670.5,2748.4,2967.6679296875,46.61666666666665,6.348595296489683,759900,False,False
BLTA.JK,33.0,32.333333333333336,32.6,32.6,32.8,32.86,35.32,0.6666666666666643,3.2259631664129698,1778100,True,False
BLOG.JK,378.0,379.3333333333333,379.2,380.8,381.4,366.24,357.7912072753906,7.579999999999984,0.8560886910728288,131100,False,False
BLES.JK,194.0,190.66666666666666,193.4,198.9,203.65,178.24,163.28744995117188,25.409999999999997,2.813618710862182,8086100,False,False
BKSW.JK,54.0,54.666666666666664,55.0,53.4,52.85,52.34,53.75,2.6599999999999966,2.3132880648581553,544400,True,False
BKSL.JK,75.0,75.33333333333333,75.6,74.8,75.1,69.96,77.7,5.640000000000001,2.6454195499801605,45978800,True,False
BKDP.JK,190.0,172.33333333333334,162.2,159.1,164.05,150.12,128.7,39.879999999999995,7.786034592421149,100858700,False,False
BJTM.JK,535.0,531.6666666666666,530.0,526.5,521.25,517.7,519.3363287353516,3.459999999999991,0.6409229691084347,1569400,True,True
BJBR.JK,805.0,805.0,802.0,796.0,792.75,783.4,777.3319140625,4.320000000000005,0.5787353551107008,1036200,True,True
BISI.JK,735.0,736.6666666666666,733.0,724.0,706.0,672.1,694.3513482666016,12.913333333333322,1.654954945908946,77600,False,False
BIRD.JK,1625.0,1626.6666666666667,1626.0,1626.5,1632.5,1601.4,1514.8553527832032,6.219999999999982,0.395645470843069,251700,False,False
BIPP.JK,69.0,69.33333333333333,68.4,67.5,67.7,65.56,67.77,3.7733333333333263,3.1990478732661516,7458900,True,True
BIPI.JK,150.0,147.0,147.6,147.2,148.9,143.08,171.63,6.9199999999999875,4.559931051176364,516581700,False,False
BINO.JK,119.0,119.66666666666667,119.4,117.4,115.7,107.96,108.66,11.706666666666678,1.219099976077391,67000,False,False
BINA.JK,4200.0,4176.666666666667,4196.0,4193.0,4158.0,4088.8,4014.7,11.119999999999981,3.042614632816689,25700,False,False
BIKE.JK,910.0,831.6666666666666,779.0,791.0,649.9,565.96,540.73,68.80799999999999,14.505570224212555,81200,False,False
BHIT.JK,25.0,25.0,25.0,25.1,25.4,25.58,27.93,0.5799999999999983,2.6696595220402997,4795300,True,False
BHAT.JK,1770.0,1770.0,1770.0,1770.0,1770.0,1770.0,1524.75,0.0,0.0,0,True,False
BGTG.JK,121.0,122.66666666666667,123.2,119.3,114.85,111.96,113.69,11.240000000000009,3.058531234401652,6840700,False,False
BFIN.JK,1020.0,995.0,980.0,949.0,921.75,856.6,788.3783721923828,32.67999999999999,3.0984475734643206,15402200,False,False
BEST.JK,137.0,136.66666666666666,136.4,132.2,124.35,110.7,107.26,26.299999999999997,4.907751173873429,23020200,False,False
BESS.JK,895.0,905.0,898.0,901.5,905.25,907.5128002929688,975.4585711669922,2.502560058593758,1.3609889582788617,10600,True,False
BELL.JK,115.0,114.33333333333333,114.0,114.1,114.4,112.52,118.33,2.480000000000004,1.3677409297155017,5306300,True,False
BELI.JK,318.0,335.3333333333333,354.0,313.8,288.2,272.36,305.9,40.81999999999999,12.148506533403754,1518900,False,False
BEKS.JK,23.0,23.333333333333332,23.2,23.1,23.2,21.88,22.95,1.4533333333333331,2.465129517900229,1238900,True,True
BEER.JK,82.0,81.33333333333333,82.0,81.7,80.25,78.32,93.48,3.680000000000007,5.050090097774531,4628100,False,False
BEEF.JK,446.0,447.3333333333333,450.0,452.2,450.0,359.56,270.46,46.31999999999999,2.1354374943101857,1159900,False,False
BDMN.JK,4400.0,4420.0,4412.0,4352.0,4303.5,4178.8,4154.2,24.119999999999983,1.6691028743136702,694200,False,False
BDKR.JK,155.0,155.33333333333334,155.2,155.9,158.7,153.5,149.80003532409668,5.199999999999989,0.8645441437039695,1960600,True,True
BCIP.JK,63.0,63.0,63.0,62.7,63.05,61.78,64.41,1.269999999999996,1.0667554188168469,1903600,True,False
BCIC.JK,136.0,135.0,135.8,134.8,132.1,126.52,124.13,9.480000000000004,2.685173010946346,107800,False,False
BCAP.JK,50.0,50.0,50.0,50.0,50.0,50.04,50.55,0.03999999999999915,0.0,40200,True,False
BBYB.JK,266.0,266.6666666666667,270.4,261.6,257.7,245.36,259.56,12.519999999999982,2.920531600762587,16709500,False,False
BBTN.JK,1235.0,1236.6666666666667,1238.0,1233.0,1224.0,1208.7,1250.5,5.8599999999999905,1.154893354521248,5070600,True,False
BBSS.JK,96.0,99.0,99.4,100.5,102.35,98.22,118.94,6.349999999999994,2.846882085966385,20764400,False,False
BBSI.JK,4660.0,4670.0,4670.0,4674.0,4670.0,4677.6,4634.5,1.7600000000000364,0.3194173176238682,100,True,False
BBRM.JK,119.0,119.66666666666667,119.0,116.9,116.2,116.28,121.58,3.4666666666666686,2.1633218996118337,1910200,True,False
BBRI.JK,3390.0,3383.3333333333335,3390.0,3305.0,3219.5,3035.6,3031.5543041992187,35.44000000000001,1.5369262781311581,68225900,False,False
BBNI.JK,3880.0,3910.0,3918.0,3849.0,3734.5,3581.4,3631.7,33.65999999999999,1.0693708985923511,16467600,False,False
BBMD.JK,1995.0,1966.6666666666667,1975.0,1985.5,1992.25,1969.0,1949.8348254394532,5.666666666666652,1.4957771571184582,8600,True,False
BBLD.JK,680.0,685.0,693.0,688.0,656.75,604.3,619.405404663086,17.74000000000001,3.1419750177248913,80200,False,False
BBKP.JK,54.0,54.0,54.2,54.2,54.75,53.52,55.48,1.2299999999999969,1.6063704770378262,21310300,True,False
BBHI.JK,900.0,900.0,900.0,897.5,900.75,911.76486328125,976.293540649414,2.8529726562499946,1.41439988761772,7180000,True,False
BBCA.JK,6675.0,6666.666666666667,6690.0,6567.577197265625,6451.5106201171875,6299.68916015625,6140.751899414063,15.612433593749993,1.1002025815785323,44463800,False,False
BAYU.JK,1340.0,1348.3333333333333,1350.0,1337.5,1283.0,1201.4,1190.1148071289062,29.71999999999998,1.6701541309147936,236400,False,False
BAUT.JK,37.0,37.0,36.6,37.0,36.7,31.98,30.69,5.02,4.065810877562956,1341600,False,False
BATR.JK,93.0,93.33333333333333,93.6,93.5,94.5,90.98,89.18310363769531,3.519999999999996,1.6525868362997451,127500,True,False
BATA.JK,59.0,59.0,59.0,59.0,59.0,59.0,60.99,0.0,0.0,0,True,False
BAPI.JK,19.0,19.333333333333332,19.0,18.6,18.9,17.52,20.06,1.8133333333333326,4.343053018209471,1941600,False,False
BAPA.JK,139.0,138.33333333333334,142.4,149.0,147.8,208.6,219.93,70.26666666666665,8.116082125617528,6628700,False,False
BANK.JK,268.0,270.6666666666667,273.6,273.6,272.2,276.56,340.67,4.280000000000001,1.7969866345891514,3724100,True,False
BALI.JK,1310.0,1305.0,1354.0,1336.5,1288.0,1255.8,1255.05,19.640000000000008,4.8899423388379715,15400,False,False
BAJA.JK,272.0,274.6666666666667,276.0,276.8,304.2,246.26,198.76,28.97,6.479687955158925,3711600,False,False
BAIK.JK,272.0,266.6666666666667,266.8,270.6,315.4,545.86,568.9,139.59666666666666,3.4480491761071512,16368800,False,False
BACA.JK,119.0,119.33333333333333,120.6,119.2,118.0,112.9,119.29,7.699999999999989,1.628934568380282,435900,False,False
BABY.JK,210.0,209.33333333333334,211.2,211.8,215.75,194.86,200.59,10.444999999999993,1.8145746998266647,349300,False,False
BABP.JK,50.0,50.0,50.0,50.0,50.0,50.0,50.47,0.0,0.0,49600,True,False
AYLS.JK,159.0,157.0,157.0,153.5,154.7,154.56,156.02,5.5,1.7199674267580254,3746500,True,True
AYAM.JK,492.0,490.6666666666667,490.8,482.0,475.2,421.16,376.0,35.41999999999999,2.074212179144525,22447700,False,False
AXIO.JK,118.0,115.66666666666667,115.8,115.9,114.75,112.52,110.4771297454834,5.480000000000004,2.035461679835029,6305600,True,True
AWAN.JK,165.0,167.33333333333334,167.8,167.5,164.65,156.34,152.3,11.460000000000008,2.2391176439347746,319500,False,False
AVIA.JK,372.0,370.0,369.2,364.4,352.9,334.6,341.7219357299805,18.69999999999999,2.2267208578826145,8795700,False,False
AUTO.JK,3360.0,3343.3333333333335,3362.0,3349.0,3143.5,2814.0,2668.207272949219,54.8,2.2362463501868697,590700,False,False
ATLA.JK,50.0,50.0,50.0,50.0,50.0,50.04,50.45096759796142,0.03999999999999915,0.0,276900,True,False
ATIC.JK,462.0,464.0,464.8,465.8,464.9,470.52,488.87,4.259999999999991,1.287804522787612,33100,True,False
ATAP.JK,565.0,558.3333333333334,553.0,552.5,578.25,543.32,496.4,6.98599999999999,4.247348929651795,720000,False,False
ASSA.JK,655.0,650.0,645.0,637.5,635.0,617.7,651.4984375,7.459999999999991,1.6001948540491313,6905600,False,False
ASRM.JK,282.0,282.0,280.4,279.4,274.4,264.44,264.96022338867186,8.780000000000001,1.5994662621133349,17700,False,False
ASRI.JK,129.0,128.33333333333334,128.0,126.5,125.5,120.86,120.55223640441895,8.14,1.4024253012794354,3050300,False,False
ASPR.JK,147.0,146.66666666666666,148.8,151.0,153.6,150.5,203.30916778564452,6.933333333333337,3.43822403309889,5321300,False,False
ASPI.JK,410.0,412.0,416.0,406.8,402.4,419.26,407.28,8.430000000000007,2.554050793702228,407900,False,False
ASMI.JK,16.0,15.333333333333334,15.0,15.3,15.9,16.3,16.68,1.3000000000000007,6.197559668351853,4540700,False,False
ASLI.JK,406.0,394.0,384.4,325.8,273.8,228.54,257.05,88.73,8.782431219483259,27330300,False,False
ASLC.JK,67.0,68.0,68.2,67.7,65.5,63.42,66.44,4.780000000000001,3.5847571230312716,7500200,True,True
ASJT.JK,162.0,162.0,162.0,161.9,159.3,159.1,165.93674057006837,2.9000000000000057,1.0559729458088256,197400,True,False
ASII.JK,4910.0,4906.666666666667,4922.0,4870.0,4834.0,4896.6,5131.570776367187,8.8,2.0002610961859215,14281000,False,False
ASHA.JK,59.0,58.0,58.0,57.6,58.65,57.32,62.6,1.6799999999999997,3.283401628405987,11371900,True,False
ASGR.JK,2150.0,2160.0,2164.0,2139.5,1971.75,1861.9,1705.7890405273438,30.20999999999999,4.466406860227193,368900,False,False
ASDM.JK,520.0,518.3333333333334,518.0,515.0,513.25,511.37922241210936,507.9844216918945,1.7241555175781287,1.3678703390424116,17600,True,False
ASBI.JK,400.0,400.6666666666667,403.6,404.4,408.6,415.84,410.93375,7.9199999999999875,2.5102525730772935,6100,False,False
ARTO.JK,1030.0,1033.3333333333333,1034.0,1011.0,1079.75,1141.3,1147.1,26.05999999999999,2.3613919987069045,10958700,False,False
ARTA.JK,2330.0,2330.0,2302.0,2293.0,2300.0,2433.6,2437.15,14.059999999999992,1.9400329167465253,3300,False,False
ARNA.JK,510.0,510.0,509.0,501.8,497.9,483.52,471.86,5.296000000000004,0.6665705340333513,2219500,True,True
ARKO.JK,4810.0,4766.666666666667,4790.0,4891.0,5073.0,4928.4,6068.15,30.633333333333304,1.8937681176283507,1043900,False,False
ARKA.JK,22.0,22.0,22.0,22.0,22.0,22.0,25.5,0.0,0.0,0,True,False
ARII.JK,306.0,309.3333333333333,305.2,300.0,291.7,281.4,281.8,13.966666666666669,1.4741765239028912,71900,False,False
ARGO.JK,1180.0,1175.0,1173.0,1158.5,1158.5,1107.1,1011.2,14.580000000000018,0.7527972240365022,164300,False,False
AREA.JK,338.0,336.6666666666667,338.0,339.0,310.6,279.64,274.94,29.680000000000007,2.6187630530370045,1407100,False,False
ARCI.JK,1325.0,1325.0,1317.0,1344.0,1321.25,1153.5,1213.1767443847657,38.1,3.476228235577606,13527000,False,False
APLN.JK,135.0,135.0,135.8,135.3,134.85,128.72,142.26,7.0800000000000125,3.069795871866761,6773300,False,False
APLI.JK,274.0,276.0,277.2,274.2,268.8,255.6,243.1610157775879,10.799999999999997,1.036887437926142,66600,False,False
APII.JK,192.0,192.0,191.8,191.6,190.25,186.43384613037108,183.8306590270996,5.56615386962892,0.4331059863507526,5500,True,False
APIC.JK,505.0,508.3333333333333,510.0,510.5,530.0,603.9,901.95,19.779999999999994,2.5713872532626048,444200,False,False
APEX.JK,202.0,202.0,201.6,195.5,188.45,161.48,159.62,20.260000000000005,2.9988920914739774,4018500,False,False
ANTM.JK,3090.0,3096.6666666666665,3094.0,3115.0,3111.0,3009.0,3053.6123168945314,10.6,1.6913515800143795,37314500,False,False
ANJT.JK,1595.0,1595.0,1596.0,1596.0,1562.0,1500.3,1575.25,19.140000000000008,0.8843938750030115,62100,False,False
ANDI.JK,22.0,20.333333333333332,19.2,17.9,17.65,17.58,19.28,4.420000000000002,4.653320370166522,6911700,False,False
AMRT.JK,1320.0,1315.0,1315.0,1334.5,1361.0,1368.9,1363.081065673828,10.780000000000019,1.4562913561341246,6635300,False,False
AMOR.JK,372.0,368.0,363.2,360.0,359.0,346.44,344.4,12.780000000000001,1.0187660403523222,381600,False,False
AMMS.JK,236.0,222.66666666666666,218.4,222.0,200.4,254.4,313.24,27.0,6.890555031679965,877900,False,False
AMMN.JK,4590.0,4463.333333333333,4418.0,4403.0,4367.5,4051.0,4050.6,53.9,2.3073239419662865,72756100,False,False
AMIN.JK,244.0,242.0,240.8,241.6,242.5,243.28,247.8,1.5999999999999943,1.86402520695167,67900,True,False
AMFG.JK,3330.0,3330.0,3330.0,3330.0,3330.5,3220.27296875,3130.556376953125,11.022703124999998,0.0,500,False,False
AMAR.JK,234.0,234.66666666666666,235.2,233.4,228.30999908447265,214.26559295654297,200.3746272277832,10.467203521728507,0.9236141263728601,216700,False,False
AMAN.JK,232.0,232.66666666666666,231.2,228.0,234.0,248.84,255.44,10.420000000000002,2.450063775096714,98300,False,False
AMAG.JK,390.0,390.0,389.6,389.8,389.2,389.32,393.9045745849609,0.4000000000000057,0.2920326197869544,22700,True,False
ALKA.JK,4120.0,3956.6666666666665,4116.0,4348.0,3886.0,2234.4,1407.97,211.35999999999999,5.100158354860668,70700,False,False
ALII.JK,795.0,785.0,783.0,780.5,791.0,761.2,802.6062048339844,6.759999999999991,2.894793293887649,1247500,False,False
ALDO.JK,940.0,941.6666666666666,946.0,938.0,921.0,818.7598559570313,739.6904064941406,25.448028808593744,1.551158500035071,38000,False,False
AKSI.JK,282.0,299.3333333333333,281.6,262.8,247.1,232.32,246.08,33.50666666666666,8.894168381721915,541200,False,False
AKRA.JK,1515.0,1450.0,1429.0,1411.5,1404.0,1360.8396044921874,1337.3425720214843,30.83207910156252,3.3399344544017993,23625300,False,False
AKPI.JK,535.0,535.0,533.0,519.4,512.95,500.98,504.2662384033203,6.803999999999997,1.8103084037601942,457500,False,False
AKKU.JK,38.0,38.0,38.0,38.0,38.0,38.0,38.0,0.0,0.0,0,True,False
AISA.JK,116.0,117.33333333333333,118.4,117.9,118.8,113.04,112.9,5.759999999999991,2.8246770492660596,3333000,True,True
AIMS.JK,520.0,521.6666666666666,516.0,462.1,424.75,406.14,410.21,23.105333333333327,8.530924703035817,244300,False,False
AHAP.JK,102.0,102.33333333333333,101.8,99.6,99.45,95.34,95.61,6.993333333333325,3.2273898613618757,6992400,False,False
AGRS.JK,62.0,63.0,63.2,61.9,61.45,61.08,63.38,2.1200000000000045,2.0699810729227104,3053500,True,False
AGRO.JK,154.0,154.0,154.0,150.4,150.3,146.74,157.8,7.259999999999991,1.697979856573387,2456300,False,False
AGII.JK,3000.0,2996.6666666666665,3002.0,2950.0,2919.5,2916.2,2886.3810791015626,8.580000000000018,2.124037428336747,135300,False,False
AGAR.JK,1455.0,1416.6666666666667,1538.0,1674.0,1656.25,982.88,607.86,138.224,6.232117676903649,1033500,False,False
AEGS.JK,49.0,47.666666666666664,47.2,47.0,44.4,42.2,44.64,6.799999999999997,3.655394909429427,10233900,False,False
ADRO.JK,2680.0,2700.0,2698.0,2709.0,2627.0,2514.2,2436.21890625,19.480000000000018,3.2176603288305206,11512500,False,False
ADMR.JK,1640.0,1646.6666666666667,1639.0,1674.5,1656.5,1554.7,1600.578133544922,23.95999999999999,2.7742931676715283,11290000,False,False
ADMG.JK,276.0,276.0,276.4,264.0,260.7,233.88,218.62,21.25999999999999,3.5867497516382016,694200,False,False
ADMF.JK,8725.0,8725.0,8725.0,8720.0,8688.75,8445.0,8403.75,11.2,0.13526711026770116,15400,False,False
ADHI.JK,133.0,133.0,133.0,133.0,136.6,149.34,163.21,16.340000000000003,0.0,0,False,False
ADES.JK,31500.0,31616.666666666668,31730.0,32037.5,32440.0,33674.5,27962.75,86.98,0.2507119925070139,8100,False,False
ADCP.JK,50.0,50.0,50.0,50.0,50.0,50.0,50.25,0.0,0.0,0,True,False
ACST.JK,102.0,97.66666666666667,94.2,90.2,88.0,83.98,85.1,18.019999999999996,2.101909691424016,834500,False,False
ACRO.JK,67.0,66.66666666666667,66.8,65.8,64.2,62.05271339416504,63.195821113586426,4.947286605834961,2.053441705875802,6032100,True,True
ACES.JK,356.0,357.3333333333333,355.6,356.0,357.0,351.2,341.28318756103516,3.066666666666663,1.1835918261044798,3540600,True,True
ABMM.JK,2880.0,2886.6666666666665,2860.0,2790.0,2738.0,2560.6,2585.243317871094,32.60666666666666,1.3229421943745763,372100,False,False
ABDA.JK,4660.0,4500.0,4298.0,4092.0,3956.0,3640.8,3438.9,101.91999999999999,3.187823058297601,36300,False,False
ABBA.JK,30.0,30.0,30.0,30.0,30.0,30.0,33.77,0.0,0.0,0,True,False
AALI.JK,8400.0,8441.666666666666,8455.0,8252.5,7945.0,7088.5,7073.609638671875,54.66,2.0344634359826017,293200,False,False
AADI.JK,11725.0,11558.333333333334,11300.0,10855.0,10208.75,9245.0,8995.8575390625,99.2,2.7681139521874654,4338200,False,False
