Ticker,Close,MA3,MA5,MA10,MA20,MA50,MA100,Range_Ticks,Vol_Pct,Volume,MA_Tight,Signal
ZYRX.JK,131.0,131.0,130.6,129.9,126.5,128.48,132.94672409057617,4.5,2.2888680972099755,978900,True,False
ZINC.JK,30.0,30.0,30.0,30.0,30.0,30.0,30.0,0.0,0.0,0,True,False
YUPI.JK,1440.0,1356.6666666666667,1327.0,1310.0,1307.75,1337.7,1400.7900354003907,26.45,2.892710037031226,794400,False,False
YULE.JK,3480.0,3470.0,3480.0,3477.0,3450.5,3407.2,3363.700290527344,7.280000000000018,1.474481280063501,800,False,False
YPAS.JK,1500.0,1483.3333333333333,1438.0,1154.5,880.0,724.3,922.9,155.14000000000001,11.40267771408322,328400,False,False
YOII.JK,82.0,83.33333333333333,83.8,83.4,83.7,85.78,88.07,3.780000000000001,1.7673823230977068,3189000,True,False
YELO.JK,93.0,93.66666666666667,94.4,90.7,88.75,79.32,86.34,15.080000000000013,5.449142830450784,32094600,False,False
WTON.JK,81.0,81.66666666666667,81.2,80.3,77.9,75.02,79.6455014038086,6.646666666666675,4.316362304123037,2187300,False,False
WSBP.JK,14.0,14.0,14.0,14.0,14.0,14.1,15.49,0.09999999999999964,0.0,0,True,False
WOWS.JK,61.0,62.666666666666664,60.8,60.7,59.8,58.74,64.79,3.9266666666666623,5.333573053628198,17931000,False,False
WOOD.JK,212.0,213.33333333333334,214.8,215.2,222.0,215.36,249.34,5.0,1.6274029210503214,1351900,True,False
WOMF.JK,278.0,281.3333333333333,280.4,274.6,266.1,256.64,273.1255972290039,12.346666666666664,2.065327093880874,275400,False,False
WMUU.JK,50.0,51.0,52.2,53.9,53.55,51.88,58.77,3.8999999999999986,3.1267822299784287,17735100,True,False
WIRG.JK,78.0,76.66666666666667,73.2,68.8,63.45,57.98,65.32,20.020000000000003,4.893078575920942,186728700,False,False
WINS.JK,515.0,518.3333333333334,519.0,515.5,514.0,518.22,516.1403036499023,1.0,1.3879499876246915,2585000,True,False
WINR.JK,22.0,22.333333333333332,23.4,24.1,22.2,21.68,25.38,2.4200000000000017,7.158936487927603,15656000,False,False
WINE.JK,130.0,132.0,132.4,134.5,140.25,148.38898773193358,158.17208892822265,18.388987731933582,1.5447151459325998,1082700,False,False
WIIM.JK,1730.0,1730.0,1736.0,1748.5,1738.5,1654.5,1667.1969482421875,18.8,1.6483164527346414,1682700,False,False
WIFI.JK,2060.0,2090.0,2090.0,2011.5,1996.5,1848.7735400390625,2003.6689587402343,24.122645996093752,4.304241063350927,55945600,False,False
WIDI.JK,28.0,27.0,26.0,25.6,25.6,25.86,27.89,2.3999999999999986,3.686134198322301,41158800,True,True
WGSH.JK,176.0,176.66666666666666,176.6,180.5,170.0,143.34,128.58,37.16,4.06644077879935,39503300,False,False
WEHA.JK,108.0,108.0,107.8,108.3,107.15,103.5,112.77173568725586,4.799999999999997,2.3409640105841034,3069900,True,False
WEGE.JK,57.0,59.333333333333336,60.2,56.2,53.1,51.3,52.85,8.900000000000006,9.065266310584327,50621900,False,False
WAPO.JK,143.0,140.0,138.6,136.9,129.15,119.7,123.76,23.299999999999997,3.28187761360295,1475200,False,False
VTNY.JK,84.0,83.66666666666667,80.6,75.4,69.85,64.02,65.04,19.980000000000004,6.038208802951218,42830900,False,False
VRNA.JK,75.0,74.66666666666667,74.2,74.7,75.3,74.66,76.53,1.0999999999999943,1.6171548078277869,151400,True,False
VOKS.JK,228.0,232.66666666666666,230.8,231.4,220.1,206.96,212.49,12.853333333333325,4.151886524023933,317600,False,False
VKTR.JK,895.0,913.3333333333334,898.0,870.5,826.0,703.06,765.88,42.054666666666684,5.371145629199484,28782200,False,False
VIVA.JK,49.0,52.0,55.0,55.0,50.15,40.14,40.1,14.86,6.670347222677921,56637500,False,False
VISI.JK,890.0,906.6666666666666,912.0,934.5,912.5,943.8,863.9,10.759999999999991,2.8942005465538343,588600,False,False
VINS.JK,146.0,143.33333333333334,143.2,143.3,141.55,138.4,147.21,7.599999999999994,1.236067207263099,1305800,False,False
VICO.JK,145.0,144.66666666666666,144.8,143.9,142.45,139.18,146.7,5.819999999999993,0.48732319982067324,84700,True,False
VICI.JK,745.0,708.3333333333334,667.0,633.0,609.5,608.9,585.8726242065429,27.220000000000006,3.830548608992953,12817400,False,False
VERN.JK,240.0,238.0,236.0,224.4,212.95,179.6,155.3,30.200000000000003,3.970621811491127,14479500,False,False
VAST.JK,114.0,116.0,115.8,115.1,115.35,115.68,118.93,2.0,1.8664266654409865,1699200,True,False
UVCR.JK,142.0,141.66666666666666,141.4,144.1,148.1,150.14,169.80108291625976,8.73999999999998,2.2895086992296885,52714200,False,False
URBN.JK,216.0,212.66666666666666,211.6,212.6,211.3,212.24,203.58,2.3499999999999943,3.589598784916539,141300,True,False
UNVR.JK,1800.0,1810.0,1802.0,1782.0,1770.0,1733.32,1681.703526611328,15.336000000000013,2.0673696851825873,3955100,False,False
UNTR.JK,24125.0,23950.0,23750.0,23607.5,23912.5,24041.5,25633.0315625,20.7,1.1611419795974776,3088600,False,False
UNTD.JK,82.0,82.66666666666667,82.8,82.8,81.75,76.86,78.91,5.939999999999998,2.792622229331878,10273200,True,True
UNSP.JK,206.0,206.0,206.0,206.0,206.0,207.52,265.52,0.7600000000000051,0.0,0,True,False
UNIQ.JK,117.0,117.33333333333333,116.6,115.5,113.65,107.9,113.91,9.433333333333323,1.5903077520298312,1000300,False,False
UNIC.JK,15150.0,15133.333333333334,15150.0,15137.5,14677.5,13382.5,12466.467001953126,70.7,0.675303588563932,8200,False,False
ULTJ.JK,1500.0,1500.0,1501.0,1503.0,1472.5,1413.3,1475.5,17.94000000000001,0.4977424763284448,1845200,False,False
UFOE.JK,143.0,142.66666666666666,142.6,141.7,139.4,137.5,141.84,5.5,0.8931399293418218,362000,True,False
UDNG.JK,1315.0,1340.0,1332.0,1309.0,1245.0,1313.4,1195.1,19.0,4.83079002914372,1428800,False,False
UCID.JK,466.0,457.3333333333333,453.2,446.2,425.5,395.1626220703125,391.6935983276367,35.41868896484374,1.4953324531185206,2658400,False,False
UANG.JK,2490.0,2473.3333333333335,2450.0,2431.0,2401.5,2342.1,2785.0,14.79000000000001,2.63628643040333,139000,False,False
TYRE.JK,112.0,112.66666666666667,112.8,113.1,113.4,111.82,112.27,1.5800000000000125,1.0992679638742942,1038100,True,False
TUGU.JK,1380.0,1371.6666666666667,1385.0,1334.5,1274.75,1228.4,1190.6133569335936,31.319999999999983,3.125121960299219,1550400,False,False
TSPC.JK,2750.0,2740.0,2752.0,2774.0,2795.5,2629.4,2525.0,16.609999999999992,0.987557714356529,738100,False,False
TRUS.JK,456.0,451.3333333333333,443.6,423.6,418.1,398.029091796875,353.5783493041992,28.98545410156251,6.923759720042809,134800,False,False
TRUK.JK,810.0,795.0,726.0,734.5,629.8,501.52,469.37,61.696000000000005,10.568319826097387,1150900,False,False
TRUE.JK,50.0,50.0,50.0,50.0,50.0,51.82,92.9,1.8200000000000003,0.0,0,True,False
TRST.JK,460.0,459.3333333333333,459.2,458.0,458.8,469.28791381835936,465.55332733154296,5.643956909179678,0.6869051721297909,116200,True,False
TRON.JK,102.0,103.0,102.2,101.7,105.05,101.9,113.75,3.3499999999999943,2.0854176722350126,46949500,True,False
TRJA.JK,122.0,122.0,121.6,118.0,114.35,111.66,119.98,10.340000000000003,2.9915803611843104,377600,False,False
TRIS.JK,175.0,174.33333333333334,173.0,171.5,170.3,166.2,168.848875579834,8.800000000000011,1.1013534806610032,636300,False,False
TRIN.JK,340.0,347.3333333333333,334.8,320.2,320.8,342.48,489.65,13.566666666666663,5.7276084165636725,30952800,False,False
TRIM.JK,610.0,610.0,605.0,600.5,592.0,572.3806652832031,554.7320166015625,7.523866943359371,0.8624925137211739,49000,False,False
TRGU.JK,170.0,170.33333333333334,169.8,169.3,166.75,167.16,174.88,3.583333333333343,3.3992432413506792,40500,True,False
TPMA.JK,458.0,459.3333333333333,458.8,460.0,458.5,444.44,486.58,7.780000000000001,0.4197599400563074,1217700,False,False
TPIA.JK,1990.0,1995.0,1980.0,2032.0,2077.0,1987.8,3085.995583496094,19.4,3.0779225171810602,218907300,False,False
TOWR.JK,456.0,439.3333333333333,432.4,411.6,407.8,391.64,415.5504864501953,32.18000000000001,3.159109027118323,120196900,False,False
TOTO.JK,234.0,234.66666666666666,234.4,233.8,235.8,236.48,241.0600813293457,1.3399999999999892,0.5698297098452888,582900,True,False
TOTL.JK,1515.0,1428.3333333333333,1431.0,1413.5,1288.75,1149.0,1098.6915521240235,73.2,4.000181407230297,8340600,False,False
TOSK.JK,73.0,73.0,73.0,71.8,70.0,64.78,62.94,8.219999999999999,1.3678547958387464,6618500,False,False
TOOL.JK,67.0,67.0,66.8,67.0,66.55,64.9,67.47,2.0999999999999943,2.1811193596332785,44429200,True,False
TOBA.JK,565.0,555.0,538.0,523.5,501.95,449.5,490.61969665527346,23.1,3.5618370794445915,15963500,False,False
TNCA.JK,160.0,158.66666666666666,159.2,161.5,162.85,148.38,163.25,14.469999999999999,1.3900731657180085,3132700,False,False
TMPO.JK,187.0,173.0,175.4,177.0,151.7,124.3,122.6,62.7,10.988412055153935,102660700,False,False
TMAS.JK,142.0,138.66666666666666,137.4,133.3,127.55,120.58,119.90672286987305,21.42,2.9373860540652235,16849100,False,False
TLKM.JK,2620.0,2613.3333333333335,2608.0,2607.0,2634.0,2590.20607421875,2670.732062988281,4.379392578124998,1.1966655647196816,46321100,True,False
TLDN.JK,570.0,571.6666666666666,566.0,562.5,554.5,530.32,555.0206713867187,8.269333333333316,2.287903333634016,1295300,False,False
TKIM.JK,8075.0,7975.0,7925.0,7675.0,7191.25,6324.055361328125,6976.170024414063,70.03778554687499,1.8882317529557942,1571400,False,False
TIRT.JK,590.0,590.0,590.0,590.0,590.0,595.8,544.48,1.1599999999999908,0.0,0,True,False
TIRA.JK,420.0,417.3333333333333,416.0,423.6,455.3,533.82,655.86,58.910000000000025,1.3053202364400747,723800,False,False
TINS.JK,4130.0,4050.0,4020.0,3917.0,3798.0,3602.3622314453123,3522.371110839844,52.76377685546877,2.5319986480503824,63092700,False,False
TIFA.JK,328.0,343.3333333333333,343.6,335.0,326.1,280.2746270751953,302.8519415283203,31.66268646240235,8.967551192660238,166500,False,False
TGKA.JK,5150.0,5010.0,5000.0,4984.0,4933.5,4880.2,4762.254829101563,10.792000000000007,1.417263275716647,6100,False,False
TFCO.JK,880.0,913.3333333333334,888.0,834.0,801.25,722.5,693.7,38.16666666666667,6.034555736722859,700,False,False
TFAS.JK,187.0,185.33333333333334,184.8,185.9,189.2,190.3,202.82,5.5,0.938538250030515,395800,True,False
TEBE.JK,1745.0,1786.6666666666667,1732.0,1442.0,1258.75,1118.5,1151.0477307128906,133.63333333333335,12.348571577664472,9370900,False,False
TCPI.JK,2280.0,2373.3333333333335,2576.0,3168.0,3922.0,5681.06259765625,8558.791591796875,340.10625976562494,6.1502901967193395,6907300,False,False
TCID.JK,2700.0,2703.3333333333335,2684.0,2676.0,2712.5,2746.0,2788.4,7.0,1.9406017794241055,1000,False,False
TBMS.JK,1225.0,1220.0,1209.0,1203.0,1192.25,1209.5013647460937,1238.2770080566406,6.55,1.7323484877545279,13400,False,False
TBLA.JK,630.0,633.3333333333334,630.0,625.5,627.75,620.3382299804688,621.7191079711914,2.599020670572918,1.3065482940086244,465500,True,False
TBIG.JK,1455.0,1438.3333333333333,1432.0,1404.0,1412.25,1410.0564892578125,1478.7873193359376,10.2,2.4983829978922074,592800,False,False
TAYS.JK,50.0,50.0,50.0,50.0,50.0,50.0,54.24,0.0,0.0,0,True,False
TAXI.JK,14.0,14.0,14.6,14.7,14.2,13.36,14.64,1.3399999999999999,5.520157209129518,22984600,False,False
TARA.JK,30.0,29.666666666666668,30.0,30.2,30.05,29.72,30.17,0.5333333333333314,2.7085195736069974,331400,True,False
TAPG.JK,1940.0,1938.3333333333333,1895.0,1831.898876953125,1786.0955078125,1609.9011279296874,1608.0077075195313,66.01977441406252,2.581356265021307,15697500,False,False
TAMU.JK,25.0,25.666666666666668,24.8,25.8,23.4,21.02,23.63,4.780000000000001,7.563285827601816,7955600,False,False
TAMA.JK,260.0,267.3333333333333,264.8,258.4,248.8,197.66,188.58,34.83666666666666,2.9562725943197186,8516300,False,False
TALF.JK,725.0,731.6666666666666,731.0,796.5,795.5,690.1308740234375,695.2308697509766,21.273825195312497,6.387307450578924,59800,False,False
SWID.JK,125.0,121.33333333333333,116.8,111.8,107.25,97.74421356201172,99.32435653686524,27.255786437988277,4.49146670098891,18689400,False,False
SURI.JK,80.0,80.0,79.4,76.7,74.35,67.9,69.84,12.099999999999994,1.9764039353145362,9893200,False,False
SURE.JK,2630.0,2663.3333333333335,2678.0,2680.0,2720.5,2800.6,2744.0,17.05999999999999,1.378838305820247,2000,False,False
SUPA.JK,525.0,540.0,535.0,550.0,574.25,573.0,707.3,9.85,2.5865482832652247,12420700,False,False
SUNI.JK,715.0,720.0,718.0,717.5,715.25,660.6907653808594,655.79845703125,11.861846923828125,0.7342850375286307,230900,False,False
SULI.JK,91.0,92.33333333333333,92.4,96.2,92.4,84.94,90.43,11.260000000000005,10.583865293634389,27180200,False,False
STTP.JK,9475.0,9441.666666666666,9450.0,9542.5,9660.0,9770.5,9811.0,13.153333333333357,1.32842520713364,3300,False,False
STRK.JK,66.0,65.0,62.8,61.4,62.7,66.64,83.18,5.240000000000002,3.15134508086549,46822500,True,False
STAR.JK,420.0,425.3333333333333,426.0,414.0,343.8,309.08,425.34,58.46000000000001,13.541405460494655,829300,False,False
STAA.JK,1155.0,1151.6666666666667,1126.0,1094.0,1093.75,1048.2,1067.6885070800781,21.359999999999992,1.690926571218225,5810100,False,False
SSTM.JK,398.0,402.6666666666667,402.8,409.2,409.1,401.92,491.39,5.599999999999994,0.8863773968024605,789500,True,False
SSMS.JK,910.0,920.0,908.0,907.0,936.25,867.0,991.3286608886718,13.85,2.544550801404713,9518700,False,False
SSIA.JK,1900.0,1813.3333333333333,1778.0,1727.5,1682.25,1625.2228955078126,1609.8680151367187,54.95542089843748,2.8242918019894336,73725300,False,False
SRTG.JK,1935.0,1925.0,1904.0,1864.5,1809.25,1672.7,1628.0211022949218,52.459999999999994,1.1665528940457652,7204100,False,False
SRSN.JK,71.0,71.66666666666667,71.4,71.1,69.8,68.1,67.09,3.566666666666677,1.2786438417461532,32288600,True,True
SRAJ.JK,13350.0,13933.333333333334,14335.0,13867.5,12996.25,11750.0,12895.5,103.4,5.575568123453801,11200,False,False
SQMI.JK,61.0,61.333333333333336,61.0,61.7,63.85,56.58,53.91,7.270000000000003,2.283831335224803,10076300,False,False
SPTO.JK,620.0,613.3333333333334,612.0,608.5,603.5,583.9,577.0956115722656,7.220000000000004,0.6933723700497959,1642900,False,False
SPRE.JK,87.0,89.66666666666667,90.6,88.8,89.25,84.82,84.26,5.780000000000001,3.373933244879021,1386800,True,True
SPMA.JK,166.0,165.66666666666666,165.0,164.9,164.7,164.08615356445313,162.99692260742188,1.9138464355468727,0.6883714413887937,459900,True,False
SOUL.JK,37.0,37.0,37.0,37.0,37.0,37.54,42.44,0.5399999999999991,0.0,0,True,False
SOTS.JK,625.0,638.3333333333334,647.0,654.5,623.0,618.5,758.7,7.2,2.809004472963304,348700,False,False
SOSS.JK,840.0,840.0,840.0,849.0,865.25,848.2,853.55,5.05,1.090440572471893,0,True,False
SONA.JK,2460.0,2393.3333333333335,2570.0,2755.0,2545.0,2348.280104980469,2243.9884033203125,40.671989501953114,9.079696056057571,81200,False,False
SOLA.JK,93.0,92.66666666666667,91.6,91.2,94.45,99.4,108.88,8.200000000000003,2.0003494105074173,14325600,False,False
SOHO.JK,1200.0,1195.0,1191.0,1184.5,1189.0,1169.6,1449.7,6.080000000000018,0.7458932538941482,31500,False,False
SOFA.JK,362.0,346.6666666666667,323.6,292.0,257.7,238.52,316.28,61.739999999999995,7.0515921206057195,11358500,False,False
SOCI.JK,540.0,545.0,547.0,519.5,486.8,399.54038818359373,419.3940646362305,29.491922363281255,3.7928776838277347,9857300,False,False
SNLK.JK,226.0,230.66666666666666,230.8,229.0,226.8,225.04,233.48,2.8800000000000097,2.0315490889935215,13614800,True,False
SMSM.JK,1740.0,1743.3333333333333,1739.0,1726.0,1726.6179748535155,1672.280908203125,1694.6237536621093,14.21048502604167,0.3681484968517649,961100,False,False
SMRA.JK,318.0,326.0,328.8,328.6,325.6,306.0671624755859,305.5136485290527,11.366418762207047,1.346440001540736,35248600,False,False
SMMT.JK,2070.0,1958.3333333333333,1924.0,1899.5,1870.5,1838.5,1850.85,23.15,2.745569692339159,314700,False,False
SMMA.JK,20025.0,20116.666666666668,20125.0,20147.5,20148.75,21030.0,18780.0,40.2,0.7425214791455722,87700,False,False
SMLE.JK,154.0,161.0,163.6,167.8,165.0,134.1,126.46,33.70000000000002,4.729575794693821,22691800,False,False
SMKM.JK,100.0,101.33333333333333,101.8,95.8,82.4,72.56,80.05,29.239999999999995,4.3714096425277145,2385500,False,False
SMKL.JK,146.0,147.0,146.8,147.7,147.1,140.72,146.3000016784668,6.97999999999999,1.3414226392791182,109300,False,False
SMIL.JK,390.0,393.3333333333333,384.8,384.2,392.5,335.92,302.04,28.70666666666665,4.1163727267434504,40790100,False,False
SMGR.JK,1505.0,1538.3333333333333,1538.0,1549.0,1531.0,1494.8,1765.3464306640626,10.840000000000009,2.7153536184776326,26914900,False,False
SMGA.JK,82.0,81.66666666666667,81.4,77.8,74.55,70.36,76.51,11.64,3.428396922190947,4505400,False,False
SMDR.JK,314.0,312.0,310.4,306.0,301.2865234375,287.07606689453127,299.81705596923825,13.461966552734367,0.8575250316733418,9994900,False,False
SMDM.JK,550.0,548.3333333333334,549.0,554.5,559.25,560.5,568.91,2.4333333333333256,1.6549361031106748,31900,True,False
SMBR.JK,170.0,169.0,168.0,167.4,165.75,158.92,175.80871368408202,11.080000000000013,1.2295822876852607,1773900,False,False
SMAR.JK,5800.0,5825.0,5775.0,5707.5,5700.0,5292.3,5228.185102539062,21.307999999999993,1.4256385836317893,105500,False,False
SLIS.JK,96.0,98.0,98.4,91.4,79.15,67.96,73.97,30.440000000000012,6.929511619802432,56060900,False,False
SKRN.JK,388.0,389.3333333333333,387.6,393.0,399.9,377.76,403.93485290527343,11.069999999999993,1.2283297755700449,122300,False,False
SKLT.JK,214.0,211.33333333333334,209.6,206.8,202.25,192.08,197.89142944335939,10.959999999999994,1.726791685355231,212100,False,False
SKBM.JK,540.0,538.3333333333334,537.0,538.5,538.25,542.1,578.44,1.0200000000000045,2.0122456460676457,196100,True,False
SIPD.JK,775.0,768.3333333333334,765.0,730.0,705.5,699.7,806.35,15.059999999999992,3.160369708396856,28700,False,False
SINI.JK,8750.0,8058.333333333333,7720.0,7345.0,7320.0,7541.37259765625,10022.436298828125,57.2,4.789777729717094,12137200,False,False
SIMP.JK,615.0,615.0,608.0,599.5,596.5,559.1614520263672,599.0206475830078,11.167709594726556,1.4710527201228074,7725800,False,False
SILO.JK,2210.0,2266.6666666666665,2286.0,2313.0,2254.25,2210.3,2341.85,10.3,2.646899356104613,630200,False,False
SIDO.JK,350.0,350.6666666666667,349.6,350.8,354.9,367.6,410.7456311035156,9.0,1.0837962801651535,18431100,False,False
SICO.JK,111.0,109.66666666666667,109.2,109.1,109.05,106.76,113.1595386505127,4.239999999999995,1.4197855378039983,2705300,True,False
SHIP.JK,2200.0,2220.0,2240.0,2282.0,2131.75,1848.7,2341.117321777344,43.33,5.963523634563912,37200,False,False
SHID.JK,555.0,545.0,546.0,566.5,590.0,593.6,664.15,9.720000000000004,3.6146662277196144,7100,False,False
SGRO.JK,4810.0,4810.0,4790.0,4630.0,4216.5,3410.57345703125,3575.2166772460937,139.942654296875,1.7767013161597673,12200,False,False
SGER.JK,545.0,531.6666666666666,509.0,490.3,478.65,437.5,397.25,21.5,2.930390173259064,61073600,False,False
SFAN.JK,2030.0,2026.6666666666667,2024.0,2010.5,1989.5,1977.6,1959.75,5.240000000000009,0.2993064252929883,50000,True,False
SEMA.JK,104.0,102.0,100.2,99.2,98.65,95.7,101.64,8.299999999999997,1.665259425211329,1889900,False,False
SDRA.JK,218.0,218.66666666666666,218.0,220.0,219.5,213.28,230.18,3.3599999999999994,1.0498154594219433,914900,True,False
SDPC.JK,192.0,191.33333333333334,189.2,187.8,184.75,182.22,183.2960009765625,9.780000000000001,1.2608145893688776,4708100,False,False
SDMU.JK,88.0,88.66666666666667,84.8,82.2,81.1,80.9,84.22,7.766666666666666,6.7038590037230685,176844700,False,False
SCNP.JK,149.0,148.66666666666666,148.6,149.8,153.15,151.05672790527345,154.447989654541,4.550000000000011,1.6524274867191258,419700,True,False
SCMA.JK,210.0,215.33333333333334,211.6,206.1,203.8,204.66,220.75333053588867,5.766666666666666,2.483035039515901,36582600,True,False
SCCO.JK,2350.0,2353.3333333333335,2342.0,2328.0,2310.5,2265.768779296875,2257.7316772460936,8.75645540364585,1.204093938675743,3200,False,False
SBMA.JK,108.0,107.66666666666667,108.2,108.1,107.45,107.68,111.64,0.75,1.644987445028348,522200,True,False
SATU.JK,250.0,251.33333333333334,254.4,256.6,259.4,267.72,265.16,8.860000000000014,1.1052251511557973,61300,False,False
SAPX.JK,222.0,218.66666666666666,216.0,214.8,215.5,214.18,224.38,3.9099999999999966,1.190552818709364,65400,True,False
SAMF.JK,292.0,289.3333333333333,285.2,282.8,280.4,278.41041381835936,290.07737869262695,6.7947930908203205,2.1810274297769054,444300,False,False
SAME.JK,296.0,291.3333333333333,290.8,293.2,295.8,311.84,320.32,10.519999999999982,1.3465932729058205,3393700,False,False
SAGE.JK,30.0,30.333333333333332,30.2,31.1,32.05,29.76,29.98,2.2899999999999956,2.5134360123580937,2506200,True,True
SAFE.JK,492.0,426.0,417.2,413.2,395.9,363.48,356.3,64.25999999999999,8.382853856434858,6351000,False,False
RUNS.JK,62.0,62.666666666666664,62.8,62.6,63.3,68.14,74.97,6.140000000000001,1.8579396770331356,1005700,False,False
RUIS.JK,202.0,207.33333333333334,206.8,206.4,204.95,195.155625,198.8703125,6.088854166666678,2.7407155805966585,355900,False,False
RSCH.JK,342.0,333.3333333333333,324.8,318.4,315.2,301.64,296.8,20.180000000000007,2.1713478706201927,24254000,False,False
ROTI.JK,585.0,585.0,583.0,585.5,587.5,598.8,610.3239971923828,3.159999999999991,0.4854878236893709,769300,True,False
RONY.JK,1270.0,1246.6666666666667,1242.0,1240.5,1285.25,1180.2,1282.05,21.00999999999999,3.425207382719996,9000,False,False
RODA.JK,67.0,68.66666666666667,67.6,67.0,64.3,60.12,63.42,8.546666666666674,5.050357067107301,10255700,False,False
ROCK.JK,2130.0,2153.3333333333335,2144.0,2157.0,1950.75,1853.8,2041.55,30.320000000000004,9.357902129712437,57200,False,False
RMKO.JK,286.0,288.6666666666667,287.6,284.6,287.9,308.12,376.62,11.759999999999991,2.7055308786784678,3465700,False,False
RMKE.JK,416.0,423.3333333333333,424.4,412.6,412.2,430.24,511.0392907714844,9.02000000000001,2.9708277343502383,85630500,False,False
RLCO.JK,4360.0,4410.0,4434.0,4519.0,4816.0,3995.2,4265.8,82.08000000000001,3.543218843583866,821500,False,False
RISE.JK,900.0,928.3333333333334,927.0,928.5,954.75,971.9,1274.15,14.379999999999995,1.9210903119202254,3062100,False,False
RIGS.JK,680.0,685.0,684.0,684.0,680.25,682.4,681.1,1.0,1.463339282930276,47300,True,False
RICY.JK,79.0,79.66666666666667,80.0,79.5,79.2,77.62,84.11,2.3799999999999955,1.1011955613658688,941900,True,False
RGAS.JK,232.0,209.66666666666666,201.8,204.5,221.15,205.46,150.66897117614747,15.099999999999994,6.872996948259223,723820900,False,False
RELI.JK,520.0,525.0,525.0,505.3,494.75,492.36,493.58,6.527999999999997,2.787879633015887,16100,False,False
RELF.JK,35.0,35.333333333333336,35.2,35.0,35.15,34.88,36.63,0.45333333333333314,1.9058514898660401,3549800,True,False
REAL.JK,51.0,50.666666666666664,51.2,52.1,51.55,50.79829170227051,51.68651638031006,1.4333333333333371,1.690612883760313,89803700,True,False
RDTX.JK,13800.0,13641.666666666666,13555.0,13577.5,13597.5,13731.1743359375,14650.43560546875,9.8,1.2221553154691631,100,False,False
RCCC.JK,106.0,107.33333333333333,105.8,104.2,100.95,92.8,98.5,14.533333333333331,1.9365413967361225,1125200,False,False
RBMS.JK,65.0,64.0,64.4,63.9,64.6,62.06,62.45,2.9399999999999977,3.043803967096577,20068600,True,True
RATU.JK,4390.0,4353.333333333333,4326.0,4584.0,4801.75,4933.6,5188.257026367188,60.76000000000003,3.5138701098095435,6079100,False,False
RANC.JK,520.0,521.6666666666666,522.0,521.0,518.25,522.9,534.02,0.9299999999999955,0.7838825770168476,25700,True,False
RALS.JK,380.0,381.3333333333333,380.8,381.0,380.5,378.64,384.75777923583985,1.346666666666664,0.4807349497671297,2120500,True,False
RAJA.JK,835.0,836.6666666666666,827.0,847.5,866.25,840.0165759277344,815.7800756835937,7.85,2.8597554292247978,28272700,False,False
RAAM.JK,190.0,190.0,188.6,189.5,196.45,203.92,207.68,15.319999999999993,2.3995146927919655,726100,False,False
PZZA.JK,181.0,180.66666666666666,180.2,181.0,182.65,184.2,190.31719985961914,4.0,0.7127135969532082,348900,True,False
PYFA.JK,232.0,234.66666666666666,226.4,219.8,214.5,207.12,251.3,13.773333333333326,3.8479775207386275,10358200,False,False
PWON.JK,268.0,268.6666666666667,266.0,261.0,261.6,256.70548370361325,277.4261276245117,5.980591481526716,1.4446548414127438,45866800,True,False
PURI.JK,156.0,146.66666666666666,143.8,140.9,138.9,137.5,144.41,18.5,2.994572130832761,12210200,False,False
PURA.JK,32.0,32.0,32.4,32.6,32.2,31.28,32.17,1.3200000000000003,1.7406678034153276,3456400,True,False
PUDP.JK,280.0,285.3333333333333,284.8,295.2,300.1,296.3,310.2852911376953,10.050000000000011,2.6027029816856535,406300,False,False
PTSP.JK,905.0,908.3333333333334,913.0,920.0,917.0,897.6,900.85,4.479999999999995,2.87426630932435,6000,True,False
PTSN.JK,296.0,294.0,290.4,288.8,280.9,255.3461636352539,267.43588821411134,20.32691818237305,2.3319810578300935,370200,False,False
PTRO.JK,5125.0,5225.0,5245.0,5213.0,4983.5,4452.8,4686.35,31.68799999999999,4.537041474964971,30788800,False,False
PTPW.JK,1180.0,1178.3333333333333,1178.0,1179.0,1169.5,1161.7798547363282,1053.9959259033203,3.6440290527343677,0.5995603857920877,30600,True,False
PTPS.JK,157.0,158.66666666666666,156.6,154.5,149.8,137.7,148.48,20.96666666666667,1.6238657174546893,3368100,False,False
PTPP.JK,204.0,207.33333333333334,207.2,205.2,202.7,197.84,218.04,4.74666666666667,2.7760912688371815,13115400,True,False
PTMP.JK,66.0,65.66666666666667,65.8,66.1,64.7,60.84,63.28,5.259999999999991,1.4954690836533489,39832400,True,True
PTIS.JK,264.0,262.6666666666667,258.8,260.4,265.2,272.16,286.58,6.680000000000007,2.273772245276804,17100,False,False
PTBA.JK,2480.0,2426.6666666666665,2404.0,2381.0,2363.0,2383.5788330078126,2549.762451171875,11.7,1.2987687278210591,33941000,False,False
PSSI.JK,324.0,329.3333333333333,328.8,329.4,326.6,309.04,314.5003173828125,10.179999999999978,1.3277355243431275,99300,False,False
PSKT.JK,258.0,230.66666666666666,225.2,223.4,222.9,205.18,221.93,26.409999999999997,5.974337978803376,91471300,False,False
PSGO.JK,197.0,195.66666666666666,195.2,195.1,195.7,196.42,194.18193603515624,1.9000000000000057,0.6140991931925022,129200,True,False
PSDN.JK,137.0,133.66666666666666,133.2,135.3,131.4,120.06,134.76,16.939999999999998,2.5482538574319396,5239000,False,False
PSAT.JK,900.0,900.0,900.0,896.0,883.0,849.2,861.25,10.159999999999991,1.0450905968053386,147400,False,False
PSAB.JK,640.0,640.0,596.0,548.4,492.4,449.2,431.25800079345703,38.160000000000004,7.5890316382223615,108125300,False,False
PRIM.JK,120.0,117.33333333333333,116.0,113.3,110.35,98.76,89.44,21.239999999999995,1.885605195397959,11093700,False,False
PRDA.JK,2490.0,2526.6666666666665,2482.0,2429.0,2398.5,2443.6,2447.9466015625,12.816666666666652,1.9485310874411286,570600,False,False
PRAY.JK,755.0,766.6666666666666,770.0,761.5,745.25,711.5,717.0,11.7,3.393465998939165,54100,False,False
PPRO.JK,17.0,17.0,17.2,17.2,16.8,16.9,18.62,0.3999999999999986,3.8135697580899506,11011500,False,False
PPRI.JK,148.0,147.0,145.4,145.1,146.35,144.72,157.16,3.280000000000001,1.7746881665792729,4915400,True,False
PPRE.JK,107.0,109.66666666666667,107.2,104.8,104.4,104.38,109.21,5.286666666666676,3.463509327614268,25747900,True,False
PPGL.JK,246.0,232.66666666666666,228.8,218.8,212.1,202.16,204.74,21.92,3.3690110736793235,6725200,False,False
POWR.JK,910.0,860.0,850.0,824.0,774.5,734.5,714.5358056640625,35.1,3.384883329200368,25641300,False,False
PORT.JK,915.0,910.0,926.0,898.5,885.5,872.2,885.0,10.759999999999991,4.346076148253391,15200,False,False
POLY.JK,32.0,32.0,32.0,32.0,32.0,32.0,32.0,0.0,0.0,0,True,False
POLU.JK,13650.0,12050.0,11785.0,11672.5,11826.25,12570.5,13040.25,79.1,6.867482798245292,43700,False,False
POLI.JK,785.0,773.3333333333334,773.0,764.0,747.75,737.5,893.3,9.5,3.6068128148360357,56800,False,False
PNSE.JK,505.0,505.0,498.6,492.3,492.25,508.96,552.08,3.341999999999996,1.6529586377405592,5300,True,False
PNLF.JK,230.0,234.66666666666666,236.0,234.2,230.3,223.32,233.11,6.340000000000003,1.5426196253459596,73339700,False,False
PNIN.JK,725.0,715.0,715.0,715.0,714.5,723.2,745.55,2.1,1.344032423631656,710500,True,False
PNGO.JK,3490.0,3516.6666666666665,3514.0,3534.0,3543.5,3494.4,3484.7,5.35,0.6423956333550352,2100,True,False
PNBS.JK,50.0,50.0,50.0,50.1,50.05,50.1,50.3,0.10000000000000142,0.9336024218017578,4004300,True,False
PNBN.JK,900.0,903.3333333333334,903.0,903.0,900.5,890.5717858886719,908.5983923339844,2.552309488932292,0.8644959252356853,2646200,True,False
PMUI.JK,99.0,98.33333333333333,98.0,97.5,94.8,86.7,87.81430130004883,12.299999999999997,1.8358660039288148,2971500,False,False
PMJS.JK,124.0,125.0,125.2,120.5,117.4,110.12971130371093,116.06062423706055,15.070288696289069,3.661136043553822,197700,False,False
PLAN.JK,42.0,40.333333333333336,39.4,38.7,38.4,37.72,41.5,4.280000000000001,3.021970523311633,15020600,True,True
PKPK.JK,3740.0,3706.6666666666665,3692.0,3720.0,3806.5,3408.0,3043.2,39.85,1.2737457851104335,905200,False,False
PJHB.JK,192.0,183.0,179.8,175.9,172.85,168.58,188.92,23.419999999999987,2.569603129619131,58324000,False,False
PJAA.JK,460.0,460.0,459.2,458.2,456.2,456.32,472.9582208251953,1.9000000000000057,0.8393723522730936,65300,True,False
PIPA.JK,204.0,178.66666666666666,160.6,141.7,130.2,121.32,125.18,41.34,7.418469364663078,1035372700,False,False
PICO.JK,184.0,152.66666666666666,145.4,139.4,134.9,130.64,139.46,53.360000000000014,10.719154869158345,35348100,False,False
PGUN.JK,10000.0,9783.333333333334,9405.0,8465.0,8000.0,7659.0,8002.8908203125,93.64,8.328927728769816,139900,False,False
PGLI.JK,208.0,208.0,208.8,211.8,205.8,195.46,201.92,8.170000000000002,2.8660173918315857,802200,False,False
PGJO.JK,930.0,903.3333333333334,879.0,818.5,773.75,741.1,751.05,37.779999999999994,4.4994133868010815,461500,False,False
PGEO.JK,1065.0,1066.6666666666667,1070.0,1071.5,1050.5,979.5,969.0853491210937,18.4,2.4754531803278694,12851600,False,False
PGAS.JK,1540.0,1528.3333333333333,1521.0,1506.0,1506.0,1493.6,1597.025888671875,9.280000000000019,1.031841175770854,36377100,False,False
PEVE.JK,314.0,313.3333333333333,315.2,320.6,327.2,320.64,357.88,6.933333333333337,1.3839765234756964,1352500,False,False
PEHA.JK,278.0,283.3333333333333,282.4,276.6,269.8,258.73989471435544,273.05180862426755,12.296719309488935,5.300563782521459,1453000,False,False
PEGE.JK,116.0,117.0,114.0,108.8,102.0,104.70914642333985,118.83457321166992,15.0,3.220048010166333,9959100,False,False
PDPP.JK,338.0,326.6666666666667,319.2,310.8,303.3,279.65417022705077,290.4076191711426,29.172914886474615,2.934980534725888,501300,False,False
PDES.JK,380.0,380.0,378.8,391.6,396.0,419.6,464.3493084716797,20.400000000000006,2.197323636473277,38200,False,False
PCAR.JK,42.0,42.666666666666664,42.6,42.6,42.15,40.0,38.82,2.6666666666666643,2.9336787493502463,4254400,True,True
PBSA.JK,805.0,840.0,851.0,825.0,788.25,751.8113818359375,828.0045050048828,19.837723632812505,8.193740416803351,2145000,False,False
PBRX.JK,26.0,26.0,26.2,26.4,26.55,26.88,30.69,0.879999999999999,2.133320025093558,11910000,True,False
PBID.JK,535.0,536.6666666666666,537.0,533.0,532.0,499.96,489.13243682861327,7.408000000000004,0.9898582295934268,1674300,False,False
PART.JK,107.0,100.33333333333333,99.0,98.9,100.6,102.87975006103515,105.38028434753419,8.099999999999994,3.419594373055253,61434000,False,False
PANS.JK,1565.0,1563.3333333333333,1563.0,1552.5,1551.5,1546.7801098632813,1516.7599572753907,3.6439780273437465,0.9544984429822866,151100,True,False
PANR.JK,418.0,420.6666666666667,420.4,425.0,420.6,415.64,450.41176452636716,4.680000000000007,1.2385006210122422,55900,True,False
PANI.JK,6025.0,6066.666666666667,6060.0,6075.0,6142.5,6203.4,7096.282153320312,7.135999999999985,1.34895737061631,4240500,False,False
PAMG.JK,56.0,56.0,56.0,56.4,56.8,54.36,56.2,2.4399999999999977,2.599381118107252,6665100,True,False
PALM.JK,294.0,292.6666666666667,291.6,290.4,292.9,299.2528521728516,322.8793569946289,4.426426086425806,0.9998867582924352,77600,True,False
PADI.JK,78.0,73.66666666666667,72.2,71.0,71.5,72.06454528808594,87.09510948181152,7.0,3.7427771332913014,2437224700,False,False
PADA.JK,230.0,230.66666666666666,231.2,204.8,179.85,139.1,143.52,46.05,12.068217220386815,148295800,False,False
PACK.JK,424.0,387.3333333333333,361.2,315.4,279.1,250.36,253.2,86.82,5.786249400946842,580208800,False,False
OPMS.JK,124.0,124.0,124.8,127.4,121.45,106.52,114.2,20.88000000000001,2.4437677605732446,6854300,False,False
OMRE.JK,970.0,975.0,977.0,986.5,999.0,1032.8,962.5,12.559999999999992,2.2884005095423428,25200,False,False
OMED.JK,234.0,234.66666666666666,233.2,231.8,224.9,212.4807455444336,231.31314987182617,11.092960561116527,1.7877532429287109,50618900,False,False
OLIV.JK,46.0,47.0,47.6,47.9,49.05,49.88,52.58,3.8800000000000026,1.7192984957990722,9198000,True,False
OKAS.JK,125.0,125.33333333333333,124.4,121.3,113.05,105.74,109.28,19.593333333333334,3.834529171254238,9390200,False,False
OILS.JK,220.0,222.66666666666666,224.0,225.4,227.8,212.08,227.54,7.859999999999999,1.1822623832382588,2410000,False,False
OBMD.JK,194.0,196.33333333333334,195.2,194.0,191.65,181.02,198.98,15.313333333333333,2.6468252493698152,394400,False,False
OBAT.JK,242.0,242.66666666666666,241.6,241.4,243.3,242.48,269.3336471557617,0.9500000000000028,1.1620543106352204,137600,True,False
OASA.JK,318.0,320.6666666666667,318.8,320.2,326.8,299.36,322.14,13.719999999999999,2.6442812955823642,16613500,False,False
NTBK.JK,81.0,82.33333333333333,81.8,83.4,88.4,80.06,79.7389811706543,8.340000000000003,3.392065145971686,20464200,False,False
NSSS.JK,880.0,893.3333333333334,895.0,900.5,950.5,769.2216387939453,732.2477917480469,36.25567224121094,3.428421353328353,3042900,False,False
NRCA.JK,590.0,570.0,563.0,544.0,522.6,481.94,498.99340759277345,21.612000000000002,2.8262964821362395,25293600,False,False
NPGF.JK,59.0,59.666666666666664,59.8,59.3,59.246120834350585,58.43782684326172,63.580258255004885,1.3621731567382795,3.0230946223839408,11289200,True,False
NOBU.JK,505.0,505.0,501.8,502.3,487.7,456.96,484.16,9.608000000000004,1.8492984739637155,3129800,False,False
NISP.JK,1265.0,1261.6666666666667,1259.0,1262.0,1265.5,1238.2,1279.6175817871094,5.459999999999991,0.6929297526870098,1726700,True,False
NIRO.JK,163.0,159.66666666666666,159.8,158.8,156.35,149.14,168.03,13.860000000000014,3.374796704929681,181100,False,False
NINE.JK,101.0,93.66666666666667,87.4,82.1,77.5,77.72,97.83,23.5,4.832777115189427,39436900,False,False
NIKL.JK,202.0,200.33333333333334,197.4,195.3,194.25,190.96,238.08003051757814,5.519999999999996,2.1143719660877256,2994700,True,False
NICL.JK,486.0,482.0,475.6,470.2,474.2,506.08,630.1471893310547,17.939999999999998,1.7673608648475045,28885600,False,False
NICK.JK,1500.0,1473.3333333333333,1448.0,1487.0,1368.75,1159.9,1167.85,68.01999999999998,3.0713456635048466,150600,False,False
NICE.JK,272.0,270.6666666666667,266.8,260.8,258.0,258.12,275.38,7.0,2.568198242209896,1252500,False,False
NFCX.JK,1730.0,1680.0,1634.0,1592.0,1568.25,1598.9,1678.75,32.35,3.6454736701171178,20000,False,False
NETV.JK,50.0,50.0,50.6,51.3,51.15,51.5,66.08,1.5,1.5236104817186549,3828700,True,False
NEST.JK,695.0,691.6666666666666,690.0,694.0,695.75,635.5,541.2,12.05,1.8717836840303328,1756400,False,False
NELY.JK,204.0,203.33333333333334,202.8,201.7,201.35,202.12,240.50275329589843,1.3250000000000028,1.0145687702774835,514700,True,False
NCKL.JK,955.0,953.3333333333334,944.0,933.5,918.0,859.9585900878906,908.7361840820313,19.008281982421884,1.8109226299694259,30814400,False,False
NAYZ.JK,70.0,71.33333333333333,67.0,62.5,60.0,59.08,61.1,12.25333333333333,5.671125241700833,145066500,False,False
NATO.JK,665.0,663.3333333333334,655.0,652.5,656.25,623.9,615.6,8.220000000000004,1.6357717762519794,86000,False,False
NASI.JK,146.0,142.33333333333334,138.4,135.4,133.05,120.88,130.17,25.120000000000005,2.640307795977338,5129000,False,False
NASA.JK,30.0,30.333333333333332,30.4,30.3,30.3,30.82,34.11,0.8200000000000003,3.4581497200663316,490500,True,False
NANO.JK,33.0,33.666666666666664,32.4,31.9,30.85,27.56,29.95,6.106666666666666,6.260899997281795,69313300,False,False
NAIK.JK,98.0,92.66666666666667,91.0,90.2,88.55,85.98,90.36932723999024,12.019999999999996,2.6032730379766975,65773500,False,False
MYTX.JK,41.0,41.0,41.0,41.0,41.0,41.0,45.37,0.0,0.0,0,True,False
MYOR.JK,1620.0,1660.0,1661.0,1670.0,1683.5,1741.4,1743.5658874511719,24.28000000000002,1.5251736623263437,22326700,False,False
MYOH.JK,1165.0,1155.0,1133.0,1092.0,1066.25,1051.3,1109.7037451171875,22.74000000000001,2.345035087602307,83400,False,False
MUTU.JK,126.0,120.66666666666667,118.4,115.7,112.45,111.91379989624023,107.59529907226562,14.086200103759765,2.93297448900374,106981400,False,False
MTWI.JK,248.0,248.0,248.8,252.0,253.6,263.8,282.09543106079104,7.900000000000006,1.5333816968121134,64200,False,False
MTMH.JK,965.0,961.6666666666666,947.0,935.5,926.0,938.971982421875,961.005458984375,7.8,1.6726680704062045,25800,False,False
MTLA.JK,510.0,511.6666666666667,512.0,514.0,519.25,513.3,519.5469464111328,1.85,0.614741565042112,9300,True,False
MTFN.JK,13.0,13.0,13.0,13.0,13.0,13.28,16.46,0.27999999999999936,0.0,0,True,False
MTEL.JK,450.0,443.3333333333333,441.6,436.0,442.1,458.8518408203125,473.5665902709961,11.425920410156237,1.1980998224010384,65464000,False,False
MTDL.JK,510.0,508.3333333333333,512.0,508.0,509.25,508.71,521.1910000610352,0.8,1.391985587886313,1805700,True,False
MSTI.JK,1340.0,1336.6666666666667,1330.0,1324.5,1322.75,1286.1,1278.923133544922,10.780000000000019,0.7528741627490432,788800,False,False
MSKY.JK,64.0,65.66666666666667,66.0,68.0,65.1,62.46,70.21,5.539999999999999,3.6997715320408764,11812300,True,False
MSJA.JK,434.0,440.6666666666667,440.0,431.0,417.8,413.76,436.2982061767578,13.453333333333347,1.9995801240717777,14182300,False,False
MSIN.JK,336.0,344.0,350.4,364.2,377.8,446.0,592.57,55.0,2.48531635278664,32806200,False,False
MSIE.JK,94.0,95.0,95.4,95.8,95.25,90.68,98.55,5.11999999999999,2.314877401979889,1427500,True,False
MREI.JK,920.0,920.0,920.0,920.0,920.0,928.3,970.0,1.6599999999999908,0.0,0,True,False
MRAT.JK,418.0,418.6666666666667,418.0,429.6,435.4,440.72,433.74,11.360000000000014,2.1624722974146313,679000,False,False
MPXL.JK,168.0,167.0,167.2,165.4,159.65,152.22,157.24,15.780000000000001,2.412988762414613,140000,False,False
MPRO.JK,12000.0,12758.333333333334,12960.0,12647.5,12250.0,10492.5,9793.0,98.7,7.26374843296111,6500,False,False
MPPA.JK,47.0,47.666666666666664,48.4,49.1,48.35,47.22,48.25,2.1000000000000014,3.486580139440624,6044000,True,False
MPOW.JK,110.0,107.66666666666667,107.2,106.7,106.1,99.62,105.71,10.379999999999995,1.4923290938574991,26703400,False,False
MPMX.JK,1020.0,1016.6666666666666,1011.0,1008.0,1001.75,983.7,921.2696295166015,7.259999999999991,0.40936425351468986,3475500,False,False
MPIX.JK,99.0,98.0,97.6,96.6,96.5,95.0,89.54,4.0,1.0769438532321662,12747000,True,True
MORA.JK,5350.0,5266.666666666667,5210.0,5167.5,5588.75,6295.5,6039.55,45.12,2.024582447385284,255900,False,False
MOLI.JK,284.0,285.3333333333333,282.8,277.2,269.3,254.4990200805664,249.10784881591798,15.41715662638346,2.0226681992470303,2635500,False,False
MNCN.JK,204.0,204.66666666666666,203.6,201.8,202.7,205.32,217.62,1.759999999999991,0.7274341554896792,44347800,True,False
MMLP.JK,298.0,299.3333333333333,298.4,295.2,294.8,296.32,312.78,2.2666666666666515,1.5361368939091524,984100,True,False
MMIX.JK,780.0,776.6666666666666,773.0,759.5,745.0,705.18,546.92,14.96400000000001,0.31455356104371485,31666500,False,False
MLPT.JK,1360.0,1406.6666666666667,1373.0,1427.5,1542.25,1149.12,979.1224298095703,78.62600000000002,6.1224062708452545,4362200,False,False
MLPL.JK,94.0,96.33333333333333,95.6,96.2,95.8,88.58,91.16,7.75333333333333,2.7988554679534707,35385200,False,False
MLIA.JK,230.0,231.33333333333334,232.8,232.2,231.8,236.08,249.9,3.0400000000000063,0.9468894017812822,28200,True,False
MLBI.JK,6925.0,6908.333333333333,6920.0,6947.5,6828.75,6463.785830078125,5991.965751953125,19.348566796874984,0.7562419635089133,100400,False,False
MKTR.JK,123.0,123.0,123.0,123.6,122.5,121.25127807617187,123.89420608520508,2.3487219238281227,3.1831392855185427,309100,True,False
MKPI.JK,22175.0,22116.666666666668,22060.0,22012.5,21915.0,21368.6255078125,21333.04880859375,32.25497968750002,0.2128017521315469,40000,False,False
MKAP.JK,1165.0,1165.0,1166.0,1167.0,1166.0,1156.4534130859374,1113.3301086425781,2.1093173828125145,0.24297913497709528,50300,True,False
MITI.JK,202.0,204.0,204.0,198.1,192.75,178.16,201.64,12.920000000000002,3.4714885395513115,1779400,False,False
MIRA.JK,27.0,27.666666666666668,27.8,28.6,25.95,22.1,21.79,6.5,6.240291469206589,3162800,False,False
MINE.JK,240.0,240.66666666666666,238.4,235.0,230.5,222.0,265.26,9.333333333333329,2.406742136426519,566200,False,False
MINA.JK,284.0,280.0,276.4,271.8,271.5,276.48,295.64,6.25,2.659114943420624,162930500,False,False
MIKA.JK,1845.0,1820.0,1799.0,1801.0,1795.0,1723.1872998046874,1775.0060729980469,24.362540039062516,1.6020366031104065,5050200,False,False
MIDI.JK,278.0,280.6666666666667,278.8,275.8,278.9,281.0829998779297,292.5310189819336,2.6414999389648415,1.6002796439559694,7563900,True,False
MICE.JK,525.0,526.6666666666666,526.0,524.0,520.5,506.60059631347656,500.6728732299805,4.013214070638014,0.7037353034759253,152300,True,False
MHKI.JK,141.0,139.66666666666666,137.2,135.6,135.7,129.32221405029296,145.1449698638916,11.677785949707044,2.452869439946712,5394700,False,False
MGRO.JK,670.0,676.6666666666666,675.0,672.5,674.75,674.9,682.5,1.3333333333333257,1.59960097054709,3296800,True,False
MGNA.JK,97.0,97.0,97.0,100.0,105.1,95.42,120.88,9.679999999999993,1.8300419713406173,2086700,False,False
MGLV.JK,11325.0,11191.666666666666,10985.0,10085.0,9222.5,8679.0,7904.4,105.84,4.580892937120702,467800,False,False
MERK.JK,3940.0,3956.6666666666665,3946.0,3951.0,3935.5,3813.2,3700.0432592773436,14.34666666666667,1.0967263421758615,14800,False,False
MERI.JK,122.0,122.33333333333333,120.8,119.9,113.85,108.98,121.71,13.353333333333325,2.622452675023446,4863100,False,False
MEJA.JK,118.0,124.66666666666667,126.0,119.1,108.2,94.24,95.70285720825196,31.760000000000005,6.219260937159712,117301700,False,False
MEGA.JK,1980.0,1981.6666666666667,1981.0,1982.0,1983.0,2009.0,2104.9351953125,5.8,0.22130566031366342,26400,True,False
MEDS.JK,72.0,71.0,70.8,71.3,73.35,74.36,78.3,3.5600000000000023,2.5121789474029583,30276600,True,False
MEDC.JK,1400.0,1403.3333333333333,1395.0,1354.0,1325.0,1231.8549609375,1363.0745788574218,34.29567447916666,2.859225834211059,34094800,False,False
MDRN.JK,26.0,26.0,26.0,26.0,26.0,26.94,35.47,0.9400000000000013,0.0,0,True,False
MDLN.JK,50.0,50.0,50.0,50.1,50.05,50.16,51.71,0.1599999999999966,0.9336024218017578,5260300,True,False
MDLA.JK,208.0,207.33333333333334,208.0,209.0,209.5,206.76,204.09312713623046,1.3700000000000045,1.0107081614254358,1613100,True,True
MDKI.JK,190.0,190.33333333333334,189.6,189.5,186.2,182.3,181.58601318359376,8.033333333333331,1.232794973852026,94500,False,False
MDKA.JK,2960.0,2950.0,2916.0,2914.0,2837.5,2745.1678955078123,2847.2169580078125,21.483210449218767,2.8180763474063335,37369900,False,False
MDIY.JK,945.0,943.3333333333334,950.0,945.0,930.75,913.1793811035157,874.5423754882812,7.36412377929687,0.8243143542502253,462100,False,False
MDIA.JK,252.0,270.6666666666667,274.4,273.8,236.15,139.46,118.18,67.46999999999998,5.671978018657183,36108100,False,False
MCOR.JK,70.0,69.66666666666667,69.2,68.9,68.75,67.62,68.31,2.3799999999999955,1.6047262451256903,1270300,True,True
MCOL.JK,3630.0,3703.3333333333335,3730.0,3734.0,3728.5,3759.4,3760.5432470703126,12.940000000000008,1.2502461364475104,90100,False,False
MCAS.JK,296.0,296.6666666666667,293.2,306.6,286.4,217.6,261.25,44.500000000000014,6.962129723228126,1973700,False,False
MBTO.JK,129.0,129.33333333333334,129.2,128.5,127.35,117.4,115.62,11.933333333333337,1.190248634783933,4010800,False,False
MBSS.JK,2840.0,2833.3333333333335,2834.0,2834.0,2813.5,2684.4,2412.25,15.559999999999992,0.4403851626665988,1529400,False,False
MBMA.JK,565.0,565.0,544.0,538.0,527.3,517.3,562.29,9.54000000000001,4.7573990650415094,94696300,False,False
MBAP.JK,1470.0,1470.0,1469.0,1463.0,1444.25,1406.5,1517.0,12.7,0.867262322055319,46100,False,False
MAYA.JK,199.0,200.33333333333334,199.6,199.7,199.9,194.68,193.47,5.653333333333336,0.883077157120207,271400,True,False
MAXI.JK,50.0,50.0,50.0,50.0,50.0,50.0,50.49,0.0,0.0,71400,True,False
MASB.JK,3390.0,3386.6666666666665,3388.0,3382.0,3386.5,3385.2,3325.0,0.8,1.3440628947930258,14000,True,False
MARK.JK,1095.0,1098.3333333333333,1097.0,1089.5450439453125,1061.2950408935546,1003.4945922851563,883.6296759033203,18.967748209635396,1.263994513399288,10023800,False,False
MARI.JK,23.0,23.0,23.0,23.0,23.0,23.18,25.62,0.17999999999999972,0.0,0,True,False
MAPI.JK,1500.0,1508.3333333333333,1510.0,1523.0,1565.5,1532.0171142578124,1450.1279858398439,13.1,2.0457429572049426,2161200,False,False
MAPB.JK,1175.0,1175.0,1154.0,1150.5,1160.5,1065.0,1273.2,22.0,6.601932368214676,100,False,False
MAPA.JK,655.0,666.6666666666666,664.0,654.0,648.5,623.8930065917968,622.4636590576172,8.554732014973956,3.03153281229738,4572500,False,False
MANG.JK,40.0,38.666666666666664,38.2,38.2,38.9,39.88,43.73,1.7999999999999972,2.3030866588308982,15059600,True,False
MAIN.JK,670.0,673.3333333333334,671.0,671.0,679.75,681.9,756.2689050292969,2.3799999999999955,1.2493263788159794,2196500,True,False
MAHA.JK,148.0,148.0,147.8,146.9,145.35,140.12,137.78666870117186,7.8799999999999955,1.3155338308631632,3545700,False,False
LUCK.JK,115.0,114.0,114.6,114.9,113.4,105.72,106.6,9.280000000000001,1.581961378180109,11214600,False,False
LTLS.JK,835.0,845.0,844.0,844.0,828.5,798.3,781.4086065673828,9.340000000000009,0.7888562129545039,59800,False,False
LSIP.JK,1465.0,1465.0,1445.0,1432.0,1429.25,1332.9430834960938,1353.6341833496094,26.411383300781246,1.674893028005091,11274600,False,False
LRNA.JK,191.0,190.0,189.6,189.4,187.15,182.36,189.21,8.639999999999986,1.3915921001011473,185000,False,False
LPPS.JK,83.0,82.0,81.8,81.7,81.25,75.62,77.68,7.3799999999999955,2.260854081963094,1791700,False,False
LPPF.JK,1620.0,1625.0,1621.0,1603.5,1582.5,1553.1,1586.013409423828,14.380000000000019,0.8141837035211525,1342500,False,False
LPLI.JK,244.0,244.66666666666666,244.4,245.2,246.1,243.56,262.06,1.269999999999996,0.9430294658546787,75000,True,False
LPKR.JK,63.0,64.33333333333333,64.2,63.8,62.65,61.7,69.74,2.6333333333333258,2.2106752639614076,165398800,True,False
LPIN.JK,424.0,424.0,422.8,421.0,420.3,413.0,411.1606204223633,5.5,0.47321309490097374,52000,True,False
LPGI.JK,645.0,633.3333333333334,634.0,630.5,632.5,655.4,667.8666693115234,4.979999999999995,1.7990848126604502,4400,True,False
LPCK.JK,610.0,613.3333333333334,610.0,610.5,581.5,538.48,565.59,14.97066666666667,1.327855978913072,351000,False,False
LOPI.JK,82.0,82.33333333333333,80.4,79.5,72.6,62.9,84.35,19.43333333333333,5.231747854882174,2697000,False,False
LMPI.JK,155.0,155.33333333333334,153.4,151.6,146.4,140.28,146.38,15.053333333333342,5.462080545000688,550100,False,False
LMAX.JK,110.0,112.66666666666667,112.8,112.5,113.0,101.84,121.84,11.159999999999997,2.2181437863224613,825900,False,False
LIVE.JK,188.0,192.0,195.0,200.7,205.25,212.02,214.4,24.02000000000001,1.6801777491082157,2069900,False,False
LION.JK,348.0,347.3333333333333,346.8,346.8,349.7,336.56,365.1,6.569999999999993,1.3602528832696852,19100,False,False
LINK.JK,1475.0,1505.0,1511.0,1476.5,1436.5,1451.7,1529.6,14.9,7.137932970181661,43400,False,False
LIFE.JK,5675.0,5675.0,5690.0,5772.5,5790.0,5852.0,6328.711645507812,7.08,2.061977105111409,6000,False,False
LFLO.JK,520.0,516.6666666666666,513.0,506.7,497.05,526.5,530.660891418457,5.889999999999998,2.4903372540789177,4000,True,False
LEAD.JK,107.0,109.33333333333333,109.8,109.3,108.4,102.14,112.95,7.659999999999997,3.005401822502436,15766800,False,False
LCKM.JK,109.0,109.0,109.0,109.0,109.05,109.92,112.68,0.9200000000000017,0.0,0,True,False
LAPD.JK,68.0,66.66666666666667,65.8,65.8,64.45,64.06,70.6,3.9399999999999977,2.4328914998402653,31533100,True,False
LAND.JK,75.0,77.0,76.6,77.2,76.85,68.46,70.35,8.740000000000009,3.9202835426693885,12327700,False,False
LAJU.JK,68.0,68.0,68.0,67.8,66.8,65.44871017456055,70.21559490203857,2.5512898254394543,2.1831967440098587,8806600,True,False
LABS.JK,168.0,170.66666666666666,173.8,168.1,160.3,150.6,153.17,23.200000000000017,2.8710793014430873,1282600,False,False
LABA.JK,100.0,99.66666666666667,98.6,96.2,95.4,92.94,102.67,7.060000000000002,3.1437833977238134,6001300,False,False
KUAS.JK,93.0,92.0,91.6,91.9,91.75,90.92,98.97257858276367,2.0799999999999983,1.5534472755748283,64278900,True,False
KSIX.JK,426.0,421.3333333333333,416.4,412.2,366.6,338.24,335.04,43.879999999999995,3.0629607562963432,548800,False,False
KRYA.JK,64.0,64.33333333333333,64.2,64.0,62.35,59.62,63.51,4.713333333333331,2.0838039427306865,22547800,True,True
KREN.JK,14.0,13.333333333333334,13.0,13.1,13.15,12.6,14.02,1.4000000000000004,5.677335648154899,37946400,False,False
KRAS.JK,228.0,228.0,226.4,224.8,224.3,217.68,239.96,5.159999999999997,1.823503596206033,2428700,True,False
KPIG.JK,66.0,67.66666666666667,67.6,70.3,75.8,79.08,92.55,13.079999999999998,3.346267649136641,114910600,False,False
KOTA.JK,160.0,161.0,161.6,170.1,160.7,121.84,113.53,48.25999999999999,4.194223962409896,426205500,False,False
KOPI.JK,204.0,204.0,203.6,204.6,206.8,196.96,213.35,4.920000000000002,1.5134515992289377,207400,True,False
KONI.JK,2260.0,2286.6666666666665,2310.0,2324.0,2370.5,2559.4,2487.5,29.94000000000001,1.2371136003511598,27500,False,False
KOKA.JK,184.0,188.33333333333334,183.6,188.1,191.8,160.96,156.99,30.840000000000003,4.221632351723274,9999600,False,False
KOIN.JK,78.0,78.0,78.0,78.0,78.0,77.14,78.28,0.8599999999999994,0.0,0,True,False
KOCI.JK,109.0,109.0,109.0,108.3,106.15,100.88,105.88789337158204,8.120000000000005,1.8236842988956496,22633400,False,False
KOBX.JK,170.0,169.66666666666666,169.6,168.3,167.9,153.46,159.89,16.539999999999992,1.5118189146813827,1257300,False,False
KMTR.JK,238.0,236.0,232.8,231.6,233.5,230.04,238.78,3.980000000000004,1.3081569897857563,35700,True,False
KMDS.JK,530.0,530.0,527.0,527.5,532.5,534.9,538.5730233764648,1.5799999999999954,0.8916200875383115,114100,True,False
KLIN.JK,120.0,116.0,116.0,116.8,116.75,108.12,122.9,11.879999999999995,2.548405524821558,737900,False,False
KLBF.JK,805.0,813.3333333333334,804.0,800.5,769.0,751.7,797.6068463134766,12.326666666666664,2.281002920494866,57678100,False,False
KLAS.JK,82.0,81.33333333333333,81.0,79.9,77.75,72.12,75.16,9.879999999999995,1.364424736892534,9882100,False,False
KKGI.JK,292.0,284.0,281.2,278.0,276.1,270.1609014892578,279.97503707885744,10.919549255371095,1.3517965838820982,4474200,False,False
KKES.JK,67.0,68.66666666666667,69.4,69.8,68.4,59.02,49.04,10.779999999999994,3.865559793272248,10821300,False,False
KJEN.JK,163.0,165.33333333333334,167.4,165.0,152.45,130.94,134.45,36.46000000000001,8.139378121299213,3209800,False,False
KIOS.JK,99.0,97.33333333333333,96.6,95.6,95.75,92.52,95.71,6.480000000000004,2.7499363923287827,71638700,False,False
KINO.JK,1355.0,1336.6666666666667,1329.0,1319.5,1286.0,1194.6,1146.1839855957032,32.08000000000002,1.6292981016265948,155600,False,False
KING.JK,286.0,277.3333333333333,286.0,283.0,278.0,311.04,375.77,16.853333333333353,4.300695915641315,527400,False,False
KIJA.JK,206.0,204.0,188.6,157.3,141.1,131.2,146.72,37.400000000000006,13.334720585228638,1328923700,False,False
KICI.JK,197.0,195.0,194.4,194.4,194.55,188.76,197.98,8.240000000000009,0.7600704674915625,133700,False,False
KETR.JK,705.0,711.6666666666666,669.0,615.0,592.75,557.18,542.54,30.897333333333336,6.4645864562076865,49724400,False,False
KEJU.JK,580.0,583.3333333333334,589.0,587.0,572.75,561.3,557.1764831542969,5.540000000000009,2.2110496266837107,44600,True,False
KEEN.JK,850.0,866.6666666666666,873.0,883.5,876.0,856.2355993652344,861.4113848876954,6.7,1.2662801108499888,9372100,False,False
KDTN.JK,356.0,363.3333333333333,362.8,372.6,384.9,511.34,709.52,77.66999999999999,3.14838519339794,11129800,False,False
KDSI.JK,460.0,458.6666666666667,459.6,458.6,456.2,446.28,447.28,6.860000000000014,1.228628820614454,6000,False,False
KBLV.JK,146.0,148.66666666666666,146.8,147.2,137.8,113.46,109.36,35.20666666666666,5.1881057544157265,15347500,False,False
KBLM.JK,304.0,305.3333333333333,306.4,305.4,302.5,294.25902099609374,301.2818908691406,6.070489501953119,1.231266129443416,55300,False,False
KBLI.JK,330.0,328.6666666666667,326.4,326.6,326.1,317.819638671875,310.3819125366211,6.090180664062501,1.1773011771831492,414800,False,False
KBAG.JK,44.0,47.333333333333336,48.2,48.9,47.0,42.06,43.8,6.839999999999996,3.960661594423366,7842300,False,False
KARW.JK,212.0,212.0,212.0,212.0,212.0,219.8,252.64,3.9000000000000057,0.0,0,True,False
KAQI.JK,96.0,98.0,97.0,95.4,94.5,89.78,96.89,8.219999999999999,2.3938067881570544,34095300,False,False
KAEF.JK,438.0,440.0,440.0,444.8,448.2,449.76,473.72,5.8799999999999955,1.226025075070833,424100,True,False
JTPE.JK,620.0,621.6666666666666,622.0,618.5,611.75,607.3,597.835,2.9400000000000093,1.2522999260547396,1083200,True,True
JSPT.JK,1410.0,1406.6666666666667,1403.0,1394.5,1405.5,1374.1109497070313,1365.5441442871095,7.1778100585937405,2.8948829950073796,9700,False,False
JSMR.JK,2760.0,2780.0,2774.0,2761.0,2750.5,2746.2,2825.17583984375,3.380000000000018,0.80164510217762,2658000,True,False
JRPT.JK,1075.0,1075.0,1076.0,1081.0,1080.0,1078.88,1071.6618139648438,1.2,1.4188590264568126,555500,True,False
JPFA.JK,2210.0,2223.3333333333335,2258.0,2254.0,2209.5,2082.8,2239.702951660156,17.519999999999982,1.6400972262220586,9139300,False,False
JMAS.JK,228.0,228.0,228.0,228.0,228.0,229.44,240.46,0.7199999999999989,0.0,0,True,False
JKON.JK,86.0,86.33333333333333,86.2,86.4,81.5,72.68,71.78925457000733,13.719999999999999,1.6322141312531493,16205300,False,False
JIHD.JK,430.0,435.3333333333333,437.2,438.8,432.1,428.0,452.92,5.400000000000006,1.4041057739906928,70100,True,False
JGLE.JK,86.0,88.66666666666667,88.6,90.0,81.85,65.16,66.9,24.840000000000003,3.2493790768462936,406281600,False,False
JECC.JK,635.0,633.3333333333334,632.0,635.0,630.75,629.0257153320313,694.0882885742187,1.1948569335937465,1.4068563410916077,35100,True,False
JAYA.JK,134.0,134.33333333333334,134.0,133.7,132.35,126.32,129.69,8.01333333333335,0.6545853355617232,10714700,False,False
JAWA.JK,143.0,134.66666666666666,132.0,130.7,128.25,121.36,135.74,21.64,3.1681589769884457,27366300,False,False
JATI.JK,104.0,104.0,102.2,100.5,98.7,95.72,99.0081046295166,8.280000000000001,1.5011234559246716,17160000,False,False
JAST.JK,91.0,86.0,84.8,84.0,83.8,82.4,87.99,8.599999999999994,2.9742455090243607,236581700,False,False
JARR.JK,3140.0,3060.0,2814.0,2363.0,2131.0,1989.3529248046875,1981.8831787109375,115.06470751953125,10.662466191852955,13760700,False,False
ITMG.JK,25400.0,25333.333333333332,25150.0,24950.0,24793.75,23758.0,24129.869140625,65.68,1.2768146533863718,1220400,False,False
ITMA.JK,1475.0,1490.0,1468.0,1402.0,1385.5,1388.7,1652.3,20.9,5.4692629152867145,34500,False,False
ITIC.JK,226.0,227.33333333333334,227.2,227.4,223.7,210.98,225.77,8.210000000000008,1.3644914388929041,1043100,False,False
ISSP.JK,428.0,430.0,431.6,431.8,431.3,406.35795959472654,413.58674072265626,12.721020202636737,0.6914465953375809,868500,False,False
ISEA.JK,82.0,82.66666666666667,83.4,82.6,81.45,75.0,77.83,8.400000000000006,4.44128447445965,9003200,False,False
ISAT.JK,2630.0,2693.3333333333335,2684.0,2514.0,2229.75,1997.5,2011.3360900878906,69.58333333333334,5.119097414699297,75434200,False,False
ISAP.JK,23.0,23.0,23.2,24.0,24.2,24.08,26.47,1.1999999999999993,1.7221326141562787,27313700,True,False
IRSX.JK,372.0,372.0,372.4,363.8,353.2,309.92,356.07431427001956,31.23999999999998,4.325085078647545,51465600,False,False
IRRA.JK,372.0,372.6666666666667,372.4,371.6,372.7,371.32,380.7,0.6899999999999977,0.8676018881681556,564500,True,False
IPTV.JK,32.0,31.333333333333332,30.6,30.2,30.45,32.1,35.98,1.9000000000000021,3.1147428116393776,1039100,True,False
IPOL.JK,113.0,113.66666666666667,112.6,112.7,110.35,107.84,113.63,5.826666666666668,1.1906519648008227,1233000,True,False
IPCM.JK,304.0,302.6666666666667,302.4,302.4,304.9,308.05138732910154,307.0088842773437,2.8256936645507835,0.6223339407092237,461900,True,False
IPCC.JK,1145.0,1156.6666666666667,1164.0,1166.0,1159.5,1170.1280834960937,1170.0227862548827,5.0256166992187445,0.6999701374547407,1066600,True,False
IPAC.JK,178.0,181.66666666666666,178.0,172.7,168.2,160.64,155.78,21.02666666666667,3.155845336507405,53900,False,False
IOTF.JK,67.0,65.66666666666667,66.4,67.7,60.1,55.66,58.22,12.040000000000006,9.719865312193972,157460200,False,False
INTP.JK,5675.0,5575.0,5535.0,5427.5,5154.25,4671.3,4630.715952148437,40.147999999999996,1.7766357644125386,1677100,False,False
INTD.JK,286.0,294.6666666666667,291.2,283.6,269.1,244.64,247.58,25.01333333333335,3.977052792940347,47800,False,False
INTA.JK,61.0,61.0,61.0,61.0,61.0,61.54,67.17,0.5399999999999991,0.0,0,True,False
INPS.JK,670.0,678.3333333333334,695.0,701.0,692.0,659.5,643.61,8.3,3.0819648183912896,308000,False,False
INPP.JK,720.0,730.1666666666666,734.2755004882813,741.3326416015625,716.2872344970704,712.987744140625,746.342333984375,5.668979492187509,2.0449985850008425,149600,True,False
INPC.JK,143.0,144.66666666666666,143.4,141.5,140.5,135.86,143.38,8.806666666666644,1.9437462563445151,1678100,False,False
INOV.JK,148.0,147.66666666666666,147.2,145.6,142.8,130.12,131.47,17.879999999999995,1.3484213569833168,2184300,False,False
INKP.JK,8725.0,8708.333333333334,8695.0,8555.0,8401.25,7789.008916015625,8311.170498046875,37.439643359375005,1.1267591413016966,4898100,False,False
INET.JK,330.0,324.6666666666667,310.8,267.8,248.0,223.2,246.34,53.400000000000006,8.563231227230194,908182100,False,False
INDY.JK,2720.0,2693.3333333333335,2674.0,2603.0,2587.0,2333.6,2695.3846264648437,38.64000000000001,3.10046780968828,28998100,False,False
INDX.JK,60.0,60.0,60.0,60.0,60.0,60.94,77.99,0.9399999999999977,2.837818317547164e-07,0,True,False
INDS.JK,274.0,268.6666666666667,265.6,267.2,271.8,266.59360168457033,310.0398042297363,4.199999999999989,2.3221335452050496,2466100,True,False
INDR.JK,2520.0,2456.6666666666665,2428.0,2411.0,2299.75,2123.0,2285.9,39.7,1.2132381189427361,9900,False,False
INDO.JK,183.0,182.66666666666666,183.2,179.6,176.75,170.4,165.34,12.799999999999983,1.704311779112415,16915800,False,False
INDF.JK,7375.0,7366.666666666667,7345.0,7347.5,7212.5,6838.63771484375,6639.059516601563,21.454491406250018,1.025986852310697,2097400,False,False
INCO.JK,5275.0,5241.666666666667,5210.0,5217.5,5174.25,4924.2,5286.200424804688,14.032000000000007,2.964948753901106,9759400,False,False
INCI.JK,675.0,670.0,669.0,669.0,666.5,658.0,667.11884765625,3.4,1.055065716199622,12400,True,False
INCF.JK,50.0,50.0,50.0,50.0,50.0,50.0,52.37,0.0,0.0,0,True,False
INAI.JK,179.0,178.33333333333334,176.6,175.8,177.15,156.08,166.99,22.919999999999987,1.9890551941738837,6449700,False,False
IMPC.JK,1355.0,1378.3333333333333,1378.0,1423.0,1485.25,1502.9,1777.6,29.58000000000002,3.330683844686951,6827700,False,False
IMJS.JK,173.0,172.0,169.2,164.9,161.05,149.36150146484374,160.07518432617186,23.63849853515626,1.6491411270197094,5070200,False,False
IMAS.JK,885.0,893.3333333333334,886.0,870.5,863.75,841.8047180175781,917.3731097412109,10.30572306315105,1.6934358722608387,192700,False,False
IKPM.JK,193.0,201.0,198.2,197.9,193.15,186.82,193.93,14.180000000000007,4.442788824524483,188000,False,False
IKBI.JK,525.0,528.3333333333334,529.0,571.0690002441406,555.312109375,524.2757647705079,515.3377133178711,9.358647094726553,8.189752557280784,315600,False,False
IKAN.JK,87.0,86.66666666666667,86.8,87.1,85.95,80.58,85.82,6.519999999999996,1.6271129646094789,3461200,False,False
IKAI.JK,19.0,19.666666666666668,19.8,20.4,20.65,19.4,20.88,1.6499999999999986,2.7969857439216086,12843300,True,False
IGAR.JK,468.0,468.0,462.4,454.2,444.6,425.23275390625,440.609182434082,21.383623046874987,0.7963106471710282,31400,False,False
IFSH.JK,1080.0,1100.0,1118.0,1148.5,1140.5,1205.1,1600.374315185547,25.019999999999982,5.747839780221928,22300,False,False
IFII.JK,210.0,208.0,208.0,207.0,206.8,211.12,217.34,2.1599999999999966,0.6107614446691609,41500,True,False
IDPR.JK,266.0,262.6666666666667,261.6,264.6,275.0,288.5346301269531,292.71409301757814,13.467315063476548,1.4227513213463443,33600,False,False
IDEA.JK,62.0,62.0,61.4,62.9,63.45,62.08,66.62,2.0500000000000043,3.317945038417814,1036700,True,False
ICON.JK,122.0,132.33333333333334,132.4,128.0,119.4,110.52,113.66,21.88000000000001,6.050773052627019,14164700,False,False
ICBP.JK,7750.0,7691.666666666667,7675.0,7625.0,7398.75,6916.780556640625,6794.160717773438,33.328777734374995,0.9821795622405516,3562400,False,False
IBST.JK,8475.0,8475.0,8475.0,8475.0,8475.0,8475.0,8272.0,0.0,0.0,0,True,False
IBOS.JK,90.0,85.0,79.2,73.6,69.5,71.56,87.38,20.5,4.472254268062077,17417200,False,False
IBFN.JK,63.0,63.0,63.0,63.0,63.0,64.4,69.42,1.4000000000000057,0.0,0,True,False
IATA.JK,117.0,119.0,118.4,121.0,101.35,78.14,76.51,42.86,6.977821382393534,330981300,False,False
HYGN.JK,178.0,176.0,174.2,171.4,168.85,154.8,149.13700088500977,23.19999999999999,0.6576348438325724,1149700,False,False
HUMI.JK,149.0,150.66666666666666,151.8,149.0,144.58306312561035,131.63410202026367,151.51517143249512,20.165897979736343,2.6384534337365713,35849100,False,False
HRUM.JK,930.0,916.6666666666666,903.0,873.5,853.25,810.3,855.6,23.94000000000001,2.402814076782695,35229500,False,False
HRTA.JK,2400.0,2360.0,2288.0,2218.0,2079.5,1973.6,2221.6254028320313,42.64000000000001,3.6974727190330166,17965800,False,False
HRME.JK,41.0,42.0,42.8,42.5,42.5,43.42,45.65,2.4200000000000017,2.584747135660056,1071400,True,False
HOPE.JK,258.0,270.0,263.2,244.4,226.8,177.36,177.15,46.31999999999999,7.118044244845437,52724900,False,False
HOMI.JK,218.0,216.66666666666666,217.2,205.3,191.85,189.34,206.55,14.329999999999998,4.260316215158371,2662800,False,False
HOKI.JK,57.0,56.0,55.8,55.6,54.9,53.98,58.88,3.020000000000003,1.725953331354867,20256500,True,False
HMSP.JK,745.0,746.6666666666666,746.0,744.5,742.75,698.8,688.8759283447266,9.573333333333334,1.7553077409203743,10673200,False,False
HILL.JK,16.0,16.0,16.0,16.0,16.0,16.2,17.52,0.1999999999999993,0.0,0,True,False
HGII.JK,125.0,124.0,123.4,123.7,122.3,123.44705642700195,129.20606491088867,2.700000000000003,4.343065191068093,948800,False,False
HEXA.JK,4330.0,4343.333333333333,4354.0,4404.0,4433.5,4433.4,4428.3,10.35,0.4525053224253577,468600,False,False
HERO.JK,336.0,338.0,336.4,337.2,339.8,328.36,369.47,5.719999999999999,1.3769633271740667,54700,True,False
HELI.JK,198.0,197.66666666666666,197.6,196.8,193.05,186.22,186.83,11.780000000000001,2.1138601395039607,857300,False,False
HEAL.JK,655.0,670.0,678.0,711.5,750.5,821.4,940.5774340820312,33.279999999999994,2.469826016879685,33530000,False,False
HDIT.JK,50.0,50.0,50.2,50.8,50.45,50.46,54.36,0.7999999999999972,2.287590332498663,771100,True,False
HDFA.JK,98.0,98.0,98.0,97.6,96.2,91.76,96.2,6.239999999999995,1.4911086820573718,707000,False,False
HBAT.JK,232.0,220.66666666666666,219.6,219.8,222.5,278.56,343.29,29.480000000000004,3.717436277736214,906800,False,False
HATM.JK,590.0,603.3333333333334,618.0,606.0,566.05,466.66261962890627,387.547861328125,30.267476074218745,6.01808128829521,10194600,False,False
HALO.JK,68.0,67.33333333333333,67.6,68.9,69.25,65.76,69.32,3.489999999999995,1.8839336114861063,3824200,True,False
HAJJ.JK,113.0,115.33333333333333,113.2,109.6,108.0,104.98,115.33,10.353333333333325,2.7464722723381767,6485700,False,False
HAIS.JK,182.0,182.33333333333334,182.4,182.2,182.45,179.76,182.92,2.6899999999999977,0.9287314377181234,987000,True,False
HADE.JK,17.0,17.333333333333332,17.2,17.7,18.25,17.44,17.8,1.25,5.5797941394946236,3228800,False,False
GZCO.JK,180.0,182.66666666666666,178.6,174.9,170.25,155.7,172.41,26.96666666666667,3.1918010186089814,21268400,False,False
GWSA.JK,168.0,158.66666666666666,152.8,146.1,137.9,126.92,133.86,41.08,2.986074793221976,16930400,False,False
GUNA.JK,218.0,217.33333333333334,215.2,210.8,206.1,185.48,190.23932235717774,16.260000000000005,2.563384743774838,183900,False,False
GULA.JK,765.0,751.6666666666666,747.0,744.0,766.5,697.8,552.68,13.740000000000009,3.4822438578532373,36836900,False,False
GTSI.JK,177.0,182.0,183.8,183.6,171.95,149.89224868774414,175.2524814605713,33.90775131225587,3.431049935862502,26879200,False,False
GTRA.JK,228.0,228.0,228.0,232.8,237.6,214.9,222.45,11.349999999999994,2.6731155784772658,560300,False,False
GTBO.JK,170.0,170.0,170.0,170.0,170.0,171.58,189.57,1.5800000000000125,0.0,0,True,False
GSMF.JK,96.0,96.0,93.4,90.2,88.75,84.64,96.64,11.36,3.1984678436586402,4929500,False,False
GRPM.JK,174.0,174.66666666666666,175.2,196.5,213.25,235.42,264.65,61.41999999999999,3.8785255529840286,5282100,False,False
GRPH.JK,78.0,76.33333333333333,75.0,69.3,64.35,60.98,60.77,17.020000000000003,6.958435969997466,46948000,False,False
GRIA.JK,224.0,184.33333333333334,169.8,157.9,144.55,124.76,119.29,49.62,10.333183053436327,242890400,False,False
GPSO.JK,286.0,292.0,290.8,286.8,288.8,326.68,359.8,20.340000000000003,2.8580597041681832,4793900,False,False
GPRA.JK,110.0,110.33333333333333,110.4,109.1,106.45,102.72666656494141,105.11117477416992,7.673333435058595,1.669277862326267,108738900,False,False
GOTO.JK,50.0,50.0,50.0,50.0,50.0,50.0,50.63,0.0,0.0,7613300,True,False
GOOD.JK,308.0,306.0,306.0,305.6,300.1,305.72,320.33551208496095,3.9499999999999886,1.3226268324692192,173100,True,False
GOLF.JK,163.0,162.33333333333334,161.4,161.9,161.9,165.28,173.11598556518555,3.8799999999999955,1.7938552177783635,1257900,True,False
GOLD.JK,278.0,281.3333333333333,274.8,272.2,270.3,260.12,268.24,10.606666666666655,2.85653303506753,228200,False,False
GMTD.JK,1420.0,1300.0,1287.0,1281.0,1296.75,1307.8,1470.2198376464844,27.8,4.906681455329069,75500,False,False
GMFI.JK,58.0,59.333333333333336,59.8,61.3,58.0,54.7,56.69,6.599999999999994,11.42626627271145,172529300,False,False
GLVA.JK,312.0,312.0,310.4,311.2,308.4,302.4753662109375,314.36780853271483,4.762316894531239,1.5145516545163542,26400,True,False
GJTL.JK,1375.0,1371.6666666666667,1353.0,1326.5,1296.25,1198.3,1144.9254565429687,35.34000000000001,1.2170672098821806,3977900,False,False
GIAA.JK,69.0,71.66666666666667,72.6,73.4,63.5,57.74,61.1,15.660000000000004,11.350712104986195,234485100,False,False
GHON.JK,1615.0,1615.0,1612.0,1604.0,1617.75,1640.6,1719.55,7.319999999999982,0.6860038728182033,25100,False,False
GGRP.JK,302.0,301.3333333333333,302.0,302.4,300.0,295.52,285.9104293823242,3.4399999999999977,0.8256184762855721,931000,True,False
GGRM.JK,20325.0,20408.333333333332,20325.0,20285.0,19916.25,17672.025,16157.9,109.45233333333323,2.5681956619843764,1049700,False,False
GEMS.JK,6775.0,6716.666666666667,6690.0,6620.0,6557.5,6446.5,7103.0,13.14,0.9493097038540476,118300,False,False
GEMA.JK,83.0,82.33333333333333,82.0,81.4,81.05,79.78,82.23690353393555,3.219999999999999,1.133815857710543,977600,True,False
GDYR.JK,1110.0,1110.0,1103.0,1101.5,1099.75,1093.1,1097.65,3.380000000000018,1.3723535187384808,7600,True,False
GDST.JK,114.0,114.0,113.0,117.0,111.05,95.26,95.65,21.739999999999995,4.326387913164432,12288500,False,False
FWCT.JK,93.0,93.66666666666667,93.4,92.9,92.25,85.6,87.82,8.066666666666677,2.5817033497362436,3000200,False,False
FUTR.JK,342.0,336.0,326.8,333.6,318.9,248.56,231.77,46.72,6.5819811276508435,42397800,False,False
FUJI.JK,342.0,343.3333333333333,299.6,253.0,229.3,224.7,277.75,59.31666666666666,11.16263865632085,4274400,False,False
FPNI.JK,550.0,540.0,518.8,471.0,426.9,370.08,396.92,35.984,7.936190626859455,8176500,False,False
FORU.JK,2150.0,2240.0,2282.0,2189.0,2493.0,2910.4,2197.4,76.04,6.621019485056897,576300,False,False
FORE.JK,805.0,816.6666666666666,809.0,811.0,756.5,688.3,771.8,25.673333333333336,4.311662547430838,9332800,False,False
FOOD.JK,176.0,176.0,176.0,176.0,176.0,176.0,178.93,0.0,0.0,0,True,False
FOLK.JK,195.0,190.66666666666666,182.8,190.4,200.6,201.46,249.21,18.659999999999997,6.205961379630092,15093800,False,False
FMII.JK,258.0,254.66666666666666,254.8,253.6,251.2,250.8,243.94,3.5999999999999943,1.9163485887431795,42600,True,False
FLMC.JK,76.0,78.33333333333333,77.6,77.0,75.65,69.4,111.47,8.933333333333323,2.051027444213423,2000700,False,False
FITT.JK,390.0,393.3333333333333,388.8,373.6,363.5,370.84,377.7,14.916666666666657,2.805208861092914,212300,False,False
FISH.JK,610.0,601.6666666666666,601.0,600.5,605.0,610.8,671.3259411621094,2.0599999999999907,1.1422806896656237,10200,True,False
FIRE.JK,120.0,112.66666666666667,110.4,109.4,108.3,106.12,118.69,13.879999999999995,3.359418715044111,247266400,False,False
FILM.JK,790.0,805.0,810.0,900.5,967.25,1338.0,1883.1,109.6,5.287039944641374,24356100,False,False
FAST.JK,462.0,475.3333333333333,481.6,453.2,389.7,309.6,295.16,86.0,8.729532981168692,14617800,False,False
FAPA.JK,7450.0,7458.333333333333,7445.0,7402.5,7376.25,7345.68068359375,7153.982456054688,4.506105989583339,0.3582411135780873,500,True,False
EXCL.JK,2700.0,2790.0,2828.0,2704.0,2591.0,2543.4,2749.9,28.45999999999999,4.007742611097493,10104100,False,False
EURO.JK,1495.0,1590.0,1632.0,1705.0,1806.0,1778.1,2101.7352697753904,62.2,2.572903768628703,717600,False,False
ESTI.JK,163.0,163.66666666666666,161.6,164.2,162.55,140.41904052734375,147.04024230957032,23.780959472656235,2.7665517850089745,1362100,False,False
ESTA.JK,174.0,173.33333333333334,172.6,174.0,179.55,180.64,190.06,8.039999999999992,1.3837844821510938,954700,False,False
ESSA.JK,615.0,625.0,629.0,655.0,639.25,603.5316162109375,648.703881225586,10.2936767578125,4.097942508773565,101908100,False,False
ESIP.JK,124.0,125.66666666666667,125.4,125.0,127.3,129.11425247192383,126.94055137634277,5.114252471923834,1.414555908318208,8965000,True,False
ERTX.JK,182.0,183.0,184.2,186.8,184.8,161.5,174.19,25.30000000000001,0.5767651529387743,560100,False,False
ERAL.JK,302.0,305.3333333333333,302.0,301.6,303.7,287.40661682128905,287.23278381347654,8.963358256022133,2.003046933788527,2953300,False,False
ERAA.JK,478.0,472.6666666666667,470.0,463.4,444.6,388.7481939697266,373.0543667602539,44.625903015136714,0.9096989509711033,58099800,False,False
EPMT.JK,2400.0,2406.6666666666665,2386.0,2359.0,2343.0,2330.6,2332.2,7.60666666666666,2.291623223410549,15500,False,False
EPAC.JK,57.0,58.0,58.2,59.2,59.7,64.98,66.13,7.980000000000004,2.353914751786649,38651700,False,False
ENZO.JK,73.0,74.66666666666667,74.2,74.8,73.45,69.4,71.33,5.3999999999999915,2.7225022454165,8049500,True,True
ENRG.JK,1280.0,1296.6666666666667,1290.0,1183.741680908203,1235.6208404541017,1264.7483361816405,1427.6741680908203,22.584997151692733,14.068906167675324,51321900,False,False
ENAK.JK,236.0,240.66666666666666,242.4,239.6,242.5,262.76,293.92,13.379999999999995,2.5392895640025075,304300,False,False
EMTK.JK,525.0,538.3333333333334,532.0,519.5,521.75,525.48,632.5705279541015,3.766666666666674,2.603598640309064,31003900,True,False
EMDE.JK,76.0,76.66666666666667,76.2,76.8,74.95,70.2,71.26,6.599999999999994,1.7319432427062003,8486400,False,False
EMAS.JK,8725.0,8175.0,8005.0,7812.5,7276.25,6601.0,7339.75,84.96,3.466228136097485,61653600,False,False
ELTY.JK,39.0,39.0,38.8,38.9,36.5,29.14,33.2,9.86,4.7855689267343715,57008300,False,False
ELSA.JK,710.0,718.3333333333334,715.0,704.0,695.75,636.8426000976563,641.2204498291015,16.29814664713542,2.0351037112355286,12563900,False,False
ELPI.JK,670.0,678.3333333333334,680.0,689.5,727.25,935.8819921875,1303.9824548339843,53.176398437500005,2.6051405780498986,1286200,False,False
ELIT.JK,256.0,210.66666666666666,197.2,183.8,179.3,176.02,186.45,39.989999999999995,10.760215903362576,163381500,False,False
EKAD.JK,386.0,334.6666666666667,324.0,283.2,226.85,191.42,178.8677766418457,97.29,13.845203257128135,65027600,False,False
ECII.JK,160.0,157.0,156.0,155.8,158.7,143.1,155.13,16.900000000000006,1.7050742130303185,582400,False,False
EAST.JK,91.0,90.66666666666667,90.6,90.5,90.15217475891113,88.12391372680663,87.37293090820313,2.8760862731933656,0.899056162424605,1980500,True,True
DYAN.JK,89.0,89.33333333333333,89.8,87.4,85.4,80.86,81.03,8.939999999999998,1.9343725018879716,994400,False,False
DWGL.JK,310.0,299.3333333333333,312.8,347.2,348.9,277.56,271.24,35.66999999999999,6.822372925482305,15425100,False,False
DVLA.JK,1580.0,1581.6666666666667,1581.0,1581.0,1583.25,1554.27248046875,1538.9407397460936,5.795503906249996,0.3148637371013393,5600,True,False
DUTI.JK,4790.0,4790.0,4744.0,4534.0,4412.0,4197.691337890625,3954.7901953125,59.23086621093753,1.7614953434898697,10100,False,False
DSSA.JK,1065.0,1045.0,1030.0,1007.5,937.75,867.9,1257.01,39.42,3.5522725945821003,568464500,False,False
DSNG.JK,1460.0,1440.0,1408.0,1357.5,1352.5,1240.4964794921875,1350.3550207519531,43.900704101562496,3.1387530482853774,4008300,False,False
DSFI.JK,86.0,85.66666666666667,85.2,83.5,82.2,76.18,82.81,9.819999999999993,2.1545002275653373,6881900,False,False
DRMA.JK,1015.0,1015.0,1008.0,994.0,970.5,933.2,948.14,16.359999999999992,0.503173954174124,1027700,False,False
DPUM.JK,94.0,94.66666666666667,95.8,96.3,97.2,99.16,125.64,5.159999999999997,2.1311268132781627,5766000,True,False
DOSS.JK,168.0,168.0,168.0,168.8,163.65,145.9251806640625,144.12287910461427,22.874819335937502,2.0465928175820407,1326800,False,False
DOOH.JK,326.0,326.0,326.0,297.6,271.9,185.98,166.81,70.01,7.570582634559504,0,False,False
DOID.JK,238.0,226.66666666666666,220.4,216.0,215.9,209.54,222.62,14.230000000000004,3.079276098094932,6760800,False,False
DNET.JK,10450.0,10100.0,10020.0,9885.0,9843.75,9904.0,9720.5,24.25,2.2847586319660285,31000,False,False
DNAR.JK,126.0,126.33333333333333,127.2,125.6,124.55,117.98,124.34,9.219999999999999,2.024741036462603,484100,False,False
DMND.JK,615.0,613.3333333333334,618.0,621.0,620.5,615.7619995117187,616.9767980957031,1.5333333333333257,0.9317491590035452,39200,True,False
DMMX.JK,183.0,184.66666666666666,185.4,188.1,187.9,172.25935333251954,183.06856109619142,15.840646667480456,1.445510285248103,2118400,False,False
DMAS.JK,177.0,171.0,167.4,157.5,151.0,142.9431787109375,135.8979800415039,34.0568212890625,3.148069597143633,680644800,False,False
DLTA.JK,1785.0,1786.6666666666667,1786.0,1786.0,1782.25,1756.3705395507814,1766.5203735351563,6.059225423177077,0.3232972833409071,68900,False,False
DKHH.JK,66.0,64.66666666666667,64.4,64.0,63.75,61.7,65.35,4.299999999999997,1.3676329839493464,56039000,True,True
DKFT.JK,660.0,670.0,665.0,661.5,666.25,657.5,694.55,2.5,2.161363753008464,3280500,True,False
DIVA.JK,136.0,137.33333333333334,137.0,137.2,134.15,120.62,133.29,16.71333333333334,1.9791818904483398,1663900,False,False
DILD.JK,118.0,118.33333333333333,117.6,116.3,116.4,114.98,119.38,3.3533333333333246,1.4254459243188184,17743700,True,False
DIGI.JK,29.0,29.0,29.0,29.0,29.0,29.18,31.77,0.17999999999999972,0.0,0,True,False
DGWG.JK,346.0,340.6666666666667,334.8,328.4,310.5,297.2556945800781,323.3055291748047,24.372152709960943,2.2268697338975945,17841300,False,False
DGNS.JK,220.0,224.0,225.2,228.2,232.2,231.48,246.12,6.099999999999994,1.284391957308508,170500,False,False
DGIK.JK,137.0,135.0,135.0,130.5,129.35,127.36,129.63,9.64,3.3230972404781025,10762700,False,False
DFAM.JK,83.0,81.33333333333333,80.6,80.1,80.85,82.52,95.49,2.9000000000000057,1.9820642894466574,23532700,True,False
DEWI.JK,148.0,147.0,146.8,141.3,131.15,124.1,123.7,23.900000000000006,2.996941773196112,49539900,False,False
DEWA.JK,452.0,455.3333333333333,450.4,453.0,456.2,393.1380645751953,416.76837142944333,31.530967712402344,3.4991122432666546,307233400,False,False
DEPO.JK,250.0,253.33333333333334,251.6,247.2,244.7,244.54206085205078,249.08779739379884,4.395636240641281,2.0010095007905253,274200,True,False
DEFI.JK,107.0,107.0,106.6,106.7,106.8,108.74,123.01,2.1400000000000006,1.9146039098314809,14133000,True,False
DCII.JK,203700.0,203658.33333333334,204385.0,204372.5,199158.75,194157.5,195631.25,409.1,2.4183802694516907,200,False,False
DAYA.JK,1070.0,1028.3333333333333,1020.0,1014.5,997.0,1003.6,1020.15,14.6,1.956573120520912,70100,False,False
DATA.JK,1890.0,1908.3333333333333,1921.0,1914.0,1950.75,2015.4,1976.65,25.08000000000002,1.45367598667866,1163100,False,False
DART.JK,167.0,166.33333333333334,166.2,169.2,149.4,133.32,137.58,35.879999999999995,13.443664213096158,613600,False,False
DADA.JK,50.0,50.0,50.0,50.0,50.0,50.0,50.0,0.0,0.0,56400,True,False
DAAZ.JK,1745.0,1746.6666666666667,1743.0,1733.0,1641.0,1621.1466650390626,1849.462215576172,25.104000325520836,3.5408022557693,299500,False,False
CYBR.JK,545.0,551.6666666666666,555.0,566.0,561.5,588.3,611.475,8.659999999999991,1.2312410814329127,18988200,False,False
CUAN.JK,825.0,828.3333333333334,828.0,810.5,745.0,687.2,856.11,28.226666666666667,7.2041792250083265,238597500,False,False
CTTH.JK,132.0,132.66666666666666,131.2,130.8,129.1,126.66,134.25,6.006666666666661,1.7859774347196944,8136400,False,False
CTRA.JK,620.0,623.3333333333334,624.0,615.0,599.75,566.6873645019531,601.4484106445312,11.462527099609384,2.060502440579473,6448700,False,False
CTBN.JK,3190.0,3383.3333333333335,3628.0,3815.0,4001.5,4786.7,5057.71333984375,159.67,4.438165218922344,439600,False,False
CSRA.JK,780.0,773.3333333333334,763.0,753.5,755.75,763.5,817.35,5.3,1.0925828183601847,786000,True,False
CSMI.JK,167.0,152.66666666666666,142.0,126.9,101.35,84.4,88.92,82.6,15.083828173438803,0,False,False
CSIS.JK,230.0,229.33333333333334,224.4,214.0,200.35,174.5504006958008,167.56660133361817,27.724799652099605,2.931918156220947,3658200,False,False
CSAP.JK,292.0,291.3333333333333,289.6,290.8,288.8,284.72027465820315,280.90248107910156,3.639862670898424,2.4221033052948293,72200,True,False
CRSN.JK,128.0,124.66666666666667,122.2,122.4,115.45,106.28,107.15001541137696,21.72,4.003440968753631,1037000,False,False
CRAB.JK,208.0,208.0,208.0,208.0,208.0,209.04,209.76,0.519999999999996,0.0,0,True,False
CPRO.JK,50.0,50.0,50.2,51.0,50.7,50.4,52.5,1.0,1.7042324658909078,4298200,True,False
CPIN.JK,3020.0,3023.3333333333335,3008.0,3051.0,3111.5,3152.6,3556.393154296875,14.45999999999999,1.58483177498469,10302300,False,False
COIN.JK,845.0,853.3333333333334,796.0,743.5,713.25,712.8,885.1,28.106666666666683,9.069205458862145,85049100,False,False
COCO.JK,103.0,102.66666666666667,101.2,101.4,104.7,134.931690826416,224.335845413208,33.731690826416,2.320229891204356,128323100,False,False
COAL.JK,31.0,31.0,31.0,30.8,26.55,24.32,39.69,6.68,3.0179423729740873,0,False,False
CNMA.JK,92.0,92.0,92.8,94.1,93.55,90.64,94.75502471923828,3.4599999999999937,1.3576037230348543,13852200,True,False
CNKO.JK,37.0,37.0,37.0,37.0,37.0,37.4,43.84,0.3999999999999986,0.0,0,True,False
CMRY.JK,4630.0,4680.0,4668.0,4646.0,4658.0,4561.6,4534.890341796875,11.839999999999964,1.5509514375074354,2878200,False,False
CMPP.JK,69.0,69.0,69.0,69.0,69.0,69.66,73.66,0.6599999999999966,0.0,0,True,False
CMNT.JK,760.0,771.6666666666666,778.0,784.5,794.25,790.0,792.5,6.85,1.4557378015174756,18537600,False,False
CMNP.JK,1355.0,1366.6666666666667,1370.0,1368.0,1363.5,1351.6,1410.9,3.6800000000000184,0.8998400028802392,207300,True,False
CLPI.JK,1600.0,1600.0,1600.0,1598.0,1586.5,1533.5129125976562,1484.0712194824218,13.297417480468766,0.33014254220552564,75200,False,False
CLEO.JK,400.0,404.0,394.4,386.6,384.7,381.340703125,385.19977508544923,11.329648437499998,2.360534265516857,15217000,False,False
CLAY.JK,2730.0,2766.6666666666665,2756.0,2762.0,2651.5,2619.4,2718.1,14.726666666666642,1.686666462448697,11700,False,False
CITY.JK,177.0,177.33333333333334,176.6,175.9,173.8,167.36,174.58,9.97333333333333,1.8115891892751046,378100,False,False
CITA.JK,3250.0,3220.0,3210.0,3217.0,3236.0,3150.6,3294.899169921875,9.940000000000008,0.918638555175376,22300,False,False
CINT.JK,180.0,179.66666666666666,179.8,177.4,176.85,170.74,182.25,9.259999999999991,1.4009268832772215,166900,False,False
CHIP.JK,875.0,881.6666666666666,883.0,889.5,902.5,925.3109057617188,970.6314959716797,10.06218115234376,1.44744880197156,142800,False,False
CHEM.JK,71.0,70.33333333333333,70.0,69.3,67.1,63.9,74.99004959106445,7.100000000000001,2.8794784460551393,9034800,False,False
CHEK.JK,135.0,136.33333333333334,136.4,134.3,133.45,129.24,130.67,7.159999999999997,1.323797285758883,726200,False,False
CGAS.JK,152.0,151.0,151.0,151.2,152.1,149.99388885498047,156.77055404663085,2.1061111450195256,1.2851616704098983,3643900,True,False
CFIN.JK,356.0,357.3333333333333,355.6,352.6,347.8,334.6397900390625,313.8786294555664,11.346771647135398,0.8859234543192204,4387100,False,False
CENT.JK,107.0,93.0,90.0,86.6,83.6,78.72,85.86,28.28,8.078349592623088,282532300,False,False
CEKA.JK,2210.0,2206.6666666666665,2204.0,2206.0,2204.0,2181.72421875,2174.985546875,2.8275781249999907,0.7843441931608615,29700,True,False
CDIA.JK,685.0,700.0,698.0,699.5,683.75,662.9,798.6108819580078,7.420000000000004,3.793307717967912,64753400,False,False
CCSI.JK,254.0,252.66666666666666,256.4,258.4,252.2,250.8,253.42,3.799999999999983,2.5114511768674586,377100,True,False
CBUT.JK,775.0,785.0,777.0,785.0,804.75,766.3,758.31,7.690000000000009,3.37692551964383,64200,False,False
CBRE.JK,690.0,700.0,695.0,687.0,685.5,688.2,769.25,2.9,1.9385142458860378,23246900,True,False
CBPE.JK,520.0,525.0,527.0,541.0,457.4,351.2180999755859,329.1466381835937,37.95638000488282,4.5629505310012215,46900,False,False
CBDK.JK,3890.0,3916.6666666666665,3862.0,3770.0,3741.0,3611.9,3990.6409912109375,30.47666666666664,2.3170357531519095,1645400,False,False
CASS.JK,1870.0,1858.3333333333333,1860.0,1880.5,1886.25,1850.5,1823.1,7.15,0.874554491148099,64900,False,False
CASH.JK,222.0,224.0,222.0,215.8,224.1,199.86,202.48,12.11999999999999,4.144946789012023,1137400,False,False
CASA.JK,1815.0,1851.6666666666667,1846.0,1831.0,1829.75,1832.7,1590.2,7.333333333333348,3.4526148548144757,10200,False,False
CARS.JK,107.0,101.33333333333333,98.0,94.9,92.8,88.84,90.78,18.159999999999997,2.4061692140458857,16219800,False,False
CARE.JK,440.0,438.0,434.0,430.2,426.0,422.36,416.64,8.819999999999993,0.650984850694897,87600,False,False
CANI.JK,135.0,135.0,135.0,135.0,135.0,135.34,140.64,0.3400000000000034,0.0,0,True,False
CAMP.JK,170.0,170.0,169.8,170.7,170.3,171.68,182.71,1.8799999999999955,0.6413820300503271,100700,True,False
CAKK.JK,149.0,145.33333333333334,143.8,142.8,139.55,138.06,147.79,10.939999999999998,1.5440316756333226,1773700,False,False
BYAN.JK,15100.0,15625.0,15960.0,14227.5,13157.5,12104.8107421875,11461.69388671875,154.20757031250002,9.731878426549349,468700,False,False
BWPT.JK,107.0,110.0,103.0,97.2,91.2,82.44,97.22,27.560000000000002,7.913771510121967,254608000,False,False
BVIC.JK,93.0,93.66666666666667,93.0,92.5,92.8,88.02,94.7,5.646666666666675,1.248430708468629,1871400,True,False
BUVA.JK,740.0,748.3333333333334,739.0,739.0,773.25,816.9,899.05,15.579999999999995,3.0246667650256636,69599800,False,False
BUMI.JK,194.0,193.33333333333334,189.2,185.5,177.85,162.64,184.91,31.360000000000014,3.1331232641050546,3431299700,False,False
BULL.JK,448.0,456.6666666666667,452.8,441.0,439.6,391.2,413.49,32.73333333333335,3.723828372975869,204698800,False,False
BUKK.JK,1015.0,1013.3333333333334,1018.0,1015.0,1020.5,1086.9,1094.4,14.713333333333344,1.8308975714189442,86000,False,False
BUKA.JK,113.0,114.33333333333333,114.6,115.3,116.75,108.72,124.86,8.030000000000001,2.0349741888511534,143979000,False,False
BUDI.JK,220.0,218.0,218.8,218.6,215.5,209.28,209.36,5.359999999999999,0.9422008961569679,190700,True,False
BUAH.JK,510.0,508.3333333333333,510.0,510.5,508.25,510.7,509.77573455810546,0.4899999999999977,0.7992296007176116,213000,True,False
BTPS.JK,985.0,988.3333333333334,987.0,987.0,985.0,995.3,992.045078125,2.0599999999999907,0.6922846657605458,2580700,True,False
BTPN.JK,2180.0,2193.3333333333335,2166.0,2162.0,2168.0,2169.4,2144.912463378906,3.1333333333333484,1.4451454149140768,11700,True,False
BTON.JK,368.0,365.3333333333333,364.0,364.8,363.1,356.56,365.78,5.719999999999999,1.0586181361779274,1300,True,False
BTEK.JK,10.0,10.333333333333334,10.4,10.6,10.75,10.76,11.75,0.7599999999999998,8.343519944775748,88584400,False,False
BSSR.JK,4510.0,4470.0,4458.0,4395.0,4345.0,4184.358173828125,3875.5861279296873,32.56418261718754,0.7439473086836854,1384000,False,False
BSML.JK,515.0,516.6666666666666,517.0,519.5,517.75,505.6,451.18,2.7799999999999954,1.2852614602509547,6441600,True,True
BSIM.JK,710.0,706.6666666666666,705.0,700.5,699.0,702.2,771.75,2.2,1.1855296668648108,13500,True,False
BSDE.JK,635.0,638.3333333333334,635.0,613.0,595.0,580.5,653.25,11.566666666666674,2.6025300892361183,21245700,False,False
BSBK.JK,50.0,51.0,52.0,52.8,52.6,52.12,54.4,2.799999999999997,1.7907398770104845,32702400,True,False
BRRC.JK,75.0,79.66666666666667,74.0,68.8,63.05,60.08,65.6,19.586666666666673,11.209110110647465,44726000,False,False
BRPT.JK,1860.0,1876.6666666666667,1866.0,1869.5,1846.75,1715.4837890625,1796.5103540039063,32.23657552083337,3.223701639291999,70591700,False,False
BRNA.JK,605.0,626.6666666666666,640.0,641.5,633.0,604.9,627.0,7.320000000000005,3.6811166208910806,430500,False,False
BRMS.JK,730.0,703.3333333333334,676.0,647.5,612.0,579.86,654.3,30.028,4.164052050556168,534003500,False,False
BRIS.JK,1805.0,1793.3333333333333,1786.0,1785.5,1793.0,1789.5,1843.7226501464843,3.9,1.2807225524328227,17779600,True,False
BREN.JK,3400.0,3436.6666666666665,3456.0,3494.0,3424.0,3472.3271484375,3917.312939453125,9.4,4.900430643364387,33390600,False,False
BRAM.JK,4680.0,4606.666666666667,4574.0,4577.0,4541.5,4513.8,4422.1522924804685,16.619999999999983,2.3252875468886574,400,False,False
BPTR.JK,77.0,77.0,76.8,76.6,75.55,71.96,76.12,5.040000000000006,2.0898275108206277,1424500,True,True
BPII.JK,498.0,504.3333333333333,501.0,472.9,456.95,446.5,457.21,28.916666666666657,2.9130611903208146,103500,False,False
BPFI.JK,240.0,250.66666666666666,252.0,254.4,258.9,252.8637744140625,255.86372116088867,9.449999999999989,2.8713005904429862,3501800,False,False
BOLT.JK,800.0,793.3333333333334,794.0,795.5,795.25,787.6,813.5868682861328,2.4799999999999955,0.8052119220031785,11500,True,False
BOLA.JK,150.0,149.33333333333334,149.2,150.6,155.1,155.16,158.22,5.960000000000008,1.5718576407131677,635100,True,False
BOGA.JK,1560.0,1568.3333333333333,1571.0,1597.5,1609.75,1529.6,1435.0,16.03000000000002,1.307940638477099,34800,False,False
BOBA.JK,206.0,208.66666666666666,210.8,210.6,217.5,254.28,247.2413966369629,24.14,2.141784344365176,763000,False,False
BOAT.JK,142.0,141.33333333333334,141.4,139.6,136.65,121.4,126.5,20.599999999999994,1.0250645382095644,3338300,False,False
BNLI.JK,2150.0,2160.0,2158.0,2154.0,2187.5,2385.0,2753.605166015625,23.5,1.1024153406967074,63800,False,False
BNII.JK,192.0,192.66666666666666,193.0,193.2,192.3,190.08,193.5465089416504,3.119999999999976,0.4078083218090804,508600,True,False
BNGA.JK,1675.0,1668.3333333333333,1675.0,1660.0,1653.75,1612.3,1629.72900390625,12.54000000000001,0.8897963371486468,1316400,False,False
BNBR.JK,101.0,102.66666666666667,101.8,101.5,100.8,95.77951477050782,125.89768531799317,6.887151896158855,2.8898262394249037,1235763300,False,False
BNBA.JK,725.0,730.0,733.0,733.5,736.0,742.4,732.1,3.4799999999999955,1.581907943198554,59200,True,False
BMTR.JK,116.0,116.66666666666667,116.2,115.4,115.1,116.0,131.14,1.566666666666677,1.189854342747505,70308500,True,False
BMSR.JK,314.0,310.6666666666667,310.0,307.4,308.0,302.36,309.54,5.819999999999993,1.7448590786639153,15900,True,False
BMRI.JK,4200.0,4190.0,4172.0,4159.0,4169.0,4172.2,4173.041630859375,4.1,0.9657473927471402,86046100,True,True
BMHS.JK,189.0,189.0,189.0,189.3,188.35,181.89431671142577,182.633524017334,7.405683288574238,0.43277441215485346,967700,False,False
BMBL.JK,27.0,27.0,28.4,30.2,31.3,31.88,33.08,4.879999999999999,3.2220863686171746,13529300,True,False
BMAS.JK,530.0,508.6666666666667,501.6,499.2,491.6,484.6,490.37,9.079999999999995,2.592135612572581,1188700,False,False
BLUE.JK,2720.0,2633.3333333333335,2554.0,2471.0,2523.5,2815.52,3006.465856933594,34.452,6.106177801872584,812000,False,False
BLTA.JK,33.0,32.666666666666664,32.8,33.0,32.85,33.24,36.31,0.5733333333333377,2.021502132163456,3380700,True,False
BLOG.JK,384.0,382.0,382.0,382.0,371.4,356.24,356.3013800048828,13.879999999999995,1.1112755697481163,359000,False,False
BLES.JK,208.0,210.66666666666666,210.0,208.4,201.25,166.61326263427733,158.48676864624022,22.026702016194662,3.247777748061789,7760000,False,False
BKSW.JK,52.0,52.333333333333336,52.4,52.4,52.4,51.98,54.21,0.4200000000000017,1.7960059375075703,3581600,True,False
BKSL.JK,76.0,77.0,77.4,75.2,72.45,67.72,81.94,9.680000000000007,2.446282622221049,158787600,False,False
BKDP.JK,169.0,169.0,169.0,169.0,169.0,142.18,117.46,26.819999999999993,0.0,0,False,False
BJTM.JK,520.0,520.0,518.0,516.0,516.5,515.4,518.4829013061524,0.9200000000000046,0.6472919027542079,5343800,True,True
BJBR.JK,795.0,791.6666666666666,790.0,789.5,787.25,777.1,772.5730456542968,3.5799999999999956,0.62833347928999,1712700,True,True
BISI.JK,700.0,691.6666666666666,687.0,688.0,677.0,662.7,701.8421997070312,7.459999999999991,1.272339619190679,198700,False,False
BIRD.JK,1630.0,1643.3333333333333,1648.0,1638.5,1621.5,1573.4093115234375,1499.8683728027345,14.918137695312499,0.8354854202857932,1186500,False,False
BIPP.JK,70.0,71.0,68.2,68.3,66.5,62.86,66.6,8.14,8.567634873121253,11465000,False,False
BIPI.JK,148.0,150.66666666666666,150.6,150.6,148.55,143.34,179.87,7.326666666666654,3.3734240037658165,455038000,False,False
BINO.JK,116.0,115.66666666666667,114.6,114.0,112.1,103.74,109.03,12.260000000000005,1.1842863719218328,1645900,False,False
BINA.JK,4150.0,4153.333333333333,4186.0,4123.0,4123.5,3950.2,4022.7,23.58000000000002,2.0795815590371274,356900,False,False
BIKE.JK,498.0,506.0,507.6,508.8,509.4,509.76,511.93,5.8799999999999955,0.7440653318043801,1291200,True,False
BHIT.JK,25.0,25.666666666666668,25.6,25.9,25.75,26.34,28.93,1.3399999999999999,2.4457019325157985,12722000,True,False
BHAT.JK,1770.0,1770.0,1770.0,1770.0,1770.0,1712.3,1489.55,11.54000000000001,0.0,0,False,False
BGTG.JK,110.0,111.0,110.2,110.4,110.7,109.88,113.17,1.1200000000000045,1.4265910722744726,3002200,True,False
BFIN.JK,860.0,876.6666666666666,894.0,899.0,893.5,806.0,757.7230541992187,18.6,2.370162134963615,33048800,False,False
BEST.JK,126.0,125.66666666666667,123.2,116.5,111.2,104.06,104.52,21.939999999999998,4.180986813352652,95752100,False,False
BESS.JK,905.0,920.0,918.0,909.0,898.5,916.2079187011718,1003.3932000732422,4.3,2.5258486953667867,470300,True,False
BELL.JK,115.0,115.66666666666667,115.2,114.7,115.15,109.6,122.16,6.066666666666677,2.7154665900802617,7831400,False,False
BELI.JK,260.0,263.3333333333333,264.0,262.6,258.7,267.56,316.94,4.430000000000007,1.896011529979753,751900,True,False
BEKS.JK,22.0,23.0,23.2,23.3,22.35,21.5,23.47,1.8000000000000007,4.059336743454746,8174100,False,False
BEER.JK,81.0,81.0,80.4,78.8,76.85,78.56,99.56,4.150000000000006,5.0330422242805035,17225200,False,False
BEEF.JK,474.0,478.6666666666667,477.6,447.8,423.0,299.88,249.6,89.39333333333335,5.2028068068199484,6580200,False,False
BDMN.JK,4270.0,4290.0,4294.0,4262.0,4237.0,4113.6,3946.2257983398435,18.039999999999964,2.23299111892456,2424800,False,False
BDKR.JK,160.0,161.66666666666666,161.0,161.5,160.5,148.7560662841797,149.05284248352052,12.910600382486962,1.6161770422774355,7365900,False,False
BCIP.JK,63.0,64.33333333333333,64.2,63.4,63.25,61.2,65.03,3.1333333333333258,1.734253506337064,11748100,True,False
BCIC.JK,130.0,130.0,130.0,129.4,127.9,125.66,123.33,4.340000000000003,1.6121231189251732,846200,True,False
BCAP.JK,50.0,50.0,50.0,50.0,50.0,50.04,50.79,0.03999999999999915,0.0,353000,True,False
BBYB.JK,252.0,254.0,252.8,253.8,253.1,238.84,264.8,7.579999999999998,1.7560834452549845,20078900,False,False
BBTN.JK,1210.0,1213.3333333333333,1211.0,1215.0,1215.25,1201.2,1255.35,2.8099999999999907,1.0962081495443472,9452100,True,False
BBSS.JK,101.0,103.33333333333333,104.8,104.2,99.8,97.96,126.01,6.840000000000003,2.2572905777436127,889300,False,False
BBSI.JK,4660.0,4670.0,4670.0,4666.0,4673.0,4674.0,4636.1,1.4,1.0611166113325723,100,True,False
BBRM.JK,115.0,115.33333333333333,115.2,115.5,115.5,113.36,124.43,2.1400000000000006,1.1533427353882393,4310000,True,False
BBRI.JK,3180.0,3183.3333333333335,3142.0,3125.0,3067.5,2950.2,3014.708322753906,23.313333333333368,1.4752543229619164,151200300,False,False
BBNI.JK,3680.0,3666.6666666666665,3630.0,3617.0,3588.5,3512.6,3616.4,16.74000000000001,1.7929358666843649,33072400,False,False
BBMD.JK,1995.0,1965.0,1974.0,1999.0,1994.0,1963.5750219726563,1944.202724609375,7.084995605468748,1.5167311441229885,30500,False,False
BBLD.JK,675.0,680.0,666.0,632.0,618.5,582.9,623.0095080566406,19.420000000000005,5.188897386691283,114200,False,False
BBKP.JK,55.0,55.666666666666664,55.4,55.4,54.4,53.3,56.47,2.366666666666667,1.4713083057800007,72649100,True,False
BBHI.JK,905.0,905.0,905.0,904.0,909.0,920.7346154785156,1015.426489868164,3.3469230957031186,0.31374540807325163,28206100,True,False
BBCA.JK,6400.0,6416.666666666667,6370.0,6360.0,6357.5,6232.0,6163.0,7.386666666666679,0.8599432254827468,81295600,False,False
BAYU.JK,1280.0,1268.3333333333333,1256.0,1219.5,1188.0,1158.5,1182.5462878417968,24.3,1.7073118479524123,176400,False,False
BAUT.JK,36.0,37.333333333333336,37.4,36.4,33.6,29.98,30.5,7.419999999999998,4.604210009749904,6725000,False,False
BATR.JK,96.0,97.33333333333333,97.4,95.5,93.8,89.53632186889648,88.54804626464843,7.863678131103526,2.4765138021925304,1410400,False,False
BATA.JK,59.0,59.0,59.0,59.0,59.0,59.3,61.21,0.29999999999999716,0.0,0,True,False
BAPI.JK,19.0,19.0,19.0,19.2,18.9,17.34,21.07,1.8599999999999994,5.933538764478434,3337500,False,False
BAPA.JK,143.0,145.0,144.8,146.6,157.05,226.4,215.76,83.4,2.590374093529324,7480300,False,False
BANK.JK,270.0,272.0,271.2,270.8,274.5,277.08,364.28,3.539999999999992,1.198702726312248,2196000,True,False
BALI.JK,1265.0,1261.6666666666667,1269.0,1239.5,1231.25,1239.6,1252.75,7.55,2.553001737771351,12500,False,False
BAJA.JK,258.0,272.6666666666667,301.2,331.6,311.85,222.98,186.35,54.31000000000002,4.6033992934207975,11073600,False,False
BAIK.JK,300.0,305.3333333333333,317.6,412.7,585.35,629.84,575.44,164.92000000000002,6.890502176744404,0,False,False
BACA.JK,117.0,117.0,117.0,116.8,116.3,111.44,120.45,5.560000000000002,1.202401556241313,1810300,True,False
BABY.JK,212.0,219.33333333333334,217.2,219.7,203.65,191.0,198.76,14.349999999999994,10.750258911121776,3659700,False,False
BABP.JK,50.0,50.0,50.0,50.0,50.0,50.0,50.66,0.0,0.0,75300,True,False
AYLS.JK,151.0,153.33333333333334,154.8,155.9,156.15,148.66,158.38,7.490000000000009,1.58783066991731,1922600,False,False
AYAM.JK,478.0,488.0,481.6,468.4,449.0,393.92,360.2,47.03999999999999,2.6560682897040007,14404600,False,False
AXIO.JK,119.0,115.33333333333333,114.4,113.6,112.8,110.46,109.91247665405274,8.540000000000006,2.0513957629987623,11356500,False,False
AWAN.JK,164.0,167.33333333333334,165.4,161.8,159.55,150.8,150.57,16.53333333333333,3.092551899409198,1246300,False,False
AVIA.JK,352.0,352.0,351.2,341.4,332.5,324.96,341.39806579589845,13.52000000000001,1.484277793660379,9159700,False,False
AUTO.JK,3100.0,3023.3333333333335,2986.0,2908.0,2825.0,2616.8,2571.565451660156,48.31999999999998,1.119423359806724,6633700,False,False
ATLA.JK,50.0,50.0,50.0,50.0,50.0,50.028708877563474,50.424173278808595,0.02870887756347429,0.0,299200,True,False
ATIC.JK,470.0,468.6666666666667,466.8,464.0,467.1,472.04,494.39,4.02000000000001,1.7029254841153436,133700,True,False
ATAP.JK,595.0,603.3333333333334,611.0,604.0,586.25,524.22,487.27,17.355999999999995,3.4211630239742776,1165600,False,False
ASSA.JK,625.0,636.6666666666666,640.0,632.5,621.75,612.6765625,668.7640625,5.464687499999991,1.5384949638931138,11708500,True,False
ASRM.JK,270.0,270.0,270.0,269.6,267.0,255.96,265.781350402832,7.019999999999996,0.8522352860850417,3800,False,False
ASRI.JK,123.0,126.0,127.6,124.5,122.0,117.75184204101562,121.03710487365723,9.848157958984373,3.0629784373840288,15101900,False,False
ASPR.JK,150.0,156.0,157.4,156.2,152.1,156.14676788330078,213.84207244873048,7.400000000000006,3.7104103269055133,29737500,False,False
ASPI.JK,380.0,383.3333333333333,384.4,398.0,404.0,401.06,403.57,12.0,1.3273339562042301,1150600,False,False
ASMI.JK,16.0,16.333333333333332,16.2,16.5,16.45,16.24,17.09,0.5,4.953921908165593,12416400,False,False
ASLI.JK,240.0,243.33333333333334,245.2,221.8,209.35,208.26,255.29,18.47,9.635673339863759,28863400,False,False
ASLC.JK,70.0,65.33333333333333,63.8,63.3,63.35,62.04,67.3,7.960000000000001,3.8255317074860082,117587200,False,False
ASJT.JK,159.0,161.33333333333334,159.8,156.7,155.95,158.12,168.34305557250977,5.383333333333354,2.1242863611863614,166700,True,False
ASII.JK,4790.0,4786.666666666667,4776.0,4819.0,4924.0,4875.8,5242.796079101562,14.8,1.1460063305784511,35455200,False,False
ASHA.JK,59.0,59.666666666666664,59.8,59.7,58.7,57.08,63.56,2.719999999999999,2.287063360574709,12904200,True,False
ASGR.JK,1915.0,1828.3333333333333,1808.0,1791.5,1815.75,1729.6,1634.3017639160157,37.08000000000002,2.289874762733335,2636800,False,False
ASDM.JK,510.0,510.0,511.0,511.5,511.15,508.19067810058596,514.4088876342773,0.6618643798828089,0.8908932677863761,22500,True,False
ASBI.JK,416.0,414.6666666666667,412.8,413.6,419.1,416.9549560546875,411.1875747680664,3.1500000000000057,1.823584361242957,700,True,False
ARTO.JK,1005.0,1040.0,1066.0,1148.5,1196.5,1130.3,1181.95,38.3,2.627724760076082,17219500,False,False
ARTA.JK,2220.0,2270.0,2274.0,2324.0,2393.0,2432.4,2499.55,21.24000000000001,1.6129613317801783,1200,False,False
ARNA.JK,490.0,490.6666666666667,491.2,495.0,493.9,468.56,470.17449462890625,13.219999999999999,0.43387486139149967,2040300,False,False
ARKO.JK,5175.0,5191.666666666667,5295.0,5255.0,4952.75,5071.9,6320.55,13.69,6.774965657734941,5078400,False,False
ARKA.JK,22.0,22.0,22.0,22.0,22.0,22.42,26.49,0.4200000000000017,0.0,0,True,False
ARII.JK,294.0,288.6666666666667,286.8,283.4,278.9,278.08,279.16,7.960000000000008,1.4897967874454487,77900,False,False
ARGO.JK,1135.0,1148.3333333333333,1150.0,1158.5,1167.75,1051.2,989.15,23.30999999999999,1.42006103411006,53300,False,False
AREA.JK,338.0,298.0,287.6,282.2,280.6,258.08,272.9,39.96000000000001,6.5896398277118795,15868300,False,False
ARCI.JK,1440.0,1401.6666666666667,1365.0,1298.5,1199.0,1091.4,1225.8187036132813,69.71999999999998,3.5807551888154334,65488700,False,False
APLN.JK,141.0,143.33333333333334,142.4,134.4,129.8,125.74,145.57,17.593333333333348,3.531480062217809,44542900,False,False
APLI.JK,268.0,270.0,267.2,262.4,255.8,251.32,235.37838409423827,9.340000000000003,1.8787506618265295,291600,False,False
APII.JK,189.0,189.0,188.8,188.9,187.4,182.97054931640625,182.66626373291015,6.029450683593751,1.566351249392282,30200,False,False
APIC.JK,535.0,541.6666666666666,534.0,549.5,592.75,622.3,975.85,17.65999999999999,3.9478079203526013,385079500,False,False
APEX.JK,189.0,191.66666666666666,188.2,180.2,169.15,147.02,159.66,44.64666666666665,3.993498650362618,16452300,False,False
ANTM.JK,3190.0,3166.6666666666665,3126.0,3102.0,3026.5,2944.0147802734373,3090.022912597656,24.598521972656272,2.035250052632963,114351200,False,False
ANJT.JK,1610.0,1593.3333333333333,1554.0,1528.0,1495.75,1486.7,1569.1,24.65999999999999,1.8528800869553885,101000,False,False
ANDI.JK,16.0,16.666666666666668,16.8,17.4,17.35,17.54,19.94,1.5399999999999991,2.412552787619837,5702100,True,False
AMRT.JK,1415.0,1410.0,1397.0,1387.5,1369.25,1382.57,1373.2611364746094,9.15,2.579129500301476,27292400,False,False
AMOR.JK,358.0,356.6666666666667,357.2,358.0,355.0,338.96,342.84,9.52000000000001,0.6169292754859068,22300,False,False
AMMS.JK,188.0,177.0,173.4,178.8,215.9,278.36,330.88,104.96000000000001,5.24927505119924,2273300,False,False
AMMN.JK,4500.0,4483.333333333333,4368.0,4332.0,4254.0,3901.0,4131.2,59.9,3.3186609005446317,64829200,False,False
AMIN.JK,240.0,240.0,240.8,243.4,243.9,245.92,247.14,2.9599999999999937,0.5691559541549451,17300,True,False
AMFG.JK,3330.0,3330.0,3330.0,3328.0,3315.0,3137.0970849609375,3111.9534545898437,19.290291503906246,0.7734017184229338,1000,False,False
AMAR.JK,228.0,230.0,228.4,223.21999816894532,217.81094360351562,204.97756744384765,195.78775955200194,12.511216278076176,1.601433928741125,417200,False,False
AMAN.JK,232.0,234.66666666666666,236.8,240.0,246.1,255.6,264.04,11.799999999999997,0.8808208300714009,364600,False,False
AMAG.JK,388.0,388.0,388.8,388.6,387.9,390.44,395.4612567138672,1.2700000000000102,0.3800706330063581,62100,True,False
ALKA.JK,4580.0,4393.333333333333,3898.0,3152.0,2442.75,1353.1,989.02,322.69,9.273174014767935,0,False,False
ALII.JK,795.0,808.3333333333334,810.0,801.5,779.75,759.9682690429687,799.1897381591797,10.00634619140626,2.2858928668117398,895100,False,False
ALDO.JK,925.0,926.6666666666666,921.0,904.0,862.25,772.7571789550781,703.7484521484375,30.78189754231771,4.37200985820455,30300,False,False
AKSI.JK,238.0,232.66666666666666,230.8,230.8,231.6,221.76,247.84,8.120000000000005,1.8955919398742187,2505000,False,False
AKRA.JK,1390.0,1388.3333333333333,1394.0,1396.5,1409.56826171875,1320.10376953125,1326.0987243652344,17.89289843749998,0.9062612215985028,8995500,False,False
AKPI.JK,505.0,510.0,508.0,506.5,504.05,493.26,501.0530453491211,3.3480000000000016,1.1433902893807164,108400,True,False
AKKU.JK,38.0,38.0,38.0,38.0,38.0,38.0,38.0,0.0,0.0,0,True,False
AISA.JK,121.0,121.0,121.0,119.7,119.2,109.36,113.48,11.64,1.1998705776659495,3531200,False,False
AIMS.JK,382.0,384.6666666666667,386.4,389.0,389.5,396.56,408.28,7.280000000000001,1.7924512516782825,84500,False,False
AHAP.JK,98.0,101.33333333333333,103.6,98.9,95.85,92.42,97.34,11.179999999999993,4.152690535311887,25602900,False,False
AGRS.JK,61.0,61.333333333333336,61.2,61.0,61.25,61.1,64.11,0.3333333333333357,1.719928736420602,7663200,True,False
AGRO.JK,150.0,151.66666666666666,151.2,150.2,148.0,146.98,160.01,4.686666666666667,1.3305580436579862,5377300,True,False
AGII.JK,2780.0,2843.3333333333335,2874.0,2889.0,2920.5,2852.60248046875,2921.6297387695313,14.05,1.233217413007845,565100,False,False
AGAR.JK,1810.0,1810.0,1810.0,1528.0,1130.75,631.5,432.17,235.7,12.297764440232122,0,False,False
AEGS.JK,44.0,42.333333333333336,42.2,41.8,42.2,40.76,44.62,3.240000000000002,4.4036854925408795,18045000,False,False
ADRO.JK,2630.0,2580.0,2574.0,2545.0,2521.5,2428.0,2400.586071777344,20.2,1.545697858525091,52533200,False,False
ADMR.JK,1680.0,1681.6666666666667,1671.0,1638.5,1585.5,1523.9,1612.8813037109376,31.55333333333333,3.095492330948888,39371200,False,False
ADMG.JK,258.0,257.3333333333333,257.6,258.2,241.5,219.74,211.71,19.22999999999999,3.5069428945765417,424300,False,False
ADMF.JK,8725.0,8666.666666666666,8660.0,8650.0,8600.0,8308.5,8339.415361328125,16.66,0.72043856582141,64300,False,False
ADHI.JK,133.0,134.66666666666666,137.0,140.7,148.4,155.02,169.1,22.02000000000001,1.2137256576658726,0,False,False
ADES.JK,32750.0,32833.333333333336,32835.0,32867.5,33988.75,32950.0,26245.75,49.55,1.8144926177832816,21100,False,False
ADCP.JK,50.0,50.0,50.0,50.0,50.0,50.0,50.32,0.0,0.0,0,True,False
ACST.JK,86.0,84.66666666666667,85.0,85.8,85.2,80.54,85.51,5.459999999999994,1.8360575744370549,369700,True,False
ACRO.JK,63.0,63.0,62.8,62.6,61.6,60.797500457763675,63.648744621276855,2.2024995422363247,1.1894976484756368,2739100,True,False
ACES.JK,362.0,361.3333333333333,360.0,358.0,356.3,346.91200256347656,338.58941528320315,7.543998718261719,1.3470381536926181,23666600,False,False
ABMM.JK,2720.0,2720.0,2706.0,2686.0,2625.5,2485.2,2603.396640625,23.480000000000018,0.6405196820248646,596900,False,False
ABDA.JK,3810.0,3810.0,3810.0,3820.0,3678.0,3493.0,3285.7,32.7,0.2058792576578994,400,False,False
ABBA.JK,30.0,30.0,30.0,30.0,30.0,30.68,35.02,0.6799999999999997,0.0,0,True,False
AALI.JK,8000.0,7966.666666666667,7870.0,7557.5,7238.75,6620.5,6994.368500976562,55.18,1.983716638358558,3744900,False,False
AADI.JK,10250.0,9983.333333333334,9880.0,9562.5,9315.0,8697.0,8903.97638671875,62.12,2.4055102507218677,14031000,False,False
