Ticker,Close,MA3,MA5,MA10,MA20,MA50,MA100,Range_Ticks,Vol_Pct,Volume,MA_Tight,Signal
ZYRX.JK,125.0,128.33333333333334,128.6,128.6,128.6,129.8,135.82491073608398,4.800000000000011,1.675340602969595,2971000,True,False
ZONE.JK,630.0,548.3333333333334,532.0,523.5,539.25,456.02331481933595,411.59394134521483,34.79533703613281,8.03909202596941,1125700,False,False
ZINC.JK,30.0,30.0,30.0,30.0,30.0,30.0,30.41,0.0,0.0,0,True,False
YUPI.JK,1305.0,1311.6666666666667,1312.0,1318.5,1319.5,1368.53375,1437.337110595703,12.70675000000001,0.8112588048465285,29100,False,False
YULE.JK,3500.0,3456.6666666666665,3414.0,3388.0,3334.0,3346.2,3341.7160205078126,16.6,1.9321896559509217,24100,False,False
YPAS.JK,580.0,586.6666666666666,594.0,596.5,601.5,640.2,869.75,12.04000000000001,1.246361182273018,125500,False,False
YOII.JK,83.0,84.66666666666667,85.2,85.8,86.0,83.82,91.17,3.0,0.9623477079890984,3094100,True,False
YELO.JK,78.0,78.66666666666667,78.8,76.6,73.55,74.58,88.86,5.25,3.46244822065818,18497200,True,False
WTON.JK,74.0,75.0,75.4,74.7,72.7,75.01526763916016,81.91017623901367,2.700000000000003,1.0613265306073443,1219600,True,False
WSBP.JK,14.0,14.0,14.0,14.0,13.95,14.5,16.62,0.5500000000000007,0.0,0,True,False
WOWS.JK,58.0,60.0,60.0,60.1,58.5,59.14,66.55,2.1000000000000014,2.503291225720177,9307400,True,False
WOOD.JK,248.0,224.66666666666666,215.2,207.0,205.3,227.52,268.94,21.349999999999994,7.083539201732898,17089400,False,False
WOMF.JK,250.0,250.0,251.6,252.2,248.1,259.64,278.8580438232422,5.769999999999996,1.1771389797198153,48500,True,False
WMUU.JK,52.0,53.0,53.8,51.9,50.95,52.46,61.56,2.8499999999999943,7.418726047904708,125779700,False,False
WIRG.JK,56.0,57.333333333333336,57.8,55.4,53.65,56.7,68.69,4.149999999999999,3.4547940266941373,40022000,True,False
WINS.JK,520.0,511.6666666666667,511.0,519.5,525.5,513.1253405761719,515.8703048706054,2.9,1.5605658223193957,1444300,True,True
WINR.JK,20.0,20.666666666666668,20.4,20.5,21.05,22.48,27.49,2.4800000000000004,5.057324297546593,29637800,False,False
WINE.JK,149.0,149.0,150.2,149.4,149.1,153.11848205566406,166.51148788452147,4.11848205566406,1.6899896537206072,99300,True,False
WIIM.JK,1585.0,1595.0,1601.0,1598.5,1576.0,1593.7072900390624,1682.8348120117187,5.0,1.1844251646699133,678200,True,False
WIFI.JK,2010.0,1993.3333333333333,2018.0,1980.5,1824.7841552734376,1804.3018334960936,2043.8568884277345,21.369816650390636,4.8009052154257725,18039000,False,False
WIDI.JK,25.0,27.0,28.0,27.2,26.4,26.04,28.94,3.0,5.15958371780113,20874300,False,False
WGSH.JK,133.0,131.0,130.8,137.4,134.35,121.96,119.06,15.440000000000012,4.510300220379449,20181800,False,False
WEHA.JK,104.0,104.33333333333333,105.2,103.7,101.6,108.08413223266602,116.12305809020997,6.484132232666028,1.5744833012132073,3033700,False,False
WEGE.JK,50.0,50.0,50.0,50.0,50.0,50.28,54.06,0.28000000000000114,0.0,400400,True,False
WAPO.JK,120.0,121.0,121.2,119.6,114.05,114.94,125.14,7.150000000000006,0.9835341385481206,579800,False,False
VTNY.JK,65.0,65.33333333333333,65.8,64.6,60.55,60.18,65.36,5.619999999999997,5.015761584952936,15843200,False,False
VRNA.JK,76.0,76.33333333333333,76.4,75.9,74.75,75.12,76.48,1.6500000000000057,1.6682480937142001,14700,True,False
VOKS.JK,196.0,198.0,197.8,197.3,196.9,201.44,208.85,5.439999999999998,1.0467940597634262,73000,True,False
VKTR.JK,800.0,793.3333333333334,802.0,761.0,642.9,653.86,758.63,31.820000000000004,6.077905060587172,114348500,False,False
VIVA.JK,38.0,38.666666666666664,37.8,35.3,34.15,33.94,37.36,4.726666666666667,6.166675509822158,13381500,False,False
VISI.JK,885.0,893.3333333333334,895.0,894.0,918.5,928.8,796.9,8.759999999999991,2.066141592150813,614500,False,False
VINS.JK,138.0,138.33333333333334,138.8,139.7,137.85,137.74,152.35,1.9599999999999795,1.006762320746325,39800,True,False
VICO.JK,141.0,140.33333333333334,140.6,138.2,135.6,138.72,150.42,5.400000000000006,1.3365144364259707,28200,True,False
VICI.JK,590.0,591.6666666666666,596.0,603.5,609.5,579.3454461669921,577.4679501342773,6.030910766601574,1.0326418545618579,1856800,False,False
VERN.JK,193.0,198.33333333333334,199.0,200.1,171.2,144.72,133.06,55.379999999999995,7.6210954188106115,2663900,False,False
VAST.JK,119.0,117.0,117.4,116.7,115.4,116.92,119.46,3.5999999999999943,1.4114671772349805,1268600,True,False
UVCR.JK,154.0,149.33333333333334,150.8,144.3,136.6,171.90946899414064,166.34648071289064,35.309468994140644,4.0618790212963125,134818400,False,False
URBN.JK,222.0,223.33333333333334,224.8,228.6,220.3,206.36,194.82,11.11999999999999,2.8161762956058363,347600,False,False
UNVR.JK,1680.0,1681.6666666666667,1692.0,1692.5,1723.0,1659.6646899414063,1700.9074975585938,12.667062011718736,1.0803163024643168,6492500,False,False
UNTR.JK,25400.0,25466.666666666668,25610.0,26262.5,25050.0,23885.0,26579.90216796875,95.1,2.34437375273432,2856500,False,False
UNTD.JK,80.0,79.33333333333333,79.2,77.3,75.3,73.12,78.52,6.8799999999999955,1.9148233492115998,11966800,False,False
UNSP.JK,206.0,206.0,206.0,206.0,205.6,228.32,283.76,11.36,0.0,0,False,False
UNIQ.JK,110.0,110.66666666666667,112.2,109.9,106.4,103.58,119.33,8.620000000000005,2.426718159239584,4304500,False,False
UNIC.JK,12750.0,12716.666666666666,12745.0,12662.5,12570.0,12567.4126171875,11439.137822265626,7.303495312500018,1.065858753483273,10500,False,False
ULTJ.JK,1355.0,1385.0,1401.0,1412.5,1381.75,1416.7,1495.25,12.340000000000009,1.6475972358634203,1636500,False,False
UFOE.JK,138.0,136.0,138.0,136.5,135.75,136.34,143.7,2.25,3.093490591637107,207600,True,False
UDNG.JK,1190.0,1203.3333333333333,1228.0,1269.0,1277.25,1316.4,1323.45,25.28000000000002,2.3918945946516166,833100,False,False
UCID.JK,386.0,388.0,386.0,383.0,375.9,375.39837646484375,389.41486206054685,6.300811767578125,1.4069903212294144,1034400,False,False
UANG.JK,2310.0,2373.3333333333335,2412.0,2417.0,2357.25,2350.6,3064.2,10.7,2.693244196344176,140100,False,False
TYRE.JK,111.0,113.33333333333333,113.2,113.7,112.25,109.3,112.74,4.400000000000006,2.6264975834864535,342100,True,False
TUGU.JK,1205.0,1218.3333333333333,1224.0,1239.0,1222.0,1169.9,1173.5006799316407,13.819999999999983,1.2010191828422576,610600,False,False
TSPC.JK,2700.0,2700.0,2658.0,2607.0,2543.5,2474.0,2489.5,22.6,1.4350964073883024,224500,False,False
TRUS.JK,404.0,408.6666666666667,414.4,431.6,448.62644653320314,334.3206628417969,344.3528952026367,57.152891845703124,2.0120296485661693,39100,False,False
TRUK.JK,414.0,416.6666666666667,418.0,419.0,418.7,405.56,406.73,6.719999999999999,1.5269761875240362,241900,False,False
TRUE.JK,50.0,50.0,50.0,50.0,50.0,69.9,118.0,19.900000000000006,0.0,0,False,False
TRST.JK,470.0,472.6666666666667,474.4,479.2,478.15416412353517,467.0387432861328,464.6860330200195,6.080628356933602,0.8235136173792585,131200,False,False
TRON.JK,111.0,111.33333333333333,116.2,108.7,102.75,97.42,119.43,18.78,10.13683767847529,25584600,False,False
TRJA.JK,108.0,109.0,111.0,112.0,110.15,113.34,124.03,5.340000000000003,2.2035148929581743,305800,True,False
TRIS.JK,170.0,167.66666666666666,167.2,165.9,163.2,163.98,169.56347717285155,6.800000000000011,1.210833212966335,1561500,False,False
TRIN.JK,326.0,345.3333333333333,349.6,336.8,336.3,395.0,581.55,34.5,4.504338589611267,4671600,False,False
TRIM.JK,585.0,583.3333333333334,575.0,569.5,569.7,536.2451977539063,541.1667660522461,9.750960449218747,1.3311997394604078,60000,False,False
TRGU.JK,160.0,162.0,163.0,163.0,164.35,171.34,178.79,11.340000000000003,1.0748995104113706,32100,False,False
TPMA.JK,446.0,450.6666666666667,452.8,448.6,443.1,441.08,513.09,5.860000000000014,1.2049984660340916,900500,True,False
TPIA.JK,2090.0,2120.0,2178.0,2067.5,1932.25,2009.639072265625,3770.918435058594,24.575,4.042094685678744,280587700,False,False
TOWR.JK,406.0,407.3333333333333,409.2,401.0,385.2,378.6631811523437,428.059387512207,15.268409423828132,2.139886283732348,39159600,False,False
TOTO.JK,242.0,242.66666666666666,243.6,242.4,238.8,234.61254028320312,245.41787643432616,4.493729858398439,1.0398092443837965,163200,True,False
TOTL.JK,1050.0,1056.6666666666667,1060.0,1054.0,1047.75,1050.716455078125,1030.7896490478515,2.45,0.8764260484690076,542300,True,False
TOSK.JK,68.0,67.33333333333333,67.6,66.8,63.3,59.22,62.56,8.780000000000001,2.2889428420526032,8944500,False,False
TOOL.JK,66.0,66.0,66.8,67.5,65.45,64.8,66.87,2.700000000000003,2.8041958407337044,16855800,True,False
TOBA.JK,464.0,474.6666666666667,478.0,471.2,426.0,418.96,509.1217028808594,29.52000000000001,3.712892931265728,5086100,False,False
TNCA.JK,166.0,152.0,148.0,142.6,139.15,146.7,166.97,26.849999999999994,4.419844825971697,22277800,False,False
TMPO.JK,114.0,108.0,107.2,105.9,103.15,106.46,117.48,10.849999999999994,3.2253656230219625,19330500,False,False
TMAS.JK,120.0,119.33333333333333,120.0,119.2,116.85,115.52537826538087,119.5244539642334,4.474621734619134,1.8254797270965053,1541000,True,True
TLKM.JK,2590.0,2623.3333333333335,2664.0,2630.0,2551.5,2614.34904296875,2733.4719702148436,11.25,2.289117110328579,60467000,False,False
TLDN.JK,525.0,528.3333333333334,527.0,521.0,515.5,516.54,564.0973321533203,2.5666666666666744,1.3596098094940126,737400,True,False
TKIM.JK,6225.0,6075.0,6075.0,5970.0,5704.493017578125,5785.73064453125,7389.129116210937,20.820279296875015,3.583998151773904,5197900,False,False
TIRT.JK,590.0,590.0,590.0,590.0,593.0,526.8,609.68,13.240000000000009,0.0,0,False,False
TIRA.JK,510.0,515.0,514.0,510.5,536.5,592.2,770.05,16.44000000000001,1.6311884748091612,34300,False,False
TINS.JK,3440.0,3520.0,3546.0,3542.0,3461.5,3345.1097607421875,3490.39158203125,20.089023925781248,2.6529831787605977,18863200,False,False
TIFA.JK,266.0,268.0,277.6,258.2,241.7,271.1964190673828,306.98149444580076,17.950000000000017,8.729552278941902,22800,False,False
TGKA.JK,4840.0,4866.666666666667,4878.0,4849.0,4831.0,4774.21140625,4699.624638671875,10.378859374999957,1.9399237355487087,600,False,False
TFCO.JK,775.0,755.0,751.0,754.0,706.5,652.3,725.8,24.54000000000001,5.364788935060669,12100,False,False
TFAS.JK,210.0,192.66666666666666,187.4,183.5,188.15,196.96,210.32,13.25,5.013263687910652,14425800,False,False
TEBE.JK,1045.0,1063.3333333333333,1080.0,1047.5,1022.0,1013.8,1137.3935034179688,13.240000000000009,3.100023754248129,900600,False,False
TCPI.JK,5350.0,5500.0,5585.0,5712.5,6164.673120117188,8234.0837890625,10038.11634765625,115.36335156250003,2.7070100213288577,4557800,False,False
TCID.JK,2780.0,2773.3333333333335,2770.0,2756.0,2772.5,2788.4,2812.4,3.240000000000009,1.4284691670826049,3000,True,False
TBMS.JK,1200.0,1208.3333333333333,1214.0,1222.0,1215.0,1222.42380859375,1261.772177734375,4.484761718749996,0.9004468534398503,4900,True,False
TBLA.JK,635.0,643.3333333333334,644.0,642.0,627.75,596.5676361083985,616.0793984985352,9.486472778320309,0.7738565096084431,1370500,False,False
TBIG.JK,1420.0,1395.0,1402.0,1417.5,1417.0,1399.8074267578124,1504.4139440917968,5.0,1.5363598997043122,1176400,True,False
TAYS.JK,50.0,50.0,50.0,50.0,50.0,50.98,57.61,0.9799999999999969,0.0,0,True,False
TAXI.JK,13.0,13.0,12.8,12.6,12.4,13.54,15.03,1.1399999999999988,5.9388641494390155,12762300,False,False
TARA.JK,31.0,31.333333333333332,31.0,31.5,30.35,29.54,30.84,1.9600000000000009,5.1955696372754785,30900,False,False
TAPG.JK,1755.0,1735.0,1689.0,1630.5,1578.5,1508.3002734375,1610.3377490234375,49.33994531250001,1.7434484903867766,16217300,False,False
TAMU.JK,21.0,21.333333333333332,20.6,20.0,19.15,19.96,25.5,2.1833333333333336,5.176022212088635,3019200,False,False
TAMA.JK,254.0,220.66666666666666,207.8,193.8,173.15,175.1,163.03,40.425,8.657816921004747,40251200,False,False
TALF.JK,600.0,605.0,607.0,608.0,598.9640350341797,655.9585900878906,654.4815698242187,11.398911010742177,1.3197152471221947,157600,False,False
SWID.JK,100.0,101.66666666666667,103.0,97.2,93.55,91.79219604492188,97.2356990814209,11.20780395507812,10.22374002868904,1601900,False,False
SURI.JK,72.0,69.66666666666667,68.8,67.8,65.1,64.86,68.2,7.140000000000001,1.7202826004671312,16812700,False,False
SURE.JK,2770.0,2766.6666666666665,2748.0,2753.0,2771.0,2785.6,2742.1,3.759999999999991,1.3992129652831475,1900,True,False
SUPA.JK,605.0,598.3333333333334,600.0,592.5,572.5,656.9,770.6,16.879999999999995,1.9112497777509154,9499100,False,False
SUNI.JK,685.0,668.3333333333334,648.0,629.5,618.4804992675781,630.1682763671874,668.9037414550781,13.303900146484375,3.4847167698624575,1110000,False,False
SULI.JK,89.0,88.66666666666667,92.6,85.8,81.3,81.92,92.52,11.299999999999997,12.21971659791942,5134900,False,False
STTP.JK,9775.0,9925.0,9895.0,9822.5,9968.75,9801.5,9866.0,7.75,2.065903943633143,1000,False,False
STRK.JK,68.0,67.33333333333333,68.2,69.3,68.9,74.7,94.35,7.366666666666674,2.162092047301377,5673700,False,False
STAR.JK,278.0,277.3333333333333,278.4,280.4,281.8,335.92,481.96,29.29333333333335,2.0100028612789806,26500,False,False
STAA.JK,1085.0,1075.0,1054.0,1032.5,1019.75,996.2234643554688,1072.4635009765625,17.755307128906246,1.534066657838221,4945400,False,False
SSTM.JK,386.0,394.6666666666667,404.4,397.4,390.9,426.56,546.08,20.28,4.084734264812161,1254700,False,False
SSMS.JK,965.0,948.3333333333334,941.0,926.5,854.25,824.0,1065.4231262207031,28.2,2.496437778781868,10888900,False,False
SSIA.JK,1620.0,1663.3333333333333,1714.0,1687.5,1590.75,1594.6622875976564,1526.6671716308595,24.65,5.8703535260233854,24670200,False,False
SRTG.JK,1760.0,1736.6666666666667,1744.0,1720.5,1643.25,1544.2095458984375,1582.6453466796875,43.15809082031251,2.2852338380451873,9336200,False,False
SRSN.JK,65.0,66.0,66.8,66.2,66.1,65.9,64.56,1.7999999999999972,1.7238608300588185,57463700,True,True
SRAJ.JK,11000.0,10966.666666666666,10980.0,11050.0,11027.5,11693.5,13325.75,29.07333333333336,2.5422129345636284,3200,False,False
SQMI.JK,68.0,69.66666666666667,70.2,67.2,59.0,49.36,53.99,20.840000000000003,7.900812023383574,14141100,False,False
SPTO.JK,590.0,596.6666666666666,597.0,592.5,582.0,554.8780651855469,577.2267504882813,8.424386962890617,0.9529175897077096,414900,False,False
SPRE.JK,93.0,89.33333333333333,86.4,84.7,82.4,78.56,85.02,14.439999999999998,2.3155582668544077,5014800,False,False
SPMA.JK,168.0,169.33333333333334,170.0,169.6,167.06922988891603,160.9507684326172,162.8753840637207,9.049231567382805,1.0289451617242873,2355400,False,False
SOUL.JK,37.0,37.0,37.0,37.0,37.0,38.16,47.15,1.1599999999999966,0.0,0,True,False
SOTS.JK,600.0,621.6666666666666,628.0,615.5,607.75,655.4,841.4,11.079999999999995,2.7954918342545323,214700,False,False
SOSS.JK,975.0,946.6666666666666,925.0,910.0,899.25,826.3,843.15,29.74000000000001,6.4093336501482305,3800,False,False
SONA.JK,2410.0,2413.3333333333335,2360.0,2308.0,2267.0,2180.0358984375,2180.3839404296873,23.32974348958337,1.685926662539208,900,False,False
SOLA.JK,107.0,107.33333333333333,107.4,106.4,103.45,104.38,114.53,3.950000000000003,1.7682638619440985,888200,True,False
SOHO.JK,1185.0,1195.0,1204.0,1201.0,1171.5,1263.2,1636.8,18.34000000000001,1.2160854528644836,18200,False,False
SOFA.JK,216.0,219.33333333333334,220.4,224.4,219.5,265.56,361.69,24.78,2.111322399650635,669500,False,False
SOCI.JK,424.0,428.0,410.0,386.2,356.1012908935547,349.8139367675781,429.473935546875,39.093031616210936,4.075257884971749,15917600,False,False
SNLK.JK,224.0,222.0,222.8,221.6,222.1,229.48,242.58,3.9399999999999977,2.1750894237755234,12998600,True,False
SMSM.JK,1720.0,1731.6666666666667,1743.0,1743.5,1700.0,1686.0,1730.3218225097655,11.5,0.6125770703278246,1055100,False,False
SMRA.JK,318.0,330.0,328.8,313.0,295.8,289.778512878418,308.65540420532227,20.110743560791008,2.7560577602651635,14634800,False,False
SMMT.JK,1820.0,1863.3333333333333,1846.0,1823.0,1808.25,1789.6,1721.0,14.74666666666667,2.7465448170229587,114400,False,False
SMMA.JK,20500.0,20533.333333333332,20560.0,20602.5,21107.5,20606.0,17716.25,24.3,1.0933771212687118,400,False,False
SMLE.JK,159.0,149.0,148.0,143.4,124.75,108.72,120.86,50.28,5.658102226113352,16946600,False,False
SMKM.JK,66.0,67.0,68.0,69.7,66.25,70.68,84.15,4.680000000000007,4.0693921743277714,3443300,False,False
SMKL.JK,145.0,142.33333333333334,141.2,138.8,135.6,137.97500091552735,149.56363906860352,9.400000000000006,1.7305968371327796,1069900,False,False
SMIL.JK,382.0,376.0,362.0,339.8,316.1,287.52,273.94,47.24000000000001,3.6186477235613577,49568200,False,False
SMGR.JK,1455.0,1475.0,1491.0,1485.0,1454.5,1570.5823046875,1966.6662841796874,23.216460937500006,1.7534272230281096,6304500,False,False
SMGA.JK,71.0,71.33333333333333,72.8,71.2,68.1,68.5,80.47,4.700000000000003,3.117059523035639,5263300,True,False
SMDR.JK,288.0,294.0,295.2,290.8,280.2819854736328,281.6569107055664,312.70805038452147,7.459007263183594,1.6732328995358776,6164100,False,False
SMDM.JK,560.0,568.3333333333334,571.0,569.5,567.0,540.32,582.61,6.13599999999999,1.0204815211548772,53000,False,False
SMBR.JK,160.0,162.0,163.2,158.6,154.2,157.09305389404298,188.7983888244629,9.0,2.6544830852330614,1848800,False,False
SMAR.JK,5550.0,5583.333333333333,5555.0,5485.0,5178.75,4912.620146484375,5105.07509765625,26.82852747395831,1.623889990406436,12000,False,False
SLIS.JK,63.0,62.333333333333336,62.8,61.7,60.05,63.72,74.54,3.6700000000000017,2.824155442600891,100841700,True,False
SKRN.JK,416.0,412.0,416.0,400.0,380.5,375.55714111328126,410.37170776367185,20.22142944335937,2.9606269075542615,130600,False,False
SKLT.JK,189.0,188.66666666666666,188.8,189.1,185.45,186.58,204.69143005371095,3.6500000000000057,2.00021195210262,7200,True,False
SKBM.JK,540.0,548.3333333333334,555.0,586.5,562.95,543.68,620.04,9.3,9.029128964084473,107700,False,False
SIPD.JK,690.0,695.0,692.0,688.5,693.0,737.5,876.6,9.8,0.9948967739198236,11100,False,False
SINI.JK,7700.0,7325.0,6900.0,6635.0,6721.719165039062,8685.37259765625,10804.686298828125,82.01490390624997,7.7856417563409455,2472800,False,False
SIMP.JK,575.0,583.3333333333334,575.0,563.5,542.4299987792969,531.4482116699219,593.5575555419922,10.3770243326823,2.145550201934652,11241200,False,False
SILO.JK,1995.0,2035.0,2071.0,2124.5,2155.25,2241.9,2429.25,49.38000000000002,1.1817131419425613,228100,False,False
SIDO.JK,370.0,372.0,374.0,378.8,375.7,381.68,439.09669921875,5.840000000000003,0.553288055861956,13133200,True,False
SICO.JK,109.0,112.0,112.4,110.3,106.85,106.36,117.24200019836425,6.040000000000006,2.325616128010431,2003000,False,False
SHIP.JK,1835.0,1771.6666666666667,1753.0,1730.0,1712.5,1687.6,2666.287053222656,29.480000000000018,1.8433850439940402,65700,False,False
SHID.JK,615.0,611.6666666666666,603.0,587.5,579.5,640.8,703.9,12.259999999999991,2.318566351940164,6800,False,False
SGRO.JK,3250.0,3273.3333333333335,3280.0,3201.0,2986.3252563476562,2787.1437109375,3864.595871582031,49.28562890624998,2.438802992714615,11800,False,False
SGER.JK,442.0,442.6666666666667,447.2,450.0,426.9,369.56,389.72,40.22,4.119352479976891,20374400,False,False
SFAN.JK,1950.0,1951.6666666666667,1952.0,1959.0,1965.5,1962.4,1947.25,3.1,0.24595399906047594,47600,True,False
SEMA.JK,96.0,95.66666666666667,95.6,95.0,93.0,96.46,103.62,3.4599999999999937,1.8357016030230335,282000,True,False
SDRA.JK,208.0,208.0,208.4,208.8,209.5,216.76,236.0,4.3799999999999955,1.5005222882662874,140800,True,False
SDPC.JK,181.0,181.33333333333334,181.2,181.4,181.15,179.53454559326173,184.1494563293457,1.8654544067382801,1.0588146314875186,62900,True,False
SDMU.JK,77.0,79.0,80.6,81.4,81.05,78.02,84.87,4.400000000000006,2.2929863318910133,14053800,True,False
SCNP.JK,159.0,156.33333333333334,158.2,155.4,151.3,148.12912811279296,159.16405670166014,10.870871887207045,3.2039341610520466,379800,False,False
SCMA.JK,200.0,202.0,204.8,205.6,205.95,206.86888763427734,228.47888504028322,6.868887634277343,2.1777525853858775,23380900,False,False
SCCO.JK,2280.0,2300.0,2298.0,2296.0,2255.0,2239.0413720703127,2245.229997558594,6.095862792968728,0.9917117646033856,5500,False,False
SBMA.JK,105.0,106.33333333333333,107.8,107.5,107.25,107.98,114.43,2.980000000000004,1.4326856427456347,33400,True,False
SATU.JK,268.0,270.0,270.8,272.0,272.8,268.4,265.0,2.4000000000000057,0.465058992358108,352600,True,False
SAPX.JK,226.0,218.66666666666666,216.8,214.4,210.35,212.32,234.04,7.825000000000003,1.6306782771202253,1773700,False,False
SAMF.JK,280.0,280.0,280.0,279.6,278.3,276.09427520751956,297.95968887329104,1.9528623962402207,1.061011856410455,27000,True,False
SAME.JK,300.0,299.3333333333333,299.2,302.6,314.5,317.32,327.7,9.060000000000002,1.0064496512744658,410200,False,False
SAGE.JK,33.0,33.333333333333336,33.8,34.4,30.0,28.7,30.19,5.699999999999999,5.891926522079745,1157500,False,False
SAFE.JK,376.0,377.3333333333333,372.8,369.8,353.3,333.56,354.14,21.886666666666656,1.6705953752285922,243900,False,False
RUNS.JK,67.0,67.33333333333333,68.0,68.2,69.1,73.78,81.13,6.780000000000001,3.451349456021904,636200,False,False
RUIS.JK,202.0,203.33333333333334,203.2,203.4,193.209375,183.594375,205.8771875,9.902812499999996,2.8252550853618543,773400,False,False
RSCH.JK,284.0,278.6666666666667,274.8,271.2,278.1,284.96,304.84,6.8799999999999955,4.000408930704182,27491400,False,False
ROTI.JK,590.0,598.3333333333334,603.0,607.0,607.75,584.2,627.4156518554687,4.709999999999991,1.2071673178592341,3541100,True,False
RONY.JK,1490.0,1421.6666666666667,1458.0,1352.0,1156.25,1116.6,1444.5,74.68000000000002,12.248920397152,73100,False,False
RODA.JK,61.0,61.666666666666664,62.2,63.2,59.55,58.72,63.07,4.480000000000004,1.5252244819515428,5163600,True,False
ROCK.JK,1780.0,1805.0,1824.0,1814.0,1776.5,1776.1,2113.45,9.580000000000018,2.427721712362597,34400,False,False
RMKO.JK,296.0,312.6666666666667,324.0,332.0,330.5,327.08,429.41,18.0,3.066933580457074,7452900,False,False
RMKE.JK,420.0,422.0,423.2,444.2,436.7,472.6155908203125,548.8917321777344,26.307795410156245,5.008010540152733,134719200,False,False
RLCO.JK,4780.0,4610.0,4312.0,3798.0,3492.0,3253.4,4476.05,152.66,5.237507889870586,1697600,False,False
RISE.JK,1025.0,1026.6666666666667,1041.0,1012.5,946.5,1060.3,1563.25,22.75999999999999,6.997049061520974,435500,False,False
RIGS.JK,680.0,688.3333333333334,686.0,687.0,683.75,679.1,687.3,1.8466666666666698,0.9971709426464452,700,True,False
RICY.JK,77.0,77.66666666666667,78.2,78.0,77.3,77.62,85.19,1.2000000000000028,1.7558635719330302,1480800,True,False
RGAS.JK,222.0,218.0,216.4,215.0,203.9,160.96625244140625,125.66538879394531,30.516873779296873,1.0818540175704205,6324300,False,False
RELI.JK,484.0,484.6666666666667,488.0,488.6,489.4,491.06,494.89,3.530000000000001,1.4666499017774968,1200,True,False
RELF.JK,36.0,36.333333333333336,36.8,36.0,34.8,35.06,37.34,2.0,3.5867862771416474,6924300,True,False
REAL.JK,51.0,51.666666666666664,51.2,50.6,50.29849967956543,50.35637535095215,52.21548328399658,1.3681669871012332,2.529192007160767,117294700,True,False
RDTX.JK,13600.0,13733.333333333334,13760.0,13725.0,13838.145703125,14415.1433984375,15116.87275390625,32.60573593749999,0.9747920200962361,200,False,False
RCCC.JK,90.0,97.66666666666667,95.4,92.6,89.85,91.94,102.26,7.816666666666677,5.673751042192861,1101300,False,False
RBMS.JK,67.0,67.0,67.0,66.4,61.95,61.68,58.69,5.32,7.678770794285018,12830300,False,False
RATU.JK,5000.0,4998.333333333333,5020.0,5055.0,5179.75,4845.74810546875,5355.197099609375,33.40018945312504,1.9885748639197045,4450800,False,False
RANC.JK,515.0,516.6666666666666,519.0,518.0,526.5,524.44,552.77,2.3,1.3154120704959482,21900,True,False
RALS.JK,382.0,382.6666666666667,383.2,382.4,378.1,380.26222229003906,394.08666931152345,2.549999999999983,0.4145542922470067,3736800,True,False
RAJA.JK,875.0,885.0,912.0,907.3,860.3872802734375,764.833203125,793.5520147705079,29.43335937500001,3.306607852950945,94789700,False,False
RAAM.JK,210.0,211.33333333333334,211.2,206.9,204.95,203.34,206.99,3.9966666666666697,3.6254503566654814,125300,True,False
PZZA.JK,185.0,185.33333333333334,186.4,186.1,184.25,185.66,193.3137141418457,2.1500000000000057,0.7929248064298878,99200,True,False
PYFA.JK,210.0,210.66666666666666,210.8,209.6,204.5,213.36,277.04,4.430000000000007,3.269664782223203,3227200,True,False
PWON.JK,262.0,268.6666666666667,269.6,267.2,259.1,259.2272552490234,289.9063690185547,5.25,1.6947781468111873,64665700,True,False
PURI.JK,135.0,137.0,138.8,137.5,135.95,135.58,149.25,3.8000000000000114,2.801054566397696,861400,True,False
PURA.JK,30.0,31.0,31.0,30.9,30.6,32.44,32.07,2.4399999999999977,4.015855934013465,2145000,False,False
PUDP.JK,302.0,302.0,301.6,298.8,294.7,300.1984533691406,313.4107113647461,3.6500000000000057,1.7626092686458577,35800,True,False
PTSP.JK,880.0,908.3333333333334,911.0,898.5,886.0,886.2,905.55,6.2,2.2416478792736005,18900,False,False
PTSN.JK,260.0,256.6666666666667,252.4,249.6,244.6,243.9880258178711,281.2432600402832,8.005987091064455,1.2255610116095614,237100,False,False
PTRO.JK,4710.0,4760.0,4688.0,4363.0,4117.5,4099.1,4712.75,66.08999999999996,3.686119175731753,56831100,False,False
PTPW.JK,1120.0,1123.3333333333333,1130.0,1137.5,1167.9703491210937,1069.7663500976562,1015.1544305419922,19.640799804687504,0.6517303990772789,14900,False,False
PTPS.JK,139.0,143.33333333333334,143.4,141.3,133.65,129.16,156.1,14.240000000000009,2.940745605273572,3110600,False,False
PTPP.JK,200.0,208.66666666666666,212.0,210.6,197.65,198.4,240.08,14.349999999999994,3.0174820380988603,5695600,False,False
PTMP.JK,65.0,63.0,63.0,62.5,59.8,59.56,63.49,5.439999999999998,2.876775302376365,551523900,True,True
PTIS.JK,270.0,269.3333333333333,268.4,269.2,270.4,283.84,293.4,7.719999999999999,1.381906528086212,30800,False,False
PTBA.JK,2360.0,2396.6666666666665,2408.0,2415.0,2375.5,2475.8013427734377,2628.932080078125,11.580134277343769,0.9578792367752699,10881400,False,False
PSSI.JK,318.0,324.0,326.0,322.2,303.2,296.9839739990234,319.5657653808594,14.50801300048829,2.1855906019265023,456500,False,False
PSKT.JK,212.0,212.0,213.6,204.6,195.05,196.78,229.29,9.274999999999991,3.3571755017293987,3088500,False,False
PSGO.JK,198.0,198.0,198.0,198.2,198.05,193.20303619384765,193.97350646972657,4.996963806152337,0.44106596323995756,60700,True,False
PSDN.JK,124.0,120.66666666666667,118.8,117.4,112.35,118.38,133.25,11.650000000000006,4.837886231745866,105186600,False,False
PSAT.JK,840.0,845.0,847.0,847.0,814.75,812.7,871.55,6.8599999999999905,1.9669227398791251,40500,False,False
PSAB.JK,430.0,428.6666666666667,430.8,426.4,413.8,408.0460015869141,416.67636535644533,11.376999206542962,1.4223622605310884,84571000,False,False
PRIM.JK,107.0,103.66666666666667,101.2,97.8,95.4,87.94,82.45,19.060000000000002,2.539348615830946,36483600,False,False
PRDA.JK,2360.0,2373.3333333333335,2380.0,2385.0,2450.0,2491.8,2429.719968261719,13.180000000000017,0.44459116947112265,187800,False,False
PRAY.JK,740.0,745.0,743.0,720.0,694.75,692.4,718.1,10.520000000000005,4.069192483681592,30100,False,False
PPRO.JK,16.0,16.666666666666668,17.0,17.1,17.15,16.18,21.82,1.1499999999999986,3.2826467983915566,12986800,True,False
PPRI.JK,150.0,149.66666666666666,151.4,151.5,144.85,144.86,168.55,6.650000000000006,1.6525560670915176,1572400,False,False
PPRE.JK,106.0,107.33333333333333,109.8,110.6,105.95,101.2,125.61,9.399999999999991,3.8078403382812125,20790500,False,False
PPGL.JK,212.0,216.66666666666666,214.0,210.8,206.9,197.56,203.11,9.553333333333327,2.115698987997949,515800,False,False
POWR.JK,725.0,730.0,729.0,724.0,715.25,705.8052392578124,696.9677642822265,4.838952148437511,0.847590034452439,1402800,True,True
PORT.JK,895.0,883.3333333333334,883.0,881.5,862.5,876.7,888.15,6.5,1.7047373649359123,1100,False,False
POLY.JK,32.0,32.0,32.0,32.0,32.0,32.0,33.06,0.0,0.0,0,True,False
POLU.JK,12000.0,12366.666666666666,12505.0,12797.5,12517.5,12213.5,13853.0,31.9,4.589497626930322,2600,False,False
POLI.JK,700.0,705.0,716.0,714.5,704.25,785.6,960.1,17.120000000000005,3.494486539848623,7000,False,False
PNSE.JK,490.0,496.0,495.6,496.8,504.15,529.06,592.63,19.529999999999973,1.4414492424672405,23200,False,False
PNLF.JK,226.0,227.33333333333334,228.0,226.8,220.7,223.62,236.05,3.6500000000000057,0.8624971710524244,10441300,True,False
PNIN.JK,720.0,721.6666666666666,726.0,732.5,724.75,734.8,756.25,2.959999999999991,1.246449317095043,290000,True,False
PNGO.JK,3530.0,3526.6666666666665,3530.0,3516.0,3476.5,3460.0,3400.0,7.0,0.4624011985599359,18700,False,False
PNBS.JK,50.0,50.666666666666664,50.8,50.4,50.2,50.12,50.39,0.7999999999999972,0.9336024218017578,8737000,True,False
PNBN.JK,875.0,886.6666666666666,898.0,894.5,884.25,886.2755798339844,921.6283422851562,4.6,1.6288636052322245,2426700,True,False
PMUI.JK,85.0,85.0,85.4,84.7,83.1,79.9018603515625,88.42848648071289,5.498139648437501,0.8010830241195772,629400,True,False
PMJS.JK,109.0,109.66666666666667,110.0,109.4,105.82836532592773,106.59336486816406,114.06052764892578,4.171634674072266,1.266224614368043,155300,True,False
PLAN.JK,38.0,38.333333333333336,38.8,38.3,37.25,38.14,44.91,1.5499999999999972,2.4663955473918047,571800,True,False
PKPK.JK,3790.0,3870.0,3864.0,3637.0,3426.5,3020.2,2685.65,84.98000000000002,3.258591942900757,1888500,False,False
PJHB.JK,170.0,174.0,172.4,168.2,162.85,171.92,198.46,11.150000000000006,2.299758300491356,2930500,False,False
PJAA.JK,456.0,457.3333333333333,458.0,458.0,455.9,457.8,482.77585693359373,1.0500000000000114,0.6739606650958508,147800,True,False
PIPA.JK,114.0,119.0,119.6,122.3,117.55,116.52,125.59,8.299999999999997,4.17640942966909,11910900,False,False
PICO.JK,131.0,130.0,129.2,127.9,125.95,131.28,141.65,5.329999999999998,1.6085957697411792,1050600,True,False
PGUN.JK,8100.0,8150.0,7905.0,7532.5,7318.75,7421.3284765625,8108.6195068359375,33.25,3.337110139904355,15200,False,False
PGLI.JK,192.0,192.0,192.2,191.8,189.9,188.8,203.16,3.3999999999999773,2.4037002202382896,102000,True,False
PGJO.JK,660.0,680.0,680.0,685.0,696.0,740.3,728.9,16.05999999999999,2.369363728865618,274800,False,False
PGEO.JK,1020.0,1008.3333333333334,1013.0,1009.0,967.0,919.9,953.9243505859375,20.020000000000003,2.1469784279679516,15014700,False,False
PGAS.JK,1530.0,1531.6666666666667,1534.0,1514.0,1462.75,1546.7784130859375,1685.3909912109375,16.805682617187493,1.5468547275845,31769300,False,False
PEVE.JK,326.0,321.3333333333333,323.6,320.0,315.6,319.28,391.62,5.199999999999989,2.7265413424289435,1928800,True,False
PEHA.JK,256.0,255.33333333333334,256.0,256.4,249.1,255.3123272705078,273.43771865844724,3.6499999999999915,1.8018378690033259,38800,True,False
PEGE.JK,92.0,90.66666666666667,91.2,93.6,106.11829299926758,108.76914642333985,131.33457321166992,18.102479756673176,3.447915648704012,84083500,False,False
PDPP.JK,270.0,269.3333333333333,268.4,265.0,265.16046142578125,265.31108306884767,291.010020904541,2.5,0.9473708877864122,21800,True,False
PDES.JK,390.0,395.3333333333333,396.4,400.2,409.2,461.620390625,489.90116821289064,35.810195312500014,1.0859685820442575,5300,False,False
PCAR.JK,38.0,38.333333333333336,38.4,38.3,38.45,38.2,38.71,0.45000000000000284,1.914395887197657,3576400,True,False
PBSA.JK,780.0,793.3333333333334,791.0,769.5,757.1646759033204,723.9646801757813,895.2009197998046,13.873730631510421,2.893407534281643,251000,False,False
PBRX.JK,27.0,26.666666666666668,26.8,26.8,26.8,27.52,33.93,0.8533333333333317,3.9522018032258166,6260600,False,False
PBID.JK,515.0,499.6666666666667,495.8,489.5,481.85,481.5295520019531,472.51692626953127,6.694089599609379,1.3162675322361614,3427500,False,False
PART.JK,106.0,107.0,106.0,104.9,104.48779640197753,98.8635025024414,111.00088966369628,8.136497497558594,1.4391569215578814,2399400,False,False
PANS.JK,1575.0,1568.3333333333333,1571.0,1577.0,1535.75,1514.2553833007812,1501.2333459472657,12.548923339843759,0.9112610412807448,179600,False,False
PANR.JK,404.0,408.0,411.2,407.8,406.2,435.28941162109373,469.0141165161133,15.644705810546867,1.6851743069048113,36700,False,False
PANI.JK,6025.0,6166.666666666667,6295.0,6195.0,6050.0,6585.91388671875,7516.122119140625,22.43655546875001,2.8983480753493764,2146300,False,False
PAMG.JK,63.0,58.333333333333336,58.0,56.0,53.55,53.26,56.55,9.740000000000002,9.537987787014908,254164600,False,False
PALM.JK,302.0,308.0,309.6,305.0,299.5,310.7340911865234,337.2895516967773,5.617045593261707,1.8164428051329709,275700,True,False
PADI.JK,79.0,76.0,77.6,72.7,74.04526481628417,76.65021896362305,94.82510948181152,6.299999999999997,7.276977023553216,1067079700,False,False
PADA.JK,121.0,120.33333333333333,121.4,118.6,111.95,117.44,136.35,9.450000000000003,3.5610026855460166,33831100,False,False
PACK.JK,224.0,227.33333333333334,225.2,219.4,222.3,252.12,233.28,16.36,4.909142578835128,98718700,False,False
OPMS.JK,100.0,100.0,100.6,102.0,99.45,100.38,113.68,2.549999999999997,2.7198314216509116,54273600,True,False
OMRE.JK,1020.0,1086.6666666666667,1101.0,1091.5,1061.5,1009.5,915.75,18.3,9.04358990181727,27600,False,False
OMED.JK,206.0,210.0,208.0,206.4,202.7,206.58538146972657,234.3446517944336,3.6500000000000057,1.8666675338168743,6153300,True,False
OLIV.JK,49.0,50.0,50.4,50.0,50.0,51.1,53.61,2.1000000000000014,2.635054469293298,3106600,True,False
OKAS.JK,101.0,101.66666666666667,102.6,101.6,100.2,100.52,109.43,2.3999999999999915,2.12061614229258,1786100,True,False
OILS.JK,226.0,238.0,229.2,223.2,209.15,197.68,228.12,20.159999999999997,5.315561877452462,25561300,False,False
OBMD.JK,198.0,202.66666666666666,204.0,196.4,181.05,180.98,211.51,23.02000000000001,3.1704015591144294,454800,False,False
OBAT.JK,246.0,248.0,250.0,249.4,243.2,246.72002319335937,289.5521578979492,3.4000000000000057,0.8826052877423388,63900,True,False
OASA.JK,324.0,336.6666666666667,344.0,335.2,297.4,301.6,319.76,23.30000000000001,4.299566621190584,14684700,False,False
NTBK.JK,90.0,92.33333333333333,94.6,95.9,84.6,74.65156356811524,77.25960834503174,21.24843643188477,4.10258543884962,31549300,False,False
NSSS.JK,835.0,815.0,796.0,785.0,711.5,588.1340991210938,733.9318109130859,49.37318017578125,3.826570617178808,14172500,False,False
NRCA.JK,490.0,498.6666666666667,509.2,499.7,462.35,447.06170349121095,503.6255368041992,31.06914825439452,4.442474294171018,2116200,False,False
NPGF.JK,59.0,58.333333333333336,58.4,58.0,57.25,60.76,65.06,3.509999999999998,1.5963206286390874,23913600,True,False
NOBU.JK,436.0,444.0,446.0,441.8,432.1,446.36,500.68,7.1299999999999955,1.8023648891690447,778700,False,False
NISP.JK,1250.0,1246.6666666666667,1246.0,1231.5,1209.75,1235.3,1312.1560388183593,8.05,1.1623578053541526,2312500,False,False
NIRO.JK,147.0,144.33333333333334,148.0,149.8,142.45,151.18,175.82,8.730000000000018,5.804813251564413,928600,False,False
NINE.JK,76.0,76.33333333333333,77.2,77.8,76.95,83.14,107.56,7.140000000000001,2.061050961846897,6577200,False,False
NIKL.JK,184.0,188.66666666666666,191.6,190.6,184.25,208.78,261.42185668945314,24.78,2.5047603732521244,1715600,False,False
NICL.JK,496.0,506.3333333333333,511.8,510.4,502.05,540.46,720.5287756347657,22.230000000000018,2.632745735381121,17883300,False,False
NICK.JK,1195.0,1116.6666666666667,1100.0,1082.5,1033.25,1047.9,1127.25,32.35,3.5499056326625347,42600,False,False
NICE.JK,246.0,248.0,250.0,256.2,255.1,263.08,285.86,8.539999999999992,3.601407472309534,874300,False,False
NFCX.JK,1605.0,1585.0,1581.0,1582.0,1593.25,1649.2,1722.65,13.64000000000001,0.6720578866012253,252300,False,False
NETV.JK,51.0,51.333333333333336,51.8,50.9,50.9,56.38,72.94,5.480000000000004,3.840755199586248,26486600,False,False
NEST.JK,600.0,600.0,601.0,608.0,607.75,563.48,473.03,8.903999999999996,1.5086937154176296,1908700,False,False
NELY.JK,206.0,206.66666666666666,207.2,206.8,203.5,209.33266052246094,269.7114694213867,2.9163302612304705,1.39496145488625,543000,True,False
NCKL.JK,840.0,860.0,866.0,853.5,821.3130737304688,816.7178625488282,967.1536181640626,9.856427490234363,2.3743117835110907,37901600,False,False
NAYZ.JK,58.0,59.333333333333336,58.0,57.6,57.2,57.4,62.76,2.133333333333333,3.7995484489628084,21839600,True,False
NATO.JK,660.0,656.6666666666666,655.0,642.0,614.0,599.3,609.5,12.14000000000001,1.635508320145925,41300,False,False
NASI.JK,124.0,123.33333333333333,123.8,121.8,116.2,115.86,135.36,8.14,2.5827711415151042,197600,False,False
NASA.JK,31.0,30.333333333333332,30.0,29.9,30.1,32.9,35.6,3.0,2.7719311139266454,111700,True,False
NANO.JK,31.0,30.0,30.6,30.6,26.15,25.68,31.3,5.32,7.396672455259531,39436800,False,False
NAIK.JK,86.0,87.66666666666667,88.4,88.2,85.25,85.56,91.62163520812989,3.1500000000000057,2.319291500795166,2459000,True,False
MYTX.JK,41.0,41.0,41.0,41.0,41.2,43.78,49.97,2.780000000000001,0.0,0,True,False
MYOR.JK,1740.0,1731.6666666666667,1750.0,1753.0,1754.75,1753.8800024414063,1779.9529455566405,4.616666666666651,1.9831360225732115,3979400,True,False
MYOH.JK,1050.0,1051.6666666666667,1050.0,1048.5,1041.0,1064.2734155273438,1148.4174084472656,4.654683105468758,1.3430239048725283,99700,True,False
MUTU.JK,106.0,107.66666666666667,108.2,109.8,110.45,108.19335922241211,104.8353189086914,4.450000000000003,1.0621747879968007,2932600,True,True
MTWI.JK,260.0,261.3333333333333,262.0,264.2,268.3,267.9283157348633,299.9884266662598,4.150000000000006,1.1482683646755172,1100,True,False
MTMH.JK,925.0,936.6666666666666,939.0,944.5,941.0,960.7744250488281,978.4409857177734,7.154885009765621,2.788636157505665,72700,False,False
MTLA.JK,505.0,508.3333333333333,510.0,512.5,515.9,504.6577960205078,521.0132971191406,2.248440795898432,1.0975999992841547,30500,True,False
MTFN.JK,13.0,13.0,13.0,13.0,13.0,14.34,19.63,1.3399999999999999,0.0,0,True,False
MTEL.JK,450.0,454.0,454.4,458.0,468.8642013549805,472.48082153320314,483.6161764526367,11.24041076660157,0.5828554070043421,50368000,False,False
MTDL.JK,510.0,511.6666666666667,514.0,515.0,511.0,507.1670001220703,525.0935000610351,1.5665999755859388,0.8581093882191625,1945800,True,False
MSTI.JK,1265.0,1311.6666666666667,1329.0,1333.0,1287.25,1255.1694018554688,1259.3190295410157,15.566119628906245,1.7245442370079738,3220000,False,False
MSKY.JK,59.0,59.666666666666664,60.0,60.1,59.9,62.0,72.07,3.0,1.7277446532934095,2922000,True,False
MSJA.JK,404.0,406.0,408.0,409.4,408.5,408.2,436.0882049560547,2.6999999999999886,1.5974170155467617,16397700,True,False
MSIN.JK,386.0,394.0,411.6,434.4,451.0,500.24,621.12,57.120000000000005,2.239631203191726,26460700,False,False
MSIE.JK,79.0,79.66666666666667,79.6,81.5,82.25,104.84,89.0,25.840000000000003,1.8961162842839017,983900,False,False
MREI.JK,920.0,920.0,920.0,920.0,920.0,952.8,996.15,6.559999999999991,0.0,0,False,False
MRAT.JK,444.0,441.3333333333333,441.6,442.6,441.2,441.48,433.66,1.4000000000000057,0.5217173403375701,133300,True,False
MPXL.JK,148.0,146.66666666666666,146.6,146.3,146.5,149.86,155.32,3.5600000000000023,1.2383763888006551,669500,True,False
MPRO.JK,14425.0,13291.666666666666,12115.0,11007.5,10156.25,9101.5,9413.75,212.94,6.530901421055884,49300,False,False
MPPA.JK,51.0,48.333333333333336,47.8,47.3,46.8,46.42,48.21,4.579999999999998,3.0153934573039236,32852100,True,True
MPOW.JK,101.0,102.0,101.8,99.2,94.85,101.78,104.29,7.150000000000006,1.5143083153876595,4434600,False,False
MPMX.JK,975.0,985.0,988.0,990.0,979.25,943.2084130859375,891.912621459961,9.358317382812492,0.756270661705055,3072800,False,False
MPIX.JK,92.0,92.0,93.0,93.6,94.4,90.16,88.33,4.240000000000009,1.1829075302749503,6457400,True,True
MORA.JK,6575.0,6508.333333333333,6490.0,6460.0,6535.0,6631.0,6021.5,6.84,1.9187295127242308,266300,False,False
MOLI.JK,248.0,251.33333333333334,255.6,252.8,244.8,234.8898712158203,240.59190979003907,10.355064392089844,2.788010078080368,1929800,False,False
MNCN.JK,206.0,207.33333333333334,211.6,210.2,206.4,207.2,220.2,2.799999999999997,2.8442757313311917,35942700,True,False
MMLP.JK,292.0,294.0,296.0,298.8,294.8,300.52,325.5,4.259999999999991,1.074699508527414,435700,True,False
MMIX.JK,710.0,691.6666666666666,686.0,718.5,666.7,624.0,445.54,18.9,7.07603674191345,28303600,False,False
MLPT.JK,1605.0,1723.3333333333333,1619.0,1286.8,1001.1,839.62,828.2544128417969,176.74266666666665,13.466820797279164,12118900,False,False
MLPL.JK,93.0,95.66666666666667,95.8,91.2,85.95,83.6,91.73,12.200000000000003,4.873046538925026,20365000,False,False
MLIA.JK,232.0,231.33333333333334,231.6,234.8,238.0,241.64,262.84,5.153333333333322,0.908545657933069,50200,True,False
MLBI.JK,6350.0,6325.0,6320.0,6322.5,6311.25,6003.944970703125,5678.328354492188,13.842201171874985,0.3118742245332305,10900,False,False
MKTR.JK,118.0,118.66666666666667,119.6,119.3,119.4,121.4323809814453,125.27494834899902,3.4323809814453057,1.7421380216217444,346100,True,False
MKPI.JK,21725.0,21641.666666666668,21610.0,21402.5,21107.5,20984.38625,21440.18939453125,29.624550000000017,1.2523053243155526,43800,False,False
MKAP.JK,1160.0,1163.3333333333333,1162.0,1162.0,1173.5,1119.6093872070312,1077.1841650390625,10.77812255859376,0.27157344322199933,58400,False,False
MITI.JK,165.0,165.33333333333334,167.2,171.0,168.9,173.48,219.2,8.47999999999999,1.3163485502122247,619500,False,False
MIRA.JK,21.0,21.666666666666668,22.0,20.9,19.45,19.46,21.82,2.5500000000000007,6.721342083003101,3166600,False,False
MINE.JK,220.0,218.66666666666666,219.2,221.6,218.1,227.44,290.78,4.670000000000002,1.5703246616796303,704800,True,False
MINA.JK,274.0,278.0,286.0,282.4,275.6,286.4,300.04,6.199999999999989,3.384769453439624,47550900,False,False
MIKA.JK,1750.0,1750.0,1746.0,1742.0,1722.25,1643.5521118164063,1828.3243518066406,21.28957763671874,1.4279919961769816,6704800,False,False
MIDI.JK,282.0,283.3333333333333,287.2,285.4,282.3,283.7379211425781,291.14986953735354,2.5999999999999943,1.4238432951175384,12990500,True,False
MICE.JK,515.0,511.6666666666667,516.0,516.5,504.84356689453125,493.95802307128906,496.65505065917966,4.508395385742188,2.441554804408353,62900,True,False
MHKI.JK,137.0,136.66666666666666,138.0,137.1,128.91700019836426,126.87013748168945,155.1205962371826,11.129862518310546,2.6687914318894435,1186600,False,False
MGRO.JK,685.0,680.0,676.0,674.0,673.5,668.0,688.5,3.4,0.7041148676808708,5247500,True,False
MGNA.JK,90.0,92.0,93.0,92.4,90.85,91.88,137.65,3.0,1.9643364992313388,605500,True,False
MGLV.JK,8500.0,8525.0,8510.0,8290.0,8237.5,8009.0,6923.2,20.64,1.8275881067847282,150900,False,False
MERK.JK,4020.0,4006.6666666666665,4004.0,3928.0,3812.5,3713.1209765625,3501.0167041015625,30.68790234375001,1.099200807651727,33400,False,False
MERI.JK,102.0,101.66666666666667,102.2,101.7,102.3,109.44,127.58,7.773333333333326,1.228862306881973,2834200,False,False
MEJA.JK,98.0,98.0,92.4,86.8,86.7,87.0,91.79142868041993,11.299999999999997,4.657987522048087,24936800,False,False
MEGA.JK,1995.0,1995.0,1999.0,1998.5,1998.75,1964.7,2119.7851440429686,6.8599999999999905,0.42531463077900256,30200,False,False
MEDS.JK,77.0,77.66666666666667,78.6,79.6,76.05,79.86,76.32,3.8100000000000023,2.0444805672484403,50172800,True,True
MEDC.JK,1300.0,1338.3333333333333,1322.0,1287.0,1202.25,1213.8145776367187,1440.613818359375,27.21666666666665,3.456684318787332,55322400,False,False
MDRN.JK,26.0,26.0,26.0,26.0,26.1,29.46,42.25,3.460000000000001,0.0,0,True,False
MDLN.JK,50.0,50.333333333333336,50.4,50.2,50.2,50.3,52.73,0.3999999999999986,1.320300264749733,15091300,True,False
MDLA.JK,210.0,209.33333333333334,209.6,208.4,205.4,202.55704864501953,203.44254516601563,3.7214756774902327,0.884985110525636,710800,True,False
MDKI.JK,179.0,180.66666666666666,180.4,180.2,179.25,178.39640563964844,181.45511489868164,2.270261027018222,0.8428460274247493,136100,True,False
MDKA.JK,2640.0,2690.0,2704.0,2682.0,2638.800500488281,2636.0385986328124,2955.2619946289065,6.796140136718759,1.8258285968285568,31804400,False,False
MDIY.JK,930.0,935.0,951.0,966.5,936.5,864.4242395019531,866.2738055419921,20.415152099609372,2.101889204365876,324100,False,False
MDIA.JK,127.0,124.33333333333333,111.8,90.3,78.45,81.24,83.32,48.55,9.610992631655863,844441400,False,False
MCOR.JK,68.0,68.0,67.8,68.0,67.6,66.9,68.8,1.0999999999999943,1.6047229853842364,931700,True,False
MCOL.JK,3720.0,3726.6666666666665,3742.0,3772.0,3775.5,3721.2691455078125,3743.61734375,5.55,0.9003846435686027,2700,True,False
MCAS.JK,266.0,213.0,188.2,170.1,165.7,201.14,295.28,50.150000000000006,12.787836587459378,20822500,False,False
MBTO.JK,120.0,120.66666666666667,120.6,119.2,112.1,110.24,114.51,10.426666666666677,2.7898415912514642,461600,False,False
MBSS.JK,2700.0,2696.6666666666665,2716.0,2638.0,2608.5,2477.9,2192.2,23.80999999999999,3.0229766263644913,1233000,False,False
MBMA.JK,505.0,515.0,524.0,521.5,510.75,496.06,601.78,5.587999999999999,2.5048288880552825,62108400,True,False
MBAP.JK,1430.0,1430.0,1427.0,1406.5,1378.5,1416.5,1575.45,10.3,1.1488102747922007,62700,False,False
MAYA.JK,200.0,199.66666666666666,199.8,196.4,192.7,188.34,193.24,11.659999999999997,1.6311742216810123,632300,False,False
MAXI.JK,50.0,50.0,50.0,50.0,50.0,50.0,50.49,0.0,0.0,318800,True,False
MASB.JK,3390.0,3390.0,3390.0,3390.0,3387.5,3363.4,3295.5,2.659999999999991,0.0,11000,True,False
MARK.JK,990.0,973.3333333333334,976.0,1019.5,1016.75,912.2212121582031,832.1499993896484,21.455757568359378,3.910399967398073,20963900,False,False
MARI.JK,23.0,23.0,23.0,23.0,23.05,24.52,27.3,1.5199999999999996,0.0,0,True,False
MAPI.JK,1425.0,1486.6666666666667,1498.0,1504.5,1512.2467163085937,1496.8914770507813,1372.8108862304687,17.44934326171874,2.621833457130024,2753100,False,False
MAPB.JK,1195.0,1138.3333333333333,1075.0,1080.5,986.75,1162.6,1344.55,41.65,7.926912658230447,2500,False,False
MAPA.JK,585.0,598.3333333333334,610.0,614.0,609.1516265869141,598.7360961914062,618.4292694091797,5.8,2.318331112329627,7220900,True,False
MANG.JK,42.0,42.666666666666664,42.0,40.1,39.55,42.88,46.04,3.3300000000000054,4.137564136788346,3947000,False,False
MAIN.JK,700.0,708.3333333333334,711.0,702.5,678.0,703.8917272949219,776.7249096679687,6.6,2.3810753305587213,729100,False,False
MAHA.JK,140.0,140.33333333333334,140.6,140.7,138.4,135.3133346557617,135.31583618164063,5.386665344238281,0.6264980491883999,3618000,True,True
LUCK.JK,114.0,112.0,111.6,105.1,100.45,103.56,104.73,13.549999999999997,5.806496315483405,15839800,False,False
LTLS.JK,760.0,766.6666666666666,767.0,770.5,773.75,764.6537744140625,767.0537701416016,2.75,1.4094384701705382,65400,True,False
LSIP.JK,1365.0,1380.0,1364.0,1343.5,1295.1180419921875,1242.8073779296874,1310.9571936035156,27.43852441406252,1.5553500720554705,6176900,False,False
LRNA.JK,184.0,181.33333333333334,181.2,180.6,178.3,181.76,193.58,5.699999999999989,1.6795455443031344,253100,True,False
LPPS.JK,80.0,80.0,81.4,78.2,73.4,71.24,78.14,10.16000000000001,5.200736059729075,1178400,False,False
LPPF.JK,1550.0,1565.0,1577.0,1569.0,1530.5,1549.5,1593.7868713378907,9.3,1.1028874246068274,563600,False,False
LPLI.JK,252.0,256.0,258.0,251.0,242.0,244.12,272.36,8.0,2.754156020414964,248200,False,False
LPKR.JK,61.0,62.0,62.4,61.9,61.15,63.86,74.48,2.8599999999999994,2.4549824159977236,22151200,True,False
LPIN.JK,416.0,418.6666666666667,419.6,417.2,409.9,403.48,408.3940093994141,8.060000000000002,0.7612006730702929,100500,False,False
LPGI.JK,640.0,636.6666666666666,648.0,661.5,669.75,674.9,667.2594213867187,7.64666666666667,1.6688885351488318,8300,False,False
LPCK.JK,510.0,523.3333333333334,523.0,515.5,509.95,514.48,589.64,2.6766666666666765,1.7782170970715512,258900,True,False
LOPI.JK,64.0,64.0,61.4,58.8,57.25,69.0,92.23,11.75,4.942002354135947,5251500,False,False
LMPI.JK,142.0,140.0,139.6,139.1,136.8,140.36,147.78,5.199999999999989,1.2363094756007336,2240700,True,False
LMAX.JK,114.0,115.66666666666667,117.0,117.4,102.55,100.64,130.75,16.760000000000005,2.341073672396118,385100,False,False
LIVE.JK,202.0,202.66666666666666,203.6,205.0,205.6,214.56,216.49,6.280000000000001,2.307321047330068,139600,False,False
LION.JK,366.0,352.0,354.8,351.4,333.1,342.8,377.92,16.44999999999999,7.103646322101362,3411700,False,False
LINK.JK,1400.0,1423.3333333333333,1420.0,1419.0,1427.5,1370.4,1637.1,11.419999999999982,1.4178525358312164,2200,False,False
LIFE.JK,5600.0,5650.0,5670.0,5725.0,5800.0,6024.5,6553.029248046875,16.98,1.9704353748696433,1300,False,False
LFLO.JK,486.0,483.3333333333333,484.4,487.8,531.55,527.7027447509765,543.5937045288086,24.10833333333332,2.3382724527762115,12200,False,False
LEAD.JK,102.0,102.33333333333333,103.4,102.3,98.25,98.32,119.27,5.150000000000006,2.1969788681293334,20999800,True,False
LCKM.JK,112.0,109.66666666666667,110.6,110.4,108.1,114.86,124.94,6.760000000000005,2.905759312679293,21015200,False,False
LAPD.JK,63.0,65.66666666666667,67.6,67.2,65.55,65.22,75.97,4.599999999999994,2.865937440552566,15366100,True,False
LAND.JK,75.0,76.66666666666667,77.0,77.9,68.3,62.86,67.89,15.040000000000006,3.1528431529829475,22498700,False,False
LAJU.JK,65.0,66.66666666666667,67.4,67.4,66.0,64.57060768127441,72.88917446136475,2.8293923187255956,2.651886830952167,11388000,True,False
LABS.JK,148.0,148.33333333333334,148.2,147.9,145.1,146.08,151.16,3.2333333333333485,1.3439980119177097,1866300,True,False
LABA.JK,93.0,93.0,93.4,93.3,90.7,91.66,106.8,2.700000000000003,1.6304180866054667,9513200,True,False
KUAS.JK,90.0,91.0,91.6,92.1,90.15,91.82381454467773,97.47206344604493,2.0999999999999943,2.3253760253406868,9479100,True,False
KSIX.JK,286.0,284.6666666666667,284.8,283.2,294.8,323.96,325.58,20.379999999999995,1.9957615811593468,868700,False,False
KRYA.JK,59.0,59.0,59.8,60.0,58.05,58.9,64.72,1.9500000000000028,1.8388333622772262,56187900,True,False
KREN.JK,14.0,13.333333333333334,13.4,13.0,12.35,12.98,14.86,1.6500000000000004,5.959819715513972,38492000,False,False
KRAS.JK,224.0,232.0,236.8,234.8,220.25,213.12,256.32,11.840000000000003,3.193435191333897,4554300,False,False
KPIG.JK,82.0,82.66666666666667,84.4,84.4,80.6,85.2,98.6,4.6000000000000085,3.722514669196005,80048400,True,False
KOTA.JK,122.0,119.0,114.2,104.5,97.45,100.5,94.46,24.549999999999997,4.7963723939773155,603951100,False,False
KOPI.JK,194.0,197.33333333333334,199.6,198.2,189.85,190.38,222.53,9.75,4.2830923907632235,180500,False,False
KONI.JK,2430.0,2443.3333333333335,2494.0,2612.0,2607.0,2644.8,2344.3,21.480000000000018,4.561722712806651,30700,False,False
KOKA.JK,204.0,211.33333333333334,214.8,205.3,167.85,131.08,161.92,41.86,11.085824052763822,18322900,False,False
KOIN.JK,78.0,78.0,78.0,78.0,78.1,76.6,79.82,1.5,0.0,0,True,False
KOCI.JK,101.0,102.0,103.2,102.1,100.55,95.79736785888672,109.14341918945313,7.402632141113287,2.0624922253372415,7243300,False,False
KOBX.JK,148.0,148.0,147.8,146.6,144.1,149.72,156.28,5.6200000000000045,1.2150176936826897,1387900,True,False
KMTR.JK,250.0,243.33333333333334,239.6,232.8,228.0,228.84,245.66,11.0,4.6059007699419405,285200,False,False
KMDS.JK,535.0,541.6666666666666,545.0,542.0,536.0,531.2701922607422,548.0652890014649,2.7459615478515618,1.3714373062302483,39300,True,False
KLIN.JK,117.0,116.0,115.0,111.6,104.05,107.04,130.86,12.950000000000003,7.152715533840361,1592600,False,False
KLBF.JK,715.0,720.0,727.0,732.0,737.75,745.0986291503906,838.1828704833985,6.0197258300781185,2.692276167634857,28351700,False,False
KLAS.JK,74.0,71.0,71.0,70.4,68.45,68.84,75.83,5.549999999999997,2.4802645800789342,24114000,True,False
KKGI.JK,276.0,278.6666666666667,278.8,276.8,267.0,264.74014862060545,290.44210403442383,7.029925689697279,1.5250022650682415,876900,False,False
KKES.JK,68.0,67.66666666666667,67.0,68.0,59.65,49.1,42.26,18.9,5.529273207549677,5220600,False,False
KJEN.JK,126.0,125.33333333333333,127.0,126.3,119.35,129.46,130.22,10.110000000000014,3.219318156176665,18589900,False,False
KIOS.JK,93.0,93.33333333333333,94.6,93.7,91.0,87.0,98.98,7.599999999999994,4.869471755889407,20709100,False,False
KINO.JK,1170.0,1188.3333333333333,1191.0,1167.0,1148.5,1117.9439916992187,1108.9079809570312,14.611201660156258,1.3615668378749561,1500,False,False
KING.JK,276.0,278.0,282.4,295.2,304.0,413.7,370.75,68.85,1.4905723260837505,551000,False,False
KIJA.JK,127.0,130.33333333333334,132.6,133.3,127.7,126.56,154.86,6.740000000000009,3.290251141381982,30543600,False,False
KICI.JK,194.0,194.66666666666666,194.0,191.2,186.05,188.4,196.4,8.616666666666646,1.5178455370478732,1183500,False,False
KETR.JK,560.0,570.0,572.0,552.0,529.2,550.58,516.44,8.559999999999992,3.621184027578597,10271300,False,False
KEJU.JK,545.0,543.3333333333334,546.0,546.5,546.25,564.5,550.0494515991211,4.233333333333325,1.059456381409716,12300,True,False
KEEN.JK,855.0,851.6666666666666,860.0,861.0,842.75,839.42658203125,871.4754522705078,4.31468359375001,1.5738771172813277,7898300,True,False
KDTN.JK,376.0,432.0,472.2,521.1,525.75,672.8,816.3,148.39999999999998,7.36219364597082,13772800,False,False
KDSI.JK,446.0,444.6666666666667,446.4,445.0,440.5,441.84,444.74,2.9499999999999886,0.9574192930753499,4400,True,False
KBLV.JK,119.0,125.0,130.2,119.3,100.5,93.68,104.3,36.51999999999998,12.593671636138515,11819700,False,False
KBLM.JK,294.0,294.6666666666667,294.0,292.0,290.4,290.8560852050781,303.97028411865233,2.133333333333354,0.778950600890262,34700,True,False
KBLI.JK,324.0,323.3333333333333,322.4,322.0,318.1538909912109,307.65173400878905,306.6517321777344,8.174132995605476,0.8862651735758417,673100,False,False
KBAG.JK,43.0,44.333333333333336,43.8,42.6,39.75,38.76,44.07,5.573333333333338,5.725191569215358,2043600,False,False
KARW.JK,212.0,212.0,212.0,212.0,212.0,243.28,279.96,15.64,0.0,0,False,False
KAQI.JK,89.0,89.66666666666667,90.0,89.5,86.4,89.68,98.69,3.5999999999999943,2.3715178233122582,14571500,True,False
KAEF.JK,446.0,451.3333333333333,454.0,454.2,449.5,462.02,479.93,8.009999999999991,0.7778433083022112,301100,False,False
JTPE.JK,615.0,610.0,609.0,608.0,606.0,596.475,586.705,3.7049999999999956,0.7825430679800837,2093000,True,True
JSPT.JK,1405.0,1401.6666666666667,1408.0,1401.5,1378.75,1305.852177734375,1388.3072729492187,20.42956445312502,2.0057118217007197,7200,False,False
JSMR.JK,2690.0,2703.3333333333335,2722.0,2724.0,2719.5,2767.2552978515623,2894.8563403320313,7.7255297851562315,1.1680671995431666,1232200,False,False
JRPT.JK,1080.0,1076.6666666666667,1076.0,1077.5,1078.75,1069.722509765625,1071.4053356933593,2.0554980468749817,0.2187508462089377,263300,True,False
JPFA.JK,2110.0,2120.0,2104.0,2075.0,2040.5,2126.9,2237.9594213867185,8.64000000000001,1.0770396264606417,13776600,False,False
JMAS.JK,228.0,228.0,228.0,228.0,228.0,244.36,235.68,8.180000000000007,0.0,0,False,False
JKON.JK,66.0,67.66666666666667,68.0,68.1,67.0,67.10895606994629,69.73134418487548,2.0999999999999943,1.8973129709955954,2635500,True,False
JIHD.JK,436.0,439.3333333333333,440.4,436.6,420.8,424.48,475.66,9.799999999999983,2.3844391572505517,508500,False,False
JGLE.JK,64.0,66.0,67.4,58.7,54.4,58.36,62.36,13.000000000000007,11.788519465418219,647214100,False,False
JECC.JK,620.0,626.6666666666666,631.0,631.5,636.6857147216797,610.0937158203125,742.4854309082032,5.3183997802734435,0.8966520216879563,38900,True,False
JAYA.JK,128.0,126.33333333333333,126.6,125.1,122.55,123.68,129.82,5.450000000000003,1.5145653457750659,588800,True,False
JAWA.JK,120.0,120.66666666666667,121.2,118.7,114.95,121.42,140.33,6.469999999999999,1.4455616487423595,284300,False,False
JATI.JK,96.0,95.0,95.0,94.7,92.25,95.04675659179688,100.17671203613281,3.75,2.5775424232046094,23748700,True,False
JAST.JK,83.0,83.0,83.8,84.4,81.8,82.36,91.04,2.6000000000000085,1.2267389041696912,3961400,True,False
JARR.JK,1890.0,1918.3333333333333,1929.0,1893.5,1869.75,1772.2898291015624,1960.2162536621095,31.342034179687516,2.036213956841355,824600,False,False
ITMG.JK,24350.0,24416.666666666668,24340.0,24172.5,23478.75,22928.0,24282.6741015625,59.54666666666672,0.80402659161592,985700,False,False
ITMA.JK,1395.0,1400.0,1384.0,1351.5,1356.0,1523.6,1857.35,34.41999999999998,1.714248826835027,29600,False,False
ITIC.JK,208.0,210.66666666666666,211.6,206.5,201.9,207.14,235.93,4.849999999999994,2.4769024856469932,214000,True,False
ISSP.JK,406.0,405.3333333333333,405.6,405.8,394.1,390.4542901611328,420.4579669189453,7.772854919433598,1.6358838414912882,790400,False,False
ISEA.JK,78.0,79.66666666666667,80.8,81.3,74.05,70.46,78.59,10.840000000000003,2.906575965837848,1856900,False,False
ISAT.JK,1915.0,1933.3333333333333,1934.0,1912.0,1881.0,1927.48,1975.1429321289063,10.6,1.1909192716403252,9435000,False,False
ISAP.JK,24.0,25.0,25.2,24.9,23.65,24.46,27.91,1.5500000000000007,3.2476385999680812,14896700,True,False
IRSX.JK,304.0,314.0,312.8,296.2,285.3,306.36163818359375,378.32014923095704,14.349999999999994,4.736835207241417,33367500,False,False
IRRA.JK,374.0,373.3333333333333,372.8,372.4,374.0,370.6,384.6,1.6999999999999886,0.8006424209863208,821600,True,False
IPTV.JK,32.0,32.333333333333336,32.2,31.5,32.2,34.06,38.13,2.5600000000000023,3.148955988199309,1452100,True,False
IPOL.JK,106.0,105.33333333333333,105.4,106.0,105.75,109.28,115.25,3.9466666666666725,0.991690173746165,150500,True,False
IPCM.JK,318.0,318.6666666666667,318.8,318.4,313.8530548095703,306.5258856201172,308.1078823852539,6.137057189941402,0.5505043001656464,946300,False,False
IPCC.JK,1140.0,1185.0,1205.0,1219.0,1187.0,1151.0838464355468,1173.297075805664,15.8,2.0830357254012695,2487100,False,False
IPAC.JK,153.0,158.0,159.6,160.2,157.25,149.32,153.76,10.879999999999995,2.396919395571731,107000,False,False
IOTF.JK,52.0,52.333333333333336,53.0,52.9,52.55,53.92,59.16,1.9200000000000017,1.5457686486149895,4938000,True,False
INTP.JK,4560.0,4606.666666666667,4620.0,4630.0,4476.5,4348.20470703125,4625.3941015625,28.17952929687499,1.1468461971494786,801300,False,False
INTD.JK,234.0,237.33333333333334,234.4,233.2,228.2,234.6,243.38,4.566666666666677,2.6089336169670476,111800,True,False
INTA.JK,61.0,61.0,61.0,61.0,61.2,65.18,72.22,4.180000000000007,0.0,0,True,False
INPS.JK,615.0,661.6666666666666,671.0,637.5,623.25,648.1,640.06,11.2,5.169055170349008,208900,False,False
INPP.JK,695.0,703.3333333333334,706.0,703.0,697.5,737.7,763.05,8.54000000000001,1.0648701831966099,317700,False,False
INPC.JK,137.0,137.66666666666666,139.4,138.1,133.7,133.98,147.88,5.700000000000017,3.154255398210086,7690300,True,False
INOV.JK,132.0,132.33333333333334,132.2,129.6,124.7,122.22,131.09,10.113333333333344,2.176215495171071,5610000,False,False
INKP.JK,7950.0,7783.333333333333,7820.0,7720.0,7434.959814453125,7490.5678125,8592.0419140625,20.601607421875016,2.3266300189201194,6275300,False,False
INET.JK,226.0,231.33333333333334,233.2,225.8,210.2,210.56,255.14,11.5,4.426907149288666,99916900,False,False
INDY.JK,2630.0,2543.3333333333335,2542.0,2452.0,2199.0,2214.897626953125,2893.3033666992187,43.1,4.752299789251584,42248500,False,False
INDX.JK,60.0,60.0,60.0,60.0,60.0,68.74,90.0,8.739999999999995,2.837818317547164e-07,0,False,False
INDS.JK,274.0,278.6666666666667,280.0,271.4,262.3640007019043,271.5848043823242,402.8326072692871,8.817999649047863,2.392339523540719,1747400,False,False
INDR.JK,1940.0,1983.3333333333333,1973.0,1992.0,2002.0,2033.7,2401.85,18.74000000000001,1.5789549429596994,87900,False,False
INDO.JK,172.0,173.0,173.0,171.8,167.5,162.84,168.08,10.159999999999997,1.0450593275481523,32113700,False,False
INDF.JK,6875.0,6883.333333333333,6880.0,6817.5,6701.313427734375,6473.611669921875,6387.8120703125,16.388866536458337,0.7611136093274601,5749000,False,False
INCO.JK,4770.0,4905.0,4931.0,4930.5,4720.75,4757.500751953125,5469.413725585938,21.025,2.156347588378128,9019900,False,False
INCI.JK,640.0,650.0,659.0,656.0,648.5,650.3180285644531,669.4385168457031,3.8,1.9891114387092266,116500,True,False
INCF.JK,50.0,50.0,50.0,50.0,50.0,50.26,54.87,0.259999999999998,0.0,0,True,False
INAI.JK,166.0,164.0,164.0,162.7,147.35,149.74,170.18,18.650000000000006,11.48870287952056,21449000,False,False
IMPC.JK,1530.0,1518.3333333333333,1538.0,1498.0,1476.0,1599.0,1858.55,24.6,3.2717767970705633,7213000,False,False
IMJS.JK,146.0,148.0,149.6,149.4,142.94738998413087,144.57832733154297,161.94284606933593,6.652610015869129,2.212070140181568,1573100,False,False
IMAS.JK,855.0,861.6666666666666,861.0,852.0,819.5785675048828,856.1929211425781,951.78130859375,8.417619832356763,1.1609758882986656,60000,False,False
IKPM.JK,184.0,185.0,185.6,184.3,182.3,184.78,199.98,3.299999999999983,1.2715474401178575,1800,True,False
IKBI.JK,540.0,545.0,556.0,562.0,547.0,525.92,539.86,7.216000000000008,1.8820578756279498,56000,False,False
IKAN.JK,83.0,83.66666666666667,85.2,85.1,79.65,78.0,87.63,7.200000000000003,3.513462620111616,3740500,False,False
IKAI.JK,21.0,21.333333333333332,21.0,21.0,18.9,19.22,21.18,2.4333333333333336,5.914603726824859,3840900,False,False
IGAR.JK,418.0,421.3333333333333,424.0,420.0,413.4,420.1430944824219,447.963337097168,5.300000000000011,1.389672423085857,4500,True,False
IFSH.JK,1200.0,1200.0,1175.0,1183.5,1200.0,1299.8800024414063,1902.1018762207032,24.97600048828126,5.405504782439047,9800,False,False
IFII.JK,210.0,212.66666666666666,213.2,213.8,212.6,217.56,222.2,3.780000000000001,1.3790696205109345,29000,True,False
IDPR.JK,294.0,296.0,296.4,300.2,299.1,295.9906018066406,296.4617434692383,3.0999999999999943,1.211345230075518,2900,True,False
IDEA.JK,62.0,62.666666666666664,63.4,63.9,61.5,61.04,78.07,2.8599999999999994,3.956947845564189,1434200,False,False
ICON.JK,107.0,104.66666666666667,105.0,105.4,105.5,107.88,112.9,3.213333333333324,2.160741271217374,55683000,True,False
ICBP.JK,6950.0,7016.666666666667,7025.0,6882.5,6752.015380859375,6532.349912109375,6739.473198242187,19.706003515625017,1.2685139791296989,1978400,False,False
IBST.JK,8475.0,8475.0,8475.0,8475.0,8475.0,8475.0,7465.15,0.0,0.0,0,True,False
IBOS.JK,69.0,69.33333333333333,70.0,69.2,69.05,78.6,101.05,9.599999999999994,2.1302908444483424,3397800,False,False
IBFN.JK,63.0,63.0,63.0,63.0,63.25,65.3,76.29,2.299999999999997,0.0,0,True,False
IATA.JK,59.0,58.333333333333336,58.8,58.5,60.55,63.82,71.18,5.486666666666665,2.127308243120522,82543400,True,False
HYGN.JK,161.0,160.66666666666666,160.6,157.0,149.3,144.89160034179687,143.80940155029296,16.108399658203126,1.4489464859487518,1323200,False,False
HUMI.JK,134.0,136.33333333333334,138.4,132.2,123.55,129.22,161.98,14.850000000000009,3.4123964658777677,19384300,False,False
HRUM.JK,800.0,820.0,827.0,821.0,775.5,773.7,898.1,10.659999999999991,2.4540661161026485,4389600,False,False
HRTA.JK,1930.0,1938.3333333333333,1956.0,1925.5,1840.5,2022.844111328125,2333.9918774414064,36.46882226562502,3.1584794205730065,9495700,False,False
HRME.JK,45.0,44.666666666666664,44.4,44.8,44.3,44.86,46.42,0.7000000000000028,6.850874136696487,2397400,False,False
HOPE.JK,190.0,180.33333333333334,184.8,185.1,163.0,139.1,181.15,50.900000000000006,8.548293790353489,76759800,False,False
HOMI.JK,175.0,176.33333333333334,177.8,179.5,182.65,191.58,223.63,16.580000000000013,1.6985991848055972,1204700,False,False
HOKI.JK,54.0,54.333333333333336,54.4,53.9,52.65,55.38,61.56,2.730000000000004,1.4711458625219267,10218600,True,False
HMSP.JK,715.0,720.0,718.0,707.0,688.5,666.955322265625,687.1403845214844,10.608935546875,1.6596538893946762,5470500,False,False
HILL.JK,16.0,16.0,16.0,16.0,16.0,16.02,19.66,0.019999999999999574,0.0,0,True,False
HGII.JK,121.0,121.33333333333333,121.4,121.7,122.3,125.48345489501953,132.95505905151367,4.483454895019534,0.5487089250886588,438500,True,False
HEXA.JK,4480.0,4513.333333333333,4520.0,4488.0,4402.5,4401.2,4425.9,11.880000000000019,0.8312032948466653,173600,False,False
HERO.JK,346.0,347.3333333333333,346.8,340.0,327.1,343.48,381.55,10.116666666666646,1.3985361867560402,36000,False,False
HELI.JK,200.0,186.66666666666666,183.0,182.0,181.8,178.18,189.08,21.819999999999993,3.628853372799712,15163600,False,False
HEAL.JK,775.0,805.0,817.0,855.0,868.5,885.9,1040.3958825683594,22.179999999999996,2.3756552801932407,24781700,False,False
HDIT.JK,50.0,51.0,51.4,50.7,50.5,51.28,56.39,1.3999999999999986,1.8402689629822566,8341200,True,False
HDFA.JK,87.0,88.0,88.6,88.5,88.1,89.14,97.26,2.1400000000000006,1.659249538574542,1909900,True,False
HBAT.JK,234.0,252.0,258.4,264.2,276.4,362.66,373.35,64.33000000000001,3.4860419680551353,3014900,False,False
HATM.JK,472.0,470.0,454.4,450.4,430.4,366.9007171630859,338.58143432617186,52.54964141845704,4.7050511183681065,21693600,False,False
HALO.JK,68.0,66.33333333333333,67.2,66.2,64.1,65.4,70.08,3.9000000000000057,3.140244035253921,42095300,True,False
HAJJ.JK,105.0,103.66666666666667,104.0,102.6,102.9,106.32,118.79,3.719999999999999,2.5181000618011384,11716000,True,False
HAIS.JK,183.0,183.0,182.8,182.4,178.6,175.34,186.71090377807616,7.659999999999997,1.4554166922155558,253800,False,False
HADE.JK,19.0,18.333333333333332,18.4,18.6,17.35,16.44,18.9,2.5599999999999987,4.417366471786079,496600,False,False
GZCO.JK,151.0,153.66666666666666,154.6,151.9,145.15,146.7,175.21,9.449999999999989,1.9772274472843312,2940500,False,False
GWSA.JK,124.0,125.66666666666667,127.8,124.0,120.25,122.28,137.63,7.549999999999997,3.1132841271422547,689700,False,False
GUNA.JK,197.0,197.33333333333334,199.2,195.9,182.25,171.76184631347655,191.05749069213869,27.438153686523435,2.304537783238886,99600,False,False
GULA.JK,745.0,755.0,749.0,724.0,672.0,591.3,466.31,32.74000000000001,5.040765636818579,32912500,False,False
GTSI.JK,148.0,154.0,154.8,147.2,136.30775184631347,140.84868270874023,187.86682258605958,18.492248153686546,4.105322926754961,19730800,False,False
GTRA.JK,236.0,235.33333333333334,234.8,227.3,205.3,199.34,223.59,18.33,5.429306274166015,812300,False,False
GTBO.JK,170.0,170.0,170.0,170.0,170.0,180.42,201.25,10.419999999999987,0.0,0,False,False
GSMF.JK,87.0,87.33333333333333,88.6,87.0,84.15,88.3,97.71,4.449999999999989,3.7251252750525174,1846100,True,False
GRPM.JK,236.0,230.0,236.0,237.2,259.9,250.96,285.98,14.949999999999989,4.848209471054201,4579200,False,False
GRPH.JK,61.0,59.666666666666664,59.6,59.5,58.15,59.34,59.22,2.8500000000000014,1.7395794300228595,10746800,True,True
GRIA.JK,120.0,120.33333333333333,117.4,114.7,111.55,119.28,111.07,8.783333333333331,3.319080690348527,2197200,False,False
GPSO.JK,278.0,301.3333333333333,321.6,324.2,306.6,387.24,371.18,54.620000000000005,7.469225202257126,28583500,False,False
GPRA.JK,98.0,102.66666666666667,102.6,101.9,100.60784301757812,101.02137191772461,104.81303703308106,4.666666666666671,4.254540645333181,52662300,False,False
GOTO.JK,50.0,50.0,50.0,50.0,50.0,50.0,51.7,0.0,0.0,16006100,True,False
GOOD.JK,294.0,296.6666666666667,301.2,302.4,302.7,315.64,327.84400665283204,10.819999999999993,1.2071986336150693,983400,False,False
GOLF.JK,157.0,160.66666666666666,163.8,166.6,166.5,164.80175537109375,177.74477493286133,9.599999999999994,1.977284860003162,2012700,False,False
GOLD.JK,278.0,274.6666666666667,269.2,265.2,253.8,257.44,271.2,12.099999999999994,4.816009269600677,502500,False,False
GMTD.JK,1240.0,1260.0,1255.0,1280.5,1293.25,1442.8,1532.8735229492188,40.55999999999999,3.2472460190952934,21100,False,False
GMFI.JK,55.0,54.666666666666664,54.2,53.4,52.65,52.48,57.16,2.520000000000003,1.774473714812042,77368600,True,False
GLVA.JK,308.0,305.3333333333333,306.8,303.8,296.7,307.89927062988284,319.23207916259764,5.650000000000006,1.8794412482746536,12700,True,False
GJTL.JK,1205.0,1153.3333333333333,1149.0,1140.0,1126.5,1118.5386083984374,1084.4807244873048,17.292278320312516,2.7349656105007054,34081500,False,False
GIAA.JK,54.0,54.0,54.0,53.5,52.95,54.86,63.35,1.9099999999999966,2.125919226510578,47762700,True,False
GHON.JK,1655.0,1645.0,1643.0,1625.5,1599.0,1712.4,1754.85,22.680000000000017,1.0993173402153662,41500,False,False
GGRP.JK,296.0,294.6666666666667,294.4,294.6,291.9,291.5555828857422,281.54147186279295,2.2222085571289085,0.7727014896530104,928400,True,False
GGRM.JK,17550.0,17550.0,17480.0,17232.5,16604.375,15788.825,15067.15,70.44699999999997,1.1697424563646865,1199500,False,False
GEMS.JK,6475.0,6575.0,6615.0,6585.0,6386.25,6647.0,7442.0,10.43,1.2843548973693932,27000,False,False
GEMA.JK,81.0,81.66666666666667,81.8,80.6,79.15,79.65142761230469,83.18809341430664,2.6499999999999915,1.8594108098729327,525300,True,False
GDYR.JK,1100.0,1093.3333333333333,1097.0,1094.0,1090.25,1089.0,1099.0,2.2,1.4444329561899456,12700,True,False
GDST.JK,103.0,95.33333333333333,94.0,93.0,87.05,85.5,94.32,17.5,8.95323369431651,143103200,False,False
FWCT.JK,90.0,91.0,91.8,89.9,83.85,80.16,94.48,11.64,7.334521581940445,5485500,False,False
FUTR.JK,278.0,295.3333333333333,275.6,250.8,227.55,191.02,219.09,52.15666666666665,8.489196159212032,77197500,False,False
FUJI.JK,202.0,202.0,204.0,206.9,202.85,244.02,302.05,21.010000000000005,2.6917134084332526,1107900,False,False
FPNI.JK,312.0,323.3333333333333,326.8,327.8,321.5,334.92,396.75,11.460000000000008,2.178358707500699,2720600,False,False
FORU.JK,3010.0,3116.6666666666665,3168.0,2989.0,3014.0,2655.1,1980.4,51.290000000000006,7.901991515223671,975800,False,False
FORE.JK,635.0,656.6666666666666,650.0,631.5,621.5,697.2,720.92,15.14000000000001,3.2498895090385886,6507800,False,False
FOOD.JK,176.0,176.0,176.0,176.0,176.2,171.86,195.01,4.339999999999975,0.0,0,True,False
FOLK.JK,210.0,212.66666666666666,214.4,217.6,210.05,206.7,297.48,5.450000000000003,4.420611259021881,4940900,False,False
FMII.JK,244.0,244.66666666666666,246.8,247.8,250.1,244.16,241.72,3.049999999999997,2.1420123234854165,35900,True,False
FLMC.JK,73.0,72.33333333333333,70.6,62.8,57.85,95.4,124.2,37.550000000000004,4.960521142602327,2823900,False,False
FITT.JK,348.0,350.6666666666667,353.6,362.8,372.5,369.16,412.08,12.25,0.8923794640527484,614200,False,False
FISH.JK,610.0,636.6666666666666,641.0,640.0,622.75,634.1040686035157,700.1773266601563,6.2,3.0156300080968137,71700,False,False
FIRE.JK,107.0,109.0,109.4,109.2,105.35,106.44,126.99,4.050000000000011,3.68417028991995,3809800,True,False
FILM.JK,1040.0,1100.0,1162.0,1354.5,1494.0,1766.1,2618.85,145.21999999999997,4.496750674781974,23173700,False,False
FAST.JK,290.0,288.6666666666667,288.8,279.6,270.7,250.76,286.3,19.620000000000005,2.6001906510498873,1395500,False,False
FAPA.JK,7300.0,7300.0,7295.0,7332.5,7355.011865234375,7252.202421875,6951.9811328125,4.112377734375005,0.822335118261812,2100,True,False
EXCL.JK,2370.0,2440.0,2488.0,2530.0,2498.5,2601.8,2803.0,23.180000000000017,2.0788308431035176,4837600,False,False
EURO.JK,1970.0,2033.3333333333333,1996.0,1879.0,1801.75,1784.3779272460938,2093.972385864258,49.79108121744789,4.138034267259207,252000,False,False
ESTI.JK,133.0,133.0,134.0,132.7,128.3,126.13728149414062,147.96816314697264,7.862718505859377,2.9113321301734745,1881200,False,False
ESTA.JK,189.0,184.33333333333334,185.0,181.2,182.8,185.76,189.69,7.800000000000011,2.7252651015924547,2201400,False,False
ESSA.JK,610.0,631.6666666666666,625.0,611.0,580.25,593.0948498535156,653.9751745605469,10.283333333333326,2.9684735506905406,61769100,False,False
ESIP.JK,137.0,135.33333333333334,134.4,131.8,130.45,128.82,116.01,8.180000000000007,2.5940632893868627,69617600,False,False
ERTX.JK,168.0,169.66666666666666,168.0,158.2,150.8,148.8,181.97,20.866666666666646,6.5058776773856355,1102200,False,False
ERAL.JK,296.0,290.6666666666667,291.2,287.0,281.60601501464845,274.5810534667969,291.935341796875,10.709473266601549,2.0841227226215304,12462600,False,False
ERAA.JK,394.0,399.3333333333333,392.4,377.8,358.67513580322264,347.36196166992187,358.41726165771485,25.985685831705723,3.058988506041403,39834800,False,False
EPMT.JK,2270.0,2300.0,2310.0,2316.0,2326.0,2310.6,2327.6,5.6,1.437211449102633,26600,True,False
EPAC.JK,61.0,62.333333333333336,64.2,67.0,69.7,67.26,62.93,8.700000000000003,2.991488338137432,37625200,False,False
ENZO.JK,64.0,65.0,65.8,66.9,66.7,68.12,70.91,4.1200000000000045,1.7498227845785943,5685900,True,False
ENRG.JK,1415.0,1473.3333333333333,1472.0,1439.5,1284.5,1322.8,1516.35,37.76666666666665,6.551291519632121,85637900,False,False
ENAK.JK,250.0,262.0,255.6,259.4,271.6,273.48,329.69,11.740000000000009,6.737496080148732,459900,False,False
EMTK.JK,520.0,523.3333333333334,532.0,530.0,517.95,560.1649548339843,682.6877825927735,8.442990966796856,2.0295695643641367,37232000,False,False
EMDE.JK,70.0,69.66666666666667,70.0,70.2,69.6,65.72,72.34,4.480000000000004,1.4266013134378306,88729400,True,False
EMAS.JK,6150.0,6141.666666666667,5995.0,5860.0,5762.5,6589.0,7532.5,33.06,1.5526628144077959,22546300,False,False
ELTY.JK,35.0,32.666666666666664,30.8,26.9,24.5,26.96,34.67,10.5,4.305802652298472,149116400,False,False
ELSA.JK,655.0,673.3333333333334,674.0,662.0,622.75,593.8019140625,649.8595788574219,16.039617187499992,2.680130641894188,20147400,False,False
ELPI.JK,910.0,935.0,950.0,981.0,1031.6720886230469,1216.4819921875,1462.601065673828,61.29639843750001,3.557491133151621,792700,False,False
ELIT.JK,179.0,176.0,176.4,174.0,171.7,175.56,191.78,7.300000000000011,2.163772351057771,11973100,False,False
EKAD.JK,167.0,169.33333333333334,169.2,169.2,169.0,165.01111022949217,168.03444259643555,4.322223103841168,0.9819390173582437,149000,True,False
ECII.JK,159.0,153.0,152.6,147.8,139.4,139.46,167.35,19.599999999999994,7.433849719714269,31496300,False,False
EAST.JK,90.0,90.33333333333333,90.6,90.4,89.05,88.66,88.38614944458008,1.9399999999999977,0.6303097095178828,246100,True,False
DYAN.JK,79.0,80.33333333333333,80.8,80.4,79.45,78.34,80.68,2.4599999999999937,1.6040032973326204,997200,True,False
DWGL.JK,230.0,231.33333333333334,230.8,228.2,224.6,241.36,252.78,8.38000000000001,1.9759559561546693,107200,False,False
DVLA.JK,1575.0,1578.3333333333333,1579.0,1571.0,1548.25,1522.542021484375,1532.8182409667968,11.291595703124994,0.5887821094760669,18000,False,False
DUTI.JK,4290.0,4290.0,4268.0,4201.0,4145.0,3928.923232421875,3816.831865234375,36.107676757812484,0.733025828606739,2100,False,False
DSSA.JK,855.0,866.6666666666666,889.0,847.0,825.75,753.36,1629.75,27.127999999999997,5.545845762858293,249524100,False,False
DSNG.JK,1255.0,1305.0,1281.0,1247.5,1198.0,1171.7964794921875,1350.5046789550781,26.640704101562505,3.0736490634420486,8171500,False,False
DSFI.JK,80.0,80.0,80.6,79.0,73.8,73.3,85.18,7.299999999999997,3.1209935444057755,2567500,False,False
DRMA.JK,910.0,908.3333333333334,909.0,915.0,904.75,931.7,939.26,5.3900000000000095,1.316224537117698,428200,True,False
DPUM.JK,97.0,99.66666666666667,99.6,98.7,96.7,131.64,138.13,34.93999999999998,2.157679721788531,8945300,False,False
DOSS.JK,135.0,138.0,138.2,136.1,133.9,132.2425914001465,141.3322319793701,5.957408599853494,1.5006905517474052,1381700,True,False
DOOH.JK,212.0,190.0,178.2,156.4,135.2,130.98,141.13,40.510000000000005,9.081295980409873,290037500,False,False
DOID.JK,218.0,224.66666666666666,224.8,216.6,206.25,206.24,235.2,9.280000000000001,2.997838564629836,1428000,False,False
DNET.JK,9900.0,9758.333333333334,9665.0,9702.5,9750.0,9913.5,9540.75,9.94,1.6349922954110245,13500,False,False
DNAR.JK,122.0,120.66666666666667,120.4,117.5,114.3,114.88,126.76,7.700000000000003,2.1163180553477154,718400,False,False
DMND.JK,610.0,613.3333333333334,615.0,618.5,612.25,606.1127954101562,627.7131964111328,2.477440917968761,2.196937954796795,21500,True,False
DMMX.JK,216.0,180.66666666666666,173.4,167.0,162.95,164.60670806884767,189.6928268432617,26.525000000000006,11.24086588184304,10609100,False,False
DMAS.JK,138.0,138.0,138.0,138.1,137.65,137.01887451171876,129.53324485778808,1.0811254882812307,0.993955650916506,37346600,True,True
DLTA.JK,1775.0,1778.3333333333333,1776.0,1769.5,1758.05,1739.3394506835937,1763.0727575683593,7.798776529947918,0.39562475887461956,101700,False,False
DKHH.JK,64.0,63.333333333333336,63.6,63.3,61.85,61.42,66.06,2.5799999999999983,1.8994341898599192,22710100,True,False
DKFT.JK,645.0,645.0,643.0,652.5,638.5,658.8,709.2,4.059999999999991,3.0531871146174083,3218000,True,False
DIVA.JK,133.0,122.0,121.4,118.3,112.25,117.8,135.2,20.75,5.9636688793644,204714900,False,False
DILD.JK,114.0,115.0,115.4,115.5,113.5,115.44,121.99,2.0,1.0345878898974221,6260300,True,False
DIGI.JK,29.0,29.0,29.0,29.0,28.9,31.14,32.57,2.240000000000002,0.0,0,True,False
DGWG.JK,282.0,282.6666666666667,284.4,282.6,286.2,298.14814392089846,337.39172119140625,8.074071960449231,0.9449297836920278,12701300,False,False
DGNS.JK,238.0,240.0,235.2,229.8,228.8,230.56,259.76,5.599999999999994,2.1736529349375875,1202200,True,False
DGIK.JK,129.0,129.33333333333334,129.8,130.8,128.2,126.48,128.34,4.320000000000007,1.120704718047139,1699000,True,True
DFAM.JK,84.0,84.66666666666667,85.0,83.8,82.5,93.8,96.85,11.299999999999997,1.349996300716892,7194900,False,False
DEWI.JK,120.0,119.0,120.0,120.3,119.4,119.22,122.71,1.2999999999999972,2.0001102140432883,64253900,True,False
DEWA.JK,442.0,452.0,447.2,408.8,360.56016235351564,346.44084014892576,416.25871047973635,52.77957992553712,5.219327109129472,818276900,False,False
DEPO.JK,240.0,238.66666666666666,241.2,244.0,248.07922973632813,245.77904815673827,244.55485717773436,4.706281534830737,1.450293172662014,1029800,True,False
DEFI.JK,105.0,108.0,109.0,107.4,106.45,117.9,120.69,12.900000000000006,2.0804445852394364,13025000,False,False
DCII.JK,191375.0,189375.0,190025.0,192615.0,192533.75,190373.5,197144.75,129.6,1.623190127758126,800,False,False
DAYA.JK,975.0,975.0,976.0,979.0,976.5,1020.3,1018.55,9.059999999999992,1.425381628743733,300,False,False
DATA.JK,1980.0,1990.0,2028.0,2135.0,2110.25,1885.1,2313.5,49.98000000000002,3.8154393387401786,1187000,False,False
DART.JK,123.0,124.0,125.4,125.2,122.55,123.84,137.13,2.8500000000000085,2.0229733172587014,323800,True,False
DADA.JK,50.0,50.0,50.0,50.0,50.0,50.0,50.0,0.0,0.0,175700,True,False
DAAZ.JK,1565.0,1563.3333333333333,1553.0,1533.0,1529.25,1622.8022094726562,2127.783323974609,18.710441894531233,2.3750380274725122,155800,False,False
CYBR.JK,560.0,565.0,568.0,578.0,585.5,599.5,636.3,7.9,1.2320341306606784,24991000,False,False
CUAN.JK,690.0,715.0,720.0,678.5,644.5,647.82,963.11,15.1,4.872235141837586,176720800,False,False
CTTH.JK,127.0,127.33333333333333,131.0,127.1,121.5,139.12,124.42,17.620000000000005,9.778973148026061,51724400,False,False
CTRA.JK,570.0,575.0,578.0,572.0,554.1105224609375,560.781044921875,614.1405114746094,4.777895507812491,1.6649542468301175,7215300,True,False
CTBN.JK,4500.0,4606.666666666667,4648.0,4798.0,5119.0,5351.879248046875,5352.507333984375,85.18792480468747,1.5347215379503498,32600,False,False
CSRA.JK,775.0,791.6666666666666,784.0,774.0,765.25,780.6,852.8,5.283333333333326,1.897484971850066,105600,True,False
CSMI.JK,76.0,75.66666666666667,76.4,76.5,75.55,77.62,86.75,2.0700000000000074,2.395648714369129,9408100,True,False
CSIS.JK,179.0,177.33333333333334,177.8,173.6,162.75400085449218,152.38040084838866,162.7732019805908,26.61959915161134,2.5329749947246034,1726900,False,False
CSAP.JK,274.0,283.3333333333333,286.8,287.4,285.4165512084961,275.6678576660156,280.5577911376953,6.699999999999989,1.9050463656276613,54200,False,False
CRSN.JK,103.0,103.66666666666667,103.4,102.8,100.8,100.9492497253418,105.70177108764648,2.8666666666666742,1.7704626937150227,749400,True,False
CRAB.JK,208.0,208.0,208.0,208.0,208.0,208.52,215.48,0.2600000000000051,0.0,0,True,False
CPRO.JK,51.0,50.666666666666664,51.0,50.5,50.25,50.64,53.75,0.75,1.7350983209577069,39456700,True,False
CPIN.JK,3140.0,3226.6666666666665,3204.0,3153.0,3145.5,3425.0414013671875,3673.1631274414062,28.504140136718753,1.9276556790468862,10222700,False,False
COIN.JK,705.0,735.0,749.0,719.0,683.0,745.2,998.8,13.2,4.044101447484985,4441600,False,False
COCO.JK,110.0,123.66666666666667,130.0,131.6,139.71960487365723,182.551690826416,266.535845413208,72.551690826416,7.73475345765835,1152610700,False,False
COAL.JK,22.0,23.0,22.2,21.5,21.75,33.1,47.8,11.600000000000001,5.786318017664833,14282500,False,False
CNMA.JK,91.0,91.66666666666667,92.2,91.8,89.95,90.42,95.4230150604248,2.25,2.067158503138052,9752400,True,False
CNKO.JK,37.0,37.0,37.0,37.0,37.0,39.36,49.34,2.3599999999999994,0.0,0,True,False
CMRY.JK,4740.0,4633.333333333333,4626.0,4613.0,4568.5,4494.4,4521.110244140625,24.560000000000038,1.8137864482554469,1680800,False,False
CMPP.JK,69.0,69.0,69.0,69.0,69.05,70.68,77.64,1.6800000000000068,0.0,0,True,False
CMNT.JK,795.0,786.6666666666666,786.0,788.0,790.0,790.1,775.7,1.8,0.7590409057985205,23393400,True,True
CMNP.JK,1355.0,1346.6666666666667,1345.0,1346.5,1344.0,1364.6,1420.3,4.1199999999999815,0.6163418626082473,34500,True,False
CLPI.JK,1540.0,1543.3333333333333,1550.0,1539.0,1497.5,1465.7283422851563,1449.548328857422,16.854331542968747,0.9731081577258179,59700,False,False
CLEO.JK,374.0,376.0,378.8,379.8,379.275,377.6446124267578,388.1787130737305,2.9000000000000057,0.9345287626422455,1437600,True,False
CLAY.JK,2310.0,2386.6666666666665,2392.0,2444.0,2535.0,2689.0,2742.4,37.9,2.4958384173592925,22400,False,False
CITY.JK,168.0,169.0,170.0,169.9,165.75,159.82,173.59,10.180000000000007,2.1726298653417837,244900,False,False
CITA.JK,3290.0,3313.3333333333335,3318.0,3263.0,3143.5,3111.0579345703127,3413.314865722656,20.694206542968733,1.0466651028204557,120900,False,False
CINT.JK,175.0,173.33333333333334,171.8,169.3,165.7,169.3,186.42,9.300000000000011,2.0514447733118892,59800,False,False
CHIP.JK,920.0,923.3333333333334,927.0,935.5,932.0767028808593,946.9559375,1020.644301147461,5.391187500000001,0.7188840857890573,110700,True,False
CHEM.JK,63.0,65.33333333333333,66.4,65.7,63.0,63.65632339477539,78.66973327636718,3.4000000000000057,3.04652032000432,3302500,True,False
CHEK.JK,132.0,131.66666666666666,131.6,130.8,127.0,124.2,131.83,7.799999999999997,1.8742530193368394,239400,False,False
CGAS.JK,151.0,153.33333333333334,154.8,154.1,148.8,152.95722076416016,158.56333114624024,6.0,1.8528887005208432,1704800,False,False
CFIN.JK,332.0,336.6666666666667,338.4,336.8,330.9,312.1178875732422,301.80201751708984,13.141056213378903,1.0432174533311538,2406200,False,False
CENT.JK,82.0,83.0,82.6,80.1,76.75,76.58,90.46,6.420000000000002,2.5640076211108895,4286600,False,False
CEKA.JK,2170.0,2173.3333333333335,2182.0,2174.0,2154.5,2153.51015625,2166.809375,2.848984375000009,0.9182786518143681,34900,True,False
CDIA.JK,685.0,705.0,712.0,675.0,642.75,692.7936547851563,835.6767095947266,13.85,4.125000890140076,38881500,False,False
CCSI.JK,248.0,249.33333333333334,249.6,249.2,248.9,248.6,253.42,0.7999999999999972,0.7032007864243464,86500,True,False
CBUT.JK,810.0,818.3333333333334,817.0,806.0,791.75,690.72,776.46,25.52266666666667,1.0166420226440478,60600,False,False
CBRE.JK,695.0,716.6666666666666,740.0,730.5,704.75,727.4,794.25,9.0,4.815637409633748,17162900,False,False
CBPE.JK,288.0,289.3333333333333,291.2,288.2,283.9985382080078,284.57313354492186,297.1393377685547,3.6007308959960938,1.1408661358127343,9300,True,False
CBDK.JK,3490.0,3623.3333333333335,3642.0,3580.0,3481.0,3623.185400390625,4221.633623046875,16.1,2.277047253691457,1587900,False,False
CASS.JK,1850.0,1861.6666666666667,1859.0,1860.5,1849.25,1801.0,1872.85,12.133333333333349,0.9651554779656154,160600,False,False
CASH.JK,244.0,237.33333333333334,226.8,214.0,198.5,190.14,193.23,26.930000000000007,5.736477006304399,3378000,False,False
CASA.JK,1865.0,1840.0,1849.0,1842.5,1848.25,1663.9,1498.95,40.219999999999985,4.358011359741042,3600,False,False
CARS.JK,89.0,89.66666666666667,89.6,86.9,85.0,87.24,92.56,4.666666666666671,2.475495461414765,702000,True,False
CARE.JK,418.0,419.3333333333333,421.2,424.4,424.3,414.88,416.1,4.759999999999991,0.45754031600496226,35100,True,False
CANI.JK,135.0,135.0,135.0,135.0,135.0,135.42,143.45,0.4199999999999875,0.0,0,True,False
CAMP.JK,169.0,170.33333333333334,169.8,169.9,169.25,175.76,189.16,6.759999999999991,1.038068373265675,213000,False,False
CAKK.JK,133.0,134.33333333333334,136.0,136.7,135.8,140.64,152.14,7.639999999999986,2.9619173781244736,128800,False,False
BYAN.JK,12075.0,12075.0,12050.0,11885.0,11670.0,10871.4713671875,11368.731923828125,48.141145312500015,1.2139826796114432,25000,False,False
BWPT.JK,78.0,79.66666666666667,80.2,78.3,76.45,79.36,103.41,3.75,2.603268289627897,46605000,True,False
BVIC.JK,92.0,92.0,92.8,89.7,84.75,88.18,97.77,8.049999999999997,3.4987066265009727,822600,False,False
BUVA.JK,845.0,870.0,914.0,902.5,857.75,802.6,965.5,22.279999999999994,5.71789919827507,134316400,False,False
BUMI.JK,170.0,174.66666666666666,172.0,161.5,150.15,157.36,194.98,24.51666666666665,4.350435482227278,3267610800,False,False
BULL.JK,416.0,414.6666666666667,404.8,387.6,353.7,364.12,407.93,31.150000000000006,5.749887514628583,691148100,False,False
BUKK.JK,1070.0,1070.0,1081.0,1095.5,1087.25,1020.5,1195.35,15.0,2.732634220420848,15500,False,False
BUKA.JK,121.0,118.33333333333333,115.6,110.9,104.35,110.98,128.94,16.650000000000006,3.1246545534953976,185647000,False,False
BUDI.JK,204.0,205.33333333333334,205.6,206.0,205.0,205.72,209.0,1.0,1.022514916895598,168300,True,False
BUAH.JK,510.0,511.6666666666667,513.0,514.0,510.75,510.7638543701172,508.7512274169922,0.8,1.465889181354402,206100,True,False
BTPS.JK,960.0,995.0,1008.0,1020.0,1004.75,977.9,1000.9434497070313,12.0,1.9550304225750954,7079100,False,False
BTPN.JK,2170.0,2226.6666666666665,2240.0,2231.0,2195.0,2202.5,2118.4326245117186,7.0,1.5170249603820856,42500,False,False
BTON.JK,366.0,365.3333333333333,361.2,354.6,351.8,357.64,369.18,7.099999999999994,4.077121038110756,54700,False,False
BTEK.JK,12.0,11.666666666666666,11.6,11.1,10.7,10.9,12.97,1.3000000000000007,5.728461743927208,57217800,False,False
BSSR.JK,4240.0,4270.0,4278.0,4276.0,4164.5,3871.43396484375,3725.0110327148436,40.65660351562501,0.7393359413313508,691500,False,False
BSML.JK,525.0,520.0,519.0,518.5,515.1,462.72,415.52,12.455999999999994,1.064307101152169,18592600,False,False
BSIM.JK,695.0,700.0,702.0,697.5,695.75,731.2,816.6,7.240000000000009,1.7964695196728928,16600,False,False
BSDE.JK,565.0,578.3333333333334,582.0,575.5,565.25,597.9,685.05,6.579999999999996,1.9932803532417411,10512200,False,False
BSBK.JK,52.0,52.666666666666664,52.8,52.3,51.85,51.9,55.89,0.9499999999999957,1.780026896430948,51767800,True,False
BRRC.JK,56.0,57.333333333333336,58.4,59.8,58.35,58.62,69.86,3.799999999999997,2.4939337663547048,3049200,True,False
BRPT.JK,1725.0,1753.3333333333333,1790.0,1752.0,1635.9399169921876,1655.5758276367187,1740.48501953125,30.812016601562483,2.9102810749966896,114434700,False,False
BRNA.JK,605.0,598.3333333333334,597.0,603.5,591.0,597.4,633.95,2.8,4.733043898215592,67200,False,False
BRMS.JK,575.0,590.0,599.0,580.5,538.75,569.8,695.05,12.05,4.732609585061664,277879600,False,False
BRIS.JK,1845.0,1863.3333333333333,1878.0,1837.0,1788.5,1807.643798828125,1914.7657727050782,17.9,3.506531056410911,10661700,False,False
BREN.JK,3460.0,3550.0,3572.0,3494.0,3390.8891357421876,3422.9494921875,4566.724008789062,18.11108642578124,3.298553600708155,12717100,False,False
BRAM.JK,4450.0,4450.0,4460.0,4491.0,4492.0,4431.129243164062,4376.6045434570315,6.087075683593776,1.0719781223935065,500,False,False
BPTR.JK,74.0,74.33333333333333,74.6,72.5,69.95,71.16,76.91,4.6499999999999915,2.9960723535742573,2999900,True,False
BPII.JK,438.0,437.3333333333333,438.8,439.4,437.0,448.32,458.26,5.659999999999997,1.799551055303221,11500,True,False
BPFI.JK,258.0,262.6666666666667,257.6,252.4,246.62541580200195,250.2990673828125,256.9230625915527,8.020625432332366,2.3132302097994173,105600,False,False
BOLT.JK,785.0,798.3333333333334,795.0,793.5,784.5,785.8,832.1090924072265,2.766666666666674,1.6816897667801094,7800,True,False
BOLA.JK,162.0,164.0,163.8,162.7,156.65,152.88,159.61,11.120000000000005,1.559574032253118,1670600,False,False
BOGA.JK,1500.0,1510.0,1527.0,1515.0,1526.5,1370.4,1399.7,31.319999999999983,2.336094847260762,10600,False,False
BOBA.JK,228.0,230.0,232.4,237.4,252.5,275.4497894287109,237.0563607788086,23.724894714355457,1.829927865563573,652400,False,False
BOAT.JK,133.0,127.66666666666667,125.8,118.3,111.6,111.94,128.75,21.400000000000006,3.7123043894691725,21023300,False,False
BNLI.JK,2330.0,2363.3333333333335,2376.0,2363.0,2361.0,2697.0,2955.676115722656,36.7,1.2622867310417818,25700,False,False
BNII.JK,188.0,189.33333333333334,190.0,190.0,189.1,189.48,194.91080123901367,2.0,0.5231831462981017,313300,True,False
BNGA.JK,1655.0,1650.0,1648.0,1623.5,1590.75,1592.7,1625.6842346191406,12.85,0.9358965058336725,4178900,False,False
BNBR.JK,106.0,106.33333333333333,108.2,99.2,92.06382942199707,100.92167694091796,133.59768531799315,16.136170578002933,8.588896007238949,2638644600,False,False
BNBA.JK,735.0,741.6666666666666,744.0,748.0,743.25,722.5,728.7,5.1,1.7025406603820101,27500,True,False
BMTR.JK,115.0,117.0,119.0,118.6,115.65,119.28,134.06,4.280000000000001,2.8736721725058962,27282900,True,False
BMSR.JK,314.0,314.0,317.2,312.0,300.3,297.04,311.58,10.079999999999984,3.4298900024688384,124900,False,False
BMRI.JK,4160.0,4223.333333333333,4314.0,4317.0,4159.0,4148.0,4245.963862304688,16.9,2.669140299433255,233516000,False,False
BMHS.JK,179.0,180.0,180.0,178.5,176.2,178.41689727783202,182.55515029907227,3.8000000000000114,0.5922764283321242,1095500,True,False
BMBL.JK,32.0,32.0,32.2,31.2,31.5,32.0,33.89,1.0000000000000036,4.4114551712438965,3188900,False,False
BMAS.JK,484.0,483.3333333333333,487.6,485.0,478.7,483.3,491.64,4.450000000000017,3.013552154560942,6100,True,False
BLUE.JK,2860.0,2916.6666666666665,2916.0,2897.0,2908.0,3056.26294921875,3244.013742675781,19.62629492187498,1.4431878538612606,547900,False,False
BLTA.JK,34.0,33.666666666666664,34.4,34.3,33.05,34.38,38.74,1.3500000000000014,3.400074860839201,2755500,True,False
BLOG.JK,364.0,376.0,381.6,371.4,355.3,341.5958630371094,353.8803460693359,20.00206848144532,3.5559160304395028,378100,False,False
BLES.JK,163.0,163.66666666666666,159.8,152.2,146.0,142.03291259765626,145.16037490844727,21.633754069010394,3.360826781353231,2350600,False,False
BKSW.JK,53.0,53.0,53.0,52.5,51.8,52.38,55.59,1.2000000000000028,0.8188380769486862,712300,True,False
BKSL.JK,68.0,69.66666666666667,70.4,68.2,64.65,67.96,89.98,5.75,2.5663545042800315,99600600,True,False
BKDP.JK,146.0,149.0,152.0,150.4,123.95,122.56,94.64,29.439999999999998,5.383978464340593,1416800,False,False
BJTM.JK,515.0,520.0,523.0,520.5,514.75,514.3654382324219,517.9252261352539,1.7269123535156268,1.016669140889496,9793500,True,False
BJBR.JK,775.0,783.3333333333334,786.0,780.5,774.25,766.5,763.0588507080079,3.9,0.8835680670683308,1799100,True,True
BISI.JK,650.0,651.6666666666666,657.0,648.5,641.75,668.7544677734375,730.5087268066407,5.4008935546874905,1.5887611625562434,279900,True,False
BIRD.JK,1605.0,1611.6666666666667,1621.0,1616.0,1573.5,1479.769833984375,1481.1298498535157,28.246033203124988,0.9087136303197599,427800,False,False
BIPP.JK,64.0,65.33333333333333,66.8,67.6,63.35,60.7,66.88,6.8999999999999915,1.5721821096143822,12429300,False,False
BIPI.JK,146.0,154.0,157.6,151.3,136.5,152.12,197.82,21.099999999999994,5.2200854044270635,549316200,False,False
BINO.JK,107.0,107.33333333333333,107.6,104.8,99.9,99.56,111.39,8.039999999999992,3.0041582477284603,112000,False,False
BINA.JK,4140.0,4143.333333333333,4178.0,4093.0,4006.5,3892.8,4101.9,28.519999999999982,3.5720393014558858,176300,False,False
BIKE.JK,510.0,510.0,510.0,510.0,510.0,510.0,489.73,0.0,0.0,0,True,False
BHIT.JK,25.0,25.666666666666668,26.4,25.8,25.65,27.08,30.61,2.0799999999999983,3.8028829776220463,4640100,False,False
BHAT.JK,1770.0,1770.0,1770.0,1770.0,1770.0,1419.3,1411.5,70.14000000000001,0.0,0,False,False
BGTG.JK,109.0,110.33333333333333,112.2,111.1,109.6,109.82,115.95,3.200000000000003,2.351748805395566,1116000,True,False
BFIN.JK,780.0,770.0,773.0,776.0,769.5,721.1822705078125,721.0606475830078,11.763545898437496,1.8269613034898788,15729200,False,False
BEST.JK,100.0,101.33333333333333,102.0,101.8,99.65,99.26,103.53,2.739999999999995,1.5301276693409875,1314300,True,False
BESS.JK,890.0,900.0,911.0,906.0,918.5,943.6410461425781,1083.541696166992,10.72820922851563,2.2831184063230108,469600,False,False
BELL.JK,115.0,116.66666666666667,118.6,116.3,110.25,106.28,130.91,12.319999999999993,4.432833592756882,13931300,False,False
BELI.JK,256.0,255.33333333333334,257.2,260.0,264.7,292.28,347.52,18.473333333333315,1.517731215981257,267100,False,False
BEKS.JK,21.0,21.0,21.4,21.2,20.8,21.4,24.54,0.5999999999999979,3.5439686532368038,5828100,True,False
BEER.JK,76.0,76.66666666666667,77.6,78.5,78.2,84.3,111.92,8.299999999999997,1.714996924567171,3361400,False,False
BEEF.JK,340.0,344.0,331.2,297.4,260.25,197.08,220.52,73.46,5.242997298389117,8789800,False,False
BDMN.JK,4080.0,4083.3333333333335,4134.0,4173.0,4024.5,4176.2,3610.315129394531,15.169999999999982,1.077398035066127,573600,False,False
BDKR.JK,151.0,149.66666666666666,148.8,146.9,145.95,139.92784286499023,147.04063804626466,11.072157135009775,2.209393041223276,13519700,False,False
BCIP.JK,62.0,62.333333333333336,62.6,62.0,60.1,60.82,66.85,2.5,0.9147694469663046,4522900,True,False
BCIC.JK,125.0,124.66666666666667,124.4,124.1,120.85,118.96,125.23,6.040000000000006,3.302895645119058,3593700,False,False
BCAP.JK,50.0,50.333333333333336,50.4,50.2,50.1,50.08,51.05,0.3999999999999986,0.9336024218017578,1643900,True,False
BBYB.JK,244.0,247.33333333333334,253.2,247.4,231.2,238.44,275.8,11.0,4.512772798350376,13189300,False,False
BBTN.JK,1220.0,1228.3333333333333,1242.0,1234.0,1194.25,1217.5,1272.05,9.55,2.1368345364966244,13477600,False,False
BBSS.JK,95.0,97.0,96.6,96.7,95.7,107.58,144.11,12.579999999999998,3.090811058030364,813000,False,False
BBSI.JK,4690.0,4690.0,4694.0,4701.0,4681.0,4580.0,4635.9,12.1,0.6517915286639122,2100,False,False
BBRM.JK,112.0,114.66666666666667,115.6,116.5,116.9,112.8,130.9,4.900000000000006,2.7509721410494277,3444800,True,False
BBRI.JK,2950.0,2966.6666666666665,2998.0,2947.0,2857.5,2907.4,3079.6321484375,14.05,1.9002767055791046,201363300,False,False
BBNI.JK,3520.0,3546.6666666666665,3574.0,3547.0,3432.5,3530.8,3687.5794458007813,14.15,1.3079442647234258,62103400,False,False
BBMD.JK,1995.0,1991.6666666666667,1981.0,1960.0,1940.5,1930.1077880859375,1937.4016137695312,12.9784423828125,1.9348875331430184,5300,False,False
BBLD.JK,610.0,598.3333333333334,614.0,587.0,558.25,582.82201171875,662.869765625,11.15,4.976754048476594,38000,False,False
BBKP.JK,53.0,53.666666666666664,54.2,53.6,52.2,53.46,58.42,2.0,2.146947645748463,109470200,True,False
BBHI.JK,910.0,911.6666666666666,917.0,923.5,923.5440277099609,924.476796875,1094.4794915771483,2.895359374999998,1.2956915642321367,53000,True,False
BBCA.JK,6300.0,6283.333333333333,6375.0,6330.0,6175.0,5996.0,6219.688359375,15.16,1.9457017380032142,125142500,False,False
BAYU.JK,1155.0,1158.3333333333333,1158.0,1156.0,1140.5,1134.9370361328124,1199.8759118652345,4.67925944010417,0.39845421142795545,27300,True,False
BAUT.JK,28.0,28.0,28.4,29.2,28.0,27.2,30.86,2.0,3.332602457736484,2154300,True,False
BATR.JK,92.0,93.0,93.0,90.8,87.35,85.21839111328126,88.1379315185547,7.781608886718743,2.332717937212837,2507900,False,False
BATA.JK,59.0,59.0,59.0,59.0,59.05,60.76,61.77,1.759999999999998,0.0,0,True,False
BAPI.JK,17.0,16.0,15.2,15.4,15.65,17.7,23.32,2.5,5.6377507910747475,12628600,False,False
BAPA.JK,171.0,192.66666666666666,200.0,228.2,285.5,257.44,200.64,114.5,11.288138801038524,26529600,False,False
BANK.JK,284.0,292.0,294.8,291.8,281.2,284.76,405.14,6.800000000000011,3.0794421811475794,4471900,False,False
BALI.JK,1215.0,1223.3333333333333,1227.0,1234.0,1239.75,1235.0,1263.1,4.95,1.1120567358498588,1800,True,False
BAJA.JK,222.0,184.0,176.6,171.4,165.4,153.52,153.87,34.239999999999995,10.929648138958505,57291000,False,False
BAIK.JK,720.0,713.3333333333334,716.0,698.0,676.25,613.28,524.05,21.344000000000005,1.6564881471120478,14226400,False,False
BACA.JK,115.0,114.33333333333333,116.2,112.9,107.1,112.28,124.97,9.100000000000009,5.926511949556092,1435200,False,False
BABY.JK,183.0,190.33333333333334,193.0,188.0,178.6,173.26,203.68,19.74000000000001,3.082126060168773,658800,False,False
BABP.JK,50.0,50.0,50.0,50.0,50.0,50.06,51.11,0.060000000000002274,0.0,242800,True,False
AYLS.JK,150.0,151.0,153.0,151.6,154.1,140.86,168.11,13.23999999999998,3.0621619763580235,464800,False,False
AYAM.JK,400.0,395.3333333333333,395.6,382.0,365.7,341.04,335.88,29.47999999999999,1.790144809922583,49631000,False,False
AXIO.JK,111.0,112.33333333333333,113.8,113.2,110.85,107.89168350219727,109.53356651306153,5.90831649780273,1.89106281607381,584200,True,False
AWAN.JK,149.0,149.33333333333334,152.2,149.1,147.45,145.04,149.8,7.159999999999997,2.392160057597768,1401000,False,False
AVIA.JK,322.0,325.3333333333333,331.6,330.8,322.6,324.16,353.19548767089844,4.800000000000011,1.7541902277257544,10738400,True,False
AUTO.JK,2620.0,2603.3333333333335,2626.0,2618.0,2511.5,2487.0,2510.956728515625,13.9,1.6253639336140036,1984900,False,False
ATLA.JK,50.0,50.333333333333336,50.4,50.2,50.1,49.833951797485355,50.61352046966553,0.5660482025146436,0.9336024218017578,5337800,True,False
ATIC.JK,476.0,480.6666666666667,478.4,477.6,476.2,481.76,510.65,2.8799999999999955,1.7473344547529277,82000,True,False
ATAP.JK,555.0,560.0,564.0,574.0,502.85,452.02,520.02,24.396000000000004,5.095928057330103,1177100,False,False
ASSA.JK,590.0,608.3333333333334,611.0,619.0,603.25,606.146875,738.41328125,5.8,2.0130111542395794,4842400,True,False
ASRM.JK,264.0,265.3333333333333,266.4,261.2,254.1,253.45699096679687,269.46037139892576,6.471504516601556,1.4401201484605695,6400,False,False
ASRI.JK,119.0,120.66666666666667,122.2,121.9,117.5,113.68710494995118,123.8797364807129,8.512895050048826,2.1234307840313225,6183800,False,False
ASPR.JK,145.0,149.33333333333334,151.4,152.5,148.3,191.37021911621093,212.60783279418945,46.37021911621093,4.141369254870534,25085900,False,False
ASPI.JK,402.0,410.0,418.4,445.0,442.85,394.62,383.41,25.189999999999998,3.757162399263439,1253500,False,False
ASMI.JK,18.0,18.333333333333332,18.6,19.1,16.85,16.2,18.37,2.900000000000002,5.241425160535546,16765700,False,False
ASLI.JK,196.0,202.0,204.4,198.3,198.6,216.56,277.86,20.560000000000002,4.353083146174742,6647300,False,False
ASLC.JK,63.0,64.66666666666667,64.6,63.9,61.55,62.72,69.98,3.1166666666666742,2.74980499787689,4943100,True,False
ASJT.JK,158.0,158.0,158.8,162.8,160.95,161.28,174.9306982421875,4.800000000000011,2.2526737566146164,2380500,True,False
ASII.JK,4910.0,4963.333333333333,5028.0,5012.0,4888.5,4964.8,5428.236538085937,13.95,2.125193754984881,21049300,False,False
ASHA.JK,56.0,57.666666666666664,58.4,58.3,56.05,58.14,66.75,2.3999999999999986,2.1757689342261877,15353600,True,False
ASGR.JK,1925.0,1906.6666666666667,1902.0,1905.5,1769.75,1600.8,1558.628116455078,64.84,1.9836760868879553,1708000,False,False
ASDM.JK,505.0,511.6666666666667,515.0,513.5,509.5480560302734,495.4199169921875,528.037526550293,3.916016601562501,1.4121349208638456,109200,True,False
ASBI.JK,422.0,420.6666666666667,422.8,424.0,418.6,409.75301025390627,409.55906677246094,7.123494873046866,1.4958915588259751,40300,False,False
ARTO.JK,1200.0,1263.3333333333333,1300.0,1303.0,1166.0,1087.1,1228.9,43.18000000000002,4.949524916913946,6346100,False,False
ARTA.JK,2520.0,2513.3333333333335,2510.0,2500.0,2559.5,2392.1,2598.65,16.74000000000001,4.9940840570214835,8600,False,False
ARNA.JK,484.0,484.0,481.2,472.4,463.7,447.88,466.92256591796877,18.060000000000002,0.71014475177498,2656400,False,False
ARKO.JK,5125.0,5508.333333333333,5450.0,5094.0,4909.0,5385.0,6666.0,23.973333333333322,7.657911467020242,2614200,False,False
ARKA.JK,22.0,22.0,22.0,22.0,22.0,25.3,28.97,3.3000000000000007,0.0,0,True,False
ARII.JK,270.0,270.6666666666667,272.4,271.2,273.6,275.2,279.4,2.5999999999999943,1.4353475850582864,14800,True,False
ARGO.JK,1160.0,1125.0,1122.0,1088.5,1032.25,918.1,955.65,48.379999999999995,1.8650116612971224,731500,False,False
AREA.JK,296.0,295.3333333333333,296.8,277.8,252.6,239.16,285.3,28.820000000000007,4.656448328735434,1366300,False,False
ARCI.JK,1050.0,1080.0,1088.0,1080.5,1019.75,1060.8542919921874,1311.2435363769532,13.65,3.3528299237857295,20340100,False,False
APLN.JK,125.0,129.33333333333334,132.4,133.5,125.25,130.9,148.19,8.5,4.061551721864972,17945600,False,False
APLI.JK,240.0,242.0,244.8,245.0,244.7,245.21195892333984,233.34048126220702,2.605979461669918,1.6676686398327218,57900,True,False
APII.JK,180.0,181.33333333333334,182.2,182.9,183.1802200317383,179.01582397460936,182.49824157714843,4.164396057128926,0.7812165593855318,8200,True,False
APIC.JK,645.0,666.6666666666666,686.0,677.5,663.5,790.6,1095.1,29.120000000000005,3.769248981637437,984000,False,False
APEX.JK,146.0,149.0,147.2,143.4,134.65,134.52,167.23,14.47999999999999,3.477252634710193,9869800,False,False
ANTM.JK,2970.0,3013.3333333333335,3044.0,3033.0,2927.5,2830.6780029296874,3216.3643408203125,21.332199707031258,2.1611352867728044,98598300,False,False
ANJT.JK,1440.0,1461.6666666666667,1477.0,1490.0,1456.5,1512.4,1588.6,14.480000000000018,2.2741632114425765,15800,False,False
ANDI.JK,17.0,18.0,18.4,18.3,17.6,17.82,21.66,1.3999999999999986,3.711737567960334,5167200,True,False
AMRT.JK,1310.0,1366.6666666666667,1378.0,1368.5,1380.25,1348.6945751953126,1392.5946252441406,14.05,2.359913497227431,53323400,False,False
AMOR.JK,346.0,347.3333333333333,347.2,344.0,332.1,331.16,338.16,8.086666666666645,1.3394654919432825,32100,False,False
AMMS.JK,300.0,299.3333333333333,300.0,302.2,308.2,335.56,370.36,18.113333333333344,1.2759823045316403,90300,False,False
AMMN.JK,4030.0,4096.666666666667,4146.0,4002.0,3708.5,3518.6,4432.4,62.74000000000001,3.5696818306299116,83361400,False,False
AMIN.JK,244.0,243.33333333333334,244.4,243.8,243.4,250.04,247.76,3.3533333333333246,1.0543638333579708,21900,True,False
AMFG.JK,3260.0,3230.0,3166.0,3124.0,3067.182421875,3007.237822265625,3100.395808105469,25.27621777343752,1.6236058180272988,4400,False,False
AMAR.JK,210.0,209.33333333333334,208.8,208.0,205.55,195.22129272460938,193.78978073120118,7.389353637695308,0.7092443469101746,107500,False,False
AMAN.JK,258.0,260.6666666666667,262.8,264.0,261.8,256.84,274.74,3.5800000000000125,1.7138090225427955,62300,True,False
AMAG.JK,384.0,385.3333333333333,387.6,389.0,390.3,390.36,396.7318411254883,3.180000000000007,0.7071756411725941,4000,True,False
ALKA.JK,1375.0,1145.0,999.0,802.5,659.25,596.04,634.89,155.792,11.198873555227204,1101900,False,False
ALII.JK,735.0,750.0,745.0,750.5,732.25,769.0654724121093,797.5475372314453,7.363094482421866,2.081694489296806,569800,False,False
ALDO.JK,785.0,810.0,810.0,751.0,720.9242767333984,704.0682727050781,643.5227642822266,21.186345458984373,8.849839006303412,131200,False,False
AKSI.JK,234.0,226.0,225.2,222.6,217.6,220.76,265.48,8.200000000000003,3.04299200503519,4689400,False,False
AKRA.JK,1455.0,1436.6666666666667,1450.0,1407.5,1343.0,1305.2,1332.682705078125,29.95999999999999,2.557814752241388,27150900,False,False
AKPI.JK,498.0,495.3333333333333,494.8,495.5,488.35,489.8286480712891,500.0250534057617,4.824999999999989,0.7911693926785898,17300,True,False
AKKU.JK,38.0,38.0,38.0,38.0,38.0,38.0,38.05,0.0,0.0,0,True,False
AISA.JK,105.0,106.66666666666667,107.6,108.3,104.85,103.96,114.92,4.340000000000003,0.9917287880992841,2238600,True,False
AIMS.JK,382.0,366.6666666666667,358.4,375.8,394.8,395.44,417.12,18.52000000000001,6.867578128644265,349000,False,False
AHAP.JK,93.0,94.66666666666667,96.0,95.0,92.45,87.88,102.4,8.120000000000005,2.1767087383260186,10108300,False,False
AGRS.JK,61.0,61.666666666666664,61.8,61.2,60.55,61.6,65.88,1.25,1.4551554214769344,1663100,True,False
AGRO.JK,146.0,148.33333333333334,150.4,148.8,143.9,150.24,167.5,6.5,2.1276616349073354,2457100,False,False
AGII.JK,2800.0,2860.0,2918.0,2974.0,2905.0,2771.8695068359375,2986.202080078125,20.21304931640625,1.982903170999669,94500,False,False
AGAR.JK,630.0,630.0,605.0,472.6,339.1,269.12,252.74,72.176,13.288320618935886,0,False,False
AEGS.JK,43.0,43.333333333333336,44.0,42.3,40.05,41.68,46.68,3.950000000000003,3.824036537119562,647000,False,False
ADRO.JK,2520.0,2533.3333333333335,2544.0,2525.0,2421.5,2340.6,2364.196179199219,20.34000000000001,1.4882416066733126,28671100,False,False
ADMR.JK,1475.0,1508.3333333333333,1524.0,1525.5,1469.5,1487.7,1679.9644580078125,11.2,2.1416370439922474,19664000,False,False
ADMG.JK,220.0,218.66666666666666,220.4,219.4,209.3,203.84,204.96,8.280000000000001,4.379323697542023,427800,False,False
ADMF.JK,8200.0,8250.0,8265.0,8247.5,8126.25,8176.0,8202.048002929687,5.55,0.8312748604521412,13700,True,False
ADHI.JK,161.0,162.66666666666666,165.0,164.7,159.35,162.68,182.09,5.650000000000006,1.977019467910688,2341900,True,False
ADES.JK,38850.0,36841.666666666664,35710.0,34970.0,34483.75,28239.0,22753.5,424.44,2.82515450427315,120200,False,False
ADCP.JK,50.0,50.0,50.0,50.0,50.0,50.0,50.56,0.0,0.0,0,True,False
ACST.JK,86.0,88.33333333333333,87.2,84.0,80.15,78.78,91.15,9.553333333333327,2.439248221397855,531500,False,False
ACRO.JK,61.0,61.333333333333336,61.6,61.9,60.7435001373291,59.86010795593262,65.48328327178955,2.039892044067379,1.6112648036934265,3722800,True,False
ACES.JK,350.0,355.3333333333333,356.4,352.6,344.6,331.08087646484375,338.26619323730466,12.659561767578111,1.0697764639216265,14790500,False,False
ABMM.JK,2480.0,2506.6666666666665,2522.0,2492.0,2389.0,2399.0,2646.2666284179686,13.3,1.6191267213934928,114800,False,False
ABDA.JK,3430.0,3430.0,3422.0,3408.0,3384.0,3380.2,3101.4,4.980000000000018,0.6790581079766864,200,True,False
ABBA.JK,30.0,30.0,30.0,30.0,30.0,33.06,37.98,3.0600000000000023,0.0,0,True,False
AALI.JK,6575.0,6583.333333333333,6545.0,6472.5,6285.0,6345.0,6951.064252929687,11.933333333333321,1.3021864778234995,1176800,False,False
AADI.JK,9000.0,8950.0,8975.0,8807.5,8422.5,8123.5649609375,8973.340810546875,35.05740156250002,1.6676139439373676,8058600,False,False
