Ticker,Close,MA3,MA5,MA10,MA20,MA50,MA100,Range_Ticks,Vol_Pct,Volume,MA_Tight,Signal
ZYRX.JK,129.0,129.33333333333334,130.0,130.4,126.85,128.58,132.70506210327147,3.5500000000000114,2.36746018633635,209500,True,False
ZONE.JK,805.0,741.6666666666666,733.0,726.0,736.25,624.32,486.4362286376953,36.13599999999999,4.60853084684555,1938900,False,False
ZINC.JK,30.0,30.0,30.0,30.0,30.0,30.0,30.0,0.0,0.0,0,True,False
YUPI.JK,1450.0,1440.0,1390.0,1339.5,1321.25,1337.0,1400.2644079589843,25.75,2.8452802056344333,317600,False,False
YULE.JK,3500.0,3486.6666666666665,3478.0,3478.0,3448.5,3405.2,3365.6023681640627,9.480000000000018,1.431269307216697,2000,False,False
YPAS.JK,1475.0,1496.6666666666667,1488.0,1311.0,971.75,757.3,932.0,147.87333333333336,10.66716342801896,500800,False,False
YOII.JK,81.0,81.0,82.2,83.0,83.35,85.38,87.73,4.3799999999999955,1.611786719580869,2791800,True,False
YELO.JK,87.0,87.33333333333333,90.0,90.1,89.5,79.72,86.13,10.379999999999995,6.478738354773847,79310600,False,False
WTON.JK,81.0,80.33333333333333,81.0,80.4,78.35,75.1,79.55492301940917,5.900000000000006,2.184347374284435,2546500,True,True
WSBP.JK,14.0,14.0,14.0,14.0,14.0,14.04,15.4,0.03999999999999915,0.0,0,True,False
WOWS.JK,63.0,61.0,62.0,60.7,60.1,58.84,64.59,4.159999999999997,5.788176145592425,12641800,False,False
WOOD.JK,210.0,208.0,210.4,213.6,218.6,214.36,247.46,5.299999999999997,2.5517830674945112,11411600,True,False
WOMF.JK,280.0,278.0,280.0,276.4,268.7,257.64,272.8596124267578,11.180000000000007,2.011198769467119,16900,False,False
WMUU.JK,50.0,50.0,50.6,52.5,53.35,51.78,58.48,3.3500000000000014,2.023945907773023,25948700,True,False
WIRG.JK,75.0,74.66666666666667,75.2,70.5,65.1,58.56,65.21,16.64,6.102632225942271,172385800,False,False
WINS.JK,515.0,515.0,517.0,517.0,513.5,518.8,516.1257595825195,1.059999999999991,1.014639460272585,5094500,True,False
WINR.JK,20.0,21.0,21.6,23.4,22.25,21.5,25.1,3.3999999999999986,5.780232464987396,135941000,False,False
WINE.JK,122.0,127.33333333333333,129.6,131.7,137.9,146.5840509033203,157.20117126464845,24.584050903320303,2.0827147751018944,4907500,False,False
WIIM.JK,1700.0,1693.3333333333333,1708.0,1721.5,1744.0,1658.4,1666.0328234863282,17.119999999999983,2.4335255803994973,1349600,False,False
WIFI.JK,2050.0,2026.6666666666667,2058.0,2027.5,1997.0,1863.5536596679688,2000.0224963378905,19.444634033203123,4.33078381645064,33420400,False,False
WIDI.JK,27.0,27.0,26.8,25.8,25.7,25.96,27.82,1.3000000000000007,4.376646301575061,6590800,False,False
WGSH.JK,151.0,162.33333333333334,168.2,176.1,171.6,145.02,129.11,31.079999999999984,5.03103433478352,47323400,False,False
WEHA.JK,108.0,107.33333333333333,107.6,108.0,107.5,103.84,112.18404968261719,4.159999999999997,2.3223868430751105,3721100,True,False
WEGE.JK,55.0,55.666666666666664,57.6,56.8,53.6,51.46,52.79,6.140000000000001,8.899653799344739,17870700,False,False
WAPO.JK,156.0,150.0,145.4,141.2,132.45,121.36,124.36,34.64,3.2814256312178354,12023400,False,False
VTNY.JK,89.0,86.33333333333333,85.2,79.5,72.15,65.04,65.51,23.959999999999994,5.71506003978597,26876500,False,False
VRNA.JK,75.0,74.66666666666667,74.6,74.5,75.15,74.68,76.51,0.6500000000000057,1.4266142495836818,221600,True,False
VOKS.JK,220.0,222.66666666666666,227.6,228.4,222.2,207.8,213.04,10.299999999999997,2.376108421037834,621000,False,False
VKTR.JK,905.0,876.6666666666666,895.0,879.0,834.25,712.46,768.13,38.507999999999996,5.89363895457457,59050000,False,False
VIVA.JK,52.0,49.666666666666664,51.2,54.7,51.35,40.76,40.44,13.940000000000005,6.514773016350614,54369900,False,False
VISI.JK,1010.0,966.6666666666666,946.0,940.0,925.75,936.7,872.15,16.85,4.824697604522517,1973700,False,False
VINS.JK,139.0,142.0,142.0,142.7,141.7,138.42,146.78,4.280000000000001,1.7392429156214848,1181100,True,False
VICO.JK,154.0,147.66666666666666,146.4,145.3,143.2,139.4,146.73,14.599999999999994,2.2146270202056426,1304800,False,False
VICI.JK,745.0,733.3333333333334,716.0,659.5,623.25,613.0,589.1384780883789,26.4,4.480293985078906,2939100,False,False
VERN.JK,254.0,243.33333333333334,240.8,232.4,217.85,184.44,158.02,34.78,4.532403832926907,31893900,False,False
VAST.JK,112.0,112.66666666666667,114.4,114.8,114.7,115.44,118.84,3.4399999999999977,1.753537600735691,1227300,True,False
UVCR.JK,140.0,139.66666666666666,140.4,142.1,146.45,148.32,170.3061050415039,8.653333333333336,2.1852391941536653,39971500,False,False
URBN.JK,214.0,215.33333333333334,213.6,212.8,211.0,212.8,204.84,2.1666666666666714,3.384419814393675,65200,True,False
UNVR.JK,1760.0,1775.0,1791.0,1780.0,1777.0,1739.6,1682.2073999023437,10.280000000000019,1.8786399803423455,10229600,False,False
UNTR.JK,24475.0,24150.0,24035.0,23672.5,23808.75,24103.0,25517.85796875,32.1,1.2358042235066833,1865900,False,False
UNTD.JK,82.0,81.33333333333333,82.0,82.8,81.85,77.24,78.86,5.560000000000002,2.9934673007416897,11690100,True,True
UNSP.JK,206.0,206.0,206.0,206.0,206.0,207.08,263.26,0.5400000000000063,0.0,0,True,False
UNIQ.JK,117.0,116.33333333333333,116.8,116.0,114.3,108.46,113.64,8.540000000000006,1.3740318435605872,2345000,False,False
UNIC.JK,15000.0,15050.0,15080.0,15097.5,14902.5,13488.5,12565.6207421875,64.36,0.5077151726869759,10100,False,False
ULTJ.JK,1495.0,1488.3333333333333,1493.0,1500.5,1485.5,1418.8,1474.6,16.34000000000001,1.0005964555535618,2608400,False,False
UFOE.JK,141.0,141.66666666666666,142.0,142.0,139.75,137.66,141.73,4.340000000000003,1.0213182096075701,110800,True,False
UDNG.JK,1445.0,1383.3333333333333,1371.0,1321.5,1268.0,1313.9,1206.1,35.4,4.083552950660247,2055900,False,False
UCID.JK,505.0,489.6666666666667,475.0,458.1,437.65,400.0551434326172,393.55044921875,20.988971313476565,2.065686507099782,2837000,False,False
UANG.JK,2440.0,2456.6666666666665,2460.0,2439.0,2417.5,2349.1,2765.1,11.090000000000009,2.283077938238928,49000,False,False
TYRE.JK,112.0,112.0,112.4,112.8,113.35,112.04,112.21,1.3499999999999943,0.9089957138810612,215900,True,False
TUGU.JK,1335.0,1343.3333333333333,1353.0,1352.0,1287.25,1237.6,1194.0052551269532,23.08000000000002,3.6349116900281393,2197700,False,False
TSPC.JK,2720.0,2726.6666666666665,2730.0,2756.0,2796.0,2638.6,2530.9,15.740000000000009,1.0224856220800487,800400,False,False
TRUS.JK,438.0,442.6666666666667,445.2,429.2,420.3,405.8122320556641,355.2719030761719,19.693883972167953,7.146982258434669,19200,False,False
TRUK.JK,810.0,795.0,792.0,731.0,666.95,516.94,480.48,58.61199999999999,10.30739054177589,976400,False,False
TRUE.JK,50.0,50.0,50.0,50.0,50.0,51.08,90.97,1.0799999999999983,0.0,0,True,False
TRST.JK,468.0,467.3333333333333,464.0,460.8,459.0,468.92999755859375,465.86916107177734,4.964998779296877,1.2120902102413367,74200,True,False
TRON.JK,100.0,98.66666666666667,100.6,100.7,103.65,102.32,113.12,4.983333333333334,3.736939710871276,105523700,True,False
TRJA.JK,125.0,123.0,122.6,120.8,115.85,112.12,119.95,12.879999999999995,2.716623764975389,410600,False,False
TRIS.JK,173.0,173.0,173.4,171.9,170.6,166.6,168.95071975708007,6.800000000000011,1.3138720870294724,1211800,False,False
TRIN.JK,336.0,330.6666666666667,338.8,322.8,320.5,337.52,480.52,9.150000000000006,6.388706498526721,13966700,False,False
TRIM.JK,600.0,603.3333333333334,606.0,600.5,594.75,574.8166650390625,556.5490164184571,6.236666992187497,1.0363997340745235,248100,False,False
TRGU.JK,174.0,173.33333333333334,172.2,169.9,168.05,167.3,174.81,6.699999999999989,2.6931050621410546,358800,False,False
TPMA.JK,464.0,458.6666666666667,459.2,458.8,460.0,446.76,483.81,8.620000000000005,0.9013849266539129,2371100,False,False
TPIA.JK,1950.0,1936.6666666666667,1961.0,1995.0,2059.0,1985.2,3031.216628417969,24.46666666666665,3.6367738779274865,250093700,False,False
TOWR.JK,470.0,466.6666666666667,452.4,427.6,414.6,395.84,415.3102096557617,37.08000000000001,2.943373271693758,102115900,False,False
TOTO.JK,234.0,234.0,234.4,233.8,234.9,236.52,240.56194595336913,1.3599999999999994,0.569829709845288,421200,True,False
TOTL.JK,1555.0,1535.0,1475.0,1457.5,1337.25,1167.9,1110.9945062255858,77.41999999999999,3.9158638344189534,2133100,False,False
TOSK.JK,73.0,72.66666666666667,72.8,72.4,70.5,65.4,63.15,7.599999999999994,1.4899720576721869,5138300,False,False
TOOL.JK,66.0,66.0,66.4,66.6,66.55,65.18,67.57,1.4199999999999875,1.9979593956790553,10403600,True,False
TOBA.JK,600.0,566.6666666666666,560.0,536.0,512.5,455.88,490.4378991699219,28.824,5.227071912975694,30968200,False,False
TNCA.JK,160.0,159.33333333333334,158.8,160.5,162.45,148.9,162.8,13.549999999999983,1.3976616266704183,204000,False,False
TMPO.JK,252.0,201.33333333333334,188.6,186.4,158.6,126.74,123.88,62.63,14.96682136367678,318103600,False,False
TMAS.JK,139.0,138.66666666666666,138.0,134.6,129.15,121.36,120.22109260559083,17.64,3.211108617476725,7843600,False,False
TLKM.JK,2610.0,2610.0,2610.0,2605.0,2637.0,2587.3366845703126,2665.4140209960938,4.966331542968737,0.6268891121035638,115845900,True,False
TLDN.JK,580.0,568.3333333333334,570.0,563.0,558.75,532.2,554.403291015625,9.559999999999992,2.5709940176877,2442600,False,False
TKIM.JK,7900.0,7916.666666666667,7920.0,7795.0,7358.75,6404.86140625,6955.913500976562,60.605543749999995,2.3130034098330277,1436300,False,False
TIRT.JK,590.0,590.0,590.0,590.0,590.0,597.4,543.98,1.4799999999999955,0.0,0,True,False
TIRA.JK,408.0,410.6666666666667,412.8,417.4,445.5,523.56,643.83,57.77999999999997,1.7328958982571923,374900,False,False
TINS.JK,4080.0,4076.6666666666665,4050.0,3965.0,3858.0,3631.98552734375,3535.5231689453126,44.80144726562499,2.600234025924688,34089000,False,False
TIFA.JK,350.0,334.6666666666667,341.2,335.8,333.4,283.0770147705078,303.09074737548826,33.461492614746106,9.25802782320481,1314500,False,False
TGKA.JK,5125.0,5091.666666666667,5027.0,5001.5,4947.75,4891.1,4768.995229492188,9.355999999999986,1.4330828213811624,400,False,False
TFCO.JK,930.0,896.6666666666666,910.0,862.0,817.0,733.9,699.2,39.220000000000006,4.805766636547041,1100,False,False
TFAS.JK,186.0,185.66666666666666,185.2,184.8,187.5,189.54,202.36,4.739999999999981,1.0140257082196895,258200,True,False
TEBE.JK,1745.0,1731.6666666666667,1762.0,1568.5,1327.0,1145.0,1161.8243127441406,123.4,12.314541703821153,7634100,False,False
TCPI.JK,2370.0,2303.3333333333335,2350.0,2831.0,3621.0,5405.9994921875,8377.550087890624,310.2666158854167,6.011480260477716,4238600,False,False
TCID.JK,2650.0,2670.0,2684.0,2676.0,2703.0,2739.2,2788.9,8.919999999999982,1.7241710396402519,14700,False,False
TBMS.JK,1245.0,1223.3333333333333,1221.0,1207.5,1194.75,1209.300634765625,1238.371875,10.05,2.1132166899793012,42200,False,False
TBLA.JK,625.0,625.0,629.0,625.5,626.25,622.8088195800781,621.4499911499023,1.238236083984384,1.1824578398855514,443700,True,False
TBIG.JK,1495.0,1473.3333333333333,1456.0,1426.5,1417.0,1414.8167016601562,1476.8641979980468,16.036659667968753,1.8255164612457508,672600,False,False
TAYS.JK,50.0,50.0,50.0,50.0,50.0,50.0,54.02,0.0,0.0,0,True,False
TAXI.JK,13.0,13.333333333333334,13.6,14.3,14.25,13.3,14.59,1.3000000000000007,5.3515586709967655,28361400,False,False
TARA.JK,29.0,29.0,29.2,29.8,29.85,29.7,30.1,0.8500000000000014,3.470587010635396,345600,True,False
TAPG.JK,2050.0,1980.0,1963.0,1885.0,1816.5112426757812,1631.8269702148436,1614.4380200195312,41.817302978515634,2.4507306308082524,21821500,False,False
TAMU.JK,26.0,25.333333333333332,25.6,25.7,23.8,21.2,23.54,4.800000000000001,6.690418278581681,3684000,False,False
TAMA.JK,236.0,239.33333333333334,252.0,255.6,247.6,200.72,189.41,27.439999999999998,6.05514981880432,13184900,False,False
TALF.JK,750.0,723.3333333333334,728.0,754.5,807.5,692.114033203125,692.7715716552734,23.077193359374995,4.032102522601623,1253100,False,False
SWID.JK,119.0,120.66666666666667,120.2,115.0,109.05,98.99331573486329,99.77338760375977,21.673350931803384,4.804036319510528,9226700,False,False
SURI.JK,80.0,80.0,80.0,78.2,75.2,68.66,70.12,11.340000000000003,1.8675873161024488,7776100,False,False
SURE.JK,2600.0,2610.0,2638.0,2657.0,2706.5,2781.8,2743.7,18.180000000000017,1.3154716225038836,1800,False,False
SUPA.JK,520.0,518.3333333333334,530.0,535.0,565.75,568.6,700.2,10.053333333333331,2.791131729464871,11278800,False,False
SUNI.JK,710.0,713.3333333333334,717.0,716.0,718.0,662.8398815917968,655.3489904785156,11.032023681640634,0.6407466603481892,252800,False,False
SULI.JK,89.0,89.33333333333333,90.8,92.6,92.35,85.38,90.18,7.219999999999999,1.6490866341646606,5792800,False,False
STTP.JK,9425.0,9450.0,9440.0,9480.0,9640.0,9769.5,9800.25,13.78,1.1100189657399273,1200,False,False
STRK.JK,69.0,67.33333333333333,66.2,63.0,62.75,66.5,82.68,6.25,2.8047289182966644,17223800,False,False
STAR.JK,412.0,414.0,419.6,421.6,357.2,313.08,421.46,54.26000000000002,8.972970372297304,79700,False,False
STAA.JK,1185.0,1161.6666666666667,1157.0,1114.0,1101.5,1055.6,1067.3476916503905,25.880000000000017,1.720167466437169,8049600,False,False
SSTM.JK,384.0,392.0,397.2,402.0,409.1,400.84,487.37,12.550000000000011,1.0354295793421184,206000,False,False
SSMS.JK,915.0,901.6666666666666,911.0,899.5,930.75,871.7,982.1702062988281,11.809999999999992,2.963006920748643,11321600,False,False
SSIA.JK,1855.0,1851.6666666666667,1819.0,1758.5,1703.75,1634.1397314453125,1619.3095971679688,44.172053710937504,3.494164962953604,20770600,False,False
SRTG.JK,1955.0,1930.0,1926.0,1887.0,1827.5,1691.2,1633.768974609375,52.75999999999999,1.4037631420085528,6974100,False,False
SRSN.JK,72.0,70.66666666666667,71.2,70.8,70.35,68.3,67.25,3.700000000000003,1.9587166991750282,68300000,True,True
SRAJ.JK,14950.0,13808.333333333334,13975.0,14075.0,13300.0,11884.0,12873.5,122.64,7.080254167750814,8100,False,False
SQMI.JK,62.0,61.333333333333336,61.4,61.5,63.2,57.28,53.97,5.920000000000002,2.2413325950093,16335900,True,True
SPTO.JK,615.0,615.0,613.0,610.5,605.5,586.7,577.190786743164,5.659999999999991,0.925961482792103,508300,True,False
SPRE.JK,91.0,89.33333333333333,90.0,89.6,89.25,85.38,84.32,5.6200000000000045,3.4267728555140153,571500,True,False
SPMA.JK,165.0,165.0,165.2,164.9,164.3,164.26615356445313,163.10230728149415,0.9338464355468545,0.8075013956480775,166600,True,False
SOUL.JK,37.0,37.0,37.0,37.0,37.0,37.48,42.17,0.4799999999999969,0.0,0,True,False
SOTS.JK,635.0,623.3333333333334,632.0,649.5,625.5,616.7,750.7,6.559999999999991,2.376683976020205,546700,False,False
SOSS.JK,840.0,840.0,840.0,840.0,855.0,854.7,851.85,3.0,1.0904405724718789,500,True,False
SONA.JK,2400.0,2466.6666666666665,2424.0,2703.0,2547.0,2366.768200683594,2252.353122558594,33.62317993164061,7.9801851624712885,15300,False,False
SOLA.JK,91.0,91.33333333333333,91.8,91.0,92.8,99.1,108.24,8.099999999999994,2.029879284176056,4911900,False,False
SOHO.JK,1205.0,1196.6666666666667,1195.0,1186.5,1189.75,1170.3,1433.3,6.940000000000009,0.9165900008148814,25400,False,False
SOFA.JK,358.0,348.6666666666667,344.8,308.6,270.4,241.64,314.58,58.18000000000001,7.147368078272775,4521800,False,False
SOCI.JK,545.0,536.6666666666666,541.0,529.5,497.9,407.98451721191407,420.89380645751953,27.403096557617186,3.7018811901089155,8354700,False,False
SNLK.JK,228.0,226.0,228.8,229.0,226.9,224.68,233.42,2.1599999999999966,1.6589137867993942,15150400,True,False
SMSM.JK,1710.0,1718.3333333333333,1729.0,1724.5,1728.5,1675.7707934570312,1694.7371301269532,10.645841308593754,0.7857375028250289,8285400,False,False
SMRA.JK,314.0,314.0,320.4,325.2,324.9,306.5532434082031,305.265135345459,9.323378295898436,1.545626842838383,5126200,False,False
SMMT.JK,2030.0,2046.6666666666667,1989.0,1927.5,1892.25,1849.7,1866.45,19.69666666666667,2.6468748287897235,94600,False,False
SMMA.JK,20050.0,20025.0,20080.0,20120.0,20126.25,20898.0,18873.5,34.92,0.3469300168188513,82000,False,False
SMLE.JK,165.0,158.33333333333334,160.8,166.2,165.15,136.78,127.1,29.419999999999987,5.083685929967043,19287700,False,False
SMKM.JK,114.0,108.0,105.6,101.6,87.05,74.48,80.51,39.519999999999996,4.422940894369412,7659100,False,False
SMKL.JK,146.0,146.33333333333334,146.8,147.0,147.2,141.68,146.0538652038574,5.519999999999982,1.274721050804459,7600,True,False
SMIL.JK,406.0,400.6666666666667,398.4,387.2,395.0,341.8,305.58,32.099999999999994,2.399495830569651,58739000,False,False
SMGR.JK,1505.0,1500.0,1522.0,1533.0,1534.0,1493.0,1746.6591015625,8.2,2.4954133039696553,23426700,False,False
SMGA.JK,80.0,79.66666666666667,80.4,78.7,75.45,70.78,76.41,9.620000000000005,4.089301083318554,4693200,False,False
SMDR.JK,312.0,311.3333333333333,311.2,307.6,303.52191467285155,288.2572137451172,299.335518951416,11.871393127441394,1.070735179635899,8844900,False,False
SMDM.JK,545.0,545.0,546.0,551.5,556.5,561.8,567.86,3.359999999999991,1.751435810585072,115000,True,False
SMBR.JK,161.0,164.33333333333334,166.0,166.4,165.8,159.32,174.70819534301756,7.0800000000000125,1.8569695450470995,4635600,False,False
SMAR.JK,6100.0,5908.333333333333,5880.0,5775.0,5743.75,5345.4,5252.1151513671875,30.184000000000015,1.6643098268759648,112600,False,False
SLIS.JK,93.0,91.66666666666667,94.6,93.9,81.85,69.16,74.03,25.439999999999998,7.947144535923386,74845500,False,False
SKRN.JK,388.0,390.0,390.0,390.6,398.0,380.12,403.3511389160156,8.939999999999998,1.3944675787225882,185000,False,False
SKLT.JK,214.0,214.0,212.4,209.0,204.55,193.4,198.14071502685547,10.299999999999997,1.6049479647263993,83100,False,False
SKBM.JK,540.0,538.3333333333334,538.0,539.0,538.25,542.4,575.49,0.8799999999999955,1.9530770036612115,139000,True,False
SIPD.JK,915.0,821.6666666666666,799.0,761.5,721.25,704.6,802.1,42.08,6.110957827377509,408600,False,False
SINI.JK,8750.0,8666.666666666666,8285.0,7695.0,7436.25,7491.87259765625,9963.936298828125,52.55,4.042153237768812,2181200,False,False
SIMP.JK,610.0,605.0,609.0,601.0,598.75,562.4872705078125,598.921011352539,9.502545898437507,2.1881278419509607,5215600,False,False
SILO.JK,2200.0,2206.6666666666665,2242.0,2278.0,2274.5,2205.7,2331.35,7.8,2.5311971002158558,743400,False,False
SIDO.JK,352.0,349.3333333333333,350.0,349.6,353.1,366.6,407.72563110351564,8.633333333333354,1.010878993994239,18658000,False,False
SICO.JK,116.0,115.0,112.6,110.6,109.8,107.28,112.9789232635498,8.719999999999999,2.4774117815248298,12824200,False,False
SHIP.JK,2260.0,2203.3333333333335,2214.0,2253.0,2168.25,1881.1,2309.005480957031,37.89000000000001,3.853917827702582,127500,False,False
SHID.JK,530.0,541.6666666666666,541.0,550.5,582.5,588.2,660.25,11.64000000000001,3.6134076951698075,18500,False,False
SGRO.JK,4800.0,4783.333333333333,4794.0,4729.0,4368.5,3495.5239453125,3564.298806152344,130.44760546875,1.9614759276461624,50300,False,False
SGER.JK,560.0,550.0,540.0,505.8,490.3,443.36,400.02,23.327999999999996,2.9328647197763065,57310600,False,False
SFAN.JK,2030.0,2030.0,2028.0,2019.5,1997.5,1979.8,1962.2,5.020000000000005,0.2993064252929883,51800,True,False
SEMA.JK,113.0,109.0,105.8,101.6,100.2,96.34,101.66,16.659999999999997,2.3085187909276863,10252800,False,False
SDRA.JK,222.0,219.33333333333334,219.2,219.6,220.6,213.64,229.58,4.180000000000007,1.2108924957745644,1352100,True,False
SDPC.JK,190.0,191.66666666666666,191.4,188.6,185.75,182.9,183.30672821044922,8.766666666666652,0.9717594144536167,61700,False,False
SDMU.JK,93.0,87.66666666666667,88.2,83.5,82.05,81.78,84.42,11.219999999999999,7.94687360988343,156882200,False,False
SCNP.JK,151.0,149.66666666666666,149.2,149.4,152.5,151.47930053710937,153.94023483276368,3.3000000000000114,0.9947603321511196,97100,True,False
SCMA.JK,204.0,206.0,210.8,206.5,204.25,204.78,219.80888626098633,3.4000000000000057,2.588365841420356,76014600,True,False
SCCO.JK,2340.0,2350.0,2352.0,2336.0,2317.0,2271.650634765625,2260.3852612304686,8.0349365234375,1.2291713437506888,26200,False,False
SBMA.JK,109.0,108.0,107.8,107.7,107.7,107.78,111.4,1.2999999999999972,1.5689461924241639,458800,True,False
SATU.JK,238.0,243.33333333333334,246.8,253.0,256.8,266.44,264.74,14.219999999999999,1.4358477815359114,187900,False,False
SAPX.JK,212.0,216.66666666666666,216.8,214.4,215.1,213.9,223.46,2.4000000000000057,1.4651742133144585,252500,True,False
SAMF.JK,288.0,290.0,289.2,285.0,281.3,279.33013793945315,289.45779251098634,5.334931030273424,2.151689614827505,195700,True,False
SAME.JK,306.0,300.0,295.6,294.0,296.1,312.0,319.46,9.0,1.5386045292192665,1471300,False,False
SAGE.JK,28.0,28.666666666666668,29.4,30.2,31.55,29.8,29.94,3.5500000000000007,2.778212132909413,1228100,True,False
SAFE.JK,675.0,594.0,513.6,459.6,422.8,376.44,361.14,59.712,11.02143902683052,2508300,False,False
RUNS.JK,62.0,62.0,62.4,62.6,62.85,67.54,74.49,5.540000000000006,1.417960308888793,2627100,True,False
RUIS.JK,200.0,200.66666666666666,204.4,204.6,204.85,195.89,198.3559375,8.960000000000008,2.7389709727009524,381700,False,False
RSCH.JK,340.0,340.6666666666667,336.0,323.4,320.3,302.6,297.32,19.03333333333333,1.9711659860465307,20599500,False,False
ROTI.JK,585.0,585.0,585.0,584.5,586.5,599.1,608.5154266357422,2.9200000000000044,0.4854878236893709,591500,True,False
RONY.JK,1225.0,1238.3333333333333,1237.0,1228.5,1259.75,1194.7,1279.35,13.009999999999991,3.345130639236599,3600,False,False
RODA.JK,65.0,65.33333333333333,67.0,66.4,64.7,60.46,63.59,6.539999999999999,4.464653218044991,18041600,False,False
ROCK.JK,2100.0,2096.6666666666665,2124.0,2129.0,1983.25,1870.0,2036.45,25.9,4.105253958994464,25700,False,False
RMKO.JK,274.0,277.3333333333333,282.4,282.6,285.9,306.16,372.96,16.080000000000013,2.7263364438191653,2707000,False,False
RMKE.JK,416.0,413.3333333333333,418.8,413.8,412.0,428.08,508.48826721191404,8.039999999999992,2.8680494729687473,57098900,False,False
RLCO.JK,4210.0,4253.333333333333,4326.0,4419.0,4744.5,4032.8,4220.55,71.16999999999999,2.0963509772382727,334300,False,False
RISE.JK,910.0,905.0,920.0,922.0,944.5,960.9,1252.8,11.179999999999996,1.951427779678703,1723400,False,False
RIGS.JK,680.0,680.0,683.0,683.0,680.5,682.4,680.75,0.6,0.97240526330189,50000,True,False
RICY.JK,79.0,78.66666666666667,79.2,79.4,79.3,77.82,84.05,1.5800000000000125,1.1898388891045437,23300000,True,False
RGAS.JK,228.0,242.66666666666666,225.0,208.1,223.85,209.14,153.77894203186034,17.28333333333333,9.331604039359851,107661300,False,False
RELI.JK,520.0,521.6666666666666,524.0,513.8,498.5,493.9,494.03,6.020000000000005,2.820155799079818,45700,False,False
RELF.JK,35.0,35.0,35.2,35.0,35.05,34.88,36.6,0.3200000000000003,1.9058514898660401,1219700,True,False
REAL.JK,50.0,50.333333333333336,50.4,51.5,51.5,50.7784937286377,51.68661640167236,1.5,1.5970703548227265,1208000,True,False
RDTX.JK,13600.0,13700.0,13590.0,13577.5,13597.5,13730.9343359375,14623.334677734376,6.137373437499991,0.9709554117365817,400,False,False
RCCC.JK,114.0,110.0,109.2,106.4,102.9,93.94,98.6,20.060000000000002,2.1604704721144024,2559400,False,False
RBMS.JK,63.0,63.0,63.2,63.5,64.2,62.3,62.6,1.9000000000000057,3.5633296748415937,20907900,True,True
RATU.JK,4290.0,4293.333333333333,4310.0,4445.0,4726.25,4911.4,5173.852783203125,62.139999999999965,3.7839396046627263,7647100,False,False
RANC.JK,520.0,520.0,521.0,521.5,518.5,522.4,533.32,0.7799999999999955,0.6379775195414108,21800,True,False
RALS.JK,380.0,379.3333333333333,380.4,380.4,380.4,378.4,384.4977789306641,1.0,0.4293659413382531,1643900,True,False
RAJA.JK,825.0,820.0,827.0,835.0,858.75,842.0269030761718,817.2406042480469,7.75,3.1854335871816684,102324000,False,False
RAAM.JK,187.0,187.66666666666666,188.6,188.1,193.9,203.06,207.17,16.060000000000002,2.4551378817461758,584600,False,False
PZZA.JK,180.0,180.0,180.2,180.5,182.1,183.84,190.0602294921875,3.8400000000000034,0.6947490092774693,524300,True,False
PYFA.JK,226.0,224.0,228.8,220.8,215.4,207.92,249.48,10.440000000000012,4.904234005324789,10699700,False,False
PWON.JK,268.0,266.0,267.2,262.4,261.9,257.37483856201175,276.30153076171877,5.312580718994127,1.5783597360532586,44840900,True,False
PURI.JK,153.0,151.33333333333334,147.6,143.1,140.35,138.12,144.53,14.879999999999995,4.076306229286108,4742300,False,False
PURA.JK,32.0,31.666666666666668,31.8,32.4,32.3,31.24,32.2,1.1600000000000001,2.0847592869297,1897500,True,False
PUDP.JK,272.0,274.6666666666667,280.0,287.4,296.9,295.0,309.12664611816405,12.449999999999989,2.5679685765906797,212300,False,False
PTSP.JK,895.0,901.6666666666666,905.0,913.5,918.25,897.6,900.95,4.65,1.4925879320521067,8800,True,False
PTSN.JK,292.0,292.0,292.4,289.2,283.8,257.9792956542969,267.47147323608397,17.210352172851543,1.7865163261284993,268700,False,False
PTRO.JK,5075.0,5020.0,5122.0,5211.0,5010.75,4478.9,4695.1,29.284000000000013,4.974174924830168,39334600,False,False
PTPW.JK,1175.0,1175.0,1176.0,1177.5,1174.5,1170.9627380371094,1058.6371258544923,1.307452392578125,0.5655812361446664,42900,True,False
PTPS.JK,156.0,155.0,156.8,154.9,151.3,139.14,147.74,17.660000000000025,2.138043464946793,1153600,False,False
PTPP.JK,206.0,205.33333333333334,206.8,205.6,203.2,198.0,216.36,4.400000000000006,2.7221639455118534,10430900,True,False
PTMP.JK,64.0,64.0,64.6,65.4,64.65,60.98,63.28,4.420000000000009,2.6766600975998722,7349100,True,True
PTIS.JK,258.0,260.0,260.8,259.8,264.3,270.76,285.76,6.3799999999999955,1.7149666709719416,4800,False,False
PTBA.JK,2500.0,2466.6666666666665,2440.0,2399.0,2374.5,2381.8482666015625,2540.107080078125,12.55,1.7181518004202274,23812700,False,False
PSSI.JK,326.0,326.0,328.4,328.8,327.8,310.4,314.25089447021486,9.200000000000017,1.3901846907370174,44500,False,False
PSKT.JK,236.0,238.0,229.6,224.4,224.2,206.6,221.43,15.700000000000003,7.994808540313718,26955000,False,False
PSGO.JK,195.0,195.0,195.0,194.9,195.3,196.54,194.22633407592772,1.6399999999999864,0.9157031108357477,110200,True,False
PSDN.JK,135.0,133.33333333333334,132.8,134.0,132.3,120.6,134.78,14.400000000000006,3.571406802444904,7847600,False,False
PSAT.JK,895.0,896.6666666666666,898.0,895.5,888.5,850.5,861.25,9.5,0.8922750049177176,81200,False,False
PSAB.JK,645.0,640.0,640.0,575.9,513.7,456.08,436.0884552001953,37.784000000000006,6.7017511917306125,109915800,False,False
PRIM.JK,119.0,118.66666666666667,117.6,115.1,111.7,100.28,90.39,18.72,1.9954236611316245,6280200,False,False
PRDA.JK,2570.0,2520.0,2530.0,2462.0,2416.5,2447.6,2449.1503173828123,15.35,2.010774714315978,1038800,False,False
PRAY.JK,760.0,761.6666666666666,766.0,767.0,748.25,715.7,718.25,10.259999999999991,3.4635218547640734,6800,False,False
PPRO.JK,15.0,16.0,16.4,16.8,16.75,16.94,18.31,1.9400000000000013,3.729666883881017,42472400,True,False
PPRI.JK,144.0,145.33333333333334,145.8,144.5,145.8,144.54,156.45,1.8000000000000114,1.9230048937193884,5622100,True,False
PPRE.JK,105.0,104.66666666666667,107.2,104.8,104.2,104.74,108.79,3.0,3.7949790274200694,14955600,True,False
PPGL.JK,294.0,269.3333333333333,252.0,233.8,219.2,206.88,206.48,43.56,4.4296879621676135,10665400,False,False
POWR.JK,925.0,898.3333333333334,873.0,847.5,791.25,742.7,718.8307330322266,36.459999999999994,4.5369301648793,9112300,False,False
PORT.JK,905.0,908.3333333333334,908.0,907.0,887.25,872.1,885.85,7.24666666666667,4.365184954457584,21400,False,False
POLY.JK,32.0,32.0,32.0,32.0,32.0,32.0,32.0,0.0,0.0,0,True,False
POLU.JK,19400.0,16416.666666666668,14350.0,12900.0,12377.5,12677.5,13087.75,280.9,9.890526139562292,119200,False,False
POLI.JK,855.0,813.3333333333334,795.0,779.5,760.25,735.0,886.6,24.0,3.4869457445875196,435300,False,False
PNSE.JK,498.0,500.3333333333333,502.2,495.3,492.65,506.88,549.14,7.115000000000009,1.5443947772976692,3300,False,False
PNLF.JK,228.0,228.0,231.6,233.6,230.4,223.84,232.93,4.8799999999999955,1.4632369178781324,6938900,True,False
PNIN.JK,735.0,725.0,719.0,717.5,715.75,723.2,744.85,3.85,1.5246923761205111,571400,True,False
PNGO.JK,3470.0,3483.3333333333335,3502.0,3519.0,3537.0,3496.2,3489.9,6.7,0.6375245507006139,2800,False,False
PNBS.JK,50.0,50.0,50.0,50.1,50.05,50.1,50.3,0.10000000000000142,0.9336024218017578,3146100,True,False
PNBN.JK,895.0,896.6666666666666,900.0,901.5,901.75,891.3381640625,908.4565539550781,2.0823671874999947,0.5853090017152177,2080100,True,False
PMUI.JK,99.0,98.66666666666667,98.4,97.6,96.15,87.72,88.03244094848633,11.280000000000001,1.7299593829084488,714100,False,False
PMJS.JK,137.0,128.33333333333334,127.2,123.3,119.6,111.19442291259766,116.45769157409669,25.80557708740234,4.6879206220323,9179200,False,False
PLAN.JK,42.0,42.0,41.0,39.5,38.8,37.82,41.74,4.18,3.021970523311633,3173500,True,True
PKPK.JK,3690.0,3670.0,3678.0,3687.0,3790.5,3446.4,3075.2,34.40999999999999,1.9092760597021579,464200,False,False
PJHB.JK,184.0,185.0,182.4,177.7,174.2,168.6,188.47,16.400000000000006,3.4246306944043488,2661800,False,False
PJAA.JK,460.0,459.3333333333333,459.6,458.4,456.6,456.72,471.89279296875,1.6999999999999886,0.5819487074891989,107400,True,False
PIPA.JK,202.0,195.0,183.4,155.5,137.7,124.54,126.71,38.73,9.176388490633132,424084400,False,False
PICO.JK,195.0,193.66666666666666,171.0,152.5,141.65,133.34,140.63,61.66,11.05535122873663,19592500,False,False
PGUN.JK,9900.0,9950.0,9840.0,8945.0,8211.25,7742.0,8032.82458984375,88.32,8.30982702189402,90600,False,False
PGLI.JK,204.0,208.0,208.0,209.4,207.4,196.36,201.94,6.519999999999996,2.4770637318538102,239200,False,False
PGJO.JK,910.0,913.3333333333334,904.0,856.0,798.0,745.8,756.35,33.50666666666668,3.7766766650202226,213400,False,False
PGEO.JK,1030.0,1033.3333333333333,1047.0,1060.5,1051.0,985.4,969.6911602783204,15.020000000000005,2.992793779707099,20997600,False,False
PGAS.JK,1535.0,1531.6666666666667,1528.0,1511.5,1507.5,1492.6,1593.4169567871095,8.480000000000018,1.0529003376166557,26339500,False,False
PEVE.JK,314.0,314.0,313.6,317.2,326.2,320.44,354.2,6.299999999999983,1.144113950949712,1513800,False,False
PEHA.JK,278.0,277.3333333333333,280.8,279.4,271.3,260.0082406616211,273.15615234375,10.395879669189469,5.225612273802168,301800,False,False
PEGE.JK,120.0,114.33333333333333,115.6,111.3,104.2,105.02914642333984,118.52457321166992,15.799999999999997,5.540008731097044,55774000,False,False
PDPP.JK,338.0,334.6666666666667,329.2,316.2,309.7,282.9394342041016,290.95951919555665,27.530282897949206,3.0578986708280724,85100,False,False
PDES.JK,410.0,390.0,386.0,386.6,396.0,415.44,461.86970092773436,14.719999999999999,3.576400292512169,535900,False,False
PCAR.JK,40.0,40.666666666666664,41.6,42.2,42.35,40.04,38.83,2.3500000000000014,2.6350772402270732,16724100,True,True
PBSA.JK,830.0,811.6666666666666,830.0,840.5,793.0,757.4952136230469,823.5604919433594,16.600957275390623,8.228531545475676,663100,False,False
PBRX.JK,26.0,26.0,26.0,26.2,26.45,26.74,30.39,0.7399999999999984,2.133320025093565,6634000,True,False
PBID.JK,535.0,531.6666666666666,534.0,532.5,532.75,502.0,490.551716003418,6.6,1.289451193030046,597100,False,False
PART.JK,115.0,110.33333333333333,105.0,101.3,101.35,103.30024642944336,105.29636558532715,13.700000000000003,3.3180460962344775,33947500,False,False
PANS.JK,1570.0,1565.0,1564.0,1557.0,1550.75,1550.7795727539062,1518.8895263671875,3.85,0.9657963610536671,137200,True,False
PANR.JK,428.0,423.3333333333333,422.8,424.2,422.5,414.68,449.2376470947266,6.659999999999997,1.3328755908014986,25500,False,False
PANI.JK,5950.0,5925.0,5990.0,6027.5,6130.0,6164.0,7060.144379882812,9.56,1.8457005969756517,8156600,False,False
PAMG.JK,55.0,55.333333333333336,55.6,55.9,56.2,54.5,56.17,1.7000000000000028,1.0081685332490227,9966100,True,False
PALM.JK,290.0,292.0,292.0,290.6,291.6,298.1062200927734,321.5340921020508,4.053110046386706,0.9459068529270811,266500,True,False
PADI.JK,74.0,74.33333333333333,73.2,71.5,71.0,71.92454528808594,86.62510948181152,3.3333333333333286,4.680288201436909,321597600,False,False
PADA.JK,232.0,219.33333333333334,224.0,212.1,189.3,142.58,145.31,44.709999999999994,13.706057212437697,180648200,False,False
PACK.JK,466.0,425.3333333333333,389.6,336.4,291.2,254.64,256.08,105.68,4.784466613050799,450689700,False,False
OPMS.JK,122.0,121.33333333333333,122.4,125.1,123.25,107.62,114.3,17.47999999999999,2.405626741351786,5621200,False,False
OMRE.JK,970.0,961.6666666666666,968.0,976.5,993.75,1029.1,967.3,13.486666666666656,2.0070433503727614,13800,False,False
OMED.JK,232.0,232.0,233.2,232.2,227.1,213.9183999633789,230.8557441711426,9.640800018310543,1.810902797765297,21626600,False,False
OLIV.JK,46.0,46.0,46.6,47.3,48.65,49.7,52.3,3.700000000000003,1.7192984957990722,7460400,True,False
OKAS.JK,121.0,120.66666666666667,122.6,121.6,114.7,106.52,109.41,16.08,4.605612584897735,3253600,False,False
OILS.JK,218.0,217.33333333333334,220.0,222.8,226.9,212.74,226.66,7.079999999999998,1.4272409891943019,2449900,False,False
OBMD.JK,195.0,193.66666666666666,195.2,193.8,191.45,182.12,198.05,13.079999999999984,2.362194310433715,675000,False,False
OBAT.JK,242.0,241.33333333333334,242.0,241.0,242.8,242.64,267.4826223754883,0.9000000000000057,1.1759745607222436,167000,True,False
OASA.JK,324.0,318.0,319.6,318.2,325.9,301.56,323.54,12.169999999999987,2.3194799744440053,21459800,False,False
NTBK.JK,80.0,78.33333333333333,80.2,81.1,86.65,80.72,79.92986541748047,8.316666666666677,4.295514106889024,25627800,False,False
NSSS.JK,870.0,853.3333333333334,872.0,877.5,947.5,784.036884765625,730.4018896484375,32.692623046875,4.362003982397695,9126500,False,False
NRCA.JK,590.0,581.6666666666666,573.0,556.0,531.85,487.76,500.2051092529297,20.448,3.1604716814036835,9147700,False,False
NPGF.JK,58.0,58.0,58.8,59.3,59.02715530395508,58.25075790405273,63.4469306564331,1.2999999999999972,3.22811480916225,13479000,True,False
NOBU.JK,498.0,498.3333333333333,501.0,500.9,493.4,458.96,482.61,21.02000000000001,1.5701416061898892,1381700,False,False
NISP.JK,1245.0,1251.6666666666667,1255.0,1257.5,1264.75,1238.1,1276.0384619140625,5.330000000000018,0.7716238041922203,5030600,True,False
NIRO.JK,161.0,163.0,161.0,159.6,158.35,149.54,167.65,13.460000000000008,2.998785987225422,930900,False,False
NINE.JK,100.0,97.33333333333333,94.4,85.8,79.45,78.26,97.29,21.739999999999995,6.243459064266031,27001900,False,False
NIKL.JK,198.0,198.0,198.6,195.4,195.45,190.6,236.33645782470703,8.0,2.0413697815509457,3180500,False,False
NICL.JK,505.0,489.0,485.4,474.9,473.95,500.9,623.1863616943359,6.210000000000003,2.382721479737371,63540500,False,False
NICK.JK,1930.0,1658.3333333333333,1579.0,1519.0,1428.0,1188.5,1178.4,148.3,8.39445479841529,125800,False,False
NICE.JK,388.0,333.3333333333333,308.0,282.8,269.7,261.52,277.22,63.24000000000001,8.337195560055562,59766400,False,False
NFCX.JK,1710.0,1721.6666666666667,1695.0,1630.5,1581.0,1600.2,1676.55,28.133333333333347,3.721190402221765,482500,False,False
NETV.JK,50.0,50.0,50.0,50.8,51.1,51.28,65.31,1.2800000000000011,1.2295667716366927,1129600,True,False
NEST.JK,685.0,691.6666666666666,691.0,688.5,703.75,639.9,548.42,12.770000000000005,0.8986127032307824,1819600,False,False
NELY.JK,200.0,201.33333333333334,202.0,202.0,201.05,202.26,237.86201934814454,2.259999999999991,1.0005128233422513,1174300,True,False
NCKL.JK,965.0,953.3333333333334,953.0,939.5,929.0,864.0140759277343,906.4016784667969,20.197184814453134,1.8578576960103592,37976200,False,False
NAYZ.JK,75.0,72.33333333333333,72.2,65.5,61.6,59.84,61.26,15.159999999999997,5.117894544643078,24585200,False,False
NATO.JK,680.0,670.0,667.0,657.0,657.5,627.0,616.75,10.6,1.72201644692221,152100,False,False
NASI.JK,143.0,143.66666666666666,142.4,137.2,134.7,122.34,130.0,21.326666666666654,2.66269827877104,1350200,False,False
NASA.JK,30.0,30.0,30.2,30.2,30.25,30.64,33.96,0.6400000000000006,3.2620773861499206,51200,True,False
NANO.JK,34.0,34.0,34.0,32.7,31.05,27.9,29.95,6.100000000000001,6.156032415660101,38408100,False,False
NAIK.JK,94.0,94.33333333333333,92.6,90.8,89.2,86.32,90.33528869628907,8.013333333333335,3.7284086242890195,7310800,False,False
MYTX.JK,41.0,41.0,41.0,41.0,41.0,40.88,45.27,0.11999999999999744,0.0,0,True,False
MYOR.JK,1600.0,1606.6666666666667,1636.0,1651.0,1671.0,1737.7,1739.82353515625,27.54000000000001,1.4245133517845412,11512000,False,False
MYOH.JK,1145.0,1143.3333333333333,1146.0,1112.0,1075.0,1054.9,1107.157947998047,18.21999999999998,2.762190987446489,74600,False,False
MUTU.JK,133.0,130.66666666666666,125.6,119.6,115.05,112.92,108.28951911926269,20.08,2.2510644262138713,84322300,False,False
MTWI.JK,246.0,246.0,246.8,249.8,253.0,262.56,280.072794342041,8.280000000000001,1.6290937943387835,5700,False,False
MTMH.JK,995.0,985.0,975.0,947.5,934.75,939.3666259765625,960.9533801269531,12.05,1.8413821597572217,18300,False,False
MTLA.JK,515.0,513.3333333333334,513.0,513.5,520.25,514.38,517.2462365722656,1.45,0.6504266241811298,1200,True,False
MTFN.JK,13.0,13.0,13.0,13.0,13.0,13.18,16.26,0.17999999999999972,0.0,0,True,False
MTEL.JK,466.0,458.6666666666667,451.2,442.6,443.4,458.34074645996094,472.580537109375,11.699999999999989,1.0252931537736079,72271200,False,False
MTDL.JK,510.0,508.3333333333333,508.0,508.5,509.0,508.68,520.4160000610351,0.4,1.4260952551623942,5618900,True,False
MSTI.JK,1350.0,1341.6666666666667,1339.0,1328.5,1327.0,1291.0,1280.356417236328,11.8,0.7142341447637499,1179300,False,False
MSKY.JK,64.0,63.0,64.4,66.2,65.5,62.44,69.98,3.760000000000005,3.747220790995054,3522000,True,False
MSJA.JK,432.0,432.0,436.8,433.2,420.9,414.0,435.92028167724607,11.400000000000006,1.8848878260298403,20671400,False,False
MSIN.JK,320.0,327.3333333333333,335.6,351.8,370.8,437.02,586.03,58.50999999999999,1.8497326468411894,32739100,False,False
MSIE.JK,96.0,95.33333333333333,95.4,96.2,96.6,90.46,99.54,6.140000000000001,2.1981982765567896,3957900,False,False
MREI.JK,920.0,920.0,920.0,920.0,920.0,926.6,968.45,1.3200000000000045,0.0,0,True,False
MRAT.JK,406.0,410.0,413.6,423.0,431.7,439.0,433.46,16.5,2.295651623323243,231100,False,False
MPXL.JK,170.0,168.33333333333334,167.6,167.1,161.75,153.02,157.53,16.97999999999999,2.433181307213698,1373100,False,False
MPRO.JK,12275.0,12008.333333333334,12460.0,12647.5,12116.25,10675.5,9844.5,78.88,7.433192228396246,12700,False,False
MPPA.JK,45.0,45.666666666666664,46.6,48.1,47.8,47.34,48.16,3.1000000000000014,1.9278631736010539,4882900,True,False
MPOW.JK,113.0,113.0,110.4,108.3,107.3,100.26,106.11,12.739999999999995,2.3075428034009,21386900,False,False
MPMX.JK,1015.0,1015.0,1015.0,1009.5,1005.0,986.2,924.991591796875,5.759999999999991,0.56130234965273,3096800,True,True
MPIX.JK,103.0,100.33333333333333,99.2,97.7,97.25,95.56,89.89,7.439999999999998,1.4266149302231637,15235900,False,False
MORA.JK,5300.0,5266.666666666667,5250.0,5182.5,5462.5,6247.5,6054.85,42.6,2.4375270879478794,441900,False,False
MOLI.JK,280.0,278.0,281.2,278.2,272.0,256.50764404296876,249.6083334350586,12.346177978515612,2.8387325952882794,2282200,False,False
MNCN.JK,202.0,202.0,203.2,202.0,202.3,204.68,217.38,1.3400000000000034,0.978707676859757,29823400,True,False
MMLP.JK,300.0,297.3333333333333,298.4,295.8,295.5,296.0,311.64,2.25,1.4445784816428386,884200,True,False
MMIX.JK,785.0,780.0,778.0,768.0,751.75,706.38,558.2,15.724,0.5711137328886141,29578500,False,False
MLPT.JK,1335.0,1326.6666666666667,1368.0,1386.0,1518.25,1169.52,994.3541241455079,69.74600000000001,5.9352416215732315,3565200,False,False
MLPL.JK,93.0,92.66666666666667,94.6,95.0,95.7,88.96,91.13,6.740000000000009,2.835877352369574,12660700,False,False
MLIA.JK,232.0,230.0,230.8,231.6,231.6,235.8,248.74,2.9000000000000057,1.0799979457856719,12400,True,False
MLBI.JK,6875.0,6900.0,6900.0,6935.0,6878.75,6510.7103125,6024.834399414062,16.971587499999988,0.7376093334496691,274000,False,False
MKTR.JK,121.0,122.0,122.4,122.9,122.85,121.14749267578125,123.72412796020508,1.9000000000000057,1.4082714838628683,199300,True,False
MKPI.JK,22100.0,22125.0,22110.0,22042.5,21951.25,21415.3666796875,21333.9330078125,28.385332812499982,0.2460247572353957,41600,False,False
MKAP.JK,1130.0,1143.3333333333333,1152.0,1159.5,1163.0,1160.1320458984376,1114.5222021484376,6.6,0.8293602853475822,27500,False,False
MITI.JK,250.0,224.0,216.4,206.5,199.85,180.76,201.3,34.620000000000005,5.245269044566628,27288500,False,False
MIRA.JK,26.0,26.0,26.8,27.8,26.35,22.22,21.85,5.580000000000002,5.571907883013539,2713900,False,False
MINE.JK,238.0,237.33333333333334,238.8,234.8,232.1,222.68,263.26,8.060000000000002,2.330557026728926,1376600,False,False
MINA.JK,278.0,276.6666666666667,277.2,273.0,271.5,275.68,296.06,3.25,3.1207067323133453,51371200,True,False
MIKA.JK,1875.0,1860.0,1839.0,1809.0,1805.75,1737.9690795898437,1771.5027416992189,27.406184082031267,1.1053197287671765,6779200,False,False
MIDI.JK,278.0,278.0,279.6,276.6,278.2,280.72,292.2703887939453,2.0600000000000023,1.4873435706343883,2033300,True,False
MICE.JK,535.0,528.3333333333334,528.0,525.5,522.0,508.2750518798828,501.5297048950195,5.344989624023436,0.7833669219140545,65600,True,False
MHKI.JK,144.0,141.0,140.2,136.9,136.2,130.13357330322265,144.7198105621338,13.866426696777353,2.6138181525055195,5041400,False,False
MGRO.JK,680.0,670.0,674.0,671.0,673.5,674.2,681.5,2.0,1.6457194238623498,6009900,True,False
MGNA.JK,95.0,95.33333333333333,96.0,97.8,105.55,95.76,119.09,10.549999999999997,1.9975098490328445,2662300,False,False
MGLV.JK,12125.0,11750.0,11500.0,10720.0,9561.25,8813.5,8049.65,132.46,3.806460815179076,1030100,False,False
MERK.JK,3920.0,3926.6666666666665,3942.0,3937.0,3930.5,3826.2,3717.423957519531,11.580000000000018,1.0663860062449797,59000,False,False
MERI.JK,122.0,121.33333333333333,121.8,120.4,115.75,109.3,121.22,12.700000000000003,2.289569074045511,3013700,False,False
MEJA.JK,119.0,118.33333333333333,122.2,121.2,110.4,95.66,96.54714286804199,26.540000000000006,5.0878075380760075,30529500,False,False
MEGA.JK,1970.0,1975.0,1978.0,1979.5,1981.25,2005.7,2101.883349609375,7.1400000000000095,0.2398594325067519,25300,False,False
MEDS.JK,71.0,71.0,70.8,71.0,72.75,74.16,78.55,3.3599999999999994,2.046134675086496,12292100,True,False
MEDC.JK,1360.0,1360.0,1378.0,1358.5,1330.75,1238.0,1355.6986962890626,28.0,3.461504867163265,27274500,False,False
MDRN.JK,26.0,26.0,26.0,26.0,26.0,26.68,34.92,0.6799999999999997,0.0,0,True,False
MDLN.JK,50.0,50.0,50.0,50.0,50.05,50.1,51.63,0.10000000000000142,0.0,81000,True,False
MDLA.JK,206.0,206.66666666666666,206.8,208.4,209.1,206.88,204.2512434387207,1.5499999999999972,0.9546037268118405,1090100,True,True
MDKI.JK,192.0,190.66666666666666,190.6,189.7,187.4,182.76,181.79814804077148,9.240000000000009,0.861999370893922,190400,False,False
MDKA.JK,3030.0,3003.3333333333335,2980.0,2923.0,2876.5,2761.0786474609376,2843.2303759765623,26.892135253906236,2.2875569441669743,32631700,False,False
MDIY.JK,950.0,948.3333333333334,946.0,947.5,933.25,917.8841809082031,877.629228515625,6.4231638183593756,0.814328789725349,603000,False,False
MDIA.JK,250.0,243.33333333333334,258.0,269.0,247.0,146.06,121.96,61.47,5.518228127611162,50807000,False,False
MCOR.JK,68.0,69.0,69.2,68.9,68.8,67.78,68.3,1.4200000000000017,1.6026285097696633,2248600,True,False
MCOL.JK,3690.0,3673.3333333333335,3700.0,3726.0,3727.0,3761.0,3757.34818359375,8.766666666666652,1.3746983346076154,2500,False,False
MCAS.JK,290.0,286.0,290.4,296.6,285.0,221.02,258.99,37.790000000000006,4.470280903647141,12823000,False,False
MBTO.JK,126.0,126.0,127.4,127.9,127.8,117.82,115.94,10.080000000000013,1.9545283104382996,6440300,False,False
MBSS.JK,2820.0,2826.6666666666665,2828.0,2832.0,2826.0,2693.6,2437.85,13.840000000000009,0.36414246739731493,886200,False,False
MBMA.JK,570.0,560.0,562.0,542.0,533.0,519.76,558.84,10.048000000000002,4.979678604488731,96942100,False,False
MBAP.JK,1470.0,1468.3333333333333,1469.0,1463.5,1448.0,1407.2,1508.95,12.559999999999992,0.8420904726594862,17200,False,False
MAYA.JK,198.0,198.33333333333334,199.4,199.1,199.75,195.04,193.66,4.710000000000008,0.8438837657653825,1148800,True,True
MAXI.JK,50.0,50.0,50.0,50.0,50.0,50.0,50.49,0.0,0.0,8700,True,False
MASB.JK,3390.0,3390.0,3388.0,3380.0,3386.5,3385.6,3329.2,1.0,1.3440628947930258,11100,True,False
MARK.JK,1065.0,1071.6666666666667,1083.0,1086.4909912109374,1071.5517974853515,1011.8198168945313,890.6236645507812,14.934234863281223,1.7812160178400456,878400,False,False
MARI.JK,23.0,23.0,23.0,23.0,23.0,23.14,25.51,0.14000000000000057,0.0,0,True,False
MAPI.JK,1500.0,1485.0,1496.0,1502.0,1570.5,1532.2072436523438,1455.2894982910157,17.1,1.8558287025235678,2036800,False,False
MAPB.JK,1175.0,1175.0,1175.0,1156.0,1159.5,1065.5,1269.7,21.9,6.029305489561279,0,False,False
MAPA.JK,705.0,678.3333333333334,676.0,662.0,658.5,628.3445520019532,623.4475616455078,15.331089599609367,3.1272574811710507,35984900,False,False
MANG.JK,39.0,39.333333333333336,38.8,38.3,38.65,39.76,43.61,1.4600000000000009,2.2943729579891547,7465000,True,False
MAIN.JK,660.0,661.6666666666666,667.0,667.5,675.25,679.7,752.3850427246093,3.9400000000000093,1.4467674137526647,851100,True,False
MAHA.JK,147.0,147.33333333333334,147.6,147.2,145.9,140.62,138.02250198364257,6.97999999999999,1.314888955385071,1585900,False,False
LUCK.JK,113.0,112.66666666666667,113.0,114.2,113.2,106.12,106.87,8.079999999999998,2.3247197814486964,4583900,False,False
LTLS.JK,845.0,836.6666666666666,842.0,842.5,836.0,801.9,783.1991363525391,8.620000000000005,0.9491211914728934,18700,False,False
LSIP.JK,1460.0,1448.3333333333333,1455.0,1432.0,1435.75,1343.0070678710938,1355.3845959472656,23.39858642578124,2.085705304000477,6928300,False,False
LRNA.JK,190.0,188.66666666666666,189.0,189.0,187.3,182.48,188.94,7.52000000000001,1.7409894788165574,3336000,False,False
LPPS.JK,80.0,81.33333333333333,81.4,81.2,81.3,76.02,77.68,5.38000000000001,1.8717555987883259,903000,True,False
LPPF.JK,1610.0,1608.3333333333333,1616.0,1606.5,1588.75,1553.5,1586.354130859375,12.5,0.9562097346652457,1804300,False,False
LPLI.JK,242.0,242.66666666666666,243.6,243.8,245.1,243.4,261.06,1.5499999999999972,0.9443502636587248,73100,True,False
LPKR.JK,63.0,62.333333333333336,63.4,63.2,62.75,61.58,69.44,1.8200000000000003,2.525835634566432,95313600,True,False
LPIN.JK,424.0,423.3333333333333,423.6,421.8,420.9,413.92,411.36669494628904,5.039999999999992,0.4507307555957475,92000,True,False
LPGI.JK,640.0,640.0,635.0,632.5,632.5,654.7,667.6572485351562,4.440000000000009,1.544898561107128,1300,True,False
LPCK.JK,590.0,593.3333333333334,602.0,605.5,588.75,541.18,564.69,12.86400000000001,2.0933979717348867,186000,False,False
LOPI.JK,76.0,77.66666666666667,79.6,78.1,73.8,63.48,83.77,16.119999999999997,5.039619635317767,6327000,False,False
LMPI.JK,164.0,159.33333333333334,157.8,155.6,148.15,141.28,146.69,22.72,5.469856272093235,2567600,False,False
LMAX.JK,109.0,109.66666666666667,111.4,111.6,112.4,102.86,120.87,9.540000000000006,2.11717539587831,158200,False,False
LIVE.JK,194.0,191.33333333333334,192.4,197.1,204.35,209.9,214.25,18.566666666666663,1.8440433062098163,3554800,False,False
LION.JK,356.0,351.3333333333333,349.6,347.0,349.5,337.4,364.16,9.300000000000011,1.2822495146971808,128400,False,False
LINK.JK,1495.0,1480.0,1496.0,1497.5,1444.75,1455.2,1521.4,10.55,7.011164885106365,59600,False,False
LIFE.JK,8150.0,6875.0,6395.0,6105.0,5972.5,5910.0,6336.0797509765625,89.6,8.66920369684229,205700,False,False
LFLO.JK,525.0,525.0,521.0,513.8,501.3,527.84,529.8291934204102,5.308000000000004,2.512956594224325,7900,True,False
LEAD.JK,103.0,102.66666666666667,105.8,107.8,108.3,102.28,112.35,6.019999999999996,4.36731559300104,18265400,False,False
LCKM.JK,109.0,109.0,109.0,109.0,109.0,109.34,112.78,0.3400000000000034,0.0,0,True,False
LAPD.JK,69.0,68.33333333333333,67.4,66.2,64.95,64.3,70.5,4.700000000000003,1.6368901902472321,31864500,True,False
LAND.JK,74.0,73.33333333333333,75.2,75.7,76.7,69.14,70.64,7.560000000000002,3.064571835917463,14983100,False,False
LAJU.JK,68.0,67.33333333333333,67.6,67.7,67.0,65.79423698425293,69.98930309295655,2.205763015747067,2.0724518265371508,12837400,True,False
LABS.JK,163.0,163.66666666666666,167.0,168.6,161.55,151.42,153.24,17.180000000000007,3.3118145905934275,465000,False,False
LABA.JK,96.0,97.0,98.0,96.4,95.5,92.98,102.35,5.019999999999996,3.431363817676161,7020300,True,False
KUAS.JK,97.0,96.33333333333333,94.4,93.0,92.4,91.04,99.26871253967285,5.959999999999994,2.6481870090404898,73977500,True,False
KSIX.JK,418.0,421.3333333333333,420.4,414.8,379.4,341.12,336.78,40.106666666666655,1.8485157085196495,568000,False,False
KRYA.JK,62.0,62.333333333333336,63.2,63.5,62.6,59.7,63.6,3.799999999999997,2.3957389560460807,7665000,True,False
KREN.JK,14.0,13.666666666666666,13.4,13.1,13.15,12.6,13.97,1.4000000000000004,5.677335648154899,15118600,False,False
KRAS.JK,224.0,224.0,225.6,224.4,224.1,218.5,238.4,3.549999999999997,1.9104081730360207,1732000,True,False
KPIG.JK,66.0,66.0,67.0,68.4,74.2,78.22,91.81,12.219999999999999,3.2593281231001194,124719100,False,False
KOTA.JK,170.0,157.33333333333334,159.0,166.0,163.8,124.5,115.5,45.5,8.636365215003487,1159742900,False,False
KOPI.JK,202.0,202.66666666666666,203.2,204.0,206.9,197.52,212.43,4.689999999999998,1.2289109271452445,150700,True,False
KONI.JK,2170.0,2203.3333333333335,2242.0,2288.0,2345.5,2542.6,2502.2,37.25999999999999,1.4835761834725978,36600,False,False
KOKA.JK,176.0,176.33333333333334,182.0,183.4,188.9,163.94,156.77,24.960000000000008,4.988907110556354,5663400,False,False
KOIN.JK,78.0,78.0,78.0,78.0,78.0,77.3,78.19,0.7000000000000028,0.0,0,True,False
KOCI.JK,103.0,103.66666666666667,105.8,107.3,106.25,101.38,105.60999870300293,5.920000000000002,3.7590171581293323,14832600,True,False
KOBX.JK,181.0,172.66666666666666,171.4,169.9,168.0,154.68,160.71,26.319999999999993,2.773228822613613,81307400,False,False
KMTR.JK,232.0,234.0,234.4,231.8,231.8,230.0,238.34,2.200000000000003,1.5416216061394115,25700,True,False
KMDS.JK,520.0,530.0,530.0,526.5,531.5,534.8,537.7617025756836,2.959999999999991,1.5916518774839101,1035400,True,False
KLIN.JK,120.0,118.66666666666667,116.8,116.7,116.7,108.76,122.22,11.239999999999995,2.886583066514061,233900,False,False
KLBF.JK,805.0,805.0,810.0,803.0,778.75,754.3,794.7410931396485,11.14000000000001,2.1896557786480524,46279000,False,False
KLAS.JK,86.0,83.66666666666667,82.6,81.2,78.75,72.72,75.26,13.280000000000001,1.6278394743876405,31343100,False,False
KKGI.JK,278.0,284.0,282.4,278.8,276.7,270.5897741699219,278.7953379821777,6.705112915039052,1.8008761992477875,5169500,False,False
KKES.JK,70.0,69.0,69.2,69.9,68.6,60.08,49.75,9.920000000000002,3.7644727593761425,7993400,False,False
KJEN.JK,162.0,162.0,163.8,163.9,156.0,132.78,135.39,31.120000000000005,6.115732003944415,4750800,False,False
KIOS.JK,99.0,98.0,97.4,96.1,96.1,92.88,95.63,6.1200000000000045,2.616278283654157,15820000,False,False
KINO.JK,1360.0,1351.6666666666667,1342.0,1329.5,1303.5,1204.1,1150.4319860839844,31.180000000000017,1.6939624995478404,13700,False,False
KING.JK,284.0,283.3333333333333,279.2,285.2,279.1,304.84,376.31,12.869999999999976,4.397302865832295,220900,False,False
KIJA.JK,218.0,202.33333333333334,202.6,171.6,148.55,134.44,147.19,41.78,14.599228776698153,2164497500,False,False
KICI.JK,232.0,215.66666666666666,207.0,200.6,197.7,190.6,198.77,20.700000000000003,3.6884724628856067,9749200,False,False
KETR.JK,775.0,700.0,706.0,642.5,607.0,562.68,548.27,42.46400000000001,10.59439328397677,116115700,False,False
KEJU.JK,600.0,588.3333333333334,587.0,589.5,577.5,560.8,558.6835107421875,7.840000000000009,1.4629521961771643,559300,False,False
KEEN.JK,855.0,850.0,860.0,874.0,876.0,856.0,860.9825946044922,5.2,1.3301956315549348,13465100,True,False
KDTN.JK,340.0,344.6666666666667,353.6,362.0,384.0,495.2,696.6,77.6,2.632314162146101,9720700,False,False
KDSI.JK,464.0,461.3333333333333,460.0,459.2,457.6,447.0,447.48,8.5,1.238255139412778,4500,False,False
KBLV.JK,139.0,138.0,142.8,144.3,139.05,114.84,109.91,29.460000000000008,6.001820756836134,42898800,False,False
KBLM.JK,308.0,306.0,306.0,305.8,303.7,295.34,300.8858770751953,6.3300000000000125,1.1779071395709588,17800,False,False
KBLI.JK,328.0,328.0,328.0,325.8,326.5,318.82850158691406,310.86754150390624,4.585749206542971,1.245323273661703,1042900,True,True
KBAG.JK,41.0,41.666666666666664,44.6,47.1,46.8,42.14,43.71,6.100000000000001,4.636206100624102,5356500,False,False
KARW.JK,212.0,212.0,212.0,212.0,212.0,217.2,250.86,2.5999999999999943,0.0,0,True,False
KAQI.JK,94.0,93.33333333333333,95.6,95.1,94.7,89.8,96.97,5.799999999999997,3.25798539693911,32204200,True,False
KAEF.JK,436.0,436.0,438.0,440.2,447.1,449.28,473.14,6.639999999999986,1.2635290087186168,475900,False,False
JTPE.JK,610.0,613.3333333333334,617.0,617.5,611.25,607.3,598.54,2.040000000000009,0.8891394658239185,693200,True,False
JSPT.JK,1415.0,1406.6666666666667,1406.0,1401.5,1405.75,1378.6708032226563,1365.7133056640625,7.265839355468733,2.886078038039329,18600,False,False
JSMR.JK,2810.0,2770.0,2778.0,2765.0,2759.5,2752.0,2822.2415380859375,5.8,1.0849715988322886,2577700,True,False
JRPT.JK,1075.0,1076.6666666666667,1076.0,1077.5,1079.75,1079.4,1071.6976000976563,0.95,0.2632632839621962,680300,True,False
JPFA.JK,2210.0,2186.6666666666665,2204.0,2248.0,2216.5,2093.5,2237.7437353515625,15.45,2.224045428478817,12720000,False,False
JMAS.JK,228.0,228.0,228.0,228.0,228.0,229.0,241.08,0.5,0.0,0,True,False
JKON.JK,87.0,86.33333333333333,86.4,86.5,83.55,73.44,72.13194110870361,13.560000000000002,1.0706472442288906,28041800,False,False
JIHD.JK,430.0,422.0,428.4,435.8,431.0,428.2,450.78,6.900000000000006,3.047487397841016,497400,False,False
JGLE.JK,84.0,82.33333333333333,85.4,87.7,83.55,66.06,67.37,21.64,5.314282175832804,768949200,False,False
JECC.JK,630.0,636.6666666666666,635.0,634.5,632.75,632.9342858886719,690.1025738525391,1.3333333333333257,1.5878006482273495,138500,True,False
JAYA.JK,133.0,133.33333333333334,133.8,133.6,132.85,126.68,129.88,7.1200000000000045,0.6101061544257426,2371900,False,False
JAWA.JK,134.0,135.66666666666666,133.6,131.3,129.4,121.84,135.22,13.826666666666654,4.588088338608352,2540700,False,False
JATI.JK,105.0,103.33333333333333,103.6,101.3,99.4,96.04,98.97806365966797,8.959999999999994,2.0209117219700956,14147600,False,False
JAST.JK,101.0,101.0,94.0,88.5,86.1,83.44,88.14,17.560000000000002,8.029690830480687,542138200,False,False
JARR.JK,3260.0,3203.3333333333335,3130.0,2632.5,2266.25,2049.08181640625,2006.9633422851562,121.09181835937503,10.2747731180971,12589200,False,False
ITMG.JK,25550.0,25350.0,25330.0,25057.5,24897.5,23834.0,24083.78171875,68.64,1.3548867133939886,1959800,False,False
ITMA.JK,1415.0,1431.6666666666667,1458.0,1412.0,1387.5,1384.6,1633.0,14.680000000000017,5.685685280622615,4900,False,False
ITIC.JK,222.0,223.33333333333334,225.2,225.8,224.7,211.96,225.09,6.920000000000002,1.17667662700154,373000,False,False
ISSP.JK,426.0,423.3333333333333,426.4,429.4,431.7,408.28,413.16225067138674,11.710000000000008,1.3556135902048005,413600,False,False
ISEA.JK,82.0,81.0,81.8,82.8,81.6,75.58,77.82,7.219999999999999,4.576913858382576,6886600,False,False
ISAT.JK,2610.0,2573.3333333333335,2634.0,2598.0,2291.0,2024.8,2022.2984936523437,60.92,5.559680853021659,51174100,False,False
ISAP.JK,24.0,23.0,23.0,23.6,24.1,23.96,26.34,1.1000000000000014,3.854827253416511,23399200,False,False
IRSX.JK,370.0,362.0,366.0,365.4,358.5,312.32,354.9183923339844,28.840000000000003,4.906639625740462,82691900,False,False
IRRA.JK,372.0,370.6666666666667,371.6,372.0,372.3,371.96,380.38,0.8166666666666629,0.9248982338248344,451100,True,False
IPTV.JK,31.0,31.333333333333332,31.2,30.5,30.35,32.18,35.81,1.8299999999999983,2.9345164518102167,1455800,True,False
IPOL.JK,112.0,112.33333333333333,113.0,112.4,111.0,108.02,113.49,4.980000000000004,1.1508943117911385,875200,True,False
IPCM.JK,302.0,302.6666666666667,302.4,302.2,303.3,308.13344299316407,306.86185668945313,3.0667214965820335,0.6223339407092252,1839600,True,False
IPCC.JK,1150.0,1145.0,1152.0,1162.5,1159.75,1170.1402075195313,1168.9586029052734,5.028041503906252,0.69834344195257,576400,True,False
IPAC.JK,184.0,182.0,182.6,175.9,170.95,161.74,156.41,22.25999999999999,2.432268461706422,16000,False,False
IOTF.JK,64.0,64.0,64.4,67.3,61.15,55.98,58.21,11.32,6.724608514049861,23058000,False,False
INTP.JK,5600.0,5591.666666666667,5565.0,5467.5,5252.25,4726.3,4647.775043945312,34.94799999999999,2.126598108279764,1180000,False,False
INTD.JK,282.0,286.0,291.2,286.2,273.5,246.64,248.28,22.28,3.9004492004286093,27700,False,False
INTA.JK,61.0,61.0,61.0,61.0,61.0,61.48,66.94,0.4799999999999969,0.0,0,True,False
INPS.JK,670.0,650.0,663.0,691.0,692.25,657.2,644.11,8.45,5.149668183863888,260100,False,False
INPP.JK,740.0,730.0,732.1,740.7418273925781,720.7127471923828,713.5652954101563,745.4384564208984,5.4353063964843615,1.9527646297821222,76600,True,False
INPC.JK,143.0,142.33333333333334,143.6,141.9,141.05,136.12,143.11,7.47999999999999,1.9163421719249039,3048200,False,False
INOV.JK,141.0,142.66666666666666,144.6,144.9,143.65,131.06,131.49,13.840000000000003,2.39370073794351,2348300,False,False
INKP.JK,8800.0,8750.0,8730.0,8640.0,8480.0,7834.31427734375,8287.574072265625,38.62742890624999,1.0418971983714453,3397000,False,False
INET.JK,350.0,328.6666666666667,326.0,289.4,258.5,228.14,247.62,60.93000000000001,9.10257942578526,1561585100,False,False
INDY.JK,2770.0,2713.3333333333335,2700.0,2633.0,2596.0,2349.4,2684.883356933594,42.05999999999999,2.9326518754766426,17857000,False,False
INDX.JK,60.0,60.0,60.0,60.0,60.0,60.68,77.21,0.6799999999999997,2.837818317547164e-07,0,True,False
INDS.JK,270.0,270.0,268.4,266.8,271.3,266.41600158691404,307.59900405883786,2.441999206542988,2.089343922238855,997200,True,False
INDR.JK,2410.0,2453.3333333333335,2442.0,2422.0,2345.5,2142.9,2280.5,31.04333333333334,1.8348788841383836,7500,False,False
INDO.JK,181.0,181.33333333333334,181.8,180.6,177.55,170.92,165.54,10.880000000000024,1.643950625159116,31208000,False,False
INDF.JK,7300.0,7316.666666666667,7335.0,7345.0,7255.0,6879.628291015625,6660.9917578125,18.614868359374995,0.9561209015709562,2745600,False,False
INCO.JK,5300.0,5258.333333333333,5245.0,5205.0,5223.25,4938.5,5282.100844726562,14.46,2.9704289213887565,4128900,False,False
INCI.JK,675.0,670.0,669.0,669.5,668.25,659.1,666.7827819824219,3.1799999999999953,1.1936433128460358,800,True,False
INCF.JK,50.0,50.0,50.0,50.0,50.0,50.0,52.27,0.0,0.0,0,True,False
INAI.JK,179.0,178.33333333333334,178.2,176.0,177.75,157.96,166.72,21.039999999999992,1.980496199300433,1222800,False,False
IMPC.JK,1445.0,1368.3333333333333,1377.0,1396.0,1471.75,1488.9,1763.55,24.113333333333365,4.868186182005433,29744200,False,False
IMJS.JK,173.0,170.0,170.6,166.3,163.2,150.4557534790039,160.24326705932617,22.544246520996097,2.8989489814617886,4902900,False,False
IMAS.JK,880.0,878.3333333333334,886.0,873.0,865.75,841.4811157226562,915.6690100097657,8.903776855468754,1.6888252496929261,219400,False,False
IKPM.JK,189.0,191.0,196.6,196.4,193.8,187.22,193.27,9.379999999999995,4.375555160075207,101800,False,False
IKBI.JK,525.0,521.6666666666666,525.0,537.0,556.183952331543,525.7554473876953,515.4649591064453,6.903457132975268,4.030631037534939,213200,False,False
IKAN.JK,95.0,89.33333333333333,88.2,88.0,86.7,81.3,85.81,13.700000000000003,3.575346076905,69907600,False,False
IKAI.JK,20.0,19.333333333333332,19.6,20.1,20.55,19.38,20.84,1.2166666666666686,2.8548729422767827,7161200,True,False
IGAR.JK,472.0,468.6666666666667,468.4,459.2,449.4,427.1980676269531,440.70270904541013,22.400966186523448,0.8537815872918387,16200,False,False
IFSH.JK,1040.0,1060.0,1080.0,1112.0,1125.5,1202.0,1585.158818359375,32.4,3.1298187949884406,20800,False,False
IFII.JK,206.0,207.33333333333334,207.2,207.0,206.5,210.48,216.98,2.239999999999995,0.904451052921103,202900,True,False
IDPR.JK,266.0,266.6666666666667,264.4,263.4,272.4,287.4946301269531,292.0564419555664,12.04731506347656,1.2866027546721068,30600,False,False
IDEA.JK,62.0,61.0,61.4,61.8,63.4,61.94,66.25,2.3999999999999986,2.9431463422888875,5164600,True,False
ICON.JK,126.0,125.33333333333333,130.2,130.4,121.55,111.52,114.03,18.88000000000001,6.217951652219562,8579600,False,False
ICBP.JK,7950.0,7850.0,7775.0,7687.5,7493.75,6983.69173828125,6810.305122070313,38.65233046875001,0.7987416942711307,7535100,False,False
IBST.JK,8475.0,8475.0,8475.0,8475.0,8475.0,8475.0,8335.25,0.0,0.0,0,True,False
IBOS.JK,88.0,87.66666666666667,85.6,77.1,71.4,71.66,86.87,16.599999999999994,4.904262067526017,7648900,False,False
IBFN.JK,63.0,63.0,63.0,63.0,63.0,64.28,68.99,1.2800000000000011,0.0,0,True,False
IATA.JK,117.0,114.0,116.4,118.0,106.75,80.08,77.25,37.92,6.763853260607947,675653200,False,False
HYGN.JK,182.0,179.0,177.4,173.9,170.75,156.24,149.86540084838867,25.75999999999999,1.007623952688303,2842400,False,False
HUMI.JK,140.0,140.0,144.6,147.0,144.8972537994385,131.89962829589842,150.6589948272705,15.100371704101576,5.026872413755571,56342000,False,False
HRUM.JK,915.0,910.0,910.0,885.5,863.25,814.0,853.2,20.2,2.8071780188678073,17794100,False,False
HRTA.JK,2360.0,2360.0,2352.0,2258.0,2122.25,1984.8,2222.2801513671875,37.52,3.302980759657627,6126400,False,False
HRME.JK,36.0,38.333333333333336,40.0,41.5,41.75,43.06,45.47,7.060000000000002,3.3182738245170587,2997000,False,False
HOPE.JK,260.0,252.0,261.6,249.6,232.6,182.14,177.87,39.73000000000002,7.737427595010478,82779500,False,False
HOMI.JK,208.0,213.33333333333334,214.4,210.5,195.35,190.02,205.73,12.189999999999998,4.596651432517564,3378700,False,False
HOKI.JK,55.0,55.666666666666664,55.6,55.4,54.85,54.0,58.67,1.6666666666666643,1.770575555679061,5374100,True,False
HMSP.JK,745.0,741.6666666666666,744.0,742.5,745.0,703.8,690.1480981445312,8.240000000000009,1.4831231020517721,25430900,False,False
HILL.JK,16.0,16.0,16.0,16.0,16.0,16.1,17.4,0.10000000000000142,0.0,0,True,False
HGII.JK,132.0,128.66666666666666,126.6,124.5,123.25,123.38486099243164,129.05537033081055,8.75,1.294072204827591,3096100,False,False
HEXA.JK,4340.0,4330.0,4338.0,4373.0,4419.5,4429.0,4427.4,9.9,0.4048850003163398,976100,False,False
HERO.JK,332.0,334.0,336.0,336.4,338.9,328.8,367.93,5.049999999999983,1.3797426062122107,45600,True,False
HELI.JK,195.0,195.0,196.0,196.3,192.8,186.94,186.7,9.360000000000014,1.463813370830959,561900,False,False
HEAL.JK,650.0,651.6666666666666,662.0,686.5,738.5,813.8,928.3875695800781,32.75999999999999,2.48504913019281,23718000,False,False
HDIT.JK,50.0,50.0,50.0,50.5,50.45,50.42,54.22,0.5,0.9293271960888277,378000,True,False
HDFA.JK,101.0,100.33333333333333,99.4,98.5,97.55,92.3,96.36,8.700000000000003,1.8192784187688174,1011900,False,False
HBAT.JK,278.0,254.66666666666666,238.8,228.8,225.6,272.8,342.49,26.200000000000003,5.076351094831235,2670200,False,False
HATM.JK,555.0,571.6666666666666,587.0,601.0,574.5,475.84238098144533,392.57512329101564,25.031523803710932,5.098230960690703,30060600,False,False
HALO.JK,68.0,67.66666666666667,67.4,68.5,69.25,65.9,69.33,3.3499999999999943,1.9685083754538923,3468600,True,False
HAJJ.JK,113.0,112.0,113.8,110.9,108.6,105.4,115.17,8.399999999999991,2.561837247715507,9038700,False,False
HAIS.JK,183.0,182.0,182.2,182.2,182.4,180.0,182.54,3.0,0.7686699918527031,419600,True,False
HADE.JK,16.0,16.333333333333332,16.8,17.1,18.0,17.4,17.68,2.0,4.530988103092794,2245900,False,False
GZCO.JK,177.0,174.33333333333334,178.2,174.6,172.35,156.58,171.93,21.619999999999976,4.360881360528238,21043200,False,False
GWSA.JK,175.0,170.33333333333334,163.8,152.4,142.7,128.8,134.45,46.19999999999999,2.457919053352108,12403800,False,False
GUNA.JK,220.0,218.66666666666666,218.0,213.8,207.95,187.84,190.47761489868165,16.08,2.5521368165711116,247600,False,False
GULA.JK,780.0,766.6666666666666,758.0,747.0,767.5,703.5,561.55,15.3,3.65820425172012,25682500,False,False
GTSI.JK,173.0,171.33333333333334,176.6,180.6,174.25,151.1550392150879,174.61379936218262,29.444960784912098,4.2032754668137144,24223500,False,False
GTRA.JK,222.0,223.33333333333334,225.2,227.2,236.1,215.96,222.13,10.069999999999993,1.7175287626647509,519400,False,False
GTBO.JK,170.0,170.0,170.0,170.0,170.0,171.04,188.59,1.039999999999992,0.0,0,True,False
GSMF.JK,95.0,93.66666666666667,94.6,91.7,89.3,85.42,96.45,9.579999999999998,3.8189384041996037,4154300,False,False
GRPM.JK,175.0,174.33333333333334,174.6,186.0,207.4,233.04,261.56,58.70666666666665,4.119396848368313,9186600,False,False
GRPH.JK,89.0,79.33333333333333,77.8,72.5,66.3,61.7,61.3,27.299999999999997,10.852539007294663,509556600,False,False
GRIA.JK,191.0,213.0,193.6,171.1,153.5,128.7,121.52,84.30000000000001,11.823722787274136,92253400,False,False
GPSO.JK,300.0,295.3333333333333,295.2,289.8,290.9,323.56,359.54,16.879999999999995,2.6405372569009806,14238800,False,False
GPRA.JK,109.0,109.33333333333333,109.8,109.4,107.35,102.98725479125977,105.27117477416992,6.812745208740225,1.653987973839359,126991700,False,False
GOTO.JK,50.0,50.0,50.0,50.0,50.0,50.0,50.59,0.0,0.0,15706300,True,False
GOOD.JK,308.0,306.6666666666667,306.0,306.0,301.4,304.96,319.800114440918,3.3000000000000114,1.2371268344623474,195500,True,False
GOLF.JK,162.0,161.33333333333334,161.6,161.4,162.2,164.94,172.59873382568358,3.606666666666655,1.5420343910953385,2291200,True,False
GOLD.JK,282.0,278.0,280.0,274.0,270.9,261.44,268.4,10.280000000000001,2.9046923778784617,494300,False,False
GMTD.JK,1410.0,1413.3333333333333,1344.0,1306.0,1305.75,1306.9,1468.3423413085939,21.51666666666665,4.876788824476355,13100,False,False
GMFI.JK,58.0,57.333333333333336,58.4,59.4,58.2,54.88,56.54,4.519999999999996,2.562200050967205,159870100,True,True
GLVA.JK,310.0,310.6666666666667,311.2,311.4,308.8,302.7370733642578,314.09146697998045,4.3314633178710835,1.5138240193405668,33400,True,False
GJTL.JK,1445.0,1406.6666666666667,1392.0,1350.5,1318.25,1210.1,1153.2447540283204,46.98000000000002,1.4198124599794513,12731800,False,False
GIAA.JK,66.0,66.0,68.8,71.4,64.6,58.02,61.0,13.380000000000003,4.296213116068824,132447300,False,False
GHON.JK,1630.0,1625.0,1621.0,1610.0,1615.5,1620.7,1717.05,4.0,0.5650106940222022,7000,True,False
GGRP.JK,302.0,302.0,301.6,302.4,300.8,295.84,286.6668713378906,3.280000000000001,0.6598159085083534,1610100,True,True
GGRM.JK,19650.0,19833.333333333332,20080.0,20060.0,20080.0,17870.8,16281.75,88.36800000000002,2.510386259663786,1147100,False,False
GEMS.JK,6850.0,6783.333333333333,6745.0,6667.5,6590.0,6448.0,7065.5,16.08,1.0637478104344855,123100,False,False
GEMA.JK,82.0,82.33333333333333,82.2,81.6,81.15,79.9,82.17833221435546,2.433333333333323,1.2237735391328404,2481500,True,False
GDYR.JK,1120.0,1113.3333333333333,1112.0,1106.0,1102.25,1094.0,1097.75,5.2,1.1138664675530157,2200,True,False
GDST.JK,112.0,112.33333333333333,113.0,113.4,112.2,96.48,95.84,16.92,2.525617162327145,5110400,False,False
FWCT.JK,89.0,90.0,91.6,92.0,92.2,86.12,87.25,6.079999999999998,3.055905349544137,6096000,False,False
FUTR.JK,328.0,322.6666666666667,326.8,326.8,322.8,254.62,233.47,36.69,7.44663894800846,62656900,False,False
FUJI.JK,336.0,335.3333333333333,338.8,278.4,242.1,226.9,276.55,55.95,11.250481885319726,1797700,False,False
FPNI.JK,630.0,615.0,583.0,516.3,460.35,382.98,401.93,49.403999999999996,9.954101502744432,27417500,False,False
FORU.JK,1990.0,2028.3333333333333,2131.0,2174.5,2388.25,2838.3,2213.3,169.66000000000003,5.513487527676921,1061100,False,False
FORE.JK,830.0,810.0,815.0,816.5,774.75,692.5,774.85,27.5,4.31084450411225,7648000,False,False
FOOD.JK,176.0,176.0,176.0,176.0,176.0,175.96,178.17,0.03999999999999204,0.0,0,True,False
FOLK.JK,179.0,184.0,185.8,184.1,197.55,200.32,245.9,21.319999999999993,6.55724709750814,7941600,False,False
FMII.JK,256.0,252.66666666666666,252.8,253.0,251.4,250.88,244.52,2.5600000000000023,2.82329456968893,50100,True,False
FLMC.JK,81.0,79.66666666666667,79.6,78.1,76.15,69.08,110.45,11.920000000000002,3.2561858197840943,3334800,False,False
FITT.JK,374.0,381.3333333333333,386.8,378.2,365.9,370.08,380.12,10.450000000000017,3.100580043944917,184300,False,False
FISH.JK,615.0,610.0,605.0,601.5,605.0,610.3,668.1833392333984,2.7,1.1163146867706193,35700,True,False
FIRE.JK,113.0,113.66666666666667,111.8,109.8,108.7,106.2,118.12,7.466666666666669,4.941322221248692,28771500,False,False
FILM.JK,850.0,796.6666666666666,803.0,850.0,945.0,1298.4,1837.5,100.34666666666669,6.186862990562033,44828200,False,False
FAST.JK,478.0,465.3333333333333,472.0,468.4,407.8,318.6,298.74,79.69999999999999,7.724547101386013,31416100,False,False
FAPA.JK,7450.0,7450.0,7455.0,7422.5,7390.0,7354.9474609375,7170.501948242188,4.002101562499993,0.32653176621246455,100,True,False
EXCL.JK,2770.0,2723.3333333333335,2768.0,2760.0,2624.0,2550.4,2745.1,21.95999999999999,3.610395517878785,4733500,False,False
EURO.JK,1425.0,1448.3333333333333,1524.0,1620.5,1751.25,1771.5,2078.868035888672,69.3,2.4684176033593612,184700,False,False
ESTI.JK,159.0,159.66666666666666,161.4,161.5,165.15,141.8977603149414,146.66768218994142,23.252239685058612,2.606142741217571,1551300,False,False
ESTA.JK,170.0,170.66666666666666,171.6,172.6,177.8,180.04,189.42,10.039999999999992,1.567270212228091,324400,False,False
ESSA.JK,615.0,611.6666666666666,619.0,639.0,639.5,605.6696801757812,648.2613006591797,6.766063964843761,2.9660216388163922,54308900,False,False
ESIP.JK,121.0,120.66666666666667,123.0,123.5,125.8,129.41189025878907,128.07547264099122,8.7452235921224,2.497610672178662,10661000,False,False
ERTX.JK,183.0,181.33333333333334,182.2,185.1,186.1,163.26,173.65,22.840000000000003,1.0756449585078898,601500,False,False
ERAL.JK,304.0,298.0,301.6,300.2,304.0,288.30586486816406,287.29443786621096,7.847067565917968,2.9185068851153475,9254200,False,False
ERAA.JK,496.0,480.6666666666667,476.4,468.4,453.8,394.20185546875,375.6880279541016,50.899072265624994,2.087249667232568,145791900,False,False
EPMT.JK,2380.0,2393.3333333333335,2400.0,2372.0,2355.0,2333.0,2333.5,6.7,2.185758867800718,10500,False,False
EPAC.JK,54.0,54.0,55.8,57.6,58.9,64.86,66.3,10.86,4.383338908522874,79395800,False,False
ENZO.JK,72.0,70.0,72.2,73.2,73.95,69.4,71.48,4.549999999999997,5.44103256158162,73448100,False,False
ENRG.JK,1245.0,1248.3333333333333,1271.0,1237.1666381835937,1233.1208404541017,1258.0483361816407,1421.7741680908202,7.575831909179669,10.737722567825775,70940800,False,False
ENAK.JK,236.0,236.0,238.8,239.2,241.2,262.52,291.62,13.259999999999991,2.2726972026224703,113800,False,False
EMTK.JK,510.0,511.6666666666667,525.0,518.5,520.5,522.88,627.5554833984374,3.0,2.9013239454222366,39160700,True,False
EMDE.JK,75.0,75.0,75.8,76.0,75.45,70.96,71.26,5.040000000000006,1.6122294203435965,3323700,True,True
EMAS.JK,9125.0,8991.666666666666,8555.0,8110.0,7575.0,6686.5,7355.5,97.54,3.6096619068849813,20530600,False,False
ELTY.JK,38.0,37.666666666666664,38.2,38.8,36.85,29.54,33.13,9.259999999999998,4.728230504443602,44018400,False,False
ELSA.JK,695.0,693.3333333333334,705.0,701.5,697.25,641.4142004394531,641.4182861328125,12.717159912109377,2.7457541552770355,15956200,False,False
ELPI.JK,670.0,660.0,669.0,677.5,703.75,912.7819921875,1278.4324548339844,50.5563984375,3.002216650492117,815000,False,False
ELIT.JK,264.0,250.66666666666666,225.6,199.2,186.3,178.74,187.26,42.629999999999995,11.735181962089234,71362800,False,False
EKAD.JK,422.0,372.6666666666667,345.6,307.6,239.6,196.7,181.39722106933593,112.65,13.45570678720891,106085600,False,False
ECII.JK,157.0,157.66666666666666,156.8,155.4,158.8,144.42,154.5,14.380000000000024,1.6037725716885993,293100,False,False
EAST.JK,90.0,90.33333333333333,90.4,90.5,90.29891395568848,88.24130508422851,87.46524520874023,2.2586949157714855,0.902239214599089,848700,True,False
DYAN.JK,89.0,88.0,88.6,88.0,86.1,81.32,81.2,7.680000000000007,2.405937925075352,13288400,False,False
DWGL.JK,294.0,296.6666666666667,295.6,323.0,352.1,279.08,272.02,36.51000000000002,6.310172783563632,2824000,False,False
DVLA.JK,1580.0,1578.3333333333333,1580.0,1581.0,1583.25,1558.3401904296875,1539.6307702636718,4.981961914062504,0.31497555341942657,12100,True,False
DUTI.JK,4810.0,4800.0,4796.0,4635.0,4463.5,4246.920166015625,3976.00904296875,56.3079833984375,1.7493519722425097,15400,False,False
DSSA.JK,1140.0,1091.6666666666667,1069.0,1035.5,964.0,879.3,1225.3,52.14000000000001,3.4961106545925276,541717200,False,False
DSNG.JK,1565.0,1498.3333333333333,1471.0,1401.0,1374.5,1257.1482397460939,1348.4605578613282,61.57035205078123,2.666811350083838,8573000,False,False
DSFI.JK,89.0,86.66666666666667,86.2,84.7,82.9,76.84,82.69,12.159999999999997,2.5116240003670898,39510900,False,False
DRMA.JK,1005.0,1006.6666666666666,1010.0,1000.5,978.25,935.7,950.0833337402344,14.85999999999999,0.7862009446381932,889100,False,False
DPUM.JK,94.0,93.66666666666667,94.2,95.5,96.9,98.26,125.35,4.593333333333334,2.002072662660568,9555300,True,False
DOSS.JK,171.0,168.0,168.0,168.1,167.0,147.24431732177734,144.51827476501464,23.755682678222655,1.7725947054966484,13451200,False,False
DOOH.JK,326.0,326.0,326.0,313.8,287.2,197.12,172.61,64.44,4.9662358608756465,0,False,False
DOID.JK,234.0,232.0,227.6,219.0,216.9,210.46,222.02,11.769999999999996,3.843064984166452,3414500,False,False
DNET.JK,9800.0,10033.333333333334,9990.0,9880.0,9847.5,9888.0,9733.25,9.333333333333357,2.7992457539705344,27400,False,False
DNAR.JK,127.0,125.33333333333333,125.8,125.8,124.85,118.34,124.29,8.659999999999997,2.4210738297025967,864600,False,False
DMND.JK,630.0,616.6666666666666,615.0,619.0,621.25,616.0583996582031,616.4827984619141,3.0,1.7440880901482725,30600,True,False
DMMX.JK,202.0,188.33333333333334,187.2,187.1,186.75,173.57094146728517,183.06635513305665,14.214529266357417,4.358837151052677,77406600,False,False
DMAS.JK,179.0,174.33333333333334,171.8,162.7,154.45,144.34066223144532,137.00645683288573,34.65933776855468,4.170465030940806,617506900,False,False
DLTA.JK,1785.0,1785.0,1786.0,1786.0,1783.25,1760.6205151367187,1766.9258862304687,5.075896972656255,0.2454262605889223,76500,True,False
DKHH.JK,64.0,64.66666666666667,64.4,64.1,63.75,61.98,65.32,2.6866666666666745,1.5342379892868674,18083300,True,False
DKFT.JK,665.0,658.3333333333334,665.0,661.5,667.0,656.0,693.6,2.2,2.0184812734644613,3268700,True,False
DIVA.JK,139.0,135.0,136.2,136.2,134.7,121.48,133.32,17.519999999999996,2.8709443590482704,29993100,False,False
DILD.JK,120.0,118.33333333333333,118.4,116.9,116.8,115.04,119.27,4.959999999999994,1.5733943897467728,13325600,True,True
DIGI.JK,29.0,29.0,29.0,29.0,29.0,29.12,31.73,0.120000000000001,0.0,0,True,False
DGWG.JK,350.0,343.3333333333333,341.2,333.2,316.6,299.0374169921875,322.9635092163086,25.48129150390625,2.95754729230302,20368600,False,False
DGNS.JK,236.0,227.33333333333334,226.8,227.8,231.6,231.28,244.72,4.599999999999994,2.1838999844240674,563200,True,False
DGIK.JK,137.0,135.0,134.6,131.6,129.9,127.76,129.76,9.239999999999995,3.347558338750165,5240800,False,False
DFAM.JK,81.0,81.33333333333333,81.0,80.1,80.5,82.1,95.19,2.0,2.0019926588201793,5712300,True,False
DEWI.JK,151.0,147.66666666666666,147.2,144.9,133.95,125.24,124.25,25.760000000000005,3.391617899618045,47740800,False,False
DEWA.JK,448.0,440.0,446.8,448.2,455.3,396.56580627441406,416.0839036560059,29.367096862792977,4.223503356077219,412535900,False,False
DEPO.JK,252.0,251.33333333333334,252.8,249.4,245.8,245.11478118896486,249.8316209411621,3.842609405517578,1.9595504424980401,139000,True,False
DEFI.JK,105.0,104.33333333333333,105.4,105.7,106.55,108.38,123.68,4.046666666666667,2.7141921997679788,7835400,True,False
DCII.JK,203700.0,203700.0,203675.0,204852.5,200391.25,194707.5,195511.0,405.8,1.810636495619878,400,False,False
DAYA.JK,1130.0,1108.3333333333333,1068.0,1038.5,1012.25,1006.2,1023.65,24.75999999999999,2.336035172294567,16400,False,False
DATA.JK,1865.0,1858.3333333333333,1882.0,1899.5,1936.25,2023.9,1957.8,33.113333333333365,1.9554124411160803,1368700,False,False
DART.JK,164.0,164.33333333333334,165.0,171.9,153.35,134.9,138.08,37.0,12.936681132561931,1997400,False,False
DADA.JK,50.0,50.0,50.0,50.0,50.0,50.0,50.0,0.0,0.0,51600,True,False
DAAZ.JK,1685.0,1690.0,1713.0,1731.0,1652.0,1621.4511108398438,1834.8988806152345,21.90977783203125,3.7327256265007493,586100,False,False
CYBR.JK,535.0,538.3333333333334,545.0,556.0,559.0,585.0,609.0,10.0,0.9735220214397865,29649700,False,False
CUAN.JK,815.0,803.3333333333334,814.0,826.0,756.25,689.6,850.06,27.279999999999994,7.617197741775036,408065800,False,False
CTTH.JK,126.0,126.0,128.8,128.9,128.95,126.02,135.28,2.9499999999999886,3.8077872882763883,10625900,False,False
CTRA.JK,620.0,615.0,619.0,616.0,604.5,568.9842077636719,600.3952526855469,10.203158447265627,2.1219633346275155,9714900,False,False
CTBN.JK,3190.0,3176.6666666666665,3298.0,3647.0,3869.0,4686.0,5009.775249023438,150.93333333333334,4.472392151422879,23800,False,False
CSRA.JK,775.0,771.6666666666666,771.0,757.5,755.25,762.3,814.3,3.95,1.3411214223291885,65900,True,False
CSMI.JK,183.0,168.66666666666666,168.0,146.8,118.1,91.24,91.99,91.76,12.269262828815238,161840200,False,False
CSIS.JK,220.0,220.0,223.6,217.2,204.2,177.46640075683592,168.87760124206542,23.066799621582035,4.500259492167436,3384300,False,False
CSAP.JK,290.0,290.6666666666667,290.8,291.2,289.9,285.2353088378906,281.0613775634766,2.9823455810546875,2.421933570976186,166600,True,False
CRSN.JK,130.0,129.66666666666666,127.0,123.6,118.05,107.38,107.66694549560548,22.620000000000005,2.643090869745299,573500,False,False
CRAB.JK,208.0,208.0,208.0,208.0,208.0,208.6,209.64,0.29999999999999716,0.0,0,True,False
CPRO.JK,50.0,50.0,50.0,50.8,50.65,50.38,52.42,0.7999999999999972,1.7042324658909078,2249800,True,False
CPIN.JK,3020.0,3003.3333333333335,3012.0,3032.0,3097.5,3138.2,3537.4507861328125,13.486666666666633,1.6638302395136442,27815700,False,False
COIN.JK,800.0,806.6666666666666,827.0,764.0,722.5,710.6,879.2,23.279999999999994,9.339247597519806,37683100,False,False
COCO.JK,100.0,100.33333333333333,101.2,100.7,103.5,131.03169082641602,219.47584541320802,31.031690826416025,2.4967812895898325,118041600,False,False
COAL.JK,31.0,31.0,31.0,31.0,27.5,24.38,39.13,6.620000000000001,0.0,0,False,False
CNMA.JK,93.0,92.0,92.0,93.4,93.65,90.72,94.65827224731446,2.930000000000007,1.5931728797153675,18604500,True,False
CNKO.JK,37.0,37.0,37.0,37.0,37.0,37.2,43.36,0.20000000000000284,0.0,0,True,False
CMRY.JK,4670.0,4646.666666666667,4670.0,4659.0,4654.0,4572.6,4541.491411132813,9.739999999999963,1.1914011038995056,4797400,False,False
CMPP.JK,69.0,69.0,69.0,69.0,69.0,69.42,73.35,0.4200000000000017,0.0,0,True,False
CMNT.JK,740.0,751.6666666666666,762.0,774.5,788.0,787.3,792.3,9.6,1.4134325773327459,28022800,False,False
CMNP.JK,1380.0,1371.6666666666667,1372.0,1372.0,1366.25,1351.8,1409.95,5.6400000000000095,1.0261779491099334,24200,True,False
CLPI.JK,1595.0,1593.3333333333333,1596.0,1596.0,1591.0,1538.6466918945312,1487.4488891601563,11.470661621093768,0.4179820571542232,25000,False,False
CLEO.JK,404.0,400.6666666666667,402.8,390.8,387.4,382.04559509277345,385.29398742675784,10.977202453613273,2.289805620239864,12136600,False,False
CLAY.JK,2730.0,2726.6666666666665,2750.0,2757.0,2693.5,2619.4,2715.1,13.759999999999991,1.6604644260752783,10700,False,False
CITY.JK,176.0,175.66666666666666,176.4,175.8,174.5,168.68,175.2,7.719999999999999,1.7659107159958387,440500,False,False
CITA.JK,3230.0,3236.6666666666665,3224.0,3216.0,3233.5,3160.0,3283.7322827148437,7.666666666666652,0.8833600905191278,49700,False,False
CINT.JK,178.0,179.0,179.2,178.2,177.15,171.06,181.84,8.139999999999986,1.2700369015126824,347900,False,False
CHIP.JK,850.0,860.0,870.0,880.5,896.0,921.2690185546875,965.5651922607422,14.253803710937495,1.5212908367969449,238400,False,False
CHEM.JK,71.0,69.66666666666667,69.8,69.3,67.6,64.16,73.85232757568359,6.840000000000003,3.4984673217059634,14473700,False,False
CHEK.JK,132.0,133.0,134.6,134.1,133.45,129.76,130.6,4.840000000000003,1.4116056342165677,115500,True,False
CGAS.JK,149.0,150.0,150.2,150.6,151.8,149.79,156.48388748168946,2.8000000000000114,1.359147509620405,3949300,True,False
CFIN.JK,352.0,352.6666666666667,354.8,353.0,349.7,337.0522760009766,315.1889996337891,8.873861999511718,0.8771835638950731,1144400,False,False
CENT.JK,109.0,105.66666666666667,97.8,90.8,85.95,79.84,85.95,29.159999999999997,8.519697973388569,119435100,False,False
CEKA.JK,2180.0,2190.0,2196.0,2200.0,2204.0,2183.06796875,2176.31640625,2.4,0.8503800935215735,64800,True,False
CDIA.JK,680.0,670.0,685.0,696.0,682.25,661.2,795.3777844238281,6.959999999999991,4.461256729233544,55170700,False,False
CCSI.JK,252.0,252.66666666666666,252.4,257.0,252.7,250.96,253.72,3.019999999999996,1.6709145133103989,172600,True,False
CBUT.JK,960.0,835.0,817.0,794.5,810.25,779.1,759.46,36.17999999999999,8.443004310053874,4232000,False,False
CBRE.JK,690.0,680.0,690.0,687.5,684.0,687.3,766.95,2.0,2.717096962763564,6990000,True,False
CBPE.JK,520.0,520.0,523.0,532.5,480.7,361.41693237304685,332.5921127319336,34.21661352539063,4.051525153675951,169400,False,False
CBDK.JK,3820.0,3823.3333333333335,3866.0,3784.0,3771.5,3611.2,3974.063994140625,25.480000000000018,2.157835740842251,1461300,False,False
CASS.JK,1865.0,1865.0,1860.0,1870.5,1886.75,1853.4,1824.0,6.669999999999982,0.643586540144449,20500,False,False
CASH.JK,244.0,233.33333333333334,230.0,220.4,224.1,202.28,203.83,20.86,3.6598518533822997,2203400,False,False
CASA.JK,1805.0,1806.6666666666667,1832.0,1831.5,1824.25,1837.2,1599.6,6.440000000000009,3.4667384926672864,7400,False,False
CARS.JK,104.0,103.66666666666667,101.6,97.0,94.15,89.3,90.94,14.700000000000003,3.697356105043665,6325200,False,False
CARE.JK,444.0,441.3333333333333,439.6,433.4,428.4,423.8,417.26,10.099999999999994,0.647727227052456,201300,False,False
CANI.JK,135.0,135.0,135.0,135.0,135.0,134.84,140.45,0.1599999999999966,0.0,0,True,False
CAMP.JK,171.0,170.0,170.0,170.2,170.4,171.32,182.2,1.3199999999999932,0.7204492297798181,226800,True,False
CAKK.JK,150.0,148.66666666666666,146.6,144.6,141.05,138.34,147.5,11.659999999999997,1.618152734422763,533300,False,False
BYAN.JK,15000.0,15141.666666666666,15440.0,14855.0,13462.5,12331.2750390625,11541.02041015625,124.34899843749997,9.768291137353238,1389600,False,False
BWPT.JK,102.0,101.66666666666667,105.6,98.4,93.3,83.36,96.64,22.239999999999995,8.547595611105253,394011900,False,False
BVIC.JK,92.0,92.0,92.8,92.5,92.7,88.14,94.43,4.659999999999997,1.2484307084686352,684800,True,False
BUVA.JK,735.0,726.6666666666666,737.0,734.0,761.75,813.3,892.95,17.326666666666664,3.191017640296973,58085100,False,False
BUMI.JK,194.0,190.66666666666666,191.6,186.8,180.0,163.6,184.15,30.400000000000006,3.566767068551387,2732850200,False,False
BULL.JK,438.0,432.6666666666667,444.0,440.6,440.8,393.08,414.53,25.460000000000008,4.531424872413177,457615800,False,False
BUKK.JK,990.0,998.3333333333334,1004.0,1008.0,1013.5,1081.3,1085.05,18.25999999999999,1.6720455454427532,57100,False,False
BUKA.JK,108.0,109.33333333333333,111.6,113.3,115.6,108.6,124.18,7.599999999999994,2.567902033322651,98697200,False,False
BUDI.JK,236.0,230.66666666666666,225.2,222.6,218.6,210.52,209.82,12.739999999999995,2.4235696919969363,2266100,False,False
BUAH.JK,510.0,510.0,509.0,510.0,508.75,510.5,509.7843981933594,0.35,0.6536387517492447,229300,True,False
BTPS.JK,975.0,978.3333333333334,983.0,984.5,986.0,994.7,990.929921875,3.9400000000000093,0.5592668177542848,3378100,True,False
BTPN.JK,2240.0,2206.6666666666665,2204.0,2174.0,2170.5,2172.6,2150.5962744140625,6.95,1.5506261739390195,11600,False,False
BTON.JK,360.0,362.6666666666667,363.2,363.6,362.8,357.04,365.48,3.280000000000001,1.2258027582443942,6800,True,False
BTEK.JK,11.0,10.333333333333334,10.4,10.6,10.65,10.68,11.67,0.6666666666666661,8.378116582237617,79950500,False,False
BSSR.JK,4530.0,4503.333333333333,4482.0,4432.0,4371.0,4215.755786132812,3892.4444970703125,31.42442138671877,0.8579449022672201,901500,False,False
BSML.JK,525.0,520.0,519.0,520.0,518.25,508.94,454.73,3.2120000000000006,0.9971264667376738,10974400,True,True
BSIM.JK,725.0,710.0,708.0,703.0,700.75,701.3,767.85,4.85,1.910714763547137,109800,True,False
BSDE.JK,645.0,635.0,637.0,622.0,602.25,581.3,651.05,12.740000000000009,2.6560870668702656,13292000,False,False
BSBK.JK,50.0,50.0,50.6,52.1,52.4,52.04,54.26,2.3999999999999986,1.557479699314242,10586600,True,False
BRRC.JK,78.0,76.0,78.4,71.7,65.1,60.82,65.64,17.580000000000005,10.932286046216113,96283300,False,False
BRPT.JK,1840.0,1816.6666666666667,1844.0,1860.5,1852.75,1717.9599633789062,1804.1913623046876,28.50800732421876,3.914370650577585,66714500,False,False
BRNA.JK,600.0,600.0,615.0,635.0,632.75,604.9,625.75,7.0,3.5585178205532584,211200,False,False
BRMS.JK,765.0,738.3333333333334,719.0,674.5,629.75,585.76,654.05,35.848,4.206735723630104,334913000,False,False
BRIS.JK,1785.0,1790.0,1789.0,1785.5,1789.5,1785.9,1837.7328405761718,1.0,1.1975467258131218,9646600,True,False
BREN.JK,3400.0,3370.0,3404.0,3497.0,3415.0,3440.136982421875,3877.0483349609376,12.7,4.837017469969261,14918700,False,False
BRAM.JK,4600.0,4606.666666666667,4592.0,4578.0,4553.5,4516.6,4427.868918457031,9.00666666666666,2.3562347527480263,900,False,False
BPTR.JK,77.0,77.0,77.0,76.6,75.85,72.24,76.1,4.760000000000005,0.8310728420467333,3165400,True,True
BPII.JK,498.0,499.6677551269531,501.39158935546874,483.6673889160156,460.50524139404297,445.8135046386719,454.88528594970705,27.789042358398433,2.848253490535781,151900,False,False
BPFI.JK,240.0,240.66666666666666,246.8,251.4,257.0,252.05323791503906,255.45845260620118,8.5,2.1470423959932523,214500,False,False
BOLT.JK,810.0,801.6666666666666,797.0,795.0,797.25,788.3,812.925757446289,4.340000000000009,1.0422455696858866,14100,True,False
BOLA.JK,147.0,148.0,148.4,148.8,153.5,155.66,158.06,8.659999999999997,1.0950628382329872,1592000,False,False
BOGA.JK,1620.0,1576.6666666666667,1575.0,1589.5,1617.75,1545.6,1438.4,14.880000000000019,1.9513230784491107,4600,False,False
BOBA.JK,210.0,208.0,208.8,210.2,215.5,249.32,248.28852951049805,20.659999999999997,2.0096912577383628,525300,False,False
BOAT.JK,146.0,143.33333333333334,142.4,141.4,138.05,122.86,126.55,23.14,1.2462556641933493,7771700,False,False
BNLI.JK,2160.0,2153.3333333333335,2158.0,2152.0,2169.5,2342.6,2741.1843701171874,19.05999999999999,1.018993700366255,20200,False,False
BNII.JK,192.0,191.66666666666666,192.2,192.8,192.6,190.18,193.44725234985353,2.6200000000000045,0.454136879264164,1529000,True,False
BNGA.JK,1680.0,1673.3333333333333,1670.0,1666.0,1656.0,1616.5,1630.7208984375,12.7,0.8785361627867548,2556600,False,False
BNBR.JK,101.0,99.0,100.2,100.8,100.85,95.51330017089843,125.44768531799316,5.486699829101568,3.3385009935573717,1304902700,True,False
BNBA.JK,715.0,711.6666666666666,720.0,728.5,733.0,739.7,733.35,5.606666666666683,2.133610929469785,111200,True,False
BMTR.JK,115.0,114.33333333333333,115.4,115.1,115.05,115.66,130.76,1.326666666666668,1.765852902116472,69225700,True,False
BMSR.JK,312.0,312.6666666666667,311.2,309.0,307.9,303.2,309.24,4.7333333333333485,1.4856727348231382,72800,True,False
BMRI.JK,4210.0,4190.0,4188.0,4166.0,4174.5,4165.6,4170.027314453125,4.439999999999964,0.8355407695195928,66036800,True,True
BMHS.JK,191.0,190.0,189.6,189.2,189.15,182.33609558105468,182.60585998535157,8.663904418945322,0.4962397865572388,353100,False,False
BMBL.JK,28.0,27.0,27.0,29.2,30.8,31.58,33.0,4.579999999999998,4.444448047815641,33847200,False,False
BMAS.JK,498.0,517.6666666666666,509.8,501.3,494.35,485.46,490.28,16.103333333333325,2.88437023249977,133400,False,False
BLUE.JK,2760.0,2740.0,2680.0,2543.0,2512.0,2792.4,2996.1479248046876,28.04000000000001,5.2102846003854655,122900,False,False
BLTA.JK,32.0,32.0,32.2,32.7,32.65,33.02,36.08,1.0200000000000031,3.0407532438478366,2129900,True,False
BLOG.JK,384.0,382.6666666666667,382.0,382.6,373.6,358.36,356.80000061035156,12.819999999999993,1.0286169431656635,84600,False,False
BLES.JK,208.0,205.33333333333334,208.0,207.6,204.6,169.34545013427734,159.58640625,19.32727493286133,3.4389098586924773,11118500,False,False
BKSW.JK,51.0,51.666666666666664,52.0,52.2,52.25,51.98,54.08,1.25,1.6714503347287377,549700,True,False
BKSL.JK,75.0,74.33333333333333,75.6,75.3,73.1,67.92,81.17,7.679999999999993,3.0307368723601207,252169500,False,False
BKDP.JK,169.0,169.0,169.0,169.0,169.0,143.94,119.76,25.060000000000002,0.0,0,False,False
BJTM.JK,520.0,520.0,520.0,517.5,517.0,515.4,518.5957772827148,0.9200000000000046,0.41136909788263887,4774300,True,True
BJBR.JK,790.0,790.0,790.0,789.0,788.0,778.2,773.5809259033203,2.359999999999991,0.6287395643726251,1255400,True,True
BISI.JK,720.0,703.3333333333334,697.0,691.5,682.75,662.5,699.9543981933593,11.5,1.7358655001248569,387300,False,False
BIRD.JK,1625.0,1625.0,1635.0,1638.0,1623.25,1581.5158422851562,1502.6144873046876,11.296831542968766,0.6822820098343609,919100,False,False
BIPP.JK,68.0,67.66666666666667,69.2,67.4,66.85,63.26,66.79,5.940000000000005,8.553388248293452,5156900,False,False
BIPI.JK,151.0,145.33333333333334,148.0,149.1,148.55,142.7,178.81,8.300000000000011,5.035243627969719,778620000,False,False
BINO.JK,114.0,114.66666666666667,115.0,114.2,112.65,104.28,108.91,10.719999999999999,1.3426575236316853,404800,False,False
BINA.JK,4150.0,4153.333333333333,4154.0,4150.0,4127.0,3965.8,4019.8,18.819999999999983,2.074023881499315,388500,False,False
BIKE.JK,775.0,631.0,582.6,546.3,528.15,517.26,517.06,51.548,10.585222200079222,3883900,False,False
BHIT.JK,25.0,24.666666666666668,25.2,25.5,25.65,26.2,28.75,1.5333333333333314,2.9383271027256868,20269600,True,False
BHAT.JK,1770.0,1770.0,1770.0,1770.0,1770.0,1733.1,1496.85,7.3800000000000185,0.0,0,False,False
BGTG.JK,112.0,110.0,110.6,110.2,110.85,109.96,113.13,2.0400000000000063,1.8226751763426245,13754700,True,False
BFIN.JK,880.0,873.3333333333334,878.0,897.0,900.25,813.8,761.9230541992188,17.29000000000001,2.291373609198044,19257300,False,False
BEST.JK,123.0,122.0,123.4,118.7,113.15,104.92,104.82,18.480000000000004,5.130388024061882,52762600,False,False
BESS.JK,900.0,901.6666666666666,912.0,907.5,900.25,914.4885131835938,997.1094671630859,2.8977026367187593,2.5206413987209264,15000,True,False
BELL.JK,115.0,114.66666666666667,115.2,114.4,115.2,110.14,121.31,5.060000000000002,2.1567451674448384,21946000,True,False
BELI.JK,262.0,260.0,262.0,262.8,259.1,266.08,313.9,3.4899999999999807,1.9422775047006882,1240900,True,False
BEKS.JK,23.0,22.666666666666668,23.0,23.3,22.55,21.56,23.35,1.740000000000002,4.059336743454746,7429700,False,False
BEER.JK,77.0,77.66666666666667,79.0,79.2,76.85,78.14,98.5,2.3500000000000085,5.74790446690633,12074400,False,False
BEEF.JK,470.0,472.0,475.6,457.2,434.4,312.36,254.3,81.62,4.882419967269189,5443800,False,False
BDMN.JK,4310.0,4260.0,4276.0,4259.0,4255.0,4125.4,3982.999045410156,18.460000000000036,2.0723424383511704,1658900,False,False
BDKR.JK,157.0,158.66666666666666,160.2,160.7,161.2,150.05657012939454,149.25212394714356,11.143429870605445,1.5592045713249651,6963300,False,False
BCIP.JK,63.0,62.666666666666664,63.6,63.3,63.25,61.26,64.9,2.3400000000000034,1.8243098571998013,5233400,True,False
BCIC.JK,128.0,128.66666666666666,129.2,129.4,128.05,126.58,123.3,2.8200000000000074,1.439972721519368,508800,True,False
BCAP.JK,50.0,50.0,50.0,50.0,50.0,50.04,50.77,0.03999999999999915,0.0,20100,True,False
BBYB.JK,248.0,247.33333333333334,250.4,251.0,253.5,239.08,263.8,7.209999999999994,1.9552899692697996,16578600,False,False
BBTN.JK,1220.0,1211.6666666666667,1213.0,1213.0,1214.75,1198.7,1254.3,4.259999999999991,0.9688647895264388,12756900,True,False
BBSS.JK,98.0,99.33333333333333,101.4,103.8,100.15,97.76,124.54,6.039999999999992,2.2586475314066856,18599300,False,False
BBSI.JK,4690.0,4670.0,4672.0,4661.0,4671.0,4681.2,4635.0,2.9,1.0217765792471434,200,True,False
BBRM.JK,114.0,113.66666666666667,114.4,115.0,115.65,113.72,123.87,1.9833333333333343,1.3303600832000788,5469900,True,False
BBRI.JK,3150.0,3153.3333333333335,3166.0,3135.0,3087.5,2959.0,3014.7668115234374,20.7,1.5168248340250072,164832300,False,False
BBNI.JK,3710.0,3690.0,3678.0,3636.0,3608.0,3513.2,3615.5,19.680000000000017,1.48979109059213,47055500,False,False
BBMD.JK,1970.0,1985.0,1971.0,1989.0,1992.25,1964.9951098632812,1944.6656909179687,5.450978027343763,1.3429543242403124,1700,True,False
BBLD.JK,700.0,681.6666666666666,682.0,649.5,627.0,587.3,620.9684637451172,22.54000000000001,5.112644665039333,1567800,False,False
BBKP.JK,54.0,54.0,54.8,55.0,54.45,53.26,56.29,1.740000000000002,1.8101088868124944,79305500,True,False
BBHI.JK,900.0,900.0,902.0,902.5,907.75,917.9943725585938,1007.2056121826172,3.5988745117187593,0.48504703715524816,5558200,True,False
BBCA.JK,6400.0,6383.333333333333,6400.0,6367.5,6368.75,6243.0,6161.0,6.28,0.8340985900638846,60556000,False,False
BAYU.JK,1315.0,1288.3333333333333,1278.0,1242.0,1202.0,1164.7,1182.7481396484375,30.05999999999999,1.7332692990181457,406500,False,False
BAUT.JK,38.0,36.333333333333336,37.0,36.6,34.4,30.36,30.5,7.640000000000001,4.521457972185237,9910400,False,False
BATR.JK,94.0,94.0,95.6,95.5,93.95,89.93448272705078,88.72758651733399,5.6655172729492165,2.8316253876134807,1003500,True,True
BATA.JK,59.0,59.0,59.0,59.0,59.0,59.22,61.18,0.21999999999999886,0.0,0,True,False
BAPI.JK,18.0,18.333333333333332,18.6,19.0,18.95,17.32,20.84,1.6799999999999997,4.910381296820339,9114800,False,False
BAPA.JK,146.0,143.33333333333334,144.4,144.7,154.2,222.62,217.13,79.28666666666666,2.6897198895946204,12963100,False,False
BANK.JK,270.0,270.0,271.2,270.8,273.1,276.6,359.18,3.3000000000000114,1.198702726312248,1793000,True,False
BALI.JK,1240.0,1248.3333333333333,1253.0,1246.0,1233.25,1240.1,1250.5,3.95,2.659035854169383,12300,True,False
BAJA.JK,268.0,256.6666666666667,266.0,310.4,316.7,226.64,188.53,45.03,6.177470135514275,10481300,False,False
BAIK.JK,280.0,287.3333333333333,292.4,323.0,498.7,601.58,574.96,160.79000000000002,6.2047093804551405,18177200,False,False
BACA.JK,117.0,116.33333333333333,116.6,116.7,116.45,111.5,120.16,5.5,1.1785097442497137,746400,True,False
BABY.JK,212.0,210.0,215.2,222.6,206.1,191.28,198.92,15.659999999999997,10.602547822259954,1664600,False,False
BABP.JK,50.0,50.0,50.0,50.0,50.0,50.0,50.64,0.0,0.0,556000,True,False
AYLS.JK,150.0,150.0,151.8,154.3,156.1,149.38,157.62,6.719999999999999,1.0246336782104088,2023200,False,False
AYAM.JK,474.0,470.0,479.2,470.4,455.7,399.12,363.5,40.03999999999999,3.151510553066831,46320400,False,False
AXIO.JK,117.0,116.66666666666667,115.4,114.1,113.25,110.82,110.0519815826416,6.180000000000007,2.5648629077198435,650900,False,False
AWAN.JK,163.0,162.33333333333334,165.0,163.6,160.65,151.44,150.64,13.560000000000002,3.1568315827358084,314600,False,False
AVIA.JK,356.0,350.6666666666667,351.2,346.0,335.6,326.12,341.3141943359375,14.939999999999998,1.9586085443338193,15100700,False,False
AUTO.JK,3330.0,3186.6666666666665,3106.0,2993.0,2882.0,2648.2,2586.910905761719,68.18000000000002,1.9502827457570981,14771400,False,False
ATLA.JK,50.0,50.0,50.0,50.0,50.0,50.04,50.43546440124512,0.03999999999999915,0.0,1192500,True,False
ATIC.JK,466.0,468.0,468.0,464.6,466.3,471.56,493.63,3.4799999999999898,0.8966620251395064,26800,True,False
ATAP.JK,555.0,561.6666666666666,580.0,594.5,585.5,530.1,486.57,12.879999999999995,4.684406242134467,2005800,False,False
ASSA.JK,625.0,620.0,629.0,630.5,624.5,612.690625,665.81640625,3.561875000000009,1.8878578026571124,4668000,True,False
ASRM.JK,284.0,277.3333333333333,274.4,272.0,268.8,257.44,265.6272149658203,13.280000000000001,1.0634277971353772,112200,False,False
ASRI.JK,124.0,123.33333333333333,125.0,124.9,122.5,118.29052627563476,120.89197319030762,6.709473724365239,2.894441821311888,7784500,False,False
ASPR.JK,159.0,151.66666666666666,154.6,156.0,152.65,154.01473846435547,212.30764923095703,7.333333333333343,4.315323881770525,53505200,False,False
ASPI.JK,394.0,389.3333333333333,387.6,392.6,402.9,403.18,404.97,7.789999999999992,1.94051152188737,253400,False,False
ASMI.JK,16.0,15.666666666666666,16.0,16.2,16.25,16.24,17.01,0.5833333333333339,5.4078185355647195,3158400,False,False
ASLI.JK,238.0,233.33333333333334,238.0,228.6,212.7,208.62,253.83,14.689999999999998,10.119195569934762,16674700,False,False
ASLC.JK,66.0,67.0,65.4,63.7,63.4,62.16,67.09,4.840000000000003,4.589788166831746,22460900,False,False
ASJT.JK,163.0,161.0,161.6,158.5,156.35,158.32,167.77225372314453,6.650000000000006,2.136633428234372,164200,False,False
ASII.JK,4790.0,4786.666666666667,4786.0,4789.0,4908.5,4874.6,5219.5043115234375,12.25,0.7356504752371886,37802400,False,False
ASHA.JK,58.0,57.333333333333336,58.4,59.1,58.7,56.96,63.37,2.1400000000000006,3.266178055531683,26150900,True,False
ASGR.JK,2090.0,1963.3333333333333,1892.0,1831.5,1821.75,1748.9,1645.5502087402344,34.10999999999999,4.021372447534912,6233200,False,False
ASDM.JK,515.0,510.0,510.0,511.5,511.65,509.36446472167967,513.026266784668,1.1271070556640665,0.9767336913558862,138100,True,False
ASBI.JK,422.0,419.3333333333333,417.2,414.2,419.1,417.93634765625,411.599372253418,3.9000000000000057,1.545149758569551,1700,True,False
ARTO.JK,1000.0,995.0,1020.0,1094.5,1176.25,1129.2,1175.35,36.25,2.86638459536415,25254500,False,False
ARTA.JK,2310.0,2276.6666666666665,2284.0,2307.0,2373.0,2434.4,2489.55,15.773333333333358,2.041689935122125,3600,False,False
ARNA.JK,490.0,490.0,490.4,493.2,494.5,471.28,470.5708251953125,11.610000000000014,0.4319212777351305,1765800,False,False
ARKO.JK,5100.0,5091.666666666667,5135.0,5260.0,4971.5,5056.4,6295.8,11.54,6.298161311101243,3937400,False,False
ARKA.JK,22.0,22.0,22.0,22.0,22.0,22.26,26.26,0.26000000000000156,0.0,0,True,False
ARII.JK,296.0,296.0,292.0,287.4,281.5,278.52,279.62,8.740000000000009,1.3115485535882199,97100,False,False
ARGO.JK,1135.0,1135.0,1143.0,1152.0,1165.0,1062.8,992.85,20.44000000000001,1.1112679466542936,211300,False,False
AREA.JK,342.0,342.0,316.4,295.6,286.5,262.64,273.68,39.68000000000001,6.668888661594867,5462800,False,False
ARCI.JK,1445.0,1420.0,1405.0,1331.5,1234.75,1105.5,1225.7603051757812,67.9,3.963929361436884,45116600,False,False
APLN.JK,137.0,136.33333333333334,139.6,135.8,130.7,126.02,144.94,13.579999999999998,4.317555546709436,28471600,False,False
APLI.JK,272.0,270.0,270.4,264.8,258.6,251.8,236.88458221435548,10.099999999999994,1.8754850386636361,301600,False,False
APII.JK,191.0,190.33333333333334,189.8,189.3,188.4,183.80351623535157,182.93604385375977,7.196483764648434,1.3395300514050323,11200,False,False
APIC.JK,520.0,520.0,530.0,538.0,580.25,618.6,963.4,19.720000000000006,4.195800795389445,2635400,False,False
APEX.JK,187.0,185.0,188.2,181.9,173.05,148.76,159.55,39.44,4.461051296403586,11947100,False,False
ANTM.JK,3180.0,3176.6666666666665,3168.0,3113.0,3050.5,2959.3688818359374,3086.2385546875,22.063111816406263,1.9671564665746912,71295100,False,False
ANJT.JK,1600.0,1596.6666666666667,1592.0,1547.0,1512.75,1489.2,1569.25,22.15999999999999,2.0204866471371714,85700,False,False
ANDI.JK,17.0,16.666666666666668,16.8,17.2,17.35,17.48,19.76,0.8133333333333326,3.363816189296933,1931100,True,False
AMRT.JK,1375.0,1390.0,1397.0,1385.0,1374.5,1383.3,1372.153009033203,4.5,2.5688023389947934,20056500,True,True
AMOR.JK,356.0,357.3333333333333,356.8,357.6,355.8,340.44,343.32,8.580000000000013,0.5797092101853721,31700,False,False
AMMS.JK,226.0,206.66666666666666,192.6,182.1,207.6,273.24,327.18,45.57000000000001,5.834520524563519,5245900,False,False
AMMN.JK,4450.0,4446.666666666667,4458.0,4354.0,4294.0,3933.2,4119.15,52.48000000000002,3.285030632595919,38236000,False,False
AMIN.JK,240.0,238.0,238.8,241.4,243.2,244.92,247.22,3.4599999999999937,1.2678021070920953,16200,True,False
AMFG.JK,3330.0,3330.0,3330.0,3329.0,3323.0,3149.333564453125,3116.1238110351565,18.066643554687516,0.3086463912375258,9300,False,False
AMAR.JK,228.0,228.0,229.2,225.2,220.07810592651367,206.5353598022461,196.56665573120117,11.332320098876949,1.6044150553096728,520100,False,False
AMAN.JK,226.0,226.66666666666666,230.4,235.6,242.7,254.56,262.48,14.280000000000001,1.6754896671549784,194800,False,False
AMAG.JK,390.0,389.3333333333333,388.8,389.2,388.5,390.4,395.1091488647461,0.9499999999999886,0.3258279719676159,33400,True,False
ALKA.JK,4580.0,4580.0,4468.0,3625.0,2791.0,1553.7,1084.62,302.63,10.056666414825626,0,False,False
ALII.JK,800.0,785.0,797.0,801.5,784.25,758.642001953125,801.0815380859375,8.571599609374994,2.908024128547903,380600,False,False
ALDO.JK,930.0,923.3333333333334,925.0,913.0,872.0,781.4776135253907,710.7567486572266,29.704477294921865,2.583601282875464,75600,False,False
AKSI.JK,236.0,238.0,234.8,231.8,232.0,223.68,246.74,7.159999999999997,1.992028063411977,178100,False,False
AKRA.JK,1385.0,1380.0,1383.0,1391.5,1407.0170654296876,1327.2931884765626,1327.8886181640626,15.944775390625,1.1326746445261378,8229900,False,False
AKPI.JK,498.0,499.6666666666667,504.8,505.4,504.25,493.32,501.24759552001956,6.039999999999992,1.2522846090617747,364600,False,False
AKKU.JK,38.0,38.0,38.0,38.0,38.0,38.0,38.0,0.0,0.0,0,True,False
AISA.JK,118.0,117.33333333333333,118.8,119.4,119.45,109.86,113.39,9.590000000000003,2.930139100761674,5635600,False,False
AIMS.JK,380.0,379.3333333333333,382.0,385.0,389.2,395.68,406.64,8.173333333333346,1.441729977031219,206700,False,False
AHAP.JK,96.0,95.66666666666667,98.6,99.2,96.05,92.78,97.02,6.420000000000002,4.556548368779937,9863500,False,False
AGRS.JK,60.0,60.333333333333336,60.8,60.9,61.05,61.0,63.93,1.0499999999999972,1.7199287364206024,1205400,True,False
AGRO.JK,145.0,146.66666666666666,149.0,149.2,148.0,146.62,159.46,4.199999999999989,1.6078230216273006,8675300,True,False
AGII.JK,2880.0,2803.3333333333335,2832.0,2873.0,2915.5,2857.475908203125,2908.2360205078126,11.21666666666665,2.081020476120431,235800,False,False
AGAR.JK,1810.0,1810.0,1810.0,1716.5,1297.5,722.92,478.18,217.416,10.574732687285922,0,False,False
AEGS.JK,47.0,46.333333333333336,44.4,43.0,42.75,41.02,44.71,5.979999999999997,5.128005269677312,38527100,False,False
ADRO.JK,2700.0,2646.6666666666665,2610.0,2570.0,2538.0,2442.2,2405.374831542969,25.78000000000002,1.8454623754592239,65458300,False,False
ADMR.JK,1720.0,1695.0,1690.0,1662.5,1608.5,1527.3,1608.0512866210938,38.540000000000006,2.9502397441388553,28323400,False,False
ADMG.JK,256.0,256.0,256.4,257.0,244.9,221.94,212.73,17.53,0.8203330086670404,1338400,False,False
ADMF.JK,8700.0,8708.333333333334,8680.0,8667.5,8647.5,8328.5,8356.115366210937,15.193333333333358,0.5820064064454367,16700,False,False
ADHI.JK,133.0,133.0,134.0,138.0,144.8,153.38,167.35,20.379999999999995,1.151861807147508,0,False,False
ADES.JK,32375.0,32575.0,32695.0,32780.0,33373.75,33368.0,26565.75,39.95,0.3990052406094675,17800,False,False
ADCP.JK,50.0,50.0,50.0,50.0,50.0,50.0,50.32,0.0,0.0,0,True,False
ACST.JK,86.0,86.0,85.2,85.7,85.25,81.1,85.08,4.900000000000006,1.6275254844857499,321500,True,False
ACRO.JK,64.0,63.666666666666664,63.4,63.1,61.95,60.987917022705076,63.56386455535889,3.0120829772949236,1.0111260809066844,5964800,True,True
ACES.JK,358.0,358.0,359.2,358.0,356.9,347.9749108886719,338.8288562011719,5.612544555664044,1.2752333319092413,10704400,True,True
ABMM.JK,2700.0,2696.6666666666665,2706.0,2687.0,2645.0,2495.0,2597.8399755859373,21.1,0.9269695942224534,669800,False,False
ABDA.JK,3810.0,3810.0,3810.0,3817.0,3697.0,3501.4,3297.8,31.55999999999999,0.17614853841267936,0,False,False
ABBA.JK,30.0,30.0,30.0,30.0,30.0,30.5,34.73,0.5,0.0,0,True,False
AALI.JK,8000.0,7941.666666666667,7945.0,7700.0,7373.75,6691.5,7006.51353515625,52.34,2.0766681259172515,781600,False,False
AADI.JK,10125.0,10125.0,10015.0,9735.0,9430.0,8761.0,8898.8702734375,54.56,2.644601383813052,4773900,False,False
