Ticker,Close,MA3,MA5,MA10,MA20,MA50,MA100,Range_Ticks,Vol_Pct,Volume,MA_Tight,Signal
ZYRX.JK,130.0,127.66666666666667,128.2,129.4,129.8,128.16,131.00422760009766,2.3333333333333286,1.8916309386748307,2780700,True,False
ZONE.JK,705.0,708.3333333333334,711.0,714.0,725.25,667.6,531.9766860961914,11.529999999999996,0.6939651991799696,15700,False,False
ZINC.JK,30.0,30.0,30.0,30.0,30.0,30.0,30.0,0.0,0.0,0,True,False
YUPI.JK,1320.0,1305.0,1319.0,1322.5,1342.3530151367188,1322.1522924804688,1365.1412744140625,7.470603027343759,1.711624686164244,23100,False,False
YULE.JK,3470.0,3490.0,3510.0,3554.0,3526.0,3443.2,3391.0,11.080000000000018,0.940912738612814,15100,False,False
YPAS.JK,1425.0,1395.0,1343.0,1411.5,1434.25,978.6,893.1,91.13,7.354574838644015,368000,False,False
YOII.JK,85.0,82.0,81.8,81.7,82.15,83.86,85.6,3.299999999999997,2.0136271046954155,131526200,True,False
YELO.JK,94.0,94.66666666666667,96.6,99.4,96.35,87.06,85.07,12.340000000000003,3.79837286991966,42688000,False,False
WTON.JK,78.0,78.33333333333333,79.0,79.8,80.35,77.22,78.53860244750976,3.1299999999999955,1.0452748983743858,14725700,True,False
WSBP.JK,14.0,14.0,14.0,14.0,14.0,14.0,14.83,0.0,0.0,0,True,False
WOWS.JK,57.0,57.0,57.4,58.4,59.45,59.4,62.13,2.450000000000003,1.422271096202989,17766600,True,False
WOOD.JK,198.0,200.66666666666666,203.2,205.8,208.4,211.04,235.12,13.039999999999992,2.293214285277081,2052400,False,False
WOMF.JK,278.0,287.3333333333333,284.0,282.2,280.5,265.48,270.46,10.926666666666648,4.253809237848396,195900,False,False
WMUU.JK,50.0,50.0,50.0,50.0,50.55,51.76,55.28,1.759999999999998,0.0,338100,True,False
WIRG.JK,79.0,79.33333333333333,78.2,76.7,75.15,64.3,64.43,15.033333333333331,4.415133270165851,312789200,False,False
WINS.JK,570.0,585.0,575.0,569.5,548.0,530.7,524.6021899414062,10.85999999999999,5.433204968308543,1587700,False,False
WINR.JK,27.0,27.666666666666668,28.4,26.7,24.25,22.56,24.2,5.84,6.32448651022025,26977100,False,False
WINE.JK,130.0,129.33333333333334,130.8,132.5,131.45,140.18,151.36196243286133,10.846666666666664,1.6484422136342824,996200,False,False
WIIM.JK,1525.0,1570.0,1583.0,1612.5,1655.75,1658.1,1653.8471655273438,26.619999999999983,1.9825578629463114,4572400,False,False
WIFI.JK,1940.0,1961.6666666666667,2009.0,2052.5,2062.25,1971.5756103515625,1962.8448181152344,24.45,1.2819791094959543,7327300,False,False
WIDI.JK,29.0,28.0,28.0,27.2,26.75,26.38,27.15,2.620000000000001,5.994772533943058,26059300,False,False
WGSH.JK,136.0,135.0,140.4,151.1,158.8,154.8,133.67,23.80000000000001,3.7548521030260797,32029100,False,False
WEHA.JK,113.0,111.33333333333333,111.6,111.4,109.8,106.76,110.48553726196289,6.239999999999995,1.1221653641730567,4225100,False,False
WEGE.JK,50.0,50.0,50.6,52.1,54.7,52.1,52.22,4.700000000000003,0.9844333928876672,3336400,True,False
WAPO.JK,194.0,190.66666666666666,186.0,179.3,165.25,139.38,130.09,54.620000000000005,2.4525308628878753,3830500,False,False
VTNY.JK,79.0,76.33333333333333,76.8,77.3,79.45,70.22,66.63,9.230000000000004,4.206732681131217,32061700,False,False
VRNA.JK,93.0,92.33333333333333,94.0,94.4,84.4,79.14,78.05,15.260000000000005,11.263098205135687,2931300,False,False
VOKS.JK,324.0,275.3333333333333,260.4,248.8,238.2,219.96,214.0,52.019999999999996,7.861789517048881,16089700,False,False
VKTR.JK,755.0,771.6666666666666,795.0,844.5,876.25,792.7,759.58,24.25,2.4388211468393552,57379800,False,False
VIVA.JK,43.0,43.666666666666664,44.4,46.4,49.25,44.66,41.74,6.25,3.282590867459915,15494100,False,False
VISI.JK,1025.0,1026.6666666666667,1009.0,992.0,973.0,941.5,917.0,17.03333333333335,1.9703314501494211,1710100,False,False
VINS.JK,145.0,144.33333333333334,145.4,144.4,143.35,141.3,143.65,4.099999999999994,3.208606425951456,3289500,True,True
VICO.JK,171.0,168.0,167.8,160.4,154.05,144.98,146.36,26.02000000000001,3.63795285423687,1405000,False,False
VICI.JK,1180.0,1136.6666666666667,1114.0,1019.5,872.75,711.3,641.2042288208008,93.74000000000001,5.23568085942177,18922400,False,False
VERN.JK,226.0,228.66666666666666,229.2,235.2,238.7,210.98,171.33,13.86,1.6400642011226443,7201100,False,False
VAST.JK,111.0,112.33333333333333,112.0,113.0,113.55,114.6,118.1,3.5999999999999943,1.520658130860096,2105800,True,False
UVCR.JK,173.0,161.0,160.2,155.0,147.8,145.72,170.32977828979492,27.28,5.400509279008247,178628100,False,False
URBN.JK,218.0,218.0,220.0,223.4,218.8,217.76,210.17,2.8200000000000074,1.6230868924776483,64200,True,False
UNVR.JK,1625.0,1625.0,1641.0,1664.5,1720.0,1729.2,1673.30568359375,20.84000000000001,0.7693826462929984,20072700,False,False
UNTR.JK,26100.0,26266.666666666668,26235.0,25765.0,24965.0,24842.0,24857.356328125,56.986666666666714,1.399876065773644,3085100,False,False
UNTD.JK,81.0,81.0,82.0,82.3,82.35,80.18,78.16,2.1699999999999875,1.2002952141510763,13266300,True,True
UNSP.JK,206.0,206.0,206.0,206.0,206.0,206.0,240.08,0.0,0.0,0,True,False
UNIQ.JK,119.0,120.0,121.0,122.4,119.9,114.04,112.27,8.36,0.6872748418109811,1159100,False,False
UNIC.JK,15050.0,15016.666666666666,15045.0,15012.5,15045.0,14199.5,13214.71662109375,34.02,0.6722754356396387,5700,False,False
ULTJ.JK,1800.0,1675.0,1620.0,1564.5,1529.5,1473.1,1478.35,65.38000000000002,4.5316949598936045,51428300,False,False
UFOE.JK,147.0,144.66666666666666,145.4,146.8,144.85,140.16,140.93,6.840000000000003,1.663828614360104,584500,False,False
UDNG.JK,486.0,540.3333333333334,602.2,797.6,1088.8,1185.92,1225.86,349.96000000000004,1.0723886362486579,39683500,False,False
UCID.JK,498.0,507.6666666666667,511.6,514.8,496.15,436.7,408.4188589477539,39.04999999999998,2.0648250350141346,3849300,False,False
UANG.JK,3370.0,3563.3333333333335,3828.0,3720.0,3090.0,2683.6,2710.0,114.44000000000001,12.402449554566257,301300,False,False
TYRE.JK,116.0,112.33333333333333,113.2,113.2,112.95,113.68,111.99,3.6666666666666714,2.141090930093291,4294400,True,True
TUGU.JK,1455.0,1430.0,1416.0,1378.5,1373.25,1291.1,1221.3216333007813,32.780000000000015,2.489342227973076,3200800,False,False
TSPC.JK,2750.0,2743.3333333333335,2744.0,2746.0,2742.5,2712.8,2576.6,3.719999999999982,0.3845726765890655,353300,True,False
TRUS.JK,454.0,454.6666666666667,452.8,450.4,448.5,435.08,368.42843170166014,9.79333333333335,1.917386857035797,33800,False,False
TRUK.JK,1075.0,1075.0,1075.0,1031.0,892.0,657.8,552.6,83.44000000000001,7.8730434733498305,0,False,False
TRUE.JK,50.0,50.0,50.0,50.0,50.0,50.0,74.66,0.0,0.0,0,True,False
TRST.JK,464.0,466.0,468.0,464.6,464.0,466.8795831298828,465.5564538574219,2.0,2.0474532175604536,49500,True,False
TRON.JK,101.0,100.0,101.0,102.1,101.15,103.56,105.49,3.5600000000000023,1.7893694970365601,9977800,True,False
TRJA.JK,145.0,131.66666666666666,131.0,131.0,127.2,118.08,119.11,26.92,6.378030970446076,80556900,False,False
TRIS.JK,171.0,171.33333333333334,171.34600219726562,173.2224349975586,172.38400344848634,167.63672088623048,167.42232696533202,5.585714111328116,0.8325893815274972,159200,True,False
TRIN.JK,404.0,412.0,408.0,394.2,364.5,341.68,424.61,35.16,6.602128017991565,27755700,False,False
TRIM.JK,805.0,771.6666666666666,749.0,726.0,670.0,615.2,575.230933227539,37.959999999999994,4.527517895020228,838100,False,False
TRGU.JK,174.0,172.33333333333334,174.6,175.4,173.7,168.18,173.24,7.219999999999999,3.248417891477936,306700,False,False
TPMA.JK,482.0,481.3333333333333,484.8,486.6,473.4,460.92,468.92,12.840000000000003,1.7649936425909556,1184200,False,False
TPIA.JK,1835.0,1860.0,1889.0,1939.5,1951.75,2006.8,2564.402607421875,34.35999999999999,0.9261580827794892,77735600,False,False
TOWR.JK,448.0,448.6666666666667,457.6,455.0,450.9,416.92,411.0077072143555,20.340000000000003,2.641009502366514,23762900,False,False
TOTO.JK,242.0,242.0,241.6,240.4,237.5,237.92,237.71720153808593,2.25,0.6875261419955966,376200,True,False
TOTL.JK,1555.0,1523.3333333333333,1521.0,1500.5,1489.0,1292.1,1180.2105432128906,52.58000000000002,2.656182435959237,9765600,False,False
TOSK.JK,84.0,83.0,83.4,81.8,77.45,70.98,65.06,13.019999999999996,3.010450709581413,21449600,False,False
TOOL.JK,75.0,71.0,71.0,70.6,68.5,67.3,68.24,7.700000000000003,4.325311778775547,381260900,False,False
TOBA.JK,535.0,543.3333333333334,554.0,572.5,569.25,507.0,486.1874713134766,13.1,1.509691974751524,5743100,False,False
TNCA.JK,183.0,182.33333333333334,182.2,182.1,171.25,159.44,161.86,23.560000000000002,5.232195130634406,744200,False,False
TMPO.JK,159.0,152.66666666666666,157.0,163.9,179.75,147.82,130.79,31.930000000000007,3.715173694797455,43123200,False,False
TMAS.JK,145.0,145.33333333333334,146.6,145.3,141.7,129.32,122.99605049133301,17.28,1.3712135971733226,5551600,False,False
TLKM.JK,2700.0,2663.3333333333335,2656.0,2634.0,2619.5,2616.6,2628.9460546875,8.340000000000009,1.3686366021615055,142432700,False,False
TLDN.JK,620.0,618.3333333333334,625.0,631.0,600.0,560.4,555.7874255371094,14.120000000000005,3.024128043000542,1253800,False,False
TKIM.JK,7800.0,7850.0,7950.0,8110.0,8051.25,7078.0,6829.0032568359375,41.28,1.5044448962172707,1205800,False,False
TIRT.JK,590.0,590.0,590.0,590.0,590.0,590.0,547.67,0.0,0.0,0,True,False
TIRA.JK,396.0,400.6666666666667,405.2,409.8,410.8,458.52,567.41,31.25999999999999,1.4321877913578438,888800,False,False
TINS.JK,4740.0,4726.666666666667,4686.0,4483.0,4271.0,3883.6,3634.397998046875,85.64000000000001,3.012811159373955,38730600,False,False
TIFA.JK,306.0,312.6666666666667,317.2,322.4,329.6,301.68,301.09701568603515,13.960000000000008,1.4767563409959066,444200,False,False
TGKA.JK,4970.0,4980.0,4978.0,4973.0,5009.75,4937.1,4827.0088671875,7.264999999999963,0.6346735076748248,300,False,False
TFCO.JK,800.0,800.0,814.0,848.0,864.0,792.4,721.9,14.320000000000004,3.736932749409308,0,False,False
TFAS.JK,186.0,185.66666666666666,186.6,186.5,185.85,186.76,198.13,1.0933333333333337,1.7196211180642833,257400,True,False
TEBE.JK,1680.0,1693.3333333333333,1730.0,1722.5,1719.5,1327.8,1206.7,80.44000000000001,3.595725053492195,9869900,False,False
TCPI.JK,1675.0,1833.3333333333333,1972.0,2147.0,2304.0,4045.17,7031.495283203125,474.034,3.4856243617471203,4765500,False,False
TCID.JK,2670.0,2636.6666666666665,2614.0,2606.0,2641.0,2704.2,2761.8,9.819999999999983,1.6367512700238736,13100,False,False
TBMS.JK,1225.0,1223.3333333333333,1228.0,1221.5,1221.5,1209.3,1230.2052893066407,3.740000000000009,1.5393374988852504,19800,True,False
TBLA.JK,620.0,621.6666666666666,625.0,630.0,628.5,629.4,617.3161685180664,2.0,0.9476890763870479,733200,True,False
TBIG.JK,1455.0,1458.3333333333333,1478.0,1490.0,1472.5,1435.1,1454.2275341796876,10.980000000000018,2.085896309052981,132600,False,False
TAYS.JK,50.0,50.0,50.0,50.0,50.0,50.0,52.38,0.0,0.0,0,True,False
TAXI.JK,15.0,15.333333333333334,14.8,14.2,14.05,13.56,14.27,1.7733333333333334,5.566995046111102,81713800,False,False
TARA.JK,31.0,31.0,32.0,31.0,30.2,30.44,30.11,1.8000000000000007,4.420160436181922,1069600,False,False
TAPG.JK,2230.0,2250.0,2290.0,2300.0,2146.25,1844.0696655273437,1692.388643798828,45.59303344726563,3.8058962178466444,12310300,False,False
TAMU.JK,27.0,27.0,27.4,27.6,26.45,23.32,23.2,4.280000000000001,3.4314585504530553,2168900,True,True
TAMA.JK,194.0,191.0,193.6,196.1,220.35,213.46,195.77,29.349999999999994,5.6495050543971255,1023200,False,False
TALF.JK,700.0,705.0,700.0,701.5,711.5,711.7,701.7928015136719,2.340000000000009,1.6480631180839675,68900,True,False
SWID.JK,125.0,121.66666666666667,120.6,120.1,118.75,107.04,101.34979614257813,17.959999999999994,2.0787160968315628,11642100,False,False
SURI.JK,85.0,85.0,85.0,83.7,81.75,74.38,71.76,10.620000000000005,1.8679814474665428,973000,False,False
SURE.JK,3010.0,3023.3333333333335,3032.0,3002.0,2823.5,2777.8,2767.4,25.41999999999998,8.269070333612879,400,False,False
SUPA.JK,498.0,502.6666666666667,508.6,516.3,521.9,559.06,651.53,30.529999999999973,1.934697789989488,6952600,False,False
SUNI.JK,690.0,685.0,690.0,695.5,705.5,681.2,656.8239752197265,4.8599999999999905,0.9142111519793222,317700,True,False
SULI.JK,87.0,87.0,88.2,88.8,90.1,88.8,88.23,3.0999999999999943,1.4296725084983692,2843000,True,False
STTP.JK,9300.0,9408.333333333334,9405.0,9430.0,9433.75,9683.5,9734.5,15.34,0.7877425078060086,800,False,False
STRK.JK,67.0,64.66666666666667,64.2,65.5,65.8,66.14,76.71,2.799999999999997,2.7911716996801332,19723400,True,False
STAR.JK,384.0,376.6666666666667,378.8,386.0,401.2,340.48,392.08,30.359999999999985,3.6915148387979158,26100,False,False
STAA.JK,1195.0,1196.6666666666667,1225.0,1251.0,1205.25,1112.3,1074.6244812011719,27.74000000000001,2.530059709098665,2320600,False,False
SSTM.JK,436.0,452.0,465.6,477.5,452.55,422.78,459.93,27.360000000000014,3.0938632836257,54600,False,False
SSMS.JK,1075.0,1133.3333333333333,1173.0,1179.5,1045.0,964.4,963.3340148925781,43.02,7.951231242701565,9883000,False,False
SSIA.JK,1720.0,1703.3333333333333,1725.0,1779.5,1813.25,1708.1,1670.2459594726563,21.98333333333335,1.669608724503394,9955700,False,False
SRTG.JK,1785.0,1796.6666666666667,1811.0,1809.5,1855.0,1772.7,1656.821082763672,16.45999999999999,1.0122528837854092,1329400,False,False
SRSN.JK,107.0,100.66666666666667,100.2,101.8,89.0,76.28,71.6,30.72,5.122539137608598,289889400,False,False
SRAJ.JK,13700.0,14433.333333333334,13895.0,13660.0,13925.0,12646.0,12707.0,71.49333333333335,7.703613924617988,1000,False,False
SQMI.JK,95.0,95.0,98.0,98.7,81.5,70.9,58.41,27.799999999999997,8.657671964868705,144838800,False,False
SPTO.JK,605.0,603.3333333333334,608.0,613.0,613.5,601.2,576.9315759277343,2.459999999999991,0.8635717430564275,472400,True,False
SPRE.JK,94.0,97.0,98.8,95.9,93.3,88.62,84.78,10.179999999999993,3.984828024361644,5207000,False,False
SPMA.JK,169.0,170.66666666666666,171.8,170.8,168.35,167.52923065185547,163.10307662963868,4.27076934814454,0.8922947294244526,235700,True,False
SOUL.JK,37.0,37.0,37.0,37.0,37.0,37.0,39.73,0.0,0.0,0,True,False
SOTS.JK,590.0,596.6666666666666,604.0,609.0,621.75,616.5,697.65,6.35,1.9922601265909932,128500,False,False
SOSS.JK,935.0,941.6666666666666,952.0,963.0,901.5,904.1,852.45,12.3,4.0525351754151036,600,False,False
SONA.JK,2180.0,2203.3333333333335,2242.0,2335.0,2403.0,2419.4,2289.7899279785156,23.94000000000001,1.520403561626205,21300,False,False
SOLA.JK,90.0,90.0,91.2,92.1,91.75,96.58,103.82,6.579999999999998,1.33655956215475,2729100,False,False
SOHO.JK,1555.0,1565.0,1626.0,1506.0,1350.25,1255.1,1362.85,74.18000000000002,10.899458331031193,223200,False,False
SOFA.JK,372.0,362.0,350.4,338.6,340.1,274.36,300.3,48.81999999999999,6.055966391370424,6398600,False,False
SOCI.JK,660.0,648.3333333333334,654.0,641.5,596.5,487.82,437.4339996337891,34.436,3.88342701053149,33562100,False,False
SNLK.JK,252.0,245.33333333333334,238.8,235.2,231.9,226.84,231.14,12.579999999999998,3.1645892316656417,25624100,False,False
SMSM.JK,1730.0,1731.6666666666667,1744.0,1740.5,1733.75,1717.0887670898437,1697.163076171875,5.382246582031257,0.9587259561574385,698500,True,False
SMRA.JK,288.0,317.3333333333333,323.6,328.0,324.2,318.28,305.2472306823731,20.0,4.4894442301545165,186738500,False,False
SMMT.JK,2680.0,2700.0,2710.0,2553.0,2259.25,2005.7,1969.45,70.42999999999999,8.342821045544795,236100,False,False
SMMA.JK,20025.0,20016.666666666668,20020.0,19975.0,20032.5,20349.5,19610.25,14.98,2.62217348362022,3900,False,False
SMLE.JK,220.0,203.66666666666666,199.6,194.2,180.05,160.6,134.14,29.700000000000003,4.455908653381612,60795100,False,False
SMKM.JK,103.0,104.33333333333333,105.6,107.2,106.8,85.82,82.32,21.38000000000001,3.099049703728519,3504000,False,False
SMKL.JK,153.0,154.33333333333334,155.8,155.5,151.05,145.3,145.4711376953125,10.5,2.7531915795112885,179100,False,False
SMIL.JK,430.0,429.3333333333333,438.0,433.2,415.2,380.44,327.26,28.78,2.6368568651868536,36461100,False,False
SMGR.JK,1585.0,1645.0,1679.0,1717.0,1628.25,1549.9,1656.9960400390626,33.41999999999998,2.911222897208359,25254800,False,False
SMGA.JK,86.0,87.0,88.0,88.4,84.95,76.36,75.88,12.040000000000006,1.0419378992076844,5221000,False,False
SMDR.JK,390.0,392.6666666666667,389.2,368.2,340.8,311.2259063720703,301.4912796020508,40.72038014729819,3.674458423106651,36316200,False,False
SMDM.JK,545.0,540.0,543.0,549.5,548.0,557.9,557.91,3.5799999999999956,2.3904346562413625,60400,True,False
SMBR.JK,169.0,170.66666666666666,172.8,176.3,172.2,165.18,169.00731643676758,11.120000000000005,1.324815617140986,2747000,False,False
SMAR.JK,6275.0,6233.333333333333,6315.0,6530.0,6265.0,5808.8,5454.537290039062,28.847999999999992,2.098943004752062,61600,False,False
SLIS.JK,82.0,83.33333333333333,85.0,87.5,90.9,76.38,74.06,14.52000000000001,1.8158611246072807,14119000,False,False
SKRN.JK,418.0,416.0,414.0,403.6,395.3,395.36,397.82085479736327,11.349999999999994,1.2497041579443526,205800,False,False
SKLT.JK,212.0,213.33333333333334,214.0,215.2,213.7,202.48,198.3064286804199,6.359999999999999,1.3870070745196208,49100,False,False
SKBM.JK,535.0,533.3333333333334,537.0,548.0,543.0,558.9,562.59,5.113333333333321,1.568399098092033,185300,True,False
SIPD.JK,925.0,920.0,925.0,928.0,881.0,766.9,790.05,32.220000000000006,2.100346711471766,11200,False,False
SINI.JK,13350.0,13400.0,13600.0,14010.0,11436.25,8775.883564453125,9844.686298828125,209.36465742187502,6.208230119721313,5316600,False,False
SIMP.JK,610.0,615.0,620.0,631.0,620.75,590.7,587.1608312988282,8.059999999999992,1.9053496626112598,6821300,False,False
SILO.JK,2010.0,2010.0,2030.0,2100.0,2163.5,2183.7,2258.65,17.369999999999983,2.282337490221684,983700,False,False
SIDO.JK,352.0,349.3333333333333,350.0,353.2,352.0,361.28,388.42,5.973333333333329,0.8843219676205504,10927300,True,False
SICO.JK,115.0,114.66666666666667,115.2,115.2,113.75,110.78,111.22,4.420000000000002,1.6590008460844647,1812500,True,True
SHIP.JK,2750.0,2690.0,2666.0,2560.0,2416.0,2106.6,2156.4828979492186,64.34,5.142913700088593,84800,False,False
SHID.JK,790.0,803.3333333333334,808.0,722.0,633.0,608.2,651.45,39.959999999999994,11.463419112273368,109300,False,False
SGRO.JK,4760.0,4793.333333333333,4840.0,4911.5,4856.25,4110.3,3595.7287329101564,80.11999999999998,1.6079899586597057,11600,False,False
SGER.JK,685.0,683.3333333333334,690.0,675.5,612.75,515.66,434.53,34.86800000000001,4.263322773450237,22027300,False,False
SFAN.JK,2030.0,2033.3333333333333,2036.0,2037.0,2033.5,1996.8,1978.6,4.020000000000005,0.5568132482618339,51500,True,False
SEMA.JK,234.0,192.33333333333334,166.2,139.2,122.7,106.48,104.43,63.76,11.454138064752312,89226200,False,False
SDRA.JK,216.0,215.33333333333334,215.2,218.8,219.4,216.6,225.48,2.1000000000000085,1.0625821197132859,615400,True,False
SDPC.JK,198.0,196.66666666666666,197.6,198.2,195.9,187.92,184.6358187866211,10.280000000000001,2.2542924771598365,294700,False,False
SDMU.JK,93.0,91.0,90.8,91.1,89.25,84.16,84.64,8.840000000000003,1.4038995336299356,33607800,False,False
SCNP.JK,156.0,154.66666666666666,155.0,155.8,153.25,153.66,151.97684326171876,2.75,0.983533766842039,719400,True,False
SCMA.JK,195.0,197.66666666666666,199.8,201.7,204.75,204.42,210.79555374145508,9.75,1.5164098807803803,25707200,False,False
SCCO.JK,3020.0,2703.3333333333335,2664.0,2579.0,2462.5,2360.8,2301.568798828125,65.91999999999999,6.078429498887327,3450100,False,False
SBMA.JK,113.0,111.0,110.4,110.0,109.05,108.16,109.87,4.840000000000003,1.6264560558667234,1744500,True,True
SATU.JK,240.0,242.66666666666666,246.0,246.6,247.6,259.2,262.48,9.599999999999994,1.1339953565347405,77600,False,False
SAPX.JK,430.0,480.0,434.4,353.0,284.4,241.68,232.52,119.16,15.100060553791709,42241100,False,False
SAMF.JK,310.0,320.0,323.6,319.8,304.9,289.12,288.62699966430665,17.24000000000001,1.9033253454871484,143600,False,False
SAME.JK,298.0,298.6666666666667,301.2,309.0,305.6,303.84,315.88,5.5,2.2252419883195493,1026100,True,False
SAGE.JK,31.0,31.0,32.0,31.0,30.2,31.54,29.85,1.8000000000000007,5.012631355079492,1943200,False,False
SAFE.JK,960.0,903.3333333333334,892.0,883.5,728.4,517.16,423.28,88.56800000000001,3.0719268698778555,549500,False,False
RUNS.JK,70.0,70.66666666666667,72.6,72.3,67.35,66.66,72.68,5.939999999999998,4.927637549006885,1079900,False,False
RUIS.JK,202.0,206.66666666666666,207.2,208.0,206.8,203.526875,196.4490625,3.0,1.7462388451187316,1347100,True,True
RSCH.JK,434.0,432.6666666666667,427.6,410.0,371.6,325.44,306.1,54.28,3.7658625138462556,39404500,False,False
ROTI.JK,585.0,585.0,585.0,585.0,584.5,593.0,592.85,1.7,0.5698297098452854,282200,True,False
RONY.JK,1330.0,1366.6666666666667,1417.0,1439.5,1336.25,1280.0,1254.4,31.9,8.831950063769105,7100,False,False
RODA.JK,63.0,63.666666666666664,64.6,63.7,64.7,63.74,63.66,1.7000000000000028,2.942680885527659,14959700,True,False
ROCK.JK,2070.0,2043.3333333333333,2058.0,2061.0,2079.0,1939.7,1966.3,13.929999999999996,2.839275405669627,16500,False,False
RMKO.JK,336.0,342.0,348.0,341.2,315.3,314.8,345.77,16.599999999999994,2.9060880688828883,4689400,False,False
RMKE.JK,408.0,409.3333333333333,416.0,422.6,422.2,423.96,480.40110107421873,7.97999999999999,2.1746366503235817,46860100,False,False
RLCO.JK,4300.0,4396.666666666667,4488.0,4570.0,4471.5,4322.2,4036.15,27.0,2.11081489616685,309100,False,False
RISE.JK,795.0,801.6666666666666,809.0,838.0,871.5,926.5,1103.05,26.3,2.146083689973206,708100,False,False
RIGS.JK,625.0,675.0,685.0,700.0,690.75,685.3,682.2,15.0,3.5886152447235324,6278700,False,False
RICY.JK,78.0,78.66666666666667,79.2,79.3,79.35,78.78,81.67,1.3499999999999943,0.7961445042683184,1153500,True,False
RGAS.JK,106.0,109.66666666666667,111.8,115.5,158.05,194.78,158.69464096069336,88.78,4.761182892311079,18536600,False,False
RELI.JK,550.0,551.6666666666666,553.0,552.0,538.75,507.58,500.86,9.084000000000003,1.0746326107699482,12800,False,False
RELF.JK,38.0,37.333333333333336,38.4,37.7,36.35,35.56,36.25,2.8399999999999963,4.756120477624378,4438700,False,False
REAL.JK,50.0,50.0,50.0,50.0,50.3,50.71979995727539,51.407294540405275,0.7197999572753915,0.0,357200,True,False
RDTX.JK,13100.0,13283.333333333334,13380.0,13490.0,13512.5,13641.5,14267.563134765625,21.66,2.335445451580822,300,False,False
RCCC.JK,112.0,113.33333333333333,114.0,115.8,112.55,102.24,99.84,13.560000000000002,2.2307757279447733,228100,False,False
RBMS.JK,63.0,62.666666666666664,62.4,62.4,62.75,63.7,63.57,1.3000000000000043,2.0675975824879003,23798100,True,False
RATU.JK,4380.0,4470.0,4530.0,4522.0,4408.5,4808.5,4976.560341796875,42.85,2.09587727531607,3015400,False,False
RANC.JK,530.0,538.3333333333334,547.0,545.5,535.75,527.2,530.87,3.959999999999991,1.653362300651935,15400,True,False
RALS.JK,390.0,390.6666666666667,391.2,388.8,385.0,382.32,384.0822229003906,4.439999999999998,0.7297816790539577,538500,True,False
RAJA.JK,785.0,801.6666666666666,809.0,812.0,816.25,855.46,804.4396728515625,14.092000000000008,1.8973406866648426,27280300,False,False
RAAM.JK,180.0,177.0,179.0,182.8,185.7,195.14,201.27,18.139999999999986,1.5292222301797933,731500,False,False
PZZA.JK,186.0,188.33333333333334,191.4,192.4,188.2,185.8,188.91505218505858,6.599999999999994,2.3263670870939523,998000,False,False
PYFA.JK,258.0,252.0,254.0,264.0,249.8,225.6,239.64,19.200000000000003,6.193525904464284,46524700,False,False
PWON.JK,270.0,270.6666666666667,272.0,274.6,272.2,265.88,268.8017727661133,4.360000000000014,1.4170729094658059,26044700,True,True
PURI.JK,166.0,164.0,162.0,157.2,152.25,143.18,144.37,22.819999999999993,2.1933759210885415,5496800,False,False
PURA.JK,32.0,32.333333333333336,32.8,32.3,32.15,31.76,32.27,1.0399999999999956,2.5153963191761997,2507300,True,False
PUDP.JK,274.0,272.6666666666667,274.0,274.2,276.1,290.76,300.6184527587891,9.046666666666653,1.025296343653671,49000,False,False
PTSP.JK,1250.0,1251.6666666666667,1251.0,1323.0,1125.25,994.5,945.05,65.7,11.223788773465115,82300,False,False
PTSN.JK,480.0,434.0,379.2,340.8,317.0,283.64,271.98617752075194,98.18,9.77472846149183,39958800,False,False
PTRO.JK,5175.0,5291.666666666667,5355.0,5360.0,5253.75,4846.4,4645.35,20.544000000000015,1.6904609802287844,19149900,False,False
PTPW.JK,1170.0,1175.0,1178.0,1181.0,1178.75,1163.5861206054688,1086.9934387207031,3.48277587890625,0.5983049168565052,15600,True,False
PTPS.JK,156.0,161.66666666666666,163.6,165.0,160.75,149.6,144.83,15.400000000000006,2.5533869254428394,7728200,False,False
PTPP.JK,198.0,199.66666666666666,201.4,205.5,205.35,203.58,208.63,7.5,1.563111015019053,3417100,False,False
PTMP.JK,65.0,64.33333333333333,64.0,64.6,64.85,63.74,63.14,1.259999999999998,1.3547943489278735,52259500,True,True
PTIS.JK,264.0,260.0,262.0,257.4,258.1,264.28,280.24,3.4399999999999977,2.5345564683160835,1529800,True,False
PTBA.JK,3020.0,3066.6666666666665,3080.0,2990.0,2735.5,2519.6,2552.1635131835938,56.040000000000006,2.6325296133936553,22338600,False,False
PSSI.JK,352.0,355.3333333333333,357.2,351.6,339.9,326.52,315.6214727783203,15.340000000000003,2.3125427632982443,404400,False,False
PSKT.JK,238.0,238.0,240.8,243.4,237.9,221.4,217.89,11.0,4.068668667101454,6841600,False,False
PSGO.JK,196.0,194.33333333333334,194.8,195.6,195.0,196.26,194.22874282836915,1.926666666666648,1.0576057689627412,409800,True,False
PSDN.JK,136.0,137.66666666666666,140.6,139.6,136.6,128.66,133.23,11.939999999999998,3.504238130229844,1344500,False,False
PSAT.JK,855.0,868.3333333333334,877.0,889.0,892.25,867.5,856.8,7.45,0.9624532931963301,33300,False,False
PSAB.JK,570.0,576.6666666666666,580.0,574.5,594.5,503.08,457.12800079345703,18.284000000000002,1.726042642483807,76740200,False,False
PRIM.JK,120.0,119.66666666666667,119.4,119.4,118.35,108.74,96.5,11.260000000000005,2.2904935335425027,2422100,False,False
PRDA.JK,2810.0,2810.0,2814.0,2786.0,2661.5,2511.4,2502.17318359375,30.25999999999999,1.5102632317186904,314300,False,False
PRAY.JK,740.0,738.3333333333334,740.0,745.5,754.5,733.4,719.35,4.220000000000004,1.0614514085817444,3600,True,False
PPRO.JK,15.0,15.333333333333334,15.4,15.5,16.0,16.64,16.98,1.6400000000000006,5.647844557718296,17024200,False,False
PPRI.JK,173.0,173.66666666666666,178.8,170.7,156.7,150.84,153.77,27.960000000000008,9.08075111102665,2898900,False,False
PPRE.JK,106.0,105.33333333333333,106.0,106.6,106.15,105.96,107.38,1.2666666666666657,1.3530972496092664,17218700,True,False
PPGL.JK,468.0,468.0,468.0,447.8,353.5,267.36,233.17,100.32,4.711315811779621,0,False,False
POWR.JK,970.0,995.0,995.0,956.0,918.25,807.4,753.13466796875,37.52,3.433125791860283,12852400,False,False
PORT.JK,965.0,960.0,942.0,922.5,918.5,891.0,889.45,14.8,1.5933470017780436,33200,False,False
POLY.JK,32.0,32.0,32.0,32.0,32.0,32.0,32.0,0.0,0.0,0,True,False
POLU.JK,15800.0,16508.333333333332,16995.0,17720.0,16413.75,13906.5,13394.0,152.54,1.889484981291155,5100,False,False
POLI.JK,845.0,876.6666666666666,913.0,948.0,880.25,787.4,859.15,32.120000000000005,3.795912177657901,95500,False,False
PNSE.JK,498.0,497.3333333333333,498.4,497.8,498.65,496.62,530.31,1.0149999999999864,0.48086413429654173,16900,True,False
PNLF.JK,220.0,221.33333333333334,222.8,225.2,227.9,226.96,230.27,3.950000000000003,1.1992723934744158,13988400,True,False
PNIN.JK,715.0,721.6666666666666,722.0,725.0,723.0,722.1,737.8,2.0,0.7611068197057156,794800,True,False
PNGO.JK,3390.0,3493.3333333333335,3514.0,3519.0,3506.0,3514.6,3503.8,12.9,2.377310811855573,5600,False,False
PNBS.JK,50.0,50.0,50.0,50.0,50.0,50.1,50.28,0.10000000000000142,0.0,220200,True,False
PNBN.JK,895.0,901.6666666666666,906.0,909.5,903.75,898.1,905.6203344726563,2.9,1.0419989936278717,1994800,True,False
PMUI.JK,102.0,102.66666666666667,103.2,103.9,102.05,94.08,89.18697624206543,9.820000000000007,1.631390798735535,3885400,False,False
PMJS.JK,144.0,143.0,144.8,146.6,139.45,122.32,117.53264389038085,24.28,1.4626737715045737,1000200,False,False
PLAN.JK,62.0,66.0,70.0,65.8,53.6,44.16,43.51,25.840000000000003,8.178034171299949,8831000,False,False
PKPK.JK,4200.0,4300.0,4370.0,4264.0,3975.5,3780.8,3351.4,58.91999999999998,6.042348300876731,723100,False,False
PJHB.JK,179.0,179.66666666666666,182.0,184.4,183.2,173.78,183.2,10.620000000000005,0.9708892606776638,900400,False,False
PJAA.JK,468.0,469.3333333333333,468.8,467.4,463.9,459.76,464.68,4.786666666666662,0.9030898939870786,29900,True,False
PIPA.JK,190.0,193.33333333333334,200.8,204.1,190.95,148.88,135.95,55.22,6.867029160756941,132361200,False,False
PICO.JK,182.0,179.0,182.8,186.3,179.7,149.7,145.4,36.60000000000002,3.4862077340274897,2391700,False,False
PGUN.JK,9425.0,9433.333333333334,9550.0,9662.5,9642.5,8323.0,8108.115908203125,53.58,1.8778537721532738,69600,False,False
PGLI.JK,208.0,206.66666666666666,207.6,210.4,210.0,203.36,202.0,3.519999999999996,1.6199598511802804,14300,True,False
PGJO.JK,905.0,883.3333333333334,889.0,919.0,908.5,792.0,787.1,25.4,4.1361570091074045,746700,False,False
PGEO.JK,1055.0,1036.6666666666667,1032.0,1032.5,1040.75,1025.4,974.4883111572266,5.919999999999982,1.1884964247916179,31702800,True,True
PGAS.JK,1530.0,1533.3333333333333,1532.0,1531.5,1529.75,1509.2,1567.4139721679687,4.826666666666642,1.2685960093470208,25470500,True,False
PEVE.JK,308.0,308.6666666666667,309.6,315.2,314.7,320.12,333.48,6.060000000000002,1.4142716569051006,1242200,False,False
PEHA.JK,292.0,292.6666666666667,296.4,305.8,295.5,273.96,273.34953643798826,15.920000000000016,3.100621971229101,349700,False,False
PEGE.JK,129.0,129.0,129.8,128.4,121.45,108.235,115.78457321166992,21.565000000000012,2.686711664500788,6326400,False,False
PDPP.JK,338.0,337.3333333333333,333.6,328.8,327.3,299.6,293.2242820739746,19.19999999999999,1.3732912803871815,136300,False,False
PDES.JK,376.0,377.3333333333333,380.4,383.2,384.3,395.52,444.97117401123046,9.759999999999991,1.2547295962886735,124200,False,False
PCAR.JK,44.0,43.333333333333336,43.6,43.0,42.4,41.16,39.39,2.8400000000000034,2.426195588652465,2574100,True,True
PBSA.JK,745.0,748.3333333333334,759.0,785.5,812.5,783.8071862792968,785.5757568359375,13.5,1.4369883629301325,2366400,False,False
PBRX.JK,26.0,26.0,26.6,27.0,26.6,26.68,28.63,1.0,3.724381138646354,4305000,True,False
PBID.JK,525.0,525.0,527.0,527.5,530.0,516.06,498.1381118774414,2.788000000000011,0.6319299844149644,2089900,True,True
PART.JK,100.0,100.33333333333333,101.8,105.8,106.5,104.3,103.39387916564941,6.5,2.2512835425818682,31849400,False,False
PANS.JK,1640.0,1640.0,1649.0,1634.0,1602.0,1568.2,1536.9857592773437,16.15999999999999,0.8699219502191102,144600,False,False
PANR.JK,412.0,420.0,422.4,426.0,424.8,418.04,441.8058822631836,7.0,1.02659987087066,103000,False,False
PANI.JK,5500.0,5566.666666666667,5660.0,5815.0,5890.0,6037.5,6719.696376953125,21.5,2.2397441720985127,4311000,False,False
PAMG.JK,55.0,55.666666666666664,56.2,55.9,55.85,55.56,55.64,1.2000000000000028,1.945459784184917,2191200,True,False
PALM.JK,294.0,294.0,294.8,294.6,293.6,295.56,313.16111053466796,0.9799999999999898,0.7695068959442419,60800,True,False
PADI.JK,70.0,71.0,71.2,71.8,72.15,72.61712112426758,81.17510948181152,2.617121124267584,1.5021599382892397,125862200,True,False
PADA.JK,191.0,196.66666666666666,203.6,212.4,219.2,170.88,154.38,48.31999999999999,2.156814635565442,10254400,False,False
PACK.JK,560.0,560.0,560.0,560.0,485.2,334.36,300.12,45.128,0.0,0,False,False
OPMS.JK,119.0,117.0,117.6,120.2,121.6,115.02,112.49,6.579999999999998,1.7934282871497127,1325100,False,False
OMRE.JK,960.0,945.0,968.0,978.0,972.25,1010.9,984.8,13.179999999999996,3.1994316088675907,3100,False,False
OMED.JK,214.0,214.0,214.4,229.2,231.5,220.48,225.0202407836914,8.75,4.091386079313234,2831500,False,False
OLIV.JK,63.0,63.0,64.2,58.9,52.9,51.02,52.26,13.18,7.4880764746955135,23892600,False,False
OKAS.JK,117.0,117.33333333333333,118.2,119.8,121.0,111.42,109.65,9.579999999999998,1.4462146504135343,2337500,False,False
OILS.JK,320.0,319.3333333333333,311.6,297.8,264.4,238.98,226.26,40.510000000000005,2.922785672403243,8630200,False,False
OBMD.JK,202.0,196.33333333333334,196.0,192.1,193.05,190.18,192.19,5.909999999999997,2.3060349277407854,2146000,True,True
OBAT.JK,238.0,238.66666666666666,241.2,241.2,241.0,243.32,256.03360656738283,2.6599999999999966,4.4165569365297666,196600,False,False
OASA.JK,282.0,294.6666666666667,304.0,313.6,318.0,318.2,322.5,18.099999999999994,2.164054485911787,10618100,False,False
NTBK.JK,83.0,83.0,84.0,84.9,82.8,88.32,81.00632362365722,5.519999999999996,2.5943668238429125,20636100,True,True
NSSS.JK,765.0,783.3333333333334,802.0,837.5,854.75,852.6,736.0592651367188,17.95,2.514018791165192,2404000,False,False
NRCA.JK,540.0,548.3333333333334,551.0,563.0,569.25,522.5,499.0136196899414,9.35,1.321057742307685,1949500,False,False
NPGF.JK,56.0,56.666666666666664,57.2,57.6,58.05,58.069378967285154,61.953534049987795,2.0693789672851537,0.7333718830508681,5477800,True,False
NOBU.JK,515.0,516.6666666666666,523.0,532.0,515.7,481.66,478.46,10.067999999999994,2.295062694762263,889900,False,False
NISP.JK,1280.0,1276.6666666666667,1274.0,1261.5,1256.25,1249.5,1260.9,6.1,0.8691486517223788,2656800,False,False
NIRO.JK,180.0,180.0,180.2,175.6,168.3,157.46,164.09,22.73999999999998,3.5818661530865317,448100,False,False
NINE.JK,87.0,90.33333333333333,92.6,94.5,92.95,82.8,92.05,11.700000000000003,3.8377689256979335,9604900,False,False
NIKL.JK,226.0,225.33333333333334,233.2,225.2,211.85,198.82,227.16,17.189999999999998,6.97489672843369,8542800,False,False
NICL.JK,458.0,465.3333333333333,476.0,485.7,488.05,489.32,569.6617156982422,15.659999999999997,1.8356676743962193,38767700,False,False
NICK.JK,2600.0,2493.3333333333335,2488.0,2416.5,2029.5,1526.8,1310.9,107.32000000000001,7.963704444643224,59500,False,False
NICE.JK,364.0,361.3333333333333,366.8,364.8,339.8,289.44,285.58,38.68000000000001,4.953339423131682,1938700,False,False
NFCX.JK,1700.0,1713.3333333333333,1723.0,1719.5,1693.25,1615.3,1662.0,21.54000000000001,1.1330057966158305,3900,False,False
NETV.JK,50.0,50.0,50.0,50.0,50.15,50.8,59.62,0.7999999999999972,0.0,208300,True,False
NEST.JK,725.0,736.6666666666666,732.0,736.5,717.25,681.2,598.81,11.093333333333316,1.845036368646922,3786800,False,False
NELY.JK,212.0,210.66666666666666,210.4,212.0,208.3,205.26,222.56073455810548,3.3700000000000045,1.8592671625143937,595300,True,False
NCKL.JK,915.0,925.0,947.0,950.5,950.25,902.5105883789063,888.4285693359375,9.597882324218745,2.7792700574447182,34051500,False,False
NAYZ.JK,74.0,73.33333333333333,74.2,74.1,72.05,63.36,62.32,10.840000000000003,1.8743395430481975,5141500,False,False
NATO.JK,1010.0,1025.0,1041.0,1094.5,891.5,740.8,669.75,70.74000000000001,12.074608118271952,161200,False,False
NASI.JK,161.0,163.0,162.8,159.0,150.5,135.16,130.5,27.840000000000003,2.066516149585214,6660600,False,False
NASA.JK,34.0,33.666666666666664,34.4,32.3,31.25,30.72,33.11,3.6799999999999997,5.475089554261411,333700,False,False
NANO.JK,34.0,35.666666666666664,35.8,34.8,34.1,30.88,29.67,4.919999999999998,4.662324224430852,38134400,False,False
NAIK.JK,93.0,92.66666666666667,93.4,94.3,93.2,89.56,89.98913467407226,4.739999999999995,1.3817596219329435,1343800,True,True
MYTX.JK,41.0,41.0,41.0,41.0,41.0,41.0,44.85,0.0,0.0,0,True,False
MYOR.JK,1495.0,1503.3333333333333,1513.0,1532.5,1574.0,1658.5,1703.2811804199218,32.7,0.9519880603113035,11332400,False,False
MYOH.JK,1075.0,1098.3333333333333,1115.0,1132.0,1131.75,1079.2,1094.0515405273438,11.4,1.7818556877630065,112200,False,False
MUTU.JK,129.0,131.66666666666666,125.8,124.4,124.15,115.98,111.3071792602539,15.686666666666653,5.404440277213213,22532800,False,False
MTWI.JK,268.0,268.6666666666667,269.6,267.2,257.6,260.36,271.6855207824707,6.0,2.1398962736978153,100700,False,False
MTMH.JK,945.0,938.3333333333334,947.0,956.5,963.25,944.7,960.1066003417968,4.983333333333325,1.3534708287035881,37700,True,False
MTLA.JK,525.0,530.0,532.0,531.5,523.75,520.1,512.0119067382813,2.3799999999999955,1.1300464761434623,30800,True,False
MTFN.JK,13.0,13.0,13.0,13.0,13.0,13.0,15.01,0.0,0.0,0,True,False
MTEL.JK,492.0,484.0,489.2,488.6,471.4,461.28708618164063,470.5814340209961,15.356456909179684,1.56427943276966,23673300,False,False
MTDL.JK,510.0,508.3333333333333,513.0,516.0,512.25,511.4,514.1785000610352,1.5333333333333372,1.2035234371592687,1532500,True,False
MSTI.JK,1350.0,1356.6666666666667,1370.0,1358.5,1348.0,1329.6,1287.069552001953,8.080000000000018,1.452932952620351,818300,False,False
MSKY.JK,72.0,72.66666666666667,73.2,69.5,67.1,64.34,67.03,8.86,9.016159626340176,28017600,False,False
MSJA.JK,810.0,806.6666666666666,808.0,652.5,545.75,464.42,449.53113220214846,69.116,10.813180383366186,10764600,False,False
MSIN.JK,298.0,300.6666666666667,303.6,309.6,321.5,380.64,493.2,41.31999999999999,2.6440579137219857,35867900,False,False
MSIE.JK,173.0,165.66666666666666,156.8,140.8,121.15,102.2,110.03,70.8,6.882039736853036,13172100,False,False
MREI.JK,920.0,920.0,920.0,920.0,920.0,920.0,952.8,0.0,0.0,0,True,False
MRAT.JK,386.0,389.3333333333333,387.2,397.4,406.0,426.84,431.36,20.419999999999987,2.5425777218716874,44000,False,False
MPXL.JK,169.0,169.66666666666666,169.6,169.1,168.4,158.68,158.68,10.98666666666665,1.8251448481466173,492400,False,False
MPRO.JK,12100.0,12050.0,12010.0,12155.0,12451.25,11659.0,10181.0,31.69,1.1757341038019886,600,False,False
MPPA.JK,41.0,41.333333333333336,41.4,43.0,44.6,46.52,47.12,5.520000000000003,1.9698619849373444,9843100,True,False
MPOW.JK,115.0,113.33333333333333,113.6,115.0,112.65,105.62,107.41,9.379999999999995,3.1301776615642494,21298600,False,False
MPMX.JK,1020.0,1025.0,1033.0,1035.0,1024.25,1005.1,951.3359826660156,5.979999999999995,0.9318710532018862,2565500,True,True
MPIX.JK,187.0,158.0,141.8,128.5,115.95,103.46,95.41,83.54,9.371530139679434,199756300,False,False
MORA.JK,5100.0,5108.333333333333,5210.0,5312.5,5311.25,5780.0,6118.15,27.2,1.2701901697936546,75800,False,False
MOLI.JK,326.0,319.3333333333333,319.6,317.4,301.9,274.32,257.96775207519534,25.840000000000003,2.2584737155387806,5898400,False,False
MNCN.JK,202.0,201.33333333333334,202.0,202.6,202.5,204.04,209.98,1.3533333333333246,2.13444532795764,125417900,True,False
MMLP.JK,304.0,302.0,302.4,303.4,301.2,297.6,306.7,3.1999999999999886,0.7900171875604125,609200,True,False
MMIX.JK,860.0,855.0,847.0,822.5,800.5,749.4,629.15,22.120000000000005,0.8782868186429602,25861100,False,False
MLPT.JK,1135.0,1156.6666666666667,1182.0,1202.0,1268.75,1299.46,1035.3722387695314,32.89200000000001,1.7888169532291467,954600,False,False
MLPL.JK,89.0,89.33333333333333,90.0,91.1,92.55,92.28,89.75,3.549999999999997,1.3706348110327844,12427400,True,False
MLIA.JK,214.0,217.33333333333334,219.2,223.0,227.1,231.44,240.6,8.719999999999999,1.0095160010707616,228700,False,False
MLBI.JK,6800.0,6825.0,6835.0,6840.0,6868.75,6694.0,6235.364658203125,6.99,2.5606499156244142,10100,False,False
MKTR.JK,124.0,123.0,123.0,123.0,122.65,121.62,122.86225921630859,2.3799999999999955,0.9209831007932247,1059300,True,True
MKPI.JK,21800.0,21766.666666666668,21810.0,21872.5,21956.25,21695.0,21324.41283203125,10.45,0.27988615375863146,41100,False,False
MKAP.JK,1130.0,1126.6666666666667,1122.0,1121.5,1134.0,1154.6,1122.6134448242187,6.6199999999999815,0.6603912428030926,2085600,False,False
MITI.JK,256.0,268.6666666666667,251.2,238.8,230.2,200.48,199.7,34.09333333333335,8.854811934558494,8335900,False,False
MIRA.JK,24.0,24.666666666666668,25.0,24.8,25.7,23.84,22.13,1.8599999999999994,4.538902217488315,5002400,False,False
MINE.JK,304.0,292.0,286.4,280.4,259.7,238.6,251.96,32.7,4.46063458466084,10601600,False,False
MINA.JK,264.0,268.6666666666667,270.8,273.8,274.7,275.08,292.28,5.539999999999992,1.2042704974900764,19777700,True,False
MIKA.JK,1810.0,1843.3333333333333,1847.0,1885.5,1858.5,1799.2,1748.7024938964844,17.25999999999999,2.4669548318169503,1620000,False,False
MIDI.JK,272.0,268.0,268.4,272.8,275.2,279.24,288.10331939697267,5.6200000000000045,1.3757462847358153,22958600,True,False
MICE.JK,545.0,543.3333333333334,551.0,554.0,543.25,526.4980200195313,508.26911102294923,5.500395996093744,1.4512386561707902,1200,True,False
MHKI.JK,132.0,131.0,135.2,140.0,140.7,136.28,139.28097129821776,9.699999999999989,2.4094798452671093,2081100,False,False
MGRO.JK,685.0,685.0,686.0,686.5,681.25,676.8,674.5,1.940000000000009,0.9306879654330951,7357800,True,True
MGNA.JK,148.0,143.33333333333334,133.4,114.6,105.6,102.14,109.49,45.86,10.959231171716125,24047000,False,False
MGLV.JK,14600.0,14833.333333333334,14870.0,13692.5,12580.0,10100.0,9013.0,190.8,5.809051914141208,546500,False,False
MERK.JK,3930.0,3913.3333333333335,3910.0,3892.0,3906.0,3898.6,3802.9610034179686,3.8,0.42298868866485945,12400,True,False
MERI.JK,121.0,119.33333333333333,120.4,121.4,121.3,112.72,117.73,8.680000000000007,1.6700301216690885,28216500,False,False
MEJA.JK,114.0,114.33333333333333,115.0,114.2,117.45,103.44,99.01,14.010000000000005,3.047447682957661,22183400,False,False
MEGA.JK,1955.0,1955.0,1964.0,1973.0,1973.0,1984.2,2015.85,5.840000000000009,0.4801720576806143,40100,True,False
MEDS.JK,82.0,83.33333333333333,86.2,85.0,78.3,77.18,80.48,9.019999999999996,12.452269918424765,53134700,False,False
MEDC.JK,1565.0,1565.0,1568.0,1528.5,1461.25,1349.6,1340.3673327636718,43.68000000000002,1.6925103150954899,28192700,False,False
MDRN.JK,26.0,26.0,26.0,26.0,26.0,26.0,31.22,0.0,0.0,0,True,False
MDLN.JK,50.0,50.0,50.0,50.0,50.0,50.1,50.91,0.10000000000000142,0.0,167200,True,False
MDLA.JK,206.0,206.66666666666666,207.6,208.0,207.9,208.0,205.3430680847168,1.0,0.7553825720905986,1426400,True,True
MDKI.JK,195.0,195.0,196.4,196.4,193.55,186.86,183.08292282104492,9.539999999999992,0.8884765300060428,221300,False,False
MDKA.JK,2810.0,2913.3333333333335,2982.0,2961.0,2956.5,2825.2,2804.887900390625,17.2,3.5321366684521767,23912200,False,False
MDIY.JK,950.0,943.3333333333334,939.0,949.5,951.5,942.7,888.0786578369141,2.5,1.428039290093039,680800,True,False
MDIA.JK,214.0,210.0,211.2,228.8,245.6,190.38,142.54,27.61,9.167411683449094,313626800,False,False
MCOR.JK,70.0,69.33333333333333,69.4,69.5,69.45,68.7,68.13,1.2999999999999972,1.257250825727371,2298500,True,True
MCOL.JK,3620.0,3640.0,3680.0,3718.0,3714.5,3734.0,3733.9296484375,11.4,1.0290967069710464,29900,False,False
MCAS.JK,262.0,265.3333333333333,274.8,281.4,284.7,247.04,250.75,18.83,2.165159413154533,584600,False,False
MBTO.JK,151.0,158.0,151.2,140.2,133.75,125.82,119.2,32.18000000000001,7.606463630505848,7134100,False,False
MBSS.JK,2890.0,2890.0,2886.0,2869.0,2848.5,2763.6,2577.05,12.64000000000001,1.0735079366503606,314200,False,False
MBMA.JK,496.0,507.0,520.2,524.6,536.05,524.9,532.0,20.024999999999977,3.8656056295763013,64350000,False,False
MBAP.JK,1695.0,1696.6666666666667,1724.0,1730.5,1623.0,1492.6,1499.55,47.58000000000002,2.499594590690579,46100,False,False
MAYA.JK,197.0,197.0,197.2,198.0,198.65,197.52,193.72,1.6500000000000057,0.7880123923845078,77300,True,False
MAXI.JK,50.0,50.0,50.0,50.0,50.0,50.0,50.49,0.0,0.0,823000,True,False
MASB.JK,3190.0,3296.6666666666665,3334.0,3366.0,3378.5,3383.8,3345.2,19.380000000000017,1.4000942774857523,7800,False,False
MARK.JK,1155.0,1123.3333333333333,1110.0,1093.0,1087.75,1053.2522497558593,934.4804370117188,20.34955004882813,1.6277618245500176,22234300,False,False
MARI.JK,23.0,23.0,23.0,23.0,23.0,23.0,24.73,0.0,0.0,0,True,False
MAPI.JK,1385.0,1350.0,1356.0,1384.0,1434.0,1504.3,1474.1194299316405,30.859999999999992,2.1850436756820537,17814200,False,False
MAPB.JK,1220.0,1246.6666666666667,1252.0,1219.0,1191.75,1123.1,1224.8,25.78000000000002,2.8981537934714177,600,False,False
MAPA.JK,645.0,651.6666666666666,670.0,683.5,684.5,649.9,627.2114624023437,7.9,1.7960227943311213,9387600,False,False
MANG.JK,38.0,38.666666666666664,40.0,40.7,39.45,39.3,43.35,2.700000000000003,5.535374353813912,6320800,False,False
MAIN.JK,660.0,666.6666666666666,677.0,685.0,676.25,682.2,715.3557293701172,5.0,2.4503028283936046,892100,True,False
MAHA.JK,144.0,144.33333333333334,144.8,146.7,146.95,144.12,139.3725015258789,2.9499999999999886,1.0111840942091777,2431900,True,True
LUCK.JK,118.0,117.0,118.0,117.2,115.25,110.34,108.82,7.659999999999997,2.18662337862905,7520400,False,False
LTLS.JK,1030.0,1051.6666666666667,1056.0,980.0,911.75,845.7,806.2073498535157,42.05999999999999,4.715132480097187,274800,False,False
LSIP.JK,1685.0,1696.6666666666667,1699.0,1680.0,1570.75,1452.5,1377.348389892578,49.3,2.789202148796598,6730100,False,False
LRNA.JK,220.0,213.33333333333334,212.0,206.6,197.95,188.82,189.15,15.590000000000003,2.7980435469588816,1824900,False,False
LPPS.JK,81.0,81.33333333333333,82.0,82.2,82.05,79.68,77.17,2.519999999999996,0.9570105069429705,1049500,True,True
LPPF.JK,1620.0,1623.3333333333333,1635.0,1630.5,1621.25,1584.7,1580.8,10.059999999999992,1.161468594310002,532900,False,False
LPLI.JK,232.0,233.33333333333334,235.6,238.6,240.9,244.24,251.54,6.1200000000000045,0.9809644861888425,273200,False,False
LPKR.JK,59.0,60.333333333333336,61.0,61.5,62.35,62.06,66.41,3.3500000000000014,1.556968812601358,172301800,True,False
LPIN.JK,432.0,430.0,431.2,431.2,427.4,420.8,414.1064465332031,5.599999999999994,0.5273842801309994,91900,True,False
LPGI.JK,645.0,645.0,642.0,641.0,638.75,646.0,665.0210162353516,1.45,1.4916204123222385,3800,True,False
LPCK.JK,600.0,593.3333333333334,594.0,596.5,600.25,568.2,556.79,6.409999999999991,1.2876261577946713,178500,False,False
LOPI.JK,62.0,61.666666666666664,62.0,65.1,71.85,67.2,78.02,10.18333333333333,5.100062571221896,5331400,False,False
LMPI.JK,161.0,159.33333333333334,160.6,161.4,160.5,149.1,148.75,12.300000000000011,1.4668349539791032,66100,False,False
LMAX.JK,109.0,106.66666666666667,108.8,109.6,110.15,110.92,114.23,4.25333333333333,4.304810347807672,297800,False,False
LIVE.JK,186.0,191.33333333333334,191.4,190.0,191.95,201.02,210.91,15.02000000000001,2.172161355746304,3414100,False,False
LION.JK,368.0,369.3333333333333,374.8,380.6,365.1,353.08,358.18,13.76000000000002,4.699343573573049,10800,False,False
LINK.JK,1640.0,1691.6666666666667,1676.0,1647.0,1576.5,1481.2,1480.35,42.09333333333334,4.150584188391975,32800,False,False
LIFE.JK,12725.0,12725.0,12725.0,12490.0,9626.25,7343.0,6911.103251953125,215.28,5.78400915381117,0,False,False
LFLO.JK,535.0,528.3333333333334,524.0,521.5,520.25,508.12,525.4301568603515,5.3759999999999994,2.28875106154764,13000,True,False
LEAD.JK,107.0,109.66666666666667,111.0,111.5,109.8,106.3,107.82,5.200000000000003,3.2190754105034434,24561200,True,False
LCKM.JK,109.0,109.0,109.0,109.0,109.0,109.06,114.1,0.060000000000002274,0.0,0,True,False
LAPD.JK,84.0,82.0,77.2,74.4,71.35,68.14,69.8,15.86,11.966805481464968,1383087700,False,False
LAND.JK,72.0,73.0,74.2,73.8,74.35,74.62,71.97,2.6200000000000045,2.1665910127744934,11120600,True,True
LAJU.JK,70.0,69.66666666666667,71.0,72.0,69.95,67.92,68.5446227645874,4.079999999999998,3.2385303533110026,27185500,True,True
LABS.JK,170.0,170.0,172.4,174.4,171.1,159.24,154.77,15.159999999999997,8.775879496777653,1149400,False,False
LABA.JK,129.0,126.0,129.0,127.3,117.05,102.74,103.0,26.260000000000005,4.917227405246936,51847200,False,False
KUAS.JK,100.0,99.66666666666667,100.2,103.2,98.65,94.5,96.46000068664551,8.700000000000003,5.163924672855737,15694300,False,False
KSIX.JK,406.0,406.6666666666667,408.4,410.8,413.1,356.32,347.14,28.390000000000015,1.1926908125380187,796500,False,False
KRYA.JK,68.0,67.33333333333333,67.4,67.7,66.35,62.88,63.77,5.119999999999997,1.3969505305370216,40339100,True,True
KREN.JK,16.0,15.666666666666666,15.6,14.8,14.05,13.32,13.78,2.6799999999999997,4.595908065140899,20285100,False,False
KRAS.JK,230.0,234.0,240.0,245.2,236.8,229.96,231.02,7.61999999999999,2.9819861856830014,1431800,False,False
KPIG.JK,76.0,78.66666666666667,77.4,71.9,69.2,75.8,84.53,9.466666666666669,10.08467465253017,480237400,False,False
KOTA.JK,204.0,199.66666666666666,201.8,209.9,190.8,154.22,133.85,27.840000000000003,3.8083801258266736,413987300,False,False
KOPI.JK,202.0,200.33333333333334,203.4,205.9,204.95,202.18,205.76,2.7833333333333314,1.539465679748118,522100,True,False
KONI.JK,2040.0,2060.0,2094.0,2141.0,2188.5,2383.2,2517.1,34.31999999999998,1.405065516317718,17300,False,False
KOKA.JK,189.0,190.33333333333334,196.2,188.3,184.35,186.74,156.87,11.849999999999994,7.347248339141581,12806800,False,False
KOIN.JK,78.0,78.0,78.0,78.0,78.0,78.0,78.16,0.0,0.0,0,True,False
KOCI.JK,126.0,128.33333333333334,127.2,119.3,112.55,106.9,104.70105171203613,21.433333333333337,4.045759249235724,43379300,False,False
KOBX.JK,177.0,177.66666666666666,178.0,177.5,174.7,163.58,164.19,14.419999999999987,0.8605164904833871,1270100,False,False
KMTR.JK,252.0,254.0,256.0,255.0,245.4,236.44,237.32,9.780000000000001,1.8147779097994903,16400,False,False
KMDS.JK,525.0,525.0,522.0,521.5,523.25,530.3,532.7145309448242,1.759999999999991,0.902263834637947,64600,True,False
KLIN.JK,123.0,124.0,123.0,118.5,117.5,113.7,117.21,10.299999999999997,3.3253821514630606,90500,False,False
KLBF.JK,770.0,746.6666666666666,751.0,763.0,781.25,761.0,771.097943725586,6.916666666666674,2.512031455098381,123325000,False,False
KLAS.JK,82.0,83.0,84.0,85.3,84.5,77.5,75.59,7.799999999999997,2.500608069521489,6327600,False,False
KKGI.JK,316.0,307.3333333333333,306.4,305.4,294.3,281.4,277.67082595825195,17.30000000000001,2.0430062727171605,8490200,False,False
KKES.JK,91.0,89.0,90.8,92.1,81.75,72.18,56.92,19.919999999999987,4.759435773017528,58857800,False,False
KJEN.JK,170.0,161.0,161.0,162.1,163.75,146.44,140.78,23.560000000000002,3.2722578169784167,231283800,False,False
KIOS.JK,100.0,99.0,100.2,101.2,99.7,96.38,94.26,4.820000000000007,1.987326878083233,9251600,True,True
KINO.JK,1395.0,1381.6666666666667,1393.0,1375.5,1357.0,1269.6,1182.6539904785157,25.08000000000002,2.1371029732701743,8400,False,False
KING.JK,382.0,379.3333333333333,384.4,363.0,324.2,303.36,381.93,40.51999999999998,5.7977908570091286,927500,False,False
KIJA.JK,185.0,191.33333333333334,192.6,197.5,199.65,157.64,149.48,42.01000000000002,3.0293460411929516,116675800,False,False
KICI.JK,274.0,276.0,274.0,270.2,246.35,213.36,206.16,31.319999999999993,3.5658739262404158,1273100,False,False
KETR.JK,905.0,921.6666666666666,927.0,897.0,812.25,655.7,605.37,54.25999999999999,3.01058387084933,19348600,False,False
KEJU.JK,595.0,598.3333333333334,602.0,613.0,604.75,576.1,570.7885571289063,7.3799999999999955,1.0220894109741148,74700,False,False
KEEN.JK,915.0,915.0,928.0,938.5,908.5,881.0,870.5774633789063,11.5,1.6600068404905972,5975600,False,False
KDTN.JK,392.0,395.3333333333333,401.2,410.6,385.8,431.8,625.34,23.0,2.694248874970044,1421300,False,False
KDSI.JK,468.0,468.0,468.0,466.8,463.9,455.32,449.92,6.340000000000003,0.4599228279025631,5800,False,False
KBLV.JK,126.0,126.33333333333333,128.6,132.0,137.1,126.7,111.98,11.099999999999994,1.333530241303821,11443200,False,False
KBLM.JK,390.0,366.0,357.6,342.8,324.7,308.04,303.82091033935546,40.97999999999999,3.0749293837870497,11570400,False,False
KBLI.JK,390.0,360.0,349.2,341.8,334.7,327.76,315.35568664550783,31.120000000000005,3.9786422139535067,20471600,False,False
KBAG.JK,42.0,43.0,43.6,44.5,45.0,44.2,43.26,3.0,1.9147956786522178,9560400,True,False
KARW.JK,212.0,212.0,212.0,212.0,212.0,212.0,239.74,0.0,0.0,0,True,False
KAQI.JK,93.0,95.0,96.4,98.9,97.05,93.2,95.97,5.900000000000006,3.7468308307345657,17269000,True,False
KAEF.JK,440.0,444.0,449.2,455.9,446.85,450.18,468.91,7.949999999999989,6.328637750251372,922800,False,False
JTPE.JK,600.0,598.3333333333334,606.0,606.5,611.0,609.3,602.18,2.5333333333333257,1.5423541720346134,2400600,True,False
JSPT.JK,1470.0,1485.0,1451.0,1424.5,1412.25,1406.5,1360.3479821777344,15.7,2.7266391519041697,56700,False,False
JSMR.JK,2870.0,2913.3333333333335,2948.0,2971.0,2894.5,2798.8,2814.502067871094,17.21999999999998,1.3826873471020629,3951700,False,False
JRPT.JK,1120.0,1115.0,1119.0,1107.0,1092.5,1084.9,1075.0966723632812,7.019999999999982,0.8831854592968643,246700,False,False
JPFA.JK,2270.0,2263.3333333333335,2290.0,2307.0,2260.0,2183.8,2212.7225561523437,12.319999999999983,2.790143375010588,13510200,False,False
JMAS.JK,228.0,228.0,228.0,228.0,228.0,228.0,239.34,0.0,0.0,0,True,False
JKON.JK,85.0,85.0,85.6,86.4,86.3,79.2,74.12238849639893,7.200000000000003,1.6981086057088517,5260200,False,False
JIHD.JK,434.0,441.3333333333333,446.0,454.0,445.4,435.2,441.22,10.0,1.1837408106199905,583000,False,False
JGLE.JK,76.0,75.66666666666667,77.4,81.4,83.95,73.94,70.11,10.010000000000005,2.332016053932368,508220400,False,False
JECC.JK,985.0,880.0,825.0,735.5,687.0,654.9,664.4825732421875,66.02000000000001,8.957477081817759,1715600,False,False
JAYA.JK,152.0,152.66666666666666,157.8,157.1,145.55,134.9,131.67,22.900000000000006,9.306619115473582,2261500,False,False
JAWA.JK,149.0,148.33333333333334,153.0,148.1,140.15,129.06,133.34,23.939999999999998,7.161296975636186,5548800,False,False
JATI.JK,118.0,117.66666666666667,115.4,112.8,108.05,100.34,99.4746443939209,17.659999999999997,4.2190183332825875,45385500,False,False
JAST.JK,90.0,91.0,92.8,93.9,92.95,87.42,87.29,6.480000000000004,2.005371758564044,17540100,False,False
JARR.JK,3890.0,3810.0,3710.0,3499.0,3247.0,2431.8,2154.587028808594,145.82,4.399981533952565,34680500,False,False
ITMG.JK,26175.0,26141.666666666668,26215.0,26270.0,25872.5,24911.0,24140.11298828125,54.36,0.8831739651971492,1177100,False,False
ITMA.JK,1470.0,1498.3333333333333,1511.0,1513.5,1479.25,1407.6,1575.2,21.180000000000017,4.014783495196291,116400,False,False
ITIC.JK,216.0,220.0,222.4,224.8,224.9,217.84,220.79,4.450000000000003,1.2038381670394387,312700,True,False
ISSP.JK,438.0,442.6666666666667,449.2,448.6,437.3,423.4,410.96939239501955,12.900000000000006,2.438206303139492,844400,False,False
ISEA.JK,89.0,88.66666666666667,89.0,87.8,85.35,81.54,77.9,7.459999999999994,1.7935410542398784,2374700,False,False
ISAT.JK,2390.0,2400.0,2400.0,2388.0,2492.0,2202.0,2084.2752600097656,29.0,1.5420981785285237,40947000,False,False
ISAP.JK,24.0,25.333333333333332,26.4,25.2,24.3,24.36,25.58,2.3999999999999986,6.055399688776443,144150300,False,False
IRSX.JK,400.0,406.0,410.0,411.6,391.7,346.36,349.96667236328125,32.620000000000005,2.3695458314199156,25562700,False,False
IRRA.JK,370.0,371.3333333333333,373.6,379.4,375.5,374.24,378.28,4.699999999999989,4.383253999334252,297100,False,False
IPTV.JK,31.0,31.333333333333332,31.4,31.1,30.95,30.94,34.47,0.4599999999999973,3.0433793381732985,1688100,True,False
IPOL.JK,115.0,115.66666666666667,116.0,116.8,114.7,110.68,112.94,6.11999999999999,1.620384138217949,1127800,False,False
IPCM.JK,290.0,291.3333333333333,291.6,293.4,297.4,305.32,304.69349700927734,7.659999999999997,0.9133285947203423,375300,False,False
IPCC.JK,1120.0,1123.3333333333333,1128.0,1139.0,1147.5,1168.9,1161.195883178711,9.780000000000019,0.6238975451948703,632400,False,False
IPAC.JK,189.0,189.0,187.6,186.5,182.25,170.28,159.37,18.72,1.3689670087721868,0,False,False
IOTF.JK,64.0,63.666666666666664,64.6,65.2,64.9,59.26,58.33,5.940000000000005,3.7746831936824563,15069400,True,True
INTP.JK,5225.0,5175.0,5235.0,5362.5,5455.0,5080.6,4732.366875,14.975999999999985,2.0499724365755068,712000,False,False
INTD.JK,320.0,292.0,282.0,274.2,281.4,261.8,250.22,29.099999999999994,5.86095569921619,6043100,False,False
INTA.JK,61.0,61.0,61.0,61.0,61.0,61.0,65.38,0.0,0.0,0,True,False
INPS.JK,885.0,833.3333333333334,836.0,784.0,734.75,688.8,677.05,39.24000000000001,4.775337535989837,485300,False,False
INPP.JK,750.0,750.0,750.0,751.5,743.3188751220703,718.2346862792969,740.7663159179688,6.653062744140629,1.2868188227978865,38000,False,False
INPC.JK,156.0,157.66666666666666,161.2,165.0,155.35,144.64,143.14,20.360000000000014,4.214973287976269,5641400,False,False
INOV.JK,138.0,138.0,138.6,139.4,141.45,137.36,131.92,4.089999999999975,0.9409580074422734,580100,True,False
INKP.JK,8675.0,8783.333333333334,8950.0,8980.0,8872.5,8329.0,8175.84103515625,26.04,2.3355188989266815,3803000,False,False
INET.JK,322.0,332.6666666666667,342.0,349.4,337.4,267.4,253.68,41.0,3.1329495224506565,214204100,False,False
INDY.JK,2740.0,2786.6666666666665,2872.0,2825.0,2770.5,2553.4,2585.731923828125,31.859999999999992,4.717270752209655,10372200,False,False
INDX.JK,60.0,60.0,60.0,60.0,60.0,60.0,70.96,0.0,2.837818317547164e-07,0,True,False
INDS.JK,254.0,257.3333333333333,263.2,266.4,266.9,269.08,289.1382029724121,7.539999999999992,1.8668275406999864,1318000,False,False
INDR.JK,2940.0,2950.0,2986.0,2900.0,2686.0,2365.1,2279.5,62.09000000000001,4.019285355329384,17900,False,False
INDO.JK,186.0,185.33333333333334,185.0,186.1,184.2,176.98,168.16,9.120000000000005,1.5104952035996826,16934000,False,False
INDF.JK,7275.0,7275.0,7330.0,7315.0,7323.75,7121.0,6775.929775390625,8.36,1.2700037243236917,2381300,False,False
INCO.JK,4640.0,4720.0,4776.0,4837.0,5023.5,5017.0,5099.0384375,38.35,2.0618291179646357,12017400,False,False
INCI.JK,810.0,795.0,799.0,794.0,738.0,691.0,677.5614715576172,23.8,2.7412770505497734,198600,False,False
INCF.JK,50.0,50.0,50.0,50.0,50.0,50.0,51.45,0.0,0.0,0,True,False
INAI.JK,174.0,174.33333333333334,176.2,176.3,176.85,170.04,164.58,6.810000000000002,0.9514468114557597,2123800,False,False
IMPC.JK,1625.0,1690.0,1712.0,1607.5,1493.5,1499.6,1666.65,43.7,4.804910414557947,21373400,False,False
IMJS.JK,188.0,185.66666666666666,186.4,186.9,177.95,162.22599975585936,161.01130661010743,25.774000244140638,6.0784920921105225,4129500,False,False
IMAS.JK,895.0,891.6666666666666,901.0,916.0,900.0,867.02,895.3039154052734,9.796000000000003,4.390775416116402,348200,False,False
IKPM.JK,180.0,182.33333333333334,184.6,188.9,192.1,189.2,190.32,12.099999999999994,1.0415040092535264,148800,False,False
IKBI.JK,580.0,561.6666666666666,554.0,536.0,530.5,539.7074694824219,517.1632260131836,9.9,3.382322169567976,3004900,False,False
IKAN.JK,88.0,88.0,89.6,90.2,89.5,86.14,84.83,4.060000000000002,2.2305998551778545,9410100,True,True
IKAI.JK,21.0,20.666666666666668,20.6,19.9,19.75,20.08,20.51,1.25,3.6870673287893645,10622800,True,True
IGAR.JK,468.0,467.3333333333333,469.6,474.0,471.7,445.64,440.61502655029295,14.180000000000007,0.5535750773066758,8300,False,False
IFSH.JK,1000.0,1048.3333333333333,1065.0,1069.0,1077.25,1137.8,1373.8877514648439,27.55999999999999,2.3870887276450037,19200,False,False
IFII.JK,210.0,212.0,208.0,205.4,205.8,208.56,214.46,3.299999999999997,4.732922632049016,4898500,False,False
IDPR.JK,284.0,282.0,278.8,274.6,270.4,282.04,288.7218780517578,6.800000000000011,1.8295741689989735,37200,False,False
IDEA.JK,93.0,85.33333333333333,78.4,70.3,65.6,64.3,65.18,28.700000000000003,5.487135460604027,36572700,False,False
ICON.JK,144.0,143.33333333333334,144.4,142.3,136.85,120.84,118.28,23.560000000000002,6.234768092747914,23955900,False,False
ICBP.JK,6900.0,7050.0,7105.0,7200.0,7455.0,7210.7,6845.668466796875,22.2,0.9812884019882371,10118100,False,False
IBST.JK,8475.0,8475.0,8475.0,8475.0,8475.0,8475.0,8475.0,0.0,0.0,0,True,False
IBOS.JK,92.0,93.66666666666667,95.4,94.6,89.55,76.48,84.19,18.92,3.7301430288860558,2277300,False,False
IBFN.JK,63.0,63.0,63.0,63.0,63.0,63.0,67.06,0.0,0.0,0,True,False
IATA.JK,122.0,123.66666666666667,127.6,130.8,124.35,96.42,83.38,34.38000000000001,5.761560266277993,374984300,False,False
HYGN.JK,188.0,194.0,192.8,188.9,183.45,169.16,156.05680053710938,24.840000000000003,2.1481339235138246,2767100,False,False
HUMI.JK,133.0,134.33333333333334,137.2,141.1,143.55,137.7128712463379,142.83711875915526,10.550000000000011,2.846036470720889,13830900,False,False
HRUM.JK,900.0,913.3333333333334,929.0,938.0,923.5,857.9,843.85,16.020000000000003,2.3990289417522437,6415800,False,False
HRTA.JK,2150.0,2146.6666666666665,2184.0,2225.0,2257.5,2065.5,2181.546633300781,19.2,1.9378659221430918,4255900,False,False
HRME.JK,43.0,44.333333333333336,44.8,43.8,42.15,42.98,45.15,2.6499999999999986,4.448423688100451,1107300,False,False
HOPE.JK,206.0,205.33333333333334,209.2,227.2,243.4,212.78,177.43,19.03333333333333,10.07076639786128,16720400,False,False
HOMI.JK,252.0,239.33333333333334,244.0,236.0,225.2,199.46,202.77,26.269999999999996,4.406552451017756,6013100,False,False
HOKI.JK,55.0,55.333333333333336,55.6,55.7,55.7,54.6,57.15,1.1000000000000014,1.0206723669881157,7062100,True,False
HMSP.JK,660.0,703.3333333333334,719.0,732.5,737.25,727.2,696.1294647216797,15.45,2.996576707143275,133967500,False,False
HILL.JK,16.0,16.0,16.0,16.0,16.0,16.0,16.62,0.0,0.0,0,True,False
HGII.JK,143.0,142.33333333333334,140.6,139.7,135.0,127.26,128.97704864501952,15.739999999999995,1.422894779320709,1956600,False,False
HEXA.JK,4490.0,4470.0,4472.0,4480.0,4430.0,4438.2,4427.0,6.0,0.3647158989020974,552600,False,False
HERO.JK,336.0,335.3333333333333,336.4,336.2,335.4,336.72,357.43,0.6933333333333564,1.017192310688804,60300,True,False
HELI.JK,204.0,202.66666666666666,203.6,203.2,199.75,191.76,187.27,6.1200000000000045,2.0132608135996466,1751000,False,False
HEAL.JK,675.0,678.3333333333334,676.0,680.5,675.75,767.1,860.8061486816406,18.420000000000005,1.476971984755153,6627000,False,False
HDIT.JK,50.0,50.0,50.0,50.0,50.05,50.38,52.88,0.38000000000000256,0.0,123000,True,False
HDFA.JK,102.0,101.0,101.2,101.5,100.65,95.48,95.83,6.519999999999996,0.8071307050669014,1096400,False,False
HBAT.JK,354.0,348.0,337.2,313.4,278.7,261.0,338.69,46.5,4.254741419632594,850200,False,False
HATM.JK,560.0,580.0,589.0,594.5,595.0,535.38,429.2655981445312,11.924000000000001,2.9012172678828585,22403900,False,False
HALO.JK,71.0,72.33333333333333,73.6,74.3,71.35,69.14,69.63,5.159999999999997,9.513087426743178,6041400,False,False
HAJJ.JK,116.0,112.33333333333333,112.4,111.1,111.75,107.52,112.17,8.480000000000004,3.3086628039513,11891600,False,False
HAIS.JK,185.0,184.0,185.8,187.1,184.95,183.0,180.88,4.099999999999994,1.1827759729332166,463400,True,False
HADE.JK,21.0,22.333333333333332,23.4,21.3,19.05,18.62,17.66,4.779999999999998,7.029831384205942,19167400,False,False
GZCO.JK,188.0,189.66666666666666,192.2,197.2,188.05,169.72,169.11,27.47999999999999,3.9264168301038493,8266300,False,False
GWSA.JK,159.0,163.0,166.8,168.9,165.4,142.42,137.04,26.480000000000018,2.055169228767109,450200,False,False
GUNA.JK,220.0,220.0,220.4,219.8,218.2,204.76,191.39156448364258,7.820000000000007,0.9082985993014719,513200,False,False
GULA.JK,830.0,835.0,824.0,807.0,780.25,750.0,621.94,17.0,2.7841837333945074,11242400,False,False
GTSI.JK,158.0,160.66666666666666,164.8,167.9,172.5,161.12,164.3454270172119,14.5,2.5788876980593898,8156200,False,False
GTRA.JK,240.0,244.0,248.8,259.6,244.8,233.1,222.13,13.250000000000014,1.1741821526906029,486400,False,False
GTBO.JK,153.0,154.66666666666666,154.4,156.7,163.35,167.34,179.78,14.340000000000003,5.121540825831818,55100,False,False
GSMF.JK,104.0,104.33333333333333,105.8,101.3,98.45,91.32,94.93,14.480000000000004,12.597530647631,8306400,False,False
GRPM.JK,171.0,170.66666666666666,169.8,172.0,176.3,213.46,241.55,43.66,2.8388314122169143,6352800,False,False
GRPH.JK,137.0,137.0,136.0,124.3,101.75,76.48,68.98,60.519999999999996,7.997907673731233,0,False,False
GRIA.JK,168.0,165.66666666666666,166.6,168.0,173.3,143.76,130.36,29.54000000000002,1.3914919983859664,1413700,False,False
GPSO.JK,288.0,288.0,286.4,291.6,293.2,297.16,355.34,5.380000000000024,1.566304379990843,27479800,True,False
GPRA.JK,103.0,104.66666666666667,104.8,106.8,108.65,105.44078430175782,105.24039093017578,5.650000000000006,2.0229865520774846,34670000,True,False
GOTO.JK,50.0,50.0,50.0,50.0,50.0,50.0,50.28,0.0,0.0,4653300,True,False
GOOD.JK,314.0,312.0,313.6,317.2,313.2,305.76,316.88431884765623,5.719999999999999,1.4788563452613914,183600,True,False
GOLF.JK,180.0,179.66666666666666,175.4,168.0,164.65,164.72,168.50677810668947,15.349999999999994,2.805825445122208,4151300,False,False
GOLD.JK,274.0,274.6666666666667,277.2,277.2,276.0,267.68,267.1,4.759999999999991,1.3009466145187858,31800,True,False
GMTD.JK,1240.0,1285.0,1286.0,1353.5,1360.25,1323.1,1434.786778564453,24.05,3.2840685223951076,51900,False,False
GMFI.JK,59.0,58.333333333333336,58.4,59.1,59.05,56.7,55.9,2.3999999999999986,2.632705356588219,75505000,True,True
GLVA.JK,334.0,330.0,329.2,326.6,319.4,309.48,314.13585662841797,12.259999999999991,0.9551652735786373,60500,False,False
GJTL.JK,1340.0,1351.6666666666667,1354.0,1370.0,1378.5,1276.0,1195.4131689453125,20.5,1.433519357223604,2616600,False,False
GIAA.JK,63.0,63.333333333333336,64.8,66.0,67.4,61.02,60.28,6.380000000000003,2.987434321340446,43741200,False,False
GHON.JK,1685.0,1681.6666666666667,1684.0,1664.0,1642.5,1624.4,1699.85,12.119999999999981,1.0435512068332224,7000,False,False
GGRP.JK,326.0,327.3333333333333,326.4,322.4,313.1,302.84,293.6666256713867,12.24666666666667,2.5092728615344706,743600,False,False
GGRM.JK,17875.0,18750.0,19100.0,19622.5,19886.25,19030.5,17141.1625,80.45,1.8978188739336748,2515900,False,False
GEMS.JK,7450.0,7450.0,7525.0,7500.0,7155.0,6762.5,6935.0,30.5,1.8852386843998883,52800,False,False
GEMA.JK,92.0,92.0,92.6,92.5,88.05,83.4,82.58761817932128,9.199999999999989,2.3882045428682055,1765300,False,False
GDYR.JK,1140.0,1131.6666666666667,1129.0,1123.5,1118.25,1104.4,1098.65,7.1199999999999815,1.459448386695997,8300,False,False
GDST.JK,113.0,112.66666666666667,114.6,114.1,113.25,104.8,97.43,9.799999999999997,2.1445502345780065,4582600,False,False
FWCT.JK,92.0,91.33333333333333,91.6,91.4,91.45,90.1,86.74,1.9000000000000057,1.995026741026866,4836900,True,True
FUTR.JK,302.0,299.3333333333333,303.2,314.4,324.3,295.8,241.97,14.25,3.0718187477425074,22645500,False,False
FUJI.JK,252.0,248.66666666666666,247.6,247.6,277.1,234.2,259.27,21.450000000000017,4.0258413105586515,5147700,False,False
FPNI.JK,520.0,528.3333333333334,541.0,580.5,583.25,451.62,416.5,26.326,5.543611852279948,2511600,False,False
FORU.JK,4220.0,4196.666666666667,3956.0,3666.0,2944.75,2831.5,2502.95,138.85,12.382390532656693,12115400,False,False
FORE.JK,800.0,788.3333333333334,791.0,801.0,809.0,733.3,766.7,15.14000000000001,1.5405232851025963,2791700,False,False
FOOD.JK,176.0,176.0,176.0,176.0,176.0,176.0,175.41,0.0,0.0,0,True,False
FOLK.JK,268.0,275.3333333333333,260.0,225.1,201.3,205.7,227.31,37.01666666666665,8.418856453886564,77798400,False,False
FMII.JK,248.0,251.33333333333334,252.4,252.8,253.4,251.32,248.44,2.700000000000003,1.1878754887683685,86300,True,False
FLMC.JK,128.0,131.66666666666666,131.6,120.6,100.8,80.16,105.62,51.50666666666666,5.904073093582441,1668000,False,False
FITT.JK,468.0,459.3333333333333,454.4,449.0,417.8,385.0,385.96,41.5,7.062456924137585,2412900,False,False
FISH.JK,720.0,690.0,660.0,636.5,622.0,621.2,653.5869958496094,19.75999999999999,4.554041414081649,1587100,False,False
FIRE.JK,124.0,123.0,125.0,124.5,118.2,111.46,114.63,13.540000000000006,3.743758446198854,43820400,False,False
FILM.JK,755.0,780.0,798.0,833.5,821.0,1082.1,1582.5,65.41999999999999,6.002508838854801,9413400,False,False
FAST.JK,432.0,435.3333333333333,441.2,452.8,460.6,380.92,317.82,39.84,1.2440428626121445,7847700,False,False
FAPA.JK,7425.0,7425.0,7445.0,7467.5,7458.75,7401.6,7265.392431640625,2.6359999999999855,0.3687929664315956,300,True,False
EXCL.JK,2550.0,2576.6666666666665,2632.0,2677.0,2737.0,2606.8,2693.0,18.7,1.4538123909622616,3888900,False,False
EURO.JK,1355.0,1368.3333333333333,1395.0,1416.5,1462.75,1690.1,1909.6423547363281,67.01999999999998,4.5819496984762935,62200,False,False
ESTI.JK,168.0,168.66666666666666,175.8,169.2,164.85,154.66,145.1715216064453,21.140000000000015,8.736492628900882,6956900,False,False
ESTA.JK,175.0,174.33333333333334,174.2,174.6,173.1,178.0,186.76,4.900000000000006,1.78892486512103,1383500,True,False
ESSA.JK,620.0,641.6666666666666,660.0,681.5,657.0,632.7,646.551298828125,12.3,2.3558331766778204,106490400,False,False
ESIP.JK,123.0,122.66666666666667,123.2,123.3,122.95,126.62889770507813,131.42523628234864,3.96223103841146,5.925274097767411,12197800,False,False
ERTX.JK,178.0,179.66666666666666,182.4,183.5,183.25,175.78,169.55,7.719999999999999,1.4300126729605809,234300,False,False
ERAL.JK,328.0,324.0,324.4,323.6,312.4,301.6,289.84105377197267,13.199999999999989,2.245565746697922,9447600,False,False
ERAA.JK,605.0,593.3333333333334,596.0,585.0,532.2,452.44,402.1797232055664,30.512,5.229027099401784,165914900,False,False
EPMT.JK,2620.0,2546.6666666666665,2490.0,2446.0,2418.5,2364.0,2345.8,25.6,2.7777666749598295,280000,False,False
EPAC.JK,53.0,54.0,55.0,55.2,55.9,61.44,65.6,8.439999999999998,2.681375995468564,69213900,False,False
ENZO.JK,81.0,78.0,76.6,76.0,74.4,72.0,72.85,9.0,3.5529860403487215,159836000,False,False
ENRG.JK,1430.0,1448.3333333333333,1454.0,1416.5,1350.0,1315.3483361816407,1366.4741680908203,27.730332763671868,2.7167212725520313,46238000,False,False
ENAK.JK,226.0,226.0,227.2,231.2,235.1,246.72,273.58,10.36,1.0318812757687206,353400,False,False
EMTK.JK,492.0,496.0,500.6,510.3,516.9,518.88,583.6230950927734,13.439999999999998,2.0817542711641814,21766400,False,False
EMDE.JK,77.0,76.66666666666667,78.2,78.8,77.45,74.26,71.61,4.539999999999992,2.5379385819503035,34664800,True,True
EMAS.JK,7600.0,8016.666666666667,8250.0,8385.0,8491.25,7233.0,7390.0,50.33,4.166631276866171,15560600,False,False
ELTY.JK,36.0,34.666666666666664,35.0,36.2,37.3,33.3,32.66,4.0,3.9227235991984895,57643900,False,False
ELSA.JK,720.0,723.3333333333334,730.0,730.0,719.75,690.3,650.0735125732422,7.940000000000009,2.116978228097248,12956500,False,False
ELPI.JK,665.0,671.6666666666666,697.0,680.5,675.75,800.2085595703124,1118.6324548339844,27.04171191406249,6.056710439846199,356100,False,False
ELIT.JK,260.0,274.0,269.2,270.2,249.0,203.22,194.56,35.39,6.1720025226711845,20094700,False,False
EKAD.JK,402.0,406.6666666666667,413.6,414.8,392.6,266.12,215.58388793945312,74.34,7.501498682473766,4113600,False,False
ECII.JK,167.0,163.66666666666666,167.0,170.0,163.35,155.96,152.96,14.039999999999992,4.489881049127667,13363300,False,False
EAST.JK,90.0,89.66666666666667,89.8,89.8,90.1,89.33652221679688,88.00837303161622,0.7634777832031148,0.8223489450958968,317200,True,False
DYAN.JK,86.0,86.66666666666667,87.0,87.9,88.45,84.5,82.08,3.950000000000003,1.1974856887427634,2376800,True,True
DWGL.JK,230.0,229.33333333333334,232.0,238.0,265.5,282.16,270.14,26.41333333333334,2.1890861153938834,4994700,False,False
DVLA.JK,1590.0,1591.6666666666667,1594.0,1596.5,1589.25,1579.1,1547.4288854980468,3.480000000000018,0.19798679785004314,22200,True,False
DUTI.JK,4770.0,4770.0,4780.0,4790.0,4794.5,4463.8,4130.736328125,33.06999999999998,0.14085777943099986,400,False,False
DSSA.JK,1085.0,1085.0,1107.0,1138.0,1106.5,963.1,979.83,34.98,2.3628189662433026,188886500,False,False
DSNG.JK,1600.0,1625.0,1647.0,1652.5,1573.0,1392.8,1352.0018029785156,51.94000000000001,2.0760991481102464,1569400,False,False
DSFI.JK,87.0,87.0,87.8,87.8,87.25,82.1,81.19,5.700000000000003,1.3568081899300541,6774700,True,True
DRMA.JK,1000.0,1005.0,1013.0,1009.5,1009.75,963.8,960.1566662597656,9.840000000000009,1.0171619847975277,931800,False,False
DPUM.JK,138.0,135.33333333333334,136.0,118.7,106.75,101.56,123.7,36.44,11.44280637807005,25177200,False,False
DOSS.JK,171.0,166.66666666666666,168.2,169.3,169.1,156.78,146.638130569458,14.219999999999999,1.8090597977349538,2529000,False,False
DOOH.JK,400.0,388.0,382.8,354.4,340.2,260.82,199.54,69.59,5.963305440319676,38213700,False,False
DOID.JK,244.0,248.66666666666666,250.4,248.8,237.9,222.0,219.96,14.200000000000003,3.66788766734627,2083100,False,False
DNET.JK,9850.0,9858.333333333334,9915.0,9945.0,9980.0,9847.0,9834.25,5.32,0.46007850870461137,9500,True,False
DNAR.JK,131.0,130.33333333333334,132.0,134.2,131.0,124.04,123.84,10.159999999999982,1.591911201737097,558700,False,False
DMND.JK,605.0,613.3333333333334,612.0,615.5,617.5,618.0,614.4817987060546,2.6,1.1545521348162282,397900,True,False
DMMX.JK,186.0,185.66666666666666,186.4,188.7,188.45,180.4,180.22388397216798,8.299999999999983,1.2299883231475417,281700,False,False
DMAS.JK,192.0,193.0,194.4,197.4,188.1,160.34,147.21761596679687,37.06,2.0000088537371363,98170500,False,False
DLTA.JK,1790.0,1790.0,1792.0,1792.5,1789.75,1780.6,1766.2300366210939,2.380000000000018,0.3714731964336664,64100,True,False
DKHH.JK,70.0,70.33333333333333,71.0,70.9,67.8,65.02,65.39,5.980000000000004,5.51265045409457,10516300,False,False
DKFT.JK,650.0,663.3333333333334,669.828564453125,671.3499877929687,653.9249877929688,637.1528430175781,658.1706964111328,6.8394289550781195,2.125780898383788,5077300,False,False
DIVA.JK,136.0,135.33333333333334,137.0,137.1,136.9,128.68,130.76,8.419999999999987,1.480488686027436,2662100,False,False
DILD.JK,117.0,117.33333333333333,118.6,120.3,119.9,117.4,118.31,3.299999999999997,0.8109696436451335,7828500,True,False
DIGI.JK,29.0,29.0,29.0,29.0,29.0,29.0,31.39,0.0,0.0,0,True,False
DGWG.JK,328.0,330.0,333.6,339.8,340.6,312.76,318.71665466308593,13.920000000000016,1.177017928965773,6947800,False,False
DGNS.JK,262.0,270.6666666666667,273.2,269.2,250.2,238.96,241.16,17.11999999999999,3.9174138631863364,1722400,False,False
DGIK.JK,142.0,137.33333333333334,137.2,140.0,138.3,132.8,130.79,9.199999999999989,2.3118584680682375,21624900,False,False
DFAM.JK,83.0,82.33333333333333,83.4,83.1,82.15,82.06,92.44,1.3400000000000034,1.947308922139485,106883400,True,False
DEWI.JK,170.0,166.66666666666666,163.6,160.0,154.25,135.42,128.52,34.58000000000001,1.772120069322495,75340500,False,False
DEWA.JK,396.0,406.6666666666667,417.6,433.0,439.6,424.97922607421873,404.8045332336426,21.80000000000001,1.3921061366364285,323426400,False,False
DEPO.JK,240.0,240.0,243.2,248.4,249.7,247.6591180419922,251.62092193603516,4.849999999999994,2.159188687913628,194800,True,False
DEFI.JK,139.0,115.33333333333333,111.2,109.1,107.5,107.08,123.53,31.92,11.270097559555772,626367400,False,False
DCII.JK,199325.0,199916.66666666666,200490.0,200730.0,201608.75,198429.0,195466.0,127.19,1.3526615749936501,700,False,False
DAYA.JK,1050.0,1073.3333333333333,1084.0,1102.5,1088.0,1024.4,1037.3,15.619999999999981,1.5193146014172696,4400,False,False
DATA.JK,1675.0,1703.3333333333333,1747.0,1806.5,1841.0,1970.0,1912.2,59.0,3.124054423900245,940000,False,False
DART.JK,169.0,161.33333333333334,160.6,161.3,163.1,146.44,139.99,22.560000000000002,2.387564915928094,10705200,False,False
DADA.JK,50.0,50.0,50.0,50.0,50.0,50.0,50.0,0.0,0.0,62600,True,False
DAAZ.JK,1660.0,1661.6666666666667,1653.0,1664.5,1687.5,1613.3,1732.0699938964844,14.840000000000009,1.3220563883868104,119300,False,False
CYBR.JK,525.0,526.6666666666666,523.0,527.5,536.5,558.2,587.875,7.040000000000009,1.492422942744787,27490800,False,False
CUAN.JK,920.0,935.0,946.0,935.5,880.5,763.9,790.81,36.42,2.4852599854254764,174906600,False,False
CTTH.JK,130.0,127.66666666666667,126.8,128.5,128.5,127.02,140.89,3.200000000000003,2.1266334520802994,27274400,True,False
CTRA.JK,605.0,611.6666666666666,616.0,625.0,624.75,597.5,592.5436767578125,5.5,1.501392397489063,6308500,True,True
CTBN.JK,3040.0,3046.6666666666665,3056.0,3076.0,3189.5,4011.7,4701.48076171875,97.16999999999999,0.34316843070376335,5200,False,False
CSRA.JK,755.0,756.6666666666666,763.0,767.5,766.25,763.0,795.05,2.5,1.0904948736302806,111000,True,False
CSMI.JK,179.0,199.0,196.0,189.5,176.8,121.9,103.7,77.1,6.4839121340691985,14313700,False,False
CSIS.JK,206.0,205.33333333333334,207.2,211.2,216.5,194.14,175.0584009552002,11.180000000000007,2.2204092721201567,984300,False,False
CSAP.JK,296.0,294.6666666666667,294.8,295.6,293.1,290.08,282.3199981689453,2.960000000000008,1.6206580919910112,106200,True,False
CRSN.JK,130.0,130.33333333333334,134.6,136.4,131.9,117.24,111.09406959533692,19.16000000000001,3.389828900915521,1511700,False,False
CRAB.JK,216.0,216.0,217.2,218.6,213.3,210.12,209.76,4.239999999999995,3.049124102519292,597400,True,False
CPRO.JK,50.0,50.0,50.0,50.0,50.0,50.36,51.55,0.35999999999999943,0.0,819200,True,False
CPIN.JK,3090.0,3126.6666666666665,3184.0,3199.0,3106.0,3126.4,3404.195104980469,10.9,3.5244426663174586,33737600,False,False
COIN.JK,715.0,718.3333333333334,746.0,796.0,797.75,733.4,812.7,16.55,3.544326714031913,10317800,False,False
COCO.JK,139.0,136.66666666666666,138.2,134.9,119.4,123.77553985595704,187.595845413208,19.599999999999994,5.6345060132023495,1747011400,False,False
COAL.JK,31.0,31.0,31.0,31.0,31.0,26.42,35.77,4.579999999999998,0.0,0,True,False
CNMA.JK,92.0,91.66666666666667,92.0,92.4,92.55,92.48,93.33,0.8833333333333258,1.0751108344805997,13677100,True,False
CNKO.JK,37.0,37.0,37.0,37.0,37.0,37.0,40.59,0.0,0.0,0,True,False
CMRY.JK,4550.0,4473.333333333333,4474.0,4551.269140625,4576.9803466796875,4551.472568359375,4480.229721679688,10.364701334635447,2.228925602394285,3436200,False,False
CMPP.JK,69.0,69.0,69.0,69.0,69.0,69.0,71.47,0.0,0.0,0,True,False
CMNT.JK,775.0,760.0,758.0,748.0,755.75,779.1,786.45,6.220000000000004,1.5603473105630967,22377000,False,False
CMNP.JK,1400.0,1406.6666666666667,1428.0,1429.5,1403.5,1375.2,1402.05,10.85999999999999,2.3046470524138454,55800,False,False
CLPI.JK,1605.0,1606.6666666666667,1614.0,1618.0,1608.25,1574.7,1511.9102380371094,8.659999999999991,0.4231515069570435,17100,False,False
CLEO.JK,428.0,424.6666666666667,426.0,421.2,410.3,392.72,387.49051055908205,17.639999999999986,2.2650415407284608,15312000,False,False
CLAY.JK,2670.0,2660.0,2698.0,2707.0,2723.5,2627.2,2713.9,9.630000000000019,1.6847663162701512,47600,False,False
CITY.JK,184.0,182.0,186.6,185.3,180.7,174.58,173.12,12.019999999999982,3.3598380340826317,537300,False,False
CITA.JK,3510.0,3490.0,3530.0,3495.0,3365.0,3273.4,3232.1152685546876,25.65999999999999,1.7832678741490433,103800,False,False
CINT.JK,183.0,183.66666666666666,185.0,185.7,183.1,175.9,179.02,9.799999999999983,0.9351696431419266,70900,False,False
CHIP.JK,755.0,776.6666666666666,791.0,810.0,835.5,887.6429516601562,932.3271832275391,26.52859033203124,1.4412636293170904,104200,False,False
CHEM.JK,70.0,70.33333333333333,71.2,71.2,70.55,67.46,69.67769676208496,3.740000000000009,2.1003027074457146,6937500,True,True
CHEK.JK,131.0,129.0,130.0,132.4,133.55,131.58,129.66,4.550000000000011,2.1607993208688785,445200,True,False
CGAS.JK,146.0,147.0,148.6,150.5,150.4,151.12,154.9852766418457,5.1200000000000045,0.8995545587528252,1210900,True,False
CFIN.JK,376.0,370.0,372.4,370.0,362.6,349.28,325.3135482788086,13.360000000000014,1.3169781532784113,2345300,False,False
CENT.JK,112.0,108.0,109.6,106.8,103.05,89.22,86.48,22.78,6.531794762461321,72347000,False,False
CEKA.JK,2170.0,2186.6666666666665,2192.0,2191.0,2192.0,2189.2,2180.166015625,2.2,0.8366404928100729,42700,True,False
CDIA.JK,655.0,665.0,679.0,691.0,688.25,674.9,747.9489233398438,7.2,1.7787691169102522,22856000,False,False
CCSI.JK,442.0,370.0,340.8,314.2,287.5,265.32,259.86,88.34,8.687132883315215,15035600,False,False
CBUT.JK,1035.0,1013.3333333333334,1027.0,978.0,912.0,849.7,777.26,37.05999999999999,4.213182980526782,132500,False,False
CBRE.JK,705.0,726.6666666666666,732.0,735.0,714.75,707.0,750.7,6.0,3.4929321159685194,9554500,False,False
CBPE.JK,505.0,494.3333333333333,493.8,505.3,510.5,420.3,355.6171496582031,18.04,5.843053702730726,110800,False,False
CBDK.JK,3720.0,3743.3333333333335,3838.0,3931.0,3880.5,3714.2,3853.599755859375,21.680000000000017,3.051271242357588,2825300,False,False
CASS.JK,1835.0,1850.0,1840.0,1841.0,1851.0,1864.5,1828.7,5.9,1.020876627956937,117900,True,False
CASH.JK,230.0,228.0,226.4,226.8,229.5,220.38,209.97,4.810000000000002,3.2568678962156192,820900,True,False
CASA.JK,1810.0,1906.6666666666667,1865.0,1833.5,1829.25,1837.0,1664.85,19.33333333333335,4.263967330710705,14000,False,False
CARS.JK,113.0,113.66666666666667,113.8,113.1,107.5,95.8,92.89,18.0,1.0860931211422564,2746800,False,False
CARE.JK,398.0,400.6666666666667,402.0,420.4,429.9,426.88,418.54,15.949999999999989,2.8804197837746255,453000,False,False
CANI.JK,135.0,135.0,135.0,135.0,135.0,135.0,138.07,0.0,0.0,0,True,False
CAMP.JK,170.0,170.66666666666666,170.8,171.4,170.7,170.44,178.3,1.4000000000000057,0.7791864758106415,19513700,True,False
CAKK.JK,159.0,159.33333333333334,159.0,159.2,154.0,144.14,146.8,15.193333333333356,0.9376228352073216,29600,False,False
BYAN.JK,10200.0,11216.666666666666,12105.0,12942.5,14112.5,12810.0,11769.935126953125,156.5,3.905003456887462,2441600,False,False
BWPT.JK,123.0,125.0,126.8,128.6,116.15,95.76,95.88,32.83999999999999,7.634883786705854,111212800,False,False
BVIC.JK,94.0,94.33333333333333,94.8,95.0,94.05,91.22,92.65,3.780000000000001,0.8297655646453982,739300,True,False
BUVA.JK,705.0,711.6666666666666,718.0,740.5,739.25,797.5,834.35,18.5,1.7940403019146234,22335300,False,False
BUMI.JK,208.0,209.33333333333334,212.4,213.0,202.6,179.96,179.01,16.519999999999996,2.5971362952955825,2751551200,False,False
BULL.JK,416.0,422.6666666666667,424.8,433.8,438.7,413.84,412.1,12.430000000000007,2.169775433026664,196558500,False,False
BUKK.JK,950.0,960.0,964.0,978.0,991.0,1030.1,1041.5,16.019999999999982,1.1970873121411822,130900,False,False
BUKA.JK,104.0,106.0,108.2,110.9,111.0,111.06,118.34,7.060000000000002,1.8988648633937117,92945700,False,False
BUDI.JK,226.0,223.33333333333334,224.0,227.0,227.2,217.16,212.26,5.019999999999996,1.4398705273269827,246900,True,False
BUAH.JK,496.0,496.0,496.8,500.9,504.45,507.38,509.29147857666015,5.689999999999998,0.44260149436845436,395800,True,False
BTPS.JK,1045.0,1045.0,1050.0,1039.5,1011.75,1004.9,990.6944799804687,9.020000000000005,2.0943874094254094,1688100,False,False
BTPN.JK,2320.0,2330.0,2368.0,2396.0,2299.0,2235.0,2199.6712841796875,16.1,3.0646387139308775,24000,False,False
BTON.JK,366.0,362.0,362.8,363.4,363.4,360.0,362.88,3.0,1.1847231376847127,98500,True,False
BTEK.JK,12.0,12.333333333333334,11.8,11.0,10.6,10.7,11.19,1.7333333333333343,6.142638888336986,205283400,False,False
BSSR.JK,4900.0,4926.666666666667,4932.0,4897.0,4713.0,4439.4,4054.216455078125,49.26000000000003,1.750617526365798,585300,False,False
BSML.JK,550.0,545.0,539.0,529.0,523.0,520.8,474.25,5.840000000000009,1.3341874555769506,13056600,True,True
BSIM.JK,1090.0,1073.3333333333333,1107.0,1147.0,955.0,799.7,793.05,69.46,5.972426480060925,965400,False,False
BSDE.JK,640.0,645.0,643.0,652.0,645.25,603.4,633.55,9.720000000000004,1.5596484765565002,6652800,False,False
BSBK.JK,50.0,50.0,50.0,50.0,50.5,51.66,53.16,1.6599999999999966,0.0,1110600,True,False
BRRC.JK,72.0,72.0,73.0,73.8,74.35,65.46,65.1,8.89,1.4421294966901583,15077300,False,False
BRPT.JK,1620.0,1658.3333333333333,1688.0,1738.0,1788.0,1781.1,1773.0468310546876,33.6,0.7715860885378445,37740300,False,False
BRNA.JK,645.0,640.0,639.0,628.5,620.0,616.3,621.0,5.740000000000009,0.797333545958764,128100,True,False
BRMS.JK,735.0,713.3333333333334,707.0,712.5,711.0,626.96,638.55,21.607999999999993,3.0733199959454462,450319900,False,False
BRIS.JK,1710.0,1720.0,1738.0,1762.5,1773.5,1790.3,1801.1451904296875,16.05999999999999,0.8705358013620931,12262600,False,False
BREN.JK,3150.0,3166.6666666666665,3220.0,3280.0,3344.5,3387.2,3558.3911962890625,23.71999999999998,1.5058118744490596,7102500,False,False
BRAM.JK,4590.0,4646.666666666667,4636.0,4627.0,4615.0,4560.0,4476.676794433593,8.666666666666696,1.2175305574071644,700,False,False
BPTR.JK,76.0,75.66666666666667,75.4,75.0,75.75,73.96,74.78,2.0400000000000063,1.5399018526593498,3105100,True,True
BPII.JK,472.0,474.0,474.8,475.6,485.80361328125,457.1245245361328,455.8734191894531,14.339544372558606,1.0820248209301988,13100,False,False
BPFI.JK,252.0,249.33333333333334,248.8,248.4,247.6,251.96,252.93621109008788,2.200000000000003,0.781422606285553,40600,True,False
BOLT.JK,795.0,800.0,800.0,802.0,798.5,795.4,805.1202020263672,1.4,1.9469715667467495,9000,True,False
BOLA.JK,184.0,186.0,185.2,179.2,164.15,160.58,159.07,25.419999999999987,5.239485226029318,543500,False,False
BOGA.JK,1580.0,1563.3333333333333,1588.0,1612.5,1598.25,1583.1,1461.25,9.833333333333348,3.0916934501484,2600,False,False
BOBA.JK,210.0,210.0,212.0,215.0,213.0,224.64,254.33636199951172,7.319999999999993,1.498578537082113,487200,False,False
BOAT.JK,136.0,136.33333333333334,137.4,138.4,141.15,130.76,125.77,10.390000000000015,1.584992836096737,788600,False,False
BNLI.JK,2110.0,2123.3333333333335,2136.0,2146.0,2152.5,2228.0,2597.7,11.8,0.544617966064198,37600,False,False
BNII.JK,192.0,191.66666666666666,191.6,193.2,193.05,191.98,192.5501902770996,1.5999999999999943,0.4896488321971946,3562400,True,False
BNGA.JK,1745.0,1738.3333333333333,1744.0,1729.0,1703.25,1658.7,1637.0164587402344,17.25999999999999,0.8558239073163029,1466900,False,False
BNBR.JK,92.0,93.33333333333333,94.6,97.3,98.75,98.36,112.37768531799317,6.75,1.0229942708272,519791700,False,False
BNBA.JK,785.0,785.0,797.0,793.5,764.75,750.1,742.8,9.379999999999995,3.101962655612462,440900,False,False
BMTR.JK,117.0,116.0,116.2,116.6,115.75,115.7,124.35,1.2999999999999972,2.673644517678923,101698800,True,False
BMSR.JK,362.0,361.3333333333333,344.0,330.6,321.1,312.16,307.82,24.919999999999987,8.543721990061538,1436300,False,False
BMRI.JK,4340.0,4380.0,4380.0,4396.0,4302.0,4242.6,4182.823408203125,15.339999999999964,1.402274951463438,128314600,False,False
BMHS.JK,202.0,201.33333333333334,200.8,199.0,194.8,187.44,184.38508407592772,7.280000000000001,1.2135360387533403,890600,False,False
BMBL.JK,31.0,31.0,31.4,29.7,28.75,30.56,32.37,2.6499999999999986,5.431848393573809,10421300,False,False
BMAS.JK,530.0,521.6666666666666,524.0,521.0,513.8,495.72,492.49,6.8559999999999945,5.0367244103268645,403000,False,False
BLUE.JK,3030.0,3006.6666666666665,2982.0,2985.0,2817.5,2749.6,2950.1051391601563,28.04000000000001,6.4420436089537585,282400,False,False
BLTA.JK,32.0,32.333333333333336,32.6,32.6,32.65,33.02,34.86,1.0200000000000031,2.412622525466275,1540300,True,False
BLOG.JK,366.0,364.6666666666667,366.0,372.6,377.4,369.76,357.35448303222654,6.366666666666646,1.0160839222477365,106400,False,False
BLES.JK,206.0,210.0,208.0,200.9,204.05,185.12,165.64468124389649,12.439999999999998,3.0146009403466634,8685000,False,False
BKSW.JK,54.0,54.0,54.2,54.7,53.35,52.68,53.49,2.020000000000003,2.057817640112776,1809000,True,True
BKSL.JK,69.0,69.66666666666667,70.8,73.1,74.35,71.1,75.38,5.349999999999994,0.9372227902758382,94900900,True,False
BKDP.JK,198.0,186.33333333333334,184.8,174.5,168.5,159.66,134.64,38.34,8.62645897870719,51226900,False,False
BJTM.JK,520.0,521.6666666666666,524.0,526.5,523.5,519.3,519.0014953613281,1.440000000000009,0.7507837556884034,2700900,True,True
BJBR.JK,795.0,795.0,796.0,798.5,794.25,786.0,778.8247552490234,2.5,0.4166780604712434,993700,True,False
BISI.JK,725.0,721.6666666666666,725.0,729.0,715.0,680.8,690.7763128662109,9.64000000000001,0.9750542071076338,135200,False,False
BIRD.JK,1605.0,1603.3333333333333,1610.0,1617.5,1627.5,1612.1,1520.4822082519531,4.833333333333348,0.4882209127221955,1109700,True,True
BIPP.JK,67.0,66.0,67.2,67.9,67.9,66.94,66.92,1.9000000000000057,2.6992566608283632,37294800,True,True
BIPI.JK,142.0,144.0,147.8,147.7,148.2,145.98,165.0,6.199999999999989,3.016083847960958,287786200,False,False
BINO.JK,118.0,118.66666666666667,119.0,119.3,117.15,110.68,108.46,8.61999999999999,1.038922052874066,96700,False,False
BINA.JK,4060.0,4090.0,4114.0,4153.0,4170.5,4087.8,4010.6,11.05,1.2100788834880651,216800,False,False
BIKE.JK,985.0,958.3333333333334,965.0,872.0,763.65,611.46,560.78,74.708,7.007984278466401,281200,False,False
BHIT.JK,26.0,26.0,26.2,25.7,25.5,25.68,27.42,0.6999999999999993,2.5667627859031747,3781800,True,False
BHAT.JK,1770.0,1770.0,1770.0,1770.0,1770.0,1770.0,1543.0,0.0,0.0,0,True,False
BGTG.JK,123.0,120.66666666666667,120.8,121.9,117.35,113.32,113.55,9.680000000000007,1.6942059716762277,6800800,False,False
BFIN.JK,980.0,993.3333333333334,1000.0,990.0,944.5,882.4,798.0833361816407,23.520000000000003,2.703827688141531,11535500,False,False
BEST.JK,123.0,125.33333333333333,127.8,131.9,128.75,113.94,108.01,17.960000000000008,2.231655899346609,12595900,False,False
BESS.JK,915.0,911.6666666666666,913.0,906.0,908.75,906.2,960.897095336914,1.8,2.3026218663349596,344300,True,False
BELL.JK,108.0,108.33333333333333,110.8,112.3,113.5,114.44,115.27,6.439999999999998,1.818948248430132,13409800,False,False
BELI.JK,288.0,291.3333333333333,295.2,324.8,296.8,274.6,300.46,25.099999999999994,9.691520443423615,759800,False,False
BEKS.JK,23.0,23.333333333333332,23.4,23.3,23.2,22.18,22.72,1.2199999999999989,3.476341811582151,6050100,True,True
BEER.JK,77.0,77.66666666666667,78.8,80.3,80.6,78.78,89.8,3.5999999999999943,1.8570224288495432,18955500,True,False
BEEF.JK,442.0,444.6666666666667,441.6,445.0,455.5,387.12,279.54,34.19,1.790614766643259,2398200,False,False
BDMN.JK,4430.0,4453.333333333333,4466.0,4440.0,4365.0,4248.0,4231.9,21.8,1.7902789708186786,1634400,False,False
BDKR.JK,164.0,158.0,157.8,156.8,157.8,155.12,149.89667991638183,8.879999999999995,2.0248943260890337,38281900,False,False
BCIP.JK,63.0,62.0,62.4,62.7,63.0,62.36,63.83,1.0,1.4215077841972217,6270700,True,False
BCIC.JK,128.0,130.33333333333334,130.8,133.1,132.5,127.66,124.22,5.439999999999998,1.8623089509237005,212500,True,False
BCAP.JK,50.0,50.0,50.0,50.0,50.0,50.04,50.37,0.03999999999999915,0.0,112200,True,False
BBYB.JK,248.0,250.66666666666666,253.2,261.8,257.3,249.8,255.58,6.900000000000006,2.273986867529089,17127400,False,False
BBTN.JK,1185.0,1191.6666666666667,1201.0,1221.0,1220.25,1217.8,1244.45,7.2,2.138114997511946,7955100,False,False
BBSS.JK,89.0,90.66666666666667,92.0,95.7,99.45,98.34,114.36,10.450000000000003,2.100030149635057,4362500,False,False
BBSI.JK,4580.0,4590.0,4610.0,4641.0,4657.5,4670.8,4628.5,9.080000000000018,0.4744052793364006,700,False,False
BBRM.JK,123.0,122.66666666666667,125.0,122.1,118.55,117.14,119.97,7.859999999999999,3.1978074446087303,3625700,False,False
BBRI.JK,3320.0,3330.0,3346.0,3370.0,3280.5,3098.8,3037.4,27.119999999999983,1.9584490183452967,158042700,False,False
BBNI.JK,3750.0,3790.0,3798.0,3857.0,3785.5,3641.8,3635.1,21.519999999999982,1.7471843713617732,39238000,False,False
BBMD.JK,1995.0,2001.6666666666667,1998.0,1986.5,1985.75,1978.5,1952.7817236328126,4.633333333333349,1.3740942042227742,100,True,False
BBLD.JK,660.0,661.6666666666666,662.0,673.0,676.0,619.7,617.7608160400391,11.259999999999991,1.7044806415308145,99200,False,False
BBKP.JK,51.0,51.666666666666664,52.4,53.3,54.05,53.7,54.86,3.049999999999997,0.9660029939932103,27654800,True,False
BBHI.JK,900.0,900.0,899.0,899.5,899.75,909.5,957.4181427001953,2.1,0.9407979112280017,14995200,True,False
BBCA.JK,6400.0,6408.333333333333,6435.0,6562.5,6478.889965820313,6366.92275390625,6139.00576171875,7.823089843749986,1.6852174991847153,95608200,False,False
BAYU.JK,1335.0,1340.0,1344.0,1347.5,1322.25,1223.7,1193.7536975097655,24.75999999999999,1.215308054493191,18400,False,False
BAUT.JK,39.0,39.0,39.4,38.1,37.75,33.4,30.87,6.0,4.230442010631573,3367600,False,False
BATR.JK,92.0,91.33333333333333,92.0,92.8,94.1,92.04,89.1422989654541,2.7666666666666657,1.067408475043439,83300,True,False
BATA.JK,59.0,59.0,59.0,59.0,59.0,59.0,60.63,0.0,0.0,0,True,False
BAPI.JK,21.0,22.0,22.8,21.1,19.85,18.26,19.76,4.539999999999999,6.386012112862661,3443500,False,False
BAPA.JK,127.0,126.33333333333333,130.2,136.2,143.2,189.96,217.02,63.62666666666668,3.706022469685149,19905300,False,False
BANK.JK,264.0,262.6666666666667,264.0,268.8,270.6,276.92,327.17,7.126666666666665,1.4890717736758798,2025100,False,False
BALI.JK,1305.0,1353.3333333333333,1334.0,1344.0,1319.0,1267.7,1255.85,17.126666666666644,5.007682052944288,13200,False,False
BAJA.JK,278.0,280.6666666666667,290.0,285.4,287.4,259.96,205.25,15.02000000000001,5.412710082526337,4826900,False,False
BAIK.JK,236.0,240.0,250.8,259.0,275.9,506.68,553.58,135.34,3.688142863198994,24547400,False,False
BACA.JK,117.0,117.66666666666667,118.2,119.5,118.45,114.74,118.06,4.760000000000005,1.4106274004782462,1489500,True,False
BABY.JK,206.0,208.66666666666666,208.8,210.6,212.7,199.58,198.93,6.559999999999988,2.205770122808677,973600,False,False
BABP.JK,50.0,50.0,50.0,50.0,50.0,50.0,50.25,0.0,0.0,233100,True,False
AYLS.JK,156.0,154.0,155.2,156.2,154.3,154.3,153.91,2.1999999999999886,2.83688214529801,6931700,True,True
AYAM.JK,500.0,486.6666666666667,485.6,488.4,482.9,435.28,382.94,32.360000000000014,1.770321244914419,68850300,False,False
AXIO.JK,116.0,115.0,115.6,115.6,115.4,113.34,110.63841667175294,2.6599999999999966,1.2908169743273818,590000,True,False
AWAN.JK,164.0,161.33333333333334,161.8,165.0,165.65,157.6,152.38,8.050000000000011,1.8771739524024804,162700,False,False
AVIA.JK,346.0,349.3333333333333,354.4,361.8,358.6,339.12,341.04,11.340000000000003,1.4642672986002847,8959100,False,False
AUTO.JK,3360.0,3326.6666666666665,3324.0,3343.0,3260.5,2909.6,2704.844365234375,45.040000000000006,0.8886714111646407,2849800,False,False
ATLA.JK,50.0,50.0,50.0,50.0,50.0,50.04,50.39021144866943,0.03999999999999915,0.0,377100,True,False
ATIC.JK,456.0,462.0,464.0,464.8,465.8,469.04,484.41,6.52000000000001,1.078864071522416,186200,False,False
ATAP.JK,570.0,566.6666666666666,565.0,558.5,570.0,559.04,499.64,2.3,1.9515604354792666,659500,True,False
ASSA.JK,595.0,603.3333333333334,612.0,628.0,631.5,620.1,639.0625,7.3,1.5680364296026779,6669300,False,False
ASRM.JK,286.0,287.3333333333333,286.4,283.4,278.8,268.72,265.0030813598633,9.306666666666644,0.8918173709474172,163300,False,False
ASRI.JK,125.0,125.66666666666667,126.6,127.2,126.75,122.82,119.95447334289551,4.38000000000001,1.7758708440097182,3138400,True,True
ASPR.JK,153.0,143.66666666666666,144.0,146.3,150.8,150.5,198.7989225769043,9.333333333333343,3.9151827077113723,51907000,False,False
ASPI.JK,555.0,515.0,505.4,470.2,430.6,435.82,410.3,24.879999999999995,8.720758649596219,4846200,False,False
ASMI.JK,15.0,15.0,15.6,15.3,15.6,16.46,16.51,1.4600000000000009,5.668718906268535,21895500,False,False
ASLI.JK,362.0,382.0,394.0,388.0,322.1,247.46,256.41,73.27,6.661413042890082,62154000,False,False
ASLC.JK,66.0,66.33333333333333,66.8,67.5,66.5,64.26,65.73,3.239999999999995,2.280389251020031,2246100,True,True
ASJT.JK,161.0,160.33333333333334,161.0,161.4,161.1,159.62,164.52436019897462,1.7800000000000011,0.5421068586112577,5159200,True,False
ASII.JK,4890.0,4926.666666666667,4900.0,4913.0,4855.0,4921.2,5073.5797509765625,7.166666666666697,2.088562504104941,30001800,False,False
ASHA.JK,57.0,56.666666666666664,57.6,57.7,58.1,58.02,61.24,1.4333333333333371,2.056210754676129,7275500,True,False
ASGR.JK,2100.0,2110.0,2126.0,2146.0,2060.5,1924.3,1729.49,22.170000000000005,1.539233870677495,1090800,False,False
ASDM.JK,520.0,520.0,518.0,517.5,514.5,513.56,504.9482095336914,1.288000000000011,0.9176562648958788,6200,True,False
ASBI.JK,400.0,400.0,400.0,402.2,405.9,415.0,409.9078372192383,7.5,1.5048552801390704,39300,False,False
ARTO.JK,950.0,981.6666666666666,991.0,1012.0,1019.5,1147.2,1126.3,39.44000000000001,2.384318748414058,16432100,False,False
ARTA.JK,2290.0,2256.6666666666665,2288.0,2292.0,2282.5,2389.2,2411.75,13.25333333333333,2.0072347656739975,1500,False,False
ARNA.JK,505.0,506.6666666666667,510.0,509.5,501.1,489.52,472.11,4.096000000000004,0.6536387517492445,3476800,True,True
ARKO.JK,4380.0,4463.333333333333,4574.0,4682.0,4912.75,4886.4,5868.85,53.275,1.733062444841658,2197400,False,False
ARKA.JK,22.0,22.0,22.0,22.0,22.0,22.0,24.98,0.0,0.0,0,True,False
ARII.JK,298.0,298.6666666666667,301.2,303.6,297.2,283.64,283.0,9.980000000000018,1.446183750656582,267800,False,False
ARGO.JK,1145.0,1160.0,1166.0,1168.5,1157.75,1128.2,1020.5,8.059999999999992,0.7864895178749097,157200,False,False
AREA.JK,314.0,318.0,325.2,332.2,323.0,290.16,274.22,21.019999999999982,2.2658083944405876,2013300,False,False
ARCI.JK,1335.0,1320.0,1325.0,1320.0,1344.0,1193.3,1200.54724609375,30.140000000000008,2.183431747015016,33744000,False,False
APLN.JK,128.0,127.66666666666667,128.4,132.1,135.35,131.0,139.85,7.683333333333323,1.4262351153758,13222400,False,False
APLI.JK,290.0,284.0,282.8,279.8,275.1,259.6,246.3049757385254,15.199999999999989,2.7939951971873485,1090900,False,False
APII.JK,191.0,190.33333333333334,191.2,191.5,190.8,187.48,184.07988998413086,4.02000000000001,0.9397720959638315,25600,True,False
APIC.JK,442.0,434.6666666666667,462.4,486.7,504.6,587.14,860.67,76.23666666666665,4.623830323953949,3214000,False,False
APEX.JK,200.0,202.0,204.0,203.4,196.85,170.14,160.04,33.860000000000014,1.5546977340471473,15937500,False,False
ANTM.JK,3270.0,3243.3333333333335,3240.0,3166.0,3153.0,3056.2,3026.632021484375,21.380000000000017,2.3382543310488098,136346800,False,False
ANJT.JK,1580.0,1583.3333333333333,1591.0,1593.5,1584.25,1517.4,1567.8,15.219999999999981,0.6267717397878018,114300,False,False
ANDI.JK,20.0,20.666666666666668,21.4,20.3,18.5,18.04,19.0,3.3599999999999994,5.35713770308465,8499200,False,False
AMRT.JK,1300.0,1278.3333333333333,1289.0,1301.0,1338.25,1358.8,1354.209793701172,16.09333333333334,1.7915776635653908,31110600,False,False
AMOR.JK,370.0,367.3333333333333,369.2,366.6,361.8,351.56,344.54,9.219999999999999,1.346953174535193,82600,False,False
AMMS.JK,218.0,222.66666666666666,220.4,218.2,208.85,244.72,303.26,17.935000000000002,4.324347335794024,358100,False,False
AMMN.JK,5050.0,5003.333333333333,4946.0,4690.0,4534.0,4220.2,4019.2,33.19200000000001,3.124676459635387,77865200,False,False
AMIN.JK,240.0,238.0,240.0,240.4,241.0,242.76,247.82,2.3799999999999955,1.4560415623437744,1326600,True,False
AMFG.JK,3310.0,3300.0,3312.0,3321.0,3325.5,3255.2,3137.1117529296876,7.030000000000018,0.5827731645054975,7600,False,False
AMAR.JK,232.0,229.33333333333334,230.8,233.0,231.5,217.8737823486328,202.44758102416992,7.563108825683599,1.3273461833270102,440700,False,False
AMAN.JK,226.0,226.0,227.2,229.2,230.0,245.6,252.22,9.799999999999997,1.7572125692002922,103700,False,False
AMAG.JK,388.0,388.0,388.0,388.6,389.0,388.72,392.9882516479492,0.5,0.29167042642255225,69500,True,False
ALKA.JK,7400.0,6201.666666666667,5623.0,4869.5,4628.75,2744.6,1654.67,186.21599999999998,11.18466733984199,894800,False,False
ALII.JK,765.0,778.3333333333334,784.0,783.5,788.75,768.7,799.9937384033203,4.75,1.8110083123368708,552900,True,False
ALDO.JK,945.0,950.0,947.0,946.5,936.0,844.6,758.061420288086,21.079999999999995,1.2908298329190504,142500,False,False
AKSI.JK,356.0,355.3333333333333,334.4,307.6,273.0,245.0,245.9,55.5,11.341394926443291,2396100,False,False
AKRA.JK,1490.0,1506.6666666666667,1518.0,1474.5,1434.25,1393.74779296875,1344.6264697265624,24.850441406250003,2.4620934333842532,13876200,False,False
AKPI.JK,550.0,536.6666666666666,536.0,534.5,520.7,507.42,505.18971099853513,8.515999999999996,2.093345916124454,1438700,False,False
AKKU.JK,38.0,38.0,38.0,38.0,38.0,38.0,38.0,0.0,0.0,0,True,False
AISA.JK,115.0,115.66666666666667,116.0,117.3,118.25,115.04,112.23,3.25,0.5943803645144227,993000,True,False
AIMS.JK,496.0,490.6666666666667,493.6,504.3,450.5,414.4,412.72,44.95000000000002,3.538896082066652,375900,False,False
AHAP.JK,118.0,106.33333333333333,103.6,102.6,101.05,97.2,94.58,20.799999999999997,5.229988696384315,701612600,False,False
AGRS.JK,60.0,60.333333333333336,60.6,62.0,61.45,61.16,62.82,2.0,2.335736153903335,2139400,True,False
AGRO.JK,148.0,148.66666666666666,149.4,151.7,150.35,148.1,155.23,3.6999999999999886,1.1548511681158553,2332000,True,False
AGII.JK,3150.0,3120.0,3102.0,3050.0,2968.0,2972.2,2880.6868408203127,18.2,2.582967119318487,185900,False,False
AGAR.JK,2740.0,2361.6666666666665,2089.0,1813.5,1811.75,1171.38,698.53,156.862,11.754164243626386,5178400,False,False
AEGS.JK,51.0,50.0,50.2,48.7,46.6,43.52,44.39,7.479999999999997,3.7242134855167066,5236500,False,False
ADRO.JK,2590.0,2616.6666666666665,2642.0,2671.0,2659.0,2551.0,2448.1648876953127,12.0,1.9313750801630705,26711100,False,False
ADMR.JK,1580.0,1591.6666666666667,1619.0,1628.5,1659.5,1578.2,1588.049306640625,16.25999999999999,2.579495292593149,16604600,False,False
ADMG.JK,252.0,253.33333333333334,260.4,268.0,261.3,239.92,221.02,14.040000000000006,4.0180131576507145,1203300,False,False
ADMF.JK,8750.0,8700.0,8705.0,8712.5,8702.5,8517.0,8418.25,9.32,0.3445295532558166,27400,False,False
ADHI.JK,133.0,133.0,133.0,133.0,134.0,147.6,160.37,14.599999999999994,0.0,0,False,False
ADES.JK,32000.0,32000.0,31720.0,31725.0,32152.5,33543.5,28722.5,72.94,0.8665218595484648,8800,False,False
ADCP.JK,50.0,50.0,50.0,50.0,50.0,50.0,50.08,0.0,0.0,0,True,False
ACST.JK,108.0,109.0,114.2,104.7,95.15,87.9,85.9,26.299999999999997,6.904185560427953,758200,False,False
ACRO.JK,65.0,64.66666666666667,65.4,66.1,64.95,62.84,62.797706031799315,3.259999999999991,2.2068351320214776,2774100,True,True
ACES.JK,354.0,353.3333333333333,353.2,354.4,356.3,353.56,341.98817626953127,1.5500000000000114,0.8028298255500478,22481500,True,True
ABMM.JK,2840.0,2820.0,2856.0,2857.0,2785.0,2617.8,2579.269990234375,23.91999999999998,1.729209127049786,515000,False,False
ABDA.JK,4960.0,4963.333333333333,5018.0,4687.0,4267.5,3817.4,3562.8,120.05999999999999,4.630834021974159,3900,False,False
ABBA.JK,30.0,30.0,30.0,30.0,30.0,30.0,33.2,0.0,0.0,0,True,False
AALI.JK,8475.0,8508.333333333334,8510.0,8495.0,8242.5,7343.0,7101.15,46.68,1.684213703195387,561200,False,False
AADI.JK,12275.0,12241.666666666666,12290.0,11797.5,10971.25,9685.0,9093.539423828124,104.2,2.7357318069562693,4782200,False,False
