Ticker,Close,MA3,MA5,MA10,MA20,MA50,MA100,Range_Ticks,Vol_Pct,Volume,MA_Tight,Signal
ZYRX.JK,131.0,127.66666666666667,126.6,123.9,125.95,127.22,133.4101449584961,7.099999999999994,2.153196786871354,872900,False,False
ZONE.JK,720.0,746.6666666666666,740.0,738.0,657.0,553.7488000488281,449.98834228515625,38.583573323567705,5.068644967047253,256900,False,False
ZINC.JK,30.0,30.0,30.0,30.0,30.0,30.0,30.01,0.0,0.0,0,True,False
YUPI.JK,1295.0,1293.3333333333333,1298.0,1302.5,1307.5,1333.9,1412.0951586914061,8.113333333333367,0.7309285127939328,11200,False,False
YULE.JK,3490.0,3486.6666666666665,3476.0,3431.0,3419.0,3387.4,3355.301774902344,10.259999999999991,1.4791713176888104,200,False,False
YPAS.JK,770.0,731.6666666666666,687.0,652.0,622.0,625.5,875.6,29.6,8.74138710793068,1081400,False,False
YOII.JK,82.0,82.33333333333333,83.2,83.6,84.4,84.76,88.98,2.760000000000005,1.4301190951253429,2335100,True,False
YELO.JK,87.0,87.33333333333333,90.0,89.7,83.5,75.72,86.44,14.280000000000001,4.951150850911768,40015000,False,False
WTON.JK,81.0,80.0,77.8,76.7,76.05,73.68,80.07174964904785,7.319999999999993,4.312210096603057,25860100,False,False
WSBP.JK,14.0,14.0,14.0,14.0,14.0,14.02,15.94,0.019999999999999574,0.0,0,True,False
WOWS.JK,61.0,61.0,60.8,59.8,59.7,58.14,65.06,2.8599999999999994,2.119041175296733,7871700,True,False
WOOD.JK,216.0,214.66666666666666,215.6,222.6,217.95,216.16,255.66,3.9666666666666686,2.837851725358411,4678300,True,False
WOMF.JK,272.0,270.0,266.8,263.0,257.9,252.96,274.2815237426758,9.519999999999996,1.7057922249852833,69100,False,False
WMUU.JK,55.0,56.333333333333336,55.8,54.5,53.4,51.5,59.36,4.833333333333336,3.682329796167641,93137500,True,False
WIRG.JK,66.0,65.0,63.4,60.7,58.45,55.66,65.65,10.340000000000003,2.476350824929511,213630400,False,False
WINS.JK,515.0,510.0,506.0,508.5,513.25,513.12,514.7141687011718,1.8,2.1887878717434033,11521300,True,True
WINR.JK,27.0,25.0,23.2,21.8,21.05,21.26,25.67,5.949999999999999,5.272647994081439,11150600,False,False
WINE.JK,136.0,138.66666666666666,138.4,142.7,146.15,149.11170959472656,161.03674087524413,13.111709594726562,2.592930591861173,1346500,False,False
WIIM.JK,1735.0,1785.0,1791.0,1767.0,1693.75,1617.4,1671.5250036621094,34.719999999999985,2.327574136015956,2569800,False,False
WIFI.JK,1965.0,1941.6666666666667,1962.0,1967.0,1987.75,1784.003662109375,2008.4386572265626,40.749267578125,2.610313290820993,19033300,False,False
WIDI.JK,25.0,25.333333333333332,25.6,25.5,26.35,25.42,28.1,1.3500000000000014,2.2166662959172667,3181900,True,False
WGSH.JK,187.0,180.66666666666666,177.6,170.5,154.5,136.56,124.63,50.44,4.296812511097429,11607800,False,False
WEHA.JK,110.0,109.0,110.0,107.8,105.9,104.66,113.0811572265625,5.340000000000003,1.8897718659848102,3621400,True,False
WEGE.JK,52.0,52.0,51.2,50.6,50.3,50.18,52.95,1.8200000000000003,2.90347693747938,56128600,True,False
WAPO.JK,132.0,132.0,128.2,125.0,122.65,115.0,122.36,17.0,2.1390776520691284,4208900,False,False
VTNY.JK,73.0,69.0,67.6,65.8,65.4,60.88,64.07,12.119999999999997,3.9818857591473176,237681100,False,False
VRNA.JK,75.0,75.33333333333333,75.0,75.7,75.9,74.2,76.45,1.7000000000000028,1.9152841557631977,654300,True,False
VOKS.JK,234.0,234.66666666666666,234.8,218.8,208.85,202.2,209.91,16.30000000000001,12.25129501143314,2958400,False,False
VKTR.JK,860.0,836.6666666666666,851.0,804.5,784.75,664.36,752.68,39.128,7.744364464808434,65826600,False,False
VIVA.JK,53.0,52.0,53.4,49.7,42.85,36.28,38.58,17.119999999999997,7.265188871073028,63740300,False,False
VISI.JK,955.0,970.0,960.0,923.0,903.5,962.7,839.8,13.3,2.795025427567846,814600,False,False
VINS.JK,145.0,143.66666666666666,143.0,141.4,140.35,135.86,148.31,9.139999999999986,0.7521100427953332,199300,False,False
VICO.JK,143.0,142.33333333333334,142.0,141.3,140.55,137.62,146.78,5.3799999999999955,0.5586106162097755,22600,True,False
VICI.JK,605.0,598.3333333333334,596.0,591.0,593.0,591.0757318115234,579.0272982788086,2.8,1.44448698777483,1447000,True,True
VERN.JK,208.0,206.0,204.4,204.7,202.2,163.32,145.76,22.340000000000003,3.4113005043082825,10732600,False,False
VAST.JK,116.0,114.33333333333333,114.4,114.9,115.9,115.24,118.42,1.6666666666666714,1.993847896585417,1899200,True,False
UVCR.JK,146.0,147.66666666666666,151.0,150.4,149.15,153.75,167.414246673584,7.75,2.572236882992815,48901500,False,False
URBN.JK,216.0,214.66666666666666,212.8,210.4,217.5,208.34,199.35,4.579999999999998,1.7523187533973292,117800,True,False
UNVR.JK,1760.0,1768.3333333333333,1786.0,1780.5,1739.25,1691.68306640625,1680.400645751953,18.863386718750007,2.2525186712838017,7995300,False,False
UNTR.JK,23300.0,23658.333333333332,23690.0,23825.0,24773.75,23774.5,26027.631171875,58.95,1.0383485620306496,4416100,False,False
UNTD.JK,80.0,80.66666666666667,81.2,81.0,79.7,74.22,78.46,6.980000000000004,1.9742197718849468,15738200,False,False
UNSP.JK,206.0,206.0,206.0,206.0,206.0,209.76,272.94,1.8799999999999955,0.0,0,True,False
UNIQ.JK,113.0,113.33333333333333,114.2,113.1,111.8,104.48,114.86,9.719999999999999,1.6161845985493786,449400,False,False
UNIC.JK,15100.0,15166.666666666666,15130.0,14940.0,13835.0,12978.5,12074.7892578125,87.52666666666664,6.329073740791688,24800,False,False
ULTJ.JK,1515.0,1501.6666666666667,1500.0,1485.0,1443.75,1389.5,1480.75,25.1,2.0488515246752144,2225400,False,False
UFOE.JK,140.0,139.66666666666666,139.2,138.0,137.45,135.86,141.78,4.139999999999986,0.9308908191111196,142100,True,False
UDNG.JK,1220.0,1310.0,1311.0,1225.0,1226.0,1301.5,1187.4,18.2,6.10010404371993,1231000,False,False
UCID.JK,436.0,440.0,438.8,424.6,402.6,383.3262145996094,388.68314971923826,28.336892700195307,4.174584123591367,406200,False,False
UANG.JK,2420.0,2406.6666666666665,2440.0,2418.0,2394.0,2297.4,2863.6,14.259999999999991,3.5035423005123945,43100,False,False
TYRE.JK,114.0,113.66666666666667,114.4,114.3,114.0,110.26,112.36,4.140000000000001,1.200495313645672,599400,True,False
TUGU.JK,1275.0,1250.0,1242.0,1231.0,1226.75,1185.3,1174.9893273925782,17.94000000000001,1.1019298728687243,4433800,False,False
TSPC.JK,2790.0,2800.0,2816.0,2835.0,2747.0,2576.2,2507.4,25.880000000000017,1.0078848831894662,809600,False,False
TRUS.JK,404.0,406.6666666666667,407.6,409.2,418.3,370.42710845947266,348.42529144287107,23.936445770263674,1.258535747913477,182500,False,False
TRUK.JK,780.0,796.6666666666666,756.0,638.7,528.85,448.66,438.16,69.60133333333332,10.561411209819434,1292000,False,False
TRUE.JK,50.0,50.0,50.0,50.0,50.0,55.12,101.17,5.119999999999997,0.0,0,True,False
TRST.JK,458.0,457.3333333333333,456.0,456.6,466.2,468.22374633789065,465.29832611083987,6.111873168945323,0.9685250661021768,175000,False,False
TRON.JK,101.0,101.66666666666667,103.0,105.9,108.2,98.26,114.82,9.939999999999998,1.8980066446511783,11214100,False,False
TRJA.JK,111.0,110.0,110.4,110.7,111.2,110.0,120.28,1.2000000000000028,1.5881857411075586,934600,True,False
TRIS.JK,170.0,170.0,171.6,169.5,168.0,163.36,168.54956787109376,8.23999999999998,2.122117057613684,1305400,False,False
TRIN.JK,306.0,310.6666666666667,317.6,317.4,327.1,352.98,521.1,23.49000000000001,2.5611982155716775,8688700,False,False
TRIM.JK,590.0,596.6666666666666,600.0,593.0,580.0,556.3466973876953,547.7433166503906,8.730660522460948,3.288109610259324,98300,False,False
TRGU.JK,169.0,171.0,169.2,166.2,164.9,168.44,176.1,6.099999999999994,3.1804249542804066,1464900,False,False
TPMA.JK,462.0,464.0,464.0,463.2,455.7,431.48,496.2,16.25999999999999,1.417961319920259,1038400,False,False
TPIA.JK,2160.0,2116.6666666666665,2142.0,2119.0,2118.25,1937.4,3301.9674877929688,22.25999999999999,3.6326519774620634,390809300,False,False
TOWR.JK,392.0,392.0,396.0,400.4,403.2,379.16,419.0791351318359,12.019999999999982,1.411590289128185,65845200,False,False
TOTO.JK,232.0,233.33333333333334,233.2,234.8,239.0,234.7888134765625,242.78465682983398,3.5,1.2602402482878319,248100,True,False
TOTL.JK,1410.0,1353.3333333333333,1338.0,1250.5,1154.5,1090.7,1062.3961920166016,63.85999999999999,3.7019316731214023,9616700,False,False
TOSK.JK,72.0,70.33333333333333,69.8,69.2,68.25,62.08,62.27,9.920000000000002,1.4125180000933169,12754700,False,False
TOOL.JK,68.0,67.66666666666667,67.8,66.7,66.8,63.24,66.98,4.759999999999998,2.6361220108995798,78892800,True,True
TOBA.JK,515.0,508.3333333333333,512.0,495.5,482.65,426.42,491.5552453613281,17.715999999999998,4.75220174326456,6850200,False,False
TNCA.JK,166.0,164.66666666666666,164.0,164.3,156.25,145.42,164.45,20.580000000000013,1.7317544190740295,941100,False,False
TMPO.JK,198.0,170.0,163.6,144.8,125.6,113.1,118.4,84.9,16.290739096096676,136193900,False,False
TMAS.JK,129.0,130.0,127.0,124.4,122.15,117.64672271728516,118.90361358642578,12.353277282714842,2.121449867483505,3656900,False,False
TLKM.JK,2590.0,2606.6666666666665,2636.0,2672.0,2653.0,2579.515146484375,2687.3922290039063,9.248485351562522,2.814884475677132,120373100,False,False
TLDN.JK,565.0,565.0,570.0,559.5,540.75,517.24,556.6170751953125,10.551999999999998,2.952534836821402,1523100,False,False
TKIM.JK,7575.0,7350.0,7285.0,7075.0,6570.0,5944.14736328125,7049.935834960937,65.23410546874999,3.2310323231520304,2723600,False,False
TIRT.JK,590.0,590.0,590.0,590.0,590.0,569.8,564.88,4.040000000000009,0.0,0,True,False
TIRA.JK,438.0,437.3333333333333,442.0,467.4,488.35,557.14,700.32,59.903333333333336,2.2605548001515343,401500,False,False
TINS.JK,3840.0,3820.0,3824.0,3793.0,3662.5,3472.23626953125,3467.2656713867186,36.77637304687501,2.7904817845826653,43406200,False,False
TIFA.JK,334.0,334.0,335.6,338.8,300.6,273.5056726074219,303.86089691162107,32.647163696289056,8.386557175106175,10200,False,False
TGKA.JK,4960.0,4953.333333333333,4960.0,4925.0,4884.5,4818.2,4732.98052734375,14.180000000000017,1.4766479919004007,20700,False,False
TFCO.JK,790.0,773.3333333333334,790.0,778.0,763.0,688.6,693.2,20.279999999999994,4.711849066582129,100,False,False
TFAS.JK,186.0,189.0,190.0,189.8,187.95,191.56,204.58,5.560000000000002,1.6653455090190412,372500,True,False
TEBE.JK,1100.0,1095.0,1100.0,1092.0,1072.5,1024.6,1113.7039892578125,15.080000000000018,2.233949423208152,1356700,False,False
TCPI.JK,3640.0,3880.0,3910.0,4260.0,4915.0,6609.54455078125,9154.4121875,296.954455078125,5.811073916157436,1193200,False,False
TCID.JK,2690.0,2666.6666666666665,2690.0,2722.0,2740.5,2766.2,2785.6,9.95333333333333,1.7615903308742793,300,False,False
TBMS.JK,1195.0,1198.3333333333333,1204.0,1188.0,1199.25,1201.3793017578125,1243.1478186035156,3.2,2.7076738309110655,14000,True,False
TBLA.JK,625.0,623.3333333333334,626.0,626.0,634.25,606.0352862548829,618.9896951293945,5.642942749023428,2.044000553670123,411200,True,False
TBIG.JK,1370.0,1370.0,1385.0,1406.5,1408.75,1411.1456079101563,1487.841630859375,8.229121582031258,2.068950514459644,133200,False,False
TAYS.JK,50.0,50.0,50.0,50.0,50.0,50.0,55.01,0.0,0.0,0,True,False
TAXI.JK,15.0,15.0,14.6,14.4,13.5,13.16,14.67,1.8399999999999999,5.539725733407901,27315700,False,False
TARA.JK,30.0,30.333333333333332,30.0,29.9,30.4,29.36,30.23,1.0399999999999991,2.223953103086624,1109500,True,False
TAPG.JK,1805.0,1757.9962565104167,1772.75283203125,1759.4213623046876,1686.0814697265625,1532.2319580078124,1588.0069543457032,54.55360839843752,2.7141430036290064,25190900,False,False
TAMU.JK,29.0,27.0,25.0,22.8,21.55,19.96,23.94,9.04,4.7936786001779055,21761400,False,False
TAMA.JK,252.0,246.0,244.4,242.4,222.5,180.58,179.23,35.709999999999994,4.4050249913588395,31308500,False,False
TALF.JK,840.0,901.6666666666666,921.0,884.5,746.25,678.4003442382813,686.4077111816406,48.519931152343744,16.382960398707844,445500,False,False
SWID.JK,107.0,104.0,104.2,103.5,101.35,93.48156478881836,97.46606330871582,13.51843521118164,2.409058880685767,115613000,False,False
SURI.JK,72.0,72.33333333333333,72.2,72.3,70.5,64.94,68.45,7.393333333333331,1.3738735778891902,2748100,False,False
SURE.JK,2660.0,2696.6666666666665,2726.0,2744.0,2747.5,2821.8,2747.2,16.180000000000017,0.8185122310980906,1000,False,False
SUPA.JK,570.0,583.3333333333334,586.0,594.5,594.5,596.0,729.7,5.2,1.7002320394011925,51070300,True,False
SUNI.JK,715.0,718.3333333333334,720.0,721.5,684.75,649.8641027832032,659.4801135253906,14.327179443359364,1.4785885045110856,237300,False,False
SULI.JK,96.0,103.0,97.4,93.0,90.35,82.58,90.55,20.42,10.50179078315173,23324300,False,False
STTP.JK,9625.0,9708.333333333334,9750.0,9765.0,9792.5,9791.0,9833.5,6.7,1.2363764239982726,1200,False,False
STRK.JK,59.0,59.666666666666664,60.0,61.8,65.1,67.82,86.46,8.819999999999993,2.9437005311461117,3562500,False,False
STAR.JK,420.0,388.6666666666667,341.6,307.6,293.0,295.24,438.35,63.5,10.633124559350332,8291600,False,False
STAA.JK,1065.0,1065.0,1075.0,1087.0,1067.25,1020.9,1069.0104443359376,13.220000000000004,1.82463747018655,4501000,False,False
SSTM.JK,414.0,421.3333333333333,426.8,418.2,409.0,398.8,506.81,14.0,2.9614891045873417,61800,False,False
SSMS.JK,910.0,926.6666666666666,926.0,956.5,950.0,843.6,1017.2841491699219,22.579999999999995,1.994593693549096,10419000,False,False
SSIA.JK,1710.0,1685.0,1676.0,1661.5,1682.25,1596.7932641601562,1576.6673413085937,22.641347167968753,1.3882224678386303,17398700,False,False
SRTG.JK,1830.0,1820.0,1811.0,1778.0,1757.5,1600.8,1605.7302087402343,45.84000000000001,1.863235900598882,5980800,False,False
SRSN.JK,70.0,71.33333333333333,72.4,70.8,68.3,66.54,65.96,5.859999999999999,4.430677828517526,29489400,False,False
SRAJ.JK,13000.0,13000.0,13045.0,12725.0,11857.5,11392.0,12951.0,66.12,2.204715944814444,800,False,False
SQMI.JK,63.0,62.666666666666664,63.6,64.8,66.7,54.18,53.7,12.520000000000003,3.1526995487007423,18848100,False,False
SPTO.JK,605.0,603.3333333333334,602.0,602.0,597.75,572.4552624511718,576.3947344970703,6.508947509765631,0.8850669875261103,592700,False,False
SPRE.JK,89.0,87.33333333333333,87.8,88.9,87.4,81.72,84.29,7.280000000000001,4.000780488076452,2604100,False,False
SPMA.JK,165.0,164.66666666666666,164.2,163.6,166.45,162.21692260742188,162.80076889038085,4.23307739257811,1.0097747113600528,403900,True,False
SOUL.JK,37.0,37.0,37.0,37.0,37.0,37.04,44.03,0.03999999999999915,0.0,0,True,False
SOTS.JK,670.0,655.0,634.0,610.0,611.25,611.1,776.15,12.0,1.9392375384575427,439600,False,False
SOSS.JK,870.0,870.0,870.0,870.0,885.5,838.1,852.7,9.479999999999995,0.35934973411020493,0,False,False
SONA.JK,3140.0,2866.6666666666665,2626.0,2458.0,2405.5,2258.0903125,2206.514345703125,88.19096875,6.643537676318262,76300,False,False
SOLA.JK,92.0,91.66666666666667,92.8,93.4,100.15,99.5,111.07,8.483333333333334,4.338712725862172,4692200,False,False
SOHO.JK,1180.0,1183.3333333333333,1191.0,1192.5,1194.75,1172.0,1492.3,4.55,0.6679176688481919,31500,True,False
SOFA.JK,270.0,262.6666666666667,252.4,238.8,229.3,232.84,327.34,20.349999999999994,6.6989773266202315,2711600,False,False
SOCI.JK,500.0,490.0,496.0,474.5,436.15,367.4450341796875,412.72548431396484,66.27748291015624,4.657911502970493,15402800,False,False
SNLK.JK,226.0,226.0,227.6,225.4,223.5,225.24,233.24,2.049999999999997,2.755424503899908,7105200,True,False
SMSM.JK,1710.0,1713.3333333333333,1719.0,1735.3651733398438,1719.353936767578,1652.7573120117188,1692.1662463378907,16.52157226562499,1.3084784237614542,2805700,False,False
SMRA.JK,328.0,328.6666666666667,328.0,325.2,322.2,298.09378326416015,305.4593913269043,15.286441701253267,1.8877206836963785,5520600,False,False
SMMT.JK,1860.0,1883.3333333333333,1868.0,1860.5,1842.75,1798.9,1799.25,16.886666666666635,2.058216038833121,25400,False,False
SMMA.JK,20175.0,20166.666666666668,20080.0,20130.0,20307.5,21149.5,18487.75,42.78,0.9479770806929643,400,False,False
SMLE.JK,178.0,171.66666666666666,170.8,166.5,157.7,122.94,123.08,55.06,4.23788418412157,17646800,False,False
SMKM.JK,93.0,86.33333333333333,80.4,74.8,72.2,67.76,79.8,25.239999999999995,4.336182530591737,13700900,False,False
SMKL.JK,147.0,149.0,148.2,147.2,143.95,136.98,147.23863830566407,12.02000000000001,2.848379983669302,441600,False,False
SMIL.JK,378.0,386.6666666666667,401.2,402.4,377.8,317.04,291.46,42.67999999999998,4.335128760375057,21262300,False,False
SMGR.JK,1555.0,1570.0,1591.0,1544.5,1517.25,1502.5,1830.7307666015624,17.7,2.2694375480467994,11706800,False,False
SMGA.JK,73.0,73.66666666666667,74.8,72.8,71.9,67.74,76.95,7.060000000000002,3.2609845662579238,4947300,False,False
SMDR.JK,302.0,302.0,304.193505859375,301.0775970458984,295.55210571289064,280.83066650390623,301.51884674072267,11.681419677734397,1.49017107414816,5171500,False,False
SMDM.JK,565.0,560.0,562.0,561.0,566.0,549.12,572.46,3.375999999999999,1.533020118077064,27100,True,False
SMBR.JK,168.0,167.0,168.4,166.1,163.3,155.82,179.0885646057129,12.580000000000013,1.433530807328879,1739300,False,False
SMAR.JK,5625.0,5625.0,5655.0,5735.0,5625.0,5099.136005859375,5154.4623193359375,25.434559765625018,2.3813666443529655,29600,False,False
SLIS.JK,78.0,77.33333333333333,77.0,71.5,66.85,62.26,72.74,15.740000000000002,8.81388307095589,25101500,False,False
SKRN.JK,396.0,400.6666666666667,404.0,404.6,404.4,372.0,406.3262808227539,16.30000000000001,1.5559906706407727,318400,False,False
SKLT.JK,202.0,202.66666666666666,202.4,201.3,195.15,187.62,198.83571548461913,7.523333333333326,2.077283084164712,193400,False,False
SKBM.JK,555.0,541.6666666666666,541.0,540.0,551.25,539.48,589.79,3.1039999999999965,2.91373592656339,349800,True,False
SIPD.JK,695.0,690.0,685.0,681.5,685.25,697.7,821.75,3.240000000000009,1.7090672164289789,29300,True,False
SINI.JK,7075.0,6941.666666666667,7085.0,7185.0,6922.5,7822.87259765625,10287.686298828125,36.01490390625,3.3359796203383016,1194200,False,False
SIMP.JK,590.0,591.6666666666666,596.0,598.0,583.75,543.5293048095704,597.0257373046875,10.894139038085928,2.297022882060944,3348800,False,False
SILO.JK,2400.0,2386.6666666666665,2372.0,2311.0,2198.75,2215.5,2374.15,20.125,2.9497401921048825,1853400,False,False
SIDO.JK,354.0,354.6666666666667,354.4,355.8,364.9,370.36,421.1114562988281,8.180000000000007,1.3485366675899784,20778400,False,False
SICO.JK,110.0,109.66666666666667,109.2,109.0,109.85,105.76,114.25338470458985,4.239999999999995,2.1130780881257385,1603200,True,False
SHIP.JK,2330.0,2343.3333333333335,2236.0,2132.5,1944.0,1734.7,2453.2081103515625,60.863333333333344,5.312793186800965,23700,False,False
SHID.JK,615.0,615.0,615.0,614.5,606.0,613.9,679.2,1.8,0.384828992507249,16800,True,False
SGRO.JK,4430.0,4326.666666666667,4280.0,4126.0,3690.5,3091.5097314453124,3627.2433227539063,133.84902685546876,7.655822155491278,73300,False,False
SGER.JK,472.0,474.0,473.6,478.6,463.0,408.16,391.0,35.22,2.9610704154157834,16743300,False,False
SFAN.JK,1995.0,1988.3333333333333,1987.0,1979.5,1967.5,1967.5,1952.65,5.5,0.28817207592446625,53000,True,False
SEMA.JK,99.0,99.33333333333333,99.6,99.2,97.55,94.94,102.13,4.659999999999997,1.0998561710936205,588000,True,False
SDRA.JK,222.0,222.0,222.8,222.8,216.3,212.48,231.52,5.160000000000011,2.9263023976929894,1407300,True,False
SDPC.JK,187.0,187.33333333333334,185.8,183.8,182.5,179.56799987792968,183.21381942749022,7.765333455403663,1.2677632986288137,80100,False,False
SDMU.JK,79.0,80.33333333333333,81.4,80.7,80.8,78.1,83.59,3.3000000000000114,3.328895762439816,6567200,True,False
SCNP.JK,150.0,151.33333333333334,154.4,154.4,155.7,149.41593688964844,156.29970672607422,6.284063110351553,2.1832846873086966,234600,False,False
SCMA.JK,200.0,201.33333333333334,202.0,202.6,203.15,203.04,223.8066635131836,3.1500000000000057,2.205526276410856,23244200,True,False
SCCO.JK,2330.0,2316.6666666666665,2308.0,2302.0,2300.5,2240.6860791015624,2250.74560546875,8.931392089843758,0.7503846218067856,21200,False,False
SBMA.JK,106.0,108.66666666666667,108.4,107.7,107.6,106.76,112.31,2.6666666666666714,1.6249254586377022,3793700,True,False
SATU.JK,260.0,258.6666666666667,259.2,260.6,265.1,269.04,265.36,5.186666666666667,0.5128417555318991,46400,True,False
SAPX.JK,212.0,214.66666666666666,216.4,215.6,214.9,213.0,227.54,2.200000000000003,1.2716335779011188,140900,True,False
SAMF.JK,282.0,279.3333333333333,279.2,278.2,278.7,274.88758575439454,293.7132057189941,3.556207122802732,1.3644628511234416,172000,True,False
SAME.JK,296.0,297.3333333333333,298.0,298.0,299.4,312.28,323.94,8.139999999999986,0.8037905009595386,335500,False,False
SAGE.JK,32.0,32.333333333333336,32.4,32.8,33.45,29.06,30.02,4.390000000000004,4.807683637752922,4767000,False,False
SAFE.JK,394.0,406.6666666666667,402.4,388.4,380.2,347.08,354.66,29.79333333333335,2.8154782398005103,246500,False,False
RUNS.JK,63.0,62.333333333333336,62.6,63.0,65.3,69.24,77.74,6.906666666666659,2.307089469244858,536300,False,False
RUIS.JK,210.0,209.33333333333334,207.8,206.1,204.75,189.82125,199.8553125,10.089375000000004,2.571661426807429,676500,False,False
RSCH.JK,308.0,312.6666666666667,314.0,317.8,298.0,297.04,296.9,10.379999999999995,2.888060779764517,22197000,False,False
ROTI.JK,590.0,590.0,590.0,589.0,596.5,594.3,616.4387969970703,1.5,1.223415780056586,333000,True,False
RONY.JK,1240.0,1268.3333333333333,1268.0,1279.0,1359.25,1134.7,1296.35,44.90999999999999,2.3533414143565428,9400,False,False
RODA.JK,67.0,67.33333333333333,68.4,63.9,63.0,58.06,62.68,10.340000000000003,5.601450575336324,56674000,False,False
ROCK.JK,2050.0,2163.3333333333335,1973.0,1867.5,1834.75,1758.7,2080.65,40.463333333333345,12.89725821336353,132400,False,False
RMKO.JK,286.0,284.0,288.4,289.8,305.0,308.76,389.4,12.379999999999995,3.439501436063872,6789800,False,False
RMKE.JK,402.0,404.6666666666667,411.6,409.8,420.3,431.6,522.4350390625,14.800000000000011,2.596646617028288,46754900,False,False
RLCO.JK,4610.0,4670.0,4812.0,4998.5,4593.0,3727.2,4323.15,127.13000000000002,4.360329524824442,538400,False,False
RISE.JK,940.0,940.0,944.0,964.0,993.5,975.0,1352.7,10.7,2.1103916272659506,472000,False,False
RIGS.JK,680.0,683.3333333333334,680.0,678.5,681.0,677.9,681.55,1.0866666666666789,1.9306955397121466,119000,True,False
RICY.JK,79.0,79.0,79.4,79.4,78.65,76.36,84.28,3.0400000000000063,1.76232705267837,4799300,True,False
RGAS.JK,197.0,219.0,228.2,235.1,226.95,193.72,142.87329154968262,41.379999999999995,4.122127413211336,3838700,False,False
RELI.JK,486.0,482.0,479.2,483.2,486.1,487.1,492.48,3.950000000000017,1.5843153302684858,7000,True,False
RELF.JK,35.0,35.0,35.0,35.1,35.7,34.72,36.7,0.980000000000004,1.9058514898660406,3392200,True,False
REAL.JK,53.0,53.0,52.4,51.8,51.2,50.5775895690918,51.62616035461426,2.422410430908201,1.31568750313222,60528100,True,True
RDTX.JK,13600.0,13808.333333333334,13655.0,13617.5,13668.75,14023.2001171875,14863.779267578126,16.928004687499996,1.6636214454332159,300,False,False
RCCC.JK,103.0,101.66666666666667,101.4,100.2,96.85,90.36,98.56,12.64,3.1434456963874715,976000,False,False
RBMS.JK,64.0,64.0,65.0,65.1,66.25,60.58,61.09,5.670000000000002,2.780031086447643,17784100,True,True
RATU.JK,5000.0,4960.0,5026.0,5033.5,5006.25,4929.8,5223.423525390625,10.369999999999981,2.6728160357766253,5113100,False,False
RANC.JK,520.0,518.3333333333334,518.0,515.5,516.5,520.44,540.12,0.9880000000000109,2.0617785958862727,59500,True,False
RALS.JK,380.0,381.3333333333333,382.4,380.6,381.3,376.72,386.8444464111328,2.839999999999975,0.8428707975154012,929600,True,False
RAJA.JK,895.0,881.6666666666666,890.0,885.5,892.75,814.6876086425781,809.6094958496094,16.062478271484384,2.134074972334623,80495700,False,False
RAAM.JK,191.0,192.66666666666666,194.6,198.4,203.4,204.1,207.63,13.099999999999994,0.6650146386383636,227000,False,False
PZZA.JK,182.0,182.0,182.2,183.4,184.85,184.08,191.2010855102539,2.8499999999999943,2.2026805519535437,391700,True,False
PYFA.JK,216.0,215.33333333333334,215.2,211.4,210.3,202.76,258.36,6.6200000000000045,3.155823594663932,3374900,False,False
PWON.JK,256.0,257.3333333333333,259.2,261.0,264.2,254.5890313720703,281.23846618652345,4.80548431396484,1.9976400766379516,19141400,True,False
PURI.JK,139.0,138.33333333333334,139.0,138.2,137.8,135.2,144.18,3.8000000000000114,1.5788039609480244,4709200,True,False
PURA.JK,33.0,32.666666666666664,32.8,32.5,31.65,31.2,31.92,1.8000000000000007,2.569708575451432,2865200,True,True
PUDP.JK,312.0,311.3333333333333,310.0,307.4,304.0,297.9241296386719,310.47935607910154,7.03793518066405,1.2858246194992933,37300,False,False
PTSP.JK,925.0,930.0,947.0,926.0,914.0,891.6,901.25,11.079999999999995,3.4759938695627817,283400,False,False
PTSN.JK,290.0,288.6666666666667,284.4,281.6,267.3,246.34842864990233,271.16635391235354,21.825785675048834,3.088570456653699,240300,False,False
PTRO.JK,5500.0,5151.666666666667,5141.0,4900.5,4699.75,4271.3,4632.8,49.147999999999996,4.571319704383232,134783500,False,False
PTPW.JK,1185.0,1181.6666666666667,1190.0,1177.5,1155.25,1126.7501391601563,1038.0235882568359,12.649972167968736,1.5814193485079509,34300,False,False
PTPS.JK,154.0,152.66666666666666,152.4,149.6,145.45,130.6,150.99,23.400000000000006,2.676695149590911,818800,False,False
PTPP.JK,204.0,204.0,202.4,201.4,205.4,195.16,224.56,5.1200000000000045,1.1085149984635543,7214400,True,False
PTMP.JK,67.0,66.66666666666667,66.0,64.5,63.5,59.3,63.06,7.700000000000003,2.2552541987608534,41584100,False,False
PTIS.JK,266.0,262.6666666666667,266.0,268.6,268.7,276.04,289.92,6.686666666666667,2.173142578716524,8600,False,False
PTBA.JK,2350.0,2363.3333333333335,2362.0,2352.0,2374.5,2400.4001708984374,2585.881005859375,5.040017089843741,1.036799589694997,10222900,True,False
PSSI.JK,328.0,329.3333333333333,329.2,328.4,324.9,301.68,316.11839385986326,13.826666666666654,2.732565508675157,12200,False,False
PSKT.JK,224.0,223.33333333333334,228.0,225.0,217.0,198.58,224.13,14.709999999999994,2.699833191801397,3140900,False,False
PSGO.JK,195.0,195.0,195.6,195.4,196.85,195.16376953125,193.86905639648438,1.8499999999999943,0.9408298865690751,46100,True,False
PSDN.JK,140.0,138.66666666666666,137.0,132.7,126.1,117.12,135.6,22.879999999999995,4.070089741307629,4523700,False,False
PSAT.JK,885.0,893.3333333333334,900.0,886.0,865.5,830.7,861.85,13.85999999999999,2.0196575315653176,135700,False,False
PSAB.JK,505.0,503.3333333333333,484.8,460.0,444.1,428.9454553222656,419.7795468139648,15.210908935546877,4.168877658465359,72169700,False,False
PRIM.JK,109.0,109.0,110.0,108.9,104.0,93.22,86.21,16.78,2.852320765391604,2514600,False,False
PRDA.JK,2380.0,2373.3333333333335,2376.0,2375.0,2375.5,2440.0,2439.265607910156,6.666666666666652,0.9988917293457298,61000,False,False
PRAY.JK,740.0,738.3333333333334,737.0,730.5,730.5,694.7,715.1,9.059999999999992,2.174009428768649,5800,False,False
PPRO.JK,17.0,17.333333333333332,17.2,16.9,16.85,16.34,19.85,0.9933333333333323,3.8214930777475655,7551800,False,False
PPRI.JK,146.0,146.66666666666666,147.4,147.1,149.05,143.3,159.6,5.75,1.869955036827708,2189600,True,False
PPRE.JK,103.0,103.33333333333333,103.8,103.8,106.6,100.76,113.44,5.839999999999989,1.8749547480324555,19803500,True,False
PPGL.JK,212.0,208.0,205.6,205.2,207.9,194.48,202.57,8.760000000000005,1.8769921786644912,1312700,False,False
POWR.JK,825.0,791.6666666666666,768.0,745.5,735.25,713.5,703.4220440673828,22.3,1.9037761544278968,18101800,False,False
PORT.JK,895.0,873.3333333333334,875.0,869.5,876.0,868.8,882.25,5.240000000000009,2.20840093376112,6600,True,False
POLY.JK,32.0,32.0,32.0,32.0,32.0,32.0,32.23,0.0,0.0,0,True,False
POLU.JK,11625.0,11650.0,11630.0,11787.5,12198.75,12265.0,13277.25,25.6,2.8270076843241063,1400,False,False
POLI.JK,745.0,748.3333333333334,749.0,744.5,728.5,743.7,906.35,4.1,2.501011486067424,8500,True,False
PNSE.JK,480.0,482.0,487.6,488.8,492.3,512.22,566.36,16.110000000000014,1.021607788906399,58000,False,False
PNLF.JK,230.0,230.0,228.8,227.8,227.6,219.46,233.13,5.269999999999996,1.3113768877475522,8923900,True,False
PNIN.JK,720.0,715.0,712.0,715.5,721.25,720.4,748.55,1.85,1.4477558202546523,42200,True,False
PNGO.JK,3560.0,3556.6666666666665,3556.0,3556.0,3544.5,3480.6,3451.9,7.940000000000009,0.3619210160647528,300,False,False
PNBS.JK,51.0,50.333333333333336,50.2,50.1,50.25,50.1,50.31,0.8999999999999986,0.6324555320336764,15877100,True,True
PNBN.JK,895.0,900.0,902.0,903.0,900.25,882.3415185546875,911.0222320556641,4.131696289062506,0.969193952096656,744800,True,False
PMUI.JK,97.0,97.66666666666667,97.8,96.0,90.5,82.46,87.1540683746338,15.340000000000003,4.925817157559107,907600,False,False
PMJS.JK,115.0,116.0,117.0,116.8,113.05,107.19499969482422,114.99913375854493,9.805000305175781,3.4387553930377317,740700,False,False
PLAN.JK,38.0,38.0,38.0,38.2,38.2,37.08,41.32,1.1200000000000045,1.971624523990963,984900,True,False
PKPK.JK,3750.0,3783.3333333333335,3832.0,3884.0,3825.0,3258.4,2918.8,62.55999999999999,1.3019306825438306,1050700,False,False
PJHB.JK,172.0,172.33333333333334,173.8,171.8,170.0,165.62,190.67,8.180000000000007,1.8429046894743082,1277100,False,False
PJAA.JK,454.0,456.6666666666667,459.2,455.4,455.8,452.36,475.9585952758789,3.4199999999999875,1.13172308444194,90900,True,False
PIPA.JK,123.0,122.0,121.6,120.7,120.7,115.2,122.66,7.799999999999997,2.682253248371138,36105900,False,False
PICO.JK,133.0,133.0,132.6,131.2,129.85,128.36,139.06,4.639999999999986,1.506685871192943,3214400,True,False
PGUN.JK,7475.0,7508.333333333333,7515.0,7497.5,7531.25,7352.86060546875,7932.040766601563,7.135575781250009,1.5382231744978803,4400,False,False
PGLI.JK,210.0,216.66666666666666,212.0,205.8,199.05,191.22,202.22,12.72333333333333,3.224523730492932,752800,False,False
PGJO.JK,785.0,740.0,749.0,752.5,716.75,720.1,738.55,13.65,5.8393619513652135,291700,False,False
PGEO.JK,1070.0,1071.6666666666667,1083.0,1047.5,1028.25,945.3,959.4076892089844,27.54000000000001,3.005220872879965,25190000,False,False
PGAS.JK,1485.0,1495.0,1500.0,1503.0,1508.75,1495.68806640625,1615.6755834960939,4.75,0.6152977435963204,26112600,True,False
PEVE.JK,328.0,330.0,333.6,335.2,328.8,317.68,370.15,8.759999999999991,1.376871726930456,1862300,False,False
PEHA.JK,264.0,263.3333333333333,263.2,263.4,261.0,251.32362670898436,271.6003553771973,6.338186645507818,1.84286166690685,137400,False,False
PEGE.JK,103.0,101.66666666666667,101.2,98.4,94.75,103.36914642333984,121.50457321166992,8.619146423339842,2.5042692823245964,10320400,False,False
PDPP.JK,304.0,305.3333333333333,306.4,306.6,286.6,269.8846771240234,290.2031053161621,18.3576614379883,3.2277029239966284,150500,False,False
PDES.JK,396.0,412.0,426.4,404.2,402.0,436.7,474.47675842285156,20.349999999999994,9.798844365997663,204500,False,False
PCAR.JK,43.0,42.333333333333336,43.4,43.0,40.6,39.3,38.58,4.100000000000001,6.030703608323761,907800,False,False
PBSA.JK,740.0,738.3333333333334,740.0,746.5,759.75,721.6982104492188,844.2727716064453,7.610357910156244,2.094516388245655,514100,False,False
PBRX.JK,26.0,26.666666666666668,26.6,26.6,26.65,26.74,31.71,0.7399999999999984,3.663082173043279,4659800,True,False
PBID.JK,525.0,530.0,531.0,532.5,516.0,491.28,483.3810501098633,8.244000000000005,0.8230176839571693,1115000,False,False
PART.JK,99.0,99.66666666666667,100.0,101.0,103.0,99.8854818725586,106.72676399230957,4.0,1.6213768701908704,1243600,True,False
PANS.JK,1555.0,1546.6666666666667,1545.0,1543.5,1558.5,1527.4736596679688,1509.5736682128907,6.205268066406234,1.1069234462808184,218500,False,False
PANR.JK,430.0,430.0,430.4,423.4,416.2,417.8,455.49411743164063,7.099999999999994,1.3039605468540814,36300,False,False
PANI.JK,6150.0,6125.0,6195.0,6245.0,6218.75,6225.764609375,7219.382705078125,4.8,1.9702619793663174,4029100,True,False
PAMG.JK,57.0,57.333333333333336,57.0,56.6,56.85,53.64,56.16,3.693333333333335,2.785396842291361,28346100,True,True
PALM.JK,290.0,290.0,290.4,291.2,299.1,299.0704522705078,327.479228515625,4.550000000000011,1.0046183417945842,209200,True,False
PADI.JK,70.0,70.0,71.8,70.4,71.95,71.84454528808594,88.78510948181152,1.9500000000000028,3.222755341457744,210765300,True,False
PADA.JK,184.0,179.66666666666666,183.0,172.7,146.25,123.52,137.32,60.480000000000004,10.214903618057312,73177600,False,False
PACK.JK,270.0,259.3333333333333,263.6,253.6,237.8,236.04,241.81,16.980000000000004,5.4233963803025285,155319900,False,False
OPMS.JK,132.0,131.66666666666666,129.8,123.9,113.05,101.86,113.08,30.14,8.945233437228561,4246800,False,False
OMRE.JK,980.0,998.3333333333334,987.0,1009.5,1051.0,1042.4,933.95,14.2,4.6615686509951795,2400,False,False
OMED.JK,234.0,230.66666666666666,229.2,224.0,216.0,206.46519592285156,232.34377471923827,13.767402038574218,2.3992261037470315,69167800,False,False
OLIV.JK,48.0,48.666666666666664,49.0,49.7,49.95,50.16,53.3,2.1599999999999966,0.9665336333214379,1348400,True,False
OKAS.JK,122.0,118.66666666666667,118.8,110.1,105.9,101.02,108.0,20.980000000000004,5.270081446119726,22266200,False,False
OILS.JK,228.0,228.66666666666666,229.6,230.0,227.6,203.9,228.78,13.049999999999997,1.6388273739875499,3252600,False,False
OBMD.JK,194.0,194.33333333333334,196.8,189.5,194.1,176.94,202.45,19.860000000000014,3.239235424742102,328700,False,False
OBAT.JK,242.0,242.66666666666666,243.6,244.8,246.8,238.68,276.3765313720703,4.060000000000002,1.4768615842622363,156600,True,False
OASA.JK,324.0,326.6666666666667,334.8,334.2,334.8,290.24,317.86,22.28,4.389764750515058,17963000,False,False
NTBK.JK,85.0,87.33333333333333,89.8,91.3,93.35,76.42,78.72589611053466,16.929999999999993,3.3516144467156646,36470700,False,False
NSSS.JK,900.0,936.6666666666666,974.0,1010.0,912.75,701.1006555175782,734.0707434082032,61.779868896484366,7.359602759288133,9553000,False,False
NRCA.JK,530.0,521.6666666666666,525.0,513.7,507.9,461.502978515625,494.5519189453125,13.699404296875002,2.7829884922003454,6388700,False,False
NPGF.JK,58.0,57.666666666666664,57.87896575927734,58.585345077514646,58.44112071990967,58.8122061920166,63.77739616394043,1.145539525349939,1.934050389112105,3288100,True,False
NOBU.JK,505.0,503.0,504.8,492.8,468.6,448.16,490.17,11.367999999999995,3.527209186290097,1155700,False,False
NISP.JK,1270.0,1268.3333333333333,1271.0,1274.5,1257.5,1227.9,1290.491756591797,9.319999999999983,1.0259418741070891,1183300,False,False
NIRO.JK,162.0,160.0,162.2,158.9,154.45,147.28,170.47,14.919999999999987,7.24875902120834,623800,False,False
NINE.JK,78.0,77.33333333333333,74.4,73.4,75.3,75.88,100.6,4.599999999999994,4.101731617662815,6607500,False,False
NIKL.JK,194.0,195.0,197.4,196.7,193.3,190.72,244.5106817626953,6.680000000000007,2.8456355969260207,4610200,False,False
NICL.JK,464.0,466.0,470.4,472.2,488.4,510.14,657.2440026855469,23.069999999999993,2.244235192522122,19279500,False,False
NICK.JK,1500.0,1551.6666666666667,1523.0,1385.5,1234.25,1098.3,1147.0,90.67333333333336,7.537923904730882,45000,False,False
NICE.JK,256.0,254.66666666666666,258.4,257.8,254.5,256.84,277.04,1.9499999999999886,2.9441698458044248,474800,True,False
NFCX.JK,1500.0,1516.6666666666667,1517.0,1524.0,1552.5,1604.5,1689.8,20.9,2.142375966653908,108900,False,False
NETV.JK,52.0,52.333333333333336,52.2,51.6,51.25,51.88,68.12,1.0833333333333357,1.5281740678983988,66178200,True,False
NEST.JK,685.0,706.6666666666666,712.0,717.5,667.25,608.58,515.78,21.783999999999992,4.888350242706625,1920500,False,False
NELY.JK,202.0,199.66666666666666,200.2,200.3,202.85,199.0,249.03101013183593,1.9249999999999972,1.2200889388157663,540100,True,False
NCKL.JK,935.0,926.6666666666666,932.0,927.0,892.0,836.1130310058594,919.9997082519532,19.777393798828122,2.284092227920005,57216900,False,False
NAYZ.JK,58.0,58.333333333333336,58.4,58.0,57.55,58.5,61.32,0.9500000000000028,4.389058087946565,15482500,False,False
NATO.JK,655.0,651.6666666666666,653.0,657.5,655.0,613.7,612.8,8.759999999999991,1.0321666650368475,179700,False,False
NASI.JK,133.0,133.33333333333334,135.0,132.8,128.3,117.06,130.52,17.939999999999998,2.5162048434518343,635900,False,False
NASA.JK,31.0,30.666666666666668,30.4,30.3,30.05,31.24,34.54,1.1899999999999977,2.186556194786681,372600,True,False
NANO.JK,30.0,30.333333333333332,29.6,29.3,30.5,26.08,30.07,4.420000000000002,3.7723930625729563,24607300,True,False
NAIK.JK,90.0,89.66666666666667,89.2,88.0,87.9,84.24,90.43923118591309,5.760000000000005,1.2213336415916392,2019600,True,False
MYTX.JK,41.0,41.0,41.0,41.0,41.0,41.84,46.83,0.8400000000000034,0.0,0,True,False
MYOR.JK,1665.0,1685.0,1685.0,1685.0,1715.5,1734.7235278320313,1751.6111804199218,13.944705566406265,1.2441102484996853,10215600,False,False
MYOH.JK,1070.0,1045.0,1042.0,1042.0,1044.0,1043.490400390625,1120.8662890625,5.6,1.632718336593459,5099400,True,False
MUTU.JK,113.0,113.33333333333333,111.8,111.0,109.95,110.14599945068359,106.12459892272949,3.3833333333333258,2.5633531543082033,3022600,True,True
MTWI.JK,256.0,256.0,255.6,255.6,258.3,263.5913760375977,288.93359176635744,3.9956880187988446,1.1044775550781305,9500,True,False
MTMH.JK,920.0,930.0,926.0,921.0,927.5,943.4458813476563,966.5843811035156,4.689176269531254,1.2744318725584796,1900,True,False
MTLA.JK,515.0,516.6666666666666,520.0,526.5,519.25,510.43235900878904,520.5665356445312,3.213528198242193,4.421740381579454,12400,False,False
MTFN.JK,13.0,13.0,13.0,13.0,13.0,13.46,17.62,0.46000000000000085,0.0,0,True,False
MTEL.JK,432.0,430.6666666666667,432.4,442.0,448.8,463.8824688720703,477.8465020751953,16.607901102701817,1.4703018895675113,33625300,False,False
MTDL.JK,505.0,505.0,507.0,509.0,511.5,504.9170001220703,523.2085000610351,1.3165999755859388,1.4935708358250213,209600,True,False
MSTI.JK,1315.0,1320.0,1325.0,1326.0,1329.5,1268.1767163085938,1272.7294030761718,12.264656738281246,1.0592497852056184,741400,False,False
MSKY.JK,71.0,71.33333333333333,70.2,66.1,62.85,61.76,70.54,9.57333333333333,5.976013066575014,22703400,False,False
MSJA.JK,426.0,422.0,417.2,411.2,408.8,408.24,434.7176397705078,8.879999999999995,2.2187995685787465,20252300,False,False
MSIN.JK,380.0,383.3333333333333,381.6,387.8,405.1,471.32,603.99,45.66,2.1563547710796835,31930700,False,False
MSIE.JK,98.0,95.33333333333333,96.0,97.4,89.95,92.4,94.86,8.049999999999997,4.882333331162558,16712300,False,False
MREI.JK,920.0,920.0,920.0,920.0,920.0,936.1,977.85,3.2200000000000046,0.0,0,True,False
MRAT.JK,444.0,440.6666666666667,440.8,441.2,441.6,442.08,433.38,1.6666666666666572,0.7751488586939945,907900,True,False
MPXL.JK,169.0,163.0,160.6,157.7,152.4,149.3,155.96,19.69999999999999,2.1046286009516755,2028200,False,False
MPRO.JK,11500.0,11841.666666666666,11925.0,11690.0,11721.25,9824.5,9540.0,84.02,5.093696217218116,10600,False,False
MPPA.JK,50.0,50.0,48.8,47.7,47.65,46.46,48.16,3.539999999999999,3.4876301083233288,8352800,True,True
MPOW.JK,105.0,106.0,107.2,106.6,103.7,98.74,104.72,8.460000000000008,1.6175850645470198,811000,False,False
MPMX.JK,1005.0,1005.0,1005.0,1003.0,995.75,971.6504675292969,909.8345831298828,6.669906494140628,0.7959783879565391,3413200,False,False
MPIX.JK,96.0,95.66666666666667,96.6,97.0,95.45,92.98,88.66,4.019999999999996,1.9252362112221688,3431600,True,True
MORA.JK,5025.0,5108.333333333333,5165.0,5627.5,6021.25,6403.0,5995.75,55.12,3.6245694985544668,208200,False,False
MOLI.JK,272.0,270.6666666666667,272.8,268.4,260.5,244.15281127929688,244.25448120117187,14.323594360351564,3.0267772016383887,1360000,False,False
MNCN.JK,200.0,200.0,200.8,202.4,206.1,205.72,218.04,6.099999999999994,1.6682718961441891,24898700,False,False
MMLP.JK,292.0,293.3333333333333,295.2,295.6,296.2,293.88,315.18,2.0999999999999943,1.539110885990115,328100,True,False
MMIX.JK,745.0,740.0,739.0,738.0,726.75,700.78,508.31,8.844000000000005,0.9167891689408165,20408900,False,False
MLPT.JK,1505.0,1513.3333333333333,1552.0,1638.0,1539.9,1046.68,923.1152691650391,118.26399999999998,8.60000923063742,3086400,False,False
MLPL.JK,99.0,98.33333333333333,98.4,97.0,95.2,85.82,90.95,13.180000000000007,2.6693222285024487,19009500,False,False
MLIA.JK,230.0,232.0,231.6,231.6,232.3,236.96,254.04,3.480000000000004,0.7049223432277593,13100,True,False
MLBI.JK,7050.0,6983.333333333333,6965.0,6885.0,6615.0,6276.368603515625,5870.97857421875,30.945255859374992,1.816089073930676,74900,False,False
MKTR.JK,127.0,125.66666666666667,124.0,123.4,121.55,120.93239044189453,124.14841110229492,6.067609558105474,3.1183081463007296,2498900,False,False
MKPI.JK,21975.0,21958.333333333332,21965.0,21900.0,21696.25,21207.33328125,21360.5287109375,30.706668749999952,0.3694470380874635,40400,False,False
MKAP.JK,1170.0,1170.0,1169.0,1167.5,1164.5,1141.118798828125,1105.1649365234375,5.7762402343750185,0.3386533980612382,500,True,False
MITI.JK,193.0,193.0,199.8,196.8,182.6,172.44,205.56,27.360000000000014,11.53697166668269,1506500,False,False
MIRA.JK,28.0,29.0,28.6,25.7,23.55,20.62,21.47,8.379999999999999,7.363718806057708,16342000,False,False
MINE.JK,232.0,235.33333333333334,234.8,230.8,225.8,218.68,272.3,8.326666666666668,1.892720399277029,1047600,False,False
MINA.JK,272.0,268.6666666666667,272.4,270.8,276.1,277.04,293.94,4.186666666666667,2.3612909016644528,33435300,True,False
MIKA.JK,1800.0,1818.3333333333333,1828.0,1812.5,1780.0,1679.9529443359374,1792.4427355957032,29.60941113281251,2.9299563965447426,2408300,False,False
MIDI.JK,276.0,274.6666666666667,276.0,279.2,282.5,281.39930053710935,292.362599029541,3.916666666666657,1.3899518524891585,3582800,True,False
MICE.JK,520.0,521.6666666666666,521.0,520.5,518.75,500.6950524902344,498.5728732299805,4.194322835286448,1.4872841309808946,138000,True,False
MHKI.JK,135.0,134.66666666666666,136.0,135.9,136.3,125.62829895019532,146.75821250915527,10.671701049804696,2.589658672270924,1273200,False,False
MGRO.JK,675.0,676.6666666666666,676.0,676.5,675.25,673.3,684.55,0.6733333333333349,3.49977834672024,3755300,True,False
MGNA.JK,102.0,104.33333333333333,107.0,111.4,103.35,92.06,127.15,19.340000000000003,2.3437910800975446,4111000,False,False
MGLV.JK,8750.0,8775.0,8610.0,8450.0,8415.0,8336.5,7477.55,17.54,4.168686830253889,1372700,False,False
MERK.JK,4000.0,3993.3333333333335,3974.0,3934.0,3944.0,3763.4145068359376,3624.0543994140626,23.658549316406244,1.7340392796481585,2600,False,False
MERI.JK,116.0,117.66666666666667,117.2,112.7,107.15,106.48,122.41,11.186666666666667,6.062011638599108,1649300,False,False
MEJA.JK,112.0,109.33333333333333,107.0,100.9,95.25,87.92,92.63571434020996,24.08,5.781890796751899,36642100,False,False
MEGA.JK,1985.0,1985.0,1985.0,1983.0,1989.0,1994.6,2111.274444580078,2.3199999999999816,0.4447840025114015,14700,True,False
MEDS.JK,70.0,71.33333333333333,72.4,74.0,76.25,74.54,77.29,6.25,2.0264931381963285,12122800,False,False
MEDC.JK,1330.0,1321.6666666666667,1312.0,1312.5,1300.0,1206.8528466796874,1390.0072326660156,24.62943066406251,2.8946993724015413,58574400,False,False
MDRN.JK,26.0,26.0,26.0,26.0,26.0,27.4,38.01,1.3999999999999986,0.0,0,True,False
MDLN.JK,50.0,50.333333333333336,50.2,50.1,50.15,50.16,51.91,0.3333333333333357,0.9336024218017578,3413400,True,False
MDLA.JK,212.0,210.0,209.6,210.2,209.5,204.3,203.1813414001465,3.8499999999999943,1.0873558088417434,1983100,True,True
MDKI.JK,190.0,190.0,188.4,185.8,183.1,179.5400003051758,181.08696853637696,10.459999694824205,1.2475536861527516,90300,False,False
MDKA.JK,2910.0,2956.6666666666665,2930.0,2860.0,2767.5,2688.2740966796873,2866.6374096679688,26.83925699869792,3.195596081414911,33555600,False,False
MDIY.JK,940.0,938.3333333333334,934.0,921.5,939.5,895.2498937988281,869.6416033935546,8.950021240234378,0.7870363241315766,45900,False,False
MDIA.JK,280.0,256.6666666666667,250.0,225.0,163.8,105.9,100.41,87.05,11.462275575407563,994119200,False,False
MCOR.JK,69.0,68.66666666666667,68.8,68.8,68.45,66.92,68.37,2.0799999999999983,1.078048945997751,509800,True,False
MCOL.JK,3730.0,3733.3333333333335,3740.0,3742.0,3742.0,3723.6,3766.9321411132814,1.8400000000000092,1.484824150779029,4000,True,False
MCAS.JK,310.0,324.0,301.2,276.8,238.2,203.1,270.43,60.45,10.580007666163157,11062600,False,False
MBTO.JK,128.0,127.66666666666667,128.6,128.6,124.15,113.88,114.44,14.719999999999999,8.233378006739574,5572900,False,False
MBSS.JK,2840.0,2833.3333333333335,2832.0,2827.0,2753.0,2609.4,2327.4,23.05999999999999,0.7338831891448382,759700,False,False
MBMA.JK,550.0,541.6666666666666,541.0,530.8,523.55,504.6,573.29,9.079999999999995,3.049863923098814,95660800,False,False
MBAP.JK,1460.0,1463.3333333333333,1457.0,1436.5,1426.25,1386.5,1539.4,15.366666666666651,1.6622770692371307,52100,False,False
MAYA.JK,199.0,200.33333333333334,201.8,200.7,199.35,191.2,192.73,10.600000000000023,1.1463043581405652,703900,False,False
MAXI.JK,50.0,50.0,50.0,50.0,50.0,50.0,50.49,0.0,0.0,2439200,True,False
MASB.JK,3300.0,3366.6666666666665,3378.0,3384.0,3387.0,3379.4,3319.2,8.7,0.945004558019165,10100,False,False
MARK.JK,1115.0,1101.6666666666667,1101.0,1091.0,1043.5,975.4,872.1030303955079,27.920000000000005,3.937698982110559,19741200,False,False
MARI.JK,23.0,23.0,23.0,23.0,23.0,23.48,26.2,0.4800000000000004,0.0,0,True,False
MAPI.JK,1510.0,1558.3333333333333,1594.0,1643.0,1565.75,1528.1447534179688,1422.4621984863281,26.6,8.478232487297959,8548200,False,False
MAPB.JK,1115.0,1148.3333333333333,1175.0,1158.5,1132.0,1082.9,1299.65,18.41999999999998,6.741850290056235,8300,False,False
MAPA.JK,630.0,643.3333333333334,656.0,658.0,635.25,609.7817858886718,619.1336584472656,9.643642822265633,2.8414401758581183,20462600,False,False
MANG.JK,38.0,38.333333333333336,38.6,38.8,39.65,40.78,44.04,2.780000000000001,1.067713469744408,6854900,True,False
MAIN.JK,680.0,676.6666666666666,678.0,680.5,694.5,682.5365515136718,765.8152514648438,3.5666666666666744,2.1220500399667177,399500,True,False
MAHA.JK,148.0,146.33333333333334,146.0,145.4,143.15,137.73166687011718,136.77250244140626,10.26833312988282,1.1694874024571837,1993600,False,False
LUCK.JK,117.0,115.66666666666667,115.4,113.4,110.45,104.06,105.4,12.939999999999998,1.0476729934251596,11009200,False,False
LTLS.JK,840.0,843.3333333333334,845.0,835.0,803.25,779.8,774.8585400390625,13.04000000000001,1.4706235437027593,36000,False,False
LSIP.JK,1425.0,1435.0,1445.0,1445.0,1400.25,1287.1585766601563,1341.9461767578125,31.568284667968737,1.7189361466979205,2950700,False,False
LRNA.JK,187.0,188.66666666666666,187.2,185.8,183.85,180.32,190.69,8.346666666666664,1.4103451459107816,3285200,False,False
LPPS.JK,82.0,82.66666666666667,83.0,81.7,81.0,73.12,77.51,9.879999999999995,2.2710364939240444,706900,False,False
LPPF.JK,1590.0,1588.3333333333333,1587.0,1578.5,1572.0,1540.8,1585.7332580566406,9.840000000000009,1.86806357988175,910600,False,False
LPLI.JK,244.0,247.33333333333334,247.6,245.8,249.8,242.52,265.54,3.6400000000000006,1.424714465274507,49000,True,False
LPKR.JK,63.0,64.33333333333333,64.2,62.5,62.3,61.52,70.67,2.8133333333333255,2.809780992302414,159023400,True,False
LPIN.JK,418.0,418.6666666666667,420.0,420.2,419.3,407.72,409.88351287841795,6.239999999999981,0.9137064839701656,75600,False,False
LPGI.JK,620.0,625.0,634.0,633.0,642.25,659.6,667.5695672607421,7.920000000000004,1.9625777357272927,23100,False,False
LPCK.JK,615.0,611.6666666666666,606.0,582.5,549.5,522.78,567.54,18.444000000000006,3.962393277157422,575000,False,False
LOPI.JK,74.0,79.66666666666667,77.2,70.5,65.35,61.2,86.13,18.46666666666667,6.340428635612215,7246100,False,False
LMPI.JK,163.0,148.66666666666666,145.4,142.8,141.5,137.64,146.04,25.360000000000014,4.759749176542861,30996900,False,False
LMAX.JK,112.0,113.33333333333333,112.8,113.5,114.9,97.6,125.04,17.30000000000001,3.6036342541797453,1138600,False,False
LIVE.JK,206.0,209.33333333333334,213.6,211.8,207.7,213.2,214.63,3.799999999999997,2.589771953160224,12589000,True,False
LION.JK,348.0,350.6666666666667,352.8,352.4,353.9,334.6,369.18,9.649999999999977,1.4185121618389211,13000,False,False
LINK.JK,1410.0,1388.3333333333333,1391.0,1394.0,1403.75,1408.6,1553.85,4.333333333333348,1.799327955258714,5800,True,False
LIFE.JK,5850.0,5825.0,5845.0,5847.5,5780.0,5888.5,6397.763818359375,4.34,2.2208182682215827,4300,True,False
LFLO.JK,515.0,499.6666666666667,495.8,492.3,488.95,522.56,534.1735195922852,6.7219999999999915,1.9090812606332597,36600,False,False
LEAD.JK,113.0,109.66666666666667,110.6,110.1,106.25,99.0,113.75,14.0,4.095323493524061,27081500,False,False
LCKM.JK,109.0,109.0,109.0,109.0,109.9,110.32,115.27,1.3199999999999932,0.2874797872878553,0,True,False
LAPD.JK,66.0,66.33333333333333,65.6,64.3,65.35,63.04,71.76,3.2933333333333294,2.9253936718522167,28893500,True,False
LAND.JK,78.0,79.33333333333333,79.8,78.5,77.25,65.16,69.09,14.64,5.02466848934809,23323100,False,False
LAJU.JK,67.0,67.33333333333333,67.6,66.7,66.8,63.77014556884765,70.74307682037353,3.8298544311523415,2.24934734539777,6131900,True,False
LABS.JK,161.0,159.66666666666666,158.4,155.8,152.05,145.96,151.9,15.039999999999992,0.9236171322128608,1340000,False,False
LABA.JK,94.0,94.33333333333333,95.0,94.7,94.2,90.54,103.51,4.459999999999994,1.3509082867404554,5299200,True,False
KUAS.JK,93.0,92.66666666666667,92.6,92.2,92.15,90.54,98.5780941772461,2.4599999999999937,0.9181253804164258,51982900,True,False
KSIX.JK,412.0,408.0,393.6,356.8,321.0,327.36,328.26,45.5,5.810556610314328,1419800,False,False
KRYA.JK,64.0,64.0,63.8,62.2,61.05,58.28,63.28,5.719999999999999,1.893026410739588,11471300,True,True
KREN.JK,13.0,13.333333333333334,13.2,13.2,13.2,12.52,14.29,0.8133333333333344,4.947089528537475,17967800,False,False
KRAS.JK,224.0,224.0,225.6,225.2,229.1,212.2,244.34,8.450000000000003,2.3685081969685986,4197000,False,False
KPIG.JK,74.0,75.0,76.0,79.4,81.85,81.52,94.76,7.849999999999994,2.6602951916363415,189570600,False,False
KOTA.JK,180.0,177.66666666666666,179.0,167.1,139.15,110.42,105.84,69.58,7.984290107279893,1428293100,False,False
KOPI.JK,208.0,206.0,207.2,208.6,206.15,190.42,216.01,9.090000000000003,2.3461021238980013,1649800,False,False
KONI.JK,2310.0,2340.0,2354.0,2394.0,2464.5,2564.6,2426.95,25.45999999999999,1.4164870170081727,4000,False,False
KOKA.JK,194.0,195.33333333333334,194.8,195.1,202.2,148.84,157.77,53.359999999999985,1.9395291041060996,14324500,False,False
KOIN.JK,78.0,78.0,78.0,78.0,78.0,76.56,78.85,1.4399999999999977,0.0,0,True,False
KOCI.JK,110.0,107.33333333333333,107.4,106.6,104.05,97.14263137817383,105.61947227478028,12.857368621826168,6.7971780371773765,15828200,False,False
KOBX.JK,165.0,165.66666666666666,167.2,165.7,160.2,150.52,157.63,16.67999999999998,2.5262801916504154,898000,False,False
KMTR.JK,232.0,231.33333333333334,230.8,232.0,233.7,229.08,240.64,2.309999999999988,1.0986912300808904,36800,True,False
KMDS.JK,530.0,533.3333333333334,531.0,536.0,539.25,533.88,542.1430239868164,1.85,1.3490498236081467,44400,True,False
KLIN.JK,117.0,118.0,117.2,117.1,116.4,106.62,126.14,11.379999999999995,3.8406599991836874,108600,False,False
KLBF.JK,800.0,795.0,793.0,764.5,746.5,737.8,807.5438311767579,12.440000000000008,3.0853982321524573,76975100,False,False
KLAS.JK,80.0,78.66666666666667,77.8,76.9,74.2,69.58,75.01,10.420000000000002,1.660990817884309,8824500,False,False
KKGI.JK,274.0,275.3333333333333,275.2,274.8,276.0,264.6929312133789,283.90616470336914,5.653534393310537,1.5292268838365313,408200,True,False
KKES.JK,67.0,68.66666666666667,68.6,67.2,67.45,54.7,46.17,13.966666666666669,2.645040350855137,2640600,False,False
KJEN.JK,161.0,165.0,156.2,151.6,139.4,124.34,130.93,40.66,9.581293810284526,34849900,False,False
KIOS.JK,95.0,95.0,97.2,96.3,95.1,88.5,95.88,8.700000000000003,2.8712863981559,7358200,False,False
KINO.JK,1310.0,1303.3333333333333,1305.0,1290.5,1233.0,1162.7,1128.2619842529298,29.45999999999999,2.6275122362668544,28000,False,False
KING.JK,270.0,270.6666666666667,270.8,273.6,280.0,348.68,373.47,39.34,2.944534259880074,339300,False,False
KIJA.JK,125.0,127.66666666666667,126.2,125.6,129.0,123.56,147.16,5.439999999999998,3.872225841223286,82188300,False,False
KICI.JK,195.0,194.33333333333334,195.0,194.8,193.75,186.0,196.95,9.0,1.2969778777320047,279900,False,False
KETR.JK,565.0,561.6666666666666,567.0,572.5,564.5,545.08,526.25,5.483999999999992,4.932625849275681,14726600,False,False
KEJU.JK,580.0,580.0,580.0,569.5,557.5,563.5,552.975220336914,4.5,2.39328538373769,100600,True,False
KEEN.JK,900.0,898.3333333333334,899.0,886.0,871.0,842.2665100097656,860.2199328613282,11.546697998046875,2.309065769872861,7376900,False,False
KDTN.JK,376.0,386.6666666666667,410.4,415.4,443.1,564.52,748.46,94.25999999999999,11.505758858497153,2465600,False,False
KDSI.JK,458.0,458.6666666666667,458.4,456.8,451.5,443.52,446.64,7.573333333333352,0.6290201468760901,18100,False,False
KBLV.JK,152.0,149.66666666666666,146.4,137.2,131.95,103.66,106.68,48.34,9.60968837497288,135693400,False,False
KBLM.JK,304.0,304.6666666666667,304.8,302.6,297.9,291.14335693359374,301.83119232177734,6.8283215332031375,1.1802934857673115,30700,False,False
KBLI.JK,326.0,329.3333333333333,330.0,327.8,324.6,313.4368835449219,308.81101379394534,8.281558227539051,0.9205601525379186,113500,False,False
KBAG.JK,49.0,49.333333333333336,49.8,47.3,44.9,40.16,43.42,9.64,3.2192233410266358,5983100,False,False
KARW.JK,212.0,212.0,212.0,212.0,212.0,225.72,261.96,6.859999999999999,0.0,0,False,False
KAQI.JK,95.0,94.0,95.0,94.8,92.4,88.44,96.36,6.560000000000002,3.169490881493354,20127500,False,False
KAEF.JK,454.0,456.6666666666667,458.8,455.2,453.7,446.88,475.58,5.960000000000008,0.9338446097522635,297100,True,False
JTPE.JK,610.0,613.3333333333334,608.0,604.5,607.25,600.805,592.48,2.5056666666666843,1.947015643158417,830700,True,False
JSPT.JK,1340.0,1360.0,1368.0,1406.0,1403.5,1337.6218920898436,1363.547607421875,13.675621582031273,6.460094019986099,11000,False,False
JSMR.JK,2760.0,2756.6666666666665,2762.0,2761.0,2742.0,2748.6,2837.9085302734375,2.0,1.1834239608713064,1785800,True,False
JRPT.JK,1080.0,1090.0,1084.0,1082.0,1079.75,1075.5227783203125,1071.8772314453124,2.8954443359375093,1.4188590264568126,548900,True,False
JPFA.JK,2260.0,2223.3333333333335,2216.0,2201.0,2145.5,2040.1,2235.8100122070314,21.99000000000001,1.671404332552225,10382100,False,False
JMAS.JK,228.0,228.0,228.0,228.0,228.0,235.44,238.03,3.719999999999999,0.0,0,True,False
JKON.JK,87.0,86.33333333333333,87.4,82.8,75.25,69.58298545837403,70.59000087738038,17.81701454162598,11.375778383954522,44219500,False,False
JIHD.JK,446.0,437.3333333333333,435.6,429.4,432.6,418.8,459.11,13.599999999999994,1.361369393991862,1105300,False,False
JGLE.JK,93.0,92.33333333333333,94.4,82.7,71.85,60.04,64.9,34.36000000000001,9.46269958547266,1608247700,False,False
JECC.JK,640.0,640.0,639.0,635.0,630.75,610.3480004882813,709.329716796875,5.930399902343742,1.500422367962508,8500,True,False
JAYA.JK,133.0,133.33333333333334,133.0,132.8,129.4,123.9,128.49,9.433333333333337,1.3645021696503161,1430600,False,False
JAWA.JK,130.0,129.33333333333334,129.4,128.6,124.15,118.98,136.78,11.019999999999996,2.481201385203775,807000,False,False
JATI.JK,99.0,99.0,99.6,98.0,96.4,94.74,99.13040557861328,4.859999999999999,2.040765277147492,27144100,True,False
JAST.JK,83.0,83.33333333333333,83.8,83.7,83.8,81.18,88.8,2.6199999999999903,1.5902586421723812,9338700,True,False
JARR.JK,1890.0,1888.3333333333333,1903.0,1904.5,1898.75,1826.507509765625,1930.9104321289062,15.598498046875012,1.667649144661133,754400,False,False
ITMG.JK,24750.0,24775.0,24830.0,24767.5,24502.5,23336.0,24319.3827734375,59.76,0.9625856109316683,1090100,False,False
ITMA.JK,1345.0,1355.0,1354.0,1360.5,1360.25,1391.3,1718.15,9.259999999999991,1.972371129800217,19000,False,False
ITIC.JK,226.0,228.66666666666666,230.8,224.6,217.15,206.14,228.15,12.330000000000013,2.3568615375740802,950200,False,False
ISSP.JK,432.0,432.6666666666667,433.2,435.2,423.1,398.8730627441406,414.66510833740233,18.16346862792969,1.4673873180123334,334000,False,False
ISEA.JK,86.0,81.66666666666667,81.4,81.1,81.15,72.14,77.47,13.86,3.7874741291830722,164632600,False,False
ISAT.JK,2460.0,2236.6666666666665,2156.0,2040.0,1980.75,1892.7,1966.8653356933594,56.73,6.594092835586676,181000400,False,False
ISAP.JK,25.0,25.0,24.6,24.6,24.8,23.82,26.9,1.1799999999999997,4.786911644549224,17351000,False,False
IRSX.JK,362.0,353.3333333333333,358.0,357.6,330.5,297.0,359.75982971191405,32.5,6.08196568505835,80164100,False,False
IRRA.JK,374.0,370.0,370.8,372.6,372.5,367.92,381.58,3.039999999999992,0.9224996915970731,732900,True,False
IPTV.JK,30.0,29.666666666666668,29.6,30.2,31.0,32.26,36.66,2.6599999999999966,3.505385507116808,1442200,True,False
IPOL.JK,113.0,113.33333333333333,113.6,110.4,108.0,107.08,113.96,6.519999999999996,2.0571570028422177,1404800,False,False
IPCM.JK,304.0,303.3333333333333,303.6,304.2,310.8,306.76749816894534,307.3072171020508,3.7333333333333485,1.0020374106940533,265200,True,False
IPCC.JK,1170.0,1165.0,1171.0,1160.0,1180.5,1155.3594909667968,1169.6183489990235,5.0281018066406435,0.9143860032433828,631100,True,False
IPAC.JK,166.0,167.33333333333334,168.2,166.0,163.3,155.18,154.03,13.019999999999982,3.1314306753601686,19500,False,False
IOTF.JK,73.0,67.33333333333333,61.6,57.1,54.9,53.42,57.74,19.58,9.081169146650685,482277900,False,False
INTP.JK,5325.0,5341.666666666667,5350.0,5114.5,4871.75,4485.54,4587.761396484375,34.5784,2.1268621733968405,1847200,False,False
INTD.JK,276.0,274.0,274.4,263.4,250.0,237.56,244.52,19.22,3.006019364108495,62800,False,False
INTA.JK,61.0,61.0,61.0,61.0,61.0,62.18,68.81,1.1799999999999997,0.0,0,True,False
INPS.JK,715.0,698.3333333333334,707.0,701.0,675.75,654.0,639.01,12.2,3.2091261570988525,35200,False,False
INPP.JK,750.0,745.0,733.0,711.5,706.0,718.7,753.3,8.8,3.6849415546750866,636300,False,False
INPC.JK,140.0,140.0,141.6,140.8,139.8,133.38,144.28,8.219999999999999,1.514410219704196,1178900,False,False
INOV.JK,145.0,144.0,144.4,143.8,137.5,124.84,130.47,20.159999999999997,2.0888165139209858,1493200,False,False
INKP.JK,8425.0,8366.666666666666,8345.0,8370.0,8097.5,7573.2517578125,8368.749951171874,34.06992968750001,1.5749582525170942,5538700,False,False
INET.JK,226.0,222.0,226.0,228.8,227.4,208.32,244.36,10.240000000000009,3.986507837811726,157424000,False,False
INDY.JK,2480.0,2533.3333333333335,2570.0,2550.0,2536.5,2243.2,2745.402761230469,32.68000000000002,5.350260238612932,28155400,False,False
INDX.JK,60.0,60.0,60.0,60.0,60.0,61.98,81.84,1.9799999999999969,2.837818317547164e-07,0,True,False
INDS.JK,272.0,270.6666666666667,272.8,276.0,274.5,264.1640023803711,321.29060470581055,5.917998809814463,2.503329622330557,899400,True,False
INDR.JK,2420.0,2383.3333333333335,2376.0,2315.0,2147.75,2041.4,2314.0,37.85999999999999,5.185502740098917,28700,False,False
INDO.JK,176.0,175.66666666666666,175.2,175.4,173.7,167.26,163.99,8.740000000000009,1.6914795767059942,25051000,False,False
INDF.JK,7375.0,7325.0,7340.0,7215.0,7026.25,6635.366708984375,6525.209887695312,29.585331640625007,1.201823802451238,5345700,False,False
INCO.JK,5275.0,5300.0,5350.0,5305.0,5094.25,4810.5300390625,5300.384565429687,21.57879843750001,3.5883882040208466,6177900,False,False
INCI.JK,670.0,666.6666666666666,672.0,668.0,663.5,648.7934423828125,667.4188458251953,4.641311523437503,1.4851639779435368,1100,True,False
INCF.JK,50.0,50.0,50.0,50.0,50.0,50.0,52.84,0.0,0.0,0,True,False
INAI.JK,174.0,176.0,177.8,178.7,173.1,151.54,167.92,27.159999999999997,1.690372190653375,344900,False,False
IMPC.JK,1510.0,1510.0,1542.0,1547.0,1528.75,1533.0,1809.8,7.4,2.5265159314054855,4722800,False,False
IMJS.JK,162.0,161.66666666666666,161.8,161.6,155.85,144.47506896972655,159.81645416259767,17.52493103027345,2.507104344493755,4745300,False,False
IMAS.JK,850.0,858.3333333333334,859.0,858.5,857.75,836.4193774414063,927.0685760498047,4.516124511718749,1.0235165237671664,187900,True,False
IKPM.JK,198.0,197.66666666666666,197.2,192.2,188.6,184.54,194.87,13.460000000000008,2.365867867090194,127000,False,False
IKBI.JK,580.0,653.5633341471354,629.6365478515625,582.4753601074219,554.4181106567382,514.5124670410156,513.6509841918945,27.810173421223954,8.665296253217333,2589200,False,False
IKAN.JK,89.0,87.0,87.0,86.2,85.4,78.28,85.75,10.719999999999999,1.7520607798147108,194924300,False,False
IKAI.JK,21.0,21.0,20.8,21.1,21.1,19.22,20.99,1.8800000000000026,4.765991975866006,12419900,False,False
IGAR.JK,444.0,444.0,444.0,440.8,431.8,419.3597113037109,441.8416943359375,12.320144348144538,1.265839143952851,48400,False,False
IFSH.JK,1180.0,1215.0,1160.0,1139.0,1156.25,1191.9,1717.0564392089843,15.2,5.540227122003174,41600,False,False
IFII.JK,206.0,206.0,206.0,206.2,209.2,213.2,218.5,3.5999999999999943,0.5507938568385418,60500,True,False
IDPR.JK,266.0,270.6666666666667,273.6,279.2,288.2,292.7959729003906,295.02174377441406,13.397986450195305,1.7116343785639154,70300,False,False
IDEA.JK,64.0,65.33333333333333,66.4,65.6,64.1,60.96,70.3,5.440000000000005,4.26164647258881,6804700,False,False
ICON.JK,119.0,116.33333333333333,115.6,113.6,109.55,107.0,112.34,12.0,4.84351417083329,15209200,False,False
ICBP.JK,7550.0,7575.0,7585.0,7360.0,7153.75,6700.78021484375,6742.421918945312,35.36879140624998,1.8988425369592725,2882200,False,False
IBST.JK,8475.0,8475.0,8475.0,8475.0,8475.0,8475.0,7918.15,0.0,0.0,0,True,False
IBOS.JK,69.0,69.0,68.4,66.3,67.35,72.86,90.55,6.560000000000002,2.8202272306509815,2728000,False,False
IBFN.JK,63.0,63.0,63.0,63.0,63.0,63.68,71.49,0.6799999999999997,0.0,0,True,False
IATA.JK,128.0,127.66666666666667,123.0,102.5,80.35,70.02,73.46,57.980000000000004,12.487136871267081,2394718700,False,False
HYGN.JK,169.0,167.66666666666666,166.6,167.6,163.55,149.44,147.01320098876954,19.560000000000002,1.812648005982002,790600,False,False
HUMI.JK,147.0,146.0,149.2,145.0,139.1,125.92,153.23,23.279999999999987,3.7063783609512693,26806200,False,False
HRUM.JK,855.0,845.0,835.0,847.0,835.0,785.1,865.4,13.979999999999995,3.5076980275585488,19837000,False,False
HRTA.JK,2180.0,2153.3333333333335,2146.0,2018.5,1976.0,1948.096640625,2230.430986328125,23.190335937500002,3.5062618917287285,17456000,False,False
HRME.JK,42.0,42.0,42.0,42.2,42.85,43.74,45.91,1.740000000000002,2.720276573620347,1116600,True,False
HOPE.JK,232.0,226.0,224.8,219.0,205.25,158.36,175.39,36.81999999999999,3.5002232286590838,65156700,False,False
HOMI.JK,193.0,187.66666666666666,185.6,181.8,180.05,185.16,209.31,12.949999999999989,1.3312300528829462,17381500,False,False
HOKI.JK,55.0,55.666666666666664,55.0,54.4,54.4,53.7,59.64,1.9666666666666615,1.616379497189056,6027400,True,False
HMSP.JK,730.0,743.3333333333334,754.0,748.5,730.75,682.2,683.9117388916015,14.35999999999999,1.893102834401506,6921700,False,False
HILL.JK,16.0,16.0,16.0,16.0,16.0,16.06,18.06,0.05999999999999872,0.0,0,True,False
HGII.JK,122.0,125.0,123.8,122.2,121.8,123.34927520751953,130.37307571411134,3.200000000000003,4.448965997934838,1087400,False,False
HEXA.JK,4460.0,4476.666666666667,4470.0,4469.0,4484.0,4415.2,4429.7,6.8800000000000185,0.47359842809113206,114200,False,False
HERO.JK,340.0,338.0,337.6,342.2,341.9,326.96,373.83,7.6200000000000045,3.7920303633215804,54500,False,False
HELI.JK,193.0,195.0,193.4,189.3,186.65,180.8,186.35,14.199999999999989,2.995541519425822,1542700,False,False
HEAL.JK,760.0,770.0,775.0,785.5,809.75,839.4,981.6304077148437,15.879999999999995,0.7842256878343482,13728600,False,False
HDIT.JK,52.0,51.666666666666664,51.0,50.6,50.65,50.42,54.64,1.5799999999999983,2.252909205993298,55419500,True,False
HDFA.JK,96.0,96.66666666666667,97.0,97.2,93.1,89.42,95.88,7.780000000000001,8.771409223596454,1053700,False,False
HBAT.JK,214.0,218.66666666666666,220.0,221.2,238.5,305.36,350.25,45.68000000000001,1.4808190687550702,158400,False,False
HATM.JK,590.0,588.3333333333334,570.0,555.5,507.7,425.97190673828123,366.62595733642576,32.80561865234375,6.167044492519079,21965200,False,False
HALO.JK,70.0,69.66666666666667,69.8,70.2,68.5,64.64,69.34,5.560000000000002,2.133349727778821,11106900,True,True
HAJJ.JK,107.0,105.66666666666667,107.2,106.7,105.1,102.82,115.92,4.38000000000001,1.9797924281536476,11332500,True,False
HAIS.JK,183.0,182.33333333333334,182.2,183.0,182.7,176.58,184.28477996826172,6.4199999999999875,1.6405656620564577,1372900,False,False
HADE.JK,18.0,18.666666666666668,18.8,18.8,18.7,17.16,18.21,1.6400000000000006,4.5251218637826085,10848700,False,False
GZCO.JK,173.0,173.0,173.6,172.7,162.5,149.28,172.38,24.319999999999993,4.887775425882859,12041300,False,False
GWSA.JK,140.0,140.0,138.0,134.4,129.8,122.54,133.4,17.459999999999994,2.6467260322608417,860500,False,False
GUNA.JK,204.0,204.0,203.6,202.6,200.75,175.80899322509765,189.98428314208985,14.095503387451174,0.9151909710623298,482800,False,False
GULA.JK,765.0,756.6666666666666,760.0,784.5,768.0,668.56,522.84,23.18800000000001,4.017268067841559,39228500,False,False
GTSI.JK,188.0,185.0,188.4,173.0,160.45,140.6046516418457,175.8775202178955,47.795348358154314,6.0437113983463915,48432400,False,False
GTRA.JK,236.0,244.66666666666666,247.6,244.6,239.3,208.12,221.83,19.739999999999995,2.82557838559132,639200,False,False
GTBO.JK,170.0,170.0,170.0,170.0,170.0,173.88,193.21,3.8799999999999955,0.0,0,True,False
GSMF.JK,86.0,85.33333333333333,86.2,86.9,87.0,82.3,96.55,4.700000000000003,2.198750037296617,13629000,True,False
GRPM.JK,224.0,226.0,229.6,229.2,232.0,237.72,272.3,6.859999999999999,3.824898203558951,5161500,False,False
GRPH.JK,63.0,63.666666666666664,62.2,60.5,60.0,58.82,59.45,4.846666666666664,2.0916578069912473,4503100,True,True
GRIA.JK,151.0,144.66666666666666,145.2,139.2,127.65,120.82,114.61,30.180000000000007,6.675074315892855,10635300,False,False
GPSO.JK,284.0,284.6666666666667,283.6,293.0,303.1,339.92,361.56,28.159999999999997,4.456365239043977,6402300,False,False
GPRA.JK,107.0,107.33333333333333,107.2,105.7,104.1,101.72431335449218,104.56048843383789,5.609019978841147,1.531250233871505,149958200,True,True
GOTO.JK,50.0,50.0,50.0,50.0,50.0,50.0,50.79,0.0,0.0,22086800,True,False
GOOD.JK,308.0,305.3333333333333,303.2,298.4,299.3,307.16,322.46292694091795,4.800000000000011,1.4945446574871952,311200,True,False
GOLF.JK,164.0,163.33333333333334,165.8,163.6,164.1,162.98150848388673,174.4328663635254,2.8184915161132835,2.2606564244783574,2095100,True,False
GOLD.JK,270.0,269.3333333333333,270.8,268.4,267.6,257.0,268.26,6.900000000000006,1.583133320921347,16900,False,False
GMTD.JK,1260.0,1276.6666666666667,1280.0,1290.0,1292.75,1331.6,1485.9155346679688,14.319999999999983,2.410223551461172,9500,False,False
GMFI.JK,62.0,65.0,60.8,57.6,55.85,53.38,56.91,11.619999999999997,11.26343470662176,381354100,False,False
GLVA.JK,312.0,310.0,308.4,307.2,306.3,302.4634149169922,315.6609799194336,4.768292541503911,0.7086848527510573,30000,True,False
GJTL.JK,1310.0,1305.0,1307.0,1294.0,1227.0,1159.45087890625,1118.7447564697266,30.10982421875001,2.3851608894273024,3662900,False,False
GIAA.JK,74.0,74.33333333333333,66.0,59.8,56.75,54.94,61.09,19.39333333333333,10.830118192662507,764410700,False,False
GHON.JK,1600.0,1600.0,1602.0,1616.5,1626.0,1670.6,1733.1,14.119999999999981,0.6101845325657135,6400,False,False
GGRP.JK,304.0,302.6666666666667,302.8,300.2,297.2,293.08,283.63595092773437,5.460000000000008,0.8998694667414462,226300,True,False
GGRM.JK,19575.0,20333.333333333332,20665.0,20220.0,18887.5,16845.225,15672.3,152.79100000000005,3.7359214307792787,2632900,False,False
GEMS.JK,6575.0,6558.333333333333,6570.0,6535.0,6552.5,6388.5,7222.25,7.46,0.6895332188680934,23300,False,False
GEMA.JK,81.0,81.0,81.0,80.8,80.95,79.0,82.3157127380371,2.0,0.7062440609858602,1211000,True,False
GDYR.JK,1105.0,1096.6666666666667,1097.0,1098.5,1096.25,1091.6,1098.55,2.6800000000000184,1.1998178269114594,1500,True,False
GDST.JK,118.0,125.66666666666667,123.8,113.4,103.6,90.14,94.72,35.52666666666667,6.972703394222833,29692500,False,False
FWCT.JK,93.0,93.0,93.2,93.0,91.55,81.98,90.07,11.219999999999999,2.4525735895597913,1458000,False,False
FUTR.JK,342.0,345.3333333333333,348.8,327.0,292.9,220.68,224.19,64.06,8.895398299419778,63392700,False,False
FUJI.JK,210.0,206.66666666666666,206.8,206.4,206.6,224.7,283.47,9.149999999999991,1.9981883773916262,918500,False,False
FPNI.JK,432.0,424.6666666666667,426.4,415.2,371.1,342.4,389.54,44.80000000000001,8.058104795968436,5927300,False,False
FORU.JK,2150.0,2076.6666666666665,2246.0,2514.0,2760.5,2948.3,2119.5,87.16333333333337,5.469607415289434,1486800,False,False
FORE.JK,850.0,806.6666666666666,798.0,756.0,694.75,667.5,751.89,36.5,4.395196886255869,10495800,False,False
FOOD.JK,176.0,176.0,176.0,176.0,176.0,173.48,183.79,2.5200000000000102,0.0,0,True,False
FOLK.JK,200.0,206.66666666666666,210.8,210.6,213.2,199.62,261.63,13.579999999999984,2.338731891708138,5077400,False,False
FMII.JK,248.0,251.33333333333334,250.0,250.2,248.8,249.04,242.84,1.6666666666666714,1.8506088230796736,42200,True,False
FLMC.JK,77.0,76.33333333333333,75.4,73.9,71.15,76.8,115.66,5.849999999999994,3.0371705902080803,2479600,True,False
FITT.JK,362.0,356.6666666666667,355.2,354.0,356.7,365.52,373.8,5.759999999999991,1.2945268032843236,2420400,True,False
FISH.JK,600.0,603.3333333333334,604.0,607.5,619.75,612.7013037109375,682.0000891113282,3.95,0.9298175460142851,31300,True,False
FIRE.JK,110.0,109.0,109.8,108.0,108.3,104.5,120.43,5.5,2.366315633972227,3745300,True,False
FILM.JK,1020.0,1041.6666666666667,1015.0,1037.5,1137.25,1467.7,2063.0,90.54,5.068093956138299,11728000,False,False
FAST.JK,416.0,399.3333333333333,390.4,361.6,321.0,273.88,281.56,71.06,10.413675668834431,27634800,False,False
FAPA.JK,7350.0,7350.0,7360.0,7357.5,7332.5,7310.06103515625,7090.60923828125,1.99755859375,0.35841799166669575,2200,True,False
EXCL.JK,2560.0,2490.0,2504.0,2502.0,2505.0,2517.0,2751.0,7.0,3.0362366842726125,26942600,False,False
EURO.JK,1750.0,1815.0,1844.0,1862.0,1895.75,1732.498642578125,2130.5928356933596,32.65027148437498,2.648688444864973,800700,False,False
ESTI.JK,165.0,169.33333333333334,172.0,172.6,152.35,133.93568084716796,146.66200271606445,38.664319152832036,13.399671374144532,4910100,False,False
ESTA.JK,175.0,175.66666666666666,178.8,182.8,182.55,181.58,189.39,7.800000000000011,4.086293499838219,314400,False,False
ESSA.JK,710.0,696.6666666666666,670.0,649.5,631.75,591.2864562988282,652.1090435791016,23.742708740234367,2.8901107130610826,164279600,False,False
ESIP.JK,125.0,126.0,127.2,128.3,130.05,125.91795349121094,122.41397651672364,5.050000000000011,1.6586336041744114,11204500,True,True
ERTX.JK,189.0,189.33333333333334,191.6,189.2,175.75,152.94,175.89,38.66,3.5322049847350234,699100,False,False
ERAL.JK,298.0,301.3333333333333,304.8,307.6,298.4,279.540751953125,287.85849853515623,14.02962402343752,1.815281799557611,1632300,False,False
ERAA.JK,456.0,456.6666666666667,458.0,446.2,414.5,368.1895050048828,364.8620166015625,44.905247497558605,3.0981574508504193,68066100,False,False
EPMT.JK,2360.0,2336.6666666666665,2350.0,2346.0,2327.0,2315.4,2329.1,4.459999999999991,1.8123362740945461,6200,True,False
EPAC.JK,60.0,60.333333333333336,60.0,60.4,62.6,64.3,64.8,4.299999999999997,2.6088162137560045,31640500,True,False
ENZO.JK,75.0,76.0,78.0,75.7,70.85,67.14,70.29,10.86,12.31807080656981,18216500,False,False
ENRG.JK,1320.0,1285.0,1299.0,1294.0,1350.0,1290.3,1454.15,13.0,3.4938876500656324,91939100,False,False
ENAK.JK,234.0,236.66666666666666,238.8,242.4,248.2,260.64,303.58,13.319999999999993,2.0040531816069658,240000,False,False
EMTK.JK,510.0,510.0,518.0,522.5,525.75,526.68,650.5329162597657,3.33599999999999,1.8127393705575607,24974500,True,False
EMDE.JK,78.0,78.33333333333333,79.4,76.1,72.85,67.52,71.3,11.88000000000001,5.323026268733932,5751100,False,False
EMAS.JK,7675.0,7650.0,7600.0,7187.5,6567.5,6499.5,7388.75,47.02,2.5941273462396004,19740300,False,False
ELTY.JK,40.0,38.333333333333336,39.2,36.0,32.25,27.24,33.32,12.760000000000002,6.400555526448461,104217100,False,False
ELSA.JK,705.0,700.0,699.0,696.5,681.5,614.3228662109375,638.4052355957032,18.135426757812503,1.817053371246476,10526800,False,False
ELPI.JK,700.0,710.0,725.0,726.0,834.0,1004.0819921875,1375.405274658203,60.81639843749999,2.63594424948219,1011400,False,False
ELIT.JK,171.0,171.0,172.8,173.3,174.1,172.22,186.93,3.0999999999999943,1.2047016368054186,2718900,True,False
EKAD.JK,240.0,198.66666666666666,189.8,180.2,174.35,168.95,168.4927764892578,35.525000000000006,10.826591053472843,12097900,False,False
ECII.JK,156.0,157.66666666666666,159.4,160.6,157.0,138.66,158.43,21.939999999999998,2.009687741331229,764300,False,False
EAST.JK,90.0,90.0,90.39130554199218,90.2934799194336,89.41304397583008,87.41739227294921,86.98106513977051,2.973913269042967,0.8677506183357019,433300,True,False
DYAN.JK,84.0,84.33333333333333,84.8,84.4,82.65,78.64,80.45,6.159999999999997,1.5930555708264127,1854300,False,False
DWGL.JK,380.0,400.6666666666667,399.6,384.4,315.7,268.08,268.48,66.29333333333335,6.00653885273086,10226800,False,False
DVLA.JK,1585.0,1580.0,1583.0,1584.5,1581.0,1536.4618896484376,1536.178643798828,9.707622070312482,0.5702080141929123,1800,False,False
DUTI.JK,4300.0,4300.0,4296.0,4293.0,4267.0,4055.5454248046876,3907.0394140625,24.44545751953124,0.07371276597129191,1000,False,False
DSSA.JK,1000.0,976.6666666666666,975.0,910.0,881.25,820.2,1363.99,35.959999999999994,4.455530480593621,613046700,False,False
DSNG.JK,1320.0,1306.6666666666667,1330.0,1348.5,1309.75,1198.0625732421875,1354.6649353027344,30.08748535156251,2.967661586104844,2126200,False,False
DSFI.JK,84.0,82.0,82.2,81.7,80.9,73.42,83.05,10.579999999999998,1.8648553663919625,34874100,False,False
DRMA.JK,985.0,975.0,968.0,961.0,939.0,925.4,941.3633331298828,11.920000000000005,0.7848447839960299,1196100,False,False
DPUM.JK,97.0,97.33333333333333,98.2,98.4,98.45,107.08,127.63,10.079999999999998,1.8735823181772193,10263100,False,False
DOSS.JK,169.0,170.66666666666666,173.6,169.4,152.7,139.99712326049806,142.7634548187256,33.60287673950194,6.78587623027803,6750800,False,False
DOOH.JK,284.0,261.3333333333333,265.6,260.6,217.6,157.98,153.64,63.010000000000005,6.5518723890954975,279445500,False,False
DOID.JK,212.0,213.33333333333334,214.8,215.0,216.6,206.68,225.76,4.959999999999994,1.6645179729270112,1038100,True,False
DNET.JK,9500.0,9733.333333333334,9755.0,9795.0,9740.0,9920.5,9649.75,16.82,1.6371908179422558,30900,False,False
DNAR.JK,124.0,124.0,124.0,123.9,121.85,114.6,124.62,9.400000000000006,0.8549959348475346,906100,False,False
DMND.JK,625.0,626.6666666666666,629.0,624.5,620.5,608.7947961425781,618.4331970214844,4.041040771484381,1.429940582745052,24400,True,False
DMMX.JK,192.0,194.66666666666666,192.8,188.0,179.85,166.27223602294922,183.30694381713866,28.394430643717442,3.6773524655864502,1283900,False,False
DMAS.JK,147.0,147.0,147.4,146.9,142.75,138.98629150390624,132.77049659729005,8.413708496093761,1.6111149840502836,21832000,False,False
DLTA.JK,1790.0,1786.6666666666667,1784.0,1782.0,1777.0,1742.300615234375,1763.9198474121094,9.539876953124985,0.4397891509141023,35000,False,False
DKHH.JK,63.0,63.333333333333336,64.0,63.4,63.45,60.26,65.27,3.740000000000002,1.4909494996156192,10673600,True,False
DKFT.JK,670.0,661.6666666666666,671.0,674.0,664.0,650.0,697.0,4.8,3.1067203509780574,2484700,True,False
DIVA.JK,137.0,138.66666666666666,138.8,134.4,127.65,116.02,132.42,22.780000000000015,4.111478522519157,1711300,False,False
DILD.JK,116.0,115.66666666666667,116.4,116.8,116.1,114.32,120.06,2.480000000000004,1.54935204108149,19712900,True,False
DIGI.JK,29.0,29.0,29.0,29.0,29.0,29.7,31.97,0.6999999999999993,0.0,0,True,False
DGWG.JK,332.0,322.6666666666667,318.8,305.6,294.1,291.2489392089844,324.7444366455078,20.37553039550781,1.0961048604066892,20166700,False,False
DGNS.JK,230.0,232.0,234.4,235.0,233.4,230.04,250.6,2.5,3.076671046867171,152800,True,False
DGIK.JK,122.0,126.33333333333333,127.4,127.6,128.75,125.74,128.8,6.75,2.1800095824642285,3948100,False,False
DFAM.JK,80.0,80.33333333333333,81.0,81.2,82.3,85.34,95.11,5.340000000000003,2.0317013624104314,6294900,True,False
DEWI.JK,140.0,133.0,130.2,125.1,122.6,119.94,121.96,20.060000000000002,2.0630964072862006,64813100,False,False
DEWA.JK,466.0,460.6666666666667,466.8,465.0,445.1,369.34761322021484,415.0237907409668,48.726193389892586,3.3389053376056306,677386200,False,False
DEPO.JK,244.0,242.0,241.6,242.6,242.6,242.47985565185547,246.5052976989746,1.2000000000000028,1.3888449947491632,892000,True,False
DEFI.JK,107.0,107.66666666666667,108.6,107.7,107.45,108.1,120.93,1.5999999999999943,4.055453049988748,12940700,False,False
DCII.JK,207200.0,203266.66666666666,203070.0,197512.5,194331.25,190965.5,195518.0,649.38,3.152818942305735,400,False,False
DAYA.JK,1010.0,1008.3333333333334,996.0,988.0,983.25,999.0,1015.55,5.35,1.3440133083754722,3700,True,False
DATA.JK,1920.0,1916.6666666666667,1934.0,1970.0,2007.75,1941.2,2094.25,18.21666666666665,2.7753093113485807,681200,False,False
DART.JK,214.0,171.0,158.0,143.1,134.7,126.26,135.32,43.87,11.22760497365104,30816900,False,False
DADA.JK,50.0,50.0,50.0,50.0,50.0,50.0,50.0,0.0,0.0,330900,True,False
DAAZ.JK,1765.0,1703.3333333333333,1657.0,1595.5,1567.25,1607.013330078125,1898.7644372558593,39.55,3.1422428224956653,583200,False,False
CYBR.JK,580.0,583.3333333333334,579.0,566.0,567.75,588.5,619.0,4.5,1.2227536916322435,18286900,True,False
CUAN.JK,870.0,766.6666666666666,752.0,707.5,696.75,669.8,878.01,40.040000000000006,6.880112775162027,1709078600,False,False
CTTH.JK,131.0,132.0,133.0,130.5,129.7,126.34,130.15,6.659999999999997,3.4113323286710475,5785900,False,False
CTRA.JK,610.0,608.3333333333334,611.0,598.5,585.25,554.5726245117188,603.3073565673828,11.28547509765624,2.4965655600198158,9904400,False,False
CTBN.JK,3990.0,4003.3333333333335,4002.0,4060.0,4366.0,5092.692626953125,5179.785166015625,110.2692626953125,2.052434890763387,4000,False,False
CSRA.JK,745.0,746.6666666666666,746.0,750.0,763.0,757.6,829.25,3.6,2.4244400888465347,63300,True,False
CSMI.JK,126.0,104.66666666666667,94.2,84.8,80.45,75.5,85.17,50.5,11.267961075921685,585039500,False,False
CSIS.JK,200.0,199.33333333333334,199.0,193.6,184.9,163.05560089111327,163.09320137023926,36.94439910888673,2.451633641392753,1410100,False,False
CSAP.JK,294.0,290.0,289.6,289.2,288.5,280.5682733154297,280.30579162597655,6.715863342285161,1.13173181764596,5764000,False,False
CRSN.JK,121.0,123.33333333333333,119.2,113.9,108.85,102.5733999633789,105.82612327575684,20.759933369954425,3.384070619926753,2558000,False,False
CRAB.JK,208.0,208.0,208.0,208.0,208.0,208.88,211.14,0.4399999999999977,0.0,0,True,False
CPRO.JK,53.0,51.666666666666664,51.2,50.8,50.65,50.32,52.76,2.6799999999999997,1.8698796975477612,147680600,True,True
CPIN.JK,3150.0,3110.0,3126.0,3162.0,3163.5,3201.2,3610.459172363281,9.119999999999981,2.147302770026426,11391400,False,False
COIN.JK,720.0,696.6666666666666,703.0,687.0,703.5,702.6,911.05,6.6,5.278668036781411,9047000,False,False
COCO.JK,102.0,102.33333333333333,104.6,105.8,116.05,146.211690826416,240.00584541320802,44.211690826416,4.126228314986437,176310500,False,False
COAL.JK,31.0,29.0,27.0,24.0,22.7,26.5,42.0,8.3,4.327363338722982,64616900,False,False
CNMA.JK,96.0,95.66666666666667,95.6,94.4,93.0,89.8,94.96153213500976,6.200000000000003,2.4517124478343377,11694200,False,False
CNKO.JK,37.0,37.0,37.0,37.0,37.0,37.28,45.96,0.28000000000000114,0.0,0,True,False
CMRY.JK,4630.0,4603.333333333333,4644.0,4644.0,4630.0,4510.8,4512.408627929687,13.319999999999983,1.953022525332778,785300,False,False
CMPP.JK,69.0,69.0,69.0,69.0,69.0,69.96,75.16,0.9599999999999937,0.0,0,True,False
CMNT.JK,780.0,791.6666666666666,795.0,797.5,796.25,791.2,788.8,3.5,1.637250796202884,25550000,True,False
CMNP.JK,1375.0,1365.0,1367.0,1363.5,1354.5,1348.3,1414.3,5.340000000000009,0.9856279834596835,207300,True,False
CLPI.JK,1590.0,1596.6666666666667,1603.0,1590.5,1568.75,1503.1289013671876,1470.0052966308594,19.974219726562477,0.8847305232375539,63800,False,False
CLEO.JK,382.0,380.6666666666667,383.6,383.8,381.6,376.32238708496095,385.84901306152346,3.73880645751953,1.140459010980824,5423800,True,False
CLAY.JK,2770.0,2756.6666666666665,2766.0,2681.0,2538.0,2619.0,2717.4,23.2,3.469099630008328,26200,False,False
CITY.JK,175.0,175.33333333333334,175.2,174.0,172.0,160.38,172.58,14.953333333333347,1.4838792600445565,615100,False,False
CITA.JK,3250.0,3240.0,3248.0,3258.0,3266.5,3096.2,3334.4490356445312,17.03000000000002,1.092308164156701,68200,False,False
CINT.JK,176.0,175.0,175.6,176.9,173.7,168.36,183.39,8.539999999999992,1.7888197067459346,89900,False,False
CHIP.JK,900.0,898.3333333333334,902.0,911.0,920.25,930.6138989257812,987.8108575439453,6.456113118489566,0.8722054907259065,144800,False,False
CHEM.JK,70.0,69.33333333333333,68.2,66.5,66.05,62.28,75.72282455444336,7.719999999999999,2.0085137452858204,18328600,False,False
CHEK.JK,130.0,132.0,132.8,132.8,132.35,126.48,130.87,6.320000000000007,1.7625512634539375,761100,False,False
CGAS.JK,151.0,151.66666666666666,152.6,153.0,153.65,149.30944366455077,157.14777603149415,4.340556335449236,1.0222604684678342,2077500,True,False
CFIN.JK,350.0,349.3333333333333,351.6,348.0,342.1,324.19682861328124,308.86540252685546,13.701585693359391,1.0449041692041976,889400,False,False
CENT.JK,83.0,83.66666666666667,82.6,81.6,81.35,76.1,86.66,7.566666666666677,2.2021742504112485,1776700,False,False
CEKA.JK,2220.0,2213.3333333333335,2216.0,2209.0,2194.5,2155.36953125,2166.891796875,6.463046875000009,0.7807029855407881,3100,False,False
CDIA.JK,735.0,698.3333333333334,701.0,677.0,678.5,659.7,805.8619323730469,15.059999999999992,3.599734656600792,136490300,False,False
CCSI.JK,262.0,260.0,254.0,250.0,249.4,246.12,251.64,7.939999999999998,2.4107647478409375,123700,False,False
CBUT.JK,805.0,813.3333333333334,821.0,825.5,817.5,728.92,762.51,19.31600000000001,2.3286531803855657,44300,False,False
CBRE.JK,680.0,675.0,679.0,680.5,704.0,686.9,777.0,5.8,1.3053976044961084,4932100,True,False
CBPE.JK,535.0,553.3333333333334,546.0,451.4,371.3,316.0322595214844,313.307294921875,47.4602147623698,9.726492269966618,338100,False,False
CBDK.JK,3680.0,3706.6666666666665,3750.0,3786.0,3680.5,3549.87474609375,4046.1132080078123,23.612525390624977,3.670173018573461,1835000,False,False
CASS.JK,1900.0,1908.3333333333333,1905.0,1904.0,1882.0,1829.4,1825.2,15.786666666666633,1.0282738557077824,341600,False,False
CASH.JK,210.0,214.0,219.6,225.6,222.5,194.18,200.32,15.709999999999994,2.564434941528248,636400,False,False
CASA.JK,1800.0,1800.0,1800.0,1812.0,1824.0,1776.3,1554.6,9.54000000000001,0.3871257148923292,7200,False,False
CARS.JK,93.0,92.0,91.4,91.6,89.8,87.58,90.68,5.420000000000002,1.5288089775858047,5545300,True,True
CARE.JK,428.0,426.6666666666667,425.6,424.4,423.4,417.88,415.24,5.060000000000002,0.4594449723642628,81600,True,False
CANI.JK,135.0,135.0,135.0,135.0,135.0,134.08,140.23,0.9199999999999875,0.0,0,True,False
CAMP.JK,173.0,172.66666666666666,172.0,171.0,170.45,171.4,184.54,2.5500000000000114,0.3028964760907892,5523700,True,False
CAKK.JK,142.0,140.33333333333334,140.2,138.9,137.1,136.76,148.85,5.240000000000009,2.925352136565109,219000,True,False
BYAN.JK,12025.0,12025.0,12060.0,12057.5,12040.0,11315.570234375,11254.652236328126,29.777190625000003,0.39304071303401444,3900,False,False
BWPT.JK,93.0,93.0,92.6,89.9,84.3,78.4,98.39,14.599999999999994,4.554773967992361,88964200,False,False
BVIC.JK,92.0,91.66666666666667,92.2,92.9,92.4,86.54,95.44,6.359999999999999,1.2352895200174427,1932500,False,False
BUVA.JK,755.0,748.3333333333334,765.0,784.0,840.75,807.2,916.25,18.483333333333327,5.371037787460306,69003000,False,False
BUMI.JK,185.0,183.33333333333334,183.2,175.8,170.0,156.48,186.86,28.52000000000001,3.1116438075240485,2571564600,False,False
BULL.JK,438.0,430.6666666666667,439.6,445.0,420.0,372.96,405.91,36.02000000000001,6.141909774985595,342770400,False,False
BUKK.JK,1015.0,1021.6666666666666,1017.0,1020.0,1048.75,1052.4,1129.35,7.480000000000018,1.627192875704699,26600,False,False
BUKA.JK,118.0,117.66666666666667,117.8,118.2,115.85,108.4,126.65,9.799999999999997,1.0626469936995337,83259300,False,False
BUDI.JK,218.0,216.66666666666666,216.8,215.8,210.8,207.12,208.72,5.439999999999998,1.9547967844500338,1305800,True,True
BUAH.JK,510.0,511.6666666666667,511.0,508.5,509.25,509.5826727294922,508.74578369140625,0.6333333333333371,0.7734599597215202,456300,True,False
BTPS.JK,980.0,985.0,987.0,989.0,998.0,982.1,993.2066296386719,3.6,1.027071887853352,906700,True,False
BTPN.JK,2170.0,2163.3333333333335,2164.0,2168.0,2199.5,2163.5,2132.1049487304685,3.6166666666666516,0.9340220035696964,30700,True,False
BTON.JK,364.0,365.3333333333333,365.2,362.8,359.4,354.24,366.64,5.546666666666653,1.7617348105809272,2100,True,False
BTEK.JK,11.0,10.666666666666666,10.8,10.7,11.0,10.72,12.08,0.3333333333333339,6.367963896515732,120447700,False,False
BSSR.JK,4330.0,4320.0,4322.0,4318.0,4293.0,4056.0342578125,3818.29234375,27.396574218749993,0.43856160795249893,591600,False,False
BSML.JK,525.0,521.6666666666666,518.0,518.5,517.5,487.96,437.9,7.408000000000004,1.5912253989257306,13519600,False,False
BSIM.JK,695.0,696.6666666666666,700.0,699.0,697.75,705.5,784.3,2.1,1.3180705069467513,33600,True,False
BSDE.JK,595.0,591.6666666666666,596.0,585.5,580.75,574.0,661.5,4.4,1.9118747093227129,4747000,True,False
BSBK.JK,54.0,53.666666666666664,53.4,52.9,52.6,51.84,54.69,2.1599999999999966,1.4906923393273899,18180100,True,False
BRRC.JK,66.0,63.333333333333336,61.4,59.4,59.15,57.72,65.8,8.280000000000001,3.1406481154364827,69645300,False,False
BRPT.JK,1950.0,1876.6666666666667,1887.0,1861.5,1814.25,1680.2353979492189,1759.3076708984374,53.95292041015623,3.064906440771212,274783200,False,False
BRNA.JK,620.0,626.6666666666666,635.0,633.0,615.0,597.7,627.65,7.459999999999991,6.008342465475935,56900,False,False
BRMS.JK,635.0,616.6666666666666,615.0,594.0,585.75,558.4,658.75,15.320000000000004,2.5756751568233947,333524300,False,False
BRIS.JK,1795.0,1786.6666666666667,1795.0,1797.0,1821.25,1792.4,1865.0030187988282,6.916666666666652,1.3015470575862373,8612800,False,False
BREN.JK,3750.0,3476.6666666666665,3476.0,3378.0,3432.0,3535.22962890625,4075.953779296875,37.2,5.029269384697686,108071500,False,False
BRAM.JK,4720.0,4616.666666666667,4610.0,4553.0,4517.5,4465.322827148438,4398.679587402344,25.467717285156233,1.365195856145138,900,False,False
BPTR.JK,75.0,76.33333333333333,76.2,75.3,74.45,70.78,76.29,5.5533333333333275,2.677112764067934,583600,True,False
BPII.JK,448.0,439.3333333333333,442.0,441.2,439.4,442.92,455.48,4.333333333333343,2.2976443697826485,10700,True,False
BPFI.JK,262.0,258.0,261.2,262.8,259.2,251.95054595947266,256.7811592102051,5.424727020263674,2.8289135990313077,303900,True,False
BOLT.JK,790.0,800.0,801.0,801.0,795.25,784.2,818.4722222900391,3.359999999999991,1.1959962329560032,12100,True,False
BOLA.JK,150.0,154.0,155.4,157.0,160.15,152.44,158.77,10.150000000000006,1.6998737590410946,2451400,False,False
BOGA.JK,1630.0,1626.6666666666667,1639.0,1659.0,1587.5,1446.4,1423.55,42.51999999999998,5.264655376223277,48600,False,False
BOBA.JK,206.0,209.33333333333334,212.0,218.0,226.0,265.32,243.32852920532227,29.659999999999997,1.825727872224616,306100,False,False
BOAT.JK,139.0,136.33333333333334,135.2,135.7,128.7,115.12,126.11,23.879999999999995,4.423657728269763,8762500,False,False
BNLI.JK,2160.0,2163.3333333333335,2172.0,2177.0,2267.0,2479.6,2787.3827514648438,31.95999999999999,1.1951996289732072,96000,False,False
BNII.JK,194.0,193.66666666666666,194.0,193.0,191.35,188.8,193.71186294555665,5.199999999999989,0.7858377266954306,210900,True,False
BNGA.JK,1640.0,1641.6666666666667,1646.0,1646.0,1640.5,1594.4,1626.4682446289062,10.319999999999983,0.42935046384395703,514200,False,False
BNBR.JK,102.0,102.0,103.4,100.7,100.9,95.35951477050781,126.74768531799316,8.040485229492191,3.6742841022239876,1396398100,False,False
BNBA.JK,740.0,733.3333333333334,735.0,737.0,741.25,731.9,725.0,1.8700000000000045,1.34806056551478,86400,True,False
BMTR.JK,115.0,115.0,115.8,115.3,116.75,115.52,131.93,1.75,2.1537559827654666,73402400,True,False
BMSR.JK,306.0,304.6666666666667,305.2,306.2,309.8,297.92,309.86,5.939999999999998,1.2750787068503506,1300,True,False
BMRI.JK,4130.0,4143.333333333333,4174.0,4187.0,4243.5,4152.4,4188.70791015625,11.35,1.263200801056113,153658300,False,False
BMHS.JK,189.0,190.33333333333334,190.8,189.7,184.95,179.99150482177734,182.477488861084,10.808495178222671,1.134121081935314,805800,False,False
BMBL.JK,32.0,32.0,32.0,32.4,31.95,31.74,33.2,0.6600000000000001,1.4509561867899807,929000,True,False
BMAS.JK,500.0,500.6666666666667,496.8,489.2,487.9,481.32,490.35,9.673333333333346,2.275883652393913,262100,False,False
BLUE.JK,2390.0,2390.0,2422.0,2444.0,2667.0,2892.651416015625,3059.4806811523435,50.26514160156248,4.173975048977343,179700,False,False
BLTA.JK,34.0,33.333333333333336,33.2,32.8,33.35,33.14,37.26,1.2000000000000028,1.9433782988201955,3343300,True,False
BLOG.JK,384.0,380.6666666666667,378.8,368.8,369.7,347.3027587890625,354.1403460693359,18.34862060546874,1.9602443342382838,996400,False,False
BLES.JK,208.0,208.0,212.0,203.7,182.05,155.25596252441406,152.49231872558593,28.37201873779297,5.021262387261684,8910700,False,False
BKSW.JK,52.0,52.333333333333336,52.2,52.2,52.5,51.8,54.57,0.7000000000000028,1.6675740138245367,2627500,True,False
BKSL.JK,73.0,73.0,74.6,71.7,70.05,65.62,83.9,8.97999999999999,3.7760028680309685,149980300,False,False
BKDP.JK,169.0,169.0,169.0,169.0,160.75,134.26,106.73,34.74000000000001,0.0,0,False,False
BJTM.JK,515.0,513.3333333333334,516.0,517.0,519.0,513.54,517.6561712646485,1.1333333333333258,0.9681881980522284,3841900,True,False
BJBR.JK,785.0,788.3333333333334,788.0,787.5,785.5,770.0,768.5539172363282,3.666666666666674,0.8756401911040904,1234200,True,True
BISI.JK,695.0,690.0,691.0,679.0,665.5,660.9415600585937,710.8070947265625,6.811687988281255,1.390692300531998,95400,False,False
BIRD.JK,1630.0,1626.6666666666667,1620.0,1613.0,1613.75,1530.3671704101562,1489.6158483886718,19.926565917968766,0.9231920595522584,653700,False,False
BIPP.JK,74.0,72.0,71.8,67.6,66.85,61.02,65.97,12.979999999999997,4.686541515947881,37547200,False,False
BIPI.JK,155.0,152.66666666666666,154.2,149.9,150.15,142.26,183.43,12.740000000000009,3.2986819914546786,539985600,False,False
BINO.JK,114.0,113.33333333333333,113.0,111.5,109.45,100.74,109.72,13.260000000000005,1.6073555388806111,5400200,False,False
BINA.JK,4090.0,4043.3333333333335,4026.0,4109.0,4128.5,3914.4,4042.7,21.40999999999999,2.93907895420804,220900,False,False
BIKE.JK,510.0,510.0,510.0,510.0,510.0,510.0,502.03,0.0,2.856066440334109e-07,0,True,False
BHIT.JK,26.0,26.333333333333332,26.4,25.9,25.9,26.24,29.43,0.5,2.856909825412374,5497800,True,False
BHAT.JK,1770.0,1770.0,1770.0,1770.0,1770.0,1580.4,1456.3,37.91999999999998,0.0,0,False,False
BGTG.JK,110.0,110.66666666666667,111.0,112.0,111.4,108.48,113.86,3.519999999999996,3.1109342953327355,771300,True,False
BFIN.JK,915.0,898.3333333333334,903.0,910.5,850.75,770.2,742.6234100341796,28.95999999999999,3.646458694962139,27031500,False,False
BEST.JK,112.0,110.0,110.2,109.0,105.4,100.28,103.25,11.719999999999999,3.4968543969314863,9628200,False,False
BESS.JK,895.0,903.3333333333334,903.0,895.0,897.5,910.5242028808593,1030.0600579833983,3.1048405761718643,1.9707000784733097,453700,True,False
BELL.JK,116.0,116.0,117.0,116.8,116.15,106.7,124.05,10.299999999999997,3.53149068274687,7769400,False,False
BELI.JK,260.0,259.3333333333333,258.0,256.0,256.9,272.32,327.78,8.159999999999997,1.2258126560583842,758400,False,False
BEKS.JK,24.0,23.333333333333332,22.8,22.2,21.7,21.1,23.79,2.8999999999999986,4.032967771062586,24778700,False,False
BEER.JK,74.0,74.0,74.0,74.4,76.1,80.1,103.13,6.099999999999994,1.1615609955203559,12819900,False,False
BEEF.JK,414.0,420.6666666666667,424.8,415.0,367.7,256.22,235.8,84.28999999999999,3.1663815187220425,4374300,False,False
BDMN.JK,4300.0,4280.0,4364.0,4276.0,4214.5,4087.4,3815.536115722656,27.65999999999999,3.0458582490165846,2165900,False,False
BDKR.JK,163.0,162.33333333333334,162.0,162.2,155.65,143.88194747924805,147.9883014678955,19.118052520751945,2.8076365438224413,13334000,False,False
BCIP.JK,63.0,63.0,63.2,63.2,62.8,60.34,65.37,2.8599999999999994,1.0499533910611225,4331000,True,False
BCIC.JK,130.0,128.66666666666666,127.8,127.2,126.2,120.96,123.12,9.040000000000006,1.3512700846587142,3236000,False,False
BCAP.JK,50.0,50.0,50.0,50.0,50.1,50.04,50.84,0.10000000000000142,0.0,487800,True,False
BBYB.JK,256.0,258.0,260.8,258.4,253.6,234.52,267.3,13.14,4.056495927518301,19921800,False,False
BBTN.JK,1210.0,1218.3333333333333,1221.0,1218.0,1226.75,1195.0,1259.2,6.35,0.9446053841803032,12663800,False,False
BBSS.JK,106.0,102.33333333333333,100.2,97.7,96.95,97.64,130.19,9.049999999999997,1.6178321020916124,9864300,False,False
BBSI.JK,4610.0,4670.0,4654.0,4673.0,4686.0,4619.4,4639.6,7.6,1.0004480774477258,100,False,False
BBRM.JK,117.0,116.0,117.2,117.1,116.1,110.56,125.84,6.640000000000001,2.383215768096237,4926900,False,False
BBRI.JK,3130.0,3103.3333333333335,3096.0,3061.0,3015.0,2902.6,3023.35681640625,22.74000000000001,1.489045586788422,158307500,False,False
BBNI.JK,3580.0,3593.3333333333335,3606.0,3592.0,3570.0,3473.4,3639.592705078125,13.259999999999991,1.8576070838874268,23117900,False,False
BBMD.JK,2020.0,2020.0,2012.0,1995.5,1981.75,1952.3390942382812,1941.7473498535155,6.766090576171882,1.1983807269392486,9700,False,False
BBLD.JK,585.0,593.3333333333334,599.0,605.5,600.5,574.3,633.5001782226562,6.240000000000009,4.217837718073257,23800,False,False
BBKP.JK,56.0,55.666666666666664,55.4,54.3,54.05,52.88,56.89,3.1199999999999974,1.284278460664417,58755400,True,False
BBHI.JK,900.0,903.3333333333334,906.0,913.0,917.0,920.3068322753907,1042.6156268310547,4.061366455078132,1.7651551356305462,21568800,True,False
BBCA.JK,6350.0,6341.666666666667,6350.0,6377.5,6366.25,6090.5,6173.3569140625,11.48,1.7242559154164911,87177100,False,False
BAYU.JK,1190.0,1183.3333333333333,1177.0,1166.0,1161.0,1132.3,1186.6518420410157,11.54000000000001,2.1334805812490316,109900,False,False
BAUT.JK,35.0,35.333333333333336,35.0,32.8,30.85,28.06,30.14,7.273333333333337,4.627091466816441,5490600,False,False
BATR.JK,94.0,93.33333333333333,93.4,92.9,92.15,86.95931060791015,87.60149459838867,7.0406893920898455,1.373618286241536,842300,False,False
BATA.JK,59.0,59.0,59.0,59.0,59.0,59.94,61.34,0.9399999999999977,0.0,0,True,False
BAPI.JK,19.0,19.0,18.8,18.9,17.35,17.06,21.73,1.9400000000000013,6.876094376662935,13426500,False,False
BAPA.JK,151.0,152.33333333333334,154.2,161.9,183.25,239.54,210.93,88.53999999999999,3.028059943292542,3635500,False,False
BANK.JK,272.0,270.6666666666667,271.2,274.6,283.2,274.24,375.38,6.2666666666666515,1.1898378114629338,1042400,False,False
BALI.JK,1220.0,1211.6666666666667,1210.0,1221.5,1225.75,1232.0,1252.45,4.4,1.2537018060097094,4600,True,False
BAJA.JK,362.0,362.0,357.2,305.9,241.7,187.28,169.31,87.36,11.31641044953312,0,False,False
BAIK.JK,476.0,563.6666666666666,645.2,706.6,709.8,652.32,571.62,116.89999999999998,7.481740879382583,99075700,False,False
BACA.JK,117.0,116.66666666666667,117.2,116.5,115.85,110.14,121.42,7.060000000000002,1.7074707077835622,1216300,False,False
BABY.JK,218.0,202.33333333333334,197.0,193.1,191.55,179.9,197.42,19.049999999999997,3.4797378974800375,24840200,False,False
BABP.JK,50.0,50.0,50.0,50.0,50.0,50.0,50.72,0.0,0.0,556600,True,False
AYLS.JK,156.0,157.0,159.2,158.8,155.25,142.76,160.7,16.439999999999998,3.9422557514109364,1396400,False,False
AYAM.JK,460.0,457.3333333333333,456.8,447.4,418.7,371.48,348.52,44.25999999999999,2.3953255418642674,6753300,False,False
AXIO.JK,114.0,113.33333333333333,113.8,112.9,112.85,108.99861373901368,109.5876254272461,5.001386260986322,1.2042186598402873,3406200,True,True
AWAN.JK,162.0,155.66666666666666,155.6,158.4,154.7,147.36,149.57,14.639999999999986,3.380466651938889,18653500,False,False
AVIA.JK,330.0,328.0,327.6,326.2,327.7,319.48,343.22709899902344,5.259999999999991,0.7894513340851238,4833000,True,False
AUTO.JK,2820.0,2810.0,2800.0,2784.0,2714.0,2541.2,2534.1258154296875,27.880000000000017,0.8383874369451346,2460500,False,False
ATLA.JK,50.0,50.0,50.0,50.0,50.1,49.949671020507814,50.38465435028076,0.15032897949218693,0.0,84956400,True,False
ATIC.JK,460.0,462.6666666666667,463.6,466.0,472.6,474.32,498.84,7.159999999999997,2.335936258670874,38000,False,False
ATAP.JK,625.0,603.3333333333334,593.0,586.0,573.0,485.66,495.27,27.867999999999995,3.6961466995438395,3288200,False,False
ASSA.JK,625.0,626.6666666666666,630.0,622.5,617.5,600.4078125,688.078125,5.918437500000005,2.0698860896727926,2522300,True,False
ASRM.JK,268.0,268.6666666666667,268.8,266.0,264.7,252.04,266.4975909423828,8.38000000000001,1.0407103454013726,2800,False,False
ASRI.JK,122.0,121.66666666666667,122.8,120.6,121.0,114.61894714355469,121.18776275634765,8.181052856445305,1.8083774829016814,7805800,False,False
ASPR.JK,151.0,152.66666666666666,151.2,149.8,150.4,156.88922241210938,214.56211456298828,7.089222412109365,2.5291092675293365,12491100,False,False
ASPI.JK,410.0,417.3333333333333,420.8,413.8,419.0,395.38,395.53,12.710000000000008,1.6174851694886094,1407400,False,False
ASMI.JK,17.0,17.0,16.8,16.4,17.55,16.04,17.28,1.5100000000000016,3.4696741900365473,40301300,True,False
ASLI.JK,195.0,195.66666666666666,196.8,197.2,198.05,202.24,259.26,7.240000000000009,1.9265839979384036,999100,False,False
ASLC.JK,63.0,63.333333333333336,63.0,62.7,63.8,61.4,68.18,2.3999999999999986,2.524639559960928,2628200,True,False
ASJT.JK,153.0,153.0,153.4,154.5,157.25,156.3,170.37698989868164,4.25,2.8781467984870375,236900,True,False
ASII.JK,4860.0,4910.0,4986.0,5018.0,5025.0,4856.0,5315.6239013671875,16.9,1.7861896021667705,62946100,False,False
ASHA.JK,60.0,59.666666666666664,59.8,58.9,58.3,56.38,64.07,3.6199999999999974,2.798730979732845,143377800,True,False
ASGR.JK,1780.0,1785.0,1787.0,1796.5,1854.75,1673.5,1603.647568359375,36.25,1.670990266274231,500200,False,False
ASDM.JK,515.0,511.6666666666667,512.0,513.5,512.9,503.44162841796873,519.0308285522461,2.311674316406254,1.7537520421853965,5000,True,False
ASBI.JK,416.0,417.3333333333333,421.2,423.0,423.3,414.66173767089845,410.8891253662109,4.319131164550782,2.568503766670572,7900,True,False
ARTO.JK,1255.0,1258.3333333333333,1276.0,1268.5,1282.0,1110.9,1201.75,34.219999999999985,4.192460658435344,3542000,False,False
ARTA.JK,2390.0,2390.0,2380.0,2438.0,2474.0,2417.1,2543.55,9.4,3.0225275386104786,6500,False,False
ARNA.JK,500.0,499.3333333333333,499.6,497.2,487.0,457.44,468.81963134765624,21.28,0.5082490705299022,1851200,False,False
ARKO.JK,5500.0,5183.333333333333,4920.0,4783.0,4914.5,4986.6,6392.55,28.68,4.777986183052952,5619500,False,False
ARKA.JK,22.0,22.0,22.0,22.0,22.0,23.2,27.44,1.1999999999999993,0.0,0,True,False
ARII.JK,282.0,278.6666666666667,278.8,276.6,274.2,275.48,278.14,3.9000000000000057,1.3408266334383385,144700,True,False
ARGO.JK,1165.0,1166.6666666666667,1176.0,1178.5,1147.5,994.8,974.65,36.74000000000001,1.3029988288781178,294400,False,False
AREA.JK,288.0,280.6666666666667,278.8,280.2,281.3,248.68,275.46,19.659999999999997,2.8591192503429697,2206100,False,False
ARCI.JK,1245.0,1245.0,1230.0,1158.0,1119.75,1042.6,1237.8993481445314,40.48000000000002,2.713007547783351,21986700,False,False
APLN.JK,126.0,126.66666666666667,128.6,126.4,128.95,124.0,146.82,4.949999999999989,2.872125693197432,11581600,True,False
APLI.JK,258.0,258.6666666666667,260.0,254.0,249.4,252.822568359375,232.5709864807129,5.299999999999997,2.6776288859312873,21200,True,False
APII.JK,191.0,189.66666666666666,190.0,189.0,185.65,179.8474722290039,181.93604385375977,11.152527770996102,1.9098172158537225,127000,False,False
APIC.JK,560.0,566.6666666666666,583.0,615.5,646.0,628.4,1018.6,17.2,2.875319981170206,596100,False,False
APEX.JK,175.0,174.66666666666666,174.4,167.5,155.5,138.8,159.96,36.19999999999999,3.669493683498796,6752000,False,False
ANTM.JK,3090.0,3106.6666666666665,3112.0,3013.0,3011.5,2864.1070947265625,3108.3079418945313,24.789290527343745,2.1766268837100067,57409700,False,False
ANJT.JK,1510.0,1500.0,1497.0,1488.0,1480.25,1464.5,1570.0,9.1,0.9607491063158433,63100,False,False
ANDI.JK,18.0,18.0,18.0,17.6,17.85,17.34,20.48,0.6600000000000001,1.8601633295108062,3973100,True,False
AMRT.JK,1390.0,1390.0,1398.0,1372.5,1364.75,1366.91654296875,1374.8416442871094,6.65,2.792856135304704,30175500,False,False
AMOR.JK,360.0,359.3333333333333,359.2,355.6,351.3,332.64,340.3,13.680000000000007,1.288693744531888,28600,False,False
AMMS.JK,179.0,192.66666666666666,202.0,222.8,260.5,301.08,347.02,122.07999999999998,3.7906037070820013,2654800,False,False
AMMN.JK,4370.0,4330.0,4342.0,4277.0,4166.0,3755.0,4165.1,61.5,2.431774223203456,58980900,False,False
AMIN.JK,246.0,246.66666666666666,247.2,245.6,244.7,249.0,246.5,2.1500000000000057,2.23551098539768,44700,True,False
AMFG.JK,3320.0,3323.3333333333335,3336.0,3324.0,3241.0,3065.7329248046876,3101.301662597656,27.026707519531236,1.5146287986142848,1900,False,False
AMAR.JK,220.0,218.73332722981772,218.08702087402344,216.52161712646483,210.63026809692383,198.69667358398436,193.20923950195314,10.651663208007818,1.89815946707888,459500,False,False
AMAN.JK,242.0,244.66666666666666,246.0,248.0,255.5,255.0,268.1,6.75,1.6738557937658833,220400,False,False
AMAG.JK,388.0,387.3333333333333,388.4,388.4,388.1,388.4,395.94215393066406,0.5333333333333314,0.7402748535684127,987300,True,False
ALKA.JK,2570.0,2346.6666666666665,2199.0,1957.0,1538.25,949.0,797.37,162.1,4.918784689309895,142200,False,False
ALII.JK,795.0,785.0,788.0,775.5,760.0,753.7806701660156,791.5265380859375,8.243865966796875,2.55607126224576,2194200,False,False
ALDO.JK,890.0,881.6666666666666,855.0,833.5,810.25,741.2872534179687,678.6702648925781,29.742549316406258,4.36656458746303,442500,False,False
AKSI.JK,236.0,234.0,233.2,231.4,229.2,215.92,251.84,10.040000000000006,2.529459419872244,650700,False,False
AKRA.JK,1395.0,1398.3333333333333,1409.0,1420.534130859375,1400.6228759765625,1289.9641821289063,1314.6911889648438,26.11398974609374,0.9815335602345675,6517000,False,False
AKPI.JK,500.0,501.6666666666667,503.0,503.7,498.85,486.89867919921875,499.5031759643555,8.40066040039062,1.3447300208105255,16600,False,False
AKKU.JK,38.0,38.0,38.0,38.0,38.0,38.0,37.99,0.0,0.0,0,True,False
AISA.JK,120.0,118.0,117.4,118.7,114.95,106.22,113.5,13.780000000000001,2.4708735882917083,30894300,False,False
AIMS.JK,392.0,396.0,400.8,394.2,380.0,393.52,411.2,10.400000000000006,2.5483745732278273,388900,False,False
AHAP.JK,93.0,93.0,93.4,93.3,93.85,88.46,97.65,5.390000000000001,1.6993565625702454,5681300,True,False
AGRS.JK,61.0,60.666666666666664,60.8,61.1,61.45,60.96,64.67,0.7833333333333385,1.2070394885904834,8918300,True,False
AGRO.JK,150.0,150.0,150.2,147.6,148.15,145.54,162.02,4.659999999999997,1.8310602938863572,1631700,True,False
AGII.JK,2900.0,2896.6666666666665,2918.0,2964.0,2948.0,2813.3993115234375,2948.125576171875,15.060068847656249,3.2362708223082617,86500,False,False
AGAR.JK,1030.0,1113.3333333333333,1050.0,878.5,730.45,422.62,327.31,138.14266666666666,8.189326064142826,4075700,False,False
AEGS.JK,42.0,41.666666666666664,42.0,42.6,42.55,40.52,44.84,2.0799999999999983,3.091315347888844,494600,True,False
ADRO.JK,2520.0,2526.6666666666665,2524.0,2513.0,2516.5,2383.8,2390.927770996094,14.286666666666633,1.5457552146015094,17523900,False,False
ADMR.JK,1615.0,1593.3333333333333,1599.0,1572.0,1543.5,1494.3,1630.4053295898439,24.140000000000008,2.7527717360551156,22234200,False,False
ADMG.JK,258.0,260.0,249.2,236.2,228.2,212.3,208.02,23.849999999999994,4.299835008994931,1552800,False,False
ADMF.JK,8625.0,8616.666666666666,8665.0,8675.0,8470.0,8217.5,8278.346108398437,18.3,1.5308802902785525,20400,False,False
ADHI.JK,144.0,145.33333333333334,147.2,151.6,157.9,156.32,173.57,13.900000000000006,1.1559494724262942,11166100,False,False
ADES.JK,32900.0,32916.666666666664,33750.0,33477.5,34582.5,31375.0,25036.25,128.3,5.774196646938068,12600,False,False
ADCP.JK,50.0,50.0,50.0,50.0,50.0,50.0,50.32,0.0,0.0,0,True,False
ACST.JK,86.0,86.33333333333333,85.4,85.1,85.2,78.72,87.05,7.61333333333333,1.6977377117653414,59200,False,False
ACRO.JK,63.0,62.0,61.8,61.2,61.25,59.56121086120606,63.84573635101319,3.4387891387939433,1.3843520865587964,18265300,True,False
ACES.JK,360.0,357.3333333333333,358.4,357.0,355.1,339.8239367675781,337.80125579833987,10.088031616210941,1.7813385899040535,8694400,False,False
ABMM.JK,2670.0,2676.6666666666665,2672.0,2622.0,2565.5,2426.2,2616.1633032226564,25.04666666666667,1.3344697381605672,141000,False,False
ABDA.JK,3830.0,3836.6666666666665,3830.0,3659.0,3536.0,3411.8,3205.7,42.486666666666636,2.591754796965864,11300,False,False
ABBA.JK,30.0,30.0,30.0,30.0,30.0,31.54,36.06,1.5399999999999991,0.0,0,True,False
AALI.JK,7175.0,7191.666666666667,7210.0,7115.0,6816.25,6409.5,6946.902978515625,32.02,2.2468016686089434,910500,False,False
AADI.JK,9350.0,9250.0,9175.0,9175.0,9030.0,8419.9960546875,8939.227978515624,37.20015781249997,1.9572992642852272,5033100,False,False
