Ticker,Close,MA3,MA5,MA10,MA20,MA50,MA100,Range_Ticks,Vol_Pct,Volume,MA_Tight,Signal
ZYRX.JK,126.0,127.0,128.0,128.5,128.95,128.12,129.63166213989257,2.9499999999999886,0.9078305409151045,204400,True,False
ZONE.JK,650.0,668.3333333333334,680.0,690.5,702.25,699.2,565.9326290893555,10.45,1.781565366937426,1400,False,False
ZINC.JK,30.0,30.0,30.0,30.0,30.0,30.0,30.0,0.0,0.0,0,True,False
YUPI.JK,1240.0,1255.0,1260.0,1275.0,1298.75,1307.4119750976563,1342.633349609375,13.482395019531259,0.758452399521956,5500,False,False
YULE.JK,3600.0,3586.6666666666665,3584.0,3661.0,3607.5,3514.4,3422.8,14.659999999999991,6.961171964036374,8100,False,False
YPAS.JK,1050.0,1073.3333333333333,1146.0,1235.5,1323.5,1104.2,889.35,54.7,6.533443932658164,20800,False,False
YOII.JK,74.0,74.0,76.6,79.5,80.6,82.44,83.92,8.439999999999998,2.913595302066708,3322600,False,False
YELO.JK,72.0,73.33333333333333,78.8,85.2,92.3,89.46,83.14,20.299999999999997,4.686952557001086,19266900,False,False
WTON.JK,70.0,70.33333333333333,72.2,74.9,77.35,77.72,77.10831573486328,7.719999999999999,1.7949457687765027,3195100,False,False
WSBP.JK,14.0,14.0,14.0,14.0,14.0,14.0,14.39,0.0,0.0,0,True,False
WOWS.JK,50.0,48.0,49.6,51.8,55.1,58.02,59.38,10.020000000000003,6.688501573687031,21109500,False,False
WOOD.JK,189.0,188.33333333333334,190.8,193.5,199.65,209.88,224.05,21.546666666666653,1.3095702394250677,1921500,False,False
WOMF.JK,270.0,272.6666666666667,274.8,276.8,279.5,271.2,268.1,4.75,0.8477828279767958,128600,True,False
WMUU.JK,37.0,43.333333333333336,46.0,48.0,49.0,51.36,52.79,14.36,5.893122983927597,11596000,False,False
WIRG.JK,58.0,59.0,62.6,67.6,72.15,67.38,63.17,14.150000000000006,3.128122338836139,120242400,False,False
WINS.JK,545.0,555.0,561.0,581.0,575.25,540.0,529.4103802490234,8.2,3.4257636163353924,2398900,False,False
WINR.JK,26.0,27.0,27.0,25.7,26.2,23.42,23.5,3.5799999999999983,7.674342689902761,149985200,False,False
WINE.JK,128.0,127.66666666666667,129.0,129.4,130.95,136.34,146.29977905273438,8.673333333333332,1.2932620002148376,324300,False,False
WIIM.JK,1495.0,1518.3333333333333,1527.0,1486.0,1549.25,1642.1,1630.302392578125,31.21999999999998,3.2613420100392436,1454600,False,False
WIFI.JK,1685.0,1701.6666666666667,1750.0,1823.0,1937.75,1980.7,1908.5337219238281,59.14000000000001,2.159421275249623,12940900,False,False
WIDI.JK,28.0,27.666666666666668,27.6,27.6,27.4,26.72,26.55,1.2800000000000011,2.6629566250939907,17323000,True,True
WGSH.JK,103.0,106.0,114.2,119.3,135.2,150.92,134.64,47.91999999999999,5.629350190995119,35185400,False,False
WEHA.JK,101.0,102.66666666666667,107.4,110.8,111.1,108.68,109.36223136901856,10.099999999999994,3.3071277811300015,4285300,False,False
WEGE.JK,39.0,44.0,46.4,48.2,50.15,51.74,51.25,12.740000000000002,5.0357987722587785,84787300,False,False
WAPO.JK,352.0,352.0,319.2,266.0,221.55,168.08,142.29,91.96,10.077307449074357,0,False,False
VTNY.JK,53.0,58.666666666666664,64.8,70.0,73.65,72.26,66.43,20.650000000000006,5.039291862204645,24296300,False,False
VRNA.JK,73.0,75.0,77.4,81.9,88.15,80.48,78.06,15.150000000000006,2.9340689192881295,1806400,False,False
VOKS.JK,252.0,250.0,259.2,275.8,262.3,235.74,219.9,20.03,4.255150287056588,692100,False,False
VKTR.JK,830.0,793.3333333333334,804.0,785.5,815.0,827.6,745.18,8.9,4.619845238859627,123031100,False,False
VIVA.JK,46.0,43.333333333333336,42.2,41.3,43.85,46.18,40.48,4.880000000000003,12.1253037943188,351389200,False,False
VISI.JK,1215.0,1285.0,1298.0,1274.0,1133.0,1007.3,964.3,58.14000000000001,9.249693468523782,2248500,False,False
VINS.JK,141.0,141.66666666666666,143.6,144.6,144.5,142.46,141.55,3.5999999999999943,2.0692067444967126,391500,True,False
VICO.JK,151.0,157.69803873697916,160.75294189453126,162.0435302734375,157.44764785766603,144.97011596679687,139.91517517089844,17.073414306640643,2.4948862673433903,2014800,False,False
VICI.JK,950.0,966.6666666666666,967.0,1052.5,1036.0,796.4,687.509411315918,51.220000000000006,3.8531780829072506,1834400,False,False
VERN.JK,236.0,231.33333333333334,231.6,231.6,233.4,223.66,180.53,6.170000000000002,2.8351908227288676,12899200,False,False
VAST.JK,101.0,108.33333333333333,111.4,117.4,115.2,115.14,116.96,16.400000000000006,7.989999918551114,16503500,False,False
UVCR.JK,258.0,230.66666666666666,208.2,192.3,173.65,157.5,169.52420349121093,50.25,7.47472251868092,132133300,False,False
URBN.JK,300.0,295.3333333333333,281.6,259.6,241.5,225.4,215.16,37.3,4.204607831698506,632500,False,False
UNVR.JK,1635.0,1633.3333333333333,1630.0,1630.0,1647.25,1713.4,1685.35099609375,16.680000000000017,0.8489997865956209,7162400,False,False
UNTR.JK,25175.0,24591.666666666668,24465.0,24795.0,25280.0,24654.5,24344.75,32.6,1.7455924693996279,4663400,False,False
UNTD.JK,73.0,74.0,76.4,77.7,80.0,80.8,77.15,7.799999999999997,2.1970262390352575,18999500,False,False
UNSP.JK,322.0,334.0,315.6,260.8,233.4,216.96,226.3,58.519999999999996,10.714013431023718,21198200,False,False
UNIQ.JK,114.0,113.0,116.2,119.9,121.15,116.96,111.03,8.150000000000006,4.175330077236934,1419900,False,False
UNIC.JK,14975.0,15050.0,15090.0,15085.0,15048.75,14714.0,13591.050517578125,15.04,0.8523419756256818,4000,False,False
ULTJ.JK,2020.0,2043.3333333333333,2050.0,2027.0,1795.75,1599.2,1518.15,45.08,3.152165172285791,30631600,False,False
UFOE.JK,145.0,141.0,139.6,141.9,144.35,141.62,139.68,5.400000000000006,2.2239836923792464,2451300,True,True
UDNG.JK,482.0,486.0,492.6,489.3,643.45,1022.58,1164.39,270.29,4.201912160016148,3864500,False,False
UCID.JK,486.0,485.3333333333333,489.2,495.0,504.9,460.86,418.6052264404297,22.019999999999982,1.3700311202793691,347800,False,False
UANG.JK,3670.0,3746.6666666666665,3848.0,3966.0,3843.0,2987.8,2727.4,97.81999999999998,8.929095636903426,459200,False,False
TYRE.JK,107.0,108.0,108.4,109.9,111.55,112.64,111.17,5.640000000000001,1.444856435620138,45300,True,False
TUGU.JK,1510.0,1546.6666666666667,1546.0,1581.0,1479.75,1359.9,1262.8223901367187,44.219999999999985,4.649715908513068,3444300,False,False
TSPC.JK,2640.0,2643.3333333333335,2654.0,2709.0,2727.5,2749.6,2602.0,10.95999999999999,0.847333712094874,638200,False,False
TRUS.JK,436.0,442.0,442.8,448.2,449.3,433.12,378.7828112792969,8.090000000000003,3.443551255163182,19400,False,False
TRUK.JK,2580.0,2410.0,2166.0,1736.0,1383.5,920.44,670.35,165.956,6.750408215034537,0,False,False
TRUE.JK,48.0,53.0,61.0,64.1,57.05,52.82,64.05,16.099999999999994,18.305134794353993,506815500,False,False
TRST.JK,474.0,474.0,476.4,476.2,470.4,465.6,466.09207946777343,5.399999999999977,2.50559634247526,60300,True,False
TRON.JK,78.0,80.33333333333333,87.8,95.2,98.65,102.8,100.82,24.799999999999997,6.074287790473317,33604700,False,False
TRJA.JK,120.0,123.66666666666667,125.6,127.3,129.15,121.14,118.57,9.150000000000006,3.514467024564605,512900,False,False
TRIS.JK,170.0,170.66666666666666,171.6,171.8,172.5112174987793,169.83932861328125,166.8232977294922,2.671888885498049,0.8396693856976103,521500,True,False
TRIN.JK,246.0,254.0,285.2,324.2,359.2,340.4,384.58,56.599999999999994,8.839113072584146,64979600,False,False
TRIM.JK,790.0,790.0,803.0,815.0,770.5,665.0,599.4765155029297,30.0,4.013464327658699,572000,False,False
TRGU.JK,163.0,165.0,168.2,168.7,172.05,169.3,171.65,9.050000000000011,2.236579672550279,280900,False,False
TPMA.JK,452.0,456.0,459.6,465.6,476.1,465.24,458.73,12.050000000000011,0.8996416248354268,809900,False,False
TPIA.JK,1720.0,1748.3333333333333,1787.0,1811.5,1875.5,1994.2,2170.0398046875,54.84000000000001,2.433372680955807,95134900,False,False
TOWR.JK,392.0,388.0,392.8,407.4,431.2,422.68,404.03356475830077,21.599999999999994,2.4823513708697833,54184800,False,False
TOTO.JK,240.0,240.66666666666666,240.8,241.2,240.8,238.32,236.49457504272462,1.4399999999999977,0.612089830768281,751200,True,False
TOTL.JK,1535.0,1538.3333333333333,1576.0,1574.0,1537.25,1397.3,1226.9354418945313,35.74000000000001,2.4394421118338836,2378100,False,False
TOSK.JK,75.0,76.66666666666667,80.2,81.5,81.65,74.72,66.62,6.930000000000007,3.169569927935958,14246000,False,False
TOOL.JK,55.0,56.0,62.2,66.8,68.7,67.42,66.89,13.700000000000003,6.742768111947299,68004000,False,False
TOBA.JK,470.0,482.6666666666667,495.6,504.3,538.4,523.5,477.01,34.19999999999999,3.2370521813916344,15196900,False,False
TNCA.JK,159.0,163.33333333333334,170.2,176.1,179.1,167.22,159.83,20.099999999999994,3.4619713161272623,422600,False,False
TMPO.JK,170.0,171.66666666666666,171.0,162.0,162.95,159.6,133.87,12.066666666666663,4.61124172067682,55182900,False,False
TMAS.JK,118.0,126.0,132.2,138.7,142.0,133.68,124.59294120788574,24.0,2.8082829746542743,21985000,False,False
TLKM.JK,2370.0,2383.3333333333335,2400.0,2478.0,2556.0,2602.8,2612.1237719726564,23.28000000000002,0.8463359601456626,228706200,False,False
TLDN.JK,595.0,586.6666666666666,589.0,602.5,616.75,578.3,552.57,7.690000000000009,1.9497490563474118,762200,False,False
TKIM.JK,7200.0,7150.0,7220.0,7357.5,7733.75,7417.0,6702.592309570313,23.35,1.8880742607938448,1536300,False,False
TIRT.JK,590.0,590.0,590.0,590.0,590.0,590.0,553.07,0.0,0.0,0,True,False
TIRA.JK,364.0,370.0,371.6,380.2,395.0,430.36,519.93,33.18000000000001,1.0048109128057492,1201200,False,False
TINS.JK,4620.0,4616.666666666667,4700.0,4714.0,4598.5,4132.2,3737.369033203125,58.18000000000002,3.308082345203691,44285300,False,False
TIFA.JK,296.0,297.3333333333333,299.6,304.6,313.5,316.16,297.2567172241211,10.080000000000013,3.0799641222211687,32600,False,False
TGKA.JK,4880.0,4870.0,4894.0,4950.5,4961.75,4958.2,4850.134501953125,9.175,1.104592733694293,200,False,False
TFCO.JK,785.0,868.3333333333334,861.0,840.5,841.75,820.2,731.55,16.666666666666675,5.728299397761442,90600,False,False
TFAS.JK,181.0,177.66666666666666,184.4,186.5,186.5,186.98,193.86,9.313333333333333,3.8348866862835105,471800,False,False
TEBE.JK,2340.0,2286.6666666666665,2256.0,2104.0,1913.25,1546.5,1288.05,79.35,8.39549578440488,36515400,False,False
TCPI.JK,1725.0,1628.3333333333333,1603.0,1580.5,1863.75,3113.4,6035.852431640625,306.58000000000004,7.621102127632079,3083000,False,False
TCID.JK,2410.0,2440.0,2476.0,2520.0,2563.0,2652.2,2725.8,24.21999999999998,1.428018875532746,6800,False,False
TBMS.JK,1200.0,1213.3333333333333,1211.0,1223.5,1222.5,1210.5,1220.7251965332032,4.7,1.8054928757135873,18000,True,False
TBLA.JK,595.0,600.0,607.0,616.5,623.25,627.0,611.5867587280273,6.4,0.9583192610271419,1217000,False,False
TBIG.JK,1445.0,1451.6666666666667,1458.0,1454.0,1472.0,1441.8,1426.2412915039063,6.040000000000009,1.2528608762159323,148500,False,False
TAYS.JK,50.0,50.0,50.0,50.0,50.0,50.0,50.98,0.0,0.0,0,True,False
TAXI.JK,18.0,16.666666666666668,16.0,15.1,14.65,14.12,14.08,3.880000000000001,10.034081504311823,508201400,False,False
TARA.JK,35.0,35.333333333333336,34.0,32.3,31.65,30.68,30.11,4.653333333333336,8.38708072162029,20207400,False,False
TAPG.JK,1940.0,1988.3333333333333,1993.0,2084.5,2192.25,1960.4528125,1714.91423828125,50.45,2.392933690886692,20681900,False,False
TAMU.JK,30.0,30.333333333333332,28.2,27.1,27.35,24.92,22.85,5.41333333333333,12.555037030630922,181127400,False,False
TAMA.JK,175.0,186.66666666666666,191.2,193.9,195.0,219.46,198.31,44.46000000000001,3.4709598631784857,2274800,False,False
TALF.JK,670.0,665.0,673.0,682.0,691.75,727.2,700.6301715087891,12.440000000000008,2.519606610347044,101400,False,False
SWID.JK,95.0,97.66666666666667,107.0,116.1,118.1,112.06,102.321333694458,23.099999999999994,4.723043066315706,3508600,False,False
SURI.JK,77.0,77.66666666666667,80.6,82.6,83.15,77.82,72.24,6.150000000000006,2.9444866306226185,1819500,False,False
SURE.JK,3060.0,3090.0,3094.0,3039.0,3001.5,2827.4,2797.5,26.65999999999999,4.247420137733893,1700,False,False
SUPA.JK,490.0,492.0,492.0,494.3,505.3,543.32,614.86,26.660000000000025,1.5177181076247377,13885600,False,False
SUNI.JK,655.0,666.6666666666666,671.0,674.5,685.0,695.5,660.8057098388672,8.1,1.044613510525231,1310200,False,False
SULI.JK,73.0,74.0,78.6,82.2,85.5,89.54,86.14,16.540000000000006,3.9721146929579216,5032400,False,False
STTP.JK,8875.0,9000.0,9120.0,9252.5,9341.25,9527.0,9672.25,26.08,1.1998509755258515,12600,False,False
STRK.JK,43.0,47.333333333333336,53.6,59.0,62.25,63.76,71.39,20.759999999999998,6.045609987148218,28669200,False,False
STAR.JK,304.0,336.0,368.8,381.0,383.5,359.56,368.48,39.75,7.95770223983477,74100,False,False
STAA.JK,1205.0,1191.6666666666667,1191.0,1188.0,1219.5,1148.2,1077.2058630371093,14.259999999999991,1.253408326772865,7046800,False,False
SSTM.JK,422.0,435.3333333333333,444.4,450.0,463.75,435.14,439.78,20.875,3.3170098995420054,55500,False,False
SSMS.JK,1065.0,1070.0,1071.0,1088.0,1133.75,1012.9,939.4626049804688,24.170000000000005,4.9784081147798185,10230600,False,False
SSIA.JK,1665.0,1665.0,1692.0,1691.5,1735.5,1731.5,1663.3407409667968,14.1,3.436696101635132,10867900,False,False
SRTG.JK,1795.0,1765.0,1775.0,1783.5,1796.5,1807.1,1666.14640625,8.419999999999982,2.2423738001848816,3208300,False,False
SRSN.JK,126.0,121.66666666666667,125.8,122.8,112.3,87.74,76.95,38.260000000000005,7.74880674294524,294092300,False,False
SRAJ.JK,13000.0,13000.0,13000.0,13065.0,13362.5,13046.0,12526.75,14.5,1.3602436237064548,100,False,False
SQMI.JK,92.0,88.66666666666667,90.6,95.3,97.0,78.3,62.41,18.700000000000003,8.219649810865619,314074800,False,False
SPTO.JK,605.0,603.3333333333334,604.0,604.5,608.75,606.2,578.2030670166016,1.0833333333333257,0.6757505649677092,269700,True,False
SPRE.JK,88.0,90.0,91.0,94.3,95.1,91.26,84.9,7.099999999999994,4.466044398513777,2123200,False,False
SPMA.JK,160.0,162.0,164.4,166.8,168.8,167.0,163.55230743408202,8.800000000000011,1.1798476640619417,330800,False,False
SOUL.JK,37.0,37.0,37.0,37.0,37.0,37.0,38.05,0.0,0.0,0,True,False
SOTS.JK,498.0,520.3333333333334,538.2,564.1,586.55,608.82,650.36,55.410000000000025,4.488998870567123,211100,False,False
SOSS.JK,1385.0,1128.3333333333333,1042.0,988.5,975.75,909.1,866.05,95.17999999999999,10.792730322189087,434000,False,False
SONA.JK,3530.0,2966.6666666666665,2754.0,2565.0,2450.0,2482.6,2323.6246899414064,108.0,9.849552777311684,341000,False,False
SOLA.JK,73.0,72.0,77.0,82.6,87.35,92.58,99.56,20.58,4.788119143354475,15440000,False,False
SOHO.JK,1305.0,1353.3333333333333,1384.0,1483.0,1494.5,1313.7,1322.45,37.9,4.0021661993994435,46400,False,False
SOFA.JK,322.0,306.6666666666667,315.2,331.0,334.8,295.2,289.8,19.80000000000001,5.194343758567114,12078200,False,False
SOCI.JK,615.0,625.0,642.0,641.0,641.25,546.74,451.498903503418,19.052,3.4007636797561065,42255200,False,False
SNLK.JK,232.0,238.0,233.6,243.4,239.3,231.28,231.66,6.060000000000002,5.318302433201851,12781200,False,False
SMSM.JK,1675.0,1676.6666666666667,1681.0,1693.0,1716.75,1720.1033715820313,1689.3376440429688,9.020674316406257,0.7776755495501377,1757400,False,False
SMRA.JK,246.0,250.0,255.2,265.8,296.9,313.4,300.91831100463867,33.69999999999999,2.25562046091807,25489800,False,False
SMMT.JK,3490.0,3373.3333333333335,3246.0,3111.0,2832.0,2265.9,2050.35,122.41,6.595537869324907,849600,False,False
SMMA.JK,20025.0,20025.0,20020.0,20017.5,19996.25,20121.5,20127.0,5.01,0.08328132477031065,400,True,False
SMLE.JK,260.0,264.0,268.0,243.0,218.6,184.84,145.18,41.58,7.041556257139997,28205600,False,False
SMKM.JK,88.0,88.33333333333333,89.4,93.1,100.15,91.04,82.24,12.150000000000006,2.1829646210658966,5303600,False,False
SMKL.JK,144.0,147.0,150.4,153.8,154.65,149.28,144.7945462036133,10.650000000000006,2.1003147817048995,123400,False,False
SMIL.JK,440.0,431.3333333333333,436.0,432.0,432.6,406.04,342.36,16.97999999999999,2.149275135036208,57878200,False,False
SMGR.JK,1545.0,1546.6666666666667,1565.0,1572.0,1644.5,1574.4,1606.158231201172,19.9,2.560845139068613,13472300,False,False
SMGA.JK,80.0,80.0,82.6,84.4,86.4,79.86,75.12,6.540000000000006,2.228019550447505,4288900,False,False
SMDR.JK,392.0,390.0,394.4,395.8,382.0,334.68175231933594,307.91247940063477,30.559123840332035,1.6260756529146825,26081500,False,False
SMDM.JK,492.0,492.0,506.2,521.6,535.55,549.32,546.92,28.660000000000025,1.944837119546546,268700,False,False
SMBR.JK,154.0,151.66666666666666,157.4,164.2,170.25,167.48,164.11763931274413,18.583333333333343,3.830924964525327,3698200,False,False
SMAR.JK,6875.0,6350.0,6315.0,6257.5,6393.75,6018.5,5481.301396484375,34.26,5.716338445122041,820900,False,False
SLIS.JK,72.0,71.33333333333333,76.0,81.8,84.65,80.82,73.64,13.316666666666677,6.588283076165302,24138500,False,False
SKRN.JK,410.0,410.6666666666667,419.6,414.0,408.8,403.28,392.0719985961914,8.160000000000025,3.005739614228203,56400,False,False
SKLT.JK,204.0,199.0,201.0,204.5,209.85,205.5,197.06,5.424999999999997,2.1557228234218835,70600,True,False
SKBM.JK,492.0,496.0,508.6,520.3,534.15,539.46,546.42,23.730000000000018,1.770104963019177,262000,False,False
SIPD.JK,780.0,808.3333333333334,823.0,854.5,891.25,799.7,779.55,22.25,2.49769507756562,2400,False,False
SINI.JK,18300.0,18300.0,17850.0,16722.5,15323.75,10582.0,10071.436298828125,308.72,7.076032338134711,0,False,False
SIMP.JK,570.0,571.6666666666666,581.0,599.0,615.0,603.1,570.9379241943359,9.0,2.005696661510019,13300200,False,False
SILO.JK,2010.0,1976.6666666666667,2014.0,2018.5,2059.25,2152.4,2212.2,17.573333333333334,2.737945543592581,2430000,False,False
SIDO.JK,348.0,348.6666666666667,350.0,351.2,352.2,355.64,374.04,3.819999999999993,0.8379729604210953,12356000,True,False
SICO.JK,107.0,108.33333333333333,111.0,112.6,113.9,112.0,109.87,6.900000000000006,1.741985860432206,2594400,False,False
SHIP.JK,2580.0,2573.3333333333335,2590.0,2636.0,2598.0,2294.9,2039.81140625,34.10999999999999,2.1995868250678847,16300,False,False
SHID.JK,695.0,790.0,766.0,757.0,739.5,645.6,652.1,28.879999999999995,10.363616095473008,516000,False,False
SGRO.JK,4290.0,4306.666666666667,4406.0,4508.0,4709.75,4409.9,3603.2253662109374,41.975,2.0181600809958877,22900,False,False
SGER.JK,735.0,738.3333333333334,738.0,721.5,698.5,575.32,466.74,32.602666666666664,1.763635405843909,54012700,False,False
SFAN.JK,1995.0,1998.3333333333333,1997.0,2007.5,2022.25,2003.7,1983.95,5.45,0.4073643366360691,35900,True,False
SEMA.JK,412.0,335.3333333333333,306.8,280.6,209.9,144.24,121.1,133.88,10.188413649181578,82471200,False,False
SDRA.JK,204.0,204.0,205.2,208.0,213.4,216.24,219.42,6.1200000000000045,1.2042175157983932,251800,False,False
SDPC.JK,192.0,188.66666666666666,190.8,192.5,195.35,190.04,185.07418212890624,6.683333333333337,2.423064585456156,526600,False,False
SDMU.JK,66.0,66.0,72.6,81.5,86.3,84.14,82.26,20.299999999999997,5.743486165483327,182982300,False,False
SCNP.JK,163.0,162.33333333333334,162.8,161.6,158.7,155.78,151.91955001831056,7.219999999999999,2.4269969128150515,434600,False,False
SCMA.JK,171.0,169.66666666666666,172.2,179.5,190.6,198.72,204.20888793945312,29.05333333333334,2.477389157075897,59367700,False,False
SCCO.JK,2590.0,2583.3333333333335,2600.0,2660.0,2619.5,2438.0,2340.2814501953126,22.2,2.7997005701399287,63700,False,False
SBMA.JK,108.0,108.33333333333333,111.4,112.5,111.25,109.12,109.16,4.5,3.019658134926246,626600,True,False
SATU.JK,242.0,241.33333333333334,240.4,240.2,243.4,252.56,259.96,6.180000000000007,1.0761084151415936,3356400,False,False
SAPX.JK,324.0,336.6666666666667,365.6,350.0,351.5,269.76,242.68,47.920000000000016,12.144655917915825,1294300,False,False
SAMF.JK,306.0,308.6666666666667,310.4,311.0,315.4,295.84,287.67124099731444,9.780000000000001,1.7785602649264671,52000,False,False
SAME.JK,292.0,290.6666666666667,290.8,293.2,301.1,300.08,311.14,5.216666666666669,1.231376164150214,388600,True,False
SAGE.JK,33.0,34.666666666666664,33.8,31.9,31.45,31.66,29.91,3.216666666666665,8.07726695204656,61918100,False,False
SAFE.JK,456.0,538.6666666666666,640.2,845.1,864.3,614.98,473.05,204.14999999999998,9.833410505789422,2265800,False,False
RUNS.JK,62.0,62.666666666666664,64.6,66.7,69.5,66.22,70.9,7.5,2.580546544458793,963900,False,False
RUIS.JK,188.0,190.66666666666666,194.4,197.8,202.9,204.06,193.9671875,16.060000000000002,1.4388796555395478,588200,False,False
RSCH.JK,515.0,485.6666666666667,472.6,456.3,433.15,360.9,322.67,30.820000000000004,3.5939043252314056,28438700,False,False
ROTI.JK,565.0,571.6666666666666,575.0,579.5,582.25,587.2,586.35,4.440000000000009,0.83070717266082,516400,True,False
RONY.JK,1485.0,1468.3333333333333,1511.0,1483.0,1461.25,1370.8,1236.3,28.04000000000001,5.018865171025622,14400,False,False
RODA.JK,39.0,45.333333333333336,51.4,57.5,60.6,62.68,61.35,23.68,7.505666044530705,205156200,False,False
ROCK.JK,2160.0,2180.0,2071.0,2025.5,2043.25,1987.0,1913.95,19.3,4.788473676093177,117400,False,False
RMKO.JK,294.0,276.6666666666667,286.8,302.4,321.8,306.32,324.68,22.566666666666663,6.016734219970227,10371100,False,False
RMKE.JK,364.0,368.6666666666667,382.8,391.4,407.0,412.28,455.8424401855469,24.139999999999986,2.495546678159972,55584500,False,False
RLCO.JK,4020.0,4006.6666666666665,4038.0,4130.0,4350.0,4499.8,3912.9,49.31333333333337,2.267160339218795,253900,False,False
RISE.JK,605.0,671.6666666666666,689.0,747.0,792.5,893.6,1006.2,57.720000000000006,7.213149542446306,15036000,False,False
RIGS.JK,630.0,626.6666666666666,623.0,622.0,661.0,673.1,675.9,10.220000000000004,2.543757621154228,198400,False,False
RICY.JK,62.0,66.66666666666667,70.2,74.2,76.75,78.16,79.0,16.159999999999997,2.997567553082832,2103400,False,False
RGAS.JK,92.0,92.33333333333333,97.4,102.4,108.95,173.5,160.0208641052246,81.5,3.9068737551481485,19626900,False,False
RELI.JK,505.0,518.3333333333334,545.0,555.0,553.5,520.98,506.6,10.0,4.736028909642802,5600,False,False
RELF.JK,36.0,38.666666666666664,39.8,40.4,39.05,36.88,36.12,4.399999999999999,5.971348427285104,15875000,False,False
REAL.JK,37.0,43.333333333333336,46.0,48.0,49.0,50.32,50.50786457061768,13.32,5.893122983927597,3810900,False,False
RDTX.JK,12900.0,13283.333333333334,13360.0,13307.5,13365.0,13512.0,14023.19482421875,24.48,1.7087565831104945,3100,False,False
RCCC.JK,107.0,107.0,108.0,110.7,113.25,106.48,100.24,6.769999999999996,1.4089040133680202,938600,False,False
RBMS.JK,47.0,46.666666666666664,50.6,55.4,58.9,62.26,62.28,15.593333333333334,6.5241060937519375,62360800,False,False
RATU.JK,4150.0,4040.0,4076.0,4155.0,4338.5,4583.9,4759.088657226563,54.389999999999965,2.4143922535558455,7705800,False,False
RANC.JK,535.0,550.0,552.0,552.5,549.0,531.8,529.52,4.1400000000000095,2.016637609510558,7900,True,False
RALS.JK,382.0,381.3333333333333,382.4,384.0,386.4,383.2,382.82000061035154,2.5333333333333314,0.436866376417057,1326800,True,False
RAJA.JK,655.0,658.3333333333334,675.0,705.0,758.5,821.4,790.2615380859374,33.279999999999994,2.1300015730416724,73246200,False,False
RAAM.JK,164.0,168.66666666666666,170.8,172.1,177.45,189.38,196.52,25.379999999999995,2.737509261314881,954900,False,False
PZZA.JK,177.0,178.0,180.0,183.0,187.7,185.62,186.03688522338868,10.699999999999989,1.004088090260386,384500,False,False
PYFA.JK,210.0,209.33333333333334,216.8,230.0,247.0,230.24,228.6,18.83333333333333,3.202775488732109,13795800,False,False
PWON.JK,260.0,261.3333333333333,266.0,267.0,270.8,267.2,264.59169219970704,5.400000000000006,2.070009244501416,22698900,True,False
PURI.JK,143.0,142.66666666666666,149.0,154.2,155.7,146.98,142.5,13.033333333333331,2.8622861368227075,811500,False,False
PURA.JK,35.0,35.333333333333336,34.4,33.1,32.7,32.24,32.4,3.0933333333333337,8.582514156852499,82207700,False,False
PUDP.JK,260.0,265.3333333333333,266.4,268.8,271.5,285.6,294.54509796142577,12.800000000000011,1.3124738108028031,34900,False,False
PTSP.JK,1145.0,1175.0,1186.0,1203.0,1263.0,1058.3,972.15,40.94000000000001,2.017443584378284,19900,False,False
PTSN.JK,390.0,393.3333333333333,404.0,404.0,372.4,315.96,282.5742527770996,44.02000000000001,7.915113383002649,1366000,False,False
PTRO.JK,5300.0,5300.0,5335.0,5317.5,5338.75,5114.5,4626.35,8.97,1.883498288185774,44854800,False,False
PTPW.JK,1110.0,1123.3333333333333,1131.0,1144.0,1162.5,1163.6,1105.7571606445313,10.719999999999981,0.5755845758202042,24000,False,False
PTPS.JK,152.0,153.33333333333334,155.0,156.9,160.95,154.32,142.65,8.949999999999989,2.3170431547448906,1932300,False,False
PTPP.JK,175.0,181.0,186.2,191.2,198.35,202.26,202.35,27.25999999999999,1.8438761666223147,7678300,False,False
PTMP.JK,46.0,47.666666666666664,53.4,57.9,61.25,63.08,61.83,17.08,6.06418506151416,21038100,False,False
PTIS.JK,246.0,251.33333333333334,253.2,255.8,256.6,261.48,274.98,7.740000000000009,1.894262419968136,176800,False,False
PTBA.JK,3110.0,3126.6666666666665,3096.0,3080.0,3035.0,2656.0,2581.6514892578125,47.06666666666665,2.2566828086900115,55456800,False,False
PSSI.JK,360.0,358.6666666666667,354.0,355.6,353.6,337.6,317.7263458251953,11.199999999999989,1.4617360915745732,297500,False,False
PSKT.JK,232.0,236.66666666666666,237.2,234.4,238.9,229.76,215.71,4.570000000000007,4.485947815298525,10126500,False,False
PSGO.JK,193.0,192.66666666666666,192.8,193.2,194.4,195.22,193.95424026489258,2.5533333333333417,0.91136071933356,67500,True,False
PSDN.JK,114.0,116.66666666666667,128.0,132.7,136.15,132.48,127.44,22.150000000000006,6.374155198250674,2941300,False,False
PSAT.JK,825.0,836.6666666666666,842.0,849.0,869.0,874.8,847.15,9.95999999999999,1.0460171552218898,81200,False,False
PSAB.JK,535.0,533.3333333333334,537.0,543.5,543.8815795898438,506.8221130371094,445.7589749145508,7.411893310546884,2.388076257661168,67674900,False,False
PRIM.JK,123.0,121.33333333333333,121.6,121.4,120.4,114.04,100.31,8.959999999999994,1.3014610428984033,2548800,False,False
PRDA.JK,2790.0,2803.3333333333335,2824.0,2823.0,2804.5,2579.0,2545.0,24.5,1.2012406698786358,731000,False,False
PRAY.JK,745.0,758.3333333333334,760.0,756.5,751.0,748.8,720.45,3.0,4.1813065371991645,101900,False,False
PPRO.JK,22.0,19.0,17.8,16.6,16.05,16.46,16.46,5.949999999999999,11.46519155025116,810749900,False,False
PPRI.JK,141.0,144.33333333333334,151.6,158.9,164.8,153.7,150.85,23.80000000000001,3.219696450784192,737800,False,False
PPRE.JK,93.0,89.66666666666667,95.4,99.8,103.2,104.6,103.75,14.933333333333323,5.3650229049352385,48337100,False,False
PPGL.JK,468.0,468.0,468.0,468.0,457.9,318.28,257.88,74.86000000000001,0.0,0,False,False
POWR.JK,920.0,933.3333333333334,944.0,970.0,963.0,859.0,781.1440203857422,22.2,2.1689294366325402,12803000,False,False
PORT.JK,945.0,943.3333333333334,946.0,951.0,936.75,907.2,894.6,8.759999999999991,0.9050109312860714,4400,False,False
POLY.JK,32.0,32.0,32.0,32.0,32.0,32.0,32.0,0.0,0.0,0,True,False
POLU.JK,15400.0,15858.333333333334,16500.0,16760.0,17240.0,14738.0,13567.75,100.08,7.069284479751999,11800,False,False
POLI.JK,830.0,883.3333333333334,902.0,920.0,934.0,829.7,832.6,20.859999999999992,4.630114942669812,23600,False,False
PNSE.JK,462.0,474.0,478.4,483.4,490.6,492.7,516.25,15.349999999999994,1.4196431681923452,18300,False,False
PNLF.JK,196.0,198.0,201.2,207.0,216.1,224.12,225.93,28.120000000000005,1.867977387750416,19666100,False,False
PNIN.JK,685.0,685.0,691.0,700.5,712.75,716.1,728.95,6.220000000000004,1.2164199981811425,267500,False,False
PNGO.JK,3620.0,3550.0,3536.0,3550.0,3534.5,3531.8,3495.6,8.819999999999983,3.7105495287236923,4500,False,False
PNBS.JK,44.0,45.666666666666664,47.4,48.7,49.35,49.84,49.99,5.840000000000003,4.567750769747138,30022300,False,False
PNBN.JK,840.0,843.3333333333334,849.0,859.0,884.25,893.6,894.1994128417969,10.720000000000004,1.4338263797423332,1401600,False,False
PMUI.JK,97.0,99.33333333333333,103.2,103.5,103.7,98.18,89.68511604309082,6.700000000000003,4.857341868680849,4162400,False,False
PMJS.JK,131.0,133.33333333333334,135.4,139.8,143.2,129.22,118.72788429260254,13.97999999999999,1.612865726243129,323100,False,False
PLAN.JK,62.0,63.333333333333336,65.6,64.8,65.3,49.7,44.58,15.899999999999991,4.793207602606812,9728200,False,False
PKPK.JK,6150.0,5875.0,5665.0,5038.5,4651.25,4134.7,3533.95,80.61200000000001,4.37880433508556,3962400,False,False
PJHB.JK,153.0,157.0,162.0,168.7,176.55,175.34,176.67,23.55000000000001,1.526384013322579,1498900,False,False
PJAA.JK,452.0,454.0,457.2,462.4,464.9,460.44,460.78,6.449999999999989,1.3371768234403594,59500,False,False
PIPA.JK,143.0,142.0,151.0,162.0,183.05,156.96,137.85,41.05000000000001,5.558825644367965,42528500,False,False
PICO.JK,155.0,158.66666666666666,163.8,169.6,177.95,158.2,146.19,22.94999999999999,2.7915592671515252,2051100,False,False
PGUN.JK,9350.0,9400.0,9465.0,9455.0,9558.75,8777.0,8144.357202148438,31.27,4.286853227515674,66000,False,False
PGLI.JK,214.0,213.33333333333334,217.6,211.7,211.05,206.94,199.77,5.329999999999998,3.925978185604853,339200,False,False
PGJO.JK,810.0,800.0,812.0,840.0,879.5,821.7,789.75,15.9,3.0083299151537037,442400,False,False
PGEO.JK,985.0,1005.0,1035.0,1045.0,1038.75,1039.4,980.0,12.0,2.0771860008033287,18867900,False,False
PGAS.JK,1435.0,1435.0,1437.0,1463.0,1497.25,1507.9,1536.70859375,14.580000000000018,1.28936365608013,21366800,False,False
PEVE.JK,320.0,314.0,312.4,309.8,312.5,319.68,322.34,5.099999999999994,0.919827745418577,1577800,True,False
PEHA.JK,284.0,288.0,289.6,290.0,297.9,281.6,272.9538214111328,8.149999999999977,1.594281375524724,331200,False,False
PEGE.JK,140.0,139.66666666666666,138.6,136.2,132.3,114.3,114.24457321166992,25.700000000000003,2.1220911077442466,23968200,False,False
PDPP.JK,306.0,314.6666666666667,316.4,327.6,328.2,312.52,291.57664016723635,11.099999999999994,2.2647838614458173,200800,False,False
PDES.JK,376.0,377.3333333333333,379.2,380.4,381.8,390.2,432.21097900390623,7.099999999999994,2.1494281970474263,23900,False,False
PCAR.JK,59.0,57.666666666666664,54.2,49.1,46.05,43.22,40.57,15.780000000000001,3.763453274481972,67965700,False,False
PBSA.JK,750.0,776.6666666666666,792.0,763.5,774.5,786.7,758.1128802490234,8.4,4.4017104270023335,2675900,False,False
PBRX.JK,28.0,28.0,27.0,26.3,26.65,26.58,27.43,1.6999999999999993,12.50865147317084,130169900,False,False
PBID.JK,520.0,521.6666666666666,524.0,524.0,525.75,524.94,503.36820129394533,1.15,0.7030379229793278,982400,True,False
PART.JK,115.0,112.66666666666667,113.2,111.2,108.5,105.76,102.51186820983887,9.239999999999995,5.0805298596260835,103726300,False,False
PANS.JK,1660.0,1660.0,1654.0,1651.0,1642.5,1592.6,1549.3954345703125,13.480000000000018,0.7643461345923727,273500,False,False
PANR.JK,398.0,403.3333333333333,406.0,408.4,417.2,419.2,433.4694119262695,10.599999999999994,0.8614800856747278,67800,False,False
PANI.JK,4620.0,4733.333333333333,4847.0,5054.0,5434.5,5849.8,6357.979755859375,122.98000000000002,1.7015370379056978,5892000,False,False
PAMG.JK,43.0,45.666666666666664,48.2,51.2,53.55,55.5,54.46,12.5,4.191710808318546,11396400,False,False
PALM.JK,272.0,278.0,282.4,286.8,290.7,293.88,305.5397424316406,10.939999999999998,1.2506313671566183,832100,False,False
PADI.JK,42.0,45.0,50.4,57.0,64.4,69.22,75.39510948181152,27.22,5.494172676287419,1109368000,False,False
PADA.JK,162.0,160.66666666666666,169.2,180.8,196.6,184.72,153.9,35.93333333333334,5.497902363726941,14160300,False,False
PACK.JK,530.0,586.6666666666666,585.0,573.5,566.75,412.22,335.51,34.88933333333332,8.407140581566585,154054300,False,False
OPMS.JK,92.0,91.33333333333333,96.4,104.6,112.4,115.78,109.74,24.446666666666673,3.921380458574685,6988300,False,False
OMRE.JK,905.0,920.0,941.0,944.0,961.0,988.7,986.8,16.74000000000001,2.70679503242033,800,False,False
OMED.JK,218.0,213.33333333333334,210.4,211.4,220.3,222.24,217.49936248779298,5.920000000000002,1.5958585288901876,13046000,True,True
OLIV.JK,49.0,50.333333333333336,51.4,53.6,56.25,51.8,51.86,7.25,3.97838848871103,11069400,False,False
OKAS.JK,101.0,103.33333333333333,107.4,111.2,115.5,113.7,108.21,14.5,2.768601714735149,2763900,False,False
OILS.JK,288.0,291.3333333333333,297.2,302.8,300.3,257.76,228.78,22.52000000000001,2.472192775661657,2556200,False,False
OBMD.JK,192.0,192.33333333333334,194.6,197.3,194.7,194.16,188.72,5.300000000000011,2.6280387937247225,1672900,True,True
OBAT.JK,220.0,223.33333333333334,230.4,235.8,238.5,241.88,247.65881469726563,10.939999999999998,2.2140282412638994,199500,False,False
OASA.JK,250.0,252.0,261.2,270.8,292.2,314.88,311.82,32.44,3.2759766905839744,7233800,False,False
NTBK.JK,64.0,65.33333333333333,70.8,75.1,80.0,85.0,79.74207450866699,21.0,4.9647557157787565,18169600,False,False
NSSS.JK,685.0,696.6666666666666,729.0,753.5,795.5,861.3,724.0313946533203,35.25999999999999,4.682895206211133,3521800,False,False
NRCA.JK,530.0,530.0,541.0,555.0,559.0,542.76,495.5029800415039,5.8,5.0983495890549015,4158000,False,False
NPGF.JK,43.0,47.666666666666664,50.2,52.6,55.1,57.268241500854494,59.83191341400146,14.268241500854494,4.269582132767747,35543000,False,False
NOBU.JK,505.0,521.6666666666666,529.0,532.5,532.25,502.48,478.21,6.003999999999996,3.500396662590207,15651600,False,False
NISP.JK,1250.0,1250.0,1254.0,1259.5,1260.5,1259.5,1252.05,2.1,0.7000122573764412,5240000,True,False
NIRO.JK,165.0,163.0,164.2,169.6,172.6,162.78,160.01,9.819999999999993,3.4985696266772845,256000,False,False
NINE.JK,81.0,80.66666666666667,81.4,82.8,88.65,83.76,86.51,7.983333333333334,6.1640920549911815,15282800,False,False
NIKL.JK,186.0,189.33333333333334,198.4,207.0,216.1,203.48,216.52,30.099999999999994,2.908672267496189,3228200,False,False
NICL.JK,370.0,395.3333333333333,412.4,430.2,457.95,474.74,524.3123553466797,52.370000000000005,2.8868549933320633,31585300,False,False
NICK.JK,2820.0,2820.0,2820.0,2778.0,2563.5,1847.1,1453.55,97.29,2.224922733559472,0,False,False
NICE.JK,334.0,334.6666666666667,342.8,352.0,358.4,307.92,288.9,25.23999999999998,1.8763375730887144,1404200,False,False
NFCX.JK,1720.0,1718.3333333333333,1711.0,1710.0,1714.75,1640.9,1654.6,15.819999999999983,1.2634327659901787,4800,False,False
NETV.JK,38.0,43.666666666666664,46.2,48.1,49.05,50.24,55.29,12.240000000000002,5.431689516766407,107532800,False,False
NEST.JK,780.0,768.3333333333334,764.0,756.0,746.25,707.6,631.18,14.479999999999995,2.4018162448288756,12772900,False,False
NELY.JK,192.0,193.33333333333334,195.2,199.8,205.9,204.3,211.76055084228517,13.900000000000006,0.6019702703689069,935800,False,False
NCKL.JK,870.0,886.6666666666666,905.0,915.0,932.75,922.9,876.8467163085937,12.55,2.3141108392245973,31907800,False,False
NAYZ.JK,69.0,67.0,68.2,72.0,73.05,66.28,62.23,6.769999999999996,5.093927540459055,69298400,False,False
NATO.JK,980.0,1011.6666666666666,1108.0,1104.0,1099.25,839.6,719.7,53.67999999999999,6.848363883430992,170000,False,False
NASI.JK,168.0,184.0,212.0,221.3,190.15,156.18,137.16,65.12,16.511542075607753,15626600,False,False
NASA.JK,38.0,37.333333333333336,37.0,36.4,34.35,31.8,32.8,6.199999999999999,8.10965816861009,28808800,False,False
NANO.JK,28.0,29.666666666666668,30.8,32.2,33.5,32.34,29.15,5.5,4.480943169610945,91019600,False,False
NAIK.JK,81.0,83.33333333333333,86.2,88.8,91.55,90.24,88.65,10.549999999999997,2.1583379841772197,5266400,False,False
MYTX.JK,41.0,41.0,41.0,41.0,41.0,41.0,43.17,0.0,0.0,0,True,False
MYOR.JK,1390.0,1410.0,1436.0,1468.5,1500.5,1604.3,1677.4005908203126,42.85999999999999,1.4834399123398498,13834600,False,False
MYOH.JK,1015.0,1018.3333333333334,1030.0,1031.5,1081.75,1077.4,1077.6042272949219,13.35,2.0421418525610324,88800,False,False
MUTU.JK,118.0,118.33333333333333,123.6,128.5,126.45,119.42,113.59477951049804,10.5,5.434100631385353,19257300,False,False
MTWI.JK,268.0,263.3333333333333,265.2,269.8,268.5,259.84,266.6706413269043,4.980000000000018,2.826032839080398,25200,True,False
MTMH.JK,960.0,951.6666666666666,947.0,949.5,953.0,945.2,957.8400958251954,2.959999999999991,2.3628815182733764,13300,True,False
MTLA.JK,670.0,620.0,580.0,550.0,540.75,527.2,515.2362274169922,28.55999999999999,4.489380498915953,920600,False,False
MTFN.JK,13.0,13.0,13.0,13.0,13.0,13.0,13.97,0.0,0.0,0,True,False
MTEL.JK,460.0,460.0,470.0,479.6,484.1,462.8,469.4457641601563,12.050000000000011,2.243409369660345,8655000,False,False
MTDL.JK,496.0,497.3333333333333,498.0,499.6,507.8,508.92,509.6560000610352,6.460000000000008,0.6950999197132238,1735100,False,False
MSTI.JK,1340.0,1341.6666666666667,1353.0,1352.5,1355.5,1340.7,1295.0057470703125,3.1,1.27005959169578,719000,True,False
MSKY.JK,46.0,48.333333333333336,54.6,61.0,65.25,64.48,64.38,19.25,5.696685033662149,91235400,False,False
MSJA.JK,830.0,845.0,857.0,845.0,748.75,551.3,483.74575469970705,61.14000000000001,3.1412598791537385,27447200,False,False
MSIN.JK,206.0,194.0,206.0,245.0,277.3,336.12,435.05,71.06,8.84331937702069,134187800,False,False
MSIE.JK,117.0,129.66666666666666,144.4,161.1,150.95,117.24,115.13,44.099999999999994,6.039124244266052,618000,False,False
MREI.JK,920.0,920.0,920.0,920.0,920.0,920.0,939.85,0.0,0.0,0,True,False
MRAT.JK,352.0,358.6666666666667,360.0,365.4,381.4,411.4,426.2,29.69999999999999,3.034336167149983,75700,False,False
MPXL.JK,250.0,230.0,221.8,193.7,181.4,167.84,161.27,41.08,12.045711169726019,21643200,False,False
MPRO.JK,12000.0,12041.666666666666,12065.0,11965.0,12060.0,12104.0,10451.5,5.56,1.7929652301924448,1100,True,False
MPPA.JK,34.0,35.0,36.6,38.1,40.55,44.72,45.73,10.719999999999999,4.066173844799489,47666400,False,False
MPOW.JK,99.0,99.66666666666667,104.0,108.7,111.85,108.66,107.32,12.849999999999994,2.7811386354216947,3353600,False,False
MPMX.JK,1015.0,1016.6666666666666,1018.0,1021.5,1028.25,1012.8,969.7102819824219,3.090000000000009,0.7447639343868464,2647400,True,True
MPIX.JK,187.0,189.33333333333334,193.0,191.4,159.95,122.86,106.01,70.14,7.142935863038476,14950200,False,False
MORA.JK,4520.0,4620.0,4772.0,4863.5,5088.0,5455.7,6097.1,93.56999999999998,3.006863536404373,88600,False,False
MOLI.JK,386.0,372.0,378.0,368.6,343.0,299.76,267.9892691040039,43.120000000000005,5.38170639206836,8208900,False,False
MNCN.JK,129.0,127.66666666666667,137.8,161.8,182.2,195.16,201.64,67.49333333333333,6.909859867126104,193980600,False,False
MMLP.JK,296.0,296.0,302.8,310.4,306.9,300.52,303.54,7.199999999999989,3.8542060846966293,541400,False,False
MMIX.JK,900.0,895.0,890.0,876.5,849.5,785.8,685.24,22.84000000000001,0.6600195362922634,14574900,False,False
MLPT.JK,1005.0,991.6666666666666,1020.0,1093.0,1147.5,1356.26,1055.82,72.91866666666667,3.981452120757404,1587100,False,False
MLPL.JK,74.0,73.66666666666667,77.4,81.7,86.4,91.74,87.77,18.073333333333323,3.1286165160274937,21607700,False,False
MLIA.JK,222.0,214.0,213.2,214.2,218.6,226.36,235.38,6.5800000000000125,2.057952912228964,921500,False,False
MLBI.JK,6725.0,6791.666666666667,6815.0,6832.5,6836.25,6798.0,6371.63251953125,4.45,0.6917687353046287,80900,True,False
MKTR.JK,122.0,122.66666666666667,122.6,123.6,123.3,122.46,122.58627365112305,1.5999999999999943,1.1765056453616942,126700,True,False
MKPI.JK,21500.0,21500.0,21490.0,21565.0,21718.75,21804.5,21355.23232421875,12.58,0.22343627054560608,42300,False,False
MKAP.JK,1120.0,1123.3333333333333,1118.0,1119.0,1120.25,1143.4,1126.626483154297,5.080000000000018,1.0913582611267738,1789700,True,False
MITI.JK,272.0,266.0,271.2,277.6,258.2,221.2,201.66,28.200000000000017,5.8027369317229525,4260600,False,False
MIRA.JK,28.0,28.0,26.4,24.9,24.85,25.04,22.26,3.1499999999999986,11.829646953196463,52282300,False,False
MINE.JK,274.0,270.6666666666667,279.6,290.6,285.5,252.32,245.62,19.140000000000015,2.731325042767247,759800,False,False
MINA.JK,206.0,208.0,219.2,232.4,253.1,266.16,280.86,30.080000000000013,3.1893129042146198,62939900,False,False
MIKA.JK,1675.0,1690.0,1708.0,1728.5,1807.0,1802.0,1729.006846923828,26.4,1.0873815450066833,530900,False,False
MIDI.JK,258.0,258.6666666666667,260.4,263.4,268.1,275.24,281.65184997558595,8.620000000000005,0.7960651099888592,3021700,False,False
MICE.JK,500.0,500.3333333333333,507.8,522.9,538.45,529.28,510.7650512695312,19.225000000000023,4.353002998637239,729100,False,False
MHKI.JK,116.0,118.0,121.6,125.4,132.7,135.78,133.42521827697755,19.78,1.7210794694729359,3308000,False,False
MGRO.JK,735.0,718.3333333333334,712.0,698.5,692.5,681.9,675.05,10.620000000000005,1.549695412966468,4936700,False,False
MGNA.JK,146.0,169.0,183.8,194.9,154.75,122.94,110.99,71.96000000000001,14.403349361739723,44327500,False,False
MGLV.JK,14650.0,14875.0,15165.0,14997.5,14345.0,11465.5,9718.75,147.98,3.2055441558401205,377000,False,False
MERK.JK,3690.0,3770.0,3800.0,3845.0,3868.5,3909.8,3805.463466796875,21.980000000000018,1.009939493221906,59400,False,False
MERI.JK,107.0,106.0,110.6,114.3,117.85,115.04,114.37,11.849999999999994,3.0749563168607703,1136500,False,False
MEJA.JK,142.0,147.33333333333334,138.2,125.6,119.9,111.68,100.26,35.653333333333336,6.84410162778879,109268100,False,False
MEGA.JK,1950.0,1928.3333333333333,1935.0,1948.0,1960.5,1973.8,1970.15,9.093333333333339,1.3305756809959168,37200,False,False
MEDS.JK,71.0,72.0,75.2,79.1,82.05,77.3,80.58,11.049999999999997,5.481936019832714,23999000,False,False
MEDC.JK,1460.0,1468.3333333333333,1472.0,1485.0,1506.75,1405.0,1320.1299987792968,20.35,2.284683229257702,33861900,False,False
MDRN.JK,26.0,26.0,26.0,26.0,26.0,26.0,28.5,0.0,0.0,0,True,False
MDLN.JK,40.0,44.333333333333336,46.6,48.3,49.15,49.72,50.1,9.719999999999999,4.721964983785296,37655400,False,False
MDLA.JK,204.0,204.66666666666666,206.0,206.0,207.0,208.28,205.75811645507812,2.1400000000000006,0.8493003255597577,1327900,True,False
MDKI.JK,192.0,191.0,192.2,192.1,194.25,189.44,183.99724807739258,4.810000000000002,0.9499522286764083,285100,True,False
MDKA.JK,2920.0,2970.0,3010.0,2937.0,2949.0,2884.4,2769.2883569335936,12.559999999999992,3.450538412978489,48075500,False,False
MDIY.JK,950.0,950.0,952.0,950.0,949.75,944.3,896.560101928711,1.5400000000000091,1.295778116597788,208500,True,False
MDIA.JK,160.0,161.0,169.6,179.5,204.15,212.34,147.07,52.34,4.803422008051404,128595200,False,False
MCOR.JK,66.0,65.66666666666667,66.2,67.2,68.35,68.6,67.85,2.933333333333323,1.0440062435244903,2034100,True,False
MCOL.JK,3590.0,3620.0,3606.0,3624.0,3671.0,3704.8,3714.4666772460937,11.480000000000018,1.6756158326175545,9800,False,False
MCAS.JK,224.0,228.66666666666666,245.6,256.6,269.0,266.9,242.47,22.5,4.5947777466386,566200,False,False
MBTO.JK,150.0,177.33333333333334,168.0,160.9,150.55,135.76,122.92,41.57333333333335,13.507138020114157,19833800,False,False
MBSS.JK,2900.0,2893.3333333333335,2898.0,2897.0,2883.0,2829.8,2632.75,7.019999999999982,0.37941906087728466,1810000,False,False
MBMA.JK,500.0,498.6666666666667,505.2,512.1,518.35,526.16,515.86,13.746666666666641,3.3340322280913464,104738100,False,False
MBAP.JK,1715.0,1698.3333333333333,1712.0,1705.5,1718.0,1563.2,1502.35,30.95999999999999,2.114423011396856,75900,False,False
MAYA.JK,202.0,205.33333333333334,206.0,203.3,200.65,200.08,193.98,2.9599999999999937,3.2573116812813767,5012900,True,True
MAXI.JK,37.0,43.333333333333336,46.0,48.0,49.0,49.6,49.8,12.600000000000001,5.893122983927597,1757900,False,False
MASB.JK,3280.0,3283.3333333333335,3286.0,3280.0,3323.0,3362.2,3352.9,8.219999999999981,1.2521922987679774,10500,False,False
MARK.JK,1190.0,1181.6666666666667,1173.0,1174.0,1133.5,1080.1666650390625,977.7140155029297,21.96666699218749,3.230863980817835,18028900,False,False
MARI.JK,23.0,23.0,23.0,23.0,23.0,23.0,24.01,0.0,0.0,0,True,False
MAPI.JK,1550.0,1536.6666666666667,1526.0,1495.5,1439.75,1499.7,1496.9585705566406,22.05,1.9486664711074817,9805800,False,False
MAPB.JK,1100.0,1136.6666666666667,1108.0,1164.5,1191.75,1161.8,1188.6,18.35,6.793557138491262,36200,False,False
MAPA.JK,650.0,646.6666666666666,653.0,666.0,674.75,662.1,631.419917602539,5.616666666666674,2.6415364890696775,12615400,True,True
MANG.JK,35.0,35.666666666666664,36.6,37.5,39.1,39.14,41.65,4.140000000000001,2.174577987650996,8238500,True,False
MAIN.JK,630.0,631.6666666666666,643.0,654.0,669.5,676.6,694.1011755371094,9.320000000000004,1.2643402560477286,702900,False,False
MAHA.JK,136.0,137.66666666666666,140.2,143.1,144.9,144.84,139.86833419799805,8.900000000000006,2.1443819781374063,6468700,False,False
LUCK.JK,109.0,107.0,110.8,113.8,115.5,113.68,108.75,8.5,3.507868633133849,3955000,False,False
LTLS.JK,925.0,938.3333333333334,960.0,976.5,978.25,885.3,825.8954968261719,18.59000000000001,2.3051124091757025,458700,False,False
LSIP.JK,1505.0,1511.6666666666667,1532.0,1601.5,1640.75,1513.2,1380.5920361328126,27.15,1.809011308854785,8018800,False,False
LRNA.JK,206.0,210.66666666666666,214.8,216.8,211.7,196.54,190.56,10.13000000000001,1.8909188641593275,563400,False,False
LPPS.JK,65.0,63.333333333333336,69.0,75.0,78.6,80.32,75.88,16.986666666666657,7.539817493813071,3441400,False,False
LPPF.JK,1575.0,1578.3333333333333,1575.0,1579.0,1604.75,1594.2,1574.75,5.95,2.2910504677726133,1378000,True,True
LPLI.JK,212.0,216.66666666666666,223.6,227.2,232.9,241.44,244.26,14.719999999999999,2.3216940716574928,196000,False,False
LPKR.JK,46.0,46.333333333333336,48.2,51.5,56.5,60.14,63.13,14.14,5.646887486119868,373588200,False,False
LPIN.JK,430.0,433.3333333333333,432.4,432.4,431.8,425.36,414.68,3.9866666666666504,1.1367033238757656,114200,True,False
LPGI.JK,640.0,643.3333333333334,644.0,644.0,642.5,638.8,659.1,1.0400000000000091,0.4413420377430843,2100,True,False
LPCK.JK,510.0,510.0,521.0,557.5,577.0,577.4,549.79,13.479999999999995,2.906040083329586,211500,False,False
LOPI.JK,61.0,60.0,61.4,62.5,63.8,68.22,72.14,8.219999999999999,3.8601592257211172,10434900,False,False
LMPI.JK,160.0,160.33333333333334,162.4,162.7,162.05,154.04,148.41,8.659999999999997,1.896205830401069,128000,False,False
LMAX.JK,103.0,101.66666666666667,104.0,105.4,107.5,110.88,107.96,9.213333333333324,2.8617855274604693,121400,False,False
LIVE.JK,153.0,155.0,159.0,168.3,179.15,193.44,205.0,40.44,2.468083075766721,831000,False,False
LION.JK,346.0,352.0,358.4,364.6,372.6,359.24,353.36,13.300000000000011,2.5935354612270474,26000,False,False
LINK.JK,1570.0,1563.3333333333333,1579.0,1627.0,1637.0,1521.8,1461.95,23.04000000000001,2.8861886625466915,3000,False,False
LIFE.JK,8500.0,9083.333333333334,10200.0,11257.5,11932.5,8556.0,7370.04,137.3,6.8088654877374255,72900,False,False
LFLO.JK,555.0,553.3333333333334,561.0,574.0,547.75,518.94,527.9010940551758,11.01199999999999,4.297909294779471,16900,False,False
LEAD.JK,94.0,96.33333333333333,99.8,101.8,106.65,107.02,103.93,13.019999999999996,2.6793824797715566,11097000,False,False
LCKM.JK,109.0,109.0,109.0,109.0,109.0,109.18,111.96,0.18000000000000682,0.0,0,True,False
LAPD.JK,78.0,75.66666666666667,78.8,79.8,77.1,70.56,68.87,9.239999999999995,7.001204312367262,50406700,False,False
LAND.JK,53.0,58.0,63.2,66.3,70.05,73.82,69.01,20.819999999999993,8.40072488755701,65910800,False,False
LAJU.JK,52.0,56.666666666666664,61.4,65.1,68.55,67.72,66.91389583587646,16.549999999999997,4.600315433229624,40956800,False,False
LABS.JK,146.0,147.66666666666666,158.8,164.7,169.55,162.94,156.26,23.55000000000001,4.867290384697971,776000,False,False
LABA.JK,101.0,102.66666666666667,107.8,115.1,121.2,107.52,101.26,20.200000000000003,4.402420157331178,10651600,False,False
KUAS.JK,98.0,90.0,93.8,96.6,99.9,95.54,94.74860855102538,9.900000000000006,7.284008277120561,35132700,False,False
KSIX.JK,380.0,384.0,392.0,402.2,406.5,379.24,354.84,13.629999999999995,2.0538904236749413,269700,False,False
KRYA.JK,43.0,47.333333333333336,53.2,59.4,63.55,62.94,62.0,20.549999999999997,5.6940889769270875,49871000,False,False
KREN.JK,17.0,17.0,16.4,15.7,15.25,14.04,13.63,2.960000000000001,10.186376624308544,142776000,False,False
KRAS.JK,220.0,219.33333333333334,222.4,225.2,235.2,230.88,224.1,7.933333333333323,3.0205567337370165,2939300,False,False
KPIG.JK,48.0,47.0,49.2,58.5,65.2,71.12,79.09,24.120000000000005,7.434629792984486,1492147500,False,False
KOTA.JK,172.0,170.66666666666666,176.2,181.5,195.7,171.68,137.87,25.03333333333333,3.663897679189984,191316800,False,False
KOPI.JK,196.0,196.66666666666666,197.4,201.0,203.45,204.56,200.62,8.560000000000002,1.6597787947923357,696100,False,False
KONI.JK,1940.0,1978.3333333333333,2027.0,2046.5,2093.75,2249.3,2471.45,61.860000000000035,2.4229372288465405,5400,False,False
KOKA.JK,157.0,154.0,164.8,174.8,181.55,189.34,156.36,35.34,5.629913699638023,5642800,False,False
KOIN.JK,78.0,78.0,78.0,78.0,78.0,78.0,77.45,0.0,0.0,0,True,False
KOCI.JK,97.0,99.66666666666667,105.4,111.3,115.3,109.2,103.31921005249023,18.299999999999997,3.34086502192152,23233500,False,False
KOBX.JK,170.0,169.33333333333334,173.0,175.0,176.25,169.84,162.0,6.916666666666657,2.093947467239706,1605900,False,False
KMTR.JK,244.0,248.0,250.0,250.6,252.8,241.88,236.36,5.460000000000008,1.73320118883062,37800,True,False
KMDS.JK,520.0,520.0,520.0,523.0,522.25,528.8,529.6696243286133,1.759999999999991,0.6975913124855551,72400,True,False
KLIN.JK,111.0,114.0,118.0,119.3,118.9,117.66,113.89,8.299999999999997,2.787379274822909,148000,False,False
KLBF.JK,725.0,726.6666666666666,734.0,746.5,754.75,763.4,760.4993145751953,7.679999999999995,1.4787913192809727,37916500,False,False
KLAS.JK,69.0,71.0,74.6,78.6,81.95,79.56,75.1,12.950000000000003,3.9487634345708456,3868900,False,False
KKGI.JK,288.0,291.3333333333333,297.6,299.1030334472656,292.99696960449216,273.927275390625,262.1916287231445,12.587879028320287,2.578207512398508,4683000,False,False
KKES.JK,61.0,64.33333333333333,71.8,80.3,86.2,75.92,61.19,25.200000000000003,7.18200076518717,53329900,False,False
KJEN.JK,166.0,164.0,161.4,161.7,161.9,154.88,143.37,11.120000000000005,2.581038753002793,14270200,False,False
KIOS.JK,73.0,74.66666666666667,82.4,90.1,95.65,96.04,92.0,23.040000000000006,5.701574797226355,15288700,False,False
KINO.JK,1350.0,1341.6666666666667,1358.0,1376.0,1375.75,1318.5,1211.8699926757813,11.5,1.6377332283227672,64100,False,False
KING.JK,326.0,344.6666666666667,371.6,381.4,372.2,317.36,376.45,32.01999999999998,4.84031650707565,12742000,False,False
KIJA.JK,165.0,168.66666666666666,173.8,175.7,186.6,166.62,148.73,21.599999999999994,3.8255058362705796,244009300,False,False
KICI.JK,254.0,280.6666666666667,287.2,294.2,282.2,235.16,212.94,29.519999999999996,10.700407517799976,5890900,False,False
KETR.JK,990.0,990.0,974.0,962.0,929.5,744.2,648.89,49.15999999999999,4.653606555892041,55288800,False,False
KEJU.JK,580.0,590.0,593.0,594.5,603.75,585.7,575.75,4.75,0.9734358160638075,249800,True,False
KEEN.JK,850.0,840.0,845.0,854.5,896.5,883.7,863.437015991211,11.3,1.842248708938285,7921600,False,False
KDTN.JK,386.0,388.0,380.8,378.0,394.3,399.0,563.04,10.5,3.315497073001051,5206300,False,False
KDSI.JK,456.0,460.6666666666667,462.4,459.8,463.3,459.0,450.42,3.6500000000000057,1.7644451895944027,8600,True,False
KBLV.JK,99.0,100.66666666666667,107.4,115.4,123.7,131.58,111.4,32.58000000000001,3.3859986224532173,9892800,False,False
KBLM.JK,322.0,331.3333333333333,341.6,357.6,350.2,321.48,307.5837066650391,18.060000000000002,1.2122794875749183,63100,False,False
KBLI.JK,340.0,346.6666666666667,351.6,360.2,351.0,335.96,320.80299285888674,12.120000000000005,1.0904352735682803,693500,False,False
KBAG.JK,37.0,39.0,39.8,40.6,42.55,44.44,42.01,7.439999999999998,5.9903426386154495,19041100,False,False
KARW.JK,212.0,212.0,212.0,212.0,212.0,212.0,230.96,0.0,0.0,0,True,False
KAQI.JK,83.0,85.33333333333333,87.8,91.0,94.95,94.12,93.8,11.950000000000003,1.9371876309780502,9868000,False,False
KAEF.JK,414.0,414.6666666666667,420.8,431.0,443.45,445.46,462.64,15.72999999999999,1.4351176529294165,1435700,False,False
JTPE.JK,585.0,588.3333333333334,590.0,592.5,599.5,606.5,601.0575,4.3,1.1932150623816082,475200,True,False
JSPT.JK,1370.0,1368.3333333333333,1399.0,1431.0,1427.75,1413.8,1360.3085693359376,12.53333333333335,2.7640592386622442,72600,False,False
JSMR.JK,2660.0,2690.0,2720.0,2774.0,2872.5,2809.2,2795.6515380859373,21.25,1.316317529626327,1422200,False,False
JRPT.JK,1150.0,1150.0,1150.0,1144.0,1125.5,1097.8,1083.04259765625,10.440000000000008,0.84703865897367,689000,False,False
JPFA.JK,2060.0,2086.6666666666665,2140.0,2210.0,2258.5,2218.8,2192.25,19.85,1.7472294834694018,10212500,False,False
JMAS.JK,228.0,228.0,228.0,228.0,228.0,228.0,237.72,0.0,0.0,0,True,False
JKON.JK,80.0,79.66666666666667,80.4,82.1,84.25,82.12,74.86223918914794,4.583333333333329,2.137501302308883,9083700,True,True
JIHD.JK,398.0,401.3333333333333,406.4,417.2,435.6,434.8,431.98,18.80000000000001,1.119606704595685,453900,False,False
JGLE.JK,50.0,51.333333333333336,57.2,63.8,72.6,76.68,68.63,26.680000000000007,5.438203483370802,257380400,False,False
JECC.JK,685.0,713.3333333333334,740.0,788.0,761.75,685.0,654.3711444091797,20.6,2.9943486990201307,84300,False,False
JAYA.JK,152.0,151.33333333333334,156.2,159.3,158.2,142.24,133.67,17.060000000000002,6.146974531253225,1105400,False,False
JAWA.JK,171.0,175.33333333333334,173.2,170.9,159.5,140.46,133.27,34.873333333333335,10.273090498282501,35226300,False,False
JATI.JK,107.0,110.0,113.0,114.6,113.7,104.86,100.34706573486328,9.739999999999995,2.100607270699721,14569700,False,False
JAST.JK,82.0,81.0,84.4,86.4,90.15,87.92,85.89,9.150000000000006,4.6693474293116335,4267800,False,False
JARR.JK,3350.0,3430.0,3438.0,3541.0,3520.0,2770.2,2281.3339575195314,77.08000000000001,7.516243401358216,12052700,False,False
ITMG.JK,24975.0,25366.666666666668,25270.0,25720.0,25995.0,25337.5,24120.25,40.8,1.6549865073592784,1709700,False,False
ITMA.JK,1380.0,1363.3333333333333,1376.0,1412.0,1462.75,1418.1,1517.3,19.883333333333347,1.4314976275889923,22400,False,False
ITIC.JK,194.0,198.33333333333334,200.2,204.5,214.65,218.7,215.4,24.69999999999999,1.5954750883782942,417800,False,False
ISSP.JK,400.0,397.3333333333333,399.6,405.6,427.1,426.04,408.1800033569336,14.883333333333354,1.5896315313258098,1762700,False,False
ISEA.JK,77.0,76.33333333333333,80.4,84.7,86.25,83.5,77.42,9.916666666666671,3.5075200336380665,3170600,False,False
ISAT.JK,2300.0,2296.6666666666665,2342.0,2353.0,2370.5,2298.0,2125.7492407226564,7.383333333333349,2.58065990977205,38979800,False,False
ISAP.JK,24.0,24.0,24.0,24.6,24.9,24.56,24.86,0.8999999999999986,5.131488621858147,84745700,False,False
IRSX.JK,348.0,358.6666666666667,390.8,406.4,409.0,372.92,347.1680252075195,30.5,6.2595896192956,74772800,False,False
IRRA.JK,344.0,347.3333333333333,352.8,359.0,369.2,371.08,374.82,13.539999999999992,0.8709681430381447,865700,False,False
IPTV.JK,25.0,24.0,25.2,27.4,29.25,30.2,32.78,6.199999999999999,4.658454850554972,56782000,False,False
IPOL.JK,111.0,112.0,114.6,115.3,116.05,112.38,112.03,5.049999999999997,2.185495088758013,648300,True,False
IPCM.JK,284.0,284.0,284.4,286.8,290.1,299.96,302.6264144897461,7.97999999999999,0.8064209390315145,234100,False,False
IPCC.JK,1080.0,1081.6666666666667,1085.0,1094.0,1116.5,1147.5,1148.2622161865233,13.5,1.0675363838250191,1085700,False,False
IPAC.JK,189.0,189.0,189.0,189.0,187.75,176.22,162.14,12.780000000000001,0.0,0,False,False
IOTF.JK,46.0,49.333333333333336,55.0,59.0,62.1,60.48,57.76,16.1,6.462328809838616,42402300,False,False
INTP.JK,5000.0,5011.666666666667,5087.0,5156.0,5259.25,5202.2,4776.451435546875,25.925,1.621086251279514,698600,False,False
INTD.JK,404.0,408.6666666666667,392.8,340.2,307.2,283.64,259.4,62.51333333333335,11.055689038402281,1904500,False,False
INTA.JK,61.0,61.0,61.0,61.0,61.0,61.0,63.71,0.0,0.0,0,True,False
INPS.JK,1065.0,1065.0,1065.0,1037.5,901.5,771.0,709.85,58.8,4.724238075948884,0,False,False
INPP.JK,700.0,701.6666666666666,705.0,712.5,732.0,723.0826489257812,733.4006018066407,6.4,1.5863372460576661,700,False,False
INPC.JK,142.0,143.66666666666666,146.0,148.9,156.95,147.82,141.96,14.949999999999989,1.7828379883502936,3145300,False,False
INOV.JK,133.0,130.33333333333334,132.2,134.1,136.75,139.06,131.42,8.72666666666666,2.184090221338601,1319200,False,False
INKP.JK,8075.0,8091.666666666667,8175.0,8375.0,8677.5,8512.5,8056.45443359375,24.1,1.8921144199248137,3369500,False,False
INET.JK,282.0,286.0,300.4,312.6,331.0,288.8,253.36,24.5,4.1038850483487685,267946700,False,False
INDY.JK,2630.0,2653.3333333333335,2718.0,2710.0,2767.5,2667.4,2483.0572119140625,13.75,4.14079774406138,17650200,False,False
INDX.JK,60.0,60.0,60.0,60.0,60.0,60.0,66.02,0.0,2.837818317547164e-07,0,True,False
INDS.JK,236.0,239.33333333333334,242.4,247.0,256.7,266.08,273.23680252075195,15.039999999999992,1.2942770825987786,2718500,False,False
INDR.JK,2930.0,2940.0,2966.0,2934.0,2917.0,2544.6,2309.1,42.14000000000001,3.783558149405631,62300,False,False
INDO.JK,168.0,168.66666666666666,172.2,177.5,181.8,178.84,170.06,13.800000000000011,1.11899012562731,24496800,False,False
INDF.JK,6700.0,6700.0,6795.0,6932.5,7123.75,7164.0,6805.545336914062,18.56,1.1123735431042703,5262400,False,False
INCO.JK,4280.0,4453.333333333333,4574.0,4668.0,4752.5,4994.4,4917.138232421875,71.43999999999997,3.2342335492563565,16484400,False,False
INCI.JK,780.0,781.6666666666666,790.0,799.5,796.75,721.3,687.5336041259766,15.64000000000001,1.0285759167719888,121200,False,False
INCF.JK,50.0,50.0,50.0,50.0,50.0,50.0,50.4,0.0,0.0,0,True,False
INAI.JK,151.0,151.33333333333334,160.2,170.4,173.35,174.6,163.04,23.599999999999994,4.783999905720265,2271100,False,False
IMPC.JK,1420.0,1430.0,1468.0,1558.5,1583.0,1518.9,1599.1,32.6,3.599993149285526,13266000,False,False
IMJS.JK,168.0,170.33333333333334,175.6,181.1,184.0,170.04,159.62053375244142,16.0,2.044681023937735,1591900,False,False
IMAS.JK,850.0,856.6666666666666,859.0,867.5,891.75,876.6,874.7398150634766,8.35,1.412844955829044,140100,False,False
IKPM.JK,175.0,178.0,180.4,178.9,183.9,188.68,187.76,13.680000000000007,2.2032552154115543,65200,False,False
IKBI.JK,540.0,538.3333333333334,536.0,542.5,539.25,542.7468072509765,518.4944039916992,1.3493614501953062,2.454408804326401,111100,True,False
IKAN.JK,78.0,79.33333333333333,83.6,86.7,88.45,87.4,83.44,10.450000000000003,3.803822347712047,2779000,False,False
IKAI.JK,21.0,21.666666666666668,21.4,20.8,20.35,20.42,19.98,1.3166666666666664,8.338103321151946,121934800,False,False
IGAR.JK,466.0,470.0,476.6,473.7,473.85,458.1,440.8413543701172,9.25,5.0754674550091545,41500,False,False
IFSH.JK,1560.0,1270.0,1169.0,1090.5,1079.75,1108.9,1254.637618408203,96.05,11.25343081209467,243900,False,False
IFII.JK,204.0,207.30188496907553,208.74339599609374,207.6764144897461,204.11603698730468,203.26867950439453,208.35650924682616,2.737358245849606,2.10393337406526,373500,True,False
IDPR.JK,254.0,252.66666666666666,255.6,262.2,268.4,274.28,285.05194488525393,10.806666666666658,1.8202155690034183,2800,False,False
IDEA.JK,148.0,148.0,145.4,128.0,97.55,76.86,69.85,71.14,5.001758208694572,0,False,False
ICON.JK,132.0,138.33333333333334,142.4,147.3,144.8,129.2,120.63,18.100000000000023,4.046541675897679,19646100,False,False
ICBP.JK,6675.0,6658.333333333333,6765.0,6815.0,7007.5,7238.5,6868.381455078125,23.206666666666678,2.2699740285407013,2701000,False,False
IBST.JK,8475.0,8475.0,8475.0,8475.0,8475.0,8475.0,8475.0,0.0,0.0,0,True,False
IBOS.JK,84.0,86.33333333333333,89.4,91.4,93.0,80.98,82.17,12.019999999999996,4.120670505487227,4324700,False,False
IBFN.JK,63.0,63.0,63.0,63.0,63.0,63.0,64.86,0.0,0.0,0,True,False
IATA.JK,93.0,92.66666666666667,98.4,105.6,118.2,105.42,85.65,25.53333333333333,4.4971475790608775,246589500,False,False
HYGN.JK,182.0,180.66666666666666,180.8,181.3,185.1,175.72,159.85920028686525,9.379999999999995,1.342340257047303,979100,False,False
HUMI.JK,116.0,117.33333333333333,122.4,126.1,133.6,139.05846725463869,136.32761741638183,23.058467254638686,4.673114620560174,29802600,False,False
HRUM.JK,870.0,876.6666666666666,878.0,881.5,909.75,880.3,832.45,7.95,1.9103513011861855,9757900,False,False
HRTA.JK,2180.0,2210.0,2248.0,2198.0,2211.5,2141.2,2123.5952392578124,10.680000000000017,3.3060535711889756,8721700,False,False
HRME.JK,37.0,40.333333333333336,42.0,43.2,43.5,42.64,44.41,6.5,4.454444926890693,27209300,False,False
HOPE.JK,270.0,273.3333333333333,276.0,258.4,242.8,232.2,183.3,21.900000000000006,8.778245744593344,10675700,False,False
HOMI.JK,234.0,233.33333333333334,237.2,243.6,239.8,211.7,204.13,15.950000000000003,1.9290642052273235,949200,False,False
HOKI.JK,39.0,44.0,46.4,48.7,52.2,53.82,55.31,14.82,5.305342591735164,110070700,False,False
HMSP.JK,630.0,633.3333333333334,636.0,642.5,687.5,718.3,691.1705322265625,17.65999999999999,0.5406025759466485,14618800,False,False
HILL.JK,16.0,16.0,16.0,16.0,16.0,16.0,16.13,0.0,0.0,0,True,False
HGII.JK,139.0,139.0,140.4,140.5,140.1,130.84,129.10397903442382,9.659999999999997,2.205176575331031,1285600,False,False
HEXA.JK,3600.0,3733.3289388020835,3837.9919921875,3994.9890869140627,4237.487048339844,4359.185903320313,4379.3855859375,75.91859033203127,2.9946603695581673,639700,False,False
HERO.JK,316.0,318.6666666666667,322.0,328.8,332.5,336.72,345.5,10.360000000000014,0.8946644355888416,84000,False,False
HELI.JK,276.0,255.33333333333334,252.0,239.0,221.1,203.04,191.51,36.480000000000004,6.423605525413237,7443300,False,False
HEAL.JK,615.0,621.6666666666666,627.0,644.5,662.5,715.5,811.3,20.1,1.4850165425517485,6883500,False,False
HDIT.JK,37.0,43.333333333333336,46.0,48.0,49.0,49.92,51.22,12.920000000000002,5.893122983927597,48706200,False,False
HDFA.JK,92.0,89.33333333333333,94.6,98.7,100.1,97.6,94.56,10.766666666666666,4.998045035423874,3247100,False,False
HBAT.JK,378.0,370.6666666666667,384.0,382.4,347.9,281.52,330.43,51.24000000000001,4.5961730209503395,1051900,False,False
HATM.JK,540.0,548.3333333333334,541.0,544.5,569.5,556.2,453.0989303588867,5.9,3.985126341911998,4866200,False,False
HALO.JK,63.0,62.333333333333336,65.0,68.4,71.35,69.84,68.7,9.016666666666659,3.7691265255694906,4260800,False,False
HAJJ.JK,102.0,103.66666666666667,105.4,108.1,109.6,108.56,109.23,7.599999999999994,2.6170086353734177,3017100,False,False
HAIS.JK,177.0,176.66666666666666,177.6,180.3,183.7,183.04,179.46,7.033333333333331,1.4278788036521721,383500,False,False
HADE.JK,27.0,27.666666666666668,29.0,27.1,24.2,20.46,18.4,8.54,7.185334874757262,43191500,False,False
GZCO.JK,166.0,169.66666666666666,175.2,180.7,188.95,177.1,164.46,22.94999999999999,3.3733221405359717,9788400,False,False
GWSA.JK,145.0,152.0,162.8,161.5,165.2,151.08,137.89,20.19999999999999,6.109224316946262,1940300,False,False
GUNA.JK,220.0,219.33333333333334,219.6,219.8,219.8,212.14,192.18806106567382,3.930000000000007,0.4305189785757642,360700,True,False
GULA.JK,780.0,790.0,806.0,813.0,810.0,782.6,666.76,6.6,1.8688561600595628,8968400,False,False
GTSI.JK,134.0,139.66666666666666,145.0,148.4,158.15,164.5,155.76837257385253,30.5,4.5854748318431096,22744200,False,False
GTRA.JK,262.0,256.0,257.6,252.6,256.1,244.08,221.73,8.959999999999994,2.404743071738234,455000,False,False
GTBO.JK,120.0,128.66666666666666,131.6,138.3,147.5,161.0,171.87,41.0,3.263518133627461,55100,False,False
GSMF.JK,86.0,87.33333333333333,90.8,95.6,98.45,93.56,93.38,12.450000000000003,2.051485312203942,2326700,False,False
GRPM.JK,120.0,127.66666666666667,134.4,149.1,160.55,191.96,225.38,71.96000000000001,5.63784692733992,10394200,False,False
GRPH.JK,106.0,113.33333333333333,122.4,128.3,128.3,91.98,76.08,36.32000000000001,6.302076154029186,20135300,False,False
GRIA.JK,151.0,152.0,163.6,168.8,168.4,155.58,136.96,17.80000000000001,5.467099680787697,4928100,False,False
GPSO.JK,230.0,224.0,236.4,257.0,274.3,288.0,345.82,32.0,4.9608061989068375,26073800,False,False
GPRA.JK,102.0,101.66666666666667,101.8,102.4,104.6,105.88,103.89509735107421,4.213333333333324,2.3954116493914728,21956300,True,False
GOTO.JK,37.0,43.333333333333336,46.0,48.0,49.0,49.6,49.8,12.600000000000001,5.893122983927597,186221200,False,False
GOOD.JK,304.0,304.0,306.4,308.2,312.7,306.76,313.52,4.349999999999994,1.0264418937628406,55700,True,False
GOLF.JK,167.0,168.66666666666666,171.2,173.2,170.6,165.78,166.50287155151366,7.4199999999999875,1.9120380584319232,2385900,False,False
GOLD.JK,268.0,272.0,274.0,276.6,276.9,272.96,266.06,4.449999999999989,1.0845572869132165,55500,True,False
GMTD.JK,1025.0,1063.3333333333333,1102.0,1161.0,1257.25,1292.6,1388.25,53.51999999999998,1.9843363904162001,12300,False,False
GMFI.JK,52.0,52.333333333333336,53.8,55.6,57.35,57.34,55.14,5.350000000000001,2.426530557750114,86577200,True,False
GLVA.JK,330.0,326.6666666666667,328.8,331.4,329.0,317.12,314.1767092895508,7.139999999999986,2.2210728629910186,23700,False,False
GJTL.JK,1235.0,1243.3333333333333,1262.0,1293.0,1331.5,1310.4,1213.6456213378906,19.3,1.1256176410494458,2391500,False,False
GIAA.JK,57.0,56.333333333333336,57.6,59.9,62.95,62.48,59.34,6.616666666666667,2.245104674874667,75674500,False,False
GHON.JK,1625.0,1623.3333333333333,1629.0,1642.5,1653.25,1635.0,1684.35,5.9833333333333485,0.8392378424067849,5700,True,False
GGRP.JK,350.0,342.0,341.2,335.0,328.7,311.44,300.2552145385742,19.28,2.312126999404188,2781600,False,False
GGRM.JK,16850.0,17100.0,17270.0,17485.0,18553.75,19188.0,17415.975,93.52,1.4584332226143195,943600,False,False
GEMS.JK,7300.0,7266.666666666667,7280.0,7275.0,7387.5,6937.0,6859.0,18.02,1.827868887557331,238800,False,False
GEMA.JK,78.0,79.66666666666667,82.8,86.4,89.45,84.9,82.45166603088379,11.450000000000003,2.8415292600210464,2636100,False,False
GDYR.JK,1090.0,1103.3333333333333,1098.0,1104.5,1114.0,1107.3,1097.4,4.8,1.2231426311447373,81900,True,False
GDST.JK,107.0,107.0,112.8,117.1,115.6,111.02,98.62,10.099999999999994,7.786257782908747,6660000,False,False
FWCT.JK,77.0,74.66666666666667,80.2,84.8,88.1,90.48,85.44,15.813333333333333,6.087325360287086,14584100,False,False
FUTR.JK,260.0,265.3333333333333,268.4,265.8,290.1,304.36,244.89,22.180000000000007,3.877874219857441,19098000,False,False
FUJI.JK,276.0,282.0,283.2,280.6,264.1,249.32,253.85,16.939999999999998,6.627113636754743,917000,False,False
FPNI.JK,492.0,489.3333333333333,505.6,521.3,550.9,491.56,419.38,30.78333333333333,7.1132709193951245,3468500,False,False
FORU.JK,262.0,309.3333333333333,291.6,230.7184585571289,1527.597794342041,2128.7391177368163,2305.8195588684084,949.0103295898436,21.91646404714655,1991400,False,False
FORE.JK,800.0,793.3333333333334,801.0,798.0,799.5,769.6,754.2,6.279999999999996,2.4849673848655143,2961600,False,False
FOOD.JK,176.0,176.0,176.0,176.0,176.0,176.0,173.98,0.0,0.0,0,True,False
FOLK.JK,190.0,193.33333333333334,205.6,224.4,224.75,209.0,215.07,34.75,5.744788254929412,8953200,False,False
FMII.JK,238.0,240.66666666666666,239.6,242.0,247.4,249.64,247.16,5.819999999999993,3.1120693662651546,72900,True,False
FLMC.JK,124.0,132.33333333333334,131.0,118.9,119.75,93.44,100.5,38.893333333333345,8.628349267971338,7408200,False,False
FITT.JK,404.0,418.6666666666667,433.2,435.8,442.4,396.56,386.58,22.919999999999987,3.5921750724920902,492900,False,False
FISH.JK,615.0,621.6666666666666,626.0,644.5,640.5,624.3,636.92642578125,5.9,3.208239213607215,46700,True,False
FIRE.JK,108.0,107.33333333333333,113.0,117.9,121.2,114.14,112.19,13.866666666666674,4.195606138819927,5183500,False,False
FILM.JK,625.0,635.0,668.0,699.5,766.5,898.6,1404.55,54.720000000000006,7.414331591657167,11723200,False,False
FAST.JK,400.0,410.0,418.0,424.0,438.4,410.44,330.46,19.19999999999999,3.6227515031966937,10876000,False,False
FAPA.JK,7425.0,7416.666666666667,7420.0,7425.0,7446.25,7404.5,7313.29833984375,1.67,0.3552753605853382,100,True,False
EXCL.JK,2370.0,2336.6666666666665,2370.0,2430.0,2553.5,2587.8,2629.0,25.113333333333365,2.0504907219134494,6662900,False,False
EURO.JK,1380.0,1393.3333333333333,1426.0,1456.5,1436.5,1633.2,1747.5886291503907,50.64000000000001,3.9721900283809357,43700,False,False
ESTI.JK,139.0,142.66666666666666,150.8,156.8,163.0,160.12,144.2219209289551,24.0,3.751428425974653,2380400,False,False
ESTA.JK,137.0,143.33333333333334,151.6,166.1,170.35,175.5,182.12,38.5,4.246087017760982,897600,False,False
ESSA.JK,580.0,576.6666666666666,587.0,595.0,638.25,637.0,622.5919421386719,12.316666666666674,1.8002282042483715,65573500,False,False
ESIP.JK,95.0,95.66666666666667,102.6,109.8,116.55,122.84,128.63964599609375,27.840000000000003,4.147320632469156,6711700,False,False
ERTX.JK,154.0,161.0,165.6,169.9,176.7,179.96,165.88,25.960000000000008,2.170634887439158,581300,False,False
ERAL.JK,302.0,307.3333333333333,310.8,315.2,319.4,308.16,291.62315856933594,8.699999999999989,2.6586900576450105,5116100,False,False
ERAA.JK,595.0,601.6666666666666,606.0,610.5,597.75,504.5,424.99300262451175,21.2,2.092986802218657,80651800,False,False
EPMT.JK,2630.0,2633.3333333333335,2632.0,2634.0,2540.0,2425.6,2371.7,20.84000000000001,0.45392665365960644,43600,False,False
EPAC.JK,39.0,44.0,46.4,48.2,51.7,56.68,62.71,17.68,5.062819997067817,146204100,False,False
ENZO.JK,57.0,61.0,67.6,71.8,73.9,72.74,71.95,16.900000000000006,6.233860208626542,45392100,False,False
ENRG.JK,1325.0,1335.0,1315.0,1305.0,1360.75,1310.1483361816406,1321.4241680908203,11.15,3.2264878700302133,81612800,False,False
ENAK.JK,188.0,190.66666666666666,196.4,205.8,218.5,233.6,258.66,45.599999999999994,1.8100553110380297,182400,False,False
EMTK.JK,402.0,410.0,421.2,446.4,478.35,505.14,545.4524768066407,51.56999999999999,2.0215951080842793,37929900,False,False
EMDE.JK,64.0,65.66666666666667,70.2,73.4,76.1,75.04,70.76,12.099999999999994,3.986075759877647,2858300,False,False
EMAS.JK,7550.0,7558.333333333333,7605.0,7595.0,7990.0,7616.5,7229.0,17.6,1.752812305447104,15351900,False,False
ELTY.JK,33.0,33.333333333333336,33.6,33.7,34.95,35.54,31.67,2.539999999999999,9.978762305520906,1031569500,False,False
ELSA.JK,685.0,676.6666666666666,679.0,688.0,709.0,700.6,646.119585571289,6.466666666666674,1.5428617709840244,16726200,False,False
ELPI.JK,595.0,593.3333333333334,604.0,612.0,646.25,712.7,1007.74099609375,23.873333333333335,3.679400742382308,344600,False,False
ELIT.JK,244.0,246.0,256.4,267.6,268.9,222.72,200.68,23.08999999999999,4.864679903846021,10038800,False,False
EKAD.JK,386.0,380.6666666666667,387.2,392.8,403.8,310.9,237.8261103820801,46.45000000000002,3.2414780609072,9499300,False,False
ECII.JK,150.0,151.0,157.0,161.8,165.9,160.8,151.48,15.900000000000006,4.073187000177055,244800,False,False
EAST.JK,89.0,89.0,89.2,89.3,89.55,89.78347839355469,88.24043510437012,0.7834783935546881,0.6334126789306029,1204000,True,True
DYAN.JK,81.0,79.33333333333333,83.0,85.6,86.75,85.8,82.22,7.416666666666671,7.577026516785418,82641300,False,False
DWGL.JK,210.0,210.66666666666666,218.0,221.2,229.6,281.76,264.56,35.879999999999995,2.947819020041155,2155700,False,False
DVLA.JK,1580.0,1580.0,1581.0,1582.0,1589.25,1585.3,1551.9049633789064,1.85,0.290225502056606,24100,True,False
DUTI.JK,4700.0,4763.333333333333,4774.0,4783.0,4786.5,4597.2,4234.63056640625,18.930000000000017,0.7158069685010912,400,False,False
DSSA.JK,1090.0,1066.6666666666667,1072.0,1063.0,1100.5,1015.4,903.98,17.020000000000003,4.4503842461081655,196754500,False,False
DSNG.JK,1500.0,1546.6666666666667,1551.0,1589.0,1620.75,1474.6,1341.8102990722657,29.230000000000018,3.6641024195931085,6166300,False,False
DSFI.JK,85.0,92.0,95.0,95.4,91.6,86.46,80.67,10.400000000000006,8.453819152589343,50040100,False,False
DRMA.JK,930.0,926.6666666666666,940.0,954.0,981.75,972.8,957.0,11.016666666666675,1.5151863732041728,675100,False,False
DPUM.JK,110.0,119.66666666666667,128.6,140.3,129.5,110.02,125.81,30.30000000000001,8.053767752864905,54718100,False,False
DOSS.JK,163.0,167.0,170.6,171.5,170.4,164.4,148.89661964416504,8.5,3.8087085713430087,4109900,False,False
DOOH.JK,358.0,366.0,382.0,397.0,375.7,314.62,221.55,41.19,7.770954668966636,186159000,False,False
DOID.JK,230.0,216.0,219.6,225.6,237.2,226.92,217.34,10.599999999999994,5.163747684755519,33817100,False,False
DNET.JK,9975.0,9866.666666666666,9815.0,9795.0,9870.0,9853.0,9871.5,7.2,0.7066237240020575,5500,False,False
DNAR.JK,121.0,121.33333333333333,123.4,126.6,130.4,126.86,122.04,9.400000000000006,1.130522603197447,830300,False,False
DMND.JK,600.0,601.6666666666666,618.0,628.5,622.0,620.6,614.0503979492188,5.7,2.8841257815186316,42300,True,False
DMMX.JK,167.0,171.33333333333334,177.4,181.8,185.25,184.62,176.9608248901367,18.25,2.1573355909436627,539100,False,False
DMAS.JK,183.0,183.0,186.2,187.8,192.6,170.26,153.47397369384765,22.340000000000003,2.9900223975005966,147089400,False,False
DLTA.JK,1765.0,1771.6666666666667,1779.0,1783.0,1787.75,1784.6,1763.7589111328125,4.55,0.3026007013538694,31500,True,False
DKHH.JK,72.0,72.0,70.8,69.7,70.3,66.46,64.88,5.540000000000006,1.8794881359591735,22988800,True,True
DKFT.JK,660.0,650.0,656.0,661.0,666.1749938964844,647.3171301269531,645.3064141845703,3.771572753906253,2.911061141040284,3366400,True,True
DIVA.JK,122.0,127.33333333333333,134.2,137.4,137.25,134.06,128.31,15.400000000000006,4.808535619838942,3492000,False,False
DILD.JK,112.0,111.66666666666667,112.6,114.1,117.2,117.16,116.76,5.533333333333331,1.3683501715618476,9871500,True,False
DIGI.JK,29.0,29.0,29.0,29.0,29.0,29.0,30.46,0.0,0.0,0,True,False
DGWG.JK,324.0,318.6666666666667,320.8,322.8,331.3,320.0,313.0317541503906,6.316666666666663,1.585177914836271,9850600,False,False
DGNS.JK,278.0,258.6666666666667,256.4,264.0,266.6,246.52,240.38,15.739999999999995,5.150323624169272,3297100,False,False
DGIK.JK,137.0,134.66666666666666,135.2,136.1,138.05,133.88,130.46,4.170000000000016,3.766906600369725,9404800,True,True
DFAM.JK,73.0,79.33333333333333,84.8,90.6,86.85,83.74,90.99,17.599999999999994,10.787021728164445,40314200,False,False
DEWI.JK,224.0,224.0,224.0,203.5,181.75,152.2,136.14,35.900000000000006,7.324093593743819,27406700,False,False
DEWA.JK,340.0,348.6666666666667,358.0,362.4,397.7,429.6,390.5301460266113,44.80000000000001,4.5128955471297525,661138300,False,False
DEPO.JK,230.0,225.33333333333334,229.2,235.8,242.1,243.96,247.47467178344726,9.313333333333333,2.1755458255090883,502100,False,False
DEFI.JK,86.0,84.0,92.2,101.8,105.45,106.3,115.66,22.299999999999997,8.111381032317015,179270400,False,False
DCII.JK,198000.0,198000.0,198600.0,198342.5,199536.25,198527.5,195386.0,61.45,1.8415155693525864,1300,False,False
DAYA.JK,1090.0,1095.0,1108.0,1088.0,1095.25,1047.3,1040.2,12.14000000000001,1.8833952469017776,300,False,False
DATA.JK,1550.0,1570.0,1592.0,1628.5,1717.5,1854.9,1867.05,60.98000000000002,1.3106988579532475,1849000,False,False
DART.JK,147.0,146.66666666666666,152.0,159.8,160.55,153.74,139.97,13.883333333333354,2.584346988089512,55100,False,False
DADA.JK,37.0,43.333333333333336,46.0,48.0,49.0,49.6,49.8,12.600000000000001,5.893122983927597,4694900,False,False
DAAZ.JK,1870.0,1833.3333333333333,1748.0,1690.5,1677.5,1649.6,1672.6133264160155,44.08000000000002,3.3403031607215126,913600,False,False
CYBR.JK,500.0,508.3333333333333,511.0,515.0,521.25,543.8,576.075,21.899999999999977,2.778161958097028,30626000,False,False
CUAN.JK,885.0,910.0,926.0,928.0,931.75,824.6,753.36,21.429999999999996,2.544409207354059,687136400,False,False
CTTH.JK,98.0,102.0,112.4,119.9,124.2,127.04,136.63,29.040000000000006,5.3234578538612425,19955300,False,False
CTRA.JK,540.0,555.0,561.0,569.5,597.25,600.3,583.9615734863281,12.059999999999992,1.8756741679197255,14680500,False,False
CTBN.JK,2960.0,3003.3333333333335,3006.0,3029.0,3052.5,3574.2,4480.036953125,61.41999999999998,1.2678610133331765,16600,False,False
CSRA.JK,695.0,700.0,706.0,727.0,747.25,756.1,775.85,12.220000000000004,1.058703980731911,224000,False,False
CSMI.JK,240.0,211.66666666666666,221.0,212.2,200.85,149.08,114.57,45.459999999999994,15.142818596377673,119629600,False,False
CSIS.JK,191.0,198.0,198.4,200.8,206.0,202.26,177.0868006134033,15.0,2.481983533964215,2571300,False,False
CSAP.JK,282.0,284.0,286.0,289.2,292.4,290.64,282.65972229003904,5.199999999999989,1.343087155620492,2900,True,False
CRSN.JK,123.0,123.66666666666667,125.8,130.2,133.3,123.14,112.57228370666503,10.300000000000011,3.488595391263726,781300,False,False
CRAB.JK,214.0,217.33333333333334,218.4,219.0,218.8,212.32,210.46,3.3400000000000034,2.463464970467264,548400,True,False
CPRO.JK,41.0,44.666666666666664,46.8,48.4,49.2,50.04,50.55,9.04,4.507360991398897,399360100,False,False
CPIN.JK,2970.0,2990.0,3014.0,3071.0,3135.0,3120.2,3316.4143017578126,16.5,1.1223434208868233,22478600,False,False
COIN.JK,755.0,771.6666666666666,812.0,797.5,796.75,759.5,772.15,11.4,5.713136537734854,31713200,False,False
COCO.JK,101.0,101.66666666666667,105.2,117.8,126.35,116.48,162.295845413208,25.349999999999994,3.608275086054021,366724800,False,False
COAL.JK,31.0,31.0,31.0,31.0,31.0,28.34,32.4,2.66,0.0,0,True,False
CNMA.JK,90.0,89.66666666666667,89.8,90.4,91.4,92.44,92.02,2.7733333333333263,0.8697364601900098,6866700,True,False
CNKO.JK,37.0,37.0,37.0,37.0,37.0,37.0,38.59,0.0,0.0,0,True,False
CMRY.JK,4330.0,4356.666666666667,4414.0,4446.0,4498.6345703125,4538.545,4477.878979492188,20.85450000000001,1.1934536842416712,1981700,False,False
CMPP.JK,69.0,69.0,69.0,69.0,69.0,69.0,70.24,0.0,0.0,0,True,False
CMNT.JK,745.0,745.0,745.0,751.5,749.75,771.1,781.2,5.220000000000004,1.0896586329363906,4720900,True,False
CMNP.JK,1415.0,1388.3333333333333,1390.0,1391.0,1410.25,1383.0,1382.25,6.4,1.4361867281146996,630400,False,False
CLPI.JK,1590.0,1591.6666666666667,1592.0,1598.5,1608.25,1593.8,1525.414512939453,3.65,0.2962308081498803,30000,True,False
CLEO.JK,410.0,408.0,409.2,414.2,417.7,399.44,389.69871826171874,9.129999999999995,1.8815257599317632,11534500,False,False
CLAY.JK,2770.0,2763.3333333333335,2758.0,2751.0,2729.0,2665.8,2706.2,10.419999999999982,0.8270567264941258,14000,False,False
CITY.JK,152.0,161.33333333333334,166.4,171.5,178.4,175.56,169.2,26.400000000000006,4.5225130857070885,1503800,False,False
CITA.JK,3330.0,3380.0,3416.0,3451.0,3473.0,3342.0,3216.437858886719,14.3,0.6571260926019574,111700,False,False
CINT.JK,190.0,191.33333333333334,192.4,194.1,189.9,181.86,176.97,12.23999999999998,3.3818944245170304,352600,False,False
CHIP.JK,690.0,688.3333333333334,697.0,715.0,762.5,843.0,900.2849420166016,30.933333333333326,1.3006737779019604,56200,False,False
CHEM.JK,54.0,54.666666666666664,59.8,63.9,67.55,67.54,66.83273223876954,13.549999999999997,7.112893178494587,6628200,False,False
CHEK.JK,123.0,125.33333333333333,127.6,128.7,130.55,132.1,128.65,9.099999999999994,1.406840367132101,820400,False,False
CGAS.JK,147.0,146.66666666666666,148.2,148.6,149.55,151.24,153.2202767944336,4.573333333333352,2.04299285488507,2029000,True,False
CFIN.JK,354.0,354.6666666666667,358.0,364.4,367.2,355.68,332.1120657348633,6.599999999999994,0.832401284805043,2903900,False,False
CENT.JK,91.0,91.33333333333333,96.4,101.3,104.05,94.28,86.27,13.049999999999997,4.508289927368082,4363300,False,False
CEKA.JK,2180.0,2190.0,2186.0,2191.0,2191.0,2195.2,2177.0,1.5199999999999818,1.265445681321534,10700,True,False
CDIA.JK,565.0,581.6666666666666,597.0,618.0,654.5,673.4,702.4102020263672,21.679999999999996,2.2718858440476346,53306300,False,False
CCSI.JK,302.0,322.6666666666667,358.0,388.6,351.4,292.96,271.6,47.82000000000002,5.376934233315921,3438000,False,False
CBUT.JK,910.0,908.3333333333334,926.0,972.5,975.25,885.0,787.41,18.05,2.0555996217129073,33900,False,False
CBRE.JK,755.0,761.6666666666666,761.0,748.0,741.5,715.5,734.1,9.233333333333325,3.7282235021638357,28227700,False,False
CBPE.JK,505.0,508.3333333333333,514.8,506.9,506.1,465.0,375.83875579833983,9.95999999999999,5.044785351256924,15500,False,False
CBDK.JK,3430.0,3463.3333333333335,3538.0,3611.0,3771.0,3750.4,3743.5271435546874,34.1,1.875210910879631,1575800,False,False
CASS.JK,1835.0,1813.3333333333333,1826.0,1835.5,1838.25,1861.9,1829.35,9.713333333333367,1.5411536652970441,305500,False,False
CASH.JK,230.0,237.33333333333334,242.8,250.8,238.8,231.06,211.71,10.400000000000006,6.1837399111156275,1113300,False,False
CASA.JK,1800.0,1800.0,1801.0,1802.5,1818.0,1823.1,1714.05,4.6199999999999815,0.17525039851908358,1900,True,False
CARS.JK,111.0,116.33333333333333,120.6,118.4,115.75,102.9,95.38,17.69999999999999,4.0478456026373015,12059100,False,False
CARE.JK,370.0,372.6666666666667,378.0,389.6,405.0,419.2,416.46,24.599999999999994,1.3394257734054544,687400,False,False
CANI.JK,135.0,135.0,135.0,135.0,135.0,135.0,135.63,0.0,0.0,0,True,False
CAMP.JK,154.0,159.33333333333334,166.4,174.6,173.0,171.34,175.27,20.599999999999994,7.601755875274797,1608200,False,False
CAKK.JK,157.0,158.0,159.2,159.7,159.45,148.68,146.01,11.019999999999982,1.8316228685802345,469300,False,False
BYAN.JK,11925.0,11991.666666666666,12130.0,12232.5,12587.5,12962.5,11858.688330078125,41.5,8.393033078942908,1043400,False,False
BWPT.JK,106.0,108.66666666666667,112.4,116.1,122.35,103.88,94.08,18.47,3.8155700168925937,132623200,False,False
BVIC.JK,87.0,87.66666666666667,89.4,90.9,92.95,92.92,91.15,5.950000000000003,1.8760118148250855,1170400,True,False
BUVA.JK,640.0,620.0,644.0,665.0,702.75,757.3,787.45,27.45999999999999,3.932264856777967,144715100,False,False
BUMI.JK,177.0,179.66666666666666,183.4,189.0,201.0,188.54,175.03,24.0,2.768499668175922,2431993400,False,False
BULL.JK,348.0,354.0,367.6,382.8,408.3,422.52,397.28,37.25999999999999,2.7981198838501022,261972200,False,False
BUKK.JK,1015.0,1000.0,1010.0,1017.0,997.5,1013.2,1020.15,3.9,3.010578692010772,44800,True,False
BUKA.JK,104.0,103.66666666666667,104.6,104.8,107.85,111.9,113.21,8.233333333333334,1.5618065611432568,70015300,False,False
BUDI.JK,222.0,221.33333333333334,223.6,225.2,226.1,221.12,213.64,2.489999999999995,0.8175595485043723,56700,True,False
BUAH.JK,480.0,482.0,484.8,489.8,495.35,503.34,507.2660348510742,11.669999999999987,0.7835302230908536,511500,False,False
BTPS.JK,945.0,943.3333333333334,950.0,975.5,1007.5,997.3,987.5,12.833333333333325,2.496862854365162,2651800,False,False
BTPN.JK,2350.0,2350.0,2336.0,2336.0,2366.0,2263.4,2228.65,10.259999999999991,1.112201011137666,15500,False,False
BTON.JK,362.0,362.6666666666667,360.8,366.8,365.1,363.6,361.58,3.0,2.440854963426009,20700,True,False
BTEK.JK,14.0,13.0,12.4,11.9,11.45,11.02,11.01,2.9800000000000004,11.66437075664411,2238303100,False,False
BSSR.JK,5425.0,5400.0,5415.0,5227.0,5062.0,4651.4,4219.146840820313,30.944000000000013,3.7246493606135136,6145300,False,False
BSML.JK,540.0,540.0,542.0,546.5,537.75,525.7,487.92,4.159999999999991,1.1236578333516756,6977600,True,True
BSIM.JK,910.0,920.0,946.0,981.5,1064.25,857.7,803.5,41.30999999999999,1.9948101788812036,62700,False,False
BSDE.JK,545.0,551.6666666666666,562.0,586.0,619.0,608.3,613.55,14.8,2.028988868539022,25700700,False,False
BSBK.JK,40.0,44.333333333333336,46.6,48.3,49.15,50.98,51.75,10.979999999999997,4.721964983785296,102900600,False,False
BRRC.JK,46.0,51.333333333333336,57.8,63.6,68.7,66.24,63.45,22.700000000000003,5.658386091055716,17689300,False,False
BRPT.JK,1445.0,1476.6666666666667,1522.0,1560.5,1649.25,1760.8,1723.3229382324218,63.15999999999999,2.189452017229509,66172400,False,False
BRNA.JK,630.0,633.3333333333334,642.0,652.5,640.5,628.7,616.5,4.759999999999991,2.156127569522963,149400,True,False
BRMS.JK,595.0,625.0,650.0,679.0,695.75,657.3,624.2,20.15,2.984811215819713,334909900,False,False
BRIS.JK,1515.0,1511.6666666666667,1542.0,1580.0,1671.25,1752.2,1777.8548864746094,48.10666666666666,1.7340950525143146,16347600,False,False
BREN.JK,2920.0,3000.0,3046.0,3069.0,3174.5,3330.8,3389.89072265625,41.08000000000002,2.415114571464494,9476600,False,False
BRAM.JK,4650.0,4630.0,4650.0,4659.0,4643.0,4585.0,4503.6290209960935,7.4,1.1174720917924723,200,False,False
BPTR.JK,68.0,69.0,74.2,76.6,75.8,75.62,73.98,8.599999999999994,12.982160985506457,4326900,False,False
BPII.JK,460.0,458.6666666666667,460.4,461.6,468.6,461.8964617919922,455.12132141113284,4.966666666666669,2.6968655840844464,23400,True,False
BPFI.JK,238.0,237.33333333333334,241.6,245.4,246.9,252.08,251.29181045532226,7.373333333333335,1.3275983201814052,251500,False,False
BOLT.JK,775.0,776.6666666666666,785.0,799.0,800.5,797.3,796.1,5.1,2.257141784313426,7500,True,False
BOLA.JK,167.0,168.33333333333334,170.8,172.3,175.75,163.62,158.59,12.129999999999995,2.052682925129573,354100,False,False
BOGA.JK,1550.0,1550.0,1552.0,1561.5,1587.0,1591.1,1475.35,8.219999999999981,1.6122135243683646,8100,False,False
BOBA.JK,191.0,192.33333333333334,195.2,200.4,207.7,214.6,247.55118774414063,23.599999999999994,1.58775170914625,234900,False,False
BOAT.JK,118.0,126.66666666666667,132.2,135.3,136.85,136.2,124.93,18.849999999999994,3.6125464610446842,5466700,False,False
BNLI.JK,1895.0,1958.3333333333333,2003.0,2045.5,2095.75,2163.1,2479.55,53.61999999999998,1.580283493185592,100500,False,False
BNII.JK,189.0,188.33333333333334,189.6,190.8,192.0,192.12,191.36,3.7866666666666617,0.9923624611631255,3497900,True,False
BNGA.JK,1730.0,1733.3333333333333,1738.0,1741.5,1735.25,1689.1,1642.1,10.480000000000018,1.0810683755239077,2440000,False,False
BNBR.JK,73.0,73.66666666666667,77.4,82.3,89.8,96.7,100.83768531799316,23.700000000000003,3.1023411344332437,1235944100,False,False
BNBA.JK,845.0,846.6666666666666,851.0,822.5,808.0,766.3,746.55,16.94000000000001,4.909767767545433,58600,False,False
BMTR.JK,80.0,80.0,88.6,100.8,108.7,112.8,117.37,32.8,6.871881817348695,288769900,False,False
BMSR.JK,350.0,336.6666666666667,336.0,345.2,337.9,321.2,309.2,14.400000000000006,5.197160859423287,498500,False,False
BMRI.JK,4030.0,4043.3333333333335,4078.0,4162.0,4245.574243164063,4183.05849609375,4129.784555664062,21.557424316406287,1.4692160222809316,189538000,False,False
BMHS.JK,198.0,199.33333333333334,199.6,199.4,199.2,192.24,185.90230865478514,7.359999999999985,0.7142149263151658,463000,False,False
BMBL.JK,32.0,30.666666666666668,30.2,30.0,29.85,30.38,31.45,2.1499999999999986,3.3521804194084903,10513300,True,True
BMAS.JK,488.0,485.3333333333333,493.2,501.1,511.05,501.06,492.66,12.858333333333348,1.6497264606699769,134100,False,False
BLUE.JK,2960.0,2966.6666666666665,2952.0,2962.0,2973.5,2766.0,2910.4126245117186,20.75,2.0334708405416775,122300,False,False
BLTA.JK,40.0,38.333333333333336,35.6,33.8,33.2,33.1,34.1,6.899999999999999,11.425445258293008,474079200,False,False
BLOG.JK,358.0,357.3333333333333,359.6,361.4,367.0,372.24,356.20896606445314,7.453333333333347,1.0133644668483992,233600,False,False
BLES.JK,192.0,190.0,192.0,193.2,197.05,195.38,168.66150634765626,7.050000000000011,2.109520889080295,10235900,False,False
BKSW.JK,49.0,48.333333333333336,49.0,50.1,52.4,52.38,52.6,4.066666666666663,3.959050628654269,6204900,False,False
BKSL.JK,55.0,58.0,61.6,64.5,68.8,71.1,71.03,16.099999999999994,5.282236877868977,364496500,False,False
BKDP.JK,181.0,184.0,184.6,179.2,176.85,169.42,144.15,15.180000000000007,5.750702756171765,5285600,False,False
BJTM.JK,515.0,511.6666666666667,514.0,516.0,521.25,520.0,517.8123046875,1.916666666666663,0.715433634525688,5309400,True,False
BJBR.JK,760.0,756.6666666666666,760.0,766.5,782.5,785.7,776.744599609375,5.8066666666666835,1.7946383383077549,4477700,True,False
BISI.JK,685.0,696.6666666666666,697.0,711.5,720.25,696.3,687.7178729248047,7.05,2.2209827072887887,358800,False,False
BIRD.JK,1570.0,1571.6666666666667,1579.0,1590.5,1604.0,1615.7,1535.1145288085938,9.14000000000001,0.5135983470181251,659100,False,False
BIPP.JK,56.0,65.0,69.4,68.2,68.05,67.28,64.61,13.400000000000006,13.857858340137646,154323800,False,False
BIPI.JK,128.0,132.0,137.6,140.5,144.1,147.68,153.45,19.680000000000007,3.5862638501963757,411769800,False,False
BINO.JK,105.0,106.33333333333333,108.6,111.9,115.6,113.42,107.24,10.599999999999994,2.1565797732746583,490300,False,False
BINA.JK,4090.0,4046.6666666666665,4042.0,4050.0,4101.5,4129.2,3999.8,8.719999999999981,0.874457027404113,2024700,False,False
BIKE.JK,1505.0,1271.6666666666667,1182.0,1112.5,982.25,722.46,616.23,156.50799999999998,9.716190786864104,2956800,False,False
BHIT.JK,21.0,20.666666666666668,22.0,23.2,24.45,25.24,26.42,4.573333333333331,4.653482085019195,215872900,False,False
BHAT.JK,1770.0,1770.0,1770.0,1770.0,1770.0,1770.0,1579.9,0.0,0.0,0,True,False
BGTG.JK,111.0,112.33333333333333,113.0,114.3,118.1,114.36,112.65,7.099999999999994,2.0785826937245733,5355700,False,False
BFIN.JK,930.0,946.6666666666666,949.0,956.0,973.0,917.3,817.9400720214844,11.14000000000001,1.7217821995909721,28224300,False,False
BEST.JK,116.0,118.0,119.8,120.9,126.4,118.12,109.13,10.400000000000006,2.879205346519344,23944600,False,False
BESS.JK,775.0,781.6666666666666,811.0,858.5,882.25,894.0,931.5486468505859,23.8,4.570018293577109,48100,False,False
BELL.JK,93.0,92.66666666666667,98.8,101.6,106.95,112.12,110.18,19.453333333333333,4.768145962751811,12068800,False,False
BELI.JK,260.0,265.3333333333333,273.2,278.2,301.5,277.2,290.64,20.75,2.2029293005120234,828500,False,False
BEKS.JK,27.0,26.0,24.6,23.6,23.45,22.78,22.34,4.219999999999999,11.125656322171334,289494100,False,False
BEER.JK,59.0,60.666666666666664,65.2,70.3,75.3,76.84,83.13,17.840000000000003,4.455973982000724,16141100,False,False
BEEF.JK,414.0,412.6666666666667,429.2,427.0,436.0,420.76,300.16,11.666666666666657,4.663370687657324,3244700,False,False
BDMN.JK,4290.0,4320.0,4366.0,4396.0,4418.0,4308.4,4259.6,12.8,1.1296467456655515,1182400,False,False
BDKR.JK,171.0,165.33333333333334,162.6,161.6,159.2,158.28,149.56685066223145,12.719999999999999,2.4012256619675716,32597000,False,False
BCIP.JK,52.0,53.333333333333336,56.2,58.2,60.45,61.98,62.22,9.979999999999997,3.3566879798730866,2671900,False,False
BCIC.JK,133.0,132.0,133.6,135.0,134.05,130.6,124.9,4.400000000000006,3.5435210628254126,163600,True,False
BCAP.JK,37.0,43.333333333333336,46.0,48.0,49.0,49.64,49.88,12.64,5.893122983927597,392472300,False,False
BBYB.JK,198.0,201.0,208.6,220.3,241.05,248.5,246.53,50.5,2.634582153498457,51507900,False,False
BBTN.JK,1090.0,1093.3333333333333,1106.0,1132.5,1176.75,1204.7,1218.45,22.94000000000001,1.1789913851905103,10978800,False,False
BBSS.JK,101.0,97.66666666666667,92.8,89.8,92.75,96.88,106.45,11.200000000000003,11.766447737346937,149342500,False,False
BBSI.JK,4300.0,4423.333333333333,4462.0,4491.0,4566.0,4633.0,4608.4,33.3,1.135103148495445,600,False,False
BBRM.JK,105.0,104.33333333333333,108.6,113.5,117.8,116.48,116.27,13.466666666666669,3.9973743429591138,2290200,False,False
BBRI.JK,3170.0,3153.3333333333335,3158.0,3224.0,3297.0,3172.2,3049.1,14.366666666666651,1.307263626119106,134943400,False,False
BBNI.JK,3440.0,3466.6666666666665,3502.0,3582.0,3719.5,3661.8,3610.9,27.95,0.9124522289867799,50373300,False,False
BBMD.JK,2010.0,2000.0,1990.0,1978.0,1982.25,1986.8,1955.390712890625,3.2,2.348182139446632,1300,True,False
BBLD.JK,660.0,660.0,660.0,664.0,668.5,644.8,616.7632434082032,4.740000000000009,1.002579945876455,106900,True,False
BBKP.JK,42.0,45.0,47.0,48.6,50.95,53.02,53.54,11.020000000000003,4.469673498899001,344391100,False,False
BBHI.JK,785.0,798.3333333333334,824.0,860.0,879.75,897.4,919.1187945556641,22.479999999999997,1.5494445497791787,186700,False,False
BBCA.JK,6150.0,6208.333333333333,6230.0,6255.0,6408.75,6379.722001953125,6161.592631835938,10.35,0.94102192509089,149783400,False,False
BAYU.JK,1285.0,1311.6666666666667,1318.0,1326.5,1337.0,1260.8,1201.4499975585939,15.240000000000009,1.1891316075379461,24100,False,False
BAUT.JK,37.0,38.666666666666664,39.2,40.2,39.15,35.7,31.54,4.5,3.2484845549227086,22260100,True,True
BATR.JK,89.0,89.0,90.8,91.1,91.95,92.98,89.04885070800782,3.980000000000004,2.375088380919522,2950500,True,False
BATA.JK,59.0,59.0,59.0,59.0,59.0,59.0,60.07,0.0,0.0,0,True,False
BAPI.JK,22.0,23.333333333333332,23.6,22.2,21.65,19.52,19.09,4.080000000000002,7.989556659696506,58475900,False,False
BAPA.JK,105.0,105.33333333333333,112.0,118.3,127.25,150.06,205.93,45.06,5.6047322258305785,7004100,False,False
BANK.JK,234.0,232.0,235.6,244.6,256.7,269.6,292.23,18.80000000000001,1.838128396298749,4623900,False,False
BALI.JK,1370.0,1321.6666666666667,1316.0,1309.5,1326.75,1278.5,1259.1,18.3,2.2033098029392497,3200,False,False
BAJA.JK,310.0,320.0,356.8,356.0,320.7,298.44,224.74,29.180000000000007,13.109046736321117,8843400,False,False
BAIK.JK,244.0,244.0,256.4,251.4,255.2,420.16,512.87,88.08000000000001,4.554786128173565,15335000,False,False
BACA.JK,110.0,111.33333333333333,113.4,115.1,117.3,116.92,115.68,7.299999999999997,1.4603122808070068,809400,False,False
BABY.JK,179.0,182.33333333333334,188.8,194.9,202.75,203.4,189.64,24.400000000000006,1.9819952218541628,816300,False,False
BABP.JK,37.0,43.333333333333336,46.0,48.0,49.0,49.6,49.85,12.600000000000001,5.893122983927597,492533900,False,False
AYLS.JK,204.0,208.0,201.0,188.3,172.25,161.78,152.98,23.11,12.492612853260812,24774700,False,False
AYAM.JK,498.0,498.6666666666667,500.2,503.1,495.75,464.58,399.23,19.26000000000002,1.3283494703699283,13093000,False,False
AXIO.JK,112.0,112.0,112.4,113.1,114.35,113.9,110.76940635681153,2.3499999999999943,2.5766712478133678,601400,True,False
AWAN.JK,153.0,154.33333333333334,156.6,158.8,161.9,160.54,152.43,8.900000000000006,1.0436129326661494,149100,False,False
AVIA.JK,332.0,338.0,339.6,338.4,350.1,342.4,335.8,9.050000000000011,1.9701211527845017,6934400,False,False
AUTO.JK,3300.0,3326.6666666666665,3342.0,3345.0,3344.0,3073.4,2778.8,27.15999999999999,1.1653401757146802,3803400,False,False
ATLA.JK,37.0,43.333333333333336,46.0,48.0,49.0,49.64,49.752312355041504,12.64,5.893122983927597,10706300,False,False
ATIC.JK,448.0,440.6666666666667,442.8,446.8,455.8,463.72,475.49,11.52666666666667,1.48035239737834,139900,False,False
ATAP.JK,540.0,543.3333333333334,542.0,552.5,555.5,568.8,505.41,5.759999999999991,1.7830035074768582,484600,True,False
ASSA.JK,595.0,590.0,593.0,595.0,611.5,618.3,619.69140625,5.659999999999991,1.5882558483052396,10923400,True,False
ASRM.JK,272.0,274.0,278.0,284.2,283.8,274.92,265.0467660522461,6.099999999999994,1.5847704684408697,50900,False,False
ASRI.JK,116.0,118.33333333333333,120.8,122.5,124.85,123.52,118.9018418121338,8.849999999999994,2.421682237661665,6867400,False,False
ASPR.JK,144.0,131.66666666666666,136.4,138.7,142.5,148.46,185.22217987060546,16.79333333333335,7.344316394054023,135151100,False,False
ASPI.JK,830.0,720.0,732.0,687.5,578.85,474.98,439.07,71.00399999999999,12.109496569003088,8431100,False,False
ASMI.JK,19.0,18.0,17.6,16.7,16.0,16.44,16.28,3.0,6.693184237545616,113322600,False,False
ASLI.JK,486.0,486.0,457.2,413.8,398.7,287.82,259.47,99.09,7.030125228686486,0,False,False
ASLC.JK,58.0,58.666666666666664,63.4,65.2,66.35,65.08,64.53,8.349999999999994,5.383368771270359,19758700,False,False
ASJT.JK,160.0,161.0,161.4,161.5,161.45,159.16,161.69,2.3400000000000034,0.847674464307689,378600,True,False
ASII.JK,4700.0,4686.666666666667,4716.0,4775.0,4844.0,4889.4,4967.95,20.273333333333266,0.914704378447653,44529100,False,False
ASHA.JK,41.0,44.666666666666664,47.0,50.1,53.9,56.64,58.45,15.64,4.858349932966888,82433400,False,False
ASGR.JK,2220.0,2136.6666666666665,2128.0,2120.0,2133.0,1981.0,1776.8,23.9,2.449700643045953,1851800,False,False
ASDM.JK,505.0,503.3333333333333,506.0,511.5,514.5,513.06,502.40549224853515,2.233333333333337,0.805432626735705,900,True,False
ASBI.JK,394.0,392.6666666666667,393.2,395.4,398.8,409.84,408.61783782958986,8.586666666666645,1.2616155777318934,4700,False,False
ARTO.JK,810.0,830.0,848.0,878.0,945.0,1089.3,1082.95,55.85999999999999,2.429021627059017,15365900,False,False
ARTA.JK,2060.0,2066.6666666666665,2092.0,2144.0,2218.0,2317.8,2356.45,25.78000000000002,3.768987275929604,200,False,False
ARNA.JK,525.0,526.6666666666666,527.0,517.3,513.4,500.62,474.39,5.275999999999999,2.0014888292825916,2231200,True,True
ARKO.JK,3180.0,3430.0,3618.0,3801.0,4241.5,4712.2,5241.95,153.21999999999997,4.164436523337509,6019000,False,False
ARKA.JK,22.0,22.0,22.0,22.0,22.0,22.0,24.05,0.0,0.0,0,True,False
ARII.JK,334.0,330.0,331.2,316.0,309.8,292.32,285.16,20.840000000000003,3.4909469683858245,261100,False,False
ARGO.JK,1270.0,1270.0,1238.0,1206.0,1187.25,1167.3,1033.05,20.54000000000001,4.174430735069814,195700,False,False
AREA.JK,306.0,312.6666666666667,316.4,319.4,325.8,306.16,273.44,9.900000000000006,2.358239013086109,1150400,False,False
ARCI.JK,1225.0,1258.3333333333333,1286.0,1313.0,1316.5,1252.8,1176.4014855957032,18.3,2.5821696678337482,21919800,False,False
APLN.JK,111.0,112.33333333333333,116.2,120.3,126.2,129.38,132.74,18.379999999999995,2.8211795024733863,37116900,False,False
APLI.JK,278.0,272.6666666666667,274.0,279.6,279.7,266.36,253.37397094726563,6.6699999999999875,1.595383374790075,365400,False,False
APII.JK,190.0,192.0,196.4,198.6,195.05,190.44,185.01516479492187,8.599999999999994,3.953278997820863,1531100,False,False
APIC.JK,400.0,400.0,402.0,404.8,445.75,536.4,727.3,68.19999999999999,3.00713576632205,803000,False,False
APEX.JK,175.0,173.66666666666666,177.2,182.3,192.85,179.32,158.27,19.183333333333337,2.6155229845286074,7788500,False,False
ANTM.JK,3160.0,3163.3333333333335,3208.0,3229.0,3197.5,3112.0,2985.9351196289062,11.7,2.480557684912903,79484200,False,False
ANJT.JK,1560.0,1566.6666666666667,1574.0,1581.5,1587.5,1542.1,1545.35,9.080000000000018,1.3324450310486096,32300,False,False
ANDI.JK,25.0,25.333333333333332,24.0,22.1,21.2,18.96,18.68,6.373333333333331,12.037211323859227,66031100,False,False
AMRT.JK,1320.0,1318.3333333333333,1309.0,1309.0,1305.0,1344.1,1348.3654321289061,7.819999999999982,1.5755145026780752,24451600,False,False
AMOR.JK,352.0,355.3333333333333,360.0,364.2,365.4,358.6,345.16,6.699999999999989,0.9828051942039812,92400,False,False
AMMS.JK,204.0,205.33333333333334,207.6,209.6,213.9,224.52,285.2,10.260000000000005,3.82623952132594,59300,False,False
AMMN.JK,4480.0,4576.666666666667,4666.0,4743.0,4716.5,4441.2,3977.0,30.180000000000017,2.8468249336248217,69397600,False,False
AMIN.JK,262.0,259.3333333333333,264.8,262.8,251.6,246.92,249.6,8.940000000000012,2.854389490698473,191100,False,False
AMFG.JK,3200.0,3186.6666666666665,3208.0,3238.0,3279.5,3288.8,3148.471357421875,10.213333333333367,1.8730459181109314,11900,False,False
AMAR.JK,224.0,226.0,229.2,232.8,232.9,223.91826934814452,206.86015869140624,4.490865325927743,1.2831849227086285,235800,True,False
AMAN.JK,193.0,197.33333333333334,204.8,212.8,221.0,235.88,247.32,42.879999999999995,2.4570165641405928,252200,False,False
AMAG.JK,386.0,386.6666666666667,387.2,387.0,387.8,388.16,390.48,1.0800000000000125,0.38122810877029933,20100,True,False
ALKA.JK,7400.0,7400.0,7400.0,7400.0,5993.75,3970.8,2263.67,137.168,5.968957832446348,0,False,False
ALII.JK,695.0,691.6666666666666,702.0,714.0,748.75,764.1,775.1415368652343,14.486666666666679,2.4229043348820873,527500,False,False
ALDO.JK,1195.0,1038.3333333333333,1005.0,980.5,963.5,902.4,795.6552606201171,58.52,7.750805359049058,812400,False,False
AKSI.JK,380.0,375.3333333333333,390.0,384.2,345.9,278.0,252.68,56.0,5.8229823453498994,307900,False,False
AKRA.JK,1435.0,1453.3333333333333,1462.0,1463.0,1468.75,1429.90921875,1347.7445495605468,7.7681562499999925,1.1295344971966936,21107800,False,False
AKPI.JK,515.0,513.3333333333334,513.0,521.0,527.75,512.92,503.01187713623045,2.966000000000008,1.485583491471532,146500,True,False
AKKU.JK,35.0,40.333333333333336,40.0,39.0,38.5,38.2,38.1,5.333333333333336,7.049275928082317,8344300,False,False
AISA.JK,116.0,116.66666666666667,118.8,120.4,118.85,117.8,111.68,4.400000000000006,4.693409424486646,7299600,False,False
AIMS.JK,484.0,468.6666666666667,478.0,486.8,495.55,430.68,416.98,32.435,4.153644274284176,365100,False,False
AHAP.JK,93.0,89.33333333333333,91.2,87.63749923706055,95.11874961853027,95.82749984741211,92.34374992370606,8.19000061035156,11.646500423807646,33744200,False,False
AGRS.JK,60.0,57.333333333333336,57.6,58.3,60.15,60.82,61.58,3.4866666666666646,3.4833295649622413,18736100,True,False
AGRO.JK,134.0,136.0,138.2,141.1,146.4,147.6,150.81,13.599999999999994,1.5409508493782464,7811200,False,False
AGII.JK,3400.0,3410.0,3450.0,3480.0,3265.0,3059.8,2920.839733886719,42.01999999999998,4.198989979160263,246100,False,False
AGAR.JK,1705.0,1841.6666666666667,2055.0,2190.5,2002.0,1540.2,892.94,130.06,15.086016938637906,1075300,False,False
AEGS.JK,48.0,46.666666666666664,47.4,48.6,48.65,45.38,43.92,3.269999999999996,2.8998680306735154,9520500,True,True
ADRO.JK,2470.0,2553.3333333333335,2564.0,2596.0,2633.5,2589.4,2462.9,16.35,1.9398922454326148,92557300,False,False
ADMR.JK,1490.0,1513.3333333333333,1527.0,1536.0,1582.25,1592.2,1556.7,20.44000000000001,2.626358449097523,43933100,False,False
ADMG.JK,236.0,237.33333333333334,241.2,245.4,256.7,247.24,224.64,10.349999999999994,1.4132884499033356,813600,False,False
ADMF.JK,8250.0,8525.0,8600.0,8665.0,8688.75,8624.0,8419.0,17.55,1.5896236148165186,663800,False,False
ADHI.JK,133.0,133.0,133.0,133.0,133.0,142.0,154.02,9.0,0.0,0,False,False
ADES.JK,35950.0,35533.333333333336,34660.0,33387.5,32556.25,33301.5,30105.5,135.75,4.148588842594775,48200,False,False
ADCP.JK,50.0,50.0,50.0,50.0,50.0,50.0,50.0,0.0,0.0,0,True,False
ACST.JK,87.0,92.0,96.2,100.2,102.45,92.36,86.06,15.450000000000003,6.925149989547857,489600,False,False
ACRO.JK,49.0,51.0,55.8,59.3,62.7,62.36,61.581042442321774,13.700000000000003,4.93324624094857,20402200,False,False
ACES.JK,342.0,342.0,343.6,345.6,350.0,353.88,341.83511810302736,5.939999999999998,1.1686375974529128,12461000,True,True
ABMM.JK,2590.0,2593.3333333333335,2648.0,2703.0,2780.0,2687.8,2560.053332519531,19.0,1.5832335705786214,476900,False,False
ABDA.JK,4920.0,4923.333333333333,4934.0,4954.0,4820.5,4129.4,3762.7,82.46000000000004,0.4366870308770211,4200,False,False
ABBA.JK,30.0,30.0,30.0,30.0,30.0,30.0,31.97,0.0,0.0,0,True,False
AALI.JK,7800.0,7825.0,7820.0,8120.0,8307.5,7706.5,7093.75,24.04,2.213791129685092,3202100,False,False
AADI.JK,11050.0,11308.333333333334,11270.0,11585.0,11691.25,10342.0,9222.3789453125,53.97,2.6871274828922123,19057200,False,False
