Ticker,Close,MA3,MA5,MA10,MA20,MA50,MA100,Range_Ticks,Vol_Pct,Volume,MA_Tight,Signal
ZYRX.JK,124.0,122.66666666666667,121.6,123.3,126.25,127.92,133.98211746215821,6.320000000000007,1.7106352766707478,5911500,False,False
ZONE.JK,730.0,725.0,731.0,711.5,612.75,520.8480004882813,434.73542755126954,42.030399902343746,10.999586916200183,145400,False,False
ZINC.JK,30.0,30.0,30.0,30.0,30.0,30.0,30.09,0.0,0.0,0,True,False
YUPI.JK,1305.0,1310.0,1308.0,1306.5,1314.25,1344.1,1419.2425842285156,7.819999999999982,0.7153232758926736,15400,False,False
YULE.JK,3420.0,3403.3333333333335,3396.0,3426.0,3396.0,3370.2,3349.1047436523436,5.580000000000018,2.537673829734448,1400,True,False
YPAS.JK,610.0,608.3333333333334,620.0,600.5,601.5,622.6,870.9,4.420000000000004,4.624072686039992,82400,False,False
YOII.JK,85.0,84.33333333333333,84.2,84.1,85.2,84.18,89.6,1.1000000000000085,1.5270441129795072,3325800,True,False
YELO.JK,95.0,94.66666666666667,91.2,85.2,80.6,75.02,86.93,19.980000000000004,4.357936927800023,58561800,False,False
WTON.JK,75.0,74.66666666666667,75.4,75.6,74.9,73.9,80.4322412109375,1.6999999999999886,1.833220668787639,721800,True,False
WSBP.JK,14.0,14.0,14.0,14.0,14.0,14.16,16.14,0.16000000000000014,0.0,0,True,False
WOWS.JK,61.0,60.333333333333336,59.4,59.0,59.35,58.28,65.36,2.719999999999999,2.379438629105101,14177500,True,False
WOOD.JK,218.0,219.33333333333334,226.0,228.2,213.7,219.88,259.52,7.25,7.0626164350895495,6577200,False,False
WOMF.JK,262.0,261.3333333333333,261.6,256.4,254.7,254.2,275.29040374755857,3.9000000000000057,1.6897214426865579,11300,True,False
WMUU.JK,53.0,53.666666666666664,53.4,52.7,52.1,51.42,59.63,2.2466666666666626,2.0874508976837887,128608000,True,False
WIRG.JK,59.0,59.333333333333336,58.6,57.5,55.9,55.42,66.23,3.913333333333334,1.9922643112795198,28368200,True,False
WINS.JK,500.0,510.0,509.0,513.5,519.0,513.22,514.335973815918,9.5,2.1929703697861087,6839900,False,False
WINR.JK,20.0,20.0,20.2,20.2,20.4,21.4,25.97,1.3999999999999986,4.353475806001952,12159500,False,False
WINE.JK,139.0,139.66666666666666,144.4,147.0,148.2,150.25525390625,162.68414581298828,11.255253906250005,2.5251824968485206,1134400,False,False
WIIM.JK,1780.0,1790.0,1757.0,1705.0,1649.0,1604.6239990234376,1675.4998901367187,37.07520019531248,2.6417459903272036,1068900,False,False
WIFI.JK,1965.0,1965.0,1971.0,1973.5,1945.75,1789.50537109375,2014.0360339355468,36.79892578125,2.2556561705822697,9048900,False,False
WIDI.JK,26.0,25.333333333333332,25.4,25.7,26.4,25.6,28.27,1.0666666666666664,3.9288467384109604,3033000,False,False
WGSH.JK,173.0,169.33333333333334,166.8,155.1,146.15,132.12,122.12,40.879999999999995,5.0601454575097655,21855400,False,False
WEHA.JK,112.0,109.0,107.4,105.2,104.15,105.94,113.5672728729248,7.849999999999994,1.7899053606223805,27106600,False,False
WEGE.JK,50.0,50.0,50.0,50.0,50.0,50.06,53.2,0.060000000000002274,0.0,99100,True,False
WAPO.JK,122.0,122.0,121.8,121.3,119.8,114.38,122.3,7.6200000000000045,1.2661033752917297,685000,False,False
VTNY.JK,64.0,64.66666666666667,64.2,64.1,63.65,60.34,63.99,4.326666666666668,1.7547060300099913,18720900,True,True
VRNA.JK,75.0,76.33333333333333,76.2,76.1,76.0,74.6,76.41,1.7333333333333343,1.6121587057178688,1317900,True,False
VOKS.JK,200.0,201.33333333333334,202.4,201.8,199.35,199.48,207.89,3.0500000000000114,1.844532618955459,34500,True,False
VKTR.JK,860.0,830.0,786.0,770.0,745.5,653.86,749.83,41.227999999999994,7.87734423833903,178669500,False,False
VIVA.JK,58.0,53.666666666666664,49.8,43.7,39.2,35.14,37.92,22.86,6.75379844688683,190299000,False,False
VISI.JK,945.0,938.3333333333334,907.0,885.5,894.0,947.0,823.55,12.3,2.9330151669967757,623800,False,False
VINS.JK,141.0,140.33333333333334,140.2,139.3,139.6,136.22,148.85,4.780000000000001,0.7421676146699357,52900,True,False
VICO.JK,142.0,141.0,140.8,140.9,138.95,137.64,147.28,4.360000000000014,0.5597428777317929,372800,True,False
VICI.JK,600.0,600.0,592.0,586.5,598.25,585.7417877197265,577.498639831543,2.8516424560546967,1.9965990756275396,457800,True,False
VERN.JK,202.0,210.0,205.4,201.3,196.4,156.68,141.12,26.659999999999997,3.8969281699775884,7615100,False,False
VAST.JK,114.0,114.66666666666667,115.6,115.7,115.8,115.5,118.39,1.7999999999999972,2.1434274526286896,7380100,True,False
UVCR.JK,154.0,154.0,151.2,151.0,146.0,160.0892919921875,166.48298553466796,14.089291992187498,2.5708121407506614,20055500,False,False
URBN.JK,212.0,210.0,208.8,211.4,219.3,207.36,197.18,5.969999999999999,2.246508562816347,100700,True,False
UNVR.JK,1805.0,1823.3333333333333,1793.0,1744.5,1720.75,1677.6412646484375,1681.0183044433593,29.138413736979146,1.9032670393290936,19384100,False,False
UNTR.JK,23800.0,23866.666666666668,23870.0,24400.0,25306.25,23742.0,26223.663984375,62.57,0.8376291910686503,3604900,False,False
UNTD.JK,82.0,82.0,81.2,80.4,78.35,73.8,78.33,8.200000000000003,1.9412054717004978,12418800,False,False
UNSP.JK,206.0,206.0,206.0,206.0,206.0,217.36,275.56,5.680000000000007,0.0,0,True,False
UNIQ.JK,114.0,114.0,113.0,110.9,109.9,103.68,115.61,10.319999999999993,2.1348530299230366,1613600,False,False
UNIC.JK,15075.0,15166.666666666666,15210.0,13980.0,13307.5,12849.12,11827.2566015625,94.43519999999997,6.29306130291545,77000,False,False
ULTJ.JK,1495.0,1500.0,1492.0,1429.0,1423.0,1392.8,1483.0,21.44000000000001,2.69191466818407,1491200,False,False
UFOE.JK,137.0,137.66666666666666,137.2,136.4,136.45,136.02,141.6,1.646666666666647,1.9713463148057446,2311200,True,False
UDNG.JK,1250.0,1230.0,1170.0,1160.5,1228.75,1298.1,1201.1,27.519999999999982,4.728655239577045,874900,False,False
UCID.JK,436.0,429.3333333333333,423.2,399.4,390.2,379.2084631347656,387.23333038330077,28.39576843261719,4.674421509065837,716300,False,False
UANG.JK,2500.0,2490.0,2452.0,2357.0,2407.5,2307.2,2918.5,19.28000000000002,3.969996018736075,68300,False,False
TYRE.JK,115.0,115.33333333333333,114.6,113.5,114.05,109.82,112.36,5.513333333333335,2.048950200431896,181500,True,False
TUGU.JK,1230.0,1230.0,1226.0,1214.0,1229.75,1177.3,1170.8991760253907,10.54000000000001,0.9139960944197679,1330500,False,False
TSPC.JK,2830.0,2836.6666666666665,2848.0,2802.0,2685.5,2542.6,2500.1,30.54000000000001,1.21691584332869,532000,False,False
TRUS.JK,406.0,406.6666666666667,408.8,412.2,425.1,358.398017578125,346.6266137695313,33.35099121093751,2.1304273195771053,54500,False,False
TRUK.JK,670.0,628.3333333333334,571.4,494.5,457.75,419.38,418.2,50.124,10.52722518825019,8267600,False,False
TRUE.JK,50.0,50.0,50.0,50.0,50.0,58.88,105.43,8.880000000000003,0.0,0,False,False
TRST.JK,454.0,455.3333333333333,455.6,461.6,471.8,468.1204119873047,464.94978393554686,8.900000000000006,0.847616412528081,251400,False,False
TRON.JK,107.0,107.66666666666667,108.2,109.1,107.6,98.06,115.56,11.039999999999992,1.4248948549474267,10198100,False,False
TRJA.JK,110.0,110.66666666666667,110.8,110.3,111.65,110.88,120.93,1.6500000000000057,1.8361519146570675,131900,True,False
TRIS.JK,176.0,170.66666666666666,169.6,168.5,166.55,163.36,168.25240112304687,12.639999999999986,2.0569424584092815,6689700,False,False
TRIN.JK,334.0,322.6666666666667,319.6,323.4,329.2,362.98,533.51,21.689999999999998,3.819845453228677,15596500,False,False
TRIM.JK,610.0,603.3333333333334,598.0,581.5,573.75,548.999164428711,543.7400997924805,12.200167114257805,3.6230272347009893,944900,False,False
TRGU.JK,166.0,164.0,163.6,163.7,163.55,168.96,176.74,5.409999999999997,1.8523859939035068,168700,True,False
TPMA.JK,462.0,462.0,462.8,455.2,451.8,432.68,501.27,15.060000000000002,1.6564729922065327,725800,False,False
TPIA.JK,2130.0,2086.6666666666665,2100.0,2109.0,2063.5,1915.5,3447.3691674804686,21.45,3.094953714854286,415816900,False,False
TOWR.JK,400.0,405.3333333333333,404.0,403.8,399.3,377.7593212890625,421.46156158447263,13.787006022135415,1.4856303271612132,46940800,False,False
TOTO.JK,234.0,232.0,234.4,238.8,240.1,234.97152465820312,243.8020292663574,4.049999999999997,1.3206994586720056,523100,True,False
TOTL.JK,1330.0,1240.0,1201.0,1139.5,1096.75,1067.3,1046.1263604736328,52.540000000000006,3.285502557391886,9480500,False,False
TOSK.JK,69.0,69.33333333333333,68.8,67.9,66.8,60.92,62.18,8.413333333333327,2.0395717732666423,10172000,False,False
TOOL.JK,67.0,67.0,66.0,65.6,66.75,63.54,66.65,3.460000000000001,2.8972097514829613,7935900,True,True
TOBA.JK,510.0,511.0,490.2,474.7,467.15,419.86,493.73121643066406,18.227999999999998,4.973653119524291,19243100,False,False
TNCA.JK,163.0,163.66666666666666,164.4,162.9,150.8,145.3,164.88,19.099999999999994,4.609780566172728,567100,False,False
TMPO.JK,159.0,138.66666666666666,136.2,121.9,113.15,108.44,116.82,50.56,14.743444936713765,204607000,False,False
TMAS.JK,121.0,122.0,121.6,121.1,120.2,116.52806732177734,118.68252113342285,5.471932678222657,1.66498946581096,2670000,True,True
TLKM.JK,2650.0,2716.6666666666665,2704.0,2653.0,2630.0,2593.7793603515624,2693.784650878906,12.288730631510408,2.557573256782621,138223900,False,False
TLDN.JK,575.0,580.0,560.0,541.0,530.0,514.54,558.4614556884766,13.092000000000008,2.8357583754894002,989800,False,False
TKIM.JK,7150.0,7175.0,7035.0,6577.5,6211.25,5804.146904296875,7114.430737304688,54.83412382812501,3.8752036108582146,2618900,False,False
TIRT.JK,590.0,590.0,590.0,590.0,590.0,557.04,581.28,6.592000000000008,0.0,0,False,False
TIRA.JK,452.0,476.0,483.6,493.9,502.45,570.08,724.59,59.04000000000002,2.241772645051104,7928400,False,False
TINS.JK,3800.0,3833.3333333333335,3810.0,3636.0,3591.0,3415.750986328125,3455.6189282226565,41.75823470052087,3.7159622051196606,62218800,False,False
TIFA.JK,340.0,342.6666666666667,346.0,310.0,281.1,272.00298583984375,303.99612091064455,36.99850708007813,8.703006293215868,37000,False,False
TGKA.JK,4980.0,4920.0,4924.0,4874.0,4869.0,4796.4,4719.514228515625,18.360000000000035,1.5413612711258424,500,False,False
TFCO.JK,815.0,811.6666666666666,785.0,765.0,748.5,675.9,703.15,27.820000000000004,4.7747499476438255,100,False,False
TFAS.JK,189.0,188.66666666666666,189.4,191.3,186.1,193.38,205.51,7.280000000000001,5.916055268031567,362900,False,False
TEBE.JK,1105.0,1088.3333333333333,1086.0,1069.5,1054.5,1017.5,1114.1847546386718,17.5,2.634764754969449,2511500,False,False
TCPI.JK,3970.0,4070.0,4334.0,4837.0,5319.75,7171.643984375,9455.193818359376,320.16439843750004,4.706407209015059,3697000,False,False
TCID.JK,2700.0,2740.0,2742.0,2750.0,2758.0,2773.4,2790.0,7.340000000000009,1.5000536213812328,1500,False,False
TBMS.JK,1210.0,1195.0,1182.0,1180.5,1202.0,1207.2853955078126,1247.6627160644532,5.9,3.211007992965668,41100,True,False
TBLA.JK,630.0,623.3333333333334,622.0,631.5,635.25,602.0794024658203,617.5588119506835,6.634119506835941,1.910106267042109,2836600,False,False
TBIG.JK,1405.0,1413.3333333333333,1426.0,1417.0,1419.75,1415.3371850585938,1490.082471923828,4.2,2.449653536758618,525300,True,False
TAYS.JK,50.0,50.0,50.0,50.0,50.0,50.08,55.48,0.0799999999999983,0.0,0,True,False
TAXI.JK,14.0,14.333333333333334,14.4,13.6,13.0,13.24,14.67,1.4000000000000004,6.412616868733978,23319300,False,False
TARA.JK,29.0,29.333333333333332,29.6,30.0,30.7,29.42,30.37,1.6999999999999993,1.5600679129426767,1332500,True,False
TAPG.JK,1865.0,1841.6666666666667,1823.0,1788.5,1689.75,1552.9808203125,1633.8969946289062,62.40383593749998,1.9783100415559984,14429100,False,False
TAMU.JK,21.0,21.0,20.8,20.8,20.2,19.6,24.16,1.3999999999999986,4.68253190055317,5146500,False,False
TAMA.JK,240.0,239.33333333333334,242.4,235.2,207.75,177.82,173.93,32.290000000000006,9.57003205066589,5567600,False,False
TALF.JK,1025.0,1065.0,939.0,767.5,687.5,668.0287658691407,671.7566583251953,79.39424682617187,13.80371194840051,654300,False,False
SWID.JK,104.0,103.0,103.2,102.3,98.85,92.57191146850586,96.93322784423827,11.42808853149414,1.5870845117954773,6349600,False,False
SURI.JK,72.0,72.33333333333333,72.6,71.7,69.25,64.72,67.99,7.8799999999999955,1.9126227500160167,5957000,False,False
SURE.JK,2760.0,2760.0,2762.0,2764.0,2757.5,2812.4,2747.1,5.490000000000009,1.6622174764589641,500,True,False
SUPA.JK,590.0,596.6666666666666,599.0,598.5,593.25,617.0,740.2,5.4,1.7659103363128938,20259400,True,False
SUNI.JK,715.0,720.0,722.0,707.5,661.0,645.0625183105469,662.0938543701172,15.387496337890616,1.8555740885679,268500,False,False
SULI.JK,88.0,88.66666666666667,88.6,88.4,86.0,81.4,90.47,7.266666666666666,1.544804664549894,1973200,False,False
STTP.JK,9875.0,9850.0,9785.0,9802.5,9853.75,9813.5,9840.5,3.6,2.2609531221691426,19000,True,False
STRK.JK,60.0,61.333333333333336,62.0,64.5,67.3,69.78,88.81,9.780000000000001,3.0516329695335584,34211800,False,False
STAR.JK,276.0,276.0,274.8,274.8,279.7,301.2,449.23,13.199999999999989,1.4403732468807062,130900,False,False
STAA.JK,1105.0,1103.3333333333333,1101.0,1093.5,1056.0,1009.0081616210938,1072.6686071777344,19.198367675781242,1.4628345015044972,5275200,False,False
SSTM.JK,448.0,424.6666666666667,419.2,405.8,400.9,406.08,514.15,23.55000000000001,3.374597324098084,1848200,False,False
SSMS.JK,930.0,958.3333333333334,974.0,967.5,935.0,829.3,1029.3240954589844,28.94000000000001,2.3135918993357594,10741900,False,False
SSIA.JK,1655.0,1660.0,1656.0,1635.0,1646.75,1594.9451171875,1555.8106079101562,13.010976562499991,1.8648791927227126,11447000,False,False
SRTG.JK,1775.0,1743.3333333333333,1753.0,1743.0,1718.25,1579.267998046875,1590.8025341796874,39.14640039062501,2.0099527008703015,6228400,False,False
SRSN.JK,75.0,71.33333333333333,71.0,67.9,66.95,66.04,65.32,8.959999999999994,4.8473160516451115,219161100,False,False
SRAJ.JK,13200.0,13025.0,12725.0,11922.5,11486.25,11447.0,13036.75,70.12,1.940576968098024,1200,False,False
SQMI.JK,67.0,66.33333333333333,66.2,66.9,65.75,52.82,53.63,14.18,3.839471102153532,39516900,False,False
SPTO.JK,600.0,600.0,602.0,598.0,593.75,566.5859631347656,576.3697338867188,7.082807373046876,1.145455501770082,300200,False,False
SPRE.JK,88.0,89.0,90.6,89.8,86.2,80.68,84.1,9.919999999999987,4.692865490406273,2432600,False,False
SPMA.JK,163.0,163.66666666666666,163.2,165.2,167.55,161.73384552001954,162.63615341186522,5.816154479980469,1.2994076384042552,430500,True,False
SOUL.JK,37.0,37.0,37.0,37.0,37.0,37.3,44.84,0.29999999999999716,0.0,0,True,False
SOTS.JK,595.0,593.3333333333334,588.0,592.0,602.75,620.1,787.1,6.420000000000004,1.9847093799194349,118700,False,False
SOSS.JK,870.0,870.0,870.0,892.0,911.25,834.8,850.5,15.29000000000001,4.561497876066716,4200,False,False
SONA.JK,2160.0,2173.3333333333335,2218.0,2340.0,2306.5,2206.5441455078126,2187.0919604492187,18.0,3.0281411297380068,1200,False,False
SOLA.JK,96.0,92.0,92.8,99.1,102.2,101.3,112.09,10.200000000000003,4.135465275395378,163336100,False,False
SOHO.JK,1205.0,1196.6666666666667,1196.0,1192.5,1197.25,1196.9,1525.4,2.5,0.796295496360618,69800,True,False
SOFA.JK,226.0,233.33333333333334,228.0,220.6,223.9,243.56,336.87,11.480000000000004,4.052098215140743,2308500,False,False
SOCI.JK,505.0,489.3333333333333,466.0,446.2,409.9,358.46684020996094,413.23393615722654,29.306631958007813,4.412131094320076,24191900,False,False
SNLK.JK,224.0,223.33333333333334,223.6,222.8,222.4,226.36,235.3,1.980000000000004,2.240742170869218,13792400,True,False
SMSM.JK,1780.0,1790.0,1792.0,1764.5,1752.75,1687.6,1729.4938891601562,20.880000000000017,1.321885066436266,6873700,False,False
SMRA.JK,322.0,322.0,321.6,322.8,313.5,294.1486477661133,305.5710124206543,14.325676116943356,2.1649909290778457,10478600,False,False
SMMT.JK,1845.0,1863.3333333333333,1855.0,1850.5,1830.25,1795.0,1773.65,13.666666666666652,3.1243480813346944,56700,False,False
SMMA.JK,20150.0,20166.666666666668,20170.0,20225.0,20506.25,20985.5,18252.25,33.42,0.8655982024792387,900,False,False
SMLE.JK,175.0,170.33333333333334,165.6,160.0,148.4,117.4,121.86,57.599999999999994,5.1014796451980144,19713700,False,False
SMKM.JK,69.0,69.0,69.0,68.2,68.85,67.64,80.5,1.3599999999999994,3.0257346032816823,3222200,True,False
SMKL.JK,145.0,147.0,145.2,145.9,141.3,136.47454559326172,147.7970477294922,10.525454406738277,2.7792022670315903,130500,False,False
SMIL.JK,420.0,413.3333333333333,407.6,395.2,360.6,306.52,285.16,56.74000000000001,2.319150265736808,20918200,False,False
SMGR.JK,1610.0,1568.3333333333333,1529.0,1495.0,1487.0,1515.7,1868.7890380859376,24.6,2.1983991047876272,21101300,False,False
SMGA.JK,77.0,73.0,72.2,70.7,70.45,67.6,77.62,9.400000000000006,3.7840900817838365,21615400,False,False
SMDR.JK,312.0,308.0,304.8,297.8,292.8,282.0938967895508,305.5147779846191,14.953051605224601,1.812189951657219,11922800,False,False
SMDM.JK,565.0,565.0,563.0,564.5,567.75,544.84,574.51,4.581999999999994,1.9916008734145736,29300,True,False
SMBR.JK,168.0,167.0,165.2,162.6,159.7,155.74152587890626,181.36231323242188,12.258474121093741,2.4095802377748434,3125400,False,False
SMAR.JK,5725.0,5783.333333333333,5820.0,5685.0,5536.25,5022.449228515625,5134.665131835937,31.90203085937501,2.2898284102882953,55500,False,False
SLIS.JK,74.0,72.0,68.4,65.1,63.1,61.98,72.78,12.020000000000003,8.688041692946474,70181800,False,False
SKRN.JK,412.0,408.6666666666667,408.0,406.8,400.7,372.52,407.4748516845703,19.74000000000001,1.9148055194873912,113600,False,False
SKLT.JK,204.0,201.33333333333334,201.6,196.4,192.95,187.14,200.3600012207031,8.430000000000007,2.0871149224628427,109500,False,False
SKBM.JK,540.0,541.6666666666666,539.0,539.0,565.25,538.08,596.29,5.433999999999992,2.5491990065386765,355700,True,False
SIPD.JK,670.0,678.3333333333334,676.0,682.5,684.5,710.3,833.45,8.059999999999992,1.5097151583935737,7000,False,False
SINI.JK,7300.0,7258.333333333333,7315.0,7312.5,6980.0,8195.87259765625,10414.436298828125,48.63490390624997,4.492369019448,632100,False,False
SIMP.JK,605.0,601.6666666666666,602.0,592.0,573.5,538.9020306396484,595.8077374267579,13.219593872070323,2.3056885378771965,4874500,False,False
SILO.JK,2320.0,2320.0,2302.0,2161.5,2157.75,2215.5,2388.35,16.225,3.2801536241218088,111100,False,False
SIDO.JK,356.0,354.6666666666667,355.6,361.0,371.0,373.56,426.70873779296875,9.446666666666658,1.088718662222437,45133100,False,False
SICO.JK,108.0,108.66666666666667,108.2,109.3,109.35,105.82,115.42661544799805,3.530000000000001,2.3098914325444158,1042900,True,False
SHIP.JK,2050.0,2073.3333333333335,2052.0,1946.5,1829.25,1690.9,2509.9008715820314,38.24333333333334,3.028044379635133,48900,False,False
SHID.JK,615.0,615.0,614.0,612.0,595.0,621.7,687.7,5.340000000000009,1.6095800467869459,32000,True,False
SGRO.JK,4220.0,4220.0,4164.0,3710.0,3418.0,2960.5454736328124,3696.649060058594,125.94545263671876,7.836890604414261,24100,False,False
SGER.JK,472.0,482.0,485.6,463.8,453.2,394.24,388.84,45.68000000000001,3.1576029758877766,16634300,False,False
SFAN.JK,1985.0,1978.3333333333333,1976.0,1965.0,1964.75,1964.8,1949.95,4.05,0.2988541688175504,49300,True,False
SEMA.JK,100.0,100.33333333333333,99.4,97.6,95.85,95.36,102.19,4.973333333333329,1.2106444257345739,463900,True,False
SDRA.JK,224.0,224.0,225.2,217.4,213.0,213.64,232.22,6.099999999999994,2.8799914444033896,548200,False,False
SDPC.JK,183.0,182.66666666666666,182.2,181.5,181.4,179.51272735595703,183.20581954956054,3.4872726440429744,1.159422621260501,96200,True,False
SDMU.JK,81.0,82.33333333333333,80.6,79.3,80.55,77.62,83.6,4.713333333333324,2.992899484891694,8402200,True,False
SCNP.JK,159.0,156.0,155.0,156.0,155.2,148.85493103027343,157.0977653503418,10.145068969726566,2.8911166444058405,796900,False,False
SCMA.JK,202.0,203.33333333333334,204.0,200.9,203.95,204.10666625976563,225.03888549804688,1.603333129882813,2.7899944756963904,19020000,True,False
SCCO.JK,2290.0,2296.6666666666665,2300.0,2292.0,2291.5,2239.01013671875,2246.26796875,6.098986328125011,0.8998527963915055,6100,False,False
SBMA.JK,107.0,107.0,107.0,106.6,107.2,106.98,112.76,0.6000000000000085,1.0792637978424415,210500,True,False
SATU.JK,260.0,261.3333333333333,261.6,263.2,268.0,269.2,265.28,4.599999999999994,0.7289279075818907,42100,True,False
SAPX.JK,218.0,217.33333333333334,215.2,216.0,213.9,211.8,229.16,3.0999999999999943,3.035151945202435,73600,True,False
SAMF.JK,278.0,278.0,278.0,278.0,278.4,274.84903411865236,295.4673094177246,1.775482940673811,1.1532230345439356,29100,True,False
SAME.JK,300.0,300.0,298.8,298.4,300.7,313.84,325.62,7.719999999999999,0.5473876150620725,452800,False,False
SAGE.JK,31.0,31.666666666666668,33.0,32.9,33.5,29.06,30.04,4.440000000000001,4.49792125829146,1801200,False,False
SAFE.JK,398.0,386.0,379.6,377.4,370.9,340.6,353.76,28.69999999999999,1.9943566580110146,828600,False,False
RUNS.JK,64.0,63.0,63.4,64.5,66.6,70.82,79.14,7.819999999999993,1.6652362106637861,397100,False,False
RUIS.JK,199.0,201.0,203.0,202.7,202.15,187.106875,201.3559375,15.893124999999998,1.4212183292514173,668500,False,False
RSCH.JK,322.0,321.3333333333333,324.0,308.2,290.0,293.68,299.14,17.0,2.9135516766693583,23694700,False,False
ROTI.JK,590.0,586.6666666666666,589.0,590.5,599.0,590.2,619.7658819580079,2.4666666666666743,1.6856424014812872,187000,True,False
RONY.JK,1280.0,1273.3333333333333,1286.0,1340.0,1300.75,1133.5,1323.25,41.3,4.662422989605788,22200,False,False
RODA.JK,66.0,63.0,61.0,60.3,61.85,57.42,62.23,8.579999999999998,3.2031750048996304,147005500,False,False
ROCK.JK,1500.0,1673.3333333333333,1707.0,1737.0,1777.5,1729.8,2075.1,55.5,4.911994825449837,37000,False,False
RMKO.JK,298.0,294.6666666666667,294.4,292.8,316.3,312.72,398.85,11.75,4.038030480217359,3110900,False,False
RMKE.JK,422.0,409.3333333333333,410.4,412.0,429.4,444.41574829101563,529.4951177978515,17.54120747884116,2.5392023825666143,102629800,False,False
RLCO.JK,5025.0,5050.0,5080.0,5061.5,4285.25,3562.9,4368.8,60.684,4.186317364179368,537600,False,False
RISE.JK,945.0,958.3333333333334,970.0,988.5,987.25,990.8,1406.35,9.159999999999991,2.2729083828021865,1007700,False,False
RIGS.JK,680.0,683.3333333333334,680.0,678.5,682.75,678.0,681.85,1.0666666666666742,1.6051567867180883,49400,True,False
RICY.JK,80.0,80.66666666666667,79.6,78.6,78.2,76.24,84.56,4.4266666666666765,2.018083257202373,3763700,True,False
RGAS.JK,242.0,242.0,242.0,232.6,222.2,180.9119223022461,135.8954468536377,30.54403884887695,3.2143388684356204,0,False,False
RELI.JK,470.0,480.6666666666667,483.2,484.6,486.7,487.7,493.27,8.849999999999994,1.3240671058248261,14300,False,False
RELF.JK,35.0,34.666666666666664,35.0,35.4,35.4,34.86,36.85,0.7333333333333343,2.233249113694065,1923700,True,False
REAL.JK,51.0,51.333333333333336,51.4,50.9,50.65,50.3771875,51.595952339172364,1.0228125000000006,1.7720354672459555,52041200,True,False
RDTX.JK,13400.0,13433.333333333334,13470.0,13575.0,13680.0,14174.27794921875,14933.72755859375,30.97111796874997,0.8740432817883235,300,False,False
RCCC.JK,100.0,101.0,100.0,97.3,94.4,90.34,99.32,10.659999999999997,4.988826487188912,482600,False,False
RBMS.JK,66.0,66.33333333333333,65.6,65.2,65.4,60.68,60.24,5.653333333333329,3.1290985860165312,33989000,True,True
RATU.JK,5100.0,5035.0,5061.0,5001.5,5064.75,4911.3,5233.123525390625,7.547999999999993,2.9074453446152155,4493500,False,False
RANC.JK,515.0,513.3333333333334,516.0,514.5,517.25,521.24,544.17,1.5813333333333275,2.2418275522587745,11000,True,False
RALS.JK,384.0,382.0,379.6,379.8,380.6,376.92,388.38222442626954,3.539999999999992,0.8633113520207921,3280400,True,False
RAJA.JK,900.0,886.6666666666666,885.0,881.5,895.25,801.1428234863281,801.0948358154296,19.771435302734382,2.453735229273477,117987100,False,False
RAAM.JK,198.0,199.0,200.6,204.5,204.9,204.26,206.82,6.900000000000006,2.0350623009745488,860700,False,False
PZZA.JK,183.0,182.33333333333334,184.2,184.6,185.15,184.74,191.73400482177735,2.816666666666663,2.156002497646847,973200,True,False
PYFA.JK,212.0,212.0,209.6,208.0,208.4,204.08,262.76,3.9599999999999937,3.7093259942826786,12833100,True,False
PWON.JK,260.0,261.3333333333333,261.6,262.8,264.0,255.77709533691407,283.78451446533205,4.111452331542964,2.0554895166650358,45699500,True,False
PURI.JK,140.0,140.0,138.4,136.5,136.85,134.9,145.08,5.099999999999994,1.5372745080145487,2800600,True,False
PURA.JK,33.0,32.666666666666664,32.6,31.5,31.3,31.48,31.87,1.6999999999999993,4.140977025212045,6612200,False,False
PUDP.JK,308.0,307.3333333333333,306.0,304.2,300.9,298.64142028808595,309.74154998779295,4.679289855957023,1.4499730973037988,65900,True,False
PTSP.JK,975.0,946.6666666666666,922.0,909.0,902.75,888.4,900.95,17.320000000000004,2.5375234933213435,75700,False,False
PTSN.JK,278.0,284.0,281.2,271.0,258.4,244.31348480224608,273.15724716186526,19.84325759887696,2.629129200252453,852000,False,False
PTRO.JK,5125.0,4841.666666666667,4761.0,4707.5,4458.25,4198.7,4624.7,37.05200000000001,3.5102286029065324,101457200,False,False
PTPW.JK,1210.0,1208.3333333333333,1183.0,1152.5,1147.75,1106.6877502441407,1029.2363623046874,20.66244995117186,1.4069511471216145,40500,False,False
PTPS.JK,152.0,148.0,148.4,144.0,141.65,129.42,152.47,22.580000000000013,3.7575680001952003,2376100,False,False
PTPP.JK,200.0,200.66666666666666,200.6,201.0,205.0,195.4,228.8,9.599999999999994,2.1535259318113944,4746600,False,False
PTMP.JK,63.0,63.666666666666664,63.2,62.7,62.35,58.92,62.95,4.746666666666663,3.1129076760275027,16221100,True,True
PTIS.JK,272.0,274.0,272.4,269.8,269.7,279.48,291.4,4.890000000000015,1.6506228629232587,19800,True,False
PTBA.JK,2350.0,2356.6666666666665,2342.0,2347.0,2383.0,2425.6018798828127,2602.876904296875,8.360187988281268,1.1326085211219707,9337400,False,False
PSSI.JK,330.0,330.6666666666667,327.2,323.2,320.9,299.6,316.85211181640625,15.533333333333331,3.0390849713779646,49100,False,False
PSKT.JK,236.0,228.66666666666666,226.0,219.8,210.15,197.54,225.17,19.230000000000004,2.6984555925139926,12391900,False,False
PSGO.JK,197.0,195.66666666666666,195.4,196.5,197.45,194.3050259399414,193.7399464416504,3.144974060058587,0.856364619260316,38900,True,False
PSDN.JK,133.0,132.66666666666666,131.2,126.1,120.45,116.38,134.17,16.620000000000005,4.276733759843408,6536300,False,False
PSAT.JK,910.0,905.0,885.0,864.0,851.0,820.9,862.65,17.820000000000004,1.892666151436703,137400,False,False
PSAB.JK,452.0,446.6666666666667,440.4,432.6,427.6,421.17327392578125,415.87727416992186,15.413363037109377,1.84122647739406,97673900,False,False
PRIM.JK,112.0,112.33333333333333,109.4,106.7,101.45,91.12,84.68,21.213333333333324,3.2402888187709276,11318100,False,False
PRDA.JK,2370.0,2366.6666666666665,2376.0,2367.0,2380.0,2458.6,2435.8462255859376,9.193333333333339,0.9857512885871569,644600,False,False
PRAY.JK,730.0,740.0,726.0,730.0,717.75,692.1,715.7,9.579999999999995,2.2038451773887293,7600,False,False
PPRO.JK,17.0,17.0,16.8,16.4,16.85,16.16,20.65,0.8399999999999999,4.17811767515539,21680700,False,False
PPRI.JK,150.0,147.33333333333334,147.2,147.7,149.15,143.38,160.92,6.6200000000000045,1.984160254690952,3819700,False,False
PPRE.JK,104.0,105.0,104.0,104.0,107.05,100.52,116.52,6.530000000000001,2.6616515106895657,18305400,False,False
PPGL.JK,202.0,202.66666666666666,204.0,207.0,209.0,196.84,202.34,6.079999999999998,1.703214154179614,2670000,False,False
POWR.JK,730.0,725.0,725.0,725.0,723.0,707.7,699.6191564941406,4.459999999999991,0.7235356771911938,5279700,True,True
PORT.JK,890.0,870.0,870.0,873.0,875.25,871.5,883.15,4.0,1.9416229293133505,10600,True,False
POLY.JK,32.0,32.0,32.0,32.0,32.0,32.0,32.35,0.0,0.0,0,True,False
POLU.JK,11525.0,11525.0,11825.0,12052.5,12411.25,12185.5,13424.0,35.45,2.9992526520638716,4000,False,False
POLI.JK,750.0,751.6666666666666,746.0,726.5,724.5,753.9,913.7,5.8799999999999955,1.6190535126879977,39000,True,False
PNSE.JK,498.0,491.3333333333333,490.8,492.6,495.3,515.32,575.51,12.26000000000002,1.15627559364357,3400,False,False
PNLF.JK,226.0,226.66666666666666,226.4,226.4,225.6,220.3,233.41,3.183333333333323,1.0593574907092527,30002400,True,False
PNIN.JK,715.0,716.6666666666666,718.0,715.5,724.75,725.2,750.1,2.040000000000009,1.3555630657143376,534800,True,False
PNGO.JK,3560.0,3556.6666666666665,3554.0,3551.0,3525.5,3476.4,3433.0,8.35999999999999,0.4246347985692906,15000,False,False
PNBS.JK,50.0,50.0,50.0,50.1,50.2,50.08,50.31,0.20000000000000284,0.6200544431702717,1036400,True,False
PNBN.JK,910.0,911.6666666666666,907.0,896.5,895.25,882.7952502441407,913.3014758300782,5.774283284505191,1.0855421360872193,2843400,True,False
PMUI.JK,98.0,98.0,97.2,90.8,87.45,80.8,86.83255653381347,17.200000000000003,4.8896669397656565,3476700,False,False
PMJS.JK,118.0,119.0,118.8,113.4,110.85,106.76471115112305,114.57139320373535,12.235288848876948,3.4695833854921596,3503400,False,False
PLAN.JK,38.0,38.0,38.2,38.1,38.2,37.34,41.99,0.8599999999999994,2.3270999925810933,1356700,True,False
PKPK.JK,3900.0,3926.6666666666665,3932.0,3889.0,3697.0,3185.2,2838.3,74.68000000000002,1.2693358610035566,894700,False,False
PJHB.JK,176.0,174.66666666666666,172.0,169.5,167.6,167.08,192.16,8.919999999999987,2.448310099720483,2086900,False,False
PJAA.JK,462.0,456.6666666666667,453.6,453.4,456.1,453.88,477.48996002197265,4.300000000000011,0.9866630715240188,246800,True,False
PIPA.JK,120.0,121.66666666666667,120.6,118.2,121.25,115.0,122.74,6.666666666666671,3.371098855371956,19948000,False,False
PICO.JK,133.0,133.0,131.2,130.2,128.8,129.08,139.26,4.199999999999989,1.5488984123260854,154100,True,False
PGUN.JK,7550.0,7491.666666666667,7495.0,7590.0,7473.75,7357.201201171875,7954.439008789062,9.31195195312499,2.9554674046300304,7300,False,False
PGLI.JK,202.0,200.66666666666666,199.6,198.1,196.2,188.52,201.96,6.739999999999995,2.7861915703759075,75300,False,False
PGJO.JK,755.0,780.0,768.0,720.0,703.25,726.8,732.0,15.35,4.842991209841715,266700,False,False
PGEO.JK,1090.0,1038.3333333333333,1026.0,1017.0,1015.25,929.9,953.8857415771485,32.02,3.1259927629001116,101543200,False,False
PGAS.JK,1505.0,1508.3333333333333,1507.0,1506.5,1507.75,1513.7215576171875,1630.022421875,1.7443115234375,1.1563425695780383,28221800,True,False
PEVE.JK,338.0,338.0,338.0,331.4,324.2,318.48,376.79,9.759999999999991,1.566571421221637,2092100,False,False
PEHA.JK,260.0,263.3333333333333,264.0,261.8,258.6,251.75001953125,271.9509147644043,6.124990234375005,2.255059746260898,113400,False,False
PEGE.JK,99.0,98.0,97.0,93.9,95.3,104.56914642333984,124.09457321166992,10.66914642333984,2.677122419008174,20158100,False,False
PDPP.JK,308.0,311.3333333333333,310.4,292.0,277.7,267.33830963134767,290.3776206970215,21.997511850992822,3.027479326504618,236700,False,False
PDES.JK,474.0,408.0,394.0,397.6,400.1,444.14,479.20489501953125,40.0,8.768151569479175,1023000,False,False
PCAR.JK,45.0,43.666666666666664,43.4,41.0,39.75,39.0,38.52,6.0,5.4138703334069245,4569100,False,False
PBSA.JK,750.0,751.6666666666666,753.0,755.5,758.0,724.0485107421875,859.7877435302735,6.7902978515624905,3.0646044753997987,2152500,False,False
PBRX.JK,26.0,26.666666666666668,26.6,26.6,26.7,26.98,32.33,0.9800000000000004,3.663082173043279,6079300,True,False
PBID.JK,530.0,533.3333333333334,533.0,526.9,505.85,488.18,479.91360961914063,9.030666666666672,1.644910549129517,1440000,False,False
PART.JK,100.0,101.33333333333333,101.4,103.0,103.35,99.494599609375,107.54129615783691,3.855400390624993,1.2733766022167798,4801000,True,False
PANS.JK,1545.0,1543.3333333333333,1537.0,1552.5,1561.5,1523.9311889648438,1505.9414111328124,7.513762207031232,1.0996597558731047,68000,False,False
PANR.JK,430.0,420.6666666666667,419.6,413.4,410.3,422.52,458.41529388427733,9.849999999999994,1.7833560179297148,384700,False,False
PANI.JK,6275.0,6358.333333333333,6305.0,6190.0,6178.75,6330.82701171875,7292.898583984375,7.183333333333321,2.174481857264203,5583300,False,False
PAMG.JK,57.0,56.666666666666664,56.4,57.1,55.75,53.34,56.05,3.759999999999998,5.766788386879789,4844600,False,False
PALM.JK,290.0,290.0,290.4,297.2,299.6,302.71009155273435,330.3876934814453,6.355045776367177,1.1763259803882047,433800,False,False
PADI.JK,75.0,71.33333333333333,70.2,71.8,72.1,73.20454528808594,90.09510948181152,4.799999999999997,5.369944684757849,831968000,False,False
PADA.JK,184.0,187.33333333333334,171.0,147.3,132.0,119.54,135.63,67.79333333333334,9.830747933868162,45377400,False,False
PACK.JK,270.0,259.3333333333333,252.4,239.2,228.1,239.6,238.02,20.950000000000003,5.149623517435429,239853900,False,False
OPMS.JK,127.0,122.0,122.4,112.7,107.3,100.36,112.28,26.64,8.70604198387446,18344200,False,False
OMRE.JK,970.0,973.3333333333334,1010.0,1027.5,1053.25,1039.3,924.75,16.65,5.326639580132186,27600,False,False
OMED.JK,228.0,224.66666666666666,221.2,216.4,210.9,204.57245788574218,232.92650848388672,11.713771057128909,2.5992312874599808,35202600,False,False
OLIV.JK,50.0,50.0,50.2,50.4,50.15,50.52,53.44,0.5200000000000031,2.1049974795165363,2320600,True,False
OKAS.JK,119.0,107.66666666666667,105.2,103.0,102.1,99.92,107.75,19.08,5.263447811266837,87861400,False,False
OILS.JK,230.0,230.66666666666666,230.0,232.0,224.7,200.8,229.24,15.599999999999994,4.402865202992611,4839600,False,False
OBMD.JK,197.0,188.33333333333334,184.4,189.3,190.2,177.48,204.66,19.52000000000001,2.9794608917557173,770400,False,False
OBAT.JK,244.0,245.33333333333334,245.2,245.4,247.0,240.92,280.62039947509766,3.0400000000000063,1.6471926030490773,435900,True,False
OASA.JK,350.0,352.0,339.2,332.4,328.9,292.04,316.12,29.97999999999999,4.489087726717248,31252200,False,False
NTBK.JK,94.0,92.66666666666667,92.6,93.2,95.85,75.26,78.02402942657471,20.58999999999999,4.314884112379461,34075100,False,False
NSSS.JK,1015.0,1026.6666666666667,1032.0,976.0,869.5,660.618032836914,733.4572192382813,74.2763934326172,7.350688642275865,19668800,False,False
NRCA.JK,530.0,526.6666666666666,513.6,497.8,495.35,455.17404296875,494.50723846435545,14.965191406250005,2.914326126421295,4919000,False,False
NPGF.JK,59.0,59.333333333333336,59.2,59.5,58.6,59.62,64.5,1.019999999999996,2.159771944817183,49572000,True,False
NOBU.JK,490.0,495.3333333333333,489.6,465.2,451.5,445.12,492.38,25.106666666666655,2.6076359091111567,2302200,False,False
NISP.JK,1275.0,1278.3333333333333,1281.0,1265.5,1244.5,1229.6,1296.7467004394532,10.280000000000019,1.029961571621317,1666200,False,False
NIRO.JK,165.0,167.66666666666666,159.2,151.0,150.2,147.7,171.41,19.96666666666667,8.084279405201297,597400,False,False
NINE.JK,69.0,71.0,71.4,73.5,75.7,77.54,102.42,8.540000000000006,1.8463384582139124,10994400,False,False
NIKL.JK,200.0,201.33333333333334,198.8,191.6,190.75,194.86,248.5838653564453,10.583333333333343,2.991530610998761,4788000,False,False
NICL.JK,476.0,474.0,471.6,480.2,495.2,517.92,675.1515808105469,23.159999999999968,2.746908450681087,22232700,False,False
NICK.JK,1415.0,1333.3333333333333,1284.0,1203.5,1131.75,1061.7,1129.85,70.66,8.975818848101301,65000,False,False
NICE.JK,264.0,265.3333333333333,260.0,253.8,255.8,258.6,278.74,5.7666666666666515,2.3320530813523996,1623200,True,False
NFCX.JK,1515.0,1518.3333333333333,1519.0,1550.0,1564.5,1619.5,1695.9,20.9,2.233114430806034,17100,False,False
NETV.JK,52.0,51.333333333333336,51.4,50.9,50.8,53.0,69.53,2.200000000000003,1.5961467860858078,36078500,True,False
NEST.JK,720.0,725.0,728.0,685.0,649.75,592.98,500.78,27.003999999999998,6.038029276134573,3728400,False,False
NELY.JK,200.0,201.33333333333334,200.4,201.2,204.2,201.14660522460937,255.04669830322266,4.199999999999989,1.5421574113750047,1310400,True,False
NCKL.JK,935.0,943.3333333333334,932.0,893.0,869.0,827.3312707519531,931.9672644042969,23.20041251627606,2.688307458240809,67129200,False,False
NAYZ.JK,59.0,58.0,58.4,57.7,57.55,57.86,61.66,1.4500000000000028,4.22505232461295,26394000,False,False
NATO.JK,655.0,656.6666666666666,659.0,659.5,645.5,608.7,611.2,10.159999999999991,1.2054911586887929,136600,False,False
NASI.JK,139.0,136.33333333333334,132.8,129.2,124.85,116.4,131.6,22.599999999999994,2.6667655289581456,6745800,False,False
NASA.JK,30.0,30.333333333333332,30.2,30.3,30.15,31.76,34.82,1.7600000000000016,2.677901527022679,650400,True,False
NANO.JK,28.0,28.333333333333332,28.6,29.8,29.5,25.76,30.38,4.039999999999999,5.6297318739724656,17652700,False,False
NAIK.JK,89.0,88.0,87.4,86.8,87.25,84.44,90.49163497924805,4.560000000000002,1.4516629266563181,9955000,True,False
MYTX.JK,41.0,41.0,41.0,41.0,41.0,42.28,47.33,1.2800000000000011,0.0,0,True,False
MYOR.JK,1675.0,1678.3333333333333,1676.0,1698.0,1724.75,1741.6317651367187,1756.6570629882813,13.326353027343748,1.5563020772239147,8115700,False,False
MYOH.JK,1040.0,1038.3333333333333,1041.0,1042.5,1044.0,1049.71748046875,1129.2269812011718,2.2768294270833396,0.8109222197674543,15100,True,False
MUTU.JK,109.0,110.33333333333333,110.2,109.0,109.85,109.26339935302734,105.39967895507813,1.3333333333333286,1.3695583970880254,2637600,True,True
MTWI.JK,254.0,254.66666666666666,254.8,255.8,261.0,264.1768209838867,292.65787948608397,5.088410491943364,3.757554144476728,18900,True,False
MTMH.JK,920.0,920.0,917.0,915.5,934.25,947.15875,968.9396179199218,6.331750000000011,3.1324804102590003,18500,False,False
MTLA.JK,530.0,526.6666666666666,536.0,523.5,518.75,509.0408380126953,520.6062261962891,5.39183239746094,4.460100147574443,20800,False,False
MTFN.JK,13.0,13.0,13.0,13.0,13.0,13.72,18.22,0.7200000000000006,0.0,0,True,False
MTEL.JK,438.0,442.6666666666667,448.4,450.6,455.6,467.73029663085936,479.9127215576172,14.865148315429678,1.304273555604922,49439600,False,False
MTDL.JK,510.0,511.6666666666667,510.0,510.5,512.5,505.07700012207033,523.2885000610352,1.4845999755859338,1.492942175432945,730300,True,False
MSTI.JK,1325.0,1328.3333333333333,1326.0,1319.0,1327.25,1263.5673120117187,1267.8461950683593,12.953204264322903,2.655850740877623,991100,False,False
MSKY.JK,69.0,64.33333333333333,64.2,61.4,60.95,61.02,70.45,8.049999999999997,5.892296469024381,232048600,False,False
MSJA.JK,408.0,410.0,404.8,403.6,406.6,407.56,433.9512240600586,3.1999999999999886,2.3141939168038075,17129800,True,False
MSIN.JK,382.0,388.6666666666667,392.4,392.4,421.3,473.2,608.74,45.599999999999994,2.6719074449563553,22078900,False,False
MSIE.JK,97.0,99.0,97.6,92.9,87.9,96.58,92.81,11.099999999999994,5.978375172261301,13105700,False,False
MREI.JK,920.0,920.0,920.0,920.0,920.0,941.3,981.1,4.259999999999991,0.0,0,True,False
MRAT.JK,440.0,442.6666666666667,442.0,441.0,441.8,442.36,433.08,1.3333333333333428,0.825045387276647,162800,True,False
MPXL.JK,157.0,156.0,155.4,152.7,149.55,148.76,155.44,8.240000000000009,2.374122653215172,277100,False,False
MPRO.JK,12050.0,12350.0,11830.0,12090.0,11322.5,9593.0,9488.25,110.28,8.663952298831116,5100,False,False
MPPA.JK,47.0,46.666666666666664,46.6,47.6,47.35,46.34,48.03,1.259999999999998,3.57600541147823,5368700,True,False
MPOW.JK,109.0,107.33333333333333,106.8,104.9,101.15,99.44,104.26,9.560000000000002,1.8836813214224293,6325800,False,False
MPMX.JK,1005.0,1003.3333333333334,1004.0,993.5,992.5,966.0261694335937,903.279443359375,7.794766113281253,1.0324313810862473,2404400,False,False
MPIX.JK,99.0,99.0,98.0,95.8,94.9,92.1,88.34,6.900000000000006,2.1062477623492346,7402700,False,False
MORA.JK,5250.0,5650.0,5895.0,6145.0,6285.0,6534.5,6020.75,51.38,4.124262452018467,1217300,False,False
MOLI.JK,278.0,269.3333333333333,266.4,259.2,254.8,239.83422454833985,242.3471014404297,19.082887725830076,3.0465882014552066,8034100,False,False
MNCN.JK,200.0,201.33333333333334,203.2,203.6,206.7,206.36,218.44,6.699999999999989,2.0837492956195502,14316500,False,False
MMLP.JK,298.0,298.6666666666667,298.0,294.0,296.4,295.52,315.66,2.333333333333343,1.357977907660816,89300,True,False
MMIX.JK,745.0,743.3333333333334,740.0,727.5,724.75,681.54,487.21,12.692000000000007,1.5188239839246842,18594300,False,False
MLPT.JK,1605.0,1656.6666666666667,1727.0,1673.5,1384.5,982.94,888.7021118164063,148.81199999999998,9.341083629796993,6439800,False,False
MLPL.JK,96.0,95.66666666666667,96.0,94.7,91.85,84.66,90.76,11.340000000000003,2.363436312205933,11772700,False,False
MLIA.JK,230.0,231.33333333333334,231.6,231.2,233.9,238.24,256.82,4.1200000000000045,0.6385767321255318,7400,True,False
MLBI.JK,6850.0,6858.333333333333,6870.0,6640.0,6476.25,6170.7273828125,5795.582607421875,27.970904687500006,1.750511685089969,232600,False,False
MKTR.JK,122.0,122.0,123.0,121.3,120.2,120.84086853027344,124.17159172058105,2.799999999999997,1.6694730342553938,271100,True,False
MKPI.JK,21975.0,21958.333333333332,21880.0,21775.0,21520.0,21125.8078125,21379.09173828125,33.96768750000003,0.5626970758697807,41600,False,False
MKAP.JK,1165.0,1168.3333333333333,1166.0,1164.5,1164.0,1133.4499926757812,1099.2395086669922,6.976668131510405,0.4050778554976758,22300,False,False
MITI.JK,212.0,213.33333333333334,204.0,183.1,178.2,172.08,208.89,20.626666666666665,11.276357385430094,4101500,False,False
MIRA.JK,27.0,25.0,23.8,22.5,21.4,19.94,21.38,7.059999999999999,7.967000428047945,22769100,False,False
MINE.JK,234.0,234.0,230.4,224.2,222.9,219.92,276.46,7.040000000000006,1.7112661833340326,1157700,False,False
MINA.JK,278.0,273.3333333333333,272.0,270.6,276.6,280.36,294.22,4.8799999999999955,2.5392854866549435,73462300,True,False
MIKA.JK,1795.0,1818.3333333333333,1810.0,1775.0,1753.0,1661.838212890625,1800.0185119628907,31.299024088541636,2.5148020304426972,5221600,False,False
MIDI.JK,278.0,279.3333333333333,280.4,282.4,284.4,281.45080078125,291.6007389831543,3.1999999999999886,1.6026637732837432,6744900,True,False
MICE.JK,520.0,521.6666666666666,520.0,515.0,515.25,498.4970324707031,497.4248532104492,4.633926839192702,2.4029670335615534,20200,True,False
MHKI.JK,137.0,138.66666666666666,136.4,135.3,135.6,125.09025192260742,148.22906364440917,13.576414744059235,2.911400649899497,6679100,False,False
MGRO.JK,680.0,673.3333333333334,676.0,678.0,675.0,671.0,685.8,1.8,3.3583488723718293,3918100,True,False
MGNA.JK,113.0,113.33333333333333,113.8,108.5,100.5,92.24,130.4,21.560000000000002,11.49063745147066,7164200,False,False
MGLV.JK,8300.0,8300.0,8280.0,8357.5,8283.75,8203.5,7278.75,6.16,2.7604055266110463,79000,False,False
MERK.JK,3930.0,3910.0,3892.0,3924.0,3899.0,3739.9590625,3579.6344482421873,19.004093749999992,1.9148154565220403,63500,False,False
MERI.JK,113.0,116.0,110.8,105.9,103.9,106.72,123.35,12.099999999999994,5.715617008761539,11068500,False,False
MEJA.JK,99.0,97.0,95.8,96.5,90.15,86.78,91.66142860412597,12.219999999999999,3.190019956821175,13287100,False,False
MEGA.JK,1985.0,1981.6666666666667,1980.0,1984.5,1992.5,1982.7,2109.2954174804686,2.5,0.5044213831270682,9200,True,False
MEDS.JK,74.0,75.33333333333333,75.4,75.6,78.0,76.06,76.82,4.0,2.017053933286987,18768400,True,False
MEDC.JK,1290.0,1325.0,1313.0,1298.0,1279.25,1199.2094970703124,1403.614287109375,25.158100585937518,3.340498149363931,45890200,False,False
MDRN.JK,26.0,26.0,26.0,26.0,26.0,27.96,39.2,1.9600000000000009,0.0,0,True,False
MDLN.JK,50.0,50.0,50.0,50.1,50.1,50.2,52.06,0.20000000000000284,0.933602421801758,822700,True,False
MDLA.JK,210.0,210.0,210.4,210.0,208.8,203.74,202.9692054748535,3.3299999999999983,0.9022628065583118,1036700,True,True
MDKI.JK,186.0,184.66666666666666,184.2,182.5,181.25,178.7944952392578,180.8186540222168,7.205504760742201,1.2518651041862647,139100,False,False
MDKA.JK,2840.0,2886.6666666666665,2820.0,2732.0,2703.0,2664.4419482421877,2883.581071777344,22.222471842447884,3.114340137307202,41157200,False,False
MDIY.JK,925.0,911.6666666666666,911.0,916.5,942.25,886.1568762207031,866.6129644775391,11.218624755859377,0.9991529161854534,365100,False,False
MDIA.JK,250.0,227.33333333333334,215.0,176.5,127.7,93.0,92.67,78.5,10.5701599707152,1080520900,False,False
MCOR.JK,69.0,69.0,68.8,68.5,68.15,66.92,68.45,2.0799999999999983,0.83019955430472,595400,True,False
MCOL.JK,3750.0,3743.3333333333335,3754.0,3718.0,3748.0,3714.6,3768.1049853515624,3.9400000000000093,1.862574533280003,10800,True,False
MCAS.JK,238.0,242.0,248.0,258.0,206.05,198.26,276.13,29.870000000000005,15.96178523663119,5452900,False,False
MBTO.JK,132.0,137.66666666666666,131.0,125.3,121.25,112.64,114.09,25.026666666666657,8.198011942631034,4444700,False,False
MBSS.JK,2820.0,2823.3333333333335,2828.0,2777.0,2691.5,2576.4,2280.1,25.15999999999999,1.2066690532205973,1044700,False,False
MBMA.JK,530.0,541.6666666666666,529.0,512.1,516.0,499.18,580.34,8.497333333333325,3.466917647342993,139332500,False,False
MBAP.JK,1420.0,1423.3333333333333,1417.0,1420.0,1405.75,1390.7,1551.6,6.526666666666642,1.1957538050610337,18200,False,False
MAYA.JK,206.0,204.0,201.4,199.9,197.1,190.16,192.46,7.920000000000002,0.978702642837739,667100,False,False
MAXI.JK,50.0,50.0,50.0,50.0,50.0,50.0,50.49,0.0,0.0,466200,True,False
MASB.JK,3390.0,3390.0,3390.0,3390.0,3390.0,3377.4,3311.0,1.259999999999991,0.0,10000,True,False
MARK.JK,1100.0,1091.6666666666667,1084.0,1038.0,1040.0,952.0,857.0333331298829,29.6,4.234829379317296,16677000,False,False
MARI.JK,23.0,23.0,23.0,23.0,23.0,23.94,26.47,0.9400000000000013,0.0,0,True,False
MAPI.JK,1690.0,1713.3333333333333,1718.0,1599.5,1557.75,1521.3579150390624,1405.6575939941406,39.32841699218752,8.300385824925286,12627000,False,False
MAPB.JK,1215.0,1143.3333333333333,1154.0,1161.5,1093.0,1107.7,1313.95,24.4,5.3535736603210715,18500,False,False
MAPA.JK,675.0,671.6666666666666,668.0,636.0,625.25,606.8598352050781,617.3249597167969,13.628032958984386,2.5954295543547903,9232900,False,False
MANG.JK,39.0,39.0,39.0,39.9,39.55,41.5,44.45,2.5,1.6482342473873697,11272400,True,False
MAIN.JK,680.0,680.0,676.0,690.5,694.25,689.7884143066407,770.4158734130859,3.65,2.3387567588355735,592400,True,False
MAHA.JK,145.0,145.66666666666666,145.4,143.2,141.85,136.73833404541017,135.88166915893555,8.928332621256487,1.4497233715000168,3577400,False,False
LUCK.JK,115.0,114.33333333333333,112.8,111.7,106.7,103.66,104.99,11.340000000000003,2.9923856514017664,5053100,False,False
LTLS.JK,845.0,833.3333333333334,832.0,804.5,789.75,774.3,771.1213208007813,14.14000000000001,1.6359737942213106,90400,False,False
LSIP.JK,1455.0,1455.0,1449.0,1418.0,1373.5,1267.3931640625,1332.9541845703125,37.52136718749998,1.7783849491343904,4296700,False,False
LRNA.JK,185.0,185.0,184.4,184.4,182.25,180.78,191.71,4.219999999999999,1.2629757757606768,194100,True,False
LPPS.JK,82.0,81.33333333333333,81.0,80.1,78.1,72.0,77.36,10.0,2.182422832635423,1710200,False,False
LPPF.JK,1575.0,1575.0,1567.0,1558.0,1558.75,1541.3,1586.161611328125,6.740000000000009,2.014156915574051,905800,False,False
LPLI.JK,246.0,244.66666666666666,244.8,247.2,247.5,242.32,267.56,2.5900000000000034,1.8097456771350688,58700,True,False
LPKR.JK,62.0,61.666666666666664,61.0,61.0,61.35,61.78,71.57,1.0,2.1129172309309765,98004800,True,False
LPIN.JK,422.0,420.6666666666667,420.0,419.2,417.3,406.48,409.1397116088867,7.759999999999991,0.9818565350449197,43900,False,False
LPGI.JK,645.0,641.6666666666666,635.0,633.0,651.5,665.1,666.9079724121094,6.420000000000004,1.951440723810604,1600,False,False
LPCK.JK,575.0,573.3333333333334,570.0,543.5,528.5,514.68,571.44,12.06400000000001,3.6639039597700784,408100,False,False
LOPI.JK,70.0,66.33333333333333,65.2,64.2,60.8,62.62,87.23,9.200000000000003,4.297538230649417,4755300,False,False
LMPI.JK,139.0,139.0,139.6,140.9,139.75,138.12,146.09,2.780000000000001,1.5494495854504169,166200,True,False
LMAX.JK,112.0,114.33333333333333,113.2,113.8,115.6,98.16,126.86,17.439999999999998,4.3551127522902755,326900,False,False
LIVE.JK,218.0,212.66666666666666,212.0,208.0,206.4,212.92,214.27,5.799999999999997,1.8010821419902263,16857200,True,True
LION.JK,356.0,354.0,354.0,351.0,348.0,336.68,370.82,9.659999999999997,3.581907541422038,51600,False,False
LINK.JK,1390.0,1388.3333333333333,1394.0,1398.0,1409.5,1393.1,1578.45,4.2333333333333485,1.0119245164365365,900,True,False
LIFE.JK,5875.0,5891.666666666667,5855.0,5777.5,5785.0,5914.5,6437.176796875,5.48,1.9808976996947028,1600,True,False
LFLO.JK,494.0,494.0,490.4,485.8,488.4,521.1025036621094,536.6415438842773,17.65125183105468,2.161289726097725,600,False,False
LEAD.JK,113.0,113.33333333333333,111.4,106.4,104.05,98.36,114.59,14.97333333333333,4.066170701523918,41831100,False,False
LCKM.JK,109.0,109.0,109.0,109.3,109.3,110.32,118.23,1.3199999999999932,2.4968607665503804,0,True,False
LAPD.JK,63.0,63.666666666666664,63.2,63.0,65.25,63.26,72.73,2.25,3.5071549117242613,30969600,True,False
LAND.JK,80.0,79.0,77.8,75.9,76.5,63.64,68.31,16.36,4.6158574509388375,109569700,False,False
LAJU.JK,68.0,67.33333333333333,66.6,65.6,66.6,63.917013549804686,71.06592029571533,4.082986450195314,2.51230370422965,59503500,True,False
LABS.JK,156.0,155.66666666666666,154.2,151.5,149.65,144.52,151.6,11.47999999999999,1.2672404869186753,285900,False,False
LABA.JK,96.0,95.0,94.8,94.2,93.65,90.42,104.18,5.579999999999998,1.856025259149178,14240100,True,False
KUAS.JK,92.0,92.66666666666667,92.2,91.2,91.7,91.06,98.24505294799805,1.6066666666666691,2.6848951016189546,6716600,True,False
KSIX.JK,372.0,357.3333333333333,337.2,312.2,297.4,322.08,325.12,37.30000000000001,6.0386047803546745,765400,False,False
KRYA.JK,63.0,62.333333333333336,61.4,60.1,60.15,58.12,63.14,4.880000000000003,1.9369172664521361,33945300,True,False
KREN.JK,13.0,13.333333333333334,13.2,13.2,12.95,12.68,14.43,0.6533333333333342,4.947089528537475,14615700,False,False
KRAS.JK,228.0,228.0,226.8,224.0,228.3,211.24,247.4,8.530000000000001,3.446988543225076,5675500,False,False
KPIG.JK,78.0,80.66666666666667,82.2,81.7,82.85,83.02,95.85,5.019999999999996,2.8933940564739387,445455300,True,False
KOTA.JK,188.0,171.33333333333334,162.6,145.3,122.55,104.9,101.1,83.1,7.791443133747617,4037734700,False,False
KOPI.JK,210.0,210.0,210.4,208.0,202.05,188.68,218.21,10.86,3.678293560970358,550900,False,False
KONI.JK,2370.0,2396.6666666666665,2418.0,2424.0,2584.0,2582.0,2394.75,21.4,1.272999114155457,42400,False,False
KOKA.JK,196.0,197.0,196.0,196.9,197.75,142.34,159.13,55.41,3.48135498764291,8446700,False,False
KOIN.JK,78.0,78.0,78.0,78.0,78.0,76.52,79.07,1.480000000000004,0.0,0,True,False
KOCI.JK,108.0,108.0,108.0,103.3,102.65,96.23526275634765,106.02263008117676,11.764737243652348,7.052682281977575,10494800,False,False
KOBX.JK,169.0,169.0,165.8,165.2,155.4,150.08,157.05,18.919999999999987,12.321006076575303,2797100,False,False
KMTR.JK,230.0,232.0,232.8,235.6,232.1,229.08,242.02,3.259999999999991,4.207585383105088,42800,False,False
KMDS.JK,525.0,533.3333333333334,537.0,539.0,540.0,533.882265625,544.1411373901367,3.0,1.5881677581730578,175300,True,False
KLIN.JK,116.0,117.0,116.4,117.2,112.25,106.84,128.27,10.36,5.511977694517973,95300,False,False
KLBF.JK,790.0,775.0,755.0,730.5,732.0,734.6986303710937,814.6493096923828,11.9,3.2982578223975296,135313700,False,False
KLAS.JK,76.0,77.0,76.2,74.8,72.25,69.0,75.0,8.0,2.8265428872844733,4305200,False,False
KKGI.JK,270.0,272.6666666666667,274.0,273.8,274.0,264.45894622802734,286.6156379699707,4.770526885986328,1.172562056186973,2546000,True,False
KKES.JK,68.0,66.0,66.0,66.8,67.05,52.8,44.75,15.200000000000003,2.0250737594654735,3620800,False,False
KJEN.JK,143.0,144.33333333333334,144.8,137.9,131.55,125.76,129.55,19.040000000000006,7.681368334607745,5326500,False,False
KIOS.JK,102.0,98.66666666666667,96.8,95.2,95.0,87.7,96.42,14.299999999999997,2.4761555346339854,57188800,False,False
KINO.JK,1305.0,1303.3333333333333,1286.0,1240.5,1198.25,1146.3319995117188,1118.6859838867188,31.733600097656243,2.8013918912031572,33300,False,False
KING.JK,272.0,276.6666666666667,278.0,273.8,287.9,372.24,372.75,50.120000000000005,3.18354321591118,428900,False,False
KIJA.JK,124.0,123.66666666666667,124.8,125.4,129.15,123.22,149.08,5.930000000000007,2.6866902429728006,48162600,True,False
KICI.JK,197.0,197.33333333333334,195.2,194.5,191.9,186.48,196.12,10.853333333333353,1.4029114631705117,254500,False,False
KETR.JK,585.0,605.0,584.0,570.5,556.25,547.88,520.57,11.424000000000001,4.480689764050193,63990200,False,False
KEJU.JK,575.0,573.3333333333334,564.0,554.0,550.75,564.5,550.5568405151367,4.85,1.4226396286140204,68600,True,False
KEEN.JK,895.0,890.0,884.0,862.0,859.5,838.3972338867187,859.4736218261719,11.320553222656258,2.813148913049272,9841500,False,False
KDTN.JK,464.0,464.6666666666667,448.0,398.4,470.7,598.46,770.53,100.03000000000003,14.213897309952566,11386200,False,False
KDSI.JK,458.0,456.6666666666667,456.4,452.6,448.3,442.76,445.82,7.6200000000000045,0.6531400898794705,33300,False,False
KBLV.JK,126.0,125.66666666666667,127.2,125.0,118.2,98.66,104.71,28.540000000000006,5.037374638812377,5632500,False,False
KBLM.JK,302.0,300.6666666666667,301.2,298.4,294.7,290.19398681640627,302.1564376831055,5.903006591796867,0.9604551549294763,90400,True,False
KBLI.JK,330.0,329.3333333333333,326.8,324.8,322.9,311.2919732666016,307.7949658203125,9.354013366699206,0.8380374324684504,194300,False,False
KBAG.JK,50.0,48.333333333333336,46.4,44.4,43.0,39.44,43.31,10.560000000000002,3.520782903370435,16933100,False,False
KARW.JK,212.0,212.0,212.0,212.0,212.0,230.84,265.16,9.420000000000002,0.0,0,False,False
KAQI.JK,96.0,95.66666666666667,95.2,92.7,90.7,88.46,96.84,7.540000000000006,3.1995998098933742,15461300,False,False
KAEF.JK,464.0,457.3333333333333,454.8,450.8,452.9,448.96,476.08,7.52000000000001,1.0493218975443575,1185100,False,False
JTPE.JK,605.0,603.3333333333334,599.0,606.0,606.25,599.51,590.265,1.45,1.5924001476738208,818000,True,False
JSPT.JK,1375.0,1385.0,1399.0,1417.5,1407.0,1327.0861254882811,1366.8209631347656,18.082774902343772,6.446184121608161,13300,False,False
JSMR.JK,2750.0,2770.0,2764.0,2733.0,2729.5,2754.8763916015623,2846.3589331054686,4.05,1.0877613725753597,2581900,True,False
JRPT.JK,1075.0,1078.3333333333333,1079.0,1079.0,1078.5,1073.90259765625,1071.5042236328125,1.019480468749998,0.2187508462089377,318700,True,False
JPFA.JK,2210.0,2210.0,2192.0,2158.0,2107.0,2062.3,2232.7358935546877,14.769999999999982,1.5707233148387063,6688800,False,False
JMAS.JK,228.0,228.0,228.0,228.0,228.0,238.8,236.65,5.400000000000006,0.0,0,True,False
JKON.JK,88.0,86.0,82.6,74.4,71.2,68.09403038024902,69.84552333831788,19.905969619750977,11.459953552243512,89627300,False,False
JIHD.JK,430.0,428.6666666666667,425.2,425.8,428.6,419.08,463.18,5.460000000000008,1.6248265936036435,448800,True,False
JGLE.JK,100.0,87.33333333333333,78.2,70.5,63.25,57.78,63.46,42.22,10.30652484307102,1110350904,False,False
JECC.JK,635.0,638.3333333333334,635.0,625.0,629.5,600.5394299316406,719.1340020751953,7.558780680338555,1.8271970007184761,15600,False,False
JAYA.JK,132.0,133.0,133.0,130.1,127.15,123.52,127.83,9.480000000000004,1.9687478416976465,1313200,False,False
JAWA.JK,130.0,130.0,129.4,124.9,121.2,119.16,137.46,10.840000000000003,2.620576050510926,1524400,False,False
JATI.JK,102.0,99.0,97.6,96.4,95.05,94.86616729736328,99.41917442321777,7.133832702636724,1.8359259436610458,17874500,False,False
JAST.JK,84.0,84.0,84.0,83.3,84.15,81.48,89.39,2.6700000000000017,1.2717461411446034,3257800,True,False
JARR.JK,1935.0,1911.6666666666667,1913.0,1898.0,1892.0,1802.8870581054687,1934.0510876464843,26.422588378906266,1.78709877727986,1598500,False,False
ITMG.JK,24700.0,24741.666666666668,24685.0,24575.0,24292.5,23138.0,24384.889609375,64.14666666666672,0.7702636943263835,1157600,False,False
ITMA.JK,1340.0,1373.3333333333333,1363.0,1372.0,1358.75,1427.3,1766.25,17.45999999999999,1.7283514929476576,14400,False,False
ITIC.JK,230.0,226.66666666666666,221.2,217.2,211.05,204.98,229.51,12.510000000000005,2.204183292903177,2358500,False,False
ISSP.JK,440.0,439.3333333333333,439.2,428.2,415.1,396.618369140625,415.98612915039064,21.69081542968749,2.145912351097765,672800,False,False
ISEA.JK,81.0,82.0,81.4,80.1,80.2,71.26,77.41,10.739999999999995,2.1493651911036538,2693400,False,False
ISAT.JK,1900.0,1930.0,1919.0,1923.5,1907.5,1887.3,1956.4154638671876,8.54000000000001,2.5243603624129864,28310300,False,False
ISAP.JK,23.0,24.333333333333332,24.4,24.4,24.5,23.92,27.07,1.5,4.29473465784375,22626100,False,False
IRSX.JK,362.0,370.0,366.8,337.0,312.2,297.23320068359374,363.25109405517577,36.38339965820313,5.448179206857825,38440300,False,False
IRRA.JK,374.0,374.0,374.4,374.2,373.5,368.48,382.28,2.9599999999999795,0.3034505343904627,172000,True,False
IPTV.JK,29.0,29.666666666666668,30.2,31.0,30.95,32.78,37.12,3.780000000000001,3.731605061976033,8438800,True,False
IPOL.JK,115.0,110.66666666666667,108.8,107.2,106.7,107.48,114.12,8.299999999999997,1.8966035837091004,69148900,False,False
IPCM.JK,304.0,304.6666666666667,305.2,308.8,313.1,306.9723309326172,307.334411315918,4.550000000000011,1.5025794741592609,645600,True,False
IPCC.JK,1180.0,1165.0,1158.0,1155.5,1191.25,1151.9462072753906,1167.7721112060547,7.8607585449218735,1.9660060318519479,466400,False,False
IPAC.JK,167.0,167.66666666666666,164.8,162.5,162.35,152.8,153.46,14.866666666666646,3.2485728060878336,187200,False,False
IOTF.JK,53.0,52.666666666666664,52.8,52.4,52.7,52.96,57.64,0.6000000000000014,1.2699910148038813,6546500,True,False
INTP.JK,5325.0,5216.666666666667,5024.0,4804.0,4706.5,4416.50544921875,4576.333203125,36.339782031249996,2.2571594893803186,2427900,False,False
INTD.JK,266.0,256.6666666666667,255.2,249.6,241.4,234.96,242.4,15.519999999999996,3.0537803882873367,182600,False,False
INTA.JK,61.0,61.0,61.0,61.0,61.0,63.28,69.65,2.280000000000001,0.0,0,True,False
INPS.JK,710.0,720.0,705.0,675.0,653.0,656.3,636.71,13.4,5.178064068417754,60800,False,False
INPP.JK,675.0,678.3333333333334,685.0,690.5,696.25,722.2,754.85,9.440000000000008,1.4110614596389115,18200,False,False
INPC.JK,145.0,143.0,141.6,138.8,138.0,133.26,145.44,11.740000000000009,1.7134961664145374,4947900,False,False
INOV.JK,145.0,145.66666666666666,144.6,138.6,133.15,123.48,130.1,22.186666666666653,2.1320226965003073,1289700,False,False
INKP.JK,8300.0,8391.666666666666,8410.0,8182.5,7905.0,7517.614248046875,8400.288349609375,35.69543007812499,1.8802275196734977,5760200,False,False
INET.JK,232.0,236.0,234.0,228.0,223.9,208.04,246.36,13.980000000000004,3.478942736673426,108169500,False,False
INDY.JK,2550.0,2553.3333333333335,2526.0,2548.0,2450.0,2220.9516064453123,2791.613840332031,33.238172688802116,5.232408648146107,20523400,False,False
INDX.JK,60.0,60.0,60.0,60.0,60.0,63.82,84.22,3.8200000000000003,2.837818317547164e-07,0,True,False
INDS.JK,278.0,280.6666666666667,280.4,276.6,272.8,265.2584030151367,337.3316050720215,7.704131825764989,2.080143340869913,6090000,False,False
INDR.JK,2390.0,2343.3333333333335,2336.0,2154.5,2083.75,2026.2,2339.0,36.379999999999995,5.4215358329604095,45500,False,False
INDO.JK,175.0,176.0,175.8,173.8,172.4,165.96,162.92,10.039999999999992,1.9475770553654612,26961600,False,False
INDF.JK,7275.0,7241.666666666667,7155.0,7017.5,6907.5,6567.04498046875,6462.0703955078125,28.318200781250017,0.8296936699353774,6946100,False,False
INCO.JK,5450.0,5458.333333333333,5370.0,5078.0,4993.75,4762.7419140625,5331.630024414062,27.82365677083333,4.044454050703621,11906100,False,False
INCI.JK,685.0,673.3333333333334,668.0,662.0,658.0,647.909833984375,667.2672058105469,7.418033203124992,1.6204277271793184,22600,False,False
INCF.JK,50.0,50.0,50.0,50.0,50.0,50.0,53.18,0.0,0.0,0,True,False
INAI.JK,181.0,180.33333333333334,179.6,176.8,166.7,150.94,168.65,30.060000000000002,2.8357539675141425,1340700,False,False
IMPC.JK,1585.0,1578.3333333333333,1564.0,1534.5,1509.0,1555.0,1820.6,15.2,2.8647880598346975,13007600,False,False
IMJS.JK,162.0,165.33333333333334,163.2,155.7,151.75,143.72429901123047,159.8201124572754,21.609034322102872,2.7016640207271307,3927200,False,False
IMAS.JK,860.0,863.3333333333334,861.0,857.0,848.75,842.2472058105469,934.0123645019531,4.217225504557291,0.8587469162634589,87600,True,False
IKPM.JK,195.0,192.33333333333334,189.6,187.1,185.3,184.04,195.64,10.960000000000008,2.2903175183938633,440400,False,False
IKBI.JK,610.0,586.6666666666666,576.0,561.0,563.25,532.02,539.26,15.596000000000004,3.4521929123151747,1656500,False,False
IKAN.JK,87.0,86.66666666666667,86.0,84.3,84.3,77.98,85.97,9.019999999999996,2.344440063559959,5183300,False,False
IKAI.JK,21.0,22.0,21.6,21.0,20.65,19.2,21.02,2.8000000000000007,4.74021520481424,14317800,False,False
IGAR.JK,444.0,442.6666666666667,441.6,432.4,424.8,418.9702435302734,443.34618713378904,12.51487823486329,1.6616027756757947,11200,False,False
IFSH.JK,1080.0,1086.6666666666667,1101.0,1145.0,1157.25,1213.76,1797.6180310058594,26.752,1.7304100422347604,2700,False,False
IFII.JK,206.0,206.0,206.4,207.6,210.8,214.72,219.62,4.359999999999999,1.411799299493716,47400,True,False
IDPR.JK,276.0,276.6666666666667,281.2,287.0,293.9,294.5926165771484,295.99872344970703,9.29630828857421,1.4497501990426438,24500,False,False
IDEA.JK,68.0,67.66666666666667,66.4,63.4,63.65,60.82,72.47,7.18,3.673949412628498,5063000,False,False
ICON.JK,114.0,118.0,113.4,109.5,107.6,106.08,112.28,11.920000000000002,5.497033095568043,32387300,False,False
ICBP.JK,7450.0,7308.333333333333,7220.0,7095.0,6956.25,6623.11849609375,6718.497919921875,33.07526015625,1.560571811137786,6652200,False,False
IBST.JK,8475.0,8475.0,8475.0,8475.0,8475.0,8475.0,7756.85,0.0,0.0,0,True,False
IBOS.JK,66.0,65.33333333333333,64.8,65.4,67.25,74.62,93.18,9.820000000000007,3.0938435550944012,4869400,False,False
IBFN.JK,63.0,63.0,63.0,63.0,63.0,64.48,72.73,1.480000000000004,0.0,0,True,False
IATA.JK,117.0,101.0,94.0,76.0,67.45,65.48,71.22,51.519999999999996,12.527355059371558,889160304,False,False
HYGN.JK,164.0,166.33333333333334,167.0,165.7,160.4,147.66,145.95820114135742,19.340000000000003,2.5522643967507297,1703600,False,False
HUMI.JK,155.0,150.66666666666666,145.4,138.5,133.55,125.62,155.06,29.379999999999995,3.768682935488578,229478900,False,False
HRUM.JK,825.0,860.0,860.0,832.5,822.25,781.8,873.2,15.64000000000001,3.4293826285472258,66426500,False,False
HRTA.JK,2120.0,2006.6666666666667,1942.0,1918.0,1907.0,1965.365908203125,2248.060036621094,21.3,3.046633509970345,34960900,False,False
HRME.JK,42.0,42.333333333333336,42.4,42.8,43.85,44.18,46.01,2.1799999999999997,3.759985271576954,647500,True,False
HOPE.JK,226.0,220.0,217.6,204.9,192.8,150.6,175.59,37.7,2.1299777832739912,33446000,False,False
HOMI.JK,181.0,180.0,178.8,177.3,179.2,186.38,212.86,9.079999999999984,1.6355100716172208,1249300,False,False
HOKI.JK,54.0,54.0,53.8,54.2,53.85,54.18,60.15,0.4000000000000057,2.761599642519306,3912600,True,False
HMSP.JK,760.0,758.3333333333334,749.0,735.0,717.5,676.8480004882813,682.9450512695313,16.630399902343743,1.022545753383372,12503800,False,False
HILL.JK,16.0,16.0,16.0,16.0,16.0,16.0,18.28,0.0,0.0,0,True,False
HGII.JK,121.0,120.33333333333333,120.4,120.8,121.35,123.8340690612793,131.06396072387696,3.5007357279459654,1.2331809231004323,835300,True,False
HEXA.JK,4460.0,4463.333333333333,4466.0,4468.0,4464.0,4409.0,4425.4,5.9,0.561608944103229,144000,True,False
HERO.JK,338.0,343.3333333333333,343.6,343.6,339.2,330.8,376.03,6.400000000000006,3.9101645080354244,194500,False,False
HELI.JK,190.0,189.33333333333334,187.0,188.1,184.3,178.86,186.53,11.139999999999986,4.494324996241557,829400,False,False
HEAL.JK,785.0,791.6666666666666,794.0,793.5,834.75,854.3,1001.7522326660156,13.85999999999999,2.8003871760499495,8893100,False,False
HDIT.JK,50.0,50.0,50.2,50.2,50.4,50.52,54.91,0.5200000000000031,1.2431789520354455,1609900,True,False
HDFA.JK,98.0,104.33333333333333,99.0,93.9,91.3,88.92,95.81,15.413333333333327,8.744132517365832,3567400,False,False
HBAT.JK,220.0,221.33333333333334,222.0,228.6,250.5,326.96,356.17,53.47999999999999,3.1293283453463445,744100,False,False
HATM.JK,540.0,536.6666666666666,533.0,518.4,478.3,405.5773828125,355.4147671508789,26.8845234375,5.416830701154442,44371700,False,False
HALO.JK,70.0,70.66666666666667,70.4,69.0,67.45,64.6,69.38,6.066666666666677,3.315032760664767,3353600,False,False
HAJJ.JK,109.0,108.0,107.0,105.5,104.0,103.32,116.53,5.680000000000007,2.3201831269879927,9362600,True,False
HAIS.JK,184.0,183.33333333333334,184.4,183.1,182.55,176.02,184.95503692626954,8.379999999999995,1.4615671436701174,234900,False,False
HADE.JK,19.0,19.0,18.8,18.7,18.65,16.98,18.37,2.0199999999999996,4.003108011324172,3806400,False,False
GZCO.JK,175.0,175.66666666666666,175.8,163.4,156.8,147.52,172.65,28.28,4.972870684342645,58199200,False,False
GWSA.JK,135.0,135.0,132.8,128.6,125.45,121.66,133.75,13.340000000000003,2.5230148137305632,2042400,False,False
GUNA.JK,202.0,202.0,202.0,200.6,197.2,173.9849691772461,190.12669647216796,14.007515411376957,1.7667366276439496,14300,False,False
GULA.JK,785.0,791.6666666666666,795.0,790.0,744.75,650.06,504.29,28.98800000000001,4.039024610659977,26080900,False,False
GTSI.JK,195.0,178.66666666666666,168.4,156.3,149.45,137.8494578552246,177.5560474395752,57.150542144775386,6.6970772058921755,291216000,False,False
GTRA.JK,252.0,245.33333333333334,243.6,240.4,229.05,204.8,221.13,23.599999999999994,1.622183747123343,2294800,False,False
GTBO.JK,170.0,170.0,170.0,170.0,170.0,175.7,195.09,5.699999999999989,0.0,0,True,False
GSMF.JK,88.0,87.66666666666667,87.6,87.2,86.9,83.5,96.62,4.5,1.561783211520269,2037100,True,False
GRPM.JK,234.0,232.66666666666666,233.2,228.0,234.6,241.36,276.18,6.680000000000007,5.9143409735416865,3876700,False,False
GRPH.JK,59.0,58.666666666666664,58.8,59.2,59.25,58.72,59.13,0.5833333333333357,1.591654964473224,1930900,True,False
GRIA.JK,150.0,146.0,139.4,128.9,120.85,120.4,112.79,29.599999999999994,5.7686359930917455,144810900,False,False
GPSO.JK,306.0,308.6666666666667,307.6,295.0,310.6,357.52,363.88,31.25999999999999,4.734889381481569,13487800,False,False
GPRA.JK,107.0,106.66666666666667,104.8,103.1,102.65,101.38274459838867,104.25107666015624,5.617255401611331,3.722711709157374,171316600,True,True
GOTO.JK,50.0,50.0,50.0,50.0,50.0,50.0,51.02,0.0,0.0,35469600,True,False
GOOD.JK,300.0,298.0,296.4,294.2,299.1,309.24,323.90562591552737,7.52000000000001,1.3380210931607375,195000,False,False
GOLF.JK,169.0,166.66666666666666,163.6,160.8,164.55,162.77706024169922,175.08805160522462,8.199999999999989,2.1534206480509575,6353400,False,False
GOLD.JK,274.0,270.0,267.6,269.8,263.7,256.88,268.88,8.560000000000002,3.929407410094997,180100,False,False
GMTD.JK,1270.0,1293.3333333333333,1288.0,1311.0,1302.25,1369.5,1495.8678833007812,19.9,5.257666309993578,5700,False,False
GMFI.JK,55.0,54.666666666666664,54.4,54.7,53.8,52.64,56.69,2.3599999999999994,1.4893639689784524,87239800,True,False
GLVA.JK,306.0,306.0,306.0,305.0,303.0,304.0365863037109,316.7384194946289,1.5,1.5011575887842583,10400,True,False
GJTL.JK,1320.0,1321.6666666666667,1300.0,1247.5,1188.75,1144.6000048828125,1105.1824768066406,35.413332356770844,3.4359242173531936,2884700,False,False
GIAA.JK,53.0,53.333333333333336,53.6,53.5,53.4,54.0,61.17,1.0,1.9132283608699623,18584200,True,False
GHON.JK,1605.0,1620.0,1624.0,1635.0,1622.0,1687.1,1741.1,16.41999999999998,0.5409897752480327,55000,False,False
GGRP.JK,304.0,300.6666666666667,299.2,296.8,295.2,292.32,282.5052758789063,5.840000000000003,0.793788398885383,1217600,True,True
GGRM.JK,20600.0,20633.333333333332,20080.0,19120.0,18073.75,16434.275,15411.9625,167.96233333333322,2.3443155029213436,2365300,False,False
GEMS.JK,6575.0,6558.333333333333,6530.0,6490.0,6526.25,6464.0,7293.75,4.44,1.2107463470624742,27200,True,False
GEMA.JK,81.0,80.66666666666667,80.8,80.8,80.45,79.21666641235352,82.35571258544923,1.7833335876464815,0.9140409298731991,455000,True,False
GDYR.JK,1095.0,1100.0,1100.0,1097.0,1094.75,1090.8,1099.5,1.8400000000000092,1.1325307199017338,2000,True,False
GDST.JK,116.0,110.66666666666667,106.8,101.6,95.9,87.28,93.77,28.72,6.983665547227244,20586000,False,False
FWCT.JK,92.0,93.66666666666667,93.6,91.2,90.15,81.04,91.42,12.626666666666665,2.3603145133301817,5347500,False,False
FUTR.JK,358.0,330.6666666666667,320.4,299.4,268.2,207.28,219.87,75.36,8.65821874721228,244620900,False,False
FUJI.JK,206.0,207.33333333333334,205.6,204.8,205.75,230.66,288.47,12.929999999999993,1.9720417496464464,523900,False,False
FPNI.JK,432.0,432.0,425.2,372.8,349.8,337.32,388.14,47.34,8.226088349282529,5108800,False,False
FORU.JK,2600.0,2630.0,2720.0,2880.0,2926.0,2898.3,2086.9,32.6,3.1958707073232064,484700,False,False
FORE.JK,775.0,768.3333333333334,743.0,688.0,656.75,661.9,738.94,23.65,4.209976200247885,13339400,False,False
FOOD.JK,176.0,176.0,176.0,176.0,176.0,172.9,188.65,3.0999999999999943,0.0,0,True,False
FOLK.JK,218.0,215.33333333333334,213.2,210.2,212.55,200.02,268.97,8.989999999999995,1.886926136818346,4880700,False,False
FMII.JK,248.0,248.0,249.6,248.0,249.2,246.76,241.64,1.4200000000000017,2.453526401119218,16600,True,False
FLMC.JK,73.0,72.33333333333333,72.0,74.3,66.35,82.84,118.37,16.49000000000001,5.197801280165284,1760100,False,False
FITT.JK,352.0,354.6666666666667,353.2,353.2,360.8,366.08,381.9,7.039999999999992,1.4659453861831309,293800,False,False
FISH.JK,605.0,605.0,608.0,613.5,627.25,619.7128491210938,684.1377313232422,4.45,1.838966624807497,24700,True,False
FIRE.JK,112.0,108.0,107.6,107.1,107.5,104.4,121.99,7.599999999999994,2.130255767943701,47194900,False,False
FILM.JK,960.0,1005.0,1034.0,1041.0,1254.25,1572.6,2177.75,122.51999999999998,4.905199733599526,17745200,False,False
FAST.JK,388.0,346.0,348.4,318.2,298.1,262.52,280.5,62.74000000000001,9.80244421553883,31591000,False,False
FAPA.JK,7375.0,7358.333333333333,7360.0,7342.5,7357.5,7292.09392578125,7046.215009765625,3.3162429687500117,0.360438722634056,1500,True,False
EXCL.JK,2500.0,2523.3333333333335,2508.0,2464.0,2504.5,2541.6,2761.1,7.759999999999991,2.6930296829484064,6373600,False,False
EURO.JK,1875.0,1851.6666666666667,1865.0,1920.0,1869.75,1722.0116259765625,2134.9432092285156,39.59767480468749,2.2300957358389555,392400,False,False
ESTI.JK,176.0,183.0,174.2,156.4,144.0,130.23344100952147,145.85392288208007,52.76655899047853,13.37047878391931,22743900,False,False
ESTA.JK,185.0,186.33333333333334,188.4,185.2,182.35,183.16,189.0,6.050000000000011,4.3460823994808235,749100,False,False
ESSA.JK,630.0,625.0,628.0,624.5,613.5,586.8154907226562,652.072269897461,8.63690185546875,2.374316619810317,44425100,False,False
ESIP.JK,130.0,130.33333333333334,130.2,130.7,130.0,126.01755981445312,119.94374031066894,4.6824401855468665,3.7064055743787847,19975700,True,True
ERTX.JK,197.0,196.66666666666666,191.6,180.5,167.1,150.48,177.18,46.52000000000001,3.3470864419710242,980300,False,False
ERAL.JK,308.0,313.3333333333333,311.2,303.0,294.5,277.7618048095703,288.8506793212891,17.785764261881496,2.4498606189553387,3246400,False,False
ERAA.JK,456.0,457.3333333333333,443.6,419.2,393.4,359.5348596191406,360.9073715209961,48.899236857096355,3.4198441921698324,133523000,False,False
EPMT.JK,2370.0,2346.6666666666665,2360.0,2322.0,2321.5,2311.8,2327.8,5.819999999999982,1.7905660522694422,319700,True,False
EPAC.JK,60.0,60.0,60.6,60.4,64.85,65.2,64.07,5.200000000000003,3.191856197374513,79245000,True,False
ENZO.JK,81.0,83.0,76.2,70.4,69.05,66.62,69.81,16.379999999999995,12.154191402296496,118592600,False,False
ENRG.JK,1320.0,1310.0,1297.0,1314.5,1356.5,1297.4,1465.95,11.9,4.858480030841298,68290100,False,False
ENAK.JK,244.0,244.66666666666666,246.0,246.8,254.5,264.56,311.12,10.280000000000001,3.5181773048108997,283100,False,False
EMTK.JK,530.0,530.0,528.0,522.5,525.25,535.6322119140625,658.7258361816406,2.6264423828125016,1.9304931609209404,62962600,True,False
EMDE.JK,81.0,78.66666666666667,75.2,71.9,70.9,66.36,71.25,14.64,5.475817073009783,29515900,False,False
EMAS.JK,7575.0,7275.0,7030.0,6610.0,6183.75,6501.0,7403.75,55.65,2.507650981110233,35457400,False,False
ELTY.JK,39.0,36.333333333333336,34.4,33.1,28.85,26.66,33.44,12.34,7.14792444801787,206912700,False,False
ELSA.JK,685.0,690.0,693.0,683.0,671.5,604.7076513671875,639.4439251708984,17.658469726562497,2.734348809690416,12805400,False,False
ELPI.JK,750.0,733.3333333333334,728.0,781.5,895.75,1079.5819921875,1399.1666516113282,70.3163984375,5.46409816501535,6332500,False,False
ELIT.JK,176.0,176.0,174.8,174.5,173.7,173.42,187.94,2.5800000000000125,2.0674751373606646,1389900,True,False
EKAD.JK,174.0,172.33333333333334,171.4,169.6,169.45,166.44555541992187,167.5994430541992,7.554444580078126,1.4351645742598256,382800,False,False
ECII.JK,163.0,163.0,161.8,160.0,152.3,138.4,161.01,24.599999999999994,6.2987629760068025,1396200,False,False
EAST.JK,93.0,93.0,92.8,91.5,90.8,89.1,88.6768807220459,3.9000000000000057,1.01519216013435,1747300,True,True
DYAN.JK,85.0,85.33333333333333,84.8,82.8,81.45,78.06,80.41,7.273333333333326,2.1041908764112454,3149100,False,False
DWGL.JK,400.0,379.3333333333333,373.2,334.0,280.3,256.08,262.64,71.96000000000001,9.877728753257898,17861700,False,False
DVLA.JK,1590.0,1581.6666666666667,1585.0,1585.0,1575.25,1531.961953125,1534.408614501953,11.607609374999992,0.6075940203543208,8000,False,False
DUTI.JK,4290.0,4290.0,4290.0,4290.0,4226.0,4013.0571728515624,3874.536306152344,27.69428271484376,0.0,4500,False,False
DSSA.JK,970.0,890.0,871.0,857.5,846.5,781.52,1446.58,37.696000000000005,4.318768017208608,1318265900,False,False
DSNG.JK,1350.0,1366.6666666666667,1365.0,1340.5,1283.5,1184.1896142578125,1353.6783264160156,36.49541048177084,3.5317905888635432,2406600,False,False
DSFI.JK,83.0,82.33333333333333,81.8,80.6,78.9,73.04,83.46,9.959999999999994,1.9343668735834934,4199100,False,False
DRMA.JK,955.0,956.6666666666666,957.0,941.5,927.5,925.7,938.1666662597656,6.259999999999991,1.2899167634496198,939000,False,False
DPUM.JK,100.0,100.33333333333333,99.2,98.2,98.25,115.24,129.84,17.039999999999992,1.9450313056290187,11166900,False,False
DOSS.JK,177.0,173.66666666666666,168.6,154.5,144.85,136.41136810302734,141.69460594177247,40.58863189697266,6.594995054539547,3702700,False,False
DOOH.JK,274.0,264.6666666666667,255.6,227.6,180.8,145.22,147.2,64.39,7.559455885234994,150255700,False,False
DOID.JK,216.0,216.0,215.6,216.4,214.15,206.32,228.28,5.040000000000006,2.4903061968049944,1968500,True,False
DNET.JK,9800.0,9800.0,9820.0,9795.0,9751.25,9954.0,9613.25,8.11,1.3020544674428292,6600,False,False
DNAR.JK,123.0,124.0,123.6,123.1,119.35,114.46,125.0,9.540000000000006,1.2271189672324707,470800,False,False
DMND.JK,635.0,628.3333333333334,626.0,617.0,618.25,607.2043957519531,618.7247967529297,5.559120849609371,2.1976425942631583,17700,True,False
DMMX.JK,181.0,182.0,183.6,183.8,172.75,164.31411895751953,183.43100280761718,19.485881042480486,12.67286189015059,658900,False,False
DMAS.JK,147.0,147.33333333333334,147.4,143.3,140.75,138.39165588378907,131.5557283782959,9.008344116210935,1.5508592046396643,46730200,False,False
DLTA.JK,1780.0,1780.0,1780.0,1778.5,1772.75,1741.1310595703126,1762.7468286132812,7.773788085937485,0.26520784165427563,35700,False,False
DKHH.JK,65.0,64.33333333333333,63.4,63.2,63.25,60.28,65.3,4.719999999999999,2.0415055673197857,10677300,True,False
DKFT.JK,685.0,696.6666666666666,682.0,666.5,657.75,652.8,698.9,8.773333333333335,2.7238642171053775,12112900,False,False
DIVA.JK,138.0,136.33333333333334,133.0,128.4,122.0,115.4,132.42,22.599999999999994,7.359972590913655,4709500,False,False
DILD.JK,118.0,118.33333333333333,117.4,116.3,115.85,114.62,120.49,3.713333333333324,1.5162487554630428,4316600,True,False
DIGI.JK,29.0,29.0,29.0,29.0,29.0,30.26,32.14,1.2600000000000016,0.0,0,True,False
DGWG.JK,312.0,306.6666666666667,298.8,289.4,286.0,291.5190051269531,326.523310546875,13.0,1.6051732085906434,14895500,False,False
DGNS.JK,240.0,239.33333333333334,236.8,237.2,231.6,229.84,253.64,5.079999999999998,3.424126113668951,196900,True,False
DGIK.JK,129.0,128.66666666666666,128.0,128.2,130.4,126.06,128.43,4.340000000000003,0.8634173753959594,895200,True,False
DFAM.JK,82.0,82.66666666666667,82.2,81.8,82.6,87.88,95.25,6.079999999999998,3.2799232558054476,5366400,False,False
DEWI.JK,126.0,123.0,121.4,120.1,120.2,118.92,121.8,7.079999999999998,1.630062411282791,85450100,False,False
DEWA.JK,474.0,472.0,468.0,455.8,422.3,358.5790975952148,413.4211460876465,57.71045120239259,2.7717175537968664,751764900,False,False
DEPO.JK,242.0,242.66666666666666,243.2,242.0,243.6,243.0097821044922,245.31831268310546,0.7999999999999972,1.2738980880481283,327200,True,False
DEFI.JK,111.0,110.66666666666667,108.2,106.7,107.0,110.14,120.33,4.299999999999997,4.20283864485123,37640600,False,False
DCII.JK,200000.0,196300.0,193685.0,192065.0,193312.5,190079.0,195744.5,396.84,2.2015698245105053,900,False,False
DAYA.JK,975.0,975.0,977.0,979.0,976.5,1005.2,1013.6,6.040000000000009,1.156600765120176,500,False,False
DATA.JK,1955.0,1965.0,1983.0,1987.0,2099.0,1919.5,2158.1,35.9,2.9809089560734634,1625400,False,False
DART.JK,137.0,133.0,130.2,127.8,126.4,123.6,134.68,13.400000000000006,3.2425887724806626,1193600,False,False
DADA.JK,50.0,50.0,50.0,50.0,50.0,50.0,50.0,0.0,0.0,214700,True,False
DAAZ.JK,1580.0,1550.0,1540.0,1542.5,1531.25,1590.5399926757811,1953.3499914550782,11.85799853515623,2.3196291158389037,698400,False,False
CYBR.JK,565.0,563.3333333333334,557.0,556.0,570.25,589.7,624.15,6.740000000000009,1.578213743495084,25508900,False,False
CUAN.JK,720.0,686.6666666666666,677.0,675.5,670.5,657.5,898.51,12.5,3.6437706649780672,490208600,False,False
CTTH.JK,135.0,131.66666666666666,129.6,126.2,125.6,128.96,127.83,9.400000000000006,5.15925860530269,54641300,False,False
CTRA.JK,605.0,601.6666666666666,592.0,579.0,572.75,554.1947290039062,604.7110394287109,10.161054199218757,2.416667168669938,13610300,False,False
CTBN.JK,4000.0,4043.3333333333335,4068.0,4252.0,4585.5,5212.219482421875,5237.907822265625,121.2219482421875,2.2824237118056803,10000,False,False
CSRA.JK,740.0,741.6666666666666,743.0,762.0,766.0,764.8,836.6,5.2,2.3681993332261895,441400,True,False
CSMI.JK,78.0,77.0,76.4,75.3,76.05,74.74,84.61,3.260000000000005,2.8915764885291027,8574600,True,False
CSIS.JK,197.0,198.33333333333334,192.4,184.5,177.5,158.73800079345702,161.80660163879395,39.595332539876324,2.675340637582209,3133500,False,False
CSAP.JK,288.0,289.3333333333333,288.8,286.0,287.7,278.43365173339845,280.2838604736328,5.449840799967433,2.2695253435018903,24500,True,False
CRSN.JK,111.0,109.66666666666667,109.2,107.3,104.75,101.22574584960938,105.10246116638183,9.774254150390618,1.359392258239096,603300,False,False
CRAB.JK,208.0,208.0,208.0,208.0,208.0,208.92,212.4,0.45999999999999375,0.0,0,True,False
CPRO.JK,50.0,50.333333333333336,50.4,50.3,50.35,50.28,52.91,0.3999999999999986,1.733300801161603,22302700,True,False
CPIN.JK,3160.0,3140.0,3174.0,3181.0,3160.5,3282.2689697265623,3622.610407714844,14.226896972656231,2.2881796272120334,9501700,False,False
COIN.JK,705.0,691.6666666666666,674.0,682.5,695.0,712.1,933.5,7.6200000000000045,5.461503262756394,12843300,False,False
COCO.JK,108.0,108.0,107.6,109.2,125.0,157.15169082641603,248.895845413208,49.551690826416035,6.5604708704342345,442712400,False,False
COAL.JK,23.0,21.666666666666668,21.4,21.6,21.5,28.26,43.52,6.860000000000003,4.032897781270124,12071200,False,False
CNMA.JK,95.0,95.66666666666667,94.2,92.5,92.25,89.92,94.9224267578125,5.74666666666667,2.538791330255845,32481800,True,True
CNKO.JK,37.0,37.0,37.0,37.0,37.0,37.86,47.15,0.8599999999999994,0.0,0,True,False
CMRY.JK,4660.0,4666.666666666667,4638.0,4653.0,4633.5,4508.0,4504.01400390625,15.866666666666697,1.9826454572650833,2044600,False,False
CMPP.JK,69.0,69.0,69.0,69.0,69.0,70.1,75.83,1.0999999999999943,0.0,0,True,False
CMNT.JK,800.0,798.3333333333334,796.0,802.5,794.75,792.2,783.9,2.0599999999999907,2.025719087541808,20041000,True,True
CMNP.JK,1365.0,1373.3333333333333,1365.0,1355.5,1351.0,1351.0,1416.1,4.466666666666652,0.875942295187916,418900,True,False
CLPI.JK,1610.0,1600.0,1591.0,1567.5,1547.5,1489.3488305664061,1461.763963623047,24.13023388671877,0.8429498183709715,171900,False,False
CLEO.JK,390.0,386.0,384.8,381.6,381.3,376.7107012939453,386.7980072021484,6.644649353027347,1.346114748511288,10795900,False,False
CLAY.JK,2800.0,2723.3333333333335,2686.0,2502.0,2491.5,2630.6,2718.5,30.85,4.241243542388151,54000,False,False
CITY.JK,176.0,177.0,174.6,170.9,170.6,159.46,171.59,17.539999999999992,1.8993026184511712,995200,False,False
CITA.JK,3260.0,3266.6666666666665,3266.0,3261.0,3241.0,3093.0,3354.1865551757815,17.366666666666653,1.3325851778827713,104900,False,False
CINT.JK,176.0,178.66666666666666,178.8,175.5,171.7,168.3,184.06,10.5,2.866500146126599,240300,False,False
CHIP.JK,910.0,920.0,919.0,917.0,928.0,936.3953894042969,998.8891278076172,5.279077880859381,0.8962069894100795,74300,True,False
CHEM.JK,66.0,65.66666666666667,65.2,64.6,65.05,62.28,76.34637313842774,3.719999999999999,2.7997358698311445,6384500,True,False
CHEK.JK,133.0,133.66666666666666,133.6,132.1,130.7,125.54,131.05,8.126666666666651,1.8371487997083091,464500,False,False
CGAS.JK,154.0,153.66666666666666,153.8,153.0,152.85,150.64333221435547,157.3480537414551,3.3566677856445324,1.2873914586588062,1874200,True,False
CFIN.JK,354.0,349.3333333333333,347.2,341.0,339.0,319.7883630371094,306.0884719848633,17.10581848144531,1.148871150517399,5994100,False,False
CENT.JK,81.0,80.66666666666667,80.6,80.9,79.6,75.94,87.47,5.060000000000002,2.100369115986646,2266100,True,False
CEKA.JK,2220.0,2203.3333333333335,2200.0,2196.0,2184.5,2151.76484375,2165.371875,6.823515624999982,0.9097618973664685,5300,False,False
CDIA.JK,695.0,671.6666666666666,663.0,666.0,664.0,668.1,810.9267175292969,6.4,2.8497226350196843,59293800,False,False
CCSI.JK,244.0,246.66666666666666,245.2,246.4,247.9,245.68,250.62,1.9500000000000028,1.5395442816013758,92600,True,False
CBUT.JK,820.0,826.6666666666666,829.0,822.0,811.5,711.82,766.71,23.43599999999999,1.091115345644843,120100,False,False
CBRE.JK,685.0,685.0,682.0,686.0,707.75,699.1,783.6,5.15,2.0458059659220695,17138100,True,False
CBPE.JK,505.0,432.3333333333333,397.4,346.3,316.35,294.9664196777344,302.27619995117186,42.00671606445312,9.010642185474596,4158200,False,False
CBDK.JK,3800.0,3876.6666666666665,3840.0,3691.0,3615.5,3562.65958984375,4089.9557568359373,31.40070768229166,3.9485776646680413,1867600,False,False
CASS.JK,1900.0,1898.3333333333333,1905.0,1888.5,1873.0,1819.3,1833.55,17.140000000000008,1.0019801853690962,1344400,False,False
CASH.JK,228.0,229.33333333333334,230.0,233.8,219.35,193.38,199.22,20.210000000000008,3.010401049522293,1198700,False,False
CASA.JK,1800.0,1806.6666666666667,1816.0,1828.5,1855.75,1740.3,1536.2,23.09000000000001,1.624054019401628,1300,False,False
CARS.JK,91.0,92.33333333333333,91.8,90.5,88.1,87.6,91.05,4.733333333333334,2.208585575805727,3308300,True,False
CARE.JK,424.0,425.3333333333333,424.0,421.2,423.7,416.6,414.34,4.366666666666646,0.5216927526078958,43400,True,False
CANI.JK,135.0,135.0,135.0,135.0,135.0,134.42,140.35,0.5800000000000125,0.0,0,True,False
CAMP.JK,171.0,170.33333333333334,170.2,169.8,169.8,172.7,185.73,2.8999999999999773,0.5122541569702415,210200,True,False
CAKK.JK,139.0,139.0,137.8,135.2,136.3,137.88,149.59,3.8000000000000114,4.1888433216120795,207300,False,False
BYAN.JK,12125.0,12083.333333333334,12065.0,12075.0,11905.0,11123.3621875,11263.436103515625,40.06551249999997,0.7330049193824216,41200,False,False
BWPT.JK,92.0,90.33333333333333,89.6,83.9,80.7,77.72,99.53,14.280000000000001,4.336474643861245,426636000,False,False
BVIC.JK,94.0,94.33333333333333,93.8,93.1,90.3,87.14,95.96,7.193333333333328,0.8457508799056762,577700,False,False
BUVA.JK,795.0,778.3333333333334,799.0,813.5,859.75,802.9,927.85,16.283333333333324,5.461766346150336,153065700,False,False
BUMI.JK,179.0,175.33333333333334,171.8,168.6,162.45,154.96,188.53,24.039999999999992,3.6227732067960114,8200804,False,False
BULL.JK,450.0,455.3333333333333,449.6,436.4,401.6,368.6,403.79,43.366666666666646,7.005417961724983,456739100,False,False
BUKK.JK,1010.0,1013.3333333333334,1021.0,1030.5,1062.75,1035.3,1147.05,10.55,2.0011637832100138,7500,False,False
BUKA.JK,118.0,119.33333333333333,118.8,117.9,112.35,109.0,127.19,10.333333333333329,2.61930522948406,147682500,False,False
BUDI.JK,218.0,217.33333333333334,216.8,211.2,208.7,206.4,208.58,5.799999999999997,2.0648716606377993,129000,True,False
BUAH.JK,510.0,511.6666666666667,508.0,506.0,509.25,508.7653448486328,508.2883575439453,1.133333333333337,0.9766417393594856,383100,True,False
BTPS.JK,990.0,990.0,991.0,984.5,1004.25,979.1,994.8912786865235,5.029999999999996,1.8251755601942268,974700,True,False
BTPN.JK,2170.0,2173.3333333333335,2176.0,2183.0,2202.0,2178.3,2126.9189001464842,3.2,1.8673315881284884,37200,True,False
BTON.JK,362.0,364.6666666666667,362.0,361.2,356.1,355.12,366.94,4.7733333333333405,1.7879319694131424,6900,True,False
BTEK.JK,11.0,10.666666666666666,10.6,10.9,10.85,10.82,12.32,0.40000000000000036,6.664447135882827,73783200,False,False
BSSR.JK,4320.0,4326.666666666667,4318.0,4289.0,4276.0,3993.5242822265627,3786.7697631835936,33.31423844401043,0.5497473573618572,497900,False,False
BSML.JK,510.0,513.3333333333334,518.0,516.0,517.5,478.88,429.84,7.824000000000001,1.691602714664809,15337400,False,False
BSIM.JK,705.0,698.3333333333334,699.0,696.0,696.5,713.1,794.05,3.4200000000000044,1.7573492034309783,10600,True,False
BSDE.JK,605.0,588.3333333333334,580.0,574.5,573.5,578.3,667.4,6.3,2.215666697358832,22065600,False,False
BSBK.JK,53.0,52.666666666666664,52.6,52.3,52.3,51.74,54.87,1.259999999999998,1.6455186139414324,34035400,True,False
BRRC.JK,58.0,58.0,57.6,57.0,58.75,57.56,66.56,1.75,2.3507338880806907,4755500,True,False
BRPT.JK,1875.0,1866.6666666666667,1853.0,1805.5,1773.75,1668.4821704101562,1742.6928552246093,41.30356591796876,1.7549501017413018,218739200,False,False
BRNA.JK,650.0,668.3333333333334,642.0,620.0,608.25,597.2,629.2,14.226666666666665,5.80789839188652,296000,False,False
BRMS.JK,610.0,600.0,584.0,573.5,570.75,556.8,666.75,10.64000000000001,2.95776496638881,594608600,False,False
BRIS.JK,1795.0,1796.6666666666667,1801.0,1803.0,1809.5,1804.5,1879.8216809082032,2.9,1.6635312657837946,15397300,True,False
BREN.JK,3440.0,3343.3333333333335,3318.0,3358.0,3395.5,3510.109716796875,4216.70048828125,19.21097167968751,2.8294562990841805,80056200,False,False
BRAM.JK,4600.0,4533.333333333333,4520.0,4491.0,4500.5,4442.119848632812,4387.365305175781,15.788015136718787,0.7051100423702944,4500,False,False
BPTR.JK,75.0,74.0,74.2,74.2,72.7,70.46,76.29,4.540000000000006,1.8113357394208738,4744500,True,False
BPII.JK,448.0,448.0,443.6,440.0,441.1,444.6,456.56,4.0,2.0219400086890955,1000,True,False
BPFI.JK,266.0,264.6666666666667,263.6,263.2,256.2,251.58715118408202,256.870401763916,7.206424407958991,2.1729265481766067,18900,False,False
BOLT.JK,800.0,801.6666666666666,802.0,794.5,793.25,783.9,822.123232421875,3.6200000000000045,1.2963418937839835,9200,True,False
BOLA.JK,158.0,156.66666666666666,157.8,160.5,161.2,152.56,159.05,8.639999999999986,1.5118955164729089,1655700,False,False
BOGA.JK,1685.0,1725.0,1716.0,1609.0,1569.75,1420.9,1416.7,60.81999999999998,5.1168582658032715,73200,False,False
BOBA.JK,216.0,215.33333333333334,220.4,225.4,233.9,269.54769226074217,241.25216537475586,27.107179463704412,2.385602295676171,710800,False,False
BOAT.JK,133.0,133.33333333333334,134.0,132.7,123.4,113.64,126.21,20.36,5.236934663473563,2645400,False,False
BNLI.JK,2180.0,2186.6666666666665,2180.0,2239.0,2303.5,2553.0,2827.5581201171876,37.3,1.473048725023607,80700,False,False
BNII.JK,195.0,194.66666666666666,193.4,190.9,190.55,188.86,193.78185409545898,6.139999999999986,0.8982668677509036,950900,False,False
BNGA.JK,1655.0,1650.0,1649.0,1646.5,1629.0,1591.9,1624.6757763671876,12.619999999999981,0.5541079154644498,1668200,False,False
BNBR.JK,105.0,101.0,99.6,100.0,98.0,96.99951477050782,127.81768531799317,8.000485229492185,5.661903315926464,3699446804,False,False
BNBA.JK,735.0,736.6666666666666,738.0,738.5,743.25,728.1,724.0,3.0299999999999954,0.7144733067957582,57500,True,False
BMTR.JK,117.0,115.0,115.2,114.6,116.35,116.44,132.41,2.4000000000000057,2.6992532636093762,87040100,True,False
BMSR.JK,304.0,304.0,305.6,309.2,309.1,297.36,310.06,5.9199999999999875,0.4559085684647403,10100,True,False
BMRI.JK,4200.0,4226.666666666667,4208.0,4168.0,4244.5,4149.2,4201.774760742188,9.530000000000019,2.1887043600538356,95744300,False,False
BMHS.JK,191.0,189.66666666666666,189.8,186.3,181.95,179.4259796142578,182.38362670898437,11.574020385742188,1.7237367832355088,253900,False,False
BMBL.JK,32.0,32.666666666666664,32.8,32.3,31.7,31.86,33.25,1.0999999999999979,2.6943215656718267,13835500,True,False
BMAS.JK,482.0,477.3333333333333,481.6,481.0,481.8,481.2,490.34,2.333333333333343,2.379097215765956,41900,True,False
BLUE.JK,2470.0,2463.3333333333335,2456.0,2622.0,2755.0,2964.6859423828123,3107.670827636719,50.86859423828123,3.011423834300132,215100,False,False
BLTA.JK,33.0,32.666666666666664,32.6,32.7,33.45,33.54,37.69,0.9399999999999977,2.659814608126531,5167200,True,False
BLOG.JK,374.0,366.0,362.4,360.8,364.0,342.9875866699219,353.0539666748047,15.506206665039059,2.9219160763441603,484100,False,False
BLES.JK,218.0,202.33333333333334,199.0,188.8,168.15,149.54791290283202,149.1843312072754,34.22604354858399,5.153261279188261,29932400,False,False
BKSW.JK,52.0,51.333333333333336,52.0,52.5,52.3,51.94,54.81,1.1666666666666643,1.4045953773464757,1454800,True,False
BKSL.JK,78.0,73.0,70.8,69.0,68.0,65.68,85.41,12.319999999999993,3.9929692591094144,1235479800,False,False
BKDP.JK,169.0,169.0,169.0,163.0,150.1,130.74,102.02,38.25999999999999,5.417976244552227,0,False,False
BJTM.JK,520.0,518.3333333333334,518.0,517.0,518.25,514.04,517.3597064208984,1.1920000000000073,0.9662266858052462,3192300,True,True
BJBR.JK,785.0,788.3333333333334,789.0,784.5,781.5,768.8,766.1716088867188,4.040000000000009,0.9784651562616995,1601900,True,True
BISI.JK,695.0,685.0,677.0,661.5,653.75,662.2767370605469,716.2421307373047,8.25,1.340663466598983,900000,False,False
BIRD.JK,1615.0,1613.3333333333333,1608.0,1605.0,1606.25,1512.9018872070312,1485.3455505371094,20.419622558593755,0.8777377679328618,638600,False,False
BIPP.JK,71.0,67.33333333333333,65.4,64.0,66.0,60.22,65.57,10.780000000000001,3.432215853886953,91688500,False,False
BIPI.JK,154.0,152.33333333333334,148.4,145.8,146.65,144.08,186.64,9.919999999999987,3.81391909927206,1352817900,False,False
BINO.JK,112.0,112.0,110.8,109.6,106.05,100.06,110.17,11.939999999999998,1.835314215875936,1522000,False,False
BINA.JK,4000.0,4026.6666666666665,4152.0,4129.0,4077.5,3917.0,4061.2,23.5,3.3458697112620084,179800,False,False
BIKE.JK,510.0,510.0,510.0,510.0,510.0,510.0,496.73,0.0,2.856066440334109e-07,0,True,False
BHIT.JK,26.0,25.666666666666668,25.6,25.5,25.7,26.46,29.74,0.9600000000000009,3.2034251885842475,8178900,True,False
BHAT.JK,1770.0,1770.0,1770.0,1770.0,1770.0,1507.6,1441.3,52.48000000000002,0.0,0,False,False
BGTG.JK,109.0,111.0,112.4,110.5,110.85,108.86,114.39,3.5400000000000063,3.026759402474435,4829500,True,False
BFIN.JK,915.0,923.3333333333334,917.0,873.5,827.0,751.5148937988281,734.80142578125,34.363687906901056,3.9345690038022916,35927100,False,False
BEST.JK,111.0,110.33333333333333,110.0,105.0,103.25,99.6,102.99,11.400000000000006,3.7759871171255712,10758200,False,False
BESS.JK,890.0,893.3333333333334,892.0,885.5,900.0,918.439189453125,1042.9249041748046,6.587837890624996,2.0638400466990863,448300,False,False
BELL.JK,119.0,118.66666666666667,117.0,115.3,115.2,105.96,125.01,13.040000000000006,3.715899261364894,30370800,False,False
BELI.JK,254.0,252.0,254.0,254.4,258.1,278.52,334.12,13.259999999999991,1.1361047765324548,257000,False,False
BEKS.JK,22.0,22.0,21.6,21.3,21.2,21.08,23.95,0.9200000000000017,4.25620363360127,8746300,False,False
BEER.JK,74.0,74.33333333333333,74.6,75.1,77.3,81.56,105.64,7.560000000000002,1.4122540777607684,5786400,False,False
BEEF.JK,430.0,422.6666666666667,411.6,389.0,335.5,235.52,228.8,97.24,4.04361153808056,14599500,False,False
BDMN.JK,4570.0,4326.666666666667,4272.0,4178.0,4182.5,4117.4,3739.5004760742186,45.26000000000003,2.6963223212951393,7592500,False,False
BDKR.JK,162.0,166.66666666666666,163.6,158.1,152.1,142.27463607788087,147.48856071472167,24.392030588785786,3.289838633977867,16089400,False,False
BCIP.JK,63.0,63.0,63.2,62.9,62.25,60.26,65.81,2.940000000000005,1.0583877505904675,7786800,True,False
BCIC.JK,127.0,127.0,127.0,126.5,124.35,120.2,123.38,6.799999999999997,1.9016795308811576,774000,False,False
BCAP.JK,50.0,50.0,50.0,50.0,50.1,50.04,50.85,0.10000000000000142,0.6200544431702717,626400,True,False
BBYB.JK,260.0,260.0,259.2,249.8,246.3,234.72,268.56,12.64,4.104634673524677,20303600,False,False
BBTN.JK,1220.0,1221.6666666666667,1218.0,1213.0,1221.5,1201.9,1261.55,3.9533333333333305,1.6927373569915902,17064600,True,False
BBSS.JK,96.0,95.33333333333333,95.4,95.1,96.15,99.8,133.25,4.700000000000003,2.067310663672873,176700,True,False
BBSI.JK,4610.0,4666.666666666667,4676.0,4684.0,4689.5,4599.4,4643.0,9.010000000000037,0.6248197127885389,500,False,False
BBRM.JK,119.0,118.33333333333333,117.6,114.8,115.95,110.94,126.62,8.060000000000002,3.2469126440325793,6456500,False,False
BBRI.JK,3040.0,3040.0,3036.0,2993.0,2957.5,2896.4,3033.0808911132813,14.35999999999999,1.2594142013239493,117685400,False,False
BBNI.JK,3620.0,3636.6666666666665,3592.0,3549.0,3543.5,3488.0,3653.0663818359376,14.866666666666651,1.8330465378879435,37046200,False,False
BBMD.JK,2000.0,1996.6666666666667,1981.0,1987.0,1964.25,1942.5480200195314,1939.767322998047,11.49039599609373,1.2166706888969778,100,False,False
BBLD.JK,605.0,613.3333333333334,617.0,602.0,588.5,578.5,641.5305877685547,7.7,4.869955561678962,81200,False,False
BBKP.JK,55.0,54.666666666666664,53.8,53.2,53.2,52.88,57.18,2.1199999999999974,1.7470219778397835,95601200,True,False
BBHI.JK,910.0,913.3333333333334,921.0,913.5,919.5,925.1873156738282,1059.0530975341796,3.0374631347656305,1.8714254828276586,32000,True,False
BBCA.JK,6350.0,6433.333333333333,6385.0,6345.0,6328.75,6052.0,6183.541889648437,15.253333333333321,1.7259330500819057,80734000,False,False
BAYU.JK,1170.0,1171.6666666666667,1159.0,1156.0,1154.0,1128.9,1191.1685070800781,8.553333333333331,1.8861335105566,71200,False,False
BAUT.JK,33.0,32.333333333333336,31.4,30.0,29.65,27.56,30.05,5.440000000000001,2.4083609277100457,3732800,True,True
BATR.JK,94.0,93.66666666666667,93.2,92.1,90.85,86.16252899169922,87.34965553283692,7.837471008300781,1.367782190138099,2060900,False,False
BATA.JK,59.0,59.0,59.0,59.0,59.0,60.22,61.37,1.2199999999999989,0.0,0,True,False
BAPI.JK,18.0,17.666666666666668,18.6,18.3,16.75,17.32,22.17,1.8500000000000014,6.190596515320129,12870700,False,False
BAPA.JK,159.0,168.33333333333334,168.2,170.7,207.65,246.34,207.83,87.34,5.622524171411957,47923100,False,False
BANK.JK,274.0,277.3333333333333,277.6,280.0,285.0,273.24,383.78,5.8799999999999955,1.8894174066752252,2280700,True,False
BALI.JK,1205.0,1218.3333333333333,1225.0,1223.5,1231.5,1233.5,1254.95,5.7,1.4066192167729104,2100,True,False
BAJA.JK,362.0,334.6666666666667,310.4,258.4,211.6,174.34,162.84,93.83,14.27385726615696,29769300,False,False
BAIK.JK,765.0,761.6666666666666,765.0,752.0,722.0,645.0,558.71,24.0,1.6207117092397076,29924800,False,False
BACA.JK,116.0,116.66666666666667,116.2,115.1,112.8,110.48,122.18,6.186666666666667,1.255940188736846,2037600,False,False
BABY.JK,190.0,189.66666666666666,189.8,187.8,186.45,176.14,198.11,13.860000000000014,2.2908965968080985,1433900,False,False
BABP.JK,50.0,50.0,50.0,50.0,50.0,50.02,50.77,0.020000000000003126,0.0,248900,True,False
AYLS.JK,162.0,161.66666666666666,161.2,155.1,153.35,141.22,162.98,20.78,3.7361897196081877,2208700,False,False
AYAM.JK,454.0,453.3333333333333,446.0,422.8,398.1,359.56,342.42,47.22,2.53232113718554,48166400,False,False
AXIO.JK,115.0,113.66666666666667,112.8,111.6,112.45,108.48534637451172,109.39821968078613,6.514653625488279,2.0787413095607192,2585800,False,False
AWAN.JK,157.0,158.66666666666666,161.2,156.6,152.1,147.72,149.48,13.47999999999999,2.6690886257558035,776800,False,False
AVIA.JK,326.0,327.3333333333333,326.4,323.2,326.6,320.68,345.9006478881836,3.326666666666654,1.2341780916679,10382000,True,False
AUTO.JK,2780.0,2780.0,2772.0,2720.0,2655.0,2517.6,2520.6225439453124,26.24000000000001,1.5386806337516221,1560200,False,False
ATLA.JK,50.0,50.0,50.0,50.0,50.1,49.90450653076172,50.36207210540771,0.19549346923827926,0.6200544431702717,7867100,True,False
ATIC.JK,462.0,464.0,466.0,472.2,473.3,477.12,501.63,7.560000000000002,1.9788543727252799,23100,False,False
ATAP.JK,580.0,585.0,583.0,565.5,564.8,472.16,499.97,22.567999999999994,4.41384125428544,683100,False,False
ASSA.JK,645.0,638.3333333333334,625.0,609.5,613.75,599.203125,702.5828125,9.159375,2.4858824203010927,7144700,False,False
ASRM.JK,268.0,265.3333333333333,264.4,263.8,261.0,251.99503662109376,267.06834228515623,8.00248168945312,0.8715573687812654,103600,False,False
ASRI.JK,124.0,122.0,119.8,119.0,120.2,114.07552612304687,121.41934173583985,9.92447387695313,1.7434574983855053,15630600,False,False
ASPR.JK,150.0,150.0,148.8,148.3,150.0,161.01402618408204,214.18281295776367,12.71402618408203,2.2460075814907654,17631000,False,False
ASPI.JK,418.0,417.3333333333333,411.2,407.8,437.45,392.7,389.23,22.375,1.6453271498533577,1383500,False,False
ASMI.JK,17.0,16.333333333333332,16.2,16.7,17.7,16.1,17.39,1.5999999999999979,4.225546638888175,9648300,False,False
ASLI.JK,198.0,200.0,198.8,197.2,196.25,205.6,264.0,9.349999999999994,2.3090272977994015,2805100,False,False
ASLC.JK,62.0,61.666666666666664,62.2,63.6,63.35,61.68,68.67,1.9333333333333371,3.366758556254871,4888300,True,False
ASJT.JK,155.0,153.0,155.8,155.7,160.05,157.9,171.6895460510254,7.050000000000011,3.314721168551428,416800,False,False
ASII.JK,5100.0,5083.333333333333,5080.0,5017.0,5003.0,4862.4,5343.408266601563,9.504000000000014,1.5512681683190301,53209500,False,False
ASHA.JK,61.0,60.333333333333336,59.0,57.5,57.9,56.68,64.64,4.32,3.3239571533978776,15176300,True,False
ASGR.JK,1795.0,1793.3333333333333,1795.0,1850.5,1867.25,1647.7,1587.4247973632812,43.90999999999999,1.889873531964404,1273300,False,False
ASDM.JK,505.0,511.6666666666667,513.0,509.8,512.15,501.1692004394531,521.7867501831055,2.366159912109379,1.535152966922381,35300,True,False
ASBI.JK,424.0,427.3333333333333,426.8,423.0,424.2,413.2517950439453,410.6378207397461,7.040769144693996,2.5999113306548596,52700,False,False
ARTO.JK,1300.0,1318.3333333333333,1276.0,1239.0,1265.25,1101.9,1208.95,43.28666666666663,4.842728948427564,5062500,False,False
ARTA.JK,2370.0,2420.0,2478.0,2476.0,2482.0,2428.3,2555.55,11.2,3.2142671004509475,14100,False,False
ARNA.JK,500.0,500.0,496.8,491.2,479.6,453.16,467.7845849609375,23.419999999999987,0.4621565620831736,3784700,False,False
ARKO.JK,4550.0,4563.333333333333,4628.0,4770.5,4846.5,5064.6,6441.05,51.460000000000036,5.387902081958284,1371200,False,False
ARKA.JK,22.0,22.0,22.0,22.0,22.0,23.94,27.95,1.9400000000000013,0.0,0,True,False
ARII.JK,280.0,278.0,275.6,273.6,272.9,274.96,278.4,3.5500000000000114,1.0477274488851087,90500,True,False
ARGO.JK,1185.0,1188.3333333333333,1185.0,1169.0,1113.5,968.0,965.75,44.06666666666665,1.3451511241478193,196100,False,False
AREA.JK,280.0,282.0,281.6,280.2,273.3,243.24,277.76,19.379999999999995,4.807881837741709,353200,False,False
ARCI.JK,1180.0,1140.0,1111.0,1081.5,1076.25,1039.2,1254.0045556640625,28.15999999999999,3.4542810628151797,126249400,False,False
APLN.JK,129.0,127.66666666666667,125.4,124.5,128.9,125.32,146.98,4.5,3.939635607036952,30319800,False,False
APLI.JK,266.0,254.0,251.6,247.2,246.5,251.48544677734375,231.6936897277832,9.75,2.966123060221368,1161000,False,False
APII.JK,191.0,190.66666666666666,189.2,185.1,184.35,179.37692260742188,181.8670327758789,11.623077392578125,2.1922338759215636,477300,False,False
APIC.JK,615.0,633.3333333333334,643.0,641.0,658.0,664.7,1047.9,9.940000000000008,3.03120996895135,474900,False,False
APEX.JK,170.0,170.66666666666666,165.4,155.1,147.85,135.94,161.22,34.72666666666666,3.9733226265178,11085600,False,False
ANTM.JK,3080.0,3013.3333333333335,2958.0,2934.0,2976.5,2834.0443359375,3129.803977050781,24.595566406250008,2.5758716708857414,172099500,False,False
ANJT.JK,1490.0,1490.0,1488.0,1459.0,1475.25,1478.7,1571.6,6.2,1.8223380765504151,44800,False,False
ANDI.JK,18.0,17.666666666666668,17.4,17.3,17.75,17.42,20.79,0.6999999999999993,3.175082486640943,4037300,True,False
AMRT.JK,1400.0,1383.3333333333333,1360.0,1346.5,1363.25,1350.3526879882813,1374.8031713867188,10.7,3.4682672249718918,36788000,False,False
AMOR.JK,358.0,360.0,355.6,350.6,345.3,331.72,338.54,14.139999999999986,1.668884891661276,8800,False,False
AMMS.JK,220.0,221.33333333333334,231.6,261.8,282.7,315.32,356.12,47.66,3.694199991592965,777000,False,False
AMMN.JK,4320.0,4340.0,4280.0,4140.0,4032.0,3675.4,4216.7,66.46,2.7089802877385973,88614700,False,False
AMIN.JK,248.0,247.33333333333334,245.6,243.6,243.8,250.2,246.18,3.299999999999997,2.4729172013861813,75000,True,False
AMFG.JK,3360.0,3353.3333333333335,3344.0,3291.0,3185.5,3042.23390625,3098.1228369140626,31.776609375,1.3436336707070382,26200,False,False
AMAR.JK,222.0,222.66666666666666,220.8,215.0,211.1,199.65323028564453,195.39499603271486,11.506718190511066,1.977524071285234,285800,False,False
AMAN.JK,250.0,248.66666666666666,249.2,253.6,258.6,255.92,270.2,4.966666666666683,1.6871213117036834,323200,True,False
AMAG.JK,390.0,390.0,390.0,386.6,388.1,388.96,396.0174908447266,1.6999999999999886,0.7951586724469719,331200,True,False
ALKA.JK,1885.0,1771.6666666666667,1749.0,1664.0,1191.25,810.78,738.62,214.844,10.429688987997727,92600,False,False
ALII.JK,800.0,796.6666666666666,778.0,755.0,753.25,757.9002709960937,790.5400708007812,9.35,2.443695497552335,2360900,False,False
ALDO.JK,810.0,806.6666666666666,808.0,818.5,773.75,726.8474731445312,665.9543591308594,18.33050537109375,4.20525794934549,175400,False,False
AKSI.JK,232.0,232.66666666666666,230.4,231.0,225.5,216.6,254.96,8.033333333333331,3.952292446393978,513400,False,False
AKRA.JK,1430.0,1441.6666666666667,1437.0,1420.20478515625,1377.5187866210938,1276.0863647460938,1305.0531103515625,33.1160603841146,1.2165011165162845,14573900,False,False
AKPI.JK,505.0,508.3333333333333,507.0,500.5,498.3,487.4684539794922,498.9923162841797,4.172975870768221,1.3827652984986951,224700,True,False
AKKU.JK,38.0,38.0,38.0,38.0,38.0,38.0,38.0,0.0,0.0,0,True,False
AISA.JK,116.0,119.0,119.0,117.7,113.3,105.34,113.74,13.659999999999997,5.906251617878364,7933900,False,False
AIMS.JK,400.0,389.3333333333333,389.2,384.2,385.9,393.16,412.12,7.900000000000006,2.512857502622273,298300,False,False
AHAP.JK,94.0,95.0,93.8,92.7,93.95,87.96,98.36,7.040000000000006,2.5531654469946754,11867400,False,False
AGRS.JK,61.0,61.0,61.2,61.6,61.2,61.24,65.02,0.6000000000000014,1.6170530438334205,2894200,True,False
AGRO.JK,148.0,146.33333333333334,145.8,145.2,146.5,146.62,163.25,2.8000000000000114,1.900311999563196,3719300,True,False
AGII.JK,2990.0,3000.0,3030.0,2944.0,2984.5,2799.4410888671873,2965.4397021484374,23.05589111328127,3.88234154876475,39200,False,False
AGAR.JK,910.0,831.6666666666666,763.0,696.5,563.65,353.9,293.37,111.22,4.974098385641898,14900,False,False
AEGS.JK,43.0,42.666666666666664,43.0,42.7,42.2,40.94,45.16,2.0600000000000023,3.27020141906969,1560500,True,False
ADRO.JK,2500.0,2523.3333333333335,2500.0,2498.0,2500.5,2365.0,2381.0140991210938,15.833333333333348,1.6909029549169226,18191200,False,False
ADMR.JK,1595.0,1605.0,1566.0,1518.5,1521.75,1486.3,1640.8077648925782,23.74000000000001,3.392643436787869,21220700,False,False
ADMG.JK,224.0,222.66666666666666,223.2,222.2,218.85,208.38,205.88,7.810000000000002,1.4656646235523336,573000,False,False
ADMF.JK,8750.0,8766.666666666666,8755.0,8502.5,8360.0,8197.0,8245.799946289062,22.786666666666644,1.5697901237507588,77100,False,False
ADHI.JK,151.0,151.66666666666666,154.4,157.4,160.85,158.46,176.12,9.849999999999994,1.0350899150580246,13652400,False,False
ADES.JK,35000.0,32925.0,32755.0,35237.5,34886.25,30408.5,24296.5,193.16,6.169763241784086,37000,False,False
ADCP.JK,50.0,50.0,50.0,50.0,50.0,50.0,50.33,0.0,0.0,0,True,False
ACST.JK,84.0,85.0,85.2,85.1,83.45,78.56,88.11,6.640000000000001,1.9420471843438973,208500,False,False
ACRO.JK,61.0,61.0,60.8,60.5,61.3,59.51098770141601,64.11445308685303,1.7890122985839838,1.4509894739261997,3020700,True,False
ACES.JK,362.0,359.3333333333333,357.6,354.4,352.8,336.55607421875,337.62739013671876,12.721962890625008,1.6657080058095706,14008200,False,False
ABMM.JK,2650.0,2653.3333333333335,2602.0,2546.0,2501.5,2405.0,2621.87330078125,24.83333333333335,1.6688778591302678,403900,False,False
ABDA.JK,3810.0,3610.0,3566.0,3496.0,3449.0,3385.0,3155.6,42.5,2.6240227866362296,36400,False,False
ABBA.JK,30.0,30.0,30.0,30.0,30.0,31.9,36.56,1.8999999999999986,0.0,0,True,False
AALI.JK,7150.0,7150.0,7075.0,6840.0,6631.25,6360.5,6937.157788085938,31.58,2.2592273781843177,1176400,False,False
AADI.JK,8950.0,9075.0,9110.0,9032.5,8856.25,8310.458203125,8952.77330078125,31.98167187500003,2.1581338767192983,9905800,False,False
