Ticker,Close,MA3,MA5,MA10,MA20,MA50,MA100,Range_Ticks,Vol_Pct,Volume,MA_Tight,Signal
ZYRX.JK,127.0,128.33333333333334,128.4,128.9,129.15,128.16,129.77266220092773,2.1500000000000057,1.40431349951802,168900,True,False
ZONE.JK,635.0,673.3333333333334,680.0,692.5,703.5,695.6,562.3660577392578,13.7,2.6528822827360186,11200,False,False
ZINC.JK,30.0,30.0,30.0,30.0,30.0,30.0,30.0,0.0,0.0,0,True,False
YUPI.JK,1255.0,1265.0,1265.0,1283.0,1305.75,1308.6967529296876,1345.234141845703,10.739350585937519,1.073855304474227,9500,False,False
YULE.JK,3450.0,3510.0,3556.0,3635.0,3604.0,3506.8,3418.1,18.5,7.094261228905303,3700,False,False
YPAS.JK,1125.0,1126.6666666666667,1192.0,1272.5,1343.5,1095.2,889.9,49.65999999999999,6.550753757460429,29700,False,False
YOII.JK,75.0,76.33333333333333,78.2,80.7,81.05,82.7,84.14,7.700000000000003,3.581974818562749,5703300,False,False
YELO.JK,74.0,77.66666666666667,81.8,87.4,93.65,89.5,83.46,19.650000000000006,4.709067275078476,21951900,False,False
WTON.JK,71.0,72.33333333333333,73.8,75.9,78.05,77.84,77.31338317871094,7.049999999999997,1.2520250171115515,4333700,False,False
WSBP.JK,14.0,14.0,14.0,14.0,14.0,14.0,14.44,0.0,0.0,0,True,False
WOWS.JK,44.0,48.666666666666664,49.8,52.5,55.6,58.22,59.65,14.219999999999999,4.468136384855671,33954100,False,False
WOOD.JK,185.0,189.66666666666666,191.4,194.3,200.55,209.92,225.21,24.919999999999987,1.177362186025565,1757700,False,False
WOMF.JK,272.0,275.3333333333333,276.8,277.6,279.9,270.92,268.36,4.489999999999981,1.3189601247987424,15000,True,False
WMUU.JK,43.0,47.666666666666664,48.6,49.3,49.65,51.62,53.15,8.619999999999997,4.427188724235732,2752700,False,False
WIRG.JK,57.0,61.333333333333336,64.4,69.6,72.95,67.26,63.37,15.950000000000003,3.0856686072335275,121214600,False,False
WINS.JK,550.0,561.6666666666666,567.0,583.0,575.75,539.6,529.4605871582031,8.679999999999996,3.466987591786351,1799300,False,False
WINR.JK,29.0,27.666666666666668,26.8,25.8,25.9,23.3,23.56,5.699999999999999,6.934211410526898,150235500,False,False
WINE.JK,127.0,128.33333333333334,129.0,129.5,131.0,136.74,146.78946258544923,9.740000000000009,1.292287032013213,125900,False,False
WIIM.JK,1530.0,1535.0,1525.0,1490.5,1558.0,1644.5,1633.5634838867188,30.8,3.3193840317213184,1469800,False,False
WIFI.JK,1725.0,1751.6666666666667,1779.0,1851.5,1961.5,1987.5,1915.9544543457032,52.5,2.1993473098266945,7643800,False,False
WIDI.JK,28.0,27.333333333333332,27.4,27.7,27.35,26.68,26.59,1.3200000000000003,3.619720499467898,14976200,True,True
WGSH.JK,104.0,114.0,117.4,122.8,138.35,151.76,134.66,47.75999999999999,5.506570465727455,21793900,False,False
WEHA.JK,103.0,108.0,110.0,112.2,111.65,108.78,109.6077685546875,9.200000000000003,3.2308005601436482,1821300,False,False
WEGE.JK,43.0,47.666666666666664,48.6,49.3,50.9,51.96,51.43,8.96,4.427188724235732,9920100,False,False
WAPO.JK,352.0,328.6666666666667,300.4,250.1,212.6,163.42,140.17,94.29,9.85286788782703,0,False,False
VTNY.JK,58.0,65.66666666666667,69.0,72.7,74.95,72.56,66.61,16.950000000000003,4.792465713307551,18167600,False,False
VRNA.JK,78.0,77.66666666666667,79.4,84.0,88.25,80.58,78.14,10.583333333333329,3.0883076706957637,3374200,False,False
VOKS.JK,236.0,254.0,263.6,282.6,260.8,234.58,219.54,24.010000000000005,9.556429783639505,618700,False,False
VKTR.JK,780.0,788.3333333333334,794.0,779.0,820.5,825.3,746.58,9.259999999999991,3.967385921461359,16828700,False,False
VIVA.JK,46.0,40.666666666666664,40.2,40.8,43.85,45.86,40.48,5.799999999999997,10.379533961670731,199269300,False,False
VISI.JK,1330.0,1346.6666666666667,1331.0,1263.0,1125.75,1002.2,960.9,68.89333333333335,8.393359309435544,1992300,False,False
VINS.JK,143.0,143.33333333333334,145.0,145.1,144.65,142.5,141.85,2.5999999999999943,2.1386568559088555,100500,True,False
VICO.JK,168.0,169.66666666666666,171.2,171.1,164.8,151.68,146.85,19.519999999999982,1.7215632533904537,1163700,False,False
VICI.JK,985.0,963.3333333333334,987.0,1075.5,1032.25,789.5,683.9979275512695,57.2,4.535715837398197,5289500,False,False
VERN.JK,228.0,229.33333333333334,231.2,230.6,234.2,222.88,179.56,5.659999999999997,2.6457212211696812,3598900,True,True
VAST.JK,111.0,114.0,115.0,118.6,115.95,115.52,117.3,7.599999999999994,7.551704553721968,2880800,False,False
UVCR.JK,234.0,203.66666666666666,191.0,183.8,167.75,155.12,169.21915924072266,39.44,7.605622408863064,177221600,False,False
URBN.JK,290.0,280.0,268.4,249.8,236.8,223.84,214.06,33.08,3.420760348660132,1422400,False,False
UNVR.JK,1640.0,1630.0,1628.0,1629.5,1651.25,1715.5,1686.144599609375,17.5,0.8658545773346719,3746400,False,False
UNTR.JK,24575.0,24316.666666666668,24335.0,24907.5,25310.0,24679.0,24390.5,39.733333333333285,1.3277708902432956,919500,False,False
UNTD.JK,76.0,77.0,78.0,78.7,80.55,80.88,77.27,4.8799999999999955,2.3126535397034202,7803200,True,False
UNSP.JK,338.0,331.3333333333333,291.2,248.6,227.3,214.52,226.52,61.739999999999995,10.211306775604044,14617500,False,False
UNIQ.JK,113.0,114.0,118.0,120.1,121.5,116.8,111.12,8.5,3.7298129729006977,2044200,False,False
UNIC.JK,14950.0,15100.0,15090.0,15090.0,15048.75,14669.5,13559.927958984375,17.22,0.9141733346615872,1200,False,False
ULTJ.JK,2050.0,2056.6666666666665,2060.0,2005.0,1769.75,1587.8,1514.2,47.220000000000006,3.2021317174584856,9502800,False,False
UFOE.JK,136.0,137.0,137.2,141.6,144.2,141.32,139.69,8.199999999999989,2.0900530389634944,588400,False,False
UDNG.JK,458.0,494.3333333333333,487.0,487.9,682.95,1037.98,1171.54,289.99,5.6036878405496315,8754000,False,False
UCID.JK,490.0,490.6666666666667,492.8,497.2,506.6,458.98,417.73533111572266,23.810000000000002,1.3217432122788932,367500,False,False
UANG.JK,3850.0,3876.6666666666665,3938.0,3944.0,3788.5,2963.8,2727.9,98.01999999999998,9.016281075098,102400,False,False
TYRE.JK,108.0,108.66666666666667,109.0,110.8,111.85,112.82,111.27,4.819999999999993,2.2086833729079416,202300,True,False
TUGU.JK,1570.0,1556.6666666666667,1560.0,1575.5,1472.75,1354.5,1259.3685046386718,44.2,4.414460899854464,580000,False,False
TSPC.JK,2630.0,2646.6666666666665,2670.0,2719.0,2732.5,2748.4,2600.2,11.840000000000009,0.8543815352988202,378800,False,False
TRUS.JK,446.0,441.3333333333333,448.4,450.6,449.4,433.4,377.8699188232422,8.600000000000023,3.3952381569528227,49600,False,False
TRUK.JK,2580.0,2178.3333333333335,1962.0,1585.5,1297.0,877.24,649.65,170.276,6.750408215034537,221900,False,False
TRUE.JK,51.0,60.333333333333336,67.2,64.3,57.15,52.86,65.08,16.200000000000003,18.155996463590302,35975700,False,False
TRST.JK,462.0,470.0,472.8,474.0,469.3,465.6,465.86332946777344,6.0,2.7088661322690313,1800,False,False
TRON.JK,76.0,87.66666666666667,92.4,97.6,99.75,103.28,101.43,27.28,5.615421323340796,26036300,False,False
TRJA.JK,121.0,125.66666666666667,125.2,129.3,129.4,120.9,118.62,8.5,7.351140563396291,1115500,False,False
TRIS.JK,169.0,171.66666666666666,172.0,171.9,172.74642028808594,169.69652313232422,166.9394303894043,3.746420288085943,0.8209507121529624,273300,True,False
TRIN.JK,238.0,280.6666666666667,305.6,340.0,364.3,341.88,388.72,63.150000000000006,8.422661458115833,29602000,False,False
TRIM.JK,800.0,801.6666666666666,812.0,819.0,764.25,660.9,597.6667657470703,31.620000000000005,3.790038680409352,75800,False,False
TRGU.JK,162.0,168.66666666666666,169.8,169.8,172.65,169.28,171.83,10.650000000000006,2.489658638069814,184300,False,False
TPMA.JK,456.0,458.6666666666667,461.6,468.4,476.6,465.08,459.69,10.300000000000011,1.033350932650567,1455300,False,False
TPIA.JK,1780.0,1800.0,1816.0,1828.5,1892.25,1999.8,2216.920439453125,43.959999999999994,2.147733990785138,53067900,False,False
TOWR.JK,388.0,391.3333333333333,396.4,413.6,434.5,423.16,404.8860726928711,23.25,2.2362199184021327,20895400,False,False
TOTO.JK,240.0,240.66666666666666,241.2,241.4,240.6,238.36,236.57025299072265,1.519999999999996,0.612089830768281,367700,True,False
TOTL.JK,1500.0,1565.0,1595.0,1575.5,1533.75,1387.4,1222.8297448730468,41.51999999999998,2.5719581545267647,3006000,False,False
TOSK.JK,74.0,80.0,81.6,82.3,81.55,74.54,66.51,8.299999999999997,3.5897896876099358,33098900,False,False
TOOL.JK,52.0,61.333333333333336,65.8,68.8,69.3,67.66,67.25,17.299999999999997,7.205305681371933,24570300,False,False
TOBA.JK,488.0,496.3333333333333,502.8,511.4,545.7,523.5,478.62,28.850000000000023,3.1690609865007366,4897300,False,False
TNCA.JK,163.0,170.33333333333334,174.0,178.3,179.35,166.8,160.11,16.349999999999994,3.3755229829825297,151700,False,False
TMPO.JK,171.0,173.33333333333334,169.2,161.4,163.4,158.44,133.52,14.893333333333345,4.594100544089988,19111800,False,False
TMAS.JK,129.0,134.33333333333334,138.2,141.7,143.25,133.74,124.64126052856446,14.25,1.999285731762386,7037500,False,False
TLKM.JK,2380.0,2400.0,2422.0,2512.0,2568.5,2609.8,2615.6147314453124,22.980000000000018,0.9037135953408376,57395200,False,False
TLDN.JK,585.0,585.0,591.0,605.5,616.0,576.8,552.92,7.840000000000009,1.671040498079623,557000,False,False
TKIM.JK,7125.0,7150.0,7230.0,7417.5,7793.75,7395.0,6715.863706054687,26.75,1.776958951790097,1076100,False,False
TIRT.JK,590.0,590.0,590.0,590.0,590.0,590.0,552.17,0.0,0.0,0,True,False
TIRA.JK,366.0,370.6666666666667,373.6,382.6,396.7,433.02,524.51,33.50999999999999,0.7100173686325449,46300,False,False
TINS.JK,4660.0,4743.333333333333,4728.0,4741.0,4579.5,4114.2,3732.6944384765625,62.91333333333332,2.8961694142017147,9834800,False,False
TIFA.JK,300.0,298.0,300.8,305.4,314.8,314.96,297.66537384033205,8.47999999999999,3.1052796658495643,37000,False,False
TGKA.JK,4850.0,4876.666666666667,4914.0,4960.5,4968.25,4958.2,4848.490205078125,11.825,1.0381441998486745,700,False,False
TFCO.JK,885.0,890.0,874.0,842.0,845.0,819.5,731.15,14.1,4.160301946298193,11600,False,False
TFAS.JK,177.0,183.33333333333334,188.6,187.7,187.05,187.1,194.34,11.599999999999994,2.4220166947020774,160500,False,False
TEBE.JK,2230.0,2313.3333333333335,2194.0,2043.0,1881.0,1521.0,1277.75,79.23333333333335,8.118785333812486,13837800,False,False
TCPI.JK,1605.0,1588.3333333333333,1542.0,1574.0,1898.75,3196.6,6137.093720703125,330.91999999999996,7.8001326561357205,1356400,False,False
TCID.JK,2490.0,2486.6666666666665,2510.0,2549.0,2575.5,2659.6,2730.7,17.29333333333334,1.665222815948993,11600,False,False
TBMS.JK,1235.0,1221.6666666666667,1219.0,1228.5,1225.25,1211.9,1222.2997485351561,4.6199999999999815,1.716812937848493,6700,True,False
TBLA.JK,605.0,610.0,614.0,620.0,625.25,628.2,612.3470529174805,4.6400000000000095,0.6628848042660774,1925200,True,False
TBIG.JK,1445.0,1460.0,1459.0,1455.0,1473.75,1441.2,1427.69873046875,6.509999999999991,1.3009629520451382,105300,False,False
TAYS.JK,50.0,50.0,50.0,50.0,50.0,50.0,51.12,0.0,0.0,0,True,False
TAXI.JK,17.0,15.333333333333334,15.0,14.7,14.35,13.98,14.06,3.0199999999999996,8.367110777858707,665546600,False,False
TARA.JK,38.0,34.333333333333336,32.8,31.8,31.3,30.6,30.06,7.399999999999999,6.406578817750801,27035300,False,False
TAPG.JK,1975.0,2008.3333333333333,2009.0,2111.5,2210.75,1951.691015625,1714.7040161132813,51.811796874999985,2.390053235488474,7011400,False,False
TAMU.JK,35.0,28.666666666666668,27.2,26.8,27.2,24.7,22.84,10.3,11.233113378679922,92838900,False,False
TAMA.JK,194.0,196.33333333333334,195.2,196.2,197.45,219.52,198.4,25.52000000000001,2.7938012088558883,2331100,False,False
TALF.JK,630.0,665.0,674.0,683.5,692.75,725.7,702.012978515625,19.140000000000008,2.582700781546324,203600,False,False
SWID.JK,97.0,106.33333333333333,113.4,119.3,119.5,112.02,102.47370704650879,22.5,4.646274960987927,4028500,False,False
SURI.JK,78.0,81.33333333333333,82.8,83.7,83.5,77.68,72.37,6.019999999999996,1.8742550915256475,3835500,False,False
SURE.JK,3060.0,3090.0,3094.0,3039.0,3001.5,2827.4,2797.5,26.65999999999999,4.247420137733893,1700,False,False
SUPA.JK,488.0,492.6666666666667,492.4,495.3,507.15,545.36,618.58,28.680000000000007,1.4537328852260138,5662500,False,False
SUNI.JK,665.0,671.6666666666666,674.0,677.5,687.75,694.4,660.4984582519531,5.8799999999999955,0.9878547456791913,166100,True,False
SULI.JK,72.0,78.33333333333333,81.2,83.7,86.45,89.68,86.44,17.680000000000007,3.540182316657244,5176600,False,False
STTP.JK,8900.0,9100.0,9215.0,9292.5,9370.0,9546.5,9678.75,25.86,1.3364784015759412,600,False,False
STRK.JK,46.0,53.666666666666664,58.0,61.4,63.6,64.32,72.04,18.319999999999993,6.382016081556027,8508100,False,False
STAR.JK,368.0,383.3333333333333,404.8,392.8,390.3,359.76,372.47,22.52000000000001,6.892459237714513,19900,False,False
STAA.JK,1185.0,1188.3333333333333,1187.0,1187.0,1221.5,1144.5,1076.2836694335938,15.4,1.145082611680212,4431700,False,False
SSTM.JK,448.0,453.3333333333333,454.4,453.0,467.85,435.1,442.12,16.375,3.033093233471047,66900,False,False
SSMS.JK,1090.0,1083.3333333333333,1070.0,1091.0,1128.0,1010.8,942.2844519042969,23.44000000000001,5.246135362329797,8981300,False,False
SSIA.JK,1690.0,1706.6666666666667,1687.0,1701.0,1749.75,1733.8,1665.0301342773437,12.55,3.424535863255821,3480200,False,False
SRTG.JK,1740.0,1761.6666666666667,1772.0,1783.0,1799.0,1805.5,1665.0223510742187,13.1,1.8893569215281438,690100,False,False
SRSN.JK,118.0,124.66666666666667,126.8,121.1,110.75,86.6,76.4,40.2,7.642839974691834,126292000,False,False
SRAJ.JK,13000.0,13000.0,13000.0,13235.0,13450.0,12966.0,12546.75,19.36,3.304931683269105,1200,False,False
SQMI.JK,89.0,89.66666666666667,93.8,95.7,96.7,77.82,62.01,18.88000000000001,8.255705014394717,190456100,False,False
SPTO.JK,600.0,601.6666666666666,603.0,604.0,609.25,605.8,577.7346459960937,1.85,0.6100350859387442,335400,True,False
SPRE.JK,94.0,92.66666666666667,92.4,95.1,95.4,91.22,84.94,4.180000000000007,4.507422341249621,2834300,False,False
SPMA.JK,163.0,165.33333333333334,166.0,167.9,169.3,167.26,163.60307662963868,6.300000000000011,1.0421543391323846,463800,False,False
SOUL.JK,37.0,37.0,37.0,37.0,37.0,37.0,38.19,0.0,0.0,0,True,False
SOTS.JK,510.0,551.6666666666666,555.0,574.5,593.75,611.1,655.7,20.220000000000006,3.939912057410422,403900,False,False
SOSS.JK,1070.0,950.0,944.0,939.5,946.5,898.5,860.8,34.3,6.771833836288872,113300,False,False
SONA.JK,2970.0,2583.3333333333335,2542.0,2429.0,2399.0,2457.0,2311.184904785156,57.1,8.677523199997156,250300,False,False
SOLA.JK,71.0,76.0,79.4,84.4,88.35,93.26,100.13,22.260000000000005,4.377881498464263,5237800,False,False
SOHO.JK,1325.0,1380.0,1400.0,1503.5,1487.5,1310.7,1327.1,38.55999999999999,4.07527662891523,46600,False,False
SOFA.JK,306.0,309.3333333333333,318.4,337.2,337.8,293.44,290.82,22.180000000000007,3.745687129902655,2392700,False,False
SOCI.JK,640.0,650.0,654.0,648.5,640.5,542.16,450.71600036621095,22.368000000000006,3.1181810911347236,6652900,False,False
SNLK.JK,242.0,238.66666666666666,238.0,245.4,239.2,230.96,231.72,7.219999999999999,5.1906643904039065,11408000,False,False
SMSM.JK,1675.0,1680.0,1683.0,1699.0,1719.0,1721.1123608398439,1690.7647985839844,9.222472167968771,0.7387230470209251,1222000,False,False
SMRA.JK,250.0,254.66666666666666,257.6,270.0,300.7,314.6,301.6829057312012,32.30000000000001,4.338208715643447,16368600,False,False
SMMT.JK,3140.0,3146.6666666666665,3064.0,2994.0,2739.25,2224.7,2034.35,92.19666666666667,5.8729102317344966,478600,False,False
SMMA.JK,19800.0,19941.666666666668,19975.0,19995.0,19987.5,20129.0,20087.75,13.16,0.37131252300478096,100,False,False
SMLE.JK,254.0,272.6666666666667,262.8,239.4,214.65,182.6,143.91,45.033333333333346,6.899541149884332,12366500,False,False
SMKM.JK,82.0,87.33333333333333,88.8,94.0,101.0,90.66,82.23,19.0,2.8820454570971137,7569600,False,False
SMKL.JK,150.0,151.66666666666666,153.6,154.9,154.9,149.14,144.95772811889648,5.760000000000019,2.11906961018601,12800,True,False
SMIL.JK,422.0,428.6666666666667,433.6,430.2,430.8,403.44,340.68,15.080000000000013,2.0278668218158784,33650500,False,False
SMGR.JK,1545.0,1565.0,1578.0,1579.0,1655.25,1574.2,1611.2901940917968,22.05,2.5203806461008207,7206800,False,False
SMGA.JK,79.0,81.66666666666667,83.8,85.0,86.8,79.64,75.25,7.799999999999997,2.1197694228990414,3019200,False,False
SMDR.JK,382.0,392.0,395.2,395.2,378.4,332.5543493652344,307.2262406921387,31.322825317382808,1.7219004890830554,28999800,False,False
SMDM.JK,486.0,502.3333333333333,512.4,526.7,538.35,550.74,548.48,32.370000000000005,2.4461247686492107,30600,False,False
SMBR.JK,150.0,155.66666666666666,160.6,166.0,172.3,167.6,164.55735229492188,22.30000000000001,3.1345181770295762,3291200,False,False
SMAR.JK,6075.0,6166.666666666667,6185.0,6207.5,6387.5,5993.0,5472.155517578125,15.78,2.8907895920584514,18800,False,False
SLIS.JK,72.0,75.33333333333333,78.4,83.0,85.8,80.68,73.8,13.799999999999997,6.4514843290352495,12742700,False,False
SKRN.JK,418.0,420.6666666666667,421.6,415.4,407.9,402.84,392.6262841796875,9.380000000000024,3.0705752314420574,15400,False,False
SKLT.JK,198.0,199.66666666666666,201.8,205.5,210.35,205.26,197.2,12.349999999999994,1.5467488240180303,14500,False,False
SKBM.JK,500.0,507.6666666666667,516.6,524.8,536.65,541.46,548.27,20.730000000000018,1.865781879512827,35400,False,False
SIPD.JK,780.0,823.3333333333334,835.0,867.0,898.5,797.4,781.05,23.7,3.0405846132410086,10000,False,False
SINI.JK,18300.0,18300.0,17480.0,16267.5,14941.25,10335.5,10018.436298828125,318.58,7.0073584816566585,0,False,False
SIMP.JK,570.0,580.0,587.0,603.0,618.0,602.7,572.2404693603515,9.6,2.0117487121687807,6151600,False,False
SILO.JK,1970.0,1988.3333333333333,2027.0,2018.0,2065.0,2155.7,2215.85,37.139999999999965,2.652567532170597,627500,False,False
SIDO.JK,348.0,349.3333333333333,350.8,351.6,352.7,356.28,375.32,4.139999999999986,0.9288076200957929,11564500,True,False
SICO.JK,111.0,112.0,113.0,113.7,114.4,112.04,110.1,3.4000000000000057,1.797378104225086,822100,True,False
SHIP.JK,2530.0,2576.6666666666665,2578.0,2649.0,2582.0,2276.9,2053.9820190429687,37.209999999999994,2.258956605406693,9200,False,False
SHID.JK,770.0,800.0,774.0,766.5,731.75,643.3,652.65,31.34000000000001,9.888647454319145,842000,False,False
SGRO.JK,4320.0,4436.666666666667,4484.0,4566.0,4745.75,4391.9,3601.5170385742185,42.575,1.3278645286609994,1400,False,False
SGER.JK,755.0,740.0,737.0,717.5,695.0,569.98,463.47,37.004,1.7358249049142929,56037200,False,False
SFAN.JK,1995.0,1995.0,1999.0,2010.5,2024.75,2003.0,1983.55,5.95,0.4073643366360691,12100,True,False
SEMA.JK,310.0,279.3333333333333,273.2,260.8,193.95,137.54,117.9,86.23,7.449840560116367,36494800,False,False
SDRA.JK,204.0,205.33333333333334,206.4,209.4,214.5,216.48,220.14,6.239999999999995,1.0122294363405688,524900,False,False
SDPC.JK,192.0,191.66666666666666,192.6,194.0,196.2,190.0,185.10963668823243,6.199999999999989,1.1933847525437091,370300,False,False
SDMU.JK,64.0,69.33333333333333,76.8,84.2,87.45,84.5,82.63,23.450000000000003,5.769349056816648,38797600,False,False
SCNP.JK,162.0,163.0,163.2,161.1,158.4,155.7,151.8836671447754,7.5,2.2475027839583137,527500,False,False
SCMA.JK,171.0,171.66666666666666,174.2,182.3,192.45,199.46,205.0511100769043,28.460000000000008,2.1696564681734163,21668900,False,False
SCCO.JK,2560.0,2580.0,2602.0,2702.0,2607.0,2432.2,2337.8434765625,26.980000000000018,6.659963231317409,24300,False,False
SBMA.JK,109.0,111.33333333333333,112.4,113.2,111.35,109.16,109.29,4.200000000000003,3.157257867866398,1135000,True,False
SATU.JK,242.0,239.33333333333334,240.0,239.8,243.4,253.12,260.16,6.893333333333331,0.8806603176733336,2369300,False,False
SAPX.JK,320.0,356.0,374.0,359.6,345.6,267.32,241.8,53.34,12.9093707992249,1239600,False,False
SAMF.JK,304.0,312.0,311.6,311.4,315.7,295.28,287.7724824523926,10.210000000000008,1.9039583111000111,83500,False,False
SAME.JK,290.0,291.3333333333333,291.2,294.0,303.4,300.4,311.64,6.699999999999989,1.1726493212094915,148600,False,False
SAGE.JK,36.0,34.333333333333336,32.6,31.5,31.15,31.7,29.87,4.850000000000001,5.251642499827121,103203200,False,False
SAFE.JK,535.0,630.0,738.0,895.5,885.25,613.18,471.85,72.1,10.626506529648328,166400,False,False
RUNS.JK,63.0,64.66666666666667,66.0,67.6,69.55,66.34,71.13,6.549999999999997,2.5236269832981946,641500,False,False
RUIS.JK,188.0,194.66666666666666,196.8,199.2,204.2,204.34,194.2571875,16.340000000000003,1.463794867507766,340600,False,False
RSCH.JK,440.0,445.3333333333333,448.8,442.8,421.7,355.0,319.82,46.900000000000006,1.7462120751408632,13051500,False,False
ROTI.JK,580.0,580.0,580.0,582.5,583.75,588.4,586.9,1.6799999999999955,0.6308999695856448,152800,True,False
RONY.JK,1490.0,1530.0,1513.0,1472.0,1450.0,1369.1,1237.45,32.18000000000002,5.122067108470419,20700,False,False
RODA.JK,45.0,52.666666666666664,55.2,59.9,61.85,63.18,61.81,18.18,6.905305737834635,8229200,False,False
ROCK.JK,2450.0,2158.3333333333335,2058.0,2034.5,2045.75,1983.1,1918.05,46.69000000000001,6.259430653894121,350800,False,False
RMKO.JK,264.0,280.0,290.4,307.2,323.1,307.2,326.66,29.55000000000001,2.558124990153431,4431300,False,False
RMKE.JK,360.0,380.6666666666667,391.6,395.6,410.4,413.84,458.44755859375,26.919999999999987,2.5165222323032443,81616700,False,False
RLCO.JK,3960.0,4016.6666666666665,4020.0,4154.0,4369.0,4484.8,3922.55,52.48000000000002,2.2448852381741684,241000,False,False
RISE.JK,695.0,698.3333333333334,712.0,764.5,804.25,900.4,1016.7,41.08,5.702077261832761,1577200,False,False
RIGS.JK,625.0,621.6666666666666,618.0,621.5,663.75,674.2,676.45,11.240000000000009,4.076956916782656,12300,False,False
RICY.JK,68.0,71.66666666666667,73.6,76.0,77.75,78.52,79.51,10.519999999999996,1.9765310715942337,645200,False,False
RGAS.JK,92.0,97.0,100.0,104.0,111.55,175.98,160.0310388946533,83.97999999999999,3.5557594150395526,16473800,False,False
RELI.JK,520.0,540.0,560.0,559.5,556.0,520.84,506.53,8.0,4.697996218910015,900,False,False
RELF.JK,39.0,40.333333333333336,40.4,40.6,38.95,36.86,36.17,3.740000000000002,5.43803220669837,8142300,False,False
REAL.JK,43.0,47.666666666666664,48.6,49.3,49.65,50.58,50.69780857086182,7.579999999999998,4.427188724235732,2360600,False,False
RDTX.JK,13475.0,13475.0,13475.0,13290.0,13400.0,13536.5,14076.65302734375,9.86,0.9884179386219919,0,False,False
RCCC.JK,107.0,107.66666666666667,108.8,111.2,113.6,106.12,100.29,7.47999999999999,1.4055142061368675,116600,False,False
RBMS.JK,43.0,49.666666666666664,52.4,57.0,59.65,62.68,62.51,19.68,5.290165779619489,20686300,False,False
RATU.JK,4010.0,4030.0,4068.0,4181.0,4352.0,4601.1,4781.037241210937,59.110000000000035,1.79738669908425,1287800,False,False
RANC.JK,545.0,551.6666666666666,553.0,550.5,549.0,531.0,529.62,4.4,1.5830811834476437,1500,True,False
RALS.JK,382.0,382.6666666666667,383.2,385.0,386.6,383.28,383.0377783203125,2.3000000000000114,0.3634728147830268,1791000,True,False
RAJA.JK,665.0,673.3333333333334,687.0,719.0,767.25,826.8,792.1467016601563,32.35999999999999,2.1280134877870416,25980400,False,False
RAAM.JK,166.0,170.0,170.0,173.0,178.4,190.0,196.97,24.0,2.393341717411878,1143000,False,False
PZZA.JK,179.0,180.0,181.4,184.0,188.55,185.82,186.21028533935547,9.550000000000011,1.0230122686832284,121300,False,False
PYFA.JK,214.0,215.33333333333334,221.2,235.4,249.3,230.28,230.68,17.650000000000006,3.9481741889784474,6492300,False,False
PWON.JK,262.0,265.3333333333333,268.4,268.4,271.8,267.44,265.1018533325195,4.900000000000006,1.8751988405828726,13477200,True,False
PURI.JK,143.0,147.66666666666666,153.0,156.7,156.3,146.84,142.78,13.699999999999989,2.7156098696123245,1231500,False,False
PURA.JK,38.0,34.666666666666664,33.4,32.7,32.5,32.12,32.37,5.880000000000003,6.736827747163381,123839500,False,False
PUDP.JK,262.0,265.3333333333333,266.8,269.4,271.8,286.2,295.25413024902343,12.099999999999994,0.6321617822466566,45000,False,False
PTSP.JK,1190.0,1188.3333333333333,1197.0,1213.5,1262.5,1053.4,970.1,41.81999999999998,1.7605396336911643,31300,False,False
PTSN.JK,402.0,400.0,403.2,414.2,368.8,313.4,281.78320877075197,50.400000000000006,8.35006581389517,3301900,False,False
PTRO.JK,5350.0,5341.666666666667,5360.0,5310.0,5347.5,5091.9,4628.6,10.724000000000014,2.0790193390348986,11507000,False,False
PTPW.JK,1135.0,1136.6666666666667,1139.0,1151.0,1166.0,1164.4,1104.2113189697266,6.2,0.5153535784744067,24300,False,False
PTPS.JK,153.0,155.0,155.4,157.2,161.25,154.08,142.8,8.25,2.7298331409662278,881400,False,False
PTPP.JK,181.0,187.66666666666666,190.6,193.7,200.1,203.0,203.18,22.0,1.5796200708528174,6031600,False,False
PTMP.JK,45.0,52.666666666666664,56.4,59.8,62.25,63.4,62.07,18.4,6.0016786391447505,24895500,False,False
PTIS.JK,266.0,260.6666666666667,258.0,259.2,257.8,262.28,275.74,4.099999999999994,2.1751817663716864,42700,True,False
PTBA.JK,3180.0,3106.6666666666665,3076.0,3071.0,3013.0,2642.6,2578.0682861328123,53.74000000000001,2.226509755508134,40188700,False,False
PSSI.JK,356.0,352.6666666666667,351.2,354.2,351.8,336.68,317.4118585205078,9.659999999999997,1.3933921912751823,360900,False,False
PSKT.JK,242.0,246.66666666666666,239.6,236.2,240.4,229.34,216.09,8.663333333333327,3.8747596831363333,8906500,False,False
PSGO.JK,194.0,193.66666666666666,193.2,193.8,194.55,195.4,194.03015655517578,2.200000000000017,0.7656712920937947,125300,True,False
PSDN.JK,116.0,128.33333333333334,134.0,135.3,137.4,132.68,128.2,21.400000000000006,5.913497266124388,3583200,False,False
PSAT.JK,835.0,845.0,845.0,852.0,872.25,875.2,848.0,8.04000000000001,1.104927008753652,41700,False,False
PSAB.JK,520.0,530.0,534.0,543.0,543.3947387695313,504.1073760986328,444.60141510009765,7.857472534179692,2.532611016723277,38964800,False,False
PRIM.JK,121.0,121.33333333333333,121.6,121.2,120.15,113.44,99.9,8.159999999999997,1.0204847212354893,5139500,False,False
PRDA.JK,2790.0,2823.3333333333335,2826.0,2825.0,2798.5,2571.0,2541.6,25.5,1.2012406698786358,139500,False,False
PRAY.JK,765.0,763.3333333333334,767.0,755.5,751.75,747.5,720.4,3.9,4.0096207643495845,8500,False,False
PPRO.JK,20.0,17.0,16.4,15.9,15.75,16.36,16.44,4.25,11.359718741084357,421929100,False,False
PPRI.JK,143.0,149.66666666666666,154.8,161.9,164.45,153.88,151.23,21.44999999999999,3.4296368798948205,656000,False,False
PPRE.JK,88.0,94.0,98.0,101.3,104.0,105.04,104.22,17.040000000000006,4.279978627137672,19178000,False,False
PPGL.JK,468.0,468.0,468.0,468.0,452.2,313.0,255.22,77.5,0.0,0,False,False
POWR.JK,935.0,945.0,956.0,975.0,963.0,854.9,778.9085235595703,24.020000000000003,2.568314847355087,2058100,False,False
PORT.JK,910.0,931.6666666666666,940.0,949.0,932.75,905.3,893.85,8.740000000000009,0.9843274743522565,21100,False,False
POLY.JK,32.0,32.0,32.0,32.0,32.0,32.0,32.0,0.0,0.0,0,True,False
POLU.JK,16075.0,16433.333333333332,16635.0,16810.0,17443.75,14690.0,13557.5,110.15,7.05396270727221,17400,False,False
POLI.JK,895.0,923.3333333333334,936.0,923.5,939.0,827.7,835.75,22.25999999999999,4.356616285596802,51400,False,False
PNSE.JK,468.0,476.6666666666667,479.6,485.8,491.7,493.02,517.71,12.509999999999991,1.185871294448218,100,False,False
PNLF.JK,199.0,201.66666666666666,203.4,209.7,217.85,224.86,226.68,25.860000000000014,1.7284530140070338,20309100,False,False
PNIN.JK,700.0,693.3333333333334,698.0,705.5,715.5,717.7,730.4,4.873333333333335,1.3028845558832525,126700,True,False
PNGO.JK,3450.0,3476.6666666666665,3480.0,3509.0,3518.0,3526.4,3494.3,7.6400000000000095,3.5793190737704843,200,False,False
PNBS.JK,43.0,47.666666666666664,48.6,49.3,49.65,49.96,50.06,6.960000000000001,4.427188724235732,44503400,False,False
PNBN.JK,835.0,845.0,852.0,864.0,886.75,894.8,895.8203857421875,11.95999999999999,1.452428780826043,1681100,False,False
PMUI.JK,98.0,105.0,104.6,104.0,104.15,97.94,89.70406951904297,7.060000000000002,4.856658215972351,3940700,False,False
PMJS.JK,131.0,135.66666666666666,137.6,141.0,144.15,128.76,118.65447082519532,15.390000000000015,1.9191113630149976,171900,False,False
PLAN.JK,61.0,65.33333333333333,66.0,64.8,64.55,49.22,44.48,16.78,5.305878248570211,4081900,False,False
PKPK.JK,5900.0,5658.333333333333,5359.0,4843.5,4530.75,4082.7,3503.95,72.69200000000001,4.667137094259891,2786000,False,False
PJHB.JK,156.0,162.33333333333334,165.8,171.3,178.25,175.58,177.56,22.25,1.593346704816279,1295400,False,False
PJAA.JK,456.0,458.6666666666667,459.6,464.4,465.7,460.6,461.26,4.849999999999994,1.2923539647991786,104400,True,False
PIPA.JK,146.0,149.0,155.4,167.1,186.2,156.7,137.91,40.19999999999999,5.778901365847724,58625200,False,False
PICO.JK,158.0,164.33333333333334,166.6,172.5,179.45,157.68,146.3,21.769999999999982,3.0407556106502454,487600,False,False
PGUN.JK,9325.0,9558.333333333334,9395.0,9472.5,9578.75,8735.0,8141.759184570313,33.75,4.195795822924599,20000,False,False
PGLI.JK,204.0,214.66666666666666,216.0,210.5,210.75,206.32,199.93,6.0,4.259174306857105,216700,False,False
PGJO.JK,815.0,808.3333333333334,827.0,851.0,885.5,819.7,789.8,15.433333333333326,3.4488620117582554,355200,False,False
PGEO.JK,1015.0,1035.0,1052.0,1052.5,1041.75,1039.9,980.75,7.5,2.1637152377960724,7128800,False,False
PGAS.JK,1430.0,1433.3333333333333,1439.0,1471.5,1502.75,1509.0,1540.1028125,15.8,1.2325915796883913,5751600,False,False
PEVE.JK,310.0,310.0,309.6,308.4,312.1,319.52,322.78,5.560000000000002,0.5307811921848985,636800,True,False
PEHA.JK,292.0,290.6666666666667,290.4,290.8,299.1,281.04,273.03769439697265,9.030000000000001,1.4059297798873291,130000,False,False
PEGE.JK,139.0,139.66666666666666,137.4,135.2,131.15,113.3,114.36457321166992,26.36666666666666,2.012596333968333,15145500,False,False
PDPP.JK,314.0,316.0,322.4,330.6,329.5,311.6,291.90765701293947,9.5,2.218231723856315,183800,False,False
PDES.JK,370.0,374.6666666666667,377.6,379.2,382.2,390.48,433.5207824707031,10.240000000000009,2.0229186207898593,7400,False,False
PCAR.JK,64.0,57.0,52.6,48.2,45.5,42.92,40.4,21.08,5.160481729582127,172517400,False,False
PBSA.JK,795.0,805.0,794.0,765.5,779.75,787.6,759.587431640625,7.9,3.987402448696381,613700,False,False
PBRX.JK,30.0,26.333333333333332,25.8,25.9,26.5,26.5,27.48,4.199999999999999,9.145388608876255,178269300,False,False
PBID.JK,525.0,526.6666666666666,525.0,525.0,526.25,524.36,503.0120751953125,0.46133333333332305,0.6349609520696288,293100,True,False
PART.JK,112.0,114.33333333333333,112.2,109.8,108.55,105.6,102.47989700317383,8.733333333333334,4.993613169569004,14020000,False,False
PANS.JK,1660.0,1660.0,1648.0,1649.0,1639.0,1591.0,1547.9432836914064,13.8,0.7643461345923727,64100,False,False
PANR.JK,402.0,407.3333333333333,408.4,409.8,418.8,419.32,434.61882354736326,8.659999999999997,1.1598898857157929,50000,False,False
PANI.JK,4780.0,4860.0,4927.0,5146.0,5498.0,5882.2,6398.61662109375,110.21999999999998,1.6741705183258973,3185900,False,False
PAMG.JK,45.0,49.0,50.6,52.5,54.25,55.68,54.65,10.68,3.700079904817371,33876100,False,False
PALM.JK,290.0,288.0,289.2,290.4,292.7,294.84,306.7007232666016,3.4199999999999875,0.9081138480691638,256900,True,False
PADI.JK,43.0,50.333333333333336,53.6,59.8,66.0,69.7,76.21510948181152,26.700000000000003,5.548071132603094,99357200,False,False
PADA.JK,166.0,167.66666666666666,173.8,184.1,200.0,183.88,154.16,34.0,5.743502436599834,21427000,False,False
PACK.JK,585.0,611.6666666666666,591.0,576.5,568.25,405.82,332.75,41.16933333333333,7.768926827939289,293225100,False,False
OPMS.JK,90.0,95.0,99.0,107.4,113.95,116.0,110.13,26.0,3.757287159036251,3402000,False,False
OMRE.JK,905.0,940.0,957.0,949.5,964.0,996.7,987.15,18.34000000000001,2.835823391162651,5500,False,False
OMED.JK,208.0,207.33333333333334,207.2,210.4,221.2,221.84,217.96469848632813,7.320000000000007,1.0912396657533714,2981100,False,False
OLIV.JK,49.0,51.333333333333336,52.2,55.0,56.1,51.8,51.96,7.100000000000001,3.932141513631719,9180800,False,False
OKAS.JK,103.0,108.33333333333333,110.4,113.1,116.65,113.74,108.5,13.650000000000006,1.9188794521741228,1575100,False,False
OILS.JK,290.0,298.6666666666667,300.4,305.8,299.3,256.24,228.58,24.78,2.4815718707726644,1628500,False,False
OBMD.JK,192.0,194.0,195.0,198.2,194.25,194.28,189.11,6.199999999999989,3.179523360775549,680700,False,False
OBAT.JK,218.0,228.66666666666666,233.2,237.2,239.1,242.4,248.47231567382812,12.200000000000003,2.4550471689355082,231500,False,False
OASA.JK,250.0,260.0,267.6,274.4,296.7,316.36,313.82,33.18000000000001,3.1397859950367666,7901600,False,False
NTBK.JK,65.0,70.66666666666667,73.8,77.1,81.05,85.58,80.04146537780761,20.58,4.95123998437648,18365800,False,False
NSSS.JK,685.0,725.0,737.0,761.5,803.75,862.6,725.2150012207031,35.52,4.69167288650407,2092500,False,False
NRCA.JK,535.0,538.3333333333334,546.0,556.5,562.5,542.26,495.8795761108398,5.5,5.141606486699035,3020000,False,False
NPGF.JK,49.0,51.666666666666664,52.8,54.0,55.9,57.56234489440918,60.15803409576416,8.56234489440918,2.8852706864710522,26157600,False,False
NOBU.JK,530.0,531.6666666666666,542.0,534.0,532.5,501.52,478.46,8.096000000000004,3.226749572750096,2132800,False,False
NISP.JK,1250.0,1253.3333333333333,1257.0,1263.0,1260.25,1259.3,1253.3,2.6,0.6433048060557127,3410900,True,False
NIRO.JK,167.0,166.33333333333334,164.4,171.7,172.75,162.84,160.35,9.909999999999997,3.503247471665246,140800,False,False
NINE.JK,84.0,82.0,81.4,83.4,89.35,83.72,87.31,7.949999999999989,6.151538223112165,19472900,False,False
NIKL.JK,190.0,198.33333333333334,203.4,211.3,217.15,203.6,219.17,27.150000000000006,2.8481727597153594,2044600,False,False
NICL.JK,412.0,420.6666666666667,426.8,440.2,465.8,477.68,529.167387084961,32.84,2.0476296029785446,12263800,False,False
NICK.JK,2820.0,2820.0,2820.0,2741.0,2518.0,1812.2,1437.55,100.78,2.1805980658455035,0,False,False
NICE.JK,338.0,344.0,349.6,355.8,359.4,306.36,288.84,26.519999999999982,1.871089840001635,461100,False,False
NFCX.JK,1720.0,1711.6666666666667,1716.0,1708.0,1713.75,1638.2,1654.85,16.359999999999992,1.2634327659901787,1900,False,False
NETV.JK,43.0,47.666666666666664,48.6,49.3,49.65,50.48,55.84,7.479999999999997,4.427188724235732,2226600,False,False
NEST.JK,765.0,763.3333333333334,762.0,751.0,745.0,704.4,628.43,12.120000000000005,2.365791449446269,2245100,False,False
NELY.JK,194.0,195.33333333333334,197.0,201.9,207.05,204.6,212.78926635742187,13.050000000000011,1.0977346408505402,375200,False,False
NCKL.JK,900.0,906.6666666666666,917.0,921.0,937.5,922.7,878.3488568115234,7.5,2.184337470333043,14578500,False,False
NAYZ.JK,67.0,68.33333333333333,70.0,72.9,73.5,66.1,62.24,7.400000000000006,2.871255122890001,29320700,False,False
NATO.JK,1015.0,1103.3333333333333,1160.0,1108.5,1090.0,833.2,716.25,65.35999999999999,6.759298436745547,150900,False,False
NASI.JK,177.0,203.33333333333334,235.2,219.8,189.1,155.08,136.9,80.11999999999998,16.430912676783706,19924900,False,False
NASA.JK,39.0,36.666666666666664,35.8,35.9,33.9,31.6,32.78,7.399999999999999,7.180639513707648,18967300,False,False
NANO.JK,30.0,30.666666666666668,31.6,32.7,33.75,32.42,29.2,3.75,3.4902051567714505,60550500,True,True
NAIK.JK,81.0,86.0,87.4,89.8,92.15,90.34,88.88,11.150000000000006,2.6238285711943825,6265900,False,False
MYTX.JK,41.0,41.0,41.0,41.0,41.0,41.0,43.4,0.0,0.0,0,True,False
MYOR.JK,1425.0,1436.6666666666667,1459.0,1481.0,1510.25,1612.6,1681.2582385253907,37.51999999999998,1.3938140203488982,4403700,False,False
MYOH.JK,1015.0,1025.0,1032.0,1037.5,1087.75,1077.7,1079.2721435546875,14.55,2.0351542920116064,114300,False,False
MUTU.JK,118.0,122.33333333333333,125.2,129.7,126.95,119.3,113.43211952209472,11.699999999999989,5.388423484216304,8521400,False,False
MTWI.JK,252.0,262.0,266.0,269.0,267.3,259.6,267.1240141296387,8.5,2.9230667521279083,9200,False,False
MTMH.JK,965.0,953.3333333333334,951.0,949.5,954.0,944.9,958.0668542480469,4.020000000000005,2.465225784019507,300,True,False
MTLA.JK,630.0,575.0,552.0,537.0,534.5,524.4,513.7363174438476,21.120000000000005,4.43844242692534,590300,False,False
MTFN.JK,13.0,13.0,13.0,13.0,13.0,13.0,14.06,0.0,0.0,0,True,False
MTEL.JK,454.0,467.3333333333333,476.4,482.8,485.1,462.8,469.68417785644533,15.550000000000011,2.327918147448615,6777500,False,False
MTDL.JK,500.0,498.6666666666667,499.2,501.2,508.6,509.44,510.0835000610352,5.386666666666656,0.7247197204780544,445600,True,False
MSTI.JK,1345.0,1348.3333333333333,1356.0,1354.0,1356.75,1340.8,1294.5943286132813,3.1900000000000093,1.269986763445682,437400,True,False
MSKY.JK,46.0,53.666666666666664,58.4,63.6,66.2,64.76,64.76,20.200000000000003,5.599478385517653,5962100,False,False
MSJA.JK,865.0,865.0,865.0,845.5,730.7,543.44,480.7971697998047,64.31199999999998,2.9761375145953175,5779700,False,False
MSIN.JK,185.0,197.0,216.6,255.1,282.95,341.3,441.23,156.3,4.965141866629059,34639100,False,False
MSIE.JK,129.0,143.33333333333334,156.4,166.7,151.4,116.54,115.44,50.15999999999998,6.825466832115155,1972800,False,False
MREI.JK,920.0,920.0,920.0,920.0,920.0,920.0,940.85,0.0,0.0,0,True,False
MRAT.JK,350.0,358.6666666666667,360.0,368.0,384.0,413.12,427.0,31.560000000000002,3.210175160993817,114500,False,False
MPXL.JK,222.0,213.0,204.6,185.6,177.3,165.74,160.47,28.129999999999995,11.808218411095973,6658900,False,False
MPRO.JK,11700.0,11941.666666666666,12005.0,11935.0,12045.0,12098.0,10448.5,15.92,2.06082134512019,200,False,False
MPPA.JK,35.0,36.666666666666664,37.6,38.8,41.15,44.98,45.91,9.979999999999997,4.082507227574707,9342700,False,False
MPOW.JK,99.0,103.0,106.2,110.2,112.5,108.6,107.44,13.5,3.052106247742041,2992300,False,False
MPMX.JK,1020.0,1018.3333333333334,1019.0,1022.5,1028.75,1012.6,968.0635528564453,3.2299999999999955,0.7446060637014504,797800,True,False
MPIX.JK,194.0,194.0,191.8,190.9,156.05,120.92,104.94,73.08,8.258933378852632,13288600,False,False
MORA.JK,4550.0,4780.0,4828.0,4921.5,5134.5,5492.3,6104.15,94.23000000000002,3.081621405154906,186100,False,False
MOLI.JK,366.0,375.3333333333333,377.2,363.2,339.3,297.08,267.11534210205076,40.06,4.979606174406443,3428300,False,False
MNCN.JK,127.0,134.66666666666666,146.8,170.0,186.3,197.0,202.76,70.0,4.689881507971739,79204800,False,False
MMLP.JK,300.0,302.6666666666667,306.4,311.6,307.6,300.8,304.08,5.800000000000011,3.9108121015602224,299800,False,False
MMIX.JK,890.0,888.3333333333334,884.0,872.0,843.25,783.1,679.89,21.379999999999995,0.674657843090299,2939100,False,False
MLPT.JK,1005.0,1013.3333333333334,1052.0,1110.0,1164.25,1360.34,1054.5879998779296,71.06799999999998,3.46066247437777,849400,False,False
MLPL.JK,73.0,76.33333333333333,79.4,83.3,87.4,92.04,88.09,19.040000000000006,2.7106272341300066,15384900,False,False
MLIA.JK,208.0,209.33333333333334,211.2,213.2,218.9,226.52,235.78,9.260000000000005,1.0042652949623783,170200,False,False
MLBI.JK,6850.0,6841.666666666667,6840.0,6842.5,6846.25,6790.5,6359.8951171875,2.38,0.6316184517364102,11400,True,False
MKTR.JK,122.0,122.66666666666667,122.4,123.7,123.25,122.42,122.63661514282227,1.7000000000000028,1.2159255375636513,126700,True,False
MKPI.JK,21525.0,21508.333333333332,21500.0,21600.0,21745.0,21796.0,21349.56859375,11.84,0.23997636647350187,36100,False,False
MKAP.JK,1120.0,1116.6666666666667,1114.0,1119.5,1120.0,1144.1,1126.1801147460938,6.019999999999982,1.0964925026685413,1688200,False,False
MITI.JK,260.0,266.6666666666667,270.4,275.8,256.6,219.26,201.52,28.27000000000001,5.822313571049177,2427600,False,False
MIRA.JK,29.0,25.666666666666668,25.0,24.2,24.55,24.86,22.17,4.800000000000001,7.12852785335871,121425200,False,False
MINE.JK,268.0,277.3333333333333,284.4,294.0,284.3,251.44,246.36,21.28,3.166423723105391,619200,False,False
MINA.JK,210.0,217.33333333333334,226.0,238.4,257.0,267.84,282.72,28.919999999999987,3.2308988469339086,31795200,False,False
MIKA.JK,1700.0,1716.6666666666667,1726.0,1744.5,1817.0,1804.1,1731.0367517089844,23.4,1.0713001329274852,203600,False,False
MIDI.JK,260.0,261.3333333333333,261.6,265.0,269.1,275.8,282.4728100585937,7.900000000000006,1.1764230427894147,2509700,False,False
MICE.JK,505.0,499.6666666666667,509.8,527.4,541.2,529.78,510.76406127929687,8.306666666666672,4.358757362310621,1574900,False,False
MHKI.JK,117.0,121.66666666666667,123.8,127.0,134.3,136.14,134.12238777160644,19.139999999999986,2.0657114273715407,1178800,False,False
MGRO.JK,705.0,701.6666666666666,699.0,691.5,688.75,680.1,674.3,4.979999999999995,0.9096332870229944,2557900,True,True
MGNA.JK,171.0,192.0,197.6,195.6,152.6,121.96,111.23,75.64,13.395745600244336,6002500,False,False
MGLV.JK,14575.0,15050.0,15350.0,14950.0,14166.25,11326.0,9655.5,160.96,3.237315179989919,505400,False,False
MERK.JK,3830.0,3836.6666666666665,3834.0,3873.0,3879.5,3916.8,3808.7142431640623,8.680000000000017,0.7348488961118406,56600,False,False
MERI.JK,103.0,109.0,112.4,115.6,118.6,114.88,114.72,15.599999999999994,3.2252519406949363,1680400,False,False
MEJA.JK,157.0,143.33333333333334,131.6,122.8,118.35,110.42,100.0,46.58,5.754479610443243,41512300,False,False
MEGA.JK,1900.0,1928.3333333333333,1940.0,1949.0,1961.75,1974.8,1971.2,14.95999999999999,0.8243520812108711,15000,False,False
MEDS.JK,73.0,75.33333333333333,78.8,80.4,82.35,77.52,80.77,9.349999999999994,5.396917048780454,26862200,False,False
MEDC.JK,1480.0,1473.3333333333333,1470.0,1494.0,1506.0,1400.9,1320.8126977539061,21.019999999999982,2.0385820049316656,23898100,False,False
MDRN.JK,26.0,26.0,26.0,26.0,26.0,26.0,28.74,0.0,0.0,0,True,False
MDLN.JK,43.0,47.666666666666664,48.6,49.3,49.65,49.92,50.25,6.920000000000002,4.427188724235732,1088400,False,False
MDLA.JK,204.0,206.0,206.4,206.2,207.3,208.32,205.78355331420897,2.1599999999999966,0.8493003255597577,469500,True,False
MDKI.JK,191.0,192.0,192.4,192.5,194.35,189.22,183.91966384887695,5.1299999999999955,0.8819872479044014,103600,True,False
MDKA.JK,2980.0,3036.6666666666665,3004.0,2932.0,2951.5,2880.4,2771.637937011719,15.626666666666642,3.30282929989057,14561100,False,False
MDIY.JK,940.0,950.0,952.0,949.5,950.25,944.9,895.5787194824219,2.4,1.3524634781042895,201800,True,False
MDIA.JK,162.0,167.33333333333334,173.8,185.3,209.85,210.64,147.03,48.639999999999986,5.565513285062916,70569800,False,False
MCOR.JK,66.0,66.33333333333333,66.6,67.7,68.65,68.66,67.9,2.6599999999999966,0.9833735378172564,3502300,True,False
MCOL.JK,3570.0,3606.6666666666665,3614.0,3625.0,3676.5,3709.4,3715.7259375,13.940000000000008,1.7718438236869263,13600,False,False
MCAS.JK,224.0,244.66666666666666,254.8,260.8,272.1,265.58,243.59,24.05000000000001,4.179095161886793,976500,False,False
MBTO.JK,176.0,178.33333333333334,168.6,161.0,149.4,135.16,122.67,43.173333333333346,12.468657054275681,266291000,False,False
MBSS.JK,2890.0,2896.6666666666665,2900.0,2896.0,2878.5,2823.0,2627.35,7.7,0.36336143890508593,175600,False,False
MBMA.JK,505.0,503.3333333333333,508.0,512.6,520.55,526.64,517.5,4.661333333333334,3.384128273427509,28761900,True,False
MBAP.JK,1695.0,1703.3333333333333,1719.0,1705.0,1718.0,1557.0,1501.95,32.4,2.0007448019386307,47100,False,False
MAYA.JK,202.0,204.66666666666666,206.8,202.4,200.35,199.92,193.91,3.440000000000012,3.318394251034526,1655200,True,True
MAXI.JK,43.0,47.666666666666664,48.6,49.3,49.65,49.86,49.93,6.859999999999999,4.427188724235732,642100,False,False
MASB.JK,3290.0,3290.0,3282.0,3277.0,3335.0,3366.6,3351.1,8.95999999999999,1.9716791327148626,13000,False,False
MARK.JK,1195.0,1185.0,1167.0,1172.5,1128.75,1077.5846826171876,973.486005859375,23.483063476562485,3.417146600160585,9744400,False,False
MARI.JK,23.0,23.0,23.0,23.0,23.0,23.0,24.08,0.0,0.0,0,True,False
MAPI.JK,1475.0,1498.3333333333333,1500.0,1471.5,1431.75,1497.3,1493.5733740234375,13.65,2.4500523330943835,1816200,False,False
MAPB.JK,1215.0,1111.6666666666667,1118.0,1178.0,1196.25,1162.1,1192.55,20.66666666666665,6.550610842674653,17000,False,False
MAPA.JK,650.0,648.3333333333334,664.0,666.5,678.25,661.9,631.0802429199218,5.983333333333325,2.553706185082959,5136400,True,True
MANG.JK,36.0,36.666666666666664,37.2,37.8,39.2,39.2,41.84,3.200000000000003,2.068309833429133,9180000,True,False
MAIN.JK,630.0,641.6666666666666,650.0,657.5,671.75,678.5,695.8343481445313,9.7,1.1211894920440713,1100900,False,False
MAHA.JK,139.0,140.0,142.6,144.1,145.55,144.98,139.91250091552735,6.550000000000011,2.072998552839208,6608600,False,False
LUCK.JK,108.0,109.66666666666667,112.4,114.8,115.75,113.5,108.81,7.75,3.5882148521470882,3967600,False,False
LTLS.JK,955.0,968.3333333333334,977.0,989.5,975.75,882.7,824.7588079833985,21.359999999999992,2.213576970628047,25700,False,False
LSIP.JK,1500.0,1526.6666666666667,1547.0,1619.5,1641.0,1509.6,1380.2153820800781,28.2,1.7368887802643056,8444500,False,False
LRNA.JK,214.0,217.33333333333334,218.8,218.8,211.25,196.1,190.55,11.350000000000009,2.3568474390457523,135000,False,False
LPPS.JK,57.0,67.33333333333333,71.8,76.5,79.45,80.56,76.12,23.560000000000002,6.128701379035163,3502500,False,False
LPPF.JK,1585.0,1583.3333333333333,1578.0,1584.5,1606.5,1594.6,1575.55,5.7,2.288304297636995,555200,True,False
LPLI.JK,222.0,226.66666666666666,229.2,230.0,234.8,242.36,245.1,10.180000000000007,1.953377618350675,78100,False,False
LPKR.JK,43.0,47.666666666666664,49.4,52.8,57.35,60.46,63.52,17.46,4.60942537558142,401641400,False,False
LPIN.JK,424.0,428.0,429.2,431.0,430.9,424.84,414.61,3.5,0.5813897022641398,164400,True,False
LPGI.JK,645.0,645.0,645.0,644.5,642.75,640.2,661.1311596679687,0.9599999999999909,0.36685954319465114,1500,True,False
LPCK.JK,520.0,525.0,541.0,568.5,582.75,577.7,550.94,12.55,2.9004164019643586,322800,False,False
LOPI.JK,63.0,61.666666666666664,62.2,62.8,64.75,68.16,72.7,6.493333333333332,4.50573390479513,15682300,False,False
LMPI.JK,163.0,163.0,163.2,163.0,162.6,153.68,148.49,9.519999999999982,1.9997376151904687,414200,False,False
LMAX.JK,105.0,105.0,105.6,106.6,108.05,111.3,108.61,6.299999999999997,2.6532827600145734,428700,False,False
LIVE.JK,155.0,159.66666666666666,162.6,172.0,181.3,194.54,205.83,39.53999999999999,1.8027864537248413,2261000,False,False
LION.JK,344.0,360.0,363.2,366.8,373.0,359.64,353.98,14.5,2.591813898801331,12800,False,False
LINK.JK,1540.0,1558.3333333333333,1591.0,1631.0,1631.25,1518.1,1463.25,22.630000000000017,2.8180254466098016,3600,False,False
LIFE.JK,8625.0,10000.0,10885.0,11680.0,12085.0,8502.5,7355.612431640625,143.3,6.8779819659257555,53400,False,False
LFLO.JK,555.0,560.0,570.0,572.5,546.5,517.78,527.7455435180664,10.944000000000006,4.276217545599343,1200,False,False
LEAD.JK,97.0,100.33333333333333,101.8,103.3,107.7,107.22,104.37,10.700000000000003,2.4888101746622975,6121500,False,False
LCKM.JK,109.0,109.0,109.0,109.0,109.0,109.26,112.13,0.2600000000000051,0.0,0,True,False
LAPD.JK,74.0,77.33333333333333,78.6,80.5,76.85,70.38,68.99,10.120000000000005,6.9933588804800895,22210200,False,False
LAND.JK,56.0,65.66666666666667,65.6,68.2,71.1,74.32,69.48,18.319999999999993,8.383093162234283,23313300,False,False
LAJU.JK,55.0,62.0,64.4,66.9,69.4,68.02,67.20198268890381,14.400000000000006,4.6796607988182295,23940000,False,False
LABS.JK,147.0,158.0,164.0,167.2,170.45,163.0,156.3,23.44999999999999,4.97437335294977,953400,False,False
LABA.JK,102.0,108.66666666666667,110.4,118.1,122.4,107.42,101.49,20.400000000000006,4.471947240119835,4852700,False,False
KUAS.JK,87.0,92.0,94.6,97.1,100.0,95.52,94.94067047119141,13.0,4.309495666663839,6952000,False,False
KSIX.JK,384.0,394.6666666666667,400.4,405.6,408.7,377.36,354.46,15.669999999999987,1.5393041457311991,37300,False,False
KRYA.JK,46.0,53.666666666666664,57.2,61.9,64.8,63.3,62.31,18.799999999999997,5.910011101835198,12579500,False,False
KREN.JK,18.0,16.333333333333332,15.8,15.5,15.0,13.96,13.61,4.039999999999999,7.627516787636656,474756000,False,False
KRAS.JK,220.0,222.66666666666666,224.0,226.8,236.7,231.4,224.76,8.349999999999994,2.552154324474935,2374600,False,False
KPIG.JK,43.0,47.666666666666664,52.4,61.3,66.15,71.88,79.72,28.879999999999995,4.919524277095301,39166700,False,False
KOTA.JK,174.0,174.33333333333334,178.6,185.1,198.3,170.22,137.82,28.080000000000013,4.411556427850341,62239300,False,False
KOPI.JK,199.0,197.66666666666666,198.4,201.8,204.25,204.76,201.08,7.093333333333334,1.744403962805885,168900,False,False
KONI.JK,1965.0,2035.0,2049.0,2058.5,2106.75,2264.3,2480.95,59.860000000000035,2.25135366573099,9200,False,False
KOKA.JK,151.0,163.33333333333334,168.6,178.2,182.85,190.6,156.57,39.599999999999994,5.030169631052443,7594200,False,False
KOIN.JK,78.0,78.0,78.0,78.0,78.0,78.0,77.49,0.0,0.0,0,True,False
KOCI.JK,102.0,105.33333333333333,108.8,114.4,115.85,109.3,103.63499946594239,13.849999999999994,3.5602803005785866,5314000,False,False
KOBX.JK,170.0,172.0,174.2,175.7,176.55,169.42,162.18,7.130000000000024,2.1010706560826575,523500,False,False
KMTR.JK,240.0,246.66666666666666,248.8,250.4,252.6,241.32,236.38,6.299999999999997,2.0211399341929317,14300,False,False
KMDS.JK,515.0,518.3333333333334,521.0,523.0,522.25,529.2,529.7924545288085,2.840000000000009,0.7477454131288088,37600,True,False
KLIN.JK,115.0,118.0,120.0,120.6,119.1,117.78,114.28,5.599999999999994,2.678459746281642,63500,True,False
KLBF.JK,725.0,731.6666666666666,740.0,751.5,757.5,764.4,762.0527392578125,7.8799999999999955,2.183626567865394,17783800,False,False
KLAS.JK,71.0,75.66666666666667,77.2,80.2,83.1,79.64,75.24,12.099999999999994,2.907972655252542,5930600,False,False
KKGI.JK,290.0,298.0,302.4242431640625,300.38788146972655,292.3242416381836,273.4703057861328,262.2041371154785,14.476968688964831,2.6800590180960504,6159800,False,False
KKES.JK,61.0,71.66666666666667,77.0,83.3,87.65,76.1,60.99,26.650000000000006,7.5797690904172255,42447700,False,False
KJEN.JK,162.0,159.33333333333334,158.4,161.5,161.65,154.08,143.0,7.9199999999999875,2.5054017290888164,8551100,False,False
KIOS.JK,73.0,82.33333333333333,87.0,93.0,97.15,96.44,92.4,24.150000000000006,5.256112012446458,12355500,False,False
KINO.JK,1345.0,1353.3333333333333,1368.0,1380.5,1375.75,1314.5,1209.073992919922,13.2,1.6245764321364684,57100,False,False
KING.JK,352.0,376.6666666666667,393.2,388.6,370.9,317.32,377.75,37.94,4.370317436959937,7866600,False,False
KIJA.JK,169.0,171.66666666666666,175.4,177.5,188.65,166.02,148.89,22.629999999999995,3.796224481840164,55915800,False,False
KICI.JK,294.0,295.3333333333333,296.0,296.2,282.8,233.96,212.68,31.11999999999999,9.626663150432679,1379600,False,False
KETR.JK,1025.0,976.6666666666666,961.0,955.5,922.5,735.3,644.34,57.94000000000001,4.727872006824917,47726500,False,False
KEJU.JK,585.0,593.3333333333334,594.0,595.0,605.5,584.9,575.45,4.1200000000000045,0.7954958095109756,57000,True,False
KEEN.JK,830.0,838.3333333333334,843.0,860.5,900.0,883.9,863.8489788818359,14.0,1.666164131865773,4501300,False,False
KDTN.JK,414.0,386.6666666666667,378.8,379.8,395.3,403.22,568.8,17.599999999999994,3.911115863112978,8762200,False,False
KDSI.JK,462.0,463.3333333333333,463.6,460.8,463.5,458.72,450.34,2.4399999999999977,1.6775013065347288,500,True,False
KBLV.JK,99.0,106.0,111.2,118.0,125.8,132.32,111.6,33.31999999999999,3.5467348627529476,8095800,False,False
KBLM.JK,324.0,338.6666666666667,348.4,363.4,349.0,320.64,307.56097930908203,21.379999999999995,3.8791637117938387,275600,False,False
KBLI.JK,342.0,350.0,355.2,364.6,350.2,335.44,320.3889807128906,14.580000000000013,4.22936810468062,217500,False,False
KBAG.JK,42.0,40.333333333333336,40.6,41.1,43.0,44.54,42.22,4.2066666666666634,4.860404519877588,33627200,False,False
KARW.JK,212.0,212.0,212.0,212.0,212.0,212.0,231.84,0.0,0.0,0,True,False
KAQI.JK,87.0,88.66666666666667,90.4,92.2,95.6,94.28,94.09,8.599999999999994,1.6900802200277878,14682800,False,False
KAEF.JK,412.0,420.6666666666667,425.6,434.0,444.75,446.34,463.64,17.169999999999987,1.0713609958784736,864800,False,False
JTPE.JK,595.0,593.3333333333334,594.0,595.0,601.25,607.2,601.2925,2.7733333333333348,1.2195659139318025,525500,True,False
JSPT.JK,1370.0,1385.0,1419.0,1443.5,1429.5,1414.5,1361.6339343261718,14.7,2.5027318524253888,9000,False,False
JSMR.JK,2690.0,2713.3333333333335,2742.0,2795.0,2888.0,2811.0,2797.8892456054687,19.8,1.3479325837595901,707300,False,False
JRPT.JK,1145.0,1148.3333333333333,1149.0,1140.5,1122.0,1096.2,1082.0797277832032,10.559999999999992,0.8935880174288326,3300,False,False
JPFA.JK,2090.0,2133.3333333333335,2178.0,2233.0,2268.5,2219.6,2196.422548828125,17.85,1.6779455311959648,6444900,False,False
JMAS.JK,228.0,228.0,228.0,228.0,228.0,228.0,238.1,0.0,0.0,0,True,False
JKON.JK,79.0,79.33333333333333,80.6,82.5,84.55,81.86,74.81865711212158,5.549999999999997,2.051557722293217,4665000,True,True
JIHD.JK,404.0,406.6666666666667,411.2,421.2,438.8,435.64,433.09,17.400000000000006,1.1133852700569322,524500,False,False
JGLE.JK,53.0,56.666666666666664,61.0,66.7,74.7,76.74,68.99,23.739999999999995,5.583900670147939,430942600,False,False
JECC.JK,715.0,743.3333333333334,760.0,818.5,760.5,684.0,655.6325732421875,26.9,6.797961153436689,25400,False,False
JAYA.JK,148.0,154.0,157.0,159.1,157.25,141.64,133.56,17.460000000000008,6.196043531551497,2774700,False,False
JAWA.JK,190.0,181.66666666666666,178.6,170.8,158.7,139.78,133.48,50.22,9.53942936184918,160862500,False,False
JATI.JK,112.0,113.66666666666667,115.2,115.8,113.7,104.64,100.31736763000488,11.159999999999997,2.325665004661418,15207600,False,False
JAST.JK,80.0,84.66666666666667,85.4,87.3,90.8,87.98,86.07,10.799999999999997,4.322495720302911,6490100,False,False
JARR.JK,3470.0,3563.3333333333335,3464.0,3612.0,3514.0,2743.5,2271.162900390625,86.85,7.090261668630983,6501700,False,False
ITMG.JK,25850.0,25466.666666666668,25380.0,25862.5,26057.5,25329.0,24127.75,29.14,1.5576924463202828,450600,False,False
ITMA.JK,1360.0,1368.3333333333333,1383.0,1421.5,1465.25,1416.7,1524.45,21.05,1.205220573811268,28700,False,False
ITIC.JK,202.0,202.0,202.8,207.0,216.3,218.96,216.07,8.480000000000004,1.5573615390281201,55300,False,False
ISSP.JK,396.0,400.0,400.0,409.6,428.5,426.28,408.33755462646485,16.25,1.375327623333774,438400,False,False
ISEA.JK,75.0,79.33333333333333,82.6,85.9,86.65,83.62,77.56,11.650000000000006,3.462011390599473,2026100,False,False
ISAT.JK,2290.0,2346.6666666666665,2374.0,2367.0,2377.5,2291.2,2123.7422802734377,8.75,2.0400005167490685,24895500,False,False
ISAP.JK,24.0,23.333333333333332,23.8,24.5,24.85,24.56,24.91,1.5166666666666693,4.464887635034441,51164100,False,False
IRSX.JK,360.0,390.6666666666667,408.8,412.2,412.2,371.76,348.10588317871094,26.099999999999994,6.1569228322265666,76057300,False,False
IRRA.JK,350.0,354.0,356.8,362.0,370.7,371.72,375.36,10.860000000000014,0.8228661935641528,124200,False,False
IPTV.JK,26.0,25.333333333333332,26.4,28.3,29.7,30.4,33.0,5.066666666666666,4.543474819195616,133858400,False,False
IPOL.JK,111.0,113.33333333333333,115.2,115.5,116.05,112.24,112.14,5.049999999999997,2.1430647425910707,434600,True,False
IPCM.JK,282.0,282.6666666666667,284.8,287.2,290.7,300.6,302.8505255126953,9.300000000000011,0.8200861981472823,322300,False,False
IPCC.JK,1085.0,1083.3333333333333,1085.0,1098.0,1120.0,1150.5,1149.560639038086,13.433333333333348,1.0673733569382502,262700,False,False
IPAC.JK,189.0,189.0,189.0,189.0,187.15,175.6,161.8,13.400000000000006,0.0,0,False,False
IOTF.JK,47.0,55.333333333333336,58.2,60.8,62.95,60.6,57.95,15.950000000000003,6.474308823575357,50182000,False,False
INTP.JK,5000.0,5075.0,5125.0,5182.5,5287.5,5196.2,4774.161435546875,28.75,1.7494392437871689,456700,False,False
INTD.JK,422.0,404.6666666666667,383.6,333.0,301.9,280.4,257.88,70.80000000000001,11.032206488441059,1114300,False,False
INTA.JK,61.0,61.0,61.0,61.0,61.0,61.0,63.86,0.0,0.0,0,True,False
INPS.JK,1065.0,1065.0,1065.0,1011.5,883.25,761.5,706.15,60.7,4.770633779988316,0,False,False
INPP.JK,700.0,706.6666666666666,708.0,718.0,733.75,722.9975463867188,734.4016223144531,6.75,1.4768728436146765,1700,False,False
INPC.JK,146.0,147.66666666666666,148.8,150.8,157.7,147.98,142.21,11.699999999999989,1.1203448935357463,2561800,False,False
INOV.JK,129.0,131.66666666666666,133.0,134.8,137.2,139.02,131.7,10.02000000000001,1.0737847658520134,778000,False,False
INKP.JK,8000.0,8125.0,8235.0,8437.5,8725.0,8507.5,8069.44193359375,29.0,1.7442547549956986,2131600,False,False
INET.JK,290.0,298.6666666666667,308.0,317.0,334.8,287.56,253.7,23.620000000000005,4.166049120216586,194734300,False,False
INDY.JK,2680.0,2716.6666666666665,2718.0,2725.0,2776.5,2664.2,2494.683947753906,11.230000000000018,4.138116664708848,3988800,False,False
INDX.JK,60.0,60.0,60.0,60.0,60.0,60.0,66.54,0.0,2.837818317547164e-07,0,True,False
INDS.JK,246.0,243.33333333333334,245.6,249.2,258.3,266.72,274.85640274047853,11.693333333333342,1.4898569211388966,312200,False,False
INDR.JK,2930.0,2960.0,2932.0,2933.0,2902.0,2524.9,2304.3,43.50999999999999,3.7786205054844304,10200,False,False
INDO.JK,168.0,171.0,174.6,179.3,182.45,178.9,169.94,14.449999999999989,1.11899012562731,10253800,False,False
INDF.JK,6775.0,6825.0,6865.0,7002.5,7155.0,7168.5,6808.050771484375,15.74,1.0942652035591796,1493500,False,False
INCO.JK,4560.0,4653.333333333333,4686.0,4720.0,4799.0,5010.4,4937.859614257813,45.039999999999964,2.6610854113409506,6659900,False,False
INCI.JK,780.0,790.0,796.0,803.0,797.0,719.0,686.8442596435547,16.8,1.7894647066595535,72200,False,False
INCF.JK,50.0,50.0,50.0,50.0,50.0,50.0,50.51,0.0,0.0,0,True,False
INAI.JK,140.0,157.33333333333334,166.0,172.2,174.35,174.76,163.33,34.75999999999999,5.017908358730486,1123400,False,False
IMPC.JK,1445.0,1446.6666666666667,1492.0,1578.0,1582.75,1519.2,1607.6,27.55,3.7827930221433026,7375000,False,False
IMJS.JK,172.0,176.0,179.4,183.5,184.3,169.8,159.95554809570314,14.5,1.8850992911700268,1055300,False,False
IMAS.JK,855.0,860.0,863.0,872.0,893.0,876.8,876.9861505126953,7.6,1.5747894252312848,7500,False,False
IKPM.JK,179.0,181.33333333333334,180.2,179.4,184.85,188.8,188.03,9.800000000000011,2.1972833596543007,102100,False,False
IKBI.JK,535.0,533.3333333333334,532.0,546.0,538.0,542.5907891845703,518.3221493530274,2.8,3.113334502186913,394100,True,False
IKAN.JK,79.0,83.33333333333333,86.2,87.7,89.1,87.54,83.72,10.099999999999994,3.9561941557567746,5493600,False,False
IKAI.JK,23.0,21.333333333333332,21.0,20.7,20.25,20.42,20.02,2.75,5.621154658308007,191281200,False,False
IGAR.JK,474.0,487.0,477.0,474.1,474.85,457.14,440.84459106445314,14.930000000000007,5.053982716116138,18800,False,False
IFSH.JK,1250.0,1086.6666666666667,1065.0,1034.5,1056.25,1100.5,1260.363975830078,43.1,9.34641808208002,150700,False,False
IFII.JK,212.0,215.33333333333334,216.0,212.8,208.8,208.28,213.52,3.8599999999999994,2.22951978306594,355500,True,False
IDPR.JK,246.0,253.33333333333334,257.2,265.0,269.3,275.24,285.4612738037109,14.620000000000005,1.5428530856816496,5300,False,False
IDEA.JK,148.0,148.0,140.4,121.7,93.15,75.18,69.13,72.82,4.635142971050535,0,False,False
ICON.JK,145.0,144.66666666666666,146.4,149.0,145.25,128.74,120.71,20.25999999999999,3.6310645935050823,6882300,False,False
ICBP.JK,6700.0,6775.0,6770.0,6842.5,7045.0,7243.0,6867.529291992188,21.72,2.4559645423416754,1850100,False,False
IBST.JK,8475.0,8475.0,8475.0,8475.0,8475.0,8475.0,8475.0,0.0,0.0,0,True,False
IBOS.JK,86.0,89.66666666666667,92.0,92.3,93.55,80.68,82.57,12.86999999999999,3.9945489224087867,5830200,False,False
IBFN.JK,63.0,63.0,63.0,63.0,63.0,63.0,65.02,0.0,0.0,0,True,False
IATA.JK,95.0,96.33333333333333,101.6,108.6,119.8,104.72,85.54,24.799999999999997,4.676064413246455,405951700,False,False
HYGN.JK,181.0,180.33333333333334,180.6,182.0,185.2,175.18,159.49960037231446,10.019999999999982,1.7279559084624956,626700,False,False
HUMI.JK,118.0,122.33333333333333,124.8,128.0,135.25,139.2957684326172,137.08558250427245,21.295768432617194,4.620372173190032,20661800,False,False
HRUM.JK,900.0,883.3333333333334,879.0,886.0,913.5,879.8,833.75,6.9,2.165333487053779,8644900,False,False
HRTA.JK,2190.0,2263.3333333333335,2252.0,2198.0,2216.0,2136.4,2129.567307128906,12.693333333333339,3.0796402223593633,4324000,False,False
HRME.JK,44.0,43.333333333333336,43.8,44.0,43.75,42.76,44.66,1.240000000000002,3.3082796393093936,61898900,True,False
HOPE.JK,276.0,278.0,275.6,252.6,242.7,231.24,182.21,23.379999999999995,8.623299443144301,6206200,False,False
HOMI.JK,230.0,236.0,238.8,245.2,238.7,210.56,204.01,17.319999999999993,3.319346949697343,866300,False,False
HOKI.JK,43.0,47.666666666666664,48.6,50.3,53.05,54.12,55.59,11.119999999999997,4.927209640607607,17674300,False,False
HMSP.JK,635.0,635.0,639.0,645.5,692.75,720.1,691.98072265625,17.020000000000003,2.5555201507254663,9045300,False,False
HILL.JK,16.0,16.0,16.0,16.0,16.0,16.0,16.17,0.0,0.0,0,True,False
HGII.JK,139.0,140.33333333333334,140.0,140.9,140.2,130.5,129.09930953979492,10.400000000000006,2.206964006202411,230500,False,False
HEXA.JK,3660.0,3853.3245442708335,3931.989306640625,4086.9875732421874,4283.486291503907,4378.785600585938,4388.785434570313,71.87856005859376,2.9299921215199265,2223800,False,False
HERO.JK,320.0,322.0,325.2,331.0,333.6,337.28,347.24,8.639999999999986,0.8828733299467791,14400,False,False
HELI.JK,240.0,243.33333333333334,246.0,230.8,216.5,200.92,190.63,22.540000000000006,5.931427780375729,1439400,False,False
HEAL.JK,630.0,626.6666666666666,632.0,650.5,667.25,720.9,815.4,18.84666666666667,1.410807911808769,2516600,False,False
HDIT.JK,43.0,47.666666666666664,48.6,49.3,49.65,50.18,51.5,7.18,4.427188724235732,797400,False,False
HDFA.JK,89.0,93.66666666666667,97.4,100.0,100.75,97.6,94.77,11.75,4.124139074355742,368600,False,False
HBAT.JK,348.0,369.3333333333333,384.0,377.4,340.4,278.76,331.13,52.620000000000005,4.618448768195306,2050200,False,False
HATM.JK,550.0,548.3333333333334,540.0,546.0,571.5,554.22,450.79012084960937,6.3,4.096127791057393,752400,False,False
HALO.JK,63.0,64.66666666666667,66.6,69.3,71.8,69.92,68.99,8.799999999999997,3.748740011795357,4066400,False,False
HAJJ.JK,102.0,105.33333333333333,106.6,109.5,110.1,108.54,109.61,8.099999999999994,3.571049306833506,2379900,False,False
HAIS.JK,173.0,177.0,177.8,181.0,183.95,183.14,179.58,10.949999999999989,1.4466501353764951,1021900,False,False
HADE.JK,30.0,30.333333333333332,29.8,26.8,23.8,20.36,18.35,9.973333333333333,6.782842057148837,171103100,False,False
GZCO.JK,171.0,176.66666666666666,178.0,183.1,190.1,176.82,165.06,19.099999999999994,3.324495695290821,5819200,False,False
GWSA.JK,156.0,166.0,167.4,163.2,166.55,150.66,137.99,16.74000000000001,5.877650988222868,2344200,False,False
GUNA.JK,218.0,219.33333333333334,219.6,219.8,219.7,211.74,192.05891479492186,4.030000000000001,0.2874797872880328,60300,True,False
GULA.JK,770.0,805.0,814.0,817.5,808.25,781.3,662.83,9.5,1.9927276414015125,13131100,False,False
GTSI.JK,140.0,146.33333333333334,148.4,151.0,160.3,164.68,156.73054313659668,24.680000000000007,4.4258719608452655,15724400,False,False
GTRA.JK,252.0,256.6666666666667,256.8,250.6,256.8,243.6,221.67,6.6000000000000085,1.9916523484427704,458100,False,False
GTBO.JK,133.0,134.0,135.0,141.6,150.0,162.0,172.81,29.0,1.9620858478455072,77400,False,False
GSMF.JK,87.0,91.0,93.4,97.5,99.05,93.66,93.81,12.049999999999997,2.0412837388352725,2909500,False,False
GRPM.JK,126.0,137.66666666666666,140.8,154.1,164.05,194.3,227.31,68.30000000000001,5.766063401284237,9596300,False,False
GRPH.JK,124.0,128.0,131.4,132.9,128.6,91.34,75.84,41.56,5.101535708965028,21538000,False,False
GRIA.JK,151.0,162.0,169.4,170.6,169.25,154.82,136.5,19.599999999999994,5.488361020620276,4111300,False,False
GPSO.JK,228.0,235.33333333333334,244.4,264.0,278.3,290.24,347.8,31.120000000000005,4.15799409982078,14795300,False,False
GPRA.JK,99.0,100.0,100.8,102.0,104.8,105.8,103.96382278442383,6.799999999999997,1.7009586991709176,10645100,False,False
GOTO.JK,43.0,47.666666666666664,48.6,49.3,49.65,49.86,49.93,6.859999999999999,4.427188724235732,116932300,False,False
GOOD.JK,306.0,306.0,307.2,309.2,313.5,306.76,313.98,3.75,1.3704339276344966,142000,True,False
GOLF.JK,166.0,171.0,172.8,174.4,170.3,165.82,166.74629287719728,8.580000000000013,2.024847682646529,1256600,False,False
GOLD.JK,276.0,276.0,276.8,277.6,277.2,272.92,266.3,2.3400000000000034,0.8885853024527376,9600,True,False
GMTD.JK,1015.0,1096.6666666666667,1129.0,1179.0,1278.25,1295.8,1394.1,56.15999999999999,3.184031551608715,25100,False,False
GMFI.JK,53.0,54.333333333333336,55.0,56.5,57.8,57.4,55.25,4.799999999999997,1.8855812532056402,168532300,True,False
GLVA.JK,324.0,326.6666666666667,330.8,331.8,328.4,316.64,314.21183135986325,7.5800000000000125,2.1672206495142596,16000,False,False
GJTL.JK,1245.0,1258.3333333333333,1275.0,1303.5,1340.0,1308.7,1212.4070251464843,19.0,1.171282085645542,1074700,False,False
GIAA.JK,56.0,57.0,58.4,60.5,63.4,62.42,59.44,7.399999999999999,2.0651165764573953,69160600,False,False
GHON.JK,1630.0,1630.0,1636.0,1649.0,1654.25,1635.0,1686.25,4.85,0.8715617185290314,7100,True,False
GGRP.JK,336.0,339.3333333333333,337.2,332.2,326.6,310.28,299.4758279418945,14.52666666666667,2.171215568934538,484900,False,False
GGRM.JK,17400.0,17300.0,17460.0,17597.5,18732.5,19202.0,17405.225,76.08,2.2330028870229404,472700,False,False
GEMS.JK,7300.0,7250.0,7265.0,7292.5,7380.0,6922.5,6864.25,18.3,1.8623808339874204,69800,False,False
GEMA.JK,79.0,82.66666666666667,84.2,87.7,90.2,84.98,82.54999931335449,11.200000000000003,2.9665406231648226,394100,False,False
GDYR.JK,1080.0,1093.3333333333333,1091.0,1106.5,1114.25,1106.9,1097.3,6.85,1.47810235394507,4700,False,False
GDST.JK,107.0,112.0,116.2,117.9,115.95,110.76,98.62,10.900000000000006,7.687399768608813,4854900,False,False
FWCT.JK,69.0,78.0,82.0,86.2,88.7,90.58,85.68,21.58,5.017427796899514,7841000,False,False
FUTR.JK,278.0,274.6666666666667,269.6,271.0,296.0,303.88,244.71,17.139999999999986,4.148490729796399,15101900,False,False
FUJI.JK,280.0,284.6666666666667,285.2,277.8,264.1,247.92,254.33,18.64,6.551113309649602,276600,False,False
FPNI.JK,490.0,505.0,515.0,525.5,557.75,488.64,419.5,34.55500000000001,6.86894965722553,1968100,False,False
FORU.JK,306.0,320.0,274.4,226.15470275878906,1646.497794342041,2176.2991177368162,2318.449558868408,975.0722074890136,21.496362347453996,6181900,False,False
FORE.JK,790.0,791.6666666666666,800.0,797.0,800.25,765.6,755.25,6.929999999999995,2.4094208407629396,1432100,False,False
FOOD.JK,176.0,176.0,176.0,176.0,176.0,176.0,174.09,0.0,0.0,0,True,False
FOLK.JK,202.0,204.66666666666666,214.8,232.6,223.6,209.68,216.61,15.299999999999997,6.367503100109648,13785900,False,False
FMII.JK,252.0,241.33333333333334,240.8,243.4,248.4,250.0,247.36,5.599999999999994,3.246472996325469,127900,True,False
FLMC.JK,135.0,135.33333333333334,129.0,119.3,118.25,92.1,101.01,43.23333333333335,8.200466676450914,1302000,False,False
FITT.JK,408.0,432.0,439.2,440.8,441.0,395.64,386.68,22.680000000000007,3.8936930954488207,1096600,False,False
FISH.JK,610.0,620.0,634.0,653.5,640.0,624.1,638.8352062988281,8.7,3.220455288353865,25900,False,False
FIRE.JK,107.0,111.66666666666667,115.4,119.6,121.9,114.16,112.48,14.900000000000006,4.1173539324759565,7575600,False,False
FILM.JK,635.0,661.6666666666666,689.0,713.5,777.75,916.4,1425.7,56.279999999999994,7.349976802823853,7470700,False,False
FAST.JK,418.0,427.3333333333333,425.6,428.6,442.4,408.12,329.5,17.139999999999986,3.3023963055789154,3684800,False,False
FAPA.JK,7400.0,7425.0,7420.0,7425.0,7447.5,7402.0,7309.12681640625,1.9,0.3552753605853382,700,True,False
EXCL.JK,2330.0,2353.3333333333335,2382.0,2450.0,2574.5,2592.4,2636.6,26.24000000000001,1.7506899518111063,4040200,False,False
EURO.JK,1360.0,1408.3333333333333,1440.0,1450.0,1431.75,1639.7,1763.8691857910155,55.94000000000001,4.064541025488395,10114400,False,False
ESTI.JK,143.0,150.0,154.4,159.6,164.05,159.94,144.50456100463867,21.05000000000001,3.7317305220737063,5121800,False,False
ESTA.JK,143.0,152.66666666666666,160.8,170.3,172.35,176.38,182.99,33.379999999999995,3.8246899199353686,1401100,False,False
ESSA.JK,570.0,581.6666666666666,590.0,599.0,644.0,637.3,625.08291015625,14.8,1.9734842841161004,29852800,False,False
ESIP.JK,92.0,100.33333333333333,105.6,112.3,117.75,123.48,129.29318923950194,31.480000000000004,4.2283617276778696,9244000,False,False
ERTX.JK,160.0,166.33333333333334,169.6,172.3,178.25,179.86,166.4,19.860000000000014,2.009852092324367,429400,False,False
ERAL.JK,304.0,310.6666666666667,310.8,317.4,319.3,307.64,291.4729330444336,7.650000000000006,2.7673318023314817,4556400,False,False
ERAA.JK,600.0,603.3333333333334,607.0,610.5,592.4,499.76,422.74431396484374,22.148000000000003,2.3112311751438126,36805500,False,False
EPMT.JK,2630.0,2630.0,2632.0,2632.0,2527.0,2419.0,2369.3,21.3,1.8199062947504583,14900,False,False
EPAC.JK,43.0,47.666666666666664,48.6,49.6,52.6,57.26,63.11,14.259999999999998,4.536171006009967,2671800,False,False
ENZO.JK,58.0,68.33333333333333,71.2,74.2,75.0,72.94,72.45,17.0,7.186375739078363,8043900,False,False
ENRG.JK,1350.0,1328.3333333333333,1293.0,1315.0,1361.25,1312.1483361816406,1325.0241680908202,13.65,3.1683051599484076,52794100,False,False
ENAK.JK,192.0,197.0,200.6,209.9,221.05,235.02,260.25,43.02000000000001,1.733360094713818,115600,False,False
EMTK.JK,418.0,422.6666666666667,432.4,456.4,485.5,508.0,549.5112377929687,45.0,2.067531932038762,17332300,False,False
EMDE.JK,62.0,69.33333333333333,72.2,74.5,76.8,75.12,70.88,14.799999999999997,4.710505281512636,4951600,False,False
EMAS.JK,7500.0,7558.333333333333,7615.0,7600.0,8052.5,7580.0,7241.75,22.1,1.7733290442704035,3582800,False,False
ELTY.JK,38.0,33.666666666666664,33.6,34.1,35.3,35.4,31.75,4.399999999999999,10.51775805977658,1159474400,False,False
ELSA.JK,680.0,676.6666666666666,678.0,691.5,711.25,700.0,645.951068725586,6.916666666666674,1.4821053832093853,6534300,False,False
ELPI.JK,580.0,600.0,601.0,619.0,649.25,720.9,1018.84099609375,28.179999999999996,3.4580724436498254,426400,False,False
ELIT.JK,248.0,253.33333333333334,262.8,269.2,270.0,221.24,200.3,24.379999999999995,5.012245334462286,8851600,False,False
EKAD.JK,372.0,386.6666666666667,390.8,395.2,405.5,306.74,235.74611038208008,49.379999999999995,1.8318937255038847,2589600,False,False
ECII.JK,146.0,155.0,158.4,162.8,166.0,160.8,151.71,20.0,4.546688995079052,545000,False,False
EAST.JK,89.0,89.0,89.2,89.4,89.65,89.76434799194335,88.23242668151856,0.7643479919433531,0.6334126789306029,452800,True,False
DYAN.JK,77.0,82.33333333333333,87.0,86.3,87.25,85.82,82.3,10.25,6.7501446195081725,14231100,False,False
DWGL.JK,210.0,218.0,220.8,223.6,231.4,282.2,265.32,36.099999999999994,2.8226953941491093,1890900,False,False
DVLA.JK,1575.0,1580.0,1580.0,1582.5,1590.0,1585.3,1551.4609509277343,3.0,0.2997274281747986,4900,True,False
DUTI.JK,4820.0,4800.0,4796.0,4792.0,4792.5,4588.0,4226.254069824219,23.2,0.2831595577056323,100,False,False
DSSA.JK,1070.0,1071.6666666666667,1053.0,1064.0,1103.5,1009.9,908.03,18.720000000000006,4.363249964270181,135812700,False,False
DSNG.JK,1570.0,1581.6666666666667,1560.0,1599.5,1631.5,1469.0,1343.6542907714843,32.5,3.557967084000567,797800,False,False
DSFI.JK,89.0,93.0,97.4,94.5,91.2,86.14,80.74,11.260000000000005,5.998284319377301,17328700,False,False
DRMA.JK,925.0,933.3333333333334,946.0,961.0,986.25,972.6,957.55,12.25,1.4541153261523287,415100,False,False
DPUM.JK,121.0,128.66666666666666,136.2,143.2,128.85,109.82,125.92,33.379999999999995,7.677499480000324,25856100,False,False
DOSS.JK,161.0,171.66666666666666,171.2,171.7,170.45,163.68,148.69381385803223,10.699999999999989,4.32332310751262,1724100,False,False
DOOH.JK,380.0,378.6666666666667,386.8,401.6,374.3,310.54,219.71,45.53,8.354785032043173,128278300,False,False
DOID.JK,206.0,213.33333333333334,218.8,227.2,238.0,226.52,217.52,16.0,2.1536163197415186,3083900,False,False
DNET.JK,9725.0,9733.333333333334,9730.0,9765.0,9860.0,9842.0,9864.5,5.4,0.2758138415604087,300,True,False
DNAR.JK,123.0,124.0,125.2,127.9,131.15,126.82,122.32,8.150000000000006,1.1166833695267675,1394900,False,False
DMND.JK,605.0,615.0,633.0,629.5,623.75,621.3,614.3741979980468,5.6,2.9190543837488625,44400,True,False
DMMX.JK,173.0,179.0,182.2,184.2,186.5,184.6,177.5083543395996,13.5,1.5265306373899787,425200,False,False
DMAS.JK,184.0,187.0,186.6,189.0,193.5,169.44,153.01897369384767,24.060000000000002,2.895268670601716,39072700,False,False
DLTA.JK,1780.0,1783.3333333333333,1785.0,1786.5,1790.25,1784.9,1764.3086486816405,2.05,0.2569133634418516,3800,True,False
DKHH.JK,72.0,70.66666666666667,69.8,69.4,70.05,66.26,64.94,5.739999999999995,1.7192135347247264,12582400,True,True
DKFT.JK,640.0,646.6666666666666,656.0,660.0,665.478564453125,646.8471301269532,646.6028424072266,5.095712890625009,2.867701487338607,1715000,True,False
DIVA.JK,127.0,134.33333333333334,137.2,138.8,138.05,133.98,128.77,11.800000000000011,4.715332602060494,1079700,False,False
DILD.JK,111.0,111.33333333333333,113.0,114.5,117.85,117.2,116.91,6.849999999999994,1.2990946504199559,4571800,False,False
DIGI.JK,29.0,29.0,29.0,29.0,29.0,29.0,30.61,0.0,0.0,0,True,False
DGWG.JK,316.0,319.3333333333333,320.4,323.4,332.4,319.2,313.39297943115236,8.199999999999989,1.098100398922085,5401600,False,False
DGNS.JK,256.0,254.0,254.4,263.4,265.4,245.64,240.38,9.879999999999995,2.9393772615004488,1171500,False,False
DGIK.JK,130.0,131.0,133.2,135.7,138.05,133.6,130.4,8.050000000000011,3.1636233889658776,3470500,False,False
DFAM.JK,76.0,85.66666666666667,92.2,91.6,87.35,83.92,91.34,16.200000000000003,10.767481273269679,73071200,False,False
DEWI.JK,228.0,225.33333333333334,217.4,198.7,178.4,150.22,135.26,38.89,7.138365452157693,24366000,False,False
DEWA.JK,358.0,359.3333333333333,361.2,368.8,404.2,430.24,392.38498489379884,36.120000000000005,4.539913522092231,122083600,False,False
DEPO.JK,220.0,224.0,230.8,236.4,242.8,244.2,247.68055419921876,12.099999999999994,1.8197155376863474,292500,False,False
DEFI.JK,77.0,90.0,95.8,107.1,106.55,106.72,116.92,30.099999999999994,14.247403223252745,28056000,False,False
DCII.JK,198000.0,199000.0,199355.0,198607.5,199351.25,198364.5,195440.5,54.2,1.8598398846901116,600,False,False
DAYA.JK,1100.0,1110.0,1111.0,1084.5,1097.5,1045.2,1040.2,13.159999999999991,2.190559326379383,3300,False,False
DATA.JK,1575.0,1600.0,1611.0,1642.5,1732.0,1866.0,1872.1,58.2,1.2205247156073062,390500,False,False
DART.JK,149.0,150.66666666666666,156.6,162.4,161.6,153.42,140.19,13.400000000000006,3.630135384634245,138600,False,False
DADA.JK,43.0,47.666666666666664,48.6,49.3,49.65,49.86,49.93,6.859999999999999,4.427188724235732,1624500,False,False
DAAZ.JK,1885.0,1775.0,1705.0,1674.0,1670.5,1643.4,1676.461104736328,48.31999999999998,3.5764427618186314,529700,False,False
CYBR.JK,505.0,508.3333333333333,516.0,517.5,523.75,545.6,577.625,8.120000000000005,2.7744825951375023,6414500,False,False
CUAN.JK,935.0,936.6666666666666,944.0,934.0,934.0,820.0,757.16,24.8,2.3421701707750944,122767900,False,False
CTTH.JK,103.0,112.66666666666667,118.0,123.4,125.9,127.82,137.7,24.819999999999993,5.332606672699756,4577300,False,False
CTRA.JK,555.0,563.3333333333334,566.0,576.0,602.25,600.9,585.2131524658203,9.45,1.8038838215595525,3658300,False,False
CTBN.JK,3020.0,3006.6666666666665,3020.0,3034.0,3058.5,3609.4,4501.938466796875,60.273333333333355,0.6758921773687169,2200,False,False
CSRA.JK,710.0,706.6666666666666,715.0,733.5,751.0,757.5,778.05,10.166666666666675,1.1854347563179801,83300,False,False
CSMI.JK,188.0,208.66666666666666,220.0,205.6,197.75,145.72,113.22,74.28,13.914943353117332,18942300,False,False
CSIS.JK,202.0,199.66666666666666,199.4,202.1,207.45,201.94,176.9110005950928,4.0249999999999915,1.489411019096144,1668200,True,True
CSAP.JK,280.0,286.6666666666667,287.2,290.4,293.3,290.84,282.64027404785156,6.650000000000006,1.5664391719581734,35000,False,False
CRSN.JK,120.0,124.0,127.4,130.5,133.7,122.62,112.49832366943359,13.699999999999989,3.7239610413496176,757100,False,False
CRAB.JK,214.0,218.66666666666666,218.8,219.0,218.4,212.16,210.4,3.4200000000000017,2.5700237295277684,713600,True,False
CPRO.JK,43.0,47.666666666666664,48.6,49.3,49.65,50.22,50.71,7.219999999999999,4.427188724235732,31637200,False,False
CPIN.JK,2990.0,3006.6666666666665,3048.0,3083.0,3139.5,3123.2,3325.3231689453123,14.95,1.155227132856339,4202300,False,False
COIN.JK,760.0,815.0,831.0,794.5,801.0,758.8,777.45,14.440000000000008,5.5728091448933395,24492200,False,False
COCO.JK,103.0,104.66666666666667,108.8,121.7,127.8,117.1,164.955845413208,24.799999999999997,3.7299919261746783,95799600,False,False
COAL.JK,31.0,31.0,31.0,31.0,31.0,28.12,32.68,2.879999999999999,0.0,0,True,False
CNMA.JK,89.0,89.66666666666667,89.8,90.6,91.55,92.46,92.15,3.4599999999999937,0.8655347952164852,7476300,True,False
CNKO.JK,37.0,37.0,37.0,37.0,37.0,37.0,38.74,0.0,0.0,0,True,False
CMRY.JK,4330.0,4383.333333333333,4436.0,4464.0,4516.6345703125,4539.085791015625,4481.870698242187,20.908579101562463,1.4319025947961745,487100,False,False
CMPP.JK,69.0,69.0,69.0,69.0,69.0,69.0,70.32,0.0,0.0,0,True,False
CMNT.JK,755.0,751.6666666666666,747.0,756.0,750.5,772.3,782.1,5.059999999999991,1.5441094392972525,1133100,True,False
CMNP.JK,1400.0,1390.0,1391.0,1392.0,1411.0,1382.1,1383.65,5.780000000000018,1.2315851718062987,226700,True,False
CLPI.JK,1585.0,1591.6666666666667,1592.0,1599.5,1609.0,1593.0,1524.0135034179686,4.8,0.33601610187003145,61500,True,False
CLEO.JK,408.0,407.3333333333333,408.8,416.2,417.7,398.88,389.59154418945315,9.409999999999997,1.8514126561911537,5386600,False,False
CLAY.JK,2790.0,2763.3333333333335,2758.0,2743.0,2729.5,2660.8,2707.1,12.919999999999982,0.9357581579490707,13200,False,False
CITY.JK,171.0,175.33333333333334,173.6,176.4,180.45,176.32,169.93,9.449999999999989,2.543036800560143,204100,False,False
CITA.JK,3380.0,3423.3333333333335,3444.0,3469.0,3471.5,3340.4,3214.8964331054685,13.10999999999999,0.6457035027631987,24900,False,False
CINT.JK,188.0,193.33333333333334,192.2,193.3,189.55,181.38,177.06,11.953333333333347,3.4456961529485928,380100,False,False
CHIP.JK,680.0,690.0,701.0,720.5,769.0,848.0,903.5193487548828,33.6,1.2923934841821005,55700,False,False
CHEM.JK,53.0,58.666666666666664,62.4,65.5,68.35,67.76,67.18836456298828,15.349999999999994,7.085342194113507,20207800,False,False
CHEK.JK,124.0,127.33333333333333,129.2,129.4,131.05,132.3,128.8,8.300000000000011,1.76178766157069,532300,False,False
CGAS.JK,147.0,147.33333333333334,148.2,148.4,149.7,151.36,153.43194351196288,4.360000000000014,1.9644658895004152,1046400,True,False
CFIN.JK,352.0,357.3333333333333,360.4,366.6,367.5,355.32,331.5917483520508,7.75,1.1691207237672683,898200,False,False
CENT.JK,90.0,95.0,99.4,103.3,104.7,94.08,86.39,14.700000000000003,5.26704442792926,4344300,False,False
CEKA.JK,2170.0,2173.3333333333335,2174.0,2185.0,2188.5,2194.4,2177.011328125,2.4400000000000093,0.8086181094965386,9300,True,False
CDIA.JK,580.0,596.6666666666666,609.0,627.5,661.25,674.7,708.229214477539,18.94000000000001,2.137748948723362,46209300,False,False
CCSI.JK,318.0,353.3333333333333,377.6,402.0,350.8,291.8,271.2,55.099999999999994,10.432050985396184,1976900,False,False
CBUT.JK,910.0,920.0,936.0,985.0,976.0,882.8,786.76,20.44000000000001,2.7502489063618425,24200,False,False
CBRE.JK,785.0,756.6666666666666,760.0,742.0,738.75,715.4,735.9,13.920000000000005,3.3872940575807564,30649100,False,False
CBPE.JK,510.0,525.0,513.8,506.9,504.95,460.62,373.77780670166015,12.876,5.069592652997806,36700,False,False
CBDK.JK,3450.0,3543.3333333333335,3584.0,3644.0,3793.0,3754.0,3756.964111328125,34.3,1.665889828969425,1117000,False,False
CASS.JK,1800.0,1821.6666666666667,1830.0,1837.5,1839.75,1862.6,1829.95,12.519999999999982,0.9162689105219257,125300,False,False
CASH.JK,238.0,247.33333333333334,244.8,251.0,239.4,230.36,211.71,10.319999999999993,6.059740059814211,670200,False,False
CASA.JK,1800.0,1800.0,1802.0,1803.5,1818.0,1823.2,1709.55,4.6400000000000095,1.7232979690270909,4000,True,False
CARS.JK,114.0,122.66666666666667,123.0,118.7,115.8,102.38,95.22,20.620000000000005,3.7929259286908947,18371100,False,False
CARE.JK,362.0,373.3333333333333,381.6,391.6,408.6,420.2,416.8,29.099999999999994,1.6711194178626458,605600,False,False
CANI.JK,135.0,135.0,135.0,135.0,135.0,135.0,135.97,0.0,0.0,0,True,False
CAMP.JK,160.0,167.33333333333334,173.2,176.7,174.05,171.76,175.78,16.69999999999999,7.328198130532054,2409400,False,False
CAKK.JK,157.0,159.0,159.2,159.9,159.55,148.28,146.06,11.620000000000005,1.8380505077136151,52700,False,False
BYAN.JK,12000.0,12158.333333333334,12125.0,12065.0,12696.25,12965.0,11847.509404296876,38.6,8.95216314459173,1532000,False,False
BWPT.JK,111.0,114.0,114.4,118.1,122.65,103.36,94.39,19.290000000000006,3.789791743122565,78621500,False,False
BVIC.JK,87.0,89.66666666666667,90.4,91.7,93.45,93.06,91.33,6.450000000000003,1.5492809742605413,1203900,False,False
BUVA.JK,610.0,631.6666666666666,658.0,672.5,710.75,763.8,792.15,30.75999999999999,2.8637607029013847,23830300,False,False
BUMI.JK,182.0,183.0,185.2,192.3,202.55,188.22,175.58,20.55000000000001,2.8459736855938873,599975300,False,False
BULL.JK,364.0,366.6666666666667,379.2,390.2,413.5,422.92,399.01,29.460000000000008,2.9677932364376476,333197600,False,False
BUKK.JK,990.0,993.3333333333334,1009.0,1008.0,995.25,1014.0,1021.85,4.8,2.772418887660087,22000,True,False
BUKA.JK,103.0,104.0,105.0,104.8,108.3,111.98,113.65,8.980000000000004,1.7489383855693805,31202400,False,False
BUDI.JK,224.0,224.0,225.6,226.0,227.0,220.88,213.58,3.0600000000000023,0.9806374873792321,43000,True,False
BUAH.JK,482.0,484.6666666666667,486.8,491.4,496.6,503.94,507.63484649658204,10.969999999999999,0.7891818872601203,304200,False,False
BTPS.JK,935.0,948.3333333333334,956.0,986.5,1010.0,999.4,988.0,15.0,2.1440349490535104,3535900,False,False
BTPN.JK,2340.0,2330.0,2330.0,2331.0,2361.0,2260.8,2225.05,10.019999999999982,1.0708197115762494,11500,False,False
BTON.JK,360.0,360.6666666666667,359.6,367.0,365.2,363.24,361.82,3.6999999999999886,2.4901609241186065,4800,True,False
BTEK.JK,14.0,12.333333333333334,11.8,11.7,11.2,10.96,11.0,3.039999999999999,12.066511862910986,979891300,False,False
BSSR.JK,5400.0,5383.333333333333,5425.0,5174.5,5027.25,4627.9,4200.6648828125,31.884000000000015,3.7805492834016206,2674000,False,False
BSML.JK,550.0,546.6666666666666,546.0,548.5,537.0,525.4,486.66,4.920000000000004,1.295624218726374,5756000,True,True
BSIM.JK,910.0,943.3333333333334,963.0,999.5,1073.75,853.1,803.05,44.129999999999995,3.108746300786586,162200,False,False
BSDE.JK,555.0,561.6666666666666,569.0,596.0,624.5,609.0,615.85,13.9,2.0282201033195753,10648000,False,False
BSBK.JK,43.0,47.666666666666664,48.6,49.3,49.65,51.2,51.97,8.200000000000003,4.427188724235732,3733400,False,False
BRRC.JK,58.0,61.0,63.4,67.0,70.55,66.7,63.87,12.549999999999997,4.449308220592861,90017900,False,False
BRPT.JK,1510.0,1526.6666666666667,1553.0,1581.5,1670.25,1768.6,1730.799229736328,51.719999999999985,2.175489828588601,24178600,False,False
BRNA.JK,625.0,640.0,645.0,654.0,639.0,628.1,617.4,5.8,2.2098666641673095,174700,True,False
BRMS.JK,645.0,661.6666666666666,669.0,695.5,703.75,656.8,626.7,11.75,2.5921977230628217,70435700,False,False
BRIS.JK,1530.0,1533.3333333333333,1561.0,1601.5,1686.0,1760.5,1780.7294750976562,46.1,1.8152177473859819,12837500,False,False
BREN.JK,3030.0,3060.0,3066.0,3092.0,3199.5,3340.8,3408.8300146484376,31.08000000000002,2.253960265626888,1983600,False,False
BRAM.JK,4550.0,4606.666666666667,4638.0,4643.0,4638.5,4580.0,4500.646081542969,9.3,1.1909153643460941,800,False,False
BPTR.JK,70.0,73.33333333333333,80.8,77.6,76.3,75.78,74.17,10.799999999999997,12.930005484986177,5783200,False,False
BPII.JK,456.0,458.6666666666667,457.2,462.8,470.2,461.31621215820314,455.08939178466795,7.099999999999994,2.6711976980710967,900,False,False
BPFI.JK,238.0,240.66666666666666,244.0,247.0,247.3,252.36,251.5057389831543,7.180000000000007,1.3294329093645034,30300,False,False
BOLT.JK,780.0,783.3333333333334,787.0,801.0,801.5,797.6,797.75,4.3,2.253303820554575,20700,True,False
BOLA.JK,167.0,171.0,171.8,174.1,175.15,163.58,158.66,11.569999999999993,1.9091436304303002,510200,False,False
BOGA.JK,1550.0,1551.6666666666667,1553.0,1564.5,1592.25,1590.4,1474.3,8.45,1.746762074985924,400,False,False
BOBA.JK,195.0,196.66666666666666,199.0,202.7,209.05,215.66,248.34412475585938,20.659999999999997,1.636926065663015,131000,False,False
BOAT.JK,121.0,133.33333333333334,135.8,136.8,138.05,135.98,125.1,17.05000000000001,4.073604081364011,4253100,False,False
BNLI.JK,1995.0,2018.3333333333333,2043.0,2068.5,2110.25,2172.7,2495.15,35.539999999999964,1.101006561421821,9600,False,False
BNII.JK,189.0,189.66666666666666,190.2,191.3,192.4,192.2,191.55,3.4000000000000057,0.8560837717957286,273400,True,False
BNGA.JK,1725.0,1731.6666666666667,1738.0,1742.5,1733.0,1686.8,1641.75,11.14000000000001,1.1062359315979973,587400,False,False
BNBR.JK,74.0,76.66666666666667,79.6,84.3,91.25,97.4,101.67768531799317,23.400000000000006,3.0476628743378225,566776700,False,False
BNBA.JK,860.0,855.0,837.0,818.0,805.75,764.8,746.2,19.04000000000001,4.8842911002621685,202600,False,False
BMTR.JK,76.0,85.33333333333333,94.8,104.7,110.5,113.64,118.14,37.64,5.613513807885719,256425900,False,False
BMSR.JK,320.0,334.0,330.8,346.4,335.9,320.48,309.0,13.199999999999989,4.734445101245724,193700,False,False
BMRI.JK,4060.0,4070.0,4112.0,4190.4,4258.789453125,4190.9050390625,4131.858671875,19.878945312500036,1.5103980682033467,53621200,False,False
BMHS.JK,200.0,200.0,200.0,199.8,198.95,191.84,185.76160354614257,8.159999999999997,0.6570925987249943,147800,False,False
BMBL.JK,30.0,29.666666666666668,29.4,29.8,29.6,30.3,31.51,0.9000000000000021,2.633719791389669,10076400,True,False
BMAS.JK,486.0,492.0,498.2,506.1,512.8,501.46,492.84,13.399999999999977,1.7205307041230862,104300,False,False
BLUE.JK,3020.0,2963.3333333333335,2936.0,2971.0,2964.0,2765.2,2912.8798583984376,25.480000000000018,2.0963034366155076,96000,False,False
BLTA.JK,42.0,35.0,33.8,32.9,32.85,32.98,34.1,9.149999999999999,10.141836330079528,389935600,False,False
BLOG.JK,358.0,358.6666666666667,360.4,362.4,368.4,372.2,356.4075866699219,7.099999999999994,1.006791459345089,97000,False,False
BLES.JK,192.0,191.0,192.2,194.7,197.7,194.56,168.3305062866211,6.699999999999989,2.254027500021331,8123700,False,False
BKSW.JK,47.0,49.0,49.4,50.7,52.65,52.48,52.7,5.649999999999999,2.590372348960886,5362100,True,False
BKSL.JK,57.0,62.333333333333336,63.8,66.1,69.95,71.42,71.58,14.420000000000002,4.536281023743801,281765300,False,False
BKDP.JK,177.0,183.66666666666666,180.6,180.2,175.0,168.76,143.3,14.906666666666666,6.1146700401502425,1605000,False,False
BJTM.JK,510.0,511.6666666666667,514.0,516.5,522.0,520.2,517.9863427734375,2.4,0.6510255092636326,3291500,True,False
BJBR.JK,755.0,758.3333333333334,760.0,770.0,784.25,786.2,777.1487567138672,6.240000000000009,1.761590019537714,1095200,False,False
BISI.JK,705.0,696.6666666666666,706.0,716.0,722.5,695.6,688.2857452392578,5.3799999999999955,2.169999971791462,151300,True,False
BIRD.JK,1575.0,1576.6666666666667,1583.0,1594.0,1607.0,1616.5,1533.342451171875,8.3,0.5166418850625063,185700,False,False
BIPP.JK,64.0,75.33333333333333,71.0,69.3,68.55,67.52,64.98,11.333333333333329,13.328647428855167,34759300,False,False
BIPI.JK,138.0,139.0,143.4,142.6,145.6,148.1,154.78,10.099999999999994,3.3648722857764235,65798100,False,False
BINO.JK,106.0,108.66666666666667,110.6,113.4,116.25,113.52,107.45,10.25,1.7088713544486342,1734600,False,False
BINA.JK,3990.0,4010.0,4022.0,4044.0,4103.5,4131.8,3998.7,14.180000000000017,0.7139099984177059,350200,False,False
BIKE.JK,1455.0,1255.0,1172.0,1107.5,979.75,721.46,615.73,146.708,8.843735736655091,1673900,False,False
BHIT.JK,24.0,22.666666666666668,23.4,24.1,24.9,25.42,26.57,2.753333333333334,6.567105739438025,156968700,False,False
BHAT.JK,1770.0,1770.0,1770.0,1770.0,1770.0,1770.0,1576.25,0.0,0.0,0,True,False
BGTG.JK,112.0,113.33333333333333,113.4,115.6,118.75,114.42,112.78,6.75,2.393904281367334,945300,False,False
BFIN.JK,940.0,953.3333333333334,950.0,961.0,975.5,914.4,815.957802734375,12.220000000000004,1.7432538424272812,3080700,False,False
BEST.JK,120.0,120.66666666666667,120.8,121.9,127.5,117.9,109.09,9.599999999999994,2.7445043324596403,11461300,False,False
BESS.JK,800.0,820.0,843.0,878.5,891.5,897.9,936.0428961181641,19.579999999999995,3.0295114796570752,11000,False,False
BELL.JK,91.0,97.33333333333333,100.8,103.1,108.05,112.52,110.73,21.519999999999996,4.678808465235492,8659300,False,False
BELI.JK,262.0,270.6666666666667,276.4,280.6,304.6,277.12,291.64,21.30000000000001,2.2562439486366865,1675800,False,False
BEKS.JK,29.0,24.666666666666668,23.6,23.2,23.25,22.66,22.34,6.34,10.712301062515053,575991000,False,False
BEER.JK,59.0,65.33333333333333,68.0,72.2,76.55,77.26,83.89,18.260000000000005,4.000213900769788,11924700,False,False
BEEF.JK,386.0,422.6666666666667,432.8,429.2,437.3,417.64,297.89,25.650000000000006,4.479130528712491,3980600,False,False
BDMN.JK,4280.0,4370.0,4394.0,4411.0,4422.5,4307.8,4257.4,14.25,1.050434829700482,1809300,False,False
BDKR.JK,162.0,160.0,159.4,160.5,158.2,157.7,149.42465797424316,4.300000000000011,2.591817470280706,11955800,True,True
BCIP.JK,52.0,56.0,57.6,59.3,60.95,62.18,62.51,10.18,3.6998851309343945,8274600,False,False
BCIC.JK,132.0,132.66666666666666,134.2,134.6,134.5,130.5,124.87,4.099999999999994,3.6694120216223225,217300,True,False
BCAP.JK,43.0,47.666666666666664,48.6,49.3,49.65,49.9,50.02,6.899999999999999,4.427188724235732,297600,False,False
BBYB.JK,200.0,206.66666666666666,213.6,225.4,244.5,249.8,247.56,49.80000000000001,2.549792545324499,33648800,False,False
BBTN.JK,1090.0,1101.6666666666667,1115.0,1142.5,1184.5,1208.2,1221.15,23.640000000000008,1.1669217579313367,6651800,False,False
BBSS.JK,91.0,90.33333333333333,88.2,87.7,92.45,96.62,107.05,8.920000000000002,11.554959067633852,16660000,False,False
BBSI.JK,4450.0,4496.666666666667,4506.0,4519.0,4585.0,4641.4,4612.8,19.139999999999965,0.6052892127169327,100,False,False
BBRM.JK,101.0,107.33333333333333,110.2,115.3,118.5,116.72,116.71,17.5,3.7031461138488297,2728200,False,False
BBRI.JK,3140.0,3143.3333333333335,3160.0,3239.0,3307.5,3169.2,3050.5,16.75,1.3295433365980778,47672900,False,False
BBNI.JK,3460.0,3493.3333333333335,3528.0,3613.0,3741.0,3664.8,3616.3,28.1,1.1460914955867103,11288500,False,False
BBMD.JK,1995.0,1981.6666666666667,1977.0,1977.0,1983.0,1985.3,1953.39060546875,3.6,2.3439022238514444,2900,True,False
BBLD.JK,660.0,660.0,662.0,664.0,671.5,643.0,617.0374969482422,5.7,1.002579945876455,4200,True,False
BBKP.JK,43.0,47.666666666666664,48.6,49.5,51.6,53.28,53.73,10.280000000000001,4.466473100526949,253120000,False,False
BBHI.JK,795.0,823.3333333333334,844.0,872.0,884.5,900.7,923.1967254638672,21.140000000000008,1.5021970369591693,103200,False,False
BBCA.JK,6200.0,6225.0,6235.0,6277.5,6430.0,6385.222001953125,6159.112900390625,9.2,0.985083086928166,62291100,False,False
BAYU.JK,1310.0,1316.6666666666667,1324.0,1329.5,1339.25,1257.9,1200.6222192382813,16.269999999999982,0.5070779136326354,18300,False,False
BAUT.JK,39.0,39.666666666666664,39.8,40.4,39.2,35.56,31.49,4.839999999999996,2.807558625338011,52962600,True,True
BATR.JK,91.0,91.33333333333333,92.2,91.7,92.3,93.02,89.0974713897705,2.019999999999996,2.3072523665690055,371500,True,False
BATA.JK,59.0,59.0,59.0,59.0,59.0,59.0,60.13,0.0,0.0,0,True,False
BAPI.JK,27.0,25.0,23.8,22.3,21.6,19.42,19.15,7.579999999999998,8.349418314852734,79795600,False,False
BAPA.JK,102.0,112.0,114.4,120.4,129.9,152.5,207.25,50.5,5.702387898769729,5290400,False,False
BANK.JK,228.0,234.0,237.2,247.6,258.6,270.92,296.19,21.460000000000008,1.3564851843727943,980000,False,False
BALI.JK,1270.0,1291.6666666666667,1297.0,1301.0,1330.0,1275.4,1258.0,12.0,1.298327130165094,1100,False,False
BAJA.JK,318.0,346.6666666666667,382.0,353.0,320.0,295.6,223.26,43.19999999999999,13.059329566580102,6426500,False,False
BAIK.JK,228.0,251.33333333333334,258.4,249.6,255.9,429.58,516.53,100.78999999999999,5.122023229302897,8899100,False,False
BACA.JK,111.0,113.33333333333333,114.6,115.8,117.75,117.14,115.94,6.75,1.459208001819944,445500,False,False
BABY.JK,190.0,191.0,194.2,198.3,204.75,203.72,190.02,14.75,2.3313909749975212,1503400,False,False
BABP.JK,43.0,47.666666666666664,48.6,49.3,49.65,49.86,49.99,6.859999999999999,4.427188724235732,734800,False,False
AYLS.JK,220.0,206.33333333333334,198.4,184.1,169.9,160.88,152.9,29.560000000000002,12.28144212097272,27197100,False,False
AYAM.JK,492.0,497.3333333333333,500.4,502.7,494.65,461.98,397.57,20.359999999999985,1.878164101588898,2459200,False,False
AXIO.JK,112.0,113.0,112.8,113.8,114.7,113.98,110.8030697631836,2.700000000000003,1.989189742809151,215800,True,False
AWAN.JK,150.0,154.66666666666666,156.8,159.4,162.75,160.32,152.38,12.75,1.8241273589510776,2626400,False,False
AVIA.JK,338.0,340.6666666666667,340.4,339.8,351.7,342.36,336.38,6.849999999999994,1.9306445784770019,4219500,False,False
AUTO.JK,3330.0,3350.0,3360.0,3354.0,3350.0,3060.8,2772.4,29.91999999999998,1.0826836880594322,551500,False,False
ATLA.JK,43.0,47.666666666666664,48.6,49.3,49.65,49.9,49.88655391693115,6.899999999999999,4.427188724235732,1479800,False,False
ATIC.JK,450.0,443.3333333333333,444.0,448.8,457.5,464.76,476.63,10.713333333333338,1.7322630544922009,167700,False,False
ATAP.JK,550.0,545.0,548.0,556.0,557.0,569.3,505.06,4.8599999999999905,1.8711000476758772,639400,True,False
ASSA.JK,585.0,590.0,591.0,595.0,614.0,619.1,621.2234375,6.820000000000005,1.5441223541129347,1559000,False,False
ASRM.JK,274.0,276.0,281.6,285.4,284.0,274.68,265.1345104980469,5.699999999999989,1.534180882002644,78000,True,False
ASRI.JK,121.0,121.0,122.0,123.5,125.5,123.68,119.07421028137207,4.5,2.3410668789727698,4291300,True,True
ASPR.JK,124.0,129.0,133.6,139.2,142.75,148.5,188.24687408447267,24.5,6.876235749187747,14095700,False,False
ASPI.JK,625.0,675.0,691.0,654.5,555.3,466.24,433.88,44.952,11.02612379354467,1075100,False,False
ASMI.JK,19.0,17.333333333333332,17.2,16.3,15.85,16.48,16.27,3.1500000000000004,6.693184237545616,146530000,False,False
ASLI.JK,486.0,462.0,435.6,402.0,389.9,281.96,258.07,102.02000000000001,8.396845902523383,0,False,False
ASLC.JK,59.0,63.666666666666664,66.0,66.2,66.95,65.24,64.73,7.950000000000003,5.041540695694361,19828100,False,False
ASJT.JK,160.0,161.66666666666666,161.4,161.5,161.5,159.24,161.9804260253906,2.426666666666648,0.921933764264491,36400,True,False
ASII.JK,4710.0,4723.333333333333,4740.0,4798.0,4857.0,4897.2,4979.85,18.71999999999998,0.993176311163931,12126000,False,False
ASHA.JK,43.0,47.666666666666664,49.0,51.7,54.75,56.98,58.92,13.979999999999997,5.05644989511942,6134400,False,False
ASGR.JK,2090.0,2100.0,2102.0,2108.0,2136.0,1974.2,1771.05,16.179999999999996,1.4696339784940684,729900,False,False
ASDM.JK,505.0,506.6666666666667,509.0,513.5,515.5,513.26,502.1417056274414,2.1,0.6542561302497427,1500,True,False
ASBI.JK,392.0,392.0,392.0,396.0,398.8,410.4,408.60304077148436,9.199999999999989,1.242398525454387,9300,False,False
ARTO.JK,835.0,848.3333333333334,864.0,892.5,954.25,1101.3,1087.25,53.25999999999999,2.4505436261620184,3273300,False,False
ARTA.JK,2060.0,2100.0,2100.0,2166.0,2227.0,2326.2,2361.75,26.619999999999983,3.897889163198641,200,False,False
ARNA.JK,520.0,526.6666666666666,520.6,514.8,512.15,499.38,474.01,5.4573333333333265,2.0923703316572966,1443100,True,True
ARKO.JK,3470.0,3676.6666666666665,3784.0,3923.0,4328.5,4742.6,5302.85,127.26000000000003,3.800067929388046,3399000,False,False
ARKA.JK,22.0,22.0,22.0,22.0,22.0,22.0,24.15,0.0,0.0,0,True,False
ARII.JK,330.0,330.0,328.0,312.4,307.9,291.0,284.86,19.5,3.4948811269080386,48300,False,False
ARGO.JK,1255.0,1230.0,1229.0,1192.5,1181.75,1163.2,1031.35,18.359999999999992,4.338441881445343,142600,False,False
AREA.JK,320.0,317.3333333333333,319.6,320.4,327.7,305.44,273.64,11.129999999999995,2.0792578967364657,1656600,False,False
ARCI.JK,1255.0,1286.6666666666667,1303.0,1324.5,1320.5,1250.0,1179.7804626464845,14.9,2.6265868895803295,11442000,False,False
APLN.JK,117.0,118.66666666666667,119.4,122.8,127.9,130.04,133.64,13.039999999999992,1.9090161654644635,5677300,False,False
APLI.JK,270.0,270.0,274.0,280.6,279.4,265.68,252.6439372253418,7.460000000000008,1.2054036537129427,59700,False,False
APII.JK,192.0,195.0,199.4,198.4,195.0,190.28,185.00208786010742,9.120000000000005,3.8261838720974906,251600,False,False
APIC.JK,398.0,400.0,401.6,408.8,451.4,542.46,742.08,72.23000000000002,3.8782480076782018,177700,False,False
APEX.JK,175.0,175.66666666666666,179.0,184.9,194.25,178.64,158.4,19.25,2.609061733755384,6573200,False,False
ANTM.JK,3130.0,3210.0,3216.0,3243.0,3195.0,3109.4,2990.7898095703126,13.35999999999999,2.404274450554901,40428300,False,False
ANJT.JK,1550.0,1573.3333333333333,1575.0,1583.5,1589.25,1541.1,1547.9,9.630000000000019,1.3154769790457284,40700,False,False
ANDI.JK,28.0,24.333333333333332,22.8,21.5,20.7,18.8,18.66,9.2,9.662957647833483,180958400,False,False
AMRT.JK,1330.0,1305.0,1306.0,1307.0,1306.0,1344.4,1349.9066687011718,7.8800000000000185,1.5958866052591312,10454000,False,False
AMOR.JK,354.0,359.3333333333333,362.4,366.0,365.7,358.48,345.14,6.0,1.1918267824436068,199100,False,False
AMMS.JK,198.0,204.0,208.4,210.2,214.0,226.28,286.98,28.28,4.035725326866286,168900,False,False
AMMN.JK,4680.0,4710.0,4742.0,4815.0,4718.0,4433.4,3983.7,38.16000000000004,2.660913390824175,22645400,False,False
AMIN.JK,258.0,263.3333333333333,267.6,260.8,250.9,246.6,249.92,10.500000000000014,2.7630482837581605,98800,False,False
AMFG.JK,3170.0,3176.6666666666665,3220.0,3248.0,3285.5,3286.6,3147.537482910156,11.659999999999991,1.843380259554204,1600,False,False
AMAR.JK,222.0,228.0,230.4,233.2,233.2,223.44518829345702,206.46594833374024,5.599999999999994,1.7684112708682198,508200,True,False
AMAN.JK,193.0,205.0,209.4,216.1,222.45,237.34,248.05,44.34,2.4570165641405928,794300,False,False
AMAG.JK,384.0,386.0,386.4,386.8,387.8,388.2,390.74,2.0999999999999943,0.32694750619491614,2600,True,False
ALKA.JK,7400.0,7400.0,7400.0,7282.5,5852.75,3836.7,2196.97,142.532,9.361734219740505,0,False,False
ALII.JK,645.0,681.6666666666666,697.0,716.0,749.75,764.4,777.4199371337891,23.879999999999995,2.64874740952115,627800,False,False
ALDO.JK,960.0,958.3333333333334,955.0,955.5,951.0,892.7,789.9007678222656,13.45999999999999,1.0872951229049526,67500,False,False
AKSI.JK,380.0,392.0,388.8,382.4,339.8,274.96,251.86,58.52000000000001,6.018034157283216,709300,False,False
AKRA.JK,1455.0,1470.0,1464.0,1468.0,1466.75,1427.2843041992187,1347.9291918945312,8.543139160156262,1.0897761346986374,5151800,False,False
AKPI.JK,505.0,510.0,509.0,523.5,527.25,512.3,503.26334075927736,4.45,2.245217994102001,76600,True,False
AKKU.JK,41.0,42.333333333333336,40.6,39.3,38.65,38.26,38.13,4.073333333333338,5.042524568165942,22214200,False,False
AISA.JK,117.0,117.66666666666667,120.2,120.2,119.0,117.62,111.73,3.200000000000003,4.641651859710757,4287600,False,False
AIMS.JK,474.0,478.0,482.8,490.4,497.8,428.0,416.74,34.900000000000006,2.9948238702040766,59200,False,False
AHAP.JK,97.0,92.0,89.63333282470703,90.73749923706055,95.96874961853027,95.98749984741211,92.57374992370606,7.366667175292974,13.44296812294717,174244900,False,False
AGRS.JK,56.0,57.0,57.4,58.4,60.25,60.88,61.69,4.880000000000003,1.1884356113793526,4996900,True,False
AGRO.JK,134.0,138.0,139.6,142.5,147.25,147.96,151.29,13.960000000000008,1.5078861415202112,10318900,False,False
AGII.JK,3360.0,3433.3333333333335,3466.0,3453.0,3244.5,3051.0,2917.304970703125,41.5,4.27146957285951,90500,False,False
AGAR.JK,1750.0,2050.0,2266.0,2290.0,2005.25,1517.9,877.91,154.42,16.184654535317073,641200,False,False
AEGS.JK,46.0,47.0,47.8,49.0,48.65,45.26,43.97,3.740000000000002,1.9372855124611856,1645800,True,True
ADRO.JK,2600.0,2586.6666666666665,2594.0,2609.0,2649.5,2590.0,2463.6,6.283333333333348,1.316494783558057,15032500,False,False
ADMR.JK,1535.0,1531.6666666666667,1535.0,1546.0,1592.5,1593.2,1560.7,12.306666666666661,2.5808893986479173,6371100,False,False
ADMG.JK,240.0,241.33333333333334,243.6,247.2,257.5,247.0,224.36,8.75,1.6241313783570819,1008900,False,False
ADMF.JK,8650.0,8666.666666666666,8685.0,8712.5,8711.25,8624.5,8423.5,3.52,0.5480145291343853,29900,True,False
ADHI.JK,133.0,133.0,133.0,133.0,133.0,142.68,154.81,9.680000000000007,0.0,0,False,False
ADES.JK,35500.0,34800.0,33630.0,32877.5,32307.5,33239.5,29958.0,127.7,3.5498595451631547,79000,False,False
ADCP.JK,50.0,50.0,50.0,50.0,50.0,50.0,50.0,0.0,0.0,0,True,False
ACST.JK,90.0,97.33333333333333,97.4,102.3,102.45,92.28,86.18,12.450000000000003,7.131785035734635,2646800,False,False
ACRO.JK,50.0,55.666666666666664,58.4,61.0,63.6,62.64,61.82139575958252,13.600000000000001,4.737850883426962,10988800,False,False
ACES.JK,340.0,342.0,342.8,346.6,350.5,354.04,341.9175262451172,7.02000000000001,1.164460297920953,4887400,False,False
ABMM.JK,2590.0,2640.0,2676.0,2731.0,2791.0,2686.6,2562.9699975585936,20.1,1.649078524840204,1679200,False,False
ABDA.JK,4920.0,4926.666666666667,4944.0,4958.0,4774.5,4098.8,3761.1,85.91999999999999,0.4366870308770211,200,False,False
ABBA.JK,30.0,30.0,30.0,30.0,30.0,30.0,32.09,0.0,0.0,0,True,False
AALI.JK,7825.0,7816.666666666667,7830.0,8187.5,8337.5,7681.0,7099.25,26.26,2.237179497239615,453700,False,False
AADI.JK,11750.0,11383.333333333334,11315.0,11720.0,11688.75,10298.5,9209.4755859375,58.06,2.544043348409089,4949900,False,False
