Ticker,Close,MA3,MA5,MA10,MA20,MA50,MA100,Range_Ticks,Vol_Pct,Volume,MA_Tight,Signal
ZYRX.JK,125.0,125.0,127.0,128.0,128.25,129.32,135.33933135986328,4.319999999999993,1.6269522527399323,230100,True,False
ZONE.JK,800.0,731.6666666666666,642.0,575.5,560.5,474.0350860595703,418.03102722167966,65.19298278808594,9.853377263513133,1593400,False,False
ZINC.JK,30.0,30.0,30.0,30.0,30.0,30.0,30.29,0.0,0.0,0,True,False
YUPI.JK,1300.0,1303.3333333333333,1308.0,1312.5,1328.0,1360.4,1432.2811755371094,12.080000000000018,0.4453478339075766,15700,False,False
YULE.JK,3530.0,3516.6666666666665,3484.0,3423.0,3350.0,3356.8,3346.0130517578127,18.0,1.8219871816902518,100,False,False
YPAS.JK,580.0,578.3333333333334,583.0,592.5,601.5,629.1,869.0,10.15333333333333,1.2601404418527427,10200,False,False
YOII.JK,84.0,84.0,84.6,85.3,85.85,83.5,90.71,2.3499999999999943,1.2570768075569108,2181900,True,False
YELO.JK,77.0,77.0,77.8,77.1,74.55,73.92,87.69,3.8799999999999955,3.4580884151590316,15971800,True,False
WTON.JK,76.0,75.66666666666667,75.6,75.3,73.45,74.63444351196289,81.47114967346191,2.549999999999997,1.6484358531304393,637300,True,False
WSBP.JK,14.0,14.0,14.0,14.0,14.0,14.38,16.5,0.3800000000000008,0.0,0,True,False
WOWS.JK,58.0,58.0,59.2,59.6,58.75,58.7,66.23,1.6000000000000014,1.6966531140874992,2388400,True,False
WOOD.JK,224.0,234.66666666666666,226.0,213.1,207.5,224.68,266.16,13.583333333333329,7.740462109761919,1725800,False,False
WOMF.JK,252.0,252.0,251.2,252.8,248.8,257.88,277.74596099853517,4.539999999999992,1.1769536754409438,6900,True,False
WMUU.JK,51.0,51.666666666666664,52.4,52.2,51.1,51.9,60.98,1.3999999999999986,7.461420369108161,57501500,False,False
WIRG.JK,55.0,56.0,56.8,56.1,54.1,56.04,67.88,2.6999999999999957,3.7021382325545518,29577800,True,False
WINS.JK,510.0,516.6666666666666,513.0,516.0,524.5,512.2121484375,515.4628262329102,2.9,1.5785185539176734,223900,True,False
WINR.JK,20.0,20.0,20.4,20.3,21.1,22.14,27.1,2.1400000000000006,4.759037573130171,2562500,False,False
WINE.JK,144.0,147.66666666666666,148.2,149.0,148.75,152.13398834228516,165.46186752319335,8.133988342285164,2.070439504285401,176900,False,False
WIIM.JK,1645.0,1628.3333333333333,1617.0,1612.0,1583.0,1591.03751953125,1678.6778796386718,12.4,1.7423453961176596,690600,False,False
WIFI.JK,1915.0,1975.0,1979.0,2004.0,1860.4795776367187,1794.7091528320314,2031.5696936035156,41.85816943359373,4.342901514232013,13154000,False,False
WIDI.JK,26.0,25.666666666666668,26.6,27.2,26.6,25.86,28.75,1.5333333333333314,5.15958371780113,3017200,False,False
WGSH.JK,153.0,144.0,138.4,138.5,137.3,123.94,119.54,29.060000000000002,4.667478991788834,18680800,False,False
WEHA.JK,100.0,102.33333333333333,103.2,103.8,102.2,107.2970248413086,115.31132255554199,7.297024841308598,1.9025043269046562,2611800,False,False
WEGE.JK,50.0,50.0,50.0,50.0,50.0,50.14,53.77,0.14000000000000057,0.0,91400,True,False
WAPO.JK,121.0,120.66666666666667,121.0,120.5,115.9,114.56,124.04,6.439999999999998,0.888883458337681,94000,False,False
VTNY.JK,63.0,64.0,64.6,65.0,61.5,60.0,64.89,5.0,4.70223635621995,9956200,False,False
VRNA.JK,76.0,76.0,76.2,76.1,75.2,74.92,76.36,1.2800000000000011,1.6024488568351418,11100,True,False
VOKS.JK,200.0,199.33333333333334,199.2,198.3,197.3,200.48,208.43,3.1799999999999784,1.4731921275767725,161800,True,False
VKTR.JK,720.0,763.3333333333334,774.0,766.0,671.0,648.86,754.58,25.028,5.813997875661693,59850400,False,False
VIVA.JK,35.0,37.0,37.8,35.9,34.75,33.78,37.32,4.019999999999996,6.595455312074271,2371800,False,False
VISI.JK,860.0,868.3333333333334,880.0,886.0,916.75,930.0,802.65,14.0,1.4385467984938476,487300,False,False
VINS.JK,136.0,137.66666666666666,138.0,139.1,138.15,136.92,151.07,3.0999999999999943,1.0767108132861773,29200,True,False
VICO.JK,140.0,141.0,140.6,139.7,136.4,137.92,149.54,4.599999999999994,1.323967285081223,247500,True,False
VICI.JK,580.0,586.6666666666666,589.0,596.5,609.75,580.177152709961,577.9332955932617,5.95,1.0435413804891178,412500,True,False
VERN.JK,196.0,196.0,198.0,199.9,177.7,146.98,134.75,52.920000000000016,3.668564878993938,1191200,False,False
VAST.JK,116.0,117.66666666666667,117.0,117.2,115.7,116.38,119.02,1.9666666666666686,1.5862156699404033,735200,True,False
UVCR.JK,149.0,153.0,150.6,147.8,139.65,168.90964599609376,166.1436932373047,29.259645996093752,4.389115471711847,18243600,False,False
URBN.JK,214.0,216.66666666666666,219.6,225.6,220.8,206.72,195.24,9.439999999999998,2.359347180047602,19900,False,False
UNVR.JK,1690.0,1691.6666666666667,1688.0,1697.5,1713.75,1661.3327978515624,1691.63443359375,10.483440429687516,1.20907620233205,4809000,False,False
UNTR.JK,24900.0,25100.0,25260.0,25762.5,25293.75,23815.5,26481.2027734375,77.88,0.7515521101597861,1499900,False,False
UNTD.JK,79.0,79.66666666666667,79.4,78.4,76.2,73.1,78.32,6.566666666666677,1.7872357504556644,7499700,False,False
UNSP.JK,206.0,206.0,206.0,206.0,206.0,223.84,281.54,8.920000000000002,0.0,0,False,False
UNIQ.JK,108.0,109.0,109.8,110.5,107.2,103.18,118.11,7.319999999999993,2.356534946266367,742600,False,False
UNIC.JK,12650.0,12716.666666666666,12710.0,12717.5,12597.5,12605.7901171875,11490.25365234375,4.8,0.9073988933058549,3000,True,False
ULTJ.JK,1360.0,1355.0,1373.0,1401.5,1386.25,1407.6,1489.05,10.519999999999982,1.6328523536129562,219900,False,False
UFOE.JK,134.0,136.33333333333334,135.8,136.8,135.8,136.1,142.91,2.8000000000000114,3.1556454454340974,81800,True,False
UDNG.JK,1080.0,1151.6666666666667,1175.0,1223.5,1271.5,1313.4,1287.2,46.68000000000002,3.321201028892442,312100,False,False
UCID.JK,366.0,375.3333333333333,380.8,381.0,376.3,374.75583984375,387.9147741699219,7.5,1.8370150078846403,1209900,False,False
UANG.JK,2190.0,2250.0,2312.0,2369.0,2382.5,2312.8,3024.7,19.25,2.6700555738343246,96400,False,False
TYRE.JK,116.0,113.66666666666667,114.0,114.3,113.35,109.26,112.64,6.739999999999995,2.476768630442548,202000,False,False
TUGU.JK,1190.0,1196.6666666666667,1208.0,1222.5,1225.5,1170.4,1171.0663659667969,11.019999999999982,0.6963076391447582,172000,False,False
TSPC.JK,2710.0,2710.0,2706.0,2650.0,2567.0,2485.8,2488.8,22.41999999999998,1.3599912703823525,105800,False,False
TRUS.JK,412.0,413.3333333333333,412.4,426.0,453.2223129272461,339.5461169433594,345.0198373413086,56.83809799194336,2.4048258351679817,9200,False,False
TRUK.JK,420.0,417.3333333333333,417.6,418.8,420.1,402.12,407.07,8.990000000000009,1.3658789995012333,231900,False,False
TRUE.JK,50.0,50.0,50.0,50.0,50.0,66.42,114.22,16.42,0.0,0,False,False
TRST.JK,470.0,469.3333333333333,471.2,476.4,477.85103912353514,467.2341607666016,464.6451998901367,5.308439178466784,0.6120625794108558,2600,True,False
TRON.JK,108.0,110.0,110.6,110.5,104.25,97.14,118.4,13.459999999999994,10.205778840717814,8101100,False,False
TRJA.JK,109.0,108.66666666666667,109.0,111.3,110.8,112.42,123.02,3.7533333333333303,2.1656722372165764,326600,True,False
TRIS.JK,166.0,168.0,167.4,166.3,164.05,163.52,168.951407623291,4.47999999999999,1.3318054893194937,80800,True,False
TRIN.JK,322.0,326.6666666666667,338.0,337.6,335.6,384.58,566.99,31.289999999999992,4.633698750009337,1860000,False,False
TRIM.JK,555.0,566.6666666666666,573.0,567.5,567.25,537.4803643798828,540.6861825561523,7.103927124023448,1.9662321517693981,40400,False,False
TRGU.JK,158.0,160.66666666666666,161.6,162.5,163.35,170.36,178.17,12.360000000000014,1.6660572966992102,91500,False,False
TPMA.JK,444.0,444.0,447.6,448.4,445.7,437.4,509.7,5.5,1.2416902912980856,260100,True,False
TPIA.JK,2070.0,2083.3333333333335,2104.0,2104.5,1973.5,1934.186884765625,3674.2458764648436,17.031311523437488,4.070334714918479,146039300,False,False
TOWR.JK,398.0,402.0,404.4,405.4,389.2,376.6378381347656,425.99621948242185,14.38108093261718,2.2669349307728934,12317200,False,False
TOTO.JK,244.0,243.33333333333334,243.2,243.2,240.0,234.73440490722658,245.08194442749024,4.632797546386712,0.9375325766890529,51600,True,False
TOTL.JK,1065.0,1061.6666666666667,1061.0,1057.5,1051.5,1049.6,1032.4539959716797,3.0800000000000183,1.071761178168609,363000,True,False
TOSK.JK,66.0,67.0,67.0,67.3,64.15,59.48,62.32,7.82,2.299871747295458,5108300,False,False
TOOL.JK,65.0,65.33333333333333,65.6,66.8,65.9,64.46,66.65,2.3400000000000034,2.7348659761843894,4126700,True,False
TOBA.JK,446.0,456.6666666666667,466.0,469.4,436.4,415.48,503.5489184570313,26.95999999999998,2.20417120674077,3763900,False,False
TNCA.JK,167.0,164.33333333333334,156.6,148.2,142.15,145.82,166.23,24.849999999999994,4.284010647507733,18157400,False,False
TMPO.JK,107.0,109.33333333333333,107.6,106.6,104.1,105.9,116.88,5.233333333333334,3.9167938124654187,4462600,False,False
TMAS.JK,122.0,121.33333333333333,120.4,119.9,117.9,115.67008422851562,119.27789939880371,6.32991577148438,1.8481710547247503,4754800,False,False
TLKM.JK,2580.0,2576.6666666666665,2602.0,2636.0,2569.0,2605.45662109375,2717.838024902344,6.7,2.1904407340215646,16044200,False,False
TLDN.JK,515.0,521.6666666666666,525.0,522.0,518.0,513.44,562.1530267333984,2.311999999999989,1.2249672622862726,711700,True,False
TKIM.JK,6050.0,6125.0,6075.0,6065.0,5776.25,5721.455283203125,7310.502368164062,16.141788671875002,3.7556234490264027,1232400,False,False
TIRT.JK,590.0,590.0,590.0,590.0,590.0,533.6,605.23,11.279999999999996,0.0,0,False,False
TIRA.JK,492.0,500.0,507.0,508.5,526.0,587.0,758.25,47.5,1.3864173801090571,16100,False,False
TINS.JK,3500.0,3466.6666666666665,3504.0,3540.0,3480.0,3346.07568359375,3474.1810205078127,19.392431640625,2.652818634211266,23738400,False,False
TIFA.JK,260.0,263.3333333333333,265.6,262.8,245.5,268.6734338378906,304.77433013916016,11.586716918945314,8.705181303072141,7800,False,False
TGKA.JK,4800.0,4836.666666666667,4864.0,4837.0,4838.0,4780.249208984375,4701.511938476562,8.37507910156246,1.9505509248346622,33100,False,False
TFCO.JK,720.0,758.3333333333334,746.0,754.0,713.25,653.4,722.55,20.98666666666668,5.56619523254914,1000,False,False
TFAS.JK,200.0,201.33333333333334,194.4,187.1,188.1,196.2,209.08,14.233333333333348,5.822246786079787,7427200,False,False
TEBE.JK,1010.0,1031.6666666666667,1048.0,1050.5,1029.0,1008.6,1129.0382653808595,8.379999999999995,3.2769568375336964,631000,False,False
TCPI.JK,5125.0,5258.333333333333,5385.0,5567.5,6006.545629882812,7985.0030859375,9899.339033203125,114.4001234375,2.350355730049331,786300,False,False
TCID.JK,2670.0,2723.3333333333335,2742.0,2749.0,2768.5,2781.2,2805.4,11.119999999999981,1.2278357472550387,1300,False,False
TBMS.JK,1100.0,1165.0,1184.0,1207.0,1209.25,1216.9779150390625,1256.6576452636718,23.3955830078125,2.530132595134215,47600,False,False
TBLA.JK,630.0,635.0,640.0,642.0,630.25,596.8029302978516,616.2426339721679,9.039413940429677,0.9328405011910876,599600,False,False
TBIG.JK,1400.0,1423.3333333333333,1407.0,1413.0,1417.5,1401.0105151367188,1499.5518395996094,4.666666666666652,1.9453440516047336,299200,True,False
TAYS.JK,50.0,50.0,50.0,50.0,50.0,50.5,56.95,0.5,0.0,0,True,False
TAXI.JK,12.0,12.333333333333334,12.6,12.5,12.4,13.36,14.87,1.3599999999999994,5.89061912482488,1974900,False,False
TARA.JK,30.0,30.333333333333332,30.8,30.9,30.7,29.5,30.75,1.3999999999999986,4.7693539538587535,29700,False,False
TAPG.JK,1775.0,1761.6666666666667,1747.0,1671.5,1608.75,1508.3873974609376,1617.1325439453126,53.322520507812484,1.6764102679147537,3491200,False,False
TAMU.JK,21.0,21.333333333333332,21.4,20.4,19.6,19.74,25.18,1.7999999999999972,5.431994171645262,819400,False,False
TAMA.JK,224.0,235.33333333333334,222.8,202.6,181.25,174.66,165.9,30.336666666666673,9.750804040418267,3730600,False,False
TALF.JK,585.0,596.6666666666666,601.0,606.5,603.25,651.9543798828125,653.5640264892578,13.390875976562507,1.3577714544638706,16700,False,False
SWID.JK,98.0,99.66666666666667,100.8,98.7,94.7,91.32568939208984,96.90493461608887,9.474310607910155,10.303034131298924,1327200,False,False
SURI.JK,71.0,71.33333333333333,70.2,68.7,66.4,64.52,67.95,6.813333333333333,1.710911750049211,3658000,False,False
SURE.JK,2710.0,2730.0,2744.0,2744.0,2754.0,2789.6,2745.0,7.959999999999991,1.5284794645378816,500,False,False
SUPA.JK,590.0,596.6666666666666,596.0,594.5,579.25,646.8,761.4,13.509999999999991,1.8089741109754527,11808200,False,False
SUNI.JK,685.0,685.0,675.0,646.5,626.0,633.3805249023437,666.6752221679687,11.8,3.4380809138501713,514700,False,False
SULI.JK,85.0,87.66666666666667,88.0,87.5,82.6,81.46,91.86,6.540000000000006,12.388271874190313,2040700,False,False
STTP.JK,9800.0,9691.666666666666,9815.0,9802.5,9933.75,9795.5,9852.5,9.683333333333358,1.8337143910881246,53000,False,False
STRK.JK,66.0,67.0,67.0,68.4,69.35,73.26,92.66,7.260000000000005,1.9777170478620643,1078000,False,False
STAR.JK,270.0,274.6666666666667,275.6,278.2,281.2,322.84,473.17,26.419999999999987,1.6979069955912702,1600,False,False
STAA.JK,1075.0,1083.3333333333333,1078.0,1046.5,1027.0,994.4581591796875,1072.5504919433595,17.775034830729147,1.6348051651433877,2990500,False,False
SSTM.JK,388.0,388.6666666666667,392.8,399.2,392.1,419.26,534.68,15.629999999999995,4.121208109920161,81600,False,False
SSMS.JK,945.0,950.0,946.0,941.5,875.25,815.7,1053.2584191894532,26.859999999999992,2.700097561215943,9187200,False,False
SSIA.JK,1580.0,1601.6666666666667,1635.0,1702.5,1600.75,1589.8936010742189,1530.5616162109375,24.5,5.870239702253794,10025500,False,False
SRTG.JK,1715.0,1735.0,1731.0,1735.5,1658.0,1550.4106225585938,1583.3091552734375,37.01787548828124,2.2663265893003457,1246000,False,False
SRSN.JK,63.0,64.33333333333333,65.2,66.0,65.85,65.6,64.63,3.0,1.98183651324551,15988900,True,False
SRAJ.JK,10875.0,10958.333333333334,10955.0,10977.5,11021.25,11617.0,13224.25,29.68,0.5609718669775977,4900,False,False
SQMI.JK,65.0,67.0,68.4,68.7,61.8,50.18,53.92,18.520000000000003,7.688124014120364,9324100,False,False
SPTO.JK,595.0,593.3333333333334,596.0,594.0,585.0,556.9964868164062,576.87806640625,7.800702636718756,0.9217131754259252,280100,False,False
SPRE.JK,85.0,88.66666666666667,88.2,85.5,82.8,78.72,84.55,9.946666666666673,3.3846950498584687,823700,False,False
SPMA.JK,167.0,168.0,168.8,169.4,168.09999923706056,161.42461486816407,162.75846099853516,7.975385131835935,1.0539987335125405,165300,False,False
SOUL.JK,37.0,37.0,37.0,37.0,37.0,37.76,46.46,0.759999999999998,0.0,0,True,False
SOTS.JK,600.0,598.3333333333334,612.0,614.0,608.25,644.0,822.4,9.133333333333326,2.7648095140608717,26700,False,False
SOSS.JK,880.0,943.3333333333334,922.0,901.0,907.5,827.3,843.45,23.206666666666685,6.698222236592281,4000,False,False
SONA.JK,2490.0,2463.3333333333335,2444.0,2355.0,2296.0,2192.289375,2184.1658056640626,29.771062500000017,1.8695662836879734,1600,False,False
SOLA.JK,105.0,106.33333333333333,106.8,107.0,104.05,103.68,113.96,3.319999999999993,1.9053692929607045,1054700,True,False
SOHO.JK,1185.0,1186.6666666666667,1192.0,1197.0,1183.0,1244.3,1600.95,12.259999999999991,1.1659091937931927,3400,False,False
SOFA.JK,210.0,213.33333333333334,216.4,220.4,221.3,259.36,354.68,24.680000000000007,1.5585885466672327,364400,False,False
SOCI.JK,412.0,420.0,424.0,397.2,367.3,348.8885174560547,424.57006469726565,37.555741271972664,4.161624514056608,4506000,False,False
SNLK.JK,234.0,228.0,225.2,223.0,223.0,229.0,240.86,5.5,2.4072291882456573,10712200,True,False
SMSM.JK,1710.0,1721.6666666666667,1728.0,1741.5,1712.5,1680.4,1728.8184155273439,12.219999999999981,0.7328658739036029,394300,False,False
SMRA.JK,324.0,320.6666666666667,326.8,319.4,300.9,290.271350402832,307.5844581604004,18.264324798584,2.67836090703863,5081900,False,False
SMMT.JK,1800.0,1811.6666666666667,1841.0,1822.5,1814.75,1778.3,1734.65,12.54000000000001,2.7564894995708435,3000,False,False
SMMA.JK,20150.0,20216.666666666668,20350.0,20480.0,20927.5,20714.0,17848.75,31.1,0.8290867798354082,600,False,False
SMLE.JK,152.0,156.66666666666666,151.6,148.7,130.75,110.38,120.77,46.28666666666666,5.981553162439389,555000,False,False
SMKM.JK,67.0,66.0,66.6,69.3,66.8,69.66,82.95,3.6599999999999966,2.8513226392711517,5164500,True,False
SMKL.JK,144.0,145.0,143.4,140.2,136.75,137.03181884765624,149.03341171264648,8.25,1.7938677469219015,211400,False,False
SMIL.JK,376.0,379.3333333333333,376.8,352.6,325.4,290.88,275.9,44.22666666666666,3.78274410057463,39818000,False,False
SMGR.JK,1460.0,1465.0,1473.0,1490.0,1460.75,1549.042099609375,1937.78025390625,17.80841992187502,1.885787804017714,7806900,False,False
SMGA.JK,67.0,68.66666666666667,69.8,71.0,68.65,67.82,79.57,4.0,3.3376357531487053,5702100,True,False
SMDR.JK,286.0,288.6666666666667,292.0,292.2,283.125,280.8639700317383,310.80606491088867,5.668014984130849,1.869684125583539,2019800,True,False
SMDM.JK,565.0,568.3333333333334,570.0,570.5,567.75,540.02,580.01,6.096000000000004,1.762600739888009,8600,False,False
SMBR.JK,158.0,160.0,161.2,160.4,155.7,156.0469137573242,186.49216415405274,5.5,2.84486799005493,999800,True,False
SMAR.JK,5425.0,5491.666666666667,5535.0,5517.5,5261.0,4902.82296875,5107.707963867188,25.28708125000001,1.2973938779784362,7400,False,False
SLIS.JK,61.0,62.0,62.0,62.2,60.45,62.84,73.8,2.3900000000000006,2.8963279836698534,8237900,True,False
SKRN.JK,414.0,411.3333333333333,410.8,405.2,387.3,373.8845703125,409.3631365966797,20.057714843750006,2.870145283515158,19800,False,False
SKLT.JK,190.0,190.66666666666666,189.8,189.0,187.45,186.08,203.43000137329102,4.586666666666645,1.339699901157518,113800,True,False
SKBM.JK,530.0,535.0,542.0,562.5,573.2,540.08,608.29,8.64000000000001,1.4618380518627083,179900,False,False
SIPD.JK,685.0,686.6666666666666,691.0,688.5,692.75,727.9,862.5,8.579999999999995,0.8659991526703567,1300,False,False
SINI.JK,6900.0,7275.0,7220.0,6650.0,6816.339038085937,8494.37259765625,10675.936298828125,73.77490390624996,7.500002956848843,419300,False,False
SIMP.JK,575.0,576.6666666666666,581.0,569.5,549.6854537963867,530.825302734375,593.7701007080078,10.034939453125002,2.1029853372283633,4542700,False,False
SILO.JK,2010.0,2005.0,2025.0,2087.5,2134.75,2228.9,2415.15,22.390000000000008,1.0913669392937486,35100,False,False
SIDO.JK,364.0,366.0,368.8,374.2,375.2,379.04,435.988349609375,7.52000000000001,0.4697749104778994,7455900,False,False
SICO.JK,110.0,109.66666666666667,111.2,110.7,107.95,105.98,116.92138481140137,5.219999999999999,2.2718765854543834,368700,True,False
SHIP.JK,1775.0,1818.3333333333333,1787.0,1749.0,1723.0,1673.9,2619.7765258789063,28.886666666666635,2.338848455549377,4000,False,False
SHID.JK,610.0,610.0,610.0,597.0,582.5,635.7,699.15,10.64000000000001,2.4432258696533853,4100,False,False
SGRO.JK,3250.0,3250.0,3264.0,3255.0,3066.3726318359377,2803.0510546875,3820.702019042969,46.09489453125002,1.6649604669861682,4400,False,False
SGER.JK,432.0,434.6666666666667,438.0,447.2,431.3,372.56,388.52,37.31999999999999,2.3335046643574238,4313400,False,False
SFAN.JK,1955.0,1951.6666666666667,1952.0,1955.5,1964.5,1962.2,1947.5,2.5666666666666513,0.23480309203002028,8900,True,False
SEMA.JK,96.0,96.0,95.8,96.0,93.4,96.06,103.11,2.6599999999999966,1.835701603023042,610200,True,False
SDRA.JK,208.0,208.66666666666666,208.4,209.6,209.4,215.2,234.64,3.5999999999999943,1.3875028782519887,78700,True,False
SDPC.JK,224.0,195.66666666666666,190.0,185.8,183.6,180.2320001220703,184.32145614624022,21.88399993896485,7.353013994521539,834300,False,False
SDMU.JK,78.0,78.0,78.8,80.9,81.1,77.36,84.27,3.739999999999995,2.3227965826132166,5173500,True,False
SCNP.JK,179.0,164.0,160.4,158.7,153.8,148.5315267944336,158.43244583129882,30.468473205566397,6.059341874179811,4812800,False,False
SCMA.JK,194.0,197.66666666666666,199.8,203.7,205.75,205.43555450439453,227.10110733032226,11.75,2.2431015424685277,32928500,False,False
SCCO.JK,2290.0,2286.6666666666665,2296.0,2299.0,2268.0,2238.3088818359374,2243.618603515625,6.069111816406258,0.8888785608291129,15600,False,False
SBMA.JK,105.0,105.33333333333333,106.0,107.4,107.35,107.56,113.93,2.5600000000000023,1.4774637359941531,92400,True,False
SATU.JK,260.0,264.0,266.8,269.6,271.5,268.6,265.04,5.75,0.6170975170633675,206500,True,False
SAPX.JK,218.0,218.0,216.8,214.6,211.6,211.44,232.62,3.280000000000001,3.1378775994164374,3623300,True,False
SAMF.JK,280.0,280.0,280.0,279.6,278.8,275.30468902587893,297.4106889343262,2.3476554870605355,0.6291043924450963,8300,True,False
SAME.JK,296.0,298.0,298.4,300.6,309.0,316.12,326.76,10.060000000000002,0.7145867009669763,114700,False,False
SAGE.JK,33.0,33.0,33.2,34.1,31.3,28.86,30.17,5.240000000000002,4.223271187170423,57700,False,False
SAFE.JK,376.0,376.0,376.8,372.6,358.2,334.76,353.92,21.02000000000001,1.3640747420690853,4400,False,False
RUNS.JK,65.0,66.0,66.6,67.7,68.6,73.04,80.62,8.040000000000006,2.9893099716639093,165500,False,False
RUIS.JK,197.0,199.66666666666666,201.4,203.1,196.10625,183.668125,205.0421875,19.43187499999999,2.4961680680633056,133000,False,False
RSCH.JK,298.0,292.0,285.6,277.8,280.5,286.6,303.04,10.099999999999994,3.235411142925273,10616700,False,False
ROTI.JK,595.0,595.0,598.0,605.0,606.5,584.0,625.5869091796875,4.5,1.024904950674346,221500,True,False
RONY.JK,1375.0,1443.3333333333333,1421.0,1441.0,1198.75,1122.0,1409.3,64.26666666666665,12.584680255788886,8200,False,False
RODA.JK,58.0,59.666666666666664,60.6,62.1,60.45,58.08,62.53,4.100000000000001,1.7292705719424182,3398300,True,False
ROCK.JK,1765.0,1758.3333333333333,1782.0,1803.5,1792.0,1753.4,2095.5,10.019999999999982,2.56050041699199,23600,False,False
RMKO.JK,282.0,289.3333333333333,302.0,320.4,334.2,320.52,421.43,26.099999999999994,2.795070195320619,1388000,False,False
RMKE.JK,402.0,410.0,415.2,430.4,435.9,463.1622045898437,542.9199206542969,30.581102294921862,3.37119141037225,45972100,False,False
RLCO.JK,5175.0,5001.666666666667,4811.0,4172.5,3693.25,3290.1,4432.05,75.396,4.961914010659259,1390600,False,False
RISE.JK,965.0,995.0,1008.0,1022.5,959.75,1040.8,1517.85,16.20999999999999,6.962150765271266,368100,False,False
RIGS.JK,675.0,681.6666666666666,685.0,685.0,683.0,678.9,686.55,2.0,0.8547156949781531,42600,True,False
RICY.JK,76.0,77.0,77.4,77.8,77.5,76.72,84.95,1.7999999999999972,1.710987901384746,4594100,True,False
RGAS.JK,226.0,222.66666666666666,220.0,217.2,209.45,166.0674757385254,128.32482566833497,29.966262130737306,1.3120196178522978,2335000,False,False
RELI.JK,486.0,484.6666666666667,485.2,488.8,489.1,490.82,494.65,3.076666666666654,1.472159093729239,24400,True,False
RELF.JK,35.0,35.666666666666664,36.0,36.3,34.95,34.94,37.18,1.3599999999999994,3.2556642058664425,1512100,True,False
REAL.JK,50.0,50.333333333333336,51.0,50.6,50.29899978637695,50.256585388183595,51.975607299804686,1.0,2.6229754129676284,46383500,True,False
RDTX.JK,13600.0,13666.666666666666,13720.0,13720.0,13818.1,14387.6794140625,15096.091689453126,31.507176562500025,0.9165262555936202,2400,False,False
RCCC.JK,92.0,92.33333333333333,96.0,93.2,91.3,91.12,101.36,4.8799999999999955,5.995451438341417,502100,False,False
RBMS.JK,63.0,65.0,65.8,67.5,62.85,61.28,59.05,6.219999999999999,7.871395005127548,13199700,False,False
RATU.JK,4830.0,4943.333333333333,4965.0,4988.0,5162.75,4826.9,5311.598515625,33.585000000000036,2.0774768459677637,7416700,False,False
RANC.JK,520.0,518.3333333333334,518.0,517.5,526.0,523.24,549.22,1.7,1.2807093420744653,400,True,False
RALS.JK,378.0,379.3333333333333,380.8,382.0,379.3,379.1333331298828,392.6688916015625,2.0,0.5216646516951993,275600,True,False
RAJA.JK,880.0,885.0,887.0,901.5,874.45,771.92337890625,792.9394201660157,25.915324218749994,3.4689995019250666,95184100,False,False
RAAM.JK,208.0,210.66666666666666,211.2,208.8,205.15,203.54,206.67,3.8299999999999983,3.688678389940276,271200,True,False
PZZA.JK,183.0,184.33333333333334,184.8,186.1,184.55,185.34,192.76997863769532,3.0999999999999943,0.7920025249393272,50200,True,False
PYFA.JK,202.0,208.0,209.2,209.2,207.2,209.2,272.82,3.5999999999999943,3.2003429722145698,7688400,True,False
PWON.JK,264.0,262.6666666666667,266.4,267.8,261.4,258.03515869140625,288.1353207397461,4.8824206542968795,1.6438215212724538,14522500,True,False
PURI.JK,136.0,135.0,136.2,137.7,136.2,134.86,147.96,2.839999999999975,2.8445705018937675,321200,True,False
PURA.JK,31.0,30.666666666666668,31.0,30.9,30.8,32.26,31.98,1.5933333333333302,4.1744159424967,182500,False,False
PUDP.JK,298.0,302.0,302.0,300.2,297.1,299.280517578125,311.3569049072266,2.4499999999999886,1.854872944482842,63200,True,False
PTSP.JK,870.0,881.6666666666666,898.0,899.5,888.75,885.0,903.9,5.9,2.3040151837981098,30500,True,False
PTSN.JK,256.0,259.3333333333333,257.6,252.8,246.7,242.7027426147461,278.69855575561525,8.315295359293614,1.546750001737272,113300,False,False
PTRO.JK,4530.0,4640.0,4698.0,4492.0,4203.0,4085.8,4674.1,61.219999999999985,4.024820865773666,30455900,False,False
PTPW.JK,1130.0,1125.0,1125.0,1133.5,1149.3572998046875,1077.3482690429687,1017.8506976318359,14.401806152343761,0.6592181460852778,12500,False,False
PTPS.JK,134.0,137.33333333333334,140.6,141.2,135.45,128.52,154.97,12.679999999999978,3.016550771094696,1214100,False,False
PTPP.JK,198.0,200.0,205.2,209.4,200.3,197.04,236.84,12.360000000000014,2.6252610209743112,3397000,False,False
PTMP.JK,62.0,63.0,62.6,62.6,60.9,59.2,63.22,3.799999999999997,3.2420084502129782,9603100,True,False
PTIS.JK,268.0,267.3333333333333,268.0,268.8,269.5,282.36,292.8,7.51333333333335,1.5740804394999621,1700,False,False
PTBA.JK,2330.0,2340.0,2370.0,2397.0,2379.5,2460.4628662109376,2625.466796875,13.04628662109376,0.9846023265971863,3914700,False,False
PSSI.JK,310.0,313.3333333333333,318.8,321.2,305.9,296.39615356445313,318.7798681640625,12.40192321777343,2.2033229155954417,190500,False,False
PSKT.JK,210.0,213.33333333333334,212.8,208.6,199.2,195.46,227.57,8.936666666666667,3.7176750650747894,8172800,False,False
PSGO.JK,198.0,198.0,198.0,198.3,198.2,193.41308868408203,193.82670028686525,4.886911315917985,0.237485495305019,21100,True,False
PSDN.JK,116.0,120.33333333333333,119.8,119.2,114.25,116.98,133.02,6.083333333333329,5.1768416983540355,3311900,False,False
PSAT.JK,820.0,833.3333333333334,839.0,843.0,820.25,811.0,867.7,6.4,1.0517122729339274,24900,False,False
PSAB.JK,418.0,424.0,425.6,428.0,417.3,409.2543646240234,416.11545623779296,9.372817687988288,1.601900239948321,37306300,False,False
PRIM.JK,103.0,104.0,103.2,99.1,96.7,88.46,82.79,15.540000000000006,2.596825622555401,3471100,False,False
PRDA.JK,2340.0,2350.0,2362.0,2376.0,2441.0,2481.2,2431.5296044921874,14.119999999999981,0.29402735075097963,160900,False,False
PRAY.JK,730.0,733.3333333333334,739.0,730.5,701.0,692.4,717.45,9.320000000000004,3.6833660154815893,1000,False,False
PPRO.JK,16.0,16.0,16.4,16.9,17.15,16.08,21.62,1.1499999999999986,3.2826467983915566,503200,True,False
PPRI.JK,149.0,149.33333333333334,149.4,151.3,146.4,143.94,166.05,7.360000000000014,1.262021290790991,1194200,False,False
PPRE.JK,102.0,104.33333333333333,105.8,109.5,106.75,100.64,122.7,8.86,1.9974296365846713,16777000,False,False
PPGL.JK,208.0,209.33333333333334,213.2,210.8,210.75,197.08,202.49,8.059999999999988,2.113799961337296,652600,False,False
POWR.JK,720.0,723.3333333333334,727.0,725.0,717.25,705.8189111328124,697.6757250976563,4.236217773437511,0.859873631552668,1485400,True,True
PORT.JK,875.0,883.3333333333334,881.0,882.5,869.5,875.9,886.15,2.766666666666674,1.7147454146271772,1100,True,False
POLY.JK,32.0,32.0,32.0,32.0,32.0,32.0,32.76,0.0,0.0,0,True,False
POLU.JK,12575.0,12383.333333333334,12450.0,12637.5,12590.0,12162.5,13721.5,19.0,3.2201757273379283,700,False,False
POLI.JK,690.0,698.3333333333334,702.0,710.5,706.5,770.9,936.9,16.179999999999996,3.5435777687989054,1400,False,False
PNSE.JK,500.0,496.0,497.2,496.6,503.3,525.32,588.76,14.660000000000025,1.5597760361070963,1200,False,False
PNLF.JK,226.0,226.0,226.8,227.6,221.9,222.26,235.13,2.8499999999999943,0.6491813563388251,9101900,True,False
PNIN.JK,705.0,710.0,715.0,727.0,724.0,731.6,754.1,5.320000000000005,1.2585176534538567,4800,True,False
PNGO.JK,3550.0,3546.6666666666665,3538.0,3533.0,3491.0,3462.0,3408.3,8.8,0.5202780147719824,21800,False,False
PNBS.JK,50.0,50.0,50.4,50.4,50.2,50.08,50.36,0.3999999999999986,0.9336024218017578,140500,True,False
PNBN.JK,885.0,883.3333333333334,887.0,897.5,885.0,883.5917944335938,918.6159094238282,2.833333333333326,1.5907755062772735,324800,True,False
PMUI.JK,85.0,85.0,85.0,85.1,83.55,79.59093017578125,87.67023071289063,5.5090698242187415,0.7471926774079389,1426800,True,False
PMJS.JK,109.0,108.66666666666667,109.2,109.6,106.725,106.25624954223633,114.03692192077636,3.3437504577636616,0.8630499004814317,70300,True,False
PLAN.JK,37.0,37.666666666666664,38.0,38.2,37.6,37.7,44.07,1.2000000000000028,2.60603678377057,677400,True,False
PKPK.JK,3790.0,3793.3333333333335,3840.0,3760.0,3492.0,3050.4,2721.25,78.96,3.2947106047739085,593900,False,False
PJHB.JK,163.0,166.33333333333334,170.2,168.4,163.9,169.98,196.39,7.199999999999989,2.444147131345887,689000,False,False
PJAA.JK,456.0,455.3333333333333,456.4,457.0,457.0,456.6,481.24920349121095,0.8333333333333428,0.6172634304060691,99700,True,False
PIPA.JK,116.0,115.66666666666667,118.0,120.8,119.2,115.62,124.38,5.179999999999993,4.1840611286333305,2826400,False,False
PICO.JK,129.0,130.33333333333334,130.0,128.5,127.3,130.22,140.72,3.0333333333333456,1.2886127447696765,96200,True,False
PGUN.JK,7400.0,7675.0,7875.0,7577.5,7367.5,7382.696015625,8055.340307617187,20.3,4.307018755055961,4500,False,False
PGLI.JK,202.0,195.33333333333334,194.0,191.9,191.5,187.88,202.7,7.060000000000002,2.7891912151320164,792600,False,False
PGJO.JK,680.0,668.3333333333334,677.0,683.0,689.25,730.7,726.25,12.473333333333334,2.439336972357866,4600,False,False
PGEO.JK,995.0,1006.6666666666666,1005.0,1007.5,978.25,919.2,952.8480236816406,17.65999999999999,1.9320414174623908,13570700,False,False
PGAS.JK,1500.0,1508.3333333333333,1518.0,1515.5,1476.0,1537.897060546875,1672.792958984375,12.379412109375016,1.4902176525158248,6443800,False,False
PEVE.JK,320.0,322.6666666666667,321.2,321.6,316.4,318.04,387.29,3.133333333333354,2.5337000959209566,381700,True,False
PEHA.JK,258.0,260.6666666666667,258.4,258.2,252.3,253.27341003417968,272.9284663391113,4.183333333333337,2.6030655006415144,95300,True,False
PEGE.JK,90.0,91.0,90.6,91.1,102.0134147644043,107.20914642333985,129.11457321166992,17.209146423339845,3.312290188049764,11758700,False,False
PDPP.JK,268.0,268.6666666666667,268.8,266.4,265.28710174560547,263.8942086791992,290.20242630004884,2.452895660400401,0.8851540105104305,25700,True,False
PDES.JK,400.0,396.6666666666667,397.2,399.0,404.0,457.65960693359375,487.321953125,30.496470133463532,1.3060606980347933,439700,False,False
PCAR.JK,38.0,38.0,38.2,38.2,38.55,38.24,38.59,0.5499999999999972,1.4701147893966033,109100,True,False
PBSA.JK,750.0,761.6666666666666,777.0,775.0,761.8757537841797,722.0437219238281,886.1191827392578,10.991255615234376,3.1660766835951404,282100,False,False
PBRX.JK,26.0,26.666666666666668,26.6,26.6,26.95,27.24,33.5,1.2399999999999984,3.7547501724721184,218900,True,False
PBID.JK,530.0,525.0,511.8,499.5,488.15,482.7400012207031,474.28896179199216,9.45199975585938,1.4269052179520767,2548700,False,False
PART.JK,103.0,104.0,105.4,105.0,104.63903732299805,98.80633209228516,109.8936923980713,6.5936679077148455,1.7366629621566738,422100,False,False
PANS.JK,1565.0,1570.0,1568.0,1573.5,1540.0,1517.1430151367188,1502.2876477050781,11.271396972656248,0.5034404621843348,57600,False,False
PANR.JK,406.0,406.6666666666667,408.0,409.2,406.5,431.3741174316406,465.6447048950195,12.687058715820314,1.7566228720581774,2200,False,False
PANI.JK,5875.0,5958.333333333333,6070.0,6177.5,6063.75,6494.653662109375,7440.76373046875,24.786146484374985,2.6168735245096513,2214300,False,False
PAMG.JK,57.0,59.666666666666664,58.2,57.2,54.3,53.18,56.35,6.486666666666665,10.065265238381995,17915300,False,False
PALM.JK,302.0,303.3333333333333,306.4,306.8,300.6,308.5635626220703,335.5708935546875,3.9817813110351494,1.9146818189504038,117100,True,False
PADI.JK,72.0,75.66666666666667,75.2,73.6,75.08825721740723,75.26341049194336,93.18510948181152,3.6666666666666714,7.239093804946456,409932100,False,False
PADA.JK,120.0,119.66666666666667,119.8,119.6,114.25,115.84,134.96,5.75,3.517090607258787,23344200,True,False
PACK.JK,220.0,223.33333333333334,225.6,222.0,222.0,247.96,233.68,13.980000000000004,4.74996353473587,40455200,False,False
OPMS.JK,102.0,102.0,101.2,101.7,100.8,99.48,112.84,2.519999999999996,1.7756855667913467,107922000,True,False
OMRE.JK,1000.0,1006.6666666666666,1052.0,1093.0,1060.5,1015.3,918.2,18.6,9.068053749209385,3200,False,False
OMED.JK,210.0,209.33333333333334,210.4,207.6,203.3,205.34106323242187,233.89892761230467,3.549999999999997,2.0761197857822373,1695800,True,False
OLIV.JK,49.0,49.666666666666664,50.0,50.0,50.0,50.84,53.58,1.8400000000000034,3.1645511771938346,2367600,True,False
OKAS.JK,101.0,101.66666666666667,101.8,101.9,100.7,99.96,108.8,1.940000000000012,2.073897721986623,950100,True,False
OILS.JK,228.0,226.0,233.2,224.2,213.5,197.52,228.64,17.83999999999999,4.802996335228837,35088200,False,False
OBMD.JK,190.0,193.66666666666666,198.2,198.7,184.6,180.0,209.76,18.69999999999999,3.044435496465059,295900,False,False
OBAT.JK,244.0,245.33333333333334,246.8,249.2,244.7,244.77279541015625,287.1976617431641,2.5999999999999943,0.8826457316942979,17500,True,False
OASA.JK,318.0,324.0,331.6,335.4,305.0,298.04,317.36,18.67999999999998,3.9822941423004883,15911500,False,False
NTBK.JK,95.0,94.66666666666667,94.2,95.5,89.25,74.63411804199218,77.39079387664795,20.86588195800782,5.411723639740105,75146300,False,False
NSSS.JK,910.0,883.3333333333334,852.0,809.0,744.0,595.4734436035156,730.0141876220703,62.90531127929687,3.7941090922209786,10341200,False,False
NRCA.JK,474.0,481.3333333333333,490.0,502.5,469.45,446.56297973632815,499.7623452758789,27.968510131835927,4.546687474198326,1791400,False,False
NPGF.JK,60.0,60.0,59.2,58.6,57.65,60.3,64.86,2.6499999999999986,1.9447212832332899,23858600,True,False
NOBU.JK,442.0,439.3333333333333,442.8,445.0,434.5,444.12,497.65,5.25,1.790380294725298,1110200,True,False
NISP.JK,1245.0,1250.0,1248.0,1240.5,1218.25,1232.6,1307.1296655273438,6.35,1.212669301650066,345400,False,False
NIRO.JK,142.0,142.66666666666666,142.8,149.8,143.55,149.04,174.15,7.800000000000011,6.130065567806195,484000,False,False
NINE.JK,74.0,75.33333333333333,75.8,77.1,77.25,81.24,106.14,7.239999999999995,1.6198776279051414,3116200,False,False
NIKL.JK,181.0,183.0,186.2,189.8,185.45,203.48,257.61978729248045,22.47999999999999,2.147302674498875,3477900,False,False
NICL.JK,476.0,487.3333333333333,497.0,505.0,502.45,530.18,707.9599865722656,27.089999999999975,2.5761349526283293,10746600,False,False
NICK.JK,1040.0,1110.0,1097.0,1085.5,1043.25,1044.0,1123.95,14.0,4.978900412505344,7500,False,False
NICE.JK,246.0,246.66666666666666,247.6,251.4,254.9,260.96,283.42,7.47999999999999,2.973045292217704,1255000,False,False
NFCX.JK,1475.0,1551.6666666666667,1561.0,1571.0,1581.25,1640.2,1716.1,33.040000000000006,2.1860597322636606,20000,False,False
NETV.JK,50.0,50.333333333333336,50.8,50.9,50.9,55.2,71.83,5.200000000000003,3.905141845796536,44445900,False,False
NEST.JK,650.0,623.3333333333334,614.0,612.0,614.25,566.38,478.25,16.724,2.4035141981771555,4563200,False,False
NELY.JK,198.0,201.33333333333334,203.6,205.2,203.95,206.3392657470703,265.8294509887695,8.3392657470703,1.656071292793829,411700,False,False
NCKL.JK,840.0,841.6666666666666,853.0,856.0,829.6978637695313,812.6749206542969,955.7912426757813,8.665015869140621,2.309215952981776,12350300,False,False
NAYZ.JK,55.0,56.666666666666664,58.0,57.1,57.3,57.14,62.43,3.0,3.777172589861218,5700000,True,False
NATO.JK,650.0,656.6666666666666,656.0,651.5,625.0,600.4,609.5,11.25333333333333,1.8038900250447267,8000,False,False
NASI.JK,126.0,126.0,124.8,123.7,118.65,115.48,134.27,10.519999999999996,2.7365982237187696,4812600,False,False
NASA.JK,30.0,30.333333333333332,30.2,29.7,30.25,32.52,35.43,2.820000000000004,2.957864196659409,5400,True,False
NANO.JK,33.0,32.666666666666664,31.4,31.9,27.4,25.68,31.07,7.32,7.529315144488096,35689900,False,False
NAIK.JK,85.0,85.66666666666667,86.8,87.7,85.75,85.06,91.18538513183594,2.700000000000003,1.5733566724888515,1213400,True,False
MYTX.JK,41.0,41.0,41.0,41.0,41.0,43.1,48.91,2.1000000000000014,0.0,0,True,False
MYOR.JK,1720.0,1723.3333333333333,1725.0,1745.5,1744.0,1754.2752954101563,1772.7705932617187,6.855059082031266,1.9095529957393207,835900,False,False
MYOH.JK,1030.0,1040.0,1045.0,1046.0,1041.75,1059.3471850585938,1142.9761767578125,5.869437011718764,1.324232982589492,66600,True,False
MUTU.JK,107.0,107.0,107.6,108.8,110.0,108.26839935302735,104.87283897399902,3.0,1.2444051027824068,1235000,True,True
MTWI.JK,278.0,260.0,260.8,262.6,267.4,266.54594818115237,298.2261186218262,9.0,5.5720761802260235,539900,False,False
MTMH.JK,905.0,906.6666666666666,921.0,931.5,936.5,955.0743395996094,974.5933392333984,10.01486791992188,3.047843727686784,11400,False,False
MTLA.JK,515.0,508.3333333333333,509.0,511.5,511.9,505.0535565185547,520.4266967773438,1.9892886962890657,1.2963911776811565,1200,True,False
MTFN.JK,13.0,13.0,13.0,13.0,13.0,14.06,19.35,1.0600000000000005,0.0,0,True,False
MTEL.JK,446.0,448.6666666666667,451.6,454.8,464.0941787719727,471.1420373535156,482.33012329101564,12.571018676757802,0.5398305477533787,3391700,False,False
MTDL.JK,510.0,510.0,511.0,514.0,511.5,506.0970001220703,524.2735000610352,1.5805999755859375,0.5494737290235577,389800,True,False
MSTI.JK,1310.0,1303.3333333333333,1316.0,1333.0,1301.5,1257.0517895507812,1261.3652990722655,15.189642089843755,2.60816463840514,655500,False,False
MSKY.JK,58.0,58.333333333333336,59.0,59.6,59.6,61.24,71.4,3.240000000000002,1.732544216873181,5712200,True,False
MSJA.JK,398.0,399.3333333333333,402.4,406.2,408.4,407.68,434.9331106567383,5.199999999999989,1.1601091768273775,2808100,True,False
MSIN.JK,398.0,394.6666666666667,396.0,422.2,445.1,490.7,618.7,48.01666666666665,2.7547530589706053,29192700,False,False
MSIE.JK,92.0,85.66666666666667,83.4,82.3,83.95,102.48,89.69,20.180000000000007,4.078887368834944,16672700,False,False
MREI.JK,920.0,920.0,920.0,920.0,920.0,949.0,991.15,5.8,0.0,0,True,False
MRAT.JK,438.0,441.3333333333333,440.8,442.2,441.2,441.52,433.62,2.0999999999999943,0.5952593611568785,181800,True,False
MPXL.JK,154.0,149.66666666666666,148.2,146.9,147.4,148.58,155.16,7.099999999999994,1.9574256857936136,1040500,False,False
MPRO.JK,10550.0,12416.666666666666,13110.0,11762.5,10691.25,9293.0,9456.0,152.68,10.284301892632769,6200,False,False
MPPA.JK,48.0,49.666666666666664,48.6,47.6,47.3,46.36,48.15,3.306666666666665,3.3475446251570355,2147600,True,False
MPOW.JK,102.0,102.33333333333333,102.4,100.8,96.3,100.92,104.27,6.1000000000000085,1.8779790997760133,1789700,False,False
MPMX.JK,985.0,981.6666666666666,985.0,989.0,982.75,948.7112170410156,894.3696307373046,8.057756591796874,0.8434011827936072,1323300,False,False
MPIX.JK,94.0,93.66666666666667,93.0,93.9,94.5,90.6,88.19,3.9000000000000057,1.6430495744090972,1770600,True,True
MORA.JK,6075.0,6350.0,6400.0,6405.0,6466.25,6611.5,6018.5,21.46,2.6206473131065007,230200,False,False
MOLI.JK,244.0,246.66666666666666,249.2,252.4,245.6,234.34328186035157,240.5317724609375,9.02835906982422,2.510333003123878,455700,False,False
MNCN.JK,200.0,203.33333333333334,205.2,209.6,206.5,206.68,219.58,9.599999999999994,2.848243788356295,21232900,False,False
MMLP.JK,284.0,288.0,290.8,296.4,294.9,298.4,321.62,7.199999999999989,1.138518793014576,306100,False,False
MMIX.JK,725.0,716.6666666666666,703.0,716.0,688.25,638.0,455.56,17.4,5.775726839706018,5990900,False,False
MLPT.JK,1575.0,1558.3333333333333,1648.0,1436.3,1086.2,869.32,839.3389782714844,155.736,14.193317237828868,4918200,False,False
MLPL.JK,92.0,92.66666666666667,94.4,93.3,87.5,83.5,91.25,10.900000000000006,4.918300655997217,10377200,False,False
MLIA.JK,230.0,231.33333333333334,231.2,233.0,236.9,240.6,261.26,5.299999999999997,0.9141420506652,7700,True,False
MLBI.JK,6450.0,6408.333333333333,6370.0,6347.5,6323.75,6034.750732421875,5700.55087890625,16.609970703125,0.46428273104220297,20800,False,False
MKTR.JK,118.0,118.0,118.4,119.4,119.2,120.9719223022461,124.82804573059082,2.9719223022460994,1.7056035836277559,10200,True,False
MKPI.JK,21800.0,21758.333333333332,21695.0,21515.0,21236.25,21020.041171875,21423.56962890625,31.198353124999993,0.9224436195139589,40400,False,False
MKAP.JK,1160.0,1161.6666666666667,1163.0,1161.5,1172.5,1122.8948608398437,1083.3076696777343,9.921027832031267,0.3172933905821052,109000,False,False
MITI.JK,159.0,162.33333333333334,163.6,168.6,169.4,170.96,215.78,11.960000000000008,1.3865535003487905,607300,False,False
MIRA.JK,21.0,21.333333333333332,21.6,21.5,19.85,19.48,21.69,2.120000000000001,6.95205633234645,665700,False,False
MINE.JK,216.0,218.66666666666666,218.4,220.6,219.6,224.48,286.54,4.239999999999995,1.355134528888628,473500,True,False
MINA.JK,264.0,270.0,274.0,281.4,277.1,283.16,297.34,9.580000000000013,3.474523919839213,36691700,False,False
MIKA.JK,1775.0,1765.0,1759.0,1755.0,1730.0,1642.7642407226563,1819.1274938964843,26.447151855468746,0.7764691255306029,2032400,False,False
MIDI.JK,282.0,284.0,284.0,285.8,283.9,282.8051013183594,290.95239944458007,1.9000000000000057,1.6597681597182008,1667700,True,False
MICE.JK,530.0,520.0,516.0,520.0,508.6717834472656,495.27366638183594,496.86198150634766,6.9452667236328125,2.5719419044707474,100,False,False
MHKI.JK,128.0,133.33333333333334,134.6,136.4,130.55,125.48342544555663,152.8828572845459,10.916574554443372,2.781309040791157,1963000,False,False
MGRO.JK,680.0,681.6666666666666,680.0,675.0,675.0,668.5,688.0,2.6333333333333258,0.7364322826482478,1994900,True,False
MGNA.JK,116.0,98.66666666666667,96.4,94.8,92.6,90.52,135.73,25.480000000000004,9.354586201366244,97956700,False,False
MGLV.JK,8350.0,8500.0,8515.0,8387.5,8308.75,8044.5,7016.0,18.82,2.263355235930551,299400,False,False
MERK.JK,3900.0,3946.6666666666665,3968.0,3954.0,3840.5,3715.34740234375,3520.5192944335936,25.26525976562498,1.5092994264147646,4000,False,False
MERI.JK,101.0,101.66666666666667,101.6,101.7,102.75,108.18,126.4,7.180000000000007,1.1797388426937667,628200,False,False
MEJA.JK,92.0,95.0,96.2,88.9,87.25,86.6,91.58714294433594,9.600000000000009,5.085390480577195,7285300,False,False
MEGA.JK,1970.0,1983.3333333333333,1988.0,1993.5,1997.25,1966.9,2112.4865185546873,6.069999999999982,0.44617946909727807,5800,False,False
MEDS.JK,75.0,76.0,76.8,78.5,77.1,78.42,76.3,3.5,1.9771195545907714,7404400,True,False
MEDC.JK,1245.0,1270.0,1305.0,1288.5,1223.5,1202.0890478515626,1432.5116088867187,20.58219042968749,3.2778337639241797,18890500,False,False
MDRN.JK,26.0,26.0,26.0,26.0,26.0,28.82,41.33,2.8200000000000003,0.0,0,True,False
MDLN.JK,50.0,50.0,50.2,50.2,50.2,50.24,52.5,0.240000000000002,1.320300264749733,1011300,True,False
MDLA.JK,208.0,209.33333333333334,209.2,208.8,206.2,202.6553012084961,203.13491409301758,3.3390160624186223,0.841507534164409,60000,True,False
MDKI.JK,178.0,178.66666666666666,179.8,179.9,179.15,178.3206753540039,181.09444061279297,1.9000000000000057,0.8573700968816008,300200,True,False
MDKA.JK,2580.0,2616.6666666666665,2656.0,2672.0,2652.5,2632.959990234375,2933.1228100585936,9.2,1.897909163135829,12631000,False,False
MDIY.JK,920.0,923.3333333333334,929.0,958.0,939.75,869.8875805664062,865.9697369384766,17.62248388671876,1.5189769835633022,24100,False,False
MDIA.JK,122.0,126.66666666666667,125.2,101.8,85.45,81.48,84.17,45.18666666666667,10.0870230352651,386921400,False,False
MCOR.JK,68.0,68.0,68.0,68.1,67.7,66.84,68.67,1.259999999999991,1.5348890113312044,958900,True,False
MCOL.JK,3750.0,3723.3333333333335,3726.0,3758.0,3768.5,3717.98025390625,3753.4753662109374,5.05197460937502,1.0275852697195555,600,True,False
MCAS.JK,276.0,288.6666666666667,247.8,199.6,179.4,200.86,290.63,54.63333333333334,14.96811792534628,12398700,False,False
MBTO.JK,121.0,120.33333333333333,120.6,119.9,113.9,110.62,114.11,10.379999999999995,2.3652626249861823,493400,False,False
MBSS.JK,2680.0,2690.0,2692.0,2670.0,2625.0,2496.7,2210.3,19.53000000000002,3.033751035263678,245900,False,False
MBMA.JK,482.0,494.3333333333333,504.6,516.3,511.05,493.12,594.91,17.149999999999977,2.4636717016740626,51222800,False,False
MBAP.JK,1400.0,1420.0,1424.0,1414.0,1383.25,1408.1,1570.9,8.15,1.3397128814677104,4200,False,False
MAYA.JK,196.0,198.33333333333334,198.8,198.0,193.85,188.6,192.79,10.200000000000017,1.6548106706414014,123600,False,False
MAXI.JK,50.0,50.0,50.0,50.0,50.0,50.0,50.49,0.0,0.0,264500,True,False
MASB.JK,3390.0,3390.0,3390.0,3390.0,3388.5,3366.0,3297.9,2.4,0.0,10700,True,False
MARK.JK,965.0,971.6666666666666,969.0,996.0,1016.25,918.5,836.2287872314453,19.55,3.6400141781399027,7241500,False,False
MARI.JK,23.0,23.0,23.0,23.0,23.0,24.32,27.08,1.3200000000000003,0.0,0,True,False
MAPI.JK,1440.0,1431.6666666666667,1466.0,1485.5,1504.25,1495.480947265625,1375.4832543945313,14.516666666666652,2.6428573403316746,848700,False,False
MAPB.JK,1195.0,1195.0,1161.0,1107.5,1012.75,1150.2,1337.25,36.45,7.060181264985091,100,False,False
MAPA.JK,595.0,591.6666666666666,597.0,612.0,607.8,598.294794921875,616.5196752929687,4.066666666666674,2.077909268762333,1886800,True,False
MANG.JK,39.0,40.666666666666664,41.6,40.4,39.55,42.44,45.6,3.4399999999999977,4.279549228927023,3246700,False,False
MAIN.JK,700.0,701.6666666666666,706.0,708.0,685.0,700.6160021972656,776.2009783935547,4.6,2.3329604005845193,156700,True,False
MAHA.JK,142.0,141.66666666666666,141.2,141.1,139.6,135.49500122070313,135.32416946411132,6.504998779296869,0.8085793051778792,5088200,False,False
LUCK.JK,106.0,111.0,111.0,107.6,101.95,103.5,104.61,9.049999999999997,6.378489442527359,2407500,False,False
LTLS.JK,790.0,771.6666666666666,771.0,772.0,774.75,764.78,767.0689361572265,5.044000000000006,1.5440163275518832,199900,True,False
LSIP.JK,1360.0,1370.0,1377.0,1354.5,1312.5904113769532,1241.545498046875,1316.3268542480469,27.090900390624984,1.735044825948029,2341000,False,False
LRNA.JK,184.0,185.33333333333334,183.2,181.8,179.4,181.18,192.8,5.933333333333337,1.9606691116800963,675500,True,False
LPPS.JK,80.0,80.0,80.0,80.4,74.75,71.2,77.81,9.200000000000003,5.209342209086895,656900,False,False
LPPF.JK,1525.0,1535.0,1550.0,1566.5,1535.0,1545.2,1590.9288806152344,8.3,1.0219426318199936,444700,False,False
LPLI.JK,252.0,252.0,254.4,254.0,245.3,242.88,271.0,5.760000000000005,2.7724477918795323,20500,True,False
LPKR.JK,60.0,60.666666666666664,61.4,62.0,61.35,63.1,73.65,3.1000000000000014,2.52305882172978,38866100,True,False
LPIN.JK,412.0,415.3333333333333,417.2,418.0,411.5,403.8,408.44008361816407,7.099999999999994,0.9077396051395052,11600,False,False
LPGI.JK,635.0,636.6666666666666,636.0,653.5,665.5,672.4,667.1971020507813,7.479999999999995,1.6169098412374936,200,False,False
LPCK.JK,515.0,513.3333333333334,520.0,517.0,512.35,511.38,583.64,1.7240000000000009,1.7776876179119911,173700,True,False
LOPI.JK,61.0,62.666666666666664,63.2,59.9,58.65,66.82,90.62,8.169999999999995,5.187605572563638,2461200,False,False
LMPI.JK,144.0,144.0,142.0,140.4,138.5,139.78,147.16,5.5,1.5834915190359609,634800,True,False
LMAX.JK,115.0,115.33333333333333,115.8,116.9,106.8,99.28,130.02,17.620000000000005,2.484827792962054,17100,False,False
LIVE.JK,197.0,200.33333333333334,201.4,202.9,204.65,213.66,215.4,16.659999999999997,1.1430494631372021,251300,False,False
LION.JK,350.0,353.3333333333333,350.0,356.0,337.2,340.68,374.98,9.400000000000006,6.373926228112629,117600,False,False
LINK.JK,1395.0,1398.3333333333333,1413.0,1414.0,1426.25,1366.3,1620.35,11.990000000000009,1.3589522334057291,1800,False,False
LIFE.JK,5725.0,5675.0,5675.0,5707.5,5791.25,5982.0,6509.601674804688,12.28,1.6551335016824809,3100,False,False
LFLO.JK,482.0,484.0,483.2,485.8,516.35,523.665521850586,541.7235501098633,20.832760925292973,2.2410042276868616,1300,False,False
LEAD.JK,100.0,101.0,101.6,102.4,99.4,97.5,117.84,4.900000000000006,2.0619908314818214,7690400,True,False
LCKM.JK,109.0,110.33333333333333,109.6,111.0,108.7,114.82,122.89,6.11999999999999,3.0003487789529117,3967900,False,False
LAPD.JK,61.0,62.666666666666664,64.4,66.5,66.15,64.46,74.92,5.5,3.245620980501122,7996500,True,False
LAND.JK,70.0,72.66666666666667,74.6,76.0,70.4,62.48,67.71,13.520000000000003,3.1550766407113073,16714100,False,False
LAJU.JK,64.0,64.66666666666667,65.8,67.0,66.3,64.07788230895996,72.19387462615967,3.0,2.593043590725574,7839500,True,False
LABS.JK,150.0,149.33333333333334,149.0,148.5,146.45,144.72,151.15,5.280000000000001,1.2390940092534464,513300,True,False
LABA.JK,94.0,94.33333333333333,93.8,93.8,92.0,90.8,105.88,3.5333333333333314,2.040570491768296,6238600,True,False
KUAS.JK,89.0,90.66666666666667,91.0,92.1,90.85,91.25,97.50020774841309,3.0999999999999943,2.9195265656613416,6100700,True,False
KSIX.JK,278.0,286.6666666666667,285.6,284.6,289.9,321.96,324.72,21.97999999999999,3.0418381579268714,45600,False,False
KRYA.JK,60.0,59.333333333333336,59.2,60.0,58.9,58.32,64.12,1.6799999999999997,1.7602078471901081,10025600,True,False
KREN.JK,14.0,13.666666666666666,13.4,13.3,12.5,12.9,14.74,1.5,6.895691551515254,1298000,False,False
KRAS.JK,214.0,220.66666666666666,226.8,233.4,223.25,211.56,253.66,10.920000000000002,2.9385640936281945,1878900,False,False
KPIG.JK,78.0,80.66666666666667,81.6,84.1,81.25,84.36,97.75,6.359999999999999,4.007694318806255,54299700,False,False
KOTA.JK,124.0,124.66666666666667,121.8,111.1,101.8,100.18,95.36,24.486666666666665,4.792153831997394,956421900,False,False
KOPI.JK,238.0,213.33333333333334,207.6,205.5,194.65,188.62,221.59,24.689999999999998,6.1617870082839,12901000,False,False
KONI.JK,2380.0,2410.0,2426.0,2533.0,2599.0,2615.2,2350.6,23.519999999999982,1.8267530450753924,18300,False,False
KOKA.JK,190.0,197.66666666666666,204.6,209.6,178.0,133.08,161.25,76.51999999999998,11.293612233130684,9106900,False,False
KOIN.JK,78.0,78.0,78.0,78.0,78.0,76.48,79.56,1.519999999999996,0.0,0,True,False
KOCI.JK,97.0,99.0,100.4,101.6,100.4,95.27736785888672,107.83184036254883,6.322632141113274,2.210497856197173,3898100,False,False
KOBX.JK,179.0,175.0,164.2,155.7,149.1,150.28,156.73,29.900000000000006,11.419498416098858,51311500,False,False
KMTR.JK,236.0,244.66666666666666,242.8,236.0,229.6,228.44,244.76,8.11333333333333,4.984975093452536,684100,False,False
KMDS.JK,535.0,538.3333333333334,541.0,542.5,536.5,531.3788714599609,547.1686849975586,2.224225708007816,1.4759760317746249,9900,True,False
KLIN.JK,119.0,118.66666666666667,117.4,116.3,106.45,106.52,130.2,12.549999999999997,7.142897880084234,45400,False,False
KLBF.JK,700.0,705.0,712.0,728.5,731.25,740.2246569824218,830.8828704833984,8.044931396484367,2.5282314237865884,16973800,False,False
KLAS.JK,73.0,74.0,72.2,71.4,69.45,68.58,75.49,5.420000000000002,2.7089698979616426,4817500,True,False
KKGI.JK,272.0,273.3333333333333,276.0,277.2,269.2,263.9323294067383,289.65623916625975,6.633835296630849,1.5123971360384623,460200,False,False
KKES.JK,66.0,67.33333333333333,67.4,67.5,62.1,49.78,42.87,17.72,3.534827252005341,973300,False,False
KJEN.JK,124.0,125.33333333333333,125.2,127.0,121.4,127.96,129.54,6.559999999999988,3.2060072804539312,2409400,False,False
KIOS.JK,92.0,93.33333333333333,93.4,93.8,92.15,86.82,97.96,6.980000000000004,2.444682224021178,8572600,False,False
KINO.JK,1180.0,1176.6666666666667,1185.0,1175.5,1153.25,1121.463994140625,1109.371982421875,12.707201171875022,1.3508506460598926,100,False,False
KING.JK,272.0,271.3333333333333,274.4,287.2,299.8,404.94,370.75,66.80333333333334,1.9526765635524599,30800,False,False
KIJA.JK,122.0,124.66666666666667,127.6,132.2,128.65,124.62,153.05,10.199999999999989,3.1480477892709122,25060700,False,False
KICI.JK,190.0,192.33333333333334,193.4,192.2,187.75,187.5,196.11,5.900000000000006,1.5716264809906937,498200,True,False
KETR.JK,545.0,551.6666666666666,561.0,555.5,534.65,548.58,515.69,5.270000000000005,3.5713020420507697,9629100,True,True
KEJU.JK,545.0,545.0,544.0,546.0,546.25,564.5,549.6353079223633,4.1,1.010250211368933,10900,True,False
KEEN.JK,825.0,841.6666666666666,845.0,856.5,845.5,836.8797021484374,866.9341143798828,6.3,1.4590608146021051,5301500,False,False
KDTN.JK,286.0,327.3333333333333,380.4,471.2,508.35,647.72,801.86,180.86,6.924223293007101,15642100,False,False
KDSI.JK,446.0,447.3333333333333,446.0,445.8,442.2,441.88,444.8,2.7266666666666595,1.0383569286094039,3600,True,False
KBLV.JK,119.0,120.66666666666667,123.6,126.8,104.85,94.34,104.03,32.459999999999994,12.838610585268432,7448600,False,False
KBLM.JK,292.0,294.0,294.4,293.0,291.0,289.7391625976563,303.23622833251954,2.330418701171851,0.8778270727646132,119900,True,False
KBLI.JK,324.0,323.3333333333333,323.2,321.8,319.9,308.50059631347654,306.8129296875,7.749701843261732,0.7179710602069002,148800,False,False
KBAG.JK,41.0,42.0,43.2,42.5,40.4,38.52,43.59,4.68,4.643778228364492,451400,False,False
KARW.JK,212.0,212.0,212.0,212.0,212.0,240.16,275.48,14.079999999999998,0.0,0,False,False
KAQI.JK,90.0,90.0,90.0,90.0,87.35,88.78,98.21,2.6500000000000057,2.006060530328372,29562400,True,False
KAEF.JK,446.0,446.0,449.2,452.6,452.1,455.16,478.55,4.5800000000000125,0.7538218934438422,198600,True,False
JTPE.JK,605.0,611.6666666666666,610.0,609.0,607.5,597.03,587.4575,2.927333333333331,0.947837949160704,515400,True,False
JSPT.JK,1380.0,1395.0,1397.0,1401.0,1389.5,1306.3759008789064,1376.0518005371093,18.92481982421873,1.5283667566035484,300,False,False
JSMR.JK,2690.0,2686.6666666666665,2696.0,2723.0,2720.5,2761.770849609375,2877.3158203125,7.510418294270858,1.149850915123436,433000,False,False
JRPT.JK,1075.0,1078.3333333333333,1077.0,1077.0,1078.5,1070.5711206054686,1071.6353820800782,1.58577587890627,0.2632632839621965,38500,True,False
JPFA.JK,2110.0,2106.6666666666665,2114.0,2091.0,2052.75,2109.7,2235.07275390625,6.125,0.9333164902220827,1104400,False,False
JMAS.JK,228.0,228.0,228.0,228.0,228.0,242.6,235.5,7.299999999999997,0.0,0,False,False
JKON.JK,66.0,66.0,67.0,67.8,67.1,66.8385083770752,69.4797024154663,1.7999999999999972,1.763895220746317,647800,True,False
JIHD.JK,412.0,423.3333333333333,430.4,435.6,421.5,422.08,471.5,11.800000000000011,2.730127026066762,180500,False,False
JGLE.JK,61.0,62.666666666666664,64.4,61.1,55.6,57.48,62.4,8.800000000000004,11.971232372420918,456231700,False,False
JECC.JK,585.0,606.6666666666666,616.0,625.0,633.75,603.7337158203125,735.6754309082031,9.75,1.6804390921731072,21000,False,False
JAYA.JK,125.0,127.0,126.4,125.9,123.6,123.24,128.55,3.760000000000005,1.6795599088401658,651300,True,False
JAWA.JK,120.0,120.33333333333333,120.6,119.8,116.4,119.98,139.36,4.199999999999989,1.4491145673134056,269300,True,False
JATI.JK,96.0,96.0,95.4,95.0,93.0,94.88329772949218,99.80061065673829,3.0,1.006777057778167,5052600,True,False
JAST.JK,82.0,82.66666666666667,82.8,83.8,82.9,81.86,90.56,1.9399999999999977,1.1520119667817363,1961200,True,False
JARR.JK,1815.0,1860.0,1889.0,1890.0,1865.5,1767.8468823242188,1948.5757238769531,24.430623535156247,2.3033142820384787,528100,False,False
ITMG.JK,24400.0,24325.0,24375.0,24232.5,23691.25,22922.5,24336.22412109375,59.1,0.854060014064477,339900,False,False
ITMA.JK,1375.0,1385.0,1392.0,1360.5,1364.5,1489.6,1834.75,25.819999999999983,1.6809772196562323,30600,False,False
ITIC.JK,220.0,214.66666666666666,213.6,210.1,204.6,205.86,233.73,7.700000000000003,2.694325105064237,540200,False,False
ISSP.JK,418.0,417.3333333333333,412.4,410.8,398.6,391.27959533691404,419.14347686767576,13.360202331542979,2.1859763465127786,1507300,False,False
ISEA.JK,79.0,79.0,79.6,81.2,75.85,70.28,78.06,10.920000000000002,2.1464926876680424,940000,False,False
ISAT.JK,1885.0,1916.6666666666667,1927.0,1920.0,1896.5,1913.0,1968.6941967773437,8.4,1.6374521944483658,10736400,False,False
ISAP.JK,24.0,24.0,24.6,24.9,23.95,24.22,27.66,0.9499999999999993,3.2476385999680812,2956600,True,False
IRSX.JK,286.0,298.0,306.4,301.8,287.6,299.6907177734375,371.72629119873045,10.199999999999989,5.283371058074314,39191000,False,False
IRRA.JK,372.0,373.3333333333333,373.2,372.2,373.9,369.12,383.76,2.3899999999999864,0.8185165232080481,314800,True,False
IPTV.JK,32.0,32.0,32.2,32.0,31.85,33.68,37.88,1.8299999999999983,2.7177971639205043,242200,True,False
IPOL.JK,104.0,105.0,105.0,105.5,105.95,108.58,114.84,4.579999999999998,0.9987328990553644,89200,True,False
IPCM.JK,314.0,316.6666666666667,317.6,318.2,314.8,306.90466369628905,307.99638275146486,5.64766815185547,0.6251285055189941,274900,True,False
IPCC.JK,1140.0,1141.6666666666667,1168.0,1201.0,1191.25,1150.1583850097657,1171.2987774658204,12.2,1.8894484243267027,239500,False,False
IPAC.JK,169.0,160.66666666666666,160.6,160.9,159.4,149.94,153.59,19.060000000000002,3.3988120067460157,196700,False,False
IOTF.JK,52.0,52.0,52.2,52.7,52.65,53.56,58.7,1.5600000000000023,1.393552969998869,15668700,True,False
INTP.JK,4560.0,4566.666666666667,4592.0,4630.0,4517.5,4350.7287109375,4600.6695556640625,27.927128906249983,1.0479237455840689,250700,False,False
INTD.JK,252.0,245.33333333333334,242.8,236.8,231.6,235.04,242.68,10.200000000000003,3.336616001941079,51300,False,False
INTA.JK,61.0,61.0,61.0,61.0,61.0,64.62,71.55,3.6200000000000045,0.0,0,True,False
INPS.JK,665.0,646.6666666666666,662.0,653.0,629.25,650.8,641.56,7.15,5.360409435173427,5500,False,False
INPP.JK,680.0,690.0,697.0,700.0,693.0,733.8,760.8,10.759999999999991,1.182380906445647,131100,False,False
INPC.JK,131.0,134.66666666666666,136.0,138.5,134.7,133.16,146.86,7.5,3.3114650413238094,4688800,False,False
INOV.JK,130.0,131.0,131.6,131.1,126.8,121.74,130.31,9.86,2.259740582308392,1560500,False,False
INKP.JK,7900.0,7950.0,7850.0,7822.5,7533.75,7460.83388671875,8515.34458984375,19.566644531249985,2.3894687199491624,1338600,False,False
INET.JK,212.0,219.33333333333334,225.2,225.8,213.25,208.08,251.7,8.86,4.017997969985862,103203300,False,False
INDY.JK,2530.0,2590.0,2554.0,2519.0,2275.0,2199.6427001953125,2872.835187988281,39.03572998046875,4.822149249548035,14957300,False,False
INDX.JK,60.0,60.0,60.0,60.0,60.0,67.14,88.37,7.140000000000001,2.837818317547164e-07,0,False,False
INDS.JK,274.0,273.3333333333333,276.4,273.4,265.85,268.3536038208008,380.99960678100587,5.274999999999977,2.390416122953992,394600,True,False
INDR.JK,1960.0,1961.6666666666667,1979.0,1980.5,2005.75,2018.2,2380.1,11.64000000000001,1.737140206915216,500,False,False
INDO.JK,169.0,171.33333333333334,172.2,172.2,168.9,163.42,165.82,8.780000000000001,1.2901538587835968,28840500,False,False
INDF.JK,6850.0,6858.333333333333,6870.0,6835.0,6750.46015625,6488.0015234375,6397.401923828125,15.279939062500016,0.7597652793834938,1656500,False,False
INCO.JK,4710.0,4743.333333333333,4835.0,4890.5,4771.25,4726.04439453125,5421.9876953125,18.05,1.6591491135497745,3548000,False,False
INCI.JK,645.0,648.3333333333334,651.0,657.5,650.25,648.8524548339843,667.8835986328126,2.5,2.3129274970165503,2100,True,False
INCF.JK,50.0,50.0,50.0,50.0,50.0,50.06,54.28,0.060000000000002274,0.0,0,True,False
INAI.JK,186.0,176.66666666666666,171.2,167.9,152.7,149.82,169.5,36.18000000000001,3.9037114391353613,5818900,False,False
IMPC.JK,1490.0,1503.3333333333333,1507.0,1508.0,1486.5,1578.5,1845.95,18.4,3.383991452013298,2385900,False,False
IMJS.JK,148.0,147.33333333333334,148.0,150.2,144.63050231933593,143.1967593383789,160.9528173828125,7.003240661621078,1.9088491730456334,779400,False,False
IMAS.JK,830.0,846.6666666666666,854.0,855.0,826.4649047851562,849.9921752929688,946.5416198730469,5.70701904296875,1.3969084443042281,35900,True,False
IKPM.JK,186.0,184.33333333333334,184.8,184.8,182.95,184.32,198.67,3.0500000000000114,1.346454976257322,21400,True,False
IKBI.JK,540.0,541.6666666666666,544.0,558.5,550.75,526.02,538.86,6.496000000000004,1.797742495679748,15900,False,False
IKAN.JK,82.0,82.66666666666667,83.2,84.7,81.0,77.56,86.93,7.140000000000001,2.4957054495244213,1680600,False,False
IKAI.JK,20.0,20.333333333333332,20.8,21.1,19.3,19.1,21.12,2.0,5.850230343633096,254700,False,False
IGAR.JK,438.0,426.6666666666667,425.2,423.4,416.2,419.40290100097656,446.72386840820315,10.900000000000006,1.6341178339821687,219000,False,False
IFSH.JK,1205.0,1201.6666666666667,1201.0,1176.0,1214.25,1274.3696704101562,1890.7717431640624,19.673934082031245,4.388604242173582,200,False,False
IFII.JK,202.0,206.66666666666666,209.6,212.0,212.5,216.92,221.28,7.459999999999994,1.4100445996220534,1298200,False,False
IDPR.JK,290.0,292.0,294.0,297.4,298.6,295.83194458007813,296.71670989990236,4.300000000000011,0.7792213534696676,25000,True,False
IDEA.JK,58.0,60.0,61.2,62.6,61.75,60.58,76.56,4.600000000000001,2.0257446197245543,991700,True,False
ICON.JK,103.0,104.66666666666667,104.2,104.8,105.05,106.06,112.39,3.0600000000000023,2.3198607220294236,3658800,True,False
ICBP.JK,6925.0,6941.666666666667,6985.0,6945.0,6791.78701171875,6547.777705078125,6725.067241210938,17.488891796874995,1.242281269420341,499000,False,False
IBST.JK,8475.0,8475.0,8475.0,8475.0,8475.0,8475.0,7544.15,0.0,0.0,0,True,False
IBOS.JK,65.0,66.66666666666667,67.8,68.6,68.85,77.18,98.86,12.180000000000007,2.362092698557281,955200,False,False
IBFN.JK,63.0,63.0,63.0,63.0,63.0,64.78,75.29,1.7800000000000011,0.0,0,True,False
IATA.JK,58.0,58.333333333333336,58.2,58.2,60.05,63.2,70.69,5.200000000000003,2.0473407066085625,122953400,True,False
HYGN.JK,166.0,162.33333333333334,161.6,159.2,152.35,145.19840026855468,144.25680145263672,20.80159973144532,1.4042758745330912,10146600,False,False
HUMI.JK,126.0,130.33333333333334,133.2,133.2,125.45,127.1,159.75,7.749999999999986,3.7293673087089836,15419200,False,False
HRUM.JK,790.0,796.6666666666666,810.0,822.5,784.75,771.2,890.35,10.259999999999991,2.404837744993624,2481700,False,False
HRTA.JK,1860.0,1895.0,1914.0,1933.5,1860.75,1999.592158203125,2311.1228833007813,27.918431640625023,3.140941401840954,4256100,False,False
HRME.JK,42.0,43.666666666666664,44.0,43.7,44.35,44.52,46.34,2.520000000000003,5.517785225533429,233800,False,False
HOPE.JK,196.0,192.66666666666666,185.8,191.3,170.1,140.7,178.43,55.30000000000001,8.485913483190041,28008400,False,False
HOMI.JK,174.0,175.33333333333334,176.0,178.0,180.25,189.84,220.96,15.840000000000003,1.6893906346519365,1246400,False,False
HOKI.JK,55.0,55.333333333333336,55.0,54.5,53.15,55.06,61.21,2.183333333333337,2.5573075108216887,35161600,True,False
HMSP.JK,715.0,716.6666666666666,719.0,712.5,693.75,668.5073217773438,685.1000103759766,10.098535644531239,1.6622367645544651,4877800,False,False
HILL.JK,16.0,16.0,16.0,16.0,16.0,15.94,19.12,0.0600000000000005,0.0,0,True,False
HGII.JK,122.0,121.33333333333333,121.4,121.6,122.1,124.9217300415039,132.4150700378418,3.5883967081705777,0.5487089250886623,69700,True,False
HEXA.JK,4420.0,4453.333333333333,4484.0,4498.0,4406.5,4400.6,4424.1,9.739999999999963,0.8221918636516069,67600,False,False
HERO.JK,338.0,340.6666666666667,343.6,342.2,330.8,338.96,379.93,6.400000000000006,1.6273064287002907,34500,False,False
HELI.JK,190.0,194.0,188.4,183.7,183.4,178.06,188.42,15.939999999999998,3.9693893970774226,625900,False,False
HEAL.JK,805.0,781.6666666666666,797.0,833.5,864.0,877.3,1029.8193957519532,19.126666666666665,3.1860893866159956,8372600,False,False
HDIT.JK,50.0,50.0,50.6,50.7,50.5,50.88,55.87,0.8800000000000026,1.8402689629822566,1599700,True,False
HDFA.JK,88.0,88.0,88.2,88.8,88.3,88.44,96.51,0.7999999999999972,1.6889823269473265,191200,True,False
HBAT.JK,224.0,231.33333333333334,243.2,255.6,270.2,355.98,368.45,65.99000000000001,3.157331337161339,167200,False,False
HATM.JK,484.0,480.0,475.6,456.8,443.4,374.1333355712891,341.4621484375,54.93333221435546,3.4698404647510466,27533500,False,False
HALO.JK,69.0,68.0,67.0,66.9,65.1,64.88,69.78,4.1200000000000045,3.2231069182629115,26735900,True,False
HAJJ.JK,103.0,104.66666666666667,104.0,103.5,103.5,105.22,118.02,2.219999999999999,2.515983268728614,3805700,True,False
HAIS.JK,180.0,181.66666666666666,182.2,182.5,179.95,175.24,186.1699038696289,7.259999999999991,1.3138795368324152,192800,False,False
HADE.JK,17.0,18.0,18.0,18.4,17.7,16.48,18.75,1.9199999999999982,4.765274570166873,44600,False,False
GZCO.JK,146.0,149.0,151.4,152.2,146.7,145.42,173.99,6.780000000000001,2.1794549848455316,2802200,False,False
GWSA.JK,122.0,123.0,124.4,124.8,121.0,121.6,136.4,3.799999999999997,3.1457343368915924,265300,True,False
GUNA.JK,204.0,201.66666666666666,200.0,199.4,187.25,172.1703942871094,190.71080352783204,15.914802856445306,2.312684021877627,131400,False,False
GULA.JK,780.0,765.0,763.0,749.5,690.25,605.5,475.03,34.9,5.004117613975248,17684000,False,False
GTSI.JK,138.0,143.0,148.6,148.0,138.35155029296874,138.49100814819337,184.62410957336425,10.599999999999994,3.9546477724093294,16176100,False,False
GTRA.JK,238.0,236.66666666666666,236.0,233.8,211.5,199.9,221.99,19.049999999999997,2.3699536871853666,277800,False,False
GTBO.JK,170.0,170.0,170.0,170.0,170.0,179.06,199.51,9.060000000000002,0.0,0,False,False
GSMF.JK,85.0,86.33333333333333,86.8,87.0,84.95,85.88,97.25,2.049999999999997,3.7089975043557906,971700,True,False
GRPM.JK,218.0,228.0,227.6,234.6,252.8,247.88,283.22,17.400000000000006,5.147258784249921,437900,False,False
GRPH.JK,60.0,60.333333333333336,59.8,59.6,58.8,59.08,59.2,1.5333333333333385,1.6717559820493495,1008700,True,True
GRIA.JK,117.0,117.66666666666667,118.8,116.0,112.35,119.28,111.12,6.930000000000007,3.588285479421658,1867700,False,False
GPSO.JK,278.0,278.6666666666667,292.4,313.6,304.5,379.2,368.14,50.599999999999994,6.9703624000311315,4672300,False,False
GPRA.JK,99.0,99.66666666666667,101.8,102.1,100.80539207458496,100.78352890014648,104.49607635498047,3.0999999999999943,4.56157017259917,103987800,False,False
GOTO.JK,50.0,50.0,50.0,50.0,50.0,50.0,51.5,0.0,0.0,27634400,True,False
GOOD.JK,292.0,292.6666666666667,294.8,300.2,301.6,313.8,326.89238708496094,10.900000000000006,1.169157648722454,52100,False,False
GOLF.JK,157.0,157.33333333333334,159.4,164.5,166.2,163.68711547851564,176.82868209838867,9.199999999999989,1.9688786000192626,718900,False,False
GOLD.JK,266.0,270.0,271.2,267.0,256.3,257.04,270.32,7.449999999999989,3.8543285119765516,977400,False,False
GMTD.JK,1430.0,1356.6666666666667,1322.0,1297.0,1307.25,1427.9,1520.9704333496093,26.6,5.336200584914001,41600,False,False
GMFI.JK,55.0,55.0,54.8,54.0,53.05,52.46,56.98,2.539999999999999,1.774473714812042,45053300,True,False
GLVA.JK,306.0,306.0,305.2,305.8,298.3,306.64244079589844,318.6424447631836,4.171220397949213,1.8774385721909308,200,True,False
GJTL.JK,1220.0,1208.3333333333333,1176.0,1159.0,1137.0,1121.7491333007813,1088.038618774414,19.65017333984374,2.765765001340761,5700800,False,False
GIAA.JK,53.0,53.333333333333336,53.6,53.6,53.1,54.48,62.74,1.4799999999999969,2.1599979627939923,4457000,True,False
GHON.JK,1595.0,1633.3333333333333,1636.0,1630.5,1608.5,1705.0,1751.35,22.0,1.332429595491918,13000,False,False
GGRP.JK,294.0,294.0,294.0,294.2,292.4,292.1234356689453,281.56944732666017,1.0382821655273347,0.8748552008345779,65300,True,False
GGRM.JK,18025.0,17975.0,17805.0,17520.0,16891.25,15872.225,15125.95,86.11099999999999,1.9189405159466377,857700,False,False
GEMS.JK,6375.0,6433.333333333333,6510.0,6572.5,6436.25,6599.5,7407.0,8.98,1.304688435265583,31600,False,False
GEMA.JK,81.0,81.0,81.4,81.2,79.7,79.51380874633789,82.87523635864258,1.886191253662119,1.7851840692145984,240900,True,False
GDYR.JK,1100.0,1093.3333333333333,1092.0,1093.5,1092.0,1089.6,1099.1,2.0800000000000183,1.0623561896802869,1500,True,False
GDST.JK,94.0,98.0,95.4,93.8,88.6,85.42,93.94,12.579999999999998,5.640096113302852,5899800,False,False
FWCT.JK,87.0,88.33333333333333,89.6,90.1,85.65,79.98,93.57,10.11999999999999,7.333258355456642,1330300,False,False
FUTR.JK,258.0,268.6666666666667,282.8,258.6,237.45,192.38,217.75,45.21000000000001,8.9038308798259,23412100,False,False
FUJI.JK,200.0,202.66666666666666,202.4,206.4,204.3,239.94,298.15,39.94,1.875752471348091,238200,False,False
FPNI.JK,310.0,312.0,318.8,325.6,321.2,330.52,391.69,10.259999999999991,1.8333171900109066,688400,False,False
FORU.JK,3150.0,3060.0,3104.0,3019.0,3031.5,2728.9,2011.35,42.10999999999999,7.972773906487279,871000,False,False
FORE.JK,615.0,625.0,642.0,633.0,624.75,682.7,723.6,13.54000000000001,3.3347867672085774,2357800,False,False
FOOD.JK,176.0,176.0,176.0,176.0,176.0,172.1,193.05,3.9000000000000057,0.0,0,True,False
FOLK.JK,206.0,208.0,210.4,216.0,210.55,202.66,288.22,6.670000000000002,3.4400176353080467,1373900,False,False
FMII.JK,242.0,246.0,245.6,247.2,249.7,244.32,241.42,3.8499999999999943,2.4968793015043693,600,True,False
FLMC.JK,75.0,76.0,74.4,67.9,59.95,91.86,122.52,31.909999999999997,6.033315679234853,5004900,False,False
FITT.JK,346.0,350.6666666666667,351.2,358.2,369.7,367.04,403.42,11.849999999999994,1.6569621779976074,51100,False,False
FISH.JK,600.0,606.6666666666666,624.0,631.0,626.5,628.6938244628906,694.6870825195313,6.2,2.4799250465539098,12300,False,False
FIRE.JK,105.0,106.0,107.6,108.5,105.8,104.86,125.55,3.6400000000000006,1.3598681295899808,1141300,True,False
FILM.JK,1010.0,1018.3333333333334,1063.0,1233.5,1436.75,1716.8,2482.75,141.35999999999999,4.312233371669787,3898200,False,False
FAST.JK,274.0,282.0,284.4,280.6,276.9,250.56,282.96,16.919999999999987,2.7808048605399343,456200,False,False
FAPA.JK,7325.0,7316.666666666667,7310.0,7305.0,7357.011865234375,7261.42173828125,6975.162822265625,3.8236050781250013,0.41838723193534166,100,True,False
EXCL.JK,2420.0,2410.0,2436.0,2508.0,2504.5,2579.6,2786.2,16.95999999999999,2.185101677429919,1080600,False,False
EURO.JK,1975.0,1973.3333333333333,2010.0,1932.0,1835.0,1751.0495776367188,2112.9354858398438,51.79008447265623,3.606638117546083,199500,False,False
ESTI.JK,127.0,130.33333333333334,131.4,132.1,129.7,125.43264129638672,146.04144302368164,6.667358703613274,2.772451762570595,469500,False,False
ESTA.JK,176.0,183.0,182.6,182.2,181.15,184.68,189.27,8.680000000000007,3.2682537295583924,578900,False,False
ESSA.JK,605.0,606.6666666666666,621.0,613.0,588.0,588.8032360839844,654.6693676757812,6.6,2.3970995054359294,38149400,False,False
ESIP.JK,121.0,129.66666666666666,131.6,131.6,130.2,127.24,116.89,10.599999999999994,3.9649706385759163,38508500,False,False
ERTX.JK,168.0,168.0,169.0,162.3,154.55,147.9,180.01,21.099999999999994,6.504350831531437,134100,False,False
ERAL.JK,294.0,293.3333333333333,291.2,288.6,285.2,274.5831585693359,290.6560934448242,9.70842071533204,2.225524668584883,3921600,False,False
ERAA.JK,378.0,386.0,392.4,382.0,363.4273223876953,348.21933898925784,358.06332733154295,22.09033050537107,3.28342836427747,30264000,False,False
EPMT.JK,2270.0,2270.0,2288.0,2307.0,2323.0,2306.2,2326.7,5.3,1.3005386119427282,8200,True,False
EPAC.JK,59.0,60.0,61.2,64.9,68.75,66.62,63.18,9.75,2.961744442981582,18730100,False,False
ENZO.JK,62.0,63.0,64.0,65.7,66.8,66.98,70.2,4.980000000000004,1.5841231167250602,1967600,True,False
ENRG.JK,1250.0,1318.3333333333333,1392.0,1408.5,1308.5,1310.1,1510.1,31.7,4.6462867463634385,102420100,False,False
ENAK.JK,246.0,248.0,256.0,254.4,266.5,270.4,324.57,12.199999999999989,6.3183516578519825,107800,False,False
EMTK.JK,505.0,513.3333333333334,518.0,528.5,520.55,552.2180529785156,674.8488446044922,9.443610595703126,2.0313568742633277,20595100,False,False
EMDE.JK,68.0,69.0,69.2,69.8,69.5,65.48,71.89,4.319999999999993,1.1304920786628787,5425100,True,False
EMAS.JK,6150.0,6141.666666666667,6140.0,5942.5,5816.25,6518.5,7489.75,28.09,1.564405423296011,6173100,False,False
ELTY.JK,30.0,32.333333333333336,32.0,28.6,25.4,26.66,34.33,6.933333333333337,6.346338567824921,29870700,False,False
ELSA.JK,675.0,671.6666666666666,676.0,667.0,638.0,595.018369140625,647.8230523681641,16.19632617187499,2.9563144111649042,13302000,False,False
ELPI.JK,870.0,883.3333333333334,909.0,955.0,1012.2732360839843,1175.2819921875,1440.7041442871093,61.0563984375,3.6840425820508242,645400,False,False
ELIT.JK,173.0,176.33333333333334,175.6,175.0,172.7,174.74,190.38,3.633333333333354,2.3581183255165863,1396700,True,False
EKAD.JK,165.0,166.33333333333334,168.0,168.5,168.75,165.1155548095703,167.78444274902344,3.75,0.9761119227466394,103800,True,False
ECII.JK,169.0,160.0,156.0,153.1,144.2,138.96,165.46,30.039999999999992,8.176317144711392,30932300,False,False
EAST.JK,91.0,90.66666666666667,90.6,90.6,89.55,88.7,88.42214950561524,2.299999999999997,0.6280953919965062,308700,True,False
DYAN.JK,83.0,81.33333333333333,81.2,81.0,79.75,77.8,80.52,5.200000000000003,1.7803050312966318,19374000,True,True
DWGL.JK,338.0,284.6666666666667,263.6,246.0,233.6,242.88,254.12,52.2,9.14921449014508,37362600,False,False
DVLA.JK,1580.0,1578.3333333333333,1579.0,1574.0,1551.0,1523.4260327148438,1532.7323156738282,11.314793457031238,0.5687343784243374,12500,False,False
DUTI.JK,4290.0,4290.0,4290.0,4241.0,4161.5,3950.403505859375,3830.163352050781,33.959649414062504,0.733025828606739,100,False,False
DSSA.JK,820.0,835.0,850.0,852.0,827.5,748.06,1579.57,20.78800000000001,5.563512187592594,175556000,False,False
DSNG.JK,1315.0,1303.3333333333333,1314.0,1271.0,1218.25,1165.3018017578124,1350.7121032714845,29.939639648437513,3.7370621695264674,1641300,False,False
DSFI.JK,78.0,79.33333333333333,79.6,80.1,75.0,72.78,84.48,7.319999999999993,3.270381079149567,3124700,False,False
DRMA.JK,930.0,926.6666666666666,919.0,916.5,909.5,929.1,938.22,4.1,1.4803466167919217,211600,True,False
DPUM.JK,95.0,96.0,98.0,98.4,97.35,127.58,134.82,32.58,2.0820980851416917,3938500,False,False
DOSS.JK,135.0,134.66666666666666,136.6,136.1,134.35,131.84992935180665,140.7641024017334,4.7500706481933435,1.5185786143675102,197300,True,False
DOOH.JK,202.0,206.66666666666666,195.6,172.6,144.75,133.04,141.6,36.81333333333333,9.577148026711027,129401100,False,False
DOID.JK,216.0,218.0,222.0,218.8,208.25,205.8,233.52,8.099999999999994,2.911909463992067,578700,False,False
DNET.JK,9700.0,9758.333333333334,9730.0,9685.0,9721.25,9923.0,9558.0,9.52,1.7625075910411026,200,False,False
DNAR.JK,121.0,121.66666666666667,121.0,119.5,115.6,114.44,126.26,7.226666666666674,2.128073957858642,750900,False,False
DMND.JK,610.0,610.0,612.0,616.0,613.75,605.7139953613281,624.8955963134765,2.0572009277343795,2.097914022837586,2200,True,False
DMMX.JK,173.0,192.66666666666666,180.8,171.4,165.45,163.67976654052734,187.6230618286133,28.986900126139318,12.70681662041217,5914800,False,False
DMAS.JK,139.0,138.66666666666666,138.4,138.5,138.05,137.12761627197267,129.88155616760253,1.87238372802733,1.0139179883218683,30135600,True,True
DLTA.JK,1775.0,1775.0,1777.0,1772.0,1763.15,1738.4834936523437,1762.5995300292968,7.703301269531266,0.23894286243333493,14000,False,False
DKHH.JK,63.0,63.666666666666664,63.4,63.5,62.5,60.86,65.76,2.806666666666665,1.8285104780728996,6841200,True,False
DKFT.JK,650.0,650.0,648.0,653.5,642.0,655.3,705.4,2.659999999999991,2.788295125425982,9040300,True,False
DIVA.JK,122.0,126.66666666666667,122.6,120.6,114.25,116.52,133.96,12.416666666666671,6.607202270180388,11570400,False,False
DILD.JK,115.0,114.66666666666667,115.0,115.4,114.25,115.12,121.43,1.1500000000000057,0.9984068120324449,3267200,True,False
DIGI.JK,29.0,29.0,29.0,29.0,29.0,30.82,32.46,1.8200000000000003,0.0,0,True,False
DGWG.JK,274.0,278.6666666666667,280.4,282.4,285.7,295.52946838378904,333.77317810058594,10.764734191894519,1.101759089463863,1305500,False,False
DGNS.JK,236.0,236.66666666666666,238.4,232.0,229.8,229.96,258.14,4.299999999999997,2.0719807911977286,74200,True,False
DGIK.JK,127.0,128.0,128.6,129.8,128.9,126.36,128.26,3.440000000000012,0.5366256698050973,61400,True,False
DFAM.JK,82.0,83.33333333333333,84.0,83.9,82.9,92.08,96.37,10.079999999999998,1.5305859188744373,8692000,False,False
DEWI.JK,118.0,119.0,118.8,120.0,119.65,118.96,122.29,2.0,1.8810273924324759,23503700,True,False
DEWA.JK,438.0,441.3333333333333,447.6,425.0,375.9995178222656,345.6902590942383,414.3309687805176,50.95487045288087,5.36883914218241,781812400,False,False
DEPO.JK,238.0,240.0,239.2,242.4,249.3055160522461,244.32037139892577,244.5216584777832,5.652758026123053,1.1110736286155063,233800,True,False
DEFI.JK,104.0,105.0,106.8,107.2,106.6,115.18,120.32,11.180000000000007,2.190729736477863,3966900,False,False
DCII.JK,191375.0,189833.33333333334,190100.0,191880.0,193077.5,190141.0,196900.5,129.76666666666628,1.623190127758126,200,False,False
DAYA.JK,990.0,980.0,978.0,978.5,973.75,1016.2,1015.6,8.490000000000009,0.5293015072808069,12900,False,False
DATA.JK,1970.0,1981.6666666666667,1987.0,2047.5,2110.75,1884.5,2273.75,45.25,3.5770490357390337,1981800,False,False
DART.JK,133.0,126.66666666666667,125.8,126.5,123.65,123.2,136.36,9.799999999999997,2.8092966858211956,15559800,False,False
DADA.JK,50.0,50.0,50.0,50.0,50.0,50.0,50.0,0.0,0.0,2132700,True,True
DAAZ.JK,1525.0,1543.3333333333333,1551.0,1537.5,1528.25,1601.1866552734375,2083.8288806152345,15.237331054687502,2.431326173882099,95000,False,False
CYBR.JK,545.0,555.0,560.0,570.0,579.5,595.9,632.375,10.179999999999996,1.301809777664,9191900,False,False
CUAN.JK,645.0,668.3333333333334,692.0,684.5,652.75,642.12,942.96,9.975999999999999,5.147026582617958,172430200,False,False
CTTH.JK,117.0,122.0,124.2,129.0,122.55,135.82,124.98,18.819999999999993,10.020807085738316,5815600,False,False
CTRA.JK,560.0,563.3333333333334,569.0,572.5,558.1157897949219,557.6989404296875,610.6789331054688,2.9602119140625063,1.6990385756866597,5906300,True,False
CTBN.JK,4450.0,4480.0,4552.0,4687.0,5033.5,5333.31783203125,5328.928471679687,88.331783203125,1.3421042477205534,2300,False,False
CSRA.JK,780.0,775.0,785.0,776.5,767.5,776.0,848.65,3.5,1.930084978294581,33400,True,False
CSMI.JK,72.0,74.66666666666667,75.0,76.1,76.35,76.54,85.98,4.540000000000006,2.778814702364081,3403800,True,False
CSIS.JK,177.0,176.66666666666666,176.6,176.3,165.7020004272461,152.81480087280272,161.8144019317627,24.18519912719728,2.6014208769295784,1089400,False,False
CSAP.JK,280.0,279.3333333333333,282.8,287.0,286.10137939453125,276.0601336669922,280.2016534423828,5.469933166503893,2.333185351377959,2200,True,False
CRSN.JK,106.0,105.0,104.6,103.7,101.85,100.82370376586914,105.40975715637207,5.176296234130859,1.9589097666996236,1365300,True,True
CRAB.JK,208.0,208.0,208.0,208.0,208.0,208.36,214.64,0.18000000000000682,0.0,0,True,False
CPRO.JK,50.0,50.333333333333336,50.4,50.5,50.25,50.48,53.46,0.5,1.8674153737029124,61015400,True,False
CPIN.JK,3140.0,3136.6666666666665,3190.0,3163.0,3130.5,3390.6542041015623,3652.242434082031,26.01542041015623,1.8791273584986692,1555500,False,False
COIN.JK,675.0,688.3333333333334,713.0,721.5,689.75,732.8,979.5,11.559999999999992,4.217543324017104,3126800,False,False
COCO.JK,108.0,110.0,118.2,126.4,142.1134895324707,174.03169082641602,262.775845413208,66.03169082641602,7.23820077807461,290959700,False,False
COAL.JK,21.0,21.666666666666668,22.4,21.4,21.7,31.78,46.77,10.780000000000001,5.974750466842927,1279200,False,False
CNMA.JK,90.0,90.66666666666667,91.2,91.5,90.55,90.04,95.17693664550781,1.5,1.9400434600465513,4583600,True,False
CNKO.JK,37.0,37.0,37.0,37.0,37.0,38.84,48.66,1.8400000000000034,0.0,0,True,False
CMRY.JK,4680.0,4690.0,4646.0,4616.0,4592.0,4494.8,4512.1575537109375,19.519999999999982,1.9436751972219932,298900,False,False
CMPP.JK,69.0,69.0,69.0,69.0,69.0,70.32,77.05,1.3199999999999932,0.0,0,True,False
CMNT.JK,805.0,808.3333333333334,798.0,793.5,793.0,791.5,776.7,3.3666666666666742,1.6376859028054649,7136900,True,True
CMNP.JK,1325.0,1343.3333333333333,1343.0,1343.5,1347.25,1358.4,1418.95,6.680000000000018,0.7466651789594041,1600,False,False
CLPI.JK,1555.0,1548.3333333333333,1547.0,1548.0,1513.75,1469.542294921875,1451.9057385253907,17.09154101562499,0.7717191322191664,35400,False,False
CLEO.JK,376.0,374.6666666666667,375.6,378.6,379.8,376.9122216796875,387.41523498535156,2.566666666666663,0.7092894102520617,4440700,True,False
CLAY.JK,2350.0,2320.0,2362.0,2404.0,2500.5,2665.6,2730.6,34.55999999999999,2.5973060231627096,27500,False,False
CITY.JK,165.0,167.0,168.0,169.8,166.9,159.06,172.44,10.740000000000009,1.9354322115995901,427900,False,False
CITA.JK,3210.0,3240.0,3274.0,3278.0,3169.5,3107.3607861328123,3394.679616699219,17.063921386718768,1.352596734319363,31100,False,False
CINT.JK,174.0,175.0,174.0,171.1,166.95,168.78,185.72,8.050000000000011,2.110328597632007,7587500,False,False
CHIP.JK,905.0,913.3333333333334,918.0,929.5,931.4662811279297,943.2170935058593,1014.9806597900391,7.643418701171868,0.758485337779684,16300,False,False
CHEM.JK,65.0,64.33333333333333,65.2,65.7,63.85,62.992241058349606,77.8998274230957,2.707758941650397,3.04652032000432,3958400,True,False
CHEK.JK,129.0,131.0,131.2,131.8,127.95,124.1,131.5,7.700000000000017,2.0574063362692483,216400,False,False
CGAS.JK,149.0,151.0,152.4,154.1,150.05,152.01666534423828,158.31666458129882,5.099999999999994,1.5420996887261633,8687400,True,False
CFIN.JK,334.0,332.6666666666667,335.2,336.2,332.4,313.4632843017578,302.5788427734375,11.368357849121082,1.0033188753114581,244300,False,False
CENT.JK,80.0,81.0,82.0,81.3,77.65,76.0,89.58,6.0,2.650119422848299,4497400,False,False
CEKA.JK,2190.0,2183.3333333333335,2180.0,2178.0,2167.0,2151.6765625,2165.7984375,3.8323437500000184,0.9174172573836591,11900,True,False
CDIA.JK,640.0,665.0,685.0,679.0,650.25,680.6654895019532,827.6763604736328,9.0,4.529894731666716,26580600,False,False
CCSI.JK,248.0,247.33333333333334,248.4,249.0,249.3,247.72,252.2,0.9833333333333343,0.595768650182243,2700,True,False
CBUT.JK,810.0,810.0,815.0,809.5,801.25,691.62,773.21,24.676,0.9722507116936386,16500,False,False
CBRE.JK,675.0,685.0,702.0,727.0,713.5,715.9,791.55,10.4,4.85410501124493,3818600,False,False
CBPE.JK,290.0,288.0,288.8,289.2,285.2992691040039,284.1369299316406,296.98101684570315,2.9315350341796886,1.1366302524585208,12600,True,False
CBDK.JK,3390.0,3453.3333333333335,3548.0,3573.0,3492.0,3586.81677734375,4175.486547851562,19.68167773437499,2.247974287709432,320700,False,False
CASS.JK,1850.0,1855.0,1860.0,1856.0,1849.75,1803.9,1861.8,11.219999999999981,0.648245100327245,3600,False,False
CASH.JK,230.0,236.0,235.2,219.2,206.5,189.9,194.74,23.049999999999997,5.4419821689766295,1096600,False,False
CASA.JK,1800.0,1838.3333333333333,1834.0,1831.0,1850.75,1682.9,1508.0,33.56999999999998,3.1915255535646176,100,False,False
CARS.JK,88.0,88.33333333333333,89.0,87.8,85.3,87.08,91.96,3.700000000000003,2.2486588856056815,586900,True,False
CARE.JK,416.0,417.3333333333333,418.4,422.2,424.5,415.04,415.48,4.72999999999999,0.4552242920820091,22900,True,False
CANI.JK,135.0,135.0,135.0,135.0,135.0,135.3,142.38,0.30000000000001137,0.0,0,True,False
CAMP.JK,168.0,168.66666666666666,169.6,169.8,169.35,174.68,188.17,6.680000000000007,1.0550986198982224,96700,False,False
CAKK.JK,131.0,132.66666666666666,133.6,135.6,136.0,139.58,151.32,8.580000000000013,2.7502320671662495,139000,False,False
BYAN.JK,12000.0,12075.0,12075.0,12007.5,11718.75,10903.69732421875,11335.084130859375,46.85210703124998,1.3481343322288628,6900,False,False
BWPT.JK,75.0,77.0,78.4,78.6,76.7,77.86,102.15,3.5999999999999943,2.926135341657524,63428400,True,False
BVIC.JK,92.0,92.33333333333333,92.2,91.9,86.2,87.82,97.16,6.133333333333326,3.560493866928191,1138000,False,False
BUVA.JK,805.0,825.0,848.0,897.0,866.0,794.4,951.05,20.520000000000003,5.53144238347272,151106700,False,False
BUMI.JK,160.0,165.0,169.8,164.3,153.05,155.46,192.95,16.75,4.73823330273501,2164775000,False,False
BULL.JK,398.0,408.0,410.4,395.0,362.7,362.16,405.41,24.119999999999976,5.109797062050758,217506700,False,False
BUKK.JK,1020.0,1046.6666666666667,1056.0,1079.0,1090.0,1017.9,1183.0,14.420000000000005,1.9098659424570588,2400,False,False
BUKA.JK,114.0,117.33333333333333,117.2,113.4,106.05,110.14,128.29,11.283333333333331,3.437333291457457,55264100,False,False
BUDI.JK,206.0,205.33333333333334,205.6,205.8,205.2,205.56,208.62,0.4000000000000057,0.7889451523223768,20600,True,False
BUAH.JK,500.0,503.3333333333333,507.0,510.0,510.0,510.08860778808594,508.4623663330078,5.044303894042969,0.823764820010471,48000,True,False
BTPS.JK,970.0,966.6666666666666,985.0,1007.5,1005.0,976.7,998.2933642578125,8.166666666666675,1.6243022865596788,778800,False,False
BTPN.JK,2140.0,2176.6666666666665,2208.0,2229.0,2202.0,2198.1,2120.3306103515624,8.9,1.990502814209487,7000,False,False
BTON.JK,340.0,355.3333333333333,359.2,354.4,351.7,356.4,368.42,9.599999999999994,4.5147555877673495,4200,False,False
BTEK.JK,10.0,11.0,11.2,11.2,10.7,10.82,12.78,1.1999999999999993,7.350246239664051,6713000,False,False
BSSR.JK,4240.0,4240.0,4258.0,4267.0,4192.5,3898.318583984375,3739.8804956054687,36.8681416015625,0.516881646648592,233400,False,False
BSML.JK,505.0,513.3333333333334,515.0,516.5,517.25,466.26,418.89,10.198000000000002,1.3641392001585642,2110100,False,False
BSIM.JK,690.0,691.6666666666666,696.0,696.5,695.25,725.3,809.6,7.059999999999991,1.7975443213635596,7500,False,False
BSDE.JK,560.0,561.6666666666666,571.0,575.5,567.0,591.1,679.15,6.220000000000004,1.839057374101747,4292700,False,False
BSBK.JK,52.0,52.0,52.4,52.3,51.95,51.76,55.53,0.6400000000000006,1.780026896430948,6087400,True,False
BRRC.JK,57.0,56.333333333333336,57.0,58.9,58.65,57.98,68.91,2.566666666666663,2.506519315391173,1933500,True,False
BRPT.JK,1725.0,1731.6666666666667,1746.0,1761.0,1676.3361755371093,1642.0669262695312,1735.5285949707031,23.786614746093754,2.7218830761189956,69632500,False,False
BRNA.JK,590.0,596.6666666666666,596.0,596.5,591.0,595.7,631.9,1.3333333333333257,1.416072822893558,19000,True,False
BRMS.JK,545.0,558.3333333333334,574.0,577.5,546.25,562.0,686.65,6.5,3.9582122874363503,117569200,False,False
BRIS.JK,1780.0,1805.0,1832.0,1847.5,1798.5,1809.1,1903.9156091308594,13.5,3.6706139482153692,3505200,False,False
BREN.JK,3270.0,3386.6666666666665,3470.0,3483.0,3403.7953247070313,3429.310458984375,4477.670805664063,21.3,3.3385005974242237,11321900,False,False
BRAM.JK,4480.0,4460.0,4456.0,4482.0,4497.0,4437.405141601563,4379.1680834960935,5.959485839843728,0.6695168792726434,900,True,False
BPTR.JK,72.0,73.33333333333333,73.8,73.5,70.45,70.48,76.69,3.3499999999999943,3.2000108524717215,630900,True,False
BPII.JK,438.0,438.0,437.6,437.4,437.9,447.4,457.5,5.0,1.1533853103425977,1800,True,False
BPFI.JK,262.0,260.6666666666667,262.4,255.8,249.60200042724608,250.5220590209961,256.7055601501465,6.398999786376947,2.284640739423991,3700,False,False
BOLT.JK,775.0,780.0,790.0,789.5,786.5,782.8,829.0489910888672,3.0,1.332113732565147,7800,True,False
BOLA.JK,161.0,162.33333333333334,163.4,163.2,158.45,152.74,159.44,10.659999999999997,1.4508436434131298,460500,False,False
BOGA.JK,1500.0,1503.3333333333333,1508.0,1516.0,1524.25,1374.9,1401.2,29.869999999999983,2.271808550370517,1200,False,False
BOBA.JK,234.0,230.66666666666666,230.8,234.0,246.3,273.9997198486328,238.16209518432618,21.666526590983082,2.085529379412213,1210800,False,False
BOAT.JK,123.0,127.66666666666667,126.6,121.1,114.05,111.4,127.82,16.266666666666666,4.472272911016741,1348800,False,False
BNLI.JK,2260.0,2310.0,2338.0,2357.0,2360.5,2658.6,2921.2154956054687,39.85999999999999,1.6291336667881091,42400,False,False
BNII.JK,187.0,188.0,188.8,189.6,189.55,189.04,194.3755842590332,2.5999999999999943,0.6115131176758765,84200,True,False
BNGA.JK,1635.0,1645.0,1646.0,1634.5,1600.75,1591.0,1624.2457263183594,11.0,0.9791150338507624,616000,False,False
BNBR.JK,95.0,101.66666666666667,103.6,101.6,94.60957412719726,100.73951477050781,131.62768531799315,8.990425872802732,8.950238241692848,2943899200,False,False
BNBA.JK,735.0,735.0,739.0,744.5,743.5,721.5,726.3,4.6,0.7596824394996592,88500,True,False
BMTR.JK,111.0,113.0,115.0,118.1,115.7,118.14,133.5,7.140000000000001,2.9512380564974716,11554100,False,False
BMSR.JK,312.0,312.6666666666667,313.2,313.4,303.3,296.92,311.14,8.23999999999998,2.9294396281248423,3200,False,False
BMRI.JK,4100.0,4120.0,4174.0,4301.0,4186.0,4145.4,4230.364331054688,20.1,2.5965369968038283,52663000,False,False
BMHS.JK,183.0,182.66666666666666,181.8,180.2,177.25,178.47948608398437,182.3975442504883,5.75,1.4809498893097426,544000,True,False
BMBL.JK,31.0,31.666666666666668,31.8,31.4,31.5,31.92,33.56,0.9200000000000017,4.402342565772154,5956000,False,False
BMAS.JK,472.0,480.0,481.2,485.6,478.8,482.58,491.2,6.800000000000011,3.0766389261739504,2500,False,False
BLUE.JK,2840.0,2856.6666666666665,2892.0,2898.0,2899.0,3045.171279296875,3203.2358081054685,20.51712792968751,1.4709959782266475,48400,False,False
BLTA.JK,33.0,33.333333333333336,33.4,34.0,33.3,34.06,38.54,1.0600000000000023,3.2536750077471055,637200,True,False
BLOG.JK,352.0,357.3333333333333,367.2,371.6,358.1,341.0972424316406,353.3303460693359,15.251378784179707,3.6704123228702716,216300,False,False
BLES.JK,189.0,176.66666666666666,171.6,160.6,150.4,143.27402526855468,145.85001235961914,45.72597473144532,4.223358439677964,15986000,False,False
BKSW.JK,53.0,53.0,53.0,52.8,52.0,52.22,55.37,1.0,0.6081303192631419,39800,True,False
BKSL.JK,64.0,66.0,67.8,68.3,65.45,66.76,88.51,4.299999999999997,2.950614333717484,89449100,True,False
BKDP.JK,169.0,154.66666666666666,154.8,152.5,126.75,123.84,95.5,45.16,6.678278439363913,72470300,False,False
BJTM.JK,510.0,513.3333333333334,517.0,521.0,515.5,513.84,517.4369119262695,2.2,1.016669140889496,933600,True,False
BJBR.JK,770.0,776.6666666666666,781.0,782.5,773.5,766.3,763.4597393798828,3.240000000000009,1.1323439967852704,303600,True,False
BISI.JK,635.0,643.3333333333334,647.0,651.0,641.75,665.3645385742187,726.3578045654297,6.072907714843746,1.658998007571695,79400,False,False
BIRD.JK,1605.0,1605.0,1609.0,1616.5,1585.5,1487.5369580078125,1481.5427001953126,25.792608398437505,0.759046416466799,219700,False,False
BIPP.JK,60.0,62.0,63.6,66.0,64.1,60.1,66.04,6.0,1.7281506385222591,4495400,False,False
BIPI.JK,136.0,141.33333333333334,148.0,150.4,139.1,148.8,194.32,14.400000000000006,4.7144297693780235,417619100,False,False
BINO.JK,110.0,109.0,108.4,107.4,101.9,99.32,111.05,10.680000000000007,3.0380214630599456,1053600,False,False
BINA.JK,3990.0,4076.6666666666665,4104.0,4143.0,3981.5,3894.8,4088.5,24.819999999999983,3.304706819708307,176100,False,False
BIKE.JK,510.0,510.0,510.0,510.0,510.0,510.0,490.53,0.0,0.0,0,True,False
BHIT.JK,25.0,25.333333333333332,25.6,25.9,25.65,26.88,30.35,1.879999999999999,4.043889440920483,488800,False,False
BHAT.JK,1770.0,1770.0,1770.0,1770.0,1770.0,1434.1,1418.9,67.18000000000002,0.0,0,False,False
BGTG.JK,106.0,107.66666666666667,109.0,110.9,110.05,109.4,115.36,4.900000000000006,2.3535064330743256,563200,True,False
BFIN.JK,835.0,820.0,798.0,790.0,779.5,724.3709228515625,723.130150756836,22.12581542968751,3.058756458009343,11298400,False,False
BEST.JK,99.0,100.0,100.8,101.9,100.3,98.9,103.18,3.0,1.643357113264538,631100,True,False
BESS.JK,875.0,880.0,890.0,900.0,914.25,935.0497521972657,1072.378930053711,12.009950439453132,2.203138261392712,11600,False,False
BELL.JK,109.0,112.33333333333333,114.4,115.6,112.6,105.68,128.53,9.919999999999987,4.280245334839487,13258300,False,False
BELI.JK,254.0,255.33333333333334,255.2,257.8,262.8,288.48,344.02,17.24000000000001,0.903242547387804,542000,False,False
BEKS.JK,21.0,21.0,21.0,21.3,20.9,21.24,24.36,0.40000000000000213,2.7001184891731924,216400,True,False
BEER.JK,74.0,75.33333333333333,76.0,77.7,78.55,83.1,110.16,9.099999999999994,1.7279455651719795,3371900,False,False
BEEF.JK,376.0,363.3333333333333,356.4,320.0,283.4,205.58,221.22,85.21,5.5993964393901905,14039300,False,False
BDMN.JK,4040.0,4063.3333333333335,4072.0,4152.0,4056.0,4165.4,3637.6031494140625,12.539999999999964,1.0770232102924766,302900,False,False
BDKR.JK,154.0,152.0,150.8,148.7,147.25,140.00836898803712,146.91423820495606,13.99163101196288,2.211345122692509,13770800,False,False
BCIP.JK,63.0,62.666666666666664,62.6,62.4,60.7,60.42,66.46,2.5799999999999983,1.0184661714408159,4391900,True,False
BCIC.JK,126.0,126.33333333333333,125.6,125.3,122.15,119.1,124.66,7.233333333333334,2.010695993693171,864800,False,False
BCAP.JK,50.0,50.0,50.2,50.2,50.1,50.06,50.97,0.20000000000000284,0.9336024218017578,85500,True,False
BBYB.JK,232.0,238.0,242.4,248.8,234.2,236.24,273.08,8.400000000000006,4.616446043623107,20186600,False,False
BBTN.JK,1195.0,1210.0,1219.0,1235.5,1205.75,1213.5,1268.15,8.1,2.134450118665182,6393300,False,False
BBSS.JK,94.0,94.66666666666667,96.0,96.2,96.35,104.92,140.86,10.920000000000002,2.7229331128371523,1967400,False,False
BBSI.JK,4600.0,4663.333333333333,4674.0,4690.0,4671.0,4578.0,4644.5,11.2,0.6908429692560274,800,False,False
BBRM.JK,110.0,111.0,113.0,115.2,116.4,111.8,129.32,6.400000000000006,2.572920381845543,1258300,False,False
BBRI.JK,2930.0,2936.6666666666665,2952.0,2970.0,2880.5,2901.0,3063.8440063476564,8.95,1.6803688074044234,37928300,False,False
BBNI.JK,3490.0,3496.6666666666665,3522.0,3551.0,3468.0,3516.8,3674.810979003906,8.3,1.2344870883470556,8819400,False,False
BBMD.JK,1950.0,1981.6666666666667,1985.0,1971.0,1947.75,1934.0951440429687,1937.9622436523437,10.180971191406252,1.7437489189242328,900,False,False
BBLD.JK,590.0,596.6666666666666,595.0,597.0,563.25,580.71828125,656.836557006836,6.75,5.111740169647736,71900,False,False
BBKP.JK,52.0,52.666666666666664,53.2,53.8,52.45,53.2,57.98,1.7999999999999972,2.0734958832850685,22714400,True,False
BBHI.JK,905.0,908.3333333333334,910.0,921.5,919.1720031738281,920.7565466308594,1085.2757489013673,3.3,1.1137211211245337,8400,True,False
BBCA.JK,6200.0,6241.666666666667,6255.0,6347.5,6238.75,6000.0,6203.822124023438,13.9,1.9167614340109125,43430000,False,False
BAYU.JK,1145.0,1150.0,1154.0,1155.5,1143.5,1131.3,1197.4555419921876,4.840000000000009,0.43118818285615146,2400,True,False
BAUT.JK,29.0,28.666666666666668,28.4,28.9,28.4,27.22,30.59,1.7800000000000011,3.1047547953750794,127000,True,False
BATR.JK,92.0,91.66666666666667,92.4,91.7,88.6,85.24390838623047,87.85758666992187,7.156091613769533,2.38861302080876,126600,False,False
BATA.JK,59.0,59.0,59.0,59.0,59.0,60.56,61.67,1.5600000000000023,0.0,0,True,False
BAPI.JK,17.0,17.333333333333332,16.6,15.6,15.9,17.5,22.99,1.9000000000000004,5.55698756152113,27937700,False,False
BAPA.JK,163.0,169.0,182.8,204.0,272.3,254.64,202.36,109.30000000000001,7.283099329296659,7710200,False,False
BANK.JK,278.0,282.0,287.6,291.6,284.0,277.92,398.66,6.840000000000003,3.0109960926588566,1672400,False,False
BALI.JK,1200.0,1213.3333333333333,1219.0,1229.0,1239.75,1233.6,1259.95,7.95,1.2694226312585668,200,False,False
BAJA.JK,193.0,213.0,193.8,179.9,170.45,155.9,154.6,57.099999999999994,12.260913969352572,23485600,False,False
BAIK.JK,735.0,730.0,722.0,711.5,687.25,617.58,531.69,23.48399999999999,1.4693832435221181,13130600,False,False
BACA.JK,115.0,114.66666666666667,114.4,115.3,108.65,111.58,124.1,6.6499999999999915,5.9722300021332515,563200,False,False
BABY.JK,183.0,184.0,188.0,190.0,181.25,172.66,201.51,17.340000000000003,3.1802356993907965,2356100,False,False
BABP.JK,50.0,50.0,50.0,50.0,50.0,50.04,50.98,0.03999999999999915,0.0,23900,True,False
AYLS.JK,150.0,150.0,150.6,152.0,152.55,139.7,166.43,12.850000000000023,2.353280004477166,586300,False,False
AYAM.JK,396.0,398.0,396.0,390.0,371.1,343.76,335.98,27.120000000000005,1.898882536101359,19066600,False,False
AXIO.JK,109.0,110.33333333333333,111.4,112.8,111.15,107.89306945800782,109.37099220275879,4.906930541992182,1.967611067370329,233400,True,False
AWAN.JK,148.0,149.66666666666666,149.6,150.3,146.95,145.36,149.46,4.939999999999998,2.5048898225342517,1002200,True,False
AVIA.JK,318.0,318.6666666666667,322.0,329.0,323.6,322.4,350.9612939453125,5.5,1.7533075811596668,14136200,True,False
AUTO.JK,2700.0,2673.3333333333335,2642.0,2645.0,2546.5,2490.6,2512.51236328125,20.94000000000001,1.4789725413092851,832200,False,False
ATLA.JK,50.0,50.0,50.2,50.2,50.1,49.83675979614258,50.506166496276855,0.3632402038574227,0.9336024218017578,431300,True,False
ATIC.JK,470.0,473.3333333333333,477.2,478.2,476.4,480.14,508.04,5.069999999999993,1.5235580926344385,26300,True,False
ATAP.JK,535.0,546.6666666666666,553.0,560.5,517.7,454.92,513.82,21.115999999999996,4.027532766062963,322800,False,False
ASSA.JK,580.0,586.6666666666666,599.0,612.0,603.5,601.6203125,727.52421875,6.4,1.800665960666022,3093700,False,False
ASRM.JK,262.0,262.6666666666667,264.0,263.2,255.9,252.70511108398438,268.6493942260742,5.647444458007811,1.4939778541567144,3900,True,False
ASRI.JK,116.0,117.66666666666667,119.2,121.3,118.6,113.51184188842774,123.12105224609375,7.788158111572258,1.2863925478767977,1845400,False,False
ASPR.JK,147.0,147.0,148.8,151.1,149.2,181.9025030517578,212.89690795898437,34.902503051757805,2.44241313681658,16703500,False,False
ASPI.JK,402.0,404.0,408.0,424.0,448.95,390.54,383.57,29.204999999999984,3.959289007650049,112400,False,False
ASMI.JK,16.0,17.0,17.6,18.7,17.1,16.16,18.07,2.6999999999999993,5.020005689708695,2388400,False,False
ASLI.JK,192.0,195.0,199.0,199.0,198.15,212.1,273.17,20.099999999999994,3.7101166048485097,994700,False,False
ASLC.JK,65.0,65.0,65.2,64.7,62.4,62.42,69.65,2.8000000000000043,2.8904260711675933,6426600,True,False
ASJT.JK,152.0,156.0,156.8,160.2,161.0,160.34,174.03084884643556,9.0,2.4107916607937074,467100,False,False
ASII.JK,4980.0,4953.333333333333,4968.0,5034.0,4930.0,4928.8,5400.415341796875,10.519999999999982,2.129521522091983,8749500,False,False
ASHA.JK,54.0,55.666666666666664,56.8,57.7,56.6,57.46,65.92,3.700000000000003,2.591600148841375,13616400,True,False
ASGR.JK,1920.0,1925.0,1914.0,1911.5,1814.75,1613.0,1566.4444116210936,62.4,1.3754648178933206,104900,False,False
ASDM.JK,510.0,506.6666666666667,510.0,513.5,509.8878631591797,496.3999169921875,526.1359732055664,3.420016601562497,1.4114893350837128,3400,True,False
ASBI.JK,412.0,418.0,418.8,422.2,419.1,410.25825744628906,409.47637115478517,5.970871276855462,1.3922013271327112,600,True,False
ARTO.JK,1155.0,1180.0,1226.0,1296.0,1188.5,1086.3,1219.9,41.94000000000001,4.112288317015541,2798900,False,False
ARTA.JK,2400.0,2470.0,2486.0,2510.0,2530.0,2388.9,2596.35,14.10999999999999,5.1317293422894865,6000,False,False
ARNA.JK,488.0,485.3333333333333,484.8,477.0,467.3,448.48,466.82605224609375,19.75999999999999,0.718802367796999,1698600,False,False
ARKO.JK,4420.0,4715.0,5109.0,5038.0,4868.5,5249.9,6571.95,82.98999999999997,8.432911899110337,2667600,False,False
ARKA.JK,22.0,22.0,22.0,22.0,22.0,24.9,28.71,2.8999999999999986,0.0,0,True,False
ARII.JK,274.0,272.0,271.6,272.0,272.8,274.4,279.06,1.3999999999999773,1.1096905220241255,47600,True,False
ARGO.JK,1165.0,1163.3333333333333,1141.0,1117.0,1052.25,928.2,956.7,47.35999999999999,1.675058298245304,96100,False,False
AREA.JK,260.0,276.6666666666667,284.0,282.4,257.4,238.12,283.0,22.939999999999998,5.8989998905782075,867900,False,False
ARCI.JK,1035.0,1046.6666666666667,1066.0,1080.5,1035.0,1049.0861987304688,1295.923642578125,9.1,3.2808030445232577,9475700,False,False
APLN.JK,123.0,124.33333333333333,127.2,132.0,127.3,129.06,147.76,9.0,2.6544942207173556,9433000,False,False
APLI.JK,244.0,243.33333333333334,243.2,245.0,245.2,247.46266998291014,232.3436865234375,2.131334991455077,1.7778836875641297,108800,True,False
APII.JK,180.0,180.66666666666666,181.2,182.7,182.6,178.80329650878906,182.22571411132813,3.8967034912109284,0.8112631233483236,6600,True,False
APIC.JK,610.0,628.3333333333334,648.0,674.5,663.75,750.4,1081.1,28.079999999999995,3.982691163216771,224900,False,False
APEX.JK,143.0,143.66666666666666,146.4,143.6,137.4,133.58,165.74,12.819999999999993,2.5048773496928507,5662400,False,False
ANTM.JK,2830.0,2896.6666666666665,2952.0,3009.0,2953.5,2820.959326171875,3191.6571948242185,18.80406738281249,1.8919809866062873,35640700,False,False
ANJT.JK,1400.0,1413.3333333333333,1437.0,1471.0,1454.75,1498.0,1581.75,19.6,1.3268989098434045,4300,False,False
ANDI.JK,17.0,17.0,17.6,18.1,17.65,17.58,21.45,1.1000000000000014,3.103029755723802,638900,True,False
AMRT.JK,1315.0,1321.6666666666667,1351.0,1358.0,1375.5,1346.9028662109374,1385.6374072265626,12.1,2.4446694402790374,7303400,False,False
AMOR.JK,350.0,349.3333333333333,348.8,347.6,335.6,330.96,338.1,9.52000000000001,1.4258590555273158,15100,False,False
AMMS.JK,282.0,293.3333333333333,295.6,298.2,305.6,331.48,367.46,24.74000000000001,1.9390610036840124,711200,False,False
AMMN.JK,3890.0,3976.6666666666665,4038.0,4050.0,3788.0,3533.6,4365.4,51.64000000000001,3.490851512485903,50134300,False,False
AMIN.JK,244.0,244.0,243.6,244.2,243.5,249.96,247.3,3.230000000000004,1.0543638333579708,700,True,False
AMFG.JK,3240.0,3246.6666666666665,3234.0,3157.0,3096.0781860351562,3010.4202294921874,3097.5068823242186,23.624643717447906,1.3473550508295402,3000,False,False
AMAR.JK,206.0,208.0,208.4,208.2,206.6,195.90080474853517,193.89686874389648,6.24959762573242,0.7838825770168584,17300,False,False
AMAN.JK,260.0,258.6666666666667,260.0,263.0,262.1,256.36,273.04,3.319999999999993,1.5429880887246596,44600,True,False
AMAG.JK,382.0,383.3333333333333,384.4,387.8,389.1,389.6,396.37031646728514,3.8000000000000114,0.43704312292893976,1500,True,False
ALKA.JK,1715.0,1488.3333333333333,1305.0,1009.5,764.25,634.84,654.19,216.03199999999998,10.523121404830993,192700,False,False
ALII.JK,715.0,728.3333333333334,740.0,745.0,733.75,762.0998718261719,794.5560705566406,9.419974365234385,2.222534793095076,900700,False,False
ALDO.JK,825.0,825.0,824.0,783.0,735.475,710.9877648925781,649.5806268310547,22.802447021484387,9.447219817198818,850800,False,False
AKSI.JK,238.0,235.33333333333334,230.0,226.4,221.0,218.72,262.68,9.64,2.7983038062039465,405400,False,False
AKRA.JK,1445.0,1448.3333333333333,1440.0,1427.5,1365.75,1304.6,1336.8516149902343,28.74666666666667,2.6211797522044593,5527700,False,False
AKPI.JK,490.0,493.3333333333333,493.6,493.6,490.55,488.6416790771484,499.28420806884765,2.4791604614258063,0.5719083555042975,5000,True,False
AKKU.JK,38.0,38.0,38.0,38.0,38.0,38.0,38.04,0.0,0.0,0,True,False
AISA.JK,128.0,118.0,113.8,111.2,107.8,104.14,114.58,23.86,5.1914838020838605,114878100,False,False
AIMS.JK,394.0,385.3333333333333,374.8,366.8,392.5,393.36,415.44,13.599999999999994,7.014254214673471,1286000,False,False
AHAP.JK,90.0,91.66666666666667,93.2,94.5,93.3,87.4,100.87,7.099999999999994,2.253047319697325,6160400,False,False
AGRS.JK,62.0,62.0,62.0,61.8,60.9,61.46,65.63,1.1000000000000014,1.7399476026237426,915700,True,False
AGRO.JK,142.0,144.0,146.2,148.7,144.85,148.92,166.16,6.9199999999999875,2.124413574871584,998100,False,False
AGII.JK,2830.0,2853.3333333333335,2868.0,2931.0,2944.0,2768.1919384765624,2982.571171875,17.580806152343758,2.440346246385403,134200,False,False
AGAR.JK,630.0,630.0,630.0,551.8,381.7,284.72,260.04,69.056,12.788851424823166,0,False,False
AEGS.JK,41.0,41.666666666666664,42.4,42.5,40.45,41.34,46.1,2.049999999999997,3.7547171454698955,328400,True,False
ADRO.JK,2450.0,2476.6666666666665,2502.0,2520.0,2441.0,2339.2,2368.6058984375,18.08000000000002,1.6667300356596984,9757500,False,False
ADMR.JK,1440.0,1461.6666666666667,1487.0,1515.0,1478.75,1477.1,1667.8973803710937,15.0,2.171158577700845,11989700,False,False
ADMG.JK,214.0,218.66666666666666,218.4,219.2,211.15,204.62,204.9,7.289999999999992,1.8916491699868265,131000,False,False
ADMF.JK,8200.0,8216.666666666666,8240.0,8270.0,8153.75,8163.5,8205.524931640624,4.65,0.8373754480972899,8500,True,False
ADHI.JK,158.0,160.0,161.4,164.1,160.2,161.3,180.42,6.099999999999994,1.9450406841728731,2015900,False,False
ADES.JK,36975.0,38083.333333333336,37185.0,35605.0,34940.0,28880.0,23196.75,368.13333333333344,3.0440234441591585,32300,False,False
ADCP.JK,50.0,50.0,50.0,50.0,50.0,50.0,50.45,0.0,0.0,0,True,False
ACST.JK,84.0,85.0,86.8,85.4,81.0,78.46,90.24,8.340000000000003,2.6457386881573406,30700,False,False
ACRO.JK,60.0,60.333333333333336,60.8,61.4,61.0,59.54930458068848,64.99613986968994,1.8506954193115206,1.5424525925140677,2241900,True,False
ACES.JK,348.0,349.3333333333333,352.8,353.2,347.0,331.8272833251953,338.00061798095703,10.68635833740234,1.0155273090356438,6799300,False,False
ABMM.JK,2480.0,2486.6666666666665,2500.0,2509.0,2410.5,2389.6,2640.096630859375,11.940000000000008,1.4218496003646057,149400,False,False
ABDA.JK,3390.0,3416.6666666666665,3422.0,3410.0,3394.0,3375.2,3112.0,4.680000000000018,0.7876741040356147,1100,True,False
ABBA.JK,30.0,30.0,30.0,30.0,30.0,32.62,37.56,2.6199999999999974,0.0,0,True,False
AALI.JK,6500.0,6541.666666666667,6560.0,6517.5,6341.25,6310.0,6937.378564453125,10.0,1.3684689573882307,453600,False,False
AADI.JK,8825.0,8883.333333333334,8900.0,8882.5,8522.5,8134.99375,8975.757275390624,30.600250000000013,1.8774872181097215,1866200,False,False
