Ticker,Close,MA3,MA5,MA10,MA20,MA50,MA100,Range_Ticks,Vol_Pct,Volume,MA_Tight,Signal
ZYRX.JK,125.0,125.66666666666667,126.0,127.5,128.15,127.9,129.19,3.1500000000000057,1.1783253720489495,79100,True,False
ZONE.JK,620.0,631.6666666666666,643.0,668.0,689.25,706.7,574.7233148193359,17.34000000000001,1.5624326544598468,3400,False,False
ZINC.JK,30.0,30.0,30.0,30.0,30.0,30.0,30.0,0.0,0.0,0,True,False
YUPI.JK,1240.0,1240.0,1243.0,1257.0,1285.25,1304.0516723632813,1334.0980358886718,12.810334472656269,0.6783295310584144,10400,False,False
YULE.JK,3560.0,3560.0,3572.0,3579.0,3597.5,3525.8,3430.0,7.169999999999982,1.8156010970023346,2400,False,False
YPAS.JK,1225.0,1231.6666666666667,1175.0,1205.0,1277.0,1141.9,897.05,27.019999999999982,9.022672013626472,12300,False,False
YOII.JK,75.0,74.66666666666667,74.4,77.0,79.55,81.76,83.29,7.359999999999999,2.5206413833784405,2843800,False,False
YELO.JK,76.0,75.66666666666667,74.6,79.9,88.2,89.34,82.45,14.740000000000009,5.946971139497822,25287400,False,False
WTON.JK,68.0,66.66666666666667,67.8,71.5,75.2,77.18,76.46305786132812,10.513333333333335,2.813327666782501,2204600,False,False
WSBP.JK,14.0,14.0,14.0,14.0,14.0,14.0,14.25,0.0,0.0,0,True,False
WOWS.JK,50.0,50.0,48.8,50.3,53.65,57.42,58.63,8.620000000000005,6.510481119399437,4792400,False,False
WOOD.JK,176.0,187.33333333333334,187.4,190.6,196.45,209.14,220.57,33.139999999999986,3.054392973866169,14546800,False,False
WOMF.JK,270.0,270.0,270.4,274.6,278.3,272.16,267.34,4.150000000000006,0.6125082897035952,29300,True,False
WMUU.JK,28.0,30.333333333333332,34.2,42.1,46.05,49.98,51.6,21.979999999999997,6.122808505710136,239129800,False,False
WIRG.JK,56.0,56.333333333333336,57.0,62.0,69.2,67.34,62.54,13.200000000000003,3.124699899777227,38040400,False,False
WINS.JK,585.0,568.3333333333334,561.0,567.5,576.75,543.5,529.5150573730468,8.3,3.3356719928902185,871900,False,False
WINR.JK,24.0,24.666666666666668,25.8,25.9,26.45,23.7,23.34,2.75,7.214219058074231,33732300,False,False
WINE.JK,128.0,127.66666666666667,127.8,128.6,129.9,134.94,144.82006378173827,7.273333333333326,1.2259773206071136,114800,False,False
WIIM.JK,1460.0,1460.0,1478.0,1495.5,1520.0,1632.9,1618.3669958496093,34.58000000000002,2.9632501268652787,1595200,False,False
WIFI.JK,1435.0,1573.3333333333333,1620.0,1716.0,1859.75,1952.9,1886.2185998535156,103.58000000000001,3.536827690835873,140646000,False,False
WIDI.JK,28.0,28.0,28.0,27.6,27.6,26.66,26.46,1.3399999999999999,2.425284580026812,3569700,True,True
WGSH.JK,106.0,106.0,104.6,112.7,126.65,149.28,134.69,44.68000000000001,5.638093609894835,26678900,False,False
WEHA.JK,105.0,106.33333333333333,104.2,108.2,110.45,108.72,108.9216529083252,6.25,3.736329809681131,2291000,False,False
WEGE.JK,37.0,36.666666666666664,38.4,44.2,47.55,50.94,50.74,14.273333333333333,5.200953052801321,9355600,False,False
WAPO.JK,352.0,352.0,352.0,326.2,257.4,186.56,150.91,82.72,8.318625079695991,0,False,False
VTNY.JK,59.0,58.666666666666664,57.2,64.8,70.8,71.8,66.13,14.599999999999994,6.677937922425489,10275600,False,False
VRNA.JK,73.0,73.66666666666667,74.2,77.5,85.45,80.32,77.88,12.450000000000003,2.8592207683784845,796200,False,False
VOKS.JK,262.0,270.0,260.4,265.8,267.2,240.08,221.4,14.959999999999994,4.852250430357063,1247000,False,False
VKTR.JK,835.0,816.6666666666666,810.0,802.0,801.75,828.8,743.33,6.65,4.683592149407399,60013500,False,False
VIVA.JK,42.0,42.0,44.0,41.5,42.75,46.6,40.37,5.100000000000001,12.67805696054829,81510900,False,False
VISI.JK,1050.0,1056.6666666666667,1127.0,1218.5,1144.75,1017.1,971.25,40.279999999999994,6.5960545945168665,804100,False,False
VINS.JK,140.0,139.66666666666666,140.4,143.4,144.1,142.48,140.8,4.433333333333337,2.0674435834226963,147900,True,False
VICO.JK,153.0,150.66666666666666,153.0,158.262353515625,158.13000030517577,146.00541015625,139.6990576171875,12.256943359374986,2.8314033469513036,1150300,False,False
VICI.JK,1015.0,936.6666666666666,949.0,976.0,1042.75,816.6,697.4458944702149,45.23,6.145013840171157,3608300,False,False
VERN.JK,175.0,191.66666666666666,207.8,221.1,225.65,222.92,182.1,50.650000000000006,5.974398757453896,8999500,False,False
VAST.JK,103.0,101.33333333333333,102.8,109.8,113.3,114.18,115.97,12.846666666666678,2.878543147233413,11177000,False,False
UVCR.JK,266.0,260.6666666666667,254.8,218.3,190.4,164.2,170.45946899414062,50.900000000000006,7.566593029136071,58420700,False,False
URBN.JK,290.0,293.3333333333333,297.2,279.0,251.2,229.36,217.4,33.91999999999999,4.788257667416677,333100,False,False
UNVR.JK,1580.0,1608.3333333333333,1619.0,1621.5,1633.75,1708.0,1683.4380212402343,25.6,1.1216063526664373,17951600,False,False
UNTR.JK,26000.0,26475.0,25795.0,25077.5,25486.25,24700.0,24321.5,71.0,2.950226478815238,2620300,False,False
UNTD.JK,74.0,73.66666666666667,73.6,76.0,78.7,80.48,76.82,6.88000000000001,2.3331703444484537,19955200,False,False
UNSP.JK,358.0,332.6666666666667,332.8,298.8,252.4,224.56,226.44,66.72,10.995618501818317,20459300,False,False
UNIQ.JK,138.0,129.33333333333334,123.6,122.1,121.9,117.94,111.16,20.060000000000002,8.037337898218931,69741800,False,False
UNIC.JK,14975.0,15016.666666666666,15000.0,15047.5,15057.5,14849.5,13692.1640625,8.32,0.6447280125577469,3300,False,False
ULTJ.JK,2060.0,2056.6666666666665,2048.0,2060.0,1880.0,1637.0,1531.7,42.3,1.270989894381213,17242400,False,False
UFOE.JK,138.0,139.66666666666666,141.0,139.7,143.05,141.6,139.19,5.050000000000011,1.9886905098928782,161500,True,False
UDNG.JK,376.0,403.3333333333333,433.6,463.9,541.2,970.78,1141.44,297.39,5.728822947886607,4871300,False,False
UCID.JK,480.0,480.0,481.2,488.0,498.4,466.7,421.13844299316406,15.849999999999994,1.1167111949842918,2037300,False,False
UANG.JK,3570.0,3610.0,3654.0,3803.0,3895.0,3057.6,2732.6,83.74000000000001,2.351654257976382,128800,False,False
TYRE.JK,108.0,108.0,107.8,108.8,110.75,112.3,110.91,4.5,0.7666013290969108,379200,True,False
TUGU.JK,1410.0,1420.0,1468.0,1520.5,1490.75,1371.1,1269.85,29.880000000000017,3.0661927203879347,2000000,False,False
TSPC.JK,2640.0,2623.3333333333335,2630.0,2662.0,2708.5,2749.2,2606.2,12.586666666666634,0.7446563419679492,609600,False,False
TRUS.JK,452.0,446.0,442.8,447.0,449.6,434.68,382.5059515380859,8.659999999999997,3.4231666768353866,43700,False,False
TRUK.JK,2580.0,2580.0,2580.0,2271.0,1706.5,1093.24,752.4,148.676,8.068280200378855,0,False,False
TRUE.JK,45.0,44.333333333333336,46.4,60.7,56.2,52.48,61.19,16.366666666666667,14.60358443646482,111972900,False,False
TRST.JK,494.0,488.0,482.4,480.4,474.4,466.32,466.581037902832,13.840000000000003,2.8308012216362406,25300,False,False
TRON.JK,76.0,76.33333333333333,76.4,87.1,94.6,100.34,99.18,24.340000000000003,5.738820031527095,3183300,False,False
TRJA.JK,120.0,121.66666666666667,122.2,124.2,127.75,121.6,118.2,7.75,3.0193767043129207,404100,False,False
TRIS.JK,170.0,169.66666666666666,169.6,171.1,171.75560913085937,170.22800476074218,166.43528884887695,2.155609130859375,0.8564354921324168,111800,True,False
TRIN.JK,260.0,246.66666666666666,244.8,291.4,341.1,334.48,372.68,48.150000000000006,9.202168563478883,21498200,False,False
TRIM.JK,765.0,783.3333333333334,783.0,802.0,784.75,677.8,606.2544323730468,24.84000000000001,3.0821266328956702,480300,False,False
TRGU.JK,162.0,162.0,162.2,166.9,170.1,169.18,170.95,8.099999999999994,1.7654464475591647,296200,False,False
TPMA.JK,444.0,446.0,449.6,456.8,470.0,464.88,455.61,13.0,0.731447521104702,756200,False,False
TPIA.JK,1700.0,1721.6666666666667,1722.0,1779.0,1832.5,1964.5,2059.499833984375,52.9,2.4751610469843066,69404900,False,False
TOWR.JK,416.0,406.6666666666667,398.8,400.2,425.2,422.44,402.23348907470705,13.199999999999989,2.029096155643175,36968100,False,False
TOTO.JK,240.0,240.66666666666666,240.4,241.0,241.1,238.08,236.3820327758789,1.509999999999991,0.6120898307682818,509200,True,False
TOTL.JK,1555.0,1520.0,1520.0,1567.5,1546.25,1424.6,1238.9246826171875,28.58000000000002,2.7660757113050662,2175400,False,False
TOSK.JK,76.0,76.66666666666667,76.0,79.7,81.5,75.26,67.03,6.239999999999995,3.560748906734916,12512400,False,False
TOOL.JK,53.0,53.666666666666664,53.6,61.6,66.5,66.56,66.02,13.560000000000002,6.638502463291431,9507700,False,False
TOBA.JK,462.0,466.0,470.0,488.1,518.55,522.7,473.29,30.350000000000023,2.423660891165248,3055700,False,False
TNCA.JK,174.0,170.33333333333334,167.0,172.9,177.3,168.96,159.02,10.300000000000011,4.136340684242091,311600,False,False
TMPO.JK,164.0,172.0,170.4,167.7,162.85,163.56,135.29,9.150000000000006,5.4106899112626845,17335400,False,False
TMAS.JK,118.0,119.33333333333333,120.4,131.1,138.6,133.62,124.57798324584961,20.599999999999994,2.966800407156356,3586900,False,False
TLKM.JK,2250.0,2263.3333333333335,2306.0,2376.0,2505.5,2576.6,2598.0112060546876,32.65999999999999,1.0961133919680752,145636900,False,False
TLDN.JK,595.0,586.6666666666666,587.0,591.5,609.5,582.1,551.57,5.479999999999995,2.0189463181103746,1677400,True,True
TKIM.JK,7050.0,7050.0,7095.0,7200.0,7547.5,7475.5,6668.2223046875,19.9,2.2076399022304667,1052600,False,False
TIRT.JK,590.0,590.0,590.0,590.0,590.0,590.0,558.4,0.0,0.0,0,True,False
TIRA.JK,338.0,341.3333333333333,352.4,365.2,384.0,419.94,508.62,40.97,2.2275724539526647,7600,False,False
TINS.JK,4630.0,4623.333333333333,4600.0,4688.0,4666.0,4192.4,3771.710114746094,49.56000000000004,3.30693133971511,21663500,False,False
TIFA.JK,356.0,311.3333333333333,306.4,304.8,311.1,318.28,296.54895568847655,25.599999999999994,8.193653533852425,1487100,False,False
TGKA.JK,4840.0,4903.333333333333,4886.0,4922.5,4954.25,4958.8,4859.367900390625,11.880000000000019,1.5346495508368263,900,False,False
TFCO.JK,915.0,820.0,826.0,846.5,830.25,824.6,735.9,19.0,10.319868884810909,241700,False,False
TFAS.JK,177.0,177.66666666666666,176.8,184.0,185.65,186.86,192.63,10.060000000000002,3.8754122850430694,147400,False,False
TEBE.JK,2690.0,2690.0,2518.0,2341.0,2061.25,1643.2,1332.2,104.67999999999999,7.629034362367117,0,False,False
TCPI.JK,1365.0,1441.6666666666667,1534.0,1533.0,1730.0,2858.4,5725.9260546875,298.68,7.296504319277795,2128600,False,False
TCID.JK,2520.0,2523.3333333333335,2488.0,2507.0,2550.5,2637.4,2715.1,14.940000000000008,2.6764897337875593,6400,False,False
TBMS.JK,1200.0,1196.6666666666667,1200.0,1210.0,1219.5,1209.0,1217.6276977539062,4.566666666666651,1.4386473025233917,11500,True,False
TBLA.JK,605.0,596.6666666666666,596.0,607.0,617.25,624.0,610.2485238647461,5.6,1.2570535527124298,553300,True,False
TBIG.JK,1445.0,1450.0,1448.0,1455.5,1465.5,1443.8,1423.0826953125,4.340000000000009,1.4447663290088488,119700,True,False
TAYS.JK,50.0,50.0,50.0,50.0,50.0,50.0,50.49,0.0,0.0,0,True,False
TAXI.JK,14.0,14.666666666666666,16.0,15.2,14.85,14.26,14.02,2.0,11.491748786213913,145905200,False,False
TARA.JK,34.0,32.666666666666664,34.4,32.8,32.1,30.78,30.17,3.6199999999999974,9.440097001044712,6066700,False,False
TAPG.JK,1935.0,1930.0,1945.0,1996.5,2135.25,1982.81236328125,1721.2138732910157,41.05,2.2900392011864525,6225000,False,False
TAMU.JK,25.0,25.333333333333332,28.2,26.8,26.95,25.26,22.78,3.1999999999999993,13.63274156122819,23864200,False,False
TAMA.JK,190.0,185.33333333333334,184.2,190.3,192.75,219.24,197.37,35.04000000000002,4.539969592638829,1099500,False,False
TALF.JK,665.0,663.3333333333334,661.0,673.0,686.0,730.2,695.8810491943359,13.840000000000009,2.451256857624436,22600,False,False
SWID.JK,110.0,99.66666666666667,97.8,108.6,115.05,112.02,102.1324713897705,17.25,7.780650803208859,54587100,False,False
SURI.JK,80.0,79.66666666666667,78.2,81.2,82.9,78.54,72.02,4.700000000000003,3.196567421414156,1298600,True,True
SURE.JK,3000.0,3010.0,3030.0,3047.0,3047.5,2849.8,2813.9,19.769999999999982,4.274653232177629,5000,False,False
SUPA.JK,490.0,492.0,490.4,491.6,499.85,537.14,604.27,23.569999999999993,1.5129237959868904,9570000,False,False
SUNI.JK,620.0,638.3333333333334,648.0,662.5,675.0,696.1,661.3724377441406,15.220000000000004,1.24165834892332,186200,False,False
SULI.JK,75.0,74.33333333333333,73.4,78.7,83.15,88.28,85.35,14.879999999999995,4.10839844913631,2970100,False,False
STTP.JK,8925.0,8950.0,8930.0,9120.0,9268.75,9470.0,9634.5,21.8,1.3487930380793152,200,False,False
STRK.JK,52.0,48.666666666666664,47.0,54.1,59.4,62.52,69.72,15.520000000000003,8.452338454011677,7981900,False,False
STAR.JK,386.0,334.0,327.2,367.2,374.0,362.72,359.85,29.400000000000006,11.584300487180434,876000,False,False
STAA.JK,1215.0,1196.6666666666667,1196.0,1192.5,1206.25,1159.2,1079.4915783691406,11.159999999999991,1.206421391861834,5662700,False,False
SSTM.JK,410.0,414.0,419.2,439.0,451.8,435.06,434.65,20.900000000000006,1.9355099785692074,44300,False,False
SSMS.JK,1065.0,1048.3333333333333,1056.0,1065.0,1116.5,1019.8,931.05,19.34000000000001,3.141979366100883,12579100,False,False
SSIA.JK,1660.0,1678.3333333333333,1670.0,1677.5,1708.5,1726.2,1661.8159924316406,13.240000000000009,3.519251581149199,7738700,False,False
SRTG.JK,1710.0,1743.3333333333333,1752.0,1768.0,1787.75,1805.6,1670.0398376464843,19.119999999999983,1.8216950758646444,2402300,False,False
SRSN.JK,132.0,132.33333333333334,127.8,127.9,116.5,91.64,78.89,40.69333333333334,5.206014698165806,350814500,False,False
SRAJ.JK,13000.0,13000.0,13000.0,13000.0,13275.0,13166.0,12490.75,11.0,0.2451378031138057,0,False,False
SQMI.JK,92.0,90.33333333333333,90.2,94.0,95.65,79.34,63.66,16.310000000000002,6.585131283407562,151181100,False,False
SPTO.JK,600.0,603.3333333333334,604.0,604.0,606.25,606.7,579.5491198730468,1.3400000000000092,0.5532627291323732,409500,True,False
SPRE.JK,92.0,89.33333333333333,89.6,91.3,94.7,91.68,84.94,5.366666666666674,3.2101777826847986,1164400,True,True
SPMA.JK,160.0,161.0,160.8,164.0,167.7,166.44,163.52076889038085,7.699999999999989,1.2090356547705472,100100,False,False
SOUL.JK,37.0,37.0,37.0,37.0,37.0,37.0,37.58,0.0,0.0,0,True,False
SOTS.JK,505.0,497.6666666666667,497.8,534.4,568.45,601.18,636.64,20.70266666666665,4.511988994325487,182800,False,False
SOSS.JK,1020.0,1068.3333333333333,1140.0,1028.5,993.0,918.1,871.35,44.379999999999995,13.588715306630395,440700,False,False
SONA.JK,3760.0,4073.3333333333335,3746.0,3098.0,2694.0,2587.6,2379.6797265625,148.57333333333335,11.781413239534615,282400,False,False
SOLA.JK,72.0,72.33333333333333,72.0,77.5,84.2,90.48,97.95,18.480000000000004,4.799179355515557,965400,False,False
SOHO.JK,1275.0,1283.3333333333333,1305.0,1377.0,1506.75,1318.2,1306.05,46.35,2.79786644858888,26400,False,False
SOFA.JK,262.0,284.6666666666667,294.0,311.0,327.6,298.88,286.94,32.80000000000001,5.84966054391622,9614600,False,False
SOCI.JK,650.0,630.0,623.0,640.0,644.75,561.82,456.3302584838867,17.63599999999999,3.267008731274427,13971100,False,False
SNLK.JK,236.0,236.0,236.4,238.0,240.7,232.08,231.44,4.309999999999988,5.321770031548748,12835400,False,False
SMSM.JK,1675.0,1676.6666666666667,1675.0,1681.5,1709.25,1717.7696630859375,1685.580340576172,8.553932617187503,0.8055475396691495,1149900,False,False
SMRA.JK,234.0,238.66666666666666,242.4,251.8,283.4,307.88,298.60114852905275,36.94,1.9101814974534306,21522900,False,False
SMMT.JK,3010.0,3350.0,3408.0,3218.0,2998.0,2358.1,2083.25,104.99000000000001,6.779424484667262,2044800,False,False
SMMA.JK,20050.0,20008.333333333332,20015.0,20017.5,19967.5,20086.0,20239.25,4.74,0.2163151053229701,1900,True,False
SMLE.JK,302.0,294.0,278.4,267.4,234.6,193.66,150.27,54.17,7.90043073141974,90394800,False,False
SMKM.JK,90.0,88.33333333333333,88.2,89.6,97.15,92.12,82.14,8.950000000000003,3.400546708835693,2409700,False,False
SMKL.JK,146.0,147.0,146.6,151.0,153.6,149.8,144.3963642883301,7.599999999999994,1.9243594621837334,34900,False,False
SMIL.JK,446.0,447.3333333333333,442.4,438.0,436.7,412.76,347.6,17.28666666666666,2.1916243805941997,40867300,False,False
SMGR.JK,1505.0,1468.3333333333333,1493.0,1537.0,1601.75,1571.8,1588.2793237304688,26.683333333333348,3.1190284690744248,13165800,False,False
SMGA.JK,86.0,85.66666666666667,83.2,84.2,86.05,80.54,74.96,5.509999999999991,3.429180677363228,4647800,True,True
SMDR.JK,392.0,392.6666666666667,391.2,395.4,390.3,340.5465576171875,310.33067291259766,27.426721191406244,1.5723541014156752,17958700,False,False
SMDM.JK,494.0,485.3333333333333,487.2,504.2,524.85,543.94,542.63,29.30333333333337,2.2705918212206893,100300,False,False
SMBR.JK,147.0,149.0,149.6,157.1,165.2,166.68,162.7287026977539,19.680000000000007,3.0760402066122854,1923200,False,False
SMAR.JK,8500.0,7808.333333333333,7255.0,6732.5,6547.5,6154.5,5539.268315429687,93.82,8.336114364982654,1335300,False,False
SLIS.JK,71.0,71.33333333333333,71.2,76.2,81.8,81.3,73.17,10.799999999999997,4.261587153666394,9965300,False,False
SKRN.JK,414.0,413.3333333333333,412.4,416.6,412.2,403.32,390.7082846069336,6.640000000000015,2.4586751000874836,69200,False,False
SKLT.JK,194.0,199.33333333333334,199.6,201.5,207.25,206.1,196.7,13.25,2.234782942903098,25300,False,False
SKBM.JK,488.0,489.3333333333333,491.6,507.1,523.3,534.32,541.45,23.160000000000025,1.6747768071200086,51500,False,False
SIPD.JK,790.0,776.6666666666666,782.0,820.0,868.75,804.9,775.5,18.416666666666675,4.662673816515038,68200,False,False
SINI.JK,15850.0,17483.333333333332,17810.0,17645.0,16138.75,11508.5,10251.186298828125,252.06,6.555507459344731,16269900,False,False
SIMP.JK,575.0,563.3333333333334,566.0,581.0,602.25,603.2,568.3546514892578,7.9733333333333345,2.190697633654252,6495900,False,False
SILO.JK,2000.0,2026.6666666666667,2013.0,2029.0,2040.25,2146.0,2201.4,29.2,2.7720089004484976,82900,False,False
SIDO.JK,346.0,346.6666666666667,347.2,349.8,350.7,353.76,370.1,3.8799999999999955,0.6077621762541795,14134200,True,False
SICO.JK,111.0,111.66666666666667,110.0,111.9,113.5,111.96,109.48,3.5,2.295064464985301,2651500,True,True
SHIP.JK,2630.0,2633.3333333333335,2610.0,2613.0,2642.5,2349.9,2029.9960546875,29.25999999999999,2.2803997567918994,31700,False,False
SHID.JK,685.0,683.3333333333334,703.0,735.5,759.5,651.4,649.95,21.620000000000005,10.214534663262405,57400,False,False
SGRO.JK,4300.0,4406.666666666667,4344.0,4440.0,4622.0,4476.7,3625.5479541015625,32.2,2.6921048595909767,5700,False,False
SGER.JK,740.0,736.6666666666666,738.0,734.0,711.5,591.88,477.74,29.624000000000002,1.7472433750352023,37613300,False,False
SFAN.JK,1985.0,1988.3333333333333,1992.0,1998.0,2015.0,2005.7,1984.6,6.0,0.37656569045734806,47500,False,False
SEMA.JK,470.0,456.6666666666667,422.4,343.2,261.65,165.86,131.51,152.07,12.185246334336922,64775500,False,False
SDRA.JK,208.0,206.0,204.8,206.2,210.7,216.04,217.72,5.61999999999999,1.213572421153883,21700,True,False
SDPC.JK,191.0,190.66666666666666,189.4,191.1,194.6,190.62,185.1781819152832,5.199999999999989,2.455766144268026,215700,True,False
SDMU.JK,64.0,64.0,64.4,73.1,82.15,83.0,81.09,19.0,5.651621970642413,27043200,False,False
SCNP.JK,162.0,161.33333333333334,161.4,162.9,159.35,155.9,152.008048248291,7.0,2.424952873279973,6299000,False,False
SCMA.JK,172.0,171.33333333333334,170.4,173.4,185.6,196.48,202.34111038208007,26.079999999999984,1.8199545534778385,30721500,False,False
SCCO.JK,2680.0,2686.6666666666665,2644.0,2629.0,2654.5,2460.8,2350.5784936523437,22.586666666666634,1.6459667957264705,42800,False,False
SBMA.JK,110.0,109.0,108.4,110.9,111.3,109.1,108.88,2.8999999999999915,2.8798735552637145,424700,True,False
SATU.JK,242.0,242.0,242.4,241.0,242.8,250.76,259.3,4.8799999999999955,1.2278738792061665,2783500,True,False
SAPX.JK,398.0,415.3333333333333,380.0,375.2,372.4,281.88,247.82,66.72666666666666,13.662848420181394,7950500,False,False
SAMF.JK,360.0,318.0,312.8,312.8,316.0,298.08,287.88172378540037,30.960000000000008,7.206546215720262,12923200,False,False
SAME.JK,294.0,289.3333333333333,289.6,290.6,296.8,299.44,309.42,5.053333333333342,1.2589251917941262,171200,True,False
SAGE.JK,30.0,30.0,32.2,31.8,31.55,31.4,29.93,2.200000000000003,8.467548140805254,18474100,False,False
SAFE.JK,670.0,650.0,588.2,714.1,830.55,631.86,482.13,48.469999999999985,15.553443666547082,2435500,False,False
RUNS.JK,65.0,64.66666666666667,63.6,65.5,68.85,65.9,70.35,5.249999999999993,2.579266879677093,398800,True,False
RUIS.JK,195.0,192.0,190.4,195.0,200.2,203.26,193.4303125,12.859999999999985,1.690978247563482,43000,False,False
RSCH.JK,560.0,541.6666666666666,526.8,487.6,458.3,377.04,330.4,36.592,3.379439021648725,40221300,False,False
ROTI.JK,560.0,558.3333333333334,562.0,571.5,578.75,584.0,584.45,5.133333333333326,0.84347570568119,393500,True,False
RONY.JK,1485.0,1428.3333333333333,1443.0,1473.5,1471.0,1362.2,1236.15,24.55999999999999,5.152570092613048,17500,False,False
RODA.JK,37.0,37.333333333333336,39.2,49.0,56.75,61.14,60.19,24.14,6.9705830906752055,12844100,False,False
ROCK.JK,2960.0,2410.0,2332.0,2149.0,2097.25,2019.9,1914.65,94.00999999999999,12.284047325341158,1012600,False,False
RMKO.JK,270.0,272.6666666666667,274.0,287.4,313.8,302.2,318.74,21.900000000000006,6.003640922757201,1848400,False,False
RMKE.JK,328.0,336.6666666666667,347.2,373.4,392.8,406.72,446.41582641601565,39.360000000000014,2.8579856484840382,38134600,False,False
RLCO.JK,4120.0,4110.0,4070.0,4070.0,4282.0,4525.2,3889.7,45.51999999999998,2.405098087868398,256300,False,False
RISE.JK,610.0,613.3333333333334,631.0,687.0,754.5,865.1,977.0,51.02,7.017724643201535,1941100,False,False
RIGS.JK,640.0,636.6666666666666,633.0,623.5,649.5,670.1,674.6,9.320000000000004,1.020220438664736,17500,False,False
RICY.JK,63.0,64.0,64.0,69.8,74.5,77.26,77.92,14.260000000000005,4.514875500594685,1875200,False,False
RGAS.JK,90.0,91.0,91.0,97.0,104.6,166.08,159.90162139892578,76.08000000000001,3.470548978574115,10291500,False,False
RELI.JK,520.0,516.6666666666666,515.0,545.0,548.5,522.3,507.1,6.7,3.998095485487168,600,False,False
RELF.JK,35.0,35.0,36.0,38.3,38.9,36.72,35.97,3.8999999999999986,4.441975446898909,4820400,False,False
REAL.JK,38.0,35.666666666666664,37.4,43.7,46.85,49.44,49.9380286026001,13.773333333333333,7.503355231683827,71001900,False,False
RDTX.JK,13025.0,13050.0,13105.0,13290.0,13280.0,13467.0,13954.80369140625,17.68,2.3305895667731513,600,False,False
RCCC.JK,105.0,105.33333333333333,106.0,108.1,111.3,107.34,100.1,6.299999999999997,1.2198758662154656,353900,False,False
RBMS.JK,44.0,44.0,44.4,50.0,56.2,60.86,61.42,16.86,6.606045475180217,3292500,False,False
RATU.JK,4080.0,4076.6666666666665,4072.0,4090.0,4281.0,4527.0,4705.3155517578125,45.5,2.2232352118454206,2354900,False,False
RANC.JK,545.0,540.0,543.0,550.0,548.75,533.0,529.27,3.4,1.6910358983428866,5200,True,False
RALS.JK,376.0,375.3333333333333,377.6,380.8,385.0,382.68,381.9022225952148,4.833333333333343,0.6190212957018021,2073400,True,False
RAJA.JK,640.0,651.6666666666666,653.0,676.5,734.25,804.2,784.1328985595703,32.84000000000001,1.8511798466656366,32615200,False,False
RAAM.JK,149.0,157.0,161.6,166.5,172.9,186.32,194.71,37.31999999999999,3.4624918287489614,2552000,False,False
PZZA.JK,172.0,176.66666666666666,177.0,179.9,185.8,184.94,185.54,13.800000000000011,1.3470522616601313,822900,False,False
PYFA.JK,198.0,201.66666666666666,204.6,215.5,236.45,229.58,223.71,38.44999999999999,3.0817406465243073,16746500,False,False
PWON.JK,256.0,255.33333333333334,256.8,263.0,267.7,266.2,263.26862762451174,6.183333333333323,2.2315422199515504,29689800,False,False
PURI.JK,140.0,141.66666666666666,141.8,149.1,154.25,146.94,141.83,14.25,2.651154404540229,1178400,False,False
PURA.JK,35.0,35.333333333333336,36.0,34.1,33.25,32.5,32.53,3.5,8.683463020471022,15984800,False,False
PUDP.JK,258.0,261.3333333333333,262.8,265.6,269.4,283.16,292.35754943847655,12.580000000000013,1.8065323819639088,17900,False,False
PTSP.JK,1125.0,1138.3333333333333,1150.0,1174.5,1211.75,1071.5,978.85,28.05,2.037425342063169,2600,False,False
PTSN.JK,380.0,388.0,388.8,394.4,384.7,324.4,285.3444285583496,35.0,7.240062206778443,1610500,False,False
PTRO.JK,5125.0,5158.333333333333,5215.0,5292.5,5315.0,5142.6,4627.65,7.6,1.5481274571385888,42456300,False,False
PTPW.JK,1095.0,1098.3333333333333,1106.0,1123.5,1150.5,1161.2,1110.145650024414,13.240000000000009,0.5501176478053295,13000,False,False
PTPS.JK,149.0,150.0,151.2,154.0,158.55,154.76,142.26,9.550000000000011,1.4299374049363116,1477700,False,False
PTPP.JK,161.0,165.0,169.8,181.9,191.6,199.16,199.72,38.16,1.748330822506844,4974000,False,False
PTMP.JK,49.0,47.0,46.4,53.1,58.5,62.12,61.15,15.719999999999999,6.878137987288316,7293900,False,False
PTIS.JK,194.0,199.33333333333334,218.8,237.4,248.7,257.32,271.66,63.31999999999999,5.530368002146781,1144700,False,False
PTBA.JK,3180.0,3116.6666666666665,3128.0,3092.0,3078.0,2697.2,2593.078820800781,48.280000000000015,2.2218815919133266,35492700,False,False
PSSI.JK,360.0,360.0,360.4,356.2,356.4,339.52,318.45044860839846,10.439999999999998,1.367634014039472,176200,False,False
PSKT.JK,234.0,233.33333333333334,232.4,235.0,237.0,231.16,215.23,2.9200000000000017,4.495392455933492,10408700,False,False
PSGO.JK,193.0,192.0,192.0,192.4,193.65,194.84,193.89303619384765,2.8400000000000034,1.1159808709607089,27100,True,False
PSDN.JK,117.0,116.33333333333333,115.0,127.3,133.1,132.5,126.04,18.099999999999994,6.326354276615157,1714400,False,False
PSAT.JK,810.0,820.0,824.0,836.5,856.5,873.0,844.4,12.6,1.0097219473342562,26200,False,False
PSAB.JK,515.0,521.6666666666666,526.0,532.0,540.8947357177734,513.4905340576172,449.6047644042969,5.480840332031244,2.70617961138362,68200800,True,True
PRIM.JK,123.0,122.0,121.8,121.9,121.1,115.56,101.28,7.439999999999998,1.4086559080834116,3414700,False,False
PRDA.JK,2820.0,2823.3333333333335,2810.0,2821.0,2817.5,2605.0,2553.9,21.83333333333335,1.0523611280316376,604800,False,False
PRAY.JK,750.0,746.6666666666666,751.0,762.5,750.0,748.9,720.4,3.166666666666674,4.085412616567622,6400,False,False
PPRO.JK,19.0,20.0,20.4,18.0,16.7,16.6,16.47,3.799999999999997,12.239406264248855,128084700,False,False
PPRI.JK,138.0,139.0,140.6,149.5,163.65,152.78,149.48,25.650000000000006,5.179553020017387,5304800,False,False
PPRE.JK,89.0,89.33333333333333,89.4,95.3,100.4,103.14,102.58,14.14,5.461583039596124,6151000,False,False
PPGL.JK,468.0,468.0,468.0,468.0,468.0,338.96,268.16,64.52000000000001,0.0,0,False,False
POWR.JK,950.0,945.0,938.0,951.0,968.0,872.1,788.6005114746093,19.179999999999996,2.1744637503442843,4366300,False,False
PORT.JK,945.0,945.0,946.0,947.0,944.5,911.0,894.65,7.2,0.8655670119925336,2400,False,False
POLY.JK,32.0,32.0,32.0,32.0,32.0,32.0,32.0,0.0,0.0,0,True,False
POLU.JK,14000.0,14616.666666666666,15045.0,15920.0,16610.0,14848.5,13577.75,104.4,5.144295062094599,11400,False,False
POLI.JK,870.0,880.0,869.0,907.5,919.25,839.0,824.15,16.05,4.477667467293398,12100,False,False
PNSE.JK,446.0,450.0,458.4,470.4,483.5,489.9,511.6,21.94999999999999,1.4452150875724152,21300,False,False
PNLF.JK,194.0,193.0,194.2,199.7,210.95,221.98,223.58,28.97999999999999,1.55533667748783,17285300,False,False
PNIN.JK,660.0,671.6666666666666,676.0,688.0,704.5,712.5,725.1,10.5,1.309403864948182,544600,False,False
PNGO.JK,3390.0,3506.6666666666665,3554.0,3524.0,3538.5,3529.8,3493.5,16.4,3.6570265917106854,5500,False,False
PNBS.JK,40.0,40.333333333333336,41.6,45.8,47.9,49.22,49.67,9.219999999999999,4.830820960559636,5940800,False,False
PNBN.JK,830.0,835.0,837.0,847.0,872.75,889.1,889.5615203857421,11.820000000000004,1.0041387201341216,1440700,False,False
PMUI.JK,97.0,97.66666666666667,97.6,101.8,102.7,98.9,89.68593009948731,5.700000000000003,5.1218584025581135,2743300,False,False
PMJS.JK,139.0,137.66666666666666,135.2,137.8,141.65,130.84,119.07947082519532,10.810000000000002,2.8010323087842974,838700,False,False
PLAN.JK,69.0,66.33333333333333,64.4,65.5,66.85,51.34,45.05,17.659999999999997,5.057374121793366,2503200,False,False
PKPK.JK,5850.0,5991.666666666667,6005.0,5559.0,4958.5,4267.2,3619.9,69.512,5.1355419132138636,3381500,False,False
PJHB.JK,151.0,151.33333333333334,152.6,161.2,171.2,174.3,174.37,23.30000000000001,1.7734710113863799,836600,False,False
PJAA.JK,442.0,447.3333333333333,449.2,456.4,461.9,459.72,459.44,9.949999999999989,1.3776374314251687,170300,False,False
PIPA.JK,137.0,138.66666666666666,140.2,150.5,173.45,157.98,137.85,36.44999999999999,4.744332422998863,17834000,False,False
PICO.JK,154.0,153.0,154.0,162.1,172.6,159.66,146.03,19.599999999999994,2.741263812534152,5803400,False,False
PGUN.JK,9350.0,9508.333333333334,9420.0,9410.0,9512.5,8905.0,8169.640620117188,24.3,3.6531236707465324,34300,False,False
PGLI.JK,266.0,230.66666666666666,223.2,218.9,213.75,209.3,199.89,28.349999999999994,8.222441619582128,4731500,False,False
PGJO.JK,860.0,820.0,814.0,823.0,856.5,829.8,790.25,9.2,4.108170568555583,607600,False,False
PGEO.JK,940.0,956.6666666666666,973.0,1016.5,1026.75,1036.0,978.4,19.2,1.90781238844717,9539600,False,False
PGAS.JK,1375.0,1383.3333333333333,1405.0,1429.0,1475.0,1498.4,1526.4371850585937,24.680000000000017,1.4266921619544697,30251600,False,False
PEVE.JK,324.0,326.0,322.0,315.6,313.6,319.52,320.62,6.199999999999989,1.191549698206384,1112700,False,False
PEHA.JK,280.0,282.6666666666667,284.8,287.8,293.7,283.04,271.09233795166017,6.849999999999994,1.5314911582481796,259600,False,False
PEGE.JK,137.0,138.66666666666666,138.8,137.7,134.4,117.14,114.12457321166993,21.66000000000001,1.7696382650840576,8122000,False,False
PDPP.JK,322.0,319.3333333333333,316.0,321.6,327.1,315.76,291.39954513549804,5.670000000000016,2.957482752537811,129900,True,False
PDES.JK,370.0,378.0,378.4,378.4,380.1,388.92,428.4306851196289,9.460000000000008,2.13448590001687,5900,False,False
PCAR.JK,59.0,61.333333333333336,60.2,54.4,48.9,44.6,41.33,16.733333333333334,4.928949823609686,20857800,False,False
PBSA.JK,740.0,748.3333333333334,753.0,766.5,764.5,784.8,755.0389276123046,8.95999999999999,4.34749277231166,565600,False,False
PBRX.JK,25.0,25.333333333333332,27.2,26.1,26.35,26.48,27.17,2.1999999999999993,13.24711454852051,32231700,False,False
PBID.JK,520.0,520.0,520.0,522.5,524.5,526.78,504.17955169677737,1.3559999999999945,0.7030379229793278,531200,True,False
PART.JK,121.0,118.33333333333333,116.2,113.6,109.4,106.58,102.73778190612794,14.420000000000002,4.1869855905595195,22598100,False,False
PANS.JK,1645.0,1645.0,1651.0,1648.5,1649.25,1596.6,1553.388446044922,10.880000000000019,0.797990687229587,51100,False,False
PANR.JK,402.0,400.0,400.0,404.8,412.8,418.2,429.56352935791017,9.099999999999994,0.8690934613727195,15400,False,False
PANI.JK,4300.0,4406.666666666667,4516.0,4761.0,5195.5,5731.7,6225.123369140625,143.17,1.6594230188135308,7635700,False,False
PAMG.JK,46.0,45.666666666666664,44.8,48.5,52.1,54.68,54.02,9.880000000000003,4.976679017031052,9226800,False,False
PALM.JK,274.0,274.6666666666667,274.4,282.2,287.7,291.72,302.7943228149414,8.860000000000014,1.6707172871975107,56100,False,False
PADI.JK,40.0,40.333333333333336,41.2,49.3,59.55,67.04,73.00510948181153,27.040000000000006,5.57445406608171,107640000,False,False
PADA.JK,163.0,159.33333333333334,160.4,169.6,187.4,187.02,153.41,28.066666666666663,4.504645599092746,33673600,False,False
PACK.JK,428.0,475.6666666666667,508.4,542.2,554.1,427.28,341.96,63.410000000000025,8.193733237561798,167793500,False,False
OPMS.JK,89.0,90.33333333333333,90.4,97.0,107.5,115.08,108.55,26.08,4.1831273475767965,1718600,False,False
OMRE.JK,990.0,938.3333333333334,925.0,945.5,957.0,977.9,989.3,13.0,3.5463719544395667,10900,False,False
OMED.JK,214.0,216.66666666666666,216.4,212.2,215.5,223.0,215.7853352355957,5.400000000000006,1.8950597754267915,1495500,True,False
OLIV.JK,48.0,48.0,48.4,51.0,56.1,51.64,51.58,8.100000000000001,3.1407683334359366,5212100,False,False
OKAS.JK,98.0,98.66666666666667,99.4,106.1,112.15,113.42,107.48,15.420000000000002,2.6910520453098425,1361900,False,False
OILS.JK,288.0,292.6666666666667,291.6,297.6,302.0,262.36,229.9,19.819999999999993,3.00442004719875,1223000,False,False
OBMD.JK,178.0,184.33333333333334,187.6,191.2,194.75,193.08,187.49,16.75,2.2928072839414595,1239500,False,False
OBAT.JK,218.0,217.33333333333334,218.8,228.6,236.1,239.72,244.648779296875,11.193333333333328,1.8688495889388832,62000,False,False
OASA.JK,240.0,240.0,243.2,259.0,279.4,308.32,306.76,34.16,2.865545481586977,6956000,False,False
NTBK.JK,62.0,63.333333333333336,63.6,70.2,76.8,82.86,78.85390190124512,20.86,5.000641630057477,6741800,False,False
NSSS.JK,715.0,703.3333333333334,696.0,724.0,767.75,857.7,721.1793444824219,32.34000000000001,4.37937727358031,2109700,False,False
NRCA.JK,525.0,530.0,530.0,540.5,551.0,543.36,495.5295755004883,5.2,2.125712992727489,1613400,True,True
NPGF.JK,44.0,44.666666666666664,45.0,49.5,53.1,56.44644836425781,58.93355136871338,12.446448364257812,5.129853955268969,23899900,False,False
NOBU.JK,510.0,505.0,509.0,526.0,527.75,505.9,477.86,4.55,2.8529527773359096,3813900,True,True
NISP.JK,1230.0,1240.0,1243.0,1251.0,1259.25,1259.1,1249.0,5.85,0.5751560564707228,4237200,True,False
NIRO.JK,161.0,164.33333333333334,163.8,164.9,172.5,163.38,158.8,11.5,3.60816537193439,170900,False,False
NINE.JK,74.0,78.0,79.8,80.7,86.05,83.74,84.83,12.049999999999997,5.553161956353434,19828200,False,False
NIKL.JK,188.0,188.0,187.4,197.8,212.5,203.02,210.06,25.099999999999994,2.824877230455376,1430700,False,False
NICL.JK,358.0,358.6666666666667,369.2,401.6,436.3,465.36,510.71,53.68000000000001,3.051156409109902,24055600,False,False
NICK.JK,2820.0,2820.0,2820.0,2820.0,2689.5,1986.8,1518.4,83.32000000000001,2.43824566286135e-07,0,False,False
NICE.JK,324.0,329.3333333333333,330.4,343.0,353.5,312.56,289.56,20.47,1.7532973124821092,863500,False,False
NFCX.JK,1740.0,1713.3333333333333,1716.0,1714.0,1716.25,1649.0,1654.05,18.2,1.5208717602710369,14300,False,False
NETV.JK,33.0,33.666666666666664,36.4,43.2,46.6,49.16,53.66,16.159999999999997,5.499843308592009,27245000,False,False
NEST.JK,765.0,765.0,767.0,766.5,750.5,717.3,639.19,9.940000000000008,2.490082614985647,5250900,False,False
NELY.JK,190.0,190.66666666666666,191.4,194.8,202.1,203.26,208.66440399169923,13.259999999999991,0.6278178771398965,489900,False,False
NCKL.JK,845.0,858.3333333333334,866.0,894.5,918.0,922.2,872.535126953125,15.440000000000008,2.0670034019963675,36536600,False,False
NAYZ.JK,73.0,72.0,69.6,70.7,72.85,67.24,62.43,5.760000000000005,4.84692659767161,66580200,False,False
NATO.JK,995.0,1010.0,1002.0,1095.0,1088.0,861.2,729.0,46.75999999999999,6.655176883660648,105100,False,False
NASI.JK,186.0,191.0,185.2,221.7,196.1,160.22,138.48,61.47999999999999,12.634271153085983,9520800,False,False
NASA.JK,37.0,37.333333333333336,38.0,36.6,35.5,32.3,32.83,5.700000000000003,8.094130857654836,23427500,False,False
NANO.JK,24.0,25.0,26.8,29.4,32.2,31.86,28.88,8.200000000000003,4.318295525031454,176650900,False,False
NAIK.JK,81.0,81.66666666666667,81.8,85.6,89.65,89.8,88.03,8.799999999999997,2.217120086465681,2147900,False,False
MYTX.JK,41.0,41.0,41.0,41.0,41.0,41.0,42.39,0.0,0.0,0,True,False
MYOR.JK,1370.0,1376.6666666666667,1385.0,1430.5,1472.5,1580.8,1666.7511779785157,42.15999999999999,1.2920811730745967,7772800,False,False
MYOH.JK,990.0,993.3333333333334,1002.0,1019.0,1057.75,1073.9,1072.32865234375,16.78000000000002,1.5400555900749342,29600,False,False
MUTU.JK,119.0,119.0,118.4,123.5,125.6,119.98,114.10363960266113,7.199999999999989,4.3175462274669325,6323500,False,False
MTWI.JK,262.0,265.3333333333333,264.8,268.0,268.8,259.96,265.08970077514647,4.420000000000016,2.8375914691760316,5600,True,False
MTMH.JK,945.0,936.6666666666666,944.0,948.0,947.75,944.8,955.8623364257812,2.266666666666674,2.7387719190637583,300,True,False
MTLA.JK,690.0,706.6666666666666,681.0,605.5,567.25,538.8,521.4820776367187,33.57333333333334,5.781621741409587,1230000,False,False
MTFN.JK,13.0,13.0,13.0,13.0,13.0,13.0,13.67,0.0,0.0,0,True,False
MTEL.JK,446.0,447.3333333333333,451.2,467.6,478.6,462.24,468.2556518554687,16.30000000000001,1.37135195667106,1443000,False,False
MTDL.JK,498.0,496.6666666666667,496.8,498.0,505.05,507.72,508.07350006103513,5.526666666666671,0.3523872211270089,1553900,True,False
MSTI.JK,1320.0,1335.0,1337.0,1347.0,1353.5,1339.3,1296.378134765625,6.7,1.3752038380684717,614600,False,False
MSKY.JK,44.0,44.666666666666664,45.2,53.9,62.15,63.56,63.32,19.560000000000002,6.026891302217317,3001000,False,False
MSJA.JK,840.0,833.3333333333334,834.0,845.0,806.75,576.7,493.15,53.65999999999999,2.2936067396461914,18547200,False,False
MSIN.JK,181.0,185.66666666666666,187.8,210.5,258.65,320.74,418.32,139.74,8.92921290260746,27994500,False,False
MSIE.JK,116.0,123.0,123.0,145.3,151.8,119.82,114.38,35.80000000000001,7.024459877114772,3295400,False,False
MREI.JK,920.0,920.0,920.0,920.0,920.0,920.0,936.4,0.0,0.0,0,True,False
MRAT.JK,390.0,377.3333333333333,368.4,365.0,376.0,407.56,424.48,21.28,2.712607289547027,317800,False,False
MPXL.JK,260.0,250.66666666666666,244.8,218.9,193.9,174.12,163.36,42.94,11.935237148032995,13722500,False,False
MPRO.JK,12000.0,12000.0,12000.0,12042.5,11985.0,12220.5,10562.5,9.42,1.4542435185573868,0,False,False
MPPA.JK,36.0,36.0,35.4,37.0,39.2,44.06,45.28,8.660000000000004,3.4402152880922463,2265800,False,False
MPOW.JK,98.0,97.33333333333333,98.2,103.6,108.85,108.46,106.01,11.516666666666666,2.9164064285990694,2526400,False,False
MPMX.JK,1015.0,1015.0,1015.0,1017.0,1026.25,1014.1,974.6322442626953,2.4299999999999953,0.7325267228347555,2302800,True,True
MPIX.JK,192.0,194.33333333333334,193.8,193.2,172.1,128.84,109.26,65.49333333333334,6.980873826566588,12612500,False,False
MORA.JK,4460.0,4573.333333333333,4558.0,4728.0,4964.0,5345.1,6006.8,88.51000000000003,2.9977126447076503,98200,False,False
MOLI.JK,420.0,416.0,398.8,388.8,358.3,309.0,272.33052337646484,55.5,4.921425117221307,6936900,False,False
MNCN.JK,119.0,118.33333333333333,120.4,138.5,169.85,189.3,198.51,70.96666666666668,7.475297447048582,52489400,False,False
MMLP.JK,292.0,294.0,294.8,302.6,305.4,300.08,301.86,6.699999999999989,2.3725780349465397,582500,False,False
MMIX.JK,920.0,915.0,908.0,894.0,868.0,798.4,701.91,24.320000000000004,0.24290683086691636,31434900,False,False
MLPT.JK,945.0,953.3333333333334,966.0,1026.0,1106.0,1334.2,1059.29,77.84,2.977606754162701,1156100,False,False
MLPL.JK,74.0,74.0,73.6,77.7,83.75,90.34,87.02,16.74000000000001,3.400580593195304,5745900,False,False
MLIA.JK,212.0,212.0,213.6,213.2,216.3,225.16,233.94,6.579999999999998,2.477003146640737,67200,False,False
MLBI.JK,6850.0,6825.0,6805.0,6820.0,6832.5,6829.0,6404.950883789063,1.8,0.8584178135120314,20200,True,False
MKTR.JK,119.0,121.0,121.6,122.4,122.95,122.5,122.33585403442383,3.950000000000003,1.2601344137433177,335500,True,False
MKPI.JK,21600.0,21566.666666666668,21535.0,21520.0,21657.5,21813.5,21376.20193359375,11.74,0.33743610487620196,41400,False,False
MKAP.JK,1135.0,1133.3333333333333,1129.0,1121.0,1122.0,1141.8,1128.2155883789062,4.159999999999991,1.1201033501942343,1800900,True,True
MITI.JK,280.0,286.0,278.4,277.6,267.0,228.08,202.78,28.959999999999994,4.430783617632167,3824400,False,False
MIRA.JK,23.0,24.333333333333332,26.6,25.2,24.85,25.2,22.34,3.6000000000000014,12.51665295316008,22362500,False,False
MINE.JK,272.0,274.0,272.0,281.6,285.6,255.52,243.86,15.040000000000006,2.5816676064950603,232500,False,False
MINA.JK,206.0,203.33333333333334,204.8,218.6,241.9,260.72,275.8,28.693333333333342,3.29496400627796,21894600,False,False
MIKA.JK,1670.0,1680.0,1678.0,1706.0,1771.25,1798.0,1722.9417065429689,25.6,1.1832821356366607,444900,False,False
MIDI.JK,250.0,253.33333333333334,255.2,259.0,264.7,273.0,279.24344024658205,11.5,0.9176622075695428,6812000,False,False
MICE.JK,472.0,489.3333333333333,494.6,505.7,528.1,527.34,510.4970315551758,28.05000000000001,3.946693051260037,439300,False,False
MHKI.JK,119.0,118.66666666666667,117.8,122.1,128.75,134.5,131.67762321472168,16.700000000000003,2.470863175923209,654800,False,False
MGRO.JK,720.0,718.3333333333334,723.0,709.0,697.25,684.8,676.15,7.6400000000000095,1.7698047665962229,3711100,False,False
MGNA.JK,196.0,175.0,167.4,187.0,166.55,127.78,111.35,68.22,13.785781209778007,50984400,False,False
MGLV.JK,14850.0,14833.333333333334,14830.0,15135.0,14858.75,11853.5,9914.25,131.26,3.234735685262897,855400,False,False
MERK.JK,3550.0,3636.6666666666665,3678.0,3763.0,3833.5,3888.0,3797.818779296875,33.8,1.3013932585900385,22900,False,False
MERI.JK,104.0,105.33333333333333,105.4,110.4,115.25,115.22,113.32,11.25,3.002322483196541,1136700,False,False
MEJA.JK,133.0,143.33333333333334,145.8,134.2,124.7,115.3,101.32,30.500000000000014,8.456140110023966,79254700,False,False
MEGA.JK,1945.0,1938.3333333333333,1932.0,1942.0,1954.5,1970.0,1966.9,7.6,1.3561754148231928,28300,False,False
MEDS.JK,74.0,72.66666666666667,72.0,76.0,82.0,76.88,79.34,10.0,5.284340919790455,60687800,False,False
MEDC.JK,1375.0,1381.6666666666667,1420.0,1444.5,1492.75,1408.2,1315.330584716797,23.55,2.287283623196419,21505200,False,False
MDRN.JK,26.0,26.0,26.0,26.0,26.0,26.0,27.73,0.0,0.0,0,True,False
MDLN.JK,38.0,36.666666666666664,38.6,44.3,47.15,48.9,49.63,12.233333333333334,6.142289610506967,7092200,False,False
MDLA.JK,206.0,206.66666666666666,205.6,206.4,206.7,208.12,205.29238830566408,1.2600000000000051,1.0244733167013762,934700,True,False
MDKI.JK,194.0,193.66666666666666,192.6,192.7,193.95,190.24,184.3479782104492,3.759999999999991,1.4630314529995379,53000,True,False
MDKA.JK,2850.0,2850.0,2878.0,2930.0,2941.5,2893.0,2766.716403808594,9.15,3.538025222850828,17296400,False,False
MDIY.JK,945.0,945.0,946.0,951.5,947.75,942.1,899.4980303955078,1.8799999999999955,1.0417446361656106,163300,True,False
MDIA.JK,155.0,153.66666666666666,155.8,166.8,189.9,215.46,148.09,61.79333333333335,4.613604554315782,304113400,False,False
MCOR.JK,66.0,66.33333333333333,66.0,66.5,67.85,68.52,67.75,2.519999999999996,1.1890795132053806,2702200,True,False
MCOL.JK,3540.0,3556.6666666666665,3570.0,3603.0,3641.0,3691.6,3708.4234643554687,15.159999999999991,1.7196151713619205,8100,False,False
MCAS.JK,230.0,226.66666666666666,224.8,244.0,260.0,271.5,239.41,23.349999999999994,4.711833146789498,4847500,False,False
MBTO.JK,144.0,147.0,153.4,159.0,153.6,137.36,123.59,21.639999999999986,13.992084202829425,10222400,False,False
MBSS.JK,3630.0,3143.3333333333335,3044.0,2973.0,2927.0,2857.2,2655.45,77.28000000000002,7.822713444867303,20027400,False,False
MBMA.JK,470.0,477.3333333333333,485.6,498.8,511.2,522.8,511.68,26.399999999999977,2.4332640577877003,135095400,False,False
MBAP.JK,1640.0,1658.3333333333333,1674.0,1693.5,1712.5,1577.8,1503.45,26.94000000000001,2.116512703502888,51500,False,False
MAYA.JK,197.0,198.66666666666666,200.8,204.6,200.55,200.02,194.01,7.599999999999994,3.2642414176037375,1361100,False,False
MAXI.JK,26.0,28.666666666666668,33.2,41.6,45.8,48.32,49.16,22.32,6.725934931669289,60889600,False,False
MASB.JK,3270.0,3276.6666666666665,3278.0,3280.0,3305.0,3355.4,3355.2,8.54000000000001,0.43573585018614974,1000,False,False
MARK.JK,1155.0,1168.3333333333333,1174.0,1164.0,1147.0,1092.7225207519532,989.6100720214844,16.25549584960936,2.026574616665101,8822100,False,False
MARI.JK,23.0,23.0,23.0,23.0,23.0,23.0,23.76,0.0,0.0,0,True,False
MAPI.JK,1485.0,1505.0,1523.0,1513.5,1451.75,1499.1,1497.8516613769532,14.25,1.7817210189725912,5656600,False,False
MAPB.JK,1165.0,1151.6666666666667,1151.0,1138.0,1189.25,1171.9,1178.55,10.25,7.3432872216585,2200,False,False
MAPA.JK,650.0,635.0,639.0,656.5,665.25,662.3,631.245771484375,6.05,2.6140050094171574,13411800,False,False
MANG.JK,34.0,35.0,35.2,36.4,38.5,38.84,41.13,4.840000000000003,2.3034998572378718,8321800,True,False
MAIN.JK,630.0,626.6666666666666,627.0,642.0,660.5,671.1,689.3693817138671,8.88666666666668,1.3777382430375118,184900,False,False
MAHA.JK,136.0,135.66666666666666,136.0,140.4,143.05,144.52,139.82250076293946,8.853333333333353,1.6968287247603302,2448800,False,False
LUCK.JK,109.0,108.0,108.0,111.2,114.5,113.68,108.61,6.5,3.512297128044992,2073900,False,False
LTLS.JK,900.0,916.6666666666666,921.0,953.5,983.5,894.1,829.7576159667968,17.879999999999995,1.3734435035575048,115000,False,False
LSIP.JK,1455.0,1450.0,1471.0,1522.5,1610.75,1518.7,1381.5252685546875,32.15,1.6089914682025004,6625900,False,False
LRNA.JK,212.0,212.66666666666666,210.4,215.4,213.9,198.4,190.76,8.5,2.1841059330898713,24100,False,False
LPPS.JK,61.0,61.333333333333336,61.4,68.9,75.45,79.02,75.21,18.019999999999996,7.833766878282559,311200,False,False
LPPF.JK,1585.0,1575.0,1575.0,1576.0,1600.25,1593.2,1573.25,5.05,1.3834893432101905,1105400,True,True
LPLI.JK,206.0,210.66666666666666,211.6,221.4,228.3,238.36,241.96,16.180000000000007,2.2086953027930774,208600,False,False
LPKR.JK,47.0,45.333333333333336,45.0,48.1,54.0,59.1,62.02,14.100000000000001,5.854724021605043,210216700,False,False
LPIN.JK,428.0,428.6666666666667,431.2,431.0,431.5,425.8,414.5,2.8499999999999943,1.1288828476615977,96400,True,False
LPGI.JK,645.0,643.3333333333334,643.0,644.0,643.5,638.1,657.65,1.3799999999999955,0.44217184249449454,2200,True,False
LPCK.JK,510.0,511.6666666666667,509.0,532.0,563.75,576.6,547.04,13.520000000000005,2.9775924621794556,63100,False,False
LOPI.JK,60.0,60.666666666666664,60.8,61.7,62.05,68.44,70.34,8.439999999999998,3.7775966964226506,2850500,False,False
LMPI.JK,157.0,158.33333333333334,159.2,161.4,161.35,155.2,148.23,6.200000000000017,1.9219793298060555,135800,False,False
LMAX.JK,105.0,106.66666666666667,104.4,105.4,106.95,110.12,106.46,5.719999999999999,4.037238112482707,395200,False,False
LIVE.JK,164.0,161.0,157.4,161.8,174.95,190.82,203.27,33.41999999999999,3.1424312026474457,890100,False,False
LION.JK,272.0,290.0,312.0,341.0,357.7,355.28,349.98,42.849999999999994,4.653766617693844,1868300,False,False
LINK.JK,1620.0,1618.3333333333333,1599.0,1608.5,1642.75,1534.0,1457.6,21.75,3.2720397231903924,15100,False,False
LIFE.JK,9450.0,9308.333333333334,9010.0,10232.5,11478.75,8772.0,7434.5,108.27,8.00025391742476,14700,False,False
LFLO.JK,605.0,603.3333333333334,583.0,581.0,560.25,525.9,529.9182608032227,15.820000000000004,3.2814837549237557,5600,False,False
LEAD.JK,92.0,93.0,93.6,98.3,103.45,106.34,102.93,14.340000000000003,2.602665974746614,6150800,False,False
LCKM.JK,109.0,109.0,109.0,109.0,109.0,109.08,111.94,0.0799999999999983,0.0,0,True,False
LAPD.JK,72.0,72.0,73.4,76.7,77.1,70.7,68.46,6.3999999999999915,6.202808456705089,19544500,False,False
LAND.JK,53.0,53.0,53.6,60.7,67.05,72.36,67.81,19.36,8.509872071944718,8917600,False,False
LAJU.JK,54.0,55.0,54.4,60.7,66.1,66.92,66.10970607757568,12.920000000000002,5.560928985848463,6481600,False,False
LABS.JK,146.0,147.0,146.6,157.5,166.9,162.88,155.39,20.900000000000006,4.753506046614862,919700,False,False
LABA.JK,108.0,105.33333333333333,103.4,109.1,118.25,108.18,100.77,14.849999999999994,4.951659288635468,41333400,False,False
KUAS.JK,86.0,87.66666666666667,89.0,93.1,96.9,95.24,94.07056716918946,10.900000000000006,7.741172138800209,5471200,False,False
KSIX.JK,418.0,410.6666666666667,397.6,401.6,405.8,386.68,356.86,15.659999999999997,3.1258004847439596,783300,False,False
KRYA.JK,47.0,46.0,45.4,53.1,60.3,62.06,61.06,16.660000000000004,6.472129081019168,25054800,False,False
KREN.JK,14.0,14.333333333333334,15.8,15.5,15.3,14.1,13.59,1.8000000000000007,10.99455828999791,32421000,False,False
KRAS.JK,216.0,215.33333333333334,216.0,221.2,229.8,229.2,222.18,7.233333333333334,2.9162338671212615,2455400,False,False
KPIG.JK,43.0,44.666666666666664,45.0,50.9,62.0,68.62,77.32,25.620000000000005,9.546167127222176,282613700,False,False
KOTA.JK,154.0,159.66666666666666,164.2,172.0,186.65,175.02,138.3,32.650000000000006,3.687009680868445,245294100,False,False
KOPI.JK,194.0,195.66666666666666,196.0,197.9,201.4,204.24,199.35,10.240000000000009,1.2188383023246943,620900,False,False
KONI.JK,2000.0,1996.6666666666667,1975.0,2022.5,2065.25,2217.3,2450.05,48.460000000000036,3.6989462958217056,2600,False,False
KOKA.JK,146.0,145.66666666666666,148.6,161.9,176.25,184.4,155.86,38.73333333333335,6.508828476024946,3984500,False,False
KOIN.JK,78.0,78.0,78.0,78.0,78.0,78.0,77.3,0.0,0.0,0,True,False
KOCI.JK,97.0,97.33333333333333,97.8,104.8,113.8,108.78,102.63657859802247,16.799999999999997,3.562384242705094,3014200,False,False
KOBX.JK,170.0,170.66666666666666,170.4,173.2,175.35,171.24,161.47,5.349999999999994,2.0951717637856295,155600,True,False
KMTR.JK,238.0,242.0,244.0,247.6,250.9,242.52,236.0,6.450000000000003,1.7361892703267645,23700,False,False
KMDS.JK,510.0,510.0,514.0,518.5,520.5,526.6,528.8511337280273,3.3200000000000047,0.9036171805906568,271900,True,False
KLIN.JK,117.0,118.0,115.8,118.4,119.45,117.66,113.08,3.6500000000000057,4.238366681597994,435000,False,False
KLBF.JK,725.0,725.0,724.0,734.5,748.0,762.9,756.1835614013672,7.779999999999996,1.2706356120377802,22715400,False,False
KLAS.JK,72.0,71.66666666666667,70.4,75.0,79.4,79.6,74.55,9.199999999999989,4.291071188554239,1854800,False,False
KKGI.JK,286.0,289.3333333333333,288.4,297.41212158203126,294.31212158203124,275.46788146972654,262.4217448425293,10.972120056152363,2.035301271070916,3301600,False,False
KKES.JK,52.0,55.333333333333336,57.6,70.4,80.55,75.2,61.52,28.549999999999997,6.181439985797694,17655700,False,False
KJEN.JK,145.0,147.66666666666666,155.4,156.7,159.4,155.94,143.85,14.400000000000006,3.752988733895102,6417400,False,False
KIOS.JK,77.0,75.66666666666667,74.2,83.1,91.7,94.82,91.11,20.61999999999999,6.138997308227209,6828800,False,False
KINO.JK,1370.0,1365.0,1358.0,1366.5,1377.5,1329.3,1220.8999938964844,9.64000000000001,1.5908679655911022,93500,False,False
KING.JK,388.0,354.6666666666667,345.2,374.0,378.8,321.0,373.77,33.5,6.786691237810826,7010800,False,False
KIJA.JK,151.0,156.0,160.8,168.8,179.8,167.84,148.12,28.80000000000001,3.590857263023613,135336400,False,False
KICI.JK,270.0,281.3333333333333,278.4,287.8,284.6,240.38,214.92,23.710000000000008,7.910841358825314,462000,False,False
KETR.JK,935.0,953.3333333333334,971.0,957.0,945.0,767.7,659.89,40.65999999999999,4.227721115912878,25541100,False,False
KEJU.JK,580.0,585.0,586.0,591.0,597.75,587.8,576.5,3.55,1.133157966060381,13400,True,False
KEEN.JK,840.0,843.3333333333334,843.0,845.5,882.25,882.0,862.1977215576172,8.45,1.082251616725367,8656700,False,False
KDTN.JK,426.0,412.0,404.8,388.4,393.3,390.72,546.8,18.80000000000001,3.603219598104933,8976500,False,False
KDSI.JK,468.0,468.0,464.8,463.8,463.9,460.28,451.06,3.8600000000000136,1.3963811194724178,2800,True,False
KBLV.JK,101.0,102.33333333333333,101.2,108.4,118.6,129.62,111.09,28.620000000000005,3.9684317841207557,2945400,False,False
KBLM.JK,354.0,352.6666666666667,342.8,350.0,354.4,325.04,308.48650390625,14.679999999999978,3.504097890004329,122900,False,False
KBLI.JK,356.0,350.6666666666667,348.0,353.8,353.4,337.72,322.26023834228516,9.139999999999986,1.5383779332638057,381700,False,False
KBAG.JK,39.0,38.666666666666664,39.0,39.8,41.5,44.22,41.6,5.553333333333335,6.062844340286708,6062700,False,False
KARW.JK,212.0,212.0,212.0,212.0,212.0,212.0,227.64,0.0,0.0,0,True,False
KAQI.JK,78.0,80.0,81.6,86.6,91.6,93.52,92.41,15.519999999999996,1.5328344431010403,11920400,False,False
KAEF.JK,412.0,407.3333333333333,408.8,420.0,439.05,442.46,455.26,17.563333333333333,1.8088823426450191,1561100,False,False
JTPE.JK,585.0,578.3333333333334,581.0,587.5,594.75,604.7,600.3575,5.273333333333335,1.207258673024764,762000,True,False
JSPT.JK,1340.0,1360.0,1359.0,1397.5,1422.25,1410.6,1357.8133154296875,16.45,2.7737751240512427,2700,False,False
JSMR.JK,2540.0,2573.3333333333335,2614.0,2689.0,2808.5,2798.2,2787.097302246094,26.85,1.0890852353484235,3500600,False,False
JRPT.JK,1160.0,1151.6666666666667,1151.0,1150.5,1134.5,1102.4,1085.7826440429687,11.519999999999982,0.45075765070188784,270000,False,False
JPFA.JK,1995.0,2021.6666666666667,2039.0,2126.5,2215.25,2214.5,2179.1,44.05,1.5268510312445882,13968600,False,False
JMAS.JK,228.0,228.0,228.0,228.0,228.0,228.0,236.18,0.0,0.0,0,True,False
JKON.JK,79.0,79.33333333333333,79.6,80.6,83.2,82.76,75.0497018814087,4.200000000000003,1.8141835180936692,2590400,True,True
JIHD.JK,396.0,396.6666666666667,397.6,407.2,425.4,432.08,429.08,18.039999999999992,1.2433547371721403,83000,False,False
JGLE.JK,46.0,48.0,48.8,56.5,66.8,75.78,67.49,29.78,5.207041446015548,218882900,False,False
JECC.JK,725.0,736.6666666666666,721.0,751.5,775.25,691.0,653.3711437988281,16.85,4.054895807380591,33400,False,False
JAYA.JK,149.0,150.33333333333334,150.6,155.0,157.65,143.66,134.01,13.990000000000009,2.765294735929985,728300,False,False
JAWA.JK,176.0,172.33333333333334,171.4,175.6,164.35,143.52,133.57,32.47999999999999,10.199143440897771,29203600,False,False
JATI.JK,104.0,105.66666666666667,107.0,111.6,113.1,105.52,100.46540962219238,9.099999999999994,1.6502185513570256,14445400,False,False
JAST.JK,82.0,85.33333333333333,83.4,85.3,88.8,87.94,85.51,6.799999999999997,6.557768969231044,7054400,False,False
JARR.JK,3420.0,3493.3333333333335,3426.0,3421.0,3550.5,2864.9,2321.9448388671876,68.55999999999999,5.983773403278927,5749400,False,False
ITMG.JK,25200.0,25016.666666666668,25130.0,25282.5,25830.0,25381.5,24145.25,32.53333333333328,1.898455348254131,1134800,False,False
ITMA.JK,1310.0,1310.0,1333.0,1367.5,1441.0,1416.2,1494.9,26.2,4.287498876638444,38800,False,False
ITIC.JK,198.0,198.33333333333334,197.6,200.6,210.3,218.0,213.77,20.400000000000006,1.3037971187434942,129100,False,False
ISSP.JK,396.0,398.0,397.6,399.6,420.2,425.48,407.89714569091797,14.740000000000009,1.2430347220062221,1053600,False,False
ISEA.JK,77.0,77.0,76.6,80.9,84.9,83.16,77.01,8.300000000000011,3.4671919777920444,580600,False,False
ISAT.JK,2250.0,2256.6666666666665,2262.0,2320.0,2350.5,2317.3,2128.92,10.05,2.587741764185795,33635000,False,False
ISAP.JK,21.0,22.0,23.0,23.5,24.6,24.34,24.56,3.6000000000000014,4.949959777162848,19239600,False,False
IRSX.JK,316.0,331.3333333333333,339.2,383.4,397.1,374.64,344.47423553466797,40.55000000000001,6.139101841192932,63382900,False,False
IRRA.JK,360.0,356.6666666666667,352.0,355.6,366.8,370.16,371.52,9.080000000000013,1.5368771222878532,3343000,False,False
IPTV.JK,22.0,22.666666666666668,23.2,25.1,28.0,29.64,32.15,7.640000000000001,5.000593347941215,12711600,False,False
IPOL.JK,111.0,111.33333333333333,111.6,113.9,115.05,112.7,111.48,4.049999999999997,2.112998870141342,262000,True,False
IPCM.JK,280.0,284.6666666666667,284.4,285.4,288.4,297.88,301.89527587890626,8.939999999999998,1.644592384299163,876500,False,False
IPCC.JK,1030.0,1051.6666666666667,1064.0,1076.5,1101.5,1136.6,1143.7030767822266,21.319999999999983,1.2215630482774444,1882900,False,False
IPAC.JK,189.0,189.0,189.0,189.0,188.5,178.38,163.62,10.620000000000005,0.0,0,False,False
IOTF.JK,46.0,46.333333333333336,46.4,54.1,59.4,60.04,57.27,14.04,7.100346798856903,14011300,False,False
INTP.JK,4880.0,4853.333333333333,4904.0,5039.5,5161.0,5215.2,4781.705986328125,36.18666666666668,1.7022770683673225,1038900,False,False
INTD.JK,388.0,389.3333333333333,396.4,378.4,324.9,292.92,263.88,51.73999999999998,8.586352388198321,176900,False,False
INTA.JK,61.0,61.0,61.0,61.0,61.0,61.0,63.09,0.0,0.0,0,True,False
INPS.JK,1065.0,1065.0,1065.0,1065.0,973.0,803.6,724.3,52.279999999999994,0.0,0,False,False
INPP.JK,680.0,683.3333333333334,689.0,698.5,721.25,722.0416284179687,730.1966229248047,8.40832568359374,1.1224801745215045,0,False,False
INPC.JK,139.0,138.66666666666666,139.8,144.9,152.65,147.62,141.31,13.983333333333348,1.6801812244730336,1500300,False,False
INOV.JK,139.0,138.33333333333334,135.0,134.7,136.45,139.4,131.14,4.700000000000017,2.3931442985568783,1445400,True,True
INKP.JK,8050.0,8083.333333333333,8060.0,8205.0,8563.75,8528.0,8031.10533203125,20.55,2.1615722848009473,919600,False,False
INET.JK,262.0,264.6666666666667,272.4,293.4,317.6,290.84,252.26,27.80000000000001,3.1029132734922884,531420500,False,False
INDY.JK,2540.0,2576.6666666666665,2600.0,2664.0,2739.0,2672.2,2460.5181787109377,19.9,4.057072541520846,8282000,False,False
INDX.JK,60.0,60.0,60.0,60.0,60.0,60.0,64.37,0.0,0.0,0,True,False
INDS.JK,238.0,237.33333333333334,238.0,242.4,252.0,263.32,269.20440231323244,12.993333333333325,1.3204891203630706,212800,False,False
INDR.JK,2900.0,2893.3333333333335,2912.0,2927.0,2949.5,2599.7,2324.7,34.98000000000002,3.766089319878776,22000,False,False
INDO.JK,165.0,164.0,165.6,171.6,178.5,178.34,170.09,14.5,1.7085631394925476,25976800,False,False
INDF.JK,6825.0,6766.666666666667,6730.0,6820.0,7056.25,7156.5,6808.568881835938,17.06,1.2094211742658632,3362500,False,False
INCO.JK,4170.0,4173.333333333333,4240.0,4483.0,4642.0,4944.5,4870.088666992187,77.45,2.203602770788996,5779600,False,False
INCI.JK,815.0,803.3333333333334,793.0,797.0,798.5,729.5,690.790161743164,17.1,1.2946068715494785,523100,False,False
INCF.JK,50.0,50.0,50.0,50.0,50.0,50.0,50.13,0.0,0.0,0,True,False
INAI.JK,152.0,152.33333333333334,150.6,162.7,169.85,173.92,162.16,23.319999999999993,4.54698643039557,251800,False,False
IMPC.JK,1340.0,1375.0,1400.0,1464.5,1573.0,1508.4,1570.65,46.6,2.93132850603881,7191700,False,False
IMJS.JK,161.0,164.0,165.6,174.1,180.85,170.7,158.72521377563476,19.849999999999994,2.0397854170001057,948600,False,False
IMAS.JK,840.0,848.3333333333334,850.0,860.0,879.5,875.7,868.995591430664,7.9,1.4929520286098754,7600,False,False
IKPM.JK,175.0,176.33333333333334,176.6,178.2,181.3,188.06,186.84,13.060000000000002,2.263475309185405,197600,False,False
IKBI.JK,560.0,556.6666666666666,550.0,541.0,545.5,544.0091070556641,519.8795184326171,3.8,1.338200373977694,801800,True,False
IKAN.JK,77.0,77.66666666666667,78.0,83.0,86.55,86.86,82.8,9.86,3.432293552478395,1587800,False,False
IKAI.JK,20.0,20.0,21.0,20.7,20.45,20.36,19.85,1.0,8.338103321151946,18869300,False,False
IGAR.JK,470.0,469.3333333333333,469.2,472.7,472.25,460.58,441.0904364013672,6.060000000000002,5.075633112390475,6400,False,False
IFSH.JK,1325.0,1436.6666666666667,1424.0,1225.5,1134.0,1127.6,1236.9034460449218,61.81333333333337,11.88372738373314,94300,False,False
IFII.JK,208.0,206.66666666666666,206.2,208.5528305053711,205.33537673950195,203.13150939941406,208.05358474731446,2.710660552978524,1.9464430969224962,188000,True,False
IDPR.JK,236.0,237.33333333333334,242.8,252.4,263.7,270.56,283.2639584350586,17.28,2.1693083129881554,17000,False,False
IDEA.JK,148.0,148.0,148.0,144.2,114.95,83.58,72.62,64.42,4.0869788427837515,0,False,False
ICON.JK,125.0,125.33333333333333,129.6,139.1,143.4,130.38,120.32,18.400000000000006,3.1736805484713764,11224700,False,False
ICBP.JK,6750.0,6683.333333333333,6675.0,6732.5,6908.75,7220.0,6863.791923828125,21.8,2.263670006509963,1857600,False,False
IBST.JK,8475.0,8475.0,8475.0,8475.0,8475.0,8475.0,8475.0,0.0,0.0,0,True,False
IBOS.JK,84.0,83.33333333333333,83.8,89.2,91.9,81.76,81.3,10.14,4.169686179615959,3346100,False,False
IBFN.JK,63.0,63.0,63.0,63.0,63.0,63.0,64.15,0.0,0.0,0,True,False
IATA.JK,90.0,91.0,92.0,98.4,112.25,107.34,86.04,22.25,4.407104328424057,128626700,False,False
HYGN.JK,184.0,185.0,183.4,182.1,185.2,177.28,160.92080032348633,7.9199999999999875,1.302367796433097,1168600,False,False
HUMI.JK,120.0,117.33333333333333,116.8,122.7,129.05,137.82733505249024,134.49335777282715,21.027335052490244,4.998388129078028,20320300,False,False
HRUM.JK,820.0,831.6666666666666,850.0,864.0,892.25,879.8,829.25,14.45,2.040295025444344,8769900,False,False
HRTA.JK,2190.0,2220.0,2200.0,2220.0,2203.5,2156.5,2109.6365795898437,6.35,3.654288059895894,4309100,False,False
HRME.JK,38.0,37.333333333333336,38.2,41.1,42.75,42.24,43.78,5.416666666666664,4.362383783589604,40590600,False,False
HOPE.JK,252.0,272.0,271.2,274.0,244.9,236.78,186.93,18.61,10.766491630114809,123210100,False,False
HOMI.JK,250.0,246.0,240.8,242.0,243.9,215.66,204.85,17.17,2.459906003396406,3227900,False,False
HOKI.JK,39.0,40.0,40.4,45.4,49.8,52.98,54.5,13.979999999999997,5.764937590603206,8001400,False,False
HMSP.JK,615.0,615.0,622.0,631.5,669.0,712.1,688.8440014648437,19.420000000000005,1.2582847945997917,12975300,False,False
HILL.JK,16.0,16.0,16.0,16.0,16.0,16.0,16.01,0.0,0.0,0,True,False
HGII.JK,140.0,139.66666666666666,139.4,140.0,140.25,131.92,129.14795394897462,8.330000000000013,2.0164177828218866,765800,False,False
HEXA.JK,3520.0,3480.0,3534.0,3653.96357421875,3893.4324340820312,4058.163583984375,4096.942033691406,57.81635839843748,2.0472020567929974,421600,False,False
HERO.JK,328.0,325.3333333333333,322.0,324.8,331.2,335.44,341.48,6.719999999999999,1.2385461480936468,84300,False,False
HELI.JK,272.0,274.6666666666667,270.0,257.0,232.4,208.84,193.79,32.91333333333334,6.041782223596172,2346800,False,False
HEAL.JK,600.0,596.6666666666666,607.0,622.0,649.25,700.2,798.95,20.706666666666685,1.5584033727595097,6924800,False,False
HDIT.JK,35.0,36.333333333333336,37.8,43.9,46.95,49.02,50.43,14.020000000000003,5.986906538125732,5353200,False,False
HDFA.JK,94.0,93.0,91.4,96.1,98.8,97.8,94.09,7.3999999999999915,5.0928471413998695,2367100,False,False
HBAT.JK,394.0,400.6666666666667,390.8,392.2,366.5,289.48,330.35,55.593333333333334,4.432379083761178,2163900,False,False
HATM.JK,530.0,535.0,540.0,536.5,558.25,562.38,459.7651208496094,6.475999999999999,4.261209339981723,16055000,False,False
HALO.JK,60.0,60.666666666666664,61.4,64.9,70.05,69.42,67.86,10.049999999999997,3.289677126217156,8672000,False,False
HAJJ.JK,106.0,104.33333333333333,103.4,105.6,108.85,108.58,108.29,5.449999999999989,2.7559586665330102,5815500,True,False
HAIS.JK,175.0,176.33333333333334,176.0,178.0,182.0,182.68,179.09,7.680000000000007,1.364241957851658,224600,False,False
HADE.JK,25.0,26.333333333333332,26.6,27.8,25.45,20.92,18.64,6.879999999999999,6.953200395511337,11061700,False,False
GZCO.JK,161.0,163.33333333333334,165.0,173.3,183.2,177.6,163.1,22.19999999999999,2.8066042010163827,6506400,False,False
GWSA.JK,145.0,146.0,147.2,158.4,161.5,152.16,137.67,16.5,6.123511654046351,668900,False,False
GUNA.JK,218.0,219.33333333333334,219.2,219.6,219.9,213.22,192.53650146484375,3.3400000000000034,0.5178413942417662,63600,True,False
GULA.JK,770.0,771.6666666666666,774.0,799.0,807.5,783.3,677.47,7.5,2.059666887797858,9918800,False,False
GTSI.JK,130.0,132.33333333333334,133.8,143.1,151.95,163.3,153.42767478942872,33.30000000000001,4.570841415491913,12719000,False,False
GTRA.JK,262.0,261.3333333333333,259.2,258.0,254.2,245.76,222.15,8.120000000000005,2.5693085435440906,937500,False,False
GTBO.JK,159.0,145.33333333333334,137.8,136.9,145.3,159.52,169.97,22.620000000000005,6.901375179432427,64400,False,False
GSMF.JK,89.0,87.0,86.6,91.2,96.85,93.38,91.87,10.25,2.6898134901529236,6970500,False,False
GRPM.JK,129.0,128.0,126.2,137.0,153.15,184.88,220.08,58.67999999999999,7.230671864140466,4837300,False,False
GRPH.JK,99.0,104.66666666666667,105.8,118.6,127.3,94.7,77.24,32.599999999999994,6.736516407504853,10346900,False,False
GRIA.JK,161.0,160.0,156.2,166.0,167.0,158.34,138.72,10.800000000000011,5.733320620291639,1714500,False,False
GPSO.JK,226.0,228.0,226.0,240.8,263.5,281.32,339.58,27.659999999999997,5.0948948067501405,19577800,False,False
GPRA.JK,98.0,97.66666666666667,99.8,100.7,102.8,105.54,103.45843086242675,7.873333333333335,2.491374578370413,13501600,False,False
GOTO.JK,30.0,30.0,34.0,42.0,46.0,48.4,49.2,18.4,7.897504812029895,97536459300,False,False
GOOD.JK,308.0,306.6666666666667,306.0,307.0,310.6,306.68,312.42,2.3000000000000114,1.1242594829735704,43000,True,False
GOLF.JK,155.0,161.0,163.4,169.4,170.6,165.28,165.80178939819336,15.599999999999994,2.0215593638790224,2621600,False,False
GOLD.JK,264.0,270.0,270.0,273.8,276.1,273.48,265.64,6.050000000000011,1.7127936934587806,9200,False,False
GMTD.JK,1050.0,986.6666666666666,1007.0,1087.0,1185.5,1276.8,1370.45,58.026666666666664,5.360348053767798,170600,False,False
GMFI.JK,51.0,51.333333333333336,51.4,53.5,56.0,57.22,54.91,6.219999999999999,2.293318397573815,124875600,False,False
GLVA.JK,324.0,322.0,324.0,327.6,328.9,317.84,313.90890411376955,5.530000000000001,2.3392494180518595,10200,True,False
GJTL.JK,1245.0,1231.6666666666667,1235.0,1261.0,1307.5,1315.8,1216.84298828125,16.826666666666643,1.408970028752205,5113900,False,False
GIAA.JK,50.0,53.333333333333336,54.6,57.2,60.8,62.44,58.95,12.439999999999998,3.0736152838424013,54709200,False,False
GHON.JK,1615.0,1623.3333333333333,1624.0,1631.0,1651.0,1634.4,1678.45,7.2,0.7215724210959751,5500,False,False
GGRP.JK,370.0,368.6666666666667,359.2,348.2,335.6,315.92,303.1430673217773,27.039999999999992,2.5223923396814367,1630700,False,False
GGRM.JK,16900.0,16766.666666666668,16890.0,17200.0,18045.0,19146.0,17444.6875,95.17333333333329,1.4020001381661211,1297600,False,False
GEMS.JK,8425.0,7941.666666666667,7680.0,7480.0,7478.75,7012.5,6862.25,56.5,4.21608003588751,621600,False,False
GEMA.JK,78.0,79.0,79.0,82.7,87.5,84.72,82.25428512573242,9.5,3.0240661105245903,153200,False,False
GDYR.JK,1125.0,1121.6666666666667,1113.0,1105.0,1115.75,1108.7,1098.35,4.0,1.433761603368003,1000,True,False
GDST.JK,106.0,105.0,105.4,114.0,114.45,111.8,98.74,9.450000000000003,7.513178309422881,1385900,False,False
FWCT.JK,78.0,77.66666666666667,76.0,81.0,86.15,89.42,84.84,13.420000000000002,6.126895815299582,1778600,False,False
FUTR.JK,250.0,252.66666666666666,257.2,261.0,278.3,305.08,245.69,27.539999999999992,3.2125994941183253,14697700,False,False
FUJI.JK,296.0,295.3333333333333,289.2,285.8,271.5,254.52,252.83,20.739999999999995,4.580583513867819,1517500,False,False
FPNI.JK,486.0,487.3333333333333,486.0,505.5,530.5,500.88,420.24,22.25,3.8592233996434135,1577200,False,False
FORU.JK,163.0,192.66666666666666,229.2,234.32530517578124,1094.997794342041,1948.2991177368165,2267.299558868408,1785.2991177368165,22.74782252543804,3168500,False,False
FORE.JK,790.0,795.0,797.0,798.0,795.75,779.3,748.0,3.740000000000009,1.9706994649060001,2403900,True,True
FOOD.JK,176.0,176.0,176.0,176.0,176.0,176.0,173.93,0.0,0.0,0,True,False
FOLK.JK,173.0,179.0,185.0,205.3,225.65,206.66,210.22,52.650000000000006,5.1562907257398045,11144300,False,False
FMII.JK,244.0,246.0,244.8,241.4,246.3,249.4,246.94,4.0,3.2481418835887523,85100,True,False
FLMC.JK,145.0,134.0,132.2,127.5,124.35,97.52,99.39,47.480000000000004,6.051162727682869,10258700,False,False
FITT.JK,404.0,407.3333333333333,409.6,427.4,438.4,399.32,386.18,19.539999999999992,2.6610939993139144,1032800,False,False
FISH.JK,605.0,595.0,605.0,621.5,637.75,621.3,630.9807342529297,8.55,3.482502613698548,92400,False,False
FIRE.JK,103.0,104.33333333333333,105.4,112.4,118.3,113.8,111.2,15.299999999999997,4.036332712048438,3554800,False,False
FILM.JK,590.0,608.3333333333334,615.0,662.0,729.75,855.9,1348.2,53.17999999999999,2.9288371833946667,7686000,False,False
FAST.JK,394.0,403.3333333333333,402.8,414.6,429.0,417.28,334.02,17.5,2.787969461689489,3162400,False,False
FAPA.JK,7375.0,7383.333333333333,7395.0,7410.0,7431.25,7409.5,7325.0581640625,2.25,0.3484291543939502,0,True,False
EXCL.JK,2380.0,2396.6666666666665,2374.0,2387.0,2505.0,2577.2,2607.9,20.319999999999983,1.8885861200021898,4458600,False,False
EURO.JK,1395.0,1428.3333333333333,1413.0,1440.0,1436.5,1603.9,1714.8868200683594,41.780000000000015,3.110926955084775,5128700,False,False
ESTI.JK,149.0,150.66666666666666,147.0,152.4,161.15,161.04,143.99904083251954,14.150000000000006,6.0922608439394565,8546300,False,False
ESTA.JK,160.0,157.33333333333334,149.6,159.7,167.45,173.74,180.52,24.140000000000015,6.441020951716153,1506900,False,False
ESSA.JK,590.0,576.6666666666666,576.0,586.0,617.75,634.9,617.3093609619141,11.779999999999996,2.1327873801949515,57588100,False,False
ESIP.JK,94.0,95.33333333333333,95.2,102.8,112.8,120.62,125.53322860717773,26.620000000000005,4.325976181758598,2859300,False,False
ERTX.JK,165.0,159.33333333333334,158.4,165.6,172.9,179.48,164.68,21.079999999999984,2.9880890820904766,418100,False,False
ERAL.JK,300.0,300.0,302.0,307.8,315.9,308.8,291.7968426513672,7.949999999999989,1.8312082406563897,2054100,False,False
ERAA.JK,600.0,596.6666666666666,599.0,605.5,602.0,517.7,431.5822375488281,17.55999999999999,1.4032984929044654,63106400,False,False
EPMT.JK,2650.0,2636.6666666666665,2636.0,2634.0,2575.5,2444.6,2379.3,20.54000000000001,0.43766951283576977,81900,False,False
EPAC.JK,45.0,44.666666666666664,43.2,46.6,50.05,55.26,61.67,12.059999999999995,8.393011389857387,132875300,False,False
ENZO.JK,59.0,59.333333333333336,58.6,66.5,71.45,72.26,70.99,13.660000000000004,6.814328779713661,5818600,False,False
ENRG.JK,1440.0,1400.0,1376.0,1327.0,1367.75,1303.8483361816407,1315.2741680908202,27.230332763671868,2.962431321836692,74202900,False,False
ENAK.JK,182.0,186.0,187.0,196.0,210.9,229.84,253.78,47.84,2.2676639196473154,359400,False,False
EMTK.JK,382.0,384.6666666666667,392.8,417.2,457.55,495.62,534.0969018554688,56.81,1.2818731402481454,28198800,False,False
EMDE.JK,64.0,65.66666666666667,65.0,70.2,74.1,74.74,70.45,10.739999999999995,4.731215326802288,839200,False,False
EMAS.JK,7700.0,7691.666666666667,7625.0,7630.0,7860.0,7732.5,7215.5,9.4,1.7771143385035648,7277000,False,False
ELTY.JK,31.0,30.666666666666668,32.4,32.5,33.9,35.64,31.41,4.973333333333333,10.672134340465806,384450000,False,False
ELSA.JK,630.0,631.6666666666666,652.0,666.5,694.25,697.5,645.4427294921875,13.5,2.6275712545668344,13012900,False,False
ELPI.JK,560.0,573.3333333333334,579.0,592.5,631.75,687.9,980.44099609375,25.579999999999995,3.8834128741977643,745000,False,False
ELIT.JK,250.0,248.0,247.2,257.6,265.9,226.98,201.96,19.459999999999994,3.190177871032126,3423900,False,False
EKAD.JK,370.0,371.3333333333333,372.8,384.6,400.1,323.04,243.91333267211914,38.53,3.275139684792474,2259900,False,False
ECII.JK,150.0,149.33333333333334,150.2,156.3,162.55,160.54,150.58,13.216666666666669,4.107484802800403,269000,False,False
EAST.JK,89.0,89.0,89.0,89.1,89.4,89.78217422485352,88.26717430114746,0.7821742248535202,0.5267319764852866,544200,True,False
DYAN.JK,85.0,81.0,79.8,84.3,85.5,85.78,82.13,5.980000000000004,8.192007607081122,115598200,False,False
DWGL.JK,212.0,210.0,209.2,216.2,224.5,280.6,262.48,35.70000000000002,2.9077675940408167,1237000,False,False
DVLA.JK,1585.0,1583.3333333333333,1582.0,1581.0,1586.75,1585.5,1553.1869995117188,1.15,0.33304845423732155,31600,True,False
DUTI.JK,4700.0,4700.0,4720.0,4756.0,4771.5,4624.0,4265.721479492187,14.75,0.6661179550795865,0,False,False
DSSA.JK,1140.0,1110.0,1095.0,1069.5,1090.5,1028.8,897.43,22.24000000000001,4.231784570267521,264408400,False,False
DSNG.JK,1575.0,1553.3333333333333,1545.0,1560.5,1605.0,1493.6,1340.47544921875,22.28000000000002,3.6356928198117977,1377300,False,False
DSFI.JK,82.0,82.33333333333333,86.4,92.6,90.8,86.52,80.2,10.599999999999994,8.353120679339522,7294800,False,False
DRMA.JK,935.0,925.0,926.0,938.0,970.0,973.9,955.25,9.779999999999996,2.110015932648602,337200,False,False
DPUM.JK,106.0,105.66666666666667,109.4,126.6,130.55,110.44,123.84,24.88333333333334,6.01121845980682,9598900,False,False
DOSS.JK,158.0,160.33333333333334,162.2,167.7,168.85,165.8,149.25482109069824,10.849999999999994,3.740169391021913,495000,False,False
DOOH.JK,366.0,351.3333333333333,357.6,371.8,379.5,325.12,227.49,27.189999999999998,6.334428486327927,442958700,False,False
DOID.JK,208.0,212.66666666666666,214.4,218.4,233.3,226.48,216.58,12.650000000000006,5.4871155245589724,3089300,False,False
DNET.JK,9875.0,9725.0,9810.0,9770.0,9835.0,9862.0,9880.75,6.0,1.5392333003192245,7000,False,False
DNAR.JK,120.0,121.0,120.8,123.6,128.25,126.88,121.36,8.25,1.163632315079533,441600,False,False
DMND.JK,625.0,613.3333333333334,608.0,625.0,620.5,620.5,613.5795977783204,3.4,2.8115493730349104,97600,True,False
DMMX.JK,172.0,174.66666666666666,171.8,178.3,182.7,185.36,175.89176605224608,13.560000000000002,3.0016813794670414,651000,False,False
DMAS.JK,180.0,182.33333333333334,182.2,184.9,189.95,172.92,154.89115921020507,17.03,2.629890288850179,63904100,False,False
DLTA.JK,1770.0,1773.3333333333333,1771.0,1778.5,1784.5,1784.5,1762.5692004394532,2.9,0.35582849304334635,82900,True,False
DKHH.JK,69.0,70.0,71.0,70.0,70.65,66.84,64.51,4.159999999999997,1.7021669731312614,9359900,True,True
DKFT.JK,650.0,648.3333333333334,649.0,656.5,663.1642822265625,648.7928454589844,642.7899859619141,2.966189778645821,2.4327562643814185,1939100,True,True
DIVA.JK,129.0,133.33333333333334,129.8,134.9,136.7,134.86,127.4,7.699999999999989,7.419709965739296,130139100,False,False
DILD.JK,107.0,107.66666666666667,109.4,111.7,115.0,116.66,116.22,9.659999999999997,1.4615833474997568,9521000,False,False
DIGI.JK,29.0,29.0,29.0,29.0,29.0,29.0,30.07,0.0,0.0,0,True,False
DGWG.JK,324.0,319.3333333333333,319.2,320.6,327.2,322.0,312.1811911010742,4.0,1.966354288861813,12956400,True,True
DGNS.JK,284.0,288.0,277.6,268.0,271.2,250.16,240.7,18.92,5.815498371398879,619100,False,False
DGIK.JK,138.0,138.0,138.0,136.5,137.25,134.34,130.43,3.6599999999999966,3.631317104928721,6120600,True,True
DFAM.JK,66.0,67.66666666666667,70.4,82.9,84.6,82.72,89.46,18.599999999999994,9.406497138949371,7729900,False,False
DEWI.JK,246.0,236.66666666666666,231.2,220.3,193.65,159.12,139.37,43.44,7.230352414365587,51744400,False,False
DEWA.JK,338.0,338.0,340.8,351.6,381.0,424.32,386.1706462097168,43.16,3.9495269829717126,403370900,False,False
DEPO.JK,228.0,227.33333333333334,227.2,231.6,238.3,242.92,245.34430404663087,7.859999999999999,2.093638955230723,74800,False,False
DEFI.JK,89.0,89.33333333333333,86.2,94.2,102.8,105.0,112.91,18.799999999999997,7.732227490281036,9499600,False,False
DCII.JK,200900.0,197566.66666666666,197740.0,198547.5,199058.75,198926.0,195058.5,133.3333333333337,1.6976124169191666,400,False,False
DAYA.JK,1100.0,1091.6666666666667,1092.0,1099.5,1091.25,1054.1,1040.5,9.180000000000017,3.4307632077541643,77500,False,False
DATA.JK,1525.0,1563.3333333333333,1560.0,1596.0,1673.5,1823.9,1854.35,59.780000000000015,1.832811470919717,783500,False,False
DART.JK,152.0,152.0,149.6,155.3,158.95,155.22,140.0,9.349999999999994,2.937529420264901,37800,False,False
DADA.JK,24.0,28.0,32.8,41.4,45.7,48.28,49.14,24.28,7.209586144747537,185144200,False,False
DAAZ.JK,1985.0,1920.0,1894.0,1773.5,1714.5,1672.9,1665.3866589355468,62.41999999999998,2.9943632817536607,545700,False,False
CYBR.JK,505.0,490.3333333333333,495.2,506.1,514.05,538.82,571.71,9.697333333333347,3.7829045725913564,39460600,False,False
CUAN.JK,845.0,851.6666666666666,870.0,906.5,921.75,833.2,745.51,17.70999999999999,2.3345614541984685,258896400,False,False
CTTH.JK,92.0,93.66666666666667,95.8,109.2,118.6,124.54,133.38,32.540000000000006,5.104501132116357,3506700,False,False
CTRA.JK,535.0,531.6666666666666,538.0,552.5,581.75,597.2,580.4252587890625,13.106666666666683,1.6843971554142614,8698800,False,False
CTBN.JK,2830.0,2886.6666666666665,2934.0,2980.0,3020.0,3465.4,4414.748354492188,63.540000000000006,1.3070715131110737,25100,False,False
CSRA.JK,665.0,673.3333333333334,684.0,703.5,732.0,750.3,768.85,17.05999999999999,1.0448403879084471,301300,False,False
CSMI.JK,332.0,285.3333333333333,257.8,243.5,216.2,161.62,119.91,85.19,15.712217828556527,154916400,False,False
CSIS.JK,180.0,186.66666666666666,191.0,195.4,201.6,202.72,177.2478005218506,22.72,2.706508938235307,2268300,False,False
CSAP.JK,282.0,280.0,280.8,285.2,290.2,289.96,282.6177911376953,5.099999999999994,1.9494654343645126,114900,True,False
CRSN.JK,139.0,134.0,129.8,130.8,132.75,124.96,113.13373481750489,14.040000000000006,3.5628730800468995,676800,False,False
CRAB.JK,216.0,216.0,215.6,218.4,218.1,212.8,210.66,2.799999999999997,1.5380860822868716,597300,True,False
CPRO.JK,39.0,38.0,39.6,44.8,47.4,49.24,50.03,11.240000000000002,5.5157182464079195,85530300,False,False
CPIN.JK,2910.0,2916.6666666666665,2942.0,3007.0,3096.5,3106.2,3286.367502441406,19.619999999999983,1.2186367812403611,14460900,False,False
COIN.JK,730.0,728.3333333333334,738.0,793.5,780.75,758.0,760.45,13.033333333333326,5.723566423221427,15470700,False,False
COCO.JK,115.0,108.0,105.4,109.9,123.45,114.78,155.015845413208,18.049999999999997,6.303747684520136,421083500,False,False
COAL.JK,31.0,31.0,31.0,31.0,31.0,29.04,31.4,1.9600000000000009,0.0,0,True,False
CNMA.JK,89.0,89.33333333333333,89.4,89.8,90.95,92.28,91.64,3.280000000000001,0.8793166269701043,21949600,True,False
CNKO.JK,37.0,37.0,37.0,37.0,37.0,37.0,38.18,0.0,0.0,0,True,False
CMRY.JK,4380.0,4356.666666666667,4354.0,4408.0,4457.0,4528.288251953125,4467.364487304688,17.42882519531249,1.1904216721045813,355400,False,False
CMPP.JK,69.0,69.0,69.0,69.0,69.0,69.0,69.84,0.0,0.0,0,True,False
CMNT.JK,750.0,746.6666666666666,745.0,745.5,751.0,768.6,779.15,4.720000000000004,1.1348410268046107,11027700,True,False
CMNP.JK,1460.0,1413.3333333333333,1406.0,1398.0,1410.25,1387.2,1379.25,14.559999999999992,2.2732230682481975,1006300,False,False
CLPI.JK,1590.0,1588.3333333333333,1589.0,1592.5,1604.0,1595.7,1529.3724987792968,3.1333333333333484,0.3024787163328808,79100,True,False
CLEO.JK,416.0,413.3333333333333,411.2,410.6,417.9,401.28,390.06105560302734,8.310000000000002,1.5505146389221836,9053200,False,False
CLAY.JK,2770.0,2776.6666666666665,2774.0,2762.0,2741.5,2688.2,2703.7,8.84666666666667,0.41857907225326185,10400,False,False
CITY.JK,158.0,160.0,157.2,166.0,175.6,174.82,168.15,18.400000000000006,5.206465777317323,321200,False,False
CITA.JK,3350.0,3340.0,3346.0,3406.0,3464.5,3343.0,3222.995432128906,12.45,0.7726231507645639,34300,False,False
CINT.JK,188.0,190.66666666666666,190.2,192.2,190.55,183.16,176.81,9.039999999999992,2.8755113512962773,1935100,False,False
CHIP.JK,650.0,670.0,678.0,695.0,738.75,827.1,889.6317974853515,35.42,1.3681437092256108,143200,False,False
CHEM.JK,54.0,54.333333333333336,54.0,60.1,65.2,66.76,65.7658837890625,12.760000000000005,7.123030006361174,5659100,False,False
CHEK.JK,118.0,122.0,122.8,126.5,128.65,131.48,127.89,13.47999999999999,1.9616748246457618,3235300,False,False
CGAS.JK,146.0,146.66666666666666,147.0,148.1,148.75,150.6,152.41888809204102,4.599999999999994,1.7378869981785874,2169100,True,False
CFIN.JK,350.0,350.6666666666667,351.6,357.4,365.3,356.24,333.5383090209961,7.650000000000006,0.9671246289910026,1669900,False,False
CENT.JK,91.0,92.0,91.6,97.5,102.8,94.86,86.0,11.799999999999997,4.1440747535931,2186700,False,False
CEKA.JK,2190.0,2173.3333333333335,2184.0,2182.0,2189.0,2194.0,2175.454296875,2.0666666666666513,1.2098885355601503,6300,True,False
CDIA.JK,555.0,561.1926066080729,564.141650390625,591.2905029296875,632.2957061767578,663.2827221679687,686.5756030273437,21.65654443359374,2.264097694799257,22060400,False,False
CCSI.JK,400.0,415.3333333333333,374.4,383.6,370.5,302.88,276.82,56.22666666666666,14.244988452590523,61878000,False,False
CBUT.JK,915.0,936.6666666666666,926.0,939.5,977.25,892.6,790.76,16.929999999999996,3.6132230934171234,174400,False,False
CBRE.JK,715.0,721.6666666666666,743.0,749.0,740.0,712.6,727.0,7.279999999999996,3.9736825282074464,9585000,False,False
CBPE.JK,494.0,499.3333333333333,502.6,507.0,503.55,477.4,381.353427734375,14.800000000000011,5.092592670317795,3700,False,False
CBDK.JK,3300.0,3310.0,3354.0,3492.0,3668.5,3730.8,3701.8149072265624,43.08000000000002,1.61485346517551,1095500,False,False
CASS.JK,1820.0,1806.6666666666667,1807.0,1822.5,1831.75,1859.1,1827.8,10.486666666666633,1.5713622792884758,21800,False,False
CASH.JK,244.0,246.66666666666666,241.2,245.6,242.0,233.56,211.93,6.5533333333333275,5.705637879018707,2059100,False,False
CASA.JK,1865.0,1850.0,1830.0,1816.5,1825.25,1823.6,1729.05,9.7,1.5719062106014148,300,False,False
CARS.JK,107.0,107.66666666666667,109.4,116.7,115.05,104.06,95.75,12.64,4.086955782027483,7005700,False,False
CARE.JK,372.0,372.0,371.2,380.6,392.5,416.0,415.26,22.400000000000006,1.160829623187871,252000,False,False
CANI.JK,135.0,135.0,135.0,135.0,135.0,135.0,135.21,0.0,0.0,0,True,False
CAMP.JK,160.0,159.0,157.2,168.2,171.05,170.72,174.08,13.850000000000023,3.3468103920602896,416400,False,False
CAKK.JK,155.0,155.0,155.8,157.7,158.8,149.68,145.83,9.120000000000005,1.6550032338141327,85300,False,False
BYAN.JK,11750.0,11733.333333333334,11815.0,12082.5,12281.25,12945.5,11876.02275390625,48.48666666666664,3.662640551135474,617200,False,False
BWPT.JK,103.0,102.33333333333333,104.2,110.4,118.15,105.22,93.43,15.816666666666677,3.620067908503357,67181900,False,False
BVIC.JK,86.0,86.66666666666667,86.6,89.1,91.6,92.5,90.65,6.5,1.895241670495084,562300,False,False
BUVA.JK,590.0,595.0,605.0,638.5,675.75,735.1,774.4,29.020000000000003,4.238721250220215,29481300,False,False
BUMI.JK,175.0,173.33333333333334,175.4,181.3,195.9,188.56,173.83,22.566666666666663,2.8801784195019087,1797085000,False,False
BULL.JK,346.0,344.6666666666667,348.0,367.6,392.6,419.84,393.34,37.586666666666645,2.926984230412436,274597300,False,False
BUKK.JK,960.0,968.3333333333334,987.0,1002.5,994.5,1005.7,1014.05,9.14000000000001,2.609917080512081,9300,False,False
BUKA.JK,105.0,104.66666666666667,104.2,105.0,106.5,111.56,111.96,7.359999999999999,1.452884684953397,88934700,False,False
BUDI.JK,220.0,222.0,221.6,224.0,224.9,222.04,214.0,2.450000000000003,0.9453479652721334,217600,True,False
BUAH.JK,484.0,484.0,482.8,486.2,492.2,501.58,506.2308377075195,9.389999999999986,0.5525217232019668,329800,False,False
BTPS.JK,930.0,936.6666666666666,936.0,952.0,997.25,991.8,985.25,13.45,1.9404323715564584,4437000,False,False
BTPN.JK,2430.0,2410.0,2388.0,2355.0,2363.0,2272.2,2237.45,15.780000000000019,1.250145845161018,75100,False,False
BTON.JK,362.0,368.0,365.6,364.0,365.5,364.2,361.2,3.0,2.4893948121946208,6500,True,False
BTEK.JK,11.0,11.666666666666666,12.6,12.0,11.7,11.04,11.01,1.5999999999999996,12.100047875379804,285088800,False,False
BSSR.JK,5250.0,5073.333333333333,5046.9099609375,4988.468212890625,4771.908154296875,4369.61337890625,3956.19572265625,35.21546484375001,4.283577563355082,2283900,False,False
BSML.JK,545.0,541.6666666666666,541.0,543.5,541.5,527.1,491.89,3.5799999999999956,1.1254780424831705,11802100,True,True
BSIM.JK,920.0,926.6666666666666,920.0,950.5,1021.5,871.1,805.4,30.079999999999995,1.7622540721823252,10900,False,False
BSDE.JK,535.0,541.6666666666666,544.0,560.5,600.75,605.7,606.75,14.14000000000001,1.5293526033186748,72155100,False,False
BSBK.JK,39.0,39.333333333333336,40.2,45.1,47.55,50.18,51.15,11.18,4.664394776505509,10069400,False,False
BRRC.JK,48.0,49.666666666666664,49.0,57.2,64.95,65.58,62.64,17.58,7.313852759347295,3018600,False,False
BRPT.JK,1420.0,1410.0,1430.0,1501.5,1590.25,1735.8,1702.542254638672,65.16,2.296832793527726,32362900,False,False
BRNA.JK,650.0,641.6666666666666,636.0,644.0,644.5,631.6,615.35,3.6799999999999953,3.2011844677566708,4082800,True,True
BRMS.JK,570.0,570.0,585.0,631.5,673.0,655.5,617.95,20.6,3.750725745890181,213287300,False,False
BRIS.JK,1415.0,1420.0,1457.0,1514.0,1614.75,1724.1,1764.133115234375,61.81999999999998,2.415051551516006,22079300,False,False
BREN.JK,2830.0,2866.6666666666665,2910.0,2994.0,3101.0,3291.4,3350.6486669921874,46.14000000000001,1.9427915361398502,5067000,False,False
BRAM.JK,4540.0,4573.333333333333,4604.0,4634.0,4638.0,4591.4,4507.852258300782,9.8,1.4806133792361131,2900,False,False
BPTR.JK,71.0,69.66666666666667,69.0,75.3,75.1,75.32,73.49,6.319999999999993,13.006050185425705,13049800,False,False
BPII.JK,462.0,462.0,460.4,460.0,466.1,463.4791540527344,455.07849853515626,3.0500000000000114,2.651284059461657,5300,True,False
BPFI.JK,238.0,237.33333333333334,237.2,241.8,245.4,251.32,250.69002502441407,7.060000000000002,1.3459887500863812,2200,False,False
BOLT.JK,770.0,766.6666666666666,771.0,784.0,794.5,796.1,792.6,5.886666666666679,2.0707565540118553,7800,True,False
BOLA.JK,154.0,157.66666666666666,161.2,167.1,174.8,163.3,158.21,20.80000000000001,1.9094115495618347,700600,False,False
BOGA.JK,1550.0,1550.0,1550.0,1552.5,1570.75,1592.0,1478.7,8.4,1.062790581680117,300,False,False
BOBA.JK,192.0,192.0,191.6,196.4,203.6,211.96,244.83286651611328,20.360000000000014,1.6079864251244036,288200,False,False
BOAT.JK,122.0,120.66666666666667,120.8,130.0,133.8,136.28,124.42,15.61333333333333,3.7032268978461307,536700,False,False
BNLI.JK,1890.0,1896.6666666666667,1913.0,1987.5,2055.75,2133.3,2434.95,48.66000000000004,1.8304670838480641,18400,False,False
BNII.JK,188.0,188.66666666666666,188.4,189.6,191.0,191.98,190.96,3.9799999999999898,0.795863302221101,148600,True,False
BNGA.JK,1695.0,1700.0,1712.0,1728.0,1734.25,1692.2,1643.0,8.409999999999991,1.0803380850395257,1467600,False,False
BNBR.JK,72.0,72.66666666666667,72.8,77.5,85.65,94.5,97.76768531799317,22.5,3.0695922419530297,377598300,False,False
BNBA.JK,810.0,818.3333333333334,829.0,827.0,813.25,770.4,747.25,11.720000000000004,5.048540003014349,169000,False,False
BMTR.JK,77.0,77.0,77.0,89.4,102.65,110.12,115.26,33.120000000000005,6.779572793729225,52769600,False,False
BMSR.JK,324.0,326.6666666666667,330.0,334.2,339.3,321.64,309.46,8.830000000000013,5.349623297160125,86300,False,False
BMRI.JK,4030.0,4016.6666666666665,4020.0,4080.0,4196.14150390625,4162.497568359375,4124.792006835937,17.947483723958385,1.1251148145393512,75138400,False,False
BMHS.JK,200.0,199.0,199.0,199.4,199.95,193.4,186.12575485229493,6.599999999999994,0.4725937428924948,2285000,False,False
BMBL.JK,30.0,30.666666666666668,31.0,30.1,30.35,30.3,31.22,1.0,3.8166421288566927,5635400,False,False
BMAS.JK,474.0,480.0,481.2,492.1,507.3,500.34,492.2,16.650000000000006,1.607311497344745,60100,False,False
BLUE.JK,3350.0,3216.6666666666665,3122.0,3027.0,3014.5,2784.2,2917.050986328125,56.58000000000002,2.9346640878477723,534500,False,False
BLTA.JK,35.0,36.0,38.2,35.0,33.7,33.16,33.94,5.040000000000006,12.502855200741877,56997200,False,False
BLOG.JK,354.0,350.6666666666667,353.2,357.4,362.6,369.92,355.5658624267578,9.626666666666665,1.9720966684085406,89600,False,False
BLES.JK,192.0,190.66666666666666,191.0,191.7,196.35,197.76,169.61490005493164,7.093333333333334,1.7720109929418133,8888000,False,False
BKSW.JK,49.0,49.0,48.4,49.3,51.45,52.14,52.34,3.740000000000002,3.561689226358767,1322400,True,False
BKSL.JK,56.0,56.333333333333336,55.8,60.9,65.85,70.18,69.68,14.38000000000001,5.483914809469714,124974900,False,False
BKDP.JK,179.0,181.33333333333334,181.8,181.4,181.35,171.12,146.5,10.680000000000007,4.522615884141998,2735300,False,False
BJTM.JK,510.0,510.0,511.0,513.0,518.5,518.9,516.9145953369141,1.7799999999999954,0.7653538253095351,3238100,True,False
BJBR.JK,750.0,755.0,756.0,759.0,775.75,783.7,775.25,6.740000000000009,0.788286452122122,2169200,False,False
BISI.JK,680.0,685.0,688.0,699.0,713.25,697.6,685.8271630859375,6.65,2.286792158428383,254800,False,False
BIRD.JK,1540.0,1543.3333333333333,1555.0,1571.5,1591.5,1610.1,1538.8194262695313,14.019999999999982,0.5216332341270979,780900,False,False
BIPP.JK,65.0,64.66666666666667,62.8,67.1,67.6,67.06,64.15,4.799999999999997,15.153033300552904,103954100,False,False
BIPI.JK,126.0,129.33333333333334,129.4,137.6,141.35,145.82,150.73,19.819999999999993,3.892737124183417,150014000,False,False
BINO.JK,108.0,108.0,106.6,109.6,113.9,113.4,106.82,7.300000000000011,2.4856697899493483,148300,False,False
BINA.JK,4060.0,4196.666666666667,4140.0,4087.0,4101.0,4126.6,4005.0,13.666666666666696,2.796266583610934,433800,False,False
BIKE.JK,1505.0,1505.0,1505.0,1306.0,1136.25,802.06,656.03,140.58800000000002,9.267228483522102,0,False,False
BHIT.JK,21.0,21.0,20.8,22.1,23.85,24.88,26.09,4.079999999999998,4.589173448229476,51225400,False,False
BHAT.JK,1770.0,1770.0,1770.0,1770.0,1770.0,1770.0,1594.65,0.0,0.0,0,True,False
BGTG.JK,103.0,106.33333333333333,108.2,110.8,115.45,113.88,112.14,12.450000000000003,2.2228912376035406,11095700,False,False
BFIN.JK,910.0,910.0,920.0,936.0,966.25,925.4,822.90673828125,11.25,1.787219040630421,26516000,False,False
BEST.JK,120.0,121.0,119.2,120.1,124.15,119.18,109.47,4.969999999999999,3.0304662928419064,12596200,True,True
BESS.JK,830.0,818.3333333333334,794.0,830.5,870.75,888.1,922.1113726806641,18.820000000000004,6.3012132801736565,79600,False,False
BELL.JK,92.0,92.66666666666667,92.4,97.8,103.75,110.52,108.77,18.519999999999996,5.017222027510672,3879800,False,False
BELI.JK,258.0,264.0,263.6,272.2,285.5,277.48,287.84,13.75,2.738583260517808,1238100,False,False
BEKS.JK,26.0,26.0,26.8,24.6,23.85,23.02,22.34,3.780000000000001,11.654117415485816,80147900,False,False
BEER.JK,57.0,59.0,58.8,65.1,71.85,75.62,81.05,18.620000000000005,4.717863087956817,4030000,False,False
BEEF.JK,396.0,406.0,404.8,423.2,429.0,427.24,306.73,16.5,4.441887299229915,1425400,False,False
BDMN.JK,4650.0,4576.666666666667,4458.0,4443.0,4441.5,4332.6,4260.9,31.739999999999963,2.0704379888811255,2665900,False,False
BDKR.JK,170.0,170.0,169.4,164.3,161.4,159.7,149.89244712829588,10.300000000000011,1.8071852702556332,18316300,False,False
BCIP.JK,53.0,52.333333333333336,52.2,55.6,58.85,61.36,61.46,9.159999999999997,3.384075585841231,1391700,False,False
BCIC.JK,129.0,130.33333333333334,131.0,133.4,133.2,130.96,124.99,4.400000000000006,2.274139072341901,1438100,True,True
BCAP.JK,29.0,30.666666666666668,34.4,42.2,46.1,48.44,49.28,19.439999999999998,6.360981390145942,13166300,False,False
BBYB.JK,196.0,195.33333333333334,196.6,207.5,229.25,244.62,243.07,49.28666666666666,2.1686741063084716,23049300,False,False
BBTN.JK,1065.0,1063.3333333333333,1073.0,1100.5,1150.25,1192.7,1208.85,25.873333333333356,1.3057077282671348,7317400,False,False
BBSS.JK,90.0,92.0,95.4,92.9,91.5,96.62,104.18,6.6200000000000045,11.94621397822867,12691300,False,False
BBSI.JK,4150.0,4230.0,4288.0,4404.0,4499.5,4604.8,4593.1,45.48000000000002,1.292842609288369,900,False,False
BBRM.JK,108.0,108.66666666666667,106.4,110.4,116.3,115.96,115.12,9.899999999999991,4.650324781783931,938700,False,False
BBRI.JK,3080.0,3106.6666666666665,3126.0,3159.0,3253.5,3177.0,3045.5,17.35,1.2857389776778603,170335000,False,False
BBNI.JK,3420.0,3406.6666666666665,3424.0,3492.0,3640.5,3649.6,3597.2,24.29333333333334,0.8848047306445872,27042600,False,False
BBMD.JK,2060.0,2050.0,2031.0,2004.0,1993.25,1992.7,1958.4322412109375,6.729999999999995,1.8470442477232927,400,False,False
BBLD.JK,670.0,663.3333333333334,662.0,662.0,664.75,647.5,616.7378704833984,4.5,1.002579945876455,76800,True,False
BBKP.JK,39.0,39.0,40.4,45.2,48.65,52.06,52.9,13.060000000000002,4.682733962209859,114781000,False,False
BBHI.JK,800.0,806.6666666666666,799.0,832.0,865.75,889.9,910.2971600341797,18.179999999999996,3.4533896157275956,270200,False,False
BBCA.JK,6100.0,6058.333333333333,6110.0,6175.0,6310.0,6354.72779296875,6158.55884765625,11.85577838541667,1.162396776717842,131920300,False,False
BAYU.JK,1320.0,1310.0,1309.0,1319.5,1330.5,1269.9,1204.0833325195313,12.119999999999981,1.3532179289689874,19100,False,False
BAUT.JK,30.0,31.666666666666668,34.2,37.3,38.45,35.86,31.56,8.450000000000003,4.416506031252921,6240500,False,False
BATR.JK,90.0,90.33333333333333,89.6,90.8,91.4,92.8,89.05252891540528,3.200000000000003,2.038935520115292,1903300,True,True
BATA.JK,59.0,59.0,59.0,59.0,59.0,59.0,59.88,0.0,0.0,0,True,False
BAPI.JK,19.0,19.666666666666668,21.2,21.9,21.8,19.84,18.98,2.8999999999999986,8.067987149967502,56636900,False,False
BAPA.JK,101.0,103.66666666666667,103.8,111.4,121.1,143.64,201.9,42.639999999999986,5.579201796702002,4146500,False,False
BANK.JK,240.0,238.0,235.2,238.6,250.9,265.96,281.42,15.379999999999995,1.99889761816087,2865700,False,False
BALI.JK,1330.0,1321.6666666666667,1325.0,1314.5,1317.5,1283.5,1260.6,9.3,2.5557409000649085,10700,False,False
BAJA.JK,294.0,302.6666666666667,306.8,356.2,324.2,306.68,229.21,31.099999999999994,10.289801162574388,5661500,False,False
BAIK.JK,224.0,228.0,233.2,248.4,249.4,391.14,501.16,83.57,4.700814010221206,2813900,False,False
BACA.JK,109.0,108.66666666666667,109.4,112.5,115.35,116.3,114.84,7.633333333333326,1.2233030210557863,643100,False,False
BABY.JK,187.0,188.33333333333334,185.4,190.8,199.1,202.86,188.67,17.460000000000008,2.869913721622765,490300,False,False
BABP.JK,28.0,30.333333333333332,34.2,42.1,46.05,48.42,49.24,20.42,6.516781306938483,93511800,False,False
AYLS.JK,180.0,188.66666666666666,196.8,193.0,177.1,163.74,153.12,33.06,4.551781287275867,6072300,False,False
AYAM.JK,505.0,500.3333333333333,499.4,501.2,497.3,470.96,404.16,6.808000000000004,0.6677442823777056,19619100,False,False
AXIO.JK,111.0,112.0,111.4,112.3,113.85,113.7,110.74881217956543,2.8499999999999943,2.60558735146488,341200,True,False
AWAN.JK,151.0,155.0,154.6,156.7,159.85,160.58,152.64,9.580000000000013,1.8187837684919637,183800,False,False
AVIA.JK,330.0,327.3333333333333,330.4,335.4,343.8,341.72,334.2,8.233333333333348,1.686399061122408,9471900,False,False
AUTO.JK,3370.0,3336.6666666666665,3322.0,3345.0,3339.0,3114.8,2800.8,25.519999999999982,1.3973675330672122,2888500,False,False
ATLA.JK,32.0,33.333333333333336,36.0,43.0,46.5,48.62,49.229700584411624,16.619999999999997,5.917148728354101,61088300,False,False
ATIC.JK,440.0,442.6666666666667,442.8,442.6,452.6,461.72,473.12,10.860000000000014,1.3169471153181658,52600,False,False
ATAP.JK,555.0,548.3333333333334,546.0,548.0,555.25,567.3,507.22,4.259999999999991,1.7355322384074154,508700,True,False
ASSA.JK,570.0,568.3333333333334,577.0,585.5,601.0,615.1,614.1046875,9.35333333333333,2.0599409628378513,6273600,False,False
ASRM.JK,272.0,272.0,272.8,279.2,282.7,275.16,264.64443542480467,5.349999999999994,1.4332936296659722,7900,True,False
ASRI.JK,115.0,117.33333333333333,117.6,120.2,123.25,123.14,118.5336840057373,8.25,2.82803993762576,5576200,False,False
ASPR.JK,141.0,140.33333333333334,138.6,137.7,141.0,147.64,175.68887634277343,9.939999999999998,7.857665274136267,8345500,False,False
ASPI.JK,980.0,980.0,890.0,798.0,662.55,508.26,454.69,94.348,10.360754629623868,0,False,False
ASMI.JK,21.0,19.333333333333332,19.2,17.9,16.7,16.44,16.31,4.559999999999999,7.490563402092515,130143800,False,False
ASLI.JK,486.0,486.0,486.0,460.8,424.2,310.66,266.73,87.66999999999999,5.911453988597969,0,False,False
ASLC.JK,57.0,57.333333333333336,57.4,62.7,64.7,64.66,63.97,7.700000000000003,5.321154942123802,5284800,False,False
ASJT.JK,162.0,161.33333333333334,161.0,161.5,161.35,159.14,160.87,2.8600000000000136,0.8978085513866557,63300,True,False
ASII.JK,4630.0,4580.0,4622.0,4692.0,4791.5,4859.2,4928.1,27.91999999999998,1.436209904875269,34548100,False,False
ASHA.JK,42.0,41.333333333333336,41.6,46.3,51.4,55.58,57.35,14.246666666666663,5.5084181015590294,6291100,False,False
ASGR.JK,2520.0,2496.6666666666665,2360.0,2232.0,2182.5,2016.9,1803.5,50.30999999999999,4.797607116624632,4521400,False,False
ASDM.JK,505.0,505.0,504.0,508.0,512.5,512.16,503.2999584960937,1.7,0.7730127937324415,700,True,False
ASBI.JK,386.0,390.0,391.2,392.4,396.4,407.68,408.48305541992187,10.840000000000003,1.330157190789421,2900,False,False
ARTO.JK,755.0,775.0,793.0,834.5,905.25,1053.7,1068.9,59.74000000000001,1.1163634866979144,25358600,False,False
ARTA.JK,1920.0,1881.6666666666667,1955.0,2036.5,2158.25,2280.1,2338.5,79.68666666666664,4.531261057035298,132800,False,False
ARNA.JK,515.0,518.3333333333334,521.0,519.8,514.9,502.96,475.22,3.608000000000004,2.1139372877774356,15560100,True,True
ARKO.JK,2660.0,2993.3333333333335,3122.0,3515.0,3973.0,4584.5,5067.75,192.45,5.460070334959205,6142300,False,False
ARKA.JK,22.0,22.0,22.0,22.0,22.0,22.0,23.65,0.0,0.0,0,True,False
ARII.JK,320.0,326.6666666666667,328.8,325.6,313.4,295.4,286.06,16.700000000000017,3.1442091863177963,21800,False,False
ARGO.JK,1185.0,1173.3333333333333,1211.0,1210.5,1187.5,1171.1,1038.85,7.980000000000018,5.086484242531806,737200,False,False
AREA.JK,308.0,305.3333333333333,308.0,314.0,320.8,306.68,273.2,7.7333333333333485,1.9043977432371688,1321000,False,False
ARCI.JK,1240.0,1226.6666666666667,1231.0,1276.0,1303.0,1260.7,1169.9538500976562,15.266666666666652,2.4818617827985956,15789000,False,False
APLN.JK,102.0,104.0,106.4,113.4,121.3,127.38,130.45,25.379999999999995,2.8829965221827623,37442400,False,False
APLI.JK,270.0,273.3333333333333,274.0,275.4,278.9,267.84,255.6771760559082,5.530000000000001,2.672312760929938,47600,True,False
APII.JK,190.0,190.66666666666666,191.4,195.7,194.9,190.84,185.07241760253908,5.699999999999989,3.266109621195751,348600,True,False
APIC.JK,400.0,400.6666666666667,400.4,402.2,429.1,517.64,686.62,58.81999999999999,1.16699533286368,1228400,False,False
APEX.JK,172.0,171.0,172.4,176.8,188.3,180.74,158.09,17.30000000000001,2.285713090371454,3501400,False,False
ANTM.JK,3140.0,3153.3333333333335,3144.0,3191.0,3205.5,3116.0,2978.966535644531,8.95,2.403589180445308,27387000,False,False
ANJT.JK,1500.0,1540.0,1546.0,1564.0,1579.0,1544.2,1537.7,15.8,1.6210286212730547,15100,False,False
ANDI.JK,22.0,21.0,23.4,22.3,21.65,19.08,18.6,4.32,14.463837152163004,50633400,False,False
AMRT.JK,1265.0,1293.3333333333333,1306.0,1304.5,1302.0,1338.5,1343.7660693359376,14.7,1.6201783636194869,37296300,False,False
AMOR.JK,362.0,357.3333333333333,355.6,360.4,365.3,359.2,345.38,4.849999999999994,1.3904148724657865,101300,True,False
AMMS.JK,208.0,210.0,208.0,208.8,213.9,219.04,280.1,5.519999999999996,3.3642186725958556,90300,True,False
AMMN.JK,4240.0,4373.333333333333,4426.0,4582.0,4718.0,4454.6,3978.4,47.8,2.317981156014372,83889600,False,False
AMIN.JK,256.0,255.33333333333334,256.8,263.8,254.0,247.48,249.0,8.16000000000001,2.7276615358829717,16800,False,False
AMFG.JK,3200.0,3200.0,3196.0,3212.0,3260.0,3294.2,3149.0251025390626,9.819999999999983,1.6042758869263436,5300,False,False
AMAR.JK,226.0,225.33333333333334,225.2,229.2,231.3,225.17751251220704,207.9246923828125,3.0612437438964832,0.9934840313664116,19000,True,False
AMAN.JK,195.0,196.33333333333334,195.0,204.9,215.85,231.58,244.83,36.58000000000001,2.498850315048503,77400,False,False
AMAG.JK,388.0,384.6666666666667,385.6,386.2,387.1,387.8,389.64,1.6666666666666572,0.6211838866089223,35000,True,False
ALKA.JK,4570.0,5415.0,6209.0,6804.5,6311.5,4357.7,2476.87,244.68,7.169410818427576,183700,False,False
ALII.JK,700.0,695.0,695.0,705.0,735.5,761.2,769.5086700439454,13.240000000000009,2.1314330474804435,297300,False,False
ALDO.JK,1270.0,1185.0,1142.0,1049.0,998.75,927.3,811.2197528076172,68.54,8.424363808512195,422100,False,False
AKSI.JK,342.0,341.3333333333333,355.6,372.6,355.4,285.0,254.2,43.80000000000001,6.8051940298996705,710200,False,False
AKRA.JK,1460.0,1453.3333333333333,1451.0,1457.5,1477.75,1433.0785009765625,1347.7355041503906,8.934299804687498,1.2134055260984622,16910600,False,False
AKPI.JK,505.0,505.0,509.0,510.0,523.5,513.58,502.29604888916015,3.7,1.3806277770175428,22000,True,False
AKKU.JK,40.0,39.666666666666664,39.0,39.5,38.75,38.3,38.15,1.7000000000000028,13.38886569298103,20972500,False,False
AISA.JK,113.0,114.33333333333333,115.4,119.4,118.1,118.12,111.49,6.400000000000006,4.615399669106684,2536400,False,False
AIMS.JK,710.0,673.3333333333334,590.8,538.6,519.05,450.04,424.14,51.992,9.918801297939218,2120500,False,False
AHAP.JK,92.0,91.0,91.4,90.81666641235351,94.56041641235352,95.82416656494141,92.0920832824707,5.007500152587895,10.316830128967618,32063300,False,False
AGRS.JK,57.0,57.666666666666664,57.6,57.8,59.25,60.56,61.25,3.5600000000000023,3.5626619657331484,2560400,True,False
AGRO.JK,135.0,134.33333333333334,134.2,137.8,143.5,146.48,149.29,12.280000000000001,1.6431833102738986,2343100,False,False
AGII.JK,3290.0,3383.3333333333335,3386.0,3452.0,3322.0,3082.6,2932.3352734375,36.94000000000001,1.8075619653127841,198900,False,False
AGAR.JK,1550.0,1668.3333333333333,1700.0,2038.0,2006.75,1602.5,935.81,97.6,14.220434830297993,685400,False,False
AEGS.JK,48.0,47.333333333333336,47.0,47.7,48.8,45.6,43.84,3.1999999999999957,3.4972186936703302,2703100,True,True
ADRO.JK,2500.0,2446.6666666666665,2480.0,2539.0,2595.0,2582.4,2461.9,14.833333333333348,2.1552505902135746,29874800,False,False
ADMR.JK,1465.0,1455.0,1476.0,1505.5,1555.0,1586.4,1545.55,26.28000000000002,1.845369274685986,12963000,False,False
ADMG.JK,228.0,226.66666666666666,230.8,238.4,249.1,247.52,225.32,11.216666666666669,1.9109978130760923,34900,False,False
ADMF.JK,8300.0,8275.0,8350.0,8530.0,8621.25,8623.0,8406.5,13.92,1.7972442131931183,86900,False,False
ADHI.JK,133.0,133.0,133.0,133.0,133.0,139.36,151.37,6.360000000000014,0.0,0,False,False
ADES.JK,35600.0,35783.333333333336,35990.0,34457.5,33143.75,33380.0,30493.25,113.85,4.154566904371572,26700,False,False
ADCP.JK,50.0,50.0,50.0,50.0,50.0,50.0,50.0,0.0,0.0,0,True,False
ACST.JK,90.0,90.33333333333333,89.6,94.8,102.45,92.68,85.9,12.850000000000009,6.376275291292449,208200,False,False
ACRO.JK,51.0,51.333333333333336,50.4,55.6,60.45,61.74,61.00737407684326,11.340000000000003,5.667371681724504,7669400,False,False
ACES.JK,322.0,326.6666666666667,332.8,338.4,345.8,352.08,341.08614471435544,15.039999999999992,1.4754646226044026,28765500,False,False
ABMM.JK,2610.0,2583.3333333333335,2580.0,2643.0,2742.0,2690.0,2552.6,16.2,2.045861896233724,447200,False,False
ABDA.JK,4910.0,4913.333333333333,4916.0,4938.0,4940.0,4220.0,3798.8,72.0,0.4374862253772188,300,False,False
ABBA.JK,30.0,30.0,30.0,30.0,30.0,30.0,31.53,0.0,0.0,0,True,False
AALI.JK,8250.0,8050.0,7955.0,7945.0,8240.0,7797.0,7092.0,18.12,2.8419647630990674,2493500,False,False
AADI.JK,11550.0,11216.666666666666,11265.0,11275.0,11720.0,10473.5,9291.982265625,49.86,2.976190518807183,8320600,False,False
