Ticker,Close,MA3,MA5,MA10,MA20,MA50,MA100,Range_Ticks,Vol_Pct,Volume,MA_Tight,Signal
ZYRX.JK,128.0,127.33333333333333,126.8,127.0,127.8,127.84,128.82,1.2000000000000028,1.2007732639863564,436200,True,False
ZONE.JK,615.0,618.3333333333334,622.0,645.5,674.5,710.9,583.461657409668,19.179999999999996,1.440711084393989,44600,False,False
ZINC.JK,30.0,30.0,30.0,30.0,30.0,30.0,30.0,0.0,0.0,0,True,False
YUPI.JK,1225.0,1220.0,1228.0,1241.5,1268.75,1299.4913696289063,1325.84224609375,15.898273925781268,0.8415118402032311,2700,False,False
YULE.JK,3600.0,3580.0,3572.0,3568.0,3600.0,3533.2,3439.7,6.680000000000018,1.7087759076224587,900,False,False
YPAS.JK,1275.0,1223.3333333333333,1224.0,1180.0,1255.5,1180.6,907.35,19.0,9.315733216908802,106900,False,False
YOII.JK,75.0,75.0,75.0,75.1,78.6,81.18,82.5,6.180000000000007,2.452869514926693,1680700,False,False
YELO.JK,80.0,80.66666666666667,78.2,77.4,85.1,89.46,82.02,12.059999999999988,6.27686172362062,6537500,False,False
WTON.JK,74.0,72.33333333333333,70.0,70.2,74.0,77.02,76.01763381958008,7.019999999999996,3.5074548636287775,3631600,False,False
WSBP.JK,14.0,14.0,14.0,14.0,14.0,14.0,14.19,0.0,0.0,0,True,False
WOWS.JK,51.0,51.666666666666664,51.0,50.1,52.6,56.92,58.03,6.82,6.3634352367953255,1492800,False,False
WOOD.JK,186.0,183.66666666666666,183.8,187.2,192.7,206.68,217.1,23.01333333333335,3.4239795914017477,468500,False,False
WOMF.JK,280.0,280.0,276.0,274.6,277.5,273.96,266.8,3.0200000000000102,1.3667518519717572,28600,True,False
WMUU.JK,31.0,31.333333333333332,30.4,36.5,43.25,48.68,50.57,18.28,8.391224268852286,60721700,False,False
WIRG.JK,60.0,59.333333333333336,58.0,59.0,67.05,67.46,62.08,9.459999999999994,3.7031016769515346,31555700,False,False
WINS.JK,580.0,580.0,575.0,568.0,578.0,547.6,530.362670288086,6.479999999999995,3.0589110166998577,348800,False,False
WINR.JK,27.0,26.333333333333332,25.6,26.2,26.05,24.04,23.26,2.960000000000001,7.140034605659208,19012800,False,False
WINE.JK,128.0,127.33333333333333,127.4,127.9,128.95,133.64,143.37924102783202,6.306666666666658,1.1496976789269007,482900,False,False
WIIM.JK,1545.0,1531.6666666666667,1498.0,1506.0,1506.25,1629.1,1611.4036450195313,26.21999999999998,2.5065584581416998,555500,False,False
WIFI.JK,1425.0,1443.3333333333333,1476.0,1596.0,1760.75,1919.9,1862.100916748047,98.98000000000002,3.4429526216050492,10600700,False,False
WIDI.JK,30.0,29.0,28.6,28.1,27.9,26.78,26.41,3.219999999999999,3.2772816940513754,20939200,True,True
WGSH.JK,110.0,106.33333333333333,106.2,108.0,118.8,147.8,134.88,41.60000000000001,5.042019209165403,1977300,False,False
WEHA.JK,108.0,107.33333333333333,106.8,106.4,109.7,108.9,108.492066116333,3.299999999999997,3.731128644585185,1043500,True,False
WEGE.JK,41.0,40.0,38.6,41.2,45.65,50.34,50.31,11.740000000000002,6.341653819541684,7725300,False,False
WAPO.JK,318.0,332.0,340.0,346.0,281.35,199.22,157.0,73.39,8.526426568092589,2731600,False,False
VTNY.JK,58.0,58.333333333333336,58.6,60.0,67.8,71.38,65.78,13.379999999999995,6.447468746697928,30190000,False,False
VRNA.JK,78.0,76.66666666666667,75.4,75.6,82.05,80.34,77.73,6.6499999999999915,3.2845726331529925,288500,False,False
VOKS.JK,262.0,264.6666666666667,267.2,262.2,271.4,244.0,222.44,13.699999999999989,4.92169673491237,67300,False,False
VKTR.JK,660.0,665.8954264322916,667.07451171875,684.6318481445312,731.8159240722656,805.4263696289063,729.6431848144531,29.08527392578126,7.532161770723916,55205700,False,False
VIVA.JK,43.0,42.333333333333336,41.8,42.3,42.1,46.82,40.38,5.020000000000003,12.271256505840224,240388100,False,False
VISI.JK,1070.0,1061.6666666666667,1063.0,1153.0,1158.0,1027.2,978.0,26.15999999999999,6.093237441011972,249000,False,False
VINS.JK,139.0,139.66666666666666,139.6,140.8,143.45,142.56,140.15,4.449999999999989,0.8856437179196156,107100,True,False
VICO.JK,154.0,152.66666666666666,151.8,154.79529418945313,158.82647094726562,147.1416458129883,139.66682250976564,11.684825134277332,2.765070439921883,26900,False,False
VICI.JK,1095.0,1065.0,1020.0,984.5,1052.5,845.0,712.1727230834961,50.0,5.706388535417404,5507900,False,False
VERN.JK,216.0,195.33333333333334,189.0,208.5,219.65,222.74,183.73,16.870000000000005,7.8144239424579345,14604300,False,False
VAST.JK,106.0,105.33333333333333,103.8,106.1,112.05,113.48,115.2,9.680000000000007,3.3434813238429824,1232800,False,False
UVCR.JK,280.0,277.3333333333333,272.4,248.3,208.85,171.88,171.89473449707032,54.06,6.4240683652682735,26884300,False,False
URBN.JK,320.0,308.6666666666667,302.8,296.2,263.9,234.48,220.42,42.760000000000005,4.622371546837711,219500,False,False
UNVR.JK,1600.0,1590.0,1595.0,1611.5,1621.25,1702.0,1681.2545068359375,22.4,1.102712768263744,4956000,False,False
UNTR.JK,25225.0,25323.871744791668,25491.165625,25038.8521484375,25068.395703125,24318.0381640625,23885.32294921875,46.925098437500125,3.0167186005771582,1816300,False,False
UNTD.JK,75.0,75.66666666666667,74.8,75.0,77.55,80.26,76.69,5.460000000000008,2.4378431963372367,8774200,True,False
UNSP.JK,372.0,364.6666666666667,353.6,341.4,276.2,234.08,228.14,68.96,9.002484280844541,10675300,False,False
UNIQ.JK,139.0,137.33333333333334,137.4,125.9,124.05,119.54,111.56,19.459999999999994,7.949056728053399,3887700,False,False
UNIC.JK,15000.0,15025.0,15020.0,15042.5,15051.25,14987.0,13785.602431640626,2.57,0.604189602882103,1700,True,False
ULTJ.JK,2070.0,2073.3333333333335,2068.0,2058.0,1960.5,1679.9,1545.75,39.34333333333334,0.8143262530023614,9712500,False,False
UFOE.JK,143.0,142.33333333333334,141.0,140.7,142.25,141.98,139.16,2.3000000000000114,1.9631404071966594,49700,True,False
UDNG.JK,418.0,412.0,402.0,442.9,481.0,923.3,1119.85,260.65,6.53076973455084,1635600,False,False
UCID.JK,496.0,490.6666666666667,486.4,486.0,495.0,472.86,424.1291882324219,11.569999999999993,1.1830374841674742,66600,False,False
UANG.JK,3510.0,3596.6666666666665,3582.0,3684.0,3804.0,3131.0,2740.8,67.3,2.3167287036178337,93400,False,False
TYRE.JK,109.0,109.0,108.6,108.4,110.05,112.04,110.67,3.6400000000000006,0.6173210002284271,532800,True,False
TUGU.JK,1540.0,1533.3333333333333,1477.0,1504.0,1519.75,1390.0,1279.95,30.0,4.385509705152431,584500,False,False
TSPC.JK,2650.0,2660.0,2648.0,2644.0,2695.5,2746.4,2613.1,10.240000000000009,0.7759630632434344,187600,False,False
TRUS.JK,452.0,454.6666666666667,451.6,445.6,449.9,437.24,386.9575213623047,8.713333333333338,3.173731270943434,14100,False,False
TRUK.JK,2580.0,2580.0,2580.0,2459.5,1857.0,1179.72,793.6,140.028,8.197380393515703,0,False,False
TRUE.JK,68.0,58.666666666666664,52.6,53.8,57.5,53.0,58.92,15.399999999999999,14.82485166772139,953558800,False,False
TRST.JK,492.0,486.0,489.6,481.8,477.2,467.24,467.1485385131836,12.379999999999995,2.054746733959912,4900,False,False
TRON.JK,79.0,80.0,78.4,80.9,91.1,98.46,97.94,20.059999999999988,6.349807009865908,2280000,False,False
TRJA.JK,119.0,119.0,119.8,122.4,126.0,122.2,117.77,7.0,2.8507650853856217,234800,False,False
TRIS.JK,169.0,169.66666666666666,169.6,170.3,171.0,170.47849731445314,166.16572357177733,2.0,0.9989835936116581,1308800,True,True
TRIN.JK,282.0,275.3333333333333,265.2,265.4,322.7,330.28,362.64,32.53999999999999,8.922416076214658,23172800,False,False
TRIM.JK,785.0,786.6666666666666,783.0,788.0,794.5,690.5,613.5316821289063,20.8,2.822105282621559,66000,False,False
TRGU.JK,162.0,161.33333333333334,161.6,163.9,167.7,169.14,170.24,7.8066666666666436,1.8023376891210303,4700,False,False
TPMA.JK,448.0,450.6666666666667,448.4,452.0,464.0,464.88,452.98,8.439999999999998,0.9101688148119733,400700,False,False
TPIA.JK,1750.0,1746.6666666666667,1734.0,1747.0,1801.5,1942.1,1975.8695361328125,41.61999999999998,1.9369897626570238,30650800,False,False
TOWR.JK,420.0,420.6666666666667,416.4,404.2,418.0,423.24,400.9515905761719,9.52000000000001,2.2294246179548876,14011800,False,False
TOTO.JK,240.0,240.0,240.0,240.4,241.0,237.92,236.2683888244629,1.5400000000000063,0.6120898307682818,461800,True,False
TOTL.JK,1525.0,1526.6666666666667,1527.0,1537.5,1548.0,1452.7,1251.25,19.05999999999999,2.352407247172398,326300,False,False
TOSK.JK,82.0,81.66666666666667,79.4,79.1,81.1,76.12,67.67,5.8799999999999955,4.1595724759908945,11882400,False,False
TOOL.JK,56.0,55.666666666666664,54.8,56.7,63.95,65.94,65.37,11.14,7.032860353156231,3354300,False,False
TOBA.JK,474.0,476.6666666666667,471.2,478.1,503.05,522.82,470.89,25.81000000000003,2.1235121336431337,3207100,False,False
TNCA.JK,178.0,177.66666666666666,175.6,171.6,176.85,170.5,158.6,7.5,3.7969326546685473,181500,False,False
TMPO.JK,167.0,170.0,169.0,171.1,163.15,167.26,136.7,7.949999999999989,4.9723973997776465,7198400,False,False
TMAS.JK,129.0,129.33333333333334,125.4,126.4,135.85,134.22,124.87268913269043,10.449999999999989,4.46331100334126,1339100,False,False
TLKM.JK,2320.0,2296.6666666666665,2278.0,2324.0,2454.0,2558.8,2584.8061791992186,28.08000000000002,1.588990505833009,84760700,False,False
TLDN.JK,605.0,600.0,594.0,590.5,603.75,586.4,551.47,3.7200000000000046,1.950429205300383,375700,True,False
TKIM.JK,7325.0,7308.333333333333,7180.0,7172.5,7408.75,7549.0,6648.811831054688,15.06,2.1608766302854785,465100,False,False
TIRT.JK,590.0,590.0,590.0,590.0,590.0,590.0,561.8,0.0,0.0,0,True,False
TIRA.JK,308.0,302.0,315.2,341.4,367.0,407.6,498.48,52.80000000000001,4.177905504360583,1272600,False,False
TINS.JK,4620.0,4640.0,4628.0,4649.0,4688.0,4264.2,3803.427263183594,42.38000000000002,2.0395548984854175,16564400,False,False
TIFA.JK,310.0,321.3333333333333,321.2,309.0,310.1,321.48,296.3382095336914,6.240000000000009,8.967467759315673,275500,False,False
TGKA.JK,4870.0,4863.333333333333,4892.0,4893.0,4942.75,4959.6,4866.905703125,9.626666666666733,1.3331980468818803,400,False,False
TFCO.JK,845.0,845.0,837.0,845.0,830.0,830.0,741.15,3.0,10.550434211295578,57500,False,False
TFAS.JK,184.0,181.33333333333334,179.4,180.1,184.3,186.18,191.57,6.780000000000001,3.767454916730976,91900,False,False
TEBE.JK,2690.0,2690.0,2690.0,2473.0,2157.0,1707.9,1362.2,98.21,7.233877278782056,0,False,False
TCPI.JK,1285.0,1320.0,1347.0,1479.0,1585.0,2607.6,5420.84189453125,264.52,6.51290724755477,1119200,False,False
TCID.JK,2440.0,2476.6666666666665,2510.0,2484.0,2534.5,2620.8,2703.0,18.08000000000002,2.755393313790086,9500,False,False
TBMS.JK,1200.0,1198.3333333333333,1200.0,1202.5,1216.75,1208.9,1214.6290075683594,3.6833333333333487,1.3290709546288044,1600,True,False
TBLA.JK,610.0,608.3333333333334,604.0,603.0,613.75,622.1,609.3514651489257,3.8200000000000047,1.2897328890204716,247100,True,False
TBIG.JK,1420.0,1426.6666666666667,1431.0,1445.5,1451.5,1445.7,1422.7537133789062,6.3,1.3930142917440298,16500,False,False
TAYS.JK,50.0,50.0,50.0,50.0,50.0,50.0,50.25,0.0,0.0,0,True,False
TAXI.JK,14.0,14.666666666666666,14.4,15.3,14.95,14.36,13.95,1.3000000000000007,12.91342440146698,111774400,False,False
TARA.JK,40.0,38.0,35.8,35.1,33.1,31.18,30.36,8.82,9.729121168359375,50283800,False,False
TAPG.JK,2010.0,2003.3333333333333,1973.0,1978.5,2082.25,2002.4213500976562,1729.9400268554687,10.925,1.6880283760245811,2714400,False,False
TAMU.JK,27.0,26.333333333333332,25.6,27.1,26.75,25.56,22.76,1.5400000000000027,13.741477635266211,4799700,False,False
TAMA.JK,195.0,194.33333333333334,190.6,189.9,192.35,217.66,196.38,27.75999999999999,4.473445571349505,196600,False,False
TALF.JK,650.0,656.6666666666666,661.0,664.0,679.0,733.3,694.6292950439453,16.65999999999999,2.5844110520943198,34200,False,False
SWID.JK,107.0,106.66666666666667,104.8,103.1,113.15,112.32,102.05609802246094,10.050000000000011,7.77536223822276,1764000,False,False
SURI.JK,85.0,84.33333333333333,82.6,81.0,82.9,79.42,72.14,5.579999999999998,3.634026096613478,3291700,True,True
SURE.JK,3000.0,3000.0,3006.0,3036.0,3031.5,2859.2,2820.7,17.680000000000017,2.4129832646462788,7600,False,False
SUPA.JK,490.0,490.0,490.0,491.2,495.35,530.64,593.77,20.319999999999993,1.3435950178820342,2404300,False,False
SUNI.JK,635.0,628.3333333333334,629.0,647.5,664.75,693.7,661.9341381835937,13.073333333333334,3.371125793083661,138700,False,False
SULI.JK,78.0,77.66666666666667,76.4,76.3,81.45,87.62,84.65,11.320000000000007,4.378386479955572,405800,False,False
STTP.JK,9000.0,8916.666666666666,8915.0,8980.0,9187.5,9419.5,9607.25,20.18,1.4944434609147839,1700,False,False
STRK.JK,64.0,61.666666666666664,56.8,53.5,58.9,62.18,68.44,10.5,10.44267228155925,19562600,False,False
STAR.JK,410.0,412.0,386.4,365.4,377.1,370.8,353.36,23.30000000000001,10.227875446678656,126500,False,False
STAA.JK,1245.0,1246.6666666666667,1228.0,1210.0,1203.0,1169.5,1082.8617321777344,15.433333333333348,1.426423211953983,2359400,False,False
SSTM.JK,420.0,421.3333333333333,417.2,427.2,442.2,436.98,429.89,12.5,2.081081334867712,7900,False,False
SSMS.JK,1070.0,1065.0,1059.0,1063.5,1090.75,1026.8,925.4,12.79000000000001,1.5805526248071178,7726800,False,False
SSIA.JK,1735.0,1743.3333333333333,1717.0,1701.0,1702.0,1733.3,1662.9887194824219,8.46666666666665,2.4575223947577,3418700,False,False
SRTG.JK,1760.0,1751.6666666666667,1741.0,1756.0,1776.5,1806.5,1675.3547729492188,13.1,1.844421693441847,437200,False,False
SRSN.JK,143.0,142.0,137.8,132.1,122.5,96.22,80.99,46.78,5.573046857852292,132506100,False,False
SRAJ.JK,13000.0,13000.0,13000.0,13000.0,13256.25,13248.0,12490.75,10.25,0.0,1300,False,False
SQMI.JK,104.0,100.33333333333333,96.6,93.2,95.5,81.18,65.27,22.819999999999993,5.139449497997849,533027300,False,False
SPTO.JK,610.0,608.3333333333334,606.0,605.0,605.25,607.4,581.1390325927734,1.0,0.611676405493196,170800,True,False
SPRE.JK,91.0,91.33333333333333,90.8,90.6,93.85,91.8,85.18,3.25,2.87993981520852,3721700,True,True
SPMA.JK,166.0,164.33333333333334,162.8,163.0,166.5,166.14,163.65076889038085,3.6999999999999886,1.3750332813887363,59500,True,False
SOUL.JK,37.0,37.0,37.0,37.0,37.0,37.0,37.38,0.0,0.0,0,True,False
SOTS.JK,635.0,626.6666666666666,575.8,551.4,570.7,601.48,628.44,16.720000000000006,9.303463879616418,1109000,False,False
SOSS.JK,965.0,985.0,996.0,1043.5,990.75,922.7,875.4,24.15999999999999,13.738904947858666,11700,False,False
SONA.JK,3250.0,3240.0,3542.0,3323.0,2822.5,2635.6,2410.637060546875,90.64000000000001,13.27059374538865,37700,False,False
SOLA.JK,78.0,76.33333333333333,74.8,74.6,81.75,88.62,96.5,14.02000000000001,5.102213924098649,1693700,False,False
SOHO.JK,1350.0,1346.6666666666667,1319.0,1338.0,1452.75,1327.3,1295.25,26.75,2.617307583495648,40500,False,False
SOFA.JK,224.0,232.0,249.6,278.8,313.5,299.64,282.6,44.75,5.517989130601951,13710400,False,False
SOCI.JK,620.0,621.6666666666666,627.0,629.0,638.0,573.44,461.62696838378906,12.911999999999988,2.9585398822293487,2782400,False,False
SNLK.JK,244.0,240.0,238.0,237.6,241.3,233.16,231.32,5.420000000000002,2.9161936984956336,8732100,True,True
SMSM.JK,1695.0,1691.6666666666667,1684.0,1681.5,1699.5,1717.9,1681.7842724609375,7.280000000000018,0.6412638130658104,472800,False,False
SMRA.JK,238.0,239.33333333333334,238.0,244.4,268.8,302.8,296.34331039428713,32.400000000000006,1.499723302183731,7767100,False,False
SMMT.JK,3220.0,3306.6666666666665,3290.0,3326.0,3094.5,2444.7,2117.15,88.13000000000002,8.0355956293324,234100,False,False
SMMA.JK,20150.0,20066.666666666668,20040.0,20030.0,20023.75,20058.0,20332.0,5.05,0.4722122457998921,600,True,False
SMLE.JK,314.0,314.0,305.6,289.8,252.8,203.56,156.14,55.22,6.803156989930219,13746300,False,False
SMKM.JK,96.0,95.66666666666667,93.6,90.8,95.1,93.84,82.26,5.200000000000003,3.9495298637128506,24637000,False,False
SMKL.JK,152.0,150.33333333333334,148.8,148.9,152.5,150.28,144.12750045776366,3.6999999999999886,2.3258964638352526,11400,True,False
SMIL.JK,478.0,471.3333333333333,461.2,449.0,440.3,418.48,353.0,29.75999999999999,2.2143301395601886,44292200,False,False
SMGR.JK,1550.0,1536.6666666666667,1513.0,1522.5,1570.0,1575.5,1573.04115234375,12.5,3.0369130544066927,3608600,False,False
SMGA.JK,88.0,87.33333333333333,86.6,84.4,85.65,81.5,75.0,6.5,3.384602843580472,2702000,False,False
SMDR.JK,420.0,415.3333333333333,406.8,399.6,397.2,348.0887658691406,313.5437324523926,35.95561706542969,2.8816991148252136,22098000,False,False
SMDM.JK,476.0,481.3333333333333,484.4,490.1,514.3,538.62,539.37,31.310000000000002,2.223663964506035,12000,False,False
SMBR.JK,150.0,150.66666666666666,149.2,151.7,161.4,166.0,161.54652694702148,16.80000000000001,3.2826083256526353,488700,False,False
SMAR.JK,8225.0,8575.0,8290.0,7442.5,6840.0,6336.0,5620.705952148437,89.56,8.935301754045069,120900,False,False
SLIS.JK,75.0,75.0,73.4,73.5,79.65,82.06,72.89,8.659999999999997,4.790352701309037,11548600,False,False
SKRN.JK,394.0,392.6666666666667,401.6,408.4,411.2,402.16,388.85857055664064,9.266666666666652,2.591889858644018,17800,False,False
SKLT.JK,198.0,195.0,196.2,198.4,204.1,206.42,196.37,11.419999999999987,2.4696073377069223,29700,False,False
SKBM.JK,494.0,494.0,491.6,496.3,514.65,531.06,537.37,19.72999999999996,1.7074107535588152,29200,False,False
SIPD.JK,795.0,788.3333333333334,778.0,796.5,846.75,810.7,771.85,13.75,4.665212170459871,7300,False,False
SINI.JK,16300.0,16475.0,16715.0,17507.5,16390.0,12057.5,10371.436298828125,218.0,4.645600671863493,2470700,False,False
SIMP.JK,575.0,576.6666666666666,571.0,573.0,593.75,602.8,567.1241058349609,6.3599999999999905,2.134442672948619,1877700,False,False
SILO.JK,1900.0,1915.0,1955.0,1980.5,2004.0,2138.8,2190.35,47.76000000000003,2.2676022592698533,241600,False,False
SIDO.JK,352.0,352.6666666666667,350.0,349.4,350.4,352.6,367.14,1.6333333333333542,0.7855437380675332,6813200,True,False
SICO.JK,115.0,116.33333333333333,114.4,112.4,113.45,112.22,109.29,4.11333333333333,3.1458286879937547,2912700,True,True
SHIP.JK,2550.0,2563.3333333333335,2592.0,2594.0,2633.0,2397.4,2042.5,23.55999999999999,1.280230725620466,61700,False,False
SHID.JK,655.0,666.6666666666666,673.0,714.5,740.25,654.7,647.75,17.109999999999992,10.227783737769963,94300,False,False
SGRO.JK,4340.0,4316.666666666667,4340.0,4366.0,4523.0,4540.3,3666.8088061523435,22.363333333333323,3.189190828976541,1400,False,False
SGER.JK,765.0,765.0,755.0,745.0,724.5,611.22,490.39,30.755999999999993,1.5825978219030157,31450200,False,False
SFAN.JK,1995.0,1991.6666666666667,1990.0,1992.5,2007.25,2008.1,1985.25,3.619999999999982,0.30027348199135573,20200,True,False
SEMA.JK,440.0,456.0,452.0,400.8,312.65,187.48,141.97,134.26,12.653271229714921,10085300,False,False
SDRA.JK,202.0,204.66666666666666,205.2,205.0,208.6,215.84,216.3,6.920000000000002,1.304204610042106,273600,False,False
SDPC.JK,196.0,196.66666666666666,194.0,192.0,193.75,191.52,185.48181823730468,5.146666666666647,2.8198087617485625,443300,True,False
SDMU.JK,69.0,69.33333333333333,67.0,67.4,78.9,82.42,80.22,15.420000000000002,6.623203933095141,12743400,False,False
SCNP.JK,166.0,164.66666666666666,163.4,162.8,160.65,156.4,152.2645640563965,9.599999999999994,1.4154231543823728,57600,False,False
SCMA.JK,180.0,180.0,176.6,173.6,182.2,195.34,200.77111053466797,21.74000000000001,2.1648875462559674,12901200,False,False
SCCO.JK,2710.0,2700.0,2698.0,2650.0,2672.0,2485.6,2362.0417822265626,22.44000000000001,1.5635134718216794,22600,False,False
SBMA.JK,110.0,109.33333333333333,109.2,109.5,111.1,109.28,108.63,1.8999999999999915,2.06702512599222,108200,True,False
SATU.JK,240.0,240.0,240.4,240.8,241.3,248.96,258.68,4.480000000000004,1.1770644691778243,1202200,True,False
SAPX.JK,426.0,431.3333333333333,427.2,394.2,394.3,294.64,253.48,68.34666666666666,11.166312032909206,1184500,False,False
SAMF.JK,340.0,343.3333333333333,337.2,322.6,319.3,301.88,288.9871376037598,20.72666666666666,7.413230983796883,273400,False,False
SAME.JK,292.0,292.0,291.6,290.8,293.8,299.0,308.16,4.099999999999994,1.2355034968447003,28500,True,False
SAGE.JK,33.0,32.0,31.2,32.4,31.55,31.32,30.01,1.8000000000000007,8.234323510002056,22933000,False,False
SAFE.JK,755.0,735.0,717.0,650.1,809.55,653.28,493.68,31.889999999999986,15.59980606839473,668300,False,False
RUNS.JK,74.0,70.66666666666667,68.4,66.1,68.0,66.1,69.94,7.900000000000006,4.487355290815467,11811300,False,False
RUIS.JK,198.0,195.66666666666666,194.8,193.5,198.45,202.8,193.1971875,9.300000000000011,1.7865356702257869,1216700,False,False
RSCH.JK,575.0,570.0,562.0,524.0,480.8,394.52,339.74,36.096000000000004,3.4284737303077315,13945500,False,False
ROTI.JK,570.0,568.3333333333334,564.0,567.5,575.75,582.2,583.2,3.640000000000009,0.9083120160204519,81800,True,False
RONY.JK,1505.0,1503.3333333333333,1480.0,1482.5,1458.5,1367.1,1241.85,27.58000000000002,4.865187090372582,2500,False,False
RODA.JK,42.0,41.333333333333336,39.8,43.3,53.5,59.98,59.21,20.18,8.448405528915012,18350300,False,False
ROCK.JK,2800.0,3216.6666666666665,2996.0,2533.5,2267.75,2104.6,1940.35,111.20666666666666,15.909349307819864,468400,False,False
RMKO.JK,270.0,271.3333333333333,270.8,276.0,301.9,299.72,313.4,15.949999999999989,6.285242156115024,756400,False,False
RMKE.JK,344.0,341.3333333333333,338.0,354.2,379.7,401.88,437.24779541015624,31.939999999999998,3.270091433286842,22550300,False,False
RLCO.JK,4100.0,4143.333333333333,4130.0,4087.0,4190.5,4497.2,3875.3,41.01999999999998,1.4540380293712674,86700,False,False
RISE.JK,590.0,596.6666666666666,600.0,634.5,715.5,839.3,949.8,49.85999999999999,5.235226069797784,447100,False,False
RIGS.JK,630.0,633.3333333333334,636.0,630.5,637.75,667.2,673.05,7.440000000000009,0.9077320631769602,32300,False,False
RICY.JK,67.0,68.33333333333333,67.0,67.2,72.75,76.72,76.94,9.719999999999999,5.884179372993889,559900,False,False
RGAS.JK,92.0,92.0,91.4,93.0,100.7,158.52,159.74312622070312,67.12,3.6463868095247474,10746400,False,False
RELI.JK,550.0,536.6666666666666,529.0,528.5,546.0,525.42,508.24,4.916000000000008,3.6545142471242733,1200,True,False
RELF.JK,41.0,38.666666666666664,37.0,37.8,38.8,36.86,35.96,4.140000000000001,5.076101997232815,2742600,False,False
REAL.JK,49.0,45.333333333333336,41.6,42.3,46.15,49.06,49.708187675476076,7.460000000000001,10.618385748978627,336289100,False,False
RDTX.JK,12800.0,13016.666666666666,13080.0,13152.5,13211.25,13432.0,13896.10771484375,25.28,2.3299843704386576,8800,False,False
RCCC.JK,104.0,103.66666666666667,104.0,105.7,109.45,107.7,99.82,5.783333333333331,1.2693961505539826,5700,True,False
RBMS.JK,48.0,45.666666666666664,44.8,46.5,53.6,59.64,60.57,14.840000000000003,7.241597638797356,13203600,False,False
RATU.JK,4140.0,4196.666666666667,4148.0,4103.0,4219.0,4478.9,4662.324052734375,37.58999999999996,2.3464500051251234,1972300,False,False
RANC.JK,550.0,546.6666666666666,545.0,546.5,548.25,534.8,529.62,3.040000000000009,1.6073523439235053,400,True,False
RALS.JK,376.0,378.0,376.8,378.8,383.1,382.52,381.1355554199219,3.5500000000000114,0.7539096844468195,610000,True,False
RAJA.JK,680.0,680.0,666.0,666.0,713.25,792.1,780.2203546142578,25.220000000000006,2.6698192850955857,19357100,False,False
RAAM.JK,160.0,158.0,156.8,162.6,168.9,183.12,193.23,26.319999999999993,4.063001546789095,246300,False,False
PZZA.JK,188.0,180.66666666666666,178.4,178.8,183.05,184.66,185.16,9.599999999999994,2.4963057832350533,2611500,False,False
PYFA.JK,228.0,221.33333333333334,212.2,211.9,228.95,230.3,220.75,9.200000000000003,6.134965317574226,9119100,False,False
PWON.JK,260.0,260.6666666666667,258.0,260.0,265.1,265.96,262.27612762451173,3.9799999999999898,2.3062888430977804,6920600,True,False
PURI.JK,146.0,144.66666666666666,143.2,144.3,152.75,147.4,141.49,9.550000000000011,2.904830162808667,552200,False,False
PURA.JK,36.0,36.666666666666664,36.2,35.6,33.9,32.84,32.64,3.826666666666661,8.758988905715528,28026700,False,False
PUDP.JK,266.0,264.6666666666667,263.6,264.2,268.1,280.88,290.2500653076172,8.639999999999986,2.5851170617718946,4400,False,False
PTSP.JK,1140.0,1130.0,1129.0,1151.5,1191.5,1085.4,985.75,21.21999999999998,2.948490809431193,32600,False,False
PTSN.JK,384.0,382.6666666666667,382.4,389.0,397.6,331.96,287.97401290893555,32.82000000000002,3.5262217771080775,386200,False,False
PTRO.JK,5150.0,5133.333333333333,5150.0,5215.0,5268.75,5169.6,4630.9,5.4166666666666785,1.5105602732058248,18299900,True,True
PTPW.JK,1115.0,1106.6666666666667,1102.0,1112.5,1138.0,1160.2,1114.9831750488281,11.64000000000001,0.7072596614515436,11900,False,False
PTPS.JK,153.0,153.0,151.4,152.7,156.45,155.34,142.25,5.049999999999983,1.8844529651878983,418800,True,False
PTPP.JK,161.0,161.0,163.4,174.8,186.8,197.08,198.14,36.08000000000001,1.7016999800964778,0,False,False
PTMP.JK,51.0,50.666666666666664,49.4,49.7,56.4,61.38,60.47,11.980000000000004,6.9121029350890595,2023800,False,False
PTIS.JK,204.0,204.0,198.8,222.2,240.5,253.4,268.62,27.299999999999997,6.248851494760462,816200,False,False
PTBA.JK,3390.0,3353.3333333333335,3258.0,3184.0,3125.5,2756.8,2612.5615966796877,63.31999999999998,2.367102494001595,24175800,False,False
PSSI.JK,362.0,360.6666666666667,360.4,358.6,357.2,341.72,319.3519869995117,10.139999999999986,0.9537316685428892,105900,False,False
PSKT.JK,232.0,234.0,234.4,236.2,234.8,232.48,214.63,2.0999999999999943,4.440979633881646,1592300,False,False
PSGO.JK,193.0,193.66666666666666,193.4,192.8,193.35,194.58,193.89151809692382,1.7800000000000011,1.0110200330957702,204100,True,False
PSDN.JK,123.0,122.66666666666667,120.2,121.2,129.95,132.52,125.13,12.320000000000007,5.844162943453893,968500,False,False
PSAT.JK,840.0,838.3333333333334,830.0,833.5,848.0,872.6,842.65,8.520000000000005,1.3923193127633828,3300,False,False
PSAB.JK,525.0,525.0,520.0,527.5,538.4078948974609,520.7757958984375,453.85715637207034,3.6815789794921785,2.204021406029854,34499600,True,True
PRIM.JK,130.0,130.0,127.0,124.2,122.3,117.14,102.54,12.86,2.241978973091076,1366000,False,False
PRDA.JK,3020.0,2960.0,2908.0,2861.0,2841.0,2640.2,2566.0,37.98000000000002,1.4928877295860987,618600,False,False
PRAY.JK,765.0,768.3333333333334,761.0,758.5,753.5,750.3,721.35,3.6066666666666833,1.767669336243563,4600,True,False
PPRO.JK,19.0,19.333333333333332,19.4,19.1,17.25,16.76,16.47,2.639999999999997,12.102025432667112,52297600,False,False
PPRI.JK,195.0,184.0,167.2,156.1,163.2,154.84,149.85,40.16,13.575405292593967,110153000,False,False
PPRE.JK,92.0,91.66666666666667,90.8,91.6,98.15,102.2,101.7,11.400000000000006,5.679907030382566,4995300,False,False
PPGL.JK,468.0,468.0,468.0,468.0,468.0,348.92,273.32,59.53999999999999,0.0,0,False,False
POWR.JK,960.0,966.6666666666666,957.0,949.0,970.25,886.3,796.0526196289062,16.79000000000001,1.81951302510539,796300,False,False
PORT.JK,945.0,946.6666666666666,946.0,945.5,949.0,914.8,895.75,6.840000000000009,0.8080103523757296,800,False,False
POLY.JK,32.0,32.0,32.0,32.0,32.0,32.0,32.0,0.0,0.0,0,True,False
POLU.JK,15425.0,15108.333333333334,14795.0,15377.5,16197.5,15013.0,13613.25,56.1,5.267398399408519,4000,False,False
POLI.JK,885.0,878.3333333333334,877.0,885.5,902.75,849.4,817.5,10.670000000000005,3.923725397804287,23300,False,False
PNSE.JK,454.0,447.3333333333333,448.0,459.6,475.9,487.02,507.02,19.843333333333334,2.069585343276876,25100,False,False
PNLF.JK,196.0,196.66666666666666,195.0,196.7,206.35,220.18,221.5,25.180000000000007,1.4571161967857367,5243800,False,False
PNIN.JK,680.0,676.6666666666666,673.0,679.0,696.75,710.3,721.7,7.459999999999991,1.465837559108985,20700,False,False
PNGO.JK,3610.0,3480.0,3462.0,3519.0,3522.0,3527.0,3493.5,14.8,4.024576282930707,5900,False,False
PNBS.JK,44.0,43.0,41.8,43.7,46.85,48.76,49.44,6.960000000000001,5.550993587705696,3885500,False,False
PNBN.JK,825.0,826.6666666666666,828.0,836.5,859.75,885.7,885.1509246826172,12.14000000000001,0.8686427810445506,74700,False,False
PMUI.JK,104.0,100.0,99.4,100.5,102.0,99.8,89.85093017578124,4.599999999999994,5.537225880653922,14470300,False,False
PMJS.JK,139.0,138.33333333333334,139.0,136.7,140.05,132.56,119.57668243408203,7.490000000000009,2.5375820259985917,52400,False,False
PLAN.JK,73.0,72.33333333333333,70.6,67.4,66.7,53.38,45.76,19.619999999999997,4.611583628966737,1959100,False,False
PKPK.JK,6775.0,6791.666666666667,6465.0,6147.5,5304.25,4442.5,3731.35,93.96666666666668,5.715172155715372,3793100,False,False
PJHB.JK,162.0,160.0,156.8,157.4,167.15,173.46,172.69,16.659999999999997,2.690057409281809,429000,False,False
PJAA.JK,450.0,450.0,448.4,451.6,459.6,459.4,458.24,5.600000000000023,1.0525073716302453,2600,True,False
PIPA.JK,153.0,149.66666666666666,145.2,145.1,163.35,159.82,138.17,18.25,5.089970133213597,34011700,False,False
PICO.JK,164.0,160.33333333333334,157.6,158.6,167.9,161.46,146.1,10.300000000000011,2.529532237505208,7185200,False,False
PGUN.JK,9475.0,9350.0,9365.0,9450.0,9458.75,8977.0,8199.16423828125,19.92,2.71405236502411,17700,False,False
PGLI.JK,396.0,348.6666666666667,305.2,260.2,234.25,218.7,203.75,88.65,12.6008550834347,6260200,False,False
PGJO.JK,880.0,868.3333333333334,851.0,828.5,850.75,841.1,790.7,10.3,3.7156414363538213,143500,False,False
PGEO.JK,1000.0,991.6666666666666,974.0,993.0,1021.0,1035.0,977.45,12.2,2.438665780820966,3853900,False,False
PGAS.JK,1425.0,1418.3333333333333,1402.0,1415.0,1457.5,1492.7,1517.5402172851564,18.140000000000008,1.3809523513184878,6123000,False,False
PEVE.JK,328.0,324.0,325.2,320.2,314.2,319.68,319.48,6.900000000000006,1.5667891442415705,640700,False,False
PEHA.JK,294.0,284.6666666666667,283.2,285.8,288.9,284.8,270.0561636352539,5.400000000000006,2.0284711837385587,279000,True,False
PEGE.JK,128.0,132.66666666666666,134.8,137.2,134.6,119.66,114.21457321166992,17.539999999999992,2.110951204214142,17326600,False,False
PDPP.JK,322.0,326.6666666666667,323.6,319.4,327.8,319.2,292.25554153442386,4.300000000000011,2.946119401276279,58700,True,False
PDES.JK,380.0,381.3333333333333,379.2,379.0,380.0,388.08,424.8501953125,4.539999999999992,1.936515621426462,1400,True,False
PCAR.JK,70.0,70.33333333333333,66.2,61.9,53.0,46.52,42.36,23.813333333333325,7.594972156141506,11748900,False,False
PBSA.JK,795.0,780.0,766.0,772.5,761.25,784.0,753.9823400878906,6.75,2.592793795595947,455600,False,False
PBRX.JK,27.0,27.0,26.0,26.6,26.25,26.5,26.93,1.0,13.03173167442029,9130200,False,False
PBID.JK,525.0,525.0,523.0,523.0,524.0,528.3,504.9147760009766,1.059999999999991,0.6349609520696287,340400,True,False
PART.JK,127.0,125.33333333333333,122.8,118.8,112.35,107.68,103.2717512512207,19.319999999999993,4.142713485345955,53649200,False,False
PANS.JK,1640.0,1643.3333333333333,1644.0,1650.5,1647.75,1601.1,1557.6776916503907,9.880000000000019,0.7449754129808891,56700,False,False
PANR.JK,400.0,399.3333333333333,400.0,401.8,408.3,417.68,426.48470581054687,9.173333333333346,0.8130133108554849,10200,False,False
PANI.JK,4720.0,4703.333333333333,4572.0,4649.0,5016.0,5643.9,6114.906943359375,107.18999999999997,3.5228419412349847,1597600,False,False
PAMG.JK,50.0,48.666666666666664,47.4,47.2,50.9,54.1,53.68,6.899999999999999,5.255763673642521,927400,False,False
PALM.JK,276.0,276.0,274.8,277.4,284.8,289.8,300.26704559326174,7.5,1.756972831653247,2800,False,False
PADI.JK,42.0,42.666666666666664,41.6,44.2,55.15,65.04,70.84510948181152,23.440000000000005,6.4616978571381125,110429200,False,False
PADA.JK,167.0,167.33333333333334,164.6,164.1,179.3,189.84,153.64,25.74000000000001,4.7742483954927115,6766800,False,False
PACK.JK,486.0,480.6666666666667,468.8,523.4,542.2,442.48,347.3,49.860000000000014,7.944152721435792,103128800,False,False
OPMS.JK,93.0,92.66666666666667,91.8,92.5,103.15,114.64,107.51,22.840000000000003,3.9399927631372256,1298300,False,False
OMRE.JK,960.0,968.3333333333334,962.0,944.5,948.25,973.0,992.7,5.7,3.3575523261792846,600,True,False
OMED.JK,214.0,213.33333333333334,214.8,213.6,213.0,223.2,214.8926907348633,5.099999999999994,1.6558650244194426,2373100,True,False
OLIV.JK,51.0,50.666666666666664,49.6,49.9,54.2,51.68,51.39,4.600000000000001,3.286258190419317,2317100,True,False
OKAS.JK,106.0,104.33333333333333,101.8,103.2,109.55,113.58,107.05,11.780000000000001,3.6041551440272137,2963700,False,False
OILS.JK,336.0,325.3333333333333,310.8,304.0,307.0,267.6,232.64,34.19999999999999,5.747569504373466,6704400,False,False
OBMD.JK,185.0,185.0,183.8,188.3,193.2,192.02,186.5,9.399999999999977,2.178178572602896,518300,False,False
OBAT.JK,250.0,238.66666666666666,230.0,227.8,234.3,239.16,242.94001159667968,11.099999999999994,3.9722563001642204,464300,False,False
OASA.JK,246.0,247.33333333333334,243.6,248.8,268.3,302.96,302.28,29.679999999999993,2.854689546336747,3007500,False,False
NTBK.JK,70.0,68.66666666666667,66.2,67.1,74.0,81.44,78.04578178405762,15.239999999999995,5.873257777260895,10476400,False,False
NSSS.JK,740.0,745.0,731.0,720.5,752.75,853.5,720.8170495605468,26.6,3.233103412743958,1030900,False,False
NRCA.JK,560.0,558.3333333333334,546.0,540.5,550.75,546.94,497.0008517456055,3.9,2.6145572113327677,1516000,True,True
NPGF.JK,44.0,44.0,44.0,46.3,51.0,55.604551773071286,58.02513759613037,11.604551773071286,4.855384750612298,2329600,False,False
NOBU.JK,505.0,506.6666666666667,507.0,513.0,522.0,509.66,478.01,3.4,1.7970798350439021,335400,True,False
NISP.JK,1245.0,1240.0,1238.0,1244.5,1257.25,1258.6,1246.15,4.1199999999999815,0.5729402190305114,645800,True,False
NIRO.JK,164.0,163.33333333333334,163.0,164.1,170.2,164.52,157.85,7.199999999999989,2.3091766362749895,139800,False,False
NINE.JK,83.0,81.0,79.2,80.4,83.5,84.02,83.58,4.819999999999993,5.99425285056656,8399600,False,False
NIKL.JK,192.0,191.33333333333334,190.0,191.6,206.0,203.18,205.98,16.0,2.726626740116704,588000,False,False
NICL.JK,368.0,368.0,360.42011108398435,375.4815704345703,412.214533996582,449.76984375,490.58593200683595,44.67486633300783,3.744442975232397,14060300,False,False
NICK.JK,2820.0,2820.0,2820.0,2820.0,2727.0,2056.5,1551.8,76.35,2.736241644217973e-07,0,False,False
NICE.JK,344.0,342.0,336.0,337.2,349.3,318.2,290.64,15.550000000000011,2.469774430507909,1107400,False,False
NFCX.JK,1700.0,1726.6666666666667,1724.0,1717.5,1714.5,1657.5,1653.35,13.833333333333348,1.2035248501029394,5200,False,False
NETV.JK,37.0,36.333333333333336,35.0,39.1,44.55,48.26,52.32,13.259999999999998,6.832567493289654,15639800,False,False
NEST.JK,845.0,828.3333333333334,803.0,784.5,763.75,731.0,647.24,22.8,2.4365900779150387,5852600,False,False
NELY.JK,191.0,192.33333333333334,191.4,192.6,199.35,202.4,205.86633026123047,11.400000000000006,0.8407902619797273,28100,False,False
NCKL.JK,865.0,860.0,857.0,873.0,901.75,922.2,869.4589312744141,13.04000000000001,1.7487303655139674,7569200,False,False
NAYZ.JK,96.0,88.0,81.8,75.0,74.7,68.96,63.18,27.040000000000006,6.291692280506276,20940700,False,False
NATO.JK,1050.0,1041.6666666666667,1023.0,1043.0,1064.5,884.3,741.8,36.040000000000006,6.0375559090962465,119400,False,False
NASI.JK,190.0,181.0,184.6,190.2,199.05,163.68,139.77,35.370000000000005,9.394974901749361,54457800,False,False
NASA.JK,51.0,43.666666666666664,41.2,39.2,37.25,33.1,33.0,17.9,10.132350875281103,81678000,False,False
NANO.JK,29.0,27.333333333333332,26.2,27.8,31.05,31.7,28.69,5.5,6.3400906636264605,63419600,False,False
NAIK.JK,83.0,83.33333333333333,82.6,83.6,87.7,89.54,87.55,6.940000000000012,2.479219673129941,497500,False,False
MYTX.JK,41.0,41.0,41.0,41.0,41.0,41.0,42.05,0.0,0.0,0,True,False
MYOR.JK,1380.0,1391.6666666666667,1383.0,1398.5,1451.5,1561.2,1657.7094128417968,36.24000000000001,1.4716265357664593,5758300,False,False
MYOH.JK,1000.0,1000.0,996.0,1007.0,1036.25,1070.8,1067.536707763672,14.95999999999999,0.9617747291761833,62000,False,False
MUTU.JK,132.0,134.0,127.8,124.3,127.8,121.56,114.87667961120606,12.439999999999998,5.62155198336934,16357400,False,False
MTWI.JK,248.0,256.0,259.2,262.6,267.0,259.64,263.78415786743165,9.5,2.447180846409137,31300,False,False
MTMH.JK,960.0,983.3333333333334,968.0,956.5,951.5,947.6,954.187212524414,7.14666666666667,2.8642187774271943,38700,False,False
MTLA.JK,690.0,695.0,693.0,658.5,591.75,550.0,527.3288980102539,29.0,5.841223422714081,55400,False,False
MTFN.JK,13.0,13.0,13.0,13.0,13.0,13.0,13.53,0.0,0.0,0,True,False
MTEL.JK,458.0,452.6666666666667,450.0,456.2,472.1,462.16,467.3204107666016,11.050000000000011,2.015493061398328,1712400,False,False
MTDL.JK,500.0,501.6666666666667,499.8,498.5,501.8,507.22,506.87850006103514,4.360000000000014,0.540107531623545,307400,True,False
MSTI.JK,1320.0,1323.3333333333333,1324.0,1335.5,1347.75,1340.0,1297.5847009277343,5.55,0.9789453420669938,251100,True,False
MSKY.JK,46.0,46.0,45.6,47.9,59.1,62.74,62.37,17.14,6.655100083243054,977900,False,False
MSJA.JK,825.0,840.0,838.0,842.0,839.0,602.74,505.47,47.852,1.5288733493337512,7139600,False,False
MSIN.JK,180.0,181.33333333333334,183.0,188.9,238.15,307.98,404.11,127.98000000000002,9.008497298024947,11967900,False,False
MSIE.JK,119.0,119.66666666666667,120.0,127.5,149.3,122.22,113.53,30.30000000000001,6.637273663238906,976500,False,False
MREI.JK,920.0,920.0,920.0,920.0,920.0,920.0,934.5,0.0,0.0,0,True,False
MRAT.JK,408.0,402.6666666666667,393.6,377.6,377.2,405.2,423.36,15.400000000000006,2.7882010938014203,621300,False,False
MPXL.JK,294.0,267.3333333333333,261.6,244.3,208.45,181.36,165.61,56.31999999999999,7.442707364477205,33070400,False,False
MPRO.JK,11600.0,11866.666666666666,11920.0,11972.5,11970.0,12078.0,10641.75,19.12,1.143586630253212,1100,False,False
MPPA.JK,39.0,37.666666666666664,37.0,36.5,38.35,43.36,44.88,6.859999999999999,4.046772360975275,8041000,False,False
MPOW.JK,105.0,105.0,101.8,101.6,107.35,108.64,105.21,7.040000000000006,3.981656119391521,849100,False,False
MPMX.JK,1030.0,1025.0,1020.0,1018.5,1022.25,1016.5,979.8542065429688,2.7,0.6306188140578568,904400,True,False
MPIX.JK,216.0,218.66666666666666,210.0,201.3,187.25,136.44,113.3,41.11333333333333,8.564532392481494,12804300,False,False
MORA.JK,4930.0,4920.0,4774.0,4734.0,4888.25,5249.8,5940.4,51.58000000000002,4.390791984710229,73400,False,False
MOLI.JK,414.0,419.3333333333333,416.4,401.2,373.3,319.08,276.98493560791013,50.126666666666665,5.025182111104407,2291600,False,False
MNCN.JK,126.0,126.0,123.4,125.7,157.95,184.58,195.75,61.18000000000001,8.06491068870485,19568000,False,False
MMLP.JK,298.0,296.0,294.4,297.0,304.1,300.2,300.36,4.850000000000023,1.9116148381513598,154400,True,False
MMIX.JK,950.0,936.6666666666666,929.0,912.5,886.0,813.1,718.55,27.379999999999995,0.3696615419750804,20018500,False,False
MLPT.JK,965.0,951.6666666666666,947.0,972.0,1066.0,1287.9,1063.76,68.18000000000002,3.194525769480652,311700,False,False
MLPL.JK,78.0,78.66666666666667,76.6,76.0,81.65,89.46,86.5,13.459999999999994,4.048127049010469,7301000,False,False
MLIA.JK,212.0,213.33333333333334,212.4,212.8,214.5,224.08,232.6,6.040000000000006,2.9037486559018912,32200,False,False
MLBI.JK,6850.0,6841.666666666667,6850.0,6822.5,6831.25,6857.5,6437.358286132812,1.4,0.8331382271199521,300,True,False
MKTR.JK,120.0,120.66666666666667,120.6,121.6,122.6,122.62,122.02619049072266,2.6200000000000045,1.0868853653012436,32500,True,False
MKPI.JK,20950.0,20975.0,21230.0,21360.0,21522.5,21773.5,21378.943125,32.94,0.9303064508649092,40500,False,False
MKAP.JK,1140.0,1141.6666666666667,1137.0,1130.0,1125.5,1140.5,1130.0546936035157,3.2333333333333485,1.0567193838754165,2327700,True,True
MITI.JK,360.0,360.0,329.2,301.2,287.5,239.76,206.62,60.120000000000005,8.749348093723244,16338500,False,False
MIRA.JK,25.0,24.666666666666668,24.2,25.5,24.8,25.38,22.42,1.3000000000000007,13.197962602579388,22490900,False,False
MINE.JK,276.0,277.3333333333333,275.6,275.6,285.8,259.04,243.24,13.379999999999995,2.701914152692512,59000,False,False
MINA.JK,218.0,219.33333333333334,213.2,212.4,233.6,257.2,271.8,22.39999999999999,4.0448705487624625,15801000,False,False
MIKA.JK,1700.0,1705.0,1691.0,1695.5,1739.25,1795.3,1719.4260559082031,20.859999999999992,1.424456714220012,93000,False,False
MIDI.JK,258.0,256.0,254.0,256.8,261.6,271.36,277.54896057128906,8.680000000000007,1.205640358098087,1026900,False,False
MICE.JK,484.0,488.0,486.8,493.1,517.55,526.02,510.296833190918,21.00999999999999,3.2930835331629513,15700,False,False
MHKI.JK,123.0,120.66666666666667,119.6,119.9,125.15,133.54,130.20506874084472,13.939999999999998,2.606917940008194,619200,False,False
MGRO.JK,725.0,721.6666666666666,720.0,718.0,702.0,687.3,677.65,7.540000000000009,1.8615340997509087,2343000,False,False
MGNA.JK,214.0,209.33333333333334,202.6,187.0,183.4,134.82,113.35,39.59,13.765203389604109,10631000,False,False
MGLV.JK,13600.0,13775.0,14235.0,14605.0,14765.0,12168.5,10088.75,103.86,2.7254213441535216,235900,False,False
MERK.JK,3690.0,3710.0,3670.0,3720.0,3807.5,3871.8,3792.9313427734373,20.180000000000017,2.075061047322967,500,False,False
MERI.JK,109.0,107.33333333333333,106.4,107.3,113.0,115.56,112.5,9.159999999999997,3.2828153191175007,6506400,False,False
MEJA.JK,167.0,152.66666666666666,146.4,146.0,130.05,118.58,102.79,48.42,8.543255157227888,216225300,False,False
MEGA.JK,1960.0,1958.3333333333333,1951.0,1942.0,1950.5,1967.8,1966.25,5.159999999999991,1.356732618464113,9700,True,False
MEDS.JK,79.0,78.0,75.8,74.7,79.1,76.9,78.38,4.3999999999999915,3.991656998463639,10507800,False,False
MEDC.JK,1445.0,1430.0,1409.0,1433.0,1477.5,1416.2,1312.3706408691405,13.7,2.5785257416657554,14341000,False,False
MDRN.JK,26.0,26.0,26.0,26.0,26.0,26.0,27.41,0.0,0.0,0,True,False
MDLN.JK,44.0,42.333333333333336,40.0,42.0,46.0,48.42,49.34,8.420000000000002,7.915706624404121,5706500,False,False
MDLA.JK,206.0,206.66666666666666,206.4,206.2,206.4,207.96,205.25852432250977,0.980000000000004,0.967137195686233,84700,True,False
MDKI.JK,198.0,196.66666666666666,195.0,193.8,193.7,191.2,184.7982028198242,6.800000000000011,1.4223707992776953,1862800,False,False
MDKA.JK,2920.0,2936.6666666666665,2896.0,2933.0,2926.5,2907.8,2771.919299316406,4.066666666666651,2.1326710691577584,6134900,True,True
MDIY.JK,900.0,915.0,927.0,938.5,942.0,940.9,902.6621197509766,8.4,0.924894552058921,100900,False,False
MDIA.JK,138.0,148.33333333333334,150.0,156.4,176.85,216.66,149.12,78.66,3.955195677000984,361746400,False,False
MCOR.JK,67.0,66.33333333333333,66.2,66.2,67.35,68.42,67.64,2.219999999999999,1.2341790685538379,199600,True,False
MCOL.JK,3570.0,3563.3333333333335,3562.0,3579.0,3611.5,3681.8,3701.534572753906,11.980000000000018,1.6797982091839112,82400,False,False
MCAS.JK,232.0,230.66666666666666,230.4,232.6,250.9,272.56,236.85,21.08,4.576062799048853,334100,False,False
MBTO.JK,149.0,151.33333333333334,150.4,158.0,155.95,139.2,124.72,18.80000000000001,14.108613344009349,1953500,False,False
MBSS.JK,4200.0,4333.333333333333,3908.0,3402.0,3147.5,2955.4,2716.65,137.7933333333333,10.053835881630004,2373900,False,False
MBMA.JK,486.0,486.6666666666667,481.2,489.3,503.2,521.1,508.58,19.950000000000017,2.0310567446471617,32241100,False,False
MBAP.JK,1680.0,1665.0,1660.0,1678.0,1693.75,1591.9,1504.2,20.369999999999983,1.591434239078179,102800,False,False
MAYA.JK,198.0,198.66666666666666,198.4,201.2,200.6,199.96,194.15,3.1999999999999886,1.3696409079687175,315900,True,False
MAXI.JK,29.0,28.0,27.6,35.0,42.5,47.0,48.5,19.4,7.971929738760602,22225300,False,False
MASB.JK,3120.0,3136.6666666666665,3192.0,3238.0,3266.0,3340.2,3351.8,22.019999999999982,1.4273047249936162,600,False,False
MARK.JK,1185.0,1198.3333333333333,1185.0,1182.5,1165.75,1107.2747729492187,1001.5297827148438,18.211712076822913,2.0303115654203068,4672900,False,False
MARI.JK,23.0,23.0,23.0,23.0,23.0,23.0,23.66,0.0,0.0,0,True,False
MAPI.JK,1560.0,1533.3333333333333,1513.0,1523.5,1474.5,1503.6,1499.8927770996095,17.1,2.1873687819833765,15756400,False,False
MAPB.JK,1185.0,1190.0,1185.0,1144.5,1183.5,1175.0,1168.8,9.1,6.684382064670877,200,False,False
MAPA.JK,640.0,641.6666666666666,641.0,641.5,657.0,664.9,631.8180480957031,4.979999999999995,2.531627835016152,10805700,True,True
MANG.JK,37.0,36.0,35.4,35.8,37.2,38.44,40.66,3.039999999999999,3.0456957117216885,4781900,True,False
MAIN.JK,650.0,646.6666666666666,638.0,637.0,652.5,667.8,684.9591046142579,6.159999999999991,1.607389824083173,484100,False,False
MAHA.JK,140.0,139.66666666666666,138.2,138.0,141.75,144.48,139.89666732788086,6.47999999999999,1.780687641252049,2133100,False,False
LUCK.JK,108.0,107.66666666666667,108.0,108.4,112.75,113.42,108.49,5.75333333333333,3.359565174970389,2424400,True,False
LTLS.JK,935.0,925.0,919.0,933.0,974.75,903.8,834.0615228271485,14.190000000000008,1.92414709130158,17700,False,False
LSIP.JK,1495.0,1488.3333333333333,1471.0,1490.0,1580.25,1525.4,1383.8428991699218,21.85,1.5948365825796043,2657400,False,False
LRNA.JK,220.0,218.66666666666666,216.4,214.6,215.8,200.64,191.2,9.680000000000007,2.12895277923741,314000,False,False
LPPS.JK,62.0,62.666666666666664,61.6,64.0,72.45,78.02,74.6,16.419999999999995,8.177851643787822,62200,False,False
LPPF.JK,1605.0,1595.0,1587.0,1582.5,1591.0,1596.1,1571.6,4.5,0.6787610282466738,362900,True,False
LPLI.JK,208.0,206.66666666666666,208.0,213.6,223.0,235.64,239.52,14.486666666666665,2.1514071794663656,49800,False,False
LPKR.JK,48.0,48.0,47.0,46.9,51.85,58.26,61.06,11.36,6.091956894879009,59962100,False,False
LPIN.JK,438.0,436.6666666666667,433.2,432.6,432.1,426.96,415.3,5.52000000000001,1.3039046265378949,14900,True,False
LPGI.JK,645.0,645.0,645.0,644.0,644.25,638.6,656.15,1.2799999999999954,0.3668595431946721,79000,True,False
LPCK.JK,550.0,531.6666666666666,523.0,519.5,553.75,577.4,545.14,11.579999999999995,3.006291145672791,60900,False,False
LOPI.JK,58.0,57.0,58.4,59.7,61.3,68.02,68.51,11.019999999999996,4.152009802236228,6493900,False,False
LMPI.JK,156.0,156.66666666666666,157.4,159.2,160.55,156.06,148.04,4.550000000000011,1.486219205421293,128700,True,False
LMAX.JK,100.0,100.33333333333333,103.4,103.3,105.3,109.2,104.92,9.200000000000003,3.8337791623508277,78400,False,False
LIVE.JK,167.0,166.0,164.8,160.9,171.6,188.62,201.59,27.72,2.7771054692621293,348900,False,False
LION.JK,278.0,275.3333333333333,278.8,312.2,341.6,350.8,346.24,37.73333333333335,4.774321540962441,71300,False,False
LINK.JK,1500.0,1518.3333333333333,1550.0,1568.5,1621.0,1539.7,1455.05,24.2,3.3553773265333717,1000,False,False
LIFE.JK,9875.0,9825.0,9705.0,9590.0,11043.75,9022.5,7523.5,80.85,7.361820139393382,11600,False,False
LFLO.JK,590.0,596.6666666666666,599.0,580.0,567.75,530.32,530.0401638793945,13.73599999999999,3.062421501924857,5000,False,False
LEAD.JK,95.0,94.33333333333333,93.4,95.5,101.0,105.86,102.09,12.459999999999994,2.6744419435555984,6710900,False,False
LCKM.JK,109.0,109.0,109.0,109.0,109.0,109.0,111.94,0.0,0.0,0,True,False
LAPD.JK,76.0,75.66666666666667,74.0,75.2,77.8,71.3,68.26,6.5,4.6499960762255865,23352300,False,False
LAND.JK,58.0,56.666666666666664,55.0,57.9,64.3,71.16,67.01,16.159999999999997,8.924376745494891,39816400,False,False
LAJU.JK,58.0,57.666666666666664,56.4,57.6,63.5,66.38,65.47530384063721,9.979999999999997,5.986787770966124,2336700,False,False
LABS.JK,152.0,153.33333333333334,150.6,152.0,161.65,163.18,154.63,12.580000000000013,5.305693133272758,703400,False,False
LABA.JK,116.0,113.33333333333333,110.6,108.1,115.75,109.4,100.53,7.900000000000006,5.030222819852929,9483800,False,False
KUAS.JK,91.0,90.66666666666667,89.0,90.6,95.1,95.22,93.52190727233886,6.219999999999999,7.981424742099774,2324800,False,False
KSIX.JK,406.0,410.0,413.2,401.8,405.5,394.2,359.08,9.5,3.0411684271779373,126500,False,False
KRYA.JK,54.0,51.333333333333336,49.4,49.6,57.75,61.6,60.25,12.200000000000003,7.574107796929637,28527400,False,False
KREN.JK,17.0,17.0,15.8,16.1,15.7,14.32,13.62,2.6799999999999997,12.6579147176682,127970100,False,False
KRAS.JK,236.0,236.66666666666666,228.0,223.8,227.7,229.48,221.3,6.433333333333323,3.9862274966360287,597800,False,False
KPIG.JK,43.0,43.666666666666664,44.4,45.6,58.55,66.34,75.57,23.340000000000003,9.22311830800497,105059500,False,False
KOTA.JK,145.0,151.66666666666666,153.2,162.5,177.5,176.98,138.74,32.5,3.2523994728681593,155397900,False,False
KOPI.JK,195.0,195.0,195.0,195.9,199.55,204.1,197.24,9.099999999999994,0.6414042078989091,627000,False,False
KONI.JK,1885.0,1901.6666666666667,1955.0,1972.0,2023.0,2185.4,2405.4,60.08000000000002,3.626792006936974,900,False,False
KOKA.JK,154.0,153.66666666666666,151.2,154.3,170.65,180.94,156.01,29.74000000000001,6.6597669681681,4399700,False,False
KOIN.JK,78.0,78.0,78.0,78.0,78.0,78.0,77.24,0.0,0.0,0,True,False
KOCI.JK,108.0,108.33333333333333,103.6,102.8,112.2,109.16,102.47868392944336,9.400000000000006,5.066774182532451,5526500,False,False
KOBX.JK,175.0,171.66666666666666,171.2,171.3,174.4,172.66,161.19,3.8000000000000114,2.1285817344036335,1624900,True,True
KMTR.JK,244.0,242.66666666666666,242.0,244.8,249.2,242.48,235.66,3.5999999999999943,1.436772954725206,17400,True,False
KMDS.JK,520.0,518.3333333333334,515.0,516.5,520.5,525.2,528.2350961303711,2.040000000000009,0.7889451523223805,130100,True,False
KLIN.JK,116.0,116.33333333333333,117.8,116.7,119.75,117.68,112.36,3.75,3.7822660232521343,25600,True,False
KLBF.JK,750.0,751.6666666666666,740.0,734.5,744.5,765.3,753.9321911621093,6.159999999999991,1.7398762581340579,14276300,False,False
KLAS.JK,85.0,80.33333333333333,77.2,74.9,78.75,80.16,74.5,10.099999999999994,5.701604924000048,17682200,False,False
KKGI.JK,304.0,298.6666666666667,294.0,294.2,295.24242401123047,277.90666900634767,263.0933238220215,13.046665496826165,2.360034487114196,1057700,False,False
KKES.JK,69.0,69.66666666666667,63.2,65.1,76.8,75.32,62.21,13.599999999999994,13.672036774215076,14605300,False,False
KJEN.JK,152.0,150.0,148.4,154.3,157.65,157.42,143.44,9.25,3.965370891811526,7161400,False,False
KIOS.JK,83.0,82.33333333333333,79.8,79.2,88.75,94.16,90.58,14.959999999999994,6.684121571449965,5139400,False,False
KINO.JK,1415.0,1411.6666666666667,1395.0,1374.0,1381.75,1342.7,1230.3219958496093,14.45999999999999,1.6671016350595185,34200,False,False
KING.JK,394.0,400.6666666666667,388.8,370.6,380.6,328.36,371.03,36.153333333333336,6.704460381694923,3169200,False,False
KIJA.JK,157.0,159.66666666666666,157.6,162.9,173.4,169.8,147.69,16.400000000000006,3.6853850273374755,63397300,False,False
KICI.JK,296.0,284.6666666666667,282.0,283.8,287.2,245.86,216.86,25.069999999999993,7.070846162078241,2745800,False,False
KETR.JK,930.0,928.3333333333334,936.0,954.5,948.0,789.2,669.89,33.05999999999999,2.685393045330574,29032800,False,False
KEJU.JK,580.0,585.0,584.0,588.0,592.5,590.3,577.4,2.5,1.654369381422266,53900,True,False
KEEN.JK,850.0,851.6666666666666,847.0,845.5,865.75,882.0,860.713291015625,7.3,1.06164872852504,1785000,False,False
KDTN.JK,590.0,591.6666666666666,521.4,454.5,418.85,400.3,536.55,38.273333333333326,10.981719063883935,24253900,False,False
KDSI.JK,466.0,466.6666666666667,467.2,465.2,463.7,461.44,451.68,2.8799999999999955,1.1138966915251418,17300,True,False
KBLV.JK,107.0,106.66666666666667,104.6,104.5,114.55,128.52,111.1,24.02000000000001,4.559314127025208,1190900,False,False
KBLM.JK,356.0,358.0,356.8,348.0,357.9,328.8,309.5688119506836,14.599999999999994,3.5135283227159504,82900,False,False
KBLI.JK,362.0,361.3333333333333,357.6,353.2,357.6,340.0,324.01868133544923,11.0,1.5977940343033632,362200,False,False
KBAG.JK,43.0,41.333333333333336,40.4,39.8,40.95,44.04,41.4,4.240000000000002,6.259083966435963,10725600,False,False
KARW.JK,212.0,212.0,212.0,212.0,212.0,212.0,226.08,0.0,0.0,0,True,False
KAQI.JK,83.0,82.66666666666667,81.4,83.5,89.0,93.1,91.39,11.699999999999989,2.7222134964708653,16772800,False,False
KAEF.JK,420.0,416.0,412.0,414.2,428.2,440.54,449.74,14.27000000000001,1.916008721930514,471700,False,False
JTPE.JK,585.0,581.6666666666666,581.0,583.5,591.0,602.9,599.8525,4.3799999999999955,1.3283965499116253,303400,True,False
JSPT.JK,1365.0,1355.0,1355.0,1364.5,1415.0,1407.9,1357.0824755859376,12.0,2.5451094681780324,800,False,False
JSMR.JK,2610.0,2616.6666666666665,2592.0,2637.0,2752.0,2793.0,2780.127648925781,20.1,1.5116804713040297,2811500,False,False
JRPT.JK,1145.0,1151.6666666666667,1152.0,1151.0,1141.0,1106.8,1088.4255603027343,9.04000000000001,0.5597296263105572,10400,False,False
JPFA.JK,2040.0,2023.3333333333333,2021.0,2057.5,2167.25,2209.1,2163.6,18.80999999999999,1.661804425930613,2632100,False,False
JMAS.JK,228.0,228.0,228.0,228.0,228.0,228.0,235.3,0.0,0.0,0,True,False
JKON.JK,82.0,81.66666666666667,80.6,80.2,82.3,83.66,75.31686611175537,3.4599999999999937,1.6868061959139904,796200,True,False
JIHD.JK,400.0,402.6666666666667,399.6,401.2,417.3,430.28,426.82,15.339999999999975,1.2205750653557703,1355300,False,False
JGLE.JK,50.0,50.333333333333336,49.0,51.2,61.9,74.84,66.6,25.840000000000003,6.346120261757167,68789500,False,False
JECC.JK,730.0,730.0,731.0,731.0,787.25,697.6,652.3597149658203,17.929999999999996,3.7980795113776584,11300,False,False
JAYA.JK,155.0,155.33333333333334,152.8,153.3,156.7,145.4,134.54,11.299999999999983,2.6953448219227876,1073700,False,False
JAWA.JK,149.0,152.33333333333334,160.6,166.9,164.7,145.42,133.42,21.480000000000018,6.117888090365065,4727400,False,False
JATI.JK,112.0,111.33333333333333,108.8,109.8,113.1,106.5,100.77337829589844,6.599999999999994,3.0000302381329043,11968400,False,False
JAST.JK,84.0,83.66666666666667,83.2,84.2,86.9,87.98,85.17,4.780000000000001,6.505320941566582,905200,False,False
JARR.JK,3490.0,3506.6666666666665,3484.0,3487.0,3577.5,2960.2,2366.2449145507812,61.73000000000002,4.932989689403465,4237000,False,False
ITMG.JK,25725.0,25775.0,25435.0,25352.5,25705.0,25466.5,24200.0,16.9,1.8055013266699018,665300,False,False
ITMA.JK,1305.0,1321.6666666666667,1302.0,1337.5,1402.25,1411.5,1467.55,21.9,4.410134598974489,400,False,False
ITIC.JK,200.0,200.33333333333334,199.6,199.3,206.25,217.38,212.26,18.079999999999984,1.5065066327765284,429800,False,False
ISSP.JK,414.0,414.0,406.8,403.4,414.0,426.0,408.2271450805664,11.300000000000011,1.7599339623841013,2662800,False,False
ISEA.JK,81.0,79.33333333333333,78.4,78.4,83.6,83.14,76.8,5.199999999999989,3.906470869401725,1767000,False,False
ISAT.JK,2230.0,2223.3333333333335,2236.0,2273.0,2328.5,2334.4,2127.85,11.10666666666666,1.9133133518538261,14765400,False,False
ISAP.JK,24.0,22.666666666666668,22.2,22.9,24.25,24.2,24.33,2.0500000000000007,5.936982377816104,54714400,False,False
IRSX.JK,324.0,323.3333333333333,324.8,347.8,382.7,375.2,340.7808190917969,29.683333333333337,4.957192575129951,18129200,False,False
IRRA.JK,370.0,370.6666666666667,366.4,358.4,363.0,370.0,370.3,6.133333333333354,1.8421390357034384,32600,False,False
IPTV.JK,25.0,24.333333333333332,23.4,23.9,27.05,29.16,31.61,5.760000000000002,6.4640411200155174,4205500,False,False
IPOL.JK,113.0,113.0,112.2,112.6,114.45,113.16,111.22,2.25,2.178771129187131,143200,True,False
IPCM.JK,286.0,284.0,282.8,284.0,287.0,295.8,301.1629428100586,6.5,1.715513176073391,96600,False,False
IPCC.JK,1055.0,1056.6666666666667,1052.0,1065.5,1088.25,1128.9,1139.9919232177735,15.380000000000019,1.3602422781308436,211500,False,False
IPAC.JK,189.0,189.0,189.0,189.0,188.85,179.52,164.39,9.47999999999999,0.0,0,False,False
IOTF.JK,50.0,49.0,47.6,49.8,56.55,59.84,56.88,12.240000000000002,7.330684675025605,6044300,False,False
INTP.JK,4940.0,5013.333333333333,4948.0,4978.5,5095.5,5240.6,4794.250537109375,30.060000000000038,1.9726934431889231,480900,False,False
INTD.JK,346.0,342.0,359.2,380.0,336.7,299.08,266.94,40.46000000000001,6.609765980355303,148900,False,False
INTA.JK,61.0,61.0,61.0,61.0,61.0,61.0,62.81,0.0,0.0,0,True,False
INPS.JK,1065.0,1065.0,1065.0,1065.0,1003.0,818.8,733.4,49.24000000000001,0.0,0,False,False
INPP.JK,670.0,680.0,680.0,690.5,710.75,720.8999963378906,727.0417254638672,10.179999267578115,1.16788403553344,11800,False,False
INPC.JK,151.0,153.33333333333334,147.6,145.6,150.05,148.56,141.27,7.7333333333333485,4.329774094961392,965200,False,False
INOV.JK,137.0,137.0,137.8,135.2,136.05,139.68,130.95,4.480000000000018,2.43510743459302,352200,True,False
INKP.JK,8300.0,8300.0,8185.0,8157.5,8417.5,8553.5,8012.998193359375,15.84,2.491146469506676,595900,False,False
INET.JK,268.0,269.3333333333333,266.8,277.6,303.6,293.12,251.84,18.400000000000006,3.1693099110589817,117748500,False,False
INDY.JK,2760.0,2680.0,2630.0,2651.0,2705.5,2680.4,2447.6488134765623,13.0,2.557912284043934,7834000,False,False
INDX.JK,60.0,60.0,60.0,60.0,60.0,60.0,63.57,0.0,0.0,0,True,False
INDS.JK,254.0,252.0,246.4,243.0,249.1,262.0,265.88640213012695,9.5,2.5240573642466146,702200,False,False
INDR.JK,2910.0,2883.3333333333335,2886.0,2916.0,2928.0,2654.2,2340.1,27.380000000000017,1.1167523746863943,1400,False,False
INDO.JK,170.0,170.33333333333334,167.4,168.4,175.85,178.18,170.51,10.780000000000001,2.1418765726146973,16684200,False,False
INDF.JK,6925.0,6875.0,6840.0,6797.5,6970.0,7157.5,6818.674311523438,14.4,1.2479332180655587,1336500,False,False
INCO.JK,4250.0,4290.0,4234.0,4347.0,4552.5,4914.1,4825.55623046875,68.01000000000003,2.417309925964222,4252400,False,False
INCI.JK,890.0,868.3333333333334,844.0,816.0,810.0,742.5,696.0934405517578,29.5,2.698447039806013,213200,False,False
INCF.JK,50.0,50.0,50.0,50.0,50.0,50.0,50.03,0.0,0.0,0,True,False
INAI.JK,158.0,158.0,155.8,155.9,166.8,173.26,161.47,17.45999999999998,4.438165927168605,119000,False,False
IMPC.JK,1345.0,1353.3333333333333,1352.0,1395.5,1527.25,1498.5,1548.75,36.45,2.7715627816430386,4484100,False,False
IMJS.JK,171.0,169.33333333333334,166.2,169.2,177.7,171.98,158.27916366577148,11.5,2.6738282888639935,620200,False,False
IMAS.JK,855.0,845.0,844.0,851.0,867.5,875.0,864.0468951416016,6.2,1.613466486926457,34200,False,False
IKPM.JK,175.0,174.66666666666666,175.2,177.2,178.75,187.44,186.11,12.77333333333334,1.2961145586013028,28700,False,False
IKBI.JK,570.0,576.6666666666666,569.0,554.5,553.75,548.0735809326172,521.911755065918,5.718617146809879,2.285521427074219,118100,True,False
IKAN.JK,83.0,81.66666666666667,80.0,80.6,85.0,86.74,82.37,6.739999999999995,3.7532410734785664,6871800,False,False
IKAI.JK,22.0,21.0,20.6,20.9,20.7,20.38,19.76,1.620000000000001,9.821887498676874,55116100,False,False
IGAR.JK,474.0,471.3333333333333,471.2,474.7,471.65,463.66,441.5971026611328,5.519999999999982,5.039068281547289,16300,False,False
IFSH.JK,2280.0,1998.3333333333333,1757.0,1512.5,1271.75,1175.5,1237.6900012207032,110.45,14.326006620542515,601800,False,False
IFII.JK,206.0,206.66666666666666,206.8,207.4764144897461,206.65235748291016,203.07245300292968,207.75066040039061,2.201980743408214,1.1789177497966936,105700,True,False
IDPR.JK,244.0,243.33333333333334,240.4,245.8,259.0,267.4,281.6953009033203,13.499999999999986,2.454197414059729,12300,False,False
IDEA.JK,178.0,162.66666666666666,156.8,152.4,129.7,89.58,75.31,88.42,4.077572522944645,6014800,False,False
ICON.JK,133.0,134.0,129.8,133.9,141.25,132.14,120.01,11.449999999999989,3.997641226549237,8731500,False,False
ICBP.JK,6800.0,6808.333333333333,6760.0,6742.5,6847.5,7207.5,6869.924956054688,18.6,1.8064145462427024,523100,False,False
IBST.JK,8475.0,8475.0,8475.0,8475.0,8475.0,8475.0,8475.0,0.0,0.0,0,True,False
IBOS.JK,87.0,87.33333333333333,85.8,86.4,90.15,82.84,80.72,7.310000000000002,2.542052819349409,2512600,False,False
IBFN.JK,63.0,63.0,63.0,63.0,63.0,63.0,63.89,0.0,0.0,0,True,False
IATA.JK,111.0,106.66666666666667,100.2,97.4,107.4,110.24,87.03,13.599999999999994,9.024650183199991,320829900,False,False
HYGN.JK,182.0,189.0,187.0,184.4,185.45,178.98,161.93580017089843,10.02000000000001,2.840053583695978,1361000,False,False
HUMI.JK,125.0,125.33333333333333,122.2,120.9,126.45,137.1760954284668,133.1288520050049,16.27609542846679,3.359620408680667,9434300,False,False
HRUM.JK,855.0,846.6666666666666,837.0,854.0,875.75,881.4,827.55,8.879999999999995,1.6858601186806352,2417500,False,False
HRTA.JK,2170.0,2186.6666666666665,2188.0,2216.0,2193.0,2171.4,2097.1220556640624,4.6,2.7673020073821037,1649000,True,True
HRME.JK,42.0,41.0,39.6,40.0,42.25,42.02,43.44,2.6499999999999986,4.844247332758959,23425500,False,False
HOPE.JK,284.0,275.3333333333333,274.8,274.0,252.8,242.48,190.79,20.760000000000005,6.671898917892954,6329900,False,False
HOMI.JK,246.0,247.33333333333334,247.2,242.4,243.9,219.92,205.75,13.706666666666678,2.2478117144864886,402200,False,False
HOKI.JK,44.0,44.0,42.2,43.4,48.05,52.36,53.87,10.159999999999997,7.263319646770366,6666300,False,False
HMSP.JK,630.0,625.0,619.0,625.5,649.75,706.5,687.0944909667969,17.5,1.4168288951091639,3641900,False,False
HILL.JK,16.0,16.0,16.0,16.0,16.0,16.0,15.97,0.0,0.0,0,True,False
HGII.JK,140.0,139.66666666666666,139.8,139.8,140.4,133.02,129.25172744750978,7.3799999999999955,1.0370025325474526,81700,False,False
HEXA.JK,3540.0,3540.0,3510.0,3571.381103515625,3791.5290649414064,4017.778125,4076.561354980469,50.77781249999998,2.0836675511346634,273400,False,False
HERO.JK,310.0,318.0,321.6,321.0,328.0,333.88,337.58,11.939999999999998,1.933836827336408,771800,False,False
HELI.JK,350.0,310.6666666666667,296.0,277.2,247.9,216.28,197.23,66.86,6.439979896790566,11707200,False,False
HEAL.JK,595.0,608.3333333333334,603.0,611.0,638.5,688.4,787.15,18.679999999999996,2.097497422551436,3554600,False,False
HDIT.JK,42.0,39.333333333333336,37.8,40.7,45.35,48.32,49.8,10.520000000000003,7.6991929595617234,19402700,False,False
HDFA.JK,97.0,95.0,94.2,93.4,97.75,98.22,93.68,4.819999999999993,4.974406214187977,93000,False,False
HBAT.JK,392.0,398.6666666666667,399.6,391.0,379.2,298.28,330.47,50.660000000000025,4.608563593173024,4285300,False,False
HATM.JK,530.0,530.0,529.0,538.5,549.0,565.98,466.44035858154297,7.3960000000000035,2.7258983982607274,5762500,False,False
HALO.JK,66.0,65.0,63.0,63.3,67.55,69.34,67.37,6.340000000000003,4.279643677932985,2170900,False,False
HAJJ.JK,109.0,110.0,107.6,106.1,108.65,108.96,107.64,3.9000000000000057,2.900071061186442,3269400,True,True
HAIS.JK,175.0,175.0,175.4,176.3,179.85,182.2,178.77,7.199999999999989,1.1337412087698033,41700,False,False
HADE.JK,26.0,26.0,25.8,27.2,26.05,21.38,18.91,5.82,5.974808441247307,25347100,False,False
GZCO.JK,169.0,170.66666666666666,167.2,169.6,178.5,178.62,162.66,11.420000000000016,3.1472556820433586,2109800,False,False
GWSA.JK,151.0,148.33333333333334,147.0,152.3,157.95,153.52,137.9,10.949999999999989,5.4963917659532635,1861100,False,False
GUNA.JK,224.0,221.33333333333334,220.4,220.0,220.0,214.66,193.2109231567383,4.670000000000002,0.8390595141828635,15200,True,False
GULA.JK,805.0,798.3333333333334,785.0,791.0,807.75,785.9,688.6,4.55,2.3465341504826958,11840100,True,True
GTSI.JK,139.0,134.66666666666666,133.4,137.2,146.7,162.14,151.4943413543701,28.73999999999998,2.943962947811199,14035800,False,False
GTRA.JK,292.0,275.3333333333333,268.8,264.0,256.1,248.16,223.75,21.92,3.5578404743126075,3845200,False,False
GTBO.JK,210.0,191.66666666666666,175.8,153.3,150.7,160.82,169.6,29.650000000000006,7.119416440410889,676800,False,False
GSMF.JK,96.0,94.66666666666667,91.8,90.3,96.9,93.86,90.57,6.6000000000000085,3.3536688028474204,5683500,False,False
GRPM.JK,155.0,141.66666666666666,135.6,134.3,149.1,179.58,215.27,45.28,7.8506359022273156,8973400,False,False
GRPH.JK,105.0,104.66666666666667,103.4,110.3,122.95,97.4,78.37,25.549999999999997,5.56232351004814,4346100,False,False
GRIA.JK,154.0,157.66666666666666,159.2,158.9,165.25,160.58,139.93,11.25,4.924209380229486,1050100,False,False
GPSO.JK,220.0,219.33333333333334,221.6,226.6,253.0,276.4,331.82,28.533333333333317,4.556439090430356,1501600,False,False
GPRA.JK,99.0,98.66666666666667,98.2,99.6,101.55,105.3,103.1606859588623,7.099999999999994,2.486607493240217,12078400,False,False
GOTO.JK,30.0,30.0,29.6,36.0,43.0,47.2,48.6,17.6,8.39022595892562,2381621004,False,False
GOOD.JK,308.0,307.3333333333333,307.6,306.4,308.7,307.32,311.48,1.1500000000000057,1.3556052477612166,9300,True,False
GOLF.JK,163.0,161.0,159.8,164.7,170.65,165.3,165.05087768554688,10.849999999999994,2.352131074000908,407000,False,False
GOLD.JK,286.0,276.0,273.6,273.0,275.3,273.56,265.5,6.5,2.465261372024913,299400,False,False
GMTD.JK,1080.0,1085.0,1047.0,1056.5,1148.25,1263.4,1349.15,43.280000000000015,8.244798133878199,128600,False,False
GMFI.JK,53.0,52.333333333333336,51.8,52.4,54.95,57.08,54.78,5.280000000000001,2.6639648675245953,55552000,True,False
GLVA.JK,326.0,322.0,322.4,324.2,328.2,318.84,313.36963531494143,4.680000000000007,1.5878263028559256,7300,True,False
GJTL.JK,1285.0,1286.6666666666667,1264.0,1256.5,1294.0,1322.6,1221.1324621582032,13.219999999999981,1.840806921375324,764000,False,False
GIAA.JK,52.0,50.0,50.6,53.8,58.25,62.2,58.53,12.200000000000003,4.80777089791515,14299300,False,False
GHON.JK,1610.0,1610.0,1615.0,1621.0,1642.25,1632.3,1672.35,6.45,0.5249475600298474,3300,False,False
GGRP.JK,368.0,374.6666666666667,372.0,360.2,344.7,320.72,306.1377914428711,26.97333333333333,2.8923027603486995,2604400,False,False
GGRM.JK,16950.0,17016.666666666668,16905.0,17000.0,17597.5,19100.0,17464.275,87.8,1.4346122559651016,151700,False,False
GEMS.JK,8625.0,8558.333333333334,8450.0,7852.5,7610.0,7131.5,6889.25,59.74,4.020830361861235,447400,False,False
GEMA.JK,90.0,86.0,83.0,82.2,86.4,85.0,82.28642814636231,7.799999999999997,4.240496084295771,12588300,False,False
GDYR.JK,1140.0,1130.0,1129.0,1115.5,1115.5,1111.1,1100.15,5.780000000000018,1.2073890406448147,100,True,False
GDST.JK,111.0,109.33333333333333,107.8,108.4,113.35,112.64,99.07,5.549999999999997,3.6073595194115065,1026600,True,True
FWCT.JK,81.0,79.66666666666667,79.0,78.4,84.3,88.74,84.45,10.33999999999999,6.18422955389482,1301000,False,False
FUTR.JK,270.0,268.6666666666667,262.8,263.8,271.0,303.48,247.25,20.340000000000003,4.856783322926228,30432100,False,False
FUJI.JK,298.0,297.3333333333333,297.6,291.2,278.7,260.24,252.13,18.879999999999995,2.4614804153099357,426200,False,False
FPNI.JK,520.0,525.0,509.0,503.0,520.0,513.34,422.91,4.4,3.770656234985665,1151100,True,True
FORU.JK,126.0,129.66666666666666,148.6,218.9,549.947794342041,1770.8791177368164,2230.789558868408,1644.8791177368164,15.868694056436954,838609700,False,False
FORE.JK,785.0,796.6666666666666,794.0,796.0,795.75,787.7,742.45,2.333333333333326,1.8001664279601748,1811800,True,True
FOOD.JK,176.0,176.0,176.0,176.0,176.0,176.0,174.05,0.0,0.0,0,True,False
FOLK.JK,186.0,184.66666666666666,181.4,189.1,220.65,204.98,205.84,39.25,5.166414343011532,10594900,False,False
FMII.JK,252.0,249.33333333333334,249.2,244.4,245.7,249.64,246.92,3.799999999999997,3.7069366393076355,500,True,False
FLMC.JK,144.0,150.66666666666666,145.8,138.4,128.35,102.22,98.81,48.44666666666666,6.250771731875155,797700,False,False
FITT.JK,424.0,410.6666666666667,408.8,416.8,430.8,402.92,386.04,13.939999999999998,2.9999962917993823,886600,False,False
FISH.JK,580.0,586.6666666666666,589.0,603.5,634.0,618.3,626.2020343017579,10.8,2.199352782091428,10200,False,False
FIRE.JK,111.0,110.33333333333333,107.6,108.6,115.85,113.88,110.16,8.25,4.08278258199037,3119200,False,False
FILM.JK,605.0,603.3333333333334,602.0,623.5,688.75,826.1,1296.1,44.82000000000001,2.927467495577359,2431000,False,False
FAST.JK,416.0,416.6666666666667,409.2,412.8,422.6,425.12,337.88,7.960000000000008,3.427019848284342,3076500,False,False
FAPA.JK,7375.0,7366.666666666667,7375.0,7397.5,7417.5,7412.0,7330.417822265625,2.0333333333333212,0.38346118064200974,1500,True,False
EXCL.JK,2330.0,2346.6666666666665,2364.0,2364.0,2448.0,2571.6,2586.7,24.15999999999999,2.166045604227679,3214300,False,False
EURO.JK,1375.0,1383.3333333333333,1393.0,1408.0,1426.75,1564.9,1674.638963623047,37.98000000000002,2.929551807786172,94800,False,False
ESTI.JK,154.0,152.0,153.0,149.8,157.8,162.26,143.9834407043457,12.45999999999998,5.988856602502448,11004300,False,False
ESTA.JK,179.0,171.33333333333334,166.2,157.7,167.2,172.96,179.36,21.30000000000001,6.201757169324665,25904400,False,False
ESSA.JK,585.0,586.6666666666666,584.0,581.5,602.25,632.2,612.6474249267578,10.14000000000001,1.952192288530992,11421300,False,False
ESIP.JK,100.0,100.0,97.8,98.5,108.6,118.5,123.47322875976562,20.700000000000003,4.9562265358179305,4488700,False,False
ERTX.JK,164.0,164.33333333333334,163.2,162.4,169.75,179.22,163.73,16.819999999999993,2.8158325574165097,4230400,False,False
ERAL.JK,318.0,314.0,308.4,308.0,314.4,310.2,292.3905267333984,5.0,1.735868793859738,3004100,True,True
ERAA.JK,635.0,626.6666666666666,615.0,608.5,607.25,531.34,439.3509808349609,20.731999999999992,1.7025506812469795,102856700,False,False
EPMT.JK,2650.0,2653.3333333333335,2648.0,2640.0,2612.0,2466.6,2387.5,18.673333333333357,0.3482994613732121,1900,False,False
EPAC.JK,52.0,49.333333333333336,48.2,46.4,49.05,54.48,60.87,8.079999999999998,8.876627487837032,221004300,False,False
ENZO.JK,65.0,62.666666666666664,61.2,62.8,69.65,72.12,70.12,10.920000000000002,7.58008861812729,12529000,False,False
ENRG.JK,1040.0,1050.0,1050.902783203125,1086.537042236328,1220.268521118164,1252.2557446289063,1280.9278723144532,42.45114892578126,8.65135421836978,97293200,False,False
ENAK.JK,240.0,208.33333333333334,199.4,195.9,207.35,226.62,250.05,22.049999999999997,8.457806791167872,34363200,False,False
EMTK.JK,402.0,402.6666666666667,394.8,402.2,440.7,488.38,524.2724774169922,46.78999999999999,2.6194133254781526,13020500,False,False
EMDE.JK,69.0,67.0,66.0,67.2,72.05,74.58,70.15,8.579999999999998,5.305407279457464,527300,False,False
EMAS.JK,7675.0,7725.0,7705.0,7647.5,7742.5,7827.5,7208.25,7.2,1.6447568388262217,1255100,False,False
ELTY.JK,31.0,30.666666666666668,30.4,31.7,33.0,35.5,31.16,5.100000000000001,10.202746159780489,271375700,False,False
ELSA.JK,650.0,641.6666666666666,635.0,653.5,680.0,695.9,645.2050708007813,12.179999999999996,2.8081892479940915,3721200,False,False
ELPI.JK,565.0,566.6666666666666,569.0,581.5,613.25,665.8,941.14099609375,20.15999999999999,2.4941654724188136,228100,False,False
ELIT.JK,278.0,280.6666666666667,267.2,259.0,266.9,233.26,204.41,23.703333333333347,5.158831133042755,19460300,False,False
EKAD.JK,382.0,385.3333333333333,379.2,380.8,392.0,336.0,250.5055551147461,28.0,3.647984542002675,972200,False,False
ECII.JK,158.0,156.66666666666666,153.4,154.0,159.95,160.76,150.11,7.359999999999985,4.943556232750827,389500,False,False
EAST.JK,90.0,89.66666666666667,89.4,89.2,89.4,89.86000030517579,88.29630477905273,0.7999999999999972,0.5267319764852866,192300,True,False
DYAN.JK,83.0,84.66666666666667,83.4,82.3,85.05,86.04,82.19,3.740000000000009,5.558755978141466,3498800,False,False
DWGL.JK,218.0,218.66666666666666,215.6,214.6,221.1,279.84,260.6,32.61999999999999,2.6574206022662836,514900,False,False
DVLA.JK,1585.0,1585.0,1584.0,1583.0,1584.75,1585.9,1554.6630163574218,0.5800000000000182,0.23317094296783822,6300,True,False
DUTI.JK,4560.0,4606.666666666667,4644.0,4709.0,4747.5,4634.8,4281.861616210937,18.75,1.1005662274270773,200,False,False
DSSA.JK,1135.0,1148.3333333333333,1141.0,1106.5,1088.5,1045.7,899.53,20.526666666666642,2.5651610207535467,162386200,False,False
DSNG.JK,1530.0,1550.0,1552.0,1555.0,1587.0,1508.3,1340.0482397460937,15.740000000000009,2.882868681023813,373000,False,False
DSFI.JK,85.0,84.33333333333333,83.2,87.5,90.15,86.8,79.91,6.950000000000003,6.601855149884464,5316200,False,False
DRMA.JK,920.0,931.6666666666666,927.0,930.0,957.5,975.3,953.5,11.059999999999992,1.9313857737433562,809600,False,False
DPUM.JK,139.0,122.66666666666667,116.4,118.0,131.4,111.82,121.73,27.180000000000007,8.949412390078464,165667600,False,False
DOSS.JK,164.0,164.0,162.0,165.7,167.9,167.36,149.80129570007324,5.900000000000006,4.065343150247978,98700,False,False
DOOH.JK,342.0,345.3333333333333,349.6,358.0,380.8,333.04,233.24,23.879999999999995,4.329994679273724,120797400,False,False
DOID.JK,216.0,216.66666666666666,214.4,215.6,226.9,226.0,216.12,6.25,5.511831352127309,2475900,False,False
DNET.JK,9950.0,9933.333333333334,9855.0,9832.5,9825.0,9872.5,9895.25,5.0,1.5114258663823372,500,True,False
DNAR.JK,126.0,125.0,123.2,122.8,126.35,127.14,121.01,4.340000000000003,1.7360903372031469,55700,True,False
DMND.JK,600.0,608.3333333333334,611.0,610.5,620.0,620.2,613.1563977050781,4.040000000000009,2.1755189774123815,12600,True,False
DMMX.JK,173.0,172.0,172.8,173.9,180.0,184.84,174.72335403442383,12.840000000000003,2.9852208468273895,183300,False,False
DMAS.JK,189.0,190.0,186.2,185.8,188.35,176.04,156.52943725585936,13.960000000000008,2.7569745364385936,40276400,False,False
DLTA.JK,1765.0,1765.0,1768.0,1772.0,1780.5,1783.8,1761.2199877929688,3.759999999999991,0.3319159411873923,1400,True,False
DKHH.JK,75.0,73.66666666666667,72.0,71.6,70.5,67.46,64.44,7.540000000000006,2.241581725521554,5489600,False,False
DKFT.JK,660.0,665.0,659.0,654.0,660.9785705566406,651.6514184570312,641.1085583496093,2.6697163085937516,2.290053896780794,560500,True,False
DIVA.JK,137.0,138.33333333333334,137.8,134.0,136.65,135.84,126.82,4.333333333333343,7.524376380263558,3387300,False,False
DILD.JK,111.0,110.66666666666667,109.2,110.2,113.4,116.42,115.85,7.219999999999999,1.8538192664564457,4425000,False,False
DIGI.JK,29.0,29.0,29.0,29.0,29.0,29.0,29.91,0.0,0.0,0,True,False
DGWG.JK,334.0,330.0,325.6,322.8,325.1,324.84,311.4940719604492,5.599999999999994,1.9932595434802425,5795500,True,True
DGNS.JK,294.0,292.0,288.4,277.0,273.3,253.28,241.92,20.36,5.108675717059591,4656300,False,False
DGIK.JK,137.0,138.66666666666666,138.4,136.9,136.95,134.94,130.69,3.7266666666666595,3.4980169808301884,464800,True,False
DFAM.JK,75.0,71.0,69.4,74.6,82.75,81.9,87.85,13.349999999999994,5.877321992873601,28551700,False,False
DEWI.JK,252.0,254.0,248.0,236.6,208.3,167.22,143.22,43.39,3.2367191333126204,10553200,False,False
DEWA.JK,362.0,357.3333333333333,348.8,349.6,367.8,418.64,382.5404200744629,34.91999999999999,2.823938641082563,201521700,False,False
DEPO.JK,234.0,234.66666666666666,231.6,229.2,235.2,242.68,244.22952407836914,6.740000000000009,2.2998731134291046,4700,False,False
DEFI.JK,92.0,92.33333333333333,91.4,90.1,100.65,104.18,110.31,14.080000000000013,7.882544449784399,11512600,False,False
DCII.JK,199550.0,198350.0,197370.0,197985.0,198636.25,199274.0,194940.0,87.2,2.072414512567442,500,False,False
DAYA.JK,1285.0,1173.3333333333333,1150.0,1121.0,1099.75,1066.0,1043.15,43.8,5.38829497787899,435400,False,False
DATA.JK,1570.0,1570.0,1560.0,1573.5,1630.0,1798.7,1841.9,47.74000000000001,2.065724215313805,304000,False,False
DART.JK,159.0,156.0,154.4,151.9,158.25,157.2,140.3,7.099999999999994,3.0927835720335444,728400,False,False
DADA.JK,24.0,24.333333333333332,24.88299980163574,33.40299968719482,41.42024984359741,46.23059993743897,47.834049968719484,22.230599937438967,7.679097972042455,45725800,False,False
DAAZ.JK,2120.0,2146.6666666666665,2066.0,1935.0,1785.75,1707.9,1665.3511047363281,43.876666666666644,4.198962996300315,469100,False,False
CYBR.JK,488.0,488.6666666666667,489.0,496.2,509.35,534.24,566.87,23.120000000000005,3.6396471192512907,27579600,False,False
CUAN.JK,845.0,848.3333333333334,851.0,877.0,908.5,841.2,744.51,13.45999999999999,1.9936752448611639,119476300,False,False
CTTH.JK,98.0,97.33333333333333,95.6,100.6,113.9,122.96,130.24,27.36,5.61759737325873,2415100,False,False
CTRA.JK,545.0,541.6666666666666,538.0,545.0,568.5,595.7,577.423154296875,11.54000000000001,1.5400456298135392,1485900,False,False
CTBN.JK,2900.0,2863.3333333333335,2862.0,2926.0,2987.5,3364.6,4354.385258789062,50.25999999999999,1.540488922571995,7700,False,False
CSRA.JK,690.0,685.0,678.0,688.5,719.0,743.9,762.25,13.179999999999996,1.4656905172646995,46400,False,False
CSMI.JK,515.0,419.6666666666667,356.6,288.8,244.25,177.12,127.08,67.576,15.026828799049701,109548500,False,False
CSIS.JK,192.0,188.66666666666666,186.8,191.8,197.9,203.4,177.89020042419435,16.599999999999994,8.647734132134117,5000000,False,False
CSAP.JK,282.0,285.3333333333333,282.4,284.0,288.3,290.08,282.8739288330078,4.039999999999992,2.0746654298932694,6600,True,False
CRSN.JK,148.0,149.33333333333334,144.4,134.9,134.3,127.7,114.3246248626709,21.63333333333334,3.4491128773724338,899600,False,False
CRAB.JK,220.0,219.33333333333334,217.22162475585938,216.43063354492188,216.53063278198243,211.67531799316407,209.0989212036133,4.162341003417964,1.458528530504736,21900,True,False
CPRO.JK,41.0,41.0,40.0,42.1,46.05,48.68,49.61,8.68,5.973474352475789,41115100,False,False
CPIN.JK,2940.0,2930.0,2916.0,2953.0,3045.5,3088.4,3256.720700683594,17.24000000000001,1.1672517330759633,3399700,False,False
COIN.JK,710.0,726.6666666666666,727.0,755.5,762.75,757.5,751.35,10.55,3.2564875696981463,13216000,False,False
COCO.JK,129.0,131.33333333333334,124.0,113.2,122.15,115.24,148.895845413208,18.13333333333334,7.059796929265823,142940100,False,False
COAL.JK,31.0,31.0,31.0,31.0,31.0,29.4,30.92,1.6000000000000014,0.0,0,True,False
CNMA.JK,90.0,90.0,89.8,89.7,90.45,92.18,91.3,2.480000000000004,0.9123208506235868,2653700,True,False
CNKO.JK,37.0,37.0,37.0,37.0,37.0,37.0,37.92,0.0,0.0,0,True,False
CMRY.JK,4420.0,4423.333333333333,4398.0,4386.0,4433.5,4521.443935546875,4461.396166992187,13.544393554687485,1.0833319247388673,781700,False,False
CMPP.JK,69.0,69.0,69.0,69.0,69.0,69.0,69.66,0.0,0.0,0,True,False
CMNT.JK,735.0,738.3333333333334,743.0,744.0,750.25,765.7,777.9,6.1400000000000095,0.9735973431617301,6111600,False,False
CMNP.JK,1425.0,1426.6666666666667,1424.0,1408.0,1403.5,1391.9,1376.6,6.9533333333333305,2.4188141515181822,43200,False,False
CLPI.JK,1595.0,1595.0,1592.0,1592.0,1598.75,1598.8,1533.0350073242187,1.359999999999991,0.23200447897046497,9100,True,False
CLEO.JK,420.0,424.0,420.4,414.2,417.5,404.16,390.9023062133789,9.919999999999987,1.6094791950788168,5132500,False,False
CLAY.JK,2840.0,2823.3333333333335,2806.0,2784.0,2750.5,2714.4,2701.7,12.559999999999992,0.7476853406468407,10200,False,False
CITY.JK,171.0,168.33333333333334,164.6,164.6,171.95,174.78,167.3,10.180000000000007,5.541475581652702,27500,False,False
CITA.JK,3380.0,3396.6666666666665,3378.0,3381.0,3437.0,3348.0,3229.5289672851563,8.9,1.085266339167954,51400,False,False
CINT.JK,198.0,195.0,193.8,192.8,191.8,184.46,176.88,13.539999999999992,2.719543945644631,3797400,False,False
CHIP.JK,620.0,630.0,643.0,667.0,709.0,809.5,878.22796875,37.9,1.4133514403550895,75400,False,False
CHEM.JK,59.0,57.666666666666664,56.2,56.6,62.9,66.3,64.97816169738769,10.099999999999994,5.517748662838654,4825200,False,False
CHEK.JK,120.0,119.0,119.8,122.9,126.35,130.72,127.46,11.719999999999999,1.9838701608621465,364500,False,False
CGAS.JK,153.0,150.0,148.6,148.0,148.4,150.4,151.67861038208008,5.0,1.6725031097358412,12387200,True,True
CFIN.JK,356.0,356.0,353.2,354.6,362.4,357.6,335.1592611694336,4.599999999999994,1.0688766154845832,697300,True,False
CENT.JK,95.0,94.66666666666667,93.6,93.7,100.3,95.6,85.93,6.700000000000003,4.116026114594893,1927400,False,False
CEKA.JK,2200.0,2193.3333333333335,2186.0,2185.0,2188.5,2195.2,2173.75546875,1.5,1.1171537624113639,7900,True,False
CDIA.JK,575.0,578.3333333333334,571.0,576.2662475585937,613.8112670898438,655.7891979980469,673.4194897460937,16.957839599609382,2.9197624919433975,11916400,False,False
CCSI.JK,414.0,419.3333333333333,425.6,387.2,390.4,313.08,280.84,56.26000000000002,14.186289945660594,3500300,False,False
CBUT.JK,920.0,921.6666666666666,920.0,924.5,970.0,898.8,794.76,14.240000000000009,3.3976130218561718,20300,False,False
CBRE.JK,740.0,736.6666666666666,728.0,741.0,738.25,713.8,720.6,5.440000000000009,3.7419088563576617,4003000,True,True
CBPE.JK,510.0,499.3333333333333,497.2,507.6,502.0,490.0,387.28656677246096,4.0,5.130607754050996,161200,False,False
CBDK.JK,3520.0,3516.6666666666665,3430.0,3450.0,3587.5,3724.4,3673.7927001953126,29.44000000000001,2.7351557934669084,311200,False,False
CASS.JK,1825.0,1835.0,1825.0,1820.5,1832.5,1857.5,1829.25,7.4,1.8160106092477157,195800,False,False
CASH.JK,252.0,251.33333333333334,251.2,246.4,245.4,234.4,212.27,8.799999999999997,4.650342964066498,534400,False,False
CASA.JK,1800.0,1791.6666666666667,1825.0,1812.5,1823.5,1820.7,1742.3,6.666666666666652,2.0965828333003933,9600,False,False
CARS.JK,106.0,105.33333333333333,106.0,111.7,113.9,105.0,96.12,8.900000000000006,3.3519659632547523,5943700,False,False
CARE.JK,368.0,373.3333333333333,372.8,373.4,387.1,413.24,414.06,22.620000000000005,1.3432537691698831,220100,False,False
CANI.JK,135.0,135.0,135.0,135.0,135.0,135.0,135.15,0.0,0.0,0,True,False
CAMP.JK,162.0,161.33333333333334,160.6,161.2,169.45,170.18,172.97,9.580000000000013,3.181528910711716,225100,False,False
CAKK.JK,156.0,156.0,155.6,156.7,158.3,150.98,145.81,7.320000000000022,0.7945171280095876,27900,False,False
BYAN.JK,12600.0,12766.666666666666,12340.0,12185.0,12128.75,12987.0,11929.23568359375,34.33,4.259872496774731,4918100,False,False
BWPT.JK,107.0,107.0,105.0,107.3,114.55,106.86,93.11,9.549999999999997,3.05292144816728,36788600,False,False
BVIC.JK,88.0,88.0,87.2,87.9,90.6,92.26,90.22,5.060000000000002,2.0660843089936782,72900,True,False
BUVA.JK,705.0,695.0,654.0,639.5,668.75,724.6,763.6,17.020000000000003,6.548676058097904,51442600,False,False
BUMI.JK,182.0,181.33333333333334,177.8,178.8,189.7,189.32,172.85,11.899999999999977,2.455288790109289,709358200,False,False
BULL.JK,366.0,364.0,357.2,356.8,382.2,416.8,390.46,30.0,3.3980553091089853,84229000,False,False
BUKK.JK,985.0,985.0,974.0,988.0,994.0,1001.3,1010.3,5.459999999999991,2.8812045510927495,27100,True,False
BUKA.JK,100.0,102.33333333333333,103.2,103.7,104.8,110.6,110.79,10.599999999999994,1.286370394813161,60012100,False,False
BUDI.JK,226.0,222.66666666666666,222.0,222.4,224.1,223.12,214.38,2.0,1.373286252396701,21700,True,False
BUAH.JK,480.0,482.6666666666667,483.2,483.4,489.2,499.84,505.3019271850586,9.919999999999987,0.4875060560463997,459700,False,False
BTPS.JK,955.0,951.6666666666666,945.0,944.5,981.0,989.2,983.55,8.940000000000008,1.8407537362958717,1978400,False,False
BTPN.JK,2510.0,2470.0,2448.0,2400.0,2371.0,2286.8,2244.65,22.319999999999983,0.9152948154375201,43700,False,False
BTON.JK,370.0,373.3333333333333,369.2,367.0,367.2,364.76,361.0,4.286666666666662,2.359740291039075,600,True,False
BTEK.JK,13.0,12.666666666666666,12.2,12.4,12.0,11.1,11.0,1.9000000000000004,14.525854169563237,497174100,False,False
BSSR.JK,5225.0,5141.666666666667,5119.0,5060.471484375,4860.873583984375,4441.094658203125,4011.3403173828124,31.35621367187501,2.92933377098348,737700,False,False
BSML.JK,550.0,550.0,547.0,544.5,545.0,528.9,495.81,4.220000000000004,0.9476190119165562,9191200,True,True
BSIM.JK,1005.0,986.6666666666666,962.0,948.0,997.0,888.3,809.75,23.34000000000001,2.7171687028776383,201900,False,False
BSDE.JK,545.0,545.0,542.0,548.5,584.5,603.7,600.8,12.340000000000009,1.3867248209768344,12223500,False,False
BSBK.JK,45.0,43.0,41.4,43.0,46.5,49.6,50.75,8.200000000000003,6.2822506463916055,24295600,False,False
BRRC.JK,56.0,53.333333333333336,51.6,53.0,61.75,65.34,61.98,13.740000000000002,8.462911105744944,5775000,False,False
BRPT.JK,1460.0,1475.0,1450.0,1464.5,1548.25,1720.0,1684.4607434082031,54.0,2.473207956115637,18571700,False,False
BRNA.JK,665.0,675.0,667.0,650.0,651.75,636.1,616.25,7.779999999999996,3.3442985716184572,299800,False,False
BRMS.JK,605.0,603.3333333333334,586.0,607.5,657.0,656.3,613.05,14.2,3.908393824876408,37689000,False,False
BRIS.JK,1390.0,1405.0,1411.0,1457.0,1559.5,1696.6,1752.1218994140625,61.31999999999998,2.1738024039091015,15473400,False,False
BREN.JK,2880.0,2916.6666666666665,2890.0,2945.0,3042.0,3253.4,3338.17474609375,37.34000000000001,1.9695829797928655,2549100,False,False
BRAM.JK,4670.0,4616.666666666667,4606.0,4628.0,4640.0,4599.6,4515.364621582031,7.039999999999964,1.6933085108640074,2700,False,False
BPTR.JK,70.0,70.66666666666667,70.4,70.7,74.5,75.1,73.13,5.099999999999994,4.06524170556257,656400,False,False
BPII.JK,452.0,456.0,458.4,459.4,464.1,464.2404864501953,454.9626354980469,6.120243225097653,2.1044747909158183,26700,False,False
BPFI.JK,238.0,238.0,237.6,239.6,244.3,250.24,250.2441093444824,6.320000000000007,1.291407916890085,12800,False,False
BOLT.JK,790.0,785.0,778.0,778.0,791.5,795.3,790.55,3.459999999999991,1.5071016420249326,1700,True,False
BOLA.JK,169.0,168.33333333333334,163.0,165.7,172.05,163.56,158.22,9.050000000000011,3.5250333320956004,190500,False,False
BOGA.JK,1655.0,1630.0,1598.0,1574.5,1571.75,1599.2,1484.8,16.65,1.4310293054373746,200,False,False
BOBA.JK,196.0,195.0,194.2,193.8,200.55,209.86,242.65489471435546,16.060000000000002,1.4516026880779271,25600,False,False
BOAT.JK,125.0,124.66666666666667,123.2,125.7,131.8,136.1,124.02,12.899999999999991,3.788052877426614,71000,False,False
BNLI.JK,1955.0,1943.3333333333333,1929.0,1945.5,2024.75,2109.1,2393.05,36.01999999999998,2.159966662243162,15900,False,False
BNII.JK,189.0,188.66666666666666,188.6,188.8,190.3,191.98,190.62,3.3799999999999955,0.6627244210808559,367900,True,False
BNGA.JK,1705.0,1698.3333333333333,1695.0,1712.5,1728.5,1695.3,1643.7,6.7,0.9393289272077662,443500,False,False
BNBR.JK,75.0,74.66666666666667,73.8,74.4,82.0,92.98,96.8097573852539,19.180000000000007,3.2012230818525373,185527100,False,False
BNBA.JK,815.0,813.3333333333334,810.0,829.0,814.0,774.7,748.6,10.85999999999999,1.8065983188477095,50800,False,False
BMTR.JK,77.0,77.0,77.0,79.6,96.85,107.88,113.28,30.879999999999995,7.28512228211551,31489700,False,False
BMSR.JK,318.0,318.0,320.4,328.6,339.5,321.92,309.4,10.75,4.425195702346466,39900,False,False
BMRI.JK,4110.0,4103.333333333333,4070.0,4056.0,4161.185961914062,4164.665952148437,4123.808139648438,10.86659521484371,1.234414605688371,19944400,False,False
BMHS.JK,200.0,200.0,199.8,199.5,199.75,194.6,186.508448638916,5.400000000000006,0.40927974247967824,61700,True,False
BMBL.JK,32.0,31.0,30.6,30.7,30.45,30.24,31.12,1.7600000000000016,3.806816520017158,14212700,False,False
BMAS.JK,474.0,476.0,477.2,482.4,498.45,499.9,491.6,12.949999999999989,1.4929921377856807,20900,False,False
BLUE.JK,3700.0,3650.0,3508.0,3243.0,3109.5,2828.2,2942.231474609375,87.18000000000002,2.6404328007717583,534300,False,False
BLTA.JK,38.0,38.0,36.6,36.8,34.5,33.44,33.82,4.560000000000002,12.658537496541944,20470100,False,False
BLOG.JK,360.0,360.0,355.2,356.4,360.2,368.96,355.2779315185547,6.8799999999999955,2.0585704025256484,21100,False,False
BLES.JK,202.0,200.66666666666666,196.6,193.8,197.2,199.98,171.0064562988281,4.099999999999994,1.9894538538487587,8729100,True,True
BKSW.JK,48.0,48.333333333333336,48.6,48.7,50.45,51.86,52.08,3.8599999999999994,3.4874317537387824,162900,True,False
BKSL.JK,58.0,58.0,57.2,58.3,63.45,69.6,68.45,12.399999999999991,5.045171967269911,81214400,False,False
BKDP.JK,194.0,191.33333333333334,187.4,185.7,182.15,172.92,149.02,21.080000000000013,2.3270493912482855,9632600,False,False
BJTM.JK,510.0,511.6666666666667,511.0,511.5,515.75,518.4,516.382719116211,1.6799999999999955,0.7680119298698936,1025600,True,False
BJBR.JK,760.0,760.0,757.0,758.0,769.5,782.3,774.4,5.059999999999991,0.7269870354576757,2054900,True,False
BISI.JK,700.0,698.3333333333334,691.0,692.0,708.0,700.4,684.5772338867188,3.4,2.4586842701071494,16700,True,False
BIRD.JK,1555.0,1560.0,1552.0,1561.0,1582.0,1607.0,1543.3849169921875,11.0,0.7525503737849107,339600,False,False
BIPP.JK,68.0,65.0,64.6,67.1,66.9,67.14,63.76,3.4000000000000057,15.23105350761945,64693200,False,False
BIPI.JK,134.0,131.0,129.6,131.9,138.35,144.44,148.28,14.840000000000003,3.365605052638751,405481300,False,False
BINO.JK,106.0,105.66666666666667,106.8,107.0,111.75,113.3,106.43,7.633333333333326,2.4656684447473167,127300,False,False
BINA.JK,4030.0,4023.3333333333335,4062.0,4081.0,4077.5,4119.4,4006.1,9.606666666666616,2.7850740005470254,13800,False,False
BIKE.JK,1505.0,1505.0,1505.0,1384.5,1199.75,841.86,675.93,132.628,9.081004427638039,0,False,False
BHIT.JK,23.0,22.333333333333332,21.8,21.5,23.35,24.68,25.83,3.1799999999999997,5.509440042323136,20544500,False,False
BHAT.JK,1770.0,1770.0,1770.0,1770.0,1770.0,1770.0,1602.05,0.0,0.0,0,True,False
BGTG.JK,107.0,106.0,105.6,108.7,113.15,113.62,111.72,8.02000000000001,2.0958202985416055,2160600,False,False
BFIN.JK,935.0,930.0,920.0,931.0,953.5,933.5,828.2833337402344,6.7,1.7769921371607644,2701600,False,False
BEST.JK,125.0,128.33333333333334,125.2,122.3,123.1,120.8,110.03,7.533333333333346,3.963352801459615,19409800,False,False
BESS.JK,805.0,801.6666666666666,819.0,803.5,854.5,882.2,912.920523071289,16.106666666666683,6.223873327134741,471200,False,False
BELL.JK,98.0,96.33333333333333,95.2,95.2,101.05,109.3,107.79,14.099999999999994,4.794346934161821,5949200,False,False
BELI.JK,278.0,266.0,264.0,266.6,277.5,278.12,285.2,7.060000000000002,3.34192497091509,2784400,False,False
BEKS.JK,37.0,34.333333333333336,31.2,28.2,25.5,23.82,22.61,13.18,12.972038383853683,186962000,False,False
BEER.JK,62.0,62.0,60.4,61.7,69.0,74.74,79.52,14.339999999999996,5.695317605377421,2142800,False,False
BEEF.JK,428.0,428.0,417.6,419.0,427.2,432.28,314.68,7.339999999999975,4.928751651000333,889600,False,False
BDMN.JK,4920.0,4856.666666666667,4770.0,4569.0,4502.5,4379.6,4274.6,54.039999999999964,2.2472207450953663,11499400,False,False
BDKR.JK,228.0,207.33333333333334,192.2,178.7,168.95,163.16,151.54392143249513,32.42,4.98914335930929,64728700,False,False
BCIP.JK,56.0,55.333333333333336,54.2,54.3,57.7,60.94,60.88,6.739999999999995,3.5449710996597257,587900,False,False
BCIC.JK,133.0,132.33333333333334,131.2,131.8,133.05,131.42,125.19,1.8500000000000227,1.8240519304889433,125100,True,False
BCAP.JK,31.0,30.666666666666668,30.4,36.4,43.2,47.28,48.67,16.880000000000003,7.0851411253871674,6696900,False,False
BBYB.JK,200.0,200.66666666666666,198.4,200.5,219.85,241.82,240.13,43.41999999999999,2.3352890725006765,13587600,False,False
BBTN.JK,1075.0,1075.0,1069.0,1080.5,1126.25,1183.5,1200.5,22.9,1.4103128607314117,4549800,False,False
BBSS.JK,91.0,91.33333333333333,91.6,93.1,90.6,96.28,101.93,5.680000000000007,5.067210743328034,3859100,False,False
BBSI.JK,4070.0,4186.666666666667,4196.0,4304.0,4427.0,4574.6,4577.3,50.460000000000036,2.8219037636327693,500,False,False
BBRM.JK,112.0,110.66666666666667,109.4,108.5,114.45,115.72,114.26,7.219999999999999,4.045186073853501,820800,False,False
BBRI.JK,3140.0,3123.3333333333335,3110.0,3129.0,3212.0,3187.6,3045.6,10.2,0.9995040739799498,45131200,False,False
BBNI.JK,3460.0,3460.0,3442.0,3452.0,3579.5,3646.8,3584.9,20.480000000000018,0.9635002698733665,8807300,False,False
BBMD.JK,2040.0,2040.0,2042.0,2026.5,2002.75,1995.6,1962.8538940429687,4.6400000000000095,1.260810067646045,300,True,False
BBLD.JK,670.0,666.6666666666666,666.0,663.0,663.75,651.6,617.211005859375,3.6799999999999953,0.8552169003451064,100,True,False
BBKP.JK,46.0,43.0,41.4,43.1,47.0,51.46,52.39,10.060000000000002,6.423151616660938,245215700,False,False
BBHI.JK,800.0,796.6666666666666,795.0,806.0,850.25,883.0,903.7383984375,17.6,3.50668876522163,900500,False,False
BBCA.JK,6075.0,6116.666666666667,6090.0,6137.5,6236.25,6346.1833984375,6159.516381835938,10.847335937499993,1.0982472546168156,67084300,False,False
BAYU.JK,1315.0,1315.0,1315.0,1313.0,1325.0,1279.5,1206.3111108398436,9.1,1.347328274876409,1000,False,False
BAUT.JK,34.0,32.0,31.2,34.7,37.45,36.1,31.65,6.2500000000000036,6.042551120043108,31134600,False,False
BATR.JK,94.0,94.33333333333333,92.6,91.4,91.55,92.88,89.04919555664063,2.933333333333323,2.261077451163546,586500,True,False
BATA.JK,59.0,59.0,59.0,59.0,59.0,59.0,59.78,0.0,0.0,0,True,False
BAPI.JK,20.0,19.333333333333332,19.2,21.2,21.5,20.04,18.87,2.3000000000000007,8.232871480894751,41873700,False,False
BAPA.JK,109.0,106.66666666666667,105.2,107.3,116.35,138.48,197.96,33.27999999999999,5.8731414870785335,13437300,False,False
BANK.JK,242.0,240.66666666666666,240.0,237.2,246.7,262.88,273.82,12.840000000000003,1.6083388543776542,367900,False,False
BALI.JK,1495.0,1571.6666666666667,1472.0,1394.5,1356.25,1304.4,1269.7,53.45333333333333,8.816568363067551,10100,False,False
BAJA.JK,312.0,304.6666666666667,302.0,317.0,325.9,312.74,233.88,11.949999999999989,6.571657231125269,5678300,False,False
BAIK.JK,228.0,230.66666666666666,228.8,238.4,243.7,360.88,489.38,66.44,4.01952690317895,3190300,False,False
BACA.JK,110.0,110.0,109.4,110.6,113.95,116.04,114.16,6.640000000000001,1.1063238138938356,94200,False,False
BABY.JK,189.0,188.0,188.4,187.4,195.5,202.72,187.99,15.319999999999993,2.916449310725601,137200,False,False
BABP.JK,30.0,29.333333333333332,29.4,35.9,42.95,47.18,48.62,17.846666666666668,7.495643619228377,7416400,False,False
AYLS.JK,193.0,190.0,187.4,195.3,181.7,166.08,153.47,29.22,5.71171429133971,45980700,False,False
AYAM.JK,535.0,528.3333333333334,517.6,508.2,502.75,478.94,409.99,11.212,1.206557189463816,11996700,False,False
AXIO.JK,124.0,120.0,116.6,114.4,114.45,114.16,111.02584175109864,9.840000000000003,3.034401358051554,3496500,False,False
AWAN.JK,157.0,155.0,154.6,155.2,158.25,160.92,152.98,6.319999999999993,2.2667888624069468,63900,False,False
AVIA.JK,342.0,342.6666666666667,336.8,336.4,339.9,342.76,333.46,3.180000000000007,1.7506930215667744,2026100,True,True
AUTO.JK,3430.0,3423.3333333333335,3388.0,3360.0,3351.5,3162.4,2825.8,26.75999999999999,1.7158183950555308,803300,False,False
ATLA.JK,35.0,34.333333333333336,33.8,38.3,44.15,47.66,48.746975898742676,13.86,6.913987399267802,10559600,False,False
ATIC.JK,432.0,432.0,436.0,439.0,447.2,458.8,470.28,13.400000000000006,1.2069479062825417,116000,False,False
ATAP.JK,610.0,610.0,586.0,564.5,563.25,570.3,511.16,9.35,3.0849924245014755,2179200,False,False
ASSA.JK,585.0,585.0,577.0,582.5,591.75,613.7,609.9234375,7.340000000000009,1.9061213767283036,3787300,False,False
ASRM.JK,268.0,270.0,271.2,272.8,280.8,275.56,264.3205255126953,6.400000000000006,1.3513820453523995,23300,False,False
ASRI.JK,116.0,117.33333333333333,116.8,118.2,121.75,122.94,118.31355247497558,6.939999999999998,2.474114891732603,1034800,False,False
ASPR.JK,147.0,145.0,144.2,139.1,140.85,147.38,169.37510955810546,8.280000000000001,7.069522286470001,3637200,False,False
ASPI.JK,980.0,980.0,980.0,856.0,715.1,530.9,463.94,89.82000000000001,10.243144091684584,0,False,False
ASMI.JK,37.0,31.666666666666668,27.0,22.4,19.05,17.24,16.72,19.76,12.178697573629824,211299600,False,False
ASLI.JK,480.0,488.6666666666667,487.6,486.8,437.6,327.86,272.21,80.40333333333334,5.776176961935298,49937300,False,False
ASLC.JK,58.0,57.666666666666664,57.4,59.2,63.15,64.24,63.48,6.839999999999996,4.968409722664252,1407300,False,False
ASJT.JK,163.0,162.66666666666666,162.4,161.8,161.5,159.42,160.35,3.5800000000000125,0.7621751247642877,31000,True,False
ASII.JK,4780.0,4783.333333333333,4698.0,4692.0,4774.5,4849.0,4899.1,15.7,1.7806798630447953,7450700,False,False
ASHA.JK,45.0,43.666666666666664,42.6,43.9,49.2,54.74,56.44,12.14,5.681528582997767,12417800,False,False
ASGR.JK,2480.0,2516.6666666666665,2504.0,2356.0,2235.5,2053.0,1829.8,46.36666666666665,4.879373778044144,3461200,False,False
ASDM.JK,510.0,510.0,508.0,506.5,512.0,512.36,504.1099584960937,1.1720000000000028,0.6601113065486658,400,True,False
ASBI.JK,392.0,392.0,390.8,391.6,395.0,406.08,408.05322998046876,7.639999999999986,0.830024108138623,2600,False,False
ARTO.JK,805.0,795.0,783.0,806.0,872.0,1025.6,1056.35,48.51999999999998,2.633517348182825,3966400,False,False
ARTA.JK,1820.0,1803.3333333333333,1823.0,1942.5,2079.25,2238.1,2313.7,86.95333333333333,4.895518815201445,3500,False,False
ARNA.JK,515.0,520.0,518.0,522.5,516.15,505.12,476.6,3.475999999999999,1.0892499869288643,2129100,True,True
ARKO.JK,2900.0,2920.0,2884.0,3193.0,3692.0,4429.2,4907.1,154.51999999999998,6.639169108207916,770500,False,False
ARKA.JK,22.0,22.0,22.0,22.0,22.0,22.0,23.45,0.0,0.0,0,True,False
ARII.JK,338.0,329.3333333333333,327.2,329.2,316.4,298.92,287.06,19.539999999999992,1.8884109093164125,2361700,False,False
ARGO.JK,1165.0,1156.6666666666667,1160.0,1196.0,1185.25,1173.0,1045.55,7.866666666666651,4.730693833105939,228200,False,False
AREA.JK,332.0,326.6666666666667,318.0,315.2,318.8,308.56,273.86,11.719999999999999,2.3945684250740387,2069800,False,False
ARCI.JK,1260.0,1271.6666666666667,1253.0,1257.5,1295.25,1272.2,1166.5271459960939,8.45,2.351582730851718,3841500,False,False
APLN.JK,109.0,108.66666666666667,106.4,109.7,117.6,126.14,128.52,19.739999999999995,3.58864708979467,8155300,False,False
APLI.JK,282.0,280.6666666666667,275.6,275.2,279.5,270.2,258.2003811645508,5.900000000000006,2.9554720620895742,27400,True,False
APII.JK,188.0,190.0,190.4,192.0,194.55,191.36,185.1879119873047,6.550000000000011,2.114119750710033,104000,False,False
APIC.JK,404.0,402.6666666666667,401.6,401.2,413.0,501.8,646.2,50.30000000000001,0.6065809228589797,335400,False,False
APEX.JK,181.0,181.66666666666666,177.0,175.9,184.55,182.92,158.44,8.650000000000006,2.9100783158634913,3479100,False,False
ANTM.JK,3220.0,3223.3333333333335,3186.0,3189.0,3221.0,3132.4,2977.825234375,9.093333333333339,2.012914568179332,13344700,False,False
ANJT.JK,1500.0,1521.6666666666667,1521.0,1546.5,1567.25,1547.8,1530.1,13.45,1.780281333666718,20500,False,False
ANDI.JK,22.0,22.333333333333332,21.6,22.9,21.75,19.34,18.58,3.5599999999999987,14.578181750898406,19904200,False,False
AMRT.JK,1245.0,1253.3333333333333,1264.0,1287.5,1293.25,1331.7,1340.1972875976562,17.34000000000001,1.517455385848395,4624200,False,False
AMOR.JK,368.0,365.3333333333333,362.4,359.8,364.2,360.28,345.72,4.099999999999994,1.2969759084059527,14800,True,False
AMMS.JK,204.0,208.0,208.4,207.8,212.0,213.56,274.56,4.780000000000001,2.1797513649532254,154900,True,False
AMMN.JK,4520.0,4410.0,4368.0,4481.0,4680.0,4473.4,3996.0,31.2,3.125410554179344,28785000,False,False
AMIN.JK,258.0,257.3333333333333,256.0,258.8,256.1,248.32,249.18,5.240000000000009,2.015398224834344,10400,True,False
AMFG.JK,3290.0,3300.0,3260.0,3224.0,3255.5,3297.4,3153.0658154296875,7.6,1.6870466044519319,18700,False,False
AMAR.JK,230.0,230.0,228.4,227.8,230.8,226.63816131591796,209.21494400024415,2.080919342041028,1.1440813553505693,69100,True,False
AMAN.JK,216.0,219.33333333333334,210.0,205.5,213.95,229.1,242.97,11.799999999999997,5.3981773266312905,50800,False,False
AMAG.JK,386.0,386.6666666666667,386.4,386.2,386.8,387.88,389.12,0.9399999999999977,0.6673425257447513,8200,True,False
ALKA.JK,7400.0,6641.666666666667,5974.0,6577.0,6687.75,4660.1,2659.32,109.59599999999999,13.847458443982216,541000,False,False
ALII.JK,690.0,700.0,701.0,697.5,722.5,758.2,763.6327362060547,13.64000000000001,2.1680753845071905,157600,False,False
ALDO.JK,1295.0,1268.3333333333333,1246.0,1143.0,1047.75,954.8,829.4341363525391,68.04,8.459651029876088,204600,False,False
AKSI.JK,340.0,340.0,341.6,359.4,362.2,291.68,255.64,35.25999999999999,5.9099761496773295,1492100,False,False
AKRA.JK,1500.0,1506.6666666666667,1486.0,1473.0,1477.5,1440.220478515625,1350.4372106933595,13.289237630208344,1.5590824911266095,3103100,False,False
AKPI.JK,520.0,518.3333333333334,513.0,512.5,521.5,515.0,502.0784616088867,1.8,1.3708852895283938,214100,True,False
AKKU.JK,71.0,59.333333333333336,52.6,45.9,41.95,39.58,38.79,31.42,19.370355054865602,51503200,False,False
AISA.JK,117.0,116.66666666666667,115.6,116.3,118.0,118.72,111.34,3.1200000000000045,2.3782448592593814,1456700,True,True
AIMS.JK,1015.0,888.3333333333334,816.0,657.9,575.55,480.94,437.59,106.81199999999998,11.31414665446811,5090600,False,False
AHAP.JK,95.0,95.0,93.6,92.1,93.61041641235352,95.96416656494141,91.7920832824707,3.8641665649414136,5.110309433038615,19336000,False,False
AGRS.JK,60.0,59.666666666666664,58.6,58.2,58.8,60.44,61.02,2.239999999999995,3.7383530673348555,1302200,True,False
AGRO.JK,141.0,139.0,137.2,136.8,141.35,145.92,148.08,9.119999999999976,1.911393702544662,2517900,False,False
AGII.JK,3260.0,3260.0,3298.0,3365.0,3363.5,3106.6,2939.234753417969,25.84000000000001,1.4114250569037705,23500,False,False
AGAR.JK,1905.0,1956.6666666666667,1815.0,1877.0,2081.25,1682.1,987.41,79.83000000000001,11.333365465890925,684800,False,False
AEGS.JK,48.0,48.0,47.6,47.4,48.55,45.88,43.78,2.6699999999999946,3.449436417911906,6587100,True,True
ADRO.JK,2590.0,2593.3333333333335,2538.0,2534.0,2580.0,2586.0,2463.3,5.933333333333349,2.5149505932881824,17875200,True,True
ADMR.JK,1500.0,1491.6666666666667,1476.0,1491.5,1531.0,1585.4,1536.55,21.880000000000017,1.6880038021112078,4837400,False,False
ADMG.JK,230.0,229.33333333333334,228.4,232.6,242.5,248.12,226.2,9.86,1.749247333900165,64700,False,False
ADMF.JK,8400.0,8400.0,8370.0,8430.0,8573.75,8633.0,8401.25,10.52,1.8377555809920378,4500,False,False
ADHI.JK,133.0,133.0,133.0,133.0,133.0,138.24,150.11,5.240000000000009,0.0,0,True,False
ADES.JK,34525.0,34858.333333333336,35190.0,35342.5,33653.75,33200.5,30886.5,85.68,4.294465980188651,6600,False,False
ADCP.JK,50.0,50.0,50.0,50.0,50.0,50.0,50.0,0.0,0.0,0,True,False
ACST.JK,88.0,88.33333333333333,89.4,91.5,99.6,92.68,85.73,11.599999999999994,3.557185726542649,54900,False,False
ACRO.JK,53.0,51.666666666666664,51.4,52.4,58.1,61.16,60.51005397796631,9.759999999999998,5.691268019768052,2526700,False,False
ACES.JK,326.0,325.3333333333333,324.4,332.6,341.2,350.28,340.68043823242186,12.939999999999998,1.2752083682662019,9412600,False,False
ABMM.JK,2710.0,2670.0,2632.0,2624.0,2707.0,2699.8,2549.4,8.6,2.0910711469770407,240500,False,False
ABDA.JK,4880.0,4893.333333333333,4902.0,4912.0,4942.5,4307.8,3844.0,63.469999999999985,0.276683226391795,2000,False,False
ABBA.JK,30.0,30.0,30.0,30.0,30.0,30.0,31.31,0.0,0.0,0,True,False
AALI.JK,8550.0,8491.666666666666,8325.0,8087.5,8238.75,7913.5,7118.75,25.46,1.758244964996412,616300,False,False
AADI.JK,12125.0,12066.666666666666,11780.0,11492.5,11735.0,10660.5,9392.03248046875,58.58,2.6453072727659785,2936600,False,False
