Ticker,Close,MA3,MA5,MA10,MA20,MA50,MA100,Range_Ticks,Vol_Pct,Volume,MA_Tight,Signal
ZYRX.JK,132.0,129.66666666666666,130.4,130.5,127.2,128.66,132.63372421264648,4.799999999999997,1.940373127340829,241900,True,False
ZONE.JK,780.0,765.0,745.0,732.0,735.0,632.92,490.8369143676758,29.416000000000007,4.645475808410806,255100,False,False
ZINC.JK,30.0,30.0,30.0,30.0,30.0,30.0,30.0,0.0,0.0,0,True,False
YUPI.JK,1450.0,1443.3333333333333,1419.0,1355.0,1328.75,1336.4,1399.8790563964844,24.25,2.860341693403241,182800,False,False
YULE.JK,3450.0,3476.6666666666665,3474.0,3474.0,3452.5,3403.4,3366.402666015625,7.326666666666642,1.5013442144785691,400,False,False
YPAS.JK,1400.0,1463.3333333333333,1475.0,1374.0,1013.0,771.7,932.1,140.66,10.944868731133125,186700,False,False
YOII.JK,82.0,81.0,81.8,83.0,83.3,85.24,87.58,4.239999999999995,1.611786719580869,2404600,True,False
YELO.JK,90.0,86.33333333333333,89.2,90.4,90.05,80.06,86.1,10.340000000000003,6.472451302515463,65426000,False,False
WTON.JK,80.0,80.0,80.6,80.3,78.5,75.2,79.5195783996582,5.3999999999999915,1.9079153751768754,2556900,True,True
WSBP.JK,14.0,14.0,14.0,14.0,14.0,14.0,15.33,0.0,0.0,0,True,False
WOWS.JK,59.0,60.333333333333336,60.8,60.5,60.15,58.88,64.41,1.9199999999999946,6.1451091469392605,35009300,False,False
WOOD.JK,210.0,207.33333333333334,209.2,213.0,217.8,214.12,246.56,5.233333333333334,2.4594890179071776,4278400,True,False
WOMF.JK,274.0,276.6666666666667,277.6,276.6,269.8,258.04,272.67700622558596,9.780000000000001,2.156614887152165,77100,False,False
WMUU.JK,50.0,50.0,50.0,52.0,53.25,51.76,58.33,3.25,2.023945907773023,3856000,True,False
WIRG.JK,73.0,73.0,74.8,71.2,65.95,58.86,65.15,15.939999999999998,6.230066562007178,78031700,False,False
WINS.JK,530.0,520.0,519.0,518.5,513.5,519.3,516.2193704223632,3.3,1.3692448393342045,3313300,True,True
WINR.JK,20.0,20.333333333333332,21.0,22.7,22.25,21.42,24.97,2.6999999999999993,4.682812687784334,28570400,False,False
WINE.JK,130.0,127.33333333333333,128.8,131.1,136.9,145.78113952636718,156.78015853881837,18.447806193033855,3.1687448166542427,13475000,False,False
WIIM.JK,1655.0,1668.3333333333333,1694.0,1713.5,1740.25,1658.7,1665.603516845703,17.05,2.314671861730925,3680700,False,False
WIFI.JK,2020.0,2013.3333333333333,2038.0,2033.0,2000.0,1870.7941479492188,1998.9484729003907,16.720585205078123,4.219429868314572,22109700,False,False
WIDI.JK,26.0,26.333333333333332,26.8,25.9,25.7,25.96,27.79,1.1000000000000014,4.607980225523459,12146200,False,False
WGSH.JK,155.0,155.33333333333334,164.4,172.9,171.7,146.06,129.49,26.840000000000003,4.8934327852882955,21276300,False,False
WEHA.JK,109.0,107.66666666666667,107.8,107.9,107.85,104.06,112.09553726196289,4.939999999999998,2.150622334587769,4328300,True,False
WEGE.JK,54.0,54.666666666666664,56.0,57.0,53.8,51.52,52.79,5.479999999999997,8.820153931469205,22600300,False,False
WAPO.JK,161.0,156.0,150.0,144.1,134.55,122.32,124.76,38.68000000000001,3.1253908514580977,2079200,False,False
VTNY.JK,81.0,85.33333333333333,85.6,80.3,73.05,65.44,65.69,20.159999999999997,6.221587852613103,38768100,False,False
VRNA.JK,75.0,74.66666666666667,74.6,74.5,75.1,74.72,76.5,0.5999999999999943,1.4266142495836818,59000,True,False
VOKS.JK,220.0,220.0,224.4,227.0,222.9,208.2,213.36,9.400000000000006,2.146115498015382,300100,False,False
VKTR.JK,965.0,900.0,902.0,889.5,847.0,719.36,770.03,49.128,5.7153931345998465,188058400,False,False
VIVA.JK,48.0,49.333333333333336,50.0,54.2,51.95,41.06,40.6,13.14,6.44861607211924,24860200,False,False
VISI.JK,990.0,1000.0,963.0,943.5,933.25,933.1,876.3,13.379999999999995,4.847088411539055,4507800,False,False
VINS.JK,142.0,140.66666666666666,142.0,142.4,141.9,138.64,146.6,3.7600000000000193,1.8342037713446644,355800,True,False
VICO.JK,152.0,150.0,148.0,146.2,143.75,139.64,146.73,12.360000000000014,2.31609314936857,130500,False,False
VICI.JK,775.0,743.3333333333334,736.0,676.5,633.75,616.0,591.3453884887696,31.8,4.502100449731683,6081200,False,False
VERN.JK,250.0,246.66666666666666,245.2,236.6,220.65,186.64,159.22,31.680000000000007,4.678660944139752,6647900,False,False
VAST.JK,112.0,112.0,113.2,114.4,114.65,115.3,118.82,3.299999999999997,1.235649694251994,1982700,True,False
UVCR.JK,141.0,139.33333333333334,140.2,141.6,146.0,147.52,170.49880416870118,8.186666666666667,2.211180584947713,54513700,False,False
URBN.JK,214.0,214.66666666666666,216.0,212.6,211.5,213.18,205.48,2.25,3.373285576709706,91600,True,False
UNVR.JK,1755.0,1760.0,1775.0,1779.5,1780.0,1741.7,1681.7788415527343,7.659999999999991,1.8620963403951307,9388700,False,False
UNTR.JK,24000.0,24108.333333333332,24070.0,23742.5,23783.75,24123.0,25460.939453125,15.22,1.3331245833785572,3900400,False,False
UNTD.JK,82.0,81.33333333333333,81.8,83.0,82.0,77.46,78.84,5.540000000000006,2.9546452803326395,7786200,True,True
UNSP.JK,206.0,206.0,206.0,206.0,206.0,206.56,260.78,0.28000000000000114,0.0,0,True,False
UNIQ.JK,117.0,116.33333333333333,116.6,116.4,114.75,108.76,113.52,8.239999999999995,1.3707855770645405,675400,False,False
UNIC.JK,15050.0,15016.666666666666,15065.0,15092.5,15016.25,13538.0,12618.980888671875,62.18,0.522862756477145,36400,False,False
ULTJ.JK,1495.0,1486.6666666666667,1492.0,1498.5,1491.75,1420.9,1474.2,15.519999999999982,0.8853213514111333,3747500,False,False
UFOE.JK,143.0,141.66666666666666,142.0,142.3,140.15,137.8,141.68,5.199999999999989,1.1047042943046457,121100,True,False
UDNG.JK,1585.0,1473.3333333333333,1416.0,1358.0,1291.5,1314.6,1213.65,58.7,4.148970885515619,1794800,False,False
UCID.JK,498.0,500.3333333333333,484.2,464.3,444.45,402.39210998535157,394.5028158569336,48.970611673990874,2.2182817821406537,983400,False,False
UANG.JK,2490.0,2456.6666666666665,2476.0,2446.0,2432.0,2351.9,2757.2,13.809999999999992,2.1831469391626963,55400,False,False
TYRE.JK,113.0,112.33333333333333,112.2,112.7,113.5,112.14,112.19,1.3599999999999994,0.9697097611667111,107100,True,False
TUGU.JK,1365.0,1338.3333333333333,1353.0,1361.0,1296.0,1242.0,1195.8710437011719,24.6,3.5752276115614414,1677200,False,False
TSPC.JK,2760.0,2730.0,2732.0,2753.0,2794.0,2643.8,2534.7,15.019999999999982,1.1589329155618382,625900,False,False
TRUS.JK,440.0,437.3333333333333,442.8,432.8,421.0,409.60363708496095,356.1226467895508,16.59818145751953,7.131696514076134,19100,False,False
TRUK.JK,815.0,796.6666666666666,800.0,734.5,686.6,524.84,486.43,58.032,10.229232857626702,1467300,False,False
TRUE.JK,50.0,50.0,50.0,50.0,50.0,50.68,89.17,0.6799999999999997,0.0,0,True,False
TRST.JK,466.0,469.3333333333333,465.2,461.6,459.1,468.8687475585937,465.99686950683594,5.116666666666646,1.2116741801912216,148600,True,False
TRON.JK,99.0,97.66666666666667,99.8,100.5,103.2,102.26,112.76,5.533333333333331,3.734779000266175,13723400,True,False
TRJA.JK,125.0,124.0,123.4,122.2,116.45,112.4,119.9,12.599999999999994,2.7139828653592355,341100,False,False
TRIS.JK,175.0,173.0,174.0,172.4,170.95,166.74,169.01245697021486,8.259999999999991,1.342374793552013,1373700,False,False
TRIN.JK,336.0,329.3333333333333,336.8,325.8,321.6,335.4,476.03,7.599999999999994,6.372765202752167,11140600,False,False
TRIM.JK,630.0,610.0,610.0,604.5,598.75,576.5348315429687,557.7575164794922,10.693033691406253,1.7442062226607304,562400,False,False
TRGU.JK,173.0,174.33333333333334,172.6,170.3,168.25,167.28,174.7,7.053333333333342,2.102199185555629,381900,False,False
TPMA.JK,464.0,460.6666666666667,460.0,459.0,461.1,447.68,482.45,8.159999999999997,0.888504203568057,1117200,False,False
TPIA.JK,1965.0,1928.3333333333333,1961.0,1975.5,2047.25,1984.6,3009.3101196289062,23.78333333333335,3.2593254375795695,353309300,False,False
TOWR.JK,456.0,466.6666666666667,458.0,434.0,417.2,397.12,415.0202536010742,34.77333333333334,3.312866317384723,54248500,False,False
TOTO.JK,234.0,234.0,234.0,234.0,234.4,236.44,240.35067474365235,1.2199999999999989,0.4849158590459803,1046800,True,False
TOTL.JK,1520.0,1536.6666666666667,1504.0,1468.5,1359.5,1176.6,1116.6691900634767,72.01333333333336,3.6446515144930287,2570700,False,False
TOSK.JK,74.0,73.0,73.0,72.6,70.9,65.72,63.28,8.280000000000001,1.2803000618082268,5770900,False,False
TOOL.JK,65.0,65.33333333333333,66.0,66.3,66.5,65.32,67.61,1.5,1.7364490538016044,3253500,True,False
TOBA.JK,605.0,580.0,575.0,545.0,520.25,459.74,490.81890625,29.052,5.224014293739736,44838800,False,False
TNCA.JK,160.0,159.33333333333334,159.2,159.9,162.1,149.08,162.57,13.019999999999982,1.211256407720657,1551500,False,False
TMPO.JK,216.0,240.0,214.4,198.0,171.4,131.3,126.04,54.349999999999994,13.706985697549879,7810700,False,False
TMAS.JK,140.0,138.0,138.8,135.7,130.05,121.84,120.42277328491211,18.159999999999997,3.1687537459381154,6282200,False,False
TLKM.JK,2570.0,2593.3333333333335,2602.0,2603.0,2637.5,2584.0,2662.17384765625,6.75,0.7632147180821548,78958600,False,False
TLDN.JK,575.0,570.0,570.0,564.0,561.75,533.1,554.1224853515625,8.379999999999995,2.5557668097161668,1243400,False,False
TKIM.JK,8050.0,7908.333333333333,7950.0,7842.5,7458.75,6444.045126953125,6952.882338867187,64.238194921875,2.166605754835004,2494500,False,False
TIRT.JK,590.0,590.0,590.0,590.0,590.0,597.3,545.52,1.4599999999999909,0.0,0,True,False
TIRA.JK,408.0,406.6666666666667,411.6,414.4,440.9,518.72,637.91,56.02666666666667,1.6660669681864864,152000,False,False
TINS.JK,4030.0,4043.3333333333335,4058.0,3984.0,3888.5,3643.468486328125,3542.8266162109376,41.4531513671875,2.646433850032377,33513500,False,False
TIFA.JK,328.0,334.6666666666667,335.2,335.2,337.0,284.3570147705078,303.0411950683594,26.32149261474609,9.528886450413543,726700,False,False
TGKA.JK,4930.0,5060.0,5066.0,5016.0,4970.5,4897.4,4778.35712890625,16.860000000000035,1.9486983152212631,300,False,False
TFCO.JK,880.0,896.6666666666666,906.0,871.0,824.5,738.6,701.7,33.48,5.298660012623891,300,False,False
TFAS.JK,185.0,185.0,185.4,184.7,187.25,189.24,201.97,4.5400000000000205,0.8968750541251757,111600,True,False
TEBE.JK,1735.0,1728.3333333333333,1736.0,1632.0,1362.0,1158.3,1166.1646960449218,115.54,12.364552388139773,9527100,False,False
TCPI.JK,2450.0,2360.0,2336.0,2712.0,3486.0,5272.16703125,8284.407880859375,293.616703125,6.500696832349299,5863700,False,False
TCID.JK,2690.0,2666.6666666666665,2682.0,2676.0,2699.0,2739.4,2789.5,7.273333333333357,1.6822877788937551,52900,False,False
TBMS.JK,1230.0,1225.0,1223.0,1211.0,1199.5,1209.3014624023438,1238.56751953125,6.1,2.179160639434748,3400,False,False
TBLA.JK,620.0,621.6666666666666,626.0,625.0,625.5,623.7205847167969,621.2676382446289,1.2,1.0957072439313942,1604600,True,False
TBIG.JK,1480.0,1481.6666666666667,1470.0,1437.5,1422.0,1416.76,1475.9501635742188,12.98133333333335,1.890612664596391,157500,False,False
TAYS.JK,50.0,50.0,50.0,50.0,50.0,50.0,53.86,0.0,0.0,0,True,False
TAXI.JK,13.0,13.0,13.4,14.1,14.25,13.28,14.57,1.25,5.3515586709967655,6374300,False,False
TARA.JK,29.0,28.666666666666668,29.2,29.7,29.8,29.7,30.08,1.1333333333333329,3.3481822995644617,232300,True,False
TAPG.JK,2030.0,2010.0,1986.0,1907.5,1833.4606811523438,1643.9213525390626,1617.975830078125,38.60786474609374,2.3178464432183894,16930100,False,False
TAMU.JK,26.0,25.666666666666668,25.8,25.4,24.1,21.26,23.5,4.739999999999998,6.145331653264237,3361300,False,False
TAMA.JK,224.0,227.33333333333334,242.0,252.8,247.6,202.0,189.88,25.400000000000006,5.970388646787405,7758800,False,False
TALF.JK,710.0,718.3333333333334,723.0,741.5,813.0,693.0035070800782,693.21630859375,23.999298583984363,4.145950271401011,731500,False,False
SWID.JK,116.0,117.66666666666667,120.4,115.9,109.7,99.49960906982422,99.97777870178223,20.90039093017579,4.729711246906888,7030100,False,False
SURI.JK,80.0,80.0,80.2,79.0,75.65,69.0,70.22,11.200000000000003,1.8675873161024488,3848200,False,False
SURE.JK,2610.0,2603.3333333333335,2628.0,2652.0,2698.0,2773.0,2743.4,16.96666666666665,1.2717355757657849,15900,False,False
SUPA.JK,520.0,516.6666666666666,524.0,530.0,562.25,566.8,696.9,10.026666666666666,2.7027361538588157,12207000,False,False
SUNI.JK,715.0,713.3333333333334,715.0,716.0,718.75,664.1610888671875,655.3213244628906,10.917782226562508,0.6581860840717554,273400,False,False
SULI.JK,90.0,89.0,90.0,92.0,92.5,85.64,90.09,6.859999999999999,1.717918673586059,13238400,False,False
STTP.JK,9400.0,9425.0,9435.0,9457.5,9611.25,9762.0,9797.75,14.48,1.1100386184541249,2300,False,False
STRK.JK,71.0,69.0,67.8,64.2,63.0,66.4,82.45,8.0,2.7691112661566533,34368200,False,False
STAR.JK,408.0,410.0,413.6,420.4,364.0,315.32,419.49,52.53999999999999,8.970869043984058,67900,False,False
STAA.JK,1185.0,1171.6666666666667,1166.0,1126.0,1106.5,1059.2,1066.7308557128906,25.15999999999999,1.7601475918028426,6001000,False,False
SSTM.JK,480.0,419.3333333333333,412.0,408.6,413.4,402.08,486.22,38.96000000000001,8.218698495779215,2891400,False,False
SSMS.JK,915.0,903.3333333333334,909.0,900.0,928.25,874.3,977.9071691894532,10.79000000000001,2.876277674010886,10030400,False,False
SSIA.JK,1865.0,1840.0,1839.0,1774.0,1717.75,1638.0525268554688,1624.355556640625,45.389494628906235,3.436465892171345,24630900,False,False
SRTG.JK,1935.0,1930.0,1928.0,1897.5,1837.75,1699.6,1636.4836096191407,47.08000000000002,1.4828551446790332,3474300,False,False
SRSN.JK,74.0,71.66666666666667,71.6,71.2,71.0,68.5,67.36,5.5,2.032896700130405,60545300,True,True
SRAJ.JK,14400.0,14158.333333333334,13985.0,14215.0,13470.0,11964.5,12865.5,97.42,7.266789207908378,11200,False,False
SQMI.JK,67.0,63.333333333333336,62.6,61.9,63.35,57.76,54.04,9.240000000000002,3.4311520550345658,70996000,False,False
SPTO.JK,620.0,615.0,615.0,612.0,607.0,587.8,577.2429797363282,6.440000000000009,0.9450728150909917,156300,False,False
SPRE.JK,90.0,90.33333333333333,89.8,89.7,89.3,85.42,84.37,4.913333333333327,3.3048565095577875,3115800,True,True
SPMA.JK,167.0,165.33333333333334,165.6,165.1,164.35,164.4676919555664,163.0953842163086,2.6500000000000057,0.8934152167890657,358100,True,False
SOUL.JK,37.0,37.0,37.0,37.0,37.0,37.34,41.93,0.3400000000000034,0.0,0,True,False
SOTS.JK,620.0,621.6666666666666,626.0,644.5,627.25,616.0,747.3,5.7,2.4076697792294817,123500,True,False
SOSS.JK,840.0,840.0,840.0,840.0,852.0,858.7,846.1,3.740000000000009,0.0,0,True,False
SONA.JK,2400.0,2446.6666666666665,2408.0,2629.0,2543.5,2375.1007641601564,2255.6400756835938,25.389923583984363,6.986201244675091,6800,False,False
SOLA.JK,90.0,90.33333333333333,91.2,90.8,92.1,98.84,107.92,8.840000000000003,1.9179737122448457,3570500,False,False
SOHO.JK,1195.0,1195.0,1196.0,1188.0,1190.25,1170.8,1424.65,5.040000000000009,0.9738622859028447,10200,True,False
SOFA.JK,364.0,349.3333333333333,352.0,318.0,278.4,243.52,314.04,60.239999999999995,6.8829168726638965,5452900,False,False
SOCI.JK,545.0,538.3333333333334,540.0,534.0,504.25,412.4065814208984,421.91258056640623,26.518683715820316,3.539238414880604,12857600,False,False
SNLK.JK,224.0,225.33333333333334,227.2,228.8,227.1,224.48,233.32,2.4000000000000057,1.7604011144215206,13133900,True,False
SMSM.JK,1715.0,1710.0,1723.0,1725.0,1730.1825866699219,1677.8123657226563,1694.8206079101562,10.474044189453116,0.7855409374919308,2794600,False,False
SMRA.JK,316.0,313.3333333333333,317.2,324.0,324.6,306.7779730224609,305.1808787536621,8.911013488769555,1.5472904042859008,7159300,False,False
SMMT.JK,1990.0,2020.0,2010.0,1940.5,1900.5,1854.1,1873.3,33.18000000000002,2.7319992846266983,62000,False,False
SMMA.JK,20075.0,20041.666666666668,20070.0,20110.0,20120.0,20837.5,18924.75,31.833333333333286,0.3515987224773902,109500,False,False
SMLE.JK,164.0,161.66666666666666,159.2,164.8,165.65,138.16,127.46,27.49000000000001,4.70982449905961,20905800,False,False
SMKM.JK,109.0,111.0,106.6,103.2,89.0,75.2,80.8,35.8,4.3745211094472936,3575300,False,False
SMKL.JK,146.0,146.33333333333334,146.4,146.9,147.05,141.74,145.94045608520508,5.310000000000002,0.9802060429379403,49000,True,False
SMIL.JK,412.0,408.0,402.8,390.6,396.5,344.36,307.46,33.81999999999999,2.370943657004366,33374000,False,False
SMGR.JK,1500.0,1498.3333333333333,1513.0,1527.5,1536.0,1491.2,1737.4388940429687,8.95999999999999,2.4761265780731296,20679200,False,False
SMGA.JK,81.0,79.33333333333333,80.4,79.5,76.15,71.0,76.38,10.0,4.015311923698081,6705300,False,False
SMDR.JK,312.0,310.6666666666667,311.6,308.6,304.8387985229492,288.9452215576172,299.18175765991214,11.527389221191413,1.070735179635899,8238000,False,False
SMDM.JK,540.0,541.6666666666666,543.0,549.0,555.0,562.5,567.36,4.5,1.617640760895548,108700,True,False
SMBR.JK,163.0,162.0,165.2,165.9,166.0,159.42,174.20232879638672,6.5800000000000125,1.7942836368483033,4715300,False,False
SMAR.JK,6175.0,6033.333333333333,5960.0,5830.0,5782.5,5376.9,5266.793569335938,31.924000000000014,1.6615834093457904,98700,False,False
SLIS.JK,89.0,89.33333333333333,92.4,95.0,83.25,69.66,74.09,25.340000000000003,8.196773676813699,71349000,False,False
SKRN.JK,384.0,388.6666666666667,388.4,389.4,397.0,381.32,403.05628173828126,7.840000000000003,1.3038974939830872,155500,False,False
SKLT.JK,212.0,213.33333333333334,213.2,210.0,205.65,193.84,198.2164292907715,9.74666666666667,1.669067787403796,99100,False,False
SKBM.JK,540.0,538.3333333333334,538.0,537.5,538.75,542.9,574.29,1.0799999999999954,1.1440881708617612,136400,True,False
SIPD.JK,920.0,870.0,827.0,784.0,732.75,708.8,800.75,42.24000000000001,6.144797445359797,112400,False,False
SINI.JK,9625.0,8958.333333333334,8740.0,7950.0,7567.5,7492.37259765625,9948.936298828125,85.30509609375,4.5866901017538915,21723100,False,False
SIMP.JK,615.0,605.0,609.0,603.5,600.75,564.3072705078125,598.9259204101562,10.138545898437496,2.188683191812209,6484200,False,False
SILO.JK,2140.0,2183.3333333333335,2212.0,2252.0,2281.5,2203.9,2325.25,14.15,2.5774643969646815,352600,False,False
SIDO.JK,352.0,350.0,350.0,349.4,352.6,365.84,406.19708740234375,8.219999999999999,0.9914630068095311,15716400,False,False
SICO.JK,114.0,116.0,113.6,111.0,110.0,107.46,112.80938484191894,8.540000000000006,2.5844143104423534,12028300,False,False
SHIP.JK,2470.0,2293.3333333333335,2276.0,2267.0,2199.75,1902.6,2296.3872802734377,56.74000000000001,4.872606495711791,284900,False,False
SHID.JK,550.0,540.0,544.0,544.0,579.25,585.9,658.25,9.179999999999996,3.9582027728979647,4100,False,False
SGRO.JK,4770.0,4770.0,4788.0,4763.0,4444.5,3536.781455078125,3561.8842163085938,125.12185449218751,1.8467237046560763,41100,False,False
SGER.JK,600.0,568.3333333333334,557.0,518.6,498.6,447.48,402.08,30.503999999999998,3.242132458351523,103851000,False,False
SFAN.JK,2030.0,2030.0,2030.0,2023.0,2001.25,1980.6,1963.45,4.940000000000009,0.28936867219519175,44400,True,False
SEMA.JK,111.0,111.33333333333333,108.2,102.8,101.0,96.62,101.69,14.713333333333324,2.4850440836454757,3074300,False,False
SDRA.JK,222.0,220.66666666666666,219.6,219.6,221.2,213.84,229.28,4.079999999999998,1.210892495774558,84300,True,False
SDPC.JK,200.0,194.33333333333334,193.4,189.9,186.85,183.38,183.41181915283204,16.620000000000005,1.8745161351143131,1542100,False,False
SDMU.JK,95.0,90.0,90.8,85.1,82.9,82.22,84.62,12.780000000000001,7.918337578624778,40053200,False,False
SCNP.JK,153.0,151.0,150.4,149.7,152.05,151.31333221435546,153.6920654296875,3.3000000000000114,1.0534067027162908,611600,True,False
SCMA.JK,202.0,203.33333333333334,207.2,206.7,204.65,204.78,219.37333084106444,2.5999999999999943,2.616374454609726,44812100,True,False
SCCO.JK,2340.0,2346.6666666666665,2346.0,2337.0,2319.5,2274.2,2261.5641625976564,7.24666666666667,1.2235306425379409,12500,False,False
SBMA.JK,109.0,108.33333333333333,108.0,108.0,107.85,107.76,111.3,1.2399999999999949,1.2365033678928483,1965800,True,False
SATU.JK,244.0,241.33333333333334,245.2,251.4,256.0,265.84,264.6,12.253333333333316,1.7249109725127845,221700,False,False
SAPX.JK,218.0,215.33333333333334,217.2,215.0,215.3,213.74,223.1,2.1299999999999955,1.6889658626036748,230900,True,False
SAMF.JK,290.0,289.3333333333333,291.2,285.8,282.0,279.46303466796877,289.27365463256837,5.868482666015609,2.0690171916772666,59600,True,False
SAME.JK,308.0,304.0,299.2,295.2,296.6,312.16,319.1,8.480000000000018,1.4426292836438144,4188100,False,False
SAGE.JK,29.0,28.333333333333332,29.2,29.9,31.35,29.84,29.9,3.0166666666666693,3.165212752279084,878300,True,False
SAFE.JK,700.0,663.3333333333334,575.2,490.2,439.3,383.88,364.14,63.224000000000004,10.448439261016068,1014300,False,False
RUNS.JK,62.0,62.0,62.2,62.5,62.75,67.18,74.3,5.180000000000007,0.9065575179956542,998700,True,False
RUIS.JK,204.0,201.33333333333334,203.2,204.0,205.05,196.36625,198.1096875,4.341875000000002,2.8132430689308294,984400,True,False
RSCH.JK,340.0,340.0,338.4,326.6,322.2,303.04,297.52,18.47999999999999,1.8530610261136342,25269200,False,False
ROTI.JK,585.0,585.0,585.0,584.0,586.5,599.1,607.6111413574218,3.0200000000000045,0.4854878236893709,204300,True,False
RONY.JK,1230.0,1225.0,1237.0,1227.5,1253.25,1197.0,1277.85,11.25,3.2946727696717235,18500,False,False
RODA.JK,63.0,64.0,65.4,66.0,64.95,60.6,63.67,5.399999999999999,4.430821391086587,5460000,False,False
ROCK.JK,2050.0,2070.0,2098.0,2129.0,1998.25,1873.6,2034.75,25.54000000000001,4.071786787695882,21100,False,False
RMKO.JK,300.0,282.0,284.4,284.0,286.9,305.8,371.4,11.900000000000006,3.955730689787644,42576900,False,False
RMKE.JK,418.0,414.0,416.4,415.4,412.6,427.48,506.6403143310547,7.439999999999998,2.853444576982063,104320400,False,False
RLCO.JK,4220.0,4206.666666666667,4284.0,4380.0,4689.25,4048.2,4201.25,64.10500000000002,1.562523661726058,272900,False,False
RISE.JK,900.0,905.0,912.0,918.0,941.0,957.0,1242.2,11.4,1.9465106726074128,3593200,False,False
RIGS.JK,680.0,680.0,682.0,683.0,680.75,682.4,680.7,0.6,0.97240526330189,41800,True,False
RICY.JK,79.0,78.66666666666667,79.0,79.4,79.4,77.92,83.91,1.480000000000004,1.1898388891045437,1892700,True,False
RGAS.JK,194.0,230.0,225.6,207.8,221.45,209.3,154.82855369567872,36.0,10.107106549762982,31944100,False,False
RELI.JK,500.0,515.0,518.0,515.2,499.2,494.14,494.07,11.930000000000007,3.178803464059502,18400,False,False
RELF.JK,35.0,35.0,35.2,35.0,35.05,34.86,36.58,0.3400000000000034,1.9058514898660401,3093100,True,False
REAL.JK,50.0,50.0,50.4,51.2,51.5,50.75859573364258,51.68666641235352,1.5,1.5970703548227265,1611400,True,False
RDTX.JK,13275.0,13491.666666666666,13595.0,13545.0,13571.25,13725.4127734375,14565.882822265625,18.016510937499987,1.2312880945296973,600,False,False
RCCC.JK,111.0,111.66666666666667,109.8,107.2,103.7,94.46,98.63,17.206666666666678,2.469772304159938,1312800,False,False
RBMS.JK,62.0,62.0,63.0,63.3,64.2,62.4,62.69,2.200000000000003,3.5532546142266854,6584500,True,False
RATU.JK,4230.0,4240.0,4304.0,4368.0,4700.75,4900.6,5167.41693359375,67.06000000000003,3.5810809777048895,7693600,False,False
RANC.JK,520.0,520.0,520.0,521.5,518.5,522.5,532.97,0.8,0.6379775195414108,58600,True,False
RALS.JK,382.0,380.0,380.4,380.6,380.6,378.32,384.47777893066404,1.8400000000000034,0.4603899592076739,1677700,True,False
RAJA.JK,810.0,811.6666666666666,824.0,826.5,856.0,843.2196484375,816.9262463378906,9.2,2.793912150380465,44065400,False,False
RAAM.JK,187.0,186.66666666666666,189.0,187.7,193.05,202.2,206.94,15.533333333333331,2.44190863747869,601000,False,False
PZZA.JK,183.0,180.66666666666666,180.6,180.6,182.0,183.68,189.94691452026368,3.0800000000000125,0.885367860017656,1157000,True,False
PYFA.JK,260.0,233.33333333333334,233.6,225.2,218.3,208.76,249.12,25.620000000000005,6.685202476003038,98687100,False,False
PWON.JK,272.0,267.3333333333333,268.0,264.0,262.5,257.9632257080078,275.81870819091796,7.018387145996087,1.5993746518024772,48685300,False,False
PURI.JK,151.0,149.66666666666666,150.0,144.3,141.25,138.14,144.64,12.860000000000014,4.13662382540382,2963200,False,False
PURA.JK,31.0,31.333333333333332,31.6,32.2,32.35,31.24,32.2,1.3500000000000014,1.9847787684327802,2244900,True,False
PUDP.JK,272.0,272.0,276.8,283.4,295.4,294.52,308.5772268676758,11.699999999999989,2.5222444643795265,252800,False,False
PTSP.JK,890.0,896.6666666666666,900.0,910.0,918.0,897.9,900.9,5.6,0.9234794720011694,2700,True,False
PTSN.JK,298.0,292.6666666666667,294.4,290.0,285.8,259.32,267.54015243530273,19.340000000000003,1.7800458698181323,264200,False,False
PTRO.JK,4990.0,4975.0,5070.0,5160.0,5030.25,4494.9,4702.0,66.51000000000003,3.070096353644553,44558500,False,False
PTPW.JK,1185.0,1176.6666666666667,1178.0,1177.5,1177.5,1175.5553857421876,1061.082725830078,1.8889228515624836,0.5655812361446664,36700,True,False
PTPS.JK,157.0,155.0,156.4,155.2,152.4,139.78,147.47,17.22,2.1122345440726624,902300,False,False
PTPP.JK,199.0,203.66666666666666,205.0,205.1,203.25,198.04,215.57,7.060000000000002,2.9433779060951744,13212800,False,False
PTMP.JK,64.0,63.333333333333336,64.4,65.1,64.8,61.06,63.29,4.039999999999992,2.6060596650793277,8002800,True,True
PTIS.JK,258.0,258.0,260.4,259.0,263.8,270.08,285.48,6.039999999999992,1.683604963236416,20800,False,False
PTBA.JK,2530.0,2483.3333333333335,2466.0,2417.0,2384.5,2382.95625,2537.603649902344,14.704374999999981,1.7108534025762723,37465600,False,False
PSSI.JK,328.0,327.3333333333333,328.0,328.8,328.6,311.12,314.16570220947267,8.840000000000003,1.3956186299345412,36900,False,False
PSKT.JK,236.0,230.66666666666666,234.0,225.6,225.3,207.4,221.33,14.299999999999997,7.994557186883607,16816300,False,False
PSGO.JK,193.0,193.66666666666666,194.8,194.7,195.05,196.54,194.22884719848633,3.539999999999992,0.9583292742896236,348500,True,False
PSDN.JK,134.0,132.33333333333334,133.2,133.4,133.05,120.82,134.94,13.180000000000007,3.419214221453882,1331800,False,False
PSAT.JK,880.0,890.0,894.0,895.0,890.5,850.6,861.4,8.879999999999995,1.0364108300250379,45600,False,False
PSAB.JK,615.0,631.6666666666666,635.0,586.9,523.45,459.42,438.1120916748047,35.116,7.1204776517935535,78444300,False,False
PRIM.JK,120.0,118.66666666666667,118.6,116.2,112.55,101.02,90.89,18.980000000000004,1.902750877945711,1856400,False,False
PRDA.JK,2600.0,2556.6666666666665,2538.0,2484.0,2429.5,2451.4,2451.5270922851564,17.05,2.007728756005059,1911400,False,False
PRAY.JK,745.0,758.3333333333334,762.0,767.5,749.0,716.5,718.65,10.2,3.539212579771558,25400,False,False
PPRO.JK,16.0,15.666666666666666,16.2,16.7,16.8,16.94,18.19,1.2733333333333352,4.4837295527918295,9639500,False,False
PPRI.JK,142.0,143.33333333333334,145.4,144.1,145.6,144.44,156.15,3.5999999999999943,1.9630166169930956,4878300,True,False
PPRE.JK,103.0,103.33333333333333,105.2,104.8,104.3,104.9,108.79,2.200000000000003,3.8512967274888563,9927000,False,False
PPGL.JK,322.0,294.6666666666667,270.8,244.8,225.0,209.84,207.85,56.08,4.77787179268747,10007300,False,False
POWR.JK,900.0,895.0,886.0,855.0,800.25,746.9,721.006455078125,30.620000000000005,4.567203091751926,5702800,False,False
PORT.JK,890.0,900.0,906.0,906.5,888.0,872.2,886.1,6.8599999999999905,4.232127834569937,70200,False,False
POLY.JK,32.0,32.0,32.0,32.0,32.0,32.0,32.0,0.0,0.0,0,True,False
POLU.JK,18400.0,18000.0,15805.0,13577.5,12682.5,12756.0,13126.75,228.7,10.173979490973359,96600,False,False
POLI.JK,825.0,826.6666666666666,803.0,787.5,766.0,733.9,883.9,18.55333333333333,3.8406003467345675,75100,False,False
PNSE.JK,505.0,500.3333333333333,503.2,497.8,493.3,505.78,547.99,2.4959999999999924,1.569772218905734,1300,True,False
PNLF.JK,228.0,227.33333333333334,229.6,233.4,230.6,224.08,232.85,4.659999999999997,1.4313967334191686,11669400,True,False
PNIN.JK,735.0,728.3333333333334,723.0,719.0,717.25,723.2,744.5,3.55,1.481206656817971,429200,True,False
PNGO.JK,3470.0,3476.6666666666665,3492.0,3510.0,3533.0,3496.6,3492.1,6.3,0.6185487452816733,1800,False,False
PNBS.JK,50.0,50.0,50.0,50.0,50.05,50.1,50.3,0.10000000000000142,0.6200544431702717,718000,True,False
PNBN.JK,895.0,895.0,898.0,901.5,902.25,891.3872448730468,908.4333648681641,2.172551025390635,0.5853090017152177,398300,True,False
PMUI.JK,100.0,99.0,99.0,97.9,96.95,88.14,88.16592933654785,11.86,1.7452535610145832,1827200,False,False
PMJS.JK,137.0,132.66666666666666,129.4,125.5,121.15,111.84711517333984,116.75504737854004,25.152884826660156,4.641790180472642,4154400,False,False
PLAN.JK,43.0,42.333333333333336,41.6,40.0,39.1,37.9,41.84,5.100000000000001,3.0242354455946225,2613400,True,True
PKPK.JK,3680.0,3650.0,3680.0,3680.0,3782.0,3467.6,3092.15,31.44000000000001,1.9047891144501834,287000,False,False
PJHB.JK,185.0,182.66666666666666,183.8,179.0,175.4,168.64,188.32,16.360000000000014,3.423724964496783,2253900,False,False
PJAA.JK,460.0,459.3333333333333,459.6,459.0,457.2,456.72,471.4415588378906,1.6399999999999864,0.3609454558852413,59400,True,False
PIPA.JK,194.0,191.66666666666666,191.6,162.6,141.65,126.1,127.53,67.9,9.671706139811427,147584800,False,False
PICO.JK,192.0,196.33333333333334,182.0,158.4,144.8,134.54,141.16,61.79333333333335,11.133219418812129,5980000,False,False
PGUN.JK,9925.0,9925.0,9865.0,9190.0,8343.75,7784.5,8050.163891601563,85.62,8.313017038358298,68300,False,False
PGLI.JK,208.0,208.0,207.6,209.2,207.5,196.8,202.0,6.199999999999989,1.7664849288219917,195000,False,False
PGJO.JK,930.0,913.3333333333334,912.0,870.5,811.5,748.5,759.85,36.3,2.7808586179523105,893200,False,False
PGEO.JK,1030.0,1021.6666666666666,1039.0,1056.5,1052.0,987.9,970.2855828857422,13.720000000000004,2.9405756286220517,6655800,False,False
PGAS.JK,1510.0,1521.6666666666667,1525.0,1514.0,1508.5,1491.5,1591.877802734375,6.7,1.2080125344914376,57344100,False,False
PEVE.JK,312.0,313.3333333333333,313.6,315.6,325.4,320.12,352.42,6.699999999999989,1.092020191552965,1555400,False,False
PEHA.JK,274.0,276.0,277.6,280.4,271.9,260.38618041992186,272.89378631591796,10.00690979003906,5.262835004041606,293500,False,False
PEGE.JK,117.0,114.66666666666667,115.4,112.7,105.55,105.18914642333985,118.47457321166992,11.81085357666015,5.697720013851562,14052300,False,False
PDPP.JK,330.0,332.0,333.2,318.8,312.7,284.42290863037107,291.2253007507324,24.38854568481446,3.257708661657663,135500,False,False
PDES.JK,384.0,391.3333333333333,386.8,385.4,394.8,413.12,460.5697991943359,14.560000000000002,3.7597047747606327,1190600,False,False
PCAR.JK,41.0,40.333333333333336,41.2,42.0,42.5,40.08,38.86,2.4200000000000017,2.1948759028875844,1331800,True,True
PBSA.JK,835.0,821.6666666666666,827.0,850.0,798.25,760.2730578613281,821.561689453125,17.945388427734382,8.229428521298631,885000,False,False
PBRX.JK,26.0,26.0,26.0,26.2,26.4,26.7,30.24,0.6999999999999993,1.7797718745453506,1774100,True,False
PBID.JK,525.0,528.3333333333334,532.0,532.5,532.5,502.82,491.0982925415039,5.936000000000002,1.4011891323295935,1089400,True,True
PART.JK,118.0,114.0,109.4,103.2,102.1,103.56185562133788,105.29969787597656,15.900000000000006,3.3220414867087107,49745500,False,False
PANS.JK,1580.0,1570.0,1568.0,1559.5,1551.5,1552.0838745117187,1520.1475903320313,5.7,0.9412464349528953,214700,True,False
PANR.JK,422.0,424.6666666666667,422.8,423.4,423.4,414.36,448.65764709472654,5.153333333333336,1.3941243075785406,364100,True,False
PANI.JK,5925.0,5891.666666666667,5960.0,6005.0,6125.0,6154.0,7042.950219726563,10.493333333333322,1.733583531269773,4357600,False,False
PAMG.JK,56.0,55.333333333333336,55.6,55.8,56.2,54.48,56.19,1.720000000000006,1.0152137399064207,19946800,True,False
PALM.JK,292.0,291.3333333333333,292.4,290.8,291.0,297.5726971435547,320.91104705810545,3.386348571777347,0.945558534162213,83300,True,False
PADI.JK,72.0,72.33333333333333,73.4,71.7,71.05,71.88454528808593,86.42510948181152,2.3500000000000085,4.799112197589574,254612400,False,False
PADA.JK,222.0,216.66666666666666,222.0,215.9,194.3,144.56,146.31,38.72,13.841331951380248,91451500,False,False
PACK.JK,510.0,480.6666666666667,450.4,381.8,317.7,264.0,262.44,49.2,4.616085991051496,538475000,False,False
OPMS.JK,122.0,120.66666666666667,121.8,124.1,124.0,108.16,114.4,15.939999999999998,2.366426162575928,982600,False,False
OMRE.JK,955.0,956.6666666666666,964.0,974.0,991.75,1027.7,970.65,14.54000000000001,1.9687613421983423,1000,False,False
OMED.JK,232.0,231.33333333333334,232.4,232.0,228.0,214.52,230.70565490722657,8.939999999999998,1.5948128779175723,59363400,False,False
OLIV.JK,46.0,46.0,46.2,47.1,48.4,49.6,52.22,3.6000000000000014,1.6512208984708954,5608200,True,False
OKAS.JK,121.0,119.33333333333333,121.6,121.5,115.8,106.74,109.51,14.86,4.183394656226394,13740900,False,False
OILS.JK,226.0,219.33333333333334,220.4,222.6,226.3,213.52,226.18,6.390000000000001,1.8913167905996688,3406400,False,False
OBMD.JK,195.0,194.0,194.4,193.9,191.7,182.66,197.7,12.340000000000003,2.3428845066698853,369900,False,False
OBAT.JK,242.0,241.33333333333334,242.0,241.0,242.9,242.48,266.63518157958987,0.9500000000000028,1.1759745607222436,302200,True,False
OASA.JK,324.0,320.0,320.8,318.2,326.2,303.08,324.32,11.560000000000002,2.243531314339922,20286500,False,False
NTBK.JK,80.0,78.0,79.6,80.6,85.95,81.1,80.07029769897461,7.950000000000003,4.262808429644277,78120200,False,False
NSSS.JK,860.0,846.6666666666666,862.0,873.5,941.75,791.0213110351563,731.0674633789063,30.14573779296875,4.329487869002626,3076400,False,False
NRCA.JK,585.0,580.0,581.0,561.5,537.6,490.18,501.0689389038086,18.964,3.1160846775993964,3683500,False,False
NPGF.JK,57.0,57.333333333333336,58.2,59.2,58.892672538757324,58.117378616333006,63.380241012573244,2.200000000000003,3.2318784866364387,23935900,True,False
NOBU.JK,492.0,494.0,498.4,499.6,496.2,459.76,482.03,19.920000000000016,1.4194698135955328,3933200,False,False
NISP.JK,1240.0,1243.3333333333333,1251.0,1254.5,1264.5,1237.8,1274.0296704101563,5.340000000000009,0.7045470656892775,3309000,True,False
NIRO.JK,160.0,162.0,161.2,159.4,159.15,149.7,167.4,12.300000000000011,2.637490462575498,127900,False,False
NINE.JK,96.0,95.66666666666667,96.4,87.6,80.5,78.54,97.03,17.86,6.622655032831639,16660200,False,False
NIKL.JK,202.0,198.0,199.2,196.2,196.45,190.4,235.5346075439453,5.799999999999997,2.0751839651381445,4034000,True,False
NICL.JK,510.0,497.0,492.2,479.5,475.85,498.1,619.8513299560547,6.829999999999996,2.382502793065902,58238100,False,False
NICK.JK,1875.0,1783.3333333333333,1670.0,1556.5,1471.0,1205.9,1185.65,133.82,8.34251925559232,150100,False,False
NICE.JK,384.0,370.6666666666667,330.8,295.6,276.7,263.56,278.36,60.22,8.53584142996948,11139600,False,False
NFCX.JK,1665.0,1700.0,1711.0,1647.0,1585.5,1600.1,1674.85,25.1,3.7894968244676543,9300,False,False
NETV.JK,50.0,50.0,50.0,50.6,51.1,51.16,64.96,1.1599999999999966,1.2295667716366927,757600,True,False
NEST.JK,695.0,691.6666666666666,692.0,689.5,703.5,642.4,552.11,12.220000000000004,0.7484519243625347,1924200,False,False
NELY.JK,200.0,200.0,201.2,201.8,201.05,202.3,236.6943130493164,2.3000000000000114,0.8611418806004053,340500,True,False
NCKL.JK,955.0,953.3333333333334,954.0,941.5,934.25,864.8115942382813,905.3305493164063,18.037681152343747,1.821489743108972,36233900,False,False
NAYZ.JK,70.0,72.33333333333333,72.4,66.7,62.35,60.06,61.31,12.340000000000003,5.951866479248373,46570400,False,False
NATO.JK,685.0,676.6666666666666,672.0,660.0,658.75,628.8,617.45,11.240000000000009,1.7213845461134647,104500,False,False
NASI.JK,143.0,142.66666666666666,143.8,138.2,135.5,123.06,129.96,20.74000000000001,2.6758854075230243,1205300,False,False
NASA.JK,30.0,30.0,30.0,30.1,30.2,30.52,33.9,0.5199999999999996,3.2620773861499206,275000,True,False
NANO.JK,34.0,34.333333333333336,34.2,33.1,31.2,28.06,29.94,6.273333333333337,6.156032415660101,28097500,False,False
NAIK.JK,92.0,92.33333333333333,93.4,91.0,89.5,86.48,90.31326942443847,6.920000000000002,3.8193901146232347,4152400,False,False
MYTX.JK,41.0,41.0,41.0,41.0,41.0,40.9,45.29,0.10000000000000142,0.0,0,True,False
MYOR.JK,1590.0,1596.6666666666667,1617.0,1643.5,1664.25,1734.1,1737.7317700195313,28.819999999999983,1.4183407934535919,24193500,False,False
MYOH.JK,1125.0,1130.0,1143.0,1117.5,1079.75,1056.2,1106.2118579101561,17.359999999999992,2.6407340965382935,9600,False,False
MUTU.JK,129.0,131.66666666666666,128.2,121.2,116.1,113.26,108.61129913330078,18.406666666666652,2.725513859964743,36528700,False,False
MTWI.JK,246.0,245.33333333333334,247.2,248.8,252.2,261.92,279.1012294006348,8.293333333333337,1.6290937943387835,17200,False,False
MTMH.JK,990.0,993.3333333333334,980.0,954.5,937.75,939.513828125,961.2763824462891,11.116666666666674,1.7212964481642823,1100,False,False
MTLA.JK,525.0,518.3333333333334,515.0,514.5,520.5,515.72,516.5636065673829,2.1,0.8940199789454879,6500,True,False
MTFN.JK,13.0,13.0,13.0,13.0,13.0,13.12,16.08,0.11999999999999922,0.0,0,True,False
MTEL.JK,460.0,462.0,455.2,445.4,443.7,458.0536602783203,472.2472525024414,9.150000000000006,1.2153838147394411,42728200,False,False
MTDL.JK,505.0,506.6666666666667,508.0,508.5,508.75,508.52,520.0035000610352,0.75,1.4674203419995628,1496700,True,False
MSTI.JK,1345.0,1343.3333333333333,1340.0,1331.5,1328.75,1293.1,1280.9138793945312,10.380000000000019,0.7134450502040679,1056800,False,False
MSKY.JK,63.0,62.666666666666664,63.8,65.4,65.75,62.4,69.81,3.3500000000000014,3.734859839489487,2230300,True,False
MSJA.JK,442.0,434.6666666666667,435.2,434.8,423.0,414.36,435.7538665771484,13.819999999999993,1.9257660110254797,10717600,False,False
MSIN.JK,316.0,320.6666666666667,328.4,345.4,366.6,432.04,580.84,58.02000000000001,1.7631950592389423,39919300,False,False
MSIE.JK,105.0,99.0,97.0,96.9,97.15,90.24,100.14,14.760000000000005,3.468446925466618,19719700,False,False
MREI.JK,920.0,920.0,920.0,920.0,920.0,924.6,966.45,0.9200000000000046,0.0,0,True,False
MRAT.JK,414.0,408.6666666666667,412.4,420.0,430.6,438.32,433.34,14.826666666666654,2.3635807992745113,145100,False,False
MPXL.JK,169.0,168.66666666666666,168.4,167.1,162.4,153.42,157.72,15.580000000000013,1.6999994268847365,279900,False,False
MPRO.JK,12275.0,12100.0,12285.0,12725.0,12207.5,10763.5,9872.25,78.46,7.259638910463635,2300,False,False
MPPA.JK,43.0,44.333333333333336,45.6,47.4,47.55,47.32,48.13,4.549999999999997,2.0187172037828374,15749300,True,False
MPOW.JK,113.0,114.0,111.8,109.1,107.85,100.54,106.31,13.459999999999994,2.253118036990298,4981600,False,False
MPMX.JK,1020.0,1015.0,1016.0,1011.0,1007.0,987.5,926.9065447998047,6.5,0.5729988053231575,1999700,False,False
MPIX.JK,118.0,106.66666666666667,103.4,99.9,98.45,96.12,90.27,21.879999999999995,4.580891637409956,170398400,False,False
MORA.JK,5600.0,5350.0,5330.0,5240.0,5433.75,6223.0,6069.95,39.32,2.8360219459900837,3789700,False,False
MOLI.JK,282.0,277.3333333333333,280.0,279.2,273.8,257.6132000732422,250.0060876464844,12.193399963378909,2.8383927956303676,2487500,False,False
MNCN.JK,200.0,200.66666666666666,202.4,202.0,202.2,204.4,217.06,4.400000000000006,1.038631279527103,53996300,True,False
MMLP.JK,300.0,298.0,298.4,296.6,296.1,295.96,311.16,2.0200000000000102,1.4429626033503113,696400,True,False
MMIX.JK,800.0,786.6666666666666,783.0,773.5,755.75,708.88,563.86,18.224,0.7080071768870214,36276000,False,False
MLPT.JK,1295.0,1305.0,1335.0,1365.0,1501.5,1179.98,1001.2571112060547,64.304,5.7209647705928415,3164500,False,False
MLPL.JK,93.0,92.33333333333333,93.6,94.4,95.7,89.18,91.15,6.519999999999996,2.5794566080456582,10010100,False,False
MLIA.JK,232.0,230.66666666666666,230.8,231.8,231.7,235.68,248.16,2.506666666666675,1.0366117957722971,16800,True,False
MLBI.JK,6875.0,6883.333333333333,6895.0,6917.5,6901.25,6530.6303125,6041.143720703125,15.474787499999984,0.5070903086730866,54500,False,False
MKTR.JK,122.0,121.66666666666667,122.2,122.4,122.9,121.1449951171875,123.70318161010742,1.7550048828125,1.3600780836636068,235000,True,False
MKPI.JK,21950.0,22050.0,22095.0,22040.0,21970.0,21434.301953125,21337.181015625,26.427921875000028,0.3396183429196028,40800,False,False
MKAP.JK,1125.0,1130.0,1144.0,1155.0,1161.25,1161.9209350585938,1115.0681420898438,7.384187011718768,0.8207197114884195,13300,False,False
MITI.JK,240.0,236.66666666666666,222.4,211.2,204.0,182.08,201.32,28.959999999999994,5.680079960178113,7024100,False,False
MIRA.JK,26.0,25.666666666666668,26.2,27.6,26.65,22.32,21.89,5.280000000000001,5.571907883013539,3185600,False,False
MINE.JK,236.0,236.0,237.6,235.2,233.0,223.0,262.22,7.299999999999997,2.3298432676534033,365500,False,False
MINA.JK,274.0,273.3333333333333,277.6,273.2,272.0,275.28,296.36,2.8000000000000114,2.9646630609184217,46464200,True,False
MIKA.JK,1875.0,1870.0,1856.0,1816.5,1814.5,1744.44,1769.8260754394532,26.111999999999988,1.1053197287671765,2290300,False,False
MIDI.JK,278.0,278.0,279.2,276.8,278.0,280.48,292.0344186401367,1.8400000000000034,1.4221505659461446,5637500,True,False
MICE.JK,535.0,531.6666666666666,530.0,527.0,523.75,509.21227966308595,502.03752655029297,5.15754406738281,0.7833669219140545,1117400,True,True
MHKI.JK,147.0,143.0,142.6,138.1,137.0,130.62992919921874,144.59655464172363,16.370070800781264,2.6367936797125417,11870300,False,False
MGRO.JK,685.0,675.0,674.0,672.0,674.25,674.4,681.15,2.6,1.6452889371216683,4026800,True,True
MGNA.JK,96.0,95.0,96.0,97.2,104.3,95.9,118.16,9.299999999999997,1.9712338930636075,1295400,False,False
MGLV.JK,12100.0,12008.333333333334,11705.0,11055.0,9752.5,8881.0,8123.65,128.76,2.9344401564671596,2222100,False,False
MERK.JK,3900.0,3913.3333333333335,3926.0,3927.0,3930.5,3830.8,3724.8462377929686,9.969999999999981,1.0600282000108632,20900,False,False
MERI.JK,121.0,121.0,121.8,120.9,116.8,109.36,120.95,12.439999999999998,2.3250029386071396,2140500,False,False
MEJA.JK,117.0,118.0,120.6,121.7,111.3,96.34,96.95428573608399,25.36,4.800447979807439,42919500,False,False
MEGA.JK,1950.0,1965.0,1971.0,1976.0,1979.5,2001.7,2100.8568896484376,10.340000000000009,0.3788840977181959,10600,False,False
MEDS.JK,71.0,70.66666666666667,71.0,71.1,72.55,74.08,78.65,3.413333333333327,2.046134675086481,14200200,True,False
MEDC.JK,1360.0,1346.6666666666667,1366.0,1361.5,1337.0,1241.6,1353.6712634277344,24.880000000000017,3.4467998185710753,20665700,False,False
MDRN.JK,26.0,26.0,26.0,26.0,26.0,26.44,34.39,0.4400000000000013,0.0,0,True,False
MDLN.JK,50.0,50.0,50.0,50.0,50.05,50.1,51.6,0.10000000000000142,0.0,61600,True,False
MDLA.JK,208.0,206.66666666666666,206.8,208.0,209.1,206.88,204.3409132385254,1.2166666666666686,0.7585788811713254,619700,True,False
MDKI.JK,192.0,191.33333333333334,191.2,189.9,187.85,183.02,181.8857322692871,8.97999999999999,0.8530831571821095,187300,False,False
MDKA.JK,3040.0,3030.0,3000.0,2936.0,2898.0,2767.5427294921874,2841.1880517578124,27.245727050781262,2.273340479353786,30410000,False,False
MDIY.JK,960.0,953.3333333333334,949.0,949.5,935.5,919.9469458007812,878.660610961914,8.010610839843753,0.86514139912654,392400,False,False
MDIA.JK,240.0,239.33333333333334,250.0,265.0,250.25,149.46,123.86,57.769999999999996,5.583286822112714,34665700,False,False
MCOR.JK,69.0,68.66666666666667,69.0,68.9,68.85,67.84,68.3,1.1599999999999966,1.6818443329914556,3458200,True,True
MCOL.JK,3650.0,3680.0,3684.0,3718.0,3730.0,3759.2,3754.682751464844,10.919999999999982,1.3937013070122641,26200,False,False
MCAS.JK,286.0,282.6666666666667,288.8,294.2,285.5,222.58,258.15,35.80999999999999,4.458635797195449,2173000,False,False
MBTO.JK,125.0,124.66666666666667,126.4,127.6,128.1,118.04,116.12,10.059999999999988,1.8858617460295823,1119300,False,False
MBSS.JK,2830.0,2823.3333333333335,2828.0,2831.0,2829.0,2698.2,2451.0,13.280000000000019,0.3881940157311477,823200,False,False
MBMA.JK,555.0,556.6666666666666,560.0,542.5,536.65,520.56,557.09,7.888000000000011,4.972319091462145,71481900,False,False
MBAP.JK,1490.0,1475.0,1473.0,1466.5,1451.5,1407.9,1505.65,16.41999999999998,0.9341382608811325,50600,False,False
MAYA.JK,202.0,199.33333333333334,199.8,199.4,200.05,195.3,193.8,3.3499999999999943,1.0591140947789517,1292300,True,True
MAXI.JK,50.0,50.0,50.0,50.0,50.0,50.0,50.49,0.0,0.0,126500,True,False
MASB.JK,3390.0,3390.0,3390.0,3389.0,3386.5,3384.8,3331.3,0.5199999999999818,0.8735805635164147,10600,True,False
MARK.JK,1075.0,1065.0,1077.0,1084.5,1077.9211669921874,1016.03693359375,894.1322918701172,13.69261328125001,1.6956368208747847,3729700,False,False
MARI.JK,23.0,23.0,23.0,23.0,23.0,23.12,25.41,0.120000000000001,0.0,0,True,False
MAPI.JK,1495.0,1483.3333333333333,1492.0,1500.5,1571.75,1532.3046118164064,1457.275352783203,17.683333333333348,1.7591413211765705,1483400,False,False
MAPB.JK,1175.0,1175.0,1175.0,1158.5,1158.5,1066.6,1262.55,21.680000000000017,4.728076285021157,0,False,False
MAPA.JK,725.0,701.6666666666666,686.0,671.5,664.75,631.0219506835938,623.9914642333985,18.795609863281243,3.0322306716236227,27320400,False,False
MANG.JK,39.0,39.0,39.0,38.4,38.6,39.7,43.59,1.3000000000000043,2.294372957989158,5110700,True,False
MAIN.JK,670.0,661.6666666666666,666.0,666.5,673.5,678.7,750.4984906005859,3.406666666666683,1.5223587797099356,1447100,True,False
MAHA.JK,147.0,147.0,147.2,147.1,146.25,140.84,138.14500198364257,6.359999999999985,1.127985110688712,4186600,False,False
LUCK.JK,111.0,111.33333333333333,112.6,113.6,113.5,106.28,107.0,7.319999999999993,2.271985810738555,2746400,False,False
LTLS.JK,845.0,840.0,841.0,843.0,839.0,802.8,784.1694012451172,8.440000000000008,0.9491211914728934,39300,False,False
LSIP.JK,1465.0,1448.3333333333333,1454.0,1436.0,1440.5,1348.2109033203126,1356.1113256835938,23.357819335937485,2.075892604987903,6431400,False,False
LRNA.JK,189.0,188.0,189.0,189.2,187.5,182.54,188.86,6.659999999999997,1.517341096707738,457100,False,False
LPPS.JK,83.0,81.33333333333333,81.6,81.3,81.5,76.2,77.71,6.799999999999997,2.210634923154723,3328200,False,False
LPPF.JK,1605.0,1603.3333333333333,1612.0,1608.0,1593.25,1554.0,1586.5494909667968,11.6,0.954457358252695,739100,False,False
LPLI.JK,242.0,242.0,243.2,243.6,244.7,243.28,260.5,1.3499999999999943,0.8124477263173986,175200,True,False
LPKR.JK,62.0,62.0,62.6,63.1,62.8,61.52,69.31,1.5799999999999983,2.527411543202568,111309500,True,False
LPIN.JK,424.0,423.3333333333333,423.6,422.4,421.3,414.2,411.57950469970706,4.900000000000006,0.4507307555957475,71700,True,False
LPGI.JK,630.0,635.0,635.0,633.5,633.25,653.9,667.8963787841797,4.779999999999996,1.619397438404361,1700,True,False
LPCK.JK,600.0,590.0,598.0,604.0,593.25,542.88,564.44,12.224,2.0976371433140986,723900,False,False
LOPI.JK,77.0,76.0,78.4,78.4,74.45,63.82,83.52,14.580000000000005,4.163895144020915,3222100,False,False
LMPI.JK,163.0,162.0,159.2,155.6,149.2,141.82,146.88,21.180000000000007,2.902774938139011,460300,False,False
LMAX.JK,108.0,109.0,110.0,111.2,112.35,103.38,120.52,8.969999999999999,2.0750113718448095,103200,False,False
LIVE.JK,193.0,193.0,191.8,195.8,203.8,208.96,214.08,17.159999999999997,1.8012283422311224,9253600,False,False
LION.JK,350.0,352.0,350.4,347.2,349.8,337.8,363.68,7.099999999999994,1.419941665487389,46100,False,False
LINK.JK,1535.0,1500.0,1495.0,1510.0,1452.0,1454.9,1517.0,16.6,6.961789380169882,233900,False,False
LIFE.JK,8450.0,7800.0,6950.0,6365.0,6106.25,5952.0,6351.981372070312,99.92,8.503805398657631,130700,False,False
LFLO.JK,515.0,523.3333333333334,523.0,513.8,503.05,528.5,529.4368014526367,5.089999999999998,2.0980906974444746,2400,True,False
LEAD.JK,100.0,100.33333333333333,103.6,106.5,108.3,102.36,112.04,8.299999999999997,3.8936081797391857,8837100,False,False
LCKM.JK,109.0,109.0,109.0,109.0,109.0,108.78,113.19,0.21999999999999886,0.0,0,True,False
LAPD.JK,70.0,69.0,68.4,66.6,65.45,64.42,70.47,5.579999999999998,1.6315099798109498,24209800,True,False
LAND.JK,73.0,72.66666666666667,74.2,75.2,76.85,69.46,70.8,7.390000000000001,2.9070142049912504,15730400,False,False
LAJU.JK,68.0,67.33333333333333,67.6,67.8,67.25,65.9770240020752,69.90112178802491,2.022975997924803,2.0301862231074956,10213800,True,False
LABS.JK,160.0,161.0,164.2,168.5,162.15,151.72,153.27,16.78,3.3730214685669404,714600,False,False
LABA.JK,129.0,106.66666666666667,104.0,99.9,97.3,93.6,102.52,35.400000000000006,11.308549091993974,395083900,False,False
KUAS.JK,95.0,97.0,95.4,93.2,92.7,91.08,99.41139289855957,5.920000000000002,2.763453970249249,20781200,True,False
KSIX.JK,412.0,416.6666666666667,419.6,414.8,385.8,341.84,337.5,38.880000000000024,1.9006791347491885,607000,False,False
KRYA.JK,70.0,64.33333333333333,64.4,64.1,63.15,59.84,63.75,10.159999999999997,4.782534966807951,408149800,False,False
KREN.JK,14.0,13.666666666666666,13.6,13.2,13.2,12.62,13.96,1.3800000000000008,5.677335648154899,4932000,False,False
KRAS.JK,228.0,224.0,226.0,224.8,225.0,218.94,237.54,4.530000000000001,1.907371772318319,3918600,True,False
KPIG.JK,66.0,66.0,66.2,67.6,73.5,77.78,91.37,11.780000000000001,3.2593281231001194,102297900,False,False
KOTA.JK,161.0,157.66666666666666,160.0,164.1,165.6,125.6,116.55,40.0,8.724040850922414,577543500,False,False
KOPI.JK,206.0,203.33333333333334,203.6,203.8,206.2,198.0,211.99,4.099999999999994,0.9778545436624035,449800,True,False
KONI.JK,2150.0,2166.6666666666665,2206.0,2272.0,2333.0,2515.6,2509.35,36.55999999999999,1.4844670216556417,307700,False,False
KOKA.JK,177.0,174.0,178.8,181.7,188.4,165.42,156.74,22.980000000000018,5.002984163977049,5449100,False,False
KOIN.JK,78.0,78.0,78.0,78.0,78.0,77.54,78.13,0.45999999999999375,0.0,0,True,False
KOCI.JK,102.0,101.33333333333333,104.4,106.5,106.55,101.66,105.46157768249512,5.216666666666669,3.3450250044134204,5280200,True,False
KOBX.JK,173.0,173.66666666666666,172.0,170.7,168.2,155.2,161.1,18.46666666666667,3.2715046179253706,17771300,False,False
KMTR.JK,238.0,234.0,235.2,232.4,232.2,230.0,238.18,4.0,1.7221665488526015,5900,True,False
KMDS.JK,510.0,523.3333333333334,526.0,524.5,530.25,534.2,537.0609475708007,4.840000000000009,1.6662889355255013,1057400,True,False
KLIN.JK,117.0,117.66666666666667,117.2,116.7,116.9,109.1,121.89,8.566666666666677,2.998660561955545,67400,False,False
KLBF.JK,800.0,803.3333333333334,805.0,803.0,783.75,755.9,793.3068469238282,9.820000000000004,2.201063227409788,33275500,False,False
KLAS.JK,86.0,85.0,83.6,81.8,79.35,73.04,75.34,12.959999999999994,1.5530912255266984,7426000,False,False
KKGI.JK,278.0,279.3333333333333,282.4,279.2,277.0,270.6878192138672,278.290525970459,5.856090393066381,1.8008761992477875,2847700,True,False
KKES.JK,70.0,70.0,69.0,70.2,68.7,60.66,50.13,9.540000000000006,3.7136755149279845,7266500,False,False
KJEN.JK,162.0,161.66666666666666,162.8,164.0,157.8,133.72,135.88,30.28,5.280833961475682,5908300,False,False
KIOS.JK,101.0,98.66666666666667,98.4,96.7,96.5,93.06,95.6,7.939999999999998,2.608328989774238,17813200,False,False
KINO.JK,1355.0,1351.6666666666667,1353.0,1334.0,1312.25,1209.4,1152.4139868164064,29.119999999999983,1.7093521418528486,13500,False,False
KING.JK,290.0,284.6666666666667,282.8,287.2,280.4,301.56,376.65,10.580000000000013,4.399093343564702,181200,False,False
KIJA.JK,210.0,203.66666666666666,203.4,180.1,152.85,136.2,147.55,36.900000000000006,14.826922937518571,1446477600,False,False
KICI.JK,238.0,229.33333333333334,216.0,204.9,199.85,191.6,199.32,23.200000000000003,3.6799788865140313,12099900,False,False
KETR.JK,860.0,751.6666666666666,735.0,672.0,622.25,569.08,552.91,58.18399999999999,10.814232456743808,209289200,False,False
KEJU.JK,600.0,595.0,590.0,591.5,580.5,560.7,559.3906280517579,7.8599999999999905,1.2806565848057136,666500,False,False
KEEN.JK,880.0,860.0,860.0,872.0,879.0,856.8,861.3157678222656,4.6400000000000095,1.7180328311782025,12352600,True,True
KDTN.JK,352.0,343.3333333333333,349.2,359.6,387.5,487.24,690.57,71.95333333333335,3.003538690982312,21315100,False,False
KDSI.JK,464.0,462.6666666666667,460.4,459.8,458.3,447.4,447.62,8.300000000000011,1.2382551394127772,900,False,False
KBLV.JK,139.0,135.66666666666666,140.6,143.0,140.1,115.7,110.23,27.299999999999997,5.217188676994141,28566200,False,False
KBLM.JK,308.0,307.3333333333333,306.4,306.2,304.4,295.92,300.7856671142578,6.039999999999992,1.151037677800843,7800,False,False
KBLI.JK,324.0,326.0,326.8,325.6,326.7,319.25413024902343,311.06155364990235,3.772934875488289,1.2460890559496778,254200,True,False
KBAG.JK,44.0,41.666666666666664,43.4,46.6,46.95,42.26,43.68,5.2833333333333385,5.325349880345204,2522500,False,False
KARW.JK,212.0,212.0,212.0,212.0,212.0,215.08,249.18,1.5400000000000063,0.0,0,True,False
KAQI.JK,94.0,92.66666666666667,94.6,95.0,94.9,89.9,97.07,5.099999999999994,3.0831633186207257,28699800,True,False
KAEF.JK,436.0,435.3333333333333,437.2,438.4,446.8,449.0,472.88,6.833333333333343,1.263790977645823,473800,False,False
JTPE.JK,610.0,610.0,615.0,617.5,611.0,607.4,599.225,2.0200000000000045,0.8508115763418591,628600,True,False
JSPT.JK,1410.0,1406.6666666666667,1407.0,1408.5,1407.25,1378.4,1366.0196923828125,6.319999999999982,2.8251635304312623,14500,False,False
JSMR.JK,2830.0,2793.3333333333335,2786.0,2772.0,2766.5,2754.2,2821.324387207031,7.580000000000018,1.0841074045429802,3018200,False,False
JRPT.JK,1080.0,1078.3333333333333,1077.0,1077.5,1079.75,1079.4,1071.7162109375,0.6,0.30936024695314923,183900,True,False
JPFA.JK,2170.0,2173.3333333333335,2188.0,2239.0,2220.0,2098.4,2236.3833422851562,14.059999999999992,2.07925455237223,12489000,False,False
JMAS.JK,228.0,228.0,228.0,228.0,228.0,228.56,241.62,0.28000000000000114,0.0,0,True,False
JKON.JK,86.0,86.33333333333333,86.4,86.4,84.6,73.84,72.28373210906983,12.560000000000002,0.8525553484983763,22056600,False,False
JIHD.JK,450.0,428.6666666666667,430.0,436.2,432.8,428.76,450.13,10.666666666666657,3.24088454183801,1239400,False,False
JGLE.JK,80.0,80.33333333333333,83.2,86.4,84.55,66.54,67.61,19.86,5.161617614289429,504080900,False,False
JECC.JK,645.0,640.0,638.0,635.0,635.0,634.3314282226562,688.1140026855469,2.13371435546876,1.7543702227918816,63300,True,False
JAYA.JK,134.0,133.33333333333334,133.8,133.7,133.25,126.84,129.94,7.159999999999997,0.6545853355617232,1211300,False,False
JAWA.JK,133.0,132.33333333333334,134.2,131.6,130.1,122.06,134.92,12.139999999999986,4.601345291723647,1223200,False,False
JATI.JK,104.0,103.33333333333333,103.8,101.8,99.9,96.12,98.98776176452637,7.8799999999999955,2.082655308102459,11302300,False,False
JAST.JK,96.0,102.66666666666667,96.6,89.8,86.75,83.76,88.11,18.906666666666666,8.358465173777162,43418000,False,False
JARR.JK,3200.0,3223.3333333333335,3176.0,2763.5,2334.0,2073.0134545898436,2018.6301428222657,115.03198787434899,10.487688221066218,18236200,False,False
ITMG.JK,25650.0,25433.333333333332,25380.0,25147.5,24957.5,23896.0,24077.68255859375,70.16,1.3547862805180095,1557900,False,False
ITMA.JK,1415.0,1411.6666666666667,1442.0,1419.0,1389.75,1383.9,1624.95,11.619999999999981,5.685685280622613,19700,False,False
ITIC.JK,222.0,222.0,223.6,225.4,225.0,212.32,224.75,6.540000000000006,1.1581092200190952,167200,False,False
ISSP.JK,416.0,419.3333333333333,423.6,427.8,431.5,409.16,412.78612823486327,11.169999999999987,1.520642873268846,685000,False,False
ISEA.JK,81.0,80.66666666666667,81.4,82.3,81.7,75.86,77.83,6.439999999999998,3.0779696805371572,2350100,False,False
ISAT.JK,2530.0,2540.0,2594.0,2605.0,2322.5,2038.3,2027.7726708984376,56.67,3.6850828379856044,65254200,False,False
ISAP.JK,24.0,23.333333333333332,23.2,23.5,24.05,23.94,26.29,0.8500000000000014,3.854827253416511,14123400,False,False
IRSX.JK,370.0,361.3333333333333,366.4,366.2,361.9,314.08,354.5204067993164,27.960000000000008,4.313643379553357,32701400,False,False
IRRA.JK,374.0,371.3333333333333,371.6,372.0,372.3,372.04,380.3,1.3333333333333428,0.6225113795371614,649700,True,False
IPTV.JK,31.0,31.0,31.2,30.6,30.4,32.14,35.72,1.740000000000002,2.9345164518102167,1264500,True,False
IPOL.JK,113.0,112.33333333333333,112.8,112.4,111.4,108.12,113.44,4.8799999999999955,1.191944886034047,364700,True,False
IPCM.JK,300.0,301.3333333333333,302.0,301.8,303.0,308.07805419921874,306.7589401245117,4.0390270996093705,0.6068952768017544,1130700,True,False
IPCC.JK,1150.0,1146.6666666666667,1148.0,1160.5,1160.25,1170.153203125,1168.4532452392577,4.69730729166663,0.6170044083477629,487500,True,False
IPAC.JK,178.0,182.0,181.2,177.1,171.55,162.36,156.69,19.639999999999986,2.800674819791544,39700,False,False
IOTF.JK,63.0,62.666666666666664,64.2,66.3,61.7,56.16,58.21,10.14,3.9349508310707706,14911100,False,False
INTP.JK,5475.0,5525.0,5550.0,5482.5,5298.5,4751.8,4656.120498046875,31.927999999999994,2.2813675944063343,2993700,False,False
INTD.JK,288.0,286.6666666666667,287.2,287.4,275.4,247.8,248.68,20.099999999999994,3.895930719549065,8500,False,False
INTA.JK,61.0,61.0,61.0,61.0,61.0,61.26,66.83,0.259999999999998,0.0,0,True,False
INPS.JK,700.0,660.0,664.0,689.5,695.25,656.6,645.46,8.679999999999996,5.226199840288289,306300,False,False
INPP.JK,735.0,735.0,733.0,739.7010131835938,723.4224426269532,712.9595812988281,745.1355993652344,5.348286376953138,1.9622943591105997,111200,True,False
INPC.JK,153.0,145.66666666666666,145.0,143.2,142.0,136.4,143.09,16.599999999999994,2.864899166176478,73797400,False,False
INOV.JK,139.0,139.66666666666666,142.8,144.3,144.05,131.42,131.53,12.880000000000024,2.2987433794947454,8859400,False,False
INKP.JK,8850.0,8791.666666666666,8770.0,8682.5,8526.25,7859.953564453125,8280.855322265625,39.601857421874996,0.9914200413104785,2234900,False,False
INET.JK,340.0,332.0,331.2,300.8,264.8,230.86,248.46,54.56999999999999,9.465740225377461,1005373700,False,False
INDY.JK,2830.0,2750.0,2728.0,2668.0,2609.0,2360.2,2679.2400756835937,46.98000000000002,2.840590033689934,18698800,False,False
INDX.JK,60.0,60.0,60.0,60.0,60.0,60.46,76.5,0.46000000000000085,2.837818317547164e-07,0,True,False
INDS.JK,266.0,267.3333333333333,268.4,266.2,271.1,266.1696014404297,306.61340408325196,2.5500000000000114,1.8994552406152954,1566700,True,False
INDR.JK,2440.0,2426.6666666666665,2450.0,2424.0,2369.5,2148.9,2278.5,30.109999999999992,1.7990567617065898,18600,False,False
INDO.JK,181.0,180.66666666666666,181.8,181.1,178.25,171.14,165.71,10.660000000000025,1.6263796446691305,27436000,False,False
INDF.JK,7300.0,7291.666666666667,7325.0,7337.5,7276.25,6896.302197265625,6670.526176757812,17.647912109374992,0.8336502715525498,2584300,False,False
INCO.JK,5225.0,5241.666666666667,5240.0,5200.0,5252.5,4943.2,5280.292495117187,12.372000000000007,3.006267247810992,6132000,False,False
INCI.JK,670.0,668.3333333333334,670.0,669.5,668.75,659.1,666.7606512451172,2.1799999999999953,1.2218645656220808,58000,True,False
INCF.JK,50.0,50.0,50.0,50.0,50.0,50.0,52.25,0.0,0.0,0,True,False
INAI.JK,178.0,178.0,177.8,176.4,177.55,158.84,166.57,19.159999999999997,1.945736754107467,678800,False,False
IMPC.JK,1350.0,1366.6666666666667,1367.0,1380.0,1463.5,1482.8,1754.65,26.55999999999999,5.133040048545791,20134000,False,False
IMJS.JK,169.0,168.66666666666666,170.2,167.0,164.3,150.98295501708984,160.31734619140624,19.217044982910153,3.055191109013323,1720200,False,False
IMAS.JK,880.0,876.6666666666666,882.0,876.0,867.25,841.7675756835938,914.7177056884766,8.04648486328124,1.664684180891098,367700,False,False
IKPM.JK,193.0,191.0,192.8,195.9,194.05,187.52,193.1,8.379999999999995,4.405203653305686,5279800,False,False
IKBI.JK,525.0,521.6666666666666,523.0,531.5,556.987680053711,526.7366564941407,515.5785821533203,7.064202677408867,2.364743905839682,77000,False,False
IKAN.JK,91.0,90.66666666666667,89.2,88.2,87.2,81.6,85.82,9.400000000000006,3.8796769397585336,28528300,False,False
IKAI.JK,20.0,19.666666666666668,19.6,20.0,20.55,19.42,20.83,1.129999999999999,2.8548729422767827,2252000,True,False
IGAR.JK,470.0,469.3333333333333,469.2,461.8,451.3,428.26,440.7397137451172,20.870000000000005,0.8971982266877374,12600,False,False
IFSH.JK,1040.0,1046.6666666666667,1064.0,1098.0,1118.5,1196.9,1577.917890625,31.380000000000017,2.31395934884775,3400,False,False
IFII.JK,204.0,205.33333333333334,206.8,206.8,206.5,210.16,216.76,3.0799999999999983,0.9555570432131556,415700,True,False
IDPR.JK,268.0,267.3333333333333,265.6,263.6,271.4,287.0732879638672,291.7277841186523,11.736643981933582,1.2203343737565444,9900,False,False
IDEA.JK,60.0,60.333333333333336,61.0,61.4,63.5,61.92,66.1,3.5,3.025156316088073,1442500,True,False
ICON.JK,127.0,127.0,127.6,131.2,122.4,111.96,114.26,19.239999999999995,6.192955627876491,20946200,False,False
ICBP.JK,7950.0,7916.666666666667,7825.0,7727.5,7543.75,7015.26212890625,6818.87732421875,37.38951484375,0.7674261295409792,3700600,False,False
IBST.JK,8475.0,8475.0,8475.0,8475.0,8475.0,8475.0,8390.75,0.0,0.0,0,True,False
IBOS.JK,87.0,86.66666666666667,87.2,78.9,72.6,71.76,86.65,15.439999999999998,5.045206178558556,7976200,False,False
IBFN.JK,63.0,63.0,63.0,63.0,63.0,63.8,68.7,0.7999999999999972,0.0,0,True,False
IATA.JK,112.0,112.33333333333333,114.8,116.4,109.45,81.06,77.63,35.34,6.812785106617683,300249700,False,False
HYGN.JK,183.0,180.66666666666666,179.0,175.3,171.45,157.02,150.2842008972168,25.97999999999999,1.008802299026557,3363500,False,False
HUMI.JK,138.0,136.33333333333334,141.8,146.1,145.50400085449218,132.08239135742187,150.3008583831787,14.017608642578125,4.880681555303509,34298700,False,False
HRUM.JK,920.0,906.6666666666666,914.0,892.0,869.5,816.2,852.45,20.75999999999999,2.7192341809196385,13153300,False,False
HRTA.JK,2330.0,2336.6666666666665,2350.0,2273.0,2145.75,1986.4,2222.703056640625,36.35999999999999,3.14517473607865,4080500,False,False
HRME.JK,39.0,37.666666666666664,39.2,41.2,41.7,42.98,45.4,5.313333333333333,4.393860611056238,1492900,False,False
HOPE.JK,254.0,250.66666666666666,256.0,251.8,235.4,184.76,178.31,35.620000000000005,7.610443334509577,46784500,False,False
HOMI.JK,210.0,210.66666666666666,213.2,212.2,197.0,190.38,205.33,11.409999999999997,4.469871196331043,1638500,False,False
HOKI.JK,57.0,55.666666666666664,56.0,55.6,55.0,54.04,58.58,2.960000000000001,2.0305173461569437,12832800,True,False
HMSP.JK,735.0,738.3333333333334,741.0,743.0,745.75,706.4,690.711098022461,7.8700000000000045,1.4821549504491307,8109900,False,False
HILL.JK,16.0,16.0,16.0,16.0,16.0,16.02,17.3,0.019999999999999574,0.0,0,True,False
HGII.JK,143.0,134.66666666666666,130.4,126.6,124.4,123.59379684448243,129.0900733947754,19.406203155517574,2.67551903102851,68311000,False,False
HEXA.JK,4450.0,4370.0,4356.0,4372.0,4420.5,4428.6,4428.0,9.4,0.9830173801638608,730800,False,False
HERO.JK,330.0,332.0,334.4,335.4,338.8,328.92,366.99,4.939999999999998,1.3579576801187587,532400,True,False
HELI.JK,200.0,195.66666666666666,196.8,197.0,193.15,187.2,186.68,12.800000000000011,1.6498111581918051,1152100,False,False
HEAL.JK,665.0,655.0,657.0,677.0,731.25,809.4,922.9365563964843,30.879999999999995,2.7854168880402472,22138000,False,False
HDIT.JK,50.0,50.0,50.0,50.3,50.45,50.4,54.16,0.45000000000000284,0.818838076948696,81100,True,False
HDFA.JK,102.0,101.66666666666667,100.2,99.1,98.15,92.54,96.49,9.459999999999994,1.8145464415708608,191400,False,False
HBAT.JK,274.0,268.6666666666667,250.0,234.8,228.0,270.24,341.99,23.0,5.039560976271381,1626100,False,False
HATM.JK,575.0,566.6666666666666,572.0,599.5,577.5,481.06,395.30321838378904,23.688,5.169013763718073,13913900,False,False
HALO.JK,69.0,68.0,67.8,68.4,69.3,65.98,69.35,3.319999999999993,1.9704169158955418,3812300,True,False
HAJJ.JK,112.0,111.66666666666667,112.8,111.4,109.05,105.58,115.04,7.219999999999999,2.508046138989386,5413400,False,False
HAIS.JK,183.0,182.33333333333334,182.4,182.2,182.6,180.1,182.37,2.9000000000000057,0.6850369932793813,381500,True,False
HADE.JK,17.0,16.333333333333332,16.6,17.0,17.9,17.4,17.64,1.5666666666666664,5.0925361600219325,1747400,False,False
GZCO.JK,183.0,175.33333333333334,177.8,175.6,174.15,157.2,171.77,25.80000000000001,4.419853768944031,62001300,False,False
GWSA.JK,172.0,171.66666666666666,168.0,155.6,145.0,129.8,134.78,42.19999999999999,2.7806108687934645,3104700,False,False
GUNA.JK,216.0,218.0,218.0,215.0,208.8,189.12,190.60475860595704,14.439999999999998,2.6761700815923652,150400,False,False
GULA.JK,755.0,763.3333333333334,761.0,746.0,765.25,705.3,565.86,11.990000000000009,3.8065527366962595,30119000,False,False
GTSI.JK,169.0,168.66666666666666,173.2,178.7,175.85,151.81627944946288,174.31930320739747,26.883720550537106,3.7007341342167694,21369000,False,False
GTRA.JK,224.0,222.0,224.4,226.0,235.3,216.52,221.95,9.39,1.7588737515217816,526900,False,False
GTBO.JK,170.0,170.0,170.0,170.0,170.0,170.5,187.55,0.5,0.0,0,True,False
GSMF.JK,101.0,95.33333333333333,95.6,93.2,90.05,85.8,96.47,15.200000000000003,4.0777828239825515,42601800,False,False
GRPM.JK,192.0,180.33333333333334,177.6,182.8,206.0,231.92,260.28,54.31999999999999,5.612096768537239,13509100,False,False
GRPH.JK,95.0,85.0,82.2,75.7,68.1,62.38,61.71,32.62,10.710050635553593,336608600,False,False
GRIA.JK,180.0,198.33333333333334,200.2,174.0,156.6,130.1,122.33,70.1,12.00796662275879,52024000,False,False
GPSO.JK,292.0,297.3333333333333,293.6,290.6,291.8,320.92,359.32,15.159999999999997,2.8297841212357397,56364700,False,False
GPRA.JK,111.0,109.66666666666667,109.6,109.8,107.75,103.20705871582031,105.41078262329101,7.79294128417969,1.7296689652208592,141098300,False,False
GOTO.JK,50.0,50.0,50.0,50.0,50.0,50.0,50.56,0.0,0.0,15212100,True,False
GOOD.JK,312.0,308.0,307.6,306.4,302.4,304.68,319.5729553222656,4.800000000000011,1.1424577102859386,284000,True,False
GOLF.JK,162.0,161.0,161.6,161.2,162.4,164.78,172.37503982543944,3.780000000000001,1.299607833250863,1588900,True,False
GOLD.JK,274.0,276.6666666666667,277.6,274.4,271.4,261.96,268.38,7.820000000000022,3.077572751722184,68800,False,False
GMTD.JK,1410.0,1410.0,1378.0,1321.0,1305.5,1307.4,1467.6280517578125,20.9,4.829451844411879,31600,False,False
GMFI.JK,59.0,57.666666666666664,58.2,59.1,58.35,54.98,56.53,4.1200000000000045,2.665616687876035,100617200,True,True
GLVA.JK,312.0,310.6666666666667,311.6,311.4,309.3,302.77219543457034,314.0120767211914,4.613902282714832,1.5138240193405668,12900,True,False
GJTL.JK,1405.0,1416.6666666666667,1400.0,1360.0,1327.0,1214.4,1156.9737005615234,40.45333333333333,1.8722323342161364,8686800,False,False
GIAA.JK,65.0,64.66666666666667,67.0,70.5,65.15,58.18,60.97,12.32,4.210455357656168,58760100,False,False
GHON.JK,1620.0,1626.6666666666667,1621.0,1612.0,1614.25,1613.4,1715.65,2.9333333333333487,0.6074826177568605,9500,True,False
GGRP.JK,302.0,302.0,301.6,302.2,301.2,296.0,287.10907989501953,3.0999999999999943,0.4882069100154653,1262000,True,True
GGRM.JK,19525.0,19566.666666666668,19940.0,20055.0,20137.5,17953.5,16342.575,87.36,1.8589952635620366,766900,False,False
GEMS.JK,6925.0,6833.333333333333,6795.0,6702.5,6618.75,6452.0,7051.25,18.92,1.0821187710392817,69500,False,False
GEMA.JK,83.0,82.33333333333333,82.6,81.8,81.3,79.92,82.16880844116211,3.0799999999999983,1.2693514589119441,2121900,True,True
GDYR.JK,1120.0,1116.6666666666667,1114.0,1107.5,1103.0,1094.4,1097.85,5.1199999999999815,0.8809481030129163,1600,True,False
GDST.JK,111.0,111.33333333333333,112.4,112.7,113.05,97.04,95.96,16.00999999999999,2.13428958922071,3227900,False,False
FWCT.JK,90.0,89.0,90.6,91.7,92.35,86.38,87.23,5.969999999999999,3.0577603525205315,2256000,True,True
FUTR.JK,360.0,328.6666666666667,334.8,328.6,327.8,258.58,234.87,50.71000000000001,7.921466785551262,97170800,False,False
FUJI.JK,330.0,331.3333333333333,340.0,290.4,248.4,227.94,275.87,56.03,11.472964745171684,7303100,False,False
FPNI.JK,615.0,636.6666666666666,600.0,534.6,474.9,388.44,404.1,49.645333333333326,10.2007507987822,13578100,False,False
FORU.JK,1990.0,1975.0,2069.0,2158.5,2336.25,2802.7,2221.6,165.53999999999996,5.1683452372579834,348500,False,False
FORE.JK,850.0,825.0,822.0,816.5,786.25,694.8,776.9,31.04000000000001,2.829488834015184,12414600,False,False
FOOD.JK,176.0,176.0,176.0,176.0,176.0,175.94,177.8,0.060000000000002274,0.0,0,True,False
FOLK.JK,172.0,176.33333333333334,181.8,181.3,195.95,199.76,244.42,27.75999999999999,6.614066657980122,11039300,False,False
FMII.JK,254.0,251.33333333333334,253.6,253.6,251.9,250.96,244.84,1.519999999999996,2.822508502185183,28500,True,False
FLMC.JK,79.0,80.66666666666667,79.4,78.3,76.1,68.88,109.9,11.786666666666676,3.3919500560481644,7319300,False,False
FITT.JK,388.0,380.6666666666667,385.2,380.8,367.4,370.4,381.5,10.300000000000011,3.2222776513786675,819700,False,False
FISH.JK,615.0,611.6666666666666,608.0,603.0,605.25,609.8,666.9063470458984,2.4,1.1163146867706193,18000,True,False
FIRE.JK,111.0,110.66666666666667,112.8,109.9,108.95,106.3,117.85,6.5,4.9324295445212485,12351500,False,False
FILM.JK,795.0,798.3333333333334,799.0,827.5,932.5,1278.7,1816.35,96.74000000000001,6.332917564907542,29250300,False,False
FAST.JK,468.0,467.3333333333333,467.2,473.6,417.6,323.04,300.56,75.28,7.789976340773226,19957400,False,False
FAPA.JK,7450.0,7450.0,7450.0,7432.5,7395.0,7358.83796875,7178.637880859375,3.6464812499999972,0.32653176621246455,3600,True,False
EXCL.JK,2770.0,2746.6666666666665,2756.0,2781.0,2641.5,2554.2,2743.8,22.680000000000017,3.212408176898422,5397800,False,False
EURO.JK,1390.0,1413.3333333333333,1466.0,1584.5,1723.25,1762.7,2065.7852478027344,74.54,2.467890560709437,733100,False,False
ESTI.JK,160.0,158.66666666666666,160.4,161.0,166.8,142.55904022216797,146.65392211914062,24.240959777832046,2.6126712365830187,2071400,False,False
ESTA.JK,171.0,169.66666666666666,171.0,172.2,177.5,179.8,189.23,10.133333333333354,1.5680388103064633,126400,False,False
ESSA.JK,615.0,611.6666666666666,615.0,629.5,639.5,605.7851635742187,648.2274298095704,6.74296728515626,2.7684762281497672,74417700,False,False
ESIP.JK,120.0,119.33333333333333,121.6,123.0,125.65,128.96315002441406,128.60811042785645,9.629816691080734,2.500392982376808,8973800,False,False
ERTX.JK,182.0,181.33333333333334,181.8,184.4,186.8,164.02,173.47,22.78,1.0716291906303184,244400,False,False
ERAL.JK,304.0,298.6666666666667,300.4,300.8,304.2,288.83789489746096,287.42466339111326,7.6810525512695165,2.9185068851153475,2810600,False,False
ERAA.JK,488.0,484.0,480.8,471.6,458.9,397.03005249023437,377.2139297485352,45.484973754882816,2.219515517366895,103933600,False,False
EPMT.JK,2390.0,2390.0,2408.0,2375.0,2360.5,2333.8,2334.2,7.419999999999982,2.1563063026711604,26300,False,False
EPAC.JK,55.0,53.333333333333336,55.2,57.1,58.75,64.8,66.35,11.466666666666661,4.466669618931294,170106900,False,False
ENZO.JK,71.0,69.33333333333333,71.2,72.8,74.25,69.4,71.62,4.916666666666671,5.426580069548333,11116500,False,False
ENRG.JK,1255.0,1240.0,1260.0,1268.0,1231.8708404541017,1254.7483361816405,1418.8241680908204,7.22583190917967,10.492745228663143,63654600,False,False
ENAK.JK,234.0,235.33333333333334,236.8,239.2,240.8,261.76,290.42,13.879999999999995,2.292883650698224,356700,False,False
EMTK.JK,515.0,508.3333333333333,518.0,519.0,520.75,521.58,625.4205279541015,2.6493333333333453,2.9010082419152834,33662700,True,False
EMDE.JK,75.0,74.66666666666667,75.4,75.7,75.9,71.34,71.28,4.560000000000002,1.5233797441574248,1879600,True,True
EMAS.JK,9300.0,9183.333333333334,8835.0,8272.5,7730.0,6732.5,7366.5,102.7,3.570672106974606,39335300,False,False
ELTY.JK,37.0,37.0,38.0,38.5,37.25,29.76,33.11,8.739999999999998,3.9262505429836994,55429200,False,False
ELSA.JK,690.0,686.6666666666666,697.0,700.0,698.25,643.8,641.7296014404296,11.240000000000009,2.7076452415668055,9415300,False,False
ELPI.JK,675.0,661.6666666666666,668.0,675.0,700.5,901.5819921875,1266.2824548339843,47.98306510416667,3.0032659471587437,1201900,False,False
ELIT.JK,252.0,249.33333333333334,239.0,207.3,190.3,180.14,187.76,35.93000000000001,12.082297134690378,51426200,False,False
EKAD.JK,418.0,420.6666666666667,391.6,349.8,265.0,207.02,186.3877766418457,106.82333333333334,10.4595877393089,21246100,False,False
ECII.JK,157.0,156.66666666666666,157.2,155.5,158.05,144.98,154.27,13.070000000000022,1.6037725716885993,5473100,False,False
EAST.JK,90.0,90.0,90.2,90.5,90.3967399597168,88.30000076293945,87.51140235900878,2.1999992370605526,0.902239214599089,4392400,True,True
DYAN.JK,87.0,87.33333333333333,87.8,88.3,86.35,81.52,81.28,6.780000000000001,2.5682967655473643,5072800,False,False
DWGL.JK,294.0,291.3333333333333,294.0,314.4,349.4,279.92,272.52,34.73999999999998,5.819304404227508,3050900,False,False
DVLA.JK,1580.0,1578.3333333333333,1579.0,1580.5,1582.5,1559.4161767578125,1540.0727758789062,4.616764648437493,0.23339781363923945,18600,True,False
DUTI.JK,4820.0,4810.0,4802.0,4687.0,4490.0,4267.72416015625,3987.483322753906,55.227583984374995,1.735470964193757,300,False,False
DSSA.JK,1145.0,1118.3333333333333,1094.0,1050.0,980.0,886.7,1208.6,51.65999999999999,3.238463655796283,1426018900,False,False
DSNG.JK,1550.0,1528.3333333333333,1497.0,1424.0,1386.25,1266.46,1347.9342919921876,56.70799999999999,2.7955007417332167,2985100,False,False
DSFI.JK,88.0,87.33333333333333,86.6,85.1,83.4,77.16,82.63,10.840000000000003,2.389702880565144,3427000,False,False
DRMA.JK,1010.0,1005.0,1009.0,1003.0,982.0,937.3,951.0833337402344,14.54000000000001,0.7493867516804021,1460200,False,False
DPUM.JK,92.0,93.0,93.2,95.0,96.7,97.84,125.2,5.840000000000003,2.0356300281119024,23905400,True,False
DOSS.JK,172.0,169.33333333333334,168.8,168.4,168.9,147.98388549804687,144.79021720886232,24.016114501953126,1.7466354429369817,1482400,False,False
DOOH.JK,326.0,326.0,326.0,322.8,295.6,204.92,176.56,60.540000000000006,3.4419348682104873,0,False,False
DOID.JK,230.0,229.33333333333334,231.2,220.8,217.9,210.94,221.76,10.129999999999995,3.932324115411181,2601200,False,False
DNET.JK,9950.0,9866.666666666666,10000.0,9925.0,9860.0,9881.0,9741.5,5.6,2.714780760143358,4100,True,False
DNAR.JK,129.0,126.33333333333333,126.4,126.3,125.1,118.6,124.3,10.400000000000006,2.452902146263866,5833300,False,False
DMND.JK,620.0,618.3333333333334,616.0,618.5,621.5,616.1083996582031,616.3101983642578,1.1,1.82391658461107,5000,True,False
DMMX.JK,195.0,192.33333333333334,189.0,187.4,187.7,174.00676483154297,183.02300216674806,20.993235168457034,4.5180080688319135,5432200,False,False
DMAS.JK,199.0,181.66666666666666,177.8,167.9,157.4,145.54158935546874,137.82069526672365,53.458410644531256,5.001148176378597,1215355400,False,False
DLTA.JK,1785.0,1785.0,1785.0,1785.5,1783.75,1762.11201171875,1767.219140625,4.6775976562500095,0.15872896737299416,34100,True,False
DKHH.JK,64.0,64.0,64.4,64.2,63.8,62.1,65.31,2.3000000000000043,1.5342379892868674,7780700,True,False
DKFT.JK,670.0,661.6666666666666,664.0,661.5,667.75,655.3,693.35,2.9400000000000093,1.7755464274652628,7729200,True,False
DIVA.JK,137.0,135.33333333333334,135.8,136.2,135.3,121.96,133.35,15.040000000000006,2.912539794702688,3073300,False,False
DILD.JK,120.0,119.0,119.0,117.3,117.05,115.1,119.24,4.900000000000006,1.5708952921303896,14937000,True,True
DIGI.JK,29.0,29.0,29.0,29.0,29.0,29.08,31.73,0.0799999999999983,0.0,0,True,False
DGWG.JK,350.0,344.6666666666667,344.8,335.0,320.3,300.01,322.9997012329102,24.995000000000005,2.794873220365201,12066800,False,False
DGNS.JK,238.0,233.33333333333334,229.2,228.6,231.8,231.12,244.08,4.700000000000003,2.095581663572341,298900,True,False
DGIK.JK,135.0,134.33333333333334,135.0,132.9,130.25,127.98,129.83,7.019999999999996,3.254280162005243,7403900,False,False
DFAM.JK,81.0,80.66666666666667,81.2,80.2,80.7,81.96,95.06,1.759999999999991,1.9717132935898662,1968900,True,False
DEWI.JK,152.0,149.0,148.0,146.1,135.6,125.9,124.6,26.099999999999994,2.9718330174796934,41273300,False,False
DEWA.JK,440.0,436.0,443.6,445.6,455.3,398.2404516601562,415.82654891967775,28.529774169921893,3.831843496717233,286745600,False,False
DEPO.JK,248.0,250.66666666666666,251.2,249.8,246.2,245.22169281005858,250.16353271484374,2.989153594970702,2.014862460617949,224300,True,False
DEFI.JK,105.0,103.66666666666667,105.0,105.5,106.6,107.58,124.13,3.913333333333327,2.6916897585228345,20904600,True,False
DCII.JK,203250.0,203550.0,203610.0,204457.5,200985.0,194992.5,195525.25,378.6,0.32318458471608674,600,False,False
DAYA.JK,1125.0,1126.6666666666667,1092.0,1050.0,1019.0,1007.1,1025.35,23.913333333333345,2.3643157420105307,7400,False,False
DATA.JK,1840.0,1841.6666666666667,1865.0,1891.5,1930.75,2022.0,1954.4,36.4,1.9356979960973095,1651700,False,False
DART.JK,164.0,163.33333333333334,165.0,166.9,155.0,135.7,138.34,31.200000000000017,5.346879275442675,1486200,False,False
DADA.JK,50.0,50.0,50.0,50.0,50.0,50.0,50.0,0.0,0.0,356100,True,False
DAAZ.JK,1700.0,1675.0,1703.0,1724.5,1660.0,1621.62,1827.9433239746095,20.576000000000022,3.0090724018839277,920500,False,False
CYBR.JK,530.0,533.3333333333334,539.0,551.0,558.5,582.6,607.75,10.520000000000005,0.9321655256001865,21125900,False,False
CUAN.JK,810.0,798.3333333333334,811.0,820.0,763.75,691.9,847.71,25.620000000000005,3.436546602525639,455779700,False,False
CTTH.JK,126.0,124.0,127.8,128.4,129.45,125.8,135.84,5.449999999999989,3.8077872882763883,4822000,False,False
CTRA.JK,630.0,618.3333333333334,620.0,618.0,608.25,570.5294714355468,599.996831665039,11.894105712890632,2.1183178487319863,10876500,False,False
CTBN.JK,3130.0,3156.6666666666665,3226.0,3561.0,3810.5,4634.6,4985.054609375,150.46000000000004,4.425273449369976,143000,False,False
CSRA.JK,765.0,766.6666666666666,771.0,759.5,754.75,761.8,812.65,3.25,1.447703215917597,232700,True,False
CSMI.JK,183.0,174.0,171.2,152.5,123.55,93.46,93.03,89.54,12.361824543388947,0,False,False
CSIS.JK,222.0,217.33333333333334,222.4,219.4,206.5,178.94680084228514,169.58840126037597,21.72659957885743,4.500724835555573,820900,False,False
CSAP.JK,290.0,290.0,290.8,290.8,290.0,285.39420532226563,281.1802740478516,2.7028973388671886,2.3194451835188317,123300,True,False
CRSN.JK,128.0,129.66666666666666,128.0,124.3,119.1,107.92,107.9303115081787,21.746666666666655,2.6350808133768533,998400,False,False
CRAB.JK,208.0,208.0,208.0,208.0,208.0,208.32,209.62,0.1599999999999966,0.0,0,True,False
CPRO.JK,50.0,50.0,50.0,50.5,50.65,50.36,52.39,0.6499999999999986,0.9293271960888265,1171800,True,False
CPIN.JK,3060.0,3016.6666666666665,3020.0,3023.0,3092.5,3132.4,3527.435021972656,11.573333333333357,1.6301364566539776,22982800,False,False
COIN.JK,805.0,793.3333333333334,812.0,772.5,729.75,709.6,876.35,20.479999999999997,9.155305054200225,61361300,False,False
COCO.JK,100.0,99.33333333333333,100.8,100.5,103.15,128.991690826416,217.335845413208,29.658357493082676,2.469500032962848,103145900,False,False
COAL.JK,31.0,31.0,31.0,31.0,28.5,24.62,38.64,6.379999999999999,0.0,0,False,False
CNMA.JK,93.0,92.33333333333333,92.4,93.1,93.75,90.8,94.62448547363282,2.950000000000003,1.534836120910202,5183600,True,False
CNKO.JK,37.0,37.0,37.0,37.0,37.0,36.98,42.96,0.020000000000003126,0.0,0,True,False
CMRY.JK,4690.0,4666.666666666667,4666.0,4665.0,4654.5,4580.0,4545.141948242188,11.0,1.1328938965713442,9142000,False,False
CMPP.JK,69.0,69.0,69.0,69.0,69.0,69.16,73.1,0.1599999999999966,0.0,0,True,False
CMNT.JK,745.0,746.6666666666666,753.0,771.0,784.25,786.4,792.1,8.279999999999996,1.4511607765470995,28133000,False,False
CMNP.JK,1385.0,1381.6666666666667,1375.0,1373.0,1368.25,1352.2,1409.4,6.559999999999991,0.9264089077940734,42200,False,False
CLPI.JK,1595.0,1591.6666666666667,1595.0,1596.5,1593.5,1540.4577587890626,1488.985029296875,11.208448242187478,0.4032907030195105,61900,False,False
CLEO.JK,404.0,402.0,402.8,393.0,388.4,382.4580407714844,385.3611614990234,10.770979614257811,2.295364457210245,9980600,False,False
CLAY.JK,2700.0,2716.6666666666665,2724.0,2750.0,2715.5,2619.6,2713.4,13.04000000000001,1.6797523588119208,26600,False,False
CITY.JK,176.0,175.33333333333334,175.8,175.9,174.95,169.14,175.55,6.860000000000014,1.7591144512701833,269500,False,False
CITA.JK,3260.0,3240.0,3238.0,3217.0,3237.5,3163.4,3278.3127319335936,9.659999999999991,0.8830350048672171,34600,False,False
CINT.JK,181.0,179.33333333333334,179.6,178.7,177.8,171.22,181.68,9.780000000000001,1.263972599707903,957800,False,False
CHIP.JK,835.0,846.6666666666666,858.0,874.0,892.5,918.7982275390625,962.981849975586,16.7596455078125,1.551239559399454,128800,False,False
CHEM.JK,71.0,69.66666666666667,70.2,69.4,67.95,64.36,73.1989761352539,6.640000000000001,3.46116644202396,5516600,False,False
CHEK.JK,132.0,132.0,133.6,134.3,133.55,129.8,130.57,4.5,1.3072969100026481,628900,True,False
CGAS.JK,150.0,149.33333333333334,150.0,150.5,151.75,149.67888885498047,156.35055419921875,2.416666666666657,1.38237613199258,2950300,True,False
CFIN.JK,354.0,352.0,354.0,353.4,350.7,337.8499475097656,315.83079833984374,8.075026245117186,0.8768079493801432,567200,False,False
CENT.JK,105.0,105.0,101.6,93.0,87.3,80.46,86.02,24.540000000000006,8.7420750027843,29351300,False,False
CEKA.JK,2180.0,2180.0,2194.0,2196.0,2202.5,2181.85703125,2176.558203125,2.25,0.7774010912855059,11300,True,False
CDIA.JK,680.0,668.3333333333334,680.0,690.5,683.75,661.0,794.1348272705078,5.9,3.250451257650359,49028400,True,False
CCSI.JK,258.0,254.0,254.0,256.6,253.3,251.0,253.88,3.5,1.7855329621539708,450300,True,False
CBUT.JK,985.0,905.0,854.0,812.5,819.0,787.5,761.16,39.5,8.43725697620217,3074200,False,False
CBRE.JK,700.0,683.3333333333334,689.0,689.5,685.0,687.9,766.1,3.333333333333326,2.667515857886706,9450400,True,False
CBPE.JK,510.0,516.6666666666666,518.0,530.0,490.7,366.27649475097655,334.1052514648438,32.74470104980469,4.0551028858594265,149200,False,False
CBDK.JK,3800.0,3793.3333333333335,3840.0,3796.0,3791.0,3611.2,3966.724365234375,22.880000000000017,2.1691659612349676,1275000,False,False
CASS.JK,1860.0,1861.6666666666667,1863.0,1866.5,1885.25,1854.4,1824.6,6.169999999999982,0.640652615350038,265700,False,False
CASH.JK,246.0,241.33333333333334,234.0,224.0,224.8,203.76,204.75,21.120000000000005,3.6631674344677596,4489900,False,False
CASA.JK,1810.0,1805.0,1810.0,1832.5,1822.25,1835.6,1604.4,6.1199999999999815,3.467122999603699,200,False,False
CARS.JK,105.0,103.0,103.4,98.2,94.9,89.6,91.07,15.400000000000006,3.698354668986271,12292900,False,False
CARE.JK,444.0,442.6666666666667,441.6,435.0,429.7,424.56,417.62,9.719999999999999,0.647727227052456,165300,False,False
CANI.JK,135.0,135.0,135.0,135.0,135.0,134.44,140.73,0.5600000000000023,0.0,0,True,False
CAMP.JK,170.0,170.0,170.0,169.9,170.45,171.08,181.93,1.1800000000000068,0.7337895564504016,1825500,True,False
CAKK.JK,156.0,151.0,149.2,146.0,142.45,138.82,147.46,17.180000000000007,1.877033385577087,3482900,False,False
BYAN.JK,14575.0,14966.666666666666,15120.0,15110.0,13583.75,12435.44037109375,11582.858212890626,107.38238515625002,9.893388767385252,863200,False,False
BWPT.JK,107.0,101.66666666666667,104.6,99.8,94.85,83.96,96.44,23.040000000000006,8.597871016473514,618699600,False,False
BVIC.JK,92.0,91.66666666666667,92.4,92.5,92.7,88.2,94.29,4.5,1.248430708468629,9528200,True,False
BUVA.JK,725.0,721.6666666666666,733.0,731.0,757.5,811.2,890.4,17.906666666666684,2.893701799213878,62074100,False,False
BUMI.JK,190.0,189.33333333333334,191.6,187.3,181.55,164.04,183.77,27.560000000000002,3.5077756550580874,2901144900,False,False
BULL.JK,430.0,426.6666666666667,437.6,439.8,442.4,393.88,414.97,24.25999999999999,4.265955062768785,301143200,False,False
BUKK.JK,985.0,988.3333333333334,997.0,1005.0,1012.5,1071.0,1081.3,17.2,1.5310265266552672,80300,False,False
BUKA.JK,105.0,106.66666666666667,109.4,112.0,115.1,108.62,123.79,10.099999999999994,2.615382590218929,115363600,False,False
BUDI.JK,234.0,235.33333333333334,228.8,224.2,220.0,211.08,210.04,12.126666666666665,2.486735116975206,1631300,False,False
BUAH.JK,500.0,506.6666666666667,507.0,509.0,508.75,510.1,509.71311126708986,5.050000000000011,0.9014149048321642,274900,True,False
BTPS.JK,985.0,978.3333333333334,982.0,985.0,987.0,994.3,990.5919213867187,3.1933333333333165,0.6552159633553865,1978700,True,False
BTPN.JK,2240.0,2226.6666666666665,2212.0,2181.0,2174.5,2174.6,2153.5884167480467,6.55,1.5546150893033528,9000,False,False
BTON.JK,360.0,360.0,362.4,363.2,363.0,356.88,365.36,3.1599999999999966,1.2258027582443942,2700,True,False
BTEK.JK,10.0,10.333333333333334,10.4,10.5,10.6,10.62,11.62,0.6199999999999992,8.343519944775748,72504800,False,False
BSSR.JK,4540.0,4513.333333333333,4504.0,4453.0,4385.5,4229.84626953125,3901.3628784179687,31.01537304687499,0.8625896879242543,782400,False,False
BSML.JK,510.0,518.3333333333334,518.0,518.5,518.5,509.98,456.43,1.7039999999999964,1.1985478748946115,6612400,True,True
BSIM.JK,705.0,708.3333333333334,708.0,704.0,701.5,700.8,766.05,1.5066666666666833,2.1636588571645436,49600,True,False
BSDE.JK,640.0,636.6666666666666,636.0,626.5,606.0,581.9,649.8,11.620000000000005,2.6994772888044185,23024300,False,False
BSBK.JK,50.0,50.0,50.2,51.7,52.3,51.98,54.21,2.299999999999997,1.3234831102020734,12381600,True,False
BRRC.JK,77.0,76.66666666666667,77.0,72.8,66.1,61.18,65.67,15.82,10.99050680268363,25624300,False,False
BRPT.JK,1830.0,1806.6666666666667,1834.0,1848.5,1855.0,1720.896953125,1809.7054113769532,26.820609375000004,3.055075301928227,88806300,False,False
BRNA.JK,590.0,595.0,605.0,632.0,632.5,604.9,625.25,8.5,3.5249172781452676,527400,False,False
BRMS.JK,750.0,745.0,732.0,686.0,640.0,587.46,654.2,32.507999999999996,4.249872919722822,253908500,False,False
BRIS.JK,1785.0,1783.3333333333333,1792.0,1784.5,1790.75,1784.6,1834.9593493652344,1.7333333333333485,1.1039988847314408,10302000,True,False
BREN.JK,3360.0,3356.6666666666665,3386.0,3458.0,3418.0,3432.63119140625,3862.7087890625,10.133333333333349,1.6646939205804252,18715400,False,False
BRAM.JK,4600.0,4580.0,4612.0,4566.0,4559.5,4519.0,4430.883630371094,9.3,2.2294656032991504,600,False,False
BPTR.JK,76.0,76.66666666666667,76.8,76.7,76.0,72.34,76.08,4.459999999999994,0.967621569106403,1435900,True,False
BPII.JK,490.0,498.15333048502606,498.09959106445314,488.17835388183596,463.15794830322267,446.7951422119141,455.19735443115235,25.67909413655599,2.957353787826228,12900,False,False
BPFI.JK,240.0,240.66666666666666,243.6,249.2,256.0,251.705380859375,255.22646560668946,8.0,2.0987753867922354,172500,False,False
BOLT.JK,780.0,795.0,795.0,794.0,797.5,788.2,812.4651513671874,3.5,1.4880668414097382,318900,True,False
BOLA.JK,147.0,147.0,148.0,148.5,152.75,155.4,158.01,8.400000000000006,0.9491369871794662,4730200,False,False
BOGA.JK,1600.0,1590.0,1582.0,1586.5,1622.75,1550.9,1440.3,14.369999999999981,1.9444254366995781,1500,False,False
BOBA.JK,210.0,209.33333333333334,208.8,210.6,214.3,247.2,248.73398406982423,19.19999999999999,1.975224734151882,273200,False,False
BOAT.JK,148.0,145.33333333333334,143.8,142.3,139.0,123.66,126.65,24.340000000000003,1.019232998199814,4272900,False,False
BNLI.JK,2160.0,2156.6666666666665,2158.0,2152.0,2164.5,2323.8,2734.182746582031,17.180000000000017,1.0085576681633135,55200,False,False
BNII.JK,194.0,192.33333333333334,192.4,192.8,192.9,190.28,193.40336288452147,3.719999999999999,0.5475975034732686,8925200,True,True
BNGA.JK,1695.0,1680.0,1676.0,1671.5,1658.75,1618.4,1631.1907629394532,15.319999999999983,0.9001468684506644,2205600,False,False
BNBR.JK,98.0,98.0,99.2,100.5,100.85,95.62637329101562,125.18768531799316,5.223626708984369,3.416601596333698,875873200,True,False
BNBA.JK,720.0,710.0,717.0,726.5,731.75,738.9,733.6,5.779999999999996,1.9179699967873582,2066200,True,False
BMTR.JK,114.0,113.66666666666667,114.8,115.0,115.15,115.52,130.53,1.8533333333333246,1.766986278089916,70241200,True,False
BMSR.JK,310.0,311.3333333333333,311.2,309.4,307.8,303.24,308.96,4.046666666666653,1.4026167166353545,23300,True,False
BMRI.JK,4250.0,4206.666666666667,4208.0,4178.0,4182.5,4160.8,4169.813168945312,8.919999999999982,0.8670794169212613,111542000,False,False
BMHS.JK,194.0,191.66666666666666,190.6,189.7,189.7,182.61704284667968,182.6270280456543,11.38295715332032,0.5672307654853914,1192600,False,False
BMBL.JK,28.0,27.333333333333332,27.2,28.8,30.6,31.36,32.97,4.16,4.444448047815641,7294100,False,False
BMAS.JK,510.0,511.0,512.6,502.3,495.75,486.06,490.28,5.308000000000004,2.938798641755275,48900,True,False
BLUE.JK,2750.0,2750.0,2750.0,2579.0,2511.5,2775.2,2992.968291015625,26.369999999999983,5.185833304506238,193000,False,False
BLTA.JK,33.0,32.0,32.2,32.6,32.7,32.96,36.0,1.0,3.052281883789108,1331500,True,False
BLOG.JK,382.0,382.0,382.4,382.4,375.6,359.4,357.0117248535156,11.5,0.7962993664906836,126900,False,False
BLES.JK,206.0,204.66666666666666,207.2,207.4,205.55,170.70220001220704,160.12661880493164,18.34889999389648,3.4539454812391006,9523200,False,False
BKSW.JK,51.0,51.333333333333336,51.6,52.1,52.15,51.94,54.03,1.1499999999999986,1.6714503347287377,3460800,True,False
BKSL.JK,73.0,73.33333333333333,74.6,75.3,73.5,68.04,80.82,7.259999999999991,3.159814556107373,128310100,False,False
BKDP.JK,153.0,163.66666666666666,165.8,167.4,168.2,145.38,121.87,22.819999999999993,2.993872340987816,219500,False,False
BJTM.JK,520.0,520.0,520.0,518.0,517.5,515.4,518.6522152709961,0.9200000000000046,0.30701724856003426,3229700,True,True
BJBR.JK,790.0,788.3333333333334,790.0,789.5,788.5,778.5,774.0194232177735,2.3,0.6287395643726251,1347000,True,True
BISI.JK,720.0,710.0,704.0,694.0,686.5,662.9,699.1123413085937,11.420000000000005,1.645003780209144,268100,False,False
BIRD.JK,1630.0,1625.0,1630.0,1638.0,1625.5,1585.2683642578124,1504.0850817871094,10.546327148437513,0.6594617684081149,743500,False,False
BIPP.JK,67.0,66.66666666666667,68.0,66.7,67.15,63.44,66.89,4.560000000000002,8.020344893809298,3168500,False,False
BIPI.JK,147.0,145.0,147.0,148.3,149.1,142.52,178.32,6.579999999999984,4.775035323554533,408207800,False,False
BINO.JK,116.0,114.66666666666667,115.2,114.4,112.95,104.66,108.88,11.340000000000003,1.4250286389487452,157200,False,False
BINA.JK,4100.0,4136.666666666667,4146.0,4151.0,4130.0,3985.6,4018.6,16.54000000000001,2.0935457270549422,566000,False,False
BIKE.JK,965.0,786.6666666666666,673.6,591.8,550.9,526.36,522.15,87.728,12.102323266364442,3251400,False,False
BHIT.JK,25.0,24.666666666666668,25.0,25.4,25.65,26.12,28.64,1.4533333333333331,2.9383271027256868,4748300,True,False
BHAT.JK,1770.0,1770.0,1770.0,1770.0,1770.0,1752.9,1504.25,3.4199999999999817,0.0,0,True,False
BGTG.JK,118.0,112.66666666666667,111.8,111.0,111.5,110.12,113.19,7.8799999999999955,2.441257790496324,71233900,False,False
BFIN.JK,920.0,893.3333333333334,884.0,897.5,904.0,817.9,764.613125,20.420000000000005,2.285724844941225,18500900,False,False
BEST.JK,126.0,122.0,123.0,120.1,114.55,105.38,105.04,20.620000000000005,5.121707676413711,32184400,False,False
BESS.JK,910.0,903.3333333333334,912.0,909.0,902.0,913.5800024414062,994.2666473388672,2.3160004882812473,2.5127314757951806,466800,True,False
BELL.JK,113.0,114.0,114.4,114.1,115.45,110.34,121.01,5.109999999999999,2.0449412736981847,8288700,True,False
BELI.JK,260.0,260.0,261.2,262.8,259.4,265.36,312.4,2.980000000000018,1.9499935081888586,238100,True,False
BEKS.JK,23.0,23.0,22.8,23.2,22.7,21.58,23.29,1.620000000000001,3.773510345461305,4582500,True,False
BEER.JK,86.0,79.33333333333333,80.4,80.4,77.4,78.14,97.79,8.599999999999994,6.730059419280651,345164800,False,False
BEEF.JK,442.0,461.3333333333333,466.8,460.0,437.5,318.0,256.38,74.4,5.4044334760756465,13055700,False,False
BDMN.JK,4280.0,4263.333333333333,4272.0,4257.0,4266.5,4130.2,4001.682956542969,14.980000000000018,1.9502640843519228,2548100,False,False
BDKR.JK,155.0,157.0,158.4,159.9,161.05,150.62721466064454,149.33156837463378,10.422785339355471,1.4950593882303502,3060500,False,False
BCIP.JK,63.0,62.666666666666664,63.2,63.3,63.25,61.3,64.86,2.0,1.8243098571998013,13798100,True,False
BCIC.JK,135.0,130.33333333333334,130.2,129.9,128.55,126.58,123.37,8.420000000000002,2.1467971595650828,10881800,False,False
BCAP.JK,50.0,50.0,50.0,50.0,50.0,50.04,50.75,0.03999999999999915,0.0,40900,True,False
BBYB.JK,254.0,248.0,250.4,250.8,254.6,239.24,263.3,7.679999999999993,2.1107663773672702,56903700,False,False
BBTN.JK,1235.0,1220.0,1219.0,1215.5,1216.75,1198.4,1254.0,7.319999999999982,1.0325787286238497,23038200,False,False
BBSS.JK,101.0,99.33333333333333,100.6,103.3,100.5,97.66,123.86,5.640000000000001,1.8064079687615437,3952400,True,False
BBSI.JK,4680.0,4676.666666666667,4672.0,4668.0,4670.5,4682.8,4634.8,1.4800000000000182,0.7847045052854551,200,True,False
BBRM.JK,113.0,113.0,114.0,114.6,115.85,113.98,123.63,2.8499999999999943,1.1819985690551098,4257800,True,False
BBRI.JK,3190.0,3156.6666666666665,3176.0,3141.0,3101.0,2961.2,3015.483903808594,22.880000000000017,1.5148717937138894,135419900,False,False
BBNI.JK,3780.0,3723.3333333333335,3716.0,3656.0,3624.0,3512.8,3616.3,26.71999999999998,1.5553350056870145,48082900,False,False
BBMD.JK,2000.0,1986.6666666666667,1981.0,1987.0,1992.75,1966.2534008789062,1945.0971740722657,6.749319824218764,1.455121420412456,1000,False,False
BBLD.JK,690.0,686.6666666666666,683.0,660.0,632.75,589.6,620.4462622070313,20.079999999999995,5.149669641487989,1588000,False,False
BBKP.JK,54.0,53.666666666666664,54.4,54.8,54.55,53.24,56.21,1.5599999999999952,1.6746306077088207,98278800,True,False
BBHI.JK,905.0,900.0,902.0,903.0,908.0,916.8728234863281,1003.441245727539,3.3745646972656234,0.48516301390703587,3932100,True,False
BBCA.JK,6475.0,6408.333333333333,6415.0,6380.0,6378.75,6247.0,6160.0,9.12,0.8736261631732898,156445200,False,False
BAYU.JK,1340.0,1308.3333333333333,1295.0,1257.0,1211.5,1168.6,1183.6944360351563,34.280000000000015,1.7407165138792577,473100,False,False
BAUT.JK,38.0,37.0,36.8,36.9,34.85,30.56,30.52,7.440000000000001,4.49182831960311,3788100,False,False
BATR.JK,94.0,93.33333333333333,94.8,95.5,94.2,90.01678161621093,88.84689682006837,5.483218383789065,2.7498855395100765,359300,True,False
BATA.JK,59.0,59.0,59.0,59.0,59.0,59.18,61.21,0.17999999999999972,0.0,0,True,False
BAPI.JK,18.0,18.0,18.4,18.9,18.9,17.32,20.73,1.5799999999999983,4.525121863782612,5528500,False,False
BAPA.JK,174.0,153.66666666666666,150.2,147.0,154.45,221.34,218.1,74.34,6.724620345416656,253212700,False,False
BANK.JK,276.0,272.0,271.2,271.2,272.9,276.52,356.74,2.6599999999999966,1.3777159317062453,2073800,True,False
BALI.JK,1260.0,1246.6666666666667,1252.0,1250.0,1235.75,1240.5,1250.35,4.85,2.675783719051246,12700,True,False
BAJA.JK,274.0,262.0,262.0,301.6,318.9,228.94,189.78,44.97999999999999,6.328470800544586,4721400,False,False
BAIK.JK,276.0,279.3333333333333,287.6,311.6,473.75,592.9,574.5,158.45,5.098049961014526,10618000,False,False
BACA.JK,119.0,117.0,117.2,116.9,116.7,111.6,120.05,7.400000000000006,1.2671471752605812,8284800,False,False
BABY.JK,216.0,211.33333333333334,213.2,222.4,207.75,191.62,199.14,15.39,10.33076576369092,2400400,False,False
BABP.JK,50.0,50.0,50.0,50.0,50.0,50.0,50.62,0.0,0.0,167500,True,False
AYLS.JK,150.0,149.66666666666666,150.6,153.7,156.25,149.8,157.28,6.583333333333343,0.8770677638512525,2124300,False,False
AYAM.JK,476.0,469.3333333333333,475.2,472.0,459.7,401.72,365.24,37.139999999999986,3.120822362264925,12073200,False,False
AXIO.JK,116.0,115.66666666666667,115.8,114.3,113.6,111.0,110.1075260925293,5.0,2.549907124669109,653200,True,False
AWAN.JK,168.0,163.66666666666666,164.6,164.2,161.3,151.96,150.78,16.039999999999992,2.382723497992782,538600,False,False
AVIA.JK,360.0,353.3333333333333,352.4,349.0,337.6,326.72,341.3141943359375,16.639999999999986,1.9586478201377033,10250300,False,False
AUTO.JK,3400.0,3286.6666666666665,3196.0,3051.0,2917.5,2667.0,2596.7996337890627,73.3,1.8909575737331552,8447800,False,False
ATLA.JK,50.0,50.0,50.0,50.0,50.0,50.04,50.44110996246338,0.03999999999999915,0.0,245500,True,False
ATIC.JK,468.0,467.3333333333333,468.8,465.4,465.7,471.6,493.06,3.1000000000000227,0.8210193710570635,130100,True,False
ATAP.JK,545.0,545.0,566.0,586.5,586.25,531.24,487.46,11.051999999999998,4.465498061121512,735900,False,False
ASSA.JK,635.0,623.3333333333334,627.0,631.5,627.0,612.9046875,664.25546875,4.4190624999999955,1.9530275059307691,15066200,True,False
ASRM.JK,276.0,279.3333333333333,275.6,272.8,269.4,257.96,265.519921875,10.686666666666667,1.5274716121513436,133700,False,False
ASRI.JK,125.0,124.0,124.2,125.2,122.9,118.58,120.84920997619629,6.6200000000000045,2.86408457969109,4351400,False,False
ASPR.JK,156.0,153.66666666666666,153.8,156.5,153.15,153.46720001220703,211.23658905029296,3.3499999999999943,4.385122713585709,16316400,False,False
ASPI.JK,390.0,392.6666666666667,388.8,390.6,402.2,404.18,405.69,7.689999999999998,1.9226968618679803,1342300,False,False
ASMI.JK,15.0,15.333333333333334,15.6,16.0,16.2,16.22,16.96,1.2199999999999989,5.700329148647643,1101600,False,False
ASLI.JK,248.0,236.0,237.2,233.9,215.55,209.02,253.31,19.489999999999995,10.116134029073372,56016500,False,False
ASLC.JK,69.0,66.66666666666667,66.6,64.3,63.5,62.3,67.05,6.700000000000003,4.750590445584252,19099900,False,False
ASJT.JK,160.0,161.33333333333334,160.8,159.2,156.85,158.3,167.50167739868164,4.4833333333333485,2.274199596552935,66900,True,False
ASII.JK,4800.0,4790.0,4788.0,4783.0,4900.5,4874.6,5209.674311523438,11.75,0.744606931897581,53631000,False,False
ASHA.JK,57.0,56.666666666666664,57.8,58.8,58.85,56.92,63.29,2.183333333333337,3.0717238740030006,18212100,True,False
ASGR.JK,2090.0,2021.6666666666667,1954.0,1862.5,1829.5,1760.3,1651.9322290039063,32.970000000000006,4.007315906642064,1183500,False,False
ASDM.JK,505.0,508.3333333333333,509.0,510.5,512.0,509.61689208984376,512.355295715332,1.4,1.1123969725071265,14900,True,False
ASBI.JK,396.0,412.6666666666667,414.0,412.2,417.6,417.7692462158203,411.5552709960937,10.884623107910159,2.5165809682371205,3015900,False,False
ARTO.JK,1000.0,993.3333333333334,1009.0,1069.0,1168.75,1129.2,1172.4,35.08333333333333,2.608218278004273,19119800,False,False
ARTA.JK,2260.0,2290.0,2278.0,2294.0,2366.0,2434.8,2483.55,17.480000000000018,2.1172094297025303,600,False,False
ARNA.JK,490.0,490.0,490.0,492.2,494.7,472.56,470.60843994140623,11.069999999999993,0.3904830180856198,5084200,False,False
ARKO.JK,5000.0,5033.333333333333,5105.0,5210.0,4996.5,5033.9,6282.8,21.35,5.7078845465658326,2891100,False,False
ARKA.JK,22.0,22.0,22.0,22.0,22.0,22.18,26.06,0.17999999999999972,0.0,0,True,False
ARII.JK,292.0,295.3333333333333,293.6,288.4,282.5,278.72,279.8,8.306666666666644,1.441632967397721,14100,False,False
ARGO.JK,1135.0,1135.0,1139.0,1149.0,1163.75,1067.9,994.4,19.16999999999998,0.9952713195539148,133400,False,False
AREA.JK,326.0,338.0,327.2,299.4,289.8,264.44,273.98,36.78,7.004310540568722,3777000,False,False
ARCI.JK,1390.0,1403.3333333333333,1409.0,1346.0,1252.0,1111.1,1225.7522583007812,59.58000000000002,4.335323703399095,75626100,False,False
APLN.JK,134.0,134.0,137.2,136.6,131.5,126.18,144.69,11.019999999999982,4.43519639675793,31340500,False,False
APLI.JK,270.0,270.6666666666667,270.0,266.0,260.0,252.0,237.77553604125976,9.333333333333343,1.8730274255824118,161400,False,False
APII.JK,191.0,191.0,189.8,189.3,189.15,184.23956024169922,183.03670318603517,6.760439758300777,1.3395300514050323,16800,False,False
APIC.JK,515.0,513.3333333333334,522.0,533.5,574.5,617.2,956.85,20.773333333333333,4.164430645775815,2689500,False,False
APEX.JK,188.0,184.66666666666666,187.2,183.2,175.35,149.84,159.46,38.16,4.452819954991495,6455700,False,False
ANTM.JK,3160.0,3166.6666666666665,3172.0,3120.0,3066.5,2963.6777392578124,3083.9202392578127,20.83222607421876,1.9879320073242894,62500400,False,False
ANJT.JK,1595.0,1591.6666666666667,1596.0,1555.5,1521.75,1489.8,1570.2,21.24000000000001,2.044012310322265,42800,False,False
ANDI.JK,17.0,17.0,16.8,17.1,17.35,17.46,19.68,0.6600000000000001,3.3638161892969283,7852400,True,False
AMRT.JK,1340.0,1365.0,1390.0,1380.0,1376.25,1381.6,1371.587626953125,10.0,2.682437157758304,48088200,False,False
AMOR.JK,354.0,356.0,356.8,357.0,356.3,341.12,343.38,7.939999999999998,0.5948712124493322,57600,False,False
AMMS.JK,246.0,226.0,207.4,188.8,205.8,270.96,325.62,41.079999999999984,5.592506776338206,3565200,False,False
AMMN.JK,4410.0,4416.666666666667,4446.0,4358.0,4317.5,3947.0,4116.25,49.9,3.203415611219232,34578100,False,False
AMIN.JK,244.0,239.33333333333334,239.6,241.2,243.4,244.52,247.3,2.5933333333333337,1.3970288860937794,2767900,True,False
AMFG.JK,3330.0,3330.0,3330.0,3330.0,3327.0,3156.5231396484373,3118.062897949219,17.347686035156265,0.0952493271135008,500,False,False
AMAR.JK,234.0,230.0,230.0,226.6,221.56080856323243,207.44377990722657,197.02086547851562,13.278110046386715,1.7453686968421387,1178200,False,False
AMAN.JK,230.0,226.0,229.2,234.4,241.2,253.96,261.68,13.980000000000004,1.8332945310385378,267600,False,False
AMAG.JK,390.0,390.0,389.2,389.4,388.9,390.24,394.97973175048827,0.6700000000000159,0.2920326197869544,237300,True,False
ALKA.JK,4580.0,4580.0,4580.0,4042.0,3077.5,1713.8,1161.02,286.62,9.372369920308184,0,False,False
ALII.JK,785.0,781.6666666666666,789.0,800.5,788.0,758.4228015136719,802.2985382080078,8.41543969726563,2.718725195950058,306900,False,False
ALDO.JK,920.0,921.6666666666666,924.0,916.0,874.75,785.3881201171876,713.9610961914062,27.72237597656249,2.2540780827036127,33200,False,False
AKSI.JK,242.0,239.33333333333334,237.2,232.4,231.9,223.76,246.2,9.120000000000005,2.1295210966667213,2282900,False,False
AKRA.JK,1365.0,1371.6666666666667,1377.0,1388.5,1404.5170654296876,1330.929365234375,1328.917293701172,14.717540039062532,1.21254269275571,8166900,False,False
AKPI.JK,500.0,498.0,501.8,505.4,504.55,493.72,501.3552224731445,5.839999999999975,1.2598786883332316,367000,True,False
AKKU.JK,38.0,38.0,38.0,38.0,38.0,38.0,38.0,0.0,0.0,0,True,False
AISA.JK,117.0,116.0,117.8,119.1,118.9,110.16,113.37,8.939999999999998,2.8107053737310803,3678600,False,False
AIMS.JK,376.0,377.3333333333333,378.8,383.4,388.8,395.04,406.12,9.52000000000001,1.4115961324147215,88500,False,False
AHAP.JK,96.0,95.0,96.8,99.5,96.4,92.88,96.91,6.6200000000000045,4.5544272194243645,8662900,False,False
AGRS.JK,61.0,60.333333333333336,60.8,60.9,61.0,60.96,63.84,0.6666666666666643,1.719928736420602,20811100,True,False
AGRO.JK,146.0,145.33333333333334,147.8,148.8,148.2,146.42,159.19,3.4666666666666686,1.6090246243050121,39195800,True,False
AGII.JK,2860.0,2830.0,2830.0,2869.0,2916.5,2861.708681640625,2903.6817236328125,8.65,2.0869473008556967,76900,False,False
AGAR.JK,1810.0,1810.0,1810.0,1789.5,1415.5,786.68,510.26,204.66400000000002,4.039046232613821,0,False,False
AEGS.JK,46.0,47.0,45.0,43.4,43.0,41.14,44.74,5.859999999999999,5.236383468099621,13418800,False,False
ADRO.JK,2670.0,2660.0,2632.0,2585.0,2549.0,2449.0,2408.2527197265626,22.1,1.9042206290889585,33101900,False,False
ADMR.JK,1710.0,1705.0,1694.0,1672.0,1622.0,1529.5,1606.8548083496094,36.1,2.903147613336066,35603700,False,False
ADMG.JK,252.0,254.0,255.6,256.4,246.3,222.98,213.25,16.709999999999994,0.9038493861641878,597200,False,False
ADMF.JK,8725.0,8708.333333333334,8700.0,8677.5,8676.25,8338.5,8364.249985351562,15.46,0.5646016215858809,39100,False,False
ADHI.JK,133.0,133.0,133.0,136.0,142.2,152.24,166.38,19.24000000000001,1.178578667989766,0,False,False
ADES.JK,32325.0,32433.333333333332,32560.0,32722.5,33100.0,33560.5,26725.75,49.42,0.3851847525086566,5900,False,False
ADCP.JK,50.0,50.0,50.0,50.0,50.0,50.0,50.32,0.0,0.0,0,True,False
ACST.JK,85.0,85.66666666666667,85.2,85.6,85.35,81.34,84.95,4.326666666666668,1.6284848376166179,186000,True,False
ACRO.JK,65.0,64.33333333333333,63.8,63.3,62.25,61.07469032287597,63.51246784210205,3.9253096771240266,1.0040804062131834,34183500,True,True
ACES.JK,360.0,357.3333333333333,358.8,358.0,357.5,348.34910461425784,339.10720703125,5.82544769287108,1.2897422890376764,6010000,True,True
ABMM.JK,2730.0,2700.0,2708.0,2693.0,2657.5,2500.6,2595.753310546875,22.94000000000001,0.9768151003624431,474100,False,False
ABDA.JK,3810.0,3810.0,3810.0,3812.0,3735.5,3523.8,3322.0,28.819999999999983,0.16513199269831802,1000,False,False
ABBA.JK,30.0,30.0,30.0,30.0,30.0,30.34,34.49,0.33999999999999986,0.0,0,True,False
AALI.JK,7975.0,7933.333333333333,7940.0,7780.0,7447.5,6727.0,7011.651640625,49.92,2.07404700431114,546500,False,False
AADI.JK,10225.0,10116.666666666666,10080.0,9822.5,9498.75,8803.0,8898.884482421876,56.88,2.64115466392748,5259500,False,False
