Ticker,Close,MA3,MA5,MA10,MA20,MA50,MA100,Range_Ticks,Vol_Pct,Volume,MA_Tight,Signal
ZYRX.JK,127.0,125.66666666666667,124.2,123.3,125.95,127.54,133.7004553222656,4.240000000000009,1.4271385893335364,224400,True,False
ZONE.JK,735.0,731.6666666666666,728.0,744.5,634.0,536.9370288085937,441.9107992553711,41.51259423828126,8.258748834489129,45000,False,False
ZINC.JK,30.0,30.0,30.0,30.0,30.0,30.0,30.03,0.0,0.0,0,True,False
YUPI.JK,1300.0,1303.3333333333333,1307.0,1305.0,1311.75,1339.0,1415.6702392578125,7.8,0.6843731916626383,27200,False,False
YULE.JK,3470.0,3463.3333333333335,3436.0,3421.0,3404.5,3380.0,3351.9038525390624,9.0,2.0710038589334614,100,False,False
YPAS.JK,625.0,621.6666666666666,616.0,610.0,603.25,622.3,871.85,4.35,4.549827243701069,2100,False,False
YOII.JK,84.0,84.33333333333333,84.2,84.1,84.95,84.5,89.31,0.9500000000000028,1.3094910179416894,1278800,True,False
YELO.JK,93.0,93.66666666666667,94.0,88.3,82.45,75.66,86.86,18.340000000000003,3.998066030823147,7273300,False,False
WTON.JK,74.0,74.33333333333333,74.4,75.5,75.1,73.58,80.1719400024414,1.9200000000000017,1.7842183697218221,1010300,True,False
WSBP.JK,14.0,14.0,14.0,14.0,14.0,14.08,16.05,0.08000000000000007,0.0,0,True,False
WOWS.JK,60.0,60.333333333333336,60.2,59.1,59.6,58.16,65.17,2.173333333333339,1.7705248761195052,977900,True,False
WOOD.JK,216.0,216.66666666666666,218.0,225.6,216.3,218.2,257.5,4.799999999999997,3.30063265477297,1711100,True,False
WOMF.JK,262.0,262.0,261.6,258.8,255.5,253.32,274.6659637451172,4.340000000000003,1.6897214426865579,35200,True,False
WMUU.JK,60.0,56.666666666666664,55.6,54.0,52.95,51.48,59.51,8.520000000000003,2.8584721442600793,238538400,False,False
WIRG.JK,63.0,61.666666666666664,60.8,58.8,57.1,55.46,65.9,7.539999999999999,2.414558815641667,39516500,False,False
WINS.JK,500.0,500.0,506.0,510.5,515.0,513.22,514.1687802124023,7.5,2.031112789580146,497100,False,False
WINR.JK,21.0,20.333333333333332,20.4,20.3,20.4,21.3,25.82,1.0,3.6109802871819765,33099900,True,False
WINE.JK,137.0,137.66666666666666,138.6,144.8,147.1,149.51614013671875,161.82566482543945,12.516140136718747,2.365245766860654,281400,False,False
WIIM.JK,1830.0,1810.0,1804.0,1753.0,1675.75,1611.4,1673.6200720214845,43.719999999999985,2.4302817220054433,102000,False,False
WIFI.JK,2070.0,2018.3333333333333,1997.0,1987.5,1984.0,1791.00341796875,2014.6352416992188,27.899658203125,1.7333399584849054,7504100,False,False
WIDI.JK,26.0,26.0,25.6,25.7,26.45,25.52,28.18,0.9299999999999997,2.2377432982881413,1368100,True,False
WGSH.JK,174.0,173.33333333333334,171.0,163.6,150.5,134.46,123.26,39.53999999999999,4.9953272895937655,5845400,False,False
WEHA.JK,111.0,111.33333333333333,109.8,106.7,105.2,105.3,113.28768615722656,6.133333333333326,1.471583682434004,772700,False,False
WEGE.JK,50.0,50.0,50.0,50.0,50.0,50.06,53.05,0.060000000000002274,0.0,19100,True,False
WAPO.JK,127.0,124.0,123.2,122.1,120.85,114.5,122.25,12.5,1.4546354514178077,2413500,False,False
VTNY.JK,68.0,66.33333333333333,65.8,64.6,64.6,60.56,64.02,7.439999999999998,2.3144401517039395,2518700,False,False
VRNA.JK,75.0,74.66666666666667,75.6,75.8,75.85,74.42,76.43,1.4299999999999926,1.693015033938441,36600,True,False
VOKS.JK,242.0,237.33333333333334,223.2,213.4,205.35,201.48,209.14,20.260000000000005,11.956285295512291,3838000,False,False
VKTR.JK,905.0,883.3333333333334,856.0,792.0,776.5,661.46,751.83,48.70799999999999,7.586040336113792,17073500,False,False
VIVA.JK,53.0,54.666666666666664,52.0,45.3,40.15,35.44,38.1,19.226666666666667,6.506797626725619,74831700,False,False
VISI.JK,940.0,943.3333333333334,940.0,896.0,895.0,956.3,831.3,12.259999999999991,2.8830923017409122,31900,False,False
VINS.JK,144.0,142.66666666666666,141.6,140.4,140.05,136.04,148.6,7.960000000000008,0.768153951513417,6400,False,False
VICO.JK,141.0,141.33333333333334,140.8,141.0,139.3,137.62,147.17,3.7133333333333383,0.6207575577435694,88200,True,False
VICI.JK,590.0,591.6666666666666,595.0,586.0,594.75,588.0592681884766,577.9150015258789,1.8,2.055524780260765,51900,True,False
VERN.JK,200.0,201.33333333333334,206.4,202.2,201.15,159.76,143.36,46.640000000000015,3.6925623389345983,272700,False,False
VAST.JK,115.0,114.66666666666667,114.8,115.2,115.95,115.46,118.44,1.2833333333333314,1.9611321405210835,517400,True,False
UVCR.JK,159.0,157.0,155.8,152.6,148.45,157.6487609863281,167.1485386657715,10.550000000000011,2.241953481536475,4292700,False,False
URBN.JK,208.0,209.33333333333334,209.2,210.0,219.1,207.44,197.76,5.829999999999998,2.253481620996948,155800,True,False
UNVR.JK,1825.0,1816.6666666666667,1823.0,1772.5,1732.5,1684.9614453125,1681.8372229003905,28.007710937499997,1.869108300822723,1036300,False,False
UNTR.JK,23750.0,23741.666666666668,23805.0,24052.5,25157.5,23738.5,26124.837109375,56.76,0.8682762774988447,195500,False,False
UNTD.JK,82.0,82.0,82.0,80.9,79.1,74.04,78.43,7.959999999999994,1.9188968867669358,2570800,False,False
UNSP.JK,206.0,206.0,206.0,206.0,206.0,213.76,274.42,3.8799999999999955,0.0,0,True,False
UNIQ.JK,116.0,115.66666666666667,115.0,112.4,111.15,104.18,115.31,11.819999999999993,1.2751785743557464,215400,False,False
UNIC.JK,15250.0,15133.333333333334,15165.0,14467.5,13565.0,12899.5,11946.64283203125,94.02,6.277478282633385,6300,False,False
ULTJ.JK,1510.0,1501.6666666666667,1502.0,1457.5,1435.0,1390.0,1482.75,24.0,2.0275785073898347,839500,False,False
UFOE.JK,140.0,139.0,138.6,137.3,136.9,136.02,141.74,3.9799999999999898,1.134645591385595,38900,True,False
UDNG.JK,1480.0,1368.3333333333333,1309.0,1210.0,1239.5,1307.4,1192.85,54.0,5.38918252497702,425500,False,False
UCID.JK,438.0,437.3333333333333,432.8,410.0,396.5,381.24663330078124,387.9184164428711,28.37668334960938,4.521906046728192,8100,False,False
UANG.JK,2500.0,2493.3333333333335,2490.0,2391.0,2404.0,2306.0,2897.4,19.4,3.3160156056459202,11700,False,False
TYRE.JK,115.0,115.33333333333333,115.4,114.1,113.9,110.12,112.4,5.280000000000001,1.7871076386447897,4700,True,False
TUGU.JK,1230.0,1230.0,1230.0,1217.5,1228.25,1180.1,1172.5291711425782,9.980000000000018,0.7388669121407756,118500,False,False
TSPC.JK,2860.0,2846.6666666666665,2844.0,2833.0,2720.0,2561.2,2504.6,29.880000000000017,1.1938608171533698,79100,False,False
TRUS.JK,412.0,410.0,408.8,413.4,422.5,364.2122326660156,347.6419857788086,29.143883666992195,2.103188380174629,500,False,False
TRUK.JK,800.0,730.0,681.0,563.7,491.35,433.7,427.86,73.26,10.107891161880024,3365300,False,False
TRUE.JK,50.0,50.0,50.0,50.0,50.0,57.04,103.16,7.039999999999999,0.0,0,False,False
TRST.JK,454.0,454.0,454.8,458.0,468.6,468.07207946777345,465.2224923706055,7.300000000000011,0.8434915732069858,2000,False,False
TRON.JK,106.0,105.33333333333333,106.4,107.9,108.3,98.36,115.22,9.939999999999998,1.9366696842712887,1977300,False,False
TRJA.JK,111.0,111.0,111.0,111.0,111.5,110.5,120.59,1.0,1.544574380141819,214400,True,False
TRIS.JK,173.0,173.66666666666666,171.4,169.4,167.65,163.42,168.43139205932619,10.24666666666667,2.108408073177847,235100,False,False
TRIN.JK,322.0,326.0,322.4,321.0,328.9,358.58,526.85,18.789999999999992,2.989218699064821,1447600,False,False
TRIM.JK,600.0,603.3333333333334,602.0,585.0,577.25,553.1123638916016,545.72681640625,10.044193888346353,3.661352904246877,3500,False,False
TRGU.JK,176.0,169.66666666666666,167.0,165.8,164.4,168.78,176.48,11.599999999999994,2.3054386538593277,165400,False,False
TPMA.JK,468.0,465.3333333333333,464.0,459.2,453.9,431.52,498.81,18.24000000000001,1.4276445004346874,135500,False,False
TPIA.JK,2250.0,2203.3333333333335,2148.0,2138.0,2102.75,1929.1,3375.073488769531,32.09000000000001,3.204889614510806,150290800,False,False
TOWR.JK,404.0,402.6666666666667,404.8,403.8,402.4,378.6036706542969,420.4699838256836,13.098164672851567,1.1816035269345664,4961300,False,False
TOTO.JK,236.0,234.0,232.8,237.2,239.8,234.8067791748047,243.32279220581054,3.5,1.3682234813898304,167300,True,False
TOTL.JK,1295.0,1308.3333333333333,1263.0,1188.5,1121.25,1077.0,1053.6153900146485,46.26666666666665,3.4441448111931594,555900,False,False
TOSK.JK,71.0,69.66666666666667,69.6,68.5,67.65,61.48,62.22,9.520000000000003,1.7091899395825692,4866400,False,False
TOOL.JK,70.0,68.66666666666667,68.0,66.5,67.0,63.44,66.89,6.560000000000002,2.070913042246992,5889700,False,False
TOBA.JK,530.0,521.6666666666666,517.6,487.0,479.1,423.76,493.4277600097656,21.248,4.587256062358403,3551100,False,False
TNCA.JK,165.0,163.66666666666666,163.8,164.1,153.35,145.42,164.67,19.580000000000013,2.4574063209754042,59800,False,False
TMPO.JK,153.0,153.66666666666666,143.6,130.3,118.1,110.24,117.36,43.42666666666666,14.936395536928968,13399700,False,False
TMAS.JK,124.0,123.0,122.8,122.2,120.7,116.92672271728516,118.6982354736328,7.073277282714841,1.1773653704088376,2443200,False,False
TLKM.JK,2700.0,2686.6666666666665,2712.0,2672.0,2651.0,2587.6980419921874,2691.853518066406,12.430195800781258,2.5661978002525334,8263900,False,False
TLDN.JK,570.0,575.0,578.0,551.0,536.0,516.14,557.6171496582032,12.372000000000003,2.8080342125921707,57100,False,False
TKIM.JK,7225.0,7200.0,7195.0,6807.5,6388.75,5870.397138671875,7077.200727539062,54.184114453125005,3.4890348594173273,267000,False,False
TIRT.JK,590.0,590.0,590.0,590.0,590.0,563.84,573.08,5.231999999999994,0.0,0,True,False
TIRA.JK,436.0,444.6666666666667,462.0,479.6,495.05,563.72,712.36,63.860000000000014,2.2460995548058262,85200,False,False
TINS.JK,3940.0,3866.6666666666665,3860.0,3729.0,3635.5,3446.012646484375,3462.744677734375,49.39873535156248,2.6474815772240263,7514300,False,False
TIFA.JK,334.0,336.6666666666667,339.6,324.0,291.1,272.715224609375,304.1355239868164,33.442387695312505,8.588312478757057,8300,False,False
TGKA.JK,4960.0,4966.666666666667,4934.0,4883.0,4870.0,4801.2,4723.755927734375,16.546666666666717,1.541042138685903,200,False,False
TFCO.JK,815.0,813.3333333333334,804.0,768.5,756.0,679.2,700.85,27.15999999999999,3.7658568711934266,0,False,False
TFAS.JK,195.0,192.66666666666666,191.0,191.0,187.25,192.6,205.14,7.75,2.9254430727186356,573000,False,False
TEBE.JK,1120.0,1111.6666666666667,1099.0,1083.0,1065.25,1021.7,1114.336895751953,19.65999999999999,2.1448687904310764,239300,False,False
TCPI.JK,3910.0,3940.0,4012.0,4532.0,5122.25,6888.0476953125,9307.650947265625,297.80476953125,4.776741280880446,332000,False,False
TCID.JK,2750.0,2726.6666666666665,2748.0,2749.0,2755.5,2772.8,2787.7,4.613333333333367,1.6312691120905967,1800,True,False
TBMS.JK,1245.0,1223.3333333333333,1209.0,1186.0,1204.0,1205.7251953125,1245.7112280273439,11.8,3.260236774537775,4400,False,False
TBLA.JK,630.0,630.0,626.0,629.5,635.75,604.1205792236328,618.4426358032226,6.3258841552734335,1.8461185848286445,77700,False,False
TBIG.JK,1410.0,1408.3333333333333,1412.0,1419.5,1418.5,1414.8765551757813,1489.9972094726563,2.2333333333333485,2.170909314792499,27900,True,False
TAYS.JK,50.0,50.0,50.0,50.0,50.0,50.04,55.22,0.03999999999999915,0.0,0,True,False
TAXI.JK,14.0,14.333333333333334,14.4,13.7,13.1,13.2,14.66,1.3000000000000007,6.412616868733978,14797800,False,False
TARA.JK,30.0,29.333333333333332,29.6,29.9,30.7,29.38,30.34,1.3666666666666671,1.8985315190852194,170300,True,False
TAPG.JK,1845.0,1853.3333333333333,1844.0,1810.0,1720.25,1570.8080810546876,1638.9192883300782,56.50505045572913,2.0175032680672436,1707300,False,False
TAMU.JK,23.0,21.666666666666668,21.2,21.0,20.4,19.62,24.09,3.379999999999999,5.352201091592546,6814700,False,False
TAMA.JK,242.0,242.0,240.8,238.0,215.9,178.5,176.53,31.75,5.4411160340627776,293400,False,False
TALF.JK,995.0,965.0,1013.0,834.0,721.0,672.6947302246094,679.7589392089844,68.06105395507811,15.300015335082264,1894900,False,False
SWID.JK,104.0,104.33333333333333,103.6,103.1,100.15,92.96848037719727,97.28752998352051,11.364852956136062,1.2293977857526455,3198400,False,False
SURI.JK,73.0,72.33333333333333,72.4,72.1,69.95,64.82,68.26,8.180000000000007,1.376220911494743,88500,False,False
SURE.JK,2780.0,2773.3333333333335,2768.0,2762.0,2757.5,2820.0,2748.5,6.25,1.1855707169374274,500,False,False
SUPA.JK,595.0,591.6666666666666,595.0,597.5,595.0,607.1,734.95,3.086666666666679,1.4732397243546465,2644900,True,False
SUNI.JK,720.0,721.6666666666666,722.0,716.5,673.0,647.9082824707032,660.9111462402344,14.818343505859366,1.5590727070536312,115700,False,False
SULI.JK,108.0,95.33333333333333,92.8,90.5,88.15,81.96,90.49,26.040000000000006,6.490055844467389,84077300,False,False
STTP.JK,10050.0,9891.666666666666,9870.0,9805.0,9813.75,9817.5,9840.25,9.8,2.3851848060925644,1000,False,False
STRK.JK,62.0,61.0,61.4,63.4,66.35,68.92,87.65,7.920000000000002,2.946497803961821,1147700,False,False
STAR.JK,266.0,269.3333333333333,272.0,272.4,276.4,294.56,441.95,14.280000000000001,1.8093570424416567,5900,False,False
STAA.JK,1085.0,1088.3333333333333,1094.0,1093.5,1063.0,1015.2693872070313,1071.1818725585938,15.746122558593743,1.7378908779434967,1281700,False,False
SSTM.JK,430.0,433.3333333333333,425.2,413.4,405.4,401.92,510.42,15.70666666666665,2.7120740333833764,13900,False,False
SSMS.JK,945.0,931.6666666666666,948.0,963.5,945.0,837.2,1023.6894384765625,25.25999999999999,2.342111524173502,5368800,False,False
SSIA.JK,1685.0,1670.0,1667.0,1643.5,1665.5,1596.4666650390625,1566.3383850097657,17.7066669921875,1.1932440231409456,2328300,False,False
SRTG.JK,1820.0,1805.0,1774.0,1760.0,1740.25,1590.4,1598.5709631347656,45.91999999999998,1.8410472353427056,877600,False,False
SRSN.JK,73.0,73.66666666666667,72.0,69.3,67.75,66.32,65.68,7.346666666666678,4.836868299150039,17829100,False,False
SRAJ.JK,13025.0,13075.0,12920.0,12125.0,11587.5,11429.0,13016.0,65.84,2.1871222895410085,4000,False,False
SQMI.JK,62.0,64.0,64.8,65.4,66.3,53.44,53.64,12.86,3.561497457988314,1581000,False,False
SPTO.JK,605.0,601.6666666666666,601.0,600.0,596.25,569.8491223144531,576.4526287841796,7.030175537109381,0.9701549564356919,71600,False,False
SPRE.JK,89.0,88.66666666666667,89.0,89.3,87.0,81.28,84.32,8.019999999999996,4.1424812162629685,26200,False,False
SPMA.JK,166.0,164.33333333333334,164.2,164.3,166.95,161.93384552001953,162.68999954223634,5.016154479980457,1.233853872220115,184500,True,False
SOUL.JK,37.0,37.0,37.0,37.0,37.0,37.14,44.42,0.14000000000000057,0.0,0,True,False
SOTS.JK,620.0,608.3333333333334,602.0,593.5,604.5,613.5,779.85,5.3,1.3271626697515404,23900,True,False
SOSS.JK,870.0,870.0,870.0,881.5,899.5,835.9,851.8,12.720000000000004,3.0621619967750813,0,False,False
SONA.JK,2370.0,2233.3333333333335,2224.0,2335.0,2313.0,2211.541025390625,2188.124853515625,15.845897460937522,4.566807888040875,2000,False,False
SOLA.JK,92.0,93.66666666666667,92.2,96.2,101.3,100.44,111.59,9.299999999999997,4.1597879317842965,2981700,False,False
SOHO.JK,1185.0,1196.6666666666667,1195.0,1193.5,1197.25,1182.8,1508.55,2.890000000000009,0.7108409610527449,8000,True,False
SOFA.JK,270.0,248.0,243.6,228.8,226.6,237.68,331.9,21.700000000000003,5.384233996098898,1612400,False,False
SOCI.JK,515.0,508.3333333333333,497.6,463.2,424.7,363.9238726806641,412.753291015625,30.21522546386718,4.214171457323169,3438800,False,False
SNLK.JK,228.0,229.33333333333334,226.8,225.0,223.3,225.8,234.28,3.0166666666666657,2.792537524402022,3513700,True,False
SMSM.JK,1715.0,1723.3333333333333,1735.865185546875,1730.601123046875,1717.4606811523438,1651.02248046875,1691.4225622558595,16.968541015624986,1.362897435738637,446400,False,False
SMRA.JK,332.0,328.6666666666667,326.0,324.0,318.5,296.18189117431643,305.62418838500975,17.909054412841783,1.7522341088785327,2122800,False,False
SMMT.JK,1850.0,1846.6666666666667,1857.0,1844.5,1833.75,1796.7,1786.05,12.059999999999992,1.588124618999527,6400,False,False
SMMA.JK,20175.0,20025.0,20085.0,20117.5,20360.0,21062.0,18371.5,41.48,1.3046853343372897,200,False,False
SMLE.JK,166.0,168.33333333333334,168.2,162.9,153.15,119.96,122.35,48.37333333333335,4.208592092018723,2185400,False,False
SMKM.JK,75.0,72.66666666666667,71.2,69.9,69.8,67.3,79.98,7.700000000000003,3.333863601333948,1178000,False,False
SMKL.JK,150.0,148.0,148.0,147.0,142.9,136.63000030517577,147.52295669555664,13.36999969482423,2.7496293712104314,2500,False,False
SMIL.JK,422.0,422.6666666666667,417.6,404.8,372.3,312.68,288.8,54.99333333333334,2.1281537856583226,4642000,False,False
SMGR.JK,1630.0,1625.0,1594.0,1530.5,1507.75,1510.0,1850.5372192382813,24.45,1.6791849228063265,1849900,False,False
SMGA.JK,75.0,76.0,74.0,71.7,71.45,67.7,77.31,8.299999999999997,3.547807156320812,2308900,False,False
SMDR.JK,306.0,306.9891764322917,305.6,298.6068145751953,293.52320861816406,280.39412780761717,302.3343963623047,13.29752431233726,1.5209975868573256,3148100,False,False
SMDM.JK,560.0,563.3333333333334,564.0,564.0,566.75,546.94,573.96,3.961999999999989,1.9117360415252287,1900,True,False
SMBR.JK,171.0,170.66666666666666,169.0,165.2,161.9,155.92,180.3150340270996,15.080000000000013,1.2718077198089939,212900,False,False
SMAR.JK,5750.0,5716.666666666667,5755.0,5712.5,5598.75,5060.780029296875,5146.063725585937,27.768798828125,2.3004777884270005,9600,False,False
SLIS.JK,82.0,78.33333333333333,75.4,68.8,65.25,62.2,72.83,19.799999999999997,8.61191897661632,15418500,False,False
SKRN.JK,402.0,406.6666666666667,406.8,405.4,402.7,372.6,407.34256622314456,17.099999999999994,1.6738476251683942,13700,False,False
SKLT.JK,198.0,200.66666666666666,200.4,198.6,193.85,187.38,199.5185726928711,13.286666666666662,2.196072141517904,8100,False,False
SKBM.JK,535.0,538.3333333333334,540.0,537.5,562.0,538.38,593.04,5.4,2.4895223171713057,173300,True,False
SIPD.JK,685.0,681.6666666666666,679.0,681.0,684.5,706.8,830.35,5.559999999999991,1.6949892556189388,2800,True,False
SINI.JK,7300.0,7300.0,7285.0,7295.0,6950.0,8117.37259765625,10398.186298828125,46.694903906250005,3.147281919496202,591200,False,False
SIMP.JK,605.0,603.3333333333334,602.0,596.5,580.0,541.4703948974609,596.5202825927735,12.705921020507821,2.198837259438255,706800,False,False
SILO.JK,2400.0,2366.6666666666665,2348.0,2236.0,2180.25,2215.5,2381.95,21.975,2.893310457557538,51000,False,False
SIDO.JK,360.0,356.0,355.2,358.0,368.4,371.64,423.97436889648435,8.219999999999999,1.4216268022650211,8859400,False,False
SICO.JK,110.0,109.0,109.0,109.1,109.7,105.76,114.75138473510742,4.239999999999995,2.0880658855433962,139600,True,False
SHIP.JK,2100.0,2083.3333333333335,2084.0,2008.0,1869.0,1702.8,2478.8399072265624,39.720000000000006,2.8826914486546875,8600,False,False
SHID.JK,615.0,615.0,615.0,613.5,600.5,617.7,682.6,3.4400000000000093,0.8633728965670942,2000,True,False
SGRO.JK,4300.0,4240.0,4232.0,3908.0,3554.5,3021.1364208984373,3655.4258618164063,127.88635791015626,7.72843002098198,5500,False,False
SGER.JK,474.0,473.3333333333333,478.8,470.2,460.1,401.28,389.88,38.76000000000002,3.1355512387970395,739200,False,False
SFAN.JK,1985.0,1983.3333333333333,1978.0,1968.5,1965.25,1965.5,1950.6,3.95,0.26950820357594485,40500,True,False
SEMA.JK,100.0,100.0,100.2,98.5,96.75,95.12,102.3,5.079999999999998,1.1058902451945216,133900,True,False
SDRA.JK,222.0,223.33333333333334,223.6,220.4,214.6,213.12,231.8,5.239999999999995,2.9204021087222136,50900,True,False
SDPC.JK,188.0,185.0,184.0,182.4,181.9,179.49090911865235,183.24400131225585,8.509090881347646,1.2972979851322695,220600,False,False
SDMU.JK,84.0,83.33333333333333,83.2,80.7,81.05,78.0,83.68,6.0,2.843063313926916,6886900,False,False
SCNP.JK,158.0,158.66666666666666,157.0,156.4,155.9,149.40373474121094,156.81831115722656,9.262931925455717,2.665577170802062,38000,False,False
SCMA.JK,212.0,206.0,205.2,202.7,204.15,203.8133331298828,224.68444122314452,4.650000000000006,2.564231660202105,30388200,True,False
SCCO.JK,2320.0,2303.3333333333335,2302.0,2297.0,2296.5,2239.84388671875,2248.408896484375,8.015611328124987,0.7506741290860813,4900,False,False
SBMA.JK,109.0,108.33333333333333,107.8,107.2,107.35,106.86,112.54,2.1400000000000006,1.002572124666285,73500,True,False
SATU.JK,260.0,260.0,260.8,261.4,266.7,269.04,265.34,4.52000000000001,0.7300451975516605,27800,True,False
SAPX.JK,220.0,219.33333333333334,218.4,215.6,215.0,212.6,228.46,3.700000000000003,2.6405680480560174,18700,True,False
SAMF.JK,282.0,280.0,279.2,278.2,278.9,274.90903411865236,294.78410232543945,3.5454829406738213,1.2009221365568514,17100,True,False
SAME.JK,298.0,298.6666666666667,299.2,298.2,300.4,313.36,324.96,7.680000000000007,0.4947542004457324,77500,False,False
SAGE.JK,32.0,32.333333333333336,32.8,33.0,33.7,29.1,30.05,4.600000000000001,4.583018819497439,2110800,False,False
SAFE.JK,390.0,394.0,388.4,380.0,374.9,343.24,354.18,25.379999999999995,1.9277650034900284,41700,False,False
RUNS.JK,63.0,63.0,62.8,63.6,65.9,70.04,78.62,7.240000000000009,1.975186436590608,161400,False,False
RUIS.JK,214.0,208.33333333333334,205.8,204.7,204.05,188.729375,200.6171875,12.635312499999998,2.531387689896771,43200,False,False
RSCH.JK,312.0,314.6666666666667,317.2,314.8,293.0,295.32,297.9,12.099999999999994,2.8738464468168137,5712800,False,False
ROTI.JK,590.0,590.0,588.0,589.5,598.25,592.2,618.1023394775391,2.05,1.5873310946242822,33100,True,False
RONY.JK,1255.0,1268.3333333333333,1273.0,1330.0,1316.5,1133.9,1313.7,39.219999999999985,4.505967648964256,45600,False,False
RODA.JK,76.0,72.0,67.8,63.1,63.15,57.98,62.57,18.020000000000003,4.542084636834694,36875500,False,False
ROCK.JK,2270.0,1881.6666666666667,1833.0,1793.5,1803.75,1744.7,2076.45,52.529999999999994,11.663994316797332,754200,False,False
RMKO.JK,296.0,295.3333333333333,294.4,291.2,311.6,311.44,393.83,10.200000000000017,3.129228646060582,718500,False,False
RMKE.JK,418.0,420.6666666666667,413.6,411.6,427.9,437.49921264648435,526.0566137695313,12.949606323242165,2.5345728135157097,23418800,False,False
RLCO.JK,5025.0,5025.0,5040.0,5137.5,4467.75,3655.5,4351.05,59.28,3.805224809481501,268700,False,False
RISE.JK,960.0,953.3333333333334,958.0,974.5,993.5,981.3,1379.3,8.033333333333326,2.3487523244091606,32500,False,False
RIGS.JK,670.0,676.6666666666666,678.0,676.5,682.0,677.5,681.7,2.4,1.6488114893037265,138400,True,False
RICY.JK,79.0,79.66666666666667,80.2,79.1,78.55,76.34,84.44,3.8599999999999994,1.8640877845346742,74000,True,False
RGAS.JK,242.0,242.0,242.0,237.8,225.7,186.63464080810547,138.88541770935058,27.682679595947263,3.2390267979597085,0,False,False
RELI.JK,482.0,477.3333333333333,480.8,484.0,486.3,487.58,492.84,5.123333333333335,1.5407148842076706,6500,True,False
RELF.JK,35.0,35.0,34.8,35.2,35.6,34.78,36.78,0.8200000000000003,2.100942926106891,321800,True,False
REAL.JK,53.0,52.0,51.8,51.2,50.9,50.47738754272461,51.596057357788084,2.522612457275393,1.5406237496190511,19443200,True,True
RDTX.JK,13800.0,13683.333333333334,13590.0,13600.0,13662.5,14071.95740234375,14881.59498046875,19.278296093750033,1.3657420223092158,400,False,False
RCCC.JK,101.0,101.0,101.2,98.8,95.7,90.32,98.93,10.88000000000001,3.409179129906835,194200,False,False
RBMS.JK,66.0,66.33333333333333,66.4,65.2,65.8,60.54,60.69,5.8600000000000065,3.02259093145599,2762500,True,True
RATU.JK,5175.0,5141.666666666667,5086.0,5037.0,5046.0,4948.2,5230.8782421875,9.072000000000008,2.8790780461217698,913400,False,False
RANC.JK,515.0,516.6666666666666,515.0,515.5,516.75,520.54,541.62,1.1079999999999928,2.0617785958862727,3100,True,False
RALS.JK,382.0,383.3333333333333,382.4,380.0,381.2,376.64,387.6333352661133,3.346666666666664,0.8633113520207921,616400,True,False
RAJA.JK,910.0,905.0,895.0,888.5,897.9,807.8242834472657,805.7422668457032,20.43514331054687,1.9304046170459093,21045100,False,False
RAAM.JK,199.0,198.0,198.6,202.3,204.6,204.3,207.3,6.599999999999994,1.7754890678460384,7300,False,False
PZZA.JK,181.0,182.0,182.0,183.9,185.0,184.36,191.4476303100586,4.0,2.1591580146456972,93000,True,False
PYFA.JK,220.0,216.66666666666666,214.8,210.2,209.9,203.48,260.72,8.260000000000005,3.414755828256271,2710200,False,False
PWON.JK,266.0,263.3333333333333,262.8,262.6,264.9,255.30935363769532,282.6599179077148,5.345323181152338,1.8948838952179587,2069400,True,False
PURI.JK,139.0,139.66666666666666,139.8,137.3,137.4,135.08,144.7,4.719999999999999,1.163599432160309,28800,True,False
PURA.JK,33.0,32.666666666666664,32.8,31.8,31.4,31.44,31.88,1.6000000000000014,2.6241156099442864,4032000,True,True
PUDP.JK,324.0,313.3333333333333,310.8,307.2,303.0,299.2403875732422,310.18058197021486,12.379806213378913,2.073069439543174,22700,False,False
PTSP.JK,990.0,978.3333333333334,960.0,925.0,911.75,892.0,902.25,19.6,1.8843535652907188,5500,False,False
PTSN.JK,288.0,281.3333333333333,283.6,275.8,262.7,245.15273040771484,272.14061813354493,21.42363479614258,2.747996469200499,66400,False,False
PTRO.JK,5125.0,5125.0,4955.0,4795.5,4579.25,4254.1,4626.3,34.835999999999984,2.9498237433340715,14849500,False,False
PTPW.JK,1195.0,1200.0,1203.0,1167.5,1152.5,1117.2682214355468,1033.7802166748047,17.146355712890635,1.4548697546208753,13100,False,False
PTPS.JK,153.0,152.33333333333334,149.8,146.5,143.9,129.92,151.72,23.080000000000013,2.9778832303021243,215800,False,False
PTPP.JK,200.0,200.0,200.4,200.2,205.4,195.0,226.62,10.400000000000006,1.1975504526785317,473700,False,False
PTMP.JK,68.0,66.0,65.2,63.6,63.05,59.14,63.13,8.86,2.873276411870673,13855300,False,False
PTIS.JK,270.0,270.6666666666667,272.4,270.0,269.6,277.72,290.96,4.060000000000002,1.6339685950924827,2600,True,False
PTBA.JK,2390.0,2370.0,2366.0,2348.0,2381.5,2412.2634033203126,2594.1056884765626,6.426340332031259,0.9661208078304222,3068000,False,False
PSSI.JK,328.0,328.6666666666667,329.6,324.8,323.5,300.32,316.42589385986327,14.640000000000015,2.8222641490985523,1500,False,False
PSKT.JK,230.0,233.33333333333334,230.0,224.2,214.4,198.74,224.75,17.296666666666667,2.4296980901302128,2463600,False,False
PSGO.JK,196.0,196.33333333333334,195.8,196.1,197.15,194.7450259399414,193.8146585083008,2.4049740600586063,0.8682091294198521,68700,True,False
PSDN.JK,137.0,135.33333333333334,134.2,128.8,123.1,116.68,134.89,20.319999999999993,4.088898301602421,497400,False,False
PSAT.JK,920.0,913.3333333333334,909.0,878.0,862.5,826.3,863.0,18.74000000000001,1.791078824083091,18300,False,False
PSAB.JK,498.0,470.6666666666667,460.0,443.2,434.8,425.22709228515623,417.54009216308594,36.386453857421884,2.788898823933022,77836000,False,False
PRIM.JK,111.0,111.33333333333333,111.8,107.8,102.8,92.2,85.48,19.599999999999994,3.1836983630493165,971000,False,False
PRDA.JK,2380.0,2380.0,2374.0,2370.0,2377.5,2452.8,2437.8934033203127,8.280000000000019,0.9922870882400481,28000,False,False
PRAY.JK,755.0,741.6666666666666,743.0,730.5,725.25,694.0,715.75,12.2,2.292416805841472,1300,False,False
PPRO.JK,17.0,17.0,17.0,16.4,16.8,16.2,20.48,0.8000000000000007,4.17811767515539,42104300,False,False
PPRI.JK,146.0,147.66666666666666,147.0,147.2,149.35,143.24,160.15,6.109999999999985,1.929419543205012,159600,False,False
PPRE.JK,106.0,105.0,105.2,104.0,107.3,100.74,114.96,6.560000000000002,2.0888517366720936,4005000,False,False
PPGL.JK,198.0,200.66666666666666,201.6,204.0,207.4,195.48,202.37,11.920000000000016,1.6383930673001892,983200,False,False
POWR.JK,735.0,733.3333333333334,729.0,726.0,725.0,708.9,700.6706005859374,5.220000000000004,0.5445608603758519,328700,True,False
PORT.JK,865.0,871.6666666666666,870.0,872.5,876.0,870.8,882.95,2.2,2.081284488431868,10100,True,False
POLY.JK,32.0,32.0,32.0,32.0,32.0,32.0,32.25,0.0,0.0,0,True,False
POLU.JK,11700.0,11633.333333333334,11590.0,11950.0,12373.75,12221.0,13345.0,31.35,2.883148770663854,300,False,False
POLI.JK,725.0,741.6666666666666,746.0,734.0,724.25,748.4,909.95,4.829999999999996,1.8667241867126316,6000,True,False
PNSE.JK,505.0,499.0,494.6,493.7,495.25,514.7,571.35,4.200000000000012,1.2451203717650394,64300,True,False
PNLF.JK,232.0,228.66666666666666,228.0,227.0,226.9,219.9,233.29,6.049999999999997,1.180347314781099,9951600,False,False
PNIN.JK,705.0,706.6666666666666,711.0,712.5,722.5,722.1,749.05,3.5,1.3632835297122978,37200,True,False
PNGO.JK,3550.0,3556.6666666666665,3552.0,3553.0,3530.5,3476.8,3437.7,7.9866666666666335,0.4368801030694906,1700,False,False
PNBS.JK,50.0,50.0,50.0,50.0,50.2,50.08,50.3,0.20000000000000284,0.0,68400,True,False
PNBN.JK,905.0,905.0,908.0,901.0,897.75,882.2388171386718,912.1641241455078,5.152236572265633,0.8842719321359039,165600,True,False
PMUI.JK,99.0,98.33333333333333,98.2,93.5,89.1,81.38,87.00360313415527,17.620000000000005,4.864699809606722,375700,False,False
PMJS.JK,118.0,118.33333333333333,118.8,115.2,112.3,106.98221115112305,114.81543174743652,11.817788848876944,3.4555726634429558,94000,False,False
PLAN.JK,38.0,38.0,38.0,38.1,38.2,37.1,41.55,1.1000000000000014,2.1785275073133064,132000,True,False
PKPK.JK,3890.0,3900.0,3916.0,3903.0,3770.0,3227.2,2880.8,68.88000000000002,0.8097901073308935,128300,False,False
PJHB.JK,176.0,176.0,175.2,170.4,169.3,166.36,191.46,9.639999999999986,2.069937784258152,489600,False,False
PJAA.JK,454.0,460.0,457.6,454.0,456.0,453.2,476.9010635375977,3.4000000000000057,1.1947245582361625,31500,True,False
PIPA.JK,131.0,124.33333333333333,123.6,120.4,121.35,115.22,122.76,15.780000000000001,3.037390968353825,83278700,False,False
PICO.JK,134.0,132.66666666666666,132.8,130.7,129.3,128.78,139.18,5.219999999999999,1.7029265522857682,46300,True,False
PGUN.JK,7600.0,7550.0,7515.0,7485.0,7508.75,7350.537705078125,7946.61216796875,9.978491796874987,2.9051584037344376,600,False,False
PGLI.JK,208.0,206.0,203.6,201.4,196.6,189.6,201.88,9.200000000000003,2.8423113148122208,29300,False,False
PGJO.JK,770.0,776.6666666666666,770.0,729.0,707.5,725.9,734.1,13.833333333333325,4.668659392931368,29800,False,False
PGEO.JK,1110.0,1103.3333333333333,1067.0,1038.5,1023.75,938.3,957.2930798339844,34.34000000000001,2.6706576426010713,5103400,False,False
PGAS.JK,1520.0,1511.6666666666667,1511.0,1505.0,1509.5,1504.05705078125,1623.0581311035157,3.1885898437500146,0.9003558477074507,5298000,True,False
PEVE.JK,340.0,339.3333333333333,338.8,335.2,327.6,318.0,373.61,11.0,1.0331175738968277,42400,False,False
PEHA.JK,264.0,263.3333333333333,264.0,263.8,260.1,251.51795288085938,271.8152583312988,6.2410235595703085,2.3484477732268947,7700,False,False
PEGE.JK,103.0,101.33333333333333,99.8,96.3,94.95,103.98914642333985,122.77457321166992,9.039146423339844,2.419061006925385,8230300,False,False
PDPP.JK,304.0,306.6666666666667,309.2,299.2,282.1,268.15536895751956,290.449015045166,20.522315521240216,3.146331024022117,122300,False,False
PDES.JK,434.0,443.3333333333333,416.0,404.8,402.5,440.86,477.03597351074217,20.416666666666657,9.620360683214809,486100,False,False
PCAR.JK,45.0,44.333333333333336,43.4,41.7,40.05,39.12,38.56,5.880000000000003,5.2545502774323,3190600,False,False
PBSA.JK,740.0,741.6666666666666,746.0,747.5,758.5,723.6622827148437,852.4015155029297,6.967543457031252,2.529450920511058,6800,False,False
PBRX.JK,27.0,26.333333333333332,26.8,26.7,26.75,26.92,32.18,0.6666666666666679,3.665178710778696,2913900,True,False
PBID.JK,535.0,533.3333333333334,534.0,533.0,511.25,490.06,481.78564514160155,8.988,1.1254486822736756,106400,False,False
PART.JK,102.0,101.0,101.4,101.9,103.4,99.78926300048828,107.11990501403808,3.6107369995117296,1.303998325176536,452000,True,False
PANS.JK,1550.0,1545.0,1544.0,1548.0,1562.5,1525.8322631835938,1507.9306579589843,7.333547363281241,1.0580738093112974,4000,False,False
PANR.JK,430.0,430.6666666666667,424.8,418.8,413.3,419.84,456.68235290527343,8.683333333333337,1.4103863166484232,1700,False,False
PANI.JK,6325.0,6308.333333333333,6345.0,6240.0,6217.5,6278.05037109375,7258.01646484375,5.1,1.623639533385177,1607100,True,False
PAMG.JK,57.0,56.666666666666664,56.6,56.6,56.3,53.48,56.11,3.520000000000003,2.8421586246673187,512300,True,False
PALM.JK,292.0,291.3333333333333,290.8,294.4,299.7,300.930478515625,329.08222229003906,5.065239257812493,1.0529833190474223,133000,True,False
PADI.JK,73.0,74.0,72.2,71.4,72.05,72.74454528808593,89.44510948181153,2.5999999999999943,3.671945203925945,34180900,True,False
PADA.JK,191.0,189.0,189.0,161.9,140.25,122.08,136.65,68.92,9.264697079114473,14222200,False,False
PACK.JK,280.0,273.3333333333333,265.6,248.4,233.9,238.28,240.48,23.049999999999997,4.70101420585274,24341800,False,False
OPMS.JK,133.0,129.0,125.2,118.8,110.4,101.08,112.69,31.92,8.87769086875576,24886100,False,False
OMRE.JK,975.0,971.6666666666666,973.0,1007.0,1049.25,1044.8,927.45,15.516666666666675,4.357915882894406,300,False,False
OMED.JK,226.0,226.66666666666666,225.2,220.0,213.2,205.6924890136719,232.62395324707032,10.487088826497384,2.351297969985122,87000,False,False
OLIV.JK,49.0,49.333333333333336,49.6,50.2,50.1,50.32,53.38,1.3200000000000003,1.6500148082627033,317700,True,False
OKAS.JK,124.0,120.66666666666667,113.2,107.1,104.35,100.54,107.93,23.459999999999994,5.165651176878754,18895400,False,False
OILS.JK,232.0,231.33333333333334,231.2,230.8,227.0,202.32,229.06,14.840000000000003,2.5261707014110275,939300,False,False
OBMD.JK,202.0,201.0,194.2,189.7,193.05,177.12,203.64,12.439999999999998,3.072326114217164,31900,False,False
OBAT.JK,250.0,246.66666666666666,246.4,245.6,247.5,239.8,278.61763885498044,5.099999999999994,1.721459386852493,4200,True,False
OASA.JK,342.0,345.3333333333333,348.4,335.2,335.2,291.52,317.08,28.439999999999998,4.024879833994486,8191900,False,False
NTBK.JK,93.0,93.33333333333333,92.8,93.7,94.8,75.9,78.47495296478272,18.89999999999999,3.9294211211120893,11611900,False,False
NSSS.JK,1035.0,1031.6666666666667,1032.0,1020.5,902.75,683.9688519287109,735.2641864013672,70.20622961425781,7.309966969061224,1541800,False,False
NRCA.JK,530.0,530.0,528.0,505.2,502.45,458.88127685546874,494.448727722168,14.223744628906251,2.635872831957876,989600,False,False
NPGF.JK,59.0,58.464942932128906,58.755862426757815,59.22275886535645,58.46137924194336,59.13865447998047,63.99036170959473,0.7613796234130845,2.291767116089423,1581800,True,False
NOBU.JK,525.0,513.3333333333334,507.2,482.0,461.9,447.16,491.93,15.567999999999994,2.937441520447032,191700,False,False
NISP.JK,1285.0,1278.3333333333333,1279.0,1272.5,1252.0,1229.0,1293.7708764648437,11.2,0.9715918164092237,535100,False,False
NIRO.JK,164.0,165.0,166.6,155.6,152.7,147.42,170.94,19.180000000000007,7.237790677648714,9300,False,False
NINE.JK,74.0,71.33333333333333,71.6,72.7,75.25,76.52,101.49,5.186666666666667,2.622920485441394,3477700,True,False
NIKL.JK,202.0,201.33333333333334,201.6,195.0,192.8,192.86,246.62246520996095,4.599999999999994,2.254049502539523,1022200,True,False
NICL.JK,486.0,480.0,477.2,477.2,493.8,515.4,666.4826007080078,19.099999999999994,2.4224457356423477,5121400,False,False
NICK.JK,1600.0,1520.0,1429.0,1291.0,1186.75,1079.8,1140.05,104.04,8.71980309098808,7600,False,False
NICE.JK,262.0,263.3333333333333,264.4,256.8,256.5,258.08,278.0,3.9499999999999886,2.2672255115894644,156400,True,False
NFCX.JK,1525.0,1520.0,1520.0,1536.5,1559.25,1612.4,1693.55,18.480000000000018,2.1188496241234622,2400,False,False
NETV.JK,51.0,51.666666666666664,51.4,51.0,50.95,52.38,69.03,1.4299999999999997,1.5961467860858078,8418600,True,False
NEST.JK,720.0,720.0,723.0,709.5,658.75,601.18,508.66,24.36400000000001,5.976907663727028,353300,False,False
NELY.JK,202.0,201.33333333333334,201.6,200.6,203.7,199.68532104492186,252.04523040771485,2.0073394775390625,1.2991658820025807,43200,True,False
NCKL.JK,950.0,943.3333333333334,945.0,913.5,883.5,833.1782189941406,926.0239916992188,23.36435620117188,1.8837773366908193,4466900,False,False
NAYZ.JK,59.0,58.666666666666664,58.2,57.6,57.6,58.24,61.55,1.3999999999999986,4.14820349480781,1361200,False,False
NATO.JK,650.0,653.3333333333334,655.0,659.0,650.5,611.2,611.95,9.559999999999992,0.9903919689730154,17500,False,False
NASI.JK,135.0,136.66666666666666,136.0,131.8,126.8,116.86,130.99,19.806666666666658,2.5192652283145045,725300,False,False
NASA.JK,30.0,30.0,30.2,30.3,30.1,31.62,34.75,1.620000000000001,2.677901527022655,213300,True,False
NANO.JK,30.0,29.0,28.8,29.7,30.15,25.86,30.21,4.289999999999999,5.310386045416868,5377700,False,False
NAIK.JK,89.0,88.66666666666667,88.2,87.2,87.7,84.26,90.45528884887695,4.739999999999995,0.9418816703123072,262800,True,False
MYTX.JK,41.0,41.0,41.0,41.0,41.0,42.08,47.17,1.0799999999999983,0.0,0,True,False
MYOR.JK,1705.0,1691.6666666666667,1687.0,1693.5,1723.25,1738.2435278320313,1754.046474609375,10.248705566406262,1.2551488502012067,1011800,False,False
MYOH.JK,1030.0,1035.0,1036.0,1038.5,1043.5,1045.8257666015625,1124.8702709960937,3.1651533203124926,0.7929589157127573,2600,True,False
MUTU.JK,112.0,110.33333333333333,110.6,109.8,109.8,109.67403930664062,105.7419189453125,2.3259606933593773,1.2308234914903011,225100,True,False
MTWI.JK,256.0,255.33333333333334,255.2,254.8,259.5,263.7849203491211,290.7560643005371,4.492460174560534,3.765858922380156,900,True,False
MTMH.JK,915.0,918.3333333333334,919.0,915.5,930.0,945.7502783203125,967.5869396972656,6.150055664062506,2.216700332456057,500,False,False
MTLA.JK,520.0,523.3333333333334,524.0,526.0,519.25,509.8365985107422,520.6118658447266,3.2326802978515614,4.501925027849864,6900,False,False
MTFN.JK,13.0,13.0,13.0,13.0,13.0,13.6,17.94,0.5999999999999996,0.0,0,True,False
MTEL.JK,434.0,434.6666666666667,438.8,446.6,452.3,466.0761242675781,478.89589416503907,16.038062133789055,1.3323083941842495,5966300,False,False
MTDL.JK,510.0,510.0,511.0,510.5,512.75,504.9570001220703,523.3235000610351,1.5585999755859348,1.460326947910961,197400,True,False
MSTI.JK,1345.0,1336.6666666666667,1334.0,1329.0,1331.0,1266.2496997070311,1270.660821533203,15.750060058593771,2.0769549908965588,272800,False,False
MSKY.JK,70.0,69.0,66.2,63.3,61.7,61.42,70.51,8.579999999999998,5.8653229439164125,28118300,False,False
MSJA.JK,412.0,410.6666666666667,410.8,405.4,407.4,407.48,434.22329986572265,3.3000000000000114,2.175649581885196,1376400,True,False
MSIN.JK,394.0,384.0,387.2,392.2,413.3,471.8,606.54,43.900000000000006,2.5677789454292523,18694700,False,False
MSIE.JK,97.0,97.0,98.2,96.5,89.0,94.54,93.88,9.200000000000003,5.823328163187765,216700,False,False
MREI.JK,920.0,920.0,920.0,920.0,920.0,938.7,979.4,3.740000000000009,0.0,0,True,False
MRAT.JK,442.0,441.3333333333333,442.4,441.0,441.8,442.36,433.18,0.6999999999999886,0.780925228359888,1200,True,False
MPXL.JK,158.0,157.33333333333334,156.6,154.9,150.6,148.82,155.72,9.180000000000007,2.2385398390271734,91400,False,False
MPRO.JK,12050.0,12050.0,12230.0,11615.0,11537.5,9715.0,9509.25,100.6,8.498307329730746,1100,False,False
MPPA.JK,47.0,46.666666666666664,46.6,47.6,47.3,46.32,48.09,1.2800000000000011,3.57600541147823,9284200,True,False
MPOW.JK,109.0,109.0,108.0,106.3,102.75,99.12,104.52,9.879999999999995,1.693101643869351,93800,False,False
MPMX.JK,1000.0,1003.3333333333334,1003.0,998.0,994.0,969.453271484375,906.5070135498047,6.77601236979167,0.8974567871515802,2322000,False,False
MPIX.JK,98.0,98.0,98.4,97.0,95.3,92.6,88.55,5.800000000000011,2.085853690758832,1747200,True,True
MORA.JK,5200.0,5233.333333333333,5480.0,5872.5,6166.25,6475.5,6003.25,51.02,3.652119323984271,145400,False,False
MOLI.JK,272.0,274.6666666666667,270.8,263.8,258.3,241.9953842163086,243.31141326904296,16.335641225179046,3.0295668461526564,712900,False,False
MNCN.JK,202.0,202.0,202.0,203.2,206.7,206.16,218.3,2.3499999999999943,1.690244531256821,2894200,True,False
MMLP.JK,298.0,298.0,298.4,295.0,296.9,294.72,315.56,1.839999999999975,1.3033677167904594,15800,True,False
MMIX.JK,720.0,731.6666666666666,736.0,731.5,725.0,694.38,497.51,8.324000000000002,1.0552803617936917,1206000,False,False
MLPT.JK,1615.0,1611.6666666666667,1640.0,1658.0,1472.4,1017.14,906.218310546875,128.172,8.770069546355394,701800,False,False
MLPL.JK,103.0,100.0,98.2,96.4,93.8,85.38,90.9,17.620000000000005,1.9651417372166686,38272000,False,False
MLIA.JK,232.0,231.33333333333334,231.6,231.4,233.5,237.92,256.1,3.2933333333333223,0.6391411397165486,7100,True,False
MLBI.JK,6925.0,6933.333333333333,6905.0,6767.5,6545.0,6221.151875,5832.317690429688,28.48725833333334,1.849122455952876,4100,False,False
MKTR.JK,120.0,121.0,121.4,121.6,120.45,120.73647827148437,124.2080355834961,1.5999999999999943,1.5516337960481585,19200,True,False
MKPI.JK,22000.0,21983.333333333332,21970.0,21845.0,21623.75,21167.092109375,21369.831796875,33.31631562499999,0.47788708944158587,40200,False,False
MKAP.JK,1165.0,1166.6666666666667,1168.0,1165.5,1163.75,1136.9354663085937,1101.3307482910157,6.212906738281253,0.4269018593584554,1000,False,False
MITI.JK,208.0,209.33333333333334,211.2,191.7,181.35,172.6,207.41,19.299999999999997,11.328539447039525,555900,False,False
MIRA.JK,29.0,27.0,25.0,23.3,21.95,20.1,21.4,8.899999999999999,7.174391474756862,15863900,False,False
MINE.JK,238.0,235.33333333333334,234.8,227.8,224.7,218.96,274.5,9.519999999999996,1.496073917453948,180400,False,False
MINA.JK,280.0,278.6666666666667,275.6,271.8,277.1,279.92,294.1,4.099999999999994,1.7530161822342487,13464400,True,False
MIKA.JK,1895.0,1860.0,1848.0,1803.5,1772.75,1673.3401171875,1797.3069885253906,44.331976562499996,2.9583629404978042,108200,False,False
MIDI.JK,280.0,278.6666666666667,279.2,281.8,283.6,281.6226806640625,292.09008895874024,2.4666666666666686,1.5769503063449846,1384600,True,False
MICE.JK,520.0,520.0,521.0,517.5,517.0,499.4970324707031,497.97386322021487,4.300593505859377,1.7657169089810145,2000,True,False
MHKI.JK,139.0,138.33333333333334,138.8,136.0,136.55,125.37198043823243,147.44134315490723,13.628019561767573,2.5878610290961626,410900,False,False
MGRO.JK,680.0,676.6666666666666,674.0,676.5,675.25,671.8,685.2,1.640000000000009,3.4150660499663816,1555700,True,False
MGNA.JK,109.0,110.33333333333333,111.6,112.1,102.25,91.88,128.87,20.22,11.488854387678971,483000,False,False
MGLV.JK,8250.0,8325.0,8315.0,8335.0,8312.5,8257.0,7371.6,3.4,2.68001210710435,36000,True,False
MERK.JK,3960.0,3950.0,3930.0,3914.0,3921.0,3749.3865234375,3601.344423828125,21.061347656250017,1.9266736084273965,11400,False,False
MERI.JK,125.0,119.33333333333333,118.6,110.1,105.9,106.82,122.88,19.099999999999994,5.897056758621452,7310400,False,False
MEJA.JK,111.0,106.0,102.0,98.6,92.7,87.28,92.17142860412598,23.72,5.31892678527017,24590000,False,False
MEGA.JK,1980.0,1983.3333333333333,1982.0,1982.5,1990.5,1989.4,2110.645460205078,2.1,0.4760741804546126,8100,True,False
MEDS.JK,75.0,74.33333333333333,75.0,75.2,77.4,75.28,77.15,3.066666666666677,1.366627232576447,2254100,True,False
MEDC.JK,1310.0,1301.6666666666667,1318.0,1297.0,1292.0,1202.631171875,1396.5133923339845,23.073765624999986,3.0033462087675646,4031400,False,False
MDRN.JK,26.0,26.0,26.0,26.0,26.0,27.68,38.66,1.6799999999999997,0.0,0,True,False
MDLN.JK,50.0,50.0,50.0,50.0,50.1,50.16,51.98,0.1599999999999966,0.0,1555400,True,False
MDLA.JK,210.0,209.33333333333334,209.6,210.0,209.2,204.02,203.05588500976563,2.989999999999995,0.9022628065583084,113800,True,False
MDKI.JK,186.0,186.0,185.2,183.6,181.9,179.0187646484375,180.9118000793457,6.981235351562503,1.0723090015442178,1800,False,False
MDKA.JK,3060.0,2946.6666666666665,2932.0,2803.0,2742.5,2676.1681787109374,2875.611418457031,38.38318212890626,2.8249549760744745,25103000,False,False
MDIY.JK,935.0,930.0,920.0,917.0,941.75,892.1202185058594,868.0278021240234,9.925956298828122,0.9098967831507963,28200,False,False
MDIA.JK,238.0,239.33333333333334,230.0,197.9,144.1,98.6,96.2,70.36666666666667,11.578927064205176,188327700,False,False
MCOR.JK,69.0,69.0,69.0,68.7,68.35,66.92,68.46,2.0799999999999983,0.83019955430472,310100,True,False
MCOL.JK,3830.0,3776.6666666666665,3762.0,3734.0,3753.0,3720.6,3767.6654760742185,10.940000000000008,1.8852951570122294,1000,False,False
MCAS.JK,348.0,294.0,274.0,274.4,222.25,200.74,273.41,73.63,13.141338446106351,43857200,False,False
MBTO.JK,129.0,129.66666666666666,134.0,127.1,123.15,113.26,114.31,20.739999999999995,8.185723131763382,721100,False,False
MBSS.JK,2840.0,2833.3333333333335,2830.0,2807.0,2722.5,2592.0,2304.4,24.8,1.0976528031931827,69000,False,False
MBMA.JK,560.0,546.6666666666666,547.0,522.1,521.8,502.34,577.29,11.532000000000005,3.0299468075104143,19766500,False,False
MBAP.JK,1480.0,1458.3333333333333,1445.0,1430.5,1418.5,1388.2,1545.55,18.359999999999992,1.648856951557201,20100,False,False
MAYA.JK,200.0,202.66666666666666,202.8,200.1,198.25,190.64,192.62,12.160000000000025,1.2626129135217936,98200,False,False
MAXI.JK,50.0,50.0,50.0,50.0,50.0,50.0,50.49,0.0,0.0,19900,True,False
MASB.JK,3400.0,3393.3333333333335,3392.0,3391.0,3390.5,3378.6,3313.3,2.140000000000009,0.09328252684862257,10700,True,False
MARK.JK,1115.0,1105.0,1098.0,1064.5,1042.0,963.5,864.9515148925781,30.3,4.141142217827083,1385900,False,False
MARI.JK,23.0,23.0,23.0,23.0,23.0,23.7,26.33,0.6999999999999993,0.0,0,True,False
MAPI.JK,1635.0,1643.3333333333333,1676.0,1629.0,1566.75,1526.5526513671875,1415.010224609375,29.889469726562492,8.173700800681136,681800,False,False
MAPB.JK,1215.0,1196.6666666666667,1163.0,1170.5,1111.75,1102.5,1310.9,22.5,5.334669631785269,3800,False,False
MAPA.JK,665.0,671.6666666666666,671.0,651.0,632.5,609.6172326660156,618.5546343994141,12.409886800130199,2.2957506156828256,1217500,False,False
MANG.JK,39.0,39.0,39.0,39.3,39.7,41.18,44.22,2.1799999999999997,1.178962266076146,560700,True,False
MAIN.JK,685.0,681.6666666666666,681.0,687.0,694.75,686.0840002441406,768.23876953125,2.75,2.1411778233175647,55700,True,False
MAHA.JK,147.0,146.0,146.0,144.5,142.6,137.28166717529297,136.36416915893554,9.718332824707034,1.4030119299198738,221400,False,False
LUCK.JK,115.0,115.0,114.6,112.0,108.55,103.86,105.2,11.14,2.7796278644157613,828200,False,False
LTLS.JK,850.0,848.3333333333334,840.0,822.0,796.25,776.9,773.161851196289,14.620000000000005,1.383955495240233,1600,False,False
LSIP.JK,1465.0,1461.6666666666667,1459.0,1436.5,1390.0,1278.363388671875,1337.642342529297,37.32732226562498,1.6090756740659935,627400,False,False
LRNA.JK,186.0,185.33333333333334,185.2,185.1,182.85,180.32,191.47,5.680000000000007,1.0736175104578431,24700,True,False
LPPS.JK,84.0,83.66666666666667,82.6,81.2,79.7,72.62,77.47,11.379999999999995,1.6585502233863527,1444900,False,False
LPPF.JK,1595.0,1588.3333333333333,1583.0,1566.0,1567.5,1541.5,1586.0909912109375,10.7,1.9529162331363874,354800,False,False
LPLI.JK,248.0,248.0,246.4,246.6,248.8,242.28,266.56,3.260000000000005,1.3585962218426597,4300,True,False
LPKR.JK,67.0,65.0,63.6,62.1,62.0,61.68,71.15,5.32,2.4409079944477776,139509600,True,False
LPIN.JK,424.0,422.6666666666667,421.6,420.4,418.8,407.16,409.58161224365233,8.419999999999987,0.9065238236862401,11900,False,False
LPGI.JK,645.0,646.6666666666666,644.0,635.0,648.25,663.0,667.5391320800782,5.6,1.973599923030061,200,True,False
LPCK.JK,625.0,606.6666666666666,593.0,564.0,539.75,518.98,569.64,21.203999999999997,3.819987553895009,72100,False,False
LOPI.JK,84.0,77.0,72.0,67.7,63.25,61.88,86.7,22.119999999999997,4.991164468431033,1293400,False,False
LMPI.JK,142.0,141.0,140.2,141.2,140.15,137.68,145.94,4.319999999999993,1.5494495854504169,19600,True,False
LMAX.JK,110.0,111.33333333333333,113.0,113.1,115.25,97.56,125.97,17.689999999999998,4.318209574674345,129800,False,False
LIVE.JK,222.0,220.66666666666666,216.4,211.8,208.4,213.24,214.69,6.799999999999997,1.7461589871400827,5496900,False,False
LION.JK,360.0,357.3333333333333,355.6,352.0,351.7,335.8,370.52,12.099999999999994,2.366779653939579,8600,False,False
LINK.JK,1400.0,1391.6666666666667,1393.0,1396.5,1408.75,1397.1,1572.45,3.4166666666666514,0.675236732430814,2900,True,False
LIFE.JK,5975.0,5908.333333333333,5905.0,5845.0,5785.0,5902.5,6418.726791992188,7.6,1.5636325107773155,300,False,False
LFLO.JK,482.0,487.3333333333333,490.0,487.0,487.4,520.8266015625,535.2367599487304,19.413300781249973,1.058973387169272,3600,False,False
LEAD.JK,112.0,112.0,112.6,108.5,105.4,98.78,114.16,13.819999999999993,3.691511736830023,3344100,False,False
LCKM.JK,109.0,109.0,109.0,109.4,109.5,110.28,116.6,1.2800000000000011,1.9769682683314476,0,True,False
LAPD.JK,68.0,65.66666666666667,65.0,63.6,65.4,63.14,72.28,4.859999999999999,3.3336356411791925,22006500,True,False
LAND.JK,83.0,81.33333333333333,80.2,77.3,77.6,64.52,68.75,18.480000000000004,4.06259273704197,12460000,False,False
LAJU.JK,70.0,68.66666666666667,68.0,66.3,66.85,63.88362670898437,70.98936870574951,6.116373291015627,2.070183164990962,2484300,False,False
LABS.JK,157.0,156.66666666666666,156.2,153.4,150.65,145.0,151.77,12.0,0.9688091230638947,35100,False,False
LABA.JK,98.0,96.66666666666667,95.8,95.1,94.2,90.54,103.9,7.459999999999994,1.7399047493326207,699700,False,False
KUAS.JK,94.0,93.0,93.0,92.0,92.05,91.12,98.70716636657716,2.8799999999999955,1.9980371981814313,2522800,True,False
KSIX.JK,380.0,374.6666666666667,364.8,330.4,306.8,323.84,326.48,36.599999999999994,5.997657227273632,184400,False,False
KRYA.JK,65.0,64.0,63.2,61.3,60.65,58.18,63.21,6.82,1.3968909889895758,6820100,False,False
KREN.JK,13.0,13.333333333333334,13.2,13.2,13.0,12.64,14.39,0.6933333333333334,4.947089528537475,29996000,False,False
KRAS.JK,232.0,229.33333333333334,228.8,224.6,229.7,211.88,246.08,10.060000000000002,2.98139269731153,1030800,False,False
KPIG.JK,76.0,77.0,79.0,80.7,82.55,82.24,95.31,6.549999999999997,2.502970040874092,38389300,False,False
KOTA.JK,177.0,179.66666666666666,173.0,156.8,130.65,107.72,103.44,71.94666666666666,8.051528788104214,140254800,False,False
KOPI.JK,208.0,208.66666666666666,209.2,210.4,204.3,189.48,217.13,10.460000000000008,3.5729862480935757,120100,False,False
KONI.JK,2390.0,2380.0,2392.0,2413.0,2512.5,2575.4,2411.75,19.54000000000001,1.294133047899214,4500,False,False
KOKA.JK,199.0,195.66666666666666,196.4,195.0,200.15,145.72,158.2,54.43000000000001,2.9196015779282303,7538500,False,False
KOIN.JK,78.0,78.0,78.0,78.0,78.0,76.52,79.03,1.480000000000004,0.0,0,True,False
KOCI.JK,108.0,107.66666666666667,107.8,104.7,103.4,96.71842071533203,105.79684066772461,11.28157928466797,6.83607925211526,2270400,False,False
KOBX.JK,170.0,169.66666666666666,169.4,169.7,158.15,150.36,157.43,19.639999999999986,12.290494658851008,714200,False,False
KMTR.JK,232.0,230.66666666666666,231.6,233.6,233.2,229.2,241.3,2.200000000000003,2.5312421868639743,4000,True,False
KMDS.JK,540.0,531.6666666666666,534.0,538.0,540.0,533.9811328125,543.2871749877929,1.6666666666666743,1.6666074281688326,11500,True,False
KLIN.JK,118.0,116.66666666666667,117.0,116.8,114.2,106.76,127.23,11.239999999999995,4.3416661283305205,26400,False,False
KLBF.JK,800.0,793.3333333333334,783.0,746.0,739.0,735.56986328125,811.1458856201172,12.886027343749992,3.2150610402945485,12139300,False,False
KLAS.JK,77.0,76.66666666666667,77.0,75.9,73.15,69.24,75.0,7.760000000000005,1.6602224129077359,2131300,False,False
KKGI.JK,282.0,277.3333333333333,276.0,274.8,275.8,264.775036315918,285.1121794128418,8.612481842041007,1.5143209138437423,282400,False,False
KKES.JK,69.0,67.66666666666667,66.6,67.0,67.45,53.34,45.11,15.659999999999997,1.9981972483682269,3153300,False,False
KJEN.JK,145.0,143.66666666666666,144.2,141.8,134.05,125.2,129.93,19.799999999999997,7.532413461654707,949900,False,False
KIOS.JK,100.0,100.33333333333333,99.0,96.6,95.15,88.2,96.19,12.133333333333326,2.437893490476008,4585600,False,False
KINO.JK,1335.0,1316.6666666666667,1311.0,1269.0,1218.0,1155.0719995117188,1124.4959838867187,35.985600097656246,2.5519475195793055,43300,False,False
KING.JK,268.0,270.0,273.6,272.2,283.7,360.4,373.07,46.19999999999999,3.184252772940314,11400,False,False
KIJA.JK,126.0,124.66666666666667,124.2,124.8,129.05,123.34,148.13,5.710000000000008,2.403680332848198,22010200,True,False
KICI.JK,193.0,195.0,196.0,194.6,192.9,186.24,196.59,9.759999999999991,1.3075084721280963,141000,False,False
KETR.JK,580.0,576.6666666666666,592.0,572.5,562.25,547.98,523.74,8.803999999999997,4.534966991441849,6532400,False,False
KEJU.JK,590.0,583.3333333333334,579.0,563.0,554.75,565.0,551.915309753418,7.05,1.365368196863741,20200,False,False
KEEN.JK,910.0,903.3333333333334,897.0,874.0,867.5,840.6318725585937,859.8977502441406,13.873625488281254,2.619810606010185,1813300,False,False
KDTN.JK,436.0,442.6666666666667,451.6,403.2,462.15,583.54,759.52,90.16999999999999,13.139744364151454,1445300,False,False
KDSI.JK,458.0,458.0,456.4,453.8,449.2,442.92,446.14,7.539999999999992,0.631283047100292,5800,False,False
KBLV.JK,157.0,146.66666666666666,138.2,132.2,125.75,101.38,105.89,55.620000000000005,8.638760315759587,150143200,False,False
KBLM.JK,302.0,304.0,302.4,300.4,296.2,290.6096508789062,302.01308074951174,6.695174560546889,1.2955618142582526,6500,False,False
KBLI.JK,334.0,332.0,330.8,326.6,324.3,312.5032305908203,308.34418731689453,10.748384704589853,0.839202760416991,100600,False,False
KBAG.JK,51.0,50.0,48.0,45.1,43.6,39.68,43.36,11.32,3.0055019761055823,15424900,False,False
KARW.JK,212.0,212.0,212.0,212.0,212.0,228.2,263.46,8.099999999999994,0.0,0,False,False
KAQI.JK,97.0,96.66666666666667,96.2,94.4,91.95,88.62,96.57,8.379999999999995,2.732411463976583,4308000,False,False
KAEF.JK,462.0,462.0,458.8,453.2,453.7,447.72,476.04,7.139999999999986,0.9041943286383155,112800,False,False
JTPE.JK,600.0,600.0,601.0,603.5,605.75,600.04,591.29,1.15,1.5759274232308855,549600,True,False
JSPT.JK,1395.0,1385.0,1387.0,1415.5,1408.5,1332.8131323242187,1365.7083728027344,16.537373535156256,6.445586999945591,1000,False,False
JSMR.JK,2800.0,2780.0,2780.0,2751.0,2737.5,2753.9816650390626,2842.781162109375,6.25,1.0452380446577776,150000,False,False
JRPT.JK,1075.0,1076.6666666666667,1078.0,1079.0,1078.25,1074.2283374023436,1071.5213989257813,0.9543325195312719,0.2187508462089377,324500,True,False
JPFA.JK,2220.0,2210.0,2210.0,2176.0,2125.5,2047.9,2234.4064819335936,17.20999999999999,1.5368133163721078,832800,False,False
JMAS.JK,228.0,228.0,228.0,228.0,228.0,237.28,237.47,4.640000000000001,0.0,0,True,False
JKON.JK,89.0,89.0,87.4,78.9,73.5,68.91880638122558,70.26761287689209,20.08119361877442,11.263174777869898,12649000,False,False
JIHD.JK,432.0,432.6666666666667,430.8,425.0,430.8,418.52,460.91,7.073333333333352,1.7044713966888332,23100,False,False
JGLE.JK,98.0,97.66666666666667,91.0,77.1,67.9,58.84,64.28,39.16,9.391184926393823,394140200,False,False
JECC.JK,645.0,640.0,640.0,629.0,630.25,604.5537145996094,714.4468597412109,8.089257080078118,1.7154615680704661,1400,False,False
JAYA.JK,134.0,133.0,133.2,131.6,128.35,123.7,128.18,10.299999999999997,1.4709500638025848,167300,False,False
JAWA.JK,129.0,129.33333333333334,129.6,126.7,122.7,119.12,137.15,10.47999999999999,2.5489423623968106,215600,False,False
JATI.JK,100.0,100.33333333333333,99.2,97.3,96.0,94.9212075805664,99.28969619750977,5.412125752766926,2.0506928968578415,4555700,True,True
JAST.JK,85.0,84.66666666666667,84.4,83.8,84.1,81.36,89.11,3.6400000000000006,0.9562516570430576,646800,True,False
JARR.JK,1940.0,1930.0,1918.0,1904.0,1898.75,1816.1966284179687,1932.931414794922,24.760674316406266,1.5779224606231748,313100,False,False
ITMG.JK,25100.0,24975.0,24890.0,24712.5,24442.5,23233.5,24345.8441796875,74.66,0.8806105898091313,101800,False,False
ITMA.JK,1350.0,1351.6666666666667,1367.0,1364.5,1358.0,1407.0,1741.0,11.4,1.883164649376132,2100,False,False
ITIC.JK,238.0,235.33333333333334,231.2,223.0,214.75,205.86,229.07,16.069999999999993,2.0565769778409413,293500,False,False
ISSP.JK,432.0,433.3333333333333,435.6,433.4,419.6,397.57183837890625,415.3810269165039,19.014080810546886,2.3209161738533117,285600,False,False
ISEA.JK,82.0,81.33333333333333,81.8,80.7,81.0,71.68,77.46,10.319999999999993,1.685725826265642,112700,False,False
ISAT.JK,2210.0,2093.3333333333335,2034.0,1975.0,1943.5,1888.5,1961.6122985839843,32.15,5.109492501352989,17670100,False,False
ISAP.JK,25.0,24.333333333333332,24.6,24.5,24.7,23.84,26.98,1.1600000000000001,4.95533629211741,4663300,False,False
IRSX.JK,366.0,365.3333333333333,368.8,348.8,322.5,298.08,361.6155062866211,35.360000000000014,4.944369583634332,5212400,False,False
IRRA.JK,372.0,372.0,372.8,373.6,373.0,368.2,382.08,2.700000000000017,0.4687185507296943,238700,True,False
IPTV.JK,30.0,29.666666666666668,30.0,30.7,30.95,32.62,37.01,2.9533333333333296,3.7716999580665656,1672700,True,False
IPOL.JK,113.0,113.66666666666667,111.6,108.7,107.35,107.24,114.05,6.4266666666666765,2.075555632709564,363900,False,False
IPCM.JK,304.0,304.0,304.4,306.0,312.2,306.94633117675784,307.3214114379883,4.099999999999994,1.509845311696871,66600,True,False
IPCC.JK,1180.0,1180.0,1171.0,1157.0,1188.0,1153.916719970703,1169.1296258544921,6.816656005859386,0.7341449237963352,78600,False,False
IPAC.JK,176.0,171.66666666666666,170.2,166.0,163.1,154.08,153.81,21.919999999999987,2.8017001534210397,117800,False,False
IOTF.JK,53.0,53.0,52.8,52.6,52.75,52.72,57.49,0.3999999999999986,1.0838473527841093,2354500,True,False
INTP.JK,5325.0,5350.0,5275.0,4957.5,4793.75,4450.27671875,4583.07775390625,35.988931249999986,2.182328457579447,237500,False,False
INTD.JK,298.0,282.6666666666667,270.4,261.0,247.1,236.84,243.84,30.58,3.047520021833236,15400,False,False
INTA.JK,61.0,61.0,61.0,61.0,61.0,62.72,69.19,1.7199999999999989,0.0,0,True,False
INPS.JK,730.0,721.6666666666666,718.0,683.0,660.0,656.5,637.46,14.7,3.9360515420530082,278300,False,False
INPP.JK,705.0,711.6666666666666,699.0,696.5,699.75,719.6,753.7,4.6200000000000045,4.2297327210428985,78300,False,False
INPC.JK,140.0,142.66666666666666,142.4,139.8,138.95,133.32,144.78,9.346666666666664,1.6609741111219152,4801500,False,False
INOV.JK,144.0,144.66666666666666,145.2,141.2,135.4,124.06,130.31,21.139999999999986,1.9565344038049504,274500,False,False
INKP.JK,8400.0,8341.666666666666,8380.0,8292.5,8006.25,7544.446396484375,8383.778525390626,34.222144140624984,1.553296193764009,275400,False,False
INET.JK,234.0,232.66666666666666,234.8,229.0,227.4,208.8,245.52,13.0,3.235125183819503,23744300,False,False
INDY.JK,2730.0,2660.0,2618.0,2581.0,2516.5,2235.5854541015624,2769.367263183594,49.44145458984376,5.084166144779209,5797900,False,False
INDX.JK,60.0,60.0,60.0,60.0,60.0,62.9,83.03,2.8999999999999986,2.837818317547164e-07,0,True,False
INDS.JK,278.0,276.6666666666667,278.8,276.8,274.1,264.93040252685546,327.31860458374024,6.934798736572276,1.8509026704299294,81200,False,False
INDR.JK,2370.0,2366.6666666666665,2348.0,2231.5,2111.75,2030.4,2326.4,33.959999999999994,5.276187227185734,3400,False,False
INDO.JK,174.0,174.33333333333334,175.2,174.1,172.95,166.64,163.51,8.560000000000002,1.9344663870590555,11733500,False,False
INDF.JK,7400.0,7375.0,7315.0,7130.0,6973.75,6602.51888671875,6495.1348876953125,31.899244531250005,0.9478213662487349,251800,False,False
INCO.JK,5475.0,5441.666666666667,5450.0,5201.5,5066.0,4787.99076171875,5318.5030126953125,27.48036953125,3.571656692143789,1590100,False,False
INCI.JK,660.0,673.3333333333334,671.0,666.0,661.0,647.7213110351563,667.5598291015625,5.122404459635414,1.7174158143014853,33400,True,False
INCF.JK,50.0,50.0,50.0,50.0,50.0,50.0,53.01,0.0,0.0,0,True,False
INAI.JK,180.0,180.33333333333334,180.2,179.9,171.3,151.38,168.37,28.953333333333347,2.8660263862330586,148400,False,False
IMPC.JK,1605.0,1595.0,1587.0,1555.0,1526.5,1548.6,1816.4,15.7,1.3288120016699965,1954200,False,False
IMJS.JK,165.0,163.0,164.6,159.1,154.25,144.19960845947264,159.88819519042968,20.800391540527357,2.387614021528133,168300,False,False
IMAS.JK,870.0,863.3333333333334,864.0,858.5,855.25,839.4340368652344,930.7152221679687,6.113192626953127,0.8261071309531673,26200,False,False
IKPM.JK,197.0,196.66666666666666,194.4,189.7,187.0,184.22,195.21,12.780000000000001,2.278054384624727,19400,False,False
IKBI.JK,670.0,643.3333333333334,616.0,585.5,573.75,537.82,541.61,26.43599999999999,3.2929857853930393,1057100,False,False
IKAN.JK,87.0,87.0,86.8,85.2,85.15,78.1,85.85,8.900000000000006,1.6399307806719423,507200,False,False
IKAI.JK,20.0,21.0,21.6,20.9,20.8,19.2,21.01,2.400000000000002,4.761867320759485,11673100,False,False
IGAR.JK,448.0,445.3333333333333,444.0,438.0,429.0,419.10666809082034,442.66357849121096,14.446665954589832,1.3618564102471444,2000,False,False
IFSH.JK,1075.0,1081.6666666666667,1085.0,1132.5,1154.5,1205.58,1776.4276330566406,26.115999999999985,1.7056845553026736,13600,False,False
IFII.JK,206.0,206.0,206.0,206.2,210.0,214.0,219.12,4.0,0.8868156091780285,6600,True,False
IDPR.JK,276.0,277.3333333333333,277.2,283.6,291.9,293.9139593505859,295.6593948364258,8.956979675292956,1.6339026520935989,6600,False,False
IDEA.JK,69.0,68.33333333333333,68.0,64.7,64.3,61.0,71.55,8.0,3.425877617357463,313000,False,False
ICON.JK,125.0,118.0,118.8,112.6,109.0,106.68,112.25,18.319999999999993,5.735314285681491,40579800,False,False
ICBP.JK,7650.0,7616.666666666667,7465.0,7242.5,7062.5,6666.641953125,6734.248818359375,39.334321874999986,1.7566208982425309,1547300,False,False
IBST.JK,8475.0,8475.0,8475.0,8475.0,8475.0,8475.0,7838.45,0.0,0.0,0,True,False
IBOS.JK,71.0,68.66666666666667,67.2,65.6,67.4,74.02,91.96,8.420000000000002,3.573832786617965,2808100,False,False
IBFN.JK,63.0,63.0,63.0,63.0,63.0,64.04,72.13,1.0400000000000063,0.0,0,True,False
IATA.JK,124.0,118.66666666666667,108.4,88.2,73.35,67.58,72.22,56.42,12.483041091435643,1357946200,False,False
HYGN.JK,169.0,166.33333333333334,166.8,167.1,162.05,148.44,146.4564010620117,20.560000000000002,2.5905298901653917,242400,False,False
HUMI.JK,154.0,154.0,151.8,142.3,137.25,125.88,154.27,28.120000000000005,3.452543283758966,10203800,False,False
HRUM.JK,855.0,831.6666666666666,850.0,838.5,829.75,783.4,869.15,14.320000000000004,3.3857828867707203,14293800,False,False
HRTA.JK,2270.0,2180.0,2088.0,1975.0,1950.25,1961.084345703125,2240.44439453125,31.975,3.151977521311084,6836000,False,False
HRME.JK,42.0,42.0,42.4,42.5,43.75,44.1,46.0,2.1000000000000014,3.647589863932827,1044000,True,False
HOPE.JK,228.0,224.66666666666666,221.6,213.0,199.05,154.44,175.33,36.78,1.428009092924396,18989300,False,False
HOMI.JK,184.0,183.0,181.6,179.3,179.4,185.78,210.92,6.47999999999999,0.6151904835322664,608700,False,False
HOKI.JK,54.0,54.0,54.0,54.2,54.05,53.9,59.87,0.30000000000000426,2.698634522274298,1029300,True,False
HMSP.JK,775.0,771.6666666666666,766.0,747.0,727.0,680.8,683.7667999267578,18.84000000000001,1.1268836884710371,2192400,False,False
HILL.JK,16.0,16.0,16.0,16.0,16.0,16.04,18.18,0.03999999999999915,0.0,0,True,False
HGII.JK,122.0,122.0,121.2,121.0,121.35,123.4718064880371,130.68350143432616,2.471806488037103,1.3184136485490736,72300,True,False
HEXA.JK,4480.0,4466.666666666667,4466.0,4463.0,4475.5,4411.4,4427.7,6.860000000000037,0.4963295494418696,19800,False,False
HERO.JK,334.0,336.0,340.0,341.2,340.6,328.52,374.93,6.340000000000003,3.911063100373985,10100,False,False
HELI.JK,190.0,190.66666666666666,190.0,188.3,185.15,179.62,186.4,11.046666666666653,2.628889440816222,58900,False,False
HEAL.JK,785.0,783.3333333333334,788.0,790.5,822.75,846.0,991.9654077148438,12.533333333333326,2.177135220926465,500200,False,False
HDIT.JK,50.0,50.0,50.0,50.1,50.4,50.4,54.74,0.3999999999999986,0.933602421801758,98600,True,False
HDFA.JK,96.0,97.0,101.2,95.7,92.1,89.06,95.84,12.14,8.737861188625843,531000,False,False
HBAT.JK,222.0,222.0,222.0,224.0,244.1,315.68,352.95,46.84,1.7927285261893713,67800,False,False
HATM.JK,555.0,546.6666666666666,542.0,534.4,492.4,416.0464306640625,360.5498861694336,27.790713867187502,5.371996300795317,13209000,False,False
HALO.JK,70.0,70.0,70.4,69.8,68.0,64.6,69.37,5.800000000000011,2.1398062731802803,788300,True,False
HAJJ.JK,111.0,110.0,109.0,107.0,104.8,103.1,116.28,7.900000000000006,1.4260485547276538,569100,False,False
HAIS.JK,182.0,182.0,182.4,182.6,182.5,176.22,184.60490844726561,6.3799999999999955,1.6263788708116254,277600,False,False
HADE.JK,19.0,19.0,19.0,18.8,18.7,17.04,18.33,1.9600000000000009,4.003108011324172,5148100,False,False
GZCO.JK,178.0,175.66666666666666,175.8,168.3,160.1,148.64,172.55,29.360000000000014,4.660770056722545,2207300,False,False
GWSA.JK,138.0,136.0,135.6,131.1,127.55,121.92,133.47,16.08,2.04344724871455,189600,False,False
GUNA.JK,206.0,204.0,203.2,202.3,199.1,174.6615005493164,190.1989810180664,15.6692497253418,1.688136488620444,5100,False,False
GULA.JK,745.0,758.3333333333334,773.0,789.0,756.5,659.86,513.29,25.827999999999996,4.350673270459094,3310800,False,False
GTSI.JK,191.0,192.66666666666666,183.8,164.6,155.9,139.23845016479493,176.70263648986815,53.42821650187173,6.044747601511752,11505700,False,False
GTRA.JK,250.0,251.33333333333334,247.6,243.8,235.55,206.76,221.59,22.286666666666676,1.2901894497657769,8500,False,False
GTBO.JK,170.0,170.0,170.0,170.0,170.0,174.7,194.01,4.699999999999989,0.0,0,True,False
GSMF.JK,88.0,87.66666666666667,87.6,87.4,87.2,82.96,96.63,5.040000000000006,1.1455208107217034,206000,True,False
GRPM.JK,232.0,234.0,233.2,229.6,233.4,239.2,274.24,4.799999999999997,4.0434186516145685,110900,False,False
GRPH.JK,61.0,60.333333333333336,59.6,59.4,59.45,58.72,59.32,2.280000000000001,1.5916549644732187,783800,True,False
GRIA.JK,143.0,145.0,144.6,133.5,124.1,120.54,113.67,24.459999999999994,6.093564604526071,1312100,False,False
GPSO.JK,294.0,286.0,295.6,292.4,308.3,349.12,362.46,31.560000000000002,4.49893097966246,15891000,False,False
GPRA.JK,107.0,107.0,106.8,104.7,103.3,101.58313674926758,104.40078254699706,5.416863250732419,1.8401609916303339,13017900,True,True
GOTO.JK,50.0,50.0,50.0,50.0,50.0,50.0,50.92,0.0,0.0,11052600,True,False
GOOD.JK,300.0,300.0,298.8,295.2,298.8,308.04,323.15292694091795,6.420000000000016,1.222135926659737,19400,False,False
GOLF.JK,167.0,168.66666666666666,167.4,162.9,164.75,162.89969329833986,174.830458984375,5.766973368326802,1.5727496961678133,1218800,True,False
GOLD.JK,272.0,272.6666666666667,270.8,267.8,266.5,257.04,268.62,7.813333333333333,1.9659277363538885,20600,False,False
GMTD.JK,1270.0,1280.0,1290.0,1315.5,1298.0,1350.5,1491.3407470703125,16.1,5.037586523402009,400,False,False
GMFI.JK,55.0,54.666666666666664,54.6,54.7,54.05,52.7,56.66,2.299999999999997,1.4893639689784524,14793300,True,False
GLVA.JK,308.0,306.6666666666667,306.4,305.6,304.7,302.9760980224609,316.0530532836914,2.5119509887695415,0.8743869000586771,16700,True,False
GJTL.JK,1310.0,1310.0,1315.0,1276.5,1208.25,1152.3543896484375,1112.0351080322266,32.529122070312496,2.4463744301237003,1315000,False,False
GIAA.JK,54.0,53.666666666666664,53.6,53.6,53.55,53.84,60.81,0.45000000000000284,1.5263218083118524,8873100,True,False
GHON.JK,1650.0,1620.0,1623.0,1631.0,1628.25,1680.0,1737.75,12.0,1.059913174470848,8600,False,False
GGRP.JK,302.0,302.6666666666667,301.2,298.2,296.4,292.64,283.097177734375,5.01333333333335,0.8410422465065323,73300,True,False
GGRM.JK,21650.0,21325.0,21055.0,19957.5,18595.0,16703.275,15564.0375,197.86899999999994,2.5080684078757955,337900,False,False
GEMS.JK,6600.0,6591.666666666667,6575.0,6507.5,6546.25,6420.0,7258.75,7.2,0.8796519903613319,13700,False,False
GEMA.JK,81.0,81.0,80.8,80.7,80.65,79.05952377319336,82.37476028442383,1.9404762268066378,0.828198885510578,69400,True,False
GDYR.JK,1105.0,1100.0,1101.0,1098.5,1096.25,1090.9,1099.3,2.8199999999999816,1.1114409323320682,1100,True,False
GDST.JK,136.0,126.0,118.8,108.4,100.7,88.92,94.34,47.08,6.4671681193314665,67788700,False,False
FWCT.JK,94.0,93.66666666666667,94.0,92.0,90.95,81.54,90.76,12.459999999999994,2.524223857343276,1115400,False,False
FUTR.JK,358.0,355.3333333333333,340.0,312.2,281.5,214.12,222.03,71.94,8.000285590627502,11520900,False,False
FUJI.JK,208.0,207.33333333333334,207.6,206.2,206.55,227.7,285.83,10.75,1.8342596090178198,82400,False,False
FPNI.JK,426.0,428.0,429.6,394.2,361.0,339.96,388.76,44.82000000000002,7.88332175014904,438600,False,False
FORU.JK,2270.0,2423.3333333333335,2512.0,2723.0,2856.0,2932.9,2105.65,66.29,2.8622498047650726,476500,False,False
FORE.JK,800.0,790.0,780.0,718.5,675.0,663.8,745.31,27.24000000000001,3.4342360986368794,3691000,False,False
FOOD.JK,176.0,176.0,176.0,176.0,176.0,173.34,186.19,2.6599999999999966,0.0,0,True,False
FOLK.JK,216.0,216.66666666666666,215.6,211.4,214.5,199.86,265.09,8.403333333333322,1.4365477594953011,154200,False,False
FMII.JK,246.0,247.33333333333334,247.6,249.0,248.4,247.6,242.16,1.5,1.9994385994947521,600,True,False
FLMC.JK,75.0,74.33333333333333,73.4,74.5,68.65,80.08,117.08,11.429999999999993,4.36337283960391,99400,False,False
FITT.JK,354.0,353.3333333333333,354.4,354.0,358.4,365.76,376.08,6.213333333333338,1.4161415614114679,16900,False,False
FISH.JK,610.0,606.6666666666666,606.0,609.5,624.75,615.8684594726562,683.2904956054688,3.75,0.7712616520519096,3800,True,False
FIRE.JK,111.0,111.0,109.0,107.6,108.4,104.5,121.29,6.5,2.0241785117458897,918600,False,False
FILM.JK,1030.0,993.3333333333334,1007.0,1033.0,1193.75,1512.2,2122.65,103.77333333333334,4.039371211966236,7495600,False,False
FAST.JK,364.0,372.6666666666667,353.6,333.6,306.6,267.28,280.6,52.69333333333336,10.172360179506498,582800,False,False
FAPA.JK,7375.0,7358.333333333333,7365.0,7350.0,7352.5,7296.960703125,7057.562973632813,3.1215718750000088,0.3604387226340567,600,True,False
EXCL.JK,2570.0,2540.0,2538.0,2498.0,2514.0,2533.2,2758.0,7.2,1.9493271200166025,381800,False,False
EURO.JK,1880.0,1885.0,1867.0,1898.0,1888.5,1727.856123046875,2136.0166369628905,34.028775390625015,2.0544824114546487,32600,False,False
ESTI.JK,176.0,176.0,180.2,165.2,148.95,132.23536087036132,146.3038429260254,47.96463912963867,13.28270816087109,3770100,False,False
ESTA.JK,175.0,180.66666666666666,183.2,183.7,182.45,182.86,189.19,8.699999999999989,4.367393026421709,1967000,False,False
ESSA.JK,640.0,633.3333333333334,629.0,626.5,618.75,586.7471020507812,651.1219470214844,10.650579589843755,1.8242104318290375,7281900,False,False
ESIP.JK,130.0,129.33333333333334,129.8,128.9,130.35,126.11755981445313,121.21889778137206,4.232440185546864,2.9085833371260086,2899400,True,True
ERTX.JK,190.0,193.33333333333334,194.6,185.0,171.6,151.7,176.55,42.900000000000006,3.506821585737491,663500,False,False
ERAL.JK,312.0,310.6666666666667,312.8,307.4,297.2,278.9130828857422,288.4951904296875,16.943458557128906,1.8423953563864912,814200,False,False
ERAA.JK,474.0,464.6666666666667,462.0,433.8,405.8,364.2821826171875,363.1133279418945,54.85890869140624,3.101264466971175,18855900,False,False
EPMT.JK,2370.0,2356.6666666666665,2362.0,2327.0,2324.5,2312.8,2328.7,5.719999999999982,1.7914533314821304,4200,True,False
EPAC.JK,60.0,59.666666666666664,59.8,60.1,63.55,64.54,64.39,4.873333333333342,2.6861303597851687,8917800,True,False
ENZO.JK,79.0,80.33333333333333,81.8,73.6,70.25,67.02,70.08,14.780000000000001,12.042407352541042,4293900,False,False
ENRG.JK,1340.0,1326.6666666666667,1318.0,1294.0,1366.75,1295.6,1459.15,14.55,4.5257055252754546,12988100,False,False
ENAK.JK,240.0,241.33333333333334,242.8,244.4,251.9,262.96,307.32,11.47999999999999,1.8404911885208048,70300,False,False
EMTK.JK,530.0,530.0,530.0,525.0,527.5,530.8640698242187,655.1028277587891,1.172813964843749,1.4253240849832247,12304100,True,False
EMDE.JK,81.0,81.0,79.6,74.2,72.2,67.0,71.3,14.0,5.4343148657296805,1810700,False,False
EMAS.JK,7725.0,7591.666666666667,7405.0,6897.5,6378.75,6501.0,7395.75,53.85,2.632816951550405,5317500,False,False
ELTY.JK,42.0,39.0,36.4,34.1,29.85,26.86,33.46,15.14,7.33171958646936,305914500,False,False
ELSA.JK,705.0,700.0,697.0,692.5,677.25,609.4368627929688,638.3285925292969,19.112627441406243,2.318250249465059,1742900,False,False
ELPI.JK,750.0,748.3333333333334,739.0,749.0,865.0,1041.4819921875,1388.974541015625,60.49639843750001,5.213183881224091,389600,False,False
ELIT.JK,175.0,175.33333333333334,175.6,174.4,174.2,173.02,187.58,2.579999999999984,1.2376221474322346,329000,True,False
EKAD.JK,177.0,176.66666666666666,174.6,171.5,170.35,167.10555541992187,167.7311097717285,9.89444458007813,1.541870039949777,29300,False,False
ECII.JK,163.0,162.33333333333334,162.6,162.0,154.9,138.56,159.75,24.439999999999998,5.039481583862548,398900,False,False
EAST.JK,92.0,92.66666666666667,92.8,92.0,91.2,89.24,88.80042915344238,3.5600000000000023,1.011796815500878,1029500,True,True
DYAN.JK,86.0,85.66666666666667,85.6,84.1,82.25,78.38,80.46,7.6200000000000045,1.7530721631116932,515100,False,False
DWGL.JK,392.0,396.0,385.2,366.8,297.5,261.68,265.44,67.16,9.892555758559215,462900,False,False
DVLA.JK,1585.0,1586.6666666666667,1583.0,1586.5,1578.75,1534.121953125,1535.3446325683594,10.50894270833337,0.6074555752432369,4500,False,False
DUTI.JK,4290.0,4290.0,4290.0,4290.0,4235.5,4021.4740234375,3882.94451171875,26.85259765625001,0.0,200,False,False
DSSA.JK,1045.0,996.6666666666666,938.0,887.0,867.0,804.64,1406.48,48.072,4.522909533172557,376341500,False,False
DSNG.JK,1365.0,1365.0,1369.0,1358.5,1303.0,1193.02609375,1355.4095275878906,35.194781250000005,3.058241874412272,570600,False,False
DSFI.JK,82.0,82.33333333333333,82.2,81.1,80.05,73.2,83.28,9.133333333333326,1.7457699204547588,523800,False,False
DRMA.JK,970.0,961.6666666666666,960.0,953.0,934.0,925.3,939.7333331298828,8.940000000000008,1.2449110491018873,221400,False,False
DPUM.JK,99.0,99.33333333333333,99.8,98.3,98.5,111.12,128.7,12.820000000000007,1.5658580968443283,846300,False,False
DOSS.JK,178.0,178.0,175.6,162.8,149.45,138.50273498535157,142.35870658874512,39.497265014648434,6.335686140760023,381700,False,False
DOOH.JK,272.0,272.0,269.6,252.2,204.3,153.44,151.2,59.28,3.9730778401599816,14546400,False,False
DOID.JK,220.0,218.0,217.2,216.0,216.3,206.6,227.06,6.700000000000003,2.1857141809186023,183600,False,False
DNET.JK,9800.0,9791.666666666666,9795.0,9792.5,9747.5,9949.5,9632.25,8.08,1.1137453249550022,100,False,False
DNAR.JK,125.0,124.33333333333333,124.4,123.8,120.65,114.46,124.85,10.540000000000006,1.0166773094618464,41300,False,False
DMND.JK,630.0,631.6666666666666,629.0,622.0,620.25,607.7043957519531,618.4807971191407,4.792454182942697,1.3997634706175024,700,True,False
DMMX.JK,208.0,196.0,190.6,186.9,176.95,165.52576568603516,183.43688507080077,21.23711715698242,6.223804007453664,12981700,False,False
DMAS.JK,149.0,148.33333333333334,148.0,145.6,141.85,138.757880859375,132.19311248779297,10.242119140624993,1.4181198546156353,6062900,False,False
DLTA.JK,1790.0,1783.3333333333333,1782.0,1780.0,1774.75,1741.399091796875,1763.333338623047,9.720181640625015,0.35174905314378235,2600,False,False
DKHH.JK,65.0,65.0,64.6,63.6,63.45,60.28,65.35,4.719999999999999,1.389335852748034,1113500,True,False
DKFT.JK,690.0,686.6666666666666,693.0,675.5,664.0,651.9,698.15,8.220000000000004,2.6341659326812663,1049000,False,False
DIVA.JK,143.0,140.33333333333334,138.4,132.1,125.2,115.7,132.48,27.299999999999997,4.309713386968434,8222400,False,False
DILD.JK,118.0,117.66666666666667,118.0,116.9,116.2,114.52,120.32,3.480000000000004,1.4797718959135042,2974100,True,False
DIGI.JK,29.0,29.0,29.0,29.0,29.0,29.98,32.05,0.9800000000000004,0.0,0,True,False
DGWG.JK,318.0,314.6666666666667,310.4,296.2,289.4,290.7734423828125,325.4264562988281,14.300000000000011,1.4541928354168745,3395100,False,False
DGNS.JK,230.0,235.33333333333334,236.8,235.4,232.6,229.88,251.94,3.460000000000008,3.087894461049484,195000,True,False
DGIK.JK,129.0,129.0,128.8,128.2,129.5,126.02,128.63,3.480000000000004,0.8281246783742122,650700,True,False
DFAM.JK,83.0,82.33333333333333,82.6,81.5,82.65,86.46,95.18,4.959999999999994,3.2430638878756435,600200,True,False
DEWI.JK,126.0,126.0,124.2,121.6,120.95,119.16,121.81,6.840000000000003,1.113210110034451,20069700,False,False
DEWA.JK,494.0,482.0,477.6,464.6,436.7,364.8829684448242,414.48324264526366,64.5585157775879,1.7607096593254525,316070800,False,False
DEPO.JK,240.0,240.66666666666666,241.6,242.2,243.1,242.66492919921876,245.86191543579102,1.5499999999999972,1.2860314801863313,27200,True,False
DEFI.JK,110.0,110.0,110.2,107.4,107.4,109.04,120.84,2.799999999999997,3.8989045423763247,1844800,False,False
DCII.JK,205550.0,203700.0,200000.0,195362.5,193988.75,190581.0,195705.5,598.76,2.10048327260002,300,False,False
DAYA.JK,990.0,981.6666666666666,979.0,981.0,980.0,1001.4,1014.45,4.479999999999995,1.206014344417997,10800,True,False
DATA.JK,1960.0,1960.0,1964.0,1985.5,2060.25,1932.8,2126.35,25.49000000000001,2.7578314575670624,515700,False,False
DART.JK,142.0,139.66666666666666,136.2,131.5,128.35,124.0,134.54,18.0,2.7864613560979303,77700,False,False
DADA.JK,50.0,50.0,50.0,50.0,50.0,50.0,50.0,0.0,0.0,26500,True,False
DAAZ.JK,1675.0,1616.6666666666667,1584.0,1560.0,1546.5,1598.2511059570313,1920.5388806152343,25.7,2.3027061850155492,432000,False,False
CYBR.JK,585.0,576.6666666666666,571.0,559.5,568.75,589.0,621.25,5.9,1.6439677460113926,14991100,True,False
CUAN.JK,750.0,736.6666666666666,710.0,685.5,682.0,667.1,887.86,16.579999999999995,2.749886929201933,78831700,False,False
CTTH.JK,136.0,135.0,133.0,128.3,127.7,127.76,129.1,8.299999999999997,4.1104761907894565,2040500,False,False
CTRA.JK,630.0,620.0,612.0,590.5,581.25,554.7494653320313,604.3794610595703,15.050106933593748,2.315893501824453,1674200,False,False
CTBN.JK,4000.0,4010.0,4024.0,4188.0,4518.0,5183.45974609375,5223.0591650390625,118.34597460937502,2.3262678987709,20600,False,False
CSRA.JK,755.0,748.3333333333334,746.0,756.0,765.0,760.7,833.2,3.8,2.3600216335039654,19900,True,False
CSMI.JK,81.0,79.33333333333333,78.2,76.3,76.4,74.42,84.6,6.579999999999998,2.5086090778520314,3440900,False,False
CSIS.JK,199.0,198.66666666666666,198.8,188.7,181.15,160.95560089111328,162.42540153503418,38.04439910888672,2.721095464869769,180700,False,False
CSAP.JK,292.0,290.0,290.0,288.6,288.0,279.5804107666016,280.36413635253905,6.209794616699213,1.443273904863106,11000,False,False
CRSN.JK,119.0,115.0,112.6,110.1,106.45,101.6797378540039,105.38925918579102,17.320262145996097,1.48501237274811,2481800,False,False
CRAB.JK,208.0,208.0,208.0,208.0,208.0,208.92,211.74,0.45999999999999375,0.0,0,True,False
CPRO.JK,51.0,50.666666666666664,50.6,50.4,50.45,50.24,52.83,0.759999999999998,1.6170151271130158,3142700,True,False
CPIN.JK,3130.0,3143.3333333333335,3138.0,3171.0,3162.0,3236.4137939453126,3618.318288574219,10.64137939453126,1.9984596841212114,2761900,False,False
COIN.JK,735.0,720.0,706.0,686.0,702.5,708.2,922.5,9.8,4.737207653784725,2231100,False,False
COCO.JK,107.0,107.66666666666667,107.8,107.7,119.65,152.01169082641601,244.88584541320802,45.011690826416014,4.156912859890464,46236500,False,False
COAL.JK,25.0,23.0,22.2,21.8,21.65,27.76,43.1,6.110000000000003,4.680744218561821,34432300,False,False
CNMA.JK,103.0,98.0,97.2,94.2,93.0,90.02,95.01238998413086,12.980000000000004,3.1897628415449137,31488700,False,False
CNKO.JK,37.0,37.0,37.0,37.0,37.0,37.58,46.57,0.5799999999999983,0.0,0,True,False
CMRY.JK,4690.0,4700.0,4688.0,4665.0,4639.0,4520.8,4510.3494873046875,17.91999999999998,1.788215415036643,146600,False,False
CMPP.JK,69.0,69.0,69.0,69.0,69.0,70.02,75.52,1.019999999999996,0.0,0,True,False
CMNT.JK,805.0,801.6666666666666,800.0,805.0,796.5,792.1,786.9,2.5799999999999956,1.9950979923926304,69400,True,False
CMNP.JK,1370.0,1370.0,1373.0,1360.5,1353.5,1349.7,1415.35,4.659999999999991,0.835549522026167,3300,True,False
CLPI.JK,1605.0,1610.0,1604.0,1581.5,1560.25,1496.6339086914063,1466.2623254394532,22.673218261718738,0.8292655686636665,16700,False,False
CLEO.JK,392.0,389.3333333333333,387.2,384.6,382.2,376.77668029785156,386.53303466796876,7.611659851074222,1.3211290861302027,3030900,False,False
CLAY.JK,2740.0,2766.6666666666665,2734.0,2584.0,2514.0,2624.2,2717.9,25.26666666666665,3.7051055041632224,11500,False,False
CITY.JK,175.0,175.0,176.0,172.4,171.15,159.8,172.13,16.19999999999999,1.2860398611600037,13300,False,False
CITA.JK,3290.0,3270.0,3270.0,3255.0,3259.0,3092.4,3344.4641015625,19.75999999999999,1.347378760489865,13800,False,False
CINT.JK,177.0,176.66666666666666,178.0,176.5,172.9,168.22,183.84,9.780000000000001,2.252844250466839,6200,False,False
CHIP.JK,910.0,908.3333333333334,915.0,914.5,925.0,933.7547204589844,993.4750311279297,5.084277425130199,0.8834204075736849,12700,True,False
CHEM.JK,68.0,67.0,66.4,65.4,65.55,62.22,75.99467163085937,5.780000000000001,1.324068259630278,1091600,True,False
CHEK.JK,133.0,133.66666666666666,133.8,132.7,131.75,126.06,131.01,7.740000000000009,1.74166027083316,253800,False,False
CGAS.JK,154.0,154.0,153.8,153.3,153.7,149.9977767944336,157.28777603149413,4.002223205566395,1.0713268780285259,507600,True,False
CFIN.JK,356.0,355.3333333333333,352.0,345.4,341.1,322.15788696289064,307.6203234863281,16.92105651855468,0.6670527028453148,362900,False,False
CENT.JK,82.0,81.33333333333333,81.0,80.6,80.35,75.92,87.05,6.079999999999998,1.960877229408624,260500,False,False
CEKA.JK,2220.0,2220.0,2210.0,2207.0,2190.5,2151.31953125,2165.055078125,6.8680468749999815,0.7470066347969856,1200,False,False
CDIA.JK,715.0,708.3333333333334,689.0,671.0,673.0,666.5,808.545029296875,9.7,2.402119163647301,13562300,False,False
CCSI.JK,246.0,245.33333333333334,246.4,245.8,247.5,245.44,250.96,1.0833333333333286,1.5582236642739382,12500,True,False
CBUT.JK,840.0,835.0,833.0,827.5,816.75,720.92,764.26,23.81600000000001,1.3802681777433532,14400,False,False
CBRE.JK,685.0,685.0,685.0,683.0,706.75,692.7,781.55,4.75,0.8977896717525188,1581100,True,False
CBPE.JK,630.0,566.6666666666666,498.4,408.0,348.1,307.38846313476563,308.48722198486325,64.52230737304687,8.532699324637626,673600,False,False
CBDK.JK,3850.0,3826.6666666666665,3862.0,3748.0,3664.0,3559.2686328125,4070.583818359375,30.273136718749992,3.379982402552101,429400,False,False
CASS.JK,1930.0,1910.0,1905.0,1900.0,1880.25,1824.3,1827.85,21.140000000000008,1.0132145236418135,2400,False,False
CASH.JK,228.0,228.0,228.8,230.8,222.4,194.42,200.1,18.190000000000012,1.7170041940160492,92900,False,False
CASA.JK,1860.0,1820.0,1816.0,1828.0,1835.25,1759.5,1546.0,20.1,1.2404175657617056,2400,False,False
CARS.JK,90.0,90.33333333333333,91.4,90.8,88.85,87.56,90.79,3.8400000000000034,1.6611432313834384,215700,True,False
CARE.JK,426.0,424.6666666666667,425.2,422.6,423.5,417.2,414.76,4.400000000000006,0.39920090911398765,100,True,False
CANI.JK,135.0,135.0,135.0,135.0,135.0,134.3,140.02,0.6999999999999886,0.0,0,True,False
CAMP.JK,172.0,171.33333333333334,170.8,170.2,170.05,172.04,185.1,1.9899999999999807,0.2841558791055925,26800,True,False
CAKK.JK,139.0,139.66666666666666,139.4,136.9,136.8,137.24,149.19,2.866666666666646,3.3866636554545906,1100,True,False
BYAN.JK,12125.0,12116.666666666666,12095.0,12092.5,11988.75,11220.50875,11270.5420703125,36.17964999999997,0.4112707955465945,1400,False,False
BWPT.JK,93.0,92.33333333333333,91.2,86.7,82.5,77.98,98.93,15.019999999999996,3.9006813166846475,49117400,False,False
BVIC.JK,94.0,93.33333333333333,93.8,93.3,91.5,86.9,95.74,7.099999999999994,1.1009091943951606,150700,False,False
BUVA.JK,790.0,790.0,782.0,802.0,852.25,810.0,922.5,14.05,4.922672630971584,34517900,False,False
BUMI.JK,192.0,186.0,181.0,172.4,166.95,155.9,187.72,36.099999999999994,3.0931980895644893,1445272400,False,False
BULL.JK,462.0,456.0,456.8,442.8,415.2,371.68,405.19,45.16,5.594170784805857,125579900,False,False
BUKK.JK,1080.0,1033.3333333333333,1026.0,1027.0,1061.25,1044.7,1138.85,10.8,2.964108346103543,9000,False,False
BUKA.JK,118.0,118.0,118.8,117.9,114.4,108.64,126.9,10.159999999999997,1.5875619713730107,5003600,False,False
BUDI.JK,220.0,218.0,217.6,214.0,210.0,206.72,208.66,6.640000000000001,1.9813481661859238,74200,False,False
BUAH.JK,510.0,510.0,511.0,506.0,510.0,509.2702960205078,508.3945458984375,1.0,0.9266777615657297,30700,True,False
BTPS.JK,995.0,991.6666666666666,991.0,986.5,1003.25,980.0,994.3174475097657,4.65,0.9135619227722184,386300,True,False
BTPN.JK,2160.0,2163.3333333333335,2170.0,2174.0,2201.5,2174.5,2128.2152941894533,4.15,1.8673981742884118,2000,True,False
BTON.JK,368.0,366.0,366.0,361.6,358.1,354.72,366.86,6.639999999999986,1.8614018767707352,3400,False,False
BTEK.JK,11.0,11.0,10.6,10.9,10.9,10.8,12.26,0.40000000000000036,6.096045374439385,71445900,False,False
BSSR.JK,4330.0,4326.666666666667,4328.0,4304.0,4290.0,4025.4360595703124,3802.7256518554686,30.45639404296876,0.39030813736262454,122700,False,False
BSML.JK,515.0,513.3333333333334,514.0,515.0,516.75,483.4,433.92,6.670000000000004,1.5641814659709663,341300,False,False
BSIM.JK,710.0,706.6666666666666,702.0,699.0,698.25,709.6,788.55,2.35,1.3002992473924966,6200,True,False
BSDE.JK,605.0,603.3333333333334,594.0,581.0,578.25,575.8,664.85,5.840000000000009,1.7223684047562808,1914400,True,False
BSBK.JK,53.0,53.0,52.8,52.5,52.4,51.78,54.78,1.2199999999999989,1.0838473527841324,6205600,True,False
BRRC.JK,58.0,58.333333333333336,58.2,57.5,58.65,57.5,66.09,1.1499999999999986,1.0973720291040794,537900,True,False
BRPT.JK,1940.0,1915.0,1894.0,1845.5,1798.75,1683.7504418945311,1751.4257849121093,51.24991162109377,1.3779969562929084,51191600,False,False
BRNA.JK,640.0,645.0,658.0,628.0,615.75,597.7,628.75,12.059999999999992,5.856138778216052,12600,False,False
BRMS.JK,635.0,620.0,610.0,582.5,581.5,557.6,663.15,15.479999999999995,2.5761690427266255,122488900,False,False
BRIS.JK,1830.0,1815.0,1808.0,1799.0,1818.0,1800.3,1873.110557861328,6.2,1.5560339471339393,3469700,False,False
BREN.JK,3550.0,3500.0,3418.0,3363.0,3428.5,3545.842724609375,4142.483115234375,18.7,2.726148099166579,8076600,False,False
BRAM.JK,4600.0,4566.666666666667,4540.0,4506.0,4504.0,4447.574858398438,4390.284279785156,15.242514160156224,0.7051100423702944,400,False,False
BPTR.JK,79.0,77.0,75.6,75.0,73.75,70.66,76.33,8.340000000000003,2.0293272220524323,1885800,False,False
BPII.JK,444.0,445.3333333333333,446.4,441.6,440.5,443.96,456.06,2.9499999999999886,1.973190291558706,900,True,False
BPFI.JK,264.0,265.3333333333333,264.8,264.0,258.2,251.96884857177736,256.92578048706054,6.6822423807779785,2.019793448682843,8100,False,False
BOLT.JK,805.0,803.3333333333334,803.0,797.0,795.25,784.3,820.2777783203124,4.1400000000000095,1.0515471462019539,600,True,False
BOLA.JK,160.0,158.33333333333334,157.4,159.4,161.05,152.66,158.98,8.390000000000015,1.4339796458465173,144800,False,False
BOGA.JK,1825.0,1713.3333333333333,1726.0,1654.5,1584.75,1438.8,1421.4,77.24000000000001,6.245592606453869,200800,False,False
BOBA.JK,218.0,216.66666666666666,216.0,223.4,230.4,268.5158044433594,242.3026550292969,26.2579022216797,2.0770943410978315,79700,False,False
BOAT.JK,135.0,134.0,133.8,133.9,126.1,114.38,126.15,20.620000000000005,4.672953410695122,110700,False,False
BNLI.JK,2190.0,2186.6666666666665,2188.0,2207.0,2285.0,2517.4,2806.63333984375,33.07333333333336,1.5167060922787907,34600,False,False
BNII.JK,193.0,194.0,194.2,191.9,190.95,188.8,193.7418585205078,5.399999999999977,0.8268329753691668,48200,True,False
BNGA.JK,1655.0,1653.3333333333333,1651.0,1647.5,1635.5,1593.6,1625.9980932617189,12.280000000000019,0.37836197880595207,528000,False,False
BNBR.JK,109.0,106.66666666666667,103.6,100.4,99.8,96.13951477050782,127.20768531799317,12.860485229492184,5.648233620398903,693991300,False,False
BNBA.JK,740.0,738.3333333333334,738.0,739.0,743.5,730.1,724.15,2.6799999999999953,0.5937316013461558,50200,True,False
BMTR.JK,117.0,117.0,115.8,115.0,116.8,115.96,132.22,2.0,2.14799995278828,3790100,True,False
BMSR.JK,312.0,308.0,306.4,308.4,310.2,297.68,310.22,7.159999999999997,0.8359799623718257,5600,False,False
BMRI.JK,4240.0,4226.666666666667,4232.0,4187.0,4252.0,4153.6,4197.196557617188,9.839999999999964,1.159570710150174,16381700,False,False
BMHS.JK,190.0,191.0,190.2,188.5,183.5,179.70880004882812,182.48526840209962,11.291199951171876,1.7170004544031197,15800,False,False
BMBL.JK,32.0,32.0,32.4,32.4,31.8,31.78,33.18,0.6199999999999974,1.4509561867899912,506700,True,False
BMAS.JK,520.0,500.6666666666667,490.4,487.6,486.3,481.6,490.58,7.679999999999995,2.101374745500832,1373500,False,False
BLUE.JK,2470.0,2470.0,2466.0,2537.0,2717.0,2930.8707470703125,3086.210769042969,46.487074707031255,3.084732485930184,9900,False,False
BLTA.JK,33.0,33.0,32.6,32.7,33.5,33.4,37.59,0.8999999999999986,2.4882439374584986,4033200,True,False
BLOG.JK,380.0,377.3333333333333,371.2,362.4,366.9,344.99241455078123,353.53017364501954,17.503792724609383,2.558155003041411,47600,False,False
BLES.JK,216.0,217.33333333333334,208.2,199.4,175.8,152.46456268310547,150.95845626831056,32.43438532511394,5.190830910503212,2559300,False,False
BKSW.JK,51.0,51.666666666666664,51.4,52.2,52.35,51.84,54.66,1.3500000000000014,1.5050716090949767,1414200,True,False
BKSL.JK,76.0,76.66666666666667,74.2,70.5,69.35,65.72,84.75,10.946666666666673,3.7169598108292408,38684100,False,False
BKDP.JK,169.0,169.0,169.0,166.7,158.0,132.5,104.4,36.5,5.091883463305721,0,False,False
BJTM.JK,520.0,520.0,519.0,517.5,519.0,514.04,517.6530578613281,1.1920000000000073,0.8533967378089002,1199000,True,True
BJBR.JK,790.0,788.3333333333334,789.0,786.5,783.5,769.4,767.3651525878906,4.1200000000000045,0.8597760302868303,378000,True,False
BISI.JK,700.0,695.0,689.0,671.0,659.75,661.9536169433594,713.4319885253906,8.05,1.063961652938319,84100,False,False
BIRD.JK,1630.0,1616.6666666666667,1615.0,1607.0,1611.5,1521.7098999023438,1487.6310705566407,21.65802001953125,1.0011144569848838,514000,False,False
BIPP.JK,77.0,73.33333333333333,70.2,66.0,66.8,60.68,65.84,16.32,3.5286465387773864,30290900,False,False
BIPI.JK,162.0,158.33333333333334,155.6,148.1,149.7,143.42,184.97,18.580000000000013,2.7364357813737783,180538100,False,False
BINO.JK,114.0,113.0,112.6,110.9,107.85,100.48,109.99,13.519999999999996,1.771881634884491,526100,False,False
BINA.JK,4080.0,4026.6666666666665,4032.0,4118.0,4105.5,3920.2,4052.0,19.78000000000002,3.0265515084340158,1200,False,False
BIKE.JK,510.0,510.0,510.0,510.0,510.0,510.0,499.41,0.0,2.856066440334109e-07,0,True,False
BHIT.JK,27.0,26.333333333333332,25.8,25.6,25.75,26.4,29.67,1.3999999999999986,3.4207857500768752,5266200,True,False
BHAT.JK,1770.0,1770.0,1770.0,1770.0,1770.0,1546.0,1448.9,44.8,0.0,0,False,False
BGTG.JK,112.0,111.66666666666667,111.8,111.3,111.2,108.66,114.21,3.3400000000000034,3.232631689051703,2510100,True,False
BFIN.JK,905.0,908.3333333333334,916.0,900.5,838.25,760.9148937988281,738.8836944580078,31.017021240234385,3.9453169175968665,999700,False,False
BEST.JK,110.0,110.33333333333333,110.2,106.9,104.35,99.92,103.13,10.413333333333327,3.661689104511337,1796600,False,False
BESS.JK,915.0,906.6666666666666,902.0,890.5,898.25,914.6326489257813,1037.8866436767578,4.9,1.9914926731221614,1000,True,False
BELL.JK,119.0,118.66666666666667,118.6,116.0,116.15,106.34,124.49,12.659999999999997,3.4445234636998423,2474300,False,False
BELI.JK,258.0,256.6666666666667,254.4,255.0,257.5,275.24,330.9,10.420000000000002,1.194797028979405,68800,False,False
BEKS.JK,22.0,22.0,21.8,21.4,21.25,21.06,23.9,0.9400000000000013,4.25620363360127,6676000,False,False
BEER.JK,74.0,74.0,74.2,74.7,76.6,81.04,104.4,7.040000000000006,1.2185731758006833,985000,False,False
BEEF.JK,442.0,434.6666666666667,428.4,408.4,352.9,246.36,232.64,97.82,3.517791936437221,6337600,False,False
BDMN.JK,4400.0,4460.0,4358.0,4244.0,4208.5,4104.0,3779.2737231445312,35.6,2.598990006926009,554300,False,False
BDKR.JK,163.0,162.0,164.8,160.7,153.8,143.0684880065918,147.7482347869873,21.73151199340822,3.0558869406883016,1694700,False,False
BCIP.JK,64.0,63.666666666666664,63.4,63.3,62.65,60.34,65.63,3.6599999999999966,1.0023222533279832,1873500,True,False
BCIC.JK,129.0,127.33333333333333,127.2,126.8,125.45,120.58,123.24,8.420000000000002,1.500071107707959,2061900,False,False
BCAP.JK,50.0,50.0,50.0,50.0,50.1,50.04,50.85,0.10000000000000142,0.0,326900,True,False
BBYB.JK,270.0,266.6666666666667,264.0,255.0,251.2,234.88,268.08,17.560000000000002,3.9450526673753536,4746600,False,False
BBTN.JK,1240.0,1230.0,1227.0,1217.5,1225.75,1197.7,1260.65,8.45999999999999,0.8941422358713655,4356900,False,False
BBSS.JK,99.0,97.66666666666667,96.6,95.8,96.25,98.5,131.66,3.200000000000003,1.0097522857312689,287500,True,False
BBSI.JK,4650.0,4653.333333333333,4668.0,4680.0,4686.5,4604.0,4641.7,8.25,0.7060374382882358,600,False,False
BBRM.JK,119.0,119.0,118.6,116.2,116.35,110.82,126.35,8.180000000000007,2.2723835918821043,1811700,False,False
BBRI.JK,3140.0,3103.3333333333335,3078.0,3029.0,2988.0,2899.0,3028.8127783203126,24.1,1.425401288612934,49281700,False,False
BBNI.JK,3650.0,3633.3333333333335,3638.0,3573.0,3560.0,3480.0,3647.1715844726564,17.0,1.6439551219794588,2737400,False,False
BBMD.JK,2000.0,2000.0,1998.0,1989.0,1974.25,1946.8435571289062,1940.4820446777344,10.631288574218752,0.9817904681831392,40000,False,False
BBLD.JK,610.0,608.3333333333334,612.0,605.0,596.0,576.2,637.889916381836,7.159999999999991,4.350497753158063,72300,False,False
BBKP.JK,56.0,55.333333333333336,55.0,53.7,53.65,52.86,57.03,3.1400000000000006,1.2660107146589845,3898900,True,False
BBHI.JK,905.0,908.3333333333334,911.0,913.5,918.5,924.6213708496093,1050.8843621826172,3.924274169921864,1.7928725959615741,5300,True,False
BBCA.JK,6425.0,6383.333333333333,6420.0,6367.5,6348.75,6069.0,6178.850615234375,14.24,1.7369884343331126,12234500,False,False
BAYU.JK,1180.0,1171.6666666666667,1172.0,1159.0,1157.5,1129.8,1188.924063720703,10.04000000000001,1.9218846237433362,200,False,False
BAUT.JK,36.0,33.666666666666664,32.8,30.8,30.05,27.68,30.08,8.32,3.266026710184388,11679000,False,False
BATR.JK,94.0,93.66666666666667,93.6,92.3,91.55,86.5806900024414,87.4317244720459,7.419309997558599,1.3473745228568712,340500,False,False
BATA.JK,59.0,59.0,59.0,59.0,59.0,60.06,61.34,1.0600000000000023,0.0,0,True,False
BAPI.JK,19.0,18.0,18.2,18.6,16.95,17.26,22.06,2.0500000000000007,6.107255445467997,52524400,False,False
BAPA.JK,157.0,157.0,163.4,166.1,197.15,243.06,209.37,86.06,2.987152489097191,2908700,False,False
BANK.JK,272.0,272.0,274.8,277.0,284.4,272.96,379.28,6.199999999999989,1.2351053250583917,586300,False,False
BALI.JK,1210.0,1213.3333333333333,1220.0,1223.0,1229.25,1233.0,1254.65,4.6,1.2767444249780107,2600,True,False
BAJA.JK,362.0,354.0,334.0,278.1,221.7,178.66,165.06,91.67,14.27385726615696,0,False,False
BAIK.JK,770.0,768.3333333333334,765.0,763.0,730.5,654.8,568.23,23.04000000000001,1.6046823575425928,14452100,False,False
BACA.JK,119.0,118.33333333333333,117.8,116.2,114.55,110.38,121.85,8.620000000000005,1.4709104778221267,290700,False,False
BABY.JK,186.0,188.0,188.6,187.9,187.95,177.46,197.57,11.139999999999986,1.5194739671290869,343800,False,False
BABP.JK,50.0,50.0,50.0,50.0,50.0,50.02,50.74,0.020000000000003126,0.0,55900,True,False
AYLS.JK,163.0,162.66666666666666,162.2,157.7,154.65,142.22,162.06,20.78,3.6245655058204846,258900,False,False
AYAM.JK,466.0,459.3333333333333,456.8,436.2,409.1,365.72,345.56,50.139999999999986,2.3090858806686274,2562500,False,False
AXIO.JK,114.0,114.33333333333333,113.8,112.3,112.75,108.78118804931641,109.50772453308106,5.552145284016916,1.1238333986180615,34700,True,False
AWAN.JK,157.0,156.0,157.4,158.1,153.6,147.54,149.54,10.560000000000002,2.518898558866384,166100,False,False
AVIA.JK,328.0,327.3333333333333,327.6,324.2,327.5,320.04,344.5058090209961,3.9799999999999898,1.0630181163017403,779800,True,False
AUTO.JK,2840.0,2803.3333333333335,2794.0,2764.0,2691.0,2530.2,2527.667998046875,30.980000000000018,1.2567802813700522,632200,False,False
ATLA.JK,50.0,50.0,50.0,50.0,50.1,49.927088775634765,50.37336322784424,0.17291122436523665,0.0,2866800,True,False
ATIC.JK,470.0,466.6666666666667,466.0,469.6,473.6,475.88,500.41,4.939999999999998,1.888277270268801,34700,True,False
ATAP.JK,580.0,578.3333333333334,582.0,571.0,572.5,477.98,497.22,20.803999999999995,3.8667170696551705,56500,False,False
ASSA.JK,640.0,636.6666666666666,636.0,616.0,617.5,599.721875,695.503125,8.05562500000001,2.009429507798118,380400,False,False
ASRM.JK,270.0,267.3333333333333,266.0,264.4,262.1,251.97684143066405,266.99992126464844,9.011579284667974,0.7187357492862078,6000,False,False
ASRI.JK,125.0,124.66666666666667,123.2,120.1,121.0,114.3781576538086,121.35355224609376,10.6218423461914,1.4502388986954964,687000,False,False
ASPR.JK,157.0,151.66666666666666,151.0,149.2,150.85,158.74247100830078,214.40242980957032,9.542471008300794,2.607605951939005,27502200,False,False
ASPI.JK,430.0,427.3333333333333,423.2,412.8,428.9,395.5,392.55,17.25,1.3169638590640542,73000,False,False
ASMI.JK,16.0,16.333333333333332,16.2,16.4,17.7,16.06,17.34,1.6999999999999993,3.946216501569386,14762400,False,False
ASLI.JK,195.0,197.33333333333334,198.8,196.8,197.55,203.88,261.42,8.879999999999995,2.0360709825305157,2843400,False,False
ASLC.JK,64.0,63.0,62.4,63.5,63.7,61.54,68.44,2.460000000000001,3.303575167772261,2820700,True,False
ASJT.JK,152.0,153.33333333333334,152.8,154.6,158.7,157.04,171.0580924987793,6.699999999999989,3.334218296089977,204000,False,False
ASII.JK,5050.0,5083.333333333333,5080.0,5043.0,5027.5,4860.4,5332.104067382813,8.917333333333335,1.493327948349282,12445900,False,False
ASHA.JK,61.0,60.333333333333336,60.2,58.2,58.25,56.52,64.37,4.479999999999997,2.7748958759702522,4415500,True,False
ASGR.JK,1790.0,1790.0,1791.0,1826.5,1866.0,1659.8,1595.563916015625,41.24000000000001,1.7242405302704182,49700,False,False
ASDM.JK,510.0,511.6666666666667,513.0,511.3,512.4,502.8243469238281,520.3634494018555,2.0351306152343795,1.8177313314958234,11100,True,False
ASBI.JK,430.0,430.6666666666667,427.6,424.6,424.7,413.76469360351564,410.79564697265624,8.450986531575523,2.43251261224263,12400,False,False
ARTO.JK,1320.0,1308.3333333333333,1316.0,1256.5,1279.75,1108.6,1206.9,42.280000000000015,3.962300089232119,501900,False,False
ARTA.JK,2370.0,2366.6666666666665,2398.0,2447.0,2473.5,2422.9,2549.35,10.683333333333348,3.1983703678294417,1100,False,False
ARNA.JK,498.0,499.3333333333333,499.6,494.2,483.3,455.12,468.26917236328126,22.24000000000001,0.5085569757088859,476800,False,False
ARKO.JK,4790.0,4613.333333333333,4596.0,4617.0,4855.5,5014.4,6405.95,41.83999999999996,5.095244022959077,1327800,False,False
ARKA.JK,22.0,22.0,22.0,22.0,22.0,23.58,27.66,1.5799999999999983,0.0,0,True,False
ARII.JK,280.0,279.3333333333333,278.4,275.4,273.3,275.32,278.3,3.3499999999999943,1.0474686798037924,12700,True,False
ARGO.JK,1205.0,1195.0,1193.0,1181.5,1135.0,983.8,970.55,44.24000000000001,0.6482929866637682,468400,False,False
AREA.JK,274.0,275.3333333333333,278.4,276.8,277.3,246.08,276.6,16.159999999999982,4.0612583419171475,134500,False,False
ARCI.JK,1295.0,1236.6666666666667,1190.0,1124.0,1102.25,1041.6,1246.623104248047,50.68000000000002,2.5526363295987142,19032400,False,False
APLN.JK,132.0,131.66666666666666,129.8,125.9,129.7,125.0,147.04,7.0,3.247218649963425,4415300,False,False
APLI.JK,258.0,260.6666666666667,255.6,251.0,248.0,252.69063720703124,232.07015411376952,6.333333333333343,2.8083969032530995,42300,False,False
APII.JK,189.0,190.0,190.2,186.8,184.85,179.44571411132813,181.88186798095703,10.754285888671859,2.174262746153471,114900,False,False
APIC.JK,585.0,600.0,617.0,630.0,653.75,642.4,1035.3,13.75,2.5089447826947384,405200,False,False
APEX.JK,180.0,176.0,174.0,161.5,152.45,137.54,160.44,42.46000000000001,3.628639306114756,6119400,False,False
ANTM.JK,3210.0,3150.0,3082.0,2975.0,3004.0,2851.11662109375,3120.449140625,35.88833789062501,2.437830092341498,28218300,False,False
ANJT.JK,1480.0,1488.3333333333333,1489.0,1467.5,1478.75,1470.6,1570.55,4.3,1.5152695245922025,1500,True,False
ANDI.JK,18.0,18.0,17.6,17.3,17.8,17.4,20.71,0.6999999999999993,2.696821050428459,4236100,True,False
AMRT.JK,1420.0,1413.3333333333333,1398.0,1362.0,1365.25,1360.9893432617187,1375.3693896484374,11.802131347656267,2.8451112155061304,1504200,False,False
AMOR.JK,360.0,359.3333333333333,360.0,353.4,348.7,332.12,339.44,13.939999999999998,1.597588834942486,18700,False,False
AMMS.JK,212.0,214.66666666666666,217.6,244.2,273.2,308.68,351.76,48.34,3.472846387063455,285000,False,False
AMMN.JK,4530.0,4416.666666666667,4390.0,4226.0,4114.0,3729.6,4190.75,80.04,2.267681959138389,22598700,False,False
AMIN.JK,252.0,249.33333333333334,248.4,245.2,244.5,250.04,246.42,3.75,2.305273256061537,600,True,False
AMFG.JK,3300.0,3336.6666666666665,3342.0,3306.0,3215.0,3053.2964453125,3102.2905883789062,28.870355468749995,1.4278485423341267,1000,False,False
AMAR.JK,222.0,221.33333333333334,222.0,217.4,212.7,200.89274200439453,196.0632244873047,10.553628997802733,1.9721113297916735,203700,False,False
AMAN.JK,250.0,248.66666666666666,248.4,251.4,257.7,255.6,269.48,4.6499999999999915,1.8212399032086257,78100,True,False
AMAG.JK,386.0,388.6666666666667,389.2,387.4,388.2,388.72,396.01713195800784,1.5999999999999943,0.7943583538752867,10800,True,False
ALKA.JK,2070.0,1890.0,1820.0,1733.5,1268.0,842.54,753.67,122.74600000000001,8.221924288374884,128700,False,False
ALII.JK,810.0,798.3333333333334,797.0,765.5,758.0,756.7826708984375,791.3570043945313,10.643465820312509,2.422717629589763,239300,False,False
ALDO.JK,835.0,821.6666666666666,815.0,825.5,788.25,732.5673266601563,671.5123303222656,20.486534667968748,3.781617650864412,7500,False,False
AKSI.JK,228.0,230.66666666666666,231.6,231.8,227.2,216.2,253.3,7.800000000000011,2.9397841244140617,42600,False,False
AKRA.JK,1410.0,1420.0,1431.0,1423.102392578125,1391.2824340820312,1282.8474584960939,1309.933546142578,29.63050830078123,1.0597674787025513,785000,False,False
AKPI.JK,515.0,508.3333333333333,509.0,503.3,499.4,487.4344464111328,499.38792205810546,5.513110717773441,1.4832649538642066,3800,True,False
AKKU.JK,38.0,38.0,38.0,38.0,38.0,38.0,38.01,0.0,0.0,0,True,False
AISA.JK,117.0,116.66666666666667,118.2,119.9,114.1,105.74,113.63,14.16000000000001,5.799263131900818,752800,False,False
AIMS.JK,408.0,408.0,398.4,392.6,384.2,393.4,411.92,11.900000000000006,2.0674515148538846,41800,False,False
AHAP.JK,95.0,94.33333333333333,94.8,93.0,94.0,88.26,97.99,6.739999999999995,1.9643890880130952,1168000,False,False
AGRS.JK,61.0,61.0,61.0,61.5,61.35,61.12,64.86,0.5,1.5332821401602441,515300,True,False
AGRO.JK,152.0,151.0,148.8,146.4,147.6,146.16,162.7,5.840000000000003,1.8833497879116878,810800,True,False
AGII.JK,2960.0,2953.3333333333335,2974.0,2968.0,2971.0,2809.3136376953125,2957.8311083984377,16.468636230468746,3.7219639576817167,27300,False,False
AGAR.JK,1000.0,913.3333333333334,837.0,733.5,603.05,369.54,301.13,126.09200000000001,5.104697151482621,314300,False,False
AEGS.JK,43.0,42.666666666666664,42.6,42.6,42.45,40.76,45.02,2.240000000000002,3.3742043742463146,174100,True,False
ADRO.JK,2540.0,2526.6666666666665,2530.0,2500.0,2512.5,2374.6,2386.742666015625,16.54000000000001,1.7574696484060908,3095100,False,False
ADMR.JK,1620.0,1611.6666666666667,1611.0,1547.0,1536.25,1490.7,1635.203642578125,25.859999999999992,2.6674696779686644,1927200,False,False
ADMG.JK,264.0,243.33333333333334,234.8,229.2,224.3,210.54,206.8,26.730000000000004,3.7133859189092266,2406000,False,False
ADMF.JK,8700.0,8725.0,8745.0,8600.0,8423.75,8208.5,8263.44802734375,21.46,1.5232892169917598,4000,False,False
ADHI.JK,149.0,149.66666666666666,150.6,154.9,159.8,157.26,174.9,10.800000000000011,1.0294146546621628,2978900,False,False
ADES.JK,35000.0,34466.666666666664,32955.0,35110.0,34863.75,30686.5,24499.0,176.94,6.111553721841298,31900,False,False
ADCP.JK,50.0,50.0,50.0,50.0,50.0,50.0,50.32,0.0,0.0,0,True,False
ACST.JK,84.0,84.33333333333333,85.0,84.6,83.8,78.56,87.87,6.439999999999998,1.9458297037780041,70600,False,False
ACRO.JK,62.0,61.666666666666664,61.4,60.7,61.3,59.52662094116211,63.99905139923096,2.4733790588378923,1.451888028589977,745800,True,False
ACES.JK,358.0,359.3333333333333,358.8,355.4,354.0,338.2465075683594,337.7608245849609,10.543412882486962,1.5492361216231014,2032200,False,False
ABMM.JK,2700.0,2676.6666666666665,2668.0,2587.0,2539.5,2415.4,2618.639968261719,28.45999999999999,1.3070067743275233,99200,False,False
ABDA.JK,3830.0,3823.3333333333335,3698.0,3576.0,3492.0,3398.2,3179.9,43.18000000000002,2.605070795374534,1700,False,False
ABBA.JK,30.0,30.0,30.0,30.0,30.0,31.74,36.32,1.7399999999999984,0.0,0,True,False
AALI.JK,7350.0,7275.0,7225.0,6997.5,6735.0,6391.0,6944.040473632813,38.36,2.1225460954762605,170300,False,False
AADI.JK,9225.0,9116.666666666666,9125.0,9090.0,8948.75,8364.683828125,8940.546533203125,34.41264687499999,2.0822309935119145,831700,False,False
