Ticker,Close,MA3,MA5,MA10,MA20,MA50,MA100,Range_Ticks,Vol_Pct,Volume,MA_Tight,Signal
ZYRX.JK,129.0,129.0,128.6,128.8,129.65,128.2,130.55528274536132,1.450000000000017,1.7199095999240885,264700,True,False
ZONE.JK,695.0,706.6666666666666,707.0,710.5,723.25,676.6,541.761943359375,9.329999999999995,1.1062449334557771,21000,False,False
ZINC.JK,30.0,30.0,30.0,30.0,30.0,30.0,30.0,0.0,0.0,0,True,False
YUPI.JK,1295.0,1300.0,1303.0,1313.5,1346.1634521484375,1314.7839282226562,1359.3343469238282,10.2326904296875,1.4538842083652617,18700,False,False
YULE.JK,3600.0,3833.3333333333335,3694.0,3616.0,3578.0,3481.2,3404.5,35.21333333333337,6.827032438659933,500,False,False
YPAS.JK,1340.0,1333.3333333333333,1360.0,1349.0,1418.25,1021.4,893.9,79.37,6.989697988378619,63600,False,False
YOII.JK,81.0,83.0,83.0,82.1,81.95,83.64,85.19,2.6400000000000006,2.787057051251699,4519300,True,False
YELO.JK,92.0,93.33333333333333,93.8,96.5,96.1,88.42,84.65,8.079999999999998,2.6961185066414006,32109000,False,False
WTON.JK,78.0,78.0,78.0,78.9,79.9,77.64,78.17367713928223,2.260000000000005,1.0220952937994334,3689000,True,False
WSBP.JK,14.0,14.0,14.0,14.0,14.0,14.0,14.65,0.0,0.0,0,True,False
WOWS.JK,53.0,55.0,55.6,57.0,58.65,59.24,61.4,6.240000000000002,2.0754908768872316,40209400,False,False
WOOD.JK,196.0,197.0,197.8,202.3,205.45,210.48,231.81,14.47999999999999,1.1055750656763477,1321000,False,False
WOMF.JK,280.0,277.3333333333333,279.6,282.0,279.9,267.68,269.66,7.159999999999997,4.245568331341632,620000,False,False
WMUU.JK,50.0,50.0,50.0,50.0,50.0,51.76,54.51,1.759999999999998,0.0,358200,True,False
WIRG.JK,73.0,75.0,77.2,76.4,75.85,65.64,64.19,11.560000000000002,4.706780270562301,258983300,False,False
WINS.JK,610.0,613.3333333333334,595.0,586.0,562.0,535.4,527.972426147461,15.586666666666678,6.035003702003299,2001200,False,False
WINR.JK,23.0,24.0,25.4,27.0,24.2,22.64,23.9,4.359999999999999,6.296566661595112,54502400,False,False
WINE.JK,129.0,130.33333333333334,130.0,131.2,131.0,139.02,149.81557006835936,10.02000000000001,1.0872231905026726,226800,False,False
WIIM.JK,1395.0,1428.3333333333333,1476.0,1544.5,1609.25,1650.9,1648.25205078125,51.18000000000002,1.9360233123971144,9352200,False,False
WIFI.JK,1930.0,1930.0,1936.0,2003.5,2036.75,1985.5,1949.0323791503906,21.35,1.3884382907664905,8807600,False,False
WIDI.JK,28.0,28.0,28.0,27.6,27.2,26.5,26.95,1.5,5.886292522740725,18417200,False,False
WGSH.JK,123.0,128.0,130.6,140.6,151.65,154.16,133.76,31.159999999999997,3.563157397400317,12019600,False,False
WEHA.JK,113.0,115.0,113.8,112.7,110.9,107.6,110.2574380493164,7.400000000000006,1.8063743597166984,7324000,False,False
WEGE.JK,50.0,50.0,50.0,50.9,52.95,52.1,52.0,2.950000000000003,0.9844333928876672,610900,True,False
WAPO.JK,232.0,204.0,199.8,188.6,175.2,144.98,132.07,43.510000000000005,7.35487802817049,33524500,False,False
VTNY.JK,74.0,76.0,77.0,76.8,79.3,71.3,66.72,8.0,3.8674474458243924,21874900,False,False
VRNA.JK,85.0,88.33333333333333,90.2,93.4,86.55,79.96,78.27,13.440000000000012,2.96751764672976,2359900,False,False
VOKS.JK,284.0,303.3333333333333,298.8,268.6,248.6,226.3,216.58,38.51666666666665,9.042557002260393,2472500,False,False
VKTR.JK,785.0,761.6666666666666,761.0,801.5,856.5,807.3,753.88,19.1,3.2763699611831463,88317400,False,False
VIVA.JK,41.0,41.333333333333336,42.0,44.0,46.8,45.08,41.37,5.799999999999997,1.5629768699923583,8986400,True,False
VISI.JK,1215.0,1241.6666666666667,1154.0,1071.0,1022.0,955.9,929.75,57.15333333333335,8.173543635726494,1619900,False,False
VINS.JK,143.0,143.66666666666666,143.8,144.8,143.5,141.66,143.02,3.140000000000015,3.207554489119447,175600,True,False
VICO.JK,172.0,171.33333333333334,170.0,165.8,158.05,147.34,146.45,24.659999999999997,3.5917887834869613,582500,False,False
VICI.JK,1140.0,1191.6666666666667,1174.0,1109.5,957.25,744.2,659.5330905151367,89.49333333333334,5.88988040256357,5575700,False,False
VERN.JK,230.0,226.66666666666666,226.8,230.2,238.0,215.96,173.9,11.019999999999996,1.5650848274425173,8965300,False,False
VAST.JK,122.0,126.66666666666667,120.8,116.8,115.1,115.32,118.05,11.566666666666677,7.430432753008219,7469700,False,False
UVCR.JK,178.0,174.0,170.0,162.5,152.7,148.4,170.05196884155274,29.599999999999994,4.536304414280175,118015800,False,False
URBN.JK,230.0,228.66666666666666,224.4,223.4,222.0,218.8,211.28,5.599999999999994,1.8085630244344557,236000,True,False
UNVR.JK,1650.0,1636.6666666666667,1631.0,1646.0,1695.0,1723.1,1677.9716284179688,18.41999999999998,0.858038261861252,14395300,False,False
UNTR.JK,24825.0,25533.333333333332,25820.0,25895.0,25230.0,24927.0,24695.25,42.8,1.6539006434960708,7669800,False,False
UNTD.JK,78.0,79.33333333333333,80.0,81.4,81.8,80.42,77.81,3.799999999999997,1.313409221346315,14412700,True,True
UNSP.JK,206.0,206.0,206.0,206.0,206.0,206.0,232.1,0.0,0.0,0,True,False
UNIQ.JK,122.0,122.0,121.0,121.7,120.75,115.14,111.77,6.859999999999999,1.000348392333124,3150600,False,False
UNIC.JK,15000.0,15141.666666666666,15085.0,15067.5,15045.0,14367.0,13339.5062890625,30.986666666666643,0.8536640243411281,31800,False,False
ULTJ.JK,2060.0,1946.6666666666667,1871.0,1700.0,1596.5,1508.4,1488.95,55.15999999999999,4.732968581058623,123380100,False,False
UFOE.JK,143.0,147.0,146.0,146.4,145.5,140.88,140.65,6.1200000000000045,1.998366707987959,603600,False,False
UDNG.JK,490.0,488.0,498.0,618.5,962.0,1137.7,1204.55,324.85,4.753380587320185,18542000,False,False
UCID.JK,510.0,503.3333333333333,503.6,508.8,504.35,444.86,411.69136932373044,13.027999999999997,1.4440254605641074,938100,False,False
UANG.JK,3950.0,4153.333333333333,3872.0,3987.0,3351.0,2790.0,2714.9,136.33333333333331,10.33019711207651,1348100,False,False
TYRE.JK,112.0,111.66666666666667,112.4,112.7,112.7,113.46,111.88,1.7933333333333223,2.5222984662280226,871000,True,False
TUGU.JK,1590.0,1621.6666666666667,1549.0,1461.0,1407.75,1316.4,1234.3888403320314,61.05333333333333,4.498024026349914,5306200,False,False
TSPC.JK,2770.0,2780.0,2768.0,2755.0,2749.0,2730.6,2586.2,4.940000000000009,0.6379171806876391,288300,True,False
TRUS.JK,442.0,450.0,450.8,452.2,447.5,432.88,371.5148779296875,9.659999999999997,1.8491137410167742,43800,False,False
TRUK.JK,1420.0,1298.3333333333333,1209.0,1142.0,1006.5,723.2,579.45,139.35999999999999,4.696214377333038,66100,False,False
TRUE.JK,67.0,55.666666666666664,53.4,51.7,50.85,50.34,70.32,16.659999999999997,10.751744044572492,323353400,False,False
TRST.JK,474.0,474.0,471.6,468.4,466.1,466.64,465.76395416259766,3.9499999999999886,2.124097728459166,31000,True,False
TRON.JK,102.0,103.33333333333333,102.0,102.1,101.4,103.8,104.12,2.3999999999999915,2.0054152855734584,18185400,True,False
TRJA.JK,129.0,132.0,132.6,131.3,128.85,119.38,119.01,13.219999999999999,7.055797413510483,12268700,False,False
TRIS.JK,172.0,172.0,171.8,172.41121826171874,172.8173683166504,168.362802734375,167.30866485595703,4.454565582275393,0.8688007653548377,347100,True,False
TRIN.JK,358.0,356.0,378.0,390.8,369.0,342.32,411.69,24.24000000000001,4.351480607870457,162011800,False,False
TRIM.JK,840.0,826.6666666666666,816.0,767.5,703.0,630.6,583.1091833496093,41.879999999999995,4.990769035303695,2137900,False,False
TRGU.JK,170.0,168.0,169.4,173.3,173.45,168.46,172.75,5.449999999999989,3.3634067072468423,241000,True,False
TPMA.JK,476.0,475.3333333333333,476.8,483.2,475.9,462.92,465.53,10.139999999999986,0.9921198010730212,853500,False,False
TPIA.JK,1835.0,1830.0,1838.0,1886.0,1932.25,2005.4,2436.6831787109377,35.08000000000002,0.8675898590465377,88082300,False,False
TOWR.JK,414.0,430.6666666666667,436.8,450.2,451.9,420.44,409.2207553100586,18.94999999999999,3.436612962136112,163173100,False,False
TOTO.JK,242.0,241.33333333333334,241.6,241.2,238.5,238.16,237.22779510498046,1.9200000000000017,0.6558098032123727,1231500,True,True
TOTL.JK,1545.0,1541.6666666666667,1539.0,1525.0,1512.0,1321.9,1193.5755236816406,44.61999999999998,1.9179519047299123,1611000,False,False
TOSK.JK,82.0,82.66666666666667,82.8,83.3,78.9,72.32,65.52,10.980000000000004,2.972191139078258,10876700,False,False
TOOL.JK,71.0,71.0,71.4,71.4,69.15,67.72,68.36,3.680000000000007,4.421020312770311,23480400,False,False
TOBA.JK,510.0,520.0,528.0,549.0,569.5,514.96,483.23,11.9,2.44813915415707,4804700,False,False
TNCA.JK,180.0,181.0,182.0,181.7,174.5,162.1,161.19,19.900000000000006,2.23724514011334,7538000,False,False
TMPO.JK,151.0,153.0,153.2,158.0,177.5,150.9,131.42,26.599999999999994,3.758973481677258,6697600,False,False
TMAS.JK,144.0,144.66666666666666,144.8,146.1,143.05,131.2,123.5768067932129,14.900000000000006,1.2118763295747317,3611700,False,False
TLKM.JK,2560.0,2603.3333333333335,2640.0,2635.0,2619.0,2622.8,2628.269609375,8.0,1.7423994819622726,212768300,False,False
TLDN.JK,620.0,623.3333333333334,622.0,627.5,609.0,567.1,555.17,12.079999999999995,1.803712911218213,1193800,False,False
TKIM.JK,7525.0,7575.0,7685.0,7895.0,8005.0,7204.5,6793.229526367188,32.02,1.4717852731813643,6633000,False,False
TIRT.JK,590.0,590.0,590.0,590.0,590.0,590.0,549.12,0.0,0.0,0,True,False
TIRA.JK,390.0,391.3333333333333,393.6,402.8,407.2,449.1,553.4,29.55000000000001,1.2083581389463685,71700,False,False
TINS.JK,4750.0,4710.0,4714.0,4644.0,4374.0,3964.0,3664.5054736328125,78.6,1.8116420385537495,29685400,False,False
TIFA.JK,310.0,310.6666666666667,310.8,317.4,323.9,306.68,300.09343353271487,8.609999999999985,2.925761061287981,2005100,False,False
TGKA.JK,5000.0,4996.666666666667,4992.0,4986.0,5016.25,4947.1,4837.156264648437,6.914999999999964,0.4340559502341935,2100,False,False
TFCO.JK,800.0,800.0,800.0,814.0,854.5,802.2,721.3,10.9,2.8987596954764445,0,False,False
TFAS.JK,187.0,186.0,186.0,187.3,186.15,186.22,196.49,1.3000000000000114,1.6121551804600527,138000,True,False
TEBE.JK,2080.0,1900.0,1813.0,1781.5,1746.25,1381.2,1223.5,69.88,6.656655906011549,64260100,False,False
TCPI.JK,1450.0,1600.0,1664.0,1927.0,2130.0,3724.3,6734.31158203125,454.86,5.6220306029486355,6821600,False,False
TCID.JK,2540.0,2566.6666666666665,2602.0,2594.0,2624.5,2689.2,2751.9,14.919999999999982,1.9010254444393435,1300,False,False
TBMS.JK,1245.0,1241.6666666666667,1234.0,1229.0,1226.25,1211.7,1228.7018298339844,6.659999999999991,1.7165148407834858,11900,False,False
TBLA.JK,630.0,628.3333333333334,625.0,627.5,628.0,630.4,615.5602871704101,1.0799999999999954,0.8174017834301337,1096500,True,True
TBIG.JK,1470.0,1445.0,1446.0,1475.5,1476.5,1437.5,1444.10146484375,7.8,1.8605271336865796,408200,False,False
TAYS.JK,50.0,50.0,50.0,50.0,50.0,50.0,51.86,0.0,0.0,0,True,False
TAXI.JK,14.0,14.333333333333334,14.8,14.5,13.95,13.68,14.2,1.120000000000001,5.063736972726268,49819900,False,False
TARA.JK,31.0,31.0,30.8,31.4,30.35,30.46,30.03,1.0499999999999972,4.123261465404616,473900,False,False
TAPG.JK,2210.0,2223.3333333333335,2230.0,2274.0,2201.0,1887.1213500976562,1704.7247778320314,38.68786499023438,3.530145147658491,9804200,False,False
TAMU.JK,26.0,26.333333333333332,26.4,27.1,26.8,23.74,23.02,3.360000000000003,3.354700323198577,2309100,True,True
TAMA.JK,202.0,197.33333333333334,194.2,195.2,210.15,216.16,196.88,10.980000000000004,3.6553099272763157,3248900,False,False
TALF.JK,680.0,693.3333333333334,697.0,699.0,705.75,717.3,701.690346069336,7.459999999999991,1.9249678236510919,33300,False,False
SWID.JK,124.0,124.66666666666667,124.4,121.5,120.7,109.1,101.90118270874024,15.566666666666677,2.065429891664046,2840500,False,False
SURI.JK,84.0,84.33333333333333,84.6,84.6,82.6,75.6,72.0,9.0,1.67621569107795,3951800,False,False
SURE.JK,3000.0,3000.0,3006.0,3048.0,2870.5,2791.6,2776.9,25.640000000000008,1.616679007237162,0,False,False
SUPA.JK,500.0,501.0,501.2,508.1,516.8,555.42,640.16,27.70999999999998,1.4461879933658477,9692700,False,False
SUNI.JK,680.0,678.3333333333334,682.0,687.5,699.5,685.7,657.1158404541015,4.233333333333325,1.1421342680957756,228000,True,False
SULI.JK,85.0,86.0,86.2,87.6,89.1,89.26,87.72,4.260000000000005,1.6317244499391166,2412400,True,False
STTP.JK,9375.0,9391.666666666666,9390.0,9417.5,9428.75,9627.0,9710.25,10.08,0.8286663022424892,1500,False,False
STRK.JK,62.0,65.0,65.4,64.7,66.45,65.76,75.17,4.450000000000003,2.944882948546037,15164700,True,False
STAR.JK,380.0,380.0,378.8,380.8,393.6,346.52,385.33,23.54000000000002,3.7036261308334177,89400,False,False
STAA.JK,1200.0,1181.6666666666667,1189.0,1220.0,1216.75,1123.2,1073.7821362304687,19.359999999999992,2.3989437699889757,5126300,False,False
SSTM.JK,460.0,450.6666666666667,447.2,464.6,459.45,426.46,453.5,19.07000000000002,3.8242758078462566,121700,False,False
SSMS.JK,1180.0,1125.0,1116.0,1168.0,1078.5,984.8,957.3155358886719,39.040000000000006,5.501507122650796,12727800,False,False
SSIA.JK,1730.0,1725.0,1718.0,1739.5,1807.0,1722.4,1669.0747473144531,17.8,1.3133861677269054,8750100,False,False
SRTG.JK,1845.0,1795.0,1794.0,1807.5,1840.75,1786.9,1660.9992895507812,11.619999999999981,1.6338296841674753,3336500,False,False
SRSN.JK,129.0,115.33333333333333,110.2,105.1,95.55,79.26,72.97,49.739999999999995,7.155844390416578,1529947900,False,False
SRAJ.JK,12900.0,13216.666666666666,13470.0,13550.0,13696.25,12778.0,12647.5,36.73,7.679813803666445,2000,False,False
SQMI.JK,99.0,94.66666666666667,94.0,97.3,86.6,73.18,59.52,25.819999999999993,6.934387628610724,637472600,False,False
SPTO.JK,600.0,605.0,605.0,608.5,612.75,603.1,576.8258746337891,2.55,0.9595760202148366,532800,True,False
SPRE.JK,98.0,99.33333333333333,97.6,98.1,94.45,89.84,84.87,9.493333333333325,5.220652077559898,10125000,False,False
SPMA.JK,170.0,170.33333333333334,170.2,171.4,169.15,167.62,163.32076889038086,3.780000000000001,0.8241675194603038,223000,True,False
SOUL.JK,37.0,37.0,37.0,37.0,37.0,37.0,38.94,0.0,0.0,0,True,False
SOTS.JK,600.0,596.6666666666666,596.0,602.5,612.75,615.8,683.75,3.959999999999991,1.3492945137834575,64100,True,False
SOSS.JK,935.0,935.0,937.0,957.5,915.75,895.9,855.8,12.320000000000004,2.096614141876024,0,False,False
SONA.JK,2300.0,2296.6666666666665,2250.0,2290.0,2377.0,2422.6,2296.843898925781,17.25999999999999,3.9493280487176543,1700,False,False
SOLA.JK,89.0,89.33333333333333,89.4,90.9,91.5,95.88,102.77,6.8799999999999955,1.2878851022227258,4842100,False,False
SOHO.JK,1620.0,1636.6666666666667,1600.0,1636.5,1417.75,1282.2,1354.4,70.89333333333335,10.988192688878232,64400,False,False
SOFA.JK,350.0,351.3333333333333,359.2,344.2,347.5,282.12,296.5,38.53999999999999,5.263425780340496,2650600,False,False
SOCI.JK,645.0,633.3333333333334,639.0,649.5,609.0,506.94,440.8750323486328,28.512,3.6834385170431925,19088600,False,False
SNLK.JK,250.0,254.0,252.8,243.4,235.3,228.84,231.26,12.579999999999998,3.0960663689298937,21596000,False,False
SMSM.JK,1720.0,1715.0,1721.0,1737.0,1729.5,1721.8449462890626,1696.2564562988282,4.4,0.8676958527787717,3766700,True,True
SMRA.JK,278.0,285.3333333333333,295.2,315.0,317.4,318.36,304.6446629333496,20.180000000000007,4.369304141485152,240437800,False,False
SMMT.JK,2910.0,2993.3333333333335,2876.0,2778.0,2426.75,2075.6,1999.75,91.77333333333335,6.272464150115415,1403900,False,False
SMMA.JK,20025.0,20008.333333333332,20010.0,19917.5,20013.75,20258.0,19795.0,13.62,2.613950595819629,1900,False,False
SMLE.JK,210.0,212.66666666666666,212.8,201.8,186.6,166.84,136.42,22.980000000000004,4.7416921381018495,20025500,False,False
SMKM.JK,95.0,100.0,101.4,104.7,106.35,88.04,82.44,18.309999999999988,2.2719689039491646,9660600,False,False
SMKL.JK,160.0,156.33333333333334,155.8,156.2,152.45,146.78,145.20636489868164,13.219999999999999,1.9332912762806882,910200,False,False
SMIL.JK,426.0,427.3333333333333,427.2,435.4,422.6,388.72,331.78,23.339999999999975,2.5393737844193605,46145400,False,False
SMGR.JK,1550.0,1585.0,1599.0,1666.5,1635.0,1558.1,1637.7927807617189,23.3,2.0653645815212465,26294200,False,False
SMGA.JK,86.0,86.33333333333333,86.4,87.9,85.75,77.54,75.68,10.36,0.9369235987630947,5633900,False,False
SMDR.JK,394.0,394.0,393.6,385.2,353.4,318.55934814453127,303.20282379150393,37.720325927734365,2.436458725637498,30850700,False,False
SMDM.JK,540.0,543.3333333333334,540.0,545.5,547.5,557.3,555.11,3.459999999999991,2.2286172470016465,15900,True,False
SMBR.JK,172.0,172.66666666666666,171.6,173.3,173.1,166.3,167.48579025268555,7.0,2.574001576270117,9682000,False,False
SMAR.JK,6225.0,6225.0,6215.0,6362.5,6330.0,5885.5,5466.181000976562,19.08,2.924255870494375,98300,False,False
SLIS.JK,88.0,90.0,86.8,87.4,89.5,78.18,74.11,11.819999999999993,5.112149345613511,38192600,False,False
SKRN.JK,408.0,404.6666666666667,410.0,407.8,397.9,397.96,395.2974264526367,6.050000000000011,2.2800335994059515,115600,False,False
SKLT.JK,204.0,209.33333333333334,210.8,213.0,213.6,203.7,197.95214294433595,4.950000000000003,1.1554721392264342,68800,True,False
SKBM.JK,525.0,533.3333333333334,533.0,539.5,542.5,553.7,557.39,5.740000000000009,1.008145654788396,133400,True,False
SIPD.JK,870.0,891.6666666666666,904.0,917.5,900.5,778.2,787.4,27.859999999999992,2.1923504708079364,43200,False,False
SINI.JK,16900.0,16058.333333333334,15055.0,14632.5,12756.25,9335.0,9836.436298828125,302.6,6.774252953237619,12231600,False,False
SIMP.JK,625.0,623.3333333333334,620.0,623.5,623.75,596.6,581.8044677734375,5.679999999999995,1.941402181346567,8119800,True,True
SILO.JK,1960.0,1991.6666666666667,1999.0,2051.5,2116.25,2172.8,2243.3,42.56000000000004,2.228798636816996,11637400,False,False
SIDO.JK,354.0,351.3333333333333,350.8,351.6,352.3,360.0,383.93,4.599999999999994,1.0154613460028685,19392400,True,False
SICO.JK,114.0,114.0,114.2,115.1,114.55,111.38,110.78,3.719999999999999,1.560587763176848,2074000,True,True
SHIP.JK,2720.0,2710.0,2720.0,2672.0,2487.5,2169.5,2131.145397949219,55.05,5.2674622529404775,31200,False,False
SHID.JK,735.0,755.0,771.0,783.5,664.75,619.0,651.55,32.9,11.898888928561995,58800,False,False
SGRO.JK,4540.0,4633.333333333333,4698.0,4804.0,4832.25,4213.9,3586.492585449219,61.835000000000036,1.2254153336044782,39600,False,False
SGER.JK,700.0,695.0,691.0,689.0,643.75,532.88,442.8,33.424,4.181197338259091,17637900,False,False
SFAN.JK,2010.0,2020.0,2024.0,2032.0,2033.5,1999.5,1980.65,3.4,0.5575728275375637,55000,True,False
SEMA.JK,264.0,248.0,235.0,180.1,145.2,115.96,108.39,74.02000000000001,10.591775756803207,34059000,False,False
SDRA.JK,208.0,212.0,213.6,215.2,218.5,216.56,224.16,5.25,1.0518233741449148,2302400,True,False
SDPC.JK,193.0,195.33333333333334,196.0,198.1,196.75,188.66,184.82090957641603,9.439999999999998,2.243680161831378,239300,False,False
SDMU.JK,92.0,92.0,91.8,91.2,91.05,84.72,84.46,7.280000000000001,1.6367342660990079,7646100,False,False
SCNP.JK,159.0,157.0,156.4,155.8,154.6,154.06,151.68270538330077,4.939999999999998,0.9141543848231144,293600,True,False
SCMA.JK,184.0,191.66666666666666,193.8,197.8,201.3,203.2,209.14110961914062,19.19999999999999,2.0205712292971674,438326400,False,False
SCCO.JK,2620.0,2790.0,2792.0,2680.0,2530.0,2393.2,2318.2223828125,39.88000000000002,6.997259787981223,246700,False,False
SBMA.JK,117.0,114.33333333333333,113.0,111.7,109.9,108.48,109.64,8.519999999999996,1.808298702963735,5978600,False,False
SATU.JK,238.0,239.33333333333334,240.0,244.6,245.0,257.2,261.7,9.599999999999994,0.8719520687860428,48300,False,False
SAPX.JK,306.0,331.3333333333333,385.8,369.6,302.1,249.2,235.08,68.30000000000001,16.191442586090353,8962000,False,False
SAMF.JK,312.0,312.0,312.8,319.2,309.8,291.16,288.2141374206543,14.019999999999982,2.1202933746711947,71200,False,False
SAME.JK,294.0,298.0,297.2,303.0,306.8,302.04,314.46,6.400000000000006,1.9211085866946123,412800,False,False
SAGE.JK,30.0,30.333333333333332,30.4,31.3,30.25,31.74,29.79,1.7399999999999984,5.153836286838395,3319700,False,False
SAFE.JK,1045.0,1086.6666666666667,1019.0,947.0,832.2,561.92,444.9,104.94933333333336,6.245215783835096,1058100,False,False
RUNS.JK,68.0,68.66666666666667,69.6,72.2,68.2,66.58,72.16,5.6200000000000045,3.0465062043800466,1203000,True,False
RUIS.JK,202.0,201.33333333333334,202.4,205.4,205.9,204.5,195.8046875,2.2833333333333314,1.5151660303140766,422400,True,False
RSCH.JK,440.0,437.3333333333333,436.0,429.0,389.6,334.08,310.16,52.96000000000001,2.5372693008145606,22996500,False,False
ROTI.JK,580.0,585.0,585.0,586.0,585.0,591.4,590.35,2.2799999999999954,0.6286947226757784,786800,True,False
RONY.JK,1470.0,1460.0,1418.0,1468.5,1370.25,1310.2,1247.2,31.95999999999999,4.162790651208908,40100,False,False
RODA.JK,64.0,65.66666666666667,64.6,64.5,64.35,64.02,63.32,1.6666666666666714,3.654252971154079,149294000,True,True
ROCK.JK,1990.0,1998.3333333333333,2011.0,2045.5,2056.75,1953.5,1947.25,20.65,2.3091322166835977,3900,False,False
RMKO.JK,322.0,322.6666666666667,328.8,340.2,320.6,312.6,339.0,13.799999999999983,2.891817498560061,5910200,False,False
RMKE.JK,394.0,396.6666666666667,402.0,412.2,417.6,421.36,473.0511804199219,13.680000000000007,2.039574902241804,55195300,False,False
RLCO.JK,4280.0,4310.0,4324.0,4494.0,4449.5,4385.4,3991.7,21.4,1.6091930965794052,192300,False,False
RISE.JK,800.0,813.3333333333334,809.0,822.0,854.0,922.1,1071.9,24.420000000000005,3.164242595429836,885500,False,False
RIGS.JK,605.0,631.6666666666666,643.0,675.5,682.75,682.8,680.55,15.559999999999992,3.835606530181343,922700,False,False
RICY.JK,79.0,78.66666666666667,78.6,79.2,79.15,78.86,81.12,0.6000000000000085,0.8439765272164482,2627600,True,False
RGAS.JK,107.0,109.0,108.4,112.2,145.85,189.04,159.26379623413087,82.03999999999999,2.750430479219889,11517600,False,False
RELI.JK,560.0,550.0,549.0,552.0,542.25,511.1,502.38,9.779999999999996,2.8524477576046503,118700,False,False
RELF.JK,41.0,42.0,40.2,39.5,37.4,36.06,36.22,5.939999999999998,5.680852563957914,15370400,False,False
REAL.JK,50.0,50.0,50.0,50.0,50.1,50.72,51.13747158050537,0.7199999999999989,0.0,619100,True,False
RDTX.JK,13100.0,13108.333333333334,13105.0,13270.0,13435.0,13558.0,14168.334931640626,18.32,1.2078641829955385,800,False,False
RCCC.JK,115.0,114.0,113.4,114.5,113.9,103.66,100.01,11.340000000000003,1.3703821333115087,450900,False,False
RBMS.JK,61.0,62.0,62.2,62.4,62.5,63.98,63.53,2.979999999999997,2.445206946048664,13418700,True,False
RATU.JK,4210.0,4293.333333333333,4342.0,4472.0,4411.0,4742.6,4908.73298828125,53.26000000000003,2.090202800429048,5643800,False,False
RANC.JK,560.0,548.3333333333334,543.0,547.5,539.5,528.1,530.22,6.3799999999999955,1.9131322359998042,29200,False,False
RALS.JK,386.0,386.0,388.0,389.2,385.7,382.8,383.8044451904297,3.1999999999999886,0.7834203949521198,1532000,True,True
RAJA.JK,725.0,746.6666666666666,765.0,792.0,804.25,850.7,801.5966003417968,25.140000000000008,2.5416153478249477,44267000,False,False
RAAM.JK,174.0,175.66666666666666,176.4,179.3,184.15,193.7,199.64,19.69999999999999,1.526993967206888,7865100,False,False
PZZA.JK,188.0,187.0,186.6,191.7,189.25,186.04,187.88208786010742,5.659999999999997,1.745348214061169,1252700,True,True
PYFA.JK,246.0,250.0,250.8,257.4,253.0,228.24,236.72,14.579999999999984,2.9456224715378623,6061000,False,False
PWON.JK,268.0,268.6666666666667,269.2,272.4,272.3,266.64,267.2722564697266,2.8799999999999955,0.8521452535310806,48923100,True,True
PURI.JK,159.0,158.66666666666666,161.8,159.4,155.15,144.48,143.8,17.32000000000002,2.652852740851445,8832700,False,False
PURA.JK,32.0,32.0,32.0,32.4,32.05,31.86,32.27,0.5399999999999991,2.021502132163455,1105700,True,False
PUDP.JK,272.0,272.0,272.4,273.2,274.0,289.56,298.8306460571289,8.780000000000001,1.0144431244860075,61700,False,False
PTSP.JK,1245.0,1233.3333333333333,1239.0,1249.0,1173.75,1015.9,955.45,46.620000000000005,2.9017663257984774,16700,False,False
PTSN.JK,392.0,420.0,438.0,375.0,337.1,294.4,275.6775358581543,71.80000000000001,11.307285270688155,25973200,False,False
PTRO.JK,5325.0,5241.666666666667,5240.0,5337.5,5250.0,4925.9,4631.85,16.464000000000013,2.112124476932226,80621900,False,False
PTPW.JK,1160.0,1166.6666666666667,1170.0,1177.5,1177.25,1164.8,1092.8348229980468,3.5,0.5368660931762427,80300,True,False
PTPS.JK,161.0,159.66666666666666,159.8,163.1,161.4,151.42,144.05,11.680000000000007,2.459915060283867,1144300,False,False
PTPP.JK,196.0,196.0,197.6,201.3,203.65,204.02,206.79,8.02000000000001,1.1777726245878823,3367800,False,False
PTMP.JK,62.0,63.0,63.6,63.9,64.45,63.86,62.99,2.450000000000003,1.2886071106294148,6671700,True,False
PTIS.JK,256.0,260.6666666666667,260.4,260.0,258.9,263.72,278.86,3.8600000000000136,2.783566566316527,130800,True,False
PTBA.JK,3090.0,3076.6666666666665,3066.0,3064.0,2838.5,2562.6,2560.671044921875,52.74000000000001,2.4761360905253,35040000,False,False
PSSI.JK,358.0,358.0,356.8,356.6,344.3,331.2,316.2658959960938,13.400000000000006,1.2566998327186127,152300,False,False
PSKT.JK,230.0,231.33333333333334,233.2,239.0,240.2,223.7,217.07,8.25,3.7054846859900423,7765000,False,False
PSGO.JK,195.0,194.66666666666666,194.8,194.9,195.05,196.04,194.1409941101074,1.3733333333333348,0.8966335927713232,166000,True,False
PSDN.JK,135.0,134.33333333333334,135.0,138.9,136.95,130.0,131.67,8.900000000000006,3.7697070435616644,4426700,False,False
PSAT.JK,860.0,861.6666666666666,862.0,876.5,886.5,872.2,853.1,5.3,0.7884511677555525,70400,True,False
PSAB.JK,560.0,560.0,553.8947387695313,549.7894714355468,561.4736907958984,487.16211364746096,437.22127197265627,14.862315429687488,1.7388645102346378,58768600,False,False
PRIM.JK,120.0,120.33333333333333,120.0,120.3,119.25,110.34,97.58,9.993333333333325,2.2887697504710323,2223400,False,False
PRDA.JK,2810.0,2830.0,2822.0,2814.0,2716.5,2521.8,2516.5784765625,30.819999999999983,1.1265046483535974,817000,False,False
PRAY.JK,720.0,726.6666666666666,730.0,737.5,747.75,735.7,718.7,5.55,1.2808257440560975,21700,True,False
PPRO.JK,16.0,15.333333333333334,15.2,15.4,15.7,16.46,16.71,1.2600000000000016,5.274304412625143,8312300,False,False
PPRI.JK,165.0,170.33333333333334,170.8,177.8,160.75,152.72,152.96,25.080000000000013,7.916768537686125,3907600,False,False
PPRE.JK,104.0,104.33333333333333,104.8,105.5,105.8,105.92,106.49,1.9200000000000017,1.3436665161088048,11141200,True,False
PPGL.JK,468.0,468.0,468.0,468.0,402.9,287.72,242.47,90.13999999999999,0.0,0,False,False
POWR.JK,1025.0,1008.3333333333334,1003.0,985.0,944.25,825.6,762.6781256103516,39.879999999999995,3.344439649981735,10321700,False,False
PORT.JK,960.0,958.3333333333334,961.0,942.0,922.25,896.1,891.15,12.979999999999995,1.5089733673694743,16400,False,False
POLY.JK,32.0,32.0,32.0,32.0,32.0,32.0,32.0,0.0,0.0,0,True,False
POLU.JK,17000.0,17416.666666666668,16885.0,17300.0,17331.25,14207.5,13436.25,128.3666666666667,5.41765268549838,20700,False,False
POLI.JK,925.0,921.6666666666666,901.0,931.0,902.0,801.8,849.05,25.84000000000001,4.032553678862552,10800,False,False
PNSE.JK,488.0,493.3333333333333,494.8,496.6,497.65,495.42,526.11,4.824999999999989,0.661012775590125,85900,True,False
PNLF.JK,210.0,217.33333333333334,218.8,222.2,224.9,227.0,229.29,8.5,1.4495483613547346,357669500,False,False
PNIN.JK,710.0,713.3333333333334,716.0,721.0,723.25,721.7,735.7,2.65,0.5828526631350461,1442400,True,False
PNGO.JK,3600.0,3593.3333333333335,3552.0,3553.0,3518.0,3523.6,3503.5,8.2,3.0619178375325506,1200,False,False
PNBS.JK,50.0,50.0,50.0,50.0,50.0,50.1,50.19,0.10000000000000142,0.0,153800,True,False
PNBN.JK,850.0,875.0,884.0,898.5,899.5,898.5,902.6120092773438,9.9,1.1959612432840587,21443600,False,False
PMUI.JK,104.0,103.33333333333333,103.0,103.6,102.95,95.32,89.29186004638672,8.680000000000007,1.2584654430387525,2488900,False,False
PMJS.JK,144.0,144.33333333333334,143.8,145.5,142.25,124.78,117.91995162963867,20.72,1.2161715279519603,507300,False,False
PLAN.JK,65.0,64.0,64.2,68.2,57.4,45.82,43.74,22.380000000000003,7.197282314668047,4626900,False,False
PKPK.JK,4300.0,4256.666666666667,4244.0,4358.0,4063.5,3841.2,3384.9,51.68000000000002,2.4012787327249625,758100,False,False
PJHB.JK,176.0,176.33333333333334,177.4,181.2,183.25,174.94,181.23,8.310000000000002,1.0650788211594637,1001700,False,False
PJAA.JK,468.0,467.3333333333333,468.0,467.4,465.1,460.2,463.45,3.9000000000000057,0.8613330111768468,17900,True,False
PIPA.JK,178.0,177.0,182.2,196.4,196.5,152.5,136.87,44.0,7.105309162705351,246633600,False,False
PICO.JK,177.0,178.0,178.4,183.1,185.95,152.72,145.9,33.22999999999999,2.9855248698056926,639700,False,False
PGUN.JK,9525.0,9658.333333333334,9535.0,9615.0,9717.5,8471.5,8112.177373046875,49.84,3.23579703784506,368600,False,False
PGLI.JK,200.0,206.66666666666666,206.4,208.6,209.5,204.72,201.16,9.5,2.0148722341412366,642900,False,False
PGJO.JK,880.0,876.6666666666666,882.0,890.0,911.25,802.2,789.2,21.80999999999999,2.399466784821703,907400,False,False
PGEO.JK,1060.0,1051.6666666666667,1048.0,1037.0,1037.5,1034.0,976.9691558837891,5.2,1.331566043690859,18108900,True,True
PGAS.JK,1475.0,1496.6666666666667,1514.0,1521.0,1526.75,1514.4,1559.0130590820313,10.35,1.3056898074203989,62556100,False,False
PEVE.JK,306.0,306.6666666666667,307.6,311.6,313.3,319.56,329.0,6.780000000000001,1.3198827660613504,1118200,False,False
PEHA.JK,290.0,290.0,290.0,299.6,296.4,276.48,273.21904815673827,11.560000000000002,3.104734832374826,104800,False,False
PEGE.JK,132.0,133.66666666666666,131.6,131.1,124.65,109.22,115.08457321166992,24.44666666666666,2.2637759769728714,8326500,False,False
PDPP.JK,340.0,339.3333333333333,338.4,332.6,331.9,304.04,293.1910627746582,17.97999999999999,1.0172429963709448,258300,False,False
PDES.JK,390.0,384.6666666666667,380.4,381.8,385.3,393.92,441.3409783935547,6.760000000000019,1.608588301122635,131600,False,False
PCAR.JK,44.0,43.666666666666664,43.6,43.4,42.55,41.42,39.55,2.5799999999999983,2.4146925052478223,1012500,True,True
PBSA.JK,725.0,738.3333333333334,742.0,762.5,794.0,781.7,774.9622839355469,13.8,1.4794412749670374,1154000,False,False
PBRX.JK,26.0,26.0,26.0,26.6,26.6,26.62,28.23,0.620000000000001,2.30562128322553,1905800,True,False
PBID.JK,525.0,525.0,525.0,526.5,528.25,518.96,500.003967590332,1.8579999999999928,0.5374538608899189,1093600,True,True
PART.JK,110.0,110.33333333333333,106.0,105.2,108.55,104.44,102.87970901489258,5.893333333333331,4.242134920252857,18921900,False,False
PANS.JK,1655.0,1653.3333333333333,1648.0,1650.0,1615.75,1579.0,1540.3198986816406,15.2,0.8817254680373556,110400,False,False
PANR.JK,414.0,412.0,414.4,420.8,423.5,418.36,439.2482354736328,5.75,1.0617554630200257,82600,True,False
PANI.JK,5275.0,5383.333333333333,5445.0,5630.0,5788.75,6002.5,6613.641806640625,29.1,0.9588979618321841,6668900,False,False
PAMG.JK,53.0,54.666666666666664,55.0,55.7,55.65,55.74,55.36,2.740000000000002,2.519560476132199,13289600,True,False
PALM.JK,290.0,290.0,291.6,293.2,293.6,295.2,310.99445251464846,2.5999999999999943,0.8346474373841758,43300,True,False
PADI.JK,62.0,66.0,67.8,69.8,71.5,71.64,79.72510948181153,9.64,2.6801262258205045,625168200,False,False
PADA.JK,194.0,196.66666666666666,195.2,205.2,213.9,176.12,154.85,37.78,4.085657572008811,25416800,False,False
PACK.JK,565.0,580.0,572.0,566.0,535.6,362.0,311.96,43.6,4.246208970397021,298218400,False,False
OPMS.JK,113.0,115.66666666666667,116.4,118.0,120.1,116.02,111.94,7.099999999999994,1.5740126557802177,8042000,False,False
OMRE.JK,920.0,933.3333333333334,940.0,968.5,965.0,1004.6,983.85,16.920000000000005,3.3263421085660263,213600,False,False
OMED.JK,216.0,214.0,214.0,218.8,228.7,221.44,222.42245422363283,7.349999999999994,3.919795036422333,7916400,False,False
OLIV.JK,56.0,56.666666666666664,59.8,61.2,54.15,51.42,52.22,9.780000000000001,7.887166210401088,7288100,False,False
OKAS.JK,116.0,115.66666666666667,116.6,118.2,119.75,112.38,109.31,7.3700000000000045,1.5066212704648756,1720600,False,False
OILS.JK,306.0,310.0,315.2,306.4,277.1,245.68,226.88,34.75999999999999,3.329651743713676,9264600,False,False
OBMD.JK,200.0,204.66666666666666,201.6,198.3,194.45,192.3,191.33,12.366666666666646,2.8112732968757275,1529200,False,False
OBAT.JK,246.0,241.33333333333334,240.0,243.6,241.1,243.52,253.4323864746094,3.0,4.335669530884524,315900,False,False
OASA.JK,278.0,279.3333333333333,283.2,299.8,312.4,319.6,320.1,20.80000000000001,2.7589442108514977,6251800,False,False
NTBK.JK,77.0,79.66666666666667,80.8,83.4,82.5,88.4,80.8080200958252,11.400000000000006,2.0008995183617717,12283800,False,False
NSSS.JK,790.0,801.6666666666666,791.0,811.5,839.75,863.5,730.8014776611328,14.7,2.41800755013349,2087200,False,False
NRCA.JK,585.0,578.3333333333334,565.0,561.5,573.5,532.04,497.19659820556643,10.592000000000008,4.70200917573996,11919800,False,False
NPGF.JK,53.0,55.0,55.6,56.7,57.3,58.00686187744141,61.44475818634033,5.006861877441409,1.7302087418634031,11814500,True,False
NOBU.JK,530.0,526.6666666666666,523.0,529.5,519.75,487.62,477.76,8.475999999999999,2.589403249704689,3603900,False,False
NISP.JK,1275.0,1268.3333333333333,1274.0,1267.5,1258.0,1253.6,1257.9,4.280000000000018,1.005254590225586,4699000,True,True
NIRO.JK,178.0,180.0,180.6,180.1,171.35,160.12,162.91,20.47999999999999,3.692616701604369,222300,False,False
NINE.JK,85.0,85.0,86.4,91.4,93.6,83.2,90.65,10.399999999999991,4.988006541292909,11629100,False,False
NIKL.JK,216.0,218.66666666666666,221.6,227.2,215.4,201.1,224.94,13.049999999999997,5.586012977643338,5518600,False,False
NICL.JK,452.0,454.0,458.0,471.0,485.75,486.46,556.0415252685547,17.22999999999999,1.8588959976304296,24414700,False,False
NICK.JK,2820.0,2753.3333333333335,2662.0,2559.0,2230.5,1634.0,1356.85,118.6,2.7376546235976345,6600,False,False
NICE.JK,362.0,359.3333333333333,359.6,364.0,354.1,295.68,286.72,34.16,3.355901486803207,1728500,False,False
NFCX.JK,1700.0,1700.0,1700.0,1718.5,1712.5,1622.0,1659.05,19.3,1.098754425351343,27700,False,False
NETV.JK,50.0,50.0,50.0,50.0,50.0,50.66,58.41,0.6599999999999966,0.0,87800,True,False
NEST.JK,740.0,730.0,730.0,734.5,723.5,687.2,608.51,10.559999999999992,1.8707652163344517,6889700,False,False
NELY.JK,204.0,207.33333333333334,208.4,209.4,209.0,205.58,219.0104592895508,2.700000000000003,1.8083135777128452,377500,True,False
NCKL.JK,920.0,926.6666666666666,923.0,941.5,948.75,910.6,884.3651818847657,7.6299999999999955,2.7772286866232654,39742200,False,False
NAYZ.JK,75.0,76.33333333333333,75.2,75.0,74.0,64.5,62.18,11.833333333333329,2.6908247955188687,13287600,False,False
NATO.JK,1085.0,1040.0,1033.0,1081.0,950.25,767.4,683.5,63.52,4.969968240303831,325500,False,False
NASI.JK,234.0,189.66666666666666,178.6,170.5,158.9,139.78,131.4,47.11,10.812031277130965,137259200,False,False
NASA.JK,37.0,36.666666666666664,35.4,34.4,32.15,30.98,32.97,6.02,5.35409007486557,545700,False,False
NANO.JK,34.0,34.333333333333336,34.6,35.0,34.55,31.62,29.51,3.379999999999999,4.7410811775264845,8529200,False,False
NAIK.JK,92.0,92.33333333333333,92.4,93.7,93.8,90.08,89.7874038696289,3.719999999999999,1.4096372815153935,2673800,True,True
MYTX.JK,41.0,41.0,41.0,41.0,41.0,41.0,44.4,0.0,0.0,0,True,False
MYOR.JK,1505.0,1503.3333333333333,1501.0,1514.5,1549.0,1645.0,1695.5635327148439,28.8,1.0190695261148124,40176600,False,False
MYOH.JK,1045.0,1035.0,1053.0,1096.5,1120.0,1079.0,1088.276912841797,17.0,1.926187711868768,1370300,False,False
MUTU.JK,136.0,135.66666666666666,133.4,127.7,127.2,117.46,112.0617593383789,18.540000000000006,6.095762184733505,98347500,False,False
MTWI.JK,272.0,271.3333333333333,269.2,269.6,261.1,259.92,269.8878675842285,6.039999999999992,1.531373352709989,90200,False,False
MTMH.JK,925.0,941.6666666666666,940.0,947.5,963.75,945.4,959.575726928711,7.75,1.3704250732533672,7100,False,False
MTLA.JK,515.0,521.6666666666666,524.0,529.0,525.0,520.6,511.3839471435547,2.8,1.01495617682055,25400,True,False
MTFN.JK,13.0,13.0,13.0,13.0,13.0,13.0,14.56,0.0,0.0,0,True,False
MTEL.JK,500.0,487.3333333333333,487.2,489.6,478.6,461.32,470.06953186035156,19.340000000000003,2.226658718753627,57452900,False,False
MTDL.JK,496.0,502.0,505.2,512.1,511.05,511.02,512.5185000610352,8.050000000000011,1.2069194494492426,3300900,False,False
MSTI.JK,1360.0,1353.3333333333333,1353.0,1360.0,1352.0,1335.6,1289.0379858398437,4.8800000000000185,1.3883011813170185,843500,True,False
MSKY.JK,68.0,68.33333333333333,70.0,70.4,67.4,64.9,66.29,5.5,9.102957231530302,6128700,False,False
MSJA.JK,815.0,833.3333333333334,819.0,768.5,604.35,489.66,459.46981140136717,68.73466666666667,11.00889880192959,11255500,False,False
MSIN.JK,290.0,300.6666666666667,300.0,306.8,313.0,369.68,476.37,39.84,2.8355643184038577,51442500,False,False
MSIE.JK,173.0,175.66666666666666,171.8,158.3,133.05,107.42,112.65,68.24666666666666,5.539176121263757,3887600,False,False
MREI.JK,920.0,920.0,920.0,920.0,920.0,920.0,947.5,0.0,0.0,0,True,False
MRAT.JK,356.0,378.6666666666667,382.8,387.0,399.9,423.08,430.32,33.53999999999999,3.5917895904397703,886500,False,False
MPXL.JK,166.0,166.66666666666666,168.0,168.9,168.4,159.66,158.6,9.240000000000009,1.5818437058480992,357000,False,False
MPRO.JK,11675.0,11708.333333333334,11865.0,11927.5,12121.25,11843.5,10280.75,17.85,1.2561662564001337,700,False,False
MPPA.JK,41.0,39.666666666666664,40.2,41.4,43.3,46.08,46.75,6.413333333333334,3.781619179829315,9817200,False,False
MPOW.JK,114.0,114.33333333333333,114.0,114.1,113.85,107.0,107.54,7.333333333333329,1.4055375531479304,3451100,False,False
MPMX.JK,1030.0,1030.0,1027.0,1035.5,1027.75,1008.6,957.0443939208984,5.3799999999999955,0.9867259135415859,2003200,True,True
MPIX.JK,200.0,188.33333333333334,182.4,151.0,129.65,109.02,98.54,90.98,9.357555415930491,127114700,False,False
MORA.JK,4850.0,5025.0,5045.0,5200.0,5292.5,5685.5,6105.15,83.55,1.9990438682931495,360500,False,False
MOLI.JK,380.0,348.6666666666667,337.2,327.8,311.9,280.96,260.85096740722656,49.52000000000001,4.583598300650549,50089200,False,False
MNCN.JK,188.0,196.0,198.0,201.2,201.3,203.56,208.24,15.560000000000002,2.821606599186771,243243300,False,False
MMLP.JK,338.0,320.0,312.8,308.2,304.5,299.28,305.92,19.360000000000014,2.583976595370214,7835300,False,False
MMIX.JK,860.0,856.6666666666666,857.0,842.0,813.5,766.4,645.35,18.720000000000006,1.1353789557282212,37173000,False,False
MLPT.JK,1220.0,1176.6666666666667,1163.0,1186.0,1240.0,1326.9,1043.0472515869142,32.780000000000015,2.7715817176714164,1027100,False,False
MLPL.JK,87.0,87.33333333333333,88.0,89.8,91.2,92.6,89.31,5.599999999999994,1.279908208944617,15700900,True,False
MLIA.JK,214.0,215.33333333333334,215.6,219.4,224.5,229.84,238.9,7.920000000000002,0.9575736044188243,149800,False,False
MLBI.JK,6875.0,6866.666666666667,6855.0,6845.0,6863.75,6727.5,6278.869106445312,5.9,1.0137238665359345,15400,True,False
MKTR.JK,126.0,125.0,124.4,123.5,122.95,121.88,122.75153717041016,4.1200000000000045,0.8576615119266539,1683400,True,True
MKPI.JK,21675.0,21716.666666666668,21740.0,21795.0,21915.0,21746.0,21328.35294921875,9.6,0.2787662116789853,40100,False,False
MKAP.JK,1110.0,1126.6666666666667,1129.0,1123.0,1128.0,1150.6,1123.9527624511718,8.119999999999981,0.9617448774298608,1767400,False,False
MITI.JK,292.0,286.0,275.6,256.4,242.2,207.54,200.32,42.230000000000004,9.38124522086842,35064200,False,False
MIRA.JK,23.0,23.333333333333332,23.8,24.5,24.95,24.12,22.09,1.9499999999999993,2.5327517153028785,1913900,True,True
MINE.JK,306.0,304.0,300.4,289.6,269.7,243.52,250.34,31.239999999999995,2.603714333624803,1592500,False,False
MINA.JK,238.0,249.33333333333334,256.0,265.2,271.4,273.28,289.68,17.639999999999986,1.7301361079481503,45839200,False,False
MIKA.JK,1725.0,1755.0,1787.0,1836.5,1855.5,1802.0,1741.1424645996094,26.1,2.01334647726486,17161800,False,False
MIDI.JK,268.0,268.0,268.4,270.4,273.8,278.48,286.42305938720705,5.240000000000009,1.3550338531916997,7796300,True,False
MICE.JK,550.0,546.6666666666666,546.0,550.5,546.25,529.3,509.86812103271484,4.240000000000009,2.590776077692339,9600,True,False
MHKI.JK,129.0,129.66666666666666,130.0,135.4,140.05,136.88,137.44306938171385,11.050000000000011,2.347541405717114,1976000,False,False
MGRO.JK,685.0,683.3333333333334,684.0,685.5,682.25,677.2,673.15,1.6599999999999908,0.9314238915158066,4488900,True,True
MGNA.JK,216.0,201.33333333333334,178.4,146.1,121.3,108.8,109.98,53.6,14.374327322076299,149193100,False,False
MGLV.JK,14400.0,14375.0,14475.0,14582.5,13115.0,10456.0,9240.25,165.06,4.640868392824879,259900,False,False
MERK.JK,3900.0,3910.0,3914.0,3904.0,3900.0,3910.2,3815.311520996094,1.4,0.4222333493772201,18200,True,False
MERI.JK,118.0,118.33333333333333,118.6,120.1,121.15,113.56,116.41,7.590000000000003,1.8629120300421929,1334100,False,False
MEJA.JK,112.0,114.66666666666667,115.0,115.2,115.6,105.0,98.88,10.599999999999994,3.1690331485324257,10445500,False,False
MEGA.JK,1960.0,1958.3333333333333,1955.0,1967.0,1969.5,1981.5,1995.2,5.3,0.45316685029272213,66000,True,False
MEDS.JK,82.0,83.0,82.6,88.0,80.2,77.66,80.77,10.340000000000003,12.58638861576621,52409500,False,False
MEDC.JK,1460.0,1516.6666666666667,1538.0,1541.0,1477.0,1371.4,1334.6035095214843,33.91999999999998,2.258053990915745,102670800,False,False
MDRN.JK,26.0,26.0,26.0,26.0,26.0,26.0,30.05,0.0,0.0,0,True,False
MDLN.JK,50.0,50.0,50.0,50.0,50.0,50.06,50.65,0.060000000000002274,0.0,16400,True,False
MDLA.JK,206.0,205.33333333333334,205.6,207.0,207.4,208.24,205.47574768066406,1.4533333333333331,0.7606825347373529,1907500,True,True
MDKI.JK,191.0,191.66666666666666,192.8,195.2,194.0,187.66,183.28820358276369,7.539999999999992,0.8355971804383617,320500,False,False
MDKA.JK,2900.0,2873.3333333333335,2862.0,2953.0,2954.0,2837.6,2789.979306640625,11.64000000000001,3.547604800504379,37286400,False,False
MDIY.JK,940.0,940.0,943.0,944.0,949.25,945.0,890.3769506835938,1.85,1.59687713323125,256200,True,False
MDIA.JK,191.0,196.0,200.4,213.0,233.0,197.88,144.38,42.0,7.956265374256855,231319900,False,False
MCOR.JK,68.0,68.66666666666667,69.0,69.2,69.4,68.78,68.06,1.4000000000000057,1.1362270719089855,4394700,True,False
MCOL.JK,3600.0,3626.6666666666665,3622.0,3679.0,3695.0,3724.8,3724.9481640625,12.480000000000018,0.9873290387136466,47200,False,False
MCAS.JK,266.0,268.6666666666667,266.4,276.0,281.5,253.52,248.15,13.989999999999995,2.5109464789976905,1344700,False,False
MBTO.JK,154.0,153.33333333333334,153.2,148.2,137.35,128.64,120.06,25.360000000000014,7.551858155975627,5271800,False,False
MBSS.JK,2900.0,2890.0,2890.0,2881.0,2857.0,2780.2,2593.05,11.980000000000018,0.44285883488922345,1844600,False,False
MBMA.JK,545.0,521.6666666666666,513.2,523.6,534.8,526.24,527.25,6.3599999999999905,4.3205213805355145,236808400,False,False
MBAP.JK,1695.0,1698.3333333333333,1693.0,1731.5,1657.5,1515.5,1498.95,43.2,1.9850029803539826,31400,False,False
MAYA.JK,193.0,194.33333333333334,195.4,196.5,197.95,197.8,193.44,4.949999999999989,0.7166562537259714,719700,True,False
MAXI.JK,50.0,50.0,50.0,50.0,50.0,50.0,50.14,0.0,0.0,7100,True,False
MASB.JK,3240.0,3276.6666666666665,3272.0,3330.0,3362.0,3377.4,3346.0,13.740000000000009,1.8991500635482754,8000,False,False
MARK.JK,1180.0,1201.6666666666667,1174.0,1130.0,1103.25,1066.6297265625,948.5295764160156,27.007388020833332,2.985944140632967,14398400,False,False
MARI.JK,23.0,23.0,23.0,23.0,23.0,23.0,24.42,0.0,0.0,0,True,False
MAPI.JK,1500.0,1445.0,1409.0,1390.0,1424.5,1499.6,1478.5273229980469,22.0,2.9009887351583186,22414000,False,False
MAPB.JK,1250.0,1240.0,1240.0,1240.5,1206.75,1144.5,1214.55,21.1,2.9266417921736676,0,False,False
MAPA.JK,690.0,666.6666666666666,659.0,674.0,684.75,654.0,627.9376416015625,7.2,2.505872946296336,15519400,False,False
MANG.JK,38.0,38.666666666666664,38.4,40.6,39.6,39.26,42.82,2.6000000000000014,4.910903215798328,8532100,False,False
MAIN.JK,665.0,666.6666666666666,666.0,679.0,675.5,682.3,707.3682116699218,3.459999999999991,1.9018952716212594,1130500,True,False
MAHA.JK,148.0,144.66666666666666,144.4,145.7,146.45,144.5,139.58750122070313,3.5999999999999943,1.4139761172733927,163463200,True,True
LUCK.JK,115.0,116.66666666666667,116.8,117.8,115.55,111.54,109.12,6.259999999999991,2.238080906724994,3595500,False,False
LTLS.JK,1010.0,993.3333333333334,1012.0,1013.5,933.5,858.4,813.040728149414,31.020000000000003,5.183481547920815,94700,False,False
LSIP.JK,1695.0,1713.3333333333333,1706.0,1699.0,1610.5,1480.0,1380.32166015625,46.66666666666665,2.043406812288768,36645400,False,False
LRNA.JK,216.0,217.33333333333334,216.0,212.4,202.2,191.26,189.45,13.036666666666676,2.7445970650702147,68600,False,False
LPPS.JK,82.0,81.66666666666667,81.4,82.0,82.1,80.46,76.96,1.6400000000000006,0.8130927843247997,1493000,True,True
LPPF.JK,1525.0,1585.0,1599.0,1624.5,1615.5,1589.9,1578.85,19.9,2.123428138552325,13762900,False,False
LPLI.JK,230.0,230.0,230.8,235.2,238.7,243.64,249.06,6.819999999999993,1.6184506616306555,159400,False,False
LPKR.JK,53.0,56.666666666666664,58.0,59.9,61.15,61.74,65.47,8.740000000000002,2.9372696104678613,866885500,False,False
LPIN.JK,434.0,433.3333333333333,432.4,432.0,429.0,422.68,414.60764465332034,5.659999999999997,0.46077548729310835,115600,True,False
LPGI.JK,640.0,643.3333333333334,644.0,643.0,641.25,643.3,663.4724652099609,0.8,1.2443338950362979,2000,True,False
LPCK.JK,595.0,596.6666666666666,595.0,595.5,598.0,572.9,555.49,5.020000000000005,1.2880741910596798,168400,True,False
LOPI.JK,64.0,63.333333333333336,62.6,62.4,69.45,67.44,76.13,7.050000000000004,4.1076886131825034,10820500,False,False
LMPI.JK,161.0,162.66666666666666,161.6,161.3,161.7,150.64,149.07,12.02666666666667,1.3959532465796052,227000,False,False
LMAX.JK,107.0,106.66666666666667,106.8,108.5,109.1,112.2,112.17,5.533333333333331,2.76606324103813,942000,True,False
LIVE.JK,181.0,182.66666666666666,184.6,188.1,189.6,199.54,209.51,18.539999999999992,2.4145842296972644,2257200,False,False
LION.JK,370.0,368.6666666666667,368.0,374.4,368.4,356.08,356.9,9.159999999999997,1.6324689329630444,64300,False,False
LINK.JK,1745.0,1680.0,1667.0,1677.0,1599.5,1495.7,1474.2,49.85999999999999,4.009953244943117,14100,False,False
LIFE.JK,12725.0,12725.0,12725.0,12725.0,11023.75,7888.0,7127.943247070312,193.48,0.0,0,False,False
LFLO.JK,625.0,580.0,561.0,539.5,531.25,508.42,525.8565814208985,23.315999999999995,3.8856324261923367,194400,False,False
LEAD.JK,106.0,104.66666666666667,106.2,108.6,108.9,106.9,106.56,4.233333333333334,3.028304487035074,7938800,True,False
LCKM.JK,109.0,109.0,109.0,109.0,109.0,109.2,113.15,0.20000000000000284,0.0,0,True,False
LAPD.JK,82.0,82.33333333333333,84.8,77.5,74.0,68.78,69.92,16.019999999999996,12.545971479597245,87792700,False,False
LAND.JK,70.0,71.66666666666667,71.8,73.4,73.6,75.28,71.16,5.280000000000001,2.5464494982094488,16156200,True,False
LAJU.JK,68.0,69.66666666666667,69.6,71.5,70.2,68.22,68.14052753448486,3.5,2.2252465861904764,21525400,True,False
LABS.JK,173.0,171.0,169.8,176.3,170.2,160.84,155.31,15.460000000000008,8.81241140433657,1879300,False,False
LABA.JK,124.0,125.33333333333333,126.0,127.4,121.2,104.88,102.48,22.52000000000001,3.7023678424092106,7989300,False,False
KUAS.JK,100.0,99.33333333333333,99.4,100.7,99.95,94.98,95.99412422180175,5.719999999999999,1.7554353617447216,6694100,True,True
KSIX.JK,416.0,412.6666666666667,410.4,410.0,413.3,362.84,349.66,26.580000000000013,1.2423240165484577,105700,False,False
KRYA.JK,65.0,67.0,67.2,67.5,66.8,63.44,63.32,4.060000000000002,2.5441667825651377,17987200,True,True
KREN.JK,15.0,15.0,15.2,15.1,14.4,13.54,13.72,1.6600000000000001,4.849654461928276,10128600,False,False
KRAS.JK,226.0,228.66666666666666,230.0,238.4,237.4,230.92,228.86,6.200000000000003,1.9349188297848228,2504400,False,False
KPIG.JK,68.0,70.0,73.4,73.1,69.55,75.24,83.22,7.239999999999995,10.430709364654806,272336700,False,False
KOTA.JK,187.0,191.33333333333334,194.2,201.3,195.45,160.08,135.52,41.22,3.462943201663102,112141900,False,False
KOPI.JK,210.0,206.0,204.0,204.9,205.35,203.5,204.12,3.25,1.807729882007383,2712300,True,True
KONI.JK,2090.0,2076.6666666666665,2068.0,2108.0,2152.0,2361.6,2518.1,29.359999999999992,1.5081407163600946,23700,False,False
KOKA.JK,187.0,188.66666666666666,189.2,190.6,185.35,190.06,157.03,5.25,7.3695178656683265,19030500,False,False
KOIN.JK,78.0,78.0,78.0,78.0,78.0,78.0,77.8,0.0,0.0,0,True,False
KOCI.JK,119.0,119.0,121.6,122.8,114.05,108.08,104.77552551269531,14.719999999999999,4.633974819767792,39138200,False,False
KOBX.JK,177.0,176.66666666666666,177.2,177.5,175.75,165.6,163.1,11.900000000000006,0.883142081487728,1091100,False,False
KMTR.JK,252.0,252.0,252.8,254.2,248.7,238.12,237.1,8.039999999999992,1.6594209458788363,28500,False,False
KMDS.JK,525.0,525.0,525.0,522.5,523.25,530.6,531.4901907348633,1.6200000000000045,0.7813943080471206,113400,True,False
KLIN.JK,118.0,121.0,122.0,120.5,118.3,115.18,116.11,6.819999999999993,3.5171126224245066,119700,False,False
KLBF.JK,760.0,765.0,760.0,761.5,775.25,762.7,768.1767108154297,3.05,2.304697133231912,56569900,True,False
KLAS.JK,84.0,83.66666666666667,83.2,83.8,84.95,78.5,75.5,6.450000000000003,2.403552166000151,2820100,False,False
KKGI.JK,324.0,314.0,312.4,310.0,299.5,284.76,277.92390853881835,19.620000000000005,2.601081567600383,34517000,False,False
KKES.JK,87.0,88.33333333333333,88.6,90.7,84.4,74.34,58.5,16.36,4.654988941587245,31810500,False,False
KJEN.JK,161.0,164.33333333333334,164.8,162.1,163.0,149.48,141.86,15.320000000000022,3.472671938157417,37894200,False,False
KIOS.JK,98.0,99.0,99.0,100.3,100.2,97.04,93.73,3.259999999999991,1.975322756634338,8233200,True,True
KINO.JK,1380.0,1396.6666666666667,1396.0,1388.5,1369.75,1285.5,1191.8659912109374,22.23333333333335,2.1678103470377392,8400,False,False
KING.JK,382.0,379.3333333333333,377.6,383.6,337.6,307.32,380.49,38.140000000000015,4.740017491386463,3533500,False,False
KIJA.JK,180.0,179.0,182.8,190.8,197.95,160.66,149.26,37.28999999999999,3.3685181504197486,365021900,False,False
KICI.JK,352.0,302.6666666666667,291.2,281.4,262.7,220.68,208.36,65.66,8.089593355890019,29369400,False,False
KETR.JK,995.0,970.0,944.0,933.0,861.5,683.2,617.37,62.35999999999999,3.5236211662799355,22337200,False,False
KEJU.JK,595.0,596.6666666666666,597.0,604.5,605.25,579.0,572.5671166992188,5.25,1.0331606458009168,21900,True,False
KEEN.JK,855.0,873.3333333333334,889.0,919.0,907.25,883.7,868.158598022461,12.8,1.9483228661326544,7331000,False,False
KDTN.JK,376.0,377.3333333333333,384.4,398.2,387.5,422.44,604.51,23.22,1.7439810168157501,999900,False,False
KDSI.JK,446.0,454.6666666666667,460.0,464.0,463.3,456.32,450.0,9.0,1.2433458788891598,7700,False,False
KBLV.JK,123.0,125.66666666666667,125.6,128.8,134.05,129.2,111.98,11.050000000000011,1.567599707664508,3590400,False,False
KBLM.JK,372.0,378.0,376.0,358.8,335.5,313.24,305.6788119506836,32.379999999999995,3.474451084215972,663300,False,False
KBLI.JK,366.0,372.0,371.2,353.0,341.6,331.16,317.22730346679685,20.419999999999987,4.467442640695271,1855100,False,False
KBAG.JK,41.0,41.333333333333336,42.0,43.2,43.75,44.44,42.94,3.4399999999999977,2.2433047939595574,2129500,True,False
KARW.JK,212.0,212.0,212.0,212.0,212.0,212.0,236.04,0.0,0.0,0,True,False
KAQI.JK,95.0,94.66666666666667,94.2,96.6,96.75,93.8,95.39,2.950000000000003,1.9959951266998857,47093200,True,False
KAEF.JK,442.0,444.0,442.4,458.1,447.25,449.46,467.12,8.050000000000011,6.338097085416049,694900,False,False
JTPE.JK,585.0,595.0,595.0,602.0,607.0,608.5,601.2675,4.7,1.7082402639936194,2812900,True,False
JSPT.JK,1465.0,1471.6666666666667,1474.0,1447.0,1423.0,1410.4,1361.5463415527345,12.719999999999981,2.7039037473710827,58200,False,False
JSMR.JK,2880.0,2856.6666666666665,2872.0,2928.0,2907.0,2805.4,2807.9024291992187,12.259999999999991,1.1067134944135175,7994700,False,False
JRPT.JK,1150.0,1130.0,1124.0,1118.5,1100.75,1087.9,1077.041024169922,12.419999999999982,1.116728090727513,24900,False,False
JPFA.JK,2280.0,2300.0,2288.0,2304.0,2267.5,2200.4,2207.6268676757813,10.35999999999999,1.7629240786585825,8999900,False,False
JMAS.JK,228.0,228.0,228.0,228.0,228.0,228.0,238.96,0.0,0.0,0,True,False
JKON.JK,82.0,84.33333333333333,84.6,85.8,86.0,80.24,74.44044818878174,5.760000000000005,1.6590344319465025,14554200,True,True
JIHD.JK,430.0,430.0,432.8,443.6,444.0,436.92,438.67,7.0,0.6676871667865676,59500,False,False
JGLE.JK,72.0,72.33333333333333,73.4,77.1,81.4,75.26,70.0,9.400000000000006,2.5781053062508783,170416900,False,False
JECC.JK,840.0,858.3333333333334,882.0,799.0,721.5,667.5,662.0411444091797,42.9,10.231291465657383,126900,False,False
JAYA.JK,160.0,164.66666666666666,159.2,160.3,150.2,137.42,132.47,27.24666666666667,8.507922072631043,4290200,False,False
JAWA.JK,156.0,156.66666666666666,153.4,153.1,144.35,131.74,133.22,24.926666666666648,6.711593449724197,6742900,False,False
JATI.JK,117.0,115.66666666666667,117.8,114.6,110.3,101.84,99.67711547851563,15.959999999999994,4.410307013921305,22726700,False,False
JAST.JK,89.0,89.0,89.6,92.3,93.85,88.08,86.9,5.769999999999996,1.84320420282605,3776900,True,True
JARR.JK,3600.0,3893.3333333333335,3880.0,3680.0,3438.0,2557.1,2199.9218139648438,133.62333333333336,6.546550795618305,94072000,False,False
ITMG.JK,26700.0,26475.0,26350.0,26377.5,26063.75,25127.0,24179.0,62.92,0.9438781046962396,2297900,False,False
ITMA.JK,1455.0,1458.3333333333333,1468.0,1514.5,1479.75,1411.6,1558.95,20.58000000000002,2.9446579886812723,10000,False,False
ITIC.JK,204.0,211.33333333333334,214.0,220.0,222.4,218.54,219.51,9.200000000000003,1.5952730531458195,472600,False,False
ISSP.JK,410.0,418.0,426.4,440.8,435.1,425.4,409.7302084350586,15.400000000000006,1.4878991714605345,3121100,False,False
ISEA.JK,89.0,89.66666666666667,89.0,88.9,86.2,82.82,77.91,6.846666666666678,1.8569771926616823,2129000,False,False
ISAT.JK,2370.0,2366.6666666666665,2374.0,2381.0,2437.5,2231.6,2098.70494140625,20.59000000000001,1.2257980867187552,61135700,False,False
ISAP.JK,26.0,25.666666666666668,25.2,25.7,24.65,24.48,25.36,1.5199999999999996,6.271949428223704,66438000,False,False
IRSX.JK,416.0,408.0,405.6,410.8,397.2,354.16,348.21355072021487,30.919999999999987,2.1150744199532054,87671500,False,False
IRRA.JK,366.0,368.0,368.8,378.0,374.8,373.64,377.32,6.0,4.396765576213435,505500,False,False
IPTV.JK,30.0,30.333333333333332,30.6,30.9,31.0,30.76,34.01,1.0,2.6498501476389524,3219600,True,False
IPOL.JK,116.0,116.0,116.0,116.2,115.3,111.2,112.82,5.0,1.2194435427820152,204000,True,False
IPCM.JK,290.0,289.3333333333333,290.0,291.4,295.5,304.08,304.04594177246094,7.373333333333335,0.7517319381850767,947800,False,False
IPCC.JK,1110.0,1110.0,1115.0,1126.5,1138.0,1166.0,1157.921420288086,11.2,0.5886345330416076,1637800,False,False
IPAC.JK,189.0,189.0,189.0,188.0,185.2,173.12,160.04,15.879999999999995,0.6102633593824547,0,False,False
IOTF.JK,62.0,62.666666666666664,63.4,64.7,64.35,59.82,58.25,4.880000000000003,3.680568294710317,6270000,True,True
INTP.JK,5200.0,5241.666666666667,5210.0,5282.5,5416.25,5129.1,4745.4232421875,11.485999999999985,1.8582141066308269,3302500,False,False
INTD.JK,246.0,262.0,279.6,271.4,276.6,263.88,250.32,16.80000000000001,7.708181645355322,1555300,False,False
INTA.JK,61.0,61.0,61.0,61.0,61.0,61.0,64.6,0.0,0.0,0,True,False
INPS.JK,1065.0,1033.3333333333333,958.0,881.0,783.0,714.2,689.55,70.16,5.430616801612429,0,False,False
INPP.JK,710.0,730.0,738.0,744.0,742.25,721.5838708496094,739.1114184570313,6.8,1.3102661301747267,263100,False,False
INPC.JK,152.0,152.0,153.8,160.4,156.7,145.92,142.84,14.480000000000018,1.990957109592734,6138100,False,False
INOV.JK,136.0,136.33333333333334,137.0,138.2,139.85,137.82,132.31,3.8499999999999943,0.7793341895209598,672500,True,False
INKP.JK,8625.0,8650.0,8690.0,8922.5,8868.75,8412.5,8142.5124609375,20.4,2.318114916736449,6317700,False,False
INET.JK,332.0,328.6666666666667,328.0,341.8,342.0,275.2,253.56,33.400000000000006,3.5516132378083305,399073600,False,False
INDY.JK,2730.0,2730.0,2744.0,2814.0,2781.0,2598.3,2554.6535546875,21.569999999999983,4.696326103984977,8800100,False,False
INDX.JK,60.0,60.0,60.0,60.0,60.0,60.0,68.91,0.0,2.837818317547164e-07,0,True,False
INDS.JK,254.0,252.66666666666666,254.0,261.6,265.2,268.64,285.42860275268555,7.986666666666665,1.515709187581645,1018700,False,False
INDR.JK,2880.0,2916.6666666666665,2928.0,2972.0,2762.0,2416.9,2285.5,55.50999999999999,4.096774786222271,20500,False,False
INDO.JK,183.0,183.66666666666666,184.6,185.4,184.3,178.12,168.91,7.280000000000001,1.184580102301229,25957500,False,False
INDF.JK,7025.0,7141.666666666667,7190.0,7292.5,7295.0,7152.0,6791.1612939453125,10.8,1.4099873811926888,11056200,False,False
INCO.JK,4860.0,4790.0,4740.0,4801.0,4965.75,5029.8,5043.705419921875,28.980000000000018,2.5361554033619456,22307800,False,False
INCI.JK,815.0,811.6666666666666,804.0,800.0,759.75,700.9,680.9229473876953,22.820000000000004,2.229471804756974,280800,False,False
INCF.JK,50.0,50.0,50.0,50.0,50.0,50.0,51.05,0.0,0.0,0,True,False
INAI.JK,182.0,178.0,176.4,177.0,177.1,172.7,164.3,9.300000000000011,1.3314439758719039,13815800,False,False
IMPC.JK,1695.0,1688.3333333333333,1683.0,1681.5,1539.0,1509.8,1649.7,37.040000000000006,4.59770279072063,25845600,False,False
IMJS.JK,189.0,187.33333333333334,187.2,187.6,181.0,165.2,160.74616287231444,23.80000000000001,1.8620388243591957,1760900,False,False
IMAS.JK,865.0,873.3333333333334,879.0,899.0,896.75,871.8,888.6678900146485,6.8,1.4273119876957256,89300,False,False
IKPM.JK,178.0,178.66666666666666,180.0,184.4,188.9,188.98,189.44,10.97999999999999,1.010723979152022,69600,False,False
IKBI.JK,535.0,561.6666666666666,563.0,550.0,535.25,542.4007159423828,518.0857443237305,5.6,4.193075343036536,891000,False,False
IKAN.JK,88.0,90.0,88.8,90.1,90.0,86.96,84.5,3.1400000000000006,2.671359284563504,9539000,True,True
IKAI.JK,20.0,20.333333333333332,20.6,20.2,19.8,20.28,20.33,0.8000000000000007,3.647804407761332,17643600,True,False
IGAR.JK,472.0,472.6666666666667,470.8,471.8,473.0,449.48,440.5294223022461,11.759999999999991,0.6589960078239028,2400,False,False
IFSH.JK,1025.0,986.6666666666666,1006.0,1042.5,1054.75,1117.3,1337.5431164550782,26.126666666666665,4.5787544207918875,13500,False,False
IFII.JK,210.0,208.66666666666666,208.0,207.0,206.0,208.16,213.96,2.0,4.796303436494651,993700,False,False
IDPR.JK,268.0,270.0,275.6,275.0,271.8,280.28,287.79590484619143,6.139999999999986,2.1629248163457095,61200,False,False
IDEA.JK,123.0,112.33333333333333,103.0,85.7,73.3,67.5,66.06,55.5,5.026342882984743,28804300,False,False
ICON.JK,155.0,152.66666666666666,149.0,147.7,139.5,123.66,119.34,31.340000000000003,5.827663088178543,74517600,False,False
ICBP.JK,6900.0,6958.333333333333,6980.0,7085.0,7348.75,7228.0,6852.454565429687,17.95,1.2200309455388667,7167000,False,False
IBST.JK,8475.0,8475.0,8475.0,8475.0,8475.0,8475.0,8475.0,0.0,0.0,0,True,False
IBOS.JK,90.0,90.66666666666667,91.2,94.6,92.15,77.72,83.49,16.879999999999995,3.629532588156804,2168800,False,False
IBFN.JK,63.0,63.0,63.0,63.0,63.0,63.0,65.88,0.0,0.0,0,True,False
IATA.JK,113.0,115.0,118.0,126.1,123.85,99.52,84.25,26.58,3.8723981090686226,256218000,False,False
HYGN.JK,183.0,182.33333333333334,186.2,188.3,184.9,171.62,157.23440048217773,16.680000000000007,2.2542441965921,3622600,False,False
HUMI.JK,127.0,128.66666666666666,130.4,135.4,139.9,138.4403680419922,140.553705368042,12.900000000000006,2.508808462642465,23921600,False,False
HRUM.JK,890.0,890.0,898.0,920.5,923.75,867.2,840.6,11.309999999999992,2.3377126865929214,8341200,False,False
HRTA.JK,2200.0,2146.6666666666665,2142.0,2187.0,2244.5,2087.3,2158.15333984375,15.719999999999981,1.9604778526395632,8100700,False,False
HRME.JK,44.0,44.333333333333336,44.2,44.4,42.25,43.0,45.13,2.1499999999999986,3.3075581229179516,1194200,True,False
HOPE.JK,226.0,220.0,214.4,215.8,237.0,217.64,175.93,11.299999999999997,5.683497381401688,31506400,False,False
HOMI.JK,254.0,251.33333333333334,248.0,245.8,230.3,203.56,203.17,25.22,4.560087188421454,4052600,False,False
HOKI.JK,50.0,51.0,52.6,54.2,55.05,54.54,56.63,5.049999999999997,2.1790957746897712,20941400,True,False
HMSP.JK,650.0,651.6666666666666,667.0,706.5,723.0,725.8,695.5493145751954,15.159999999999991,2.823830717717694,29918100,False,False
HILL.JK,16.0,16.0,16.0,16.0,16.0,16.0,16.4,0.0,0.0,0,True,False
HGII.JK,140.0,141.33333333333334,142.2,140.5,137.75,128.32,128.95142684936525,13.879999999999995,1.5364696562620246,958400,False,False
HEXA.JK,4100.0,4213.333333333333,4318.0,4398.0,4409.5,4432.8,4418.8,33.280000000000015,1.9302341323906982,1746400,False,False
HERO.JK,338.0,338.6666666666667,337.6,337.6,335.8,337.44,355.79,1.4333333333333371,1.0553173807906704,168700,True,False
HELI.JK,208.0,214.66666666666666,210.0,207.8,202.4,193.6,187.81,10.533333333333331,3.1418667482677605,962600,False,False
HEAL.JK,660.0,671.6666666666666,675.0,676.5,673.0,752.7,845.3445947265625,18.54000000000001,1.3970251790699515,30711000,False,False
HDIT.JK,50.0,50.0,50.0,50.0,50.0,50.32,52.42,0.3200000000000003,0.0,14800,True,False
HDFA.JK,102.0,101.66666666666667,101.6,101.5,101.2,96.34,95.53,5.659999999999997,0.8071307050669014,2777900,True,True
HBAT.JK,390.0,368.0,361.6,340.8,301.2,265.52,336.97,62.24000000000001,3.736250824085684,3742700,False,False
HATM.JK,555.0,561.6666666666666,566.0,580.0,582.75,542.4,436.79143127441404,8.070000000000004,2.5470538643901657,8410500,False,False
HALO.JK,72.0,72.33333333333333,72.0,75.2,72.05,69.6,69.41,5.6000000000000085,9.560251493854881,8353400,False,False
HAJJ.JK,112.0,112.66666666666667,112.6,112.1,111.8,107.88,111.38,4.786666666666676,3.8029563744120707,8592800,False,False
HAIS.JK,185.0,184.0,184.0,186.0,185.2,183.42,180.47,2.5800000000000125,0.9531898764334259,362200,True,False
HADE.JK,24.0,24.0,23.0,23.1,20.05,19.08,17.76,4.920000000000002,7.760492236812574,13020900,False,False
GZCO.JK,188.0,188.0,188.6,193.1,189.75,172.68,167.79,20.419999999999987,2.398337672289892,17558900,False,False
GWSA.JK,158.0,156.33333333333334,158.2,164.6,166.9,144.72,137.06,22.180000000000007,1.6912516760683223,2572100,False,False
GUNA.JK,220.0,220.0,220.0,220.2,219.2,207.6,191.47502487182618,6.299999999999997,0.513159913746115,37500,False,False
GULA.JK,815.0,818.3333333333334,823.0,816.0,792.0,761.2,635.81,12.35999999999999,2.0157910605718317,20108400,False,False
GTSI.JK,147.0,150.0,153.4,160.8,167.05,162.44,161.2448067474365,20.05000000000001,2.5947831579019196,13825900,False,False
GTRA.JK,250.0,243.33333333333334,242.8,250.4,247.1,236.58,221.59,6.909999999999997,2.009395646141499,1380800,False,False
GTBO.JK,148.0,150.0,151.6,153.7,160.35,166.14,177.54,18.139999999999986,4.409452671186071,5100,False,False
GSMF.JK,101.0,101.66666666666667,102.4,102.5,99.6,92.46,94.94,10.040000000000006,12.638906175892073,8641800,False,False
GRPM.JK,167.0,168.33333333333334,169.2,169.3,175.1,206.04,236.94,39.03999999999999,1.0445869870538005,5008200,False,False
GRPH.JK,137.0,137.0,137.0,136.0,115.0,82.82,71.94,54.18000000000001,3.528374734485911,0,False,False
GRIA.JK,170.0,169.33333333333334,168.2,168.0,176.55,147.48,132.26,29.07000000000002,1.4579868994006815,1732400,False,False
GPSO.JK,284.0,282.0,284.4,286.2,291.6,297.36,353.5,7.680000000000007,1.3210009858816254,6965300,False,False
GPRA.JK,102.0,103.33333333333333,103.8,104.9,107.5,105.66,104.7954891204834,5.5,1.8001434006520216,44821200,True,False
GOTO.JK,50.0,50.0,50.0,50.0,50.0,50.0,50.16,0.0,0.0,8861600,True,False
GOOD.JK,310.0,310.6666666666667,310.4,314.2,314.0,306.12,315.9293185424805,4.039999999999992,1.4554455292313333,126800,True,False
GOLF.JK,174.0,173.66666666666666,176.0,171.8,166.6,165.04,167.83688903808593,10.960000000000008,3.1560398802904013,2341300,False,False
GOLD.JK,280.0,279.3333333333333,276.8,278.4,277.1,270.0,266.8,5.0,1.4115410964793687,63000,True,False
GMTD.JK,1220.0,1233.3333333333333,1255.0,1284.0,1358.5,1318.1,1423.9022082519532,27.7,3.3524176401577637,11500,False,False
GMFI.JK,58.0,58.333333333333336,58.4,58.5,58.75,57.06,55.73,1.6899999999999977,2.6209944877026095,59528900,True,True
GLVA.JK,338.0,334.6666666666667,333.6,330.2,323.3,312.12,314.1511001586914,12.939999999999998,0.8489558409383076,48100,False,False
GJTL.JK,1335.0,1338.3333333333333,1344.0,1354.0,1375.75,1289.6,1202.3684301757812,17.230000000000018,1.3142378118329465,1993000,False,False
GIAA.JK,62.0,62.333333333333336,62.6,64.4,65.65,61.6,59.99,4.050000000000004,1.7925695465119451,59228100,True,True
GHON.JK,1640.0,1661.6666666666667,1671.0,1671.0,1650.0,1628.5,1695.85,8.5,1.2484762318966531,7700,False,False
GGRP.JK,328.0,324.6666666666667,325.2,323.0,316.4,304.88,295.3624536132813,11.560000000000002,2.6396296361120006,373500,False,False
GGRM.JK,17900.0,17716.666666666668,18005.0,18890.0,19492.5,19111.5,17272.2375,71.03333333333329,2.108070627895561,1734000,False,False
GEMS.JK,7275.0,7258.333333333333,7325.0,7477.5,7245.0,6821.5,6904.75,26.24,1.7653997263963377,50000,False,False
GEMA.JK,91.0,91.33333333333333,91.4,92.3,89.45,84.2,82.67238014221192,8.099999999999994,1.1910130722662071,1828700,False,False
GDYR.JK,1110.0,1120.0,1125.0,1126.5,1120.5,1106.2,1098.8,4.059999999999991,1.240040262003815,8700,True,False
GDST.JK,120.0,115.33333333333333,114.4,114.9,113.7,106.84,97.79,13.159999999999997,2.8866293546088473,74372700,False,False
FWCT.JK,90.0,90.33333333333333,90.6,91.3,90.95,90.76,86.61,1.2999999999999972,2.1371867247110155,1718100,True,True
FUTR.JK,254.0,268.6666666666667,282.0,295.6,317.3,298.56,242.43,31.650000000000006,3.3165557000222723,32626800,False,False
FUJI.JK,286.0,278.0,266.8,257.2,279.2,238.7,257.09,23.650000000000006,5.269850998338301,3139000,False,False
FPNI.JK,600.0,540.0,532.0,555.5,583.75,465.14,418.03,26.972,7.943382306491712,59128300,False,False
FORU.JK,3010.0,3523.3333333333335,3888.0,3800.0,3128.75,2864.7,2569.45,102.33000000000001,12.45973824430031,7971500,False,False
FORE.JK,795.0,795.0,795.0,793.5,807.75,743.5,763.1,12.85,2.1740661203606666,3757300,False,False
FOOD.JK,176.0,176.0,176.0,176.0,176.0,176.0,174.7,0.0,0.0,0,True,False
FOLK.JK,244.0,242.66666666666666,258.4,246.0,211.0,208.16,223.95,25.11999999999999,9.392329032196141,75966100,False,False
FMII.JK,238.0,248.0,248.8,251.2,252.5,251.2,247.96,7.25,2.1845846979488805,242500,False,False
FLMC.JK,95.0,105.33333333333333,115.0,121.2,104.95,83.36,103.83,37.84,7.382228407909308,7117500,False,False
FITT.JK,440.0,435.3333333333333,446.0,449.4,425.1,387.96,385.36,30.72,5.702357192584243,383100,False,False
FISH.JK,650.0,671.6666666666666,691.0,654.0,632.75,625.0,648.3288653564454,13.2,5.199976623758678,81600,False,False
FIRE.JK,124.0,122.66666666666667,123.0,124.2,120.6,112.72,113.82,11.480000000000004,2.638764960128883,31476300,False,False
FILM.JK,730.0,733.3333333333334,746.0,797.5,808.5,1024.9,1531.7,58.98000000000002,7.113821104511822,23778700,False,False
FAST.JK,426.0,434.6666666666667,434.0,443.4,455.0,389.96,321.66,32.52000000000001,2.9850747896370726,48574900,False,False
FAPA.JK,7425.0,7433.333333333333,7425.0,7452.5,7457.5,7404.5,7281.87140625,2.12,0.3465819733827177,7600,True,False
EXCL.JK,2500.0,2540.0,2544.0,2623.0,2688.0,2607.0,2675.4,18.8,1.651034338566692,36585900,False,False
EURO.JK,1455.0,1483.3333333333333,1431.0,1433.0,1431.75,1672.5,1869.5962829589844,48.3,4.195903031064313,214100,False,False
ESTI.JK,160.0,165.33333333333334,166.4,169.9,165.45,156.88,145.13280151367186,13.02000000000001,8.874196402625985,4635100,False,False
ESTA.JK,182.0,178.66666666666666,177.4,175.2,174.05,177.74,185.91,7.949999999999989,1.6786891813903349,59584400,False,False
ESSA.JK,605.0,606.6666666666666,618.0,649.5,652.75,636.6,639.7409759521485,9.55,1.9392967838963386,71550600,False,False
ESIP.JK,115.0,118.66666666666667,120.4,122.8,121.9,125.88,132.246063079834,10.879999999999995,6.102286075679556,16617800,False,False
ERTX.JK,172.0,173.66666666666666,175.8,180.2,181.7,177.1,168.48,9.699999999999989,1.437376933670966,196000,False,False
ERAL.JK,324.0,324.6666666666667,325.2,324.0,315.9,304.24,290.48315887451173,10.47999999999999,2.30366943582408,6960900,False,False
ERAA.JK,625.0,613.3333333333334,605.0,598.5,554.3,468.76,409.25032470703127,31.248,2.9513219224645515,123042400,False,False
EPMT.JK,2650.0,2636.6666666666665,2602.0,2517.0,2455.5,2382.0,2354.2,26.8,2.765853503724072,46200,False,False
EPAC.JK,50.0,50.0,51.4,53.5,54.65,59.92,64.83,9.920000000000002,3.1108020912441243,22586300,False,False
ENZO.JK,76.0,77.0,77.4,76.4,74.8,72.52,72.79,4.88000000000001,3.5759738143057156,12588900,True,True
ENRG.JK,1305.0,1326.6666666666667,1373.0,1408.5,1353.75,1323.1483361816406,1352.6741680908203,20.7,3.3753677381656697,60776400,False,False
ENAK.JK,212.0,218.66666666666666,222.0,225.8,231.2,242.92,269.28,15.459999999999994,1.332140206043642,358700,False,False
EMTK.JK,468.0,482.0,486.8,497.9,509.45,517.28,572.065396118164,24.639999999999986,2.145396552135511,86712000,False,False
EMDE.JK,77.0,76.33333333333333,76.2,78.0,77.5,74.6,71.31,3.4000000000000057,2.3022701144396063,5635600,True,True
EMAS.JK,7650.0,7575.0,7605.0,8090.0,8457.5,7347.0,7336.25,44.42,4.102743227087255,42896500,False,False
ELTY.JK,34.0,34.666666666666664,34.6,35.3,36.7,34.06,32.33,2.700000000000003,3.946993049643314,39590200,False,False
ELSA.JK,695.0,703.3333333333334,711.0,722.0,717.0,696.2,649.2266967773437,5.4,1.3625304996056602,18668900,True,True
ELPI.JK,620.0,638.3333333333334,650.0,671.0,669.25,773.2,1079.9324548339844,30.640000000000008,6.171536109440616,1329100,False,False
ELIT.JK,272.0,281.3333333333333,275.2,274.2,264.25,209.86,196.7,35.73666666666665,6.947326082481655,55811800,False,False
EKAD.JK,398.0,398.6666666666667,402.0,415.6,406.2,279.94,222.36833251953124,67.83000000000001,7.080537139564086,2987200,False,False
ECII.JK,167.0,167.66666666666666,165.6,168.8,165.3,157.82,152.58,10.980000000000018,2.9292800554779603,4362600,False,False
EAST.JK,89.0,89.66666666666667,89.8,89.7,89.95,89.53173950195313,88.10869606018066,0.9500000000000028,0.8239921055317909,1675700,True,True
DYAN.JK,85.0,85.33333333333333,85.6,86.7,87.65,84.86,82.16,2.7900000000000063,1.097135223596554,859300,True,False
DWGL.JK,222.0,226.66666666666666,226.8,232.8,251.1,282.48,268.58,30.24000000000001,2.0603738484262584,3358500,False,False
DVLA.JK,1585.0,1586.6666666666667,1588.0,1592.5,1590.0,1582.4,1548.9069091796875,2.019999999999982,0.21147114775806447,59800,True,False
DUTI.JK,4800.0,4790.0,4782.0,4787.0,4795.0,4505.2,4164.437883300781,29.480000000000018,0.2610433279859607,0,False,False
DSSA.JK,1060.0,1088.3333333333333,1084.0,1111.5,1118.0,980.0,944.68,27.6,2.796997745906977,202320500,False,False
DSNG.JK,1690.0,1648.3333333333333,1639.0,1649.5,1613.25,1422.8,1351.8375537109375,53.44000000000001,2.2802045914893814,4103300,False,False
DSFI.JK,92.0,91.66666666666667,89.8,89.0,88.15,83.44,81.01,8.560000000000002,2.002186946508659,10846900,False,False
DRMA.JK,965.0,978.3333333333334,988.0,1002.0,1006.0,968.8,960.2,8.2,1.0103149908219409,1299400,False,False
DPUM.JK,146.0,151.33333333333334,146.2,134.5,114.85,104.68,124.55,46.653333333333336,12.574144192264136,164380700,False,False
DOSS.JK,171.0,173.0,171.0,170.0,169.85,159.16,147.26870597839354,13.840000000000003,1.9779212846905658,2176300,False,False
DOOH.JK,408.0,435.3333333333333,414.0,387.2,356.6,280.14,207.32,77.59666666666666,7.751980715307864,339865500,False,False
DOID.JK,234.0,236.66666666666666,240.8,248.2,241.7,224.46,219.26,11.86999999999999,3.6791571350096697,2005700,False,False
DNET.JK,9800.0,9808.333333333334,9825.0,9900.0,9963.75,9849.5,9846.0,6.55,0.4447963275721379,7300,False,False
DNAR.JK,131.0,131.0,130.6,132.9,131.5,125.14,123.42,7.760000000000005,1.405121970836272,320400,False,False
DMND.JK,630.0,625.0,619.0,616.0,618.0,619.1,614.3115985107422,2.8,1.63644482738096,293400,True,False
DMMX.JK,186.0,186.33333333333334,186.2,187.1,188.45,181.88,179.29194274902343,6.569999999999993,0.9367731853925609,405600,False,False
DMAS.JK,192.0,192.0,192.4,195.0,192.25,163.56,149.29000007629395,31.439999999999998,2.362151255166177,149595900,False,False
DLTA.JK,1790.0,1788.3333333333333,1789.0,1790.5,1790.0,1782.2,1765.4903259277344,1.6599999999999908,0.2560500600093046,21100,True,False
DKHH.JK,68.0,69.0,69.6,71.3,68.55,65.44,65.21,5.859999999999999,5.607495326785958,10024000,False,False
DKFT.JK,685.0,663.3333333333334,662.0,669.828564453125,658.1892761230469,641.1557006835938,654.8599822998046,8.76885986328125,2.1192476058922103,6486400,False,False
DIVA.JK,142.0,141.66666666666666,139.2,138.5,137.55,130.76,130.25,11.240000000000009,3.208088489411127,8776200,False,False
DILD.JK,116.0,115.66666666666667,116.2,118.3,119.55,117.4,117.85,3.8833333333333258,0.9110511767374624,5091500,True,False
DIGI.JK,29.0,29.0,29.0,29.0,29.0,29.0,31.18,0.0,0.0,0,True,False
DGWG.JK,328.0,326.6666666666667,326.8,333.8,340.4,314.48,316.7749328613281,12.95999999999998,1.1981319534451342,10032700,False,False
DGNS.JK,278.0,274.6666666666667,271.2,274.4,257.4,241.52,241.16,18.239999999999995,3.2149631623380754,668500,False,False
DGIK.JK,135.0,136.66666666666666,137.2,138.0,138.65,133.56,130.81,5.090000000000003,2.427743837233019,2541200,True,True
DFAM.JK,92.0,93.33333333333333,88.8,86.3,84.2,82.7,92.05,10.633333333333326,5.085222507934384,12399500,False,False
DEWI.JK,189.0,180.66666666666666,175.6,167.0,159.3,139.12,130.19,49.879999999999995,2.567011188104911,44578800,False,False
DEWA.JK,370.0,374.0,384.8,410.4,428.6,428.96,400.5895820617676,29.47999999999999,2.682976619359445,399468900,False,False
DEPO.JK,244.0,241.33333333333334,240.8,245.0,248.2,245.92,249.75143646240235,3.6999999999999886,2.1348788471021725,32400,True,False
DEFI.JK,111.0,114.66666666666667,117.2,111.4,108.6,107.62,121.24,9.579999999999998,12.687160401854527,98511400,False,False
DCII.JK,201950.0,196883.33333333334,197860.0,199570.0,200415.0,198305.5,195401.25,202.6666666666663,1.6135376788997255,800,False,False
DAYA.JK,1075.0,1053.3333333333333,1059.0,1083.0,1095.0,1028.9,1038.05,13.219999999999981,2.1287284415968095,8400,False,False
DATA.JK,1685.0,1671.6666666666667,1673.0,1751.0,1801.5,1947.9,1897.75,55.24666666666667,2.049836700305133,1986200,False,False
DART.JK,168.0,167.0,165.6,162.6,163.25,149.16,140.17,18.840000000000003,2.433666637867067,1448000,False,False
DADA.JK,50.0,50.0,50.0,50.0,50.0,50.0,50.0,0.0,0.0,7700,True,False
DAAZ.JK,1635.0,1643.3333333333333,1649.0,1655.5,1672.75,1620.3,1712.4366613769532,10.490000000000009,1.8422929002121902,142900,False,False
CYBR.JK,520.0,520.0,522.0,522.0,530.5,554.8,585.1,6.959999999999991,1.4179753048894512,44521300,False,False
CUAN.JK,925.0,923.3333333333334,926.0,937.0,895.0,782.3,776.26,30.94000000000001,2.959751093364397,304158300,False,False
CTTH.JK,128.0,129.33333333333334,129.0,128.0,128.15,127.7,140.25,1.63333333333334,2.050464243417725,8000900,True,False
CTRA.JK,570.0,588.3333333333334,597.0,611.0,619.5,600.0,590.1920983886719,9.9,1.193511781280552,29570100,False,False
CTBN.JK,3070.0,3050.0,3048.0,3060.0,3099.5,3853.2,4630.544345703125,80.51999999999998,0.4823644048066425,9000,False,False
CSRA.JK,745.0,751.6666666666666,753.0,760.5,766.0,762.6,789.95,4.2,0.9759640882009502,236400,True,False
CSMI.JK,174.0,181.0,184.0,188.9,183.0,128.22,106.08,60.68000000000001,7.964726365221794,11052300,False,False
CSIS.JK,204.0,204.66666666666666,204.4,207.8,214.1,197.34,175.52420082092286,8.379999999999995,2.1161308511785633,448200,False,False
CSAP.JK,290.0,293.3333333333333,293.6,295.2,293.9,290.6,282.5005499267578,2.5999999999999943,1.3359851438074908,84000,True,False
CRSN.JK,138.0,132.0,130.6,134.7,133.7,119.16,111.5755866241455,18.840000000000003,3.9152851436935663,7242700,False,False
CRAB.JK,226.0,218.0,217.2,217.8,214.8,210.72,209.98,7.640000000000001,2.046630247892332,1449900,False,False
CPRO.JK,50.0,50.0,50.0,50.0,50.0,50.36,51.26,0.35999999999999943,0.0,1963500,True,False
CPIN.JK,3150.0,3130.0,3122.0,3186.0,3126.0,3128.0,3375.5788427734374,6.4,2.108636386027579,45863400,False,False
COIN.JK,755.0,741.6666666666666,733.0,768.0,794.0,738.0,797.75,12.2,3.8615728542099457,13326600,False,False
COCO.JK,133.0,134.33333333333334,136.4,137.0,124.55,121.6,178.205845413208,15.400000000000006,4.819547622000794,179570800,False,False
COAL.JK,31.0,31.0,31.0,31.0,31.0,27.14,34.22,3.8599999999999994,0.0,0,True,False
CNMA.JK,91.0,91.33333333333333,91.4,92.1,92.3,92.68,92.95,1.6800000000000068,1.0789427640905187,6961800,True,False
CNKO.JK,37.0,37.0,37.0,37.0,37.0,37.0,39.68,0.0,0.0,0,True,False
CMRY.JK,4500.0,4483.333333333333,4492.0,4506.0,4563.483447265625,4552.537158203125,4480.66408203125,8.015011393229178,1.5765249993776185,14744400,False,False
CMPP.JK,69.0,69.0,69.0,69.0,69.0,69.0,70.97,0.0,0.0,0,True,False
CMNT.JK,765.0,766.6666666666666,765.0,756.5,752.5,777.2,785.45,4.940000000000009,1.5454801428363583,22975500,True,False
CMNP.JK,1370.0,1390.0,1393.0,1422.5,1406.25,1376.9,1392.5,10.5,2.2659994585402234,16700,False,False
CLPI.JK,1610.0,1608.3333333333333,1607.0,1615.5,1609.5,1582.7,1516.4231811523437,6.559999999999991,0.3792439624801196,31800,False,False
CLEO.JK,422.0,425.3333333333333,426.0,425.2,415.9,395.4,388.4114889526367,15.300000000000011,2.0029562461613657,10362000,False,False
CLAY.JK,2740.0,2740.0,2704.0,2721.0,2719.0,2633.4,2712.1,10.659999999999991,1.6393816099864382,15400,False,False
CITY.JK,177.0,178.33333333333334,179.4,185.2,180.95,175.42,172.07,9.780000000000001,3.4267349005898584,632100,False,False
CITA.JK,3480.0,3490.0,3494.0,3523.0,3409.5,3300.0,3220.5788842773436,22.3,1.740492745360198,46400,False,False
CINT.JK,195.0,197.0,191.4,188.9,185.7,178.04,178.25,18.960000000000008,2.7077677375185583,3686700,False,False
CHIP.JK,735.0,736.6666666666666,749.0,782.5,812.75,875.8,923.0250286865235,28.15999999999999,1.4569499811629296,123800,False,False
CHEM.JK,64.0,67.0,68.0,70.3,70.2,67.72,68.83162475585938,6.299999999999997,2.811056237818496,14177300,False,False
CHEK.JK,129.0,129.33333333333334,129.4,130.8,132.45,131.84,129.33,3.4499999999999886,2.2005213615378167,532700,True,False
CGAS.JK,151.0,148.33333333333334,147.4,149.4,150.0,151.3,154.5061100769043,3.9000000000000057,1.3843042874819191,3807100,True,False
CFIN.JK,374.0,374.0,373.2,373.2,365.1,352.16,327.63069091796876,10.919999999999987,1.270122161083559,4284000,False,False
CENT.JK,104.0,104.66666666666667,106.2,108.1,105.95,91.02,86.51,17.08,6.8785286286980645,8652000,False,False
CEKA.JK,2200.0,2203.3333333333335,2190.0,2196.0,2192.5,2192.2,2180.555859375,1.3333333333333486,1.037343062092117,24700,True,False
CDIA.JK,645.0,646.6666666666666,652.0,675.0,680.5,676.4,735.1770959472656,7.1,1.5543655389780529,28813000,False,False
CCSI.JK,422.0,432.0,418.4,357.4,313.6,276.04,264.56,77.97999999999999,8.634553000114732,6274600,False,False
CBUT.JK,1035.0,1046.6666666666667,1033.0,1015.0,952.5,864.5,781.46,36.43333333333335,3.9722107074567594,64500,False,False
CBRE.JK,725.0,718.3333333333334,720.0,731.0,718.5,707.5,744.7,4.7,2.352366636943398,6256800,True,False
CBPE.JK,505.0,499.0,499.2,500.1,505.6,433.2,361.4007992553711,14.480000000000008,1.9887340619291916,248100,False,False
CBDK.JK,3750.0,3706.6666666666665,3710.0,3845.0,3862.0,3732.0,3820.691640625,15.53333333333335,1.7272245401153838,3618100,False,False
CASS.JK,1835.0,1850.0,1847.0,1841.0,1850.0,1865.3,1829.8,6.059999999999991,1.161168178179172,36800,False,False
CASH.JK,272.0,264.0,249.6,238.4,235.9,224.6,211.19,23.700000000000003,4.167738940390462,7404500,False,False
CASA.JK,1800.0,1803.3333333333333,1827.0,1834.0,1820.0,1837.0,1682.25,7.4,4.265493217621237,26800,False,False
CARS.JK,114.0,113.33333333333333,113.2,113.4,110.4,97.62,93.46,16.379999999999995,1.0009045382272557,4363700,False,False
CARE.JK,406.0,402.0,401.2,404.4,425.7,425.28,418.24,12.25,2.929306652853849,283600,False,False
CANI.JK,135.0,135.0,135.0,135.0,135.0,135.0,136.94,0.0,0.0,0,True,False
CAMP.JK,202.0,180.33333333333334,176.4,173.9,172.3,170.98,177.45,15.510000000000005,6.27536578319972,95372900,False,False
CAKK.JK,164.0,161.66666666666666,160.8,159.9,156.95,145.62,146.57,18.379999999999995,0.9317767110868918,67100,False,False
BYAN.JK,13825.0,12233.333333333334,11600.0,12480.0,13492.5,12859.5,11780.80412109375,89.0,9.137041204298852,11454300,False,False
BWPT.JK,120.0,121.33333333333333,122.8,125.9,119.5,98.56,95.48,27.340000000000003,3.6012938242467505,206387300,False,False
BVIC.JK,93.0,92.66666666666667,93.2,94.1,94.05,91.94,92.18,2.1599999999999966,1.0964760516094079,642700,True,False
BUVA.JK,665.0,683.3333333333334,693.0,713.0,732.0,787.3,817.35,24.45999999999999,1.503092167604766,49365100,False,False
BUMI.JK,193.0,199.0,202.6,210.5,204.05,183.56,178.28,26.939999999999998,2.9599085208925158,3398895800,False,False
BULL.JK,390.0,395.3333333333333,405.2,417.6,430.2,418.2,407.31,20.099999999999994,1.8513329322581744,144283600,False,False
BUKK.JK,1030.0,1016.6666666666666,992.0,986.5,990.5,1024.2,1034.3,8.7,2.347577635193094,90400,False,False
BUKA.JK,104.0,104.0,104.6,108.0,109.3,111.48,116.53,7.480000000000004,1.8309074988091363,323025300,False,False
BUDI.JK,226.0,226.0,225.2,225.8,228.4,218.48,212.66,4.960000000000008,1.233693424533916,91100,True,False
BUAH.JK,496.0,496.0,496.0,498.2,502.1,506.64,508.9088552856445,5.319999999999993,0.7961235854855727,331500,True,False
BTPS.JK,980.0,1015.0,1029.0,1042.5,1016.0,1005.9,990.15,12.5,2.7524540502284256,83346700,False,False
BTPN.JK,2340.0,2346.6666666666665,2336.0,2371.0,2328.5,2244.0,2205.278896484375,12.7,1.4045052892227858,3300,False,False
BTON.JK,370.0,377.3333333333333,372.0,367.0,365.5,361.6,362.58,7.866666666666646,2.1648112521017433,18900,False,False
BTEK.JK,11.0,11.333333333333334,11.8,11.4,10.75,10.76,11.11,1.0500000000000007,7.586661708108958,201072800,False,False
BSSR.JK,4960.0,4933.333333333333,4930.0,4924.0,4787.5,4492.8,4094.466345214844,46.719999999999985,0.9920392299503762,869400,False,False
BSML.JK,555.0,551.6666666666666,551.0,539.5,528.25,522.3,478.32,6.540000000000009,1.3327695902644372,6409000,False,False
BSIM.JK,1020.0,1030.0,1042.0,1092.5,1004.0,819.9,797.15,54.52,4.570652094208809,59000,False,False
BSDE.JK,605.0,626.6666666666666,634.0,641.0,644.0,607.2,629.0,7.8,2.104224045221563,192604300,False,False
BSBK.JK,50.0,50.0,50.0,50.0,50.05,51.58,52.73,1.5799999999999983,0.0,149200,True,False
BRRC.JK,70.0,71.0,71.2,72.7,74.25,66.2,64.77,8.049999999999997,1.3330353479240389,15087300,False,False
BRPT.JK,1610.0,1606.6666666666667,1619.0,1679.0,1747.75,1783.9,1759.2149926757813,35.44666666666667,1.002883329120985,56733600,False,False
BRNA.JK,680.0,670.0,658.0,645.0,624.25,622.1,620.0,11.579999999999995,0.952476385404494,538500,False,False
BRMS.JK,720.0,728.3333333333334,730.0,714.5,722.5,640.44,634.6,17.91199999999999,3.0198760464975436,872252700,False,False
BRIS.JK,1610.0,1640.0,1672.0,1715.5,1753.5,1781.2,1793.0904528808594,34.24000000000001,1.0613642248374446,32250600,False,False
BREN.JK,3180.0,3116.6666666666665,3122.0,3208.0,3291.0,3372.0,3502.5794921875,25.53333333333335,1.946850746951476,17135700,False,False
BRAM.JK,4680.0,4656.666666666667,4646.0,4642.0,4631.5,4566.6,4488.378283691406,11.339999999999964,1.1463921242889652,500,False,False
BPTR.JK,73.0,74.0,74.6,74.9,75.35,74.34,74.44,2.3499999999999943,1.384181246654206,882700,True,False
BPII.JK,468.0,467.3333333333333,469.2,472.2,481.3248977661133,459.5436077880859,455.8515676879883,10.89064498901368,1.2563625748182297,2700,False,False
BPFI.JK,248.0,249.33333333333334,250.0,249.0,246.8,252.32,252.46219131469726,2.759999999999991,0.9276034672855926,139300,True,False
BOLT.JK,825.0,816.6666666666666,808.0,805.0,802.0,797.1,803.1292932128906,5.579999999999996,2.0324561468776956,15200,True,False
BOLA.JK,174.0,175.0,179.0,182.5,168.05,162.06,158.82,20.439999999999998,5.315153117059711,926600,False,False
BOGA.JK,1615.0,1580.0,1574.0,1589.0,1599.5,1587.0,1466.3,8.2,2.58864244253809,1500,False,False
BOBA.JK,206.0,205.33333333333334,206.8,210.8,211.9,221.52,253.29076766967773,8.093333333333334,1.4573184105617774,270900,False,False
BOAT.JK,139.0,138.33333333333334,137.4,137.6,140.7,132.68,125.31,8.019999999999982,1.6111742183976683,2300000,False,False
BNLI.JK,2100.0,2090.0,2100.0,2124.0,2141.0,2209.4,2560.0,11.940000000000008,0.8168423260957273,97900,False,False
BNII.JK,193.0,192.66666666666666,192.4,192.4,193.0,192.1,192.34,0.9000000000000057,0.7283051676907502,854500,True,False
BNGA.JK,1765.0,1745.0,1744.0,1740.5,1714.5,1668.9,1638.1,19.21999999999998,1.002903740774932,11331200,False,False
BNBR.JK,86.0,88.66666666666667,90.2,93.8,96.7,98.58,108.57768531799316,12.579999999999998,1.4661510630365864,483124400,False,False
BNBA.JK,790.0,803.3333333333334,796.0,799.5,774.75,754.3,744.25,9.806666666666683,3.2956882270205172,295200,False,False
BMTR.JK,115.0,115.0,115.2,115.9,115.55,115.86,122.44,0.9000000000000057,2.3438238390757395,42546200,True,False
BMSR.JK,358.0,363.3333333333333,370.4,344.4,329.0,316.6,308.7,26.899999999999977,8.65525421827665,151300,False,False
BMRI.JK,4260.0,4290.0,4303.2958984375,4312.2830078125,4264.09013671875,4197.55537109375,4125.5193774414065,11.472763671874963,1.4618877236860526,186217000,False,False
BMHS.JK,200.0,199.0,200.2,200.5,196.3,188.9,184.8073728942871,11.599999999999994,1.4006947247752093,776600,False,False
BMBL.JK,30.0,30.333333333333332,30.8,30.6,28.9,30.46,32.11,1.9000000000000021,5.334316797939421,10906600,False,False
BMAS.JK,505.0,510.0,515.0,522.5,516.4,497.88,492.79,4.924000000000001,5.119760033772913,234600,False,False
BLUE.JK,2990.0,3000.0,3008.0,3002.0,2904.0,2754.4,2943.216875,25.359999999999992,2.4605140062178243,268000,False,False
BLTA.JK,32.0,32.0,32.2,32.4,32.55,33.0,34.57,1.0,2.0519133592413845,2239300,True,False
BLOG.JK,366.0,364.0,364.4,367.8,374.8,371.04,357.1301727294922,5.400000000000006,0.9751325177529111,248500,True,False
BLES.JK,195.0,195.66666666666666,201.0,201.0,202.0,188.46,166.52109375,13.539999999999992,2.924320163659992,9350400,False,False
BKSW.JK,50.0,51.666666666666664,52.6,53.6,53.25,52.7,53.28,3.6000000000000014,1.8043567110503422,3917300,True,False
BKSL.JK,69.0,68.33333333333333,68.6,70.8,72.9,71.4,74.18,4.566666666666677,1.164726071511922,150880400,True,False
BKDP.JK,168.0,174.0,182.2,181.3,169.25,164.7,137.65,17.5,9.409280287832491,8291600,False,False
BJTM.JK,520.0,520.0,521.0,524.0,524.0,519.9,518.584262084961,0.8200000000000045,0.6030181711064716,2097000,True,True
BJBR.JK,755.0,780.0,786.0,792.5,793.0,787.0,778.7097174072265,7.6,1.5969488995348675,80359700,False,False
BISI.JK,730.0,726.6666666666666,725.0,727.5,721.75,686.2,689.7503552246094,8.759999999999991,0.7821099943720653,171200,False,False
BIRD.JK,1610.0,1606.6666666666667,1606.0,1611.5,1620.25,1615.9,1524.3292126464844,2.85,0.466773166839171,668100,True,False
BIPP.JK,67.0,68.33333333333333,67.2,68.1,67.85,67.24,66.24,1.3333333333333286,2.8128744273665527,13880100,True,True
BIPI.JK,140.0,139.0,140.6,145.1,146.4,146.94,160.79,7.939999999999998,3.1391039334923043,206743300,False,False
BINO.JK,115.0,115.66666666666667,116.6,118.2,117.45,111.76,108.18,6.439999999999998,0.8176032421330361,7446500,False,False
BINA.JK,4060.0,4073.3333333333335,4072.0,4115.0,4151.0,4105.6,4007.8,9.1,0.6960752108928586,505500,False,False
BIKE.JK,1130.0,1033.3333333333333,1011.0,966.5,842.15,642.86,576.43,97.428,6.153434991703618,312400,False,False
BHIT.JK,24.0,24.666666666666668,25.2,25.6,25.35,25.64,27.15,1.6400000000000006,2.8661138581112033,4463300,True,False
BHAT.JK,1770.0,1770.0,1770.0,1770.0,1770.0,1770.0,1557.8,0.0,0.0,0,True,False
BGTG.JK,116.0,118.0,119.2,120.1,118.55,113.86,113.32,6.239999999999995,1.742588984379083,4206700,False,False
BFIN.JK,965.0,976.6666666666666,981.0,996.5,957.0,894.3,804.7648956298829,20.44000000000001,2.484884573221863,48255600,False,False
BEST.JK,124.0,123.66666666666667,123.8,128.2,128.95,115.4,108.32,13.549999999999983,2.106664483367128,17146700,False,False
BESS.JK,920.0,911.6666666666666,908.0,911.0,908.5,905.1,953.6626788330078,2.9799999999999955,2.446005515232195,47200,True,False
BELL.JK,102.0,105.33333333333333,106.2,109.7,112.0,113.8,113.64,11.799999999999997,2.051077431049786,14424500,False,False
BELI.JK,280.0,284.0,286.0,298.8,299.7,275.52,297.28,12.090000000000003,2.6399875644602337,958600,False,False
BEKS.JK,22.0,22.666666666666668,22.8,23.1,23.05,22.32,22.56,1.1000000000000014,3.3689483098462243,11177200,True,False
BEER.JK,76.0,76.33333333333333,76.6,78.6,80.15,78.56,87.76,4.150000000000006,1.5815881548759119,6285300,True,False
BEEF.JK,418.0,418.6666666666667,427.6,434.8,446.4,397.32,284.58,24.539999999999992,2.279839241644462,8172500,False,False
BDMN.JK,4400.0,4420.0,4432.0,4440.0,4383.0,4281.4,4241.9,15.860000000000037,1.4391267600801727,2659900,False,False
BDKR.JK,159.0,161.0,160.4,158.5,157.75,156.06,149.83463188171388,4.939999999999998,2.601332470069757,11201500,True,True
BCIP.JK,59.0,61.0,61.4,62.1,62.5,62.5,63.49,3.5,2.048693585180433,7602300,True,False
BCIC.JK,135.0,135.66666666666666,133.4,133.0,133.35,128.62,124.46,7.046666666666653,3.107298257231716,596000,False,False
BCAP.JK,50.0,50.0,50.0,50.0,50.0,50.04,50.22,0.03999999999999915,0.0,23300,True,False
BBYB.JK,228.0,238.0,243.2,251.0,255.2,251.12,253.0,13.599999999999994,2.3287007955332664,220785800,False,False
BBTN.JK,1170.0,1170.0,1182.0,1200.0,1214.75,1216.8,1236.5,9.35999999999999,1.9018404831697244,15597300,False,False
BBSS.JK,79.0,81.66666666666667,84.8,90.1,95.75,97.4,111.55,18.400000000000006,2.3837995011272777,8685500,False,False
BBSI.JK,4520.0,4520.0,4544.0,4595.0,4634.5,4663.4,4624.7,14.339999999999964,0.5415413372190843,0,False,False
BBRM.JK,119.0,119.0,120.2,122.2,119.15,117.2,118.93,5.0,3.0868910570247863,2259600,True,True
BBRI.JK,3310.0,3323.3333333333335,3338.0,3348.0,3306.5,3129.6,3044.3,21.84000000000001,1.9425637140138108,242737200,False,False
BBNI.JK,3650.0,3706.6666666666665,3748.0,3789.0,3797.5,3658.8,3632.7,14.75,1.6896951545797845,45318800,False,False
BBMD.JK,1900.0,1963.3333333333333,1977.0,1982.5,1984.0,1980.2,1951.7902026367187,16.8,1.7863134530516436,400,False,False
BBLD.JK,670.0,670.0,666.0,667.5,677.75,628.6,617.2878686523437,9.829999999999995,1.0590067684180287,88100,False,False
BBKP.JK,50.0,50.333333333333336,50.8,52.1,53.25,53.66,54.48,3.6599999999999966,1.3591781683725905,146907400,True,False
BBHI.JK,900.0,900.0,900.0,899.5,899.0,908.4,946.2214764404297,1.8799999999999955,0.2626237557493779,13211100,True,False
BBCA.JK,6300.0,6325.0,6375.0,6445.0,6481.30791015625,6375.859052734375,6140.236455078125,7.252316406249992,1.497082404535132,176753700,False,False
BAYU.JK,1330.0,1333.3333333333333,1335.0,1341.5,1333.0,1236.4,1195.7444384765624,21.019999999999982,0.6580891652892458,39600,False,False
BAUT.JK,43.0,41.333333333333336,40.4,39.6,38.25,34.24,31.07,8.759999999999998,3.4240720292145843,2160900,False,False
BATR.JK,91.0,91.33333333333333,91.4,92.0,93.15,92.38,89.07827598571777,2.1500000000000057,1.7859826236804384,633900,True,False
BATA.JK,59.0,59.0,59.0,59.0,59.0,59.0,60.4,0.0,0.0,0,True,False
BAPI.JK,20.0,20.666666666666668,21.0,21.7,20.1,18.52,19.49,3.1799999999999997,6.8526719320339975,14533800,False,False
BAPA.JK,126.0,126.66666666666667,126.2,130.8,140.5,172.48,214.56,46.47999999999999,2.254174906476741,6732700,False,False
BANK.JK,254.0,258.0,260.4,263.2,268.5,275.72,317.61,10.860000000000014,1.1341766450481403,1608800,False,False
BALI.JK,1310.0,1305.0,1310.0,1320.5,1323.5,1268.7,1256.2,10.95999999999999,4.29639188728491,4000,False,False
BAJA.JK,350.0,302.0,293.2,292.2,283.6,268.4,209.44,40.80000000000001,9.253153414412232,119421000,False,False
BAIK.JK,242.0,238.0,237.2,250.4,263.8,480.26,540.77,121.53,3.2991036820237345,6330400,False,False
BACA.JK,119.0,117.33333333333333,117.4,118.2,118.55,115.62,117.29,3.3799999999999955,0.9340209489189841,693300,True,False
BABY.JK,202.0,202.0,204.0,207.4,210.3,201.1,193.77,4.6000000000000085,2.1739310812547377,4124500,True,True
BABP.JK,50.0,50.0,50.0,50.0,50.0,50.0,50.15,0.0,0.0,15200,True,False
AYLS.JK,174.0,173.0,166.2,161.2,156.75,155.32,152.91,18.680000000000007,12.484596531149249,44346600,False,False
AYAM.JK,500.0,506.6666666666667,500.4,493.4,486.9,444.56,387.84,31.05333333333334,1.9778677939574427,10178900,False,False
AXIO.JK,114.0,114.66666666666667,114.8,115.4,115.6,113.76,110.70742645263672,1.8399999999999892,1.225771317155504,198700,True,False
AWAN.JK,162.0,162.0,161.8,163.0,165.2,158.58,152.38,6.619999999999976,1.5911885660443177,317200,False,False
AVIA.JK,330.0,337.3333333333333,341.6,352.2,356.5,340.36,339.36,13.25,1.5532347083054412,33919900,False,False
AUTO.JK,3360.0,3336.6666666666665,3338.0,3333.0,3316.0,2963.8,2726.7,39.61999999999998,0.8366918222005812,3638300,False,False
ATLA.JK,50.0,50.0,50.0,50.0,50.0,50.04,50.140196647644046,0.03999999999999915,0.0,52800,True,False
ATIC.JK,450.0,456.6666666666667,458.0,462.6,464.7,467.76,482.01,8.879999999999995,1.2496277295640594,58400,False,False
ATAP.JK,555.0,563.3333333333334,565.0,562.5,561.5,567.52,501.98,2.5039999999999965,1.3534539815477415,1668000,True,True
ASSA.JK,595.0,600.0,600.0,616.5,624.75,620.7,632.1859375,5.95,1.6471697354383883,7899200,True,False
ASRM.JK,290.0,288.6666666666667,288.4,286.2,281.6,270.96,265.1996228027344,9.52000000000001,1.0466650433682154,2790400,False,False
ASRI.JK,124.0,125.0,125.4,126.3,126.05,123.24,119.64855247497559,3.0600000000000023,1.5349708721639965,2872600,True,True
ASPR.JK,139.0,143.66666666666666,144.4,144.3,148.4,150.32,197.12923995971678,11.319999999999993,4.187493770535411,7277100,False,False
ASPI.JK,690.0,611.6666666666666,578.0,527.1,464.55,443.36,415.65,49.327999999999996,11.614039749373536,8532500,False,False
ASMI.JK,16.0,15.333333333333334,15.2,15.5,15.45,16.54,16.39,1.3399999999999999,4.667431534140779,12637500,False,False
ASLI.JK,362.0,370.6666666666667,368.4,387.6,340.3,257.38,255.61,65.11000000000001,5.987559475088721,264178100,False,False
ASLC.JK,66.0,65.66666666666667,65.8,66.7,67.05,64.62,65.31,2.4299999999999926,1.5281811335695605,7602400,True,True
ASJT.JK,161.0,161.33333333333334,161.0,161.2,161.35,159.8,163.62328277587892,1.549999999999983,0.6157388236562313,350300,True,False
ASII.JK,4820.0,4856.666666666667,4888.0,4891.0,4868.5,4918.6,5040.5541162109375,9.860000000000037,1.207948160706869,63499200,False,False
ASHA.JK,51.0,54.0,55.0,56.5,57.2,57.88,60.51,6.880000000000003,3.021638263235446,76814500,False,False
ASGR.JK,2120.0,2123.3333333333335,2118.0,2133.0,2111.75,1947.3,1743.35,18.570000000000004,1.4500200021338432,697500,False,False
ASDM.JK,515.0,516.6666666666666,518.0,517.0,515.25,513.46,503.2384036254883,0.9079999999999927,0.8530535679352587,7100,True,False
ASBI.JK,400.0,400.0,400.0,400.4,404.0,414.28,409.5404895019531,7.139999999999986,0.4948667814887924,2300,False,False
ARTO.JK,905.0,920.0,938.0,976.0,994.25,1142.3,1113.45,47.459999999999994,2.668305500960774,20347000,False,False
ARTA.JK,2150.0,2240.0,2250.0,2280.0,2275.0,2370.4,2394.75,22.04000000000001,3.638634822919631,39200,False,False
ARNA.JK,510.0,510.0,508.0,510.0,503.9,492.6,472.44,3.4799999999999955,0.6536387517492445,1101000,True,True
ARKO.JK,3920.0,3946.6666666666665,4128.0,4431.0,4702.25,4842.0,5665.0,92.2,3.068494229084362,3202100,False,False
ARKA.JK,22.0,22.0,22.0,22.0,22.0,22.0,24.61,0.0,0.0,0,True,False
ARII.JK,284.0,294.6666666666667,295.6,301.2,298.8,284.88,282.98,8.599999999999994,1.7577434943761832,379500,False,False
ARGO.JK,1170.0,1158.3333333333333,1158.0,1164.5,1158.5,1138.6,1024.15,6.280000000000018,0.9362648208124781,153100,False,False
AREA.JK,328.0,323.3333333333333,318.8,327.6,330.7,295.64,273.98,17.53,2.804271312838817,3370100,False,False
ARCI.JK,1380.0,1350.0,1339.0,1330.0,1347.0,1216.1,1193.9171520996094,32.780000000000015,1.713242268370305,61198100,False,False
APLN.JK,126.0,127.0,127.4,129.2,133.0,131.12,138.19,7.0,1.2256020844959672,8125100,False,False
APLI.JK,284.0,287.3333333333333,288.4,282.4,277.6,261.92,248.3497885131836,13.23999999999998,2.8510901061551466,155200,False,False
APII.JK,200.0,200.33333333333334,196.0,194.1,192.45,188.48,184.40758239746094,11.853333333333353,2.362559253611564,7240900,False,False
APIC.JK,412.0,409.3333333333333,416.8,456.0,486.0,571.3,826.85,80.98333333333332,5.251110919503699,1592000,False,False
APEX.JK,183.0,189.33333333333334,194.0,199.8,196.35,173.5,159.6,26.30000000000001,2.445796072964618,25182400,False,False
ANTM.JK,3340.0,3280.0,3260.0,3220.0,3178.0,3081.6,3011.4429321289062,25.84000000000001,2.057564277213713,135669000,False,False
ANJT.JK,1605.0,1598.3333333333333,1590.0,1594.0,1595.75,1528.1,1561.65,15.380000000000019,0.8343571406142222,7600,False,False
ANDI.JK,20.0,20.333333333333332,20.4,21.0,19.0,18.22,18.83,2.780000000000001,5.314477657715239,9783600,False,False
AMRT.JK,1300.0,1308.3333333333333,1301.0,1299.5,1328.0,1353.7,1351.7091223144532,10.840000000000009,1.7153879883238583,101363200,False,False
AMOR.JK,370.0,370.0,368.8,370.2,363.8,354.6,344.76,7.799999999999983,1.2106929684677692,61700,False,False
AMMS.JK,218.0,212.66666666666666,216.4,219.0,215.35,238.24,297.46,12.786666666666676,4.767212161214171,358100,False,False
AMMN.JK,4680.0,4910.0,4976.0,4854.0,4627.5,4307.6,4009.5,66.83999999999996,3.8668922563589816,259045200,False,False
AMIN.JK,260.0,252.0,246.4,244.2,242.6,243.44,248.54,8.700000000000003,1.7186200222703385,576200,False,False
AMFG.JK,3290.0,3286.6666666666665,3296.0,3308.0,3319.0,3267.8,3141.629016113281,5.1199999999999815,1.140193980171369,14300,True,False
AMAR.JK,240.0,237.33333333333334,234.0,233.4,233.0,219.93162048339843,203.94830841064453,10.034189758300784,1.4621918400643161,3718500,False,False
AMAN.JK,220.0,222.66666666666666,224.0,226.8,227.6,243.24,251.04,11.620000000000005,1.381195396161319,194700,False,False
AMAG.JK,386.0,387.3333333333333,387.6,388.0,388.7,388.52,392.1469061279297,1.3499999999999943,0.21678228752761652,187700,True,False
ALKA.JK,7400.0,7400.0,7165.0,5818.5,5147.75,3157.3,1857.42,169.708,9.783422212447332,0,False,False
ALII.JK,735.0,725.0,743.0,766.0,775.0,770.2,793.000737915039,10.0,2.539670112869768,392400,False,False
ALDO.JK,955.0,956.6666666666666,954.0,948.5,942.0,860.6,768.8244274902344,19.21333333333332,0.8179575775456034,87700,False,False
AKSI.JK,388.0,380.0,373.2,338.2,295.6,254.48,247.64,66.76,8.704703343694739,3591000,False,False
AKRA.JK,1470.0,1471.6666666666667,1483.0,1498.0,1445.0,1406.4201440429688,1347.2195886230468,18.31597119140624,2.4638065320335025,13014500,False,False
AKPI.JK,530.0,541.6666666666666,540.0,537.0,525.45,510.8,505.57388275146485,6.173333333333323,2.2087869144990377,341100,False,False
AKKU.JK,38.0,38.0,38.0,38.0,38.0,38.0,38.0,0.0,0.0,0,True,False
AISA.JK,120.0,117.66666666666667,116.8,116.8,117.7,115.98,111.88,4.019999999999996,1.0522978541401617,148810300,True,True
AIMS.JK,515.0,500.6666666666667,496.8,499.5,467.5,419.84,414.38,19.032000000000004,3.0728430165597302,773000,False,False
AHAP.JK,104.0,110.33333333333333,110.4,105.2,102.0,98.08,94.55,12.320000000000007,6.434245116204558,96909500,False,False
AGRS.JK,59.0,59.333333333333336,59.6,60.7,61.2,61.1,62.44,2.200000000000003,1.5944883151403313,7827900,True,False
AGRO.JK,145.0,145.33333333333334,146.6,149.2,149.5,148.26,153.87,4.5,0.8638325261689924,5458300,True,False
AGII.JK,3740.0,3476.6666666666665,3332.0,3192.0,3054.0,2997.8,2890.2033837890626,74.21999999999998,3.988619649611351,1795200,False,False
AGAR.JK,1840.0,2176.6666666666665,2336.0,1975.5,1866.75,1289.42,756.39,209.31599999999997,13.653929061394898,1087400,False,False
AEGS.JK,50.0,50.333333333333336,50.2,49.9,47.8,44.26,44.31,6.073333333333338,3.569600644914339,6545000,False,False
ADRO.JK,2640.0,2636.6666666666665,2624.0,2651.0,2670.0,2570.2,2455.4173999023437,9.980000000000018,1.1635774520105713,74058700,False,False
ADMR.JK,1590.0,1556.6666666666667,1569.0,1604.5,1643.0,1587.2,1580.443800048828,17.26666666666665,2.450465730110437,24515300,False,False
ADMG.JK,248.0,250.0,250.0,259.8,260.2,242.94,222.3,8.629999999999995,1.809501100467618,598200,False,False
ADMF.JK,8725.0,8725.0,8720.0,8712.5,8716.25,8560.5,8428.0,6.58,0.4063250994779271,10200,False,False
ADHI.JK,133.0,133.0,133.0,133.0,133.0,145.66,158.36,12.659999999999997,0.0,0,False,False
ADES.JK,32175.0,32216.666666666668,32130.0,31830.0,32056.25,33395.5,29162.25,62.62,1.049004551648993,4100,False,False
ADCP.JK,50.0,50.0,50.0,50.0,50.0,50.0,50.02,0.0,0.0,0,True,False
ACST.JK,114.0,108.33333333333333,107.4,110.1,98.6,89.8,86.2,24.200000000000003,7.407307535920668,1871700,False,False
ACRO.JK,63.0,63.666666666666664,64.0,65.3,65.1,63.02,62.546645927429196,2.299999999999997,2.0204522439260564,6276700,True,True
ACES.JK,350.0,350.6666666666667,352.0,353.2,355.0,354.12,341.74019287109377,2.5,0.5469456293833757,14295900,True,True
ABMM.JK,2760.0,2783.3333333333335,2794.0,2841.0,2798.0,2647.4,2573.8366577148436,19.359999999999992,1.633642047263165,417800,False,False
ABDA.JK,4960.0,4966.666666666667,4964.0,4942.0,4441.0,3912.8,3633.8,105.38666666666668,3.9411784605398,1500,False,False
ABBA.JK,30.0,30.0,30.0,30.0,30.0,30.0,32.69,0.0,0.0,0,True,False
AALI.JK,8600.0,8633.333333333334,8565.0,8535.0,8355.0,7492.5,7116.0,45.633333333333354,1.630366535833308,2999800,False,False
AADI.JK,11975.0,12250.0,12250.0,12165.0,11341.25,9935.5,9152.44751953125,92.58,2.607640499624232,15293600,False,False
