Ticker,Close,MA3,MA5,MA10,MA20,MA50,MA100,Range_Ticks,Vol_Pct,Volume,MA_Tight,Signal
ZYRX.JK,130.0,130.0,130.2,130.2,128.6,128.42,132.40802078247071,1.7800000000000011,1.3539620301512394,937700,True,False
ZONE.JK,715.0,731.6666666666666,756.0,735.5,733.0,643.6,502.9752572631836,22.479999999999997,5.331797197499601,491600,False,False
ZINC.JK,30.0,30.0,30.0,30.0,30.0,30.0,30.0,0.0,0.0,0,True,False
YUPI.JK,1335.0,1374.328369140625,1397.6716796875,1368.7403564453125,1325.8679626464843,1318.3248413085937,1379.977979736328,15.869367675781268,3.310014895554432,133500,False,False
YULE.JK,3660.0,3603.3333333333335,3552.0,3514.0,3486.0,3410.6,3374.1014819335937,24.94000000000001,1.7044622088248111,76200,False,False
YPAS.JK,1595.0,1485.0,1466.0,1466.5,1142.25,820.2,924.7,154.95999999999998,4.271036267082506,1048600,False,False
YOII.JK,82.0,82.0,81.8,82.3,83.0,84.84,87.19,3.0400000000000063,1.2847475078965584,2883300,True,False
YELO.JK,98.0,100.0,95.4,93.3,92.15,81.6,86.06,18.400000000000006,7.004439628740239,56379900,False,False
WTON.JK,81.0,81.33333333333333,81.0,81.0,79.25,75.6,79.42371086120606,5.733333333333334,1.5983784744047442,1670500,True,True
WSBP.JK,14.0,14.0,14.0,14.0,14.0,13.98,15.26,0.019999999999999574,0.0,0,True,False
WOWS.JK,60.0,60.0,60.4,60.6,60.45,59.12,63.92,1.480000000000004,6.066405575199328,143655700,False,False
WOOD.JK,204.0,206.0,207.6,209.8,213.3,212.88,243.9,4.650000000000006,2.3179055892108056,3631300,True,False
WOMF.JK,280.0,278.6666666666667,278.0,279.4,272.9,259.52,272.0,10.240000000000009,1.7655045951154684,876000,False,False
WMUU.JK,50.0,50.0,50.0,50.7,52.85,51.76,57.89,2.8500000000000014,1.8204354897431525,2671500,True,False
WIRG.JK,75.0,75.33333333333333,74.8,74.2,68.7,59.98,64.98,15.353333333333332,5.658704288090193,47310000,False,False
WINS.JK,550.0,553.3333333333334,541.0,529.0,520.25,522.1,518.0843075561523,6.616666666666674,1.8969790463469398,1247700,False,False
WINR.JK,21.0,20.333333333333332,20.2,21.3,22.2,21.32,24.7,2.0,3.677108153828394,33111000,True,False
WINE.JK,135.0,131.66666666666666,129.4,130.6,133.9,144.05911407470703,155.53778518676756,14.65911407470702,3.339212090880318,8783900,False,False
WIIM.JK,1640.0,1648.3333333333333,1660.0,1687.0,1731.25,1658.7,1663.5511877441406,18.25,2.035684049150875,1084900,False,False
WIFI.JK,2100.0,2110.0,2080.0,2070.0,2020.0,1896.9168310546875,1996.4288415527344,21.308316894531252,2.943060110525461,12059600,False,False
WIDI.JK,27.0,27.0,26.8,26.5,25.9,26.04,27.66,1.1000000000000014,4.7218047125913865,3859300,False,False
WGSH.JK,169.0,161.66666666666666,158.2,165.3,171.85,149.4,131.16,22.44999999999999,5.125018496713459,63297500,False,False
WEHA.JK,110.0,110.0,109.4,108.2,108.7,104.48,111.774462890625,5.519999999999996,2.0414910867778624,2263100,True,False
WEGE.JK,54.0,54.0,54.2,57.2,54.4,51.76,52.74,5.440000000000005,8.736231036882215,6465400,False,False
WAPO.JK,172.0,172.33333333333334,166.8,154.1,142.15,125.76,126.29,46.57333333333334,2.6977117401941344,989900,False,False
VTNY.JK,75.0,77.33333333333333,80.4,81.4,75.15,66.44,66.09,14.960000000000008,5.837060405098661,25393200,False,False
VRNA.JK,74.0,74.33333333333333,74.6,74.4,74.85,74.74,76.5,0.8499999999999943,1.4266142495836818,107400,True,False
VOKS.JK,238.0,232.0,227.2,228.6,227.2,210.04,212.68,13.980000000000004,3.2603897085157802,1263900,False,False
VKTR.JK,935.0,941.6666666666666,939.0,914.0,880.25,737.66,773.28,40.80133333333333,5.049791091538726,127019500,False,False
VIVA.JK,51.0,49.666666666666664,49.8,51.1,53.05,42.08,41.14,10.969999999999999,5.879434753551645,61958700,False,False
VISI.JK,990.0,990.0,994.0,959.0,953.75,927.8,889.2,13.240000000000009,4.613614088813953,847800,False,False
VINS.JK,143.0,142.66666666666666,141.8,142.2,142.35,139.24,145.95,3.759999999999991,1.7866087849077203,247900,True,False
VICO.JK,154.0,152.33333333333334,152.6,148.6,145.5,140.32,146.58,13.680000000000007,2.3570936480388127,106900,False,False
VICI.JK,900.0,865.0,823.0,755.5,677.0,631.3,601.359006652832,53.74000000000001,4.275937258433717,5963500,False,False
VERN.JK,250.0,250.66666666666666,251.2,243.4,228.4,193.34,162.68,28.929999999999993,4.04753241863338,8534700,False,False
VAST.JK,115.0,113.66666666666667,113.0,114.1,114.35,115.06,118.82,2.0600000000000023,1.3584961458010776,1052000,True,False
UVCR.JK,153.0,144.66666666666666,143.0,142.0,145.65,144.9,170.77780868530274,11.0,3.39791703729826,101154200,False,False
URBN.JK,230.0,223.33333333333334,219.6,216.2,213.9,214.62,207.26,8.049999999999997,3.473471052411519,173900,False,False
UNVR.JK,1700.0,1721.6666666666667,1736.0,1765.5,1777.75,1744.0,1679.6328942871094,15.55,1.6108120390368437,15880100,False,False
UNTR.JK,25050.0,24941.666666666668,24660.0,24257.5,23925.0,24263.5,25324.227421875,45.0,2.2832965674375747,4146100,False,False
UNTD.JK,82.0,82.66666666666667,82.4,82.3,82.4,78.2,78.89,4.466666666666669,1.671669613620504,19944500,True,True
UNSP.JK,206.0,206.0,206.0,206.0,206.0,206.24,257.96,0.12000000000000455,0.0,0,True,False
UNIQ.JK,125.0,122.33333333333333,120.2,118.4,116.5,110.16,113.43,14.840000000000003,1.836872183013158,8287100,False,False
UNIC.JK,14900.0,14966.666666666666,14990.0,15052.5,15095.0,13678.5,12768.636171875,56.66,0.4015139369031838,38600,False,False
ULTJ.JK,1485.0,1490.0,1492.0,1493.0,1498.0,1427.7,1474.0,14.059999999999992,1.016744030237095,2722700,False,False
UFOE.JK,149.0,146.66666666666666,144.8,143.5,141.75,138.34,141.67,10.659999999999997,1.099346552595481,31454800,False,False
UDNG.JK,1200.0,1306.6666666666667,1390.0,1368.5,1324.75,1287.6,1230.35,38.0,6.590187840159416,7236500,False,False
UCID.JK,515.0,507.6666666666667,505.2,484.4,460.6,410.49383239746095,397.88567932128905,20.90123352050781,2.2206390193809344,1332300,False,False
UANG.JK,2570.0,2516.6666666666665,2496.0,2472.0,2459.0,2365.7,2734.9,20.430000000000017,2.269656891077507,208600,False,False
TYRE.JK,112.0,112.66666666666667,112.6,112.6,113.4,112.36,112.14,1.4000000000000057,0.7722358712103936,1832700,True,False
TUGU.JK,1340.0,1360.0,1356.0,1359.5,1318.0,1254.6,1202.1469885253907,21.08000000000002,2.1500475859070836,1272900,False,False
TSPC.JK,2760.0,2750.0,2746.0,2740.0,2777.0,2658.6,2544.9,11.840000000000009,1.16175394604902,756600,False,False
TRUS.JK,448.0,440.0,439.6,445.8,425.0,420.94181884765624,358.8730599975586,13.529090576171882,7.137479907740117,1428500,False,False
TRUK.JK,860.0,853.3333333333334,837.0,795.5,745.0,550.68,504.51,61.86400000000001,8.165956335116666,1425300,False,False
TRUE.JK,50.0,50.0,50.0,50.0,50.0,50.4,86.8,0.3999999999999986,0.0,0,True,False
TRST.JK,464.0,463.3333333333333,464.8,463.8,459.9,468.6041650390625,466.0624948120117,4.352082519531251,1.2446710026834837,68700,True,False
TRON.JK,102.0,100.0,99.8,100.2,101.8,102.3,110.9,2.5,3.7988633707357065,82968400,True,False
TRJA.JK,130.0,128.0,126.8,124.2,119.0,113.38,119.9,16.620000000000005,1.9034653708470368,3679200,False,False
TRIS.JK,177.0,177.0,175.8,174.5,172.45,167.32,169.33440811157226,9.680000000000007,1.2760874952063268,1893600,False,False
TRIN.JK,332.0,339.3333333333333,338.0,335.6,324.9,331.56,462.66,7.216666666666669,5.996950375657036,21061300,False,False
TRIM.JK,665.0,645.0,633.0,619.5,609.0,582.4894982910156,561.2839331054688,16.502100341796883,2.0011662723276475,285100,False,False
TRGU.JK,178.0,175.33333333333334,174.6,173.2,170.05,167.42,174.3,10.580000000000013,1.7321897254817191,972700,False,False
TPMA.JK,474.0,466.6666666666667,465.6,461.8,461.7,449.84,478.55,12.080000000000013,1.0432492340160808,1776300,False,False
TPIA.JK,2020.0,1991.6666666666667,1978.0,1969.5,2028.5,1981.9,2942.99541015625,5.9,2.9215372628015737,140920500,True,False
TOWR.JK,448.0,451.3333333333333,456.0,449.4,424.5,401.4,414.0889273071289,27.30000000000001,2.4062050913760227,20917400,False,False
TOTO.JK,238.0,236.66666666666666,235.6,235.0,233.9,236.52,239.70236999511718,2.049999999999997,0.5380200885515672,423600,True,False
TOTL.JK,1425.0,1465.0,1494.0,1468.5,1408.0,1199.6,1131.4989373779297,58.88000000000002,3.8065269402854827,2782100,False,False
TOSK.JK,76.0,74.33333333333333,74.0,73.4,71.85,66.66,63.66,9.340000000000003,1.2909963367178066,141020000,False,False
TOOL.JK,67.0,67.0,66.4,66.4,66.85,65.68,67.74,1.3199999999999932,1.7499881835570947,50247500,True,False
TOBA.JK,595.0,608.3333333333334,606.0,574.0,542.9,471.8,491.7712103271484,27.306666666666672,5.171416173963815,22244800,False,False
TNCA.JK,189.0,173.0,167.8,163.1,163.3,150.86,162.41,38.139999999999986,4.51809738020052,38041700,False,False
TMPO.JK,174.0,177.33333333333334,200.0,194.3,179.35,135.16,127.59,64.84,14.549745332022084,20440400,False,False
TMAS.JK,139.0,139.66666666666666,139.6,138.4,132.8,123.36,120.98882369995117,16.306666666666658,2.240509108285247,1756900,False,False
TLKM.JK,2590.0,2600.0,2596.0,2602.0,2625.5,2582.6,2653.075949707031,4.290000000000009,0.7788216490146801,105899600,True,False
TLDN.JK,605.0,585.0,582.0,573.5,570.5,537.5,553.8627612304688,13.5,2.650111765454963,4906800,False,False
TKIM.JK,8375.0,8258.333333333334,8145.0,8022.5,7700.0,6575.090703125,6934.625356445313,71.99637187500001,2.306316342390419,3736300,False,False
TIRT.JK,590.0,590.0,590.0,590.0,590.0,595.2,546.32,1.0400000000000091,0.0,0,True,False
TIRA.JK,412.0,408.0,408.0,411.0,427.7,504.4,620.35,48.19999999999999,1.455430619852613,771600,False,False
TINS.JK,4010.0,4046.6666666666665,4050.0,4047.0,3940.0,3674.036220703125,3558.2081079101563,37.59637792968751,2.0950570922048977,42118400,False,False
TIFA.JK,324.0,323.3333333333333,329.6,338.6,334.4,287.72,302.9101501464844,25.439999999999998,9.324466235396885,40700,False,False
TGKA.JK,4930.0,5018.333333333333,5022.0,5024.5,4989.75,4903.1,4792.077827148438,12.139999999999963,2.523234944659101,400,False,False
TFCO.JK,900.0,876.6666666666666,888.0,891.0,845.5,752.5,709.1,29.5,5.281107639214207,100,False,False
TFAS.JK,182.0,185.0,185.2,185.0,186.45,188.34,201.04,6.340000000000003,1.2114617506627678,369700,False,False
TEBE.JK,1740.0,1686.6666666666667,1708.0,1719.0,1452.0,1196.1,1175.35,108.78000000000002,7.195039129879969,10051000,False,False
TCPI.JK,2390.0,2346.6666666666665,2372.0,2394.0,3097.5,4937.902333984375,7998.38447265625,259.1235667317709,7.0238612195011125,4758200,False,False
TCID.JK,2630.0,2653.3333333333335,2660.0,2669.0,2684.5,2735.0,2789.2,10.5,1.744667830573389,23000,False,False
TBMS.JK,1230.0,1230.0,1233.0,1222.0,1209.75,1208.425400390625,1238.9592224121093,4.91491992187498,1.6296304262104797,7000,True,False
TBLA.JK,635.0,628.3333333333334,626.0,627.5,625.25,625.4970568847656,620.9249911499023,1.95,1.0504964980686167,5063500,True,True
TBIG.JK,1455.0,1466.6666666666667,1475.0,1456.0,1426.75,1422.2,1472.2278491210936,10.559999999999992,1.7700220878598756,440400,False,False
TAYS.JK,50.0,50.0,50.0,50.0,50.0,50.0,53.7,0.0,0.0,0,True,False
TAXI.JK,13.0,13.333333333333334,13.2,13.6,14.15,13.26,14.51,1.1500000000000004,4.791834055543154,72902100,False,False
TARA.JK,30.0,29.333333333333332,29.2,29.3,29.7,29.82,30.07,0.8000000000000007,3.3621609649945405,4173000,True,False
TAPG.JK,2350.0,2256.6666666666665,2170.0,2044.5,1912.2696716308594,1691.0988818359374,1637.065477294922,65.89011181640626,3.796268136048371,59600300,False,False
TAMU.JK,28.0,26.666666666666668,26.4,25.7,25.05,21.6,23.46,6.399999999999999,5.691381439938402,9058900,False,False
TAMA.JK,206.0,215.33333333333334,221.2,239.2,243.7,205.14,192.0,19.28,5.892855072998378,23470500,False,False
TALF.JK,695.0,700.0,712.0,717.0,814.5,695.6635070800781,695.0885900878907,23.9,3.6968840683543496,161100,False,False
SWID.JK,119.0,118.66666666666667,118.2,118.7,112.05,101.23699569702148,100.70020530700684,17.763004302978516,4.267378554367552,4207800,False,False
SURI.JK,82.0,81.0,80.6,80.2,76.95,70.12,70.65,11.879999999999995,1.059328823408807,4918700,False,False
SURE.JK,2630.0,2626.6666666666665,2618.0,2638.0,2677.5,2757.0,2739.6,13.9,1.1672866198136542,200,False,False
SUPA.JK,540.0,530.0,526.0,529.0,551.0,562.4,686.8,7.279999999999996,2.347431083378078,25442000,False,False
SUNI.JK,710.0,711.6666666666666,712.0,715.0,717.0,668.3180065917969,655.6791094970703,9.736398681640617,0.7693676057361458,384600,False,False
SULI.JK,90.0,92.33333333333333,91.2,91.3,93.1,86.46,89.93,6.640000000000001,3.283139981499286,10270300,False,False
STTP.JK,9400.0,9425.0,9420.0,9430.0,9563.75,9756.0,9777.5,14.24,0.5020350579838455,1300,False,False
STRK.JK,68.0,69.33333333333333,69.6,66.9,63.7,66.26,81.56,5.8999999999999915,3.0596159356557298,6340100,True,False
STAR.JK,400.0,401.3333333333333,404.8,414.6,383.4,321.72,413.23,46.44,2.2941095616631695,132300,False,False
STAA.JK,1260.0,1236.6666666666667,1216.0,1177.5,1127.5,1072.0,1068.4158056640624,37.6,1.6939753003060756,8559300,False,False
SSTM.JK,490.0,499.3333333333333,472.4,436.8,427.2,406.64,483.7,46.346666666666664,8.754008149490785,250400,False,False
SSMS.JK,1125.0,993.3333333333334,962.0,933.5,927.75,885.9,969.0211462402344,47.82000000000001,6.906622196023458,35441500,False,False
SSIA.JK,1880.0,1910.0,1890.0,1845.0,1758.75,1656.278115234375,1640.6441076660155,50.74437695312499,3.540347088595931,23082500,False,False
SRTG.JK,1805.0,1833.3333333333333,1878.0,1894.5,1849.25,1718.8,1643.17076171875,35.14000000000001,2.1308262450716544,4813500,False,False
SRSN.JK,99.0,96.33333333333333,87.0,79.0,75.1,70.12,68.26,28.879999999999995,10.114451955841986,380433800,False,False
SRAJ.JK,14050.0,13933.333333333334,14230.0,14095.0,13752.5,12176.5,12827.5,82.14,5.594249701135336,1900,False,False
SQMI.JK,101.0,83.0,75.6,68.2,65.9,60.26,54.72,40.74,12.486055858115398,2470452200,False,False
SPTO.JK,620.0,618.3333333333334,618.0,615.0,609.25,591.9,577.255698852539,5.6200000000000045,0.9222947958172263,729400,True,False
SPRE.JK,92.0,91.66666666666667,91.2,90.6,89.5,85.96,84.7,6.040000000000006,2.1250982816860544,2588700,False,False
SPMA.JK,167.0,167.66666666666666,167.0,166.0,165.15,164.98923034667968,163.0638456726074,2.677436319986981,0.6997907340997105,188400,True,False
SOUL.JK,37.0,37.0,37.0,37.0,37.0,37.16,41.59,0.1599999999999966,0.0,0,True,False
SOTS.JK,635.0,626.6666666666666,627.0,631.5,634.0,614.7,740.7,4.059999999999991,2.214727489905161,92100,True,False
SOSS.JK,920.0,866.6666666666666,856.0,848.0,851.5,865.6,843.2,14.4,3.011693009684174,15600,False,False
SONA.JK,2500.0,2513.3333333333335,2468.0,2475.0,2566.0,2398.886806640625,2270.2687805175783,16.711319335937514,6.569990107666741,20900,False,False
SOLA.JK,93.0,92.66666666666667,91.8,91.7,91.5,98.22,107.04,6.719999999999999,2.0692722447077148,5164300,False,False
SOHO.JK,1200.0,1201.6666666666667,1201.0,1196.0,1191.25,1174.6,1401.65,5.413333333333367,0.9261465984874864,14800,True,False
SOFA.JK,356.0,368.6666666666667,365.6,349.6,301.1,251.6,312.24,58.533333333333346,6.511004041576582,3081300,False,False
SOCI.JK,570.0,578.3333333333334,565.0,554.0,525.9,427.4343231201172,425.0945803833008,30.179802042643235,3.760674327113494,12758800,False,False
SNLK.JK,224.0,226.66666666666666,226.4,227.8,227.6,224.48,232.84,1.9000000000000057,1.8437314518078691,18193200,True,False
SMSM.JK,1720.0,1716.6666666666667,1715.0,1725.0,1725.2162963867188,1684.8191064453124,1694.9764074707032,8.07943798828128,0.7613187695643541,7466000,False,False
SMRA.JK,322.0,319.3333333333333,317.6,320.8,324.1,308.36,305.0870948791504,7.8700000000000045,1.6717639496918069,13627400,False,False
SMMT.JK,2030.0,2001.6666666666667,2005.0,1981.0,1924.75,1856.8,1888.8,17.320000000000004,2.7573905504090694,529300,False,False
SMMA.JK,20200.0,20116.666666666668,20095.0,20092.5,20110.0,20690.0,19085.25,23.9,0.4113264360196326,600,False,False
SMLE.JK,182.0,179.33333333333334,173.4,166.9,168.8,143.06,128.89,38.94,5.384461300206985,42146200,False,False
SMKM.JK,104.0,108.66666666666667,109.8,106.7,94.9,77.64,81.7,32.16,4.686721127863514,4457400,False,False
SMKL.JK,147.0,146.66666666666666,146.4,146.7,147.3,142.2,145.7179560852051,5.100000000000023,0.5966017540192837,81900,True,False
SMIL.JK,416.0,413.3333333333333,411.6,401.8,398.6,353.2,312.84,31.400000000000006,2.052477246207585,66125300,False,False
SMGR.JK,1680.0,1630.0,1579.0,1552.5,1560.75,1501.0,1715.5489331054687,35.8,5.8617831900235675,23574400,False,False
SMGA.JK,87.0,85.66666666666667,83.6,82.0,78.4,72.04,76.45,14.959999999999994,3.575778571113555,36888600,False,False
SMDR.JK,318.0,320.6666666666667,317.2,313.8,308.8,291.4526635742188,299.0570530700684,14.607001546223955,1.3773409197393576,11601600,False,False
SMDM.JK,555.0,551.6666666666666,548.0,547.0,554.25,563.3,566.41,3.259999999999991,1.7193665204450999,14200,True,False
SMBR.JK,187.0,180.66666666666666,173.2,170.1,168.8,160.68,173.2343243408203,26.319999999999993,6.098057234506456,14261100,False,False
SMAR.JK,6875.0,6600.0,6415.0,6107.5,5900.0,5480.5,5323.955395507813,55.78,2.270636266502659,158500,False,False
SLIS.JK,91.0,91.33333333333333,91.2,93.4,87.55,71.32,74.36,22.080000000000013,4.9412569244450415,36527400,False,False
SKRN.JK,388.0,384.6666666666667,385.2,387.4,394.1,384.6,401.9811392211914,4.75,1.212290681200302,137400,True,False
SKLT.JK,216.0,213.33333333333334,213.2,212.4,207.6,195.28,198.42571487426758,10.36,1.2998508436730667,222800,False,False
SKBM.JK,550.0,543.3333333333334,542.0,539.5,539.75,544.3,570.69,2.1,0.8805461847427729,1572400,True,False
SIPD.JK,940.0,945.0,934.0,850.5,773.25,723.2,799.4,44.35999999999999,6.024298631912693,27600,False,False
SINI.JK,12750.0,11966.666666666666,10855.0,9420.0,8265.0,7605.87259765625,9972.936298828125,205.76509609375,6.119712508058176,17262200,False,False
SIMP.JK,655.0,635.0,626.0,616.0,606.0,570.9672717285156,599.397738647461,16.806545654296883,2.391409057095106,51780400,False,False
SILO.JK,2160.0,2150.0,2158.0,2214.0,2273.5,2200.3,2307.25,12.35,1.945543189779915,212700,False,False
SIDO.JK,356.0,355.3333333333333,354.0,351.6,352.0,364.4,401.80854370117186,6.399999999999977,0.9796448721637535,22214300,False,False
SICO.JK,114.0,114.33333333333333,114.6,112.9,110.85,108.08,112.38953857421875,6.519999999999996,2.313388547261131,3368700,False,False
SHIP.JK,2330.0,2323.3333333333335,2340.0,2275.0,2249.5,1955.6,2250.4894750976564,38.44000000000001,5.054098899256563,36500,False,False
SHID.JK,555.0,548.3333333333334,545.0,545.0,569.5,580.7,652.2,7.1400000000000095,2.3736107901431187,10400,False,False
SGRO.JK,5025.0,4908.333333333333,4859.0,4822.5,4609.75,3668.8539794921876,3568.0171508789062,54.245840820312495,1.2135355473273057,95500,False,False
SGER.JK,660.0,636.6666666666666,614.0,568.4,521.9,462.68,409.62,39.464,3.947824014483487,65591400,False,False
SFAN.JK,2040.0,2043.3333333333333,2038.0,2032.0,2012.25,1984.5,1967.6,5.883333333333326,0.3105488042047104,49600,True,False
SEMA.JK,112.0,113.0,112.6,107.7,103.3,97.68,101.86,15.319999999999993,2.366121215280357,945200,False,False
SDRA.JK,222.0,223.33333333333334,222.8,220.6,221.4,214.8,228.46,4.266666666666666,0.8647242817268351,776600,True,False
SDPC.JK,197.0,199.0,197.4,194.1,189.5,184.56,183.6185464477539,14.439999999999998,1.9237056842227678,242800,False,False
SDMU.JK,91.0,90.33333333333333,91.8,88.7,84.75,82.62,85.06,9.179999999999993,8.155552554366691,29570200,False,False
SCNP.JK,158.0,156.33333333333334,154.6,151.6,152.35,151.7,153.30019332885743,6.400000000000006,1.2263120235524523,122500,False,False
SCMA.JK,202.0,202.0,202.4,207.0,204.55,204.98,217.89666458129884,2.5,2.6493397200198325,27137200,True,False
SCCO.JK,2370.0,2356.6666666666665,2350.0,2348.0,2329.0,2280.8,2266.6544580078125,8.919999999999982,1.1452076198874261,82200,False,False
SBMA.JK,108.0,107.66666666666667,108.2,108.1,107.95,107.64,110.97,0.5600000000000023,1.3766482335565904,401500,True,False
SATU.JK,246.0,245.33333333333334,243.6,247.4,253.5,264.32,264.2,10.36,1.8231125066748792,131700,False,False
SAPX.JK,270.0,234.0,226.4,221.6,218.4,213.98,222.36,28.010000000000005,8.023842349060075,5804300,False,False
SAMF.JK,312.0,306.0,299.2,293.4,286.4,281.1301379394531,289.1626893615723,15.434931030273447,2.617042564237823,397200,False,False
SAME.JK,322.0,326.0,318.4,305.4,301.0,313.04,318.82,12.5,2.626597015811798,1349000,False,False
SAGE.JK,29.0,29.0,28.8,29.3,30.6,30.0,29.82,1.8000000000000007,2.940594101539903,2130100,True,False
SAFE.JK,875.0,758.3333333333334,713.0,565.1,480.95,402.54,371.99,94.49199999999999,11.987663426497852,1586400,False,False
RUNS.JK,63.0,62.333333333333336,62.2,62.4,62.5,66.26,73.71,4.060000000000002,0.7543148178960317,1077300,True,False
RUIS.JK,208.0,208.66666666666666,206.0,206.4,205.45,197.95875,197.7240625,5.353958333333324,3.097959051206604,1990300,True,True
RSCH.JK,344.0,344.0,342.4,336.4,325.5,304.28,298.42,19.860000000000014,2.1705176997561564,20382100,False,False
ROTI.JK,580.0,583.3333333333334,584.0,584.0,585.5,598.4,604.3529705810547,3.6799999999999953,0.4046495086187569,1225300,True,False
RONY.JK,1245.0,1230.0,1229.0,1233.0,1242.25,1202.4,1275.0,8.519999999999982,1.9054653318856987,7600,False,False
RODA.JK,63.0,63.333333333333336,63.6,65.3,65.75,61.14,63.94,4.609999999999999,4.0567898698321265,7540800,False,False
ROCK.JK,2020.0,2020.0,2042.0,2092.0,2036.75,1883.0,2030.9,20.9,2.6118438837628353,27800,False,False
RMKO.JK,314.0,308.0,299.6,292.8,289.6,305.6,366.59,12.199999999999989,4.20206149166423,7648900,False,False
RMKE.JK,438.0,430.6666666666667,425.2,424.2,415.5,426.6,500.9823614501953,11.25,2.557865848898621,104857500,False,False
RLCO.JK,4460.0,4466.666666666667,4366.0,4367.0,4569.25,4091.2,4176.75,47.80500000000002,2.781614303851133,371300,False,False
RISE.JK,850.0,850.0,872.0,897.5,919.0,943.0,1208.65,18.6,2.580223900436777,1923100,False,False
RIGS.JK,710.0,690.0,686.0,684.5,683.5,683.0,681.45,5.4,1.4300865815564692,3658300,True,True
RICY.JK,79.0,79.66666666666667,79.4,79.4,79.6,78.2,83.65,1.4666666666666686,0.9942023190545068,1180100,True,False
RGAS.JK,121.0,142.66666666666666,170.0,193.7,206.55,207.54,156.4868546295166,86.53999999999999,12.502351442087612,685109100,False,False
RELI.JK,550.0,545.0,531.0,528.0,507.75,497.4,495.64,10.520000000000005,2.903145016884737,10000,False,False
RELF.JK,35.0,34.666666666666664,34.8,35.0,34.9,34.86,36.51,0.3333333333333357,1.9058514898660401,1825300,True,False
REAL.JK,50.0,50.0,50.0,50.4,51.35,50.73889778137207,51.686816444396975,1.3500000000000014,1.534358234207433,1319500,True,False
RDTX.JK,13750.0,13608.333333333334,13540.0,13565.0,13587.5,13720.3313671875,14484.8300390625,8.4,1.6576275117101615,800,False,False
RCCC.JK,120.0,116.33333333333333,114.8,111.0,106.55,96.36,99.05,23.64,2.793225549352531,3949200,False,False
RBMS.JK,62.0,62.0,62.2,62.8,63.85,62.66,63.11,1.8500000000000014,2.6715949455935775,43579900,True,False
RATU.JK,4380.0,4326.666666666667,4300.0,4291.0,4589.75,4872.4,5140.955141601563,58.139999999999965,3.346042869016478,8523200,False,False
RANC.JK,540.0,543.3333333333334,534.0,528.0,523.0,523.3,532.87,4.066666666666674,1.5580332288764833,87100,True,False
RALS.JK,384.0,384.0,382.8,381.6,381.6,378.6,384.7266677856445,2.6999999999999886,0.4147037129586895,8985000,True,False
RAJA.JK,815.0,811.6666666666666,814.0,818.5,845.5,846.6207055664063,815.0234503173829,6.990807779947931,2.5947224766051855,48276500,False,False
RAAM.JK,190.0,191.0,189.4,188.7,191.1,200.7,205.91,12.0,2.5916763367490923,2960000,False,False
PZZA.JK,186.0,194.33333333333334,189.2,184.6,183.2,184.04,189.93705474853516,11.133333333333354,4.455728780555127,1017500,False,False
PYFA.JK,250.0,252.0,248.4,237.4,225.4,211.64,247.88,20.180000000000007,6.6951481310945455,9166900,False,False
PWON.JK,272.0,276.0,273.6,270.2,264.4,260.12,274.4333853149414,7.939999999999998,1.9314610199843867,25959100,False,False
PURI.JK,151.0,152.0,152.0,148.5,143.7,138.96,145.13,13.039999999999992,4.128711948976401,2216500,False,False
PURA.JK,32.0,32.0,31.8,31.9,32.35,31.3,32.23,1.0500000000000007,2.3267882537116855,7516900,True,False
PUDP.JK,274.0,273.3333333333333,272.8,277.4,290.9,293.2,307.08858184814454,10.199999999999989,1.5334648217624174,802200,False,False
PTSP.JK,1415.0,1153.3333333333333,1049.0,978.5,958.0,912.3,907.3,100.54,10.588519186201156,2522300,False,False
PTSN.JK,310.0,304.0,300.4,295.8,290.4,263.44,267.92619003295897,23.28,1.9000565813566646,457500,False,False
PTRO.JK,5350.0,5283.333333333333,5183.0,5170.0,5127.75,4559.3,4718.85,31.627999999999993,3.5584206504034275,46218900,False,False
PTPW.JK,1170.0,1171.6666666666667,1175.0,1175.5,1182.75,1188.533330078125,1068.0195263671876,3.706666015624978,0.5586651728337252,14900,True,False
PTPS.JK,167.0,161.33333333333334,159.4,157.8,154.5,141.82,146.82,25.180000000000007,2.4995552488800863,35583300,False,False
PTPP.JK,206.0,203.66666666666666,203.2,205.6,203.8,198.98,214.1,3.510000000000005,3.0224268959367357,4803600,True,False
PTMP.JK,65.0,65.66666666666667,65.0,64.9,65.3,61.64,63.33,4.026666666666671,2.784119471775859,26969800,True,True
PTIS.JK,254.0,258.0,258.0,258.8,262.2,268.28,284.44,7.139999999999986,2.313986941957472,89100,False,False
PTBA.JK,2720.0,2650.0,2596.0,2505.0,2432.5,2395.2,2533.311181640625,32.48000000000002,1.9606203113899878,93828700,False,False
PSSI.JK,330.0,328.6666666666667,328.0,328.6,329.1,313.36,314.00884338378904,8.319999999999993,1.3299684992840788,229900,False,False
PSKT.JK,244.0,250.0,244.4,235.0,229.8,210.72,221.17,19.64,8.43114052117347,10583100,False,False
PSGO.JK,197.0,194.66666666666666,194.4,194.7,194.95,196.46,194.2379573059082,2.5999999999999943,1.1866952716455001,3226500,True,True
PSDN.JK,136.0,135.0,134.8,133.5,134.45,121.88,135.43,14.120000000000005,3.143105618480472,17108800,False,False
PSAT.JK,905.0,896.6666666666666,893.0,897.0,897.25,852.6,862.0,10.479999999999995,1.2964720010590567,110000,False,False
PSAB.JK,565.0,575.0,597.0,607.0,545.3,467.64,442.69981872558594,27.872000000000003,7.333926771973349,55886900,False,False
PRIM.JK,118.0,118.33333333333333,118.8,117.6,114.6,102.96,92.34,15.840000000000003,1.8816416664814786,3447500,False,False
PRDA.JK,2670.0,2653.3333333333335,2626.0,2564.0,2470.5,2456.0,2460.7261279296877,21.4,1.994064519837508,405600,False,False
PRAY.JK,755.0,755.0,754.0,761.5,755.75,719.2,719.15,8.45999999999999,1.9330615876797141,4800,False,False
PPRO.JK,15.0,15.666666666666666,15.6,16.2,16.7,16.86,17.9,1.8599999999999994,4.192667391008265,8786600,False,False
PPRI.JK,137.0,135.66666666666666,138.6,142.2,143.85,143.94,154.88,8.27333333333334,2.51994376974473,1107600,False,False
PPRE.JK,107.0,106.0,105.2,106.1,104.8,105.0,109.0,2.200000000000003,3.84577242964099,50308900,False,False
PPGL.JK,388.0,354.6666666666667,325.2,277.0,241.3,217.2,211.64,85.4,4.405764048077422,7947900,False,False
POWR.JK,920.0,930.0,923.0,888.5,831.25,761.0,728.4803625488281,33.8,4.802844206379665,8308100,False,False
PORT.JK,895.0,903.3333333333334,901.0,907.5,893.5,873.8,886.85,6.740000000000009,1.873118813084769,2300,False,False
POLY.JK,32.0,32.0,32.0,32.0,32.0,32.0,32.0,0.0,0.0,0,True,False
POLU.JK,19375.0,19175.0,19065.0,15895.0,13725.0,13051.0,13257.5,252.96,9.777731362478887,21400,False,False
POLI.JK,950.0,910.0,882.0,829.5,792.75,740.8,879.1,41.84000000000001,3.9874056089684933,268800,False,False
PNSE.JK,496.0,493.3333333333333,496.6,498.6,493.6,501.78,545.09,4.223333333333329,1.7288455709397497,8000,True,False
PNLF.JK,224.0,225.33333333333334,226.4,230.0,230.4,224.6,232.51,3.200000000000003,1.3650385300487071,55472500,True,False
PNIN.JK,720.0,720.0,726.0,720.5,717.25,722.0,743.3,1.75,1.6271741811249099,219900,True,False
PNGO.JK,3470.0,3466.6666666666665,3468.0,3488.0,3519.5,3498.8,3503.5,5.283333333333348,0.6020715499951302,7100,True,False
PNBS.JK,50.0,50.0,50.0,50.0,50.05,50.1,50.3,0.10000000000000142,0.0,319900,True,False
PNBN.JK,895.0,893.3333333333334,894.0,897.5,901.5,892.1027038574218,908.1706072998047,1.8794592285156342,0.4389481090127877,6268700,True,False
PMUI.JK,103.0,106.0,103.4,100.6,99.1,89.76,88.78406898498535,16.239999999999995,3.530044702452452,2755500,False,False
PMJS.JK,147.0,148.66666666666666,144.0,134.2,126.25,114.40855758666993,117.13706665039062,34.25810907999673,4.5459337453694095,3014800,False,False
PLAN.JK,51.0,47.0,45.2,42.7,40.35,38.42,42.08,12.579999999999998,4.2663688385112675,3208100,False,False
PKPK.JK,3720.0,3726.6666666666665,3710.0,3692.0,3751.0,3534.6,3147.25,21.640000000000008,1.8614836991347659,363900,False,False
PJHB.JK,187.0,186.66666666666666,185.8,183.3,178.35,169.32,187.83,17.680000000000007,3.402343219561564,1779200,False,False
PJAA.JK,468.0,465.3333333333333,463.2,461.2,459.5,456.92,469.96193725585937,5.539999999999992,0.42147104511867434,129400,True,False
PIPA.JK,212.0,204.0,201.6,186.6,154.55,131.2,130.21,40.400000000000006,9.332838538202783,443545600,False,False
PICO.JK,193.0,186.0,189.0,174.0,153.55,137.68,142.58,55.31999999999999,11.400087079550435,31045200,False,False
PGUN.JK,9950.0,9791.666666666666,9840.0,9700.0,8688.75,7901.5,8099.180703125,81.94,5.97728320525523,120800,False,False
PGLI.JK,214.0,214.0,210.8,210.0,209.7,198.42,202.2,7.790000000000006,1.950777314432068,51700,False,False
PGJO.JK,1005.0,950.0,938.0,915.0,844.25,759.2,771.25,49.15999999999999,3.713816507912096,4988100,False,False
PGEO.JK,1035.0,1036.6666666666667,1034.0,1042.5,1055.75,996.3,972.1261218261719,11.89000000000001,2.5779037559963363,11068900,False,False
PGAS.JK,1535.0,1540.0,1533.0,1527.5,1514.0,1490.7,1588.1603393554688,9.85999999999999,1.3012455528547724,24552900,False,False
PEVE.JK,316.0,314.0,313.6,313.8,322.1,319.56,347.5,4.25,0.7184712008629589,1188600,True,False
PEHA.JK,312.0,308.0,295.2,288.4,278.7,263.56,273.06781799316406,24.22,3.8203485175271603,1999500,False,False
PEGE.JK,124.0,118.33333333333333,118.4,116.1,109.15,105.90914642333985,118.56457321166992,18.09085357666015,5.683628449407365,42913400,False,False
PDPP.JK,330.0,332.0,332.8,328.2,317.1,288.676028137207,292.023150177002,22.061985931396492,2.8836870907171614,356100,False,False
PDES.JK,394.0,393.3333333333333,394.8,386.4,395.8,407.24,456.9500939941406,10.420000000000016,3.759036500230832,2192700,False,False
PCAR.JK,42.0,42.0,41.4,41.8,42.45,40.24,38.95,2.210000000000001,2.259459985037089,3490600,True,True
PBSA.JK,815.0,830.0,831.0,832.5,809.75,769.0491052246093,814.9976159667968,12.690178955078135,3.045549701872553,1242000,False,False
PBRX.JK,26.0,26.666666666666668,26.4,26.2,26.45,26.7,29.88,0.6999999999999993,2.133320025093576,7478500,True,False
PBID.JK,525.0,526.6666666666666,528.0,531.0,531.5,505.54,492.6975717163086,5.191999999999996,1.2582615621119875,494400,True,False
PART.JK,113.0,116.0,116.2,108.8,104.2,103.97173873901367,105.23988906860352,12.22826126098633,3.770889219166671,25165900,False,False
PANS.JK,1595.0,1590.0,1584.0,1573.0,1558.75,1553.56720703125,1524.0486645507813,8.286558593749987,0.3429920593488528,100300,False,False
PANR.JK,428.0,429.3333333333333,427.6,424.8,425.3,414.92,447.37294128417966,7.206666666666649,1.1877858035914564,29900,False,False
PANI.JK,5825.0,5833.333333333333,5875.0,5940.0,6066.25,6100.5,6986.119560546875,11.02,1.6806329136187435,3076500,False,False
PAMG.JK,55.0,55.666666666666664,55.6,55.7,56.15,54.66,56.15,1.490000000000002,1.0206723669881215,39574300,True,False
PALM.JK,296.0,296.6666666666667,294.4,293.4,291.5,296.6084130859375,319.1225305175781,2.583333333333343,0.9260214208677678,263900,True,False
PADI.JK,73.0,73.33333333333333,73.2,72.8,71.75,71.96454528808594,85.74510948181153,1.5833333333333286,4.499016779081636,107259700,False,False
PADA.JK,220.0,224.66666666666666,225.6,224.0,206.3,151.16,149.45,37.22,8.462273214144563,34243900,False,False
PACK.JK,560.0,543.3333333333334,512.4,436.8,350.0,276.2,270.38,56.760000000000005,4.913863650380935,0,False,False
OPMS.JK,122.0,122.0,122.0,122.6,124.75,109.72,114.48,15.030000000000001,2.050396323939196,2097500,False,False
OMRE.JK,950.0,953.3333333333334,957.0,964.5,974.25,1022.5,978.8,14.5,1.8709851745870247,13000,False,False
OMED.JK,246.0,241.33333333333334,237.6,235.4,231.8,216.32,230.22172485351564,14.840000000000003,1.3180107642128398,65000700,False,False
OLIV.JK,45.0,46.0,46.0,46.6,47.7,49.22,51.99,4.219999999999999,1.7444203434731822,5840100,True,False
OKAS.JK,121.0,121.0,121.0,122.5,118.8,107.8,109.82,14.700000000000003,4.003697007805472,3436100,False,False
OILS.JK,278.0,270.0,250.8,236.2,232.3,218.2,225.86,29.900000000000006,5.285527183771106,23698700,False,False
OBMD.JK,181.0,187.66666666666666,190.6,192.8,192.7,184.24,196.29,11.800000000000011,2.6889179324487213,622800,False,False
OBAT.JK,234.0,236.66666666666666,238.8,240.2,241.5,241.72,263.99120666503904,3.8599999999999994,0.8809062075655313,482300,True,False
OASA.JK,326.0,332.0,328.8,323.2,327.9,308.12,326.28,11.939999999999998,2.4013174623420084,62524700,False,False
NTBK.JK,83.0,82.33333333333333,81.4,80.9,84.3,82.48,80.51162727355957,3.3999999999999915,4.442635008089133,17067400,False,False
NSSS.JK,900.0,868.3333333333334,867.0,872.0,913.75,809.4,736.3391845703125,20.870000000000005,4.267331571099082,24514300,False,False
NRCA.JK,585.0,595.0,592.0,579.5,553.75,498.24,503.5487258911133,19.351999999999997,3.3591889622047475,7474400,False,False
NPGF.JK,58.0,57.333333333333336,57.4,58.3,58.588965606689456,57.85662002563477,63.06084445953369,1.2556322733561203,1.9754696170083341,106256500,True,False
NOBU.JK,530.0,511.0,504.6,503.0,502.45,463.34,480.56,13.332000000000004,1.96590276446959,6332900,False,False
NISP.JK,1245.0,1241.6666666666667,1242.0,1249.0,1259.25,1236.1,1268.0049450683593,4.6300000000000185,0.6759788514905319,3810600,True,False
NIRO.JK,163.0,162.66666666666666,161.8,161.3,161.55,150.54,166.53,12.460000000000008,1.7707344892321883,119600,False,False
NINE.JK,96.0,95.33333333333333,96.4,93.3,83.9,79.48,96.26,16.92,6.520779005953063,20204500,False,False
NIKL.JK,204.0,202.66666666666666,201.6,199.6,198.05,190.36,233.28816192626954,6.819999999999993,2.0170560126940495,2469100,False,False
NICL.JK,510.0,515.0,512.0,494.4,481.9,494.1,610.1947064208985,6.6200000000000045,2.493009981136579,53592100,False,False
NICK.JK,1955.0,1930.0,1919.0,1696.0,1577.75,1259.8,1207.85,139.04000000000002,7.876406226130932,124400,False,False
NICE.JK,336.0,346.0,362.0,322.2,290.9,268.44,280.6,46.78,9.586296269108207,3142500,False,False
NFCX.JK,1710.0,1703.3333333333333,1697.0,1683.0,1610.25,1602.5,1671.25,21.5,3.053620392705252,8600,False,False
NETV.JK,50.0,50.0,50.0,50.1,50.95,50.9,63.73,0.9500000000000028,0.8188380769487096,428900,True,False
NEST.JK,735.0,730.0,714.0,703.0,705.0,651.9,564.35,16.620000000000005,2.2790557461486447,7038200,False,False
NELY.JK,216.0,216.0,209.6,206.0,203.55,203.06,233.27045959472656,6.469999999999999,3.107525557630485,1554700,False,False
NCKL.JK,945.0,955.0,957.0,951.0,941.75,871.94572265625,901.6430041503907,17.01085546874999,1.7059467452639028,37345500,False,False
NAYZ.JK,73.0,73.66666666666667,73.2,71.5,64.75,60.64,61.7,13.02666666666667,6.032846566675031,14353200,False,False
NATO.JK,975.0,851.6666666666666,784.0,721.0,686.75,644.3,624.85,66.14000000000001,9.071440112283891,3565400,False,False
NASI.JK,152.0,150.66666666666666,147.6,143.9,138.95,125.52,130.17,26.480000000000004,3.264881524425345,3942700,False,False
NASA.JK,30.0,30.0,30.0,30.1,30.2,30.28,33.65,0.28000000000000114,1.8544360894905785,408600,True,False
NANO.JK,34.0,34.333333333333336,34.2,33.7,31.95,28.58,29.88,5.753333333333337,5.06255492236373,14455500,False,False
NAIK.JK,94.0,94.33333333333333,93.8,92.6,90.7,87.16,90.37548095703124,7.173333333333332,3.859327686470994,3071600,False,False
MYTX.JK,41.0,41.0,41.0,41.0,41.0,40.98,45.32,0.020000000000003126,0.0,0,True,False
MYOR.JK,1555.0,1556.6666666666667,1572.0,1609.0,1644.5,1715.8,1729.6847106933594,32.15999999999999,1.568021636406935,22632500,False,False
MYOH.JK,1135.0,1131.6666666666667,1133.0,1135.0,1092.75,1061.1,1102.7226989746093,14.780000000000019,2.0848503380211336,34400,False,False
MUTU.JK,127.0,126.33333333333333,128.2,125.1,118.6,113.8,109.49663917541504,14.399999999999991,2.9624949780228556,15790500,False,False
MTWI.JK,254.0,251.33333333333334,249.2,248.4,251.5,260.44,276.663904876709,6.019999999999996,1.6963984429871153,116500,False,False
MTMH.JK,980.0,988.3333333333334,990.0,975.5,949.0,941.4516003417968,962.5944305419922,9.70967993164063,2.742645656296504,20200,False,False
MTLA.JK,530.0,525.0,523.0,517.5,518.5,519.62,514.7608666992187,2.5,1.4456105796158296,1800,True,False
MTFN.JK,13.0,13.0,13.0,13.0,13.0,13.04,15.88,0.03999999999999915,0.0,0,True,False
MTEL.JK,480.0,476.0,470.8,458.4,446.7,458.1903503417969,471.6325277709961,16.650000000000006,1.276894041201658,21482200,False,False
MTDL.JK,510.0,508.3333333333333,508.0,508.5,508.5,508.66,518.7235000610351,0.4,1.0110241134672424,3007200,True,False
MSTI.JK,1340.0,1345.0,1346.0,1339.5,1331.75,1300.7,1282.03373046875,9.059999999999992,1.1023146532297259,1735500,False,False
MSKY.JK,64.0,64.33333333333333,64.0,64.6,66.1,62.42,69.3,3.6799999999999926,3.466091437607683,1110700,True,False
MSJA.JK,450.0,445.3333333333333,442.0,440.2,429.6,415.52,435.08254608154294,17.24000000000001,1.5269244435617042,15887000,False,False
MSIN.JK,310.0,310.0,313.2,327.4,353.8,414.04,561.44,52.02000000000001,1.7404777137565126,74886700,False,False
MSIE.JK,117.0,119.33333333333333,111.8,103.5,100.35,91.18,102.34,28.15333333333332,5.795297154505801,51811400,False,False
MREI.JK,920.0,920.0,920.0,920.0,920.0,922.6,964.7,0.5200000000000046,0.0,0,True,False
MRAT.JK,412.0,412.6666666666667,411.6,414.0,426.5,435.96,432.96,12.179999999999978,1.276623574218534,59400,False,False
MPXL.JK,169.0,168.0,168.6,167.7,164.45,154.46,158.26,14.539999999999992,1.1953712925885727,232600,False,False
MPRO.JK,12450.0,12375.0,12335.0,12500.0,12450.0,11071.0,9963.0,57.16,3.3321118952959563,300,False,False
MPPA.JK,45.0,45.0,44.6,46.0,47.3,46.98,48.04,2.6999999999999957,2.8068612762297684,3554900,True,False
MPOW.JK,115.0,113.33333333333333,113.2,111.1,109.0,101.48,106.67,13.519999999999996,2.2413937353756204,6187800,False,False
MPMX.JK,1025.0,1020.0,1019.0,1016.0,1010.0,991.5,933.0719653320313,6.7,0.580816000947166,3324400,False,False
MPIX.JK,109.0,111.66666666666667,111.2,104.6,100.75,97.02,91.24,14.646666666666675,5.395176760783771,12696900,False,False
MORA.JK,5400.0,5466.666666666667,5460.0,5340.0,5316.25,6112.5,6113.95,31.85,2.628723967526266,696800,False,False
MOLI.JK,308.0,308.6666666666667,297.6,289.0,280.6,261.04,252.07686233520508,23.813333333333333,4.369083015778216,4723500,False,False
MNCN.JK,200.0,200.66666666666666,200.8,202.0,201.5,203.84,216.14,3.8400000000000034,1.0852911112814367,27805500,True,False
MMLP.JK,302.0,302.0,301.2,300.0,297.3,295.92,310.2,3.039999999999992,1.7227089468049492,887700,True,False
MMIX.JK,785.0,781.6666666666666,786.0,780.5,763.0,715.28,579.75,14.144000000000005,1.1995945101078405,18235400,False,False
MLPT.JK,1260.0,1278.3333333333333,1293.0,1326.0,1430.5,1213.06,1018.9954638671875,43.488000000000014,5.661932228827781,3841000,False,False
MLPL.JK,92.0,92.66666666666667,92.8,93.8,95.25,89.8,91.12,5.450000000000003,2.238718397479906,16916100,True,True
MLIA.JK,226.0,229.33333333333334,230.4,230.8,231.4,234.92,246.36,4.459999999999994,0.9405231035814474,208000,True,False
MLBI.JK,6600.0,6791.666666666667,6825.0,6865.0,6905.0,6581.0,6087.1013671875,12.96,1.4002680696006666,87600,False,False
MKTR.JK,123.0,122.0,121.8,122.3,122.7,121.1,123.55170349121094,1.9000000000000057,0.6702035747391241,3931100,True,False
MKPI.JK,21975.0,21975.0,21995.0,22040.0,22002.5,21495.0,21336.67107421875,21.8,0.3290808231354488,40000,False,False
MKAP.JK,1120.0,1121.6666666666667,1124.0,1141.5,1155.0,1167.286748046875,1117.99998046875,9.457349609374978,0.7836083255457472,36200,False,False
MITI.JK,230.0,238.66666666666666,241.2,224.6,212.75,186.14,201.6,27.53,6.0143055992908225,6246700,False,False
MIRA.JK,23.0,24.333333333333332,25.0,26.0,27.0,22.6,22.0,4.399999999999999,5.300224042946768,10147000,False,False
MINE.JK,252.0,247.33333333333334,243.2,240.6,236.8,224.8,259.42,13.599999999999994,2.0140108412558,1336500,False,False
MINA.JK,276.0,276.6666666666667,276.4,276.2,273.3,274.16,296.74,1.6833333333333371,3.084544624101813,33936200,True,False
MIKA.JK,1925.0,1878.3333333333333,1877.0,1848.0,1830.0,1763.2,1765.0906176757812,32.35999999999999,1.3698255160671289,7863100,False,False
MIDI.JK,274.0,274.0,275.6,277.4,276.5,279.84,291.1296685791016,2.9199999999999875,1.3295198988703574,3266800,True,False
MICE.JK,560.0,553.3333333333334,546.0,536.0,529.0,513.3592102050782,503.8463385009766,9.328157958984367,0.9915160594443784,39000,False,False
MHKI.JK,145.0,148.0,147.0,142.5,139.2,132.23764419555664,143.84625450134277,15.76235580444336,2.910523441897548,4757700,False,False
MGRO.JK,685.0,681.6666666666666,682.0,677.5,674.25,674.6,679.9,2.15,1.4112451669926873,4125200,True,True
MGNA.JK,97.0,97.66666666666667,96.8,96.5,101.35,96.5,115.56,4.849999999999994,1.7209038286843608,683900,True,False
MGLV.JK,10775.0,11500.0,11745.0,11505.0,10235.0,9047.5,8327.75,107.9,3.8197344591917948,1821300,False,False
MERK.JK,3870.0,3866.6666666666665,3884.0,3913.0,3927.0,3847.8,3747.2275830078124,7.919999999999982,0.7115744237790373,8000,False,False
MERI.JK,123.0,122.66666666666667,122.2,121.7,119.9,109.84,120.27,13.159999999999997,1.413370790450864,2301700,False,False
MEJA.JK,111.0,111.33333333333333,114.0,119.1,113.9,98.16,98.04857147216796,20.939999999999998,3.9471021823320824,31293100,False,False
MEGA.JK,1970.0,1966.6666666666667,1964.0,1972.5,1977.25,1993.7,2084.440263671875,5.940000000000009,0.47090143953881014,23700,True,False
MEDS.JK,73.0,74.33333333333333,73.0,71.8,72.4,74.0,78.9,2.5333333333333314,2.4424003931670946,16061100,True,False
MEDC.JK,1445.0,1436.6666666666667,1406.0,1398.5,1358.5,1258.7,1350.181065673828,37.25999999999999,3.4629125643602667,76560400,False,False
MDRN.JK,26.0,26.0,26.0,26.0,26.0,26.18,33.81,0.17999999999999972,0.0,0,True,False
MDLN.JK,50.0,50.0,50.0,50.0,50.05,50.1,51.5,0.10000000000000142,0.0,56100,True,False
MDLA.JK,208.0,208.66666666666666,208.0,207.6,208.7,207.08,204.62992279052733,0.8099999999999881,0.8424461491159573,3395500,True,True
MDKI.JK,195.0,193.33333333333334,192.8,191.3,189.45,183.74,182.188484954834,11.259999999999991,0.7904442596637381,99800,False,False
MDKA.JK,2880.0,2910.0,2960.0,2952.0,2928.0,2768.3872119140624,2831.8576928710936,19.16127880859376,1.780699627408423,22500500,False,False
MDIY.JK,960.0,961.6666666666666,959.0,953.5,943.0,927.9,881.1192687988281,6.75333333333333,0.7402655227020198,475100,False,False
MDIA.JK,278.0,270.6666666666667,260.4,262.2,260.4,161.44,130.48,58.28,6.7787881947944,46713500,False,False
MCOR.JK,70.0,70.33333333333333,69.6,69.4,69.1,68.1,68.34,2.2333333333333343,1.7343889747273074,8936600,True,True
MCOL.JK,3760.0,3726.6666666666665,3704.0,3709.0,3727.0,3756.4,3751.6481811523436,5.6,1.4801328551744568,8700,True,False
MCAS.JK,286.0,284.0,285.6,287.4,289.4,227.82,256.61,30.789999999999992,3.9453861335686575,1033200,False,False
MBTO.JK,128.0,127.0,126.4,127.2,129.05,119.14,116.82,9.91000000000001,1.8635769961935142,4861500,False,False
MBSS.JK,2880.0,2840.0,2834.0,2833.0,2832.0,2711.4,2490.4,16.859999999999992,0.9055532549680931,6739300,False,False
MBMA.JK,525.0,536.6666666666666,547.0,548.5,541.75,521.16,551.34,5.468000000000006,4.329981526052625,170532200,False,False
MBAP.JK,1645.0,1676.6666666666667,1598.0,1533.5,1491.5,1424.7,1502.05,50.39333333333334,4.3365013572317235,196900,False,False
MAYA.JK,200.0,199.0,199.4,199.4,200.3,195.78,194.12,4.52000000000001,1.3833767912930066,1132900,True,True
MAXI.JK,50.0,50.0,50.0,50.0,50.0,50.0,50.49,0.0,0.0,319800,True,False
MASB.JK,3390.0,3396.6666666666665,3394.0,3391.0,3387.5,3386.4,3336.0,1.0266666666666424,0.1966580317029266,8700,True,False
MARK.JK,1075.0,1073.3333333333333,1072.0,1080.0,1080.3310791015624,1025.8387353515625,904.19306640625,10.898468749999983,1.4381068590545931,8851600,False,False
MARI.JK,23.0,23.0,23.0,23.0,23.0,23.1,25.29,0.10000000000000142,0.0,0,True,False
MAPI.JK,1430.0,1431.6666666666667,1458.0,1477.0,1536.0,1528.1013208007812,1462.1773254394532,21.2,3.1089025943023154,3378400,False,False
MAPB.JK,1175.0,1175.0,1175.0,1164.5,1159.75,1072.3,1255.55,20.54000000000001,4.423106752108798,0,False,False
MAPA.JK,695.0,708.3333333333334,711.0,687.5,673.0,637.7560974121094,625.07349609375,14.648780517578121,3.1588263619327144,17902400,False,False
MANG.JK,38.0,37.333333333333336,38.0,38.2,38.35,39.32,43.6,1.9866666666666646,3.0141706132323565,7973400,True,False
MAIN.JK,670.0,668.3333333333334,667.0,667.5,671.0,676.3,744.4175244140625,1.859999999999991,1.1728130366990743,1087700,True,False
MAHA.JK,147.0,146.33333333333334,146.6,147.1,146.6,141.5,138.50166854858398,5.599999999999994,0.9855636936309192,2201700,True,True
LUCK.JK,113.0,113.0,112.6,112.9,114.0,106.9,107.51,7.099999999999994,2.122617101598318,878600,False,False
LTLS.JK,855.0,851.6666666666666,849.0,845.5,843.25,806.3,787.3760906982421,9.740000000000009,0.9316398692567677,21400,False,False
LSIP.JK,1610.0,1535.0,1506.0,1476.0,1455.0,1366.2409765625,1361.1415881347657,48.7518046875,2.6671027403815715,47845000,False,False
LRNA.JK,199.0,193.33333333333334,191.8,190.3,188.9,183.22,188.6,15.780000000000001,1.9224270703758581,14592800,False,False
LPPS.JK,82.0,82.33333333333333,82.0,81.8,81.85,76.9,77.78,5.433333333333323,2.0103996798782697,1603500,True,True
LPPF.JK,1600.0,1600.0,1603.0,1610.0,1598.25,1557.7,1586.4193347167968,10.45999999999999,0.6856299736048072,1383600,False,False
LPLI.JK,242.0,242.0,242.0,243.0,244.4,243.04,258.82,1.2000000000000028,0.46411310915194964,58100,True,False
LPKR.JK,62.0,62.333333333333336,62.4,63.0,63.1,61.52,68.86,1.5799999999999983,2.3333898589912363,75989600,True,False
LPIN.JK,428.0,426.0,425.2,424.0,422.1,415.32,412.25979400634765,6.340000000000003,0.634039700582603,108900,False,False
LPGI.JK,645.0,645.0,641.0,638.0,636.0,652.8,667.979712524414,3.359999999999991,1.710962403184,2100,True,False
LPCK.JK,600.0,605.0,601.0,603.0,601.5,548.48,564.19,11.303999999999997,2.1826643628993634,1101000,False,False
LOPI.JK,78.0,78.0,77.4,78.6,76.65,65.0,82.55,13.599999999999994,3.9697662068486976,5261700,False,False
LMPI.JK,166.0,167.33333333333334,165.8,160.7,153.15,143.72,147.65,23.613333333333344,1.8114135719499083,200200,False,False
LMAX.JK,109.0,108.33333333333333,108.4,110.2,111.6,104.68,119.94,6.9199999999999875,1.525375289506666,896600,False,False
LIVE.JK,190.0,191.66666666666666,192.4,192.9,201.05,206.14,213.59,16.139999999999986,1.3216719942872985,906000,False,False
LION.JK,400.0,368.0,362.0,354.8,352.3,340.44,362.86,29.78,4.1249417288833,3644900,False,False
LINK.JK,1530.0,1511.6666666666667,1513.0,1505.0,1468.25,1456.1,1504.2,14.780000000000019,2.332644323925217,30200,False,False
LIFE.JK,11550.0,9975.0,8975.0,7332.5,6597.5,6141.5,6431.01515625,216.34,9.606672734223858,128500,False,False
LFLO.JK,525.0,526.6666666666666,524.0,520.5,509.25,529.22,528.5106546020507,3.9940000000000055,1.9493320427820668,100,True,False
LEAD.JK,117.0,116.0,110.2,108.7,109.65,103.82,111.43,13.180000000000007,7.180754358170819,49851300,False,False
LCKM.JK,109.0,109.0,109.0,109.0,109.0,108.46,113.66,0.5400000000000063,0.0,0,True,False
LAPD.JK,72.0,73.0,71.6,69.1,67.05,65.02,70.45,7.980000000000004,2.799780580924843,35457000,False,False
LAND.JK,73.0,73.66666666666667,73.6,74.6,76.45,70.52,71.29,5.930000000000007,2.8325250976491767,7315500,True,True
LAJU.JK,68.0,68.33333333333333,68.2,67.9,67.75,66.36,69.61664867401123,1.9733333333333292,1.5668462533022725,9877200,True,False
LABS.JK,164.0,163.33333333333334,162.6,166.2,163.9,152.76,153.37,13.439999999999998,2.042685233292987,505800,False,False
LABA.JK,119.0,124.66666666666667,119.8,109.4,101.85,95.52,103.03,29.146666666666675,11.8192806193847,36939000,False,False
KUAS.JK,101.0,97.66666666666667,97.0,95.0,93.7,91.48,98.97427940368652,9.519999999999996,2.938407589360886,36198100,False,False
KSIX.JK,414.0,412.0,413.2,416.8,402.6,344.48,339.82,36.16,1.9674690121548606,336600,False,False
KRYA.JK,68.0,68.0,67.2,65.5,64.4,60.36,64.15,7.640000000000001,4.819792117896835,31754000,False,False
KREN.JK,14.0,13.333333333333334,13.6,13.3,13.25,12.68,13.89,1.3200000000000003,6.660621815024785,9571500,False,False
KRAS.JK,242.0,240.66666666666666,234.8,230.0,227.7,221.16,235.82,10.420000000000002,2.321355074096406,5186000,False,False
KPIG.JK,66.0,66.0,66.0,66.5,70.9,76.76,90.09,10.760000000000005,3.137999506492707,168471600,False,False
KOTA.JK,230.0,222.0,199.4,178.3,176.4,132.96,121.52,48.519999999999996,13.504089201918317,1879938600,False,False
KOPI.JK,210.0,207.33333333333334,206.0,204.6,205.8,197.94,210.65,6.030000000000001,1.6786887151608327,335800,False,False
KONI.JK,2210.0,2196.6666666666665,2182.0,2231.0,2295.0,2477.6,2531.8,29.55999999999999,1.8009038514506026,36400,False,False
KOKA.JK,181.0,181.66666666666666,179.6,180.8,186.55,170.26,156.94,16.29000000000002,4.7191617900776555,4373800,False,False
KOIN.JK,78.0,78.0,78.0,78.0,78.0,77.86,78.18,0.14000000000000057,0.0,0,True,False
KOCI.JK,107.0,105.33333333333333,104.2,105.6,106.7,102.6,105.11631454467773,4.400000000000006,3.5215071223309913,6720900,True,True
KOBX.JK,176.0,175.33333333333334,176.0,172.5,170.35,156.92,162.3,19.080000000000013,3.239151441480259,4871500,False,False
KMTR.JK,252.0,248.0,242.8,238.4,234.4,230.76,237.92,10.620000000000005,1.5917846189886817,47900,False,False
KMDS.JK,520.0,521.6666666666666,519.0,525.0,527.0,533.3,535.6415133666992,2.859999999999991,1.7789325232046904,21900,True,False
KLIN.JK,115.0,115.66666666666667,116.8,116.5,116.75,109.86,121.08,6.939999999999998,3.1546874837417964,815900,False,False
KLBF.JK,755.0,771.6666666666666,784.0,794.5,792.25,760.4,788.2999981689453,7.9,2.4120340380545136,67715600,False,False
KLAS.JK,89.0,88.66666666666667,87.6,84.5,81.4,74.12,75.64,14.879999999999995,1.3642064410686965,9994200,False,False
KKGI.JK,294.0,288.6666666666667,284.4,283.4,279.1,271.6983453369141,277.7836085510254,11.150827331542956,1.990144453650324,6985500,False,False
KKES.JK,94.0,83.66666666666667,78.2,73.6,71.3,63.14,51.68,30.86,11.450281099220465,1371656800,False,False
KJEN.JK,165.0,165.66666666666666,164.2,164.0,160.4,136.78,137.47,28.886666666666656,3.4296405478691976,2559100,False,False
KIOS.JK,102.0,101.66666666666667,101.0,98.7,97.6,93.5,95.6,8.5,2.1761431855570623,104364100,False,False
KINO.JK,1360.0,1348.3333333333333,1352.0,1343.0,1325.75,1224.5,1158.687987060547,27.1,1.7221214832455953,72100,False,False
KING.JK,282.0,284.0,285.2,283.8,281.8,294.04,377.29,6.1200000000000045,3.6314600041833343,19500,False,False
KIJA.JK,208.0,210.66666666666666,212.0,202.0,165.55,141.58,148.54,35.209999999999994,10.97436637037391,310339100,False,False
KICI.JK,262.0,274.6666666666667,258.8,229.0,212.15,196.74,201.82,38.96333333333334,9.114051476886937,25845500,False,False
KETR.JK,850.0,841.6666666666666,832.0,752.0,665.5,586.28,566.02,52.74400000000001,10.9468265733943,42475000,False,False
KEJU.JK,630.0,621.6666666666666,613.0,599.5,591.25,563.8,562.841799621582,13.240000000000009,1.4356092396671032,254800,False,False
KEEN.JK,925.0,921.6666666666666,900.0,883.5,887.75,861.0,863.9118823242187,12.8,1.96599640052738,10277400,False,False
KDTN.JK,418.0,394.6666666666667,375.2,366.4,388.1,467.22,674.11,50.410000000000025,4.119601645749264,13333600,False,False
KDSI.JK,460.0,462.0,462.8,461.0,459.4,448.56,448.18,7.1200000000000045,0.8323066235481142,19500,False,False
KBLV.JK,139.0,140.0,139.6,141.6,141.65,118.54,111.21,23.11,5.13019763865051,15554300,False,False
KBLM.JK,312.0,310.0,309.2,307.4,305.8,297.28,300.8767156982422,7.360000000000014,0.7768663890544184,49900,False,False
KBLI.JK,330.0,330.0,328.4,327.6,327.7,321.0038311767578,311.82359008789064,4.498084411621107,1.3301442860635657,1399300,True,True
KBAG.JK,46.0,45.0,44.0,45.2,47.25,42.7,43.58,4.549999999999997,5.6126799020991704,1058100,False,False
KARW.JK,212.0,212.0,212.0,212.0,212.0,213.48,247.56,0.7399999999999949,0.0,0,True,False
KAQI.JK,103.0,97.33333333333333,96.0,96.0,95.4,90.42,97.17,12.579999999999998,4.279307707052576,331886300,False,False
KAEF.JK,432.0,434.6666666666667,435.2,437.2,444.5,448.52,472.34,8.259999999999991,0.6470082681819634,786000,False,False
JTPE.JK,610.0,610.0,610.0,614.5,612.5,607.9,600.4725,1.3200000000000045,0.6627149616243094,456500,True,False
JSPT.JK,1405.0,1388.3333333333333,1398.0,1399.5,1393.5,1380.9,1366.3870288085936,4.819999999999982,1.2270741915880834,53400,True,False
JSMR.JK,2970.0,2966.6666666666665,2908.0,2839.0,2799.5,2774.0,2823.716403808594,19.6,1.6661405908713072,3396800,False,False
JRPT.JK,1095.0,1088.3333333333333,1084.0,1080.0,1081.0,1079.9,1071.9734790039063,3.019999999999982,0.438711933799837,660500,True,False
JPFA.JK,2240.0,2226.6666666666665,2212.0,2216.0,2228.5,2116.5,2232.395498046875,12.35,2.027038533461145,12808900,False,False
JMAS.JK,228.0,228.0,228.0,228.0,228.0,228.08,241.72,0.04000000000000625,0.0,0,True,False
JKON.JK,85.0,85.66666666666667,86.0,86.1,86.4,74.96,72.74850811004639,11.440000000000012,1.3905468147357354,25278700,False,False
JIHD.JK,460.0,454.6666666666667,448.8,439.8,438.0,428.96,448.62,15.52000000000001,3.2996864514288573,652400,False,False
JGLE.JK,88.0,89.66666666666667,86.6,86.6,88.35,68.56,68.61,21.10666666666667,7.301812773383418,447262600,False,False
JECC.JK,645.0,651.6666666666666,646.0,639.5,639.0,633.36,681.499716796875,3.661333333333323,1.8619375406307814,22600,True,False
JAYA.JK,148.0,139.33333333333334,137.0,135.4,134.35,127.74,130.1,20.260000000000005,3.088258473684847,72635100,False,False
JAWA.JK,144.0,136.33333333333334,135.2,133.7,131.6,122.9,134.39,21.099999999999994,5.092429201274902,49686300,False,False
JATI.JK,109.0,107.0,106.0,104.3,101.6,96.52,99.08723121643067,12.480000000000004,2.1490277385115637,18533000,False,False
JAST.JK,93.0,93.66666666666667,95.6,93.0,88.3,84.16,87.99,11.439999999999998,8.461072625571846,12997900,False,False
JARR.JK,3340.0,3183.3333333333335,3202.0,3078.0,2525.0,2141.9145849609376,2053.3797265625,119.80854150390624,8.570190148939707,26204400,False,False
ITMG.JK,26100.0,26050.0,25870.0,25545.0,25165.0,24118.5,24095.410625,79.26,1.0178338338368471,2244100,False,False
ITMA.JK,1430.0,1435.0,1427.0,1455.0,1402.25,1382.8,1609.8,14.440000000000008,5.633037998179525,16300,False,False
ITIC.JK,228.0,225.33333333333334,224.0,225.2,226.7,213.32,224.09,7.340000000000003,1.136361924819489,470900,False,False
ISSP.JK,426.0,423.3333333333333,422.4,425.2,429.6,411.24,411.953678894043,9.180000000000007,1.6554929641169114,1410900,False,False
ISEA.JK,86.0,85.33333333333333,83.8,82.9,82.55,76.98,77.94,9.019999999999996,2.762289280072847,13384600,False,False
ISAT.JK,2360.0,2416.6666666666665,2478.0,2569.0,2398.5,2079.2,2040.413935546875,48.98000000000002,3.7090244493309,72547500,False,False
ISAP.JK,24.0,24.0,24.0,23.4,24.0,23.82,26.15,0.6000000000000014,3.634343977380773,10407900,True,False
IRSX.JK,402.0,391.3333333333333,382.8,374.0,368.7,320.52,354.06640075683595,40.74000000000001,5.274426215843842,45175300,False,False
IRRA.JK,372.0,370.6666666666667,371.6,371.6,371.7,372.08,379.72,0.7066666666666492,0.7178476350441788,403500,True,False
IPTV.JK,32.0,31.333333333333332,31.2,31.0,30.4,31.9,35.46,1.6000000000000014,3.064198985331077,4350700,True,False
IPOL.JK,116.0,114.0,113.4,113.1,112.55,108.44,113.31,7.560000000000002,1.277509115797577,2720200,False,False
IPCM.JK,298.0,298.6666666666667,299.6,301.0,302.1,307.8694989013672,306.4101904296875,4.934749450683597,0.4188579908923697,2808200,True,False
IPCC.JK,1145.0,1148.3333333333333,1149.0,1153.0,1161.0,1169.2,1167.305962524414,4.840000000000009,0.5835002428476846,684200,True,False
IPAC.JK,187.0,182.0,181.6,181.3,174.7,164.46,157.68,22.539999999999992,2.9337115120544257,461300,False,False
IOTF.JK,63.0,63.0,63.2,64.0,63.25,56.74,58.26,7.259999999999998,3.9443412746492843,9646200,False,False
INTP.JK,5475.0,5508.333333333333,5520.0,5527.5,5421.25,4838.5,4682.383227539062,27.56,1.9599096783670618,901500,False,False
INTD.JK,290.0,287.3333333333333,286.4,289.0,280.6,251.12,249.86,19.439999999999998,3.738088766827604,1402000,False,False
INTA.JK,61.0,61.0,61.0,61.0,61.0,61.16,66.82,0.1599999999999966,0.0,0,True,False
INPS.JK,715.0,705.0,697.0,683.0,699.75,658.3,652.33,11.340000000000009,5.20429439644265,183600,False,False
INPP.JK,755.0,743.3333333333334,741.0,737.0908142089844,731.0622375488281,712.4375415039062,744.0794775390625,8.512491699218753,1.9980841213697396,241000,False,False
INPC.JK,155.0,152.66666666666666,150.8,147.4,144.1,137.6,143.01,17.400000000000006,2.847907915212804,17656700,False,False
INOV.JK,141.0,140.33333333333334,140.2,142.9,143.9,132.6,131.52,11.300000000000011,2.2060903415558824,2459100,False,False
INKP.JK,8825.0,8875.0,8855.0,8775.0,8602.5,7943.812490234375,8255.513369140624,37.24750039062499,1.2017397995147248,2415600,False,False
INET.JK,348.0,350.6666666666667,348.4,331.0,283.3,239.58,250.9,55.54333333333334,6.257271147974347,267410300,False,False
INDY.JK,2720.0,2753.3333333333335,2772.0,2719.0,2645.0,2388.6,2654.6350512695312,38.34000000000001,2.7203318887986145,28624500,False,False
INDX.JK,60.0,60.0,60.0,60.0,60.0,60.08,75.83,0.0799999999999983,2.837818317547164e-07,0,True,False
INDS.JK,264.0,265.3333333333333,266.4,266.4,269.3,265.5864007568359,303.2250038146973,2.6500000000000057,1.84522201465215,854600,True,False
INDR.JK,2690.0,2620.0,2542.0,2489.0,2431.0,2185.6,2275.9,50.44000000000001,2.4317792566028418,34500,False,False
INDO.JK,185.0,183.33333333333334,182.4,182.4,179.5,172.22,166.24,12.780000000000001,1.4508904175484572,27135800,False,False
INDF.JK,7175.0,7291.666666666667,7295.0,7312.5,7320.0,6945.823935546875,6699.59791015625,14.967042578125001,1.7412685922992868,7142300,False,False
INCO.JK,4820.0,5040.0,5129.0,5164.5,5239.75,4938.1,5258.505771484375,41.975,2.634826269751186,36733300,False,False
INCI.JK,775.0,746.6666666666666,717.0,692.0,681.5,664.7,668.7524542236329,22.05999999999999,4.545828567074459,580200,False,False
INCF.JK,50.0,50.0,50.0,50.0,50.0,50.0,52.25,0.0,0.0,0,True,False
INAI.JK,176.0,176.33333333333334,177.2,177.1,177.1,161.12,166.15,16.079999999999984,1.7932964429503206,272600,False,False
IMPC.JK,1420.0,1408.3333333333333,1404.0,1381.5,1444.25,1467.9,1730.8,17.28000000000002,4.872830491557437,6972300,False,False
IMJS.JK,169.0,169.0,169.8,169.6,166.0,152.62440856933594,160.5894577026367,17.17559143066407,2.8959569294856293,2387600,False,False
IMAS.JK,880.0,878.3333333333334,879.0,883.5,871.0,843.0244714355468,911.0177673339844,8.095105712890632,1.4627613689280383,89700,False,False
IKPM.JK,194.0,194.33333333333334,193.0,195.1,195.5,187.94,192.63,7.560000000000002,4.354321538793812,113700,False,False
IKBI.JK,515.0,520.0,522.0,524.0,555.3502716064453,528.9090576171875,515.6752056884766,8.070054321289058,1.1938885061027789,346100,False,False
IKAN.JK,90.0,90.66666666666667,91.6,89.1,88.1,82.6,85.84,9.0,3.812748668538983,4817500,False,False
IKAI.JK,20.0,19.666666666666668,19.8,19.7,20.4,19.5,20.77,0.8999999999999986,3.421727328879983,4342000,True,False
IGAR.JK,482.0,480.0,476.4,470.8,458.1,432.68,441.0716943359375,24.659999999999997,1.0359023361462805,253000,False,False
IFSH.JK,1090.0,1071.6666666666667,1059.0,1079.5,1108.75,1169.7,1528.5953076171875,22.140000000000008,2.189691161606935,3300,False,False
IFII.JK,202.0,202.66666666666666,203.6,205.6,205.9,209.28,216.2,3.6400000000000006,1.0240570787629801,252900,True,False
IDPR.JK,270.0,274.0,271.2,267.4,269.0,285.6579864501953,290.9808044433594,9.128993225097673,1.6973516566593676,33300,False,False
IDEA.JK,60.0,60.333333333333336,60.6,60.8,63.1,61.88,65.76,3.1000000000000014,2.9585843895077923,3460700,True,False
ICON.JK,134.0,135.0,131.6,131.5,126.75,114.1,115.23,20.900000000000006,4.854521045608951,295809800,False,False
ICBP.JK,7375.0,7450.0,7650.0,7685.0,7601.25,7079.49244140625,6828.151323242188,24.22030234375001,1.9611025292268338,7088900,False,False
IBST.JK,8475.0,8475.0,8475.0,8475.0,8475.0,8475.0,8432.25,0.0,0.0,0,True,False
IBOS.JK,92.0,93.66666666666667,91.2,86.8,77.1,72.52,86.24,21.146666666666675,5.330706629939919,88441600,False,False
IBFN.JK,63.0,63.0,63.0,63.0,63.0,63.28,68.57,0.28000000000000114,0.0,0,True,False
IATA.JK,123.0,124.33333333333333,120.4,119.2,116.9,84.4,79.1,39.93333333333332,7.423503334664919,347484000,False,False
HYGN.JK,182.0,183.0,182.8,179.1,173.5,159.64,151.59940078735352,23.360000000000014,1.146412360547933,1786000,False,False
HUMI.JK,151.0,147.66666666666666,144.2,145.8,147.3257957458496,133.3505305480957,149.01698432922365,17.64946945190431,5.104649450295159,84382600,False,False
HRUM.JK,940.0,931.6666666666666,926.0,914.5,882.25,822.6,850.75,23.479999999999997,2.226472216410578,16293400,False,False
HRTA.JK,2230.0,2226.6666666666665,2274.0,2294.0,2202.0,1992.2,2216.9611572265626,30.179999999999996,3.535355787178723,10949500,False,False
HRME.JK,41.0,39.666666666666664,38.8,40.2,41.3,42.64,45.23,3.8400000000000034,4.758854238411227,1714300,False,False
HOPE.JK,226.0,251.33333333333334,253.6,256.6,241.5,192.88,179.07,31.860000000000014,7.904030145956266,68102700,False,False
HOMI.JK,216.0,214.0,212.0,213.4,202.55,191.64,204.43,12.180000000000007,2.8332941559133564,2067500,False,False
HOKI.JK,56.0,55.666666666666664,55.8,55.8,55.3,54.1,58.27,1.8999999999999986,2.442929103919824,14132400,True,False
HMSP.JK,730.0,735.0,737.0,740.5,746.0,712.5,692.40009765625,6.7,0.902674033788373,14062300,False,False
HILL.JK,16.0,16.0,16.0,16.0,16.0,16.0,17.15,0.0,0.0,0,True,False
HGII.JK,141.0,141.0,139.6,132.2,127.4,124.28,129.1142498779297,16.72,2.7776400359850113,1931100,False,False
HEXA.JK,4490.0,4490.0,4452.0,4396.0,4423.5,4429.2,4431.1,9.4,0.9498248360514447,468600,False,False
HERO.JK,336.0,335.3333333333333,333.6,334.6,337.0,330.08,364.89,3.460000000000008,1.3370976953745084,483200,True,False
HELI.JK,194.0,194.0,195.4,195.9,194.85,187.54,186.8,8.360000000000014,1.824227414126893,703900,False,False
HEAL.JK,685.0,680.0,671.0,669.5,713.75,797.6,907.0335144042969,25.620000000000005,4.1422084561484125,24382900,False,False
HDIT.JK,50.0,50.0,50.0,50.0,50.4,50.38,53.94,0.3999999999999986,0.6200544431702728,303762600,True,False
HDFA.JK,101.0,101.33333333333333,101.4,100.1,99.75,93.26,96.79,8.14,1.5103338590467212,228400,False,False
HBAT.JK,278.0,271.3333333333333,273.2,249.8,235.3,262.64,340.41,21.349999999999994,6.767918658329084,1127600,False,False
HATM.JK,605.0,590.0,580.0,592.5,584.25,495.82,404.07667053222656,21.836000000000002,4.831381897386338,54309100,False,False
HALO.JK,69.0,70.33333333333333,69.6,68.4,69.3,66.36,69.49,3.973333333333329,1.9297637364868523,6695400,True,False
HAJJ.JK,110.0,111.0,111.6,112.6,109.9,106.02,114.6,6.579999999999998,2.5965084564048677,4680000,False,False
HAIS.JK,185.0,184.66666666666666,184.0,183.0,182.65,180.24,181.96,4.759999999999991,0.9875494717497987,1010300,True,True
HADE.JK,17.0,16.666666666666668,16.6,16.8,17.6,17.42,17.52,1.0,4.861214092389717,5385800,False,False
GZCO.JK,206.0,192.0,187.2,182.3,177.6,159.58,171.65,23.209999999999994,5.149418360925038,418315000,False,False
GWSA.JK,170.0,170.0,171.4,164.7,151.3,132.9,135.7,38.5,2.8405463167181613,8669100,False,False
GUNA.JK,216.0,217.33333333333334,217.6,217.4,211.2,192.92,190.8362030029297,12.340000000000003,1.490392149198863,87400,False,False
GULA.JK,800.0,770.0,769.0,759.0,758.0,715.1,578.56,16.979999999999997,2.8288959557385605,49240800,False,False
GTSI.JK,175.0,173.66666666666666,172.6,176.2,179.55,154.04031021118163,172.60341163635255,25.509689788818378,3.614630406981345,62936400,False,False
GTRA.JK,278.0,257.3333333333333,243.6,235.0,237.7,220.06,222.29,28.97,7.965412246070853,12655700,False,False
GTBO.JK,170.0,170.0,170.0,170.0,170.0,170.2,186.55,0.19999999999998863,0.0,0,True,False
GSMF.JK,98.0,98.0,98.0,95.8,91.6,86.88,95.57,11.120000000000005,4.132314387630073,4988000,False,False
GRPM.JK,189.0,192.66666666666666,189.0,181.9,200.9,229.96,256.94,48.06,3.6188698270151023,5387000,False,False
GRPH.JK,96.0,97.0,95.0,84.5,73.8,64.5,63.0,32.5,9.62036109067617,28120900,False,False
GRIA.JK,170.0,170.66666666666666,176.6,180.8,163.3,133.44,124.58,47.360000000000014,12.207784246895503,7557200,False,False
GPSO.JK,306.0,302.6666666666667,300.0,297.2,292.6,312.12,358.96,9.759999999999991,3.1809262665505837,37942800,False,False
GPRA.JK,113.0,112.33333333333333,111.4,110.7,109.2,104.0058822631836,105.81019439697266,8.994117736816406,1.686074037358294,162706600,False,False
GOTO.JK,50.0,50.0,50.0,50.0,50.0,50.0,50.51,0.0,0.0,6195700,True,False
GOOD.JK,320.0,319.3333333333333,315.6,310.8,306.6,304.32,319.13093841552734,7.840000000000003,1.0942292211394502,233200,False,False
GOLF.JK,162.0,161.66666666666666,161.8,161.6,162.85,164.14,171.51457107543945,2.539999999999992,1.1701994318463262,2052500,True,False
GOLD.JK,272.0,272.0,274.4,275.6,272.5,262.08,268.1,6.760000000000019,3.0219897112720124,135900,False,False
GMTD.JK,1480.0,1448.3333333333333,1433.0,1373.0,1328.25,1312.6,1465.8869873046874,33.48000000000002,5.1837806446645,85000,False,False
GMFI.JK,60.0,59.333333333333336,59.0,58.9,59.1,55.4,56.51,4.600000000000001,2.213218711357265,56490400,True,True
GLVA.JK,320.0,319.3333333333333,316.0,313.0,311.3,303.24,314.07146697998047,8.379999999999995,1.4919873484843593,45400,False,False
GJTL.JK,1380.0,1393.3333333333333,1406.0,1387.5,1348.0,1226.8,1167.9500146484374,35.84000000000001,1.8677286138967422,10398400,False,False
GIAA.JK,66.0,65.66666666666667,65.6,67.9,66.95,58.68,60.86,9.220000000000006,3.682112144559996,48021900,False,False
GHON.JK,1635.0,1635.0,1631.0,1624.0,1614.5,1609.4,1711.65,5.1199999999999815,0.5478353813336092,8200,True,False
GGRP.JK,320.0,314.0,309.2,305.4,303.8,296.96,288.7225769042969,11.52000000000001,1.1839178670923676,2505100,False,False
GGRM.JK,20100.0,20408.333333333332,20080.0,20127.5,20320.0,18238.925,16546.325,86.77633333333331,2.866952383373604,717600,False,False
GEMS.JK,7125.0,7091.666666666667,7010.0,6855.0,6712.5,6482.5,7011.75,25.7,0.9129138211965522,179200,False,False
GEMA.JK,90.0,89.0,86.4,84.3,82.55,80.48,82.32023704528808,9.519999999999996,4.625770078595982,24624400,False,False
GDYR.JK,1100.0,1115.0,1117.0,1112.0,1105.5,1095.9,1097.7,4.219999999999982,0.9395735149644369,3700,True,False
GDST.JK,112.0,112.33333333333333,112.0,112.4,114.95,98.84,96.34,16.11,1.5152701312316093,2550100,False,False
FWCT.JK,91.0,90.66666666666667,90.2,91.6,92.2,87.06,87.24,5.140000000000001,3.0707248173442037,12854300,True,True
FUTR.JK,344.0,355.3333333333333,350.8,338.2,336.5,270.44,238.17,42.44666666666666,7.47825291683969,100095000,False,False
FUJI.JK,248.0,274.0,297.6,310.6,258.8,228.38,272.21,41.110000000000014,13.555043581196788,9468900,False,False
FPNI.JK,620.0,620.0,621.0,593.0,510.1,404.44,409.64,43.312,10.11071017929017,14342700,False,False
FORU.JK,2580.0,2566.6666666666665,2336.0,2266.5,2290.25,2730.5,2264.3,46.4,9.24812386928994,623900,False,False
FORE.JK,815.0,821.6666666666666,829.0,820.0,807.5,701.6,778.05,25.479999999999997,2.5428946638770196,3872200,False,False
FOOD.JK,176.0,176.0,176.0,176.0,176.0,175.94,177.33,0.060000000000002274,0.0,0,True,False
FOLK.JK,163.0,165.0,169.2,176.5,189.5,198.34,239.45,35.34,6.132602279137038,6583100,False,False
FMII.JK,254.0,254.0,254.4,253.6,252.2,251.2,246.18,1.6000000000000085,2.7226420232613746,14400,True,False
FLMC.JK,103.0,94.33333333333333,88.6,83.7,79.35,69.4,108.45,33.599999999999994,5.337798830413662,10441100,False,False
FITT.JK,450.0,410.0,398.4,393.2,376.3,372.8,386.26,38.599999999999994,5.278078380226595,12942100,False,False
FISH.JK,615.0,616.6666666666666,616.0,609.0,605.5,610.6,664.3469158935546,2.233333333333326,1.1118747477163915,19900,True,False
FIRE.JK,119.0,118.0,115.6,113.0,110.7,107.2,117.0,11.799999999999997,5.235492983672604,21716400,False,False
FILM.JK,800.0,813.3333333333334,817.0,805.0,892.25,1227.1,1754.65,85.41999999999999,5.964394178896555,30120500,False,False
FAST.JK,472.0,471.3333333333333,472.0,469.4,437.6,336.88,306.04,67.56,6.189600059412033,20832500,False,False
FAPA.JK,7475.0,7466.666666666667,7460.0,7457.5,7411.25,7371.5094921875,7203.050424804687,4.139620312500011,0.3189139609852125,900,True,False
EXCL.JK,2710.0,2766.6666666666665,2768.0,2777.0,2685.0,2567.2,2738.3,20.980000000000018,2.1487290661944773,4987800,False,False
EURO.JK,1325.0,1338.3333333333333,1366.0,1470.5,1638.0,1739.4,2029.2841394042969,82.88000000000002,2.2486587679648484,15940400,False,False
ESTI.JK,161.0,160.0,159.8,160.3,166.15,144.72,146.30760208129882,21.430000000000007,2.689965548929908,1479900,False,False
ESTA.JK,173.0,172.33333333333334,171.6,171.8,175.35,179.24,188.79,7.640000000000015,1.4617388812598997,3619000,False,False
ESSA.JK,715.0,686.6666666666666,658.0,639.0,647.5,611.5309692382813,649.4971069335937,20.693806152343747,3.5881188440131724,195900500,False,False
ESIP.JK,121.0,120.66666666666667,120.6,122.3,124.45,128.03543334960938,129.39929153442384,7.435433349609383,2.535705313360861,9456900,False,False
ERTX.JK,185.0,185.0,184.0,183.3,187.5,166.36,172.95,21.139999999999986,1.185748192568494,299700,False,False
ERAL.JK,314.0,306.6666666666667,305.6,303.0,304.2,290.9431579589844,287.9147384643555,11.528421020507807,2.9981425918616567,21443100,False,False
ERAA.JK,520.0,504.0,499.2,485.0,471.7,406.43737548828125,382.1225637817383,22.712524902343752,2.4783917418872323,203996500,False,False
EPMT.JK,2400.0,2390.0,2388.0,2391.0,2367.0,2339.2,2336.2,6.080000000000018,1.9914683728793212,344700,False,False
EPAC.JK,56.0,57.0,56.0,56.4,58.1,64.28,66.33,8.280000000000001,4.764974413072576,21891700,False,False
ENZO.JK,76.0,75.0,73.6,73.1,75.55,69.74,72.16,6.260000000000005,6.9437350622673435,38847200,False,False
ENRG.JK,1355.0,1335.0,1301.0,1291.0,1241.3708404541017,1251.9483361816406,1410.2241680908203,22.725831909179668,2.5226469104233016,101912100,False,False
ENAK.JK,238.0,236.66666666666666,236.0,238.2,239.3,259.24,286.94,11.620000000000005,0.9767199025956897,649100,False,False
EMTK.JK,520.0,523.3333333333334,519.0,523.5,520.5,519.58,618.8692004394532,0.9,3.0764949772280876,50870200,True,False
EMDE.JK,78.0,78.0,76.8,76.4,77.15,72.34,71.54,5.659999999999997,2.3079463046884805,9646600,True,True
EMAS.JK,8500.0,8966.666666666666,9065.0,8667.5,8093.75,6842.0,7393.25,88.92,4.990218060432076,29608800,False,False
ELTY.JK,38.0,39.0,38.4,38.3,38.4,30.58,33.13,8.420000000000002,4.896936117333562,86175700,False,False
ELSA.JK,715.0,721.6666666666666,710.0,710.0,702.25,653.1,643.6135479736328,13.71333333333332,2.844815858073609,34892800,False,False
ELPI.JK,670.0,665.0,668.0,670.5,691.0,869.9819921875,1229.4324548339844,40.99639843750001,2.702699045431888,917700,False,False
ELIT.JK,260.0,268.0,264.0,236.0,204.65,185.08,189.66,41.459999999999994,12.576850300513746,22703500,False,False
EKAD.JK,414.0,412.0,415.2,380.4,301.3,221.86,193.63833221435547,96.66999999999999,8.282254063043553,7657900,False,False
ECII.JK,161.0,159.33333333333334,158.4,157.3,157.8,147.04,153.79,13.960000000000008,1.3068623797287326,1297500,False,False
EAST.JK,90.0,90.33333333333333,90.2,90.3,90.49565277099609,88.5352180480957,87.65987342834472,1.9604347229003878,0.9673099137639376,1147300,True,True
DYAN.JK,89.0,89.33333333333333,88.8,88.9,87.3,82.38,81.58,6.953333333333333,2.4727242173736017,4746500,False,False
DWGL.JK,242.0,244.66666666666666,264.4,281.8,330.7,279.64,272.58,44.349999999999994,6.899277938560042,7464800,False,False
DVLA.JK,1600.0,1593.3333333333333,1588.0,1584.0,1582.75,1563.9240747070312,1541.8467883300782,7.215185058593761,0.45241966417920215,85900,False,False
DUTI.JK,4800.0,4806.666666666667,4810.0,4800.0,4567.5,4326.6554296875,4021.5955200195312,48.33445703124998,1.4509540126850498,400,False,False
DSSA.JK,1165.0,1136.6666666666667,1139.0,1094.0,1024.25,905.3,1163.88,51.94000000000001,3.154965738147477,314090800,False,False
DSNG.JK,1700.0,1670.0,1625.0,1527.5,1432.5,1299.1,1349.6675964355468,80.18000000000002,2.829148825412691,6501500,False,False
DSFI.JK,88.0,88.0,88.2,86.9,84.5,78.22,82.48,9.980000000000004,2.024926909741642,1319100,False,False
DRMA.JK,1000.0,1015.0,1012.0,1010.5,991.5,942.1,954.28,14.579999999999995,1.1274898823153576,1102200,False,False
DPUM.JK,97.0,95.66666666666667,94.6,94.9,96.45,97.18,124.83,2.5800000000000125,2.333240694738508,14765400,True,False
DOSS.JK,170.0,170.33333333333334,170.8,169.0,170.35,150.08302185058594,145.46798698425292,20.716978149414075,1.4585423517353004,822900,False,False
DOOH.JK,326.0,326.0,326.0,326.0,302.2,212.82,180.38,56.59,0.0,0,False,False
DOID.JK,240.0,240.0,236.8,230.0,221.7,213.02,221.26,13.489999999999995,3.9930800389525576,2992700,False,False
DNET.JK,9950.0,9950.0,9920.0,9965.0,9873.75,9860.5,9766.5,4.18,2.603583576448858,5800,True,False
DNAR.JK,134.0,132.33333333333334,130.6,128.3,126.45,119.6,124.36,14.400000000000006,1.7622252307610529,7305800,False,False
DMND.JK,625.0,625.0,625.0,619.0,622.75,617.1511999511719,616.6339984130859,1.5697600097656277,1.823633583187113,12200,True,False
DMMX.JK,190.0,189.33333333333334,193.0,188.4,188.55,175.36129425048827,182.6648843383789,17.63870574951173,4.46194495903517,746300,False,False
DMAS.JK,202.0,202.66666666666666,197.2,182.9,165.95,149.4712582397461,140.37341056823732,26.597704213460275,5.270070543164112,418142500,False,False
DLTA.JK,1790.0,1791.6666666666667,1789.0,1787.5,1785.5,1767.6199951171875,1767.982159423828,4.809334309895848,0.5666181965256943,106600,True,False
DKHH.JK,67.0,66.66666666666667,65.6,65.0,64.5,62.64,65.37,4.359999999999999,2.1743008735386304,11360900,True,True
DKFT.JK,675.0,671.6666666666666,670.0,667.0,669.5,655.3,692.25,3.9400000000000093,1.5173124003191527,2974200,True,False
DIVA.JK,138.0,138.0,138.0,136.9,137.05,123.38,133.4,14.620000000000005,2.8855235450519543,1170700,False,False
DILD.JK,124.0,124.0,122.4,120.1,118.2,115.6,119.24,8.400000000000006,1.7877620385663977,17661700,False,False
DIGI.JK,29.0,29.0,29.0,29.0,29.0,28.96,31.68,0.03999999999999915,0.0,0,True,False
DGWG.JK,344.0,350.0,350.0,343.2,330.1,303.28,322.5603305053711,23.360000000000014,3.070736517508226,6360700,False,False
DGNS.JK,244.0,243.33333333333334,240.8,233.0,233.3,231.48,242.64,6.260000000000005,1.934087918166745,6040500,False,False
DGIK.JK,144.0,143.33333333333334,140.4,137.3,132.65,129.26,130.28,14.740000000000009,2.9475069723486356,7220400,False,False
DFAM.JK,82.0,83.0,82.2,81.4,81.1,81.62,94.75,1.9000000000000057,2.142670534756905,4105300,True,False
DEWI.JK,157.0,153.66666666666666,152.8,150.0,140.8,127.84,125.56,29.159999999999997,3.1746575895615323,72877200,False,False
DEWA.JK,452.0,451.3333333333333,448.4,446.8,454.3,403.4667095947266,414.68791976928713,25.416645202636715,3.9994210437981508,337835600,False,False
DEPO.JK,250.0,250.0,250.0,251.2,247.1,245.6226483154297,251.2789370727539,2.7886758422851443,1.4279536651865277,78200,True,False
DEFI.JK,106.0,106.0,105.6,105.8,106.85,106.6,125.8,1.25,3.0068828313063913,6401200,True,False
DCII.JK,200050.0,197450.0,199860.0,201945.0,202058.75,195499.5,195394.0,262.37,1.970729735981644,1700,False,False
DAYA.JK,1120.0,1125.0,1126.0,1084.5,1040.25,1010.8,1030.35,23.04000000000001,2.4094214379387613,20400,False,False
DATA.JK,1800.0,1808.3333333333333,1826.0,1860.5,1897.5,2003.1,1952.3,40.61999999999998,1.7268807105545503,1300300,False,False
DART.JK,163.0,163.33333333333334,163.6,164.5,160.55,138.0,139.1,26.5,1.4554460707017711,2939800,False,False
DADA.JK,50.0,50.0,50.0,50.0,50.0,50.0,50.0,0.0,0.0,24000,True,False
DAAZ.JK,1670.0,1678.3333333333333,1684.0,1702.0,1681.75,1608.0,1807.111102294922,18.8,2.396677101009985,455400,False,False
CYBR.JK,540.0,540.0,537.0,543.5,557.5,576.0,602.35,7.8,1.6522681408323752,27481900,False,False
CUAN.JK,905.0,875.0,850.0,832.0,796.25,703.5,838.86,40.3,4.8000247446720445,676988300,False,False
CTTH.JK,130.0,128.0,127.2,128.3,129.65,125.28,137.51,4.719999999999999,3.881066963791079,6879700,False,False
CTRA.JK,625.0,635.0,631.0,625.0,617.0,577.5263140869141,599.2794635009766,11.494737182617177,1.712058295207101,6798300,False,False
CTBN.JK,3110.0,3113.3333333333335,3132.0,3295.0,3654.5,4476.4,4925.159638671875,136.63999999999996,4.374248298388823,31000,False,False
CSRA.JK,770.0,768.3333333333334,769.0,767.5,755.75,761.3,808.35,2.85,1.446452322803118,1460400,True,False
CSMI.JK,183.0,183.0,177.6,164.1,134.2,97.96,95.14,85.04,12.286490433539859,0,False,False
CSIS.JK,218.0,220.66666666666666,220.8,221.8,212.45,183.21000061035156,171.690601272583,19.294999694824227,3.8699832339561056,1620400,False,False
CSAP.JK,294.0,294.0,292.4,291.4,290.9,286.0319982910156,281.57806701660155,3.9840008544921943,2.1409830807682035,278500,True,False
CRSN.JK,140.0,138.0,134.4,129.5,123.55,110.22,108.95064056396484,29.78,3.509322383643182,1832500,False,False
CRAB.JK,224.0,213.33333333333334,211.2,209.6,208.8,208.52,209.58,7.739999999999995,2.4325212770525977,4318100,False,False
CPRO.JK,50.0,50.0,50.0,50.0,50.6,50.36,52.29,0.6000000000000014,0.6200544431702709,1959500,True,False
CPIN.JK,3030.0,3023.3333333333335,3030.0,3015.0,3059.5,3117.2,3495.1409301757812,10.219999999999981,1.8059748513840852,34688200,False,False
COIN.JK,825.0,820.0,813.0,810.5,753.5,711.8,865.9,22.640000000000008,8.845816330407095,32390500,False,False
COCO.JK,120.0,118.33333333333333,111.0,105.9,104.95,124.79169082641602,211.545845413208,19.841690826416013,7.894163631751461,1374180400,False,False
COAL.JK,31.0,31.0,31.0,31.0,29.5,24.94,38.12,6.059999999999999,0.0,0,False,False
CNMA.JK,92.0,92.66666666666667,92.8,92.4,93.95,91.12,94.40297805786133,2.8299999999999983,1.5366603739878568,41926100,True,False
CNKO.JK,37.0,37.0,37.0,37.0,37.0,36.94,42.53,0.060000000000002274,0.0,0,True,False
CMRY.JK,4700.0,4786.666666666667,4744.0,4701.0,4678.5,4607.6,4559.09140625,17.90666666666666,1.7214113176461834,5545200,False,False
CMPP.JK,69.0,69.0,69.0,69.0,69.0,69.12,72.85,0.12000000000000455,0.0,0,True,False
CMNT.JK,745.0,750.0,747.0,759.5,776.5,784.6,791.3,7.920000000000004,1.5283068990152973,24701300,False,False
CMNP.JK,1415.0,1406.6666666666667,1397.0,1383.5,1377.0,1355.6,1408.9,11.880000000000019,0.9109663370174232,18000,False,False
CLPI.JK,1610.0,1606.6666666666667,1602.0,1599.5,1599.5,1544.7892260742187,1494.2137084960937,13.042154785156253,0.4379149058910132,122100,False,False
CLEO.JK,404.0,406.6666666666667,405.6,401.8,391.8,383.9745635986328,385.682412109375,11.346051534016937,2.2393043178260226,8388100,False,False
CLAY.JK,2680.0,2716.6666666666665,2716.0,2734.0,2742.5,2621.2,2711.7,12.130000000000019,1.9447691494692307,12500,False,False
CITY.JK,178.0,176.66666666666666,176.4,176.4,176.0,170.08,176.63,7.9199999999999875,1.1323304225519186,369400,False,False
CITA.JK,3350.0,3310.0,3284.0,3252.0,3244.0,3179.4,3265.4595922851563,17.05999999999999,0.7122436543562132,172700,False,False
CINT.JK,184.0,184.0,182.2,180.9,178.85,171.94,181.23,12.060000000000002,0.8387250151534659,526500,False,False
CHIP.JK,825.0,826.6666666666666,833.0,854.5,879.0,910.1869189453125,955.2314447021485,17.037383789062506,1.2652341263757205,82700,False,False
CHEM.JK,70.0,70.0,70.4,69.9,68.8,64.96,72.11450553894043,5.440000000000012,2.977559251276725,3095300,True,False
CHEK.JK,135.0,134.66666666666666,133.6,134.6,133.95,129.84,130.54,5.159999999999997,1.2399064916282387,162700,True,False
CGAS.JK,151.0,150.33333333333334,150.0,150.3,151.3,149.65722229003907,156.0966653442383,1.6427777099609386,0.9892862011625148,3593800,True,False
CFIN.JK,360.0,357.3333333333333,355.6,355.6,352.9,340.1305822753906,317.92561279296876,9.934708862304689,1.1407499315812664,2073200,False,False
CENT.JK,101.0,103.0,104.6,98.7,90.65,82.24,86.26,22.36,8.883086573780856,10968500,False,False
CEKA.JK,2180.0,2183.3333333333335,2182.0,2190.0,2199.0,2175.6,2177.9484375,2.340000000000009,0.743881724202176,112400,True,False
CDIA.JK,690.0,683.3333333333334,682.0,684.5,689.0,660.6,787.8746185302734,5.8799999999999955,3.4779851172911087,35761600,True,False
CCSI.JK,290.0,284.6666666666667,272.8,263.4,259.3,252.84,254.88,18.58,3.9995228491064148,1834200,False,False
CBUT.JK,945.0,935.0,950.0,863.0,834.75,800.3,766.01,29.94000000000001,8.459763725339947,311500,False,False
CBRE.JK,710.0,710.0,704.0,696.5,689.5,689.7,763.8,4.1,2.5009980421996154,101245100,True,False
CBPE.JK,474.0,482.0,495.2,509.6,513.4,378.736787109375,338.28291564941406,67.3316064453125,1.676859942822189,213500,False,False
CBDK.JK,3820.0,3810.0,3810.0,3835.0,3798.5,3624.2,3943.906943359375,21.08000000000002,1.8508085954925104,1247300,False,False
CASS.JK,1860.0,1861.6666666666667,1862.0,1859.5,1878.5,1859.7,1827.65,3.8,0.9693215400165427,7300,True,False
CASH.JK,234.0,240.66666666666666,242.4,234.6,226.0,208.48,207.17,16.960000000000008,3.7721057985053354,1214600,False,False
CASA.JK,1805.0,1803.3333333333333,1805.0,1818.0,1817.75,1832.8,1618.65,5.89333333333334,3.1195162708282353,11100,True,False
CARS.JK,112.0,110.66666666666667,108.2,103.8,97.85,90.86,91.58,21.14,3.5564565733023565,25731800,False,False
CARE.JK,454.0,450.0,447.6,442.0,434.0,426.76,418.72,13.620000000000005,0.575834942915651,157100,False,False
CANI.JK,135.0,135.0,135.0,135.0,135.0,134.64,140.79,0.36000000000001364,0.0,0,True,False
CAMP.JK,172.0,171.0,170.8,170.3,170.6,170.36,181.2,1.6999999999999886,0.6825745667663106,1900900,True,False
CAKK.JK,159.0,158.33333333333334,156.2,150.5,145.7,139.92,147.34,19.080000000000013,1.69412325902886,438700,False,False
BYAN.JK,13700.0,13941.666666666666,14280.0,14925.0,13867.5,12604.0,11687.90806640625,92.84,3.4210894046738503,1473200,False,False
BWPT.JK,132.0,116.33333333333333,111.6,107.6,99.45,86.18,96.21,45.81999999999999,10.237638413448899,3603237000,False,False
BVIC.JK,96.0,95.66666666666667,94.2,93.5,93.1,88.74,93.96,7.260000000000005,1.5463195813142068,12630600,False,False
BUVA.JK,770.0,763.3333333333334,750.0,742.5,748.25,805.5,880.4,12.6,3.813603277638468,118170800,False,False
BUMI.JK,206.0,201.33333333333334,197.6,193.4,187.0,166.1,182.51,19.950000000000003,3.825793448938423,2014477200,False,False
BULL.JK,460.0,450.6666666666667,444.0,446.2,443.2,397.72,416.01,31.139999999999986,4.346448805294061,546037500,False,False
BUKK.JK,980.0,988.3333333333334,988.0,1000.5,1006.5,1052.7,1073.35,14.54000000000001,1.3773983733979587,90400,False,False
BUKA.JK,112.0,110.0,108.6,110.8,113.95,108.96,122.83,5.3500000000000085,3.3275208306964643,61961200,True,False
BUDI.JK,230.0,234.66666666666666,234.8,228.4,223.2,212.8,210.78,11.0,2.7167244337175784,749600,False,False
BUAH.JK,505.0,505.0,505.0,507.5,509.25,509.5,509.74677490234376,0.9,0.9775963319357827,237400,True,False
BTPS.JK,990.0,986.6666666666666,984.0,984.5,986.25,992.8,989.9627368164063,1.759999999999991,0.5603517956268846,3284300,True,True
BTPN.JK,2320.0,2276.6666666666665,2262.0,2221.0,2190.5,2183.0,2162.9183850097656,13.7,1.4359772530777315,57100,False,False
BTON.JK,364.0,364.0,362.4,363.0,364.1,356.96,365.04,3.5700000000000216,0.9446892698038181,23200,True,False
BTEK.JK,10.0,9.666666666666666,10.0,10.2,10.45,10.52,11.48,0.8533333333333335,9.249128219410748,86401600,False,False
BSSR.JK,4690.0,4716.666666666667,4644.0,4553.0,4447.5,4275.046772460937,3934.934375,44.16198942057299,1.483525356218521,1141200,False,False
BSML.JK,515.0,515.0,516.0,516.5,517.5,513.2,461.36,0.8599999999999909,1.233914991786519,11795400,True,True
BSIM.JK,1230.0,1070.0,928.0,815.0,757.0,721.7,771.8,101.66,10.77545687560219,6214200,False,False
BSDE.JK,655.0,651.6666666666666,648.0,643.0,618.0,586.7,646.2,13.659999999999991,2.51316040854136,21496000,False,False
BSBK.JK,50.0,50.0,50.0,50.6,51.95,51.86,54.09,1.9500000000000028,0.9844333928876492,5781400,True,False
BRRC.JK,75.0,74.66666666666667,75.8,75.7,68.75,62.18,65.72,13.619999999999997,10.891438855229191,10843200,False,False
BRPT.JK,1820.0,1811.6666666666667,1821.0,1834.0,1854.0,1728.308251953125,1818.4055725097655,25.13834960937502,2.967225027064741,74425000,False,False
BRNA.JK,610.0,601.6666666666666,599.0,612.0,632.75,606.0,623.45,6.75,2.006837170524793,520300,False,False
BRMS.JK,720.0,733.3333333333334,743.0,717.0,666.25,592.16,652.35,30.168000000000006,4.332434977497182,179974700,False,False
BRIS.JK,1800.0,1788.3333333333333,1787.0,1785.5,1789.0,1783.8,1827.229913330078,3.240000000000009,1.0719712956481537,21079400,True,False
BREN.JK,3350.0,3363.3333333333335,3370.0,3392.0,3432.0,3410.3138232421875,3823.685244140625,8.2,1.9787963321696416,25260600,False,False
BRAM.JK,4570.0,4620.0,4612.0,4592.0,4578.5,4523.0,4440.814968261719,9.7,1.7277952545754358,700,False,False
BPTR.JK,74.0,75.0,75.6,76.2,76.0,72.62,76.01,3.5799999999999983,1.2481645208463354,2767300,True,False
BPII.JK,490.0,489.3333333333333,491.2,495.9501220703125,471.7112091064453,449.2233874511719,456.03411468505857,23.363367309570293,1.594351823127626,15700,False,False
BPFI.JK,246.0,244.0,242.4,246.0,252.9,250.97922088623048,254.63115188598633,5.25,2.1659862343166396,267800,True,False
BOLT.JK,800.0,798.3333333333334,797.0,795.5,797.25,789.2,811.7282830810547,2.159999999999991,1.7310393493815575,12100,True,False
BOLA.JK,160.0,154.66666666666666,151.6,150.3,151.9,155.16,157.87,9.699999999999989,1.726958414312722,10486800,False,False
BOGA.JK,1720.0,1645.0,1631.0,1596.5,1624.25,1567.3,1447.3,30.54000000000001,3.053911059404316,26100,False,False
BOBA.JK,216.0,214.66666666666666,212.8,210.8,212.0,238.96,250.36699127197267,14.079999999999998,1.612426347328363,452200,False,False
BOAT.JK,143.0,146.33333333333334,146.6,144.0,140.25,125.3,126.96,21.299999999999997,1.9013302801850738,3496900,False,False
BNLI.JK,2180.0,2166.6666666666665,2164.0,2162.0,2163.0,2283.6,2713.476845703125,12.159999999999991,0.699045625936902,82600,False,False
BNII.JK,196.0,195.0,194.2,193.3,193.6,190.68,193.32095581054688,5.319999999999993,0.5359662170819394,484900,True,False
BNGA.JK,1705.0,1693.3333333333333,1691.0,1680.5,1666.0,1624.0,1632.7329626464843,16.2,0.7160777402379281,2261300,False,False
BNBR.JK,101.0,100.0,99.8,100.3,101.1,96.33744659423829,123.09768531799317,4.762553405761707,3.55628251950511,769799000,True,False
BNBA.JK,775.0,780.0,755.0,740.5,737.75,739.5,736.3,8.45,3.3353104430919593,458000,False,False
BMTR.JK,115.0,114.0,114.2,114.8,114.95,115.24,129.83,1.2399999999999949,1.7187932551973457,76635900,True,False
BMSR.JK,314.0,312.0,311.6,311.6,308.2,303.96,308.48,5.02000000000001,1.4472597822829176,16800,True,False
BMRI.JK,4360.0,4303.333333333333,4274.0,4224.0,4202.0,4159.0,4172.240458984375,20.1,1.0301123463924018,140357100,False,False
BMHS.JK,193.0,193.0,192.8,191.0,190.4,183.38,182.9488540649414,9.620000000000005,0.5621604345932354,239700,False,False
BMBL.JK,27.0,27.0,27.4,27.4,29.75,30.98,32.82,3.9800000000000004,5.688323354245586,4601200,False,False
BMAS.JK,505.0,510.0,507.6,507.7,499.35,487.66,490.7,4.467999999999995,2.944248583024422,131500,True,False
BLUE.JK,2790.0,2756.6666666666665,2756.0,2687.0,2554.5,2747.8,2983.035588378906,23.55,5.181282784671098,287700,False,False
BLTA.JK,33.0,33.333333333333336,33.0,32.7,32.85,32.82,35.77,0.6333333333333329,3.225963166412968,4473700,True,False
BLOG.JK,378.0,381.3333333333333,382.0,381.8,379.3,362.4,357.6456900024414,9.800000000000011,0.809703746244554,380400,False,False
BLES.JK,197.0,201.66666666666666,203.8,206.7,206.4,174.18,161.75541870117186,32.51999999999998,3.516491273108615,11272200,False,False
BKSW.JK,56.0,53.666666666666664,52.6,52.4,52.25,52.02,53.96,3.979999999999997,2.3750824229259084,24284600,True,True
BKSL.JK,76.0,75.33333333333333,74.8,75.6,74.65,68.56,79.83,7.439999999999998,2.846927235064713,120139900,False,False
BKDP.JK,144.0,144.33333333333334,151.0,160.0,164.5,146.54,124.49,20.5,5.527656338379626,2502800,False,False
BJTM.JK,525.0,526.6666666666666,524.0,521.5,518.75,516.1,518.9764099121094,2.1133333333333213,0.6043615381901666,3094100,True,True
BJBR.JK,795.0,793.3333333333334,792.0,790.5,789.75,780.0,775.48013671875,3.0,0.62833347928999,3346300,True,True
BISI.JK,720.0,721.6666666666666,721.0,705.0,696.0,665.7,696.8769512939454,11.193333333333317,1.551604183581674,240400,False,False
BIRD.JK,1620.0,1626.6666666666667,1627.0,1634.5,1629.25,1592.359404296875,1508.8476062011719,8.428119140624995,0.5017047731474148,814600,False,False
BIPP.JK,66.0,66.33333333333333,66.8,67.5,67.8,64.06,67.25,3.739999999999995,6.2716284435295835,5663200,False,False
BIPI.JK,149.0,149.33333333333334,149.2,148.5,150.25,142.2,176.12,8.050000000000011,4.4985665325436415,301925600,False,False
BINO.JK,118.0,117.0,116.2,115.4,114.2,105.84,108.76,12.159999999999997,1.4996831905538686,4972900,False,False
BINA.JK,4260.0,4266.666666666667,4210.0,4199.0,4126.0,4035.6,4017.8,23.106666666666705,3.54492642288059,121100,False,False
BIKE.JK,710.0,788.3333333333334,821.0,675.3,592.65,543.06,532.58,55.58800000000001,14.662198215521869,2543000,False,False
BHIT.JK,25.0,25.666666666666668,25.4,25.3,25.7,25.92,28.41,0.9200000000000017,3.4737573200949154,7334000,True,False
BHAT.JK,1770.0,1770.0,1770.0,1770.0,1770.0,1770.6,1511.6,0.11999999999998182,0.0,0,True,False
BGTG.JK,125.0,121.33333333333333,118.8,114.4,112.65,110.9,113.45,14.099999999999994,2.920578212245959,75153500,False,False
BFIN.JK,950.0,953.3333333333334,932.0,908.0,910.25,834.0,773.9684436035157,23.866666666666674,2.995751223027946,14857900,False,False
BEST.JK,133.0,135.66666666666666,131.2,126.9,118.95,107.54,106.04,28.12666666666665,5.433785239927907,58477700,False,False
BESS.JK,890.0,901.6666666666666,903.0,908.5,905.0,910.1554223632812,986.8317559814453,4.031084472656244,2.0732098164999258,23500,True,False
BELL.JK,113.0,114.0,114.0,114.6,115.25,110.94,120.0,4.310000000000002,1.324102248386418,10860700,True,False
BELI.JK,406.0,331.3333333333333,303.2,282.8,270.7,267.08,309.74,69.46000000000001,10.45433022472349,13679100,False,False
BEKS.JK,23.0,23.0,23.0,23.0,22.95,21.66,23.14,1.3399999999999999,3.192974232430542,5660700,True,False
BEER.JK,83.0,84.0,83.0,81.2,78.75,78.18,96.21,5.819999999999993,5.179094819059477,13269600,False,False
BEEF.JK,450.0,446.0,450.0,463.4,445.0,335.2,262.68,64.1,2.196042289335632,5873400,False,False
BDMN.JK,4330.0,4333.333333333333,4318.0,4296.0,4290.0,4142.2,4058.5781005859376,19.113333333333323,1.254579410298901,1860100,False,False
BDKR.JK,155.0,155.66666666666666,155.8,158.2,160.7,151.98699981689452,149.58009803771972,8.713000183105464,1.5160992094289596,6993900,False,False
BCIP.JK,63.0,62.333333333333336,62.6,63.2,63.1,61.38,64.67,1.8200000000000003,1.5612219908616292,6926000,True,False
BCIC.JK,136.0,138.0,135.4,132.4,130.3,126.86,123.74,11.14,2.5138060204204127,546900,False,False
BCAP.JK,50.0,50.0,50.0,50.0,50.0,50.04,50.69,0.03999999999999915,0.0,127700,True,False
BBYB.JK,278.0,266.0,260.0,255.4,256.5,241.36,261.94,18.319999999999993,2.713582115317321,228560900,False,False
BBTN.JK,1225.0,1235.0,1232.0,1220.5,1220.5,1199.4,1252.9,7.1199999999999815,1.0921348512400788,12071900,False,False
BBSS.JK,100.0,103.33333333333333,101.8,102.5,101.7,97.8,121.96,5.533333333333331,2.703413426455933,64943200,True,False
BBSI.JK,4680.0,4680.0,4682.0,4675.0,4669.0,4685.4,4635.2,1.6399999999999637,0.2565952716048259,1600,True,False
BBRM.JK,116.0,117.0,115.6,115.1,115.95,115.02,122.87,1.980000000000004,1.892956526647494,4332500,True,False
BBRI.JK,3390.0,3340.0,3272.0,3212.0,3149.5,2986.4,3022.8865747070313,40.35999999999999,1.793841986615459,213369000,False,False
BBNI.JK,3900.0,3876.6666666666665,3824.0,3736.0,3675.5,3527.6,3623.3,37.24000000000001,1.5164674897381831,22415500,False,False
BBMD.JK,2020.0,2006.6666666666667,1996.0,1985.0,1998.0,1969.1,1946.1601403808593,5.090000000000009,1.4957771571184582,1400,True,False
BBLD.JK,690.0,696.6666666666666,696.0,688.0,646.0,596.6,619.9763000488281,20.01333333333332,5.57405988174363,54900,False,False
BBKP.JK,55.0,55.0,54.6,54.8,54.95,53.32,55.99,1.6799999999999997,1.722569994176705,38061800,True,False
BBHI.JK,900.0,891.6666666666666,896.0,899.5,903.25,913.2010375976563,991.5510040283203,4.306874186197933,1.41439988761772,674600,True,False
BBCA.JK,6675.0,6583.333333333333,6515.05791015625,6435.212353515625,6391.554052734375,6247.3165625,6136.97873046875,17.107337499999993,0.9205514941866898,108537400,False,False
BAYU.JK,1335.0,1345.0,1338.0,1302.5,1241.75,1180.7,1186.590732421875,32.85999999999999,1.6767012537073733,73300,False,False
BAUT.JK,37.0,37.666666666666664,37.8,37.3,36.05,31.14,30.63,6.659999999999997,4.183276810675636,1332600,False,False
BATR.JK,94.0,93.66666666666667,93.8,94.9,94.5,90.4,89.09712661743164,4.5,2.0974507091319357,396500,True,False
BATA.JK,59.0,59.0,59.0,59.0,59.0,59.08,61.21,0.0799999999999983,0.0,0,True,False
BAPI.JK,18.0,18.333333333333332,18.2,18.4,18.65,17.38,20.44,1.2699999999999996,4.8104683209069545,6016100,False,False
BAPA.JK,157.0,158.0,158.8,151.4,153.05,216.54,220.09,65.13999999999999,7.217212046659335,12931200,False,False
BANK.JK,280.0,277.3333333333333,275.6,273.4,272.9,276.48,349.91,3.5500000000000114,1.887670651076075,73176900,True,False
BALI.JK,1455.0,1436.6666666666667,1362.0,1315.0,1265.5,1254.4,1254.7,40.11999999999998,4.28813493970319,19000,False,False
BAJA.JK,286.0,296.0,286.0,281.8,320.7,236.86,194.13,41.91999999999999,7.931773850353142,6985600,False,False
BAIK.JK,260.0,264.6666666666667,270.0,284.8,399.2,571.98,572.58,155.99,2.756913473962085,14560000,False,False
BACA.JK,123.0,120.33333333333333,119.4,118.0,117.5,111.96,119.73,11.040000000000006,1.5622176486208708,6027200,False,False
BABY.JK,214.0,214.0,214.0,214.8,211.5,192.54,199.99,11.13000000000001,2.90734146291406,1007200,False,False
BABP.JK,50.0,50.0,50.0,50.0,50.0,50.0,50.58,0.0,0.0,512200,True,False
AYLS.JK,158.0,153.0,151.8,152.5,155.75,151.54,156.66,6.460000000000008,1.8224222119445022,28305800,False,False
AYAM.JK,486.0,481.3333333333333,478.8,480.2,467.7,409.68,370.16,38.16,2.929244349722071,15113100,False,False
AXIO.JK,116.0,116.33333333333333,116.4,115.5,114.35,111.72,110.29376358032226,4.680000000000007,2.4874881710931573,309900,True,False
AWAN.JK,170.0,171.66666666666666,169.2,167.0,162.7,153.9,151.67,17.76666666666665,2.7254942923049863,549400,False,False
AVIA.JK,366.0,368.0,364.0,357.6,344.4,329.96,341.5735488891602,19.02000000000001,2.382114445407691,11313200,False,False
AUTO.JK,3390.0,3403.3333333333335,3388.0,3207.0,3014.0,2724.4,2626.3781811523436,67.89333333333335,2.089513595806961,3667200,False,False
ATLA.JK,50.0,50.0,50.0,50.0,50.0,50.04,50.45804664611816,0.03999999999999915,0.0,392800,True,False
ATIC.JK,466.0,466.0,466.4,467.0,465.0,471.0,491.59,3.0,1.0024376549670815,43100,True,False
ATAP.JK,540.0,555.0,553.0,574.0,583.5,535.06,492.17,9.688000000000011,4.087648701554904,2477100,False,False
ASSA.JK,635.0,638.3333333333334,635.0,634.0,632.5,614.4140625,659.3390625,4.783854166666674,1.6712765694287548,14193900,True,False
ASRM.JK,276.0,276.6666666666667,278.0,274.8,271.5,260.32,265.3366888427734,8.840000000000003,1.55925541731076,2000,False,False
ASRI.JK,126.0,126.33333333333333,125.6,125.8,124.35,119.44,120.78065742492676,6.893333333333331,1.5454177580551318,7616700,False,False
ASPR.JK,153.0,152.66666666666666,154.6,154.7,153.95,151.48,207.92340850830078,3.219999999999999,3.7044564208528206,29784400,True,False
ASPI.JK,424.0,411.3333333333333,403.6,394.8,403.9,409.7,409.21,14.599999999999994,2.0323621497356408,1442600,False,False
ASMI.JK,15.0,15.666666666666666,15.6,15.8,16.15,16.26,16.86,1.2600000000000016,5.5496917343159975,2612400,False,False
ASLI.JK,364.0,330.6666666666667,295.6,266.4,235.85,214.74,254.29,74.63,10.674174952825744,134601100,False,False
ASLC.JK,67.0,67.66666666666667,67.6,66.0,64.2,62.68,66.79,4.986666666666672,4.800218298942556,6484600,False,False
ASJT.JK,162.0,162.33333333333334,162.0,161.1,157.5,158.56,166.83954727172852,4.833333333333343,2.2289854885592186,114900,True,False
ASII.JK,4840.0,4853.333333333333,4830.0,4802.0,4873.5,4879.6,5182.022294921875,7.760000000000036,1.1628242450176387,47510500,False,False
ASHA.JK,58.0,58.0,57.8,58.3,59.05,56.98,63.07,2.0700000000000003,3.0489907371748597,12201800,True,False
ASGR.JK,2170.0,2226.6666666666665,2172.0,2000.5,1891.25,1801.5,1675.4900256347655,42.51666666666665,4.704179588034238,2629400,False,False
ASDM.JK,515.0,516.6666666666666,514.0,512.0,512.25,510.4176690673828,510.8330624389648,1.249799519856765,1.3430102783271611,105600,True,False
ASBI.JK,410.0,399.3333333333333,403.2,409.0,414.2,417.2,411.46379302978517,8.933333333333337,2.5172537489214752,697600,False,False
ARTO.JK,1030.0,996.6666666666666,998.0,1016.5,1135.75,1131.0,1162.55,27.816666666666674,3.162412178179751,77093100,False,False
ARTA.JK,2230.0,2260.0,2270.0,2274.0,2325.5,2438.0,2465.45,20.8,2.0704584693735715,600,False,False
ARNA.JK,505.0,502.6666666666667,497.6,494.2,496.4,476.92,471.2847705078125,5.615999999999997,0.6760961504576812,2098300,True,True
ARKO.JK,4810.0,4890.0,4954.0,5104.5,5025.5,4947.8,6205.5,29.45,4.849145182963415,3336500,False,False
ARKA.JK,22.0,22.0,22.0,22.0,22.0,22.1,25.88,0.10000000000000142,0.0,0,True,False
ARII.JK,296.0,294.6666666666667,294.4,291.8,285.8,279.24,280.5,8.379999999999995,1.2272391269444576,17800,False,False
ARGO.JK,1170.0,1161.6666666666667,1151.0,1149.0,1161.75,1085.6,1001.5,16.880000000000017,0.9671578073204499,256200,False,False
AREA.JK,340.0,342.0,338.8,321.0,299.0,271.16,274.92,35.41999999999999,6.542030568274091,1306200,False,False
ARCI.JK,1275.0,1306.6666666666667,1351.0,1363.5,1288.5,1125.0,1221.4097534179687,47.7,3.806219914223575,89967000,False,False
APLN.JK,136.0,136.0,135.8,138.5,133.55,127.02,143.7,11.480000000000004,3.65312258513629,18942700,False,False
APLI.JK,280.0,274.6666666666667,273.2,271.6,264.0,253.04,239.9621890258789,13.480000000000004,1.8796409066349213,177200,False,False
APII.JK,192.0,192.0,191.6,190.6,190.0,185.13824157714845,183.48604370117187,6.861758422851551,1.0028846768476178,37900,False,False
APIC.JK,510.0,508.3333333333333,512.0,520.5,553.0,611.5,937.4,20.633333333333336,3.943312332538983,993300,False,False
APEX.JK,202.0,198.33333333333334,194.0,191.6,182.05,153.9,159.57,24.049999999999997,4.351172177954862,17491900,False,False
ANTM.JK,3030.0,3070.0,3110.0,3124.0,3096.5,2972.2,3074.8243823242187,15.180000000000017,1.746948011399006,99650500,False,False
ANJT.JK,1600.0,1601.6666666666667,1600.0,1585.5,1541.25,1492.3,1573.3,21.873333333333356,1.9232935451222886,51700,False,False
ANDI.JK,17.0,16.333333333333332,16.6,16.7,17.25,17.4,19.46,1.0666666666666664,4.045231575642694,8874900,False,False
AMRT.JK,1305.0,1326.6666666666667,1339.0,1366.0,1376.0,1378.2,1368.8126098632813,14.64000000000001,2.430378911119492,36147700,False,False
AMOR.JK,354.0,356.6666666666667,356.0,356.6,357.9,342.88,343.9,7.509999999999991,0.7858551356610368,39600,False,False
AMMS.JK,212.0,220.66666666666666,226.8,203.9,200.2,263.36,320.4,31.580000000000013,6.73376538732516,850300,False,False
AMMN.JK,4270.0,4320.0,4364.0,4380.0,4347.5,3974.6,4091.65,40.540000000000006,3.1107184757510047,40034900,False,False
AMIN.JK,238.0,244.0,243.2,241.2,243.7,243.76,247.52,3.0,1.8248127906855074,311400,True,False
AMFG.JK,3330.0,3330.0,3330.0,3330.0,3334.5,3172.265810546875,3121.551496582031,16.223418945312506,0.0,20000,False,False
AMAR.JK,236.0,234.66666666666666,233.2,231.0,224.92999801635742,210.3423794555664,198.39397186279297,12.8288102722168,1.1822614248215562,190700,False,False
AMAN.JK,224.0,223.33333333333334,225.2,229.2,237.0,251.44,258.8,14.053333333333327,1.9588152367867806,430600,False,False
AMAG.JK,388.0,389.3333333333333,389.6,389.2,389.2,390.0,394.53417114257815,1.0,0.29167042642255225,46300,True,False
ALKA.JK,4580.0,4580.0,4580.0,4388.0,3364.0,1874.7,1238.02,270.53000000000003,8.46080993559924,0,False,False
ALII.JK,775.0,773.3333333333334,781.0,790.5,792.75,757.6547998046875,804.3220715332031,7.019040039062498,2.667616732645326,685000,False,False
ALDO.JK,940.0,941.6666666666666,935.0,928.0,893.5,798.719423828125,725.1234869384766,28.589448567708338,1.2080198567230702,42800,False,False
AKSI.JK,250.0,250.66666666666666,246.0,239.6,235.4,225.48,245.78,12.593333333333334,1.7064652661988953,99200,False,False
AKRA.JK,1395.0,1416.6666666666667,1400.0,1392.0,1403.75,1344.5515478515624,1332.758642578125,14.423023763020865,2.7922949103287973,13626100,False,False
AKPI.JK,525.0,520.0,511.6,508.9,507.45,495.96,502.19951110839844,5.808000000000004,1.7762128705818003,896200,True,False
AKKU.JK,38.0,38.0,38.0,38.0,38.0,38.0,38.0,0.0,0.0,0,True,False
AISA.JK,120.0,119.66666666666667,118.8,119.2,118.9,111.36,113.34,8.64,2.86324320865031,2772100,False,False
AIMS.JK,515.0,474.6666666666667,436.0,410.0,401.5,399.16,407.96,23.167999999999996,8.171149338579667,6052600,False,False
AHAP.JK,102.0,101.33333333333333,99.2,99.9,97.85,93.58,96.69,8.420000000000002,3.447101508614086,14315800,False,False
AGRS.JK,62.0,61.333333333333336,61.0,61.0,60.95,60.9,63.62,1.1000000000000014,1.2089904905014164,10448600,True,False
AGRO.JK,153.0,150.33333333333334,148.4,149.2,149.05,146.28,158.56,6.719999999999999,1.7479079606823045,21289500,False,False
AGII.JK,3000.0,3000.0,2948.0,2894.0,2914.5,2884.4,2895.01533203125,11.559999999999992,2.5695402351610124,51700,False,False
AGAR.JK,1810.0,1810.0,1810.0,1810.0,1524.25,850.28,542.12,191.94400000000002,0.0,0,False,False
AEGS.JK,46.0,46.333333333333336,46.4,44.9,43.4,41.54,44.72,4.859999999999999,5.21149261364702,3249100,False,False
ADRO.JK,2650.0,2756.6666666666665,2728.0,2655.0,2590.5,2479.0,2421.011003417969,27.76666666666665,3.153237949196967,125290300,False,False
ADMR.JK,1595.0,1676.6666666666667,1692.0,1682.5,1648.25,1537.2,1605.5743103027344,30.95999999999999,2.7563199760815267,114440700,False,False
ADMG.JK,268.0,254.66666666666666,254.4,255.6,250.9,226.3,214.99,20.849999999999994,2.6900467500760166,5360800,False,False
ADMF.JK,8725.0,8725.0,8720.0,8692.5,8691.25,8375.0,8387.257685546874,14.0,0.3798936858857621,76000,False,False
ADHI.JK,133.0,133.0,133.0,134.2,139.95,151.18,165.37,18.180000000000007,1.17153340426923,0,False,False
ADES.JK,31950.0,32125.0,32215.0,32500.0,32806.25,33828.0,27198.5,75.12,0.3950428466304197,12600,False,False
ADCP.JK,50.0,50.0,50.0,50.0,50.0,50.0,50.32,0.0,0.0,0,True,False
ACST.JK,88.0,87.33333333333333,86.6,85.8,85.8,82.18,84.88,5.819999999999993,1.7501676475031407,225000,True,False
ACRO.JK,67.0,66.0,65.4,64.2,63.1,61.395010223388674,63.38827785491944,5.604989776611326,1.0987062777133911,5551600,True,True
ACES.JK,350.0,353.3333333333333,355.6,357.8,357.4,349.36,339.94301849365235,4.219999999999999,1.287030812388017,25936700,True,True
ABMM.JK,2790.0,2763.3333333333335,2744.0,2724.0,2694.5,2520.0,2589.526647949219,27.0,1.0914109884229555,447000,False,False
ABDA.JK,4000.0,4000.0,3924.0,3867.0,3814.5,3558.0,3364.0,44.2,1.5769888594015773,4400,False,False
ABBA.JK,30.0,30.0,30.0,30.0,30.0,30.18,34.23,0.17999999999999972,0.0,0,True,False
AALI.JK,8375.0,8275.0,8160.0,8027.5,7648.75,6853.5,7035.826044921875,60.86,2.0090408221838154,1802300,False,False
AADI.JK,10650.0,10783.333333333334,10540.0,10237.5,9736.25,8969.5,8924.393056640625,72.55333333333336,2.6634248215449974,19565000,False,False
