Ticker,Close,MA3,MA5,MA10,MA20,MA50,MA100,Range_Ticks,Vol_Pct,Volume,MA_Tight,Signal
ZYRX.JK,126.0,127.33333333333333,128.4,129.4,129.75,128.1,131.18252410888672,3.75,1.5355237044104921,550700,True,False
ZONE.JK,710.0,710.0,713.0,714.5,725.5,664.9,528.7702288818359,12.120000000000005,2.5508655419162594,82100,False,False
ZINC.JK,30.0,30.0,30.0,30.0,30.0,30.0,30.0,0.0,0.0,0,True,False
YUPI.JK,1295.0,1308.3333333333333,1319.0,1328.5,1340.5768981933593,1319.959755859375,1367.0397924804688,9.115379638671858,1.552188353908045,35600,False,False
YULE.JK,3500.0,3500.0,3528.0,3573.0,3528.0,3437.8,3389.9,13.519999999999982,1.9357479859728248,400,False,False
YPAS.JK,1375.0,1321.6666666666667,1333.0,1414.5,1431.5,962.7,894.5,93.75999999999999,7.350379547252399,208300,False,False
YOII.JK,81.0,81.0,81.2,81.4,82.15,83.86,85.75,2.8599999999999994,1.2201897776239523,3316900,True,False
YELO.JK,95.0,95.66666666666667,98.0,99.9,96.0,86.56,85.23,13.340000000000003,3.9503837582593437,52231500,False,False
WTON.JK,78.0,78.66666666666667,79.4,80.2,80.35,77.08,78.67350364685059,3.269999999999996,1.1749541057411388,4886900,True,False
WSBP.JK,14.0,14.0,14.0,14.0,14.0,14.0,14.88,0.0,0.0,0,True,False
WOWS.JK,56.0,57.333333333333336,57.8,58.7,59.55,59.38,62.32,3.549999999999997,1.1973909421608186,30413400,True,False
WOOD.JK,200.0,202.66666666666666,205.2,206.8,209.5,211.44,236.24,11.439999999999998,2.326869028291583,4014100,False,False
WOMF.JK,288.0,284.6666666666667,286.0,282.2,280.1,264.72,270.7,11.639999999999986,4.069381197245094,1031200,False,False
WMUU.JK,50.0,50.0,50.0,50.0,50.8,51.76,55.63,1.759999999999998,0.0,247800,True,False
WIRG.JK,82.0,79.66666666666667,77.2,76.3,74.4,63.78,64.45,18.22,4.221627111172159,767290700,False,False
WINS.JK,565.0,578.3333333333334,575.0,568.5,545.25,529.8,524.0103448486328,9.706666666666683,5.452223833886578,2801700,False,False
WINR.JK,28.0,28.0,28.8,26.0,24.1,22.5,24.24,6.300000000000001,5.989883025730759,36638000,False,False
WINE.JK,129.0,130.0,131.6,132.5,131.55,140.58,151.89053833007813,11.580000000000013,1.6266526664870298,921800,False,False
WIIM.JK,1570.0,1588.3333333333333,1601.0,1625.5,1666.75,1659.0,1655.5294384765625,19.35,1.8648453890075296,1291000,False,False
WIFI.JK,1950.0,1998.3333333333333,2041.0,2071.5,2062.0,1967.1336596679687,1968.1146960449219,24.3,1.4822663448542501,25846800,False,False
WIDI.JK,27.0,27.333333333333332,27.6,27.0,26.55,26.34,27.21,1.2600000000000016,5.538699227030182,11409300,False,False
WGSH.JK,133.0,136.66666666666666,145.2,153.9,161.75,154.82,133.57,28.75,4.727274585135645,29286800,False,False
WEHA.JK,111.0,110.66666666666667,111.6,111.1,109.6,106.5,110.62909095764161,5.099999999999994,0.9862104160328989,3282400,True,True
WEGE.JK,50.0,50.333333333333336,51.2,52.5,54.85,52.1,52.29,4.850000000000001,0.9844333928876672,8824900,True,False
WAPO.JK,193.0,187.66666666666666,181.6,177.1,162.4,137.68,129.6,55.31999999999999,2.512008103150739,9917300,False,False
VTNY.JK,78.0,75.33333333333333,76.6,77.2,79.05,69.74,66.57,9.310000000000002,4.211461530358012,91393900,False,False
VRNA.JK,93.0,92.66666666666667,95.6,92.5,83.5,78.68,77.94,16.919999999999987,11.307638804143286,5847100,False,False
VOKS.JK,260.0,247.33333333333334,242.4,239.0,233.2,217.44,213.02,21.28,3.2647150076553535,8263400,False,False
VKTR.JK,765.0,788.3333333333334,819.0,862.0,882.75,788.0,761.88,23.55,2.446225478043821,90553500,False,False
VIVA.JK,43.0,44.333333333333336,45.2,46.9,50.15,44.46,41.79,7.149999999999999,3.3831803598798063,36746400,False,False
VISI.JK,1020.0,1013.3333333333334,997.0,988.5,969.25,940.0,915.45,16.0,1.972971009688001,1643400,False,False
VINS.JK,143.0,146.66666666666666,145.2,144.2,143.25,141.12,143.9,5.546666666666653,3.186852452780865,706000,True,False
VICO.JK,165.0,169.0,164.0,158.5,152.7,144.18,146.36,24.819999999999993,3.5408034254744307,665300,False,False
VICI.JK,1115.0,1091.6666666666667,1045.0,959.5,818.0,689.0,630.4787210083008,85.2,5.2154091274459695,5139100,False,False
VERN.JK,228.0,230.0,230.8,237.8,239.0,209.16,170.45,14.920000000000002,1.7444885182690364,6949400,False,False
VAST.JK,113.0,112.0,112.6,113.3,113.7,114.68,118.28,2.680000000000007,1.5428523479297729,1274500,True,False
UVCR.JK,155.0,155.66666666666666,155.6,151.7,146.4,144.84,170.43570739746093,10.826666666666654,4.330306119794842,47077500,False,False
URBN.JK,218.0,219.33333333333334,220.8,223.8,218.4,217.68,209.9,3.0600000000000023,1.7436649087134222,188200,True,False
UNVR.JK,1620.0,1635.0,1651.0,1673.0,1728.75,1732.1,1673.4972155761718,22.41999999999998,0.9472244252971743,26738400,False,False
UNTR.JK,26400.0,26358.333333333332,26190.0,25712.5,24826.25,24796.0,24910.17265625,64.16,2.1366086155412853,3504700,False,False
UNTD.JK,81.0,81.66666666666667,82.4,82.4,82.65,80.02,78.25,2.6300000000000097,1.3950514947710728,17748800,True,True
UNSP.JK,206.0,206.0,206.0,206.0,206.0,206.0,242.44,0.0,0.0,0,True,False
UNIQ.JK,120.0,121.0,121.8,122.9,119.75,113.68,112.47,9.219999999999999,1.8482788810445054,1959700,False,False
UNIC.JK,14950.0,15000.0,15040.0,15007.5,15051.25,14144.0,13180.603291015625,36.29,0.6344441961497852,40400,False,False
ULTJ.JK,1715.0,1583.3333333333333,1570.0,1534.5,1514.75,1464.0,1476.0,50.2,4.408663061563604,20958500,False,False
UFOE.JK,142.0,144.33333333333334,145.4,146.8,144.7,139.9,141.03,6.900000000000006,1.3616027504682955,920000,False,False
UDNG.JK,540.0,598.3333333333334,667.0,878.0,1129.5,1204.4,1230.95,132.88000000000002,1.0590311493988747,2822900,False,False
UCID.JK,510.0,513.3333333333334,514.0,516.0,493.15,434.06,407.34861053466796,16.387999999999998,2.0671224460115605,790200,False,False
UANG.JK,3530.0,3810.0,4022.0,3633.0,3042.0,2659.2,2717.2,136.28000000000003,12.122419585111702,710100,False,False
TYRE.JK,111.0,111.66666666666667,112.6,112.9,112.75,113.4,111.97,2.4000000000000057,1.545143884849967,526500,True,False
TUGU.JK,1425.0,1423.3333333333333,1394.0,1370.0,1370.0,1286.1,1218.8320361328124,27.78000000000002,2.4393502021984057,1761600,False,False
TSPC.JK,2750.0,2740.0,2744.0,2746.0,2745.0,2706.6,2573.2,4.340000000000009,0.4014499747778076,912600,True,False
TRUS.JK,450.0,453.3333333333333,453.2,448.2,445.4,436.9,367.3836383056641,8.216666666666669,2.045455617570502,97300,False,False
TRUK.JK,1075.0,1075.0,1075.0,1008.5,871.5,644.42,546.95,86.11600000000001,7.831409372712166,0,False,False
TRUE.JK,50.0,50.0,50.0,50.0,50.0,50.0,75.98,0.0,0.0,0,True,False
TRST.JK,472.0,465.3333333333333,467.6,464.6,463.6,467.05999938964845,465.6466619873047,4.199999999999989,1.9581825252613285,137500,True,False
TRON.JK,99.0,100.0,101.4,101.9,101.1,103.46,106.03,4.459999999999994,1.6731303134514288,41615500,True,False
TRJA.JK,122.0,126.66666666666667,128.2,129.5,126.05,117.28,119.08,12.219999999999999,2.354534044091705,825100,False,False
TRIS.JK,172.0,171.0,172.28421936035156,173.59284057617188,172.17439498901368,167.37521240234375,167.46390243530274,6.217628173828132,0.8241014640309037,524100,False,False
TRIN.JK,418.0,414.0,405.6,388.6,359.2,340.44,428.42,38.78,6.364632448450343,45932800,False,False
TRIM.JK,795.0,741.6666666666666,738.0,709.5,659.5,610.3,573.0710998535156,36.94000000000001,4.519400533520201,2601900,False,False
TRGU.JK,169.0,174.33333333333334,176.4,175.5,173.15,168.02,173.37,8.379999999999995,3.1125543784811076,270300,False,False
TPMA.JK,476.0,484.0,486.8,484.8,472.1,460.36,470.05,13.219999999999999,1.7391220006245927,1719500,False,False
TPIA.JK,1865.0,1891.6666666666667,1912.0,1956.0,1960.5,2005.8,2608.8358203125,28.15999999999999,1.3155507545953329,192119000,False,False
TOWR.JK,444.0,452.0,462.0,455.4,448.0,415.4,411.4856582641602,23.30000000000001,2.620928610474564,112950600,False,False
TOTO.JK,242.0,241.33333333333334,241.2,239.8,237.1,237.8,237.8862692260742,2.450000000000003,0.6875261419956004,761200,True,False
TOTL.JK,1515.0,1508.3333333333333,1509.0,1492.0,1485.0,1281.8,1175.6826953125,46.64000000000001,2.6645221638756045,4711800,False,False
TOSK.JK,82.0,82.66666666666667,84.0,80.8,76.8,70.48,64.89,13.519999999999996,2.984990866396132,15817800,False,False
TOOL.JK,69.0,69.33333333333333,70.2,69.8,68.1,67.06,68.16,3.1400000000000006,3.437723427054902,44731700,True,True
TOBA.JK,545.0,551.6666666666666,563.0,580.0,568.5,503.82,487.2817108154297,15.236,1.502454796485954,9898400,False,False
TNCA.JK,184.0,183.0,181.4,180.4,170.2,158.44,162.07,25.560000000000002,5.200406038647951,1492400,False,False
TMPO.JK,148.0,152.66666666666666,159.2,165.4,181.1,146.66,130.56,34.44,2.5915244861661035,8283200,False,False
TMAS.JK,145.0,146.33333333333334,147.0,144.8,140.8,128.7,122.77336143493652,18.30000000000001,1.3712135971733226,8451700,False,False
TLKM.JK,2690.0,2640.0,2646.0,2625.0,2614.5,2612.2,2629.68423828125,7.780000000000018,1.368667549558441,139730300,False,False
TLDN.JK,620.0,623.3333333333334,628.0,626.5,596.75,558.4,556.13650390625,13.920000000000005,3.0241280430005393,1951000,False,False
TKIM.JK,7900.0,7908.333333333333,8055.0,8170.0,8056.25,7032.0,6839.506518554687,45.52,2.3325292189412417,4405300,False,False
TIRT.JK,590.0,590.0,590.0,590.0,590.0,590.0,547.22,0.0,0.0,0,True,False
TIRA.JK,398.0,404.0,408.8,410.8,411.7,462.0,572.1,32.0,1.430759253090696,190800,False,False
TINS.JK,4700.0,4696.666666666667,4618.0,4418.0,4229.0,3857.2,3624.9733203125,84.28000000000002,3.0056686954267033,50243100,False,False
TIFA.JK,316.0,317.3333333333333,322.0,324.2,329.9,299.84,301.5438815307617,15.030000000000001,1.192840217617494,5600,False,False
TGKA.JK,5000.0,4976.666666666667,4982.0,4976.0,5010.75,4934.3,4823.515869140625,7.644999999999982,0.9810056023640802,300,False,False
TFCO.JK,800.0,816.6666666666666,828.0,856.0,863.5,789.2,722.15,14.85999999999999,3.736932749409308,300,False,False
TFAS.JK,186.0,186.0,187.4,186.4,185.7,186.98,198.63,1.700000000000017,1.7987478348280486,245900,True,False
TEBE.JK,1685.0,1725.0,1753.0,1719.0,1704.25,1314.3,1203.4,87.74000000000001,3.6523777578820935,10187400,False,False
TCPI.JK,1845.0,1978.3333333333333,2095.0,2223.5,2400.25,4150.54275390625,7130.38931640625,461.1085507812501,5.130706309982753,4189100,False,False
TCID.JK,2640.0,2606.6666666666665,2604.0,2602.0,2642.0,2706.8,2764.1,10.480000000000018,1.8063723289087434,2400,False,False
TBMS.JK,1220.0,1230.0,1228.0,1222.0,1219.75,1208.8,1231.231033935547,4.240000000000009,1.5317618285087733,35200,True,False
TBLA.JK,620.0,625.0,628.0,630.5,628.75,629.2,618.0911685180664,2.1,0.9476890763870479,1948400,True,True
TBIG.JK,1440.0,1468.3333333333333,1493.0,1492.5,1469.5,1435.0,1456.938797607422,11.6,2.084774550353655,462000,False,False
TAYS.JK,50.0,50.0,50.0,50.0,50.0,50.0,52.55,0.0,0.0,0,True,False
TAXI.JK,16.0,15.0,14.6,14.0,14.05,13.52,14.3,2.4800000000000004,5.711807953466005,144736000,False,False
TARA.JK,30.0,32.0,32.0,30.8,30.2,30.4,30.12,2.0,4.329114711637145,345800,False,False
TAPG.JK,2250.0,2256.6666666666665,2316.0,2310.0,2124.25,1829.4247216796875,1687.8928051757812,48.65752783203125,5.326125783732346,16306900,False,False
TAMU.JK,26.0,27.333333333333332,27.6,27.6,26.4,23.14,23.24,4.460000000000001,4.123210902670308,5952100,False,False
TAMA.JK,185.0,191.66666666666666,192.8,198.7,223.65,212.66,195.52,38.650000000000006,5.275189516207845,3836000,False,False
TALF.JK,705.0,700.0,701.0,702.0,716.0,709.6,701.004380493164,3.2,1.6471428085513322,120200,True,False
SWID.JK,123.0,119.33333333333333,119.4,119.7,117.95,106.34,101.20167175292968,16.659999999999997,2.4095361829847164,48705400,False,False
SURI.JK,85.0,85.0,84.8,83.3,81.4,73.9,71.69,11.099999999999994,1.872726392406598,5693500,False,False
SURE.JK,3020.0,3033.3333333333335,3064.0,2964.0,2806.0,2772.0,2764.1,29.2,8.253359487854901,7400,False,False
SUPA.JK,505.0,506.6666666666667,512.0,519.0,523.75,560.1,655.4,11.020000000000005,1.9144812661782529,12557000,False,False
SUNI.JK,685.0,686.6666666666666,691.0,698.0,706.75,679.7,656.6591821289062,5.409999999999991,0.9108630916229679,409900,True,False
SULI.JK,86.0,88.0,88.4,89.2,90.4,88.62,88.45,4.400000000000006,1.9582725812482202,6825000,True,False
STTP.JK,9475.0,9441.666666666666,9445.0,9447.5,9443.75,9692.5,9743.5,10.033333333333358,0.5850895995911,300,False,False
STRK.JK,65.0,63.333333333333336,63.8,65.8,65.45,66.2,77.26,2.866666666666667,2.5216039196567577,29986800,True,False
STAR.JK,370.0,370.0,379.6,387.8,405.2,338.28,394.29,33.46000000000001,3.397993044870193,190900,False,False
STAA.JK,1205.0,1218.3333333333333,1240.0,1256.0,1198.5,1108.3,1074.9104504394531,29.54000000000001,2.7762884783677277,4860900,False,False
SSTM.JK,448.0,467.3333333333333,476.4,482.7,450.85,421.86,463.07,30.419999999999987,3.466508496596516,227200,False,False
SSMS.JK,1130.0,1173.3333333333333,1210.0,1165.0,1035.25,958.2,965.4322924804687,50.35999999999999,7.630728954481055,10192200,False,False
SSIA.JK,1695.0,1713.3333333333333,1741.0,1798.5,1811.75,1703.8,1671.035185546875,23.35,1.420875201111462,21723400,False,False
SRTG.JK,1800.0,1808.3333333333333,1820.0,1815.0,1857.75,1768.1,1655.4658666992189,17.930000000000017,1.0108312207174397,3519300,False,False
SRSN.JK,98.0,97.33333333333333,98.8,100.4,87.2,75.5,71.19,24.900000000000006,4.615937074459097,88913800,False,False
SRAJ.JK,14000.0,14200.0,13790.0,13695.0,13990.0,12592.0,12722.0,64.32,7.701933788584212,7300,False,False
SQMI.JK,91.0,96.66666666666667,98.4,97.7,79.85,69.96,58.06,28.440000000000012,13.718069860641952,264442400,False,False
SPTO.JK,605.0,606.6666666666666,610.0,614.5,613.5,600.5,576.9824530029297,2.8,0.9248968541029033,795600,True,False
SPRE.JK,96.0,99.33333333333333,99.8,95.7,92.95,88.32,84.8,11.480000000000004,3.900932136575156,2791600,False,False
SPMA.JK,171.0,172.33333333333334,172.6,170.7,168.1,167.41076904296875,163.08999969482423,5.189230957031242,0.7827106300941467,351200,True,False
SOUL.JK,37.0,37.0,37.0,37.0,37.0,37.0,39.96,0.0,0.0,0,True,False
SOTS.JK,600.0,603.3333333333334,608.0,613.0,625.25,616.9,703.4,5.05,2.171207459986042,75600,True,False
SOSS.JK,945.0,960.0,978.0,943.0,891.5,901.5,850.95,17.3,4.0020017878871075,100,False,False
SONA.JK,2180.0,2226.6666666666665,2286.0,2369.0,2443.0,2420.2,2289.777706298828,26.3,1.520403561626205,700,False,False
SOLA.JK,89.0,91.0,91.8,92.3,91.7,96.78,104.2,7.780000000000001,1.2718223299303195,4694300,False,False
SOHO.JK,1535.0,1593.3333333333333,1679.0,1471.5,1331.25,1245.7,1366.65,86.66,10.900304457828298,167100,False,False
SOFA.JK,370.0,346.0,338.4,338.4,334.1,271.08,301.38,49.46000000000001,6.119896882504929,24165400,False,False
SOCI.JK,635.0,645.0,659.0,632.5,588.4,480.98,436.1494836425781,35.604,4.168393138242513,33438300,False,False
SNLK.JK,250.0,237.33333333333334,236.4,233.0,230.7,226.36,231.1,11.819999999999993,3.173914454165489,30646000,False,False
SMSM.JK,1730.0,1741.6666666666667,1751.0,1739.0,1733.5,1714.551689453125,1697.2188610839844,7.289662109375013,0.9587259561574385,1899800,False,False
SMRA.JK,332.0,332.0,334.0,331.4,326.5,318.12,305.59182540893556,7.939999999999998,1.4623158445396276,22201100,False,False
SMMT.JK,2720.0,2710.0,2722.0,2484.5,2218.75,1987.9,1960.4,73.41,8.2310647331991,308500,False,False
SMMA.JK,20000.0,20016.666666666668,20020.0,19980.0,20040.0,20380.0,19550.5,16.0,2.6218422760201103,800,False,False
SMLE.JK,206.0,194.0,193.6,189.9,177.45,158.22,133.31,23.89,4.264199832376194,68750500,False,False
SMKM.JK,104.0,105.33333333333333,107.0,108.0,106.4,84.98,82.29,23.019999999999996,3.105003608792439,5755900,False,False
SMKL.JK,157.0,155.66666666666666,156.6,154.9,150.85,144.86,145.57318313598634,12.139999999999986,2.5461628045964617,426400,False,False
SMIL.JK,424.0,433.3333333333333,442.4,431.4,412.7,377.64,325.76,32.379999999999995,2.6177895789650596,62004200,False,False
SMGR.JK,1655.0,1693.3333333333333,1714.0,1731.5,1628.0,1546.7,1664.5785986328126,36.959999999999994,6.095033488345997,22734500,False,False
SMGA.JK,87.0,88.0,88.8,88.6,84.4,75.98,75.97,12.819999999999993,2.5522665580401753,8378800,False,False
SMDR.JK,396.0,390.6666666666667,383.6,361.6,336.7,308.702724609375,301.0947784423828,43.64863769531249,3.485602881187413,38042500,False,False
SMDM.JK,525.0,541.6666666666666,545.0,550.0,548.5,558.5,559.16,6.7,1.9710410267232414,22900,False,False
SMBR.JK,171.0,172.66666666666666,174.2,178.6,172.1,164.8,169.59034866333008,13.799999999999983,6.171502763392062,3189300,False,False
SMAR.JK,6125.0,6266.666666666667,6400.0,6567.5,6236.25,5781.5,5448.508544921875,31.44,2.8297157206164174,271800,False,False
SLIS.JK,82.0,84.66666666666667,86.6,88.6,91.9,75.88,74.12,16.02000000000001,2.3073481919866667,24194600,False,False
SKRN.JK,418.0,416.0,410.0,400.4,394.1,394.36,398.9051400756836,11.949999999999989,1.2361477275772141,2266200,False,False
SKLT.JK,214.0,214.0,214.8,215.2,213.3,201.82,198.42357162475585,6.689999999999998,1.347312371841834,156800,False,False
SKBM.JK,530.0,535.0,540.0,548.5,543.0,556.8,563.54,5.3599999999999905,1.527715590598526,226500,True,False
SIPD.JK,920.0,923.3333333333334,929.0,930.0,873.0,762.5,791.1,33.5,2.085821729416941,35700,False,False
SINI.JK,13750.0,13466.666666666666,13945.0,13925.0,11120.0,8631.20958984375,9891.186298828125,212.55161640625002,7.927386666660767,11920000,False,False
SIMP.JK,620.0,618.3333333333334,625.0,633.0,620.0,588.98,588.8255584716796,8.803999999999997,1.9323602899224777,15263700,False,False
SILO.JK,2010.0,2020.0,2060.0,2112.0,2174.0,2187.7,2264.55,17.769999999999982,2.287077473116108,368000,False,False
SIDO.JK,348.0,348.6666666666667,351.2,353.8,351.7,361.6,389.95,6.800000000000011,0.9874372768150671,24352600,False,False
SICO.JK,114.0,114.66666666666667,115.8,115.1,113.45,110.5,111.35,5.299999999999997,1.66000707287297,4347800,True,True
SHIP.JK,2720.0,2653.3333333333335,2630.0,2515.0,2395.0,2085.5,2164.922590332031,63.45,5.267588640829826,581600,False,False
SHID.JK,800.0,798.3333333333334,820.0,697.0,620.25,603.8,651.0,43.24000000000001,11.495944838947533,100000,False,False
SGRO.JK,4830.0,4816.666666666667,4882.0,4925.5,4856.25,4072.24,3595.198977050781,85.32600000000002,1.707017843989669,16200,False,False
SGER.JK,685.0,695.0,685.0,672.5,601.9,510.12,431.78,36.976,5.211261372755227,34613700,False,False
SFAN.JK,2030.0,2033.3333333333333,2040.0,2039.0,2032.5,1995.6,1977.85,4.440000000000009,0.5870202795468967,79700,True,False
SEMA.JK,197.0,158.33333333333334,142.8,127.1,115.8,103.6,103.28,93.4,11.08977047407499,122237400,False,False
SDRA.JK,216.0,214.66666666666666,215.6,219.6,219.7,216.52,225.86,2.5166666666666657,1.0625821197132859,812400,True,False
SDPC.JK,196.0,196.66666666666666,199.6,198.4,195.25,187.56,184.56054611206054,12.039999999999992,2.221924763396681,711700,False,False
SDMU.JK,90.0,90.0,90.4,90.7,88.55,84.0,84.73,6.700000000000003,1.2187967197744116,13491100,False,False
SCNP.JK,155.0,154.33333333333334,155.0,155.7,152.95,153.4,152.08812805175782,2.75,0.9838658818939676,345100,True,False
SCMA.JK,199.0,200.0,201.2,202.6,205.2,204.72,211.54666488647462,6.199999999999989,1.5837797701986684,49507100,False,False
SCCO.JK,2570.0,2553.3333333333335,2562.0,2512.0,2428.5,2344.6,2293.781457519531,22.54000000000001,3.155629992959848,61900,False,False
SBMA.JK,109.0,109.66666666666667,110.0,109.5,108.75,108.04,109.99,1.9599999999999937,1.2024243833145905,16453500,True,False
SATU.JK,242.0,246.0,248.0,247.0,248.5,259.84,262.72,8.919999999999987,1.1331246413121638,365700,False,False
SAPX.JK,505.0,412.3333333333333,353.4,302.7,258.85,231.22,228.15,54.75599999999999,13.282115844731527,8958400,False,False
SAMF.JK,318.0,327.3333333333333,325.6,320.0,303.4,288.52,288.8038963317871,19.406666666666666,2.519305987498418,96600,False,False
SAME.JK,294.0,300.6666666666667,304.0,312.8,305.2,304.44,316.4,9.400000000000006,2.8850135453122103,469700,False,False
SAGE.JK,30.0,31.666666666666668,32.0,30.8,30.2,31.38,29.85,2.0,4.934195277425149,3987400,False,False
SAFE.JK,875.0,875.0,875.0,857.5,677.85,493.58,412.45,76.284,7.90569415042095,0,False,False
RUNS.JK,72.0,72.33333333333333,74.0,71.5,67.0,66.66,72.92,7.340000000000003,4.745398279375379,1067100,False,False
RUIS.JK,206.0,208.66666666666666,208.0,209.2,206.7,203.013125,196.6184375,3.093437499999993,2.37361400318764,1912200,True,True
RSCH.JK,434.0,428.0,423.6,400.6,365.5,322.4,304.86,55.80000000000001,4.000484402856223,27167800,False,False
ROTI.JK,585.0,585.0,586.0,585.0,584.5,593.5,593.85,1.8,0.5698297098452854,777800,True,False
RONY.JK,1380.0,1405.0,1471.0,1428.0,1328.0,1272.1,1259.5,39.780000000000015,8.717441644982053,21500,False,False
RODA.JK,63.0,65.33333333333333,64.6,63.8,64.9,63.52,63.95,2.3333333333333286,2.992196221196654,16921100,True,False
ROCK.JK,1990.0,2050.0,2064.0,2057.0,2082.5,1933.0,1971.3,29.9,2.5356523756038385,40600,False,False
RMKO.JK,340.0,348.6666666666667,350.0,339.0,312.3,315.88,348.16,18.849999999999994,3.264838897437568,8707000,False,False
RMKE.JK,412.0,412.6666666666667,421.2,425.2,421.6,424.52,482.54669189453125,6.599999999999994,2.494348687964925,86167000,False,False
RLCO.JK,4390.0,4483.333333333333,4586.0,4584.0,4482.0,4299.6,4052.9,28.639999999999965,2.0562405756224758,334600,False,False
RISE.JK,810.0,805.0,822.0,844.0,877.25,928.2,1114.75,24.640000000000008,2.180113911491267,648100,False,False
RIGS.JK,695.0,700.0,703.0,706.0,693.75,686.3,682.9,3.9400000000000093,1.59799071778081,496900,True,False
RICY.JK,79.0,79.33333333333333,79.6,79.5,79.5,78.76,81.9,0.8399999999999892,0.712974051475459,855500,True,False
RGAS.JK,109.0,111.66666666666667,114.2,119.1,162.2,196.42,158.55470893859862,87.41999999999999,5.927787225568651,15535800,False,False
RELI.JK,545.0,553.3333333333334,554.0,552.5,535.55,506.46,500.3,9.508000000000004,1.8560882120940485,39200,False,False
RELF.JK,37.0,37.666666666666664,38.8,37.3,36.2,35.48,36.31,3.3200000000000003,4.88653029624218,2735600,False,False
REAL.JK,50.0,50.0,50.0,50.0,50.45,50.719699935913084,51.44724052429199,0.7196999359130842,0.0,131000,True,False
RDTX.JK,13100.0,13283.333333333334,13380.0,13490.0,13512.5,13641.5,14267.563134765625,21.66,2.335445451580819,300,False,False
RCCC.JK,113.0,114.33333333333333,115.0,116.0,112.2,101.86,99.87,14.14,2.2302212846256877,523300,False,False
RBMS.JK,62.0,62.0,62.6,62.3,62.9,63.56,63.57,1.5600000000000023,2.005310182470219,9734300,True,False
RATU.JK,4450.0,4543.333333333333,4592.0,4523.0,4421.0,4827.4,5000.614116210938,40.639999999999965,2.402723700715169,13946300,False,False
RANC.JK,540.0,550.0,551.0,547.5,535.25,527.0,531.52,4.8,1.6956616148422383,16900,True,False
RALS.JK,392.0,390.6666666666667,391.6,388.2,384.5,381.96,384.27111175537107,5.02000000000001,0.6949120235593278,1848200,True,True
RAJA.JK,800.0,811.6666666666666,819.0,815.5,818.0,856.28,805.182216796875,11.255999999999995,2.024526493997941,107459600,False,False
RAAM.JK,175.0,177.33333333333334,180.2,183.8,186.0,195.7,201.77,20.69999999999999,0.9825407084722632,402300,False,False
PZZA.JK,186.0,191.0,194.2,193.1,187.95,185.76,189.256153717041,8.439999999999998,2.811932444666194,1086000,False,False
PYFA.JK,246.0,250.66666666666666,257.2,263.2,247.6,224.6,240.82,19.299999999999997,6.042550730262154,19562000,False,False
PWON.JK,270.0,271.3333333333333,274.0,275.2,271.6,265.6,269.3804019165039,4.799999999999983,1.464693854026152,22125300,True,True
PURI.JK,167.0,162.66666666666666,159.8,155.9,150.8,142.54,144.48,24.460000000000008,2.1370519516365505,23868000,False,False
PURA.JK,32.0,33.0,32.8,32.3,32.2,31.74,32.27,1.2600000000000016,2.5153963191761997,3695300,True,False
PUDP.JK,272.0,274.0,273.6,274.2,276.7,291.16,301.3272915649414,9.580000000000013,1.025296343653671,38000,False,False
PTSP.JK,1245.0,1248.3333333333333,1254.0,1311.5,1109.25,987.3,941.4,64.84,13.385621428772795,59500,False,False
PTSN.JK,450.0,373.3333333333333,342.4,323.4,307.2,278.92,270.21395126342776,85.53999999999999,9.767201118260914,65836800,False,False
PTRO.JK,5300.0,5383.333333333333,5405.0,5385.0,5260.0,4821.9,4656.1,23.324000000000016,2.741208435357928,53600200,False,False
PTPW.JK,1180.0,1178.3333333333333,1183.0,1181.0,1179.25,1165.0654858398439,1085.0461499023438,3.586902832031228,0.5442067886887119,24800,True,False
PTPS.JK,164.0,165.0,166.0,165.3,160.55,148.96,145.18,17.039999999999992,1.944250784502723,2594600,False,False
PTPP.JK,202.0,201.0,203.4,206.5,205.75,203.18,209.27,2.75,2.3757059430345393,10465100,True,False
PTMP.JK,64.0,63.666666666666664,64.0,64.7,64.9,63.5,63.18,1.4000000000000057,1.2194135532680435,10673200,True,True
PTIS.JK,256.0,259.3333333333333,260.0,256.4,257.8,264.44,280.64,4.219999999999999,2.767143010814967,196500,True,False
PTBA.JK,3080.0,3093.3333333333335,3076.0,2955.0,2703.0,2505.8,2550.626843261719,58.75333333333333,2.5227869002646743,46598300,False,False
PSSI.JK,358.0,358.0,357.6,349.4,338.8,324.88,315.4469854736328,16.560000000000002,2.1625334074399105,165500,False,False
PSKT.JK,234.0,237.33333333333334,244.0,244.6,236.9,220.32,218.37,12.14,4.035155885305686,12697300,False,False
PSGO.JK,194.0,194.0,194.4,195.3,194.95,196.26,194.24465911865235,2.259999999999991,1.0286705787584887,243100,True,False
PSDN.JK,136.0,139.66666666666666,141.2,139.5,136.45,128.1,133.45,13.099999999999994,3.509143384305618,4116200,False,False
PSAT.JK,870.0,880.0,885.0,892.5,894.0,865.9,858.55,5.6200000000000045,0.847484188130725,188600,True,False
PSAB.JK,580.0,581.6666666666666,580.0,574.0,592.5,499.84,456.0802734375,18.532000000000004,2.3293979652786163,67321100,False,False
PRIM.JK,119.0,118.66666666666667,119.8,119.1,118.0,108.12,96.07,11.679999999999993,2.4379993021399504,6294400,False,False
PRDA.JK,2810.0,2810.0,2814.0,2772.0,2640.5,2505.4,2497.508923339844,30.859999999999992,1.5567595584712353,853600,False,False
PRAY.JK,730.0,740.0,742.0,748.0,755.25,731.6,719.8,5.05,1.3398356837974397,8500,True,False
PPRO.JK,15.0,15.333333333333334,15.6,15.6,16.1,16.68,17.08,1.6799999999999997,5.647844557718296,11425600,False,False
PPRI.JK,170.0,177.66666666666666,185.0,167.0,155.05,150.1,154.08,34.900000000000006,9.08453680376394,10370200,False,False
PPRE.JK,105.0,105.33333333333333,106.0,106.7,105.9,105.86,107.79,1.7000000000000028,1.6278598194571448,10695200,True,False
PPGL.JK,468.0,468.0,468.0,436.4,340.6,261.54,230.83,103.22999999999999,5.060768481034527,0,False,False
POWR.JK,1020.0,1000.0,987.0,951.0,910.25,802.1,750.305687866211,43.58,3.156715307126569,9400000,False,False
PORT.JK,965.0,943.3333333333334,933.0,916.5,913.75,888.1,888.9,15.379999999999995,1.6275593005308004,29700,False,False
POLY.JK,32.0,32.0,32.0,32.0,32.0,32.0,32.0,0.0,0.0,0,True,False
POLU.JK,16375.0,17125.0,17395.0,18077.5,16185.0,13842.5,13413.75,169.4,2.4124235657711623,7800,False,False
POLI.JK,895.0,911.6666666666666,941.0,954.5,877.25,784.0,863.0,34.1,3.6960046812939615,16500,False,False
PNSE.JK,496.0,498.0,498.4,497.6,498.15,497.16,531.43,1.1999999999999886,0.6953059324210453,187200,True,False
PNLF.JK,222.0,222.66666666666666,224.4,226.0,228.8,226.8,230.75,3.4000000000000057,1.353225502215246,23558600,True,False
PNIN.JK,725.0,723.3333333333334,725.0,725.5,723.0,722.1,738.8,0.6799999999999955,0.6060609316676903,288600,True,False
PNGO.JK,3590.0,3530.0,3554.0,3527.0,3514.0,3515.4,3505.7,7.6,1.4493039302466382,400,False,False
PNBS.JK,50.0,50.0,50.0,50.0,50.0,50.1,50.28,0.10000000000000142,0.0,74800,True,False
PNBN.JK,900.0,908.3333333333334,910.0,909.5,904.25,897.7,906.9799560546875,2.459999999999991,1.0351132301105814,2386500,True,False
PMUI.JK,103.0,103.33333333333333,104.0,104.3,101.75,93.62,89.18418548583985,10.679999999999993,1.7932907498499504,963300,False,False
PMJS.JK,142.0,143.66666666666666,146.0,147.3,138.1,121.5,117.4551919555664,25.80000000000001,1.560464176816921,1681800,False,False
PLAN.JK,67.0,69.33333333333333,72.2,64.3,52.4,43.66,43.48,28.540000000000006,7.45649390503987,28432800,False,False
PKPK.JK,4250.0,4383.333333333333,4416.0,4218.0,3950.5,3763.0,3335.5,65.3,5.987802581477442,2047100,False,False
PJHB.JK,179.0,181.0,183.6,185.2,182.85,173.36,183.87,11.839999999999975,1.0115046459793895,2432300,False,False
PJAA.JK,470.0,469.3333333333333,468.8,467.0,463.4,459.64,465.2895001220703,5.180000000000007,0.8859864884606456,64400,True,False
PIPA.JK,190.0,197.33333333333334,208.8,205.3,187.65,147.22,135.54,61.58000000000001,6.909917916900561,113612600,False,False
PICO.JK,176.0,180.0,185.6,186.4,177.3,148.6,145.22,37.80000000000001,3.2870283067693746,680000,False,False
PGUN.JK,9275.0,9541.666666666666,9620.0,9685.0,9553.75,8274.5,8111.2597265625,56.42,1.7840392379999217,47000,False,False
PGLI.JK,204.0,207.33333333333334,208.4,211.0,210.2,202.66,202.0,4.170000000000002,1.4268066021744976,67700,True,False
PGJO.JK,875.0,881.6666666666666,889.0,920.0,903.25,788.5,785.95,26.3,3.970971234687138,638500,False,False
PGEO.JK,1030.0,1023.3333333333334,1027.0,1031.0,1042.75,1021.8,973.7390411376953,4.190000000000009,0.898069965628093,11044400,True,True
PGAS.JK,1550.0,1528.3333333333333,1534.0,1534.0,1529.0,1506.7,1570.1435852050781,8.659999999999991,1.3139695511878178,43793600,False,False
PEVE.JK,310.0,309.3333333333333,312.4,315.8,315.1,320.12,335.04,5.393333333333345,1.4260758018059296,1071200,True,False
PEHA.JK,288.0,294.6666666666667,301.2,307.4,295.9,272.84,273.4319024658203,17.28,3.0957841060370406,501100,False,False
PEGE.JK,128.0,129.0,130.4,127.1,120.5,108.17158538818359,116.11457321166992,22.22841461181642,2.685693670244464,5485600,False,False
PDPP.JK,336.0,334.6666666666667,330.0,328.4,325.1,298.24,293.2949620056152,18.879999999999995,1.3735644849726318,384200,False,False
PDES.JK,372.0,380.6666666666667,381.2,385.2,385.1,396.16,446.35107574462893,12.080000000000013,1.3262541899022808,387200,False,False
PCAR.JK,43.0,43.333333333333336,43.2,42.8,42.35,41.06,39.33,2.2733333333333334,2.3409303523530953,2547900,True,True
PBSA.JK,750.0,753.3333333333334,769.0,794.0,818.75,784.3143725585937,788.7994104003906,13.75,1.4455634937454205,2368500,False,False
PBRX.JK,26.0,26.333333333333332,27.0,27.1,26.65,26.72,28.77,1.1000000000000014,3.724381138646354,10682600,True,False
PBID.JK,525.0,526.6666666666666,527.0,527.5,530.25,514.96,497.59153533935546,3.0579999999999927,0.699079299703523,910400,True,False
PART.JK,99.0,101.33333333333333,103.2,107.3,106.35,104.43761306762696,103.73724143981934,8.299999999999997,2.2397374060505197,5255400,False,False
PANS.JK,1640.0,1646.6666666666667,1652.0,1629.0,1597.25,1564.7,1535.863447265625,17.45999999999999,0.8629829374208746,175000,False,False
PANR.JK,424.0,424.0,426.4,427.8,425.6,417.96,442.67411743164064,4.920000000000016,0.5833187255832182,33900,True,False
PANI.JK,5575.0,5650.0,5740.0,5850.0,5917.5,6047.0,6758.877578125,18.88,2.243814497718063,8775000,False,False
PAMG.JK,56.0,56.0,56.4,56.0,55.9,55.48,55.74,0.9200000000000017,1.860043229185468,5285000,True,True
PALM.JK,294.0,294.0,295.2,295.0,293.2,295.68,313.8631234741211,1.240000000000009,0.8109697780070715,130200,True,False
PADI.JK,71.0,71.33333333333333,71.8,72.2,72.2,72.86901504516601,81.69510948181153,1.8690150451660088,1.5794697579822745,162380100,True,False
PADA.JK,195.0,202.33333333333334,209.4,215.9,218.65,169.16,154.19,49.49000000000001,2.1643128318565954,36226600,False,False
PACK.JK,560.0,560.0,560.0,560.0,470.9,327.88,297.34,46.424,3.1002722158513176,0,False,False
OPMS.JK,116.0,116.33333333333333,118.2,120.5,122.05,114.58,112.73,7.469999999999999,1.5047588039631128,2161300,False,False
OMRE.JK,940.0,948.3333333333334,985.0,978.5,972.75,1013.1,984.1,14.620000000000005,3.1985996116166615,6800,False,False
OMED.JK,214.0,214.0,216.0,232.0,232.1,220.1,225.80121948242189,9.049999999999997,4.246265483141379,8688400,False,False
OLIV.JK,66.0,63.0,64.2,57.2,52.1,50.78,52.23,15.219999999999999,7.236193108908076,45932000,False,False
OKAS.JK,119.0,117.66666666666667,119.2,120.2,121.0,111.08,109.75,9.920000000000002,1.3667950484791829,2352000,False,False
OILS.JK,326.0,312.6666666666667,307.2,292.8,259.6,236.3,225.94,44.849999999999994,2.6517529627292116,35526500,False,False
OBMD.JK,192.0,193.66666666666666,195.0,190.3,192.25,189.34,192.53,5.659999999999997,2.9675532200714927,488000,True,False
OBAT.JK,238.0,240.66666666666666,243.2,241.0,240.9,243.32,256.97939453125,2.6599999999999966,4.4548434180667105,425200,False,False
OASA.JK,296.0,304.6666666666667,311.6,319.0,319.5,317.76,323.24,11.75,1.9882486067743972,42162100,False,False
NTBK.JK,82.0,83.33333333333333,85.0,85.0,82.7,87.66,81.01577339172363,5.659999999999997,3.0430296793270872,14656800,True,True
NSSS.JK,785.0,803.3333333333334,818.0,846.0,859.5,849.7,737.6826257324219,14.9,2.4575056736886345,3812900,False,False
NRCA.JK,550.0,553.3333333333334,556.0,568.5,568.75,520.22,500.20085357666017,9.705999999999994,1.3100783408452679,3442700,False,False
NPGF.JK,57.0,57.333333333333336,57.6,57.8,58.2,58.06358581542969,62.10980991363525,1.2000000000000028,1.307521207605355,3807200,True,False
NOBU.JK,520.0,521.6666666666666,530.0,531.0,515.2,479.88,478.81,10.224,2.281721221131396,2322000,False,False
NISP.JK,1285.0,1276.6666666666667,1269.0,1257.5,1255.25,1247.7,1262.2,7.459999999999991,0.8420959413366229,3696100,False,False
NIRO.JK,183.0,181.66666666666666,180.2,173.8,166.95,156.5,164.61,26.5,3.508120969063569,1993500,False,False
NINE.JK,90.0,92.66666666666667,95.6,95.3,92.4,82.64,92.6,12.959999999999994,3.7378240184202736,20439100,False,False
NIKL.JK,226.0,228.66666666666666,232.8,223.0,210.1,197.88,227.92,17.460000000000008,6.964147506997877,10700700,False,False
NICL.JK,470.0,475.3333333333333,481.6,491.4,488.45,490.16,574.2113970947265,10.699999999999989,1.768330786262135,42427800,False,False
NICK.JK,2450.0,2443.3333333333335,2466.0,2349.0,1973.25,1494.0,1297.5,97.2,7.932455402380199,8600,False,False
NICE.JK,356.0,362.6666666666667,365.2,363.0,334.5,287.32,285.26,38.94,5.02574277572391,1160200,False,False
NFCX.JK,1700.0,1723.3333333333333,1733.0,1719.5,1689.0,1613.2,1663.0,23.95999999999999,1.1330057966158305,1000,False,False
NETV.JK,50.0,50.0,50.0,50.0,50.25,50.8,60.05,0.7999999999999972,0.0,307300,True,False
NEST.JK,735.0,736.6666666666666,736.0,739.0,715.25,678.4,595.42,12.120000000000005,2.7595848120338813,7318300,False,False
NELY.JK,208.0,209.33333333333334,210.4,212.2,207.8,204.96,223.76110168457032,3.6199999999999903,1.7882354506791285,732100,True,False
NCKL.JK,920.0,938.3333333333334,956.0,954.0,950.75,900.5216088867187,890.3264404296875,11.095678222656261,2.8325884432585817,99667700,False,False
NAYZ.JK,73.0,73.33333333333333,74.6,74.1,71.25,63.0,62.37,11.599999999999994,1.8134631011195834,13069300,False,False
NATO.JK,1035.0,1028.3333333333333,1083.0,1071.5,873.25,732.4,665.6,70.12,12.079013370403894,286600,False,False
NASI.JK,163.0,163.66666666666666,163.2,158.4,148.95,134.16,130.55,29.50666666666666,2.816654201976365,14192000,False,False
NASA.JK,33.0,34.666666666666664,33.8,31.9,31.05,30.62,33.17,4.046666666666663,5.458235491310734,257500,False,False
NANO.JK,36.0,36.0,35.8,34.8,34.05,30.64,29.73,5.359999999999999,4.367639394203785,25963500,False,False
NAIK.JK,92.0,92.66666666666667,94.2,94.5,93.0,89.3,90.0594231414795,5.200000000000003,1.3793763820397706,3953000,True,True
MYTX.JK,41.0,41.0,41.0,41.0,41.0,41.0,45.04,0.0,0.0,0,True,False
MYOR.JK,1500.0,1515.0,1522.0,1539.5,1583.0,1664.1,1705.3100036621095,32.81999999999998,1.0535678416126348,16480200,False,False
MYOH.JK,1085.0,1118.3333333333333,1129.0,1138.0,1130.5,1078.1,1095.4976306152344,11.980000000000018,1.8286892309499956,155300,False,False
MUTU.JK,131.0,127.66666666666667,124.0,124.2,123.3,115.6,111.12231925964356,15.400000000000006,5.37885322765905,115243900,False,False
MTWI.JK,264.0,270.0,269.2,265.6,256.8,260.28,272.2387294006348,6.599999999999994,2.1445664719614856,162800,False,False
MTMH.JK,930.0,943.3333333333334,948.0,958.5,961.75,944.0,960.5328796386718,6.35,1.978729398738501,2400,False,False
MTLA.JK,530.0,535.0,533.0,532.0,523.25,519.8,512.3513269042969,3.040000000000009,1.4254100804063532,10300,True,False
MTFN.JK,13.0,13.0,13.0,13.0,13.0,13.0,15.11,0.0,0.0,0,True,False
MTEL.JK,482.0,484.6666666666667,490.4,487.4,468.3,460.7444305419922,470.68958953857424,14.827784729003895,1.6335443613264395,30932000,False,False
MTDL.JK,510.0,511.6666666666667,516.0,516.0,512.75,511.4,514.8260000610352,1.2,1.2429996653308402,954600,True,False
MSTI.JK,1355.0,1368.3333333333333,1370.0,1359.5,1346.5,1327.0,1286.6923132324218,8.6,1.5690038232035135,1046900,False,False
MSKY.JK,73.0,76.0,72.2,68.8,66.9,64.06,67.28,11.939999999999998,8.964970666209652,159319400,False,False
MSJA.JK,785.0,833.3333333333334,770.0,615.9,526.55,456.54,446.5325473022461,75.35866666666666,10.945181550062259,10259200,False,False
MSIN.JK,300.0,304.6666666666667,308.8,310.8,325.1,383.88,499.27,41.94,2.643934949578947,48541900,False,False
MSIE.JK,159.0,158.0,149.6,136.1,117.4,100.44,109.09,58.56,6.95185286306739,21263800,False,False
MREI.JK,920.0,920.0,920.0,920.0,920.0,920.0,954.45,0.0,0.0,0,True,False
MRAT.JK,392.0,388.0,386.8,400.0,407.4,427.92,431.62,20.560000000000002,2.5223692417582835,106200,False,False
MPXL.JK,171.0,169.66666666666666,170.4,169.0,168.15,158.24,158.66,12.759999999999991,1.7762434843080024,1469000,False,False
MPRO.JK,12100.0,12050.0,12010.0,12155.0,12451.25,11659.0,10181.0,31.69,1.1757341038019886,600,False,False
MPPA.JK,41.0,41.333333333333336,42.0,43.5,45.05,46.66,47.24,5.659999999999997,2.6616343124426636,15967100,True,False
MPOW.JK,112.0,112.66666666666667,113.8,114.8,112.2,105.1,107.38,9.700000000000003,3.0234290647034516,7600200,False,False
MPMX.JK,1025.0,1030.0,1040.0,1035.0,1023.5,1003.9,949.5471978759765,7.220000000000004,0.9259445921966208,4536700,False,False
MPIX.JK,160.0,135.0,128.4,121.2,111.35,101.68,94.41,58.31999999999999,8.497424453139317,272797700,False,False
MORA.JK,5050.0,5183.333333333333,5275.0,5347.5,5318.75,5810.5,6119.4,30.42,1.1716149943052967,273000,False,False
MOLI.JK,314.0,316.0,317.6,315.4,299.4,272.56,257.18813171386716,22.52000000000001,2.0885421490998946,2357600,False,False
MNCN.JK,200.0,202.0,202.4,202.6,202.5,204.04,210.74,4.039999999999992,2.13444532795764,68973600,True,False
MMLP.JK,300.0,301.3333333333333,302.4,303.6,300.5,297.4,307.14,3.1000000000000227,1.1072103588987736,362000,True,False
MMIX.JK,855.0,846.6666666666666,837.0,814.5,795.5,744.4,623.65,22.120000000000005,0.926034385865683,21975600,False,False
MLPT.JK,1150.0,1180.0,1200.0,1218.5,1282.75,1291.38,1033.3866412353516,28.27600000000002,2.070577826011497,2868100,False,False
MLPL.JK,89.0,89.66666666666667,91.0,91.5,92.85,92.12,89.95,3.8499999999999943,1.3706348110327844,28767700,True,False
MLIA.JK,218.0,219.33333333333334,221.2,224.6,228.2,231.96,241.2,6.980000000000004,0.9334950765814745,35900,False,False
MLBI.JK,6875.0,6833.333333333333,6845.0,6850.0,6877.5,6684.0,6221.686616210937,7.74,2.540393008752732,600200,False,False
MKTR.JK,123.0,122.33333333333333,122.8,122.8,122.55,121.48,122.94199584960937,1.519999999999996,0.922040328049591,529400,True,False
MKPI.JK,21750.0,21791.666666666668,21830.0,21890.0,21963.75,21676.0,21326.25306640625,11.51,0.2604079800262083,41300,False,False
MKAP.JK,1135.0,1121.6666666666667,1120.0,1120.5,1135.75,1156.2,1122.1668627929687,7.240000000000009,0.6607424185384436,2040200,False,False
MITI.JK,264.0,260.0,244.8,237.4,226.95,198.5,199.86,32.75,8.773558806654416,50915600,False,False
MIRA.JK,25.0,25.333333333333332,25.2,24.9,26.0,23.72,22.12,2.280000000000001,4.350416345299935,7052400,False,False
MINE.JK,286.0,284.0,281.2,274.6,255.8,236.76,252.46,24.620000000000005,4.235974159027021,1821400,False,False
MINA.JK,268.0,272.0,273.2,275.6,274.8,275.04,293.06,3.8000000000000114,1.776321355600435,25559400,True,False
MIKA.JK,1860.0,1845.0,1869.0,1889.5,1856.0,1797.4,1751.1264294433595,18.41999999999998,2.3140787909341665,2532400,False,False
MIDI.JK,266.0,266.0,269.6,273.2,275.1,279.32,288.4569192504883,6.659999999999997,1.2396928980139008,18804100,False,False
MICE.JK,545.0,548.3333333333334,553.0,555.0,542.25,525.3607922363282,507.8181210327148,5.927841552734367,1.5852202183300252,15400,True,False
MHKI.JK,129.0,133.0,138.0,141.6,140.75,136.04,139.88656288146973,12.599999999999994,2.090892314940767,5014600,False,False
MGRO.JK,685.0,683.3333333333334,687.0,686.0,680.0,676.7,675.15,2.0599999999999907,0.9306879654330951,3864700,True,True
MGNA.JK,140.0,139.33333333333334,122.8,109.6,103.15,100.96,109.89,39.040000000000006,11.04674150021572,38236200,False,False
MGLV.JK,14650.0,14966.666666666666,14920.0,13382.5,12348.75,9980.0,8937.0,199.46666666666664,6.3621121200789705,2513000,False,False
MERK.JK,3910.0,3910.0,3900.0,3886.0,3906.5,3893.8,3797.560615234375,2.4,0.4065462491061631,13800,True,False
MERI.JK,117.0,119.33333333333333,120.8,121.6,121.25,112.42,118.01,9.179999999999993,1.1842659850166228,1747200,False,False
MEJA.JK,117.0,114.33333333333333,116.0,113.9,117.75,102.88,99.16,14.870000000000005,2.915372652812386,26924700,False,False
MEGA.JK,1945.0,1961.6666666666667,1970.0,1974.5,1974.25,1985.1,2022.6,8.019999999999982,0.4796366332718565,41600,False,False
MEDS.JK,82.0,85.66666666666667,90.4,84.3,77.8,76.9,80.4,13.5,12.452269918424765,204115100,False,False
MEDC.JK,1575.0,1566.6666666666667,1562.0,1518.0,1450.0,1340.5,1341.2697546386719,46.9,1.8907750723904408,125089700,False,False
MDRN.JK,26.0,26.0,26.0,26.0,26.0,26.0,31.55,0.0,0.0,0,True,False
MDLN.JK,50.0,50.0,50.0,50.0,50.0,50.1,51.0,0.10000000000000142,0.0,119300,True,False
MDLA.JK,206.0,207.33333333333334,208.0,208.4,208.1,207.96,205.2921748352051,1.2000000000000028,0.8387865157162621,2117300,True,True
MDKI.JK,194.0,195.66666666666666,197.0,196.2,193.25,186.5,183.01281051635743,10.5,0.8887525853440669,413400,False,False
MDKA.JK,2880.0,2996.6666666666665,3044.0,2971.0,2961.0,2823.0,2810.3249047851564,22.1,3.4648809302314723,77736800,False,False
MDIY.JK,945.0,936.6666666666666,943.0,951.0,951.25,941.4,887.2452026367188,2.916666666666674,1.4276065713065844,844600,True,False
MDIA.JK,200.0,207.33333333333334,215.6,234.4,248.9,187.5,141.84,61.400000000000006,8.769401367473769,362623400,False,False
MCOR.JK,69.0,69.0,69.2,69.6,69.4,68.66,68.16,0.9399999999999977,1.2543664284879494,1429900,True,True
MCOL.JK,3610.0,3670.0,3704.0,3728.0,3720.5,3739.8,3736.2296484375,12.980000000000018,1.0477894970232235,56900,False,False
MCAS.JK,264.0,272.6666666666667,280.8,283.4,287.1,245.08,251.65,21.010000000000005,2.165098807359953,1080500,False,False
MBTO.JK,155.0,154.66666666666666,149.0,137.8,132.65,124.84,118.95,30.159999999999997,7.4546006023259554,135427400,False,False
MBSS.JK,2890.0,2886.6666666666665,2878.0,2861.0,2846.0,2759.0,2571.75,13.1,1.1168361286528545,1496400,False,False
MBMA.JK,505.0,518.3333333333334,533.0,528.5,537.5,525.38,534.34,6.5,3.9066150859569717,249145100,False,False
MBAP.JK,1675.0,1718.3333333333333,1744.0,1731.0,1611.25,1486.3,1500.1,51.540000000000006,2.4852548173286872,50700,False,False
MAYA.JK,197.0,196.66666666666666,197.4,198.3,198.8,197.38,193.79,2.133333333333354,0.9502773003004416,614800,True,False
MAXI.JK,50.0,50.0,50.0,50.0,50.0,50.0,50.49,0.0,0.0,13700,True,False
MASB.JK,3340.0,3363.3333333333335,3376.0,3387.0,3388.5,3387.8,3345.2,4.85,0.34688637729561494,8400,True,False
MARK.JK,1110.0,1106.6666666666667,1095.0,1085.0,1083.75,1049.5954931640624,930.3101824951171,12.080901367187517,1.1350371773497985,7934900,False,False
MARI.JK,23.0,23.0,23.0,23.0,23.0,23.0,24.8,0.0,0.0,0,True,False
MAPI.JK,1325.0,1345.0,1358.0,1392.0,1441.0,1506.9,1473.2832458496093,36.38000000000002,2.2146598025027724,5956600,False,False
MAPB.JK,1260.0,1260.0,1260.0,1214.5,1189.5,1116.5,1227.6,28.7,2.6222606339901264,500,False,False
MAPA.JK,650.0,668.3333333333334,681.0,690.0,685.0,649.3,627.3185357666016,8.14000000000001,1.8001336895874929,16051700,False,False
MANG.JK,38.0,39.333333333333336,41.4,40.6,39.45,39.34,43.54,3.3999999999999986,5.535374353813912,15419300,False,False
MAIN.JK,670.0,676.6666666666666,688.0,686.0,676.75,682.1,718.1313159179688,3.6,2.4134889352277074,1218500,True,False
MAHA.JK,144.0,144.66666666666666,145.8,147.0,147.05,143.92,139.3075015258789,3.130000000000024,1.1289244791992776,5681800,True,True
LUCK.JK,116.0,117.33333333333333,118.8,116.7,115.05,109.88,108.71,8.920000000000002,2.1429745790121877,1681700,False,False
LTLS.JK,1050.0,1058.3333333333333,1039.0,962.0,902.25,840.4,803.5788726806641,43.58666666666666,4.574753534512981,582700,False,False
LSIP.JK,1705.0,1696.6666666666667,1704.0,1662.5,1557.25,1443.9,1377.234442138672,52.219999999999985,2.6700799889377445,11804200,False,False
LRNA.JK,208.0,211.33333333333334,209.2,203.7,196.45,187.9,188.95,11.716666666666669,2.356899508354901,268400,False,False
LPPS.JK,81.0,82.0,82.4,82.4,82.1,79.46,77.27,2.940000000000012,1.062776451367938,1832000,True,True
LPPF.JK,1620.0,1633.3333333333333,1643.0,1628.5,1621.0,1582.2,1581.7613403320313,12.159999999999991,1.161468594310002,1365400,False,False
LPLI.JK,232.0,234.66666666666666,237.6,239.6,241.5,244.4,252.38,6.200000000000003,0.9809644861888425,260100,False,False
LPKR.JK,61.0,61.0,61.6,61.9,62.5,62.1,66.74,1.5,1.3970041547300163,161332800,True,False
LPIN.JK,430.0,430.0,431.2,430.8,426.9,420.24,413.9406201171875,5.47999999999999,0.6696931456531463,128800,True,False
LPGI.JK,645.0,645.0,642.0,641.0,638.75,646.0,665.0210162353516,1.45,1.4916204123222385,3800,True,False
LPCK.JK,585.0,590.0,593.0,597.0,600.5,566.3,557.74,6.840000000000009,0.9044935387233517,325900,False,False
LOPI.JK,61.0,62.0,62.4,66.7,72.6,67.12,78.55,11.599999999999994,4.989895541269595,17185300,False,False
LMPI.JK,159.0,159.33333333333334,160.6,162.2,159.85,148.62,148.7,13.579999999999984,1.4590328221713011,1407600,False,False
LMAX.JK,105.0,107.33333333333333,109.2,109.5,110.3,110.16,114.93,5.299999999999997,4.111539818343539,867200,False,False
LIVE.JK,189.0,194.0,191.8,190.6,192.85,201.42,211.35,12.419999999999987,2.127361933619374,4798300,False,False
LION.JK,366.0,374.0,377.6,379.2,364.0,352.04,358.8,13.579999999999984,4.704033109605279,82800,False,False
LINK.JK,1655.0,1700.0,1683.0,1631.5,1577.25,1478.8,1483.0,44.24000000000001,4.247013011966237,100100,False,False
LIFE.JK,12725.0,12725.0,12725.0,12210.0,9287.5,7202.0,6858.373793945312,220.92,7.32307213193202,0,False,False
LFLO.JK,530.0,520.0,523.0,520.5,518.75,509.92,525.7215197753907,4.0159999999999965,2.2995172870939258,16000,True,False
LEAD.JK,110.0,111.0,111.2,112.1,109.8,106.02,108.31,6.079999999999998,3.3672533404842024,29589400,False,False
LCKM.JK,109.0,109.0,109.0,109.0,109.0,109.02,114.41,0.01999999999999602,0.0,0,True,False
LAPD.JK,93.0,77.0,74.8,73.2,70.35,67.62,69.77,25.379999999999995,11.470358432553041,1088719100,False,False
LAND.JK,72.0,74.0,74.6,74.0,74.5,74.18,72.22,2.5999999999999943,2.1665910127744934,14556600,True,False
LAJU.JK,69.0,70.33333333333333,71.8,71.9,69.8,67.8,68.69261516571045,4.1000000000000085,3.2394575306863427,40195700,True,True
LABS.JK,166.0,171.66666666666666,175.2,173.7,171.0,158.64,154.62,16.560000000000002,8.757888281793191,2576400,False,False
LABA.JK,125.0,126.33333333333333,129.0,126.7,115.25,101.94,103.19,27.060000000000002,5.328437699262023,60740700,False,False
KUAS.JK,99.0,100.33333333333333,100.6,102.9,98.2,94.22,96.76943367004395,8.680000000000007,5.1893922366813605,9033300,False,False
KSIX.JK,408.0,406.6666666666667,408.8,411.8,413.2,354.4,346.46,29.400000000000006,1.4588555563415393,235000,False,False
KRYA.JK,67.0,67.0,67.4,67.7,66.15,62.6,63.97,5.100000000000001,1.296954578585527,31137000,True,True
KREN.JK,15.0,15.666666666666666,15.2,14.5,13.9,13.24,13.78,2.426666666666666,4.351718866338523,41165400,False,False
KRAS.JK,234.0,238.66666666666666,243.6,246.6,236.4,229.34,231.74,8.629999999999995,3.1904030822831766,3586100,False,False
KPIG.JK,81.0,81.66666666666667,75.4,71.0,68.85,75.86,85.06,12.816666666666677,9.702509535495253,817150400,False,False
KOTA.JK,193.0,199.0,203.4,211.5,189.45,151.9,132.86,59.599999999999994,3.2439545934764795,294383500,False,False
KOPI.JK,200.0,202.33333333333334,204.6,206.7,205.05,201.78,206.46,6.699999999999989,2.0376611314524467,945400,False,False
KONI.JK,2070.0,2086.6666666666665,2122.0,2155.0,2203.0,2393.0,2519.3,32.3,1.3812176051159613,9200,False,False
KOKA.JK,191.0,192.66666666666666,194.0,187.5,184.05,185.66,156.93,9.949999999999989,7.3484413567192375,50708000,False,False
KOIN.JK,78.0,78.0,78.0,78.0,78.0,78.0,78.23,0.0,0.0,0,True,False
KOCI.JK,125.0,129.33333333333334,126.4,117.3,111.65,106.32,104.687367477417,23.01333333333335,4.041912614579632,39701300,False,False
KOBX.JK,179.0,178.0,178.4,177.4,174.35,162.88,164.24,16.120000000000005,0.8131822501959223,1579600,False,False
KMTR.JK,256.0,257.3333333333333,256.0,254.8,244.3,235.96,237.42,10.686666666666653,1.9674232891761647,17300,False,False
KMDS.JK,525.0,523.3333333333334,520.0,521.5,523.0,530.6,533.1226443481445,2.1200000000000045,0.9517085457354792,100400,True,False
KLIN.JK,124.0,125.33333333333333,121.0,117.6,117.15,113.16,117.61,12.173333333333332,3.5571978477761967,228700,False,False
KLBF.JK,735.0,741.6666666666666,753.0,763.5,782.75,760.6,772.5404095458985,9.55,1.8754172887732696,53615300,False,False
KLAS.JK,83.0,83.66666666666667,84.4,86.0,84.35,77.18,75.65,8.819999999999993,2.5659357703772345,7220800,False,False
KKGI.JK,304.0,302.6666666666667,305.6,302.6,292.3,280.24,277.62375839233397,12.680000000000007,1.7685438102300162,3630700,False,False
KKES.JK,87.0,89.0,91.0,92.0,80.9,71.24,56.35,20.760000000000005,11.833071273249088,25003900,False,False
KJEN.JK,161.0,157.66666666666666,159.2,161.8,163.25,145.24,140.39,18.00999999999999,2.721298476662471,93709300,False,False
KIOS.JK,98.0,100.0,100.8,101.3,99.35,96.1,94.42,5.200000000000003,1.854009659531022,10715400,True,True
KINO.JK,1395.0,1383.3333333333333,1392.0,1371.0,1353.75,1264.3,1179.7439904785156,26.140000000000008,2.146238137918688,52700,False,False
KING.JK,368.0,383.3333333333333,388.4,353.2,320.0,302.0,382.07,43.19999999999999,5.915523947806065,1001000,False,False
KIJA.JK,192.0,193.0,196.4,199.8,198.7,156.32,149.65,43.48000000000002,3.034749765260682,221530400,False,False
KICI.JK,274.0,276.6666666666667,272.8,269.4,242.35,211.6,206.16,32.533333333333346,4.876563657275809,5033200,False,False
KETR.JK,905.0,930.0,930.0,889.5,795.5,647.8,601.82,56.44000000000001,3.12050084904935,98941600,False,False
KEJU.JK,600.0,600.0,608.0,616.0,604.75,575.1,570.2285571289062,8.179999999999996,1.3691129955763663,75000,False,False
KEEN.JK,910.0,923.3333333333334,939.0,939.5,907.25,879.4,870.3399127197266,12.020000000000005,1.6920811485858764,5977600,False,False
KDTN.JK,398.0,398.0,407.6,410.8,384.7,435.86,631.17,25.580000000000013,3.2111059593342843,2636100,False,False
KDSI.JK,468.0,468.0,468.0,466.2,463.6,454.6,449.68,6.699999999999989,0.49251014256335174,19200,False,False
KBLV.JK,125.0,128.0,130.4,133.6,138.0,125.86,111.97,13.0,1.6001649436949186,11801000,False,False
KBLM.JK,356.0,353.3333333333333,346.4,334.6,320.7,306.04,303.10112030029296,24.97999999999999,1.9275493561227646,1173100,False,False
KBLI.JK,350.0,341.3333333333333,336.4,335.8,331.4,326.28,314.53927947998045,11.860000000000014,2.0778149577189318,5902400,False,False
KBAG.JK,44.0,43.666666666666664,44.2,44.9,45.45,44.08,43.31,1.7833333333333385,2.753164528437137,2560400,True,True
KARW.JK,212.0,212.0,212.0,212.0,212.0,212.0,240.64,0.0,0.0,0,True,False
KAQI.JK,94.0,96.33333333333333,97.6,99.0,97.1,93.0,96.19,6.0,3.746494536211469,34093000,False,False
KAEF.JK,440.0,448.0,458.8,455.5,446.75,450.3,469.86,9.400000000000006,6.328637750251372,2133700,False,False
JTPE.JK,590.0,605.0,607.0,607.5,612.25,609.4,602.26,4.45,1.4034221645429592,1572700,True,False
JSPT.JK,1485.0,1458.3333333333333,1438.0,1415.5,1409.0,1403.9,1362.2395874023437,16.21999999999998,2.6758895813689105,34900,False,False
JSMR.JK,2920.0,2953.3333333333335,2976.0,2981.0,2887.5,2796.2,2817.011298828125,18.480000000000018,1.3053316330402285,2642700,False,False
JRPT.JK,1110.0,1116.6666666666667,1117.0,1103.5,1090.5,1084.1,1074.5809313964844,6.580000000000018,0.863237675199062,938900,False,False
JPFA.JK,2270.0,2280.0,2312.0,2304.0,2263.0,2178.4,2214.595104980469,13.35999999999999,2.836861927907268,13840100,False,False
JMAS.JK,228.0,228.0,228.0,228.0,228.0,228.0,239.68,0.0,0.0,0,True,False
JKON.JK,85.0,85.66666666666667,86.2,86.6,86.35,78.82,74.02910495758057,7.780000000000001,1.8846387411697585,17410900,False,False
JIHD.JK,440.0,447.3333333333333,450.4,456.4,445.6,434.44,442.08,10.97999999999999,1.514700168886405,104600,False,False
JGLE.JK,74.0,76.33333333333333,78.8,82.7,84.6,73.42,70.04,11.179999999999993,1.8356909142419067,625996000,False,False
JECC.JK,850.0,826.6666666666666,757.0,702.5,669.75,647.9,664.5325732421875,40.42,8.07690635420962,784000,False,False
JAYA.JK,150.0,157.33333333333334,161.4,155.4,144.65,134.22,131.54,27.180000000000007,9.319894884567068,5535000,False,False
JAWA.JK,148.0,154.0,154.8,146.6,139.1,128.36,133.47,26.439999999999998,7.164025925281135,10403600,False,False
JATI.JK,124.0,115.66666666666667,114.2,111.6,107.1,99.8,99.39363311767578,24.200000000000003,3.7009476579322533,183529800,False,False
JAST.JK,91.0,92.33333333333333,94.2,94.3,92.6,87.14,87.42,7.159999999999997,1.993859217860623,6371400,False,False
JARR.JK,3830.0,3750.0,3612.0,3416.0,3153.0,2390.8,2140.904182128906,143.92,4.7166743200395835,25865600,False,False
ITMG.JK,26150.0,26116.666666666668,26330.0,26252.5,25801.25,24840.0,24135.91677734375,59.6,0.8869429597149595,1773600,False,False
ITMA.JK,1495.0,1520.0,1534.0,1509.0,1471.25,1406.2,1579.1,25.55999999999999,4.017766033838307,41500,False,False
ITIC.JK,220.0,222.66666666666666,224.8,225.6,225.3,217.48,221.19,4.060000000000002,1.090512931684857,382400,True,False
ISSP.JK,440.0,450.0,452.4,447.4,436.9,422.32,411.20143341064454,15.039999999999992,2.471126024839272,3203400,False,False
ISEA.JK,87.0,89.0,89.0,87.4,85.0,80.96,77.9,8.040000000000006,1.6774202048096747,3729900,False,False
ISAT.JK,2380.0,2403.3333333333335,2394.0,2388.0,2502.5,2191.9,2079.2955773925783,31.05999999999999,2.064667061212677,93486600,False,False
ISAP.JK,25.0,27.0,26.6,25.2,24.3,24.32,25.68,2.6999999999999993,5.879388115281478,40250300,False,False
IRSX.JK,404.0,408.6666666666667,413.6,412.2,389.7,344.24,350.6643630981445,34.68000000000001,4.186410791373789,59435800,False,False
IRRA.JK,370.0,372.6666666666667,378.0,379.4,375.6,374.32,378.54,4.699999999999989,4.383253999334252,388600,False,False
IPTV.JK,31.0,31.666666666666668,31.2,31.1,30.9,31.0,34.61,0.7666666666666693,3.0433793381732985,1352700,True,False
IPOL.JK,117.0,116.0,116.4,116.6,114.5,110.48,113.0,6.519999999999996,1.482343413008923,574800,False,False
IPCM.JK,292.0,292.0,292.0,294.2,298.0,305.68,304.91521911621095,6.840000000000003,0.9124199442463944,980200,False,False
IPCC.JK,1125.0,1126.6666666666667,1133.0,1142.0,1150.25,1169.7,1162.1408380126952,8.940000000000008,0.6253044095790546,402600,False,False
IPAC.JK,189.0,188.0,187.0,185.3,181.2,169.38,159.28,19.620000000000005,1.4102614596817356,0,False,False
IOTF.JK,65.0,63.666666666666664,65.2,65.1,65.25,59.0,58.33,6.25,3.7260182541909304,80177800,False,False
INTP.JK,5100.0,5175.0,5290.0,5392.5,5468.75,5061.1,4730.595961914062,16.305999999999987,1.781928228377589,939800,False,False
INTD.JK,292.0,272.6666666666667,270.4,270.8,279.8,259.84,249.66,16.080000000000013,5.083772458449971,1599100,False,False
INTA.JK,61.0,61.0,61.0,61.0,61.0,61.0,65.64,0.0,0.0,0,True,False
INPS.JK,805.0,821.6666666666666,812.0,765.5,726.75,683.8,673.3,27.573333333333334,4.023981629059392,342200,False,False
INPP.JK,750.0,750.0,750.0,749.5,743.5862213134766,716.0557067871093,741.1676422119141,6.788858642578134,1.4784019636266212,51100,False,False
INPC.JK,157.0,160.0,164.4,164.6,154.5,144.16,143.21,20.439999999999998,4.201582729615029,14272700,False,False
INOV.JK,138.0,138.66666666666666,139.0,139.6,141.75,136.86,131.81,4.889999999999986,0.9409580074422734,1308100,True,True
INKP.JK,8825.0,8925.0,9105.0,9012.5,8875.0,8297.0,8186.288359375,32.32,2.415545947423152,6253600,False,False
INET.JK,332.0,340.6666666666667,350.8,352.6,333.0,264.88,253.76,43.860000000000014,3.0968648850861578,652697300,False,False
INDY.JK,2790.0,2833.3333333333335,2886.0,2828.0,2761.5,2537.6,2595.5600390625,34.84000000000001,4.675959288893259,22273000,False,False
INDX.JK,60.0,60.0,60.0,60.0,60.0,60.0,71.57,0.0,2.837818317547164e-07,0,True,False
INDS.JK,258.0,263.3333333333333,266.8,267.4,267.3,269.08,290.7534031677246,5.539999999999992,1.8628471504797652,2680000,True,False
INDR.JK,2950.0,2983.3333333333335,3008.0,2871.0,2658.5,2348.3,2277.9,65.96999999999998,4.171844319763522,92900,False,False
INDO.JK,186.0,184.33333333333334,185.6,185.6,183.75,176.5,167.9,9.5,1.6278840978088533,34807700,False,False
INDF.JK,7250.0,7291.666666666667,7375.0,7307.5,7327.5,7107.7,6770.477241210938,10.692000000000007,1.8096526621623397,4621500,False,False
INCO.JK,4690.0,4780.0,4828.0,4878.0,5054.0,5015.8,5120.211376953125,36.4,2.269687028560107,21621900,False,False
INCI.JK,775.0,793.3333333333334,793.0,791.0,731.0,687.6,676.5221270751953,21.14666666666667,4.979177600261304,49600,False,False
INCF.JK,50.0,50.0,50.0,50.0,50.0,50.0,51.61,0.0,0.0,0,True,False
INAI.JK,174.0,175.66666666666666,177.2,176.5,176.9,169.22,164.77,7.97999999999999,0.9609065105987401,24699300,False,False
IMPC.JK,1725.0,1716.6666666666667,1713.0,1587.5,1482.5,1497.3,1674.3,48.5,4.0934284365204405,26199200,False,False
IMJS.JK,186.0,185.0,187.6,185.1,176.55,161.21904998779297,161.12627059936523,26.380950012207023,6.078412386792492,2976500,False,False
IMAS.JK,880.0,900.0,908.0,914.0,898.25,864.8414904785157,897.6475177001953,9.83170190429687,4.3692964805312355,160900,False,False
IKPM.JK,184.0,184.33333333333334,186.8,190.3,193.05,189.2,190.6,9.050000000000011,0.9120457011021315,283600,False,False
IKBI.JK,550.0,556.6666666666666,543.0,530.0,528.0,538.0974871826172,516.8294619750976,5.733333333333325,3.068026104183553,860400,True,False
IKAN.JK,86.0,89.0,90.6,90.5,89.45,85.8,85.0,4.799999999999997,2.037947907099102,7106600,True,True
IKAI.JK,21.0,20.666666666666668,20.2,19.8,19.7,20.0,20.55,1.3000000000000007,3.9649876633445316,16450300,False,False
IGAR.JK,468.0,468.6666666666667,471.2,475.6,470.9,444.44,440.7165725708008,15.580000000000013,0.9530049165502245,29200,False,False
IFSH.JK,1070.0,1075.0,1079.0,1078.0,1082.25,1144.5,1387.1796728515626,14.9,2.17023478361291,1200,False,False
IFII.JK,204.0,208.66666666666666,206.4,204.8,205.6,208.52,214.62,2.3333333333333286,4.655614498357067,3471700,False,False
IDPR.JK,284.0,277.3333333333333,276.8,273.6,269.3,282.28,288.8708712768555,7.349999999999994,1.9167717098413841,537900,False,False
IDEA.JK,85.0,78.0,73.2,67.1,64.1,63.58,65.04,21.42,5.2485176898484545,25794200,False,False
ICON.JK,143.0,143.33333333333334,144.8,141.5,136.35,120.04,117.97,24.760000000000005,6.234753375387394,12720900,False,False
ICBP.JK,7125.0,7141.666666666667,7165.0,7247.5,7490.0,7206.380869140625,6845.432368164063,14.6,0.925865553168978,3026600,False,False
IBST.JK,8475.0,8475.0,8475.0,8475.0,8475.0,8475.0,8475.0,0.0,0.0,0,True,False
IBOS.JK,92.0,95.0,97.2,94.8,88.25,76.08,84.45,21.120000000000005,3.740185716064991,7699000,False,False
IBFN.JK,63.0,63.0,63.0,63.0,63.0,63.0,67.46,0.0,0.0,0,True,False
IATA.JK,123.0,125.66666666666667,131.8,131.0,124.0,95.24,83.07,36.56000000000002,5.7786213477392305,669597700,False,False
HYGN.JK,196.0,195.33333333333334,192.4,188.4,182.55,168.22,155.56840057373046,27.78,1.5583616942947909,1814900,False,False
HUMI.JK,133.0,135.66666666666666,138.8,142.5,144.25,137.41034378051756,143.6448268890381,11.25,2.9298652362940825,39288800,False,False
HRUM.JK,920.0,921.6666666666666,939.0,941.0,921.0,854.4,845.0,17.320000000000004,2.3156881101495315,19857400,False,False
HRTA.JK,2120.0,2170.0,2208.0,2234.0,2257.5,2058.8,2189.0829467773438,19.869999999999983,1.931970100177174,8172400,False,False
HRME.JK,45.0,45.0,44.8,43.5,42.15,42.98,45.17,2.8500000000000014,4.2276340524561835,1759500,False,False
HOPE.JK,206.0,208.0,212.0,232.8,244.5,211.38,177.89,19.25,10.049816964150988,17106200,False,False
HOMI.JK,234.0,236.66666666666666,243.6,232.2,222.9,198.04,202.73,22.78,3.8778498868621476,2686700,False,False
HOKI.JK,55.0,55.666666666666664,55.8,55.8,55.7,54.5,57.31,1.2999999999999972,1.2013279509718602,23080700,True,False
HMSP.JK,720.0,730.0,740.0,740.0,741.5,727.2,696.454974975586,4.3,1.5533363183497624,18170800,True,True
HILL.JK,16.0,16.0,16.0,16.0,16.0,16.0,16.68,0.0,0.0,0,True,False
HGII.JK,144.0,140.66666666666666,139.8,139.5,133.95,126.84,128.9622782897949,17.159999999999997,1.3937495198336864,1508200,False,False
HEXA.JK,4460.0,4460.0,4474.0,4480.0,4425.0,4433.8,4427.4,5.5,0.27893978158546967,386100,True,False
HERO.JK,336.0,335.3333333333333,336.8,336.2,335.5,336.24,358.19,0.7333333333333485,1.0343704480569986,37300,True,False
HELI.JK,202.0,202.66666666666666,204.0,202.2,199.45,191.36,187.22,6.319999999999993,2.0120180295016175,480900,False,False
HEAL.JK,685.0,678.3333333333334,678.0,684.0,677.5,771.1,865.860810546875,18.720000000000006,3.607908212939543,12303100,False,False
HDIT.JK,50.0,50.0,50.0,50.0,50.1,50.38,53.04,0.38000000000000256,0.0,109600,True,False
HDFA.JK,101.0,100.66666666666667,101.2,101.5,100.4,95.24,95.91,6.260000000000005,0.8071307050669014,23582100,False,False
HBAT.JK,350.0,336.0,330.0,303.4,272.1,259.84,338.93,45.08000000000001,6.003921895865777,3902500,False,False
HATM.JK,585.0,593.3333333333334,595.0,597.0,598.0,532.26,426.86643157958986,13.148000000000001,2.5750467148547775,4947400,False,False
HALO.JK,72.0,73.0,75.4,74.3,71.3,68.86,69.74,6.540000000000006,9.494817435399511,13693200,False,False
HAJJ.JK,109.0,111.0,112.0,110.7,111.3,107.32,112.4,4.680000000000007,2.5702578129066085,12225100,True,False
HAIS.JK,183.0,185.0,186.6,186.9,184.8,182.72,181.05,4.180000000000007,1.2422263020076891,774300,True,False
HADE.JK,22.0,24.0,23.6,20.8,18.9,18.5,17.66,5.5,7.199521542401453,7117200,False,False
GZCO.JK,191.0,191.0,195.4,197.1,187.1,168.72,169.69,28.379999999999995,3.9264029554476143,24817500,False,False
GWSA.JK,163.0,167.33333333333334,169.0,169.9,164.35,141.54,137.05,28.360000000000014,1.9637788521378616,2271100,False,False
GUNA.JK,220.0,220.0,220.4,219.6,218.0,203.46,191.4144073486328,8.469999999999999,0.9082985993014719,192400,False,False
GULA.JK,830.0,828.3333333333334,819.0,799.0,773.5,745.7,616.94,16.859999999999992,2.8692526405449432,31050500,False,False
GTSI.JK,159.0,163.66666666666666,166.6,169.6,173.7,160.52,165.36511695861816,14.699999999999989,2.787064275065843,24594700,False,False
GTRA.JK,244.0,248.66666666666666,253.2,263.0,244.0,232.0,222.43,15.5,8.247805987249771,1764600,False,False
GTBO.JK,155.0,155.66666666666666,156.8,158.4,164.2,167.68,180.53,12.680000000000007,5.12773519191705,51200,False,False
GSMF.JK,103.0,111.0,103.8,100.6,97.7,90.86,94.95,20.14,12.642163855211002,21302700,False,False
GRPM.JK,170.0,170.33333333333334,169.2,174.0,177.5,216.2,243.14,47.0,2.871785390212238,6750900,False,False
GRPH.JK,137.0,137.0,135.0,120.4,98.05,74.82,68.17,62.18000000000001,7.898986354866724,0,False,False
GRIA.JK,165.0,165.33333333333334,167.2,167.9,172.3,142.54,129.76,29.76000000000002,1.880012225543917,2437400,False,False
GPSO.JK,288.0,286.6666666666667,286.8,292.6,292.8,297.12,355.98,5.2266666666666595,1.6426304579433277,44044400,True,False
GPRA.JK,106.0,105.0,105.8,107.6,108.9,105.32156860351563,105.41843009948731,3.9000000000000057,1.9259440377080175,125809200,True,True
GOTO.JK,50.0,50.0,50.0,50.0,50.0,50.0,50.34,0.0,0.0,13598500,True,False
GOOD.JK,306.0,312.0,314.8,317.8,312.8,305.56,317.1498587036133,6.1200000000000045,1.16131392669004,384900,False,False
GOLF.JK,179.0,178.33333333333334,171.4,166.2,163.65,164.56,168.6999609375,15.349999999999994,2.804573204343588,13325700,False,False
GOLD.JK,272.0,276.0,278.8,276.8,275.8,267.04,267.28,5.8799999999999955,1.3752006867978162,27300,True,False
GMTD.JK,1335.0,1300.0,1300.0,1377.5,1362.25,1324.9,1440.0940942382813,15.5,3.6754072674043106,31500,False,False
GMFI.JK,58.0,57.666666666666664,58.6,59.1,59.05,56.56,55.96,2.539999999999999,2.5651333983660507,63936000,True,True
GLVA.JK,330.0,328.0,328.0,325.0,318.6,308.6,314.1697592163086,10.699999999999989,0.9785536067530206,6200,False,False
GJTL.JK,1365.0,1351.6666666666667,1362.0,1376.5,1377.5,1271.7,1193.4500109863282,21.15999999999999,1.389086283884089,5833500,False,False
GIAA.JK,63.0,64.33333333333333,65.6,66.3,68.05,60.84,60.37,7.209999999999994,3.050662559367014,107794600,False,False
GHON.JK,1685.0,1678.3333333333333,1678.0,1659.5,1637.75,1622.7,1700.95,12.45999999999999,1.0435613807649946,5600,False,False
GGRP.JK,326.0,329.3333333333333,324.4,321.0,311.9,302.12,293.0941104125977,13.606666666666655,2.5041844616772058,1056900,False,False
GGRM.JK,19000.0,19291.666666666668,19555.0,19867.5,20006.25,18989.0,17098.025,40.69,1.0755676871760602,1337700,False,False
GEMS.JK,7400.0,7500.0,7570.0,7467.5,7108.75,6736.5,6943.5,33.34,1.909300762639534,192100,False,False
GEMA.JK,91.0,92.33333333333333,92.8,92.7,87.5,83.14,82.58523719787598,9.659999999999997,4.894359124562931,1381600,False,False
GDYR.JK,1125.0,1123.3333333333333,1127.0,1122.0,1115.75,1103.5,1098.5,4.7,1.4049475628797314,5900,True,False
GDST.JK,113.0,113.33333333333333,115.2,114.0,113.15,104.12,97.34,11.079999999999998,2.1677183162077465,10125400,False,False
FWCT.JK,90.0,91.33333333333333,92.0,91.2,91.4,89.76,86.77,2.239999999999995,1.9022377254509362,3759000,True,True
FUTR.JK,302.0,298.6666666666667,306.8,321.0,326.0,294.16,241.55,15.919999999999987,3.561190312586192,51509200,False,False
FUJI.JK,248.0,246.0,248.0,250.4,274.8,233.14,260.43,20.830000000000013,4.07570661225609,1166400,False,False
FPNI.JK,520.0,543.3333333333334,551.0,590.0,578.95,447.58,416.4,28.484,5.517918675110926,6711200,False,False
FORU.JK,4650.0,3973.3333333333335,3852.0,3508.0,2852.25,2804.9,2474.25,184.51,11.258483558302792,4375800,False,False
FORE.JK,790.0,786.6666666666666,789.0,803.5,809.75,729.8,768.1,15.990000000000009,1.4470528319666387,8303300,False,False
FOOD.JK,176.0,176.0,176.0,176.0,176.0,176.0,175.69,0.0,0.0,0,True,False
FOLK.JK,296.0,270.0,248.8,214.6,196.75,204.58,228.27,49.625,7.405981536763859,204731900,False,False
FMII.JK,252.0,253.33333333333334,253.2,253.4,253.7,251.44,248.44,1.1299999999999955,1.088622646029489,1400,True,False
FLMC.JK,131.0,132.0,130.6,117.2,98.2,78.64,106.02,53.36,5.824421614941095,8472000,False,False
FITT.JK,456.0,445.3333333333333,456.0,441.2,412.3,383.44,386.12,36.28,7.087681656087678,1579800,False,False
FISH.JK,720.0,656.6666666666666,638.0,626.5,615.75,618.8,654.3026055908203,20.85,4.529643902079231,2669100,False,False
FIRE.JK,123.0,123.33333333333333,125.6,124.2,117.4,111.0,114.85,14.599999999999994,4.177619252699364,36205200,False,False
FILM.JK,775.0,796.6666666666666,824.0,842.0,828.25,1100.2,1602.15,65.04,6.241766285398793,33630400,False,False
FAST.JK,434.0,440.0,447.6,456.2,465.5,377.64,316.78,43.93000000000001,1.3084496941947419,7132700,False,False
FAPA.JK,7400.0,7441.666666666667,7460.0,7470.0,7457.5,7398.70474609375,7259.239892578125,2.8518101562499942,0.35468832700100617,10100,True,False
EXCL.JK,2550.0,2626.6666666666665,2670.0,2699.0,2749.5,2606.4,2699.6,19.95,1.451554508185731,7008000,False,False
EURO.JK,1350.0,1393.3333333333333,1411.0,1413.5,1481.75,1698.9,1924.2743786621095,69.78000000000002,4.695068617295755,114700,False,False
ESTI.JK,168.0,170.66666666666666,174.6,168.5,164.5,154.04,145.24304168701173,20.560000000000002,8.73912893501785,7621600,False,False
ESTA.JK,176.0,174.0,173.6,174.4,173.05,178.1,186.92,5.049999999999983,1.7980207341862124,1862200,True,False
ESSA.JK,650.0,661.6666666666666,674.0,689.0,658.75,631.1,648.0467828369141,11.579999999999995,3.142601098834885,106822000,False,False
ESIP.JK,123.0,121.66666666666667,126.0,123.2,122.95,126.79850402832031,131.13153549194337,5.131837361653638,5.967814368646277,19457600,False,False
ERTX.JK,180.0,182.33333333333334,184.2,184.2,183.7,175.44,169.95,8.759999999999991,1.4095509017625387,400300,False,False
ERAL.JK,324.0,322.0,323.6,321.2,311.0,300.68,289.66481323242186,11.659999999999997,2.240124572470743,8190900,False,False
ERAA.JK,580.0,588.3333333333334,593.0,574.3,524.85,447.16,399.9124008178711,29.167999999999996,5.180181600881799,123872300,False,False
EPMT.JK,2480.0,2470.0,2448.0,2422.0,2405.5,2359.0,2343.2,12.1,2.265468006324909,186200,False,False
EPAC.JK,54.0,54.666666666666664,55.4,55.6,56.2,61.84,65.83,7.840000000000003,2.675539836858147,36951500,False,False
ENZO.JK,75.0,76.0,75.4,75.8,74.1,71.74,72.93,4.260000000000005,4.825730910795391,137046700,False,False
ENRG.JK,1455.0,1458.3333333333333,1462.0,1407.5,1341.75,1309.5483361816407,1373.0741680908204,30.49033276367186,2.6167401620969017,94987900,False,False
ENAK.JK,228.0,226.66666666666666,228.4,232.2,235.5,248.08,275.0,10.706666666666678,1.0266539022121686,1998000,False,False
EMTK.JK,496.0,498.6666666666667,506.2,514.6,517.55,519.54,587.6730065917968,11.769999999999982,2.557728765606642,45695500,False,False
EMDE.JK,75.0,77.33333333333333,79.0,79.1,77.35,74.08,71.75,5.019999999999996,2.9761178417248453,7940500,True,True
EMAS.JK,7700.0,8350.0,8430.0,8505.0,8488.75,7199.5,7407.5,52.22,4.711140487432499,85320100,False,False
ELTY.JK,33.0,34.333333333333336,35.2,36.5,37.45,33.02,32.73,4.450000000000003,1.877901925248369,77962600,True,True
ELSA.JK,725.0,726.6666666666666,733.0,731.0,718.75,687.1,649.6477941894532,9.179999999999996,2.1562731693128128,31936000,False,False
ELPI.JK,670.0,686.6666666666666,695.0,679.5,675.75,809.149892578125,1132.2824548339843,27.829978515624997,6.103731709566703,1588100,False,False
ELIT.JK,272.0,272.0,272.0,270.8,244.5,201.46,194.1,35.269999999999996,6.164618967626127,33549700,False,False
EKAD.JK,412.0,413.3333333333333,421.6,415.8,388.3,261.48,213.29222122192382,80.06,7.453846525327762,8668700,False,False
ECII.JK,158.0,165.33333333333334,168.4,169.2,162.65,155.68,153.12,13.519999999999982,4.11893800568241,1409700,False,False
EAST.JK,90.0,89.66666666666667,89.6,89.9,90.15,89.25826141357422,87.97159919738769,0.8917385864257881,0.9089727304938814,1804000,True,True
DYAN.JK,86.0,87.33333333333333,87.2,88.2,88.5,84.32,82.06,4.180000000000007,1.2142960809550287,3904000,True,True
DWGL.JK,224.0,231.33333333333334,234.0,239.2,271.5,281.96,270.58,28.97999999999999,2.028400225501923,10694300,False,False
DVLA.JK,1590.0,1593.3333333333333,1596.0,1597.5,1588.75,1577.4,1546.934873046875,4.019999999999982,0.4658437252862991,40500,True,False
DUTI.JK,4770.0,4786.666666666667,4792.0,4798.0,4767.0,4435.0,4110.1281225585935,36.3,0.17688189023317072,1400,False,False
DSSA.JK,1070.0,1093.3333333333333,1122.0,1143.0,1102.5,957.8,996.78,37.040000000000006,2.449545776397375,471696600,False,False
DSNG.JK,1650.0,1646.6666666666667,1658.0,1663.5,1559.75,1383.7,1352.4599145507811,55.959999999999994,2.977772377625334,4238400,False,False
DSFI.JK,87.0,87.33333333333333,88.2,87.9,87.05,81.76,81.37,6.439999999999998,1.3568081899300541,7429700,False,False
DRMA.JK,1005.0,1013.3333333333334,1016.0,1011.5,1009.25,961.6,959.8633331298828,10.879999999999995,1.0168438224748444,392300,False,False
DPUM.JK,139.0,134.0,129.2,114.5,104.65,100.62,123.66,38.379999999999995,11.341944675315359,102276700,False,False
DOSS.JK,165.0,166.33333333333334,167.8,169.2,169.05,155.96,146.4838140106201,13.23999999999998,1.3085598531701348,863500,False,False
DOOH.JK,364.0,385.3333333333333,368.0,347.0,336.5,255.16,197.29,65.08666666666666,5.338046788924045,55319000,False,False
DOID.JK,250.0,250.0,254.0,248.8,236.2,220.92,220.16,16.540000000000006,3.6936021208003234,4654400,False,False
DNET.JK,9850.0,9908.333333333334,9945.0,9955.0,9982.5,9837.0,9830.0,5.82,0.46007850870461137,6200,True,False
DNAR.JK,129.0,130.66666666666666,133.4,134.4,130.8,123.62,123.95,10.780000000000001,1.695872736829054,2990500,False,False
DMND.JK,615.0,615.0,613.0,618.0,618.25,618.2,614.853798828125,1.05,1.2240206815224488,7400,True,False
DMMX.JK,186.0,185.33333333333334,187.2,188.8,188.4,179.82,180.512060546875,8.980000000000018,1.3891341140655173,731800,False,False
DMAS.JK,194.0,193.33333333333334,196.0,198.0,185.95,159.26,146.51791397094726,38.74000000000001,2.459465063421862,237114800,False,False
DLTA.JK,1790.0,1791.6666666666667,1792.0,1794.0,1789.5,1779.9,1766.610771484375,2.8199999999999816,0.6009101612729371,34900,True,False
DKHH.JK,71.0,70.66666666666667,71.6,70.7,67.5,64.8,65.45,6.799999999999997,5.618875167247379,17095400,False,False
DKFT.JK,670.0,673.1904703776041,674.7857055664062,670.95712890625,652.7714141845703,636.4999853515625,659.2799816894532,7.657144042968753,1.8643467326100358,7292500,False,False
DIVA.JK,135.0,136.0,137.6,137.3,136.85,128.04,131.04,9.560000000000002,1.4499644218706536,1073100,False,False
DILD.JK,117.0,118.33333333333333,119.6,121.2,119.85,117.28,118.51,4.200000000000003,1.506133584204013,12576600,True,False
DIGI.JK,29.0,29.0,29.0,29.0,29.0,29.0,31.44,0.0,0.0,0,True,False
DGWG.JK,326.0,332.6666666666667,336.8,341.4,340.4,312.12,319.1548666381836,14.639999999999986,1.7782166114793023,10007800,False,False
DGNS.JK,270.0,274.6666666666667,275.6,267.4,248.5,238.32,241.36,18.640000000000015,3.691715735864355,291500,False,False
DGIK.JK,134.0,135.33333333333334,137.0,140.4,137.95,132.42,130.76,7.980000000000018,1.8162033253528336,10839800,False,False
DFAM.JK,81.0,83.33333333333333,83.4,83.1,81.9,82.04,92.7,2.4000000000000057,1.771221319600624,12154100,True,False
DEWI.JK,166.0,163.0,160.8,158.1,152.8,134.4,128.07,31.599999999999994,1.878276030227237,56763100,False,False
DEWA.JK,406.0,416.6666666666667,427.6,439.6,442.3,423.3088391113281,406.4174366760254,18.150000000000006,2.438252427438724,910546300,False,False
DEPO.JK,240.0,240.0,246.4,249.2,249.7,248.54757385253907,252.10492950439453,4.849999999999994,2.1923156319045307,221100,True,False
DEFI.JK,103.0,103.66666666666667,104.8,106.0,105.75,106.46,124.48,3.4599999999999937,1.7615978957590903,5469800,True,False
DCII.JK,199325.0,200508.33333333334,200945.0,200017.5,201942.5,198238.0,195462.75,148.18,1.927531712285717,200,False,False
DAYA.JK,1085.0,1090.0,1101.0,1110.5,1086.0,1022.9,1037.05,17.520000000000003,1.2698457608539315,2900,False,False
DATA.JK,1675.0,1746.6666666666667,1789.0,1821.5,1852.0,1976.5,1917.85,60.3,3.1941754536892004,3061500,False,False
DART.JK,158.0,158.0,159.0,160.8,162.95,145.42,139.9,17.53,0.606684261263957,826100,False,False
DADA.JK,50.0,50.0,50.0,50.0,50.0,50.0,50.0,0.0,0.0,106500,True,False
DAAZ.JK,1655.0,1650.0,1657.0,1667.0,1694.0,1611.2,1739.7188830566406,16.55999999999999,1.3218895076994788,265600,False,False
CYBR.JK,525.0,525.0,523.0,530.0,538.25,559.7,588.925,7.340000000000009,2.0080031177124664,27058500,False,False
CUAN.JK,940.0,956.6666666666666,949.0,934.0,875.75,757.7,796.91,39.793333333333315,4.090641837146158,439276200,False,False
CTTH.JK,127.0,125.33333333333333,126.4,128.4,128.45,126.86,140.93,3.11666666666666,2.2392744982328647,13141400,True,False
CTRA.JK,615.0,616.6666666666666,621.0,628.5,626.0,596.08,593.473150024414,6.483999999999992,1.4594671270757762,10845100,False,False
CTBN.JK,3050.0,3056.6666666666665,3066.0,3083.0,3237.5,4060.4,4725.695024414063,101.04,0.3429356640665811,9200,False,False
CSRA.JK,755.0,760.0,766.0,768.5,765.5,762.9,796.7,2.7,1.1014280702489962,449800,True,False
CSMI.JK,198.0,206.0,196.8,189.9,174.05,119.9,103.02,86.1,5.554450605277844,9814900,False,False
CSIS.JK,202.0,206.0,209.6,212.8,217.1,192.96,174.83100105285644,12.069999999999993,2.0329153782742244,1808400,False,False
CSAP.JK,292.0,294.0,295.6,296.2,292.6,289.88,282.2594464111328,3.1599999999999966,2.4236935188203668,120300,True,False
CRSN.JK,127.0,134.66666666666666,136.4,136.9,131.35,116.6,110.98014259338379,20.30000000000001,3.3329592122634963,5432100,False,False
CRAB.JK,216.0,217.33333333333334,217.6,217.8,212.9,209.96,209.74,3.9200000000000017,3.049124102519292,3306100,True,True
CPRO.JK,50.0,50.0,50.0,50.0,50.05,50.36,51.66,0.35999999999999943,0.0,10926500,True,False
CPIN.JK,3130.0,3190.0,3234.0,3196.0,3105.0,3126.2,3416.300031738281,12.9,3.5683073826988196,29402300,False,False
COIN.JK,725.0,733.3333333333334,772.0,807.5,796.0,732.4,819.1,16.5,3.8232284020315177,37512100,False,False
COCO.JK,140.0,136.0,139.2,133.9,117.5,124.32323760986328,190.38584541320802,22.5,8.60165157983341,787911900,False,False
COAL.JK,31.0,31.0,31.0,31.0,31.0,26.24,36.17,4.760000000000002,0.0,0,True,False
CNMA.JK,91.0,91.66666666666667,92.4,92.5,92.7,92.36,93.46,1.7000000000000028,0.9915409813890189,23763500,True,False
CNKO.JK,37.0,37.0,37.0,37.0,37.0,37.0,40.84,0.0,0.0,0,True,False
CMRY.JK,4460.0,4440.0,4494.0,4569.269140625,4577.16669921875,4545.8671875,4480.0711328125,13.716669921875019,2.0752948068392842,1924400,False,False
CMPP.JK,69.0,69.0,69.0,69.0,69.0,69.0,71.59,0.0,0.0,0,True,False
CMNT.JK,750.0,753.3333333333334,750.0,745.0,756.25,779.5,786.9,6.9,1.3413686640924187,21004800,False,False
CMNP.JK,1395.0,1413.3333333333333,1441.0,1430.0,1402.5,1374.8,1404.3,13.240000000000009,2.3046242720843733,35000,False,False
CLPI.JK,1605.0,1611.6666666666667,1619.0,1618.5,1608.0,1572.0,1510.3641845703125,9.4,0.4715158205603358,81800,False,False
CLEO.JK,426.0,422.6666666666667,424.4,419.2,407.7,391.8,387.20320068359376,17.099999999999994,2.27066005707566,13685200,False,False
CLAY.JK,2630.0,2676.6666666666665,2718.0,2716.0,2729.5,2627.8,2715.0,10.169999999999982,1.7266714169506912,10700,False,False
CITY.JK,178.0,185.0,189.4,184.5,180.1,174.04,173.52,15.360000000000014,3.204886712710507,696200,False,False
CITA.JK,3490.0,3503.3333333333335,3540.0,3474.0,3349.5,3263.0,3236.3051635742186,27.7,1.783168307418168,113200,False,False
CINT.JK,183.0,185.0,185.8,185.8,182.8,175.4,179.43,10.400000000000006,0.9351696431419266,166900,False,False
CHIP.JK,780.0,791.6666666666666,806.0,817.5,841.75,891.1146557617187,935.3111334228515,22.222931152343744,1.2671012407533084,153600,False,False
CHEM.JK,69.0,71.0,71.8,71.2,70.4,67.2,69.9330379486084,4.599999999999994,2.0398401029665933,14867400,True,False
CHEK.JK,128.0,128.66666666666666,130.2,132.7,133.65,131.46,129.76,5.650000000000006,1.9681059023117762,390800,True,False
CGAS.JK,146.0,148.66666666666666,150.0,151.0,150.75,151.06,155.17805435180665,5.060000000000002,1.0433356453196494,4973700,True,False
CFIN.JK,368.0,369.3333333333333,372.0,368.4,361.3,348.24,324.6079397583008,11.879999999999995,1.3316918332363443,2643200,False,False
CENT.JK,105.0,107.0,110.8,106.1,101.8,88.52,86.46,22.28,6.226135522528737,8206300,False,False
CEKA.JK,2170.0,2196.6666666666665,2198.0,2192.0,2194.0,2188.6,2180.40078125,2.8,0.8464492859256928,35800,True,False
CDIA.JK,665.0,681.6666666666666,689.0,695.0,690.75,674.0,753.1654711914063,6.0,2.3543088835881627,85062400,False,False
CCSI.JK,354.0,325.3333333333333,309.2,299.6,278.4,261.4,258.2,46.30000000000001,5.540696414253762,16146300,False,False
CBUT.JK,990.0,1021.6666666666666,1015.0,967.0,898.0,845.0,776.46,35.33333333333333,4.091414489697817,294200,False,False
CBRE.JK,740.0,735.0,742.0,735.5,714.25,706.9,752.9,7.020000000000005,3.079588918734267,11113800,False,False
CBPE.JK,494.0,490.0,495.8,503.0,514.25,415.66,353.65583587646483,49.29499999999999,5.8518457464381335,56100,False,False
CBDK.JK,3710.0,3813.3333333333335,3910.0,3942.0,3877.5,3709.4,3867.5816064453124,23.25999999999999,3.0891518171924206,5299800,False,False
CASS.JK,1850.0,1845.0,1838.0,1842.0,1853.75,1864.6,1828.65,5.319999999999982,1.1534173758364403,22900,True,False
CASH.JK,226.0,225.33333333333334,226.4,227.8,228.2,219.6,209.66,4.299999999999997,3.273966831584517,894200,True,False
CASA.JK,1915.0,1903.3333333333333,1864.0,1832.5,1832.75,1836.8,1659.5,16.5,3.7938329268786832,31100,False,False
CARS.JK,113.0,114.0,113.6,112.9,106.45,95.2,92.74,18.799999999999997,1.2005103864654199,4359700,False,False
CARE.JK,402.0,404.0,402.4,425.6,431.3,427.36,418.7,14.650000000000006,2.955214120883835,292400,False,False
CANI.JK,135.0,135.0,135.0,135.0,135.0,135.0,138.58,0.0,0.0,0,True,False
CAMP.JK,171.0,170.66666666666666,171.2,171.4,170.65,170.36,178.7,1.039999999999992,0.7791864758106415,150700,True,False
CAKK.JK,160.0,159.0,159.2,159.2,153.25,143.68,146.87,16.319999999999993,0.9870745056232896,214400,False,False
BYAN.JK,11100.0,12183.333333333334,12820.0,13327.5,14322.5,12838.0,11788.678173828124,128.9,3.5603870173017604,1949300,False,False
BWPT.JK,127.0,126.33333333333333,129.2,127.2,114.45,94.78,96.04,34.41999999999999,7.468838681812046,391258200,False,False
BVIC.JK,94.0,95.0,95.0,95.2,94.0,90.94,92.8,4.260000000000005,0.9207525256268019,3711100,True,True
BUVA.JK,710.0,716.6666666666666,727.0,749.0,740.25,798.7,840.3,17.74000000000001,3.4641640299145493,58547800,False,False
BUMI.JK,208.0,210.66666666666666,216.0,212.8,201.4,178.62,179.33,18.689999999999998,3.443285654478998,1390441504,False,False
BULL.JK,424.0,424.6666666666667,427.2,436.8,439.4,412.0,413.29,13.699999999999989,2.1342143539517306,267709200,False,False
BUKK.JK,960.0,966.6666666666666,974.0,982.5,994.25,1034.3,1044.9,14.85999999999999,1.212715802927649,77800,False,False
BUKA.JK,107.0,107.66666666666667,110.2,111.8,111.55,110.98,119.02,4.799999999999997,3.138705302828653,76321800,True,False
BUDI.JK,222.0,223.33333333333334,224.8,228.0,226.9,216.76,212.16,5.6200000000000045,1.2104785719971165,55300,True,False
BUAH.JK,496.0,496.6666666666667,498.6,501.8,505.15,507.76,509.4515280151367,5.8799999999999955,0.44260149436845436,226400,True,False
BTPS.JK,1055.0,1051.6666666666667,1055.0,1033.5,1009.0,1003.8,990.5281420898438,10.240000000000009,2.03656455963425,2281700,False,False
BTPN.JK,2320.0,2366.6666666666665,2388.0,2391.0,2289.5,2231.4,2195.978669433594,15.95999999999999,3.081274273457206,7500,False,False
BTON.JK,362.0,362.0,362.0,363.4,363.2,359.56,363.12,1.9199999999999875,1.1847231376847127,926700,True,False
BTEK.JK,13.0,12.0,11.6,10.7,10.55,10.68,11.21,2.4499999999999993,6.617478728743162,178340200,False,False
BSSR.JK,4950.0,4930.0,4932.0,4880.0,4686.0,4422.0,4041.073693847656,52.8,1.690421625943264,1148900,False,False
BSML.JK,550.0,536.6666666666666,534.0,525.5,521.5,519.9,472.87,6.020000000000005,1.3341874555769506,12882600,False,False
BSIM.JK,1030.0,1098.3333333333333,1125.0,1148.0,935.5,791.9,791.1,71.22,9.847878177733744,240300,False,False
BSDE.JK,650.0,643.3333333333334,647.0,653.0,643.0,602.0,635.0,10.2,1.4806834151977373,12524500,False,False
BSBK.JK,50.0,50.0,50.0,50.0,50.65,51.68,53.34,1.6799999999999997,0.0,1279700,True,False
BRRC.JK,71.0,72.66666666666667,73.6,74.1,73.9,65.12,65.23,8.97999999999999,1.4342740403468135,7180000,False,False
BRPT.JK,1655.0,1695.0,1716.0,1759.0,1799.25,1778.8,1779.4220239257813,28.85,1.3457535523827084,68211700,False,False
BRNA.JK,635.0,638.3333333333334,635.0,624.0,621.25,615.0,621.15,4.666666666666674,0.7426872165764559,156500,True,False
BRMS.JK,730.0,698.3333333333334,702.0,712.0,705.25,622.22,640.2,21.555999999999994,3.1843096664151123,631741100,False,False
BRIS.JK,1730.0,1735.0,1751.0,1770.5,1777.5,1791.1,1803.686610107422,12.219999999999981,0.919523009805426,28442400,False,False
BREN.JK,3110.0,3216.6666666666665,3250.0,3307.0,3365.5,3392.2,3586.5659423828124,28.21999999999998,1.8354160987942811,24718800,False,False
BRAM.JK,4670.0,4656.666666666667,4640.0,4634.0,4613.0,4558.6,4473.283405761718,11.139999999999963,1.1031211402233585,1200,False,False
BPTR.JK,75.0,75.66666666666667,75.2,75.0,75.8,73.76,74.92,2.039999999999992,1.5399018526593498,2313600,True,True
BPII.JK,472.0,475.3333333333333,475.2,477.6,485.242578125,456.10566345214846,455.86051788330076,14.56845733642578,1.198059871083268,3200,False,False
BPFI.JK,250.0,248.0,248.0,247.6,247.7,251.8,253.08690383911133,2.1000000000000085,0.7832481542723858,50400,True,False
BOLT.JK,795.0,796.6666666666666,801.0,802.0,798.5,794.9,806.0005053710937,1.4200000000000046,1.9575850312491354,44400,True,False
BOLA.JK,186.0,185.33333333333334,184.6,176.2,162.35,159.84,158.96,26.159999999999997,5.134774565395877,653300,False,False
BOGA.JK,1550.0,1566.6666666666667,1590.0,1620.0,1600.25,1583.0,1460.4,14.0,3.668594851255111,16000,False,False
BOBA.JK,208.0,212.0,212.8,215.4,213.3,225.8,254.46852981567383,8.900000000000006,1.447281501445167,513400,False,False
BOAT.JK,136.0,137.0,138.0,139.3,141.35,130.14,125.94,11.210000000000008,1.880695180438864,2239800,False,False
BNLI.JK,2120.0,2136.6666666666665,2144.0,2152.0,2154.0,2233.4,2610.1,11.340000000000009,0.6580361356689179,91100,False,False
BNII.JK,192.0,191.33333333333334,192.0,193.5,193.15,191.94,192.69112396240234,2.166666666666657,0.5328680275312849,448400,True,False
BNGA.JK,1740.0,1738.3333333333333,1740.0,1723.5,1700.5,1654.6,1636.9139697265625,17.08000000000002,0.8557843594198583,2945900,False,False
BNBR.JK,93.0,94.33333333333333,96.0,98.2,99.2,98.2391488647461,113.53768531799317,6.200000000000003,1.6182414457871206,916117900,False,False
BNBA.JK,785.0,791.6666666666666,806.0,793.5,762.25,749.6,742.25,11.279999999999996,3.1076188708671064,255800,False,False
BMTR.JK,114.0,116.66666666666667,116.0,116.3,115.7,115.64,125.11,2.6666666666666714,2.5583828582603383,33373600,True,False
BMSR.JK,400.0,347.3333333333333,335.6,325.4,318.2,310.56,307.56,44.72,7.647261654848918,4695200,False,False
BMRI.JK,4440.0,4390.0,4398.0,4394.0,4292.5,4236.4,4183.056137695313,20.360000000000035,1.2802441303274332,229164500,False,False
BMHS.JK,202.0,200.66666666666666,200.8,198.1,194.15,186.82,184.2143211364746,7.590000000000003,1.2135360387533403,691500,False,False
BMBL.JK,32.0,31.0,31.2,29.4,28.8,30.6,32.44,3.1999999999999993,5.560813322158591,25093400,False,False
BMAS.JK,515.0,520.0,532.0,519.5,511.9,494.6,492.29,7.479999999999995,4.9660507093442865,203700,False,False
BLUE.JK,3010.0,2980.0,2966.0,2957.0,2785.0,2748.8,2953.8496362304686,26.119999999999983,6.44151266979717,308900,False,False
BLTA.JK,33.0,32.666666666666664,32.8,32.8,32.7,33.02,34.97,0.35333333333333883,2.488243937458496,4120000,True,False
BLOG.JK,364.0,364.0,368.4,374.4,378.4,369.2,357.4718969726562,7.199999999999989,1.0132145610868364,306300,False,False
BLES.JK,212.0,210.66666666666666,206.0,200.7,204.05,183.78,165.22289367675782,14.11,2.8322756854093822,17219900,False,False
BKSW.JK,54.0,54.0,54.4,54.6,53.3,52.6,53.55,2.0,2.1252181325378117,980500,True,False
BKSL.JK,69.0,70.66666666666667,71.8,73.8,74.75,70.94,75.85,5.75,1.4778327170175438,235682900,True,False
BKDP.JK,191.0,178.33333333333334,185.2,169.8,167.05,157.5,133.35,33.5,8.859757681719042,101291200,False,False
BJTM.JK,525.0,523.3333333333334,526.0,527.5,523.25,519.1,519.1706524658204,1.6799999999999955,0.776427999181618,10561600,True,True
BJBR.JK,795.0,795.0,797.0,798.5,794.0,785.4,778.6075848388672,2.6200000000000045,0.4621346171833982,1956800,True,True
BISI.JK,720.0,723.3333333333334,727.0,729.0,713.0,679.1,691.4720574951172,9.979999999999995,0.9750542071076338,335300,False,False
BIRD.JK,1605.0,1606.6666666666667,1613.0,1620.0,1628.75,1610.3,1519.4419116210938,4.75,0.4882209127221955,778700,True,False
BIPP.JK,64.0,66.66666666666667,67.8,67.8,67.8,66.68,67.21,3.799999999999997,2.217985127763319,11195800,True,False
BIPI.JK,144.0,146.33333333333334,149.4,148.6,148.5,145.56,166.44,5.400000000000006,3.10538511544709,448211900,True,False
BINO.JK,118.0,119.0,119.4,119.1,116.9,110.22,108.52,9.180000000000007,1.0889568808176266,187900,False,False
BINA.JK,4080.0,4110.0,4138.0,4163.0,4173.0,4086.0,4011.8,9.3,1.9427661715714366,360700,False,False
BIKE.JK,970.0,951.6666666666666,950.0,852.0,739.9,601.96,556.33,73.60799999999999,8.022108412145478,241400,False,False
BHIT.JK,26.0,26.333333333333332,26.2,25.7,25.5,25.68,27.54,0.8333333333333321,2.5667627859031747,3647600,True,False
BHAT.JK,1770.0,1770.0,1770.0,1770.0,1770.0,1770.0,1539.35,0.0,0.0,0,True,False
BGTG.JK,119.0,120.0,120.2,121.9,116.75,113.06,113.56,8.840000000000003,2.360934655102334,8524700,False,False
BFIN.JK,995.0,1003.3333333333334,1008.0,990.0,942.0,877.8,796.0287261962891,26.04000000000001,3.1135754715062656,23806200,False,False
BEST.JK,125.0,127.33333333333333,130.2,133.1,128.1,113.4,107.9,19.69999999999999,2.3110692537114885,27821800,False,False
BESS.JK,890.0,910.0,910.0,904.5,907.25,906.8,963.8391998291015,4.0,2.1659467420300578,801000,True,False
BELL.JK,107.0,110.0,112.0,113.0,113.6,114.2,115.95,7.200000000000003,1.8136127735204541,20184100,False,False
BELI.JK,290.0,296.6666666666667,301.6,328.6,295.9,274.32,301.52,27.140000000000015,12.565398823762495,1352700,False,False
BEKS.JK,23.0,23.333333333333332,23.4,23.3,23.25,22.14,22.77,1.259999999999998,3.476341811582151,13248800,True,True
BEER.JK,77.0,79.0,79.6,80.9,80.75,78.82,90.51,3.9000000000000057,2.0243559949235896,10128500,True,False
BEEF.JK,440.0,443.3333333333333,440.8,445.4,454.1,382.36,277.68,35.870000000000005,1.8109835287462306,5753800,False,False
BDMN.JK,4470.0,4453.333333333333,4462.0,4434.0,4358.5,4235.6,4226.1,23.439999999999962,1.8042561855338595,2596900,False,False
BDKR.JK,155.0,155.66666666666666,156.6,155.9,157.6,154.74,149.80566505432128,2.859999999999985,0.9466529194396575,3986600,True,True
BCIP.JK,61.0,62.0,62.4,62.6,62.95,62.22,63.98,1.9500000000000028,0.9110730747480897,5557000,True,False
BCIC.JK,132.0,131.66666666666666,132.0,134.4,132.5,127.52,124.23,6.88000000000001,2.0624414935359483,218400,False,False
BCAP.JK,50.0,50.0,50.0,50.0,50.0,50.04,50.41,0.03999999999999915,0.0,6600,True,False
BBYB.JK,254.0,252.66666666666666,256.8,263.6,257.4,249.08,256.4,7.260000000000005,2.7452487332617204,31445700,False,False
BBTN.JK,1215.0,1200.0,1214.0,1226.5,1222.0,1217.3,1245.9,5.3,2.0158177576150167,27447400,True,False
BBSS.JK,90.0,91.66666666666667,93.4,97.2,100.25,98.42,115.32,10.25,2.0973558590831063,88834800,False,False
BBSI.JK,4580.0,4600.0,4628.0,4651.0,4663.5,4671.2,4630.1,9.119999999999981,0.4744052793364006,400,False,False
BBRM.JK,121.0,124.33333333333333,124.4,121.7,118.15,117.1,120.31,7.300000000000011,3.2523682021047264,4511400,False,False
BBRI.JK,3400.0,3330.0,3364.0,3376.0,3268.5,3088.2,3036.6,31.180000000000017,2.185889568747339,278495400,False,False
BBNI.JK,3870.0,3806.6666666666665,3822.0,3869.0,3777.5,3632.4,3635.9,23.75999999999999,1.4460129439514338,88939600,False,False
BBMD.JK,2000.0,2003.3333333333333,1998.0,1989.0,1987.0,1976.7,1952.6967321777345,5.326666666666642,1.4167337020352027,5700,True,False
BBLD.JK,660.0,661.6666666666666,665.0,679.0,673.0,616.9,618.1845098876953,12.420000000000005,2.735080159211387,103100,False,False
BBKP.JK,52.0,52.333333333333336,53.0,53.7,54.25,53.7,55.0,2.25,0.8948801601491302,76632300,True,False
BBHI.JK,900.0,898.3333333333334,899.0,897.0,900.0,909.8344006347656,961.1339361572266,2.5668801269531287,1.3539808252593564,14256100,True,False
BBCA.JK,6500.0,6416.666666666667,6490.0,6582.5,6475.164086914063,6359.455576171875,6139.754794921875,8.92177695312501,1.7562421266056802,218017200,False,False
BAYU.JK,1340.0,1341.6666666666667,1346.0,1349.0,1316.25,1219.6,1193.2740673828125,25.880000000000017,1.211886719360671,176000,False,False
BAUT.JK,39.0,39.0,39.2,38.0,37.6,33.16,30.83,6.040000000000006,4.230442010631573,2602500,False,False
BATR.JK,91.0,91.33333333333333,92.2,92.9,94.2,91.88,89.15045989990234,3.200000000000003,1.014646313126919,382800,True,False
BATA.JK,59.0,59.0,59.0,59.0,59.0,59.0,60.72,0.0,0.0,0,True,False
BAPI.JK,22.0,23.333333333333332,22.8,20.9,19.8,18.18,19.84,5.153333333333332,6.173661330610456,14058100,False,False
BAPA.JK,124.0,128.66666666666666,132.4,139.4,143.85,194.98,217.37,70.97999999999999,3.4981395544789837,10743800,False,False
BANK.JK,264.0,262.6666666666667,264.8,269.6,270.8,277.16,330.08,7.24666666666667,1.68839757674567,3280400,False,False
BALI.JK,1330.0,1348.3333333333333,1335.0,1359.0,1314.0,1266.0,1255.9,18.6,5.222825462264518,10800,False,False
BAJA.JK,282.0,286.0,293.6,287.0,291.6,257.62,204.14,17.99000000000001,5.564453527845066,3073500,False,False
BAIK.JK,236.0,249.33333333333334,258.4,262.2,280.7,514.96,557.87,139.48000000000002,3.7228821932485037,11496500,False,False
BACA.JK,118.0,118.33333333333333,118.8,119.7,118.45,114.42,118.32,5.280000000000001,1.3900791500411582,2234400,True,False
BABY.JK,208.0,208.66666666666666,210.8,211.2,214.0,198.82,200.13,7.590000000000003,2.254440310293328,1639800,False,False
BABP.JK,50.0,50.0,50.0,50.0,50.0,50.0,50.29,0.0,0.0,217900,True,False
AYLS.JK,156.0,153.0,156.0,155.7,154.35,154.36,154.31,3.0,2.835248856591896,36582800,True,True
AYAM.JK,482.0,479.3333333333333,484.4,486.6,480.7,432.28,381.42,27.160000000000025,1.379368386787921,10874100,False,False
AXIO.JK,114.0,115.33333333333333,115.8,115.6,115.2,113.2,110.59247611999511,2.5999999999999943,1.1550328618537011,429800,True,False
AWAN.JK,159.0,161.0,162.4,166.1,165.6,157.16,152.34,8.939999999999998,1.8322626341502037,109400,False,False
AVIA.JK,350.0,352.6666666666667,359.6,363.6,358.4,338.6,341.48,12.5,1.611978193727177,9782800,False,False
AUTO.JK,3320.0,3313.3333333333335,3324.0,3346.0,3239.0,2890.2,2697.888728027344,45.58000000000002,0.8198543965382358,3158100,False,False
ATLA.JK,50.0,50.0,50.0,50.0,50.0,50.04,50.40434009552002,0.03999999999999915,0.0,115400,True,False
ATIC.JK,464.0,465.3333333333333,466.0,466.2,466.1,469.76,485.35,2.8799999999999955,1.1233838630283726,19500,True,False
ATAP.JK,565.0,565.0,563.0,558.0,570.75,556.04,498.92,2.9420000000000073,1.9519126264463276,954400,True,False
ASSA.JK,605.0,610.0,623.0,633.0,633.25,620.0,641.54765625,5.65,1.6980705407433585,16845100,True,False
ASRM.JK,290.0,287.3333333333333,285.6,282.6,278.0,267.88,265.01037445068357,11.060000000000002,0.6772024821642959,113900,False,False
ASRI.JK,127.0,127.0,127.2,127.5,126.6,122.5,120.0860523223877,5.0,1.881298928860783,11448300,True,True
ASPR.JK,138.0,140.33333333333334,142.6,146.3,150.95,150.38,199.42160827636718,12.949999999999989,1.1128895903295049,24334000,False,False
ASPI.JK,500.0,490.6666666666667,495.4,456.1,422.65,433.0,409.35,38.67500000000001,8.315266531242143,1221700,False,False
ASMI.JK,15.0,15.333333333333334,15.8,15.4,15.7,16.44,16.55,1.4400000000000013,5.668718906268535,21333600,False,False
ASLI.JK,368.0,401.3333333333333,400.4,383.6,314.5,244.34,256.71,78.49666666666666,6.57390380412612,114036200,False,False
ASLC.JK,66.0,66.66666666666667,67.0,67.7,66.3,64.14,65.87,3.5600000000000023,2.280389251020031,11144200,True,True
ASJT.JK,160.0,160.66666666666666,161.0,161.5,160.8,159.52,164.82473602294922,1.9799999999999898,0.5085103228483704,57300,True,False
ASII.JK,4980.0,4920.0,4908.0,4916.0,4850.0,4919.0,5087.5074072265625,13.0,2.127764427392102,51166200,False,False
ASHA.JK,56.0,57.0,57.8,57.8,58.25,57.9,61.5,2.25,1.9434119440690485,17119100,True,False
ASGR.JK,2120.0,2123.3333333333335,2138.0,2164.0,2044.5,1914.0,1725.5463989257812,25.0,1.8133401417861164,1422500,False,False
ASDM.JK,520.0,520.0,517.0,517.5,514.0,512.82,505.5629666137695,1.43599999999999,0.967232689418481,41600,True,False
ASBI.JK,400.0,400.0,400.8,401.6,406.4,415.2,410.1486343383789,7.599999999999994,1.5048552801390704,8000,False,False
ARTO.JK,980.0,1000.0,1006.0,1016.0,1031.25,1146.6,1130.55,33.31999999999998,2.294321020537105,20930200,False,False
ARTA.JK,2240.0,2266.6666666666665,2290.0,2288.0,2282.0,2395.2,2416.95,15.519999999999982,1.993809892866168,600,False,False
ARNA.JK,505.0,510.0,511.0,509.5,500.45,488.42,472.11,4.5159999999999965,0.7900762976267456,4301400,True,True
ARKO.JK,4420.0,4570.0,4660.0,4734.0,4963.75,4895.6,5925.05,54.375,1.7318925038859716,3384200,False,False
ARKA.JK,22.0,22.0,22.0,22.0,22.0,22.0,25.08,0.0,0.0,0,True,False
ARII.JK,296.0,300.6666666666667,303.6,303.4,296.3,283.12,282.88,10.240000000000009,1.4939990143657274,350900,False,False
ARGO.JK,1170.0,1170.0,1171.0,1171.0,1159.25,1124.7,1020.6,9.259999999999991,0.7987622832002538,105500,False,False
AREA.JK,310.0,324.0,331.2,335.0,320.9,288.36,274.5,23.319999999999993,2.1456000269963416,1320200,False,False
ARCI.JK,1310.0,1315.0,1321.0,1316.5,1338.5,1186.7,1203.07109375,30.359999999999992,2.3738362697716004,26729400,False,False
APLN.JK,128.0,127.66666666666667,129.8,133.0,135.3,130.58,140.32,7.63333333333334,1.5727482822061034,23571200,False,False
APLI.JK,290.0,280.6666666666667,279.2,278.2,273.4,258.76,245.631494140625,15.620000000000005,2.7977168501172685,780700,False,False
APII.JK,188.0,190.66666666666666,191.4,191.6,190.7,187.22,184.0281317138672,4.3799999999999955,0.744880398833438,588200,True,False
APIC.JK,414.0,453.3333333333333,476.0,494.0,510.0,591.7,871.25,88.85000000000002,3.994259562284813,3264000,False,False
APEX.JK,202.0,203.33333333333334,205.6,203.6,195.55,168.58,160.01,18.50999999999999,2.3707007347405686,24710500,False,False
ANTM.JK,3190.0,3243.3333333333335,3202.0,3147.0,3144.5,3049.6,3032.13671875,19.373333333333356,2.2676332843739924,153989700,False,False
ANJT.JK,1575.0,1588.3333333333333,1594.0,1595.0,1581.0,1514.1,1569.5,16.180000000000017,0.6595682631111989,111700,False,False
ANDI.JK,21.0,21.333333333333332,21.8,19.9,18.4,17.98,19.06,3.8200000000000003,4.837825209517653,13180500,False,False
AMRT.JK,1280.0,1278.3333333333333,1291.0,1305.0,1341.75,1360.7,1355.6600842285156,16.473333333333358,1.69184776897429,31315800,False,False
AMOR.JK,364.0,368.0,370.4,365.4,361.2,350.52,344.52,9.939999999999998,1.2673382775634667,611100,False,False
AMMS.JK,226.0,224.0,221.6,217.8,206.55,246.68,305.18,20.064999999999998,5.1899188142378145,238200,False,False
AMMN.JK,5100.0,4923.333333333333,4870.0,4621.0,4495.0,4189.2,4025.2,36.43200000000001,3.018724547845027,169146700,False,False
AMIN.JK,236.0,238.66666666666666,240.8,241.0,241.2,242.88,247.82,3.4399999999999977,1.2930092852284298,131900,True,False
AMFG.JK,3310.0,3306.6666666666665,3316.0,3323.0,3326.5,3248.8,3136.054423828125,7.769999999999982,0.5827731645054975,3400,False,False
AMAR.JK,226.0,230.0,231.2,233.2,230.8,217.28140380859375,201.99432250976562,7.959298095703119,0.9243509492475808,118400,False,False
AMAN.JK,226.0,226.0,228.4,228.8,230.8,246.28,252.64,10.14,1.790445625340172,210800,False,False
AMAG.JK,388.0,388.0,388.0,388.8,389.1,388.84,393.1936328125,0.5500000000000114,0.29167042642255225,24300,True,False
ALKA.JK,6225.0,5395.0,4967.0,4587.5,4413.25,2607.0,1587.52,144.72,10.216217970202203,435800,False,False
ALII.JK,775.0,786.6666666666666,790.0,783.5,791.25,767.3,800.8438049316406,4.790000000000009,1.8717098703529542,876600,True,False
ALDO.JK,955.0,948.3333333333334,946.0,946.5,934.75,839.2,754.4072174072265,23.15999999999999,1.2431916518601946,44700,False,False
AKSI.JK,370.0,334.0,318.8,297.2,266.6,242.08,245.68,63.959999999999994,11.078870422271828,5160500,False,False
AKRA.JK,1510.0,1516.6666666666667,1525.0,1465.5,1429.75,1388.1911376953126,1343.3761987304688,27.36177246093748,2.7826703091722202,13711200,False,False
AKPI.JK,525.0,533.3333333333334,533.0,531.0,518.45,505.94,504.99469390869143,5.478666666666674,1.5700763034712955,662800,True,False
AKKU.JK,38.0,38.0,38.0,38.0,38.0,38.0,38.0,0.0,0.0,0,True,False
AISA.JK,116.0,116.0,116.4,117.8,118.45,114.7,112.39,3.75,0.6906771965112739,2205700,True,True
AIMS.JK,486.0,487.3333333333333,497.4,505.2,445.1,412.68,412.16,46.25999999999999,8.733858447763609,836800,False,False
AHAP.JK,103.0,99.66666666666667,100.2,101.2,100.55,96.58,94.62,6.420000000000002,3.1242404219716176,39822300,False,False
AGRS.JK,60.0,60.333333333333336,61.2,62.1,61.45,61.2,62.94,2.1000000000000014,2.335736153903335,6576000,True,False
AGRO.JK,149.0,149.33333333333334,150.6,152.0,150.35,147.88,155.7,4.1200000000000045,1.4577640177318592,5407900,True,False
AGII.JK,3080.0,3130.0,3068.0,3036.0,2956.5,2961.0,2881.4450756835936,17.35,2.5083219621697834,105300,False,False
AGAR.JK,2410.0,2035.0,1832.0,1720.5,1765.25,1120.7,673.69,128.93,11.399659109716428,3963300,False,False
AEGS.JK,49.0,49.333333333333336,49.8,48.3,46.1,43.24,44.44,6.559999999999995,3.5885220374362383,2532600,False,False
ADRO.JK,2620.0,2643.3333333333335,2662.0,2690.0,2656.0,2545.2,2446.0869995117187,14.480000000000018,1.9804051738000732,40582600,False,False
ADMR.JK,1595.0,1613.3333333333333,1630.0,1639.0,1664.5,1575.5,1590.3998022460937,17.8,2.761546581347764,26575400,False,False
ADMG.JK,248.0,258.6666666666667,264.4,267.8,261.6,238.84,220.62,14.480000000000004,4.018545432704754,2408300,False,False
ADMF.JK,8675.0,8683.333333333334,8695.0,8710.0,8698.75,8503.0,8418.75,8.28,0.1815088375201144,51200,False,False
ADHI.JK,133.0,133.0,133.0,133.0,134.5,147.86,160.98,14.860000000000014,0.0,0,False,False
ADES.JK,32000.0,31758.333333333332,31620.0,31737.5,32195.0,33559.0,28569.25,77.56,0.8808651841699551,5000,False,False
ADCP.JK,50.0,50.0,50.0,50.0,50.0,50.0,50.14,0.0,0.0,0,True,False
ACST.JK,104.0,115.33333333333333,114.0,102.6,94.1,87.26,85.81,28.073333333333323,6.922029637569932,2104900,False,False
ACRO.JK,64.0,65.0,65.8,66.2,64.85,62.66,62.87753772735596,3.5400000000000063,2.2047977829242864,7125200,True,True
ACES.JK,354.0,352.6666666666667,353.6,354.4,356.3,353.24,341.9705844116211,1.8166666666666629,0.8224707366604618,12763300,True,True
ABMM.JK,2780.0,2836.6666666666665,2862.0,2851.0,2775.5,2606.6,2580.3533227539065,25.54000000000001,1.7351717834020441,1199700,False,False
ABDA.JK,4960.0,4976.666666666667,5016.0,4591.0,4210.0,3784.4,3539.1,123.16,4.630834021974159,3100,False,False
ABBA.JK,30.0,30.0,30.0,30.0,30.0,30.0,33.31,0.0,0.0,0,True,False
AALI.JK,8450.0,8491.666666666666,8520.0,8487.5,8203.75,7294.0,7096.05,49.04,2.1571416077340166,1088100,False,False
AADI.JK,12225.0,12241.666666666666,12185.0,11657.5,10828.75,9599.0,9073.26078125,105.70666666666665,2.7339729058370534,11695000,False,False
