Ticker,Close,MA3,MA5,MA10,MA20,MA50,MA100,Range_Ticks,Vol_Pct,Volume,MA_Tight,Signal
ZYRX.JK,130.0,131.66666666666666,129.4,126.0,126.3,127.46,133.27713119506836,5.666666666666657,2.2689958431070383,361300,True,False
ZONE.JK,720.0,721.6666666666666,737.0,730.5,678.0,569.2060571289062,458.0453140258789,33.55878857421876,4.704500933032784,37600,False,False
ZINC.JK,30.0,30.0,30.0,30.0,30.0,30.0,29.96,0.0,0.0,0,True,False
YUPI.JK,1275.0,1285.0,1288.0,1297.5,1303.0,1332.6,1408.7157019042968,11.519999999999982,0.7236355114728238,7900,False,False
YULE.JK,3380.0,3423.3333333333335,3448.0,3434.0,3423.0,3392.6,3356.0014770507814,6.8,1.760539444721599,300,False,False
YPAS.JK,1195.0,975.0,870.0,742.0,670.0,642.9,884.25,110.42,12.543603812305125,1031500,False,False
YOII.JK,85.0,83.33333333333333,83.0,83.6,84.2,85.24,88.74,2.239999999999995,1.6399018826999912,4881900,True,False
YELO.JK,86.0,86.33333333333333,86.8,89.8,84.65,76.26,86.32,13.539999999999992,4.127624778221999,14577100,False,False
WTON.JK,80.0,80.0,79.8,77.3,76.6,73.88,79.93139305114747,6.1200000000000045,4.38330856828065,4928600,False,False
WSBP.JK,14.0,14.0,14.0,14.0,14.0,14.0,15.84,0.0,0.0,0,True,False
WOWS.JK,59.0,60.333333333333336,60.6,60.3,59.7,58.14,65.1,2.460000000000001,2.3471615810654884,3404400,True,False
WOOD.JK,214.0,214.66666666666666,214.4,218.2,219.25,214.72,253.88,2.625,2.272027699260466,165800,True,False
WOMF.JK,278.0,271.3333333333333,270.4,266.0,259.5,252.76,273.856311340332,12.620000000000005,2.149509112370057,55300,False,False
WMUU.JK,55.0,54.666666666666664,55.6,54.9,53.85,51.68,59.26,3.9200000000000017,3.7575365670668117,39979000,True,False
WIRG.JK,64.0,64.33333333333333,64.4,62.1,59.5,56.02,65.44,8.380000000000003,3.1429639755940544,16382100,False,False
WINS.JK,515.0,515.0,512.0,509.5,511.5,514.44,515.3872607421876,1.1,1.8090091186684167,319100,True,False
WINR.JK,25.0,25.666666666666668,25.0,22.7,21.5,21.34,25.61,4.326666666666668,5.773712139250524,8654300,False,False
WINE.JK,134.0,135.0,137.0,139.3,144.8,148.9375323486328,160.2944940185547,14.9375323486328,2.468998949540536,741000,False,False
WIIM.JK,1730.0,1723.3333333333333,1758.0,1769.0,1705.75,1625.0,1671.5871520996093,28.8,2.4085372121029276,131800,False,False
WIFI.JK,1940.0,1936.6666666666667,1934.0,1954.5,1978.25,1788.0925634765624,2006.5878649902343,38.031487304687516,2.8038228066064623,3561600,False,False
WIDI.JK,26.0,25.333333333333332,25.4,25.4,26.3,25.46,28.05,0.9666666666666686,2.615686257115093,734500,True,False
WGSH.JK,183.0,185.0,182.0,174.8,158.25,137.94,126.01,47.06,3.832832022179413,20425100,False,False
WEHA.JK,107.0,108.33333333333333,108.4,108.5,106.4,102.78,112.9311572265625,5.719999999999999,2.0312310944112224,556600,True,False
WEGE.JK,54.0,52.666666666666664,52.4,51.2,50.6,50.3,52.88,3.700000000000003,3.0890554309778566,48032700,True,True
WAPO.JK,141.0,138.33333333333334,135.8,129.0,124.95,116.16,122.82,24.840000000000003,2.9511576718003787,1752900,False,False
VTNY.JK,72.0,72.66666666666667,70.4,67.7,66.25,61.56,64.27,11.10666666666667,4.063954706185159,9469400,False,False
VRNA.JK,74.0,74.66666666666667,75.0,75.3,75.8,74.26,76.52,1.7999999999999972,1.8781068153447191,9500,True,False
VOKS.JK,226.0,229.33333333333334,231.6,223.4,211.85,203.28,210.66,14.159999999999997,12.30276541046159,23900,False,False
VKTR.JK,875.0,851.6666666666666,841.0,829.0,799.5,672.56,756.13,40.488000000000014,8.203458303951967,51916400,False,False
VIVA.JK,63.0,58.0,55.4,53.7,45.65,37.44,39.11,25.560000000000002,7.396338745967357,34575400,False,False
VISI.JK,945.0,941.6666666666666,956.0,940.0,908.0,959.5,847.7,10.3,3.1084636566328974,10700,False,False
VINS.JK,143.0,143.66666666666666,143.4,141.8,140.45,135.92,148.23,7.74666666666667,0.9500671981107626,163500,False,False
VICO.JK,145.0,144.0,143.2,142.0,141.3,137.9,146.84,7.099999999999994,0.5952248493015352,2200,False,False
VICI.JK,600.0,601.6666666666666,599.0,597.0,592.0,595.4373577880859,580.4360385131836,1.9333333333333258,1.5190283160274918,244700,True,False
VERN.JK,218.0,213.33333333333334,210.0,208.2,203.95,167.38,148.33,25.310000000000002,3.316196082664944,5641000,False,False
VAST.JK,114.0,115.0,114.4,114.8,115.6,115.34,118.59,1.5999999999999943,1.664063768103333,749500,True,False
UVCR.JK,145.0,145.66666666666666,146.8,150.1,149.8,151.2,168.01935729980468,6.199999999999989,2.5049993985123833,1868800,False,False
URBN.JK,212.0,214.0,214.0,211.6,215.0,209.66,200.71,2.6700000000000017,1.7364140514082318,2100,True,False
UNVR.JK,1750.0,1746.6666666666667,1757.0,1781.5,1744.0,1701.3855883789063,1680.5010961914063,16.022882324218745,2.2278943371057927,1789100,False,False
UNTR.JK,23150.0,23175.0,23440.0,23627.5,24411.25,23819.0,25924.52900390625,50.45,1.0280935195972942,366900,False,False
UNTD.JK,90.0,85.0,83.4,82.5,80.95,75.02,78.74,14.980000000000004,3.2010843510465214,41437400,False,False
UNSP.JK,206.0,206.0,206.0,206.0,206.0,207.12,271.8,0.5600000000000023,0.0,0,True,False
UNIQ.JK,115.0,114.66666666666667,114.2,114.2,112.5,105.42,114.66,9.579999999999998,1.7601500222043285,264400,False,False
UNIC.JK,15025.0,15075.0,15125.0,15145.0,14077.5,13092.0,12199.647783203125,82.12,0.6573604368012148,300,False,False
ULTJ.JK,1500.0,1508.3333333333333,1503.0,1500.5,1451.75,1391.5,1478.7,23.366666666666653,1.0345911791928997,180100,False,False
UFOE.JK,137.0,139.33333333333334,139.4,138.8,137.9,136.2,141.82,3.200000000000017,1.3932248131446512,155000,True,False
UDNG.JK,1240.0,1220.0,1274.0,1252.5,1220.0,1298.5,1186.2,15.7,6.00543555334417,219600,False,False
UCID.JK,434.0,436.0,438.4,433.2,408.3,385.7166180419922,389.3675299072266,26.341690979003886,2.546817519653401,2500,False,False
UANG.JK,2410.0,2420.0,2412.0,2439.0,2396.5,2307.2,2841.6,13.180000000000017,2.2966541485658443,21200,False,False
TYRE.JK,116.0,114.66666666666667,114.2,114.7,113.9,110.8,112.44,5.200000000000003,1.0124063192458712,5600,True,False
TUGU.JK,1335.0,1296.6666666666667,1273.0,1250.5,1233.25,1194.3,1178.6296435546874,28.140000000000008,1.5825547216282043,1503700,False,False
TSPC.JK,2770.0,2780.0,2790.0,2816.0,2765.0,2590.8,2511.3,22.519999999999982,0.5607121312666047,45800,False,False
TRUS.JK,400.0,401.3333333333333,404.0,406.4,412.9,376.518017578125,349.2366961669922,18.190991210937483,1.0894626895189858,19400,False,False
TRUK.JK,655.0,700.0,742.0,685.5,552.55,460.9,446.14,56.220000000000006,12.6186686811958,1120800,False,False
TRUE.JK,50.0,50.0,50.0,50.0,50.0,53.96,99.57,3.960000000000001,0.0,0,True,False
TRST.JK,450.0,454.6666666666667,455.6,455.2,463.1,469.32291320800783,465.3927014160156,9.661456604003916,1.0161757045978748,28000,False,False
TRON.JK,100.0,100.66666666666667,101.2,104.1,108.25,98.86,114.67,9.39,1.7079733863845659,1748200,False,False
TRJA.JK,118.0,116.33333333333333,113.6,112.2,111.8,110.22,120.19,7.780000000000001,3.0618481797167623,2078900,False,False
TRIS.JK,170.0,170.33333333333334,170.2,170.2,168.55,163.92,168.74611328125,6.413333333333355,1.8940884883612397,10800,False,False
TRIN.JK,294.0,299.3333333333333,304.8,312.6,324.2,350.58,513.22,28.289999999999992,2.460076044506612,732100,False,False
TRIM.JK,590.0,591.6666666666666,595.0,600.0,583.0,560.4394311523438,549.769716796875,7.912113769531243,3.242746587088632,7300,False,False
TRGU.JK,165.0,167.33333333333334,169.2,166.8,165.3,168.06,175.65,4.199999999999989,3.0768162206957466,242900,True,False
TPMA.JK,454.0,458.0,460.8,461.8,456.8,434.0,493.62,13.900000000000006,0.5474132171600251,200200,False,False
TPIA.JK,2030.0,2083.3333333333335,2088.0,2101.0,2129.0,1959.4,3237.232233886719,16.95999999999999,3.6052736896520674,117526200,False,False
TOWR.JK,386.0,388.6666666666667,390.0,397.0,401.9,380.92,418.00281829833983,10.48999999999998,1.4184111991319108,4679400,False,False
TOTO.JK,234.0,232.66666666666666,233.2,232.8,238.1,235.0754235839844,242.2854197692871,2.7166666666666686,1.3228720437452914,106100,True,False
TOTL.JK,1445.0,1435.0,1391.0,1312.0,1194.5,1106.7,1072.9305804443359,67.66,3.553600946888031,1106100,False,False
TOSK.JK,71.0,71.33333333333333,70.6,69.8,68.6,62.8,62.47,8.533333333333331,1.356169080994945,1466200,False,False
TOOL.JK,65.0,66.33333333333333,66.8,66.8,66.55,63.52,67.13,3.279999999999994,2.8337204263416655,2194700,True,False
TOBA.JK,505.0,506.6666666666667,506.0,504.0,486.6,431.24,491.18786560058595,15.085333333333335,4.920063650411726,1233300,False,False
TNCA.JK,164.0,164.33333333333334,164.2,163.9,158.85,146.08,164.22,18.25333333333333,1.6260106045404443,139700,False,False
TMPO.JK,197.0,194.33333333333334,179.0,161.2,134.4,116.8,119.91,80.2,16.73132840767936,97449100,False,False
TMAS.JK,128.0,128.66666666666666,129.4,125.8,123.2,118.22537811279297,119.09630264282227,11.174621887207039,2.118235227784933,171100,False,False
TLKM.JK,2620.0,2600.0,2606.0,2663.0,2654.0,2577.385439453125,2684.663083496094,8.561456054687506,2.407761621919559,26894400,False,False
TLDN.JK,545.0,551.6666666666666,557.0,564.5,544.0,519.36,555.8795043945313,9.027999999999997,3.2788428724186867,370700,False,False
TKIM.JK,7525.0,7525.0,7410.0,7295.0,6718.75,6042.081494140625,7029.890249023438,59.31674023437499,3.325931458197896,380500,False,False
TIRT.JK,590.0,590.0,590.0,590.0,590.0,573.7,557.68,3.259999999999991,0.0,0,True,False
TIRA.JK,418.0,426.6666666666667,430.8,452.2,479.45,550.28,688.69,66.13999999999999,2.2754596515205563,56800,False,False
TINS.JK,3740.0,3766.6666666666665,3784.0,3803.0,3678.5,3506.04595703125,3477.239287109375,29.695404296874994,1.8888575119079136,5064300,False,False
TIFA.JK,310.0,320.6666666666667,326.0,335.4,308.4,273.96895568847657,302.79223999023435,30.715522155761704,2.7818111859082264,8400,False,False
TGKA.JK,5175.0,5038.333333333333,5003.0,4968.5,4913.25,4835.3,4738.438828125,13.587999999999992,1.7940258833778522,1000,False,False
TFCO.JK,790.0,790.0,780.0,792.0,765.75,696.2,690.05,19.15999999999999,4.658325113337039,200,False,False
TFAS.JK,186.0,185.66666666666666,187.6,188.6,188.5,191.22,204.15,5.553333333333342,1.569481459952965,6400,True,False
TEBE.JK,1105.0,1101.6666666666667,1098.0,1093.5,1081.25,1031.6,1115.2717224121093,14.680000000000017,1.3091030029530262,199400,False,False
TCPI.JK,3610.0,3603.3333333333335,3762.0,3937.0,4689.75,6357.30708984375,8999.819541015626,275.39737565104167,5.478889255411429,194900,False,False
TCID.JK,2690.0,2676.6666666666665,2668.0,2708.0,2732.5,2758.8,2786.3,9.080000000000018,1.852117222589383,100,False,False
TBMS.JK,1175.0,1181.6666666666667,1189.0,1190.0,1193.75,1202.0118115234375,1241.5117578125,5.402362304687495,2.7109040760625476,200,True,False
TBLA.JK,615.0,618.3333333333334,620.0,622.0,631.5,609.1176397705078,619.8014602661133,4.4764720458984355,1.221076876857708,117600,True,False
TBIG.JK,1385.0,1376.6666666666667,1374.0,1396.5,1404.5,1410.9355053710938,1486.0442980957032,7.387101074218753,1.7194814266343612,4745800,False,False
TAYS.JK,50.0,50.0,50.0,50.0,50.0,50.0,54.79,0.0,0.0,0,True,False
TAXI.JK,15.0,14.666666666666666,14.8,14.6,13.7,13.2,14.69,1.8000000000000007,6.055924805151878,591900,False,False
TARA.JK,31.0,30.333333333333332,30.4,30.0,30.35,29.52,30.26,1.4800000000000004,2.4577630683714013,4200,True,False
TAPG.JK,1780.0,1788.3333333333333,1766.79775390625,1773.8370971679688,1712.13203125,1549.9741625976562,1592.3930310058595,47.67183414713541,2.627358166025019,1673000,False,False
TAMU.JK,28.0,28.0,27.2,24.2,22.4,20.32,23.91,7.68,5.774125338986229,1032100,False,False
TAMA.JK,268.0,260.6666666666667,253.6,247.0,231.75,185.02,182.27,41.489999999999995,3.2020879801069086,6318000,False,False
TALF.JK,820.0,825.0,868.0,920.0,767.0,683.2961340332031,692.3064831542969,47.34077319335938,14.717220536289835,72500,False,False
SWID.JK,111.0,110.33333333333333,107.2,105.4,103.45,94.47066696166992,97.93136108398437,16.52933303833008,2.9873888294851065,7161800,False,False
SURI.JK,84.0,77.0,75.2,73.9,71.8,65.64,68.89,18.36,4.085261923025268,59946800,False,False
SURE.JK,2660.0,2673.3333333333335,2706.0,2734.0,2743.0,2823.0,2746.4,16.3,0.82256085773216,3500,False,False
SUPA.JK,525.0,545.0,563.0,579.5,588.75,583.9,723.95,12.75,1.8553580522384987,11346900,False,False
SUNI.JK,710.0,713.3333333333334,716.0,719.0,695.75,652.6031652832031,658.1457293701172,13.279366943359378,1.044720208700759,158600,False,False
SULI.JK,95.0,95.66666666666667,100.0,94.4,91.95,83.22,90.55,16.78,10.538624218575459,2619900,False,False
STTP.JK,9425.0,9491.666666666666,9595.0,9690.0,9766.25,9773.0,9827.5,13.92,1.3167266589540356,400,False,False
STRK.JK,60.0,60.0,60.0,60.8,64.1,67.0,85.49,7.0,2.062509729492701,3378600,False,False
STAR.JK,464.0,421.3333333333333,402.0,338.2,307.2,297.96,434.74,83.02000000000001,12.643220588522247,2889100,False,False
STAA.JK,1050.0,1056.6666666666667,1060.0,1080.0,1070.75,1026.7,1067.6663122558593,10.659999999999991,1.761349033975833,1184300,False,False
SSTM.JK,402.0,408.6666666666667,415.2,418.2,410.3,397.84,504.48,10.180000000000007,2.882495415980538,80800,False,False
SSMS.JK,875.0,885.0,905.0,931.5,943.0,847.9,1010.2612390136719,19.020000000000003,1.8733345001258321,6615800,False,False
SSIA.JK,1660.0,1676.6666666666667,1675.0,1667.5,1671.75,1598.9104370117188,1586.4962976074219,15.55124593098958,1.6027687702399886,3097100,False,False
SRTG.JK,1820.0,1825.0,1821.0,1790.5,1770.0,1616.1,1612.5645739746094,41.780000000000015,1.697385423103676,978300,False,False
SRSN.JK,71.0,70.33333333333333,71.0,71.2,68.8,66.96,66.3,4.240000000000009,2.9015994115161505,3547600,True,True
SRAJ.JK,13000.0,13000.0,13000.0,12960.0,12057.5,11432.0,12910.0,62.72,1.5663384258853459,200,False,False
SQMI.JK,63.0,62.666666666666664,62.6,64.0,66.65,54.92,53.78,11.730000000000004,2.969317027776834,5927700,False,False
SPTO.JK,605.0,606.6666666666666,605.0,603.0,599.75,575.4491223144531,576.6245587158203,6.243508870442701,0.7808444884761125,45800,False,False
SPRE.JK,86.0,87.0,86.8,88.3,87.65,82.28,84.09,6.019999999999996,2.1324400270431325,32700,False,False
SPMA.JK,165.0,164.66666666666666,164.6,164.0,166.05,162.7353842163086,162.82923034667968,3.3146157836914085,0.6330088823274092,486400,True,False
SOUL.JK,37.0,37.0,37.0,37.0,37.0,37.0,43.59,0.0,0.0,0,True,False
SOTS.JK,660.0,671.6666666666666,662.0,628.0,618.25,613.2,775.15,11.693333333333317,2.425650268069103,108200,False,False
SOSS.JK,840.0,860.0,864.0,867.0,886.0,840.4,853.0,9.2,1.0904405724719073,600,False,False
SONA.JK,3240.0,3110.0,2958.0,2591.0,2489.5,2299.0381298828124,2224.64337890625,94.09618701171875,6.837536896944683,64200,False,False
SOLA.JK,89.0,90.33333333333333,90.8,91.5,98.4,98.9,110.51,9.900000000000006,4.018081370151288,1625600,False,False
SOHO.JK,1150.0,1165.0,1173.0,1184.5,1191.25,1163.7,1480.3,8.25,0.7175411440510254,12000,False,False
SOFA.JK,258.0,263.3333333333333,261.6,248.2,232.7,230.92,323.2,16.206666666666663,7.046933763749617,195100,False,False
SOCI.JK,498.0,496.6666666666667,492.0,485.9,449.85,374.01096923828123,414.2200650024414,61.99451538085938,4.552788585747846,2513400,False,False
SNLK.JK,226.0,227.33333333333334,226.8,226.8,224.5,224.92,233.06,1.4166666666666714,2.844812284091347,3618900,True,False
SMSM.JK,1715.0,1711.6666666666667,1713.0,1728.887646484375,1719.7809020996094,1655.86068359375,1692.9099389648438,14.605392578124974,0.5701975715026186,177800,False,False
SMRA.JK,326.0,326.6666666666667,327.6,325.2,324.8,300.04432403564454,305.4908778381348,13.777837982177743,1.864907558517714,3163100,False,False
SMMT.JK,1855.0,1865.0,1870.0,1862.5,1846.0,1803.2,1806.1,13.35999999999999,2.059479221290464,93200,False,False
SMMA.JK,20175.0,20175.0,20085.0,20127.5,20285.0,21193.5,18539.5,44.34,0.9479770806929643,1600,False,False
SMLE.JK,172.0,175.66666666666666,172.8,169.9,160.75,126.3,124.35,49.36666666666666,4.42697775954501,8008600,False,False
SMKM.JK,91.0,93.0,89.0,79.5,74.05,68.42,79.73,24.58,4.633649954885267,417100,False,False
SMKL.JK,145.0,146.33333333333334,147.8,147.3,145.05,137.68,146.89454727172853,10.120000000000005,2.044587194086361,23200,False,False
SMIL.JK,376.0,377.3333333333333,382.8,397.8,383.7,321.76,294.42,38.02000000000001,4.003970235254287,9133400,False,False
SMGR.JK,1505.0,1523.3333333333333,1545.0,1554.5,1518.0,1495.8,1812.4403491210937,11.740000000000009,2.534018879048473,1260900,False,False
SMGA.JK,74.0,74.0,74.0,73.6,72.45,68.1,76.78,5.900000000000006,3.145415948299689,1764600,True,False
SMDR.JK,300.0,300.6666666666667,301.2,302.556494140625,296.9858734130859,281.764970703125,300.99046875,10.39576171874998,1.115388992619279,1158400,False,False
SMDM.JK,565.0,565.0,562.0,563.5,565.5,552.52,571.91,2.5960000000000036,0.9273599837854727,400,True,False
SMBR.JK,168.0,167.33333333333334,167.0,167.1,164.45,156.26,178.2156169128418,11.740000000000009,1.5059672449267358,685400,False,False
SMAR.JK,5675.0,5650.0,5640.0,5710.0,5642.5,5149.4,5171.6862890625,22.424000000000014,1.1484968717592652,9000,False,False
SLIS.JK,104.0,90.0,84.8,78.2,70.35,63.52,73.14,40.48,10.308218297548228,531105500,False,False
SKRN.JK,394.0,395.3333333333333,398.4,402.8,405.9,371.84,405.5162811279297,17.03,1.0309380564589494,21000,False,False
SKLT.JK,206.0,205.33333333333334,204.4,202.6,197.2,188.36,198.42428680419923,8.819999999999993,1.7086459731933357,75900,False,False
SKBM.JK,530.0,541.6666666666666,539.0,538.0,545.25,541.36,586.04,3.05,3.010633816237074,54900,True,False
SIPD.JK,700.0,696.6666666666666,693.0,686.0,686.5,694.9,817.85,2.8,1.5127858219537942,5400,True,False
SINI.JK,7000.0,7025.0,6965.0,7125.0,7016.25,7692.37259765625,10212.686298828125,29.09490390625,2.9045607904281048,107400,False,False
SIMP.JK,585.0,586.6666666666666,589.0,594.0,587.0,546.2551239013671,597.62646484375,9.548975219726572,1.606544896811888,490800,False,False
SILO.JK,2320.0,2346.6666666666665,2360.0,2349.0,2213.25,2216.1,2365.65,14.675,2.714254877794333,14300,False,False
SIDO.JK,350.0,351.3333333333333,352.8,353.2,361.7,369.44,418.25708740234376,9.719999999999999,1.3507643211778455,6299700,False,False
SICO.JK,109.0,108.66666666666667,109.0,108.7,109.95,105.84,113.9026155090332,4.109999999999999,2.1822874557318945,122400,True,False
SHIP.JK,2340.0,2310.0,2326.0,2195.0,2003.75,1764.4,2423.48859375,57.55999999999999,5.373190761660824,7900,False,False
SHID.JK,560.0,576.6666666666666,592.0,603.0,603.75,607.9,674.6,9.579999999999995,3.1534153205148927,39700,False,False
SGRO.JK,4500.0,4533.333333333333,4430.0,4310.0,3830.5,3177.490712890625,3609.346926269531,135.5842620442708,2.489789907449282,7900,False,False
SGER.JK,470.0,470.0,472.0,477.4,464.9,416.24,392.42,30.579999999999984,1.198471827102115,9357000,False,False
SFAN.JK,2000.0,2001.6666666666667,1995.0,1986.5,1971.5,1969.9,1954.35,6.35333333333333,0.3789040947084493,6600,False,False
SEMA.JK,96.0,97.33333333333333,98.2,99.0,97.6,94.92,101.99,4.079999999999998,1.14935202513246,191200,True,False
SDRA.JK,218.0,220.66666666666666,221.2,222.6,217.0,212.12,231.36,5.239999999999995,0.9449526512666777,144300,True,False
SDPC.JK,187.0,186.33333333333334,186.8,184.8,182.85,179.88,183.24218307495119,7.1200000000000045,1.3053854683785262,5800,False,False
SDMU.JK,77.0,78.0,79.2,80.6,80.25,78.54,83.64,3.5999999999999943,3.386754767486634,1394300,True,False
SCNP.JK,148.0,149.66666666666666,150.6,153.2,155.3,149.89624389648438,155.7916687011719,7.300000000000011,2.0208840057905437,73400,False,False
SCMA.JK,200.0,199.66666666666666,200.6,201.9,202.3,202.98,222.79110809326173,3.3133333333333326,1.2522439162105947,5331700,True,False
SCCO.JK,2310.0,2320.0,2312.0,2306.0,2300.5,2242.25232421875,2251.8160693359373,7.774767578125011,0.7480666996525213,2900,False,False
SBMA.JK,108.0,107.0,108.2,107.7,107.55,106.82,112.15,1.3800000000000097,1.6249254586377022,4600,True,False
SATU.JK,258.0,259.3333333333333,258.8,260.0,263.7,269.0,265.4,5.5,0.4869422906694781,69800,True,False
SAPX.JK,212.0,212.0,213.6,215.2,215.0,213.44,226.54,1.5999999999999943,1.0711023981634034,59400,True,False
SAMF.JK,278.0,281.3333333333333,280.0,279.0,279.1,275.4487582397461,292.3746195983887,2.942287546793608,1.368783784388204,7800,True,False
SAME.JK,296.0,296.0,296.8,298.0,298.3,311.92,323.12,7.960000000000008,0.7750052036606072,19100,False,False
SAGE.JK,32.0,32.0,32.2,32.5,33.05,29.2,30.06,3.849999999999998,3.404902677818932,440000,True,False
SAFE.JK,408.0,404.6666666666667,408.0,396.2,384.0,351.88,354.78,28.060000000000002,3.1000771020813915,59700,False,False
RUNS.JK,61.0,62.0,62.0,62.5,64.75,68.56,76.65,7.560000000000002,2.3839220160117973,100800,False,False
RUIS.JK,199.0,203.66666666666666,205.8,204.8,204.4,190.885625,199.6609375,14.914375000000007,2.7347934551740027,37100,False,False
RSCH.JK,308.0,308.6666666666667,311.2,316.4,302.3,298.56,296.18,8.919999999999987,2.420125735240589,8278700,False,False
ROTI.JK,590.0,588.3333333333334,589.0,588.0,594.0,596.2,614.8153112792969,1.640000000000009,0.9522423135162803,93800,True,False
RONY.JK,1185.0,1216.6666666666667,1243.0,1258.0,1350.25,1139.6,1293.15,42.13000000000002,2.0280528555419366,1900,False,False
RODA.JK,65.0,66.0,66.6,65.5,63.15,58.56,62.9,8.039999999999992,5.65545758875548,2621300,False,False
ROCK.JK,2180.0,2150.0,2178.0,1951.0,1877.75,1779.7,2073.85,40.029999999999994,13.103168689366548,66900,False,False
RMKO.JK,278.0,281.3333333333333,282.0,287.6,299.4,308.16,385.96,15.080000000000013,2.888533198853181,234300,False,False
RMKE.JK,396.0,397.3333333333333,400.8,406.0,412.8,429.48,518.3779522705078,16.74000000000001,2.529012674905037,27586100,False,False
RLCO.JK,4480.0,4530.0,4598.0,4816.5,4711.5,3806.4,4304.45,101.00999999999999,3.7301414935730435,108900,False,False
RISE.JK,925.0,928.3333333333334,933.0,947.5,989.75,975.0,1328.65,12.95,1.299279494436017,30300,False,False
RIGS.JK,690.0,686.6666666666666,686.0,682.0,681.5,678.9,681.5,2.2200000000000046,1.771807146667383,2000,True,False
RICY.JK,78.0,78.66666666666667,78.8,79.4,78.75,76.42,84.2,2.980000000000004,1.5612343970924938,228500,True,False
RGAS.JK,190.0,192.33333333333334,207.4,224.7,224.55,197.28,144.99144691467285,34.69999999999999,4.087882909388448,2440700,False,False
RELI.JK,520.0,500.6666666666667,492.4,486.6,487.9,488.14,492.78,6.679999999999995,2.2621224268025664,79200,False,False
RELF.JK,34.0,34.333333333333336,34.6,34.7,35.6,34.72,36.66,1.6000000000000014,1.8138928166786135,401800,True,False
REAL.JK,52.0,52.666666666666664,52.8,52.2,51.45,50.67778961181641,51.66626136779785,2.122210388183589,1.4232886138963252,17827300,True,True
RDTX.JK,13600.0,13600.0,13725.0,13597.5,13658.75,13919.6578515625,14822.94634765625,12.886314062500023,1.5834667980119486,0,False,False
RCCC.JK,105.0,103.66666666666667,102.6,101.5,98.3,90.52,98.47,14.480000000000004,2.780508330781629,78200,False,False
RBMS.JK,63.0,63.333333333333336,63.6,64.8,65.35,60.92,61.5,4.429999999999993,2.5733230497401225,4292600,True,True
RATU.JK,4640.0,4780.0,4844.0,4952.5,4974.25,4936.0,5220.144282226563,33.425,2.4916737478829205,1776300,False,False
RANC.JK,520.0,521.6666666666666,520.0,518.0,517.5,520.84,538.87,0.8333333333333257,1.0165578868864067,1700,True,False
RALS.JK,380.0,380.0,380.8,380.8,381.1,377.12,386.124446105957,1.990000000000009,0.8053457449826785,280400,True,False
RAJA.JK,845.0,866.6666666666666,870.0,879.0,890.0,824.3562731933594,811.3354656982422,13.128745361328129,2.4478852930160824,29923800,False,False
RAAM.JK,184.0,187.66666666666666,190.0,194.6,201.6,204.42,208.0,20.419999999999987,0.5620794963896493,179800,False,False
PZZA.JK,182.0,182.33333333333334,182.0,183.1,184.6,183.98,191.06785568237305,2.5999999999999943,2.2026805519535437,336900,True,False
PYFA.JK,210.0,211.33333333333334,212.8,212.0,210.3,203.12,256.4,4.840000000000003,3.2267553421134396,1961100,True,False
PWON.JK,256.0,255.33333333333334,256.4,258.8,262.9,253.9487091064453,280.04653076171877,4.475645446777335,1.845708040387424,2857700,True,False
PURI.JK,138.0,138.33333333333334,138.2,138.7,138.15,135.56,144.06,3.1399999999999864,1.5617165943467164,32500,True,False
PURA.JK,33.0,33.0,32.8,32.8,31.9,31.2,32.0,1.8000000000000007,2.2745897601393854,1928500,True,True
PUDP.JK,308.0,309.3333333333333,310.0,308.4,305.2,297.92400024414064,311.0574203491211,6.037999877929678,1.3745522993109158,700,False,False
PTSP.JK,950.0,933.3333333333334,933.0,935.5,919.0,893.4,901.2,11.320000000000004,3.530102200117674,2900,False,False
PTSN.JK,282.0,286.0,286.8,284.2,270.8,247.57703216552736,270.2861778259277,19.611483917236328,2.9845146312105166,74700,False,False
PTRO.JK,5250.0,5316.666666666667,5181.0,5012.5,4814.75,4318.7,4649.4,39.91866666666669,5.121464203090412,16652300,False,False
PTPW.JK,1180.0,1180.0,1180.0,1188.0,1158.25,1136.730126953125,1042.6155126953124,10.253974609375017,1.6074032597217205,17900,False,False
PTPS.JK,150.0,152.0,152.0,150.4,146.5,132.02,150.22,19.97999999999999,1.650121779548683,193300,False,False
PTPP.JK,197.0,199.66666666666666,201.4,200.8,204.25,195.52,222.55,8.72999999999999,1.4056045750744348,813700,False,False
PTMP.JK,67.0,66.66666666666667,66.6,65.4,63.95,59.74,63.18,7.259999999999998,2.3680744064653956,2305000,False,False
PTIS.JK,258.0,262.6666666666667,262.0,267.2,267.7,274.76,288.86,8.379999999999995,2.200522245390056,7700,False,False
PTBA.JK,2330.0,2340.0,2352.0,2352.0,2366.5,2392.9052490234376,2576.8786010742188,6.290524902343759,0.9268489496375326,2038500,False,False
PSSI.JK,326.0,328.6666666666667,329.2,329.2,326.1,303.64,315.59409912109373,12.780000000000001,1.3030565661145885,4800,False,False
PSKT.JK,218.0,220.66666666666666,221.6,224.8,219.3,199.98,223.67,12.41000000000001,2.5130945143536265,2137300,False,False
PSGO.JK,195.0,195.0,195.0,195.2,196.45,195.68,193.95282608032227,1.4499999999999886,0.8909616506814677,50200,True,False
PSDN.JK,135.0,136.66666666666666,137.2,134.7,127.55,118.02,135.04,19.179999999999993,3.131043939270069,1002800,False,False
PSAT.JK,875.0,883.3333333333334,889.0,893.0,869.5,836.2,860.9,11.35999999999999,2.1378001731729492,600,False,False
PSAB.JK,490.0,497.6666666666667,499.6,472.8,450.9,432.92818237304687,421.20454650878906,33.33590881347658,4.419213351404031,19591100,False,False
PRIM.JK,113.0,111.66666666666667,110.6,110.9,106.05,94.74,87.09,18.260000000000005,2.873839134839184,4092800,False,False
PRDA.JK,2370.0,2373.3333333333335,2372.0,2373.0,2373.5,2433.4,2440.6378149414063,6.340000000000009,0.7962127905732665,43400,False,False
PRAY.JK,760.0,765.0,754.0,744.0,739.5,698.9,715.7,13.220000000000004,3.3359951332957944,26000,False,False
PPRO.JK,17.0,17.0,17.2,17.1,16.85,16.48,19.52,0.7199999999999989,3.336720733332869,4734200,True,False
PPRI.JK,142.0,144.0,145.2,146.0,148.2,143.62,158.92,6.199999999999989,1.8494964875542843,129600,False,False
PPRE.JK,102.0,102.0,102.6,103.5,105.5,101.44,112.13,4.060000000000002,1.9105574273136472,5301900,True,False
PPGL.JK,208.0,210.0,208.4,205.4,208.2,195.08,202.91,7.459999999999994,1.8436396687394976,115100,False,False
POWR.JK,800.0,810.0,796.0,761.5,743.75,717.7,706.0104541015625,18.45999999999999,2.294241654326465,699900,False,False
PORT.JK,880.0,880.0,873.0,871.5,874.5,868.5,882.35,2.3,2.473779387623234,1800,True,False
POLY.JK,32.0,32.0,32.0,32.0,32.0,32.0,32.26,0.0,0.0,0,True,False
POLU.JK,11625.0,11716.666666666666,11650.0,11737.5,12135.0,12311.0,13246.0,27.44,2.812641169979647,300,False,False
POLI.JK,740.0,743.3333333333334,746.0,748.5,731.75,741.7,903.35,3.35,2.502106618104669,400,True,False
PNSE.JK,498.0,488.0,486.0,488.8,491.5,510.4,562.0,12.199999999999989,1.3551031717695379,200,False,False
PNLF.JK,238.0,234.66666666666666,232.8,229.6,228.6,220.1,233.21,8.950000000000003,1.4384744593924872,35995000,False,False
PNIN.JK,715.0,716.6666666666666,715.0,714.0,718.5,720.2,747.85,1.240000000000009,1.2757978453102166,102500,True,False
PNGO.JK,3550.0,3553.3333333333335,3554.0,3554.0,3547.5,3483.0,3456.6,7.1,0.31930615763863135,1000,False,False
PNBS.JK,50.0,50.333333333333336,50.2,50.1,50.25,50.1,50.3,0.3333333333333357,0.9336024218017578,3553700,True,False
PNBN.JK,900.0,900.0,901.0,904.5,900.25,884.5534094238282,910.2667181396484,3.9893181152343686,0.9905564711508583,538200,True,False
PMUI.JK,98.0,97.0,97.4,97.6,91.75,83.44,87.36104522705078,14.560000000000002,2.0082276929947036,11510700,False,False
PMJS.JK,115.0,114.66666666666667,115.4,117.4,113.6,107.58105743408203,115.23081642150879,9.818942565917979,2.206985739758861,29500,False,False
PLAN.JK,38.0,38.0,38.0,38.0,38.25,37.18,41.26,1.0700000000000003,0.8108404256841768,119900,True,False
PKPK.JK,3650.0,3696.6666666666665,3738.0,3833.0,3839.5,3297.6,2956.55,54.19000000000001,1.1019576980523522,101900,False,False
PJHB.JK,171.0,171.33333333333334,171.8,172.7,170.75,166.06,190.21,6.639999999999986,1.6887512731191971,83700,False,False
PJAA.JK,458.0,457.3333333333333,458.4,456.0,455.9,452.48,475.53501403808593,2.9599999999999795,1.1308554401242719,123900,True,False
PIPA.JK,126.0,124.33333333333333,123.2,122.1,120.55,115.66,122.87,10.340000000000003,2.531660348621996,20553500,False,False
PICO.JK,132.0,132.66666666666666,132.8,132.4,130.5,128.3,139.03,4.5,1.2650912757791624,36600,True,False
PGUN.JK,7475.0,7466.666666666667,7490.0,7490.0,7563.75,7396.5,7929.955756835938,6.69,1.2594165925939234,2800,False,False
PGLI.JK,216.0,212.66666666666666,215.6,208.8,201.7,192.46,202.26,11.769999999999996,2.9006682858514075,115600,False,False
PGJO.JK,735.0,763.3333333333334,745.0,757.5,722.5,722.0,739.8,8.266666666666675,5.284254773223805,83100,False,False
PGEO.JK,1065.0,1063.3333333333333,1067.0,1056.5,1033.75,954.1,962.4810968017578,22.579999999999995,3.032347783077258,1442200,False,False
PGAS.JK,1485.0,1481.6666666666667,1489.0,1499.0,1507.25,1490.0,1609.3554040527345,5.116666666666651,0.6483347008943402,4316700,True,False
PEVE.JK,318.0,323.3333333333333,326.4,332.6,329.7,318.44,366.83,7.300000000000011,1.3380809727884655,777500,False,False
PEHA.JK,314.0,280.6666666666667,273.6,269.2,264.2,253.15046600341796,271.9446989440918,30.42476699829102,6.194032574425274,5764600,False,False
PEGE.JK,107.0,104.33333333333333,103.0,100.6,96.05,103.22914642333984,120.42457321166992,10.950000000000003,2.458723476265762,8208400,False,False
PDPP.JK,298.0,301.3333333333333,303.2,306.8,290.4,271.41364837646483,290.0751737976074,17.69317581176759,1.3689226870831053,15000,False,False
PDES.JK,384.0,391.3333333333333,402.8,403.2,400.6,432.06,471.9270526123047,24.03,9.259620493521354,10000,False,False
PCAR.JK,43.0,43.0,42.6,43.0,41.1,39.56,38.68,3.4399999999999977,4.574605276747812,34300,False,False
PBSA.JK,855.0,835.0,796.0,771.0,771.75,729.8964135742187,839.2760638427734,25.020717285156252,7.9741295696953,1713600,False,False
PBRX.JK,26.0,26.0,26.4,26.6,26.6,26.74,31.46,0.7399999999999984,3.464275772299331,270900,True,False
PBID.JK,530.0,526.6666666666666,529.0,531.5,520.35,492.98,484.88600494384764,7.703999999999996,0.7691138769646371,242500,False,False
PART.JK,97.0,98.0,98.8,100.0,102.3,100.35353439331055,106.36265083312988,5.299999999999997,1.628022169624613,529000,True,False
PANS.JK,1535.0,1538.3333333333333,1540.0,1540.0,1553.5,1529.726884765625,1511.2196362304687,4.754623046874985,0.8723522741855119,16300,True,False
PANR.JK,426.0,428.6666666666667,429.2,425.8,418.9,416.32,454.1247055053711,6.439999999999998,1.1894527164201956,2000,False,False
PANI.JK,6025.0,6066.666666666667,6085.0,6202.5,6206.25,6202.45767578125,7185.74529296875,7.25,1.7366175010210525,1574200,False,False
PAMG.JK,56.0,56.333333333333336,56.8,56.6,57.3,53.82,56.22,3.479999999999997,2.8546284512923843,3086700,True,False
PALM.JK,286.0,288.6666666666667,289.2,289.8,297.7,298.1205169677734,326.17293151855466,6.060258483886713,0.72921404143889,111100,False,False
PADI.JK,68.0,68.66666666666667,69.2,70.2,72.25,71.56454528808594,88.29510948181152,4.25,3.226553436406359,36900400,True,False
PADA.JK,177.0,178.0,177.8,179.2,152.05,126.1,138.36,53.099999999999994,9.915791323361017,27961800,False,False
PACK.JK,270.0,271.3333333333333,264.4,260.6,244.1,236.56,243.81,17.386666666666656,4.784950390167564,34327200,False,False
OPMS.JK,129.0,129.33333333333334,130.2,126.0,115.6,103.0,113.53,27.19999999999999,5.020484548431191,824500,False,False
OMRE.JK,990.0,985.0,994.0,990.0,1043.75,1031.3,942.55,11.75,3.5620288336088155,1100,False,False
OMED.JK,228.0,232.0,230.8,226.8,218.5,208.1184930419922,232.0432000732422,11.940753479003902,2.6427628474426026,1175600,False,False
OLIV.JK,47.0,47.666666666666664,48.2,49.0,49.8,50.1,53.2,3.1000000000000014,1.0442045588034843,583800,True,False
OKAS.JK,118.0,119.33333333333333,118.4,113.5,107.7,101.94,108.36,17.39333333333333,5.57522368312299,611700,False,False
OILS.JK,224.0,225.33333333333334,226.8,228.4,228.6,206.32,228.56,11.14,1.5446492251110733,448500,False,False
OBMD.JK,190.0,193.0,193.6,191.4,193.9,177.92,201.5,15.980000000000018,3.0492590995401176,123300,False,False
OBAT.JK,240.0,241.33333333333334,242.0,243.6,246.0,239.9,274.35046539306643,3.049999999999997,0.9456949879267688,31200,True,False
OASA.JK,310.0,316.6666666666667,321.2,332.2,333.7,291.4,319.1,21.150000000000006,4.480164297244875,5880300,False,False
NTBK.JK,80.0,82.33333333333333,84.8,88.7,92.1,77.3,79.02676071166992,14.799999999999997,3.3693243881226573,10982100,False,False
NSSS.JK,875.0,878.3333333333334,909.0,964.5,922.5,718.5432781982422,733.6674645996094,49.19134436035156,6.119257262895119,2778000,False,False
NRCA.JK,525.0,528.3333333333334,524.0,522.2,509.9,465.22,495.77000396728516,12.62266666666667,2.5860124860372844,317900,False,False
NPGF.JK,61.0,60.333333333333336,59.2,58.84793128967285,58.92060375213623,58.566275100708005,63.74396511077881,2.4337248992919953,2.9521633064156854,33391500,True,False
NOBU.JK,498.0,501.0,501.4,500.6,473.9,449.64,488.55,25.879999999999995,3.1463438317269476,32100,False,False
NISP.JK,1255.0,1263.3333333333333,1265.0,1271.5,1261.5,1229.2,1287.69615234375,8.45999999999999,0.5578273035823528,338200,False,False
NIRO.JK,152.0,156.66666666666666,157.6,160.1,153.8,147.54,169.78,12.560000000000002,7.489112549790401,41200,False,False
NINE.JK,76.0,76.66666666666667,76.8,73.9,75.05,75.84,99.64,2.8999999999999915,4.1402449246748265,1294800,False,False
NIKL.JK,190.0,191.33333333333334,193.0,196.5,193.3,189.72,242.74647003173828,6.780000000000001,2.2889231842320927,370100,False,False
NICL.JK,452.0,458.6666666666667,462.0,467.0,483.0,508.2,649.5435571289063,28.099999999999994,1.8032646510627364,10078300,False,False
NICK.JK,1495.0,1498.3333333333333,1530.0,1439.5,1276.5,1115.8,1154.9,82.84,4.376115968239047,600,False,False
NICE.JK,252.0,253.33333333333334,253.6,258.0,253.7,256.48,276.22,3.0,2.914723768415557,51800,True,False
NFCX.JK,1585.0,1556.6666666666667,1544.0,1534.0,1552.5,1600.1,1686.0,13.219999999999981,2.262799804517472,11100,False,False
NETV.JK,51.0,51.333333333333336,51.8,51.7,51.35,51.74,67.6,0.7999999999999972,1.5756043952822418,23153700,True,False
NEST.JK,685.0,685.0,698.0,716.0,673.75,616.38,522.8,19.924,4.878032541111903,286900,False,False
NELY.JK,202.0,202.0,200.6,200.7,202.55,199.56,246.75467987060546,1.4950000000000045,1.2200889388157663,30200,True,False
NCKL.JK,905.0,916.6666666666666,919.0,930.5,898.5,840.4548107910156,916.1487976074219,18.009037841796886,2.2512854664428104,7814800,False,False
NAYZ.JK,58.0,57.666666666666664,58.0,58.0,57.65,58.42,61.16,0.7700000000000031,3.3293186021414893,1647200,True,False
NATO.JK,650.0,651.6666666666666,651.0,653.5,655.75,616.6,613.85,7.829999999999996,0.8839132814874959,70600,False,False
NASI.JK,132.0,132.33333333333334,132.8,133.5,129.4,117.56,130.56,15.939999999999998,2.5398118607134315,162800,False,False
NASA.JK,30.0,30.0,30.2,30.2,30.05,31.08,34.39,1.0799999999999983,3.0934127559257663,500,True,False
NANO.JK,35.0,32.666666666666664,31.8,30.2,30.75,26.56,30.11,8.440000000000001,4.761884999811225,27301900,False,False
NAIK.JK,88.0,89.0,89.2,88.4,87.95,84.44,90.44173118591308,4.760000000000005,1.3563539311517732,331800,True,False
MYTX.JK,41.0,41.0,41.0,41.0,41.0,41.58,46.27,0.5799999999999983,0.0,0,True,False
MYOR.JK,1660.0,1663.3333333333333,1676.0,1677.0,1707.25,1733.5011743164061,1749.6011804199218,14.70023486328123,1.0948592618265303,501000,False,False
MYOH.JK,1045.0,1061.6666666666667,1050.0,1044.0,1045.75,1042.7,1115.9696020507813,3.793333333333339,1.7838236616272702,125400,True,False
MUTU.JK,113.0,113.0,113.2,111.8,110.2,110.65619949340821,106.51661895751953,3.0,2.562300292649864,147300,True,False
MTWI.JK,256.0,256.0,256.0,255.2,257.3,263.9532293701172,287.28964004516604,4.376614685058598,1.0057946986755129,600,True,False
MTMH.JK,915.0,916.6666666666666,924.0,921.5,925.0,939.3436389160156,965.4311041259766,4.868727783203122,1.1584204201385695,1300,True,False
MTLA.JK,520.0,516.6666666666666,517.0,521.5,519.5,511.12811950683596,520.7673257446289,2.0743760986328086,2.451384744337483,7100,True,False
MTFN.JK,13.0,13.0,13.0,13.0,13.0,13.36,17.33,0.35999999999999943,0.0,0,True,False
MTEL.JK,426.0,429.3333333333333,429.6,436.0,445.6,461.9334259033203,476.8245452880859,17.966712951660156,1.218825885982672,1491400,False,False
MTDL.JK,505.0,503.3333333333333,504.0,507.5,510.25,505.1620001220703,522.9510000610352,1.383333333333337,1.390566305238973,86800,True,False
MSTI.JK,1310.0,1313.3333333333333,1317.0,1322.5,1327.0,1270.58,1274.8519396972656,11.284000000000015,0.9257240584971193,120700,False,False
MSKY.JK,66.0,68.33333333333333,69.6,67.1,63.5,61.82,70.48,7.779999999999994,4.782135991648512,1454000,False,False
MSJA.JK,420.0,421.3333333333333,420.8,414.8,409.7,409.0,434.97424377441405,6.166666666666657,1.558946061387619,7907900,False,False
MSIN.JK,368.0,372.6666666666667,377.6,382.6,396.2,465.52,601.49,48.75999999999999,1.8861282096871017,6498700,False,False
MSIE.JK,96.0,97.0,95.8,96.8,91.3,91.16,95.87,5.840000000000003,3.0093712178523946,364900,True,False
MREI.JK,920.0,920.0,920.0,920.0,920.0,933.7,976.2,2.740000000000009,0.0,0,True,False
MRAT.JK,442.0,442.6666666666667,441.2,441.8,441.4,442.08,433.86,0.7333333333333485,0.7824216814737909,800,True,False
MPXL.JK,166.0,166.66666666666666,164.0,160.1,154.45,149.98,156.24,16.686666666666667,2.198116348176589,410000,False,False
MPRO.JK,12000.0,11833.333333333334,11905.0,11972.5,11931.25,9959.0,9592.25,81.64,4.497519890953609,200,False,False
MPPA.JK,50.0,50.0,50.0,48.3,48.05,46.66,48.23,3.3400000000000034,3.3792026747360406,501400,True,False
MPOW.JK,107.0,106.33333333333333,106.4,106.9,104.7,98.64,105.04,8.36,1.4308270590924286,165500,False,False
MPMX.JK,1000.0,1003.3333333333334,1004.0,1003.5,996.75,974.2364489746094,913.1462652587891,5.9527102050781195,0.3916173072469764,520900,True,False
MPIX.JK,95.0,95.66666666666667,95.6,96.9,95.5,93.4,88.93,3.5,1.8364534352807604,1162700,True,True
MORA.JK,5125.0,5066.666666666667,5100.0,5397.5,5890.0,6357.0,6006.5,51.61333333333332,3.694793725593569,24200,False,False
MOLI.JK,270.0,270.6666666666667,270.4,269.4,262.9,247.18224700927735,245.5463523864746,11.74220982869467,1.7249179915353456,437000,False,False
MNCN.JK,202.0,200.66666666666666,200.4,201.2,205.1,205.68,217.96,2.6400000000000006,1.2931036887077463,1277300,True,False
MMLP.JK,292.0,291.3333333333333,292.4,295.2,295.0,293.88,314.94,1.9333333333333371,1.056019719995041,57600,True,False
MMIX.JK,745.0,746.6666666666666,743.0,741.0,725.0,702.58,518.9,8.817333333333318,0.8859315286863229,838200,False,False
MLPT.JK,1420.0,1460.0,1483.0,1574.0,1575.65,1080.8,939.9107135009766,98.97000000000003,4.077972089654101,682100,False,False
MLPL.JK,94.0,96.0,96.8,96.8,95.6,86.48,91.04,10.319999999999993,2.863453833611912,7860300,False,False
MLIA.JK,232.0,230.66666666666666,231.6,231.6,231.5,236.36,252.76,2.8466666666666782,0.7049223432277593,5200,True,False
MLBI.JK,7000.0,7008.333333333333,6985.0,6950.0,6680.0,6332.93693359375,5908.904296875,27.015855989583326,1.4466456326792898,21200,False,False
MKTR.JK,123.0,124.0,124.4,123.3,121.75,121.02618545532226,124.06727447509766,3.3738145446777423,3.2558613725407035,12000,True,False
MKPI.JK,22000.0,21991.666666666668,21975.0,21947.5,21775.0,21250.074453125,21353.4325,29.997021875000065,0.29887853488432403,40000,False,False
MKAP.JK,1165.0,1166.6666666666667,1168.0,1168.0,1165.0,1145.1017041015625,1108.1521166992188,4.579659179687496,0.31632430784215043,300,True,False
MITI.JK,189.0,191.0,191.8,202.5,183.9,172.98,204.24,29.52000000000001,11.631552795641866,141300,False,False
MIRA.JK,30.0,29.333333333333332,29.4,27.2,24.45,21.12,21.6,8.879999999999999,7.205148241573525,3538800,False,False
MINE.JK,222.0,226.66666666666666,230.8,231.8,225.6,218.76,270.36,6.52000000000001,2.0440287003201933,160600,False,False
MINA.JK,264.0,266.6666666666667,266.8,270.0,274.4,275.96,294.44,5.97999999999999,2.355919359856651,8697300,True,False
MIKA.JK,1785.0,1795.0,1808.0,1821.5,1783.5,1689.4975170898438,1787.8284826660156,26.400496582031245,2.8725874809324354,26600,False,False
MIDI.JK,272.0,272.6666666666667,273.2,276.2,281.3,281.2127606201172,292.7687890625,4.650000000000006,1.2840493140884977,2131500,True,False
MICE.JK,525.0,521.6666666666666,522.0,521.0,518.5,501.95188415527343,499.22089324951173,4.609623168945314,0.8404383954541865,2700,True,False
MHKI.JK,132.0,133.33333333333334,133.8,135.6,136.0,126.6470344543457,146.28034797668457,9.3529655456543,2.5565618704537405,394200,False,False
MGRO.JK,660.0,665.0,670.0,669.0,674.25,673.9,683.85,2.85,3.2041023308007945,1197200,True,False
MGNA.JK,100.0,101.66666666666667,103.2,107.9,104.35,92.94,125.51,14.960000000000008,1.5894459513887964,10302300,False,False
MGLV.JK,9850.0,9408.333333333334,9160.0,8727.5,8578.75,8400.5,7588.9,57.98,5.0930031702794265,302800,False,False
MERK.JK,3890.0,3933.3333333333335,3956.0,3940.0,3949.0,3774.9,3645.02875,18.109999999999992,1.4463648251314467,18600,False,False
MERI.JK,119.0,119.0,118.8,116.5,109.1,106.92,122.27,12.079999999999998,6.284635331711942,1662300,False,False
MEJA.JK,114.0,113.0,111.0,104.7,98.65,89.3,93.31142860412598,24.700000000000003,5.338326593647267,12367600,False,False
MEGA.JK,1980.0,1981.6666666666667,1983.0,1983.0,1987.5,2000.3,2112.043212890625,4.059999999999991,0.28759550554919017,200,True,False
MEDS.JK,73.0,72.0,72.0,73.5,75.45,74.24,77.61,3.450000000000003,2.5083409937743486,13919300,True,False
MEDC.JK,1290.0,1301.6666666666667,1308.0,1312.5,1304.0,1208.79294921875,1382.1655529785157,20.741410156250005,2.8494896012371926,8153100,False,False
MDRN.JK,26.0,26.0,26.0,26.0,26.0,27.26,37.36,1.2600000000000016,0.0,0,True,False
MDLN.JK,50.0,50.0,50.2,50.1,50.15,50.16,51.87,0.20000000000000284,0.9336024218017578,368200,True,False
MDLA.JK,210.0,210.66666666666666,210.0,209.8,209.8,204.88,203.49456451416015,2.893333333333331,0.9507061160563848,55000,True,False
MDKI.JK,191.0,189.66666666666666,189.8,187.4,184.1,180.26505645751953,181.2406201171875,10.734943542480465,1.3002053161361196,1100,False,False
MDKA.JK,2800.0,2833.3333333333335,2892.0,2878.0,2781.0,2704.339384765625,2860.3397021484375,18.76606152343752,3.4990874044799307,6065400,False,False
MDIY.JK,940.0,940.0,937.0,924.0,936.25,897.2064404296875,870.228168334961,8.558711914062496,0.7870363241315766,449400,False,False
MDIA.JK,280.0,268.6666666666667,256.0,235.5,174.4,110.1,102.66,84.95,7.089042418146689,0,False,False
MCOR.JK,69.0,68.66666666666667,68.6,68.7,68.4,67.06,68.35,1.9399999999999977,1.1920420241534446,32900,True,False
MCOL.JK,3750.0,3743.3333333333335,3740.0,3742.0,3736.0,3731.6,3766.1679418945314,1.8400000000000092,0.7313062029848245,200,True,False
MCAS.JK,324.0,317.3333333333333,322.8,288.6,254.95,207.14,268.03,58.43000000000001,10.250547205677279,5172500,False,False
MBTO.JK,126.0,127.0,127.2,129.8,125.05,114.54,114.71,15.260000000000005,8.269309113625454,385000,False,False
MBSS.JK,2840.0,2836.6666666666665,2834.0,2831.0,2777.5,2630.2,2351.0,20.980000000000018,0.47135712343040986,183500,False,False
MBMA.JK,515.0,525.0,530.0,534.0,522.8,507.58,569.64,5.284000000000003,3.97123578196161,27411400,False,False
MBAP.JK,1435.0,1443.3333333333333,1452.0,1440.0,1431.0,1386.9,1533.85,13.019999999999982,1.7717985902841742,1500,False,False
MAYA.JK,202.0,199.66666666666666,200.2,201.4,200.0,192.08,192.92,4.959999999999994,1.28813992571942,354700,True,False
MAXI.JK,50.0,50.0,50.0,50.0,50.0,50.0,50.49,0.0,0.0,1100,True,False
MASB.JK,3390.0,3363.3333333333335,3378.0,3384.0,3387.0,3380.0,3319.5,2.6666666666666514,1.3406007955446935,8100,True,False
MARK.JK,1095.0,1093.3033040364583,1086.090087890625,1078.2252197265625,1026.6666625976563,970.4945922851563,864.2640734863281,24.901081542968747,0.7299696721356485,4310000,False,False
MARI.JK,23.0,23.0,23.0,23.0,23.0,23.3,26.06,0.3000000000000007,0.0,0,True,False
MAPI.JK,1475.0,1498.3333333333333,1532.0,1630.0,1565.5,1528.3388305664062,1430.7549609375,31.0,8.281825764153416,1135500,False,False
MAPB.JK,1225.0,1151.6666666666667,1157.0,1160.0,1133.0,1075.7,1292.5,29.859999999999992,7.43705501473792,700,False,False
MAPA.JK,645.0,636.6666666666666,642.0,657.5,637.25,612.1339819335938,620.061382446289,9.073203613281247,2.0786709278345383,1962700,False,False
MANG.JK,38.0,38.0,38.2,38.6,39.65,40.46,44.02,2.460000000000001,0.8108404256842296,818600,True,False
MAIN.JK,660.0,666.6666666666666,670.0,673.5,690.5,680.16,763.8379406738281,6.1,1.356274676528967,207500,False,False
MAHA.JK,144.0,145.66666666666666,145.6,145.6,143.5,138.14,137.10500228881835,7.526666666666671,1.2258533643165046,1328600,False,False
LUCK.JK,115.0,115.66666666666667,115.4,114.6,112.1,104.42,105.73,11.24666666666667,1.1114385513000586,248100,False,False
LTLS.JK,825.0,836.6666666666666,840.0,838.0,808.75,784.2,776.5990698242188,11.159999999999991,1.2428389796731794,4600,False,False
LSIP.JK,1395.0,1405.0,1419.0,1437.5,1407.0,1297.0164697265625,1345.6562524414062,28.096706054687502,1.025419335805893,365900,False,False
LRNA.JK,193.0,190.0,189.8,187.3,185.15,180.54,190.26,12.460000000000008,1.4524826122372625,17400,False,False
LPPS.JK,80.0,80.66666666666667,81.6,81.8,81.05,73.76,77.54,8.039999999999992,2.4113832908505097,171100,False,False
LPPF.JK,1585.0,1585.0,1586.0,1580.5,1573.25,1541.8,1585.7175354003907,8.840000000000009,0.7205418782571429,285500,False,False
LPLI.JK,246.0,245.33333333333334,246.8,246.4,249.6,242.56,264.64,3.519999999999996,0.9711474416625151,1000,True,False
LPKR.JK,62.0,62.333333333333336,63.4,62.8,62.25,61.48,70.41,1.9200000000000017,2.8057158772061186,29824600,True,False
LPIN.JK,420.0,418.6666666666667,419.6,419.8,419.7,408.24,410.11074432373044,5.8799999999999955,0.6654299503755688,28600,True,False
LPGI.JK,635.0,628.3333333333334,628.0,635.0,638.0,657.1,668.2949298095704,5.820000000000005,1.6754946712684928,5400,True,False
LPCK.JK,615.0,613.3333333333334,612.0,599.0,559.75,527.46,566.99,17.507999999999992,3.9909273230002347,23800,False,False
LOPI.JK,80.0,77.0,79.2,73.7,67.6,61.26,85.68,18.740000000000002,6.143904246106757,6634000,False,False
LMPI.JK,150.0,155.33333333333334,149.8,144.8,142.85,137.9,146.2,17.433333333333337,5.3886179698691175,533800,False,False
LMAX.JK,112.0,111.0,112.2,112.9,114.35,98.14,124.1,16.209999999999994,2.17676379906628,10600,False,False
LIVE.JK,204.0,203.33333333333334,206.4,210.4,207.5,213.2,214.75,4.933333333333323,2.7403524103434616,5622000,True,False
LION.JK,336.0,340.6666666666667,345.2,349.6,351.3,334.32,367.78,8.490000000000009,1.2885766139652053,22800,False,False
LINK.JK,1390.0,1396.6666666666667,1389.0,1391.0,1401.25,1415.6,1544.2,5.319999999999982,1.8302501832889027,400,True,False
LIFE.JK,5950.0,5908.333333333333,5860.0,5857.5,5790.0,5883.5,6388.171923828125,6.4,2.2480280767295544,1700,False,False
LFLO.JK,494.0,502.3333333333333,498.2,494.3,489.55,523.84,533.1077072143555,17.14500000000001,2.3009399463773565,200,False,False
LEAD.JK,108.0,109.66666666666667,109.0,110.2,106.9,99.7,113.57,10.5,3.738287704589818,2323900,False,False
LCKM.JK,109.0,109.0,109.0,109.0,109.9,110.24,114.25,1.2399999999999949,0.0,0,True,False
LAPD.JK,65.0,65.66666666666667,66.0,65.0,65.2,63.4,71.44,2.6000000000000014,2.8966659626846027,1612800,True,False
LAND.JK,75.0,76.33333333333333,77.8,78.4,77.05,66.04,69.47,12.36,3.9887786778354526,1921900,False,False
LAJU.JK,67.0,67.66666666666667,67.6,67.3,66.8,64.07586135864258,70.61659603118896,3.5908053080240876,2.4573831126802106,7968400,True,False
LABS.JK,164.0,163.33333333333334,161.6,158.5,153.7,146.8,152.11,17.19999999999999,1.0728420150512925,128900,False,False
LABA.JK,94.0,93.66666666666667,94.0,94.5,94.25,91.04,103.3,3.4599999999999937,1.3524712969933135,1471900,True,False
KUAS.JK,92.0,92.33333333333333,92.4,92.5,91.95,90.32,98.64592918395996,2.180000000000007,0.94821637649329,650700,True,False
KSIX.JK,408.0,409.3333333333333,408.0,381.4,333.9,330.64,330.36,39.346666666666664,5.882152721547445,19600,False,False
KRYA.JK,62.0,63.0,63.4,62.9,61.2,58.64,63.33,4.759999999999998,2.146508753233371,18217800,True,False
KREN.JK,14.0,13.333333333333334,13.4,13.3,13.3,12.52,14.24,1.4800000000000004,5.495726360089835,755600,False,False
KRAS.JK,222.0,222.66666666666666,223.2,225.4,227.8,213.3,243.12,7.25,1.934181368519908,1336500,False,False
KPIG.JK,69.0,71.0,72.8,76.9,80.15,80.6,94.16,11.599999999999994,2.591471709522106,34916400,False,False
KOTA.JK,180.0,181.0,179.2,173.6,147.8,114.0,108.34,67.0,5.281163169303632,161528100,False,False
KOPI.JK,204.0,206.0,205.6,207.6,205.95,192.0,215.25,7.799999999999997,1.4684539092706719,88600,False,False
KONI.JK,2340.0,2326.6666666666665,2338.0,2369.0,2428.5,2563.8,2444.55,23.713333333333367,1.1800319006092452,11600,False,False
KOKA.JK,183.0,190.33333333333334,192.6,194.2,201.6,152.0,157.57,49.599999999999994,2.4645200740321975,9534000,False,False
KOIN.JK,78.0,78.0,78.0,78.0,78.0,76.56,78.69,1.4399999999999977,0.0,0,True,False
KOCI.JK,108.0,108.66666666666667,107.6,108.6,104.8,97.95736831665039,105.66657752990723,10.709298350016283,6.886165833748137,2039500,False,False
KOBX.JK,172.0,168.33333333333334,167.4,167.5,162.5,151.28,158.27,20.72,2.1024796367581398,4706500,False,False
KMTR.JK,230.0,230.0,230.4,231.2,234.0,229.08,240.12,2.4599999999999937,1.1980073160112086,1200,True,False
KMDS.JK,520.0,523.3333333333334,528.0,531.0,537.25,534.4,541.036608581543,3.45,1.2645493009997022,29300,True,False
KLIN.JK,119.0,118.0,118.2,116.9,117.15,106.8,125.05,12.200000000000003,3.4483650150002756,1400,False,False
KLBF.JK,800.0,800.0,797.0,782.5,752.5,741.2,804.7239685058594,11.759999999999991,2.890927850804873,16496300,False,False
KLAS.JK,79.0,79.33333333333333,78.8,77.7,75.1,70.06,75.06,9.273333333333326,1.7646337183591807,4405800,False,False
KKGI.JK,272.0,273.3333333333333,274.4,274.6,275.5,265.6821041870117,282.7201496887207,4.908947906494149,1.4644289668239603,38500,True,False
KKES.JK,73.0,70.33333333333333,70.0,68.3,67.85,55.86,47.05,17.14,3.1812719266753935,1570200,False,False
KJEN.JK,161.0,160.0,162.8,153.3,142.65,125.02,131.8,37.780000000000015,6.630680912615174,4821500,False,False
KIOS.JK,94.0,94.66666666666667,94.8,96.2,95.4,89.46,95.86,6.740000000000009,2.813821131066703,850900,False,False
KINO.JK,1310.0,1306.6666666666667,1306.0,1296.0,1242.25,1167.3,1130.3699847412108,28.54000000000001,1.8689370326412411,35200,False,False
KING.JK,290.0,283.3333333333333,278.4,278.2,278.1,337.68,374.17,29.789999999999992,3.687820194445874,109300,False,False
KIJA.JK,120.0,123.0,125.4,124.5,127.45,123.7,146.18,7.450000000000003,3.714122740800078,29339100,False,False
KICI.JK,194.0,194.33333333333334,194.2,194.9,194.4,186.22,197.41,8.680000000000007,1.2840639835060543,2300,False,False
KETR.JK,565.0,560.0,560.0,573.0,567.0,545.18,529.62,5.56400000000001,5.092716229187817,1706200,False,False
KEJU.JK,580.0,583.3333333333334,582.0,576.5,561.5,562.6,554.186572265625,4.366666666666674,2.502083633149874,3800,True,False
KEEN.JK,885.0,890.0,893.0,891.5,873.25,845.6807189941406,860.8872515869141,9.46385620117187,2.0131081766230827,1790600,False,False
KDTN.JK,378.0,378.6666666666667,384.0,421.2,423.1,548.82,738.36,85.41000000000003,9.631634073906499,530100,False,False
KDSI.JK,468.0,462.0,460.8,458.6,453.6,444.12,447.0,11.939999999999998,0.7192910008805448,5400,False,False
KBLV.JK,145.0,147.33333333333334,147.8,140.0,134.2,106.42,107.37,41.38000000000001,9.522645016221178,5853300,False,False
KBLM.JK,306.0,305.3333333333333,305.6,303.4,298.7,291.488251953125,301.78902435302734,7.255874023437514,1.1328347126382845,11100,False,False
KBLI.JK,318.0,322.6666666666667,326.0,327.2,324.7,314.3561651611328,309.2330499267578,6.4219174194335835,1.0487876003147976,487800,False,False
KBAG.JK,49.0,49.0,49.2,48.6,45.7,40.6,43.59,8.600000000000001,3.2849775498665625,341500,False,False
KARW.JK,212.0,212.0,212.0,212.0,212.0,223.64,260.06,5.819999999999993,0.0,0,True,False
KAQI.JK,94.0,94.0,93.8,94.5,92.75,88.54,96.35,5.959999999999994,2.770165351568735,1638200,True,False
KAEF.JK,444.0,445.3333333333333,450.4,453.4,452.3,447.16,475.04,4.699999999999989,1.4893201270073968,310200,True,False
JTPE.JK,615.0,613.3333333333334,614.0,606.0,608.0,602.795,593.9025,2.4410000000000083,1.770124264928287,317100,True,False
JSPT.JK,1450.0,1411.6666666666667,1395.0,1388.5,1407.75,1349.0850341796875,1367.4138488769531,20.18299316406251,3.60589149221209,16300,False,False
JSMR.JK,2720.0,2740.0,2746.0,2760.0,2741.0,2740.6,2834.2639501953126,4.0,1.1530768263896776,125800,True,False
JRPT.JK,1075.0,1078.3333333333333,1085.0,1081.5,1079.5,1076.08,1071.815888671875,2.0,1.42671716152373,38400,True,False
JPFA.JK,2320.0,2280.0,2250.0,2226.0,2169.5,2043.3,2239.6476586914064,27.670000000000005,1.3101115021711511,2636500,False,False
JMAS.JK,228.0,228.0,228.0,228.0,228.0,233.08,238.59,2.5400000000000063,0.0,0,True,False
JKON.JK,86.0,86.66666666666667,86.4,86.9,77.0,70.38477638244629,70.98119487762452,16.515223617553715,11.457284040164968,2671700,False,False
JIHD.JK,446.0,446.0,440.8,434.6,433.0,421.48,457.68,12.259999999999991,1.3564456262408853,55100,False,False
JGLE.JK,90.0,91.33333333333333,91.6,88.0,75.9,61.56,65.61,30.039999999999992,9.738859349667726,227503300,False,False
JECC.JK,635.0,636.6666666666666,638.0,638.5,631.0,617.1171435546875,704.869716796875,4.276571289062508,1.4011388165161969,300,True,False
JAYA.JK,134.0,133.33333333333334,133.4,133.3,130.4,124.44,128.98,9.560000000000002,0.9230926820056514,574800,False,False
JAWA.JK,131.0,130.66666666666666,130.0,129.6,125.7,119.32,136.54,11.680000000000007,1.2887042409813916,38300,False,False
JATI.JK,99.0,98.66666666666667,98.8,98.6,96.8,94.72,99.09867614746094,4.280000000000001,1.9713071718142183,2798100,True,False
JAST.JK,83.0,83.0,83.2,83.7,83.65,81.32,88.53,2.3800000000000097,1.3011055166373053,768600,True,False
JARR.JK,1880.0,1885.0,1886.0,1898.0,1901.5,1845.193505859375,1933.4258605957032,11.261298828125017,1.2374994178254641,81500,False,False
ITMG.JK,24575.0,24583.333333333332,24665.0,24730.0,24568.75,23433.0,24275.5352734375,51.88,0.9266056593963465,237100,False,False
ITMA.JK,1295.0,1315.0,1333.0,1351.0,1359.25,1384.2,1698.75,17.84000000000001,2.108300340643502,4000,False,False
ITIC.JK,228.0,227.33333333333334,228.4,227.4,219.8,207.04,227.49,10.680000000000007,2.210576704576343,59700,False,False
ISSP.JK,434.0,432.6666666666667,432.8,434.8,425.2,400.8575518798828,414.3857205200195,16.971224060058603,1.0106049963629817,126300,False,False
ISEA.JK,82.0,83.33333333333333,81.8,81.7,81.05,72.84,77.57,10.493333333333325,4.081169241917244,1220700,False,False
ISAT.JK,2580.0,2503.3333333333335,2352.0,2162.5,2044.0,1910.9,1979.0481201171874,66.91,6.484596645924104,49837200,False,False
ISAP.JK,25.0,25.0,25.0,24.7,24.85,23.88,26.81,1.120000000000001,4.383062329550321,1521900,False,False
IRSX.JK,364.0,360.6666666666667,356.0,362.2,337.6,299.08,358.6439175415039,32.46000000000001,4.075744406548154,16218300,False,False
IRRA.JK,372.0,372.6666666666667,370.8,372.0,372.7,368.2,381.36,2.25,0.9160786211240279,276500,True,False
IPTV.JK,30.0,30.0,29.8,29.9,30.85,32.14,36.47,2.34,2.4835393164540553,121600,True,False
IPOL.JK,114.0,113.33333333333333,113.4,111.8,108.75,107.14,113.89,6.859999999999999,1.9577967988809626,56400,False,False
IPCM.JK,302.0,302.0,302.4,303.4,309.1,306.6967205810547,307.3658560180664,3.5500000000000114,0.7614130756129714,75000,True,False
IPCC.JK,1160.0,1166.6666666666667,1165.0,1164.5,1173.5,1158.8704919433594,1170.9085247802734,2.9259016113281175,0.8775908494092081,73600,True,False
IPAC.JK,162.0,165.33333333333334,166.4,166.6,163.85,156.8,154.51,9.799999999999983,3.2770081708045,20300,False,False
IOTF.JK,71.0,72.0,69.0,60.9,56.8,54.14,58.0,17.86,9.282797347835213,40182800,False,False
INTP.JK,5250.0,5275.0,5305.0,5237.5,4926.75,4520.5,4594.745942382812,31.38,2.3683919978815844,124300,False,False
INTD.JK,328.0,294.6666666666667,286.0,273.8,257.2,239.2,245.88,44.400000000000006,5.851947101764848,818500,False,False
INTA.JK,61.0,61.0,61.0,61.0,61.0,61.96,68.51,0.9600000000000009,0.0,0,True,False
INPS.JK,740.0,723.3333333333334,710.0,714.0,687.75,654.1,641.46,17.179999999999996,3.256683239760611,5500,False,False
INPP.JK,760.0,760.0,753.0,724.5,712.5,717.9,752.9,9.5,3.7673584266853433,8600,False,False
INPC.JK,139.0,139.33333333333334,139.6,140.9,139.75,133.84,144.01,7.060000000000002,1.2165618914383876,575100,False,False
INOV.JK,144.0,144.33333333333334,144.0,144.6,139.15,126.12,130.85,18.47999999999999,1.219584085866914,94600,False,False
INKP.JK,8500.0,8466.666666666666,8415.0,8405.0,8175.0,7631.794619140625,8360.428525390626,34.728215234374986,0.9225622582118561,404600,False,False
INET.JK,228.0,226.0,223.6,228.6,228.0,209.8,243.82,9.399999999999991,3.3669762467387407,35277200,False,False
INDY.JK,2500.0,2493.3333333333335,2520.0,2530.0,2540.0,2264.4,2725.525390625,27.55999999999999,5.290537381700208,4756400,False,False
INDX.JK,60.0,60.0,60.0,60.0,60.0,61.16,80.84,1.1599999999999966,2.837818317547164e-07,0,True,False
INDS.JK,264.0,268.0,268.8,274.0,274.9,264.6120022583008,317.9866047668457,5.449999999999989,2.3221919365939425,176700,True,False
INDR.JK,2420.0,2406.6666666666665,2382.0,2359.0,2167.25,2049.2,2309.0,37.08000000000002,5.222117470131233,14700,False,False
INDO.JK,178.0,176.66666666666666,176.2,175.8,174.2,168.12,164.43,9.879999999999995,1.1012593847621055,24708200,False,False
INDF.JK,7350.0,7358.333333333333,7335.0,7292.5,7088.75,6689.873955078125,6558.450825195312,26.738375130208333,1.2480831635110343,871500,False,False
INCO.JK,5075.0,5116.666666666667,5195.0,5295.0,5104.5,4840.8125,5293.017861328125,18.1675,2.833780223492988,1331100,False,False
INCI.JK,675.0,673.3333333333334,670.0,670.0,665.25,652.0,667.6196661376953,4.6,1.4846630538675802,300,True,False
INCF.JK,50.0,50.0,50.0,50.0,50.0,50.0,52.7,0.0,0.0,0,True,False
INAI.JK,170.0,173.0,174.6,177.4,173.8,151.82,167.47,25.580000000000013,1.8079141650186716,236800,False,False
IMPC.JK,1400.0,1438.3333333333333,1467.0,1520.5,1524.25,1515.5,1803.0,24.85,3.250475726106705,2158300,False,False
IMJS.JK,161.0,160.33333333333334,160.8,162.4,156.65,145.36891815185547,159.7945620727539,17.031081848144538,2.323063918294316,506300,False,False
IMAS.JK,855.0,848.3333333333334,854.0,858.0,857.5,835.9908056640625,924.018451538086,4.401838867187507,1.1668784997934059,6300,True,False
IKPM.JK,197.0,197.0,197.2,194.5,190.05,184.7,194.62,12.5,2.1038046040870975,83800,False,False
IKBI.JK,570.0,566.6666666666666,616.1380004882812,587.5067687988281,556.2269729614258,518.1010748291015,514.7667208862305,19.60738513183594,8.82377234304476,171900,False,False
IKAN.JK,90.0,89.33333333333333,88.0,87.3,85.8,78.74,85.87,11.260000000000005,1.4704802928513925,2847200,False,False
IKAI.JK,21.0,21.0,21.0,21.3,21.0,19.32,21.02,1.9800000000000004,4.765991975866006,405400,False,False
IGAR.JK,450.0,446.6666666666667,445.6,444.4,434.8,419.9713055419922,441.23860260009764,15.014347229003903,0.6470201943755045,16400,False,False
IFSH.JK,1125.0,1151.6666666666667,1184.0,1134.5,1151.0,1189.1,1675.9256433105468,12.819999999999983,5.628466895174607,700,False,False
IFII.JK,204.0,205.33333333333334,205.6,206.0,208.2,212.28,218.14,4.140000000000001,0.5494737290235338,5200,True,False
IDPR.JK,260.0,263.3333333333333,267.2,273.2,284.1,291.4379864501953,294.38207946777345,15.718993225097648,1.394007807452186,23800,False,False
IDEA.JK,61.0,62.666666666666664,64.0,65.8,63.9,61.14,68.96,4.799999999999997,4.274044142749955,483900,False,False
ICON.JK,132.0,128.66666666666666,123.2,119.1,112.4,108.02,113.06,23.980000000000004,6.0423785719858865,62664600,False,False
ICBP.JK,7650.0,7583.333333333333,7585.0,7480.0,7236.25,6751.844462890625,6756.653681640625,35.926221484374985,1.8505150190549202,632100,False,False
IBST.JK,8475.0,8475.0,8475.0,8475.0,8475.0,8475.0,7997.75,0.0,0.0,0,True,False
IBOS.JK,66.0,67.33333333333333,68.0,66.9,67.2,71.88,89.46,5.8799999999999955,3.117429820606725,993600,True,False
IBFN.JK,63.0,63.0,63.0,63.0,63.0,63.56,70.94,0.5600000000000023,0.0,0,True,False
IATA.JK,118.0,122.0,124.2,113.0,86.55,72.26,74.4,51.94,9.857941146013284,448073500,False,False
HYGN.JK,170.0,169.66666666666666,168.6,167.3,165.2,150.72,147.6594009399414,19.28,1.7131474309737529,751400,False,False
HUMI.JK,146.0,146.33333333333334,146.0,147.3,141.1,127.2,152.84,20.10000000000001,3.469908877905803,4525000,False,False
HRUM.JK,835.0,841.6666666666666,841.0,848.5,835.75,789.0,862.45,11.9,3.4819273788161222,3261800,False,False
HRTA.JK,2140.0,2150.0,2146.0,2073.5,1996.0,1943.552509765625,2223.36841796875,20.644749023437498,3.6617777357010874,2150300,False,False
HRME.JK,42.0,42.0,42.0,42.2,42.8,43.58,45.84,1.5799999999999983,2.2191922128706345,481800,True,False
HOPE.JK,222.0,225.33333333333334,224.4,221.8,207.6,162.84,175.83,31.24666666666667,3.783306578582547,6850100,False,False
HOMI.JK,196.0,195.66666666666666,191.4,185.8,181.75,185.24,208.17,14.25,1.5150904994079248,672600,False,False
HOKI.JK,55.0,55.0,55.4,54.6,54.5,53.6,59.41,1.7999999999999972,1.616379497189056,527800,True,False
HMSP.JK,730.0,730.0,738.0,748.0,734.75,684.9,685.0300787353516,12.620000000000005,1.8277421700859733,5037700,False,False
HILL.JK,16.0,16.0,16.0,16.0,16.0,16.04,17.9,0.03999999999999915,0.0,0,True,False
HGII.JK,122.0,122.33333333333333,124.0,122.3,121.85,123.44546737670899,129.99261642456054,2.1500000000000057,4.438096242771289,80600,False,False
HEXA.JK,4430.0,4440.0,4458.0,4461.0,4479.5,4420.0,4431.5,5.95,0.42472221726349857,49200,True,False
HERO.JK,326.0,334.0,335.2,339.6,341.5,326.44,372.45,7.75,2.6728874763184853,293700,False,False
HELI.JK,196.0,195.33333333333334,195.6,192.2,188.25,182.12,186.44,13.879999999999995,2.1193289286811203,44300,False,False
HEAL.JK,700.0,721.6666666666666,743.0,766.5,790.25,835.0,969.6508801269531,27.0,2.1489601497772237,4212800,False,False
HDIT.JK,51.0,51.333333333333336,51.4,50.7,50.75,50.46,54.6,0.9399999999999977,2.287590332498663,2411500,True,False
HDFA.JK,96.0,97.0,97.0,98.5,93.95,90.0,96.02,8.5,8.88237408683868,45200,False,False
HBAT.JK,220.0,218.66666666666666,219.6,220.8,233.8,296.0,348.43,38.66666666666667,1.9196063260424125,42000,False,False
HATM.JK,625.0,600.0,595.0,565.5,523.5,436.2950012207031,372.7417904663086,37.74099975585938,4.077607899580522,13854700,False,False
HALO.JK,72.0,71.33333333333333,70.6,70.4,69.15,64.88,69.41,7.1200000000000045,1.83739458529882,26850800,False,False
HAJJ.JK,105.0,106.0,105.6,106.7,105.5,102.92,115.67,3.780000000000001,1.9407253242034568,1566200,True,False
HAIS.JK,181.0,181.66666666666666,181.8,182.4,182.45,177.28,183.93465148925782,5.1699999999999875,1.188167133481831,17700,True,False
HADE.JK,18.0,17.666666666666668,18.2,18.6,18.55,17.24,18.08,1.360000000000003,4.987763724062977,117300,False,False
GZCO.JK,168.0,169.66666666666666,171.0,173.2,164.3,150.58,172.33,22.619999999999976,2.0712861862808194,1694300,False,False
GWSA.JK,140.0,139.66666666666666,139.8,136.8,131.65,123.36,133.42,16.64,2.4358476100095188,32100,False,False
GUNA.JK,220.0,209.33333333333334,207.2,204.8,202.45,178.34241333007813,190.0445785522461,20.828793334960935,2.5944757083722005,880700,False,False
GULA.JK,730.0,745.0,748.0,767.0,771.5,677.66,532.12,18.768000000000008,2.315932633096051,10698800,False,False
GTSI.JK,181.0,183.0,183.2,179.7,164.5,143.14124084472655,175.65744270324706,40.058759155273435,6.194805563193321,6852100,False,False
GTRA.JK,226.0,230.66666666666666,238.0,241.8,239.2,209.56,222.11,16.120000000000005,2.9191392418370863,120800,False,False
GTBO.JK,170.0,170.0,170.0,170.0,170.0,173.04,192.55,3.039999999999992,0.0,0,True,False
GSMF.JK,89.0,88.33333333333333,87.0,87.2,87.7,82.22,96.68,6.780000000000001,2.5984904495353436,3499500,False,False
GRPM.JK,212.0,217.33333333333334,221.2,228.0,229.9,237.32,270.88,12.659999999999997,2.8583495344568033,162400,False,False
GRPH.JK,64.0,63.333333333333336,63.6,61.4,60.4,59.06,59.67,4.939999999999998,2.094760737243929,1182800,True,True
GRIA.JK,149.0,149.33333333333334,146.2,145.0,131.3,121.28,115.59,28.05333333333334,6.824833725629858,134300,False,False
GPSO.JK,278.0,280.6666666666667,282.4,290.4,298.2,331.48,361.14,26.74000000000001,3.298433701050484,587700,False,False
GPRA.JK,107.0,107.66666666666667,107.6,106.7,104.8,102.02411727905273,104.78960609436035,5.64254938761394,1.5794227689214033,101039300,True,True
GOTO.JK,50.0,50.0,50.0,50.0,50.0,50.0,50.72,0.0,0.0,4803700,True,False
GOOD.JK,304.0,305.3333333333333,304.8,301.2,299.5,306.32,321.7902279663086,3.4099999999999966,1.1328866041417167,10000,True,False
GOLF.JK,161.0,162.33333333333334,162.6,164.1,163.25,163.90046020507813,174.15486465454103,3.0999999999999943,2.303583677391924,266700,True,False
GOLD.JK,270.0,270.0,269.6,269.6,268.1,257.24,268.24,6.3799999999999955,1.4648997097994387,1400,False,False
GMTD.JK,1295.0,1270.0,1276.0,1284.0,1288.0,1322.7,1481.2881579589844,10.54000000000001,1.663698240056995,1300,False,False
GMFI.JK,59.0,60.333333333333336,62.8,58.6,56.5,53.72,57.01,9.079999999999998,11.314857485795306,52008900,False,False
GLVA.JK,318.0,314.0,312.0,309.0,307.7,302.11073181152346,315.3295162963867,7.944634094238268,0.818866259319705,66700,False,False
GJTL.JK,1290.0,1295.0,1298.0,1306.5,1242.0,1167.9,1125.3868615722656,27.71999999999998,2.4981556619230094,709800,False,False
GIAA.JK,70.0,72.0,73.0,63.3,58.55,55.66,61.21,17.340000000000003,11.059543887246917,147769700,False,False
GHON.JK,1590.0,1593.3333333333333,1596.0,1607.5,1623.75,1661.2,1729.0,14.240000000000009,0.6171610537616743,700,False,False
GGRP.JK,302.0,303.3333333333333,302.8,301.4,298.0,293.68,284.24785278320314,4.826666666666654,0.9285572217702487,10600,True,False
GGRM.JK,20275.0,19958.333333333332,20260.0,20442.5,19203.75,17044.175,15802.175,135.93300000000002,3.614873770452133,265700,False,False
GEMS.JK,6550.0,6558.333333333333,6555.0,6555.0,6551.25,6389.0,7190.25,6.773333333333321,0.6251936924881516,3400,False,False
GEMA.JK,82.0,81.33333333333333,81.2,81.0,81.2,79.14,82.34476043701171,2.8599999999999994,0.7035280777400699,138400,True,False
GDYR.JK,1085.0,1096.6666666666667,1095.0,1098.0,1097.0,1092.2,1098.35,2.6,1.2530015140432995,103500,True,False
GDST.JK,115.0,116.66666666666667,121.8,117.2,105.95,91.48,95.05,30.319999999999993,7.122865354366105,2409700,False,False
FWCT.JK,91.0,92.0,92.4,93.2,92.35,82.92,89.43,10.280000000000001,1.7415132062416268,840400,False,False
FUTR.JK,334.0,335.3333333333333,340.0,337.2,303.6,228.32,226.53,55.84,8.85998169568337,24774300,False,False
FUJI.JK,208.0,208.0,206.8,206.8,206.0,221.82,281.55,7.909999999999997,1.7746997742673767,59100,False,False
FPNI.JK,420.0,425.3333333333333,423.6,426.4,380.0,347.08,390.72,39.66,3.08398717567158,536100,False,False
FORU.JK,2160.0,2133.3333333333335,2096.0,2358.0,2696.0,2970.0,2141.45,87.4,5.787866636455032,223600,False,False
FORE.JK,820.0,833.3333333333334,814.0,789.0,716.25,673.7,758.75,31.926666666666666,4.250666573018318,2359500,False,False
FOOD.JK,176.0,176.0,176.0,176.0,176.0,174.14,181.99,1.8600000000000136,0.0,0,True,False
FOLK.JK,180.0,191.0,198.6,206.5,209.15,200.58,258.36,29.150000000000006,2.9113011532897075,2077500,False,False
FMII.JK,246.0,248.66666666666666,250.4,249.6,249.1,249.4,243.1,2.200000000000003,1.7684419569229035,15800,True,False
FLMC.JK,76.0,76.66666666666667,76.4,74.4,73.35,73.94,114.4,3.316666666666677,2.0520016438574746,38300,True,False
FITT.JK,362.0,362.6666666666667,359.2,356.6,355.9,366.4,373.74,5.25,1.036218480062417,77100,True,False
FISH.JK,585.0,593.3333333333334,598.0,602.0,616.0,610.0136608886719,679.0926904296875,6.2,0.800184993640594,4500,False,False
FIRE.JK,107.0,108.0,108.2,108.2,108.15,104.78,119.88,3.4200000000000017,2.469282417345473,409400,True,False
FILM.JK,915.0,955.0,994.0,1007.0,1076.5,1426.3,2006.95,102.25999999999999,5.457525544433262,2878600,False,False
FAST.JK,436.0,433.3333333333333,416.4,383.8,338.4,282.56,284.8,76.72,9.595997212191271,3308500,False,False
FAPA.JK,7375.0,7358.333333333333,7355.0,7360.0,7338.75,7318.7993359375,7109.836015625,2.2480265625000175,0.3741510603782349,100,True,False
EXCL.JK,2740.0,2643.3333333333335,2568.0,2549.0,2514.5,2514.4,2752.6,22.55999999999999,3.2231842343526114,6540000,False,False
EURO.JK,1765.0,1741.6666666666667,1784.0,1820.5,1893.5,1742.136826171875,2123.4695446777346,30.366666666666653,3.004658394512005,509000,False,False
ESTI.JK,162.0,163.66666666666666,166.8,172.4,155.55,135.51600082397462,147.32424263000487,36.883999176025384,7.152608407158301,694600,False,False
ESTA.JK,175.0,175.33333333333334,175.6,180.6,182.65,180.86,190.09,7.650000000000006,1.6085215796063448,42700,False,False
ESSA.JK,650.0,673.3333333333334,680.0,653.0,637.75,595.1329077148438,651.6503332519532,16.973418457031244,3.906834677218179,11201700,False,False
ESIP.JK,121.0,122.66666666666667,124.2,127.0,129.15,126.49488250732422,123.67858283996583,8.150000000000006,1.0765678384356145,3085300,False,False
ERTX.JK,186.0,188.33333333333334,188.8,192.0,179.65,155.16,175.54,36.84,3.6160716404892144,638800,False,False
ERAL.JK,300.0,300.0,301.2,306.8,300.4,281.260751953125,287.690378112793,12.769624023437501,1.8067376665323023,327500,False,False
ERAA.JK,458.0,456.6666666666667,456.8,454.6,423.8,373.27671813964844,367.03294555664064,42.36164093017578,2.656725671424397,9846900,False,False
EPMT.JK,2300.0,2323.3333333333335,2324.0,2343.0,2324.0,2317.8,2328.8,4.3,1.5853039670903877,3100,True,False
EPAC.JK,61.0,60.666666666666664,60.6,60.3,61.8,64.52,65.27,4.219999999999999,1.9930100739637666,20674900,True,False
ENZO.JK,74.0,74.33333333333333,75.2,77.2,71.5,67.76,70.62,9.439999999999998,12.322880257458944,1635900,False,False
ENRG.JK,1235.0,1273.3333333333333,1271.0,1287.0,1337.0,1286.5,1451.05,20.4,3.60729306502974,44409300,False,False
ENAK.JK,242.0,238.66666666666666,238.4,241.0,246.4,260.04,300.28,10.820000000000007,1.8703208540731269,150900,False,False
EMTK.JK,500.0,503.3333333333333,506.0,517.0,522.5,524.38,646.5081378173828,12.189999999999998,1.5131756558699279,8696400,False,False
EMDE.JK,77.0,77.33333333333333,77.8,77.7,73.55,68.2,71.33,9.599999999999994,5.308457519888112,1359700,False,False
EMAS.JK,7525.0,7600.0,7615.0,7410.0,6751.25,6517.0,7372.25,43.92,2.722855433260828,997200,False,False
ELTY.JK,40.0,40.0,39.0,37.7,34.0,27.72,33.33,12.280000000000001,6.415308559141944,13878700,False,False
ELSA.JK,680.0,688.3333333333334,692.0,694.0,685.25,619.2512561035156,638.8742651367188,14.949748779296874,1.9779666402973233,7062500,False,False
ELPI.JK,695.0,698.3333333333334,705.0,719.0,801.5,978.9819921875,1362.3324548339845,56.79639843750001,2.4265871362574933,89000,False,False
ELIT.JK,170.0,170.0,170.4,172.8,174.0,172.26,186.52,4.0,1.193371223476813,210800,True,False
EKAD.JK,338.0,292.6666666666667,246.8,210.0,189.35,175.42,171.48222091674805,81.29,12.54609063040229,65651000,False,False
ECII.JK,157.0,155.0,156.4,159.2,157.95,139.36,157.34,19.839999999999975,1.8785642134405551,798800,False,False
EAST.JK,91.0,90.66666666666667,90.4,90.68913192749024,89.70869598388671,87.61391387939453,87.11214477539062,3.3860861206054693,0.6187973882059802,227200,True,False
DYAN.JK,85.0,84.66666666666667,84.6,84.9,83.15,79.12,80.52,5.8799999999999955,1.0295164615823647,58500,True,False
DWGL.JK,358.0,364.6666666666667,383.2,380.8,328.7,272.68,269.76,55.25999999999999,5.618022431358929,1210400,False,False
DVLA.JK,1585.0,1585.0,1582.0,1582.0,1583.5,1540.3496630859374,1536.9706799316407,8.930067382812513,0.5557416458784585,4200,False,False
DUTI.JK,4300.0,4300.0,4298.0,4294.0,4277.5,4068.2727001953126,3906.4332080078125,23.172729980468738,0.07371276597129191,200,False,False
DSSA.JK,1005.0,998.3333333333334,985.0,940.5,900.5,832.9,1332.55,34.42,4.554951377715998,160687600,False,False
DSNG.JK,1270.0,1290.0,1294.0,1334.0,1315.75,1204.054677734375,1354.302188720703,25.989064453125003,2.8263133770320947,475300,False,False
DSFI.JK,83.0,83.0,82.2,82.2,81.15,73.94,82.99,9.060000000000002,2.004173638961524,2443300,False,False
DRMA.JK,985.0,985.0,979.0,968.0,945.0,925.6,942.8633331298828,11.879999999999995,0.5595583439964298,323900,False,False
DPUM.JK,97.0,96.66666666666667,97.0,98.2,98.2,103.56,126.95,6.893333333333331,1.8755865381990877,3674000,False,False
DOSS.JK,169.0,168.0,169.4,170.6,156.1,141.60935333251953,143.2662606048584,28.990646667480462,3.3923138705014315,2191500,False,False
DOOH.JK,290.0,280.6666666666667,268.4,268.0,231.25,164.3,156.76,62.849999999999994,7.143587514513793,148148200,False,False
DOID.JK,206.0,208.66666666666666,210.8,213.2,216.4,206.92,224.7,5.200000000000003,1.4656998774800623,326300,True,False
DNET.JK,9650.0,9608.333333333334,9705.0,9760.0,9728.75,9913.5,9668.0,12.206666666666642,1.6307549358665159,300,False,False
DNAR.JK,126.0,123.66666666666667,123.8,123.8,122.8,115.12,124.46,10.879999999999995,1.801330182404643,2038700,False,False
DMND.JK,620.0,623.3333333333334,626.0,626.0,620.25,609.536396484375,618.4087969970703,3.2927207031249965,1.335360759931,3100,True,False
DMMX.JK,184.0,187.0,190.6,188.4,182.15,167.6528240966797,183.32956130981447,22.9471759033203,3.738064892349138,128400,False,False
DMAS.JK,147.0,147.33333333333334,147.2,147.4,143.55,139.38158935546875,133.3778807067871,8.018410644531258,0.8724509771990506,10007500,False,False
DLTA.JK,1800.0,1791.6666666666667,1789.0,1784.5,1780.25,1744.4976245117186,1764.9278540039063,11.100475097656272,0.5153481167350747,57000,False,False
DKHH.JK,64.0,63.666666666666664,63.6,63.8,63.5,60.6,65.31,3.3999999999999986,1.4504999735365705,1273800,True,False
DKFT.JK,650.0,656.6666666666666,657.0,672.0,662.0,650.6,695.95,4.4,3.262655932153739,2170400,True,False
DIVA.JK,135.0,136.0,137.4,137.0,129.55,116.96,132.55,20.440000000000012,4.055387591146127,468200,False,False
DILD.JK,114.0,114.66666666666667,115.0,116.2,115.9,114.36,119.81,2.200000000000003,1.528507835668585,2056000,True,False
DIGI.JK,29.0,29.0,29.0,29.0,29.0,29.48,31.88,0.4800000000000004,0.0,0,True,False
DGWG.JK,324.0,324.6666666666667,322.0,313.4,298.0,292.0732440185547,324.3542379760742,16.29671132405599,2.2305208623969466,3066300,False,False
DGNS.JK,232.0,231.33333333333334,232.0,234.8,234.3,230.36,249.68,2.219999999999999,3.0799251674305954,6300,True,False
DGIK.JK,125.0,124.0,125.8,127.0,128.15,125.72,129.01,4.150000000000006,2.3678938055197927,1920000,True,False
DFAM.JK,79.0,79.33333333333333,79.8,81.2,81.95,84.28,95.23,5.280000000000001,1.8839476541985163,436000,True,False
DEWI.JK,139.0,139.33333333333334,135.4,129.1,124.4,120.82,122.32,18.51333333333335,2.1378524251188824,8099200,False,False
DEWA.JK,448.0,453.3333333333333,455.2,463.4,453.1,375.68374237060544,416.1020167541504,43.85812881469727,3.5331440865359354,117670500,False,False
DEPO.JK,246.0,246.0,244.0,243.4,242.6,243.0514730834961,247.26845932006836,1.7000000000000028,1.384560847153308,103200,True,False
DEFI.JK,106.0,106.33333333333333,107.0,108.0,107.55,108.08,121.43,2.0799999999999983,4.068297283789982,939700,False,False
DCII.JK,206000.0,203233.33333333334,204270.0,198977.5,194741.25,191265.5,195570.0,589.38,3.174880293316355,200,False,False
DAYA.JK,1010.0,1010.0,1009.0,992.0,986.25,997.5,1016.6,4.75,1.3440133083754722,200,True,False
DATA.JK,1830.0,1880.0,1894.0,1929.0,1978.75,1956.6,2063.95,29.75,1.837695077371257,596300,False,False
DART.JK,169.0,188.33333333333334,172.8,152.9,139.55,128.34,135.99,59.99333333333334,13.19514047079501,6561400,False,False
DADA.JK,50.0,50.0,50.0,50.0,50.0,50.0,50.0,0.0,0.0,14800,True,False
DAAZ.JK,1695.0,1725.0,1704.0,1629.5,1586.5,1611.3644409179688,1882.5088806152344,27.7,3.350450216211727,12100,False,False
CYBR.JK,570.0,575.0,579.0,571.5,566.0,588.5,616.4,4.5,1.384003324660081,566400,True,False
CUAN.JK,860.0,856.6666666666666,800.0,746.0,718.75,674.8,872.11,37.040000000000006,7.045493188006301,533104600,False,False
CTTH.JK,127.0,129.0,130.4,130.9,129.4,125.94,131.25,4.960000000000008,1.9143572109866989,833800,True,False
CTRA.JK,595.0,600.0,603.0,602.5,587.5,556.2631518554688,602.466304321289,9.347369628906245,2.523846666501461,1870500,False,False
CTBN.JK,4020.0,4003.3333333333335,4006.0,4015.0,4270.0,5033.22919921875,5150.053452148438,102.98958658854167,2.09477324799493,200,False,False
CSRA.JK,735.0,740.0,743.0,743.5,760.25,757.6,825.55,5.05,0.9870271575653837,2200,True,False
CSMI.JK,132.0,125.66666666666667,113.0,95.2,85.35,77.36,85.95,54.64,11.812789208279279,70101900,False,False
CSIS.JK,210.0,204.0,202.0,199.0,188.35,165.63120086669923,164.0870012664795,22.184399566650384,2.4685531697769982,6430100,False,False
CSAP.JK,292.0,296.6666666666667,293.2,291.0,289.2,281.9161358642578,280.60496398925784,7.3752654012044445,2.0701192253678866,1120100,False,False
CRSN.JK,121.0,122.0,123.0,116.8,110.95,103.54,106.25282234191894,19.459999999999994,3.595805584954767,1133400,False,False
CRAB.JK,208.0,208.0,208.0,208.0,208.0,208.8,210.52,0.4000000000000057,0.0,0,True,False
CPRO.JK,52.0,52.333333333333336,51.8,51.1,50.85,50.4,52.73,1.9333333333333371,1.948830757603337,8899000,True,False
CPIN.JK,3080.0,3100.0,3096.0,3120.0,3159.5,3178.6,3599.6153271484377,9.85999999999999,1.8077976453574753,1650300,False,False
COIN.JK,685.0,696.6666666666666,692.0,689.5,702.5,700.5,901.75,3.5,5.10742247420864,619700,False,False
COCO.JK,100.0,100.66666666666667,101.4,104.2,112.85,142.35169082641602,236.00584541320802,42.35169082641602,3.541908106638278,40665200,False,False
COAL.JK,31.0,30.333333333333332,28.6,25.0,23.25,26.12,41.71,7.75,4.327363338722982,0,False,False
CNMA.JK,94.0,95.0,95.2,95.2,93.3,90.06,94.96985321044922,5.140000000000001,2.4894910872297342,27751900,True,False
CNKO.JK,37.0,37.0,37.0,37.0,37.0,37.08,45.47,0.0799999999999983,0.0,0,True,False
CMRY.JK,4650.0,4646.666666666667,4624.0,4646.0,4642.5,4517.6,4518.031206054688,13.239999999999963,1.8557726658594165,403000,False,False
CMPP.JK,69.0,69.0,69.0,69.0,69.0,70.02,74.79,1.019999999999996,0.0,0,True,False
CMNT.JK,785.0,786.6666666666666,791.0,793.5,796.25,791.1,790.55,2.25,1.6837638363784566,14054700,True,False
CMNP.JK,1370.0,1371.6666666666667,1367.0,1369.5,1357.0,1348.0,1413.35,4.7333333333333485,0.9850853596791612,4500,True,False
CLPI.JK,1605.0,1596.6666666666667,1598.0,1598.0,1575.25,1511.0950170898439,1474.3036584472657,18.78099658203123,0.5773558267632214,32600,False,False
CLEO.JK,376.0,378.0,378.8,381.8,381.2,376.46428955078125,385.32404052734375,2.9000000000000057,1.2142758276026557,2177600,True,False
CLAY.JK,2790.0,2780.0,2768.0,2743.0,2565.5,2619.4,2718.2,22.45,1.4450869849109138,11300,False,False
CITY.JK,181.0,178.0,177.0,176.2,172.9,161.92,173.09,19.080000000000013,1.5120526034580604,7150000,False,False
CITA.JK,3190.0,3213.3333333333335,3222.0,3245.0,3264.0,3105.6,3324.487666015625,15.840000000000009,0.7438559386818666,2600,False,False
CINT.JK,177.0,175.33333333333334,175.0,176.9,174.5,168.76,183.01,8.240000000000009,1.6718287472913964,162100,False,False
CHIP.JK,905.0,903.3333333333334,901.0,909.0,915.75,929.4707958984375,983.2953143310547,5.694159179687494,0.8060243435272363,13000,True,False
CHEM.JK,68.0,68.66666666666667,68.8,67.3,66.4,62.74,75.55029808044434,6.059999999999995,2.3309165992454024,2404900,False,False
CHEK.JK,132.0,131.33333333333334,132.0,132.9,132.3,127.08,130.74,5.820000000000007,1.2696742546762367,32700,True,False
CGAS.JK,151.0,150.33333333333334,151.0,152.3,153.3,149.0872216796875,157.1241650390625,4.212778320312509,0.9408188551185076,157000,True,False
CFIN.JK,350.0,350.0,349.6,349.6,343.7,326.67344177246093,310.29460876464844,11.663279113769534,0.8912748248264808,72500,False,False
CENT.JK,82.0,82.66666666666667,83.2,81.9,81.75,76.56,86.36,6.640000000000001,1.9512457633683022,248000,False,False
CEKA.JK,2200.0,2206.6666666666665,2208.0,2206.0,2199.5,2161.84375,2169.281640625,4.615625,0.64041806482063,400,True,False
CDIA.JK,710.0,716.6666666666666,702.0,688.5,686.5,658.7,804.3232019042969,11.593333333333316,3.941333747717794,18124500,False,False
CCSI.JK,260.0,261.3333333333333,260.4,253.4,250.6,247.08,252.4,7.126666666666651,2.0917702775984157,11600,False,False
CBUT.JK,760.0,778.3333333333334,794.0,813.5,814.5,736.12,761.06,15.675999999999998,2.577367596483191,10500,False,False
CBRE.JK,685.0,680.0,677.0,680.0,699.5,684.5,774.35,4.5,1.3716304227934417,1340300,True,False
CBPE.JK,520.0,530.0,543.0,493.7,395.55,325.73401123046875,317.9987548828125,43.45319775390625,9.840961288039116,39100,False,False
CBDK.JK,3630.0,3640.0,3672.0,3760.0,3688.5,3551.665166015625,4025.5370068359375,20.83348339843751,2.3152680619125956,193300,False,False
CASS.JK,1890.0,1893.3333333333333,1901.0,1903.0,1886.0,1835.7,1824.2,13.45999999999999,1.0286602207581235,3000,False,False
CASH.JK,199.0,203.66666666666666,208.6,218.9,222.5,194.62,200.49,27.879999999999995,2.5165021040740245,93000,False,False
CASA.JK,1800.0,1800.0,1800.0,1805.0,1823.25,1787.5,1563.8,7.15,0.37050592181912856,3200,False,False
CARS.JK,92.0,92.0,91.8,91.7,90.55,87.66,90.67,4.340000000000003,1.720205182074349,44500,True,False
CARE.JK,422.0,425.3333333333333,425.6,425.0,423.1,418.68,415.68,3.460000000000008,0.5877318497213666,78700,True,False
CANI.JK,135.0,135.0,135.0,135.0,135.0,134.28,140.89,0.7199999999999989,0.0,0,True,False
CAMP.JK,173.0,172.33333333333334,172.4,171.4,170.55,171.36,184.05,2.4499999999999886,0.6162522736529126,70000,True,False
CAKK.JK,141.0,142.33333333333334,141.2,140.2,137.7,136.7,148.6,5.633333333333354,1.5938536910170011,166600,True,False
BYAN.JK,11775.0,11933.333333333334,11970.0,12025.0,12046.25,11398.83828125,11242.8666015625,25.896468749999986,0.6724905024713411,28600,False,False
BWPT.JK,90.0,90.66666666666667,91.6,90.9,85.55,79.06,97.93,12.539999999999992,3.28859148761932,19477400,False,False
BVIC.JK,93.0,92.33333333333333,92.0,92.8,92.8,86.64,95.27,6.359999999999999,1.2352895200174427,349800,False,False
BUVA.JK,720.0,733.3333333333334,738.0,759.0,821.25,808.4,911.8,20.25,4.463253500242853,41786300,False,False
BUMI.JK,178.0,180.33333333333334,181.2,178.7,172.85,157.64,186.28,23.560000000000002,3.534284922969174,640182300,False,False
BULL.JK,428.0,430.0,428.8,439.4,426.1,376.88,407.87,31.25999999999999,4.252394218107936,47918600,False,False
BUKK.JK,1000.0,1005.0,1013.0,1014.0,1037.0,1061.1,1119.85,12.219999999999981,1.43773827135877,14100,False,False
BUKA.JK,113.0,114.33333333333333,115.6,117.2,116.25,108.2,126.15,9.0,1.88630984219235,6494700,False,False
BUDI.JK,220.0,219.33333333333334,218.0,217.2,212.2,207.72,208.96,6.140000000000001,1.2691927008842379,11500,False,False
BUAH.JK,515.0,511.6666666666667,512.0,511.0,509.25,509.7,509.1945462036133,1.15,0.8065885981721874,42500,True,False
BTPS.JK,985.0,985.0,986.0,988.5,993.5,986.0,992.8676147460938,1.7,0.6918707903814756,208600,True,False
BTPN.JK,2170.0,2170.0,2166.0,2168.0,2193.5,2161.3,2135.693957519531,3.219999999999982,0.67664859589704,200,True,False
BTON.JK,356.0,363.3333333333333,364.4,364.0,361.1,354.76,366.4,4.819999999999993,2.166806247012448,9100,True,False
BTEK.JK,11.0,11.0,10.8,10.7,11.0,10.74,12.0,0.3000000000000007,6.367963896515742,14009000,False,False
BSSR.JK,4360.0,4343.333333333333,4332.0,4328.0,4302.0,4090.1731884765627,3834.5590356445314,26.98268115234373,0.29267569409018956,150300,False,False
BSML.JK,535.0,528.3333333333334,525.0,520.5,518.75,493.12,441.98,8.376,1.4882342728491236,13764200,False,False
BSIM.JK,690.0,693.3333333333334,697.0,698.0,697.5,704.1,782.4,2.8200000000000047,1.2440999171211853,13700,True,False
BSDE.JK,580.0,586.6666666666666,588.0,587.0,581.75,573.5,658.45,2.9,1.7931709353849596,1621600,True,False
BSBK.JK,53.0,53.666666666666664,53.6,53.2,52.8,51.96,54.64,1.7066666666666634,1.6507013659410603,2137100,True,False
BRRC.JK,63.0,64.66666666666667,63.6,60.8,59.45,58.08,65.61,6.586666666666673,3.5335683426920146,5743300,False,False
BRPT.JK,1880.0,1898.3333333333333,1875.0,1872.5,1832.0,1687.6095971679688,1770.5864294433593,42.14474723307289,3.378712341974051,33396900,False,False
BRNA.JK,720.0,661.6666666666666,649.0,650.5,623.5,600.7,627.8,23.859999999999992,6.945133816410423,873100,False,False
BRMS.JK,615.0,625.0,618.0,606.5,592.5,562.1,656.5,12.579999999999995,2.898787160303407,75523400,False,False
BRIS.JK,1785.0,1785.0,1784.0,1792.5,1816.75,1788.1,1858.9632092285156,6.55,1.1058697891589162,1608000,False,False
BREN.JK,3640.0,3683.3333333333335,3546.0,3448.0,3451.5,3518.235185546875,4026.3583837890624,23.53333333333335,5.082461461783929,16435600,False,False
BRAM.JK,4710.0,4643.333333333333,4612.0,4576.0,4523.5,4479.687856445313,4406.053576660156,23.031214355468727,2.5932941933002986,3900,False,False
BPTR.JK,75.0,75.33333333333333,76.0,75.3,74.9,71.02,76.22,4.980000000000004,2.3641704372715937,77000,True,False
BPII.JK,440.0,443.3333333333333,440.0,442.8,440.0,442.16,455.44,1.6666666666666572,2.264459418420731,400,True,False
BPFI.JK,254.0,257.3333333333333,256.8,260.8,259.9,252.20318298339845,256.57847915649415,4.298408508300781,2.3348375265505585,1900,True,False
BOLT.JK,795.0,791.6666666666666,797.0,799.5,795.25,784.8,816.7090905761719,2.9400000000000093,0.7656512084211624,2100,True,False
BOLA.JK,148.0,149.33333333333334,152.0,154.4,158.75,152.62,158.69,10.75,1.6864453783704687,1414500,False,False
BOGA.JK,1620.0,1620.0,1626.0,1671.0,1593.5,1454.6,1425.65,43.280000000000015,5.280598752549512,2000,False,False
BOBA.JK,218.0,210.66666666666666,210.8,214.4,223.4,262.92,244.57314468383788,26.12666666666668,2.6118202888385373,5060700,False,False
BOAT.JK,140.0,139.66666666666666,137.8,135.5,131.7,116.66,126.22,23.340000000000003,1.8488442396938063,855300,False,False
BNLI.JK,2100.0,2136.6666666666665,2148.0,2166.0,2243.0,2447.4,2775.7475,34.74000000000001,0.9994437695894146,21300,False,False
BNII.JK,193.0,193.33333333333334,193.4,193.7,191.7,189.0,193.70038940429689,4.699999999999989,0.68082670536175,16600,True,False
BNGA.JK,1655.0,1646.6666666666667,1645.0,1647.0,1645.25,1597.0,1627.5579553222656,11.6,0.4397074906275617,666400,False,False
BNBR.JK,100.0,100.33333333333333,101.0,101.1,102.3,95.47951477050782,126.33768531799316,6.820485229492178,3.0989356425745402,333563300,False,False
BNBA.JK,735.0,736.6666666666666,734.0,736.0,739.75,736.1,727.1,1.15,1.3482900514117637,1900,True,False
BMTR.JK,113.0,114.0,114.4,114.7,116.0,115.38,131.71,3.0,1.7753114073720593,2089000,True,False
BMSR.JK,306.0,304.0,305.6,305.6,310.4,298.44,309.72,5.97999999999999,1.2750787068503506,2400,True,False
BMRI.JK,4110.0,4123.333333333333,4134.0,4176.0,4216.0,4156.8,4184.301743164063,10.6,1.1007723300467147,18274800,False,False
BMHS.JK,189.0,188.66666666666666,189.6,189.9,186.1,180.4328207397461,182.5291305541992,9.467179260253914,0.7223489343303509,13800,False,False
BMBL.JK,30.0,31.333333333333332,31.6,32.1,32.1,31.74,33.21,2.1000000000000014,2.098487127592406,1118100,True,False
BMAS.JK,492.0,494.0,496.8,490.4,488.3,481.04,490.17,7.8799999999999955,2.3721860094623684,16200,False,False
BLUE.JK,2400.0,2393.3333333333335,2392.0,2428.0,2617.5,2858.8052197265624,3041.765852050781,46.680521972656244,3.103900499899569,14300,False,False
BLTA.JK,33.0,33.333333333333336,33.2,32.9,33.3,33.12,37.05,0.4333333333333371,2.021502132163464,885200,True,False
BLOG.JK,380.0,382.0,380.8,373.6,372.2,349.7634484863281,354.9196560668945,16.118275756835942,1.7726792241269194,22000,False,False
BLES.JK,202.0,204.66666666666666,206.0,204.3,187.6,158.08631256103516,154.14434371948244,23.95684371948242,4.676188664849345,2338900,False,False
BKSW.JK,53.0,52.666666666666664,52.6,52.2,52.6,51.84,54.5,1.1599999999999966,1.796258630924236,217800,True,False
BKSL.JK,71.0,72.0,72.4,72.4,70.6,65.92,83.25,6.480000000000004,3.7048375540093375,32573000,False,False
BKDP.JK,169.0,169.0,169.0,169.0,162.65,136.02,109.16,32.97999999999999,0.0,0,False,False
BJTM.JK,510.0,513.3333333333334,513.0,515.5,518.25,513.64,517.8446417236328,1.65,0.7653538253095351,534700,True,False
BJBR.JK,790.0,788.3333333333334,789.0,789.0,786.75,771.2,770.0187878417969,3.759999999999991,0.5957941312571677,78800,True,False
BISI.JK,680.0,688.3333333333334,688.0,685.5,669.75,660.7,708.519292602539,5.5266666666666655,1.4685738902694414,22400,True,False
BIRD.JK,1635.0,1633.3333333333333,1630.0,1618.5,1616.75,1540.3259252929688,1492.6119616699218,18.934814941406238,0.8586057696763248,59600,False,False
BIPP.JK,63.0,66.66666666666667,68.4,68.0,66.35,61.22,66.06,7.180000000000007,7.129563469494074,8904100,False,False
BIPI.JK,147.0,149.66666666666666,150.4,151.1,150.7,142.22,182.34,8.879999999999995,3.8126341146866314,113295100,False,False
BINO.JK,114.0,114.0,113.6,112.7,110.5,101.42,109.52,12.579999999999998,1.4248932216165988,61800,False,False
BINA.JK,4070.0,4073.3333333333335,4052.0,4062.0,4125.5,3920.2,4035.0,20.53000000000002,1.9574739363160478,11000,False,False
BIKE.JK,510.0,510.0,510.0,510.0,510.0,510.0,504.57,0.0,2.856066440334109e-07,0,True,False
BHIT.JK,26.0,26.0,26.2,26.0,26.0,26.28,29.3,0.28000000000000114,2.566762785903175,4290400,True,False
BHAT.JK,1770.0,1770.0,1770.0,1770.0,1770.0,1610.3,1463.7,31.94000000000001,0.0,0,False,False
BGTG.JK,110.0,110.0,110.4,111.4,111.35,108.56,113.58,2.8400000000000034,2.1324779957612385,60000,True,False
BFIN.JK,915.0,915.0,905.0,910.0,863.75,780.1,747.0482318115235,26.979999999999997,2.307834904920971,2239800,False,False
BEST.JK,110.0,110.33333333333333,109.8,109.9,106.1,100.82,103.47,9.513333333333335,1.9267017372866648,438200,False,False
BESS.JK,905.0,901.6666666666666,906.0,899.0,898.25,909.8142614746093,1024.7786749267577,2.3128522949218677,1.9230642992238602,3400,True,False
BELL.JK,111.0,113.33333333333333,114.4,116.1,116.05,107.12,123.93,8.97999999999999,2.3905196043477144,3764600,False,False
BELI.JK,254.0,257.3333333333333,258.0,256.2,256.3,269.96,324.54,7.97999999999999,1.3510621946662342,209300,False,False
BEKS.JK,24.0,23.666666666666668,23.4,22.6,21.95,21.22,23.74,2.780000000000001,2.9694882589303817,709200,True,False
BEER.JK,88.0,82.0,78.8,76.5,76.75,79.06,102.32,11.5,4.610260813269507,76973600,False,False
BEEF.JK,410.0,412.6666666666667,417.2,418.4,382.7,266.46,238.98,75.97,2.8341845571160857,2391200,False,False
BDMN.JK,4170.0,4210.0,4234.0,4274.0,4206.5,4078.2,3851.8333837890623,19.58000000000002,3.174804449271747,272200,False,False
BDKR.JK,162.0,162.66666666666666,162.4,163.6,157.2,145.04873275756836,148.37562004089355,18.551267242431635,2.753661253018354,1406200,False,False
BCIP.JK,62.0,62.333333333333336,62.6,62.9,62.85,60.52,65.26,2.3799999999999955,0.9969566277259266,2261000,True,False
BCIC.JK,130.0,130.0,129.2,128.1,126.6,121.6,123.21,8.400000000000006,1.3487115126254507,152600,False,False
BCAP.JK,50.0,50.0,50.0,50.0,50.1,50.04,50.84,0.10000000000000142,0.0,4200,True,False
BBYB.JK,250.0,252.0,254.8,257.6,253.8,235.08,266.74,11.260000000000005,2.7555932338015094,3011400,False,False
BBTN.JK,1210.0,1213.3333333333333,1217.0,1219.0,1224.75,1195.1,1258.4,5.930000000000018,0.9515296246394124,1441400,True,False
BBSS.JK,106.0,106.0,103.8,99.9,97.9,97.5,129.13,8.5,1.6635873057193873,389000,False,False
BBSI.JK,4600.0,4636.666666666667,4652.0,4664.0,4680.5,4626.4,4638.1,8.05,0.9987663346489964,200,False,False
BBRM.JK,115.0,116.0,115.8,116.9,115.9,111.26,125.61,5.640000000000001,1.3227929998965953,1067200,True,False
BBRI.JK,3110.0,3116.6666666666665,3106.0,3080.0,3034.5,2912.8,3019.9036474609375,20.386666666666635,1.3441028643165926,27114100,False,False
BBNI.JK,3600.0,3596.6666666666665,3598.0,3605.0,3576.5,3477.8,3632.9058666992187,12.719999999999981,1.6861519831150709,4568900,False,False
BBMD.JK,2020.0,2020.0,2020.0,2005.0,1990.0,1955.8533374023436,1942.9609008789062,6.414666259765636,0.977107872696625,0,False,False
BBLD.JK,615.0,603.3333333333334,601.0,611.0,604.75,574.8,630.3080145263672,8.04000000000001,4.389981323779317,78800,False,False
BBKP.JK,55.0,55.333333333333336,55.4,54.9,54.2,52.98,56.79,2.4200000000000017,1.5054430109222499,25812400,True,False
BBHI.JK,900.0,900.0,902.0,908.0,913.5,918.6523107910157,1035.184039916992,3.730462158203136,0.806899728870835,973600,True,False
BBCA.JK,6300.0,6341.666666666667,6340.0,6367.5,6365.0,6125.0,6169.571274414063,9.7,1.3714572489805574,7622300,False,False
BAYU.JK,1175.0,1183.3333333333333,1182.0,1175.5,1163.5,1137.6,1184.649990234375,9.14666666666667,1.855433545671439,700,False,False
BAUT.JK,36.0,35.333333333333336,35.4,34.1,31.4,28.48,30.28,7.52,4.5781755752543365,1425300,False,False
BATR.JK,93.0,93.66666666666667,93.4,93.4,92.75,87.49471282958984,87.90827621459961,6.171953837076828,1.285670054373023,9900,False,False
BATA.JK,59.0,59.0,59.0,59.0,59.0,59.82,61.33,0.8200000000000003,0.0,0,True,False
BAPI.JK,20.0,19.666666666666668,19.4,18.8,17.85,17.1,21.6,2.8999999999999986,6.668360799398908,3674300,False,False
BAPA.JK,141.0,145.66666666666666,148.6,157.2,172.85,235.74,212.32,94.74000000000001,3.1151385858403025,3136100,False,False
BANK.JK,266.0,270.0,270.0,272.8,281.0,275.4,372.06,7.5,1.1406497728385407,483400,False,False
BALI.JK,1205.0,1211.6666666666667,1210.0,1215.0,1222.5,1233.6,1252.05,5.719999999999982,0.7793461078365881,200,True,False
BAJA.JK,362.0,362.0,362.0,336.2,261.15,196.1,173.73,82.95,8.01044583584092,0,False,False
BAIK.JK,430.0,454.6666666666667,515.8,639.9,686.2,649.38,575.06,128.10000000000002,6.75700545568904,77445400,False,False
BACA.JK,115.0,116.0,116.2,116.7,116.2,110.2,121.11,6.5,1.7539668447790202,327700,False,False
BABY.JK,232.0,240.66666666666666,222.2,205.7,198.35,184.86,198.36,27.90333333333332,10.02944798397652,41195900,False,False
BABP.JK,50.0,50.0,50.0,50.0,50.0,50.0,50.71,0.0,0.0,192000,True,False
AYLS.JK,158.0,157.0,157.2,160.2,156.05,144.32,160.09,15.879999999999995,3.8258000221906276,90600,False,False
AYAM.JK,448.0,452.0,453.6,453.4,426.6,377.4,351.48,38.10000000000002,2.4422381336018897,3108800,False,False
AXIO.JK,116.0,114.0,113.6,113.5,113.0,109.33287124633789,109.68752632141113,6.667128753662112,1.684364579936962,763000,False,False
AWAN.JK,162.0,161.66666666666666,158.0,158.5,156.25,148.12,149.77,13.879999999999995,2.9477699250986977,12700,False,False
AVIA.JK,332.0,331.3333333333333,329.6,328.4,327.7,319.96,342.37677612304685,6.02000000000001,0.5153899697494968,3227000,False,False
AUTO.JK,2840.0,2826.6666666666665,2818.0,2799.0,2733.0,2554.6,2543.2538134765623,28.54000000000001,0.35740802055207715,225800,False,False
ATLA.JK,50.0,50.0,50.0,50.0,50.1,49.97225326538086,50.39594547271729,0.12774673461914432,0.0,480000,True,False
ATIC.JK,458.0,458.0,460.4,462.2,469.9,473.28,498.06,7.639999999999986,2.303700489934348,50400,False,False
ATAP.JK,610.0,608.3333333333334,602.0,594.5,577.0,494.46,492.82,23.108000000000004,4.111337499292299,270500,False,False
ASSA.JK,620.0,620.0,623.0,625.5,616.25,602.4234375,681.55625,4.615312500000004,2.02308672178584,931400,True,False
ASRM.JK,270.0,269.3333333333333,269.2,267.6,266.0,253.0,266.34097442626955,8.5,1.0020626561535264,1200,False,False
ASRI.JK,119.0,120.33333333333333,120.8,121.1,120.65,115.11605239868165,121.10078910827637,5.983947601318349,1.9535950735653125,634400,True,False
ASPR.JK,158.0,156.66666666666666,155.4,152.1,151.1,156.47231689453125,214.4732553100586,6.900000000000006,3.3232068270519624,27206600,False,False
ASPI.JK,408.0,409.3333333333333,414.0,416.0,413.7,397.14,398.59,9.430000000000007,1.4401328933455793,105600,False,False
ASMI.JK,17.0,16.666666666666668,16.8,16.5,17.15,16.06,17.26,1.0899999999999999,4.490882354011313,2278600,False,False
ASLI.JK,194.0,194.66666666666666,195.2,197.3,198.35,201.9,257.57,7.900000000000006,1.8098545959104824,164000,False,False
ASLC.JK,62.0,62.333333333333336,62.8,62.4,63.6,61.42,67.94,2.1799999999999997,1.640031226326159,492000,True,False
ASJT.JK,154.0,153.66666666666666,153.4,154.0,156.0,156.14,169.7456867980957,2.7399999999999807,2.5176976248870666,1000,True,False
ASII.JK,4760.0,4806.666666666667,4858.0,4969.0,4993.0,4857.8,5300.0855859375,23.3,1.3928218685908311,8148900,False,False
ASHA.JK,60.0,59.666666666666664,59.6,59.6,58.45,56.56,63.93,3.4399999999999977,2.771382512328944,6870800,True,False
ASGR.JK,1750.0,1761.6666666666667,1772.0,1783.0,1836.25,1688.1,1612.556298828125,29.630000000000017,0.6296726284561064,207400,False,False
ASDM.JK,515.0,515.0,513.0,513.5,512.65,504.5340557861328,517.8888870239258,2.093188842773441,1.384505705617866,100,True,False
ASBI.JK,420.0,418.0,418.0,422.8,422.5,415.6420281982422,411.1425747680664,3.578985900878905,2.2056992060167713,2500,True,False
ARTO.JK,1180.0,1210.0,1230.0,1261.5,1264.5,1115.9,1197.55,29.71999999999998,4.060052890244434,712800,False,False
ARTA.JK,2390.0,2390.0,2384.0,2431.0,2459.5,2417.9,2541.95,7.55,2.893360069954019,0,False,False
ARNA.JK,498.0,498.6666666666667,498.8,498.8,490.6,460.72,469.33009033203126,19.039999999999992,0.5116814026988076,324300,False,False
ARKO.JK,5350.0,5325.0,5205.0,4876.5,4964.75,4991.6,6376.3,18.94,5.427986984019473,823600,False,False
ARKA.JK,22.0,22.0,22.0,22.0,22.0,22.88,27.22,0.879999999999999,0.0,0,True,False
ARII.JK,284.0,283.3333333333333,280.8,278.6,275.8,276.16,278.32,4.099999999999994,1.3400619615387221,173000,True,False
ARGO.JK,1150.0,1158.3333333333333,1162.0,1176.0,1156.25,1008.6,979.85,33.48,1.3162666175942621,51100,False,False
AREA.JK,268.0,275.3333333333333,276.0,277.8,282.5,250.72,274.4,15.89,2.636300655269449,72100,False,False
ARCI.JK,1195.0,1213.3333333333333,1226.0,1184.5,1130.0,1050.0,1229.4627673339844,35.2,3.2490171212204504,4172900,False,False
APLN.JK,124.0,125.0,125.8,126.6,127.8,123.76,146.27,4.039999999999992,2.618672845218495,2851300,True,False
APLI.JK,256.0,256.6666666666667,257.6,255.6,250.5,251.19940002441408,233.30752822875976,3.5500000000000114,2.631144264872678,19200,True,False
APII.JK,191.0,189.66666666666666,189.4,189.8,186.1,180.79604370117187,182.13648345947266,10.203956298828132,1.5476835561102968,62700,False,False
APIC.JK,545.0,560.0,564.0,597.5,633.75,624.5,1006.65,17.75,2.8834457765476587,203400,False,False
APEX.JK,167.0,170.0,171.8,171.4,158.5,140.36,159.82,31.439999999999998,4.161360968778117,2826700,False,False
ANTM.JK,3030.0,3040.0,3070.0,3042.0,3005.5,2884.629423828125,3099.1872119140626,18.53705761718752,2.489857342995668,14075600,False,False
ANJT.JK,1495.0,1501.6666666666667,1498.0,1493.0,1480.0,1462.1,1569.85,7.913333333333367,0.9377782239506619,6400,False,False
ANDI.JK,17.0,17.666666666666668,17.8,17.7,17.8,17.38,20.38,0.8000000000000007,2.696821050428462,172100,True,False
AMRT.JK,1370.0,1370.0,1378.0,1378.5,1367.5,1369.3342895507812,1374.1108801269531,2.2,2.941892381948655,5134500,True,False
AMOR.JK,358.0,358.6666666666667,358.8,358.6,352.6,333.84,341.34,12.480000000000018,1.1414878897561118,9200,False,False
AMMS.JK,174.0,174.66666666666666,184.6,203.3,247.75,293.7,342.43,119.69999999999999,3.9883204643593877,108900,False,False
AMMN.JK,4190.0,4260.0,4280.0,4310.0,4193.5,3787.0,4154.6,52.3,2.711302508499373,12089300,False,False
AMIN.JK,246.0,246.0,246.4,246.4,245.0,247.84,246.72,1.4200000000000017,2.1812149857409966,1500,True,False
AMFG.JK,3330.0,3333.3333333333335,3330.0,3337.0,3254.5,3072.338134765625,3103.0459619140624,26.4661865234375,1.382824006091366,5300,False,False
AMAR.JK,216.0,217.33333333333334,217.63999633789064,217.28053588867186,211.79567337036133,200.04114288330078,193.81480545043945,8.799426727294929,1.616681133035476,14900,False,False
AMAN.JK,242.0,241.33333333333334,243.2,245.8,253.3,255.0,267.1,6.833333333333329,1.58950774571243,7500,False,False
AMAG.JK,388.0,388.6666666666667,388.0,389.0,387.8,388.56,395.9991046142578,0.5999999999999943,0.3800706330063581,400,True,False
ALKA.JK,2610.0,2520.0,2406.0,2113.0,1718.0,1022.3,827.07,158.77,6.2009250702289815,54500,False,False
ALII.JK,785.0,791.6666666666666,787.0,787.0,763.0,753.7388024902343,793.5200714111328,7.585572835286461,2.6113360722501078,144800,False,False
ALDO.JK,855.0,871.6666666666666,874.0,841.5,826.5,748.606962890625,684.8283081054688,25.078607421874995,4.193245696873169,23600,False,False
AKSI.JK,224.0,228.66666666666666,230.4,230.8,229.5,216.58,250.62,7.109999999999999,1.943266062980465,157400,False,False
AKRA.JK,1395.0,1396.6666666666667,1398.0,1418.0,1408.773046875,1298.8262963867187,1319.0346374511719,23.83474072265626,0.9420695796833363,2290400,False,False
AKPI.JK,510.0,506.6666666666667,505.0,506.5,500.55,488.2793334960937,500.0166702270508,4.344133300781254,1.3826458977201703,25300,True,False
AKKU.JK,38.0,38.0,38.0,38.0,38.0,38.0,37.98,0.0,0.0,0,True,False
AISA.JK,117.0,118.66666666666667,118.0,118.4,115.95,106.94,113.47,11.726666666666674,1.7044532096772498,1343600,False,False
AIMS.JK,390.0,388.6666666666667,392.4,393.2,379.9,394.28,410.88,7.189999999999998,2.6090621705916637,73400,False,False
AHAP.JK,99.0,95.0,94.2,94.2,94.05,89.28,97.52,9.719999999999999,2.5292663265491186,38902100,False,False
AGRS.JK,61.0,61.333333333333336,61.0,61.1,61.5,60.96,64.53,0.5399999999999991,1.3350987048218292,568300,True,False
AGRO.JK,148.0,148.66666666666666,149.2,148.1,148.1,145.48,161.42,3.719999999999999,1.7872936956850425,992200,True,False
AGII.JK,2910.0,2906.6666666666665,2902.0,2944.0,2941.0,2819.2849853515627,2938.62310546875,12.471501464843731,1.4072517127719912,5300,False,False
AGAR.JK,1605.0,1306.6666666666667,1246.0,1041.5,829.5,471.82,351.93,226.63600000000002,10.844238328882357,1475900,False,False
AEGS.JK,42.0,41.666666666666664,41.6,42.1,42.6,40.46,44.75,2.1400000000000006,2.183951041581309,93500,True,False
ADRO.JK,2480.0,2490.0,2506.0,2511.0,2514.0,2393.8,2393.5458569335938,12.019999999999982,1.3506046301463794,2371300,False,False
ADMR.JK,1615.0,1600.0,1593.0,1590.0,1549.75,1504.3,1625.1271032714844,22.140000000000008,2.958436380838435,7411500,False,False
ADMG.JK,258.0,257.3333333333333,258.8,243.0,232.3,214.02,209.23,22.39,4.269115538756077,90900,False,False
ADMF.JK,8575.0,8608.333333333334,8610.0,8687.5,8498.75,8236.5,8295.605732421875,18.04,0.7085480037955003,25000,False,False
ADHI.JK,142.0,143.0,144.2,148.3,155.65,155.88,172.36,13.879999999999995,1.0578555954582731,1342500,False,False
ADES.JK,32875.0,32875.0,32895.0,32925.0,34463.75,31821.5,25393.5,105.69,5.125984346678022,900,False,False
ADCP.JK,50.0,50.0,50.0,50.0,50.0,50.0,50.32,0.0,0.0,0,True,False
ACST.JK,87.0,86.66666666666667,86.6,85.8,85.65,79.12,86.63,7.8799999999999955,1.2129509320833558,1700,False,False
ACRO.JK,64.0,63.333333333333336,62.6,61.8,61.35,59.921194076538086,63.81720462799072,4.078805923461914,1.3403198553263687,892100,True,False
ACES.JK,354.0,356.0,356.0,356.6,355.6,341.46387451171876,337.9276937866211,7.568062744140633,1.6951554187549998,1865500,False,False
ABMM.JK,2650.0,2656.6666666666665,2666.0,2651.0,2583.0,2439.8,2614.3533032226565,22.619999999999983,1.4268988023257405,16400,False,False
ABDA.JK,3830.0,3833.3333333333335,3834.0,3700.0,3558.0,3426.0,3218.5,40.8,2.591754796965864,2000,False,False
ABBA.JK,30.0,30.0,30.0,30.0,30.0,31.26,35.81,1.2600000000000016,0.0,0,True,False
AALI.JK,7275.0,7208.333333333333,7205.0,7185.0,6895.0,6440.0,6952.495302734375,33.4,1.5297283154458203,210000,False,False
AADI.JK,9100.0,9166.666666666666,9180.0,9140.0,9075.0,8481.0,8925.443466796874,27.96,1.6599962355822822,999100,False,False
