Ticker,Close,MA3,MA5,MA10,MA20,MA50,MA100,Range_Ticks,Vol_Pct,Volume,MA_Tight,Signal
ZYRX.JK,129.0,129.66666666666666,129.4,129.0,128.8,129.88,135.86491073608397,1.079999999999984,1.5552339967496065,1731300,True,False
ZONE.JK,540.0,518.3333333333334,514.0,514.5,534.75,454.22331481933594,410.69394134521485,17.155337036132813,2.9370713243807596,463200,False,False
ZINC.JK,30.0,30.0,30.0,30.0,30.0,30.0,30.41,0.0,0.0,0,True,False
YUPI.JK,1310.0,1313.3333333333333,1313.0,1319.0,1319.75,1368.63375,1437.3871105957032,11.726749999999992,0.7818729437169651,7400,False,False
YULE.JK,3520.0,3463.3333333333335,3418.0,3390.0,3335.0,3346.6,3341.9160205078124,18.5,1.9118499853826403,24000,False,False
YPAS.JK,580.0,586.6666666666666,594.0,596.5,601.5,640.2,869.75,12.04000000000001,1.246361182273018,1800,False,False
YOII.JK,85.0,85.33333333333333,85.6,86.0,86.1,83.86,91.19,2.239999999999995,0.657708568971645,1979700,True,False
YELO.JK,79.0,79.0,79.0,76.7,73.6,74.6,88.87,5.400000000000006,3.5218316471024522,8683600,True,False
WTON.JK,75.0,75.33333333333333,75.6,74.8,72.75,75.03526763916015,81.92017623901367,2.8499999999999943,0.909030016872833,103700,True,False
WSBP.JK,14.0,14.0,14.0,14.0,13.95,14.5,16.62,0.5500000000000007,0.0,0,True,False
WOWS.JK,59.0,60.333333333333336,60.2,60.2,58.55,59.16,66.56,1.7833333333333385,2.175618631314723,7277200,True,False
WOOD.JK,232.0,219.33333333333334,212.0,205.4,204.5,227.2,268.78,13.75,5.469604547457263,5383900,False,False
WOMF.JK,250.0,250.0,251.6,252.2,248.1,259.64,278.8580438232422,5.769999999999996,1.1771389797198153,73400,True,False
WMUU.JK,54.0,53.666666666666664,54.2,52.1,51.05,52.5,61.58,3.1500000000000057,7.482368313825355,74028900,False,False
WIRG.JK,57.0,57.666666666666664,58.0,55.5,53.7,56.72,68.7,4.299999999999997,3.3425844920070835,22375300,True,False
WINS.JK,520.0,511.6666666666667,511.0,519.5,525.5,513.1253405761719,515.8703048706054,2.9,1.5605658223193957,784800,True,False
WINR.JK,20.0,20.666666666666668,20.4,20.5,21.05,22.48,27.49,2.4800000000000004,5.057324297546593,11921000,False,False
WINE.JK,148.0,148.66666666666666,150.0,149.3,149.05,153.09848205566405,166.50148788452148,5.09848205566405,1.6489560751575059,78800,True,False
WIIM.JK,1590.0,1596.6666666666667,1602.0,1599.0,1576.25,1593.8072900390625,1682.8848120117189,5.15,1.1827777650425102,193300,True,False
WIFI.JK,2030.0,2000.0,2022.0,1982.5,1825.7841552734376,1804.7018334960937,2044.0568884277343,22.529816650390625,4.8507968771915575,13858700,False,False
WIDI.JK,26.0,27.333333333333332,28.2,27.3,26.45,26.06,28.95,2.1999999999999993,4.668814016846721,13339800,False,False
WGSH.JK,141.0,133.66666666666666,132.4,138.2,134.75,122.12,119.14,18.879999999999995,5.283593695993584,10874700,False,False
WEHA.JK,104.0,104.33333333333333,105.2,103.7,101.6,108.08413223266602,116.12305809020997,6.484132232666028,1.5744833012132073,1400900,False,False
WEGE.JK,50.0,50.0,50.0,50.0,50.0,50.28,54.06,0.28000000000000114,0.0,167400,True,False
WAPO.JK,122.0,121.66666666666667,121.6,119.8,114.15,114.98,125.16,7.849999999999994,0.6707773291676582,165500,False,False
VTNY.JK,66.0,65.66666666666667,66.0,64.7,60.6,60.2,65.37,5.799999999999997,4.990416791694823,9983600,False,False
VRNA.JK,75.0,76.0,76.2,75.8,74.7,75.1,76.47,1.5,1.720403350719348,600,True,False
VOKS.JK,197.0,198.33333333333334,198.0,197.4,196.95,201.46,208.86,4.510000000000019,0.94462662614495,4600,True,False
VKTR.JK,810.0,796.6666666666666,804.0,762.0,643.4,654.06,758.73,33.32000000000001,6.130413528879253,73648600,False,False
VIVA.JK,39.0,39.0,38.0,35.4,34.2,33.96,37.37,5.039999999999999,6.307411898788254,7704900,False,False
VISI.JK,905.0,900.0,899.0,896.0,919.5,929.2,797.1,6.6400000000000095,2.0639293961206104,404100,False,False
VINS.JK,134.0,137.0,138.0,139.3,137.65,137.66,152.31,5.300000000000011,1.3626009378114117,14000,True,False
VICO.JK,142.0,140.66666666666666,140.8,138.3,135.65,138.74,150.43,6.349999999999994,1.3712136681750686,27400,False,False
VICI.JK,585.0,590.0,595.0,603.0,609.25,579.2454461669922,577.4179501342774,6.000910766601555,1.0153098246814038,426000,False,False
VERN.JK,198.0,200.0,200.0,200.6,171.45,144.82,133.11,55.78,7.454984471650689,579300,False,False
VAST.JK,116.0,116.0,116.8,116.4,115.25,116.86,119.43,1.6099999999999994,1.215733195363976,519300,True,False
UVCR.JK,161.0,151.66666666666666,152.2,145.0,136.95,172.04946899414062,166.41648071289063,35.099468994140636,4.733547145775048,75328200,False,False
URBN.JK,222.0,223.33333333333334,224.8,228.6,220.3,206.36,194.82,11.11999999999999,2.8161762956058363,234500,False,False
UNVR.JK,1680.0,1681.6666666666667,1692.0,1692.5,1723.0,1659.6646899414063,1700.9074975585938,12.667062011718736,1.0803163024643168,3068100,False,False
UNTR.JK,25400.0,25466.666666666668,25610.0,26262.5,25050.0,23885.0,26579.90216796875,95.1,2.34437375273432,1808500,False,False
UNTD.JK,80.0,79.33333333333333,79.2,77.3,75.3,73.12,78.52,6.8799999999999955,1.9148233492115998,7138100,False,False
UNSP.JK,206.0,206.0,206.0,206.0,205.6,228.32,283.76,11.36,0.0,0,False,False
UNIQ.JK,109.0,110.33333333333333,112.0,109.8,106.35,103.56,119.32,8.439999999999998,2.3947721053656323,148500,False,False
UNIC.JK,12725.0,12708.333333333334,12740.0,12660.0,12568.75,12566.9126171875,11438.887822265626,6.923495312500018,1.0613089273408547,8500,False,False
ULTJ.JK,1370.0,1390.0,1404.0,1414.0,1382.5,1417.0,1495.4,9.4,1.6261598713828322,522900,False,False
UFOE.JK,134.0,134.66666666666666,137.2,136.1,135.55,136.26,143.66,3.1999999999999886,2.8439686883121205,64600,True,False
UDNG.JK,1200.0,1206.6666666666667,1230.0,1270.0,1277.75,1316.6,1323.55,23.319999999999983,2.528465354802282,668300,False,False
UCID.JK,382.0,386.6666666666667,385.2,382.6,375.7,375.31837646484377,389.3748620605469,5.67414510091146,1.4249452467183634,375400,True,False
UANG.JK,2300.0,2370.0,2410.0,2416.0,2356.75,2350.4,3064.1,11.6,2.6971060107480076,52600,False,False
TYRE.JK,112.0,113.66666666666667,113.4,113.8,112.3,109.32,112.75,4.480000000000004,2.5610062870236874,91000,True,False
TUGU.JK,1215.0,1221.6666666666667,1226.0,1240.0,1222.5,1170.1,1173.6006799316406,13.980000000000018,1.1592606200038182,344100,False,False
TSPC.JK,2700.0,2700.0,2658.0,2607.0,2543.5,2474.0,2489.5,22.6,1.4350964073883024,66000,False,False
TRUS.JK,402.0,408.0,414.0,431.4,448.5264465332031,334.28066284179687,344.33289520263673,57.12289184570312,2.0244385763400383,21900,False,False
TRUK.JK,416.0,417.3333333333333,418.4,419.2,418.8,405.6,406.75,6.799999999999983,1.5458013117325935,114300,False,False
TRUE.JK,50.0,50.0,50.0,50.0,50.0,69.9,118.0,19.900000000000006,0.0,0,False,False
TRST.JK,460.0,469.3333333333333,472.4,478.2,477.65416412353517,466.8387432861328,464.58603302001956,9.099999999999994,1.1677519051053336,90400,False,False
TRON.JK,111.0,111.33333333333333,116.2,108.7,102.75,97.42,119.43,18.78,10.13683767847529,4669600,False,False
TRJA.JK,108.0,109.0,111.0,112.0,110.15,113.34,124.03,5.340000000000003,2.2035148929581743,114600,True,False
TRIS.JK,170.0,167.66666666666666,167.2,165.9,163.2,163.98,169.56347717285155,6.800000000000011,1.210833212966335,1407300,False,False
TRIN.JK,340.0,350.0,352.4,338.2,337.0,395.28,581.69,29.139999999999986,4.1984146950938666,2581600,False,False
TRIM.JK,585.0,583.3333333333334,575.0,569.5,569.7,536.2451977539063,541.1667660522461,9.750960449218747,1.3311997394604078,50500,False,False
TRGU.JK,163.0,163.0,163.6,163.3,164.5,171.4,178.82,8.400000000000006,1.0194350320963967,29000,False,False
TPMA.JK,444.0,450.0,452.4,448.4,443.0,441.04,513.07,5.679999999999978,1.2316188840510234,690900,True,False
TPIA.JK,2110.0,2126.6666666666665,2182.0,2069.5,1933.25,2010.039072265625,3771.1184350585936,24.875,4.012393708278967,154577300,False,False
TOWR.JK,400.0,405.3333333333333,408.0,400.4,384.9,378.5431811523438,427.999387512207,14.728409423828111,2.1799117598333297,15150400,False,False
TOTO.JK,246.0,244.0,244.4,242.8,239.0,234.69254028320313,245.45787643432618,5.653729858398435,1.1226306067253344,57700,True,False
TOTL.JK,1045.0,1055.0,1059.0,1053.5,1047.5,1050.616455078125,1030.7396490478516,2.8,0.9142525756672081,340700,True,False
TOSK.JK,66.0,66.66666666666667,67.2,66.6,63.2,59.18,62.54,8.020000000000003,2.1811914252636924,2795900,False,False
TOOL.JK,65.0,65.66666666666667,66.6,67.4,65.4,64.78,66.86,2.6200000000000045,2.6231714515495455,13828100,True,False
TOBA.JK,470.0,476.6666666666667,479.2,471.8,426.3,419.08,509.18170288085935,30.060000000000002,3.6630259664051747,2240300,False,False
TNCA.JK,176.0,155.33333333333334,150.0,143.6,139.65,146.9,167.07,36.349999999999994,6.109427848841475,18716200,False,False
TMPO.JK,104.0,104.66666666666667,105.2,104.9,102.65,106.26,117.38,3.6099999999999994,1.2601536049487758,4088300,True,False
TMAS.JK,120.0,119.33333333333333,120.0,119.2,116.85,115.52537826538087,119.5244539642334,4.474621734619134,1.8254797270965053,841500,True,False
TLKM.JK,2580.0,2620.0,2662.0,2629.0,2551.0,2614.14904296875,2733.3719702148437,11.1,2.3262715212011136,19866500,False,False
TLDN.JK,520.0,526.6666666666666,526.0,520.5,515.25,516.44,564.0473321533203,2.2833333333333257,1.4150772544247339,259700,True,False
TKIM.JK,6100.0,6033.333333333333,6050.0,5957.5,5698.243017578125,5783.23064453125,7387.879116210937,16.070279296875015,3.3951008181072146,1306800,False,False
TIRT.JK,590.0,590.0,590.0,590.0,593.0,526.8,609.68,13.240000000000009,0.0,0,False,False
TIRA.JK,510.0,515.0,514.0,510.5,536.5,592.2,770.05,16.44000000000001,1.6311884748091612,3900,False,False
TINS.JK,3440.0,3520.0,3546.0,3542.0,3461.5,3345.1097607421875,3490.39158203125,20.089023925781248,2.6529831787605977,9597300,False,False
TIFA.JK,270.0,269.3333333333333,278.4,258.6,241.9,271.2764190673828,307.0214944458008,18.249999999999986,8.733080380149822,10100,False,False
TGKA.JK,4850.0,4870.0,4880.0,4850.0,4831.5,4774.41140625,4699.724638671875,10.558859374999974,1.9354867013115569,400,False,False
TFCO.JK,775.0,755.0,751.0,754.0,706.5,652.3,725.8,24.54000000000001,5.364788935060669,5900,False,False
TFAS.JK,224.0,197.33333333333334,190.2,184.9,188.85,197.24,210.46,19.549999999999997,7.3834519867738395,7299600,False,False
TEBE.JK,1040.0,1061.6666666666667,1079.0,1047.0,1021.75,1013.7,1137.3435034179688,13.059999999999992,3.1191386008071977,423900,False,False
TCPI.JK,5325.0,5491.666666666667,5580.0,5710.0,6163.423120117188,8233.5837890625,10037.86634765625,116.34335156250003,2.762554105167683,3161900,False,False
TCID.JK,2780.0,2773.3333333333335,2770.0,2756.0,2772.5,2788.4,2812.4,3.240000000000009,1.4284691670826049,500,True,False
TBMS.JK,1210.0,1211.6666666666667,1216.0,1223.0,1215.5,1222.62380859375,1261.872177734375,2.6,0.9085008400730444,2300,True,False
TBLA.JK,645.0,646.6666666666666,646.0,643.0,628.25,596.7676361083984,616.1793984985352,9.979806111653648,0.5262031385173614,452000,False,False
TBIG.JK,1350.0,1371.6666666666667,1388.0,1410.5,1413.5,1398.4074267578126,1503.713944091797,12.7,1.105357367743939,270500,False,False
TAYS.JK,50.0,50.0,50.0,50.0,50.0,50.98,57.61,0.9799999999999969,0.0,0,True,False
TAXI.JK,13.0,13.0,12.8,12.6,12.4,13.54,15.03,1.1399999999999988,5.9388641494390155,3472700,False,False
TARA.JK,30.0,31.0,30.8,31.4,30.3,29.52,30.83,1.879999999999999,5.303004332194114,19000,False,False
TAPG.JK,1745.0,1731.6666666666667,1687.0,1629.5,1578.0,1508.1002734375,1610.2377490234376,47.37994531250001,1.7366961513227461,6274700,False,False
TAMU.JK,21.0,21.333333333333332,20.6,20.0,19.15,19.96,25.5,2.1833333333333336,5.176022212088635,1208200,False,False
TAMA.JK,234.0,214.0,203.8,191.8,172.15,174.7,162.83,30.924999999999997,6.405621386695552,16597200,False,False
TALF.JK,605.0,606.6666666666666,608.0,608.5,599.2140350341797,656.0585900878906,654.5315698242188,11.368911010742181,1.293047444668207,152600,False,False
SWID.JK,100.0,101.66666666666667,103.0,97.2,93.55,91.79219604492188,97.2356990814209,11.20780395507812,10.22374002868904,666300,False,False
SURI.JK,69.0,68.66666666666667,68.2,67.5,64.95,64.8,68.17,4.200000000000003,1.2271929198051383,2308900,True,True
SURE.JK,2770.0,2766.6666666666665,2748.0,2753.0,2771.0,2785.6,2742.1,3.759999999999991,1.3992129652831475,1200,True,False
SUPA.JK,605.0,598.3333333333334,600.0,592.5,572.5,656.9,770.6,16.879999999999995,1.9112497777509154,6640200,False,False
SUNI.JK,675.0,665.0,646.0,628.5,617.9804992675781,629.9682763671875,668.8037414550781,11.403900146484375,3.507719225943488,607500,False,False
SULI.JK,89.0,88.66666666666667,92.6,85.8,81.3,81.92,92.52,11.299999999999997,12.21971659791942,1798700,False,False
STTP.JK,9625.0,9875.0,9865.0,9807.5,9961.25,9798.5,9864.5,13.45,2.2529043971849583,200,False,False
STRK.JK,67.0,67.0,68.0,69.2,68.85,74.68,94.34,7.680000000000007,1.9354474475196595,4774500,False,False
STAR.JK,272.0,275.3333333333333,277.2,279.8,281.5,335.8,481.9,31.900000000000006,2.045147986309259,7000,False,False
STAA.JK,1075.0,1071.6666666666667,1052.0,1031.5,1019.25,996.0234643554687,1072.3635009765626,15.795307128906256,1.5486714817568656,3091300,False,False
SSTM.JK,392.0,396.6666666666667,405.6,398.0,391.2,426.68,546.14,17.74000000000001,4.063254764799628,542900,False,False
SSMS.JK,930.0,936.6666666666666,934.0,923.0,852.5,823.3,1065.0731262207032,22.673333333333336,2.5489178503429524,8519200,False,False
SSIA.JK,1650.0,1673.3333333333333,1720.0,1690.5,1592.25,1595.2622875976563,1526.9671716308594,25.55,5.80515492004473,8889100,False,False
SRTG.JK,1755.0,1735.0,1743.0,1720.0,1643.0,1544.1095458984375,1582.5953466796875,42.17809082031249,2.257977705153888,4150600,False,False
SRSN.JK,66.0,66.33333333333333,67.0,66.3,66.15,65.92,64.57,1.0799999999999983,1.483209063200662,21265500,True,True
SRAJ.JK,10850.0,10916.666666666666,10950.0,11035.0,11020.0,11690.5,13324.25,33.62,2.58023239225416,700,False,False
SQMI.JK,70.0,70.33333333333333,70.6,67.4,59.1,49.4,54.01,21.199999999999996,7.676222101809012,6712200,False,False
SPTO.JK,590.0,596.6666666666666,597.0,592.5,582.0,554.8780651855469,577.2267504882813,8.424386962890617,0.9529175897077096,281800,False,False
SPRE.JK,86.0,87.0,85.0,84.0,82.05,78.42,84.95,8.579999999999998,2.807146027726982,3141400,False,False
SPMA.JK,170.0,170.0,170.4,169.8,167.16922988891602,160.9907684326172,162.8953840637207,9.409231567382818,0.8769497742440785,67800,False,False
SOUL.JK,37.0,37.0,37.0,37.0,37.0,38.16,47.15,1.1599999999999966,0.0,0,True,False
SOTS.JK,610.0,625.0,630.0,616.5,608.25,655.6,841.5,9.470000000000004,2.680503812319232,55800,False,False
SOSS.JK,970.0,945.0,924.0,909.5,899.0,826.2,843.1,28.75999999999999,6.406453810991507,2000,False,False
SONA.JK,2360.0,2396.6666666666665,2350.0,2303.0,2264.5,2179.0358984375,2179.8839404296873,21.763076822916673,1.9498093321837644,1600,False,False
SOLA.JK,107.0,107.33333333333333,107.4,106.4,103.45,104.38,114.53,3.950000000000003,1.7682638619440985,310400,True,False
SOHO.JK,1190.0,1196.6666666666667,1205.0,1201.5,1171.75,1263.3,1636.85,18.30999999999999,1.2149651076068646,9100,False,False
SOFA.JK,220.0,220.66666666666666,221.2,224.8,219.7,265.64,361.73,22.97,2.073282893252284,278700,False,False
SOCI.JK,428.0,429.3333333333333,410.8,386.6,356.30129089355466,349.8939367675781,429.513935546875,39.7196982828776,4.036941189583889,12053900,False,False
SNLK.JK,224.0,222.0,222.8,221.6,222.1,229.48,242.58,3.9399999999999977,2.1750894237755234,7829500,True,False
SMSM.JK,1720.0,1731.6666666666667,1743.0,1743.5,1700.0,1686.0,1730.3218225097655,11.5,0.6125770703278246,300800,False,False
SMRA.JK,320.0,330.6666666666667,329.2,313.2,295.9,289.81851287841795,308.67540420532225,20.42407689412437,2.6132088454506346,5955100,False,False
SMMT.JK,1835.0,1868.3333333333333,1849.0,1824.5,1809.0,1789.9,1721.15,15.686666666666634,2.5630403293435133,91000,False,False
SMMA.JK,20500.0,20533.333333333332,20560.0,20602.5,21107.5,20606.0,17716.25,24.3,1.0933771212687118,100,False,False
SMLE.JK,143.0,143.66666666666666,144.8,141.8,123.95,108.4,120.7,36.400000000000006,4.556912802403122,995600,False,False
SMKM.JK,66.0,67.0,68.0,69.7,66.25,70.68,84.15,4.680000000000007,4.0693921743277714,1032800,False,False
SMKL.JK,146.0,142.66666666666666,141.4,138.9,135.65,137.99500091552736,149.5736390686035,10.349999999999994,1.7741656048694623,674600,False,False
SMIL.JK,378.0,374.6666666666667,361.2,339.4,315.9,287.44,273.9,45.28,3.596808324837133,21928400,False,False
SMGR.JK,1460.0,1476.6666666666667,1492.0,1485.5,1454.75,1570.6823046875,1966.7162841796876,23.186460937499987,1.7534743844100757,2855800,False,False
SMGA.JK,71.0,71.33333333333333,72.8,71.2,68.1,68.5,80.47,4.700000000000003,3.117059523035639,2720500,True,False
SMDR.JK,292.0,295.3333333333333,296.0,291.2,280.4819854736328,281.7369107055664,312.7480503845215,7.759007263183605,1.4429796191992046,2944300,False,False
SMDM.JK,565.0,570.0,572.0,570.0,567.25,540.42,582.66,6.316000000000008,0.9093350389099321,38800,False,False
SMBR.JK,159.0,161.66666666666666,163.0,158.5,154.15,157.07305389404297,188.78838882446288,8.849999999999994,2.6464908140466807,884500,False,False
SMAR.JK,5600.0,5600.0,5565.0,5490.0,5181.25,4913.620146484375,5105.57509765625,27.45519414062499,1.5390819725731835,7900,False,False
SLIS.JK,63.0,62.333333333333336,62.8,61.7,60.05,63.72,74.54,3.6700000000000017,2.824155442600891,85102100,True,False
SKRN.JK,414.0,411.3333333333333,415.6,399.8,380.4,375.51714111328124,410.35170776367187,20.04142944335939,2.9307795845642213,112500,False,False
SKLT.JK,190.0,189.0,189.0,189.2,185.5,186.6,204.70143005371094,4.5,2.039769392619976,1100,True,False
SKBM.JK,535.0,546.6666666666666,554.0,586.0,562.7,543.58,619.99,10.2,9.055632026963076,83300,False,False
SIPD.JK,685.0,693.3333333333334,691.0,688.0,692.75,737.4,876.55,10.479999999999995,1.1313052872542029,5400,False,False
SINI.JK,7600.0,7291.666666666667,6880.0,6625.0,6716.719165039062,8683.37259765625,10803.686298828125,82.33490390624996,7.752410354074922,1387500,False,False
SIMP.JK,580.0,585.0,576.0,564.0,542.6799987792969,531.5482116699219,593.6075555419922,10.69035766601562,2.0562706220766955,5382000,False,False
SILO.JK,2020.0,2043.3333333333333,2076.0,2127.0,2156.5,2242.4,2429.5,22.24000000000001,1.0826833702629293,68000,False,False
SIDO.JK,370.0,372.0,374.0,378.8,375.7,381.68,439.09669921875,5.840000000000003,0.553288055861956,5374100,True,False
SICO.JK,111.0,112.66666666666667,112.8,110.5,106.95,106.4,117.26200019836426,6.3999999999999915,2.1316547477978816,745700,False,False
SHIP.JK,1800.0,1760.0,1746.0,1726.5,1710.75,1686.9,2665.9370532226562,22.619999999999983,1.4049178098798374,32000,False,False
SHID.JK,615.0,611.6666666666666,603.0,587.5,579.5,640.8,703.9,12.259999999999991,2.318566351940164,3800,False,False
SGRO.JK,3270.0,3280.0,3284.0,3203.0,2987.3252563476562,2787.5437109375,3864.7958715820314,49.645628906250025,2.39639999253707,9500,False,False
SGER.JK,440.0,442.0,446.8,449.8,426.8,369.52,389.7,40.140000000000015,4.13372409940603,16641500,False,False
SFAN.JK,1945.0,1950.0,1951.0,1958.5,1965.25,1962.3,1947.2,4.05,0.24164178397702313,7700,True,False
SEMA.JK,95.0,95.33333333333333,95.4,94.9,92.95,96.44,103.61,3.489999999999995,1.8339386640097897,32500,True,False
SDRA.JK,206.0,207.33333333333334,208.0,208.6,209.4,216.72,235.98,5.359999999999999,1.5317244598171869,20300,True,False
SDPC.JK,183.0,182.0,181.6,181.6,181.25,179.57454559326172,184.1694563293457,3.4254544067382824,1.0454240112838589,16300,True,False
SDMU.JK,77.0,79.0,80.6,81.4,81.05,78.02,84.87,4.400000000000006,2.2929863318910133,6767400,True,False
SCNP.JK,155.0,155.0,157.4,155.0,151.1,148.04912811279297,159.12405670166015,9.350871887207035,3.0644733664511756,258000,False,False
SCMA.JK,202.0,202.66666666666666,205.2,205.8,206.05,206.90888763427733,228.4988850402832,2.4544438171386673,2.2607362907951676,12119800,True,False
SCCO.JK,2270.0,2296.6666666666665,2296.0,2295.0,2254.5,2238.8413720703124,2245.129997558594,5.782529459635407,1.0245161213142677,2800,True,False
SBMA.JK,106.0,106.66666666666667,108.0,107.6,107.3,108.0,114.44,2.0,1.3375207213906395,18200,True,False
SATU.JK,268.0,270.0,270.8,272.0,272.8,268.4,265.0,2.4000000000000057,0.465058992358108,94900,True,False
SAPX.JK,230.0,220.0,217.6,214.8,210.55,212.4,234.08,9.724999999999994,2.046163901111912,1651700,False,False
SAMF.JK,274.0,278.0,278.8,279.0,278.0,275.97427520751955,297.89968887329104,2.5,1.286816709147647,16400,True,False
SAME.JK,298.0,298.6666666666667,298.8,302.4,314.4,317.28,327.68,9.639999999999986,0.9739911356417731,105400,False,False
SAGE.JK,35.0,34.0,34.2,34.6,30.1,28.74,30.21,6.260000000000002,6.178739336258373,428600,False,False
SAFE.JK,372.0,376.0,372.0,369.4,353.1,333.48,354.1,21.25999999999999,1.8465244856365688,28200,False,False
RUNS.JK,66.0,67.0,67.8,68.1,69.05,73.76,81.12,7.760000000000005,3.465133728216549,133500,False,False
RUIS.JK,204.0,204.0,203.6,203.6,193.309375,183.634375,205.8971875,10.182812499999997,2.7872253551481236,720600,False,False
RSCH.JK,274.0,275.3333333333333,272.8,270.2,277.6,284.76,304.74,7.280000000000001,3.731627622195488,17633900,False,False
ROTI.JK,605.0,603.3333333333334,606.0,608.5,608.5,584.5,627.5656518554688,4.8,1.0952479338133068,182300,True,False
RONY.JK,1305.0,1360.0,1421.0,1333.5,1147.0,1112.9,1442.65,61.61999999999998,12.355614119735828,37200,False,False
RODA.JK,61.0,61.666666666666664,62.2,63.2,59.55,58.72,63.07,4.480000000000004,1.5252244819515428,3154100,True,False
ROCK.JK,1715.0,1783.3333333333333,1811.0,1807.5,1773.25,1774.8,2112.8,19.2,2.8321039666102266,25500,False,False
RMKO.JK,302.0,314.6666666666667,325.2,332.6,330.8,327.2,429.47,15.300000000000011,2.9412078462684734,4009600,False,False
RMKE.JK,434.0,426.6666666666667,426.0,445.6,437.4,472.8955908203125,549.0317321777344,23.44779541015626,5.0859384754057855,80691800,False,False
RLCO.JK,4810.0,4620.0,4318.0,3801.0,3493.5,3254.0,4476.35,155.6,5.267630479527108,1010500,False,False
RISE.JK,1020.0,1025.0,1040.0,1012.0,946.25,1060.2,1563.2,22.79000000000001,7.014552973669542,197100,False,False
RIGS.JK,690.0,691.6666666666666,688.0,688.0,684.25,679.3,687.4,2.473333333333335,0.8716548457294445,500,True,False
RICY.JK,78.0,78.0,78.4,78.1,77.35,77.64,85.2,1.0500000000000114,1.7916400424967318,947300,True,False
RGAS.JK,220.0,217.33333333333334,216.0,214.8,203.8,160.92625244140626,125.64538879394532,29.53687377929687,0.9056070695497964,5383000,False,False
RELI.JK,484.0,484.6666666666667,488.0,488.6,489.4,491.06,494.89,3.530000000000001,1.4666499017774968,700,True,False
RELF.JK,36.0,36.333333333333336,36.8,36.0,34.8,35.06,37.34,2.0,3.5867862771416474,1332000,True,False
REAL.JK,52.0,52.0,51.4,50.7,50.34849967956543,50.376375350952145,52.22548328399658,1.6515003204345717,2.585064685095811,100567600,True,False
RDTX.JK,13800.0,13800.0,13800.0,13745.0,13861.837451171876,14442.6073828125,15138.383037109375,27.904295312500036,1.23882350618072,100,False,False
RCCC.JK,97.0,100.0,96.8,93.3,90.2,92.08,102.33,9.799999999999997,4.891956213824502,169800,False,False
RBMS.JK,66.0,66.66666666666667,66.8,66.3,61.9,61.66,58.68,5.140000000000001,7.694020723103795,4859400,False,False
RATU.JK,5000.0,4998.333333333333,5020.0,5055.0,5179.75,4845.74810546875,5355.197099609375,33.40018945312504,1.9885748639197045,2697300,False,False
RANC.JK,520.0,518.3333333333334,520.0,518.5,526.75,524.54,552.82,1.6833333333333258,1.435042805771074,6000,True,False
RALS.JK,378.0,381.3333333333333,382.4,382.0,377.9,380.1822222900391,394.04666931152343,2.25,0.553342385394087,2815900,True,False
RAJA.JK,885.0,888.3333333333334,914.0,908.3,860.8872802734375,765.033203125,793.6520147705078,29.793359375,3.359032331403499,62123400,False,False
RAAM.JK,214.0,212.66666666666666,212.0,207.3,205.15,203.42,207.03,5.290000000000006,3.7116175864028205,36600,True,False
PZZA.JK,186.0,185.66666666666666,186.6,186.2,184.3,185.68,193.3237141418457,2.299999999999983,0.8028356443030885,34100,True,False
PYFA.JK,208.0,210.0,210.4,209.4,204.4,213.32,277.02,4.459999999999994,3.227678669919139,1772300,True,False
PWON.JK,266.0,270.0,270.4,267.6,259.3,259.30725524902346,289.94636901855466,5.549999999999983,1.4267660025615334,30178700,True,False
PURI.JK,135.0,137.0,138.8,137.5,135.95,135.58,149.25,3.8000000000000114,2.801054566397696,410000,True,False
PURA.JK,31.0,31.333333333333332,31.2,31.0,30.65,32.46,32.08,1.8100000000000023,4.174415942496704,656100,False,False
PUDP.JK,302.0,302.0,301.6,298.8,294.7,300.1984533691406,313.4107113647461,3.6500000000000057,1.7626092686458577,11300,True,False
PTSP.JK,905.0,916.6666666666666,916.0,901.0,887.25,886.7,905.8,5.993333333333316,1.7867072309026972,1500,True,False
PTSN.JK,262.0,257.3333333333333,252.8,249.8,244.7,244.02802581787108,281.2632600402832,8.985987091064459,1.253171586033588,106200,False,False
PTRO.JK,4860.0,4810.0,4718.0,4378.0,4125.0,4102.1,4714.25,75.78999999999996,3.7545443125964995,30898700,False,False
PTPW.JK,1120.0,1123.3333333333333,1130.0,1137.5,1167.9703491210937,1069.7663500976562,1015.1544305419922,19.640799804687504,0.6517303990772789,14900,False,False
PTPS.JK,136.0,142.33333333333334,142.8,141.0,133.5,129.1,156.07,13.700000000000017,3.1677905778570943,1757500,False,False
PTPP.JK,202.0,209.33333333333334,212.4,210.8,197.75,198.44,240.1,7.325000000000003,2.8869861563794648,3832400,False,False
PTMP.JK,72.0,65.33333333333333,64.4,63.2,60.15,59.7,63.56,12.299999999999997,6.0372288679417,266020600,False,False
PTIS.JK,274.0,270.6666666666667,269.2,269.6,270.6,283.92,293.44,7.360000000000014,1.5497005471867453,6800,False,False
PTBA.JK,2360.0,2396.6666666666665,2408.0,2415.0,2375.5,2475.8013427734377,2628.932080078125,11.580134277343769,0.9578792367752699,4691400,False,False
PSSI.JK,322.0,325.3333333333333,326.8,322.6,303.4,297.06397399902346,319.6057653808594,14.868013000488276,2.1241198364632763,140800,False,False
PSKT.JK,212.0,212.0,213.6,204.6,195.05,196.78,229.29,9.274999999999991,3.3571755017293987,1282000,False,False
PSGO.JK,197.0,197.66666666666666,197.8,198.1,198.0,193.18303619384767,193.96350646972655,4.916963806152324,0.4631335178301153,55900,True,False
PSDN.JK,136.0,124.66666666666667,121.2,118.6,112.95,118.62,133.37,23.049999999999997,5.831859487515407,89741300,False,False
PSAT.JK,835.0,843.3333333333334,846.0,846.5,814.5,812.6,871.5,6.779999999999996,2.0285809386497355,26800,False,False
PSAB.JK,432.0,429.3333333333333,431.2,426.6,413.9,408.08600158691405,416.6963653564453,11.956999206542974,1.4637989968388625,42204200,False,False
PRIM.JK,107.0,103.66666666666667,101.2,97.8,95.4,87.94,82.45,19.060000000000002,2.539348615830946,26136600,False,False
PRDA.JK,2370.0,2376.6666666666665,2382.0,2386.0,2450.5,2492.0,2429.8199682617187,12.2,0.385430359491504,107400,False,False
PRAY.JK,750.0,748.3333333333334,745.0,721.0,695.25,692.6,718.2,11.479999999999995,3.9973504873085237,10100,False,False
PPRO.JK,16.0,16.666666666666668,17.0,17.1,17.15,16.18,21.82,1.1499999999999986,3.2826467983915566,920500,True,False
PPRI.JK,149.0,149.33333333333334,151.2,151.4,144.8,144.84,168.54,6.599999999999994,1.620651711672019,1091900,False,False
PPRE.JK,105.0,107.0,109.6,110.5,105.9,101.18,125.6,9.319999999999993,3.8003312507935143,12789900,False,False
PPGL.JK,216.0,218.0,214.8,211.2,207.1,197.64,203.15,10.180000000000007,1.9088837459709642,265200,False,False
POWR.JK,730.0,731.6666666666666,730.0,724.5,715.5,705.9052392578125,697.0177642822266,5.152285481770832,0.7331509261032474,653900,True,False
PORT.JK,895.0,883.3333333333334,883.0,881.5,862.5,876.7,888.15,6.5,1.7047373649359123,700,False,False
POLY.JK,32.0,32.0,32.0,32.0,32.0,32.0,33.06,0.0,0.0,0,True,False
POLU.JK,12425.0,12508.333333333334,12590.0,12840.0,12538.75,12222.0,13857.25,24.72,4.439779061540499,700,False,False
POLI.JK,710.0,708.3333333333334,718.0,715.5,704.75,785.8,960.2,16.20999999999999,3.5399151192990015,6200,False,False
PNSE.JK,466.0,488.0,490.8,494.4,502.95,528.58,592.39,31.29000000000002,2.4319921177197656,2800,False,False
PNLF.JK,226.0,227.33333333333334,228.0,226.8,220.7,223.62,236.05,3.6500000000000057,0.8624971710524244,3314400,True,False
PNIN.JK,725.0,723.3333333333334,727.0,733.0,725.0,734.9,756.3,2.313333333333321,1.3077166709342483,29500,True,False
PNGO.JK,3530.0,3526.6666666666665,3530.0,3516.0,3476.5,3460.0,3400.0,7.0,0.4624011985599359,13000,False,False
PNBS.JK,50.0,50.666666666666664,50.8,50.4,50.2,50.12,50.39,0.7999999999999972,0.9336024218017578,5376100,True,False
PNBN.JK,895.0,893.3333333333334,902.0,896.5,885.25,886.6755798339843,921.8283422851563,3.35,1.6095000573232976,78100,True,False
PMUI.JK,85.0,85.0,85.4,84.7,83.1,79.9018603515625,88.42848648071289,5.498139648437501,0.8010830241195772,322500,True,False
PMJS.JK,108.0,109.33333333333333,109.8,109.3,105.77836532592774,106.57336486816406,114.05052764892578,4.02163467407226,1.4021954695508283,113200,True,False
PLAN.JK,38.0,38.333333333333336,38.8,38.3,37.25,38.14,44.91,1.5499999999999972,2.4663955473918047,462000,True,False
PKPK.JK,3710.0,3843.3333333333335,3848.0,3629.0,3422.5,3018.6,2684.85,82.94000000000001,3.585988224314724,1254400,False,False
PJHB.JK,171.0,174.33333333333334,172.6,168.3,162.9,171.94,198.47,11.433333333333337,2.240178568978916,1935000,False,False
PJAA.JK,452.0,456.0,457.2,457.6,455.7,457.72,482.73585693359377,2.8600000000000136,0.7173227447163406,14400,True,False
PIPA.JK,116.0,119.66666666666667,120.0,122.5,117.65,116.56,125.61,6.5,4.139910473350774,7872800,False,False
PICO.JK,132.0,130.33333333333334,129.4,128.0,126.0,131.3,141.66,6.0,1.6949260924910985,61000,False,False
PGUN.JK,7825.0,8058.333333333333,7850.0,7505.0,7305.0,7415.8284765625,8105.8695068359375,30.133333333333322,3.573269960868607,9600,False,False
PGLI.JK,194.0,192.66666666666666,192.6,192.0,190.0,188.84,203.18,5.159999999999997,2.4786679623047685,56200,True,False
PGJO.JK,650.0,676.6666666666666,678.0,684.0,695.5,740.1,728.8,18.020000000000003,2.59815972904554,187200,False,False
PGEO.JK,1000.0,1001.6666666666666,1009.0,1007.0,966.0,919.5,953.7243505859375,17.9,1.8217446303581817,7785200,False,False
PGAS.JK,1515.0,1526.6666666666667,1531.0,1512.5,1462.0,1546.4784130859375,1685.2409912109374,16.895682617187504,1.508416893559041,6996800,False,False
PEVE.JK,320.0,319.3333333333333,322.4,319.4,315.3,319.16,391.56,3.549999999999983,2.59638170450493,538500,True,False
PEHA.JK,254.0,254.66666666666666,255.6,256.2,249.0,255.27232727050782,273.41771865844726,3.5999999999999943,1.7969551295626602,17500,True,False
PEGE.JK,91.0,90.33333333333333,91.0,93.5,106.06829299926758,108.74914642333984,131.32457321166993,18.41581309000651,3.2846759700831654,35740100,False,False
PDPP.JK,270.0,269.3333333333333,268.4,265.0,265.16046142578125,265.31108306884767,291.010020904541,2.5,0.9473708877864122,13000,True,False
PDES.JK,398.0,398.0,398.0,401.0,409.6,461.780390625,489.9811682128906,31.890195312499998,1.115890411895568,2500,False,False
PCAR.JK,38.0,38.333333333333336,38.4,38.3,38.45,38.2,38.71,0.45000000000000284,1.914395887197657,2164400,True,False
PBSA.JK,790.0,796.6666666666666,793.0,770.5,757.6646759033204,724.1646801757812,895.3009197998047,14.500397298177086,2.912367950407203,183100,False,False
PBRX.JK,27.0,26.666666666666668,26.8,26.8,26.8,27.52,33.93,0.8533333333333317,3.9522018032258166,3544900,False,False
PBID.JK,500.0,494.6666666666667,492.8,488.0,481.1,481.22955200195315,472.36692626953123,9.449999999999989,0.4894770104741279,2064300,False,False
PART.JK,106.0,107.0,106.0,104.9,104.48779640197753,98.8635025024414,111.00088966369628,8.136497497558594,1.4391569215578814,1263900,False,False
PANS.JK,1575.0,1568.3333333333333,1571.0,1577.0,1535.75,1514.2553833007812,1501.2333459472657,12.548923339843759,0.9112610412807448,144300,False,False
PANR.JK,410.0,410.0,412.4,408.4,406.5,435.40941162109374,469.0741165161133,14.45470581054687,1.7291901462807802,5100,False,False
PANI.JK,6100.0,6191.666666666667,6310.0,6202.5,6053.75,6587.41388671875,7516.872119140625,21.34655546875001,2.8413579176325214,1172900,False,False
PAMG.JK,55.0,55.666666666666664,56.4,55.2,53.15,53.1,56.47,3.299999999999997,8.557515204171489,3503200,False,False
PALM.JK,304.0,308.6666666666667,310.0,305.2,299.6,310.77409118652344,337.30955169677736,5.587045593261706,1.7089794277193087,43200,True,False
PADI.JK,75.0,74.66666666666667,76.8,72.3,73.84526481628419,76.57021896362305,94.78510948181152,4.5,6.7056027038417145,246462900,False,False
PADA.JK,125.0,121.66666666666667,122.2,119.0,112.15,117.52,136.39,12.849999999999994,4.057674458042788,24678300,False,False
PACK.JK,230.0,229.33333333333334,226.4,220.0,222.6,252.24,233.34,16.120000000000005,4.701715873711895,39145700,False,False
OPMS.JK,103.0,101.0,101.2,102.3,99.6,100.44,113.71,3.4000000000000057,2.9843736904723173,6932700,True,False
OMRE.JK,1095.0,1111.6666666666667,1116.0,1099.0,1065.25,1011.0,916.5,21.0,8.42748663145728,6500,False,False
OMED.JK,208.0,210.66666666666666,208.4,206.6,202.8,206.62538146972656,234.3646517944336,3.933333333333323,1.7683840750863242,970900,True,False
OLIV.JK,51.0,50.666666666666664,50.8,50.2,50.1,51.14,53.63,1.0399999999999991,2.2442230502429514,1786700,True,False
OKAS.JK,100.0,101.33333333333333,102.4,101.5,100.15,100.5,109.42,2.4000000000000057,2.160070875477179,1073500,True,False
OILS.JK,230.0,239.33333333333334,230.0,223.6,209.35,197.76,228.16,20.786666666666676,4.985762958148979,18352700,False,False
OBMD.JK,202.0,204.0,204.8,196.8,181.25,181.06,211.55,11.870000000000005,2.9271520662886052,260500,False,False
OBAT.JK,246.0,248.0,250.0,249.4,243.2,246.72002319335937,289.5521578979492,3.4000000000000057,0.8826052877423388,24900,True,False
OASA.JK,332.0,339.3333333333333,345.6,336.0,297.8,301.76,319.84,23.900000000000006,4.1456904624811015,8111900,False,False
NTBK.JK,93.0,93.33333333333333,95.2,96.2,84.75,74.71156356811524,77.28960834503174,21.488436431884764,4.23078057483367,18177600,False,False
NSSS.JK,835.0,815.0,796.0,785.0,711.5,588.1340991210938,733.9318109130859,49.37318017578125,3.826570617178808,8510000,False,False
NRCA.JK,494.0,500.0,510.0,500.1,462.55,447.14170349121093,503.66553680419923,31.429148254394534,4.412549074030903,1270400,False,False
NPGF.JK,57.0,57.666666666666664,58.0,57.8,57.15,60.72,65.04,3.719999999999999,1.6399848338093956,21750600,True,False
NOBU.JK,440.0,445.3333333333333,446.8,442.2,432.3,446.44,500.72,7.25,1.6803287223238323,324200,False,False
NISP.JK,1240.0,1243.3333333333333,1244.0,1230.5,1209.25,1235.1,1312.0560388183594,6.95,1.1569292781599385,1019400,False,False
NIRO.JK,144.0,143.33333333333334,147.4,149.5,142.3,151.12,175.79,8.819999999999993,5.568127915644042,794800,False,False
NINE.JK,76.0,76.33333333333333,77.2,77.8,76.95,83.14,107.56,7.140000000000001,2.061050961846897,5062000,False,False
NIKL.JK,186.0,189.33333333333334,192.0,190.8,184.35,208.82,261.4418566894531,24.47,2.467062580675587,692000,False,False
NICL.JK,496.0,506.3333333333333,511.8,510.4,502.05,540.46,720.5287756347657,22.230000000000018,2.632745735381121,14608500,False,False
NICK.JK,1075.0,1078.3333333333333,1075.0,1063.5,1023.0,1047.1,1128.15,11.066666666666652,1.865735343336072,200,False,False
NICE.JK,246.0,248.0,250.0,256.2,255.1,263.08,285.86,8.539999999999992,3.601407472309534,758200,False,False
NFCX.JK,1580.0,1576.6666666666667,1576.0,1579.5,1592.0,1648.7,1722.4,14.54000000000001,0.3147529431680245,62100,False,False
NETV.JK,51.0,51.333333333333336,51.8,50.9,50.9,56.38,72.94,5.480000000000004,3.840755199586248,15834000,False,False
NEST.JK,600.0,600.0,601.0,608.0,607.75,563.48,473.03,8.903999999999996,1.5086937154176296,344000,False,False
NELY.JK,204.0,206.0,206.8,206.6,203.4,209.29266052246095,269.6914694213867,2.9463302612304716,1.345109488347253,87100,True,False
NCKL.JK,835.0,858.3333333333334,865.0,853.0,821.0630737304688,816.6178625488282,967.1036181640625,9.676427490234369,2.4241947785008686,12846400,False,False
NAYZ.JK,57.0,59.0,57.8,57.5,57.15,57.38,62.75,2.0,4.004583168112289,14680700,False,False
NATO.JK,650.0,653.3333333333334,653.0,641.0,613.5,599.1,609.4,10.84666666666667,1.6396345468885667,6600,False,False
NASI.JK,124.0,123.33333333333333,123.8,121.8,116.2,115.86,135.36,8.14,2.5827711415151042,166900,False,False
NASA.JK,30.0,30.0,29.8,29.8,30.05,32.88,35.59,3.080000000000002,2.5201545681766127,70600,True,False
NANO.JK,31.0,30.0,30.6,30.6,26.15,25.68,31.3,5.32,7.396672455259531,16056500,False,False
NAIK.JK,86.0,87.66666666666667,88.4,88.2,85.25,85.56,91.62163520812989,3.1500000000000057,2.319291500795166,1235500,True,False
MYTX.JK,41.0,41.0,41.0,41.0,41.2,43.78,49.97,2.780000000000001,0.0,0,True,False
MYOR.JK,1715.0,1723.3333333333333,1745.0,1750.5,1753.5,1753.3800024414063,1779.7029455566405,7.7,1.879340322999253,702600,False,False
MYOH.JK,1075.0,1060.0,1055.0,1051.0,1042.25,1064.7734155273438,1148.6674084472656,6.55,1.4267461736902929,58800,False,False
MUTU.JK,108.0,108.33333333333333,108.6,110.0,110.55,108.2333592224121,104.8553189086914,2.549999999999997,0.9658841651389888,320300,True,False
MTWI.JK,260.0,261.3333333333333,262.0,264.2,268.3,267.9283157348633,299.9884266662598,4.150000000000006,1.1482683646755005,200,True,False
MTMH.JK,915.0,933.3333333333334,937.0,943.5,940.5,960.5744250488282,978.3409857177735,9.114885009765635,2.7250021253049406,9300,False,False
MTLA.JK,515.0,511.6666666666667,512.0,513.5,516.4,504.8577960205078,521.1132971191406,2.3084407958984343,1.1157829640404127,5700,True,False
MTFN.JK,13.0,13.0,13.0,13.0,13.0,14.34,19.63,1.3399999999999999,0.0,0,True,False
MTEL.JK,450.0,454.0,454.4,458.0,468.8642013549805,472.48082153320314,483.6161764526367,11.24041076660157,0.5828554070043421,16297800,False,False
MTDL.JK,515.0,513.3333333333334,515.0,515.5,511.25,507.2670001220703,525.1435000610352,1.6465999755859344,0.9001530878551222,907200,True,False
MSTI.JK,1315.0,1328.3333333333333,1339.0,1338.0,1289.75,1256.1694018554688,1259.8190295410157,16.566119628906243,1.0880415057954107,329200,False,False
MSKY.JK,59.0,59.666666666666664,60.0,60.1,59.9,62.0,72.07,3.0,1.7277446532934095,2377900,True,False
MSJA.JK,402.0,405.3333333333333,407.6,409.2,408.4,408.16,436.0682049560547,3.5999999999999943,1.586600308905251,13693100,True,False
MSIN.JK,380.0,392.0,410.4,433.8,450.7,500.12,621.06,60.06,2.1598723836197484,18277600,False,False
MSIE.JK,79.0,79.66666666666667,79.6,81.5,82.25,104.84,89.0,25.840000000000003,1.8961162842839017,306700,False,False
MREI.JK,920.0,920.0,920.0,920.0,920.0,952.8,996.15,6.559999999999991,0.0,0,False,False
MRAT.JK,438.0,439.3333333333333,440.4,442.0,440.9,441.36,433.6,2.0,0.4278182563024752,40200,True,False
MPXL.JK,147.0,146.33333333333334,146.4,146.2,146.45,149.84,155.31,3.640000000000015,1.1340106155896479,498800,True,False
MPRO.JK,14425.0,13291.666666666666,12115.0,11007.5,10156.25,9101.5,9413.75,212.94,6.530901421055884,49300,False,False
MPPA.JK,48.0,47.333333333333336,47.2,47.0,46.65,46.36,48.18,1.6400000000000006,1.4188894624413841,8198800,True,False
MPOW.JK,102.0,102.33333333333333,102.0,99.3,94.9,101.8,104.3,7.433333333333323,1.3541437735290731,2610700,False,False
MPMX.JK,985.0,988.3333333333334,990.0,991.0,979.75,943.4084130859375,892.0126214599609,9.518317382812507,0.6926842458597737,770200,False,False
MPIX.JK,90.0,91.33333333333333,92.6,93.4,94.3,90.12,88.31,4.299999999999997,1.138376980041676,4503800,True,True
MORA.JK,6500.0,6483.333333333333,6475.0,6452.5,6531.25,6629.5,6020.75,7.08,1.9823506560816444,175000,False,False
MOLI.JK,250.0,252.0,256.0,253.0,244.9,234.9298712158203,240.61190979003905,10.53506439208985,2.734463625792339,1241200,False,False
MNCN.JK,204.0,206.66666666666666,211.2,210.0,206.3,207.16,220.18,3.5999999999999943,2.8325063755493605,22414700,True,False
MMLP.JK,294.0,294.6666666666667,296.4,299.0,294.9,300.56,325.52,3.280000000000001,1.0574437550119344,89400,True,False
MMIX.JK,705.0,690.0,685.0,718.0,666.45,623.9,445.49,18.820000000000004,7.0685970380104965,21645300,False,False
MLPT.JK,1635.0,1733.3333333333333,1625.0,1289.8,1002.6,840.22,828.5544128417969,178.62266666666665,13.215658438989841,8661200,False,False
MLPL.JK,94.0,96.0,96.0,91.3,86.0,83.62,91.74,12.379999999999995,4.825377176213648,12749000,False,False
MLIA.JK,232.0,231.33333333333334,231.6,234.8,238.0,241.64,262.84,5.153333333333322,0.908545657933069,18800,True,False
MLBI.JK,6300.0,6308.333333333333,6310.0,6317.5,6308.75,6002.944970703125,5677.828354492188,12.582201171874985,0.32294185749878346,5800,False,False
MKTR.JK,118.0,118.66666666666667,119.6,119.3,119.4,121.4323809814453,125.27494834899902,3.4323809814453057,1.7421380216217444,86100,True,False
MKPI.JK,21575.0,21591.666666666668,21580.0,21387.5,21100.0,20981.38625,21438.68939453125,24.411216666666732,1.2436365247784071,40700,False,False
MKAP.JK,1160.0,1163.3333333333333,1162.0,1162.0,1173.5,1119.6093872070312,1077.1841650390625,10.77812255859376,0.27157344322199933,45500,False,False
MITI.JK,165.0,165.33333333333334,167.2,171.0,168.9,173.48,219.2,8.47999999999999,1.3163485502122247,321300,False,False
MIRA.JK,21.0,21.666666666666668,22.0,20.9,19.45,19.46,21.82,2.5500000000000007,6.721342083003101,1103300,False,False
MINE.JK,216.0,217.33333333333334,218.4,221.2,217.9,227.36,290.74,5.680000000000007,1.4453096493793054,265400,True,False
MINA.JK,276.0,278.6666666666667,286.4,282.6,275.7,286.44,300.06,5.3700000000000045,3.4109211193779583,30903700,True,False
MIKA.JK,1755.0,1751.6666666666667,1747.0,1742.5,1722.5,1643.6521118164062,1828.3743518066406,22.269577636718758,1.4222075479662313,1924800,False,False
MIDI.JK,276.0,281.3333333333333,286.0,284.8,282.0,283.6179211425781,291.08986953735354,5.0,1.5549184518910206,1412800,True,False
MICE.JK,515.0,511.6666666666667,516.0,516.5,504.84356689453125,493.95802307128906,496.65505065917966,4.508395385742188,2.441554804408353,56400,True,False
MHKI.JK,136.0,136.33333333333334,137.8,137.0,128.86700019836425,126.85013748168946,155.11059623718262,10.949862518310553,2.6031333715156366,600500,False,False
MGRO.JK,685.0,680.0,676.0,674.0,673.5,668.0,688.5,3.4,0.7041148676808708,3515400,True,False
MGNA.JK,92.0,92.66666666666667,93.4,92.6,90.95,91.92,137.67,2.450000000000003,1.8522413788923442,377500,True,False
MGLV.JK,8600.0,8558.333333333334,8530.0,8300.0,8242.5,8011.0,6924.2,23.56,1.9101009380302796,114600,False,False
MERK.JK,3920.0,3973.3333333333335,3984.0,3918.0,3807.5,3711.1209765625,3500.0167041015625,27.287902343750012,1.4003444128488263,5700,False,False
MERI.JK,102.0,101.66666666666667,102.2,101.7,102.3,109.44,127.58,7.773333333333326,1.228862306881973,1651300,False,False
MEJA.JK,100.0,98.66666666666667,92.8,87.0,86.8,87.04,91.81142868041992,13.200000000000003,4.519040600763576,14058100,False,False
MEGA.JK,1975.0,1988.3333333333333,1995.0,1996.5,1997.75,1964.3,2119.5851440429688,6.690000000000009,0.457431188258786,11700,False,False
MEDS.JK,75.0,77.0,78.2,79.4,75.95,79.82,76.3,4.819999999999993,1.972585055531662,27755000,True,False
MEDC.JK,1285.0,1333.3333333333333,1319.0,1285.5,1201.5,1213.5145776367187,1440.463818359375,26.366666666666653,3.577574245816832,29063200,False,False
MDRN.JK,26.0,26.0,26.0,26.0,26.1,29.46,42.25,3.460000000000001,0.0,0,True,False
MDLN.JK,50.0,50.333333333333336,50.4,50.2,50.2,50.3,52.73,0.3999999999999986,1.320300264749733,7975100,True,False
MDLA.JK,206.0,208.0,208.8,208.0,205.2,202.47704864501952,203.4025451660156,3.1614756774902446,0.908778419728486,658600,True,False
MDKI.JK,180.0,181.0,180.6,180.3,179.3,178.41640563964845,181.46511489868163,2.5835943603515545,0.7387310933518579,22700,True,False
MDKA.JK,2660.0,2696.6666666666665,2708.0,2684.0,2639.800500488281,2636.4385986328125,2955.4619946289063,7.15614013671875,1.8233905423918033,15918700,False,False
MDIY.JK,950.0,941.6666666666666,955.0,968.5,937.5,864.8242395019531,866.4738055419922,20.735152099609376,2.2070300751857777,59200,False,False
MDIA.JK,136.0,127.33333333333333,113.6,91.2,78.9,81.42,83.41,57.099999999999994,9.335033045811395,585116900,False,False
MCOR.JK,68.0,68.0,67.8,68.0,67.6,66.9,68.8,1.0999999999999943,1.6047229853842364,218400,True,False
MCOL.JK,3760.0,3740.0,3750.0,3776.0,3777.5,3722.0691455078127,3744.01734375,5.543085449218734,1.049425673089095,300,True,False
MCAS.JK,266.0,213.0,188.2,170.1,165.7,201.14,295.28,50.150000000000006,12.787836587459378,20411500,False,False
MBTO.JK,118.0,120.0,120.2,119.0,112.0,110.2,114.49,10.0,2.8266427564185386,143400,False,False
MBSS.JK,2620.0,2670.0,2700.0,2630.0,2604.5,2476.3,2191.4,22.369999999999983,3.16126585097909,394300,False,False
MBMA.JK,505.0,515.0,524.0,521.5,510.75,496.06,601.78,5.587999999999999,2.5048288880552825,22598300,True,False
MBAP.JK,1405.0,1421.6666666666667,1422.0,1404.0,1377.25,1416.0,1575.2,8.95,1.2579374061700912,20600,False,False
MAYA.JK,202.0,200.33333333333334,200.2,196.6,192.8,188.38,193.26,6.810000000000002,1.6259922776845985,197000,False,False
MAXI.JK,50.0,50.0,50.0,50.0,50.0,50.0,50.49,0.0,0.0,233300,True,False
MASB.JK,3390.0,3390.0,3390.0,3390.0,3386.5,3360.8,3293.4,2.9199999999999817,0.0,9200,True,False
MARK.JK,970.0,966.6666666666666,972.0,1017.5,1015.75,911.8212121582031,831.9499993896484,21.135757568359374,3.726790885826805,7427800,False,False
MARI.JK,23.0,23.0,23.0,23.0,23.05,24.52,27.3,1.5199999999999996,0.0,0,True,False
MAPI.JK,1495.0,1510.0,1512.0,1511.5,1515.7467163085937,1498.2914770507812,1373.5108862304687,4.149343261718741,1.8050088495846777,706800,True,False
MAPB.JK,1125.0,1115.0,1061.0,1073.5,983.25,1161.2,1343.85,35.59000000000001,7.884354764997499,100,False,False
MAPA.JK,595.0,601.6666666666666,612.0,615.0,609.6516265869141,598.9360961914062,618.5292694091797,4.0,2.125475041598458,1584900,True,False
MANG.JK,41.0,42.333333333333336,41.8,40.0,39.5,42.86,46.03,3.3599999999999994,4.289641165164848,1965600,False,False
MAIN.JK,710.0,711.6666666666666,713.0,703.5,678.5,704.0917272949218,776.8249096679688,6.9,2.407655265610668,115400,False,False
MAHA.JK,138.0,139.66666666666666,140.2,140.5,138.3,135.27333465576172,135.29583618164062,5.226665344238285,0.7873405149660321,1858800,True,True
LUCK.JK,111.0,111.0,111.0,104.8,100.3,103.5,104.7,10.700000000000003,5.921940406468752,4059000,False,False
LTLS.JK,765.0,768.3333333333334,768.0,771.0,774.0,764.7537744140625,767.1037701416016,1.8492451171875017,1.4038116386897184,2000,True,False
LSIP.JK,1365.0,1380.0,1364.0,1343.5,1295.1180419921875,1242.8073779296874,1310.9571936035156,27.43852441406252,1.5553500720554705,3936400,False,False
LRNA.JK,182.0,180.66666666666666,180.8,180.4,178.2,181.72,193.56,3.8000000000000114,1.5706277702315359,71100,True,False
LPPS.JK,80.0,80.0,81.4,78.2,73.4,71.24,78.14,10.16000000000001,5.200736059729075,855400,False,False
LPPF.JK,1560.0,1568.3333333333333,1579.0,1570.0,1531.0,1549.7,1593.8868713378906,9.6,1.0621051016504777,282000,False,False
LPLI.JK,246.0,254.0,256.8,250.4,241.7,244.0,272.3,7.550000000000011,2.9264076592081305,31000,False,False
LPKR.JK,62.0,62.333333333333336,62.6,62.0,61.2,63.88,74.49,2.6799999999999997,2.495103490813868,13516100,True,False
LPIN.JK,412.0,417.3333333333333,418.8,416.8,409.7,403.4,408.35400939941405,7.700000000000017,0.9025693303374965,57200,False,False
LPGI.JK,640.0,636.6666666666666,648.0,661.5,669.75,674.9,667.2594213867187,7.64666666666667,1.6688885351488318,4500,False,False
LPCK.JK,520.0,526.6666666666666,525.0,516.5,510.45,514.68,589.74,3.243333333333328,1.374228387448045,188600,True,False
LOPI.JK,62.0,63.333333333333336,61.0,58.6,57.15,68.96,92.21,11.809999999999995,4.9453627250582315,2800800,False,False
LMPI.JK,138.0,138.66666666666666,138.8,138.7,136.6,140.28,147.74,3.680000000000007,1.0787720362005424,232200,True,False
LMAX.JK,115.0,116.0,117.2,117.5,102.6,100.66,130.76,16.840000000000003,2.3309990413271797,291000,False,False
LIVE.JK,204.0,203.33333333333334,204.0,205.2,205.7,214.6,216.51,5.633333333333326,2.2758469682740157,104500,True,False
LION.JK,364.0,351.3333333333333,354.4,351.2,333.0,342.76,377.9,15.5,7.050531047243543,3070100,False,False
LINK.JK,1400.0,1423.3333333333333,1420.0,1419.0,1427.5,1370.4,1637.1,11.419999999999982,1.4178525358312164,1200,False,False
LIFE.JK,5600.0,5650.0,5670.0,5725.0,5800.0,6024.5,6553.029248046875,16.98,1.9704353748696433,600,False,False
LFLO.JK,490.0,484.6666666666667,485.2,488.2,531.75,527.7827447509766,543.6337045288086,23.541666666666657,2.4873381755111597,6900,False,False
LEAD.JK,104.0,103.0,103.8,102.5,98.35,98.36,119.29,5.650000000000006,2.443954657784319,12827100,True,False
LCKM.JK,114.0,110.33333333333333,111.0,110.6,108.2,114.9,124.96,6.700000000000003,3.2931798812452477,13515600,False,False
LAPD.JK,66.0,66.66666666666667,68.2,67.5,65.7,65.28,76.0,2.9200000000000017,2.7614851764228296,4580100,True,False
LAND.JK,75.0,76.66666666666667,77.0,77.9,68.3,62.86,67.89,15.040000000000006,3.1528431529829475,15800200,False,False
LAJU.JK,65.0,66.66666666666667,67.4,67.4,66.0,64.57060768127441,72.88917446136475,2.8293923187255956,2.651886830952167,9494600,True,False
LABS.JK,147.0,148.0,148.0,147.8,145.05,146.06,151.15,2.9499999999999886,1.3310077973880796,307900,True,False
LABA.JK,93.0,93.0,93.4,93.3,90.7,91.66,106.8,2.700000000000003,1.6304180866054667,5658500,True,False
KUAS.JK,88.0,90.33333333333333,91.2,91.9,90.05,91.78381454467774,97.45206344604492,3.9000000000000057,2.315945243065215,7133500,True,False
KSIX.JK,302.0,290.0,288.0,284.8,295.6,324.28,325.74,19.73999999999998,2.7999849204419993,8100,False,False
KRYA.JK,60.0,59.333333333333336,60.0,60.1,58.1,58.92,64.73,2.0,2.097055446194682,42540800,True,False
KREN.JK,14.0,13.333333333333334,13.4,13.0,12.35,12.98,14.86,1.6500000000000004,5.959819715513972,11073900,False,False
KRAS.JK,226.0,232.66666666666666,237.2,235.0,220.35,213.16,256.34,12.019999999999996,3.1129269241923745,2948700,False,False
KPIG.JK,81.0,82.33333333333333,84.2,84.3,80.55,85.18,98.59,4.63000000000001,3.708860970524546,49826900,True,False
KOTA.JK,119.0,118.0,113.6,104.2,97.3,100.44,94.43,21.700000000000003,4.597255200977346,368271300,False,False
KOPI.JK,195.0,197.66666666666666,199.8,198.3,189.9,190.4,222.54,9.900000000000006,4.252923073476741,85000,False,False
KONI.JK,2430.0,2443.3333333333335,2494.0,2612.0,2607.0,2644.8,2344.3,21.480000000000018,4.561722712806651,21500,False,False
KOKA.JK,204.0,211.33333333333334,214.8,205.3,167.85,131.08,161.92,41.86,11.085824052763822,13180100,False,False
KOIN.JK,78.0,78.0,78.0,78.0,78.1,76.6,79.82,1.5,0.0,0,True,False
KOCI.JK,100.0,101.66666666666667,103.0,102.0,100.5,95.77736785888672,109.13341918945312,7.22263214111328,2.0391396981295555,5314300,False,False
KOBX.JK,146.0,147.33333333333334,147.4,146.4,144.0,149.68,156.26,5.680000000000007,1.2582061860755196,1242700,True,False
KMTR.JK,232.0,237.33333333333334,236.0,231.0,227.1,228.48,245.48,5.116666666666674,4.029619017830168,74200,False,False
KMDS.JK,540.0,543.3333333333334,546.0,542.5,536.25,531.3701922607422,548.1152890014648,2.925961547851557,1.2452723304224584,10500,True,False
KLIN.JK,127.0,119.33333333333333,117.0,112.6,104.55,107.24,130.96,22.450000000000003,6.916050461903554,1093600,False,False
KLBF.JK,715.0,720.0,727.0,732.0,737.75,745.0986291503906,838.1828704833985,6.0197258300781185,2.692276167634857,7692300,False,False
KLAS.JK,71.0,70.0,70.4,70.1,68.3,68.78,75.8,2.700000000000003,1.3209158714213631,2772700,True,False
KKGI.JK,274.0,278.0,278.4,276.6,266.9,264.7001486206055,290.42210403442385,6.849925689697244,1.5657500298255096,155500,False,False
KKES.JK,70.0,68.33333333333333,67.4,68.2,59.75,49.14,42.28,20.86,5.680076410304332,2230500,False,False
KJEN.JK,130.0,126.66666666666667,127.8,126.7,119.55,129.54,130.26,10.450000000000003,3.568929504041137,13519300,False,False
KIOS.JK,96.0,94.33333333333333,95.2,94.0,91.15,87.06,99.01,8.939999999999998,5.153159332299295,8045700,False,False
KINO.JK,1190.0,1195.0,1195.0,1169.0,1149.5,1118.3439916992188,1109.1079809570313,15.331201660156239,1.179796196902245,800,False,False
KING.JK,274.0,277.3333333333333,282.0,295.0,303.9,413.66,370.73,69.83000000000001,1.481690231447947,145400,False,False
KIJA.JK,128.0,130.66666666666666,132.8,133.4,127.75,126.58,154.87,6.820000000000007,3.2531693893681943,16649800,False,False
KICI.JK,191.0,193.66666666666666,193.4,190.9,185.9,188.34,196.37,7.7666666666666515,1.586136020216004,661200,False,False
KETR.JK,565.0,571.6666666666666,573.0,552.5,529.45,550.68,516.49,8.70999999999999,3.5860348020881094,4919500,False,False
KEJU.JK,535.0,540.0,544.0,545.5,545.75,564.3,549.9494515991211,5.8599999999999905,1.0423158224266416,7800,True,False
KEEN.JK,855.0,851.6666666666666,860.0,861.0,842.75,839.42658203125,871.4754522705078,4.31468359375001,1.5738771172813277,3333000,True,False
KDTN.JK,378.0,432.6666666666667,472.6,521.3,525.85,672.84,816.32,147.42000000000002,7.28284845612974,9902600,False,False
KDSI.JK,438.0,442.0,444.8,444.2,440.1,441.68,444.66,3.4000000000000057,1.1295920895948508,2500,True,False
KBLV.JK,124.0,126.66666666666667,131.2,119.8,100.75,93.78,104.35,37.41999999999999,12.38204501507307,6193600,False,False
KBLM.JK,290.0,293.3333333333333,293.2,291.6,290.2,290.7760852050781,303.93028411865237,1.6666666666666572,1.0169901927668143,30400,True,False
KBLI.JK,320.0,322.0,321.6,321.6,317.9538909912109,307.57173400878906,306.6117321777344,7.214132995605468,0.9950769492168912,385400,False,False
KBAG.JK,44.0,44.666666666666664,44.0,42.7,39.8,38.78,44.08,5.886666666666663,5.607461117383014,535400,False,False
KARW.JK,212.0,212.0,212.0,212.0,212.0,243.28,279.96,15.64,0.0,0,False,False
KAQI.JK,87.0,89.0,89.6,89.3,86.3,89.64,98.67,3.3400000000000034,2.4108743571849462,5429300,True,False
KAEF.JK,452.0,453.3333333333333,455.2,454.8,449.8,462.14,479.99,6.1699999999999875,0.654419379352885,105600,False,False
JTPE.JK,615.0,610.0,609.0,608.0,606.0,596.475,586.705,3.7049999999999956,0.7825430679800837,1850700,True,True
JSPT.JK,1375.0,1391.6666666666667,1402.0,1398.5,1377.25,1305.252177734375,1388.0072729492188,19.349564453125005,2.1010038411174015,6500,False,False
JSMR.JK,2700.0,2706.6666666666665,2724.0,2725.0,2720.0,2767.4552978515626,2894.9563403320312,6.7455297851562595,1.1372488184556824,491600,False,False
JRPT.JK,1075.0,1075.0,1075.0,1077.0,1078.5,1069.622509765625,1071.3553356933594,1.775498046875009,0.1464017435263145,70200,True,False
JPFA.JK,2110.0,2120.0,2104.0,2075.0,2040.5,2126.9,2237.9594213867185,8.64000000000001,1.0770396264606417,4750500,False,False
JMAS.JK,228.0,228.0,228.0,228.0,228.0,244.36,235.68,8.180000000000007,0.0,0,False,False
JKON.JK,67.0,68.0,68.2,68.2,67.05,67.12895606994628,69.74134418487549,1.2000000000000028,1.7025591842148444,1721600,True,False
JIHD.JK,436.0,439.3333333333333,440.4,436.6,420.8,424.48,475.66,9.799999999999983,2.3844391572505517,477300,False,False
JGLE.JK,65.0,66.33333333333333,67.6,58.8,54.45,58.38,62.37,13.149999999999991,11.777476710022365,501383800,False,False
JECC.JK,615.0,625.0,630.0,631.0,636.4357147216797,609.9937158203124,742.4354309082031,5.288399780273449,0.9911756911769402,23300,True,False
JAYA.JK,127.0,126.0,126.4,125.0,122.5,123.66,129.81,4.5,1.3725010853569581,204100,True,False
JAWA.JK,122.0,121.33333333333333,121.6,118.9,115.05,121.46,140.35,6.950000000000003,1.463112902679714,74600,False,False
JATI.JK,97.0,95.33333333333333,95.2,94.8,92.3,95.06675659179687,100.18671203613282,4.700000000000003,2.6645665640857326,19857400,True,False
JAST.JK,82.0,82.66666666666667,83.6,84.3,81.75,82.34,91.03,2.549999999999997,1.1227245866283766,831400,True,False
JARR.JK,1905.0,1923.3333333333333,1932.0,1895.0,1870.5,1772.5898291015626,1960.3662536621093,31.88203417968748,2.0074136307943755,523800,False,False
ITMG.JK,24525.0,24475.0,24375.0,24190.0,23487.5,22931.5,24284.4241015625,63.74,0.756217480503615,411300,False,False
ITMA.JK,1400.0,1401.6666666666667,1385.0,1352.0,1356.25,1523.7,1857.4,34.34000000000001,1.7109207411675769,20900,False,False
ITIC.JK,208.0,210.66666666666666,211.6,206.5,201.9,207.14,235.93,4.849999999999994,2.4769024856469932,99700,True,False
ISSP.JK,402.0,404.0,404.8,405.4,393.9,390.3742901611328,420.4179669189453,7.512854919433579,1.6304077919573827,89900,False,False
ISEA.JK,79.0,80.0,81.0,81.4,74.1,70.48,78.6,10.920000000000002,2.851548445258213,651000,False,False
ISAT.JK,1925.0,1936.6666666666667,1936.0,1913.0,1881.5,1927.68,1975.2429321289062,11.03333333333335,1.0925637220095665,2958500,False,False
ISAP.JK,25.0,25.333333333333332,25.4,25.0,23.7,24.48,27.92,1.6999999999999993,2.923941804872634,12146600,True,False
IRSX.JK,314.0,317.3333333333333,314.8,297.2,285.8,306.56163818359374,378.420149230957,15.766666666666652,4.539981137861987,24602600,False,False
IRRA.JK,368.0,371.3333333333333,371.6,371.8,373.7,370.48,384.54,2.8499999999999943,0.9483838181319559,252900,True,False
IPTV.JK,33.0,32.666666666666664,32.4,31.6,32.25,34.08,38.14,2.479999999999997,2.84566897948647,146100,True,False
IPOL.JK,106.0,105.33333333333333,105.4,106.0,105.75,109.28,115.25,3.9466666666666725,0.991690173746165,85500,True,False
IPCM.JK,316.0,318.0,318.4,318.2,313.7530548095703,306.4858856201172,308.0878823852539,5.957057189941395,0.5929769077927387,382100,True,False
IPCC.JK,1145.0,1186.6666666666667,1206.0,1219.5,1187.25,1151.183846435547,1173.347075805664,14.9,1.9797357723069775,1350900,False,False
IPAC.JK,154.0,158.33333333333334,159.8,160.3,157.3,149.34,153.77,10.960000000000008,2.2917695657061565,52300,False,False
IOTF.JK,52.0,52.333333333333336,53.0,52.9,52.55,53.92,59.16,1.9200000000000017,1.5457686486149895,2539900,True,False
INTP.JK,4600.0,4620.0,4628.0,4634.0,4478.5,4349.00470703125,4625.7941015625,28.49952929687497,1.033819571401134,295600,False,False
INTD.JK,248.0,242.0,237.2,234.6,228.9,234.88,243.52,9.549999999999997,3.2165133709761538,80900,False,False
INTA.JK,61.0,61.0,61.0,61.0,61.2,65.18,72.22,4.180000000000007,0.0,0,True,False
INPS.JK,700.0,690.0,688.0,646.0,627.5,649.8,640.91,14.5,5.251516789964002,69800,False,False
INPP.JK,700.0,705.0,707.0,703.5,697.75,737.8,763.1,8.009999999999991,0.979741576711393,202900,False,False
INPC.JK,139.0,138.33333333333334,139.8,138.3,133.8,134.02,147.9,6.0,3.212366847947064,5355600,False,False
INOV.JK,131.0,132.0,132.0,129.5,124.65,122.2,131.08,9.799999999999997,2.19466415316288,344500,False,False
INKP.JK,7900.0,7766.666666666667,7810.0,7715.0,7432.459814453125,7489.5678125,8591.5419140625,18.701607421875014,2.247109319699048,1594000,False,False
INET.JK,236.0,234.66666666666666,235.2,226.8,210.7,210.76,255.24,12.650000000000006,4.316676870060921,58077400,False,False
INDY.JK,2520.0,2506.6666666666665,2520.0,2441.0,2193.5,2212.697626953125,2892.203366699219,32.65,4.53367041867622,11151900,False,False
INDX.JK,60.0,60.0,60.0,60.0,60.0,68.74,90.0,8.739999999999995,2.837818317547164e-07,0,False,False
INDS.JK,274.0,278.6666666666667,280.0,271.4,262.3640007019043,271.5848043823242,402.8326072692871,8.817999649047863,2.392339523540719,1010100,False,False
INDR.JK,1960.0,1990.0,1977.0,1994.0,2003.0,2034.1,2402.05,14.819999999999983,1.441609934204596,900,False,False
INDO.JK,172.0,173.0,173.0,171.8,167.5,162.84,168.08,10.159999999999997,1.0450593275481523,31090400,False,False
INDF.JK,6875.0,6883.333333333333,6880.0,6817.5,6701.313427734375,6473.611669921875,6387.8120703125,16.388866536458337,0.7611136093274601,1513500,False,False
INCO.JK,4800.0,4915.0,4937.0,4933.5,4722.25,4758.100751953125,5469.713725585938,21.475,2.0964681113851515,3580500,False,False
INCI.JK,655.0,655.0,662.0,657.5,649.25,650.6180285644531,669.5885168457031,2.55,1.8073884256337565,112400,True,False
INCF.JK,50.0,50.0,50.0,50.0,50.0,50.26,54.87,0.259999999999998,0.0,0,True,False
INAI.JK,164.0,163.33333333333334,163.6,162.5,147.25,149.7,170.16,16.75,11.505913010710579,630400,False,False
IMPC.JK,1505.0,1510.0,1533.0,1495.5,1474.75,1598.5,1858.3,24.75,3.096571234044183,4010700,False,False
IMJS.JK,148.0,148.66666666666666,150.0,149.6,143.04738998413086,144.61832733154296,161.96284606933594,6.952610015869141,2.1668375613797046,473200,False,False
IMAS.JK,855.0,861.6666666666666,861.0,852.0,819.5785675048828,856.1929211425781,951.78130859375,8.417619832356763,1.1609758882986656,41100,False,False
IKPM.JK,183.0,184.66666666666666,185.4,184.2,182.25,184.76,199.97,3.1500000000000057,1.3159046042204736,600,True,False
IKBI.JK,545.0,546.6666666666666,557.0,562.5,547.25,526.02,539.91,7.296000000000004,1.9690220237416445,21700,False,False
IKAN.JK,83.0,83.66666666666667,85.2,85.1,79.65,78.0,87.63,7.200000000000003,3.513462620111616,2605600,False,False
IKAI.JK,22.0,21.666666666666668,21.2,21.1,18.95,19.24,21.19,3.0500000000000007,5.953019867541831,1048900,False,False
IGAR.JK,424.0,423.3333333333333,425.2,420.6,413.7,420.2630944824219,448.023337097168,5.75,1.4287789160657083,4300,True,False
IFSH.JK,1200.0,1200.0,1175.0,1183.5,1200.0,1299.8800024414063,1902.1018762207032,24.97600048828126,5.405504782439047,2300,False,False
IFII.JK,214.0,214.0,214.0,214.2,212.8,217.64,222.24,2.4199999999999875,1.0842944563618218,8300,True,False
IDPR.JK,294.0,296.0,296.4,300.2,299.1,295.9906018066406,296.4617434692383,3.0999999999999943,1.211345230075518,1600,True,False
IDEA.JK,61.0,62.333333333333336,63.2,63.8,61.45,61.02,78.06,2.799999999999997,4.000034189956539,754800,False,False
ICON.JK,107.0,104.66666666666667,105.0,105.4,105.5,107.88,112.9,3.213333333333324,2.160741271217374,48582600,True,False
ICBP.JK,6975.0,7025.0,7030.0,6885.0,6753.265380859375,6532.849912109375,6739.723198242187,19.886003515625017,1.246840893986458,461500,False,False
IBST.JK,8475.0,8475.0,8475.0,8475.0,8475.0,8475.0,7465.15,0.0,0.0,0,True,False
IBOS.JK,69.0,69.33333333333333,70.0,69.2,69.05,78.6,101.05,9.599999999999994,2.1302908444483424,1974900,False,False
IBFN.JK,63.0,63.0,63.0,63.0,63.25,65.3,76.29,2.299999999999997,0.0,0,True,False
IATA.JK,59.0,58.333333333333336,58.8,58.5,60.55,63.82,71.18,5.486666666666665,2.127308243120522,59550200,True,False
HYGN.JK,160.0,160.33333333333334,160.4,156.9,149.25,144.87160034179686,143.79940155029297,15.528399658203142,1.4605282229205536,479200,False,False
HUMI.JK,135.0,136.66666666666666,138.6,132.3,123.6,129.24,161.99,15.0,3.3743665754132213,11220700,False,False
HRUM.JK,810.0,823.3333333333334,829.0,822.0,776.0,773.9,898.2,11.020000000000005,2.3924041883641243,1351300,False,False
HRTA.JK,1965.0,1950.0,1963.0,1929.0,1842.25,2023.544111328125,2334.3418774414063,36.258822265624985,3.1858020241537095,3561300,False,False
HRME.JK,45.0,44.666666666666664,44.4,44.8,44.3,44.86,46.42,0.7000000000000028,6.850874136696487,1262800,False,False
HOPE.JK,173.0,174.66666666666666,181.4,183.4,162.15,138.76,180.98,44.640000000000015,8.401656197337,2856700,False,False
HOMI.JK,174.0,176.0,177.6,179.4,182.6,191.56,223.62,17.560000000000002,1.6540001381156915,434400,False,False
HOKI.JK,54.0,54.333333333333336,54.4,53.9,52.65,55.38,61.56,2.730000000000004,1.4711458625219267,5573700,True,False
HMSP.JK,715.0,720.0,718.0,707.0,688.5,666.955322265625,687.1403845214844,10.608935546875,1.6596538893946762,2066400,False,False
HILL.JK,16.0,16.0,16.0,16.0,16.0,16.02,19.66,0.019999999999999574,0.0,0,True,False
HGII.JK,121.0,121.33333333333333,121.4,121.7,122.3,125.48345489501953,132.95505905151367,4.483454895019534,0.5487089250886588,107200,True,False
HEXA.JK,4500.0,4520.0,4524.0,4490.0,4403.5,4401.6,4426.1,12.239999999999963,0.7860754603865985,65500,False,False
HERO.JK,350.0,348.6666666666667,347.6,340.4,327.3,343.56,381.59,11.349999999999994,1.3246475707374326,21800,False,False
HELI.JK,200.0,186.66666666666666,183.0,182.0,181.8,178.18,189.08,21.819999999999993,3.628853372799712,13388300,False,False
HEAL.JK,800.0,813.3333333333334,822.0,857.5,869.75,886.4,1040.6458825683594,17.279999999999994,1.960399948558088,3520400,False,False
HDIT.JK,51.0,51.333333333333336,51.6,50.8,50.55,51.3,56.4,1.0500000000000043,1.7059042482911038,4129600,True,False
HDFA.JK,87.0,88.0,88.6,88.5,88.1,89.14,97.26,2.1400000000000006,1.659249538574542,1209900,True,False
HBAT.JK,238.0,253.33333333333334,259.2,264.6,276.6,362.74,373.39,62.370000000000005,3.160861697598858,2468600,False,False
HATM.JK,454.0,464.0,450.8,448.6,429.5,366.54071716308596,338.40143432617185,48.72964141845702,4.921534880494686,5362000,False,False
HALO.JK,67.0,66.0,67.0,66.1,64.05,65.38,70.07,2.950000000000003,2.8473449372156368,2742300,True,False
HAJJ.JK,103.0,103.0,103.6,102.4,102.8,106.28,118.77,3.8799999999999955,2.2555365038934063,5311500,True,False
HAIS.JK,182.0,182.66666666666666,182.6,182.3,178.55,175.32,186.70090377807617,7.346666666666664,1.4970901381310053,137100,False,False
HADE.JK,19.0,18.333333333333332,18.4,18.6,17.35,16.44,18.9,2.5599999999999987,4.417366471786079,152600,False,False
GZCO.JK,153.0,154.33333333333334,155.0,152.1,145.25,146.74,175.23,9.75,1.935429176789719,1867400,False,False
GWSA.JK,126.0,126.33333333333333,128.2,124.2,120.35,122.32,137.65,7.849999999999994,3.1141070631685386,132300,False,False
GUNA.JK,196.0,197.0,199.0,195.8,182.2,171.74184631347657,191.04749069213867,27.25815368652343,2.307127204114315,83900,False,False
GULA.JK,730.0,750.0,746.0,722.5,671.25,591.0,466.16,31.8,5.220817025492157,13652200,False,False
GTSI.JK,153.0,155.66666666666666,155.8,147.7,136.55775184631347,140.94868270874022,187.91682258605957,19.242248153686546,3.880592839666934,13036500,False,False
GTRA.JK,228.0,232.66666666666666,233.2,226.5,204.9,199.18,223.51,17.00999999999999,5.589551101074837,641800,False,False
GTBO.JK,170.0,170.0,170.0,170.0,170.0,180.42,201.25,10.419999999999987,0.0,0,False,False
GSMF.JK,88.0,87.66666666666667,88.8,87.1,84.2,88.32,97.72,4.599999999999994,3.777151120047004,1144600,True,False
GRPM.JK,234.0,229.33333333333334,235.6,237.0,259.8,250.92,285.96,15.233333333333334,4.66101066142723,4040500,False,False
GRPH.JK,60.0,59.333333333333336,59.4,59.4,58.1,59.32,59.21,1.8999999999999986,1.472245634547349,551200,True,False
GRIA.JK,119.0,120.0,117.2,114.6,111.5,119.26,111.06,8.5,3.3345634833786537,1337900,False,False
GPSO.JK,284.0,303.3333333333333,322.8,324.8,306.9,387.36,371.24,51.68000000000001,7.304879928063028,15016000,False,False
GPRA.JK,100.0,103.33333333333333,103.0,102.1,100.70784301757813,101.06137191772461,104.83303703308106,3.3333333333333286,4.202985732314785,5453500,False,False
GOTO.JK,50.0,50.0,50.0,50.0,50.0,50.0,51.7,0.0,0.0,11955900,True,False
GOOD.JK,294.0,296.6666666666667,301.2,302.4,302.7,315.64,327.84400665283204,10.819999999999993,1.2071986336150693,94500,False,False
GOLF.JK,158.0,161.0,164.0,166.7,166.55,164.82175537109376,177.75477493286132,8.699999999999989,1.963907541846792,797900,False,False
GOLD.JK,278.0,274.6666666666667,269.2,265.2,253.8,257.44,271.2,12.099999999999994,4.816009269600677,364000,False,False
GMTD.JK,1325.0,1288.3333333333333,1272.0,1289.0,1297.5,1444.5,1533.7235229492187,34.5,3.308213813674344,14800,False,False
GMFI.JK,54.0,54.333333333333336,54.0,53.3,52.6,52.46,57.15,1.8733333333333348,1.7224597389022225,20635500,True,False
GLVA.JK,302.0,303.3333333333333,305.6,303.2,296.4,307.77927062988283,319.17207916259764,5.689635314941427,1.7474406969661769,3200,True,False
GJTL.JK,1200.0,1151.6666666666667,1148.0,1139.5,1126.25,1118.4386083984375,1084.4307244873046,16.312278320312497,2.604069368749642,23505300,False,False
GIAA.JK,53.0,53.666666666666664,53.8,53.4,52.9,54.84,63.34,1.9400000000000048,2.061915943543953,37590700,True,False
GHON.JK,1610.0,1630.0,1634.0,1621.0,1596.75,1711.5,1754.4,22.95,1.3150439016916209,7100,False,False
GGRP.JK,294.0,294.0,294.0,294.4,291.8,291.51558288574216,281.52147186279296,1.4422085571289074,0.7493291162272708,377500,True,False
GGRM.JK,17625.0,17575.0,17495.0,17240.0,16608.125,15790.325,15067.9,73.38699999999997,1.1773579761362813,388300,False,False
GEMS.JK,6550.0,6600.0,6630.0,6592.5,6390.0,6648.5,7442.75,10.34,1.2114858793180183,13300,False,False
GEMA.JK,81.0,81.66666666666667,81.8,80.6,79.15,79.65142761230469,83.18809341430664,2.6499999999999915,1.8594108098729327,265100,True,False
GDYR.JK,1110.0,1096.6666666666667,1099.0,1095.0,1090.75,1089.2,1099.1,4.159999999999991,1.516324184444774,300,True,False
GDST.JK,90.0,91.0,91.4,91.7,86.4,85.24,94.19,6.460000000000008,8.165512207384966,605000,False,False
FWCT.JK,89.0,90.66666666666667,91.6,89.8,83.8,80.14,94.47,11.459999999999994,7.366485027934562,2074200,False,False
FUTR.JK,304.0,304.0,280.8,253.4,228.85,191.54,219.35,56.230000000000004,7.704830172527312,37489200,False,False
FUJI.JK,206.0,203.33333333333334,204.8,207.3,203.05,244.1,302.09,20.52499999999999,2.8339658448198324,92900,False,False
FPNI.JK,314.0,324.0,327.2,328.0,321.6,334.96,396.77,10.47999999999999,2.050166969504236,1563100,False,False
FORU.JK,3140.0,3160.0,3194.0,3002.0,3020.5,2657.7,1981.7,53.63000000000002,7.58644344064463,618200,False,False
FORE.JK,645.0,660.0,652.0,632.5,622.0,697.4,721.02,15.079999999999995,3.1039268568412046,3473600,False,False
FOOD.JK,176.0,176.0,176.0,176.0,176.2,171.86,195.01,4.339999999999975,0.0,0,True,False
FOLK.JK,214.0,214.0,215.2,218.0,210.25,206.78,297.52,5.609999999999999,4.424360313829582,2858700,False,False
FMII.JK,250.0,246.66666666666666,248.0,248.4,250.4,244.28,241.78,3.0600000000000023,2.5285654458374225,5500,True,False
FLMC.JK,73.0,72.33333333333333,70.6,62.8,57.85,95.4,124.2,37.550000000000004,4.960521142602327,1209400,False,False
FITT.JK,358.0,354.0,355.6,363.8,373.0,369.36,412.18,9.5,1.1706433947501542,572200,False,False
FISH.JK,630.0,643.3333333333334,645.0,642.0,623.75,634.5040686035156,700.3773266601562,4.25,2.52984467863595,13900,True,False
FIRE.JK,109.0,109.66666666666667,109.8,109.4,105.45,106.48,127.01,4.349999999999994,3.59190053112022,2489100,True,False
FILM.JK,1080.0,1113.3333333333333,1170.0,1358.5,1496.0,1766.9,2619.25,137.38000000000002,4.862312601904069,17368300,False,False
FAST.JK,286.0,287.3333333333333,288.0,279.2,270.5,250.68,286.26,18.659999999999997,2.5856196496607295,819900,False,False
FAPA.JK,7300.0,7300.0,7295.0,7332.5,7355.011865234375,7252.202421875,6951.9811328125,4.112377734375005,0.822335118261812,1400,True,False
EXCL.JK,2410.0,2453.3333333333335,2496.0,2534.0,2500.5,2602.6,2803.4,19.25999999999999,2.0358043954574656,2469600,False,False
EURO.JK,2030.0,2053.3333333333335,2008.0,1885.0,1804.75,1785.5779272460939,2094.5723858642577,26.775540608723965,3.8819578929633796,50200,False,False
ESTI.JK,132.0,132.66666666666666,133.8,132.6,128.25,126.11728149414063,147.95816314697265,7.682718505859384,2.8937068683384033,556400,False,False
ESTA.JK,187.0,183.66666666666666,184.6,181.0,182.7,185.72,189.67,6.0,2.6302146364375307,1248800,False,False
ESSA.JK,625.0,636.6666666666666,628.0,612.5,581.0,593.3948498535157,654.1251745605468,11.133333333333326,2.59330670933188,29990700,False,False
ESIP.JK,138.0,135.66666666666666,134.6,131.9,130.5,128.84,116.02,9.159999999999997,2.5296155094278587,56286400,False,False
ERTX.JK,166.0,169.0,167.6,158.0,150.7,148.76,181.95,20.24000000000001,6.571694064430722,787300,False,False
ERAL.JK,284.0,286.6666666666667,288.8,285.8,281.0060150146484,274.3410534667969,291.815341796875,7.229473266601559,1.582055661449765,961500,False,False
ERAA.JK,396.0,400.0,392.8,378.0,358.77513580322267,347.4019616699219,358.4372616577148,26.299019165039056,3.0220674962979324,24460800,False,False
EPMT.JK,2300.0,2310.0,2316.0,2319.0,2327.5,2311.2,2327.9,2.75,1.2983380095683468,6900,True,False
EPAC.JK,61.0,62.333333333333336,64.2,67.0,69.7,67.26,62.93,8.700000000000003,2.991488338137432,19142300,False,False
ENZO.JK,63.0,64.66666666666667,65.6,66.8,66.65,68.1,70.9,5.099999999999994,1.7466155169355155,4287800,True,False
ENRG.JK,1410.0,1471.6666666666667,1471.0,1439.0,1284.25,1322.7,1516.3,37.48333333333335,6.574406530676338,39100400,False,False
ENAK.JK,248.0,261.3333333333333,255.2,259.2,271.5,273.44,329.67,12.719999999999999,6.759963977458769,299400,False,False
EMTK.JK,510.0,520.0,530.0,529.0,517.45,559.9649548339844,682.5877825927735,9.992990966796878,2.041855778757474,23268600,False,False
EMDE.JK,72.0,70.33333333333333,70.4,70.4,69.7,65.76,72.36,6.239999999999995,1.9262012752951683,12432100,False,False
EMAS.JK,6200.0,6158.333333333333,6005.0,5865.0,5765.0,6590.0,7533.0,33.0,1.507401590382431,8054300,False,False
ELTY.JK,34.0,32.333333333333336,30.6,26.8,24.45,26.94,34.66,9.55,4.045153874294867,83695700,False,False
ELSA.JK,660.0,675.0,675.0,662.5,623.0,593.9019140625,649.9095788574218,16.21961718749999,2.6376565206889313,11962100,False,False
ELPI.JK,930.0,941.6666666666666,954.0,983.0,1032.6720886230469,1216.8819921875,1462.8010656738281,57.37639843749999,3.709242667334288,470800,False,False
ELIT.JK,180.0,176.33333333333334,176.6,174.1,171.75,175.58,191.79,8.25,2.275879277392191,6833700,False,False
EKAD.JK,169.0,170.0,169.6,169.4,169.1,165.0511102294922,168.05444259643554,4.9488897705078045,0.809764197718244,47400,True,False
ECII.JK,169.0,156.33333333333334,154.6,148.8,139.9,139.66,167.45,29.340000000000003,8.481050409959247,25183200,False,False
EAST.JK,90.0,90.33333333333333,90.6,90.4,89.05,88.66,88.38614944458008,1.9399999999999977,0.6303097095178828,225900,True,False
DYAN.JK,80.0,80.66666666666667,81.0,80.5,79.5,78.36,80.69,2.6400000000000006,1.530760815164265,926900,True,False
DWGL.JK,224.0,229.33333333333334,229.6,227.6,224.3,241.24,252.72,8.620000000000005,2.203042237048583,77600,False,False
DVLA.JK,1570.0,1576.6666666666667,1578.0,1570.5,1548.0,1522.442021484375,1532.7682409667968,11.111595703125023,0.6229244029173993,16000,False,False
DUTI.JK,4290.0,4290.0,4268.0,4201.0,4145.0,3928.923232421875,3816.831865234375,36.107676757812484,0.733025828606739,300,False,False
DSSA.JK,860.0,868.3333333333334,890.0,847.5,826.0,753.46,1629.8,27.307999999999993,5.523325312368678,160762000,False,False
DSNG.JK,1270.0,1310.0,1284.0,1249.0,1198.75,1172.0964794921874,1350.6546789550782,27.580704101562514,2.8901561044554205,1947100,False,False
DSFI.JK,80.0,80.0,80.6,79.0,73.8,73.3,85.18,7.299999999999997,3.1209935444057755,590000,False,False
DRMA.JK,915.0,910.0,910.0,915.5,905.0,931.8,939.31,5.3599999999999905,1.3476923745527551,54700,True,False
DPUM.JK,100.0,100.66666666666667,100.2,99.0,96.85,131.7,138.16,34.849999999999994,1.863471402680719,2053200,False,False
DOSS.JK,136.0,138.33333333333334,138.4,136.2,133.95,132.26259140014648,141.34223197937013,6.137408599853529,1.3572558350428312,180900,False,False
DOOH.JK,204.0,187.33333333333334,176.6,155.6,134.8,130.82,141.05,36.59,8.299271210115174,193400200,False,False
DOID.JK,220.0,225.33333333333334,225.2,216.8,206.35,206.28,235.22,9.52666666666667,2.887131339327291,685500,False,False
DNET.JK,9550.0,9641.666666666666,9595.0,9667.5,9732.5,9906.5,9537.25,14.26,1.540155571674648,1500,False,False
DNAR.JK,122.0,120.66666666666667,120.4,117.5,114.3,114.88,126.76,7.700000000000003,2.1163180553477154,355900,False,False
DMND.JK,625.0,618.3333333333334,618.0,620.0,613.0,606.4127954101563,627.8631964111328,3.717440917968747,2.5229258077385253,19900,True,False
DMMX.JK,216.0,180.66666666666666,173.4,167.0,162.95,164.60670806884767,189.6928268432617,26.525000000000006,11.24086588184304,9179300,False,False
DMAS.JK,138.0,138.0,138.0,138.1,137.65,137.01887451171876,129.53324485778808,1.0811254882812307,0.993955650916506,27137300,True,True
DLTA.JK,1780.0,1780.0,1777.0,1770.0,1758.3,1739.4394506835938,1763.1227575683595,8.112109863281239,0.37855431371207626,24000,False,False
DKHH.JK,64.0,63.333333333333336,63.6,63.3,61.85,61.42,66.06,2.5799999999999983,1.8994341898599192,13611700,True,False
DKFT.JK,640.0,643.3333333333334,642.0,652.0,638.25,658.7,709.15,4.090000000000009,3.0511560670731313,1153600,True,False
DIVA.JK,142.0,125.0,123.2,119.2,112.7,117.98,135.29,29.299999999999997,8.331625772557452,73062100,False,False
DILD.JK,115.0,115.33333333333333,115.6,115.6,113.55,115.46,122.0,2.049999999999997,0.9969421030591822,2282400,True,False
DIGI.JK,29.0,29.0,29.0,29.0,28.9,31.14,32.57,2.240000000000002,0.0,0,True,False
DGWG.JK,280.0,282.0,284.0,282.4,286.1,298.10814392089844,337.37172119140627,9.054071960449221,0.9715059014955131,3122500,False,False
DGNS.JK,236.0,239.33333333333334,234.8,229.6,228.7,230.52,259.74,5.316666666666677,2.3505051462727877,992200,True,False
DGIK.JK,128.0,129.0,129.6,130.7,128.15,126.46,128.33,4.239999999999995,1.0960251856326755,970500,True,False
DFAM.JK,85.0,85.0,85.2,83.9,82.55,93.82,96.86,11.269999999999996,1.377757287820508,2240000,False,False
DEWI.JK,119.0,118.66666666666667,119.8,120.2,119.35,119.2,122.7,1.5333333333333314,1.9073724942431363,31968600,True,False
DEWA.JK,448.0,454.0,448.4,409.4,360.86016235351565,346.56084014892576,416.31871047973635,53.71957992553712,5.161570862115731,516848500,False,False
DEPO.JK,238.0,238.0,240.8,243.8,247.97922973632814,245.73904815673828,244.53485717773438,4.989614868164068,1.4208471807136547,729000,True,False
DEFI.JK,108.0,109.0,109.6,107.7,106.6,117.96,120.72,11.36,1.9991317015839842,8567300,False,False
DCII.JK,191400.0,189383.33333333334,190030.0,192617.5,192535.0,190374.0,197145.0,129.36666666666628,1.6257967132035251,600,False,False
DAYA.JK,975.0,975.0,976.0,979.0,976.5,1020.3,1018.55,9.059999999999992,1.425381628743733,300,False,False
DATA.JK,1985.0,1991.6666666666667,2029.0,2135.5,2110.5,1885.2,2313.55,50.05999999999999,3.837154890723351,679600,False,False
DART.JK,127.0,125.33333333333333,126.2,125.6,122.75,123.92,137.17,4.25,2.385712462458181,88700,True,False
DADA.JK,50.0,50.0,50.0,50.0,50.0,50.0,50.0,0.0,0.0,122600,True,False
DAAZ.JK,1560.0,1561.6666666666667,1552.0,1532.5,1529.0,1622.7022094726562,2127.7333239746094,18.74044189453125,2.3480260810895386,99500,False,False
CYBR.JK,565.0,566.6666666666666,569.0,578.5,585.75,599.6,636.35,6.920000000000004,1.1631809123453487,15802900,False,False
CUAN.JK,695.0,716.6666666666666,721.0,679.0,644.75,647.92,963.16,15.25,4.840083317309099,118628000,False,False
CTTH.JK,129.0,128.0,131.4,127.3,121.6,139.16,124.44,17.560000000000002,9.838019545266228,47294000,False,False
CTRA.JK,570.0,575.0,578.0,572.0,554.1105224609375,560.781044921875,614.1405114746094,4.777895507812491,1.6649542468301175,2064800,True,False
CTBN.JK,4490.0,4603.333333333333,4646.0,4797.0,5118.5,5351.679248046875,5352.407333984375,86.16792480468749,1.5667934235237677,21400,False,False
CSRA.JK,790.0,796.6666666666666,787.0,775.5,766.0,780.9,852.95,6.133333333333326,1.7601681951246646,26800,False,False
CSMI.JK,75.0,75.33333333333333,76.2,76.4,75.5,77.6,86.74,2.5999999999999943,2.262279165028565,5336700,True,False
CSIS.JK,178.0,177.0,177.6,173.5,162.7040008544922,152.36040084838868,162.76320198059082,25.63959915161132,2.5461730443963173,1392700,False,False
CSAP.JK,282.0,286.0,288.4,288.2,285.8165512084961,275.82785766601563,280.63779113769533,6.286071166992173,1.6913642422628943,50600,False,False
CRSN.JK,101.0,103.0,103.0,102.6,100.7,100.9092497253418,105.68177108764648,2.299999999999997,1.8979704411027067,407700,True,False
CRAB.JK,208.0,208.0,208.0,208.0,208.0,208.52,215.48,0.2600000000000051,0.0,0,True,False
CPRO.JK,51.0,50.666666666666664,51.0,50.5,50.25,50.64,53.75,0.75,1.7350983209577069,17060400,True,False
CPIN.JK,3170.0,3236.6666666666665,3210.0,3156.0,3147.0,3425.6414013671874,3673.4631274414064,27.864140136718742,1.7917531080422322,4209800,False,False
COIN.JK,725.0,741.6666666666666,753.0,721.0,684.0,745.6,999.0,13.8,3.982052706956856,2192700,False,False
COCO.JK,112.0,124.33333333333333,130.4,131.8,139.81960487365723,182.59169082641603,266.55584541320803,70.59169082641603,7.62656548212663,790150900,False,False
COAL.JK,23.0,23.333333333333332,22.4,21.6,21.8,33.12,47.81,11.519999999999996,5.570234281245673,4804700,False,False
CNMA.JK,91.0,91.66666666666667,92.2,91.8,89.95,90.42,95.4230150604248,2.25,2.067158503138052,1008800,True,False
CNKO.JK,37.0,37.0,37.0,37.0,37.0,39.36,49.34,2.3599999999999994,0.0,0,True,False
CMRY.JK,4700.0,4620.0,4618.0,4609.0,4566.5,4493.6,4520.710244140625,20.639999999999965,1.65425143560867,562900,False,False
CMPP.JK,69.0,69.0,69.0,69.0,69.05,70.68,77.64,1.6800000000000068,0.0,0,True,False
CMNT.JK,785.0,783.3333333333334,784.0,787.0,789.5,789.9,775.6,1.3133333333333213,0.6296054060183551,10629500,True,True
CMNP.JK,1340.0,1341.6666666666667,1342.0,1345.0,1343.25,1364.3,1420.15,4.8599999999999905,0.48615644448967776,13900,True,False
CLPI.JK,1540.0,1543.3333333333333,1550.0,1539.0,1497.5,1465.7283422851563,1449.548328857422,16.854331542968747,0.9731081577258179,57300,False,False
CLEO.JK,374.0,376.0,378.8,379.8,379.275,377.6446124267578,388.1787130737305,2.9000000000000057,0.9345287626422455,599300,True,False
CLAY.JK,2280.0,2376.6666666666665,2386.0,2441.0,2533.5,2688.4,2742.1,40.84000000000001,2.6245017814739464,14200,False,False
CITY.JK,168.0,169.0,170.0,169.9,165.75,159.82,173.59,10.180000000000007,2.1726298653417837,146700,False,False
CITA.JK,3300.0,3316.6666666666665,3320.0,3264.0,3144.0,3111.2579345703125,3413.414865722656,20.87420654296875,1.0040732688571787,42700,False,False
CINT.JK,168.0,171.0,170.4,168.6,165.35,169.16,186.35,5.650000000000006,1.7779085453869907,3300,True,False
CHIP.JK,920.0,923.3333333333334,927.0,935.5,932.0767028808593,946.9559375,1020.644301147461,5.391187500000001,0.7188840857890573,48600,True,False
CHEM.JK,65.0,66.0,66.8,65.9,63.1,63.69632339477539,78.68973327636719,3.6999999999999957,3.0237359806098993,1345200,True,False
CHEK.JK,130.0,131.0,131.2,130.6,126.9,124.16,131.81,7.039999999999992,1.863113359421862,82500,False,False
CGAS.JK,153.0,154.0,155.2,154.3,148.9,152.99722076416015,158.58333114624023,6.299999999999983,1.7140312435423286,1013300,False,False
CFIN.JK,334.0,337.3333333333333,338.8,337.0,331.0,312.1578875732422,301.8220175170898,13.32105621337891,0.9946283722409586,1690700,False,False
CENT.JK,82.0,83.0,82.6,80.1,76.75,76.58,90.46,6.420000000000002,2.5640076211108895,3044600,False,False
CEKA.JK,2160.0,2170.0,2180.0,2173.0,2154.0,2153.31015625,2166.709375,2.668984374999991,0.9093729254123396,26900,True,False
CDIA.JK,695.0,708.3333333333334,714.0,676.0,643.25,692.9936547851562,835.7767095947265,14.15,4.061462550914241,23949200,False,False
CCSI.JK,248.0,249.33333333333334,249.6,249.2,248.9,248.6,253.42,0.7999999999999972,0.7032007864243464,36600,True,False
CBUT.JK,805.0,816.6666666666666,816.0,805.5,791.5,690.62,776.41,25.209333333333326,1.1233727765558013,15200,False,False
CBRE.JK,695.0,716.6666666666666,740.0,730.5,704.75,727.4,794.25,9.0,4.815637409633748,10128000,False,False
CBPE.JK,290.0,290.0,291.6,288.4,284.0985382080078,284.6131335449219,297.1593377685547,3.7507308959960994,1.0951322483836945,2400,True,False
CBDK.JK,3620.0,3666.6666666666665,3668.0,3593.0,3487.5,3625.785400390625,4222.933623046875,18.05,1.8128285942660436,470500,False,False
CASS.JK,1865.0,1866.6666666666667,1862.0,1862.0,1850.0,1801.3,1873.0,13.073333333333357,0.9228851668279683,32500,False,False
CASH.JK,242.0,236.66666666666666,226.4,213.8,198.4,190.1,193.21,25.950000000000003,5.769419549310835,1777800,False,False
CASA.JK,1820.0,1825.0,1840.0,1838.0,1846.0,1663.0,1498.5,36.6,4.133109868066155,1500,False,False
CARS.JK,90.0,90.0,89.8,87.0,85.05,87.26,92.57,4.950000000000003,2.5219652546271143,368300,True,False
CARE.JK,418.0,419.3333333333333,421.2,424.4,424.3,414.88,416.1,4.759999999999991,0.45754031600496226,9700,True,False
CANI.JK,135.0,135.0,135.0,135.0,135.0,135.42,143.45,0.4199999999999875,0.0,0,True,False
CAMP.JK,168.0,170.0,169.6,169.8,169.2,175.74,189.15,7.740000000000009,1.0907392745652595,156200,False,False
CAKK.JK,129.0,133.0,135.2,136.3,135.6,140.56,152.1,11.560000000000002,2.8582346341412936,47700,False,False
BYAN.JK,12050.0,12066.666666666666,12045.0,11882.5,11668.75,10870.9713671875,11368.481923828125,47.827811979166654,1.2118134325525194,13800,False,False
BWPT.JK,78.0,79.66666666666667,80.2,78.3,76.45,79.36,103.41,3.75,2.603268289627897,24759000,True,False
BVIC.JK,93.0,92.33333333333333,93.0,89.8,84.8,88.2,97.78,8.200000000000003,3.46943544222603,523500,False,False
BUVA.JK,845.0,870.0,914.0,902.5,857.75,802.6,965.5,22.279999999999994,5.71789919827507,82408900,False,False
BUMI.JK,173.0,175.66666666666666,172.6,161.8,150.3,157.42,195.01,25.366666666666646,4.289808845448128,2258374700,False,False
BULL.JK,426.0,418.0,406.8,388.6,354.2,364.32,408.03,35.900000000000006,5.462215527196515,480497900,False,False
BUKK.JK,1045.0,1061.6666666666667,1076.0,1093.0,1086.0,1020.0,1195.1,14.6,2.7105283505127993,12600,False,False
BUKA.JK,115.0,116.33333333333333,114.4,110.3,104.05,110.86,128.88,12.283333333333331,2.9927940900232706,39807900,False,False
BUDI.JK,208.0,206.66666666666666,206.4,206.4,205.2,205.8,209.04,1.4000000000000057,1.1949704917877138,54300,True,False
BUAH.JK,510.0,511.6666666666667,513.0,514.0,510.75,510.7638543701172,508.7512274169922,0.8,1.465889181354403,53000,True,False
BTPS.JK,1000.0,1008.3333333333334,1016.0,1024.0,1006.75,978.7,1001.3434497070313,9.059999999999992,1.338258098537666,1117800,False,False
BTPN.JK,2150.0,2220.0,2236.0,2229.0,2194.0,2202.1,2118.2326245117188,8.6,1.7615563945527257,27000,False,False
BTON.JK,352.0,360.6666666666667,358.4,353.2,351.1,357.36,369.04,4.783333333333331,4.3157166802627485,37800,False,False
BTEK.JK,11.0,11.333333333333334,11.4,11.0,10.65,10.88,12.96,0.75,5.169531774688427,37460800,False,False
BSSR.JK,4250.0,4273.333333333333,4280.0,4277.0,4165.0,3871.63396484375,3725.1110327148435,40.83660351562499,0.7162047115346121,269800,False,False
BSML.JK,515.0,516.6666666666666,517.0,517.5,514.6,462.52,415.42,10.996000000000004,0.8458305772734426,3126900,False,False
BSIM.JK,705.0,703.3333333333334,704.0,698.5,696.25,731.4,816.7,7.029999999999996,1.9085990185409487,14700,False,False
BSDE.JK,570.0,580.0,583.0,576.0,565.5,598.0,685.1,6.5,1.916952849270311,5177700,False,False
BSBK.JK,51.0,52.333333333333336,52.6,52.2,51.8,51.88,55.88,1.6000000000000014,1.8826753991896994,5524100,True,False
BRRC.JK,57.0,57.666666666666664,58.6,59.9,58.4,58.64,69.87,2.8999999999999986,2.607671514815415,1970200,True,False
BRPT.JK,1750.0,1761.6666666666667,1795.0,1754.5,1637.1899169921876,1656.0758276367187,1740.73501953125,31.562016601562483,2.8885901353484003,67667000,False,False
BRNA.JK,595.0,595.0,595.0,602.5,590.5,597.2,633.85,2.4,4.760266325919842,33900,False,False
BRMS.JK,580.0,591.6666666666666,600.0,581.0,539.0,569.9,695.1,12.2,4.687419861194538,150398400,False,False
BRIS.JK,1840.0,1861.6666666666667,1877.0,1836.5,1788.25,1807.543798828125,1914.715772705078,17.75,3.5125783430308353,6033600,False,False
BREN.JK,3480.0,3556.6666666666665,3576.0,3496.0,3391.8891357421876,3423.3494921875,4566.924008789062,18.411086425781242,3.240732480376328,8870500,False,False
BRAM.JK,4450.0,4450.0,4460.0,4491.0,4492.0,4431.129243164062,4376.6045434570315,6.087075683593776,1.0719781223935065,200,False,False
BPTR.JK,73.0,74.0,74.4,72.4,69.9,71.14,76.9,4.5,3.070121244253145,990900,True,False
BPII.JK,434.0,436.0,438.0,439.0,436.8,448.24,458.22,7.1200000000000045,1.768673049834712,2800,False,False
BPFI.JK,264.0,260.0,256.0,251.2,246.01447296142578,250.24821868896484,257.0524610900879,8.99276351928711,2.097940609263741,29500,False,False
BOLT.JK,795.0,801.6666666666666,797.0,794.5,785.0,786.0,832.2090924072265,3.333333333333326,1.5684315730580627,2500,True,False
BOLA.JK,164.0,164.66666666666666,164.2,162.9,156.75,152.92,159.63,11.74666666666667,1.376979047437543,1577600,False,False
BOGA.JK,1520.0,1516.6666666666667,1531.0,1517.0,1527.5,1370.8,1399.9,32.040000000000006,2.3846419301869854,1600,False,False
BOBA.JK,232.0,231.33333333333334,233.2,237.8,252.7,275.52978942871096,237.0963607788086,22.098228047688806,2.096565540958271,443100,False,False
BOAT.JK,124.0,124.66666666666667,124.0,117.4,111.15,111.76,128.66,13.516666666666666,3.245107063725768,498900,False,False
BNLI.JK,2350.0,2370.0,2380.0,2365.0,2362.0,2697.4,2955.8761157226563,34.74000000000001,1.1707735315836731,9500,False,False
BNII.JK,188.0,189.33333333333334,190.0,190.0,189.1,189.48,194.91080123901367,2.0,0.5231831462981017,130900,True,False
BNGA.JK,1645.0,1646.6666666666667,1646.0,1622.5,1590.25,1592.5,1625.5842346191407,11.28333333333335,0.9164105212792064,1552700,False,False
BNBR.JK,108.0,107.0,108.6,99.4,92.16382942199706,100.96167694091797,133.61768531799316,16.43617057800293,8.593653965263453,1450934300,False,False
BNBA.JK,725.0,738.3333333333334,742.0,747.0,742.75,722.3,728.6,4.940000000000009,1.818936978557134,10900,True,False
BMTR.JK,115.0,117.0,119.0,118.6,115.65,119.28,134.06,4.280000000000001,2.8736721725058962,13924300,True,False
BMSR.JK,312.0,313.3333333333333,316.8,311.8,300.2,297.0,311.56,9.900000000000006,3.4518423856073484,80400,False,False
BMRI.JK,4110.0,4206.666666666667,4304.0,4312.0,4156.5,4147.0,4245.463862304688,20.2,2.6507837906998155,140161500,False,False
BMHS.JK,180.0,180.33333333333334,180.2,178.6,176.25,178.43689727783203,182.56515029907226,4.083333333333343,0.4740149838344552,393600,True,False
BMBL.JK,31.0,31.666666666666668,32.0,31.1,31.45,31.98,33.88,1.0,4.298762463190721,1890900,False,False
BMAS.JK,480.0,482.0,486.8,484.6,478.5,483.22,491.6,4.150000000000006,2.9458940194035312,5300,True,False
BLUE.JK,2930.0,2940.0,2930.0,2904.0,2911.5,3057.66294921875,3244.7137426757813,15.366294921874987,1.1826793605583563,52500,False,False
BLTA.JK,34.0,33.666666666666664,34.4,34.3,33.05,34.38,38.74,1.3500000000000014,3.400074860839201,350100,True,False
BLOG.JK,370.0,378.0,382.8,372.0,355.6,341.7158630371094,353.94034606933593,20.542068481445312,3.3811539471444627,209800,False,False
BLES.JK,164.0,164.0,160.0,152.3,146.05,142.05291259765625,145.17037490844726,21.947087402343755,3.3099275477404473,1135300,False,False
BKSW.JK,53.0,53.0,53.0,52.5,51.8,52.38,55.59,1.2000000000000028,0.8188380769486862,440700,True,False
BKSL.JK,69.0,70.0,70.6,68.3,64.7,67.98,89.99,5.8999999999999915,2.464344695117087,53028900,True,False
BKDP.JK,149.0,150.0,152.6,150.7,124.1,122.62,94.67,29.97999999999999,5.299367025218209,323300,False,False
BJTM.JK,510.0,518.3333333333334,522.0,520.0,514.5,514.2654382324218,517.8752261352539,2.4,1.1543477308215664,5447000,True,False
BJBR.JK,775.0,783.3333333333334,786.0,780.5,774.25,766.5,763.0588507080079,3.9,0.8835680670683308,1096900,True,True
BISI.JK,645.0,650.0,656.0,648.0,641.5,668.6544677734375,730.4587268066406,5.4308935546875095,1.578903225999321,105800,True,False
BIRD.JK,1610.0,1613.3333333333333,1622.0,1616.5,1573.75,1479.869833984375,1481.1798498535156,28.42603320312501,0.8948093675686747,115700,False,False
BIPP.JK,65.0,65.66666666666667,67.0,67.7,63.4,60.72,66.89,6.980000000000004,1.5759515718260855,9082900,False,False
BIPI.JK,152.0,156.0,158.8,151.9,136.8,152.24,197.88,22.0,4.954685031409726,266165800,False,False
BINO.JK,105.0,106.66666666666667,107.2,104.6,99.8,99.52,111.37,7.680000000000007,3.1374312551858985,57500,False,False
BINA.JK,4120.0,4136.666666666667,4174.0,4091.0,4005.5,3892.4,4101.7,28.15999999999999,3.5574242928998863,8700,False,False
BIKE.JK,510.0,510.0,510.0,510.0,510.0,510.0,489.73,0.0,0.0,0,True,False
BHIT.JK,26.0,26.0,26.6,25.9,25.7,27.1,30.62,1.4000000000000021,3.596362570456244,1876200,True,False
BHAT.JK,1770.0,1770.0,1770.0,1770.0,1770.0,1419.3,1411.5,70.14000000000001,0.0,0,False,False
BGTG.JK,108.0,110.0,112.0,111.0,109.55,109.8,115.94,4.0,2.3667090720162594,385800,True,False
BFIN.JK,790.0,773.3333333333334,775.0,777.0,770.0,721.3822705078124,721.1606475830079,13.72354589843751,2.0723655164099637,7954700,False,False
BEST.JK,100.0,101.33333333333333,102.0,101.8,99.65,99.26,103.53,2.739999999999995,1.5301276693409875,603600,True,False
BESS.JK,910.0,906.6666666666666,915.0,908.0,919.5,944.0410461425781,1083.7416961669921,7.474875895182299,2.4341480116443286,452100,False,False
BELL.JK,115.0,116.66666666666667,118.6,116.3,110.25,106.28,130.91,12.319999999999993,4.432833592756882,8046200,False,False
BELI.JK,252.0,254.0,256.4,259.6,264.5,292.2,347.48,20.099999999999994,1.4737951963126419,77800,False,False
BEKS.JK,21.0,21.0,21.4,21.2,20.8,21.4,24.54,0.5999999999999979,3.5439686532368038,1610700,True,False
BEER.JK,75.0,76.33333333333333,77.4,78.4,78.15,84.28,111.91,9.280000000000001,1.7124572965927183,701800,False,False
BEEF.JK,350.0,347.3333333333333,333.2,298.4,260.75,197.28,220.62,76.36,5.14789515099207,5732100,False,False
BDMN.JK,4080.0,4083.3333333333335,4134.0,4173.0,4024.5,4176.2,3610.315129394531,15.169999999999982,1.077398035066127,143300,False,False
BDKR.JK,150.0,149.33333333333334,148.6,146.8,145.9,139.90784286499024,147.03063804626464,10.092157135009757,2.142794468624805,9769900,False,False
BCIP.JK,62.0,62.333333333333336,62.6,62.0,60.1,60.82,66.85,2.5,0.9147694469663046,2016100,True,False
BCIC.JK,124.0,124.33333333333333,124.2,124.0,120.8,118.94,125.22,5.393333333333331,3.3720992921177544,2201500,True,False
BCAP.JK,50.0,50.333333333333336,50.4,50.2,50.1,50.08,51.05,0.3999999999999986,0.9336024218017578,1274600,True,False
BBYB.JK,246.0,248.0,253.6,247.6,231.3,238.48,275.82,11.149999999999991,4.501104864774728,7268000,False,False
BBTN.JK,1215.0,1226.6666666666667,1241.0,1233.5,1194.0,1217.4,1272.0,9.4,2.1170293647527783,6736100,False,False
BBSS.JK,96.0,97.33333333333333,96.8,96.8,95.75,107.6,144.12,11.849999999999994,3.1148760646273517,217100,False,False
BBSI.JK,4680.0,4686.666666666667,4692.0,4700.0,4680.5,4579.8,4635.8,12.019999999999982,0.661533852907233,200,False,False
BBRM.JK,112.0,114.66666666666667,115.6,116.5,116.9,112.8,130.9,4.900000000000006,2.7509721410494277,2119100,True,False
BBRI.JK,2960.0,2970.0,3000.0,2948.0,2858.0,2907.6,3079.7321484375,14.2,1.890825455224633,91192300,False,False
BBNI.JK,3510.0,3543.3333333333335,3572.0,3546.0,3432.0,3530.6,3687.4794458007814,14.0,1.310528377200617,22178000,False,False
BBMD.JK,2010.0,1988.3333333333333,1967.0,1959.5,1935.75,1928.06001953125,1936.921298828125,8.193998046875004,2.4061731506211634,500,False,False
BBLD.JK,575.0,586.6666666666666,607.0,583.5,556.5,582.12201171875,662.519765625,10.1,4.83620393745,10400,False,False
BBKP.JK,53.0,53.666666666666664,54.2,53.6,52.2,53.46,58.42,2.0,2.146947645748463,71571900,True,False
BBHI.JK,920.0,915.0,919.0,924.5,924.0440277099609,924.676796875,1094.5794915771485,1.9353593750000073,1.4005524343796938,44100,True,False
BBCA.JK,6250.0,6266.666666666667,6365.0,6325.0,6172.5,5995.0,6219.188359375,14.8,1.9501096555677198,58213900,False,False
BAYU.JK,1160.0,1160.0,1159.0,1156.5,1140.75,1135.0370361328125,1199.9259118652344,4.992592773437491,0.35729102130465035,27000,True,False
BAUT.JK,27.0,27.666666666666668,28.2,29.1,27.95,27.18,30.85,2.1000000000000014,3.484821057984943,711600,True,False
BATR.JK,92.0,93.0,93.0,90.8,87.35,85.21839111328126,88.1379315185547,7.781608886718743,2.332717937212837,2191500,False,False
BATA.JK,59.0,59.0,59.0,59.0,59.05,60.76,61.77,1.759999999999998,0.0,0,True,False
BAPI.JK,17.0,16.0,15.2,15.4,15.65,17.7,23.32,2.5,5.6377507910747475,12292100,False,False
BAPA.JK,175.0,194.0,200.8,228.6,285.7,257.52,200.68,110.69999999999999,11.185868478839007,16788000,False,False
BANK.JK,282.0,291.3333333333333,294.4,291.6,281.1,284.72,405.12,6.649999999999977,3.128106417569046,1541700,False,False
BALI.JK,1215.0,1223.3333333333333,1227.0,1234.0,1239.75,1235.0,1263.1,4.95,1.1120567358498588,1400,True,False
BAJA.JK,177.0,169.0,167.6,166.9,163.15,152.62,153.42,24.379999999999995,2.6367844331386103,5251400,False,False
BAIK.JK,710.0,710.0,714.0,697.0,675.75,613.08,523.95,20.18399999999999,1.6385194087282677,9112000,False,False
BACA.JK,114.0,114.0,116.0,112.8,107.05,112.26,124.96,8.950000000000003,5.927831151448347,1130300,False,False
BABY.JK,187.0,191.66666666666666,193.8,188.4,178.8,173.34,203.72,20.460000000000008,2.821822002250492,328700,False,False
BABP.JK,50.0,50.0,50.0,50.0,50.0,50.06,51.11,0.060000000000002274,0.0,139200,True,False
AYLS.JK,149.0,150.66666666666666,152.8,151.5,154.05,140.84,168.1,13.210000000000008,3.0752901386856197,242200,False,False
AYAM.JK,388.0,391.3333333333333,393.2,380.8,365.1,340.8,335.76,26.19999999999999,1.8023128363119922,19249000,False,False
AXIO.JK,111.0,112.33333333333333,113.8,113.2,110.85,107.89168350219727,109.53356651306153,5.90831649780273,1.89106281607381,402500,True,False
AWAN.JK,153.0,150.66666666666666,153.0,149.5,147.65,145.12,149.84,7.8799999999999955,2.625267893961091,797200,False,False
AVIA.JK,320.0,324.6666666666667,331.2,330.6,322.5,324.12,353.17548767089846,5.599999999999994,1.7917636915155684,2490900,True,False
AUTO.JK,2590.0,2593.3333333333335,2620.0,2615.0,2510.0,2486.4,2510.656728515625,13.35999999999999,1.5554103086323954,267600,False,False
ATLA.JK,50.0,50.333333333333336,50.4,50.2,50.1,49.833951797485355,50.61352046966553,0.5660482025146436,0.9336024218017578,4218400,True,False
ATIC.JK,486.0,484.0,480.4,478.6,476.7,481.96,510.75,4.650000000000006,1.5194105479034037,50200,True,False
ATAP.JK,535.0,553.3333333333334,560.0,572.0,501.85,451.62,519.82,24.076,5.090761600506394,499700,False,False
ASSA.JK,595.0,610.0,612.0,619.5,603.5,606.246875,738.46328125,4.9,1.8879907718409688,2496600,True,False
ASRM.JK,264.0,265.3333333333333,266.4,261.2,254.1,253.45699096679687,269.46037139892576,6.471504516601556,1.4401201484605695,6300,False,False
ASRI.JK,119.0,120.66666666666667,122.2,121.9,117.5,113.68710494995118,123.8797364807129,8.512895050048826,2.1234307840313225,2580100,False,False
ASPR.JK,148.0,150.33333333333334,152.0,152.8,148.45,191.43021911621094,212.63783279418945,43.430219116210935,3.9619213020525956,15955400,False,False
ASPI.JK,404.0,410.6666666666667,418.8,445.2,442.95,394.66,383.43,25.269999999999982,3.7649859576214117,1164300,False,False
ASMI.JK,19.0,18.666666666666668,18.8,19.2,16.9,16.22,18.38,2.9800000000000004,4.824091922956346,5170900,False,False
ASLI.JK,202.0,204.0,205.6,198.9,198.9,216.68,277.92,8.89,4.171066657697062,4557800,False,False
ASLC.JK,63.0,64.66666666666667,64.6,63.9,61.55,62.72,69.98,3.1166666666666742,2.74980499787689,3861800,True,False
ASJT.JK,162.0,159.33333333333334,159.6,163.2,161.15,161.36,174.9706982421875,3.866666666666646,2.472365353797362,1944700,True,False
ASII.JK,4930.0,4970.0,5032.0,5014.0,4889.5,4965.2,5428.436538085937,14.25,2.0962744222041136,8013400,False,False
ASHA.JK,56.0,57.666666666666664,58.4,58.3,56.05,58.14,66.75,2.3999999999999986,2.1757689342261877,10463600,True,False
ASGR.JK,1900.0,1898.3333333333333,1897.0,1903.0,1768.5,1600.3,1558.378116455078,60.540000000000006,1.9413306635600542,438700,False,False
ASDM.JK,510.0,513.3333333333334,516.0,514.0,509.7980560302734,495.5199169921875,528.087526550293,4.096016601562496,1.3770074612679506,14400,True,False
ASBI.JK,412.0,417.3333333333333,420.8,423.0,418.1,409.5530102539062,409.4590667724609,6.723494873046889,1.2994709887098264,29200,False,False
ARTO.JK,1230.0,1273.3333333333333,1306.0,1306.0,1167.5,1087.7,1229.2,43.65999999999999,4.783548194077013,1911700,False,False
ARTA.JK,2480.0,2500.0,2502.0,2496.0,2557.5,2391.3,2598.25,16.619999999999983,5.010949525341455,7200,False,False
ARNA.JK,484.0,484.0,481.2,472.4,463.7,447.88,466.92256591796877,18.060000000000002,0.71014475177498,418800,False,False
ARKO.JK,5325.0,5575.0,5490.0,5114.0,4919.0,5389.0,6668.0,26.24,7.135407331266892,1159500,False,False
ARKA.JK,22.0,22.0,22.0,22.0,22.0,25.3,28.97,3.3000000000000007,0.0,0,True,False
ARII.JK,270.0,270.6666666666667,272.4,271.2,273.6,275.2,279.4,2.5999999999999943,1.4353475850582864,6900,True,False
ARGO.JK,1140.0,1118.3333333333333,1118.0,1086.5,1031.25,917.7,955.45,44.459999999999994,1.707893768124324,435100,False,False
AREA.JK,280.0,290.0,293.6,276.2,251.8,238.84,285.14,27.38000000000001,4.76077269361194,200900,False,False
ARCI.JK,1065.0,1085.0,1091.0,1082.0,1020.5,1061.1542919921876,1311.393536376953,14.1,3.339857194023932,9606600,False,False
APLN.JK,126.0,129.66666666666666,132.6,133.6,125.3,130.92,148.2,8.299999999999997,4.033583372228622,11791600,False,False
APLI.JK,242.0,242.66666666666666,245.2,245.2,244.8,245.25195892333986,233.36048126220703,1.6259794616699281,1.73386483335926,3700,True,False
APII.JK,183.0,182.33333333333334,182.8,183.2,183.3302200317383,179.07582397460936,182.52824157714844,4.254396057128929,0.7607195580003816,8100,True,False
APIC.JK,660.0,671.6666666666666,689.0,679.0,664.25,790.9,1095.25,26.179999999999996,3.7725346825571755,299700,False,False
APEX.JK,146.0,149.0,147.2,143.4,134.65,134.52,167.23,14.47999999999999,3.477252634710193,7095900,False,False
ANTM.JK,2960.0,3010.0,3042.0,3032.0,2927.0,2830.4780029296876,3216.2643408203126,21.15219970703124,2.178437040561384,58023800,False,False
ANJT.JK,1445.0,1463.3333333333333,1478.0,1490.5,1456.75,1512.5,1588.65,13.5,2.266505469485121,5800,False,False
ANDI.JK,17.0,18.0,18.4,18.3,17.6,17.82,21.66,1.3999999999999986,3.711737567960334,1336900,True,False
AMRT.JK,1355.0,1381.6666666666667,1387.0,1373.0,1382.5,1349.5945751953125,1393.0446252441407,7.481084960937506,1.9145322684618906,11489500,False,False
AMOR.JK,342.0,346.0,346.4,343.6,331.9,331.08,338.12,7.659999999999997,1.437880170831998,16900,False,False
AMMS.JK,288.0,295.3333333333333,297.6,301.0,307.6,335.32,370.24,23.659999999999997,1.7323611231749667,73700,False,False
AMMN.JK,4060.0,4106.666666666667,4152.0,4005.0,3710.0,3519.2,4432.7,63.280000000000015,3.555493230427448,45684700,False,False
AMIN.JK,240.0,242.0,243.6,243.4,243.2,249.96,247.72,4.980000000000004,0.896960660919747,12900,True,False
AMFG.JK,3260.0,3230.0,3166.0,3124.0,3067.182421875,3007.237822265625,3100.395808105469,25.27621777343752,1.6236058180272988,3000,False,False
AMAR.JK,210.0,209.33333333333334,208.8,208.0,205.55,195.22129272460938,193.78978073120118,7.389353637695308,0.7092443469101719,66200,False,False
AMAN.JK,260.0,261.3333333333333,263.2,264.2,261.9,256.88,274.76,3.6599999999999966,1.6919133139201743,5800,True,False
AMAG.JK,386.0,386.0,388.0,389.2,390.4,390.4,396.7518411254883,2.1999999999999886,0.7300518129955821,1700,True,False
ALKA.JK,1375.0,1145.0,999.0,802.5,659.25,596.04,634.89,155.792,11.198873555227204,1101900,False,False
ALII.JK,765.0,760.0,751.0,753.5,733.75,769.6654724121094,797.8475372314454,7.18309448242187,1.9623516474670892,323900,False,False
ALDO.JK,780.0,808.3333333333334,809.0,750.5,720.6742767333984,703.9682727050781,643.4727642822265,21.006345458984377,8.880524222133317,33700,False,False
AKSI.JK,226.0,223.33333333333334,223.6,221.8,217.2,220.6,265.4,4.400000000000006,2.3540753600124793,778500,True,False
AKRA.JK,1445.0,1433.3333333333333,1448.0,1406.5,1342.5,1305.0,1332.582705078125,28.6,2.5754751372455,14518200,False,False
AKPI.JK,505.0,497.6666666666667,496.2,496.2,488.7,489.96864807128907,500.09505340576175,3.2600000000000025,1.0456755368542308,1200,True,False
AKKU.JK,38.0,38.0,38.0,38.0,38.0,38.0,38.05,0.0,0.0,0,True,False
AISA.JK,106.0,107.0,107.8,108.4,104.9,103.98,114.93,4.420000000000002,0.8821234555136929,985400,True,False
AIMS.JK,346.0,354.6666666666667,351.2,372.2,393.0,394.72,416.76,24.360000000000014,6.265037639732989,100000,False,False
AHAP.JK,94.0,95.0,96.2,95.1,92.5,87.9,102.41,8.299999999999997,2.2019303250535964,8353500,False,False
AGRS.JK,62.0,62.0,62.0,61.3,60.6,61.62,65.89,1.3999999999999986,1.3178940821899048,225400,True,False
AGRO.JK,146.0,148.33333333333334,150.4,148.8,143.9,150.24,167.5,6.5,2.1276616349073354,1195200,False,False
AGII.JK,2830.0,2870.0,2924.0,2977.0,2906.5,2772.4695068359374,2986.502080078125,20.453049316406258,2.032637249336491,27600,False,False
AGAR.JK,630.0,630.0,605.0,472.6,339.1,269.12,252.74,72.176,13.288320618935886,0,False,False
AEGS.JK,43.0,43.333333333333336,44.0,42.3,40.05,41.68,46.68,3.950000000000003,3.824036537119562,505800,False,False
ADRO.JK,2510.0,2530.0,2542.0,2524.0,2421.0,2340.4,2364.0961791992186,20.15999999999999,1.5247288644731545,12830700,False,False
ADMR.JK,1495.0,1515.0,1528.0,1527.5,1470.5,1488.1,1680.1644580078125,11.5,2.1706741862282204,7100200,False,False
ADMG.JK,216.0,217.33333333333334,219.6,219.0,209.1,203.76,204.92,7.920000000000002,4.387440313366668,23300,False,False
ADMF.JK,8225.0,8258.333333333334,8270.0,8250.0,8127.5,8176.5,8202.298002929687,5.7,0.8041996553717333,9200,True,False
ADHI.JK,159.0,162.0,164.6,164.5,159.25,162.64,182.07,5.599999999999994,2.0662906656506013,1335700,True,False
ADES.JK,38400.0,36691.666666666664,35620.0,34925.0,34461.25,28230.0,22749.0,406.8,2.5400068925671206,73000,False,False
ADCP.JK,50.0,50.0,50.0,50.0,50.0,50.0,50.56,0.0,0.0,0,True,False
ACST.JK,87.0,88.66666666666667,87.4,84.1,80.2,78.8,91.16,9.866666666666674,2.2175097510251542,14000,False,False
ACRO.JK,61.0,61.333333333333336,61.6,61.9,60.7435001373291,59.86010795593262,65.48328327178955,2.039892044067379,1.6112648036934265,2509900,True,False
ACES.JK,350.0,355.3333333333333,356.4,352.6,344.6,331.08087646484375,338.26619323730466,12.659561767578111,1.0697764639216265,4391700,False,False
ABMM.JK,2500.0,2513.3333333333335,2526.0,2494.0,2390.0,2399.4,2646.466628417969,13.6,1.5788807119224564,59600,False,False
ABDA.JK,3430.0,3430.0,3422.0,3408.0,3384.0,3380.2,3101.4,4.980000000000018,0.6790581079766864,200,True,False
ABBA.JK,30.0,30.0,30.0,30.0,30.0,33.06,37.98,3.0600000000000023,0.0,0,True,False
AALI.JK,6475.0,6550.0,6525.0,6462.5,6280.0,6343.0,6950.064252929687,10.8,1.34833142682734,413800,False,False
AADI.JK,9000.0,8950.0,8975.0,8807.5,8422.5,8123.5649609375,8973.340810546875,35.05740156250002,1.6676139439373652,3157600,False,False
