Ticker,Close,MA3,MA5,MA10,MA20,MA50,MA100,Range_Ticks,Vol_Pct,Volume,MA_Tight,Signal
ZYRX.JK,129.0,130.66666666666666,130.4,130.2,129.8,128.22,132.1346827697754,2.4466666666666583,1.7650496200775772,1601800,True,False
ZONE.JK,715.0,718.3333333333334,716.0,735.5,732.0,652.5,513.6899429321289,16.6,5.316723099883255,34800,False,False
ZINC.JK,30.0,30.0,30.0,30.0,30.0,30.0,30.0,0.0,0.0,0,True,False
YUPI.JK,1320.0,1325.0,1338.0,1379.908984375,1330.4642211914063,1313.0493139648438,1375.409678955078,13.371934082031249,3.2731373770893537,67500,False,False
YULE.JK,3550.0,3590.0,3618.0,3549.0,3514.0,3420.8,3382.0982177734377,19.71999999999998,1.8756343845579966,6000,False,False
YPAS.JK,1400.0,1476.6666666666667,1496.0,1477.5,1316.0,888.6,914.6,121.47999999999999,4.650086355379241,196700,False,False
YOII.JK,81.0,81.33333333333333,81.6,81.5,82.55,84.38,86.7,3.3799999999999955,1.287887837398863,3430500,True,False
YELO.JK,101.0,104.0,101.8,96.4,93.55,83.5,85.95,20.5,7.497846803847155,88235800,False,False
WTON.JK,80.0,80.66666666666667,81.0,80.7,80.15,76.1,79.25812049865722,4.900000000000006,1.5296253546002296,4691600,True,True
WSBP.JK,14.0,14.0,14.0,14.0,14.0,13.98,15.14,0.019999999999999574,0.0,0,True,False
WOWS.JK,59.0,59.333333333333336,59.6,60.0,60.3,59.32,63.38,1.2999999999999972,3.388099196410831,60988300,True,False
WOOD.JK,208.0,210.0,208.4,208.2,211.9,212.08,241.42,2.0400000000000063,2.941355181948353,3329700,True,False
WOMF.JK,280.0,278.0,278.4,277.8,275.4,261.08,271.42,9.460000000000008,1.2225560235599686,79800,False,False
WMUU.JK,50.0,50.0,50.0,50.0,52.3,51.76,57.3,2.299999999999997,0.0,4016400,True,False
WIRG.JK,74.0,75.66666666666667,75.4,75.0,71.15,61.24,64.76,14.42666666666667,4.142052304410485,83704500,False,False
WINS.JK,575.0,566.6666666666666,562.0,543.5,528.75,524.8,520.3099514770507,10.04000000000001,1.7809060527254796,3581700,False,False
WINR.JK,27.0,25.0,23.2,21.9,22.95,21.58,24.58,5.420000000000002,5.277206599509429,187580800,False,False
WINE.JK,133.0,134.0,133.4,130.9,133.05,142.52,154.28718383789064,11.620000000000005,3.3150763684031075,704300,False,False
WIIM.JK,1630.0,1651.6666666666667,1650.0,1663.5,1710.5,1658.8,1662.0221655273438,16.1,2.2655101384272207,1329900,False,False
WIFI.JK,2100.0,2093.3333333333335,2102.0,2071.0,2039.25,1924.4365893554686,1989.513963623047,17.756341064453135,2.5795203630275836,12749900,False,False
WIDI.JK,25.0,26.0,26.4,26.6,26.0,26.06,27.5,1.6000000000000014,4.55718298973434,15880300,False,False
WGSH.JK,160.0,160.0,162.6,160.7,170.45,152.34,132.7,18.109999999999985,4.929720342440577,37095900,False,False
WEHA.JK,111.0,111.0,110.6,109.4,109.0,105.1,111.38834716796875,5.900000000000006,0.9853286309714305,3476200,True,False
WEGE.JK,53.0,53.666666666666664,53.8,54.4,54.95,51.98,52.65,2.970000000000006,1.4669683332887684,16726400,True,True
WAPO.JK,172.0,173.0,172.6,164.7,150.8,130.04,127.72,42.96000000000001,2.8742740869923247,319800,False,False
VTNY.JK,78.0,78.66666666666667,77.8,80.8,77.25,67.58,66.41,13.219999999999999,4.207657345098941,23080200,False,False
VRNA.JK,98.0,99.66666666666667,89.4,82.1,78.35,76.34,77.19,23.326666666666668,10.876500519163802,25804900,False,False
VOKS.JK,240.0,238.0,235.6,229.8,230.6,212.82,212.54,13.590000000000003,3.0415875218639195,313000,False,False
VKTR.JK,880.0,886.6666666666666,905.0,908.0,888.75,756.26,770.68,30.348000000000003,5.056736312565745,73974900,False,False
VIVA.JK,47.0,48.0,48.6,49.0,52.2,43.04,41.52,9.160000000000004,5.68626766567276,19402300,False,False
VISI.JK,975.0,973.3333333333334,980.0,978.0,959.0,927.6,901.4,10.479999999999995,4.380809741752749,1046100,False,False
VINS.JK,146.0,143.33333333333334,143.2,142.6,142.8,139.86,145.21,6.139999999999986,2.1205308736852673,383900,False,False
VICO.JK,153.0,153.0,153.0,151.1,147.3,141.1,146.42,11.900000000000006,2.4414113413319227,202600,False,False
VICI.JK,995.0,923.3333333333334,909.0,834.0,725.75,651.3,612.3307546997071,68.74000000000001,4.803417927682497,13570100,False,False
VERN.JK,242.0,240.66666666666666,244.8,245.4,233.0,199.48,165.79,22.960000000000008,3.112637011282211,8330900,False,False
VAST.JK,114.0,113.66666666666667,114.0,113.2,114.2,114.92,118.66,1.7199999999999989,1.1564384578655333,1561900,True,False
UVCR.JK,152.0,148.66666666666666,147.8,144.0,144.85,142.62,170.86749908447266,9.379999999999995,3.7663994789934123,60524100,False,False
URBN.JK,226.0,227.33333333333334,226.8,221.2,216.5,216.28,208.38,5.526666666666671,1.7073831964240238,50100,True,False
UNVR.JK,1670.0,1688.3333333333333,1695.0,1731.0,1756.5,1745.2,1677.020732421875,17.3,0.9787601737467942,11070200,False,False
UNTR.JK,25300.0,25183.333333333332,25235.0,24682.5,24145.0,24465.0,25128.475390625,46.2,2.3917113202026115,2415300,False,False
UNTD.JK,83.0,82.66666666666667,82.4,82.2,82.5,79.04,78.78,3.9599999999999937,1.8163458405637716,18235300,True,True
UNSP.JK,206.0,206.0,206.0,206.0,206.0,205.84,252.38,0.0799999999999983,0.0,0,True,False
UNIQ.JK,123.0,123.66666666666667,124.0,120.4,117.95,111.64,113.24,12.36,1.916693758105224,1080600,False,False
UNIC.JK,15000.0,14991.666666666666,14975.0,15007.5,15072.5,13892.0,12963.438544921875,47.22,0.45097059054257355,4600,False,False
ULTJ.JK,1510.0,1503.3333333333333,1499.0,1494.0,1498.5,1440.0,1473.8,14.0,1.0940821653352992,1380100,False,False
UFOE.JK,149.0,148.33333333333334,148.2,145.3,143.3,139.02,141.55,9.97999999999999,1.1742778531232216,717800,False,False
UDNG.JK,900.0,985.0,1089.0,1261.0,1288.0,1261.7,1237.4,77.6,7.491790913985703,17007100,False,False
UCID.JK,510.0,521.6666666666666,518.0,505.5,474.45,419.42,401.66889587402346,20.44933333333332,2.922385613743557,986700,False,False
UANG.JK,3930.0,3716.6666666666665,3244.0,2856.0,2643.0,2460.9,2739.1,146.91,10.618030494877372,2706900,False,False
TYRE.JK,113.0,113.66666666666667,113.2,112.8,113.1,112.68,112.13,0.9866666666666646,0.7785028754823923,111000,True,False
TUGU.JK,1320.0,1340.0,1346.0,1349.5,1334.5,1264.1,1207.86896484375,17.08000000000002,2.138230284249272,2051200,False,False
TSPC.JK,2740.0,2743.3333333333335,2748.0,2742.0,2758.0,2679.8,2557.4,7.819999999999982,0.7786868250044687,487400,False,False
TRUS.JK,452.0,445.3333333333333,443.2,442.4,433.0,434.6214880371094,362.32578735351564,9.5,2.3656111788136354,268300,False,False
TRUK.JK,1075.0,1003.3333333333334,942.0,871.0,791.75,577.12,517.83,99.576,8.122855627444062,0,False,False
TRUE.JK,50.0,50.0,50.0,50.0,50.0,50.0,82.82,0.0,0.0,0,True,False
TRST.JK,460.0,460.0,461.6,463.8,460.9,467.44374877929687,465.6802035522461,3.721874389648434,1.1885876238234272,62200,True,False
TRON.JK,103.0,103.66666666666667,102.4,100.6,101.2,102.74,108.98,3.066666666666677,3.6650739360291418,9918300,True,False
TRJA.JK,131.0,131.33333333333334,130.8,127.2,122.05,114.82,119.8,16.51333333333335,1.7743980328589881,298800,False,False
TRIS.JK,178.0,177.33333333333334,177.2,175.7,173.45,168.04,169.64717422485353,9.960000000000008,1.0401885851469301,951300,False,False
TRIN.JK,408.0,392.6666666666667,371.6,352.4,335.4,333.68,449.74,37.16,7.22068750647973,47631800,False,False
TRIM.JK,700.0,700.0,681.0,647.5,624.0,593.2619995117187,565.4222668457031,21.347600097656255,2.432113757208802,277800,False,False
TRGU.JK,173.0,173.33333333333334,174.6,173.9,171.45,167.44,173.86,7.159999999999997,1.7856269001153804,650900,False,False
TPMA.JK,490.0,492.0,482.8,471.6,466.2,453.72,475.36,19.139999999999986,1.6593621661590003,1482900,False,False
TPIA.JK,1975.0,1993.3333333333333,2000.0,1973.0,2014.5,1986.8,2825.9061962890623,8.3,2.7269276075809135,149990100,False,False
TOWR.JK,452.0,448.0,448.8,455.4,430.9,405.8,413.15577819824216,24.799999999999983,2.4075718103708117,33463100,False,False
TOTO.JK,240.0,239.33333333333334,238.4,236.4,235.1,236.96,238.86609924316406,2.450000000000003,0.5681821260085245,513800,True,False
TOTL.JK,1525.0,1493.3333333333333,1475.0,1500.0,1456.75,1234.7,1151.7601196289063,58.05999999999999,2.6647740106808566,4192000,False,False
TOSK.JK,81.0,79.33333333333333,77.6,75.3,73.35,67.92,64.13,13.079999999999998,1.632518674239208,37345700,False,False
TOOL.JK,75.0,71.0,69.4,67.7,67.45,66.12,67.96,8.879999999999995,2.919081576755025,582188000,False,False
TOBA.JK,580.0,593.3333333333334,597.0,591.0,555.25,483.68,491.5467205810547,22.663999999999998,4.752091863312065,18220000,False,False
TNCA.JK,184.0,180.66666666666666,179.4,169.9,165.85,153.58,162.44,30.419999999999987,4.864874837462205,5696100,False,False
TMPO.JK,166.0,170.0,171.6,194.9,185.95,140.72,129.34,54.18000000000001,13.62257429871248,15481600,False,False
TMAS.JK,147.0,144.66666666666666,142.6,140.9,136.2,125.26,121.68554634094238,21.739999999999995,2.3867020911922316,12754200,False,False
TLKM.JK,2610.0,2606.6666666666665,2604.0,2602.0,2604.5,2591.0,2639.958505859375,1.9,0.7789990196412436,42030200,True,False
TLDN.JK,645.0,648.3333333333334,625.0,598.0,580.75,545.8,555.6443841552734,20.506666666666682,3.1105662226622077,1767300,False,False
TKIM.JK,8150.0,8216.666666666666,8285.0,8122.5,7898.75,6767.683251953125,6886.979545898437,60.69266992187499,2.3840668524989015,2399000,False,False
TIRT.JK,590.0,590.0,590.0,590.0,590.0,591.2,546.72,0.2400000000000091,0.0,0,True,False
TIRA.JK,414.0,415.3333333333333,412.8,411.0,417.3,482.02,597.36,35.50999999999999,1.4495505913619942,248200,False,False
TINS.JK,4480.0,4330.0,4218.0,4139.0,4028.0,3732.4,3581.9974731445313,74.75999999999999,2.978586023127253,56797200,False,False
TIFA.JK,326.0,328.0,326.4,328.6,332.2,291.48,302.7614935302734,20.359999999999985,3.659761442268969,43100,False,False
TGKA.JK,4990.0,4973.333333333333,4970.0,5030.5,5007.25,4912.9,4808.892822265625,11.760000000000037,2.0537894754949386,900,False,False
TFCO.JK,870.0,886.6666666666666,882.0,886.0,856.75,770.6,716.8,23.21333333333332,4.412066949193165,500,False,False
TFAS.JK,192.0,186.66666666666666,185.4,185.7,186.15,187.86,200.26,6.599999999999994,1.8745862681674428,1356300,False,False
TEBE.JK,1670.0,1680.0,1685.0,1703.0,1540.75,1236.1,1185.05,93.38000000000002,2.782918579083176,5294000,False,False
TCPI.JK,2320.0,2310.0,2352.0,2333.0,2833.5,4640.40193359375,7681.038759765625,233.040193359375,5.49372712085561,3072600,False,False
TCID.JK,2550.0,2580.0,2600.0,2640.0,2658.0,2720.8,2783.1,17.08000000000002,1.4369184815140437,2000,False,False
TBMS.JK,1200.0,1206.6666666666667,1216.0,1221.0,1212.0,1207.2,1235.428828125,4.2,1.847800327879137,6100,True,False
TBLA.JK,630.0,635.0,633.0,628.5,627.0,627.6,620.152932434082,1.6,1.058374391303612,1436700,True,True
TBIG.JK,1500.0,1508.3333333333333,1492.0,1482.5,1441.0,1428.2,1467.9182006835938,16.026666666666642,1.6381808280739363,1343000,False,False
TAYS.JK,50.0,50.0,50.0,50.0,50.0,50.0,53.34,0.0,0.0,0,True,False
TAXI.JK,14.0,13.666666666666666,13.4,13.4,14.05,13.28,14.44,0.7700000000000014,6.058092027047069,40863100,False,False
TARA.JK,30.0,29.666666666666668,29.6,29.3,29.75,29.94,30.06,0.6999999999999993,3.198436595215491,1320800,True,False
TAPG.JK,2260.0,2280.0,2304.0,2158.0,1987.3314636230468,1741.4157348632812,1655.5413330078125,56.258426513671886,4.406121229700844,13881400,False,False
TAMU.JK,27.0,27.666666666666668,27.6,26.5,26.05,22.12,23.41,5.546666666666667,4.422893638849498,8036700,False,False
TAMA.JK,202.0,199.0,204.6,218.5,237.65,207.94,194.0,19.325000000000003,6.818399253756044,1741200,False,False
TALF.JK,705.0,705.0,703.0,709.5,760.5,698.7221044921876,697.0122747802734,12.355579101562489,3.5950235391578156,50500,False,False
SWID.JK,119.0,120.0,120.0,119.4,114.6,103.19089782714843,100.85806297302246,16.809102172851567,2.649146815726761,2727300,False,False
SURI.JK,84.0,82.0,81.8,80.9,78.4,71.3,71.11,12.700000000000003,1.9467152468797593,111442000,False,False
SURE.JK,3150.0,3020.0,2864.0,2738.0,2716.5,2763.8,2747.8,43.35,8.178484322080562,120500,False,False
SUPA.JK,520.0,521.6666666666666,526.0,523.0,539.75,561.9,675.45,8.379999999999995,2.234991361453797,15734100,False,False
SUNI.JK,695.0,700.0,705.0,709.0,714.0,672.2665441894532,656.0310290527344,8.34669116210937,0.59788164631689,585800,False,False
SULI.JK,89.0,89.66666666666667,90.0,90.4,93.3,87.32,89.45,5.980000000000004,3.111189986498924,8126000,True,False
STTP.JK,9475.0,9458.333333333334,9450.0,9440.0,9491.25,9743.5,9767.0,12.14,0.45043654869641647,200,False,False
STRK.JK,66.0,67.0,67.8,68.2,64.55,66.22,80.18,3.6500000000000057,2.3761458117940726,7130700,True,False
STAR.JK,386.0,392.6666666666667,396.0,403.2,400.9,328.2,406.26,37.5,0.980223896424758,37300,False,False
STAA.JK,1260.0,1285.0,1272.0,1223.5,1154.75,1087.1,1072.1510107421875,39.58000000000002,2.1981525679635068,7601300,False,False
SSTM.JK,476.0,489.0,489.0,462.1,435.65,412.14,476.8,38.43000000000001,9.086493700295627,440100,False,False
SSMS.JK,1180.0,1181.6666666666667,1120.0,1014.5,961.25,910.8,967.3852758789062,54.17333333333336,6.865483030999835,10726900,False,False
SSIA.JK,1795.0,1830.0,1856.0,1864.0,1795.75,1679.2,1658.4835009765625,36.959999999999994,2.831007737025652,20652000,False,False
SRTG.JK,1805.0,1801.6666666666667,1810.0,1863.0,1858.0,1738.8,1648.67361328125,24.84000000000001,1.8997718178635887,1962300,False,False
SRSN.JK,104.0,106.0,102.0,89.3,80.2,72.26,69.47,33.739999999999995,10.34595138671341,139500200,False,False
SRAJ.JK,13200.0,13300.0,13600.0,13752.5,13793.75,12313.0,12770.5,59.23,5.656650015274408,1600,False,False
SQMI.JK,102.0,99.66666666666667,97.0,79.9,70.9,63.92,55.97,38.08,12.863949906471353,489686600,False,False
SPTO.JK,615.0,618.3333333333334,619.0,617.5,612.0,595.7,577.2214880371093,4.659999999999991,0.9723759394826312,953600,True,False
SPRE.JK,90.0,91.33333333333333,91.6,90.7,89.85,86.68,84.86,4.9199999999999875,2.127630967817945,4110200,True,True
SPMA.JK,171.0,169.66666666666666,168.8,167.4,166.15,165.9353842163086,162.93692276000976,5.0646157836914085,0.7621926758063908,400500,True,False
SOUL.JK,37.0,37.0,37.0,37.0,37.0,37.0,41.09,0.0,0.0,0,True,False
SOTS.JK,605.0,608.3333333333334,618.0,619.5,636.25,615.2,728.8,6.25,2.7032524858507982,495400,False,False
SOSS.JK,1010.0,983.3333333333334,942.0,891.0,868.5,881.3,845.8,28.3,3.347160894523825,1500,False,False
SONA.JK,2400.0,2413.3333333333335,2452.0,2458.0,2606.5,2412.4,2283.1464611816405,20.65,2.878949217045267,3800,False,False
SOLA.JK,92.0,93.0,92.8,92.1,91.65,97.6,106.03,5.949999999999989,1.8535249647208971,6629400,True,False
SOHO.JK,1505.0,1303.3333333333333,1264.0,1230.0,1207.25,1185.4,1381.45,63.91999999999998,7.896075091333977,908100,False,False
SOFA.JK,324.0,322.0,338.4,348.2,314.4,257.16,308.42,45.51999999999998,6.08826567797712,2513700,False,False
SOCI.JK,640.0,630.0,606.0,578.0,547.0,445.84025817871094,429.3298062133789,38.83194836425781,4.337801044326353,17459900,False,False
SNLK.JK,238.0,231.33333333333334,229.6,227.6,228.8,224.96,232.5,6.519999999999996,2.322368788954906,15087600,False,False
SMSM.JK,1740.0,1733.3333333333333,1727.0,1722.0,1724.0,1697.4202294921874,1695.7246325683593,8.51595410156251,0.9619292172593222,6192800,False,False
SMRA.JK,336.0,333.3333333333333,328.8,321.6,325.1,312.0,305.0737846374512,12.0,1.6058960805597033,20499000,False,False
SMMT.JK,2510.0,2403.3333333333335,2247.0,2134.5,2005.75,1891.6,1912.8,61.84000000000001,8.327406469506633,1351500,False,False
SMMA.JK,19025.0,19808.333333333332,19940.0,19992.5,20056.25,20565.5,19249.5,61.62,1.87649315677361,8500,False,False
SMLE.JK,192.0,190.66666666666666,186.2,174.9,171.85,148.62,130.5,43.379999999999995,3.4771787676707753,25906900,False,False
SMKM.JK,109.0,110.0,109.0,108.9,101.05,80.34,82.09,29.659999999999997,4.762440371724827,1299100,False,False
SMKL.JK,157.0,157.33333333333334,153.2,149.7,148.85,142.96,145.80568328857422,14.373333333333335,2.2186383966491756,2890800,False,False
SMIL.JK,430.0,424.6666666666667,420.4,412.8,400.3,361.8,318.22,34.099999999999994,1.8032773220475802,51725500,False,False
SMGR.JK,1755.0,1778.3333333333333,1749.0,1622.5,1591.5,1518.6,1698.4043432617189,51.94666666666667,6.141653343589245,19225700,False,False
SMGA.JK,90.0,89.0,88.4,84.4,80.8,73.44,76.32,16.560000000000002,3.405948486189043,19381600,False,False
SMDR.JK,362.0,352.0,339.6,326.4,316.2,296.72127197265627,299.2982569885254,32.639364013671866,3.4256309440297525,51302800,False,False
SMDM.JK,555.0,556.6666666666666,555.0,550.0,552.25,560.9,565.26,2.1799999999999953,1.5107497050633472,172700,True,False
SMBR.JK,175.0,178.66666666666666,183.0,173.4,170.4,162.02,172.18672470092773,20.97999999999999,6.356234317339703,7357200,False,False
SMAR.JK,6675.0,6716.666666666667,6735.0,6385.0,6046.25,5612.5,5390.697260742188,44.9,2.5042079151801993,27500,False,False
SLIS.JK,89.0,89.66666666666667,90.6,90.7,90.2,72.94,74.41,17.760000000000005,4.853511072571829,22514600,False,False
SKRN.JK,396.0,393.3333333333333,390.8,388.8,391.8,387.52,400.8788537597656,4.240000000000009,1.093184614955491,519500,True,False
SKLT.JK,216.0,216.66666666666666,215.6,214.4,210.6,197.78,198.61857177734376,9.443333333333328,1.3480485584130883,201300,False,False
SKBM.JK,560.0,565.0,557.0,548.0,543.25,547.8,568.19,4.35,1.29818812284422,274700,True,False
SIPD.JK,930.0,923.3333333333334,931.0,899.0,814.5,739.7,795.55,38.25999999999999,6.03191130205308,5600,False,False
SINI.JK,15075.0,14758.333333333334,13905.0,11580.0,9390.0,7915.87259765625,10009.436298828125,286.36509609375,6.806318553267992,11719200,False,False
SIMP.JK,630.0,640.0,641.0,625.5,612.0,577.8319995117188,598.4951940917969,12.633600097656245,2.4656395762563483,14366900,False,False
SILO.JK,2230.0,2176.6666666666665,2164.0,2174.0,2252.0,2199.9,2291.45,8.8,2.2476642561239624,842000,False,False
SIDO.JK,354.0,356.0,356.4,353.4,352.2,363.56,397.44,5.680000000000007,0.9623621456154545,22923800,True,False
SICO.JK,115.0,114.66666666666667,114.4,114.6,111.75,108.86,111.9796923828125,6.140000000000001,2.586153485018626,2402700,False,False
SHIP.JK,2690.0,2456.6666666666665,2400.0,2342.0,2307.0,1995.6,2215.287282714844,69.44000000000001,6.343582037796675,379700,False,False
SHID.JK,680.0,591.6666666666666,574.0,559.5,566.0,579.8,647.35,24.1,8.111819060193943,855900,False,False
SGRO.JK,4970.0,4973.333333333333,4969.0,4876.5,4753.25,3845.75994140625,3581.4387524414065,112.75733919270829,1.4074839168788675,58700,False,False
SGER.JK,695.0,661.6666666666666,660.0,614.5,548.85,480.26,418.03,42.948,4.163524768263683,75470700,False,False
SFAN.JK,2030.0,2033.3333333333333,2038.0,2035.0,2020.5,1988.2,1971.55,4.979999999999995,0.32680288267197355,45800,True,False
SEMA.JK,109.0,110.66666666666667,111.4,110.9,104.85,98.7,101.89,12.700000000000003,2.453246574544996,857200,False,False
SDRA.JK,222.0,224.0,223.6,222.2,221.4,215.8,227.66,4.099999999999994,1.0249030775289354,1602900,True,False
SDPC.JK,199.0,196.33333333333334,197.2,196.1,191.95,185.56,183.92745529174806,13.439999999999998,2.0127016793318475,372600,False,False
SDMU.JK,91.0,91.66666666666667,91.0,90.4,86.15,83.02,85.26,8.646666666666675,6.047144761588841,20670100,False,False
SCNP.JK,156.0,156.33333333333334,156.4,154.0,152.4,152.32,152.85002075195314,4.0800000000000125,1.1165426358397854,296500,True,False
SCMA.JK,202.0,204.66666666666666,204.0,204.0,205.05,204.74,215.2755534362793,1.5250000000000057,1.736801036887721,37832800,True,False
SCCO.JK,2600.0,2530.0,2462.0,2405.0,2366.5,2305.0,2277.5531884765624,29.5,1.9822675395085092,102400,False,False
SBMA.JK,111.0,109.66666666666667,109.0,108.5,108.35,107.56,110.65,3.4399999999999977,1.1701317723124398,2228000,True,True
SATU.JK,248.0,246.66666666666666,246.0,245.0,251.3,262.68,263.72,8.840000000000003,1.6697845895155605,209700,False,False
SAPX.JK,268.0,275.3333333333333,262.4,239.6,227.1,217.46,223.14,28.936666666666653,8.516465671172678,1320900,False,False
SAMF.JK,318.0,316.0,314.4,302.6,292.1,283.59,289.0818617248535,17.205000000000013,2.065835676641731,335300,False,False
SAME.JK,318.0,316.6666666666667,321.6,313.6,303.5,311.24,318.32,9.050000000000011,3.039214826048979,1545900,False,False
SAGE.JK,31.0,30.0,29.6,29.2,30.25,30.3,29.8,1.8000000000000007,3.9175083476422663,3520700,False,False
SAFE.JK,875.0,875.0,840.0,717.4,560.4,438.84,388.04,87.232,11.53400627026234,0,False,False
RUNS.JK,76.0,73.33333333333333,69.0,65.5,64.05,66.28,73.51,11.950000000000003,3.871329284813075,13239500,False,False
RUIS.JK,208.0,210.0,210.4,206.2,206.8,199.418125,197.3009375,5.490937500000001,2.510622826245646,547300,True,False
RSCH.JK,426.0,401.3333333333333,377.6,359.8,337.5,309.16,300.54,58.41999999999999,3.792261690502998,36724000,False,False
ROTI.JK,590.0,585.0,584.0,584.5,585.25,596.3,600.1541711425781,2.459999999999991,0.4864695620522629,666700,True,False
RONY.JK,1620.0,1488.3333333333333,1385.0,1310.0,1274.5,1225.4,1275.9,78.91999999999999,7.9636560823671365,2262700,False,False
RODA.JK,62.0,62.666666666666664,63.0,63.7,65.35,62.06,64.33,3.3499999999999943,1.9359530967305045,8141600,True,False
ROCK.JK,2070.0,2066.6666666666665,2050.0,2060.0,2095.75,1893.4,2005.7,20.234999999999992,2.5967369914353307,179000,False,False
RMKO.JK,348.0,337.3333333333333,328.0,306.8,296.0,308.04,360.61,26.0,4.399966384879578,19419400,False,False
RMKE.JK,418.0,424.6666666666667,429.2,422.4,417.8,424.96,493.3459045410156,5.699999999999989,1.9073567355621515,61934700,True,False
RLCO.JK,4780.0,4670.0,4582.0,4439.0,4512.25,4161.2,4144.85,61.88000000000002,2.896161757289999,625900,False,False
RISE.JK,875.0,875.0,866.0,879.0,906.5,935.9,1176.05,13.979999999999995,2.8804027547662443,1081900,False,False
RIGS.JK,720.0,716.6666666666666,709.0,694.0,689.0,684.4,682.45,7.1200000000000045,1.2327472160074322,16400,False,False
RICY.JK,80.0,79.33333333333333,79.4,79.2,79.35,78.52,82.96,1.480000000000004,0.9336088729048342,1213500,True,False
RGAS.JK,118.0,119.0,124.0,170.7,188.1,203.56,157.41536918640136,85.56,11.82700869319844,34058900,False,False
RELI.JK,550.0,550.0,551.0,535.0,518.15,500.38,497.36,10.124,2.8687254964397355,3700,False,False
RELF.JK,37.0,36.666666666666664,35.8,35.4,35.2,35.0,36.44,2.0,3.3972326837155666,12738600,True,True
REAL.JK,50.0,50.0,50.0,50.1,51.15,50.71919982910156,51.68696647644043,1.1499999999999986,0.6200544431702666,351100,True,False
RDTX.JK,13375.0,13491.666666666666,13600.0,13557.5,13567.5,13685.75828125,14379.55162109375,12.430331250000018,2.3380152603313067,100900,False,False
RCCC.JK,116.0,117.0,117.0,114.1,108.95,98.46,99.5,18.540000000000006,3.043442583155735,731300,False,False
RBMS.JK,62.0,62.0,62.0,62.3,63.1,62.82,63.44,1.1000000000000014,2.3368495655854575,7516400,True,False
RATU.JK,4500.0,4500.0,4454.0,4359.0,4509.5,4859.4,5106.81599609375,50.039999999999964,2.416939670911726,13648300,False,False
RANC.JK,545.0,543.3333333333334,544.0,534.0,527.5,525.2,532.97,3.959999999999991,1.493536277661304,30800,True,False
RALS.JK,386.0,385.3333333333333,384.8,382.8,381.9,379.68,384.6022232055664,3.1599999999999966,0.4308440358141222,2333200,True,True
RAJA.JK,800.0,808.3333333333334,812.0,813.0,830.25,850.1682116699219,810.1053143310547,10.03364233398438,2.082338757466865,58953500,False,False
RAAM.JK,185.0,185.66666666666666,187.4,188.0,189.1,198.96,204.38,13.960000000000008,1.6672039611359764,1581300,False,False
PZZA.JK,199.0,193.66666666666666,192.0,188.7,184.9,184.56,189.85762069702147,14.439999999999998,4.527337461546824,9111500,False,False
PYFA.JK,280.0,282.0,269.2,253.4,236.6,217.72,245.26,32.14,7.8911943805117195,136366000,False,False
PWON.JK,278.0,278.0,276.4,273.2,267.1,262.56,272.28201446533205,7.719999999999999,1.9724382307388848,29384800,False,False
PURI.JK,153.0,152.0,152.0,151.7,145.5,139.82,145.51,13.180000000000007,3.957001723430864,6700600,False,False
PURA.JK,32.0,31.666666666666668,31.8,31.7,32.2,31.38,32.24,0.8200000000000038,2.592836521460703,5594800,True,False
PUDP.JK,274.0,275.3333333333333,274.8,274.2,284.7,292.12,305.09083984375,9.060000000000002,1.017285799210768,108100,False,False
PTSP.JK,1270.0,1431.6666666666667,1369.0,1135.0,1027.5,947.6,923.35,96.81333333333335,13.298636095171728,937600,False,False
PTSN.JK,298.0,302.0,304.4,299.2,293.1,268.16,268.3298631286621,18.119999999999976,1.9033360592617694,627400,False,False
PTRO.JK,5450.0,5350.0,5365.0,5195.0,5204.0,4660.6,4697.85,31.575999999999986,3.5372931516998136,65301200,False,False
PTPW.JK,1190.0,1185.0,1179.0,1178.0,1179.25,1177.6309448242187,1074.9582568359374,2.473811035156268,0.6264663494807928,32100,True,False
PTPS.JK,166.0,165.66666666666666,164.6,160.3,157.15,144.34,146.2,21.659999999999997,2.4149734379751977,1660600,False,False
PTPP.JK,210.0,211.33333333333334,209.6,206.0,205.4,200.44,212.58,5.4466666666666725,2.648854054574239,6074700,True,False
PTMP.JK,65.0,65.33333333333333,65.4,64.9,65.55,62.3,63.34,3.25,2.6607483509689884,12206400,True,True
PTIS.JK,254.0,252.0,252.8,256.8,258.9,266.16,282.98,7.0800000000000125,2.24227489341161,100100,False,False
PTBA.JK,3010.0,2926.6666666666665,2834.0,2666.0,2523.5,2427.8,2534.8885498046875,58.219999999999985,2.6186207424918964,92569800,False,False
PSSI.JK,352.0,348.6666666666667,341.2,333.8,331.8,317.32,314.45198486328127,17.340000000000003,2.4749842088691456,301900,False,False
PSKT.JK,238.0,244.0,245.2,243.2,232.1,213.62,220.51,15.789999999999992,8.614707895241839,11385300,False,False
PSGO.JK,197.0,197.0,196.2,195.3,195.15,196.46,194.307381439209,1.8499999999999943,1.1208356192692543,564700,True,False
PSDN.JK,144.0,139.33333333333334,137.8,135.7,135.5,124.22,135.35,19.78,3.3057328577066882,22380000,False,False
PSAT.JK,900.0,901.6666666666666,900.0,896.5,896.75,855.8,862.6,9.173333333333336,1.0590635003508022,215500,False,False
PSAB.JK,560.0,570.0,568.0,597.0,572.7,481.48,449.49209167480467,23.103999999999996,2.516264453042199,67211100,False,False
PRIM.JK,123.0,119.0,118.4,118.8,115.55,104.98,93.76,18.019999999999996,2.3020407262405422,67941200,False,False
PRDA.JK,2770.0,2770.0,2730.0,2643.0,2531.0,2471.4,2474.0813647460936,29.859999999999992,1.755104583967199,5500900,False,False
PRAY.JK,745.0,750.0,754.0,754.5,757.25,724.0,719.5,6.65,1.7520571985847297,17600,False,False
PPRO.JK,15.0,15.666666666666666,15.6,15.8,16.5,16.72,17.58,1.7199999999999989,5.032248013270833,11064100,False,False
PPRI.JK,169.0,157.33333333333334,149.0,145.7,145.35,145.0,154.5,24.0,5.892248754694537,57363800,False,False
PPRE.JK,106.0,107.66666666666667,107.4,105.8,105.2,105.08,109.27,2.586666666666673,2.4466916801011482,18593400,True,False
PPGL.JK,468.0,427.3333333333333,404.8,337.8,275.0,231.78,218.91,118.11,4.465777409245052,8186600,False,False
POWR.JK,920.0,911.6666666666666,915.0,912.0,859.25,773.7,735.3575280761719,29.25999999999999,4.8583641714884225,8457600,False,False
PORT.JK,915.0,900.0,900.0,902.5,898.0,876.3,887.15,7.740000000000009,1.4420654982425527,37200,False,False
POLY.JK,32.0,32.0,32.0,32.0,32.0,32.0,32.0,0.0,0.0,0,True,False
POLU.JK,17975.0,18350.0,18760.0,18022.5,14748.75,13342.0,13376.75,216.72,10.232890765116668,20000,False,False
POLI.JK,995.0,993.3333333333334,968.0,897.5,829.0,757.4,876.15,47.52,3.3332015553925647,23100,False,False
PNSE.JK,496.0,497.3333333333333,496.8,497.8,495.05,498.32,538.56,1.634999999999991,1.4498211205690135,11700,True,False
PNLF.JK,228.0,228.66666666666666,227.6,227.4,230.8,225.8,231.93,2.5,1.5284017985148068,10618900,True,False
PNIN.JK,730.0,730.0,726.0,726.0,720.5,721.0,741.65,1.9,1.3233842937274658,25900,True,False
PNGO.JK,3590.0,3520.0,3500.0,3488.0,3514.0,3503.0,3511.7,10.2,1.034891678251942,4700,False,False
PNBS.JK,50.0,50.0,50.0,50.0,50.05,50.1,50.29,0.10000000000000142,0.0,248100,True,False
PNBN.JK,915.0,918.3333333333334,909.0,902.0,902.5,894.8,908.2550927734375,4.706666666666683,0.9431709915151385,2306600,True,True
PMUI.JK,104.0,104.66666666666667,104.6,102.8,100.1,91.38,88.96662719726562,13.286666666666676,3.4140696013828937,3720400,False,False
PMJS.JK,148.0,148.33333333333334,148.6,141.3,130.65,116.9886538696289,117.24817260742188,31.61134613037109,4.1622259460772995,1097400,False,False
PLAN.JK,67.0,61.333333333333336,56.4,49.4,43.85,39.92,42.5,27.08,4.443159063922756,9124200,False,False
PKPK.JK,4530.0,4213.333333333333,4020.0,3851.0,3794.0,3625.4,3216.9,90.46,5.766739872446095,8159700,False,False
PJHB.JK,186.0,186.66666666666666,186.8,186.0,180.15,170.64,187.03,16.160000000000025,3.426089519911652,2046800,False,False
PJAA.JK,460.0,464.6666666666667,465.2,462.8,460.5,457.36,467.7251623535156,3.9199999999999875,0.7577633407859766,95700,True,False
PIPA.JK,199.0,198.33333333333334,201.8,198.6,166.05,136.42,132.25,65.38000000000002,8.029522607154544,41281700,False,False
PICO.JK,187.0,186.66666666666666,187.2,189.1,164.25,141.94,144.09,47.16,4.4807381432602895,5763100,False,False
PGUN.JK,9650.0,9716.666666666666,9750.0,9830.0,9022.5,8024.0,8122.473115234375,72.24,2.102385185590319,29800,False,False
PGLI.JK,216.0,213.33333333333334,213.6,211.4,211.6,200.02,202.2,7.989999999999995,2.0167465043365387,561000,False,False
PGJO.JK,920.0,945.0,951.0,935.5,869.0,771.5,781.0,35.9,4.270981319973788,1592900,False,False
PGEO.JK,1025.0,1033.3333333333333,1035.0,1034.0,1055.0,1005.9,973.1530157470703,9.820000000000004,2.074012660945483,4825600,False,False
PGAS.JK,1520.0,1526.6666666666667,1534.0,1530.5,1518.25,1491.5,1581.8304016113282,8.5,1.2032442573996862,28201200,False,False
PEVE.JK,326.0,322.0,319.2,316.2,319.7,320.32,342.98,4.900000000000006,0.7386173559259377,1336700,True,False
PEHA.JK,328.0,316.0,313.6,297.8,286.6,266.6,273.48184967041016,30.69999999999999,4.039763227569372,8642200,False,False
PEGE.JK,129.0,126.33333333333333,123.8,119.4,113.4,107.14914642333984,117.59457321166992,21.850853576660157,5.422168715060243,17470500,False,False
PDPP.JK,320.0,323.3333333333333,326.8,330.0,318.9,292.32982177734374,292.66015731811524,18.83508911132813,1.8839859765367308,355200,False,False
PDES.JK,382.0,385.3333333333333,389.2,389.0,392.4,402.56,453.0404864501953,10.280000000000001,3.5143784747797038,127200,False,False
PCAR.JK,43.0,42.666666666666664,42.4,41.7,42.3,40.48,39.08,2.520000000000003,2.5170709750536426,1216200,True,True
PBSA.JK,820.0,816.6666666666666,819.0,821.0,819.5,778.3245532226563,806.7341418457031,8.535089355468745,2.7623754132730176,715000,False,False
PBRX.JK,27.0,27.666666666666668,27.2,26.7,26.55,26.66,29.41,1.1166666666666671,3.3102437400407214,7535600,True,False
PBID.JK,530.0,530.0,528.0,529.0,531.0,509.1,494.66820220947267,4.3799999999999955,1.2406852858357673,1055600,True,True
PART.JK,105.0,109.66666666666667,111.4,112.6,105.45,104.23695541381836,104.96066368103027,8.36304458618163,4.496020241961896,19867700,False,False
PANS.JK,1640.0,1615.0,1606.0,1589.0,1569.75,1553.9537646484375,1528.0938256835936,17.209247070312493,0.6623777445953892,372700,False,False
PANR.JK,428.0,429.3333333333333,429.2,426.8,426.6,415.96,445.9188235473633,6.686666666666667,1.0459026451572002,37300,False,False
PANI.JK,5950.0,6041.666666666667,5960.0,5932.5,6017.5,6068.0,6914.554228515625,5.42,2.621969001649115,5708300,True,False
PAMG.JK,56.0,55.666666666666664,55.6,55.6,56.0,54.94,56.05,1.0600000000000023,1.2013279509718582,3966900,True,False
PALM.JK,292.0,293.3333333333333,294.8,293.8,292.0,295.84,317.1944268798828,1.9199999999999875,0.7503442131281267,390600,True,False
PADI.JK,71.0,72.0,72.6,73.1,71.85,72.18454528808594,84.28510948181152,2.0999999999999943,4.528391006122524,138705400,False,False
PADA.JK,224.0,222.0,222.4,222.0,211.5,158.04,151.86,32.980000000000004,8.104991468436532,38408200,False,False
PACK.JK,560.0,560.0,560.0,505.2,396.8,295.12,281.84,52.976,5.130206037007101,0,False,False
OPMS.JK,123.0,123.33333333333333,122.8,122.2,124.85,111.78,113.91,13.069999999999993,2.310309561527726,1904000,False,False
OMRE.JK,1000.0,981.6666666666666,972.0,964.5,975.5,1017.0,983.85,10.5,1.9510405203771244,23400,False,False
OMED.JK,252.0,250.66666666666666,248.0,240.4,235.7,218.6,229.66492462158203,16.700000000000003,1.5356830409015054,245056600,False,False
OLIV.JK,58.0,53.333333333333336,50.2,48.2,48.2,49.4,51.92,9.799999999999997,4.7578674214937555,57403700,False,False
OKAS.JK,122.0,121.33333333333333,121.2,121.0,120.85,109.02,109.98,12.980000000000004,2.802308629507305,3729100,False,False
OILS.JK,278.0,281.3333333333333,278.4,253.2,239.9,224.18,225.5,28.576666666666654,5.3075893636744444,5722100,False,False
OBMD.JK,192.0,187.66666666666666,185.6,190.2,192.6,185.78,194.62,7.0,2.8841860134895168,2361900,False,False
OBAT.JK,258.0,241.33333333333334,238.8,240.0,240.9,242.08,261.35108825683596,9.599999999999994,4.1848414873996305,6627100,False,False
OASA.JK,320.0,323.3333333333333,326.4,324.4,323.6,311.68,325.46,7.359999999999985,2.439330298831327,26686800,False,False
NTBK.JK,87.0,86.0,85.0,82.0,83.3,84.3,80.9230485534668,5.0,4.7948959042687544,35030200,False,False
NSSS.JK,855.0,873.3333333333334,874.0,864.5,890.75,825.8,740.8186926269532,12.990000000000009,4.272582056562602,4655200,False,False
NRCA.JK,560.0,575.0,581.0,584.0,561.0,505.98,504.05617279052734,15.603999999999996,2.9019017907123543,5693800,False,False
NPGF.JK,58.0,58.0,58.0,57.7,58.435000038146974,57.9144132232666,62.7017582321167,0.7350000381469712,1.9754696170083341,24953200,True,False
NOBU.JK,550.0,541.6666666666666,532.0,514.5,509.4,469.28,480.21,16.144000000000005,1.9742709780214238,4460600,False,False
NISP.JK,1245.0,1248.3333333333333,1246.0,1246.5,1254.25,1238.3,1265.3532971191407,3.1900000000000093,0.5672417776521863,9256000,True,False
NIRO.JK,180.0,170.66666666666666,167.4,164.9,162.0,151.96,166.03,28.039999999999992,2.795266067655425,7282700,False,False
NINE.JK,94.0,94.66666666666667,95.0,95.8,87.45,80.58,95.18,15.219999999999999,5.514085866433902,5335500,False,False
NIKL.JK,226.0,219.33333333333334,213.2,206.2,200.75,192.16,231.52184387207032,16.92,4.81320963258233,22670300,False,False
NICL.JK,482.0,493.6666666666667,501.2,500.3,484.85,491.22,598.9057269287109,9.599999999999994,2.5781030353377945,54418200,False,False
NICK.JK,2400.0,2426.6666666666665,2232.0,1992.0,1741.75,1344.8,1239.45,108.18666666666665,10.475684321091517,33800,False,False
NICE.JK,372.0,374.0,360.8,354.4,307.2,275.44,283.26,49.28,9.896487152567673,1641700,False,False
NFCX.JK,1720.0,1706.6666666666667,1706.0,1706.0,1638.5,1606.1,1668.2,22.78000000000002,1.2620554581519077,12500,False,False
NETV.JK,50.0,50.0,50.0,50.0,50.75,50.8,62.43,0.7999999999999972,0.0,1528400,True,False
NEST.JK,750.0,741.6666666666666,742.0,718.5,707.5,661.7,576.82,17.65999999999999,2.2714102910535585,12397300,False,False
NELY.JK,208.0,213.33333333333334,214.0,209.2,205.35,203.62,229.80477142333984,5.189999999999998,3.3496763977511432,1770100,True,False
NCKL.JK,940.0,955.0,952.0,954.5,943.5,881.640302734375,898.2399536132813,14.671939453124992,1.8030910965506928,54115200,False,False
NAYZ.JK,74.0,73.66666666666667,73.6,72.9,67.1,61.34,62.1,12.659999999999997,4.092482815329028,38487600,False,False
NATO.JK,1265.0,1085.0,967.0,819.5,735.0,666.7,635.4,119.66,10.685932944053942,2310700,False,False
NASI.JK,159.0,153.66666666666666,153.6,148.7,141.55,128.26,130.31,30.74000000000001,2.928278388721284,10574300,False,False
NASA.JK,31.0,30.0,30.0,30.0,30.15,30.2,33.42,1.0,1.912641222122431,535900,True,False
NANO.JK,34.0,33.666666666666664,33.8,34.0,32.75,29.2,29.83,4.800000000000001,3.522118138845255,22584500,True,True
NAIK.JK,96.0,95.0,94.8,94.3,91.75,87.94,90.35086547851563,8.060000000000002,3.587049948107282,6306300,False,False
MYTX.JK,41.0,41.0,41.0,41.0,41.0,41.08,45.31,0.0799999999999983,0.0,0,True,False
MYOR.JK,1530.0,1555.0,1557.0,1574.5,1622.25,1692.8,1718.686474609375,32.55999999999999,1.186578817138962,23091800,False,False
MYOH.JK,1140.0,1155.0,1147.0,1141.5,1110.25,1068.5,1100.453526611328,17.3,1.9387018910856146,122000,False,False
MUTU.JK,121.0,122.66666666666667,124.4,126.8,120.45,114.4,110.23285919189453,12.399999999999991,3.0883129818155224,7211500,False,False
MTWI.JK,268.0,268.0,262.0,254.2,253.5,260.24,275.00427932739257,7.25,1.8503090863419926,42100,False,False
MTMH.JK,965.0,966.6666666666666,969.0,981.0,956.0,942.0,962.1651141357422,7.8,2.458345307333202,1900,False,False
MTLA.JK,535.0,531.6666666666666,531.0,523.5,519.25,521.96,513.9426068115234,3.15,1.4517653179590477,8200,True,False
MTFN.JK,13.0,13.0,13.0,13.0,13.0,13.0,15.59,0.0,0.0,0,True,False
MTEL.JK,490.0,487.3333333333333,484.4,472.6,453.4,459.5003692626953,471.357802734375,18.30000000000001,1.252908288283724,33927000,False,False
MTDL.JK,525.0,520.0,516.0,511.5,509.75,510.2,517.3835000610352,3.05,0.8063263923980447,4229500,True,True
MSTI.JK,1340.0,1348.3333333333333,1349.0,1345.0,1334.75,1309.0,1283.5298498535155,8.0,1.0645995700439277,1295300,False,False
MSKY.JK,66.0,66.0,65.4,64.3,66.35,62.74,68.45,3.6099999999999923,3.4822797852731804,6886500,True,False
MSJA.JK,525.0,471.6666666666667,461.8,448.9,438.85,419.22,433.8311312866211,21.155999999999995,5.367367693454617,19293800,False,False
MSIN.JK,324.0,314.6666666666667,312.8,317.2,342.7,400.62,532.63,43.91,2.2423906788089143,88111300,False,False
MSIE.JK,135.0,123.33333333333333,122.6,111.9,104.0,93.1,104.64,41.900000000000006,6.543535316451946,29710400,False,False
MREI.JK,920.0,920.0,920.0,920.0,920.0,920.0,961.6,0.0,0.0,0,True,False
MRAT.JK,414.0,414.0,413.2,412.4,421.0,433.2,432.92,10.400000000000006,1.2225438174551069,76400,False,False
MPXL.JK,168.0,167.0,167.6,167.9,166.1,155.56,158.52,12.439999999999998,1.5181035456913694,632000,False,False
MPRO.JK,12000.0,12200.0,12300.0,12202.5,12427.5,11323.0,10048.5,44.18,3.361144596281953,4500,False,False
MPPA.JK,44.0,44.666666666666664,45.0,44.9,47.0,46.92,47.92,3.0,2.783275269267602,3516700,True,False
MPOW.JK,114.0,117.0,115.8,114.3,110.45,102.72,107.1,14.280000000000001,3.5736838540123226,12887200,False,False
MPMX.JK,1045.0,1035.0,1030.0,1023.0,1014.75,995.7,939.4771051025391,9.85999999999999,0.6592295799857126,4263200,False,False
MPIX.JK,116.0,115.66666666666667,114.0,110.1,103.25,98.38,92.28,17.620000000000005,5.506846034641997,10048100,False,False
MORA.JK,5450.0,5416.666666666667,5420.0,5405.0,5281.25,5992.5,6139.15,28.45,2.629452165761681,253200,False,False
MOLI.JK,318.0,317.3333333333333,313.2,299.4,287.8,264.8,254.23323516845704,26.599999999999994,4.234482109658079,2610500,False,False
MNCN.JK,210.0,204.0,202.8,202.0,201.9,203.96,214.24,4.049999999999997,1.939179010162902,84501800,True,False
MMLP.JK,306.0,305.3333333333333,304.8,301.4,298.3,296.16,309.24,4.9199999999999875,1.3423482133652247,401400,True,False
MMIX.JK,805.0,798.3333333333334,792.0,788.0,771.25,719.38,595.46,17.124000000000002,1.233875452842423,52472000,False,False
MLPT.JK,1195.0,1208.3333333333333,1237.0,1273.5,1363.25,1241.38,1025.8771044921875,33.65,2.7041673472890047,2023600,False,False
MLPL.JK,92.0,91.66666666666667,92.0,92.4,94.3,90.88,90.81,3.4200000000000017,1.4196271180801374,14151900,True,True
MLIA.JK,228.0,228.0,228.0,229.4,230.8,234.0,243.96,3.0,0.9612359885462435,68000,True,False
MLBI.JK,6825.0,6925.0,6855.0,6872.5,6910.0,6632.5,6149.63544921875,11.7,2.4959287524331173,131700,False,False
MKTR.JK,122.0,123.0,122.8,122.3,122.85,121.22,123.35143508911133,1.7800000000000011,0.8132997093843596,1468800,True,False
MKPI.JK,21850.0,21933.333333333332,21950.0,22005.0,21998.75,21563.5,21335.3895703125,17.66,0.2866771374866088,41600,False,False
MKAP.JK,1120.0,1121.6666666666667,1121.0,1128.5,1148.0,1164.18888671875,1120.085450439453,8.837777343749986,0.8228637043348905,255200,False,False
MITI.JK,226.0,226.0,230.0,230.6,214.65,189.76,200.94,20.42,5.7218668522794776,5015600,False,False
MIRA.JK,25.0,25.0,24.6,25.2,27.0,22.98,22.06,4.02,4.955090911685152,6884300,False,False
MINE.JK,274.0,280.6666666666667,268.0,253.2,243.8,229.08,257.2,25.793333333333337,4.490588099533068,2722800,False,False
MINA.JK,274.0,277.3333333333333,278.0,276.6,273.9,273.52,296.06,2.240000000000009,2.7878527478584947,37126800,True,False
MIKA.JK,1945.0,1925.0,1910.0,1886.5,1846.0,1780.3,1761.0742700195312,32.94000000000001,1.5329618846114244,6643700,False,False
MIDI.JK,280.0,278.0,276.8,276.8,276.3,279.64,290.3257086181641,1.8499999999999943,1.211161777572798,5550300,True,False
MICE.JK,555.0,556.6666666666666,557.0,545.0,534.5,518.5217834472656,505.50623962402346,7.6956433105468705,0.9968023674850184,6300,False,False
MHKI.JK,143.0,144.33333333333334,145.2,144.7,140.05,133.84040008544923,142.57542213439942,11.359599914550756,2.3097860803476262,2748100,False,False
MGRO.JK,685.0,686.6666666666666,685.0,680.0,676.25,675.3,678.35,2.2733333333333348,1.264604685863239,3719100,True,True
MGNA.JK,95.0,95.66666666666667,96.4,96.2,98.7,97.14,112.98,3.700000000000003,1.4708976115782273,1377600,True,False
MGLV.JK,13500.0,12316.666666666666,11845.0,11880.0,10837.5,9278.5,8532.25,168.86,5.493238119250704,425900,False,False
MERK.JK,3880.0,3873.3333333333335,3872.0,3890.0,3920.5,3870.2,3771.222790527344,5.030000000000018,0.4721017500168896,46300,True,False
MERI.JK,121.0,122.0,122.4,121.9,120.8,110.62,119.42,11.780000000000001,1.0981898885614496,848900,False,False
MEJA.JK,114.0,112.33333333333333,111.8,114.3,115.85,100.14,98.67571434020996,15.709999999999994,3.761414166294011,36408600,False,False
MEGA.JK,1990.0,1985.0,1979.0,1973.0,1977.75,1989.2,2061.1,3.4,0.4761301180639127,26400,True,False
MEDS.JK,97.0,81.0,78.2,75.0,73.25,74.52,79.36,23.75,11.219004249951073,1173817400,False,False
MEDC.JK,1485.0,1488.3333333333333,1474.0,1421.5,1387.75,1290.0,1346.1265979003906,39.66666666666665,2.863128815446209,62795200,False,False
MDRN.JK,26.0,26.0,26.0,26.0,26.0,26.04,32.96,0.03999999999999915,0.0,0,True,False
MDLN.JK,50.0,50.0,50.0,50.0,50.05,50.1,51.36,0.10000000000000142,0.0,1249600,True,False
MDLA.JK,208.0,208.66666666666666,208.8,208.0,208.5,207.32,204.8626023864746,0.7400000000000091,0.8415075341644006,9732200,True,True
MDKI.JK,197.0,196.33333333333334,195.4,193.3,191.2,184.68,182.60022644042968,12.319999999999993,0.6597500712784395,206800,False,False
MDKA.JK,2880.0,2900.0,2898.0,2948.0,2930.0,2774.005576171875,2823.3220166015626,17.399442382812502,1.4799425027296242,18927200,False,False
MDIY.JK,955.0,956.6666666666666,959.0,956.0,949.75,934.5,883.672744140625,4.9,0.5549632802623088,692500,True,False
MDIA.JK,250.0,239.33333333333334,253.2,250.0,261.5,172.0,135.86,44.75,10.267546144178807,1149658100,False,False
MCOR.JK,70.0,69.66666666666667,70.0,69.6,69.25,68.46,68.3,1.5400000000000063,1.3568477798950076,3622500,True,True
MCOL.JK,3770.0,3760.0,3752.0,3713.0,3729.5,3748.8,3748.1876831054688,5.7,1.441642665484681,52800,True,False
MCAS.JK,288.0,287.3333333333333,286.0,285.8,296.2,233.68,255.05,31.25999999999999,3.5971951603085333,1311600,False,False
MBTO.JK,126.0,126.0,126.6,126.2,127.3,120.3,117.47,7.0,1.8875299980884928,545200,False,False
MBSS.JK,2860.0,2843.3333333333335,2844.0,2836.0,2835.0,2727.8,2524.7,13.219999999999981,1.1036976608970686,585700,False,False
MBMA.JK,510.0,520.0,524.0,540.5,538.5,521.72,544.74,6.1,2.3694275763825927,104017500,False,False
MBAP.JK,1805.0,1748.3333333333333,1718.0,1617.0,1540.25,1448.9,1500.7,71.21999999999998,4.320759402445617,397100,False,False
MAYA.JK,198.0,198.66666666666666,199.2,199.0,199.5,196.4,194.28,3.0999999999999943,1.4000351506659594,590700,True,False
MAXI.JK,50.0,50.0,50.0,50.0,50.0,50.0,50.49,0.0,0.0,7500,True,False
MASB.JK,3400.0,3400.0,3398.0,3395.0,3389.0,3387.8,3338.2,1.2199999999999818,0.16726057364685692,10500,True,False
MARK.JK,1065.0,1075.0,1075.0,1073.5,1080.7815307617188,1034.5621594238282,913.0585046386718,9.243874267578121,1.391156413454475,15366800,False,False
MARI.JK,23.0,23.0,23.0,23.0,23.0,23.02,25.13,0.019999999999999574,0.0,0,True,False
MAPI.JK,1390.0,1411.6666666666667,1426.0,1448.0,1485.5,1522.2000024414062,1469.4092333984374,26.44000048828125,3.124476478850303,3868900,False,False
MAPB.JK,1165.0,1168.3333333333333,1171.0,1173.0,1165.75,1081.8,1244.65,18.24000000000001,0.26913001363135186,0,False,False
MAPA.JK,690.0,696.6666666666666,699.0,697.5,676.75,642.6973986816406,625.9048779296875,11.260520263671879,2.3697617592536866,4473000,False,False
MANG.JK,45.0,41.333333333333336,39.8,39.3,38.7,39.28,43.71,6.299999999999997,4.627258048153428,46063100,False,False
MAIN.JK,690.0,693.3333333333334,684.0,674.0,672.5,677.2,733.254833984375,4.166666666666674,1.8301552479812213,1459700,True,False
MAHA.JK,150.0,149.0,148.2,147.5,147.1,142.5,138.9383349609375,7.5,0.9667662700034404,11617800,False,False
LUCK.JK,116.0,115.66666666666667,114.6,113.5,114.2,107.64,108.01,8.36,2.1486075158712667,4187300,False,False
LTLS.JK,930.0,906.6666666666666,885.0,863.0,853.5,813.9,792.000263671875,23.220000000000006,1.5450912901642628,311900,False,False
LSIP.JK,1645.0,1661.6666666666667,1621.0,1540.0,1486.0,1395.199697265625,1369.198428955078,53.29339388020835,2.7566856691521897,7914400,False,False
LRNA.JK,206.0,200.33333333333334,198.2,193.6,191.2,184.54,188.57,10.730000000000004,2.3618920922345055,2981500,False,False
LPPS.JK,82.0,82.33333333333333,82.4,82.1,81.9,78.02,77.74,4.38000000000001,1.7828750617870825,801900,True,False
LPPF.JK,1655.0,1623.3333333333333,1614.0,1610.0,1606.75,1566.2,1584.5904663085937,17.75999999999999,1.209463988219835,3363700,False,False
LPLI.JK,242.0,241.33333333333334,241.6,242.0,243.6,243.32,256.52,1.1333333333333258,0.4694273513733218,302200,True,False
LPKR.JK,62.0,62.0,62.2,62.2,63.15,61.7,68.2,1.4499999999999957,1.8256721825247624,62933500,True,False
LPIN.JK,432.0,432.0,430.4,426.8,423.9,417.16,413.0970666503906,7.4199999999999875,0.5970782663565467,160500,False,False
LPGI.JK,645.0,636.6666666666666,640.0,639.5,635.0,649.7,666.9702917480469,2.9400000000000093,1.7469423789291851,52600,True,False
LPCK.JK,600.0,600.0,601.0,599.5,605.0,556.28,562.34,9.744000000000005,1.9421212208440353,250700,False,False
LOPI.JK,60.0,66.33333333333333,71.0,74.3,76.65,65.86,81.19,16.650000000000006,4.780406836067142,73318300,False,False
LMPI.JK,161.0,161.33333333333334,163.8,162.7,157.15,145.66,148.18,18.140000000000015,1.8898285538579191,176000,False,False
LMAX.JK,110.0,110.66666666666667,109.8,109.4,111.05,106.64,118.44,4.409999999999997,3.836719036627284,2248300,False,False
LIVE.JK,188.0,188.33333333333334,189.4,190.7,197.4,203.64,212.7,15.639999999999986,1.1406820110377314,6036200,False,False
LION.JK,382.0,383.3333333333333,380.8,365.8,356.3,345.2,361.42,19.066666666666663,4.572618230109198,1552800,False,False
LINK.JK,1675.0,1628.3333333333333,1580.0,1539.5,1504.25,1456.7,1496.35,43.65999999999999,2.753009430403787,63200,False,False
LIFE.JK,12725.0,12333.333333333334,11695.0,9322.5,7567.5,6520.5,6590.531635742187,248.18,8.905474650052748,0,False,False
LFLO.JK,505.0,513.3333333333334,518.0,521.0,512.15,521.92,527.629878540039,3.383999999999992,1.5875207887225584,6400,True,False
LEAD.JK,109.0,111.66666666666667,113.0,109.1,109.4,104.06,110.51,8.939999999999998,7.332037369807974,13985200,False,False
LCKM.JK,109.0,109.0,109.0,109.0,109.0,108.54,114.39,0.45999999999999375,0.0,0,True,False
LAPD.JK,70.0,71.33333333333333,71.6,70.8,68.2,65.74,70.15,5.859999999999999,3.0300314637041295,27972500,True,False
LAND.JK,74.0,73.33333333333333,73.4,73.4,75.6,71.74,71.74,3.8599999999999994,2.7096226847329388,5516500,True,True
LAJU.JK,77.0,74.33333333333333,72.0,69.8,68.8,66.92,69.33260066986084,10.079999999999998,2.6660145358678577,174485000,False,False
LABS.JK,204.0,178.0,172.2,167.5,167.25,154.92,153.82,24.540000000000006,7.8209996988162915,80990100,False,False
LABA.JK,124.0,126.66666666666667,124.4,117.4,106.6,97.56,103.53,29.10666666666667,11.987627862650992,38967600,False,False
KUAS.JK,106.0,109.33333333333333,105.2,100.5,96.2,92.7,97.92232048034668,16.633333333333326,5.244966605432639,62941900,False,False
KSIX.JK,412.0,414.6666666666667,414.8,415.6,411.2,347.64,342.36,33.98000000000002,1.2966754666311116,163300,False,False
KRYA.JK,69.0,68.0,68.0,66.5,65.25,61.16,64.49,7.840000000000003,4.806166997025752,41709300,False,False
KREN.JK,14.0,14.0,13.8,13.7,13.4,12.9,13.82,1.0999999999999996,4.947089528537478,7696500,False,False
KRAS.JK,250.0,254.0,249.6,238.4,231.6,224.4,234.8,14.799999999999997,3.0714656098147577,6589500,False,False
KPIG.JK,68.0,66.66666666666667,66.6,66.2,68.25,75.68,87.91,9.480000000000004,1.5710163266869237,277414800,False,False
KOTA.JK,218.0,216.0,219.6,194.7,183.1,140.2,126.19,39.7,13.648471159613557,466068100,False,False
KOPI.JK,206.0,208.0,208.8,206.0,205.5,199.1,209.31,4.8500000000000085,1.7012106590883675,422700,True,False
KONI.JK,2200.0,2183.3333333333335,2188.0,2190.0,2257.0,2436.4,2529.4,25.30666666666666,1.7382338218146345,8000,False,False
KOKA.JK,181.0,181.0,181.0,179.4,184.15,175.54,156.82,8.610000000000014,3.334637747822347,4204000,False,False
KOIN.JK,78.0,78.0,78.0,78.0,78.0,78.04,78.21,0.04000000000000625,0.0,0,True,False
KOCI.JK,113.0,109.33333333333333,108.2,105.7,106.9,103.58,104.7547356414795,9.420000000000002,3.8330648603447868,53109900,False,False
KOBX.JK,176.0,176.66666666666666,176.4,174.7,171.5,158.96,163.25,17.70666666666665,3.2237263226420154,3461100,False,False
KMTR.JK,254.0,255.33333333333334,253.6,245.0,237.9,232.68,237.8,11.326666666666668,1.8426442017341949,19000,False,False
KMDS.JK,525.0,523.3333333333334,523.0,523.5,525.5,532.1,534.5098147583008,1.8200000000000045,1.748366865444529,63400,True,False
KLIN.JK,114.0,114.0,114.2,116.2,116.3,110.68,119.64,5.61999999999999,3.05970590701467,67900,True,False
KLBF.JK,785.0,780.0,774.0,787.0,793.75,761.4,781.5753405761719,6.470000000000004,1.65505786865933,192424800,False,False
KLAS.JK,83.0,86.66666666666667,87.6,86.3,82.85,75.24,75.81,12.36,2.4843121433314095,19547200,False,False
KKGI.JK,314.0,305.3333333333333,299.6,291.2,284.6,275.08,277.6983451843262,19.460000000000008,2.095328623637033,4444500,False,False
KKES.JK,96.0,93.66666666666667,93.0,80.9,75.45,66.36,53.53,29.64,11.394936771419431,83366500,False,False
KJEN.JK,162.0,163.33333333333334,164.4,163.5,163.25,139.92,138.89,24.480000000000018,1.1913129030842387,2035500,False,False
KIOS.JK,102.0,102.0,101.8,100.6,98.1,94.32,95.31,7.680000000000007,1.9207902515639963,15633400,False,False
KINO.JK,1340.0,1346.6666666666667,1350.0,1349.5,1332.25,1237.2,1165.1519885253906,22.55999999999999,1.0342698147663512,56900,False,False
KING.JK,374.0,341.3333333333333,318.0,301.6,291.5,294.48,379.37,41.25,4.9287435622694336,598600,False,False
KIJA.JK,204.0,200.0,203.2,204.9,181.1,148.28,149.27,28.310000000000002,7.894921505714217,385684900,False,False
KICI.JK,268.0,267.3333333333333,266.0,251.1,222.75,202.12,204.15,32.94,9.598770495913248,10978300,False,False
KETR.JK,865.0,855.0,849.0,805.0,703.0,605.28,579.15,51.944,9.741396523031606,22632100,False,False
KEJU.JK,620.0,621.6666666666666,624.0,609.5,598.5,568.6,566.4386468505859,11.079999999999995,1.3037375629297578,17600,False,False
KEEN.JK,960.0,950.0,940.0,904.5,896.75,867.5,867.3579968261719,18.5,1.9831699066055541,7573500,False,False
KDTN.JK,420.0,419.3333333333333,414.0,382.8,381.3,449.38,658.49,34.03999999999999,3.6242176677915414,3220600,False,False
KDSI.JK,468.0,466.6666666666667,464.4,463.4,461.0,451.2,448.5,8.400000000000006,0.548977951842737,7400,False,False
KBLV.JK,133.0,134.33333333333334,136.8,137.6,142.95,121.1,111.86,21.849999999999994,4.800772276819658,8183600,False,False
KBLM.JK,332.0,331.3333333333333,322.8,315.0,310.2,299.96,301.56510681152344,16.02000000000001,1.708948114973868,196700,False,False
KBLI.JK,342.0,338.6666666666667,335.2,331.4,329.0,323.6311370849609,313.0244287109375,9.184431457519537,1.0803643646765357,664500,False,False
KBAG.JK,45.0,45.333333333333336,45.6,44.0,46.8,43.22,43.49,3.5799999999999983,5.455548853667666,917700,False,False
KARW.JK,212.0,212.0,212.0,212.0,212.0,212.0,244.92,0.0,0.0,0,True,False
KAQI.JK,101.0,101.66666666666667,100.4,97.1,96.3,91.42,97.09,10.24666666666667,4.25609510825853,31829200,False,False
KAEF.JK,515.0,464.3333333333333,452.2,444.1,444.45,447.94,472.29,14.179999999999996,5.414734253934845,67402400,False,False
JTPE.JK,600.0,606.6666666666666,608.0,610.0,614.25,608.7,600.9325,2.85,0.6856622957039555,604100,True,False
JSPT.JK,1395.0,1393.3333333333333,1393.0,1397.5,1396.0,1389.9,1365.3454248046876,1.5199999999999818,1.1442271475057435,3300,True,False
JSMR.JK,2960.0,2996.6666666666665,2986.0,2903.0,2833.5,2775.2,2823.213984375,22.14666666666667,1.9851591052679658,1584000,False,False
JRPT.JK,1090.0,1090.0,1090.0,1084.5,1082.75,1080.4,1072.2979223632813,1.9199999999999817,0.4377487555616193,426400,True,False
JPFA.JK,2310.0,2333.3333333333335,2296.0,2241.0,2247.5,2145.6,2226.110791015625,18.77333333333336,2.879644506460398,12844800,False,False
JMAS.JK,228.0,228.0,228.0,228.0,228.0,228.0,241.58,0.0,0.0,0,True,False
JKON.JK,89.0,87.66666666666667,87.0,86.5,86.45,76.68,73.39597072601319,12.319999999999993,1.5518727390510387,35446200,False,False
JIHD.JK,460.0,464.6666666666667,462.4,447.4,443.1,430.36,446.16,17.153333333333336,3.2962069543662604,374700,False,False
JGLE.JK,84.0,85.33333333333333,86.6,85.2,88.05,70.56,69.38,17.489999999999995,7.322544699533319,273252500,False,False
JECC.JK,645.0,646.6666666666666,648.0,645.0,640.0,636.02,671.609716796875,2.3960000000000035,1.4609350747236898,98200,True,False
JAYA.JK,150.0,154.66666666666666,149.4,141.6,137.6,129.78,130.47,24.886666666666656,7.811481525993461,199814800,False,False
JAWA.JK,138.0,138.0,138.4,136.3,132.8,123.84,133.79,14.560000000000002,5.404693436519417,1990700,False,False
JATI.JK,110.0,110.0,109.0,106.5,103.25,97.38,99.18838912963867,12.620000000000005,2.000706917510792,22671200,False,False
JAST.JK,95.0,95.0,94.4,96.5,89.95,85.1,87.87,11.400000000000006,8.535855909989984,13815000,False,False
JARR.JK,3170.0,3233.3333333333335,3220.0,3206.0,2723.25,2218.6,2083.4994482421876,101.47333333333336,3.643751496034021,4296500,False,False
ITMG.JK,26525.0,26258.333333333332,26175.0,25862.5,25406.25,24436.5,24099.01703125,83.54,0.9534711443967852,1487400,False,False
ITMA.JK,1630.0,1521.6666666666667,1484.0,1458.0,1424.5,1388.7,1598.45,48.25999999999999,3.982292660438048,193500,False,False
ITIC.JK,226.0,226.66666666666666,226.4,224.8,226.7,214.64,223.29,6.030000000000001,0.9370340973206979,132500,False,False
ISSP.JK,454.0,453.3333333333333,442.4,431.6,431.7,415.08,411.6606176757812,19.460000000000008,2.680950345756383,2950300,False,False
ISEA.JK,86.0,86.0,85.8,83.8,83.15,78.28,77.99,7.719999999999999,2.473159886830544,18097200,False,False
ISAT.JK,2350.0,2386.6666666666665,2382.0,2466.0,2490.0,2134.0,2057.1043139648436,35.6,3.180032511047595,45298800,False,False
ISAP.JK,23.0,23.666666666666668,23.8,23.6,23.9,23.84,25.97,0.8999999999999986,3.6343439773807775,25149500,True,False
IRSX.JK,416.0,415.3333333333333,410.8,387.6,375.5,329.2,353.8326403808594,43.400000000000006,5.246870993113526,47551800,False,False
IRRA.JK,416.0,387.3333333333333,380.8,376.0,373.7,373.76,379.56,21.150000000000006,3.598888949614596,31841500,False,False
IPTV.JK,31.0,30.666666666666668,31.0,31.1,30.55,31.46,35.18,0.9100000000000001,2.6214984298689887,560800,True,False
IPOL.JK,117.0,118.33333333333333,116.8,114.7,113.7,109.16,113.24,9.173333333333332,1.4215424395267906,666000,False,False
IPCM.JK,296.0,295.3333333333333,296.4,299.0,300.7,307.2352770996094,305.9426351928711,5.950971883138038,0.9004610210783203,2145200,True,False
IPCC.JK,1150.0,1153.3333333333333,1151.0,1149.0,1159.25,1168.1,1165.889888305664,3.8199999999999816,0.6945182178024049,768700,True,False
IPAC.JK,186.0,186.0,185.4,182.8,177.45,166.44,158.43,19.560000000000002,2.2283923180820557,101400,False,False
IOTF.JK,69.0,66.33333333333333,65.0,64.3,65.3,57.6,58.36,11.399999999999999,4.14082976739994,144205500,False,False
INTP.JK,5425.0,5491.666666666667,5495.0,5525.0,5476.25,4949.3,4711.2477734375,23.02799999999999,1.8306500364559521,964200,False,False
INTD.JK,256.0,260.0,271.2,278.8,281.2,254.4,250.1,13.399999999999991,3.170169504182216,91300,False,False
INTA.JK,61.0,61.0,61.0,61.0,61.0,61.08,66.67,0.0799999999999983,0.0,0,True,False
INPS.JK,765.0,726.6666666666666,719.0,694.5,700.75,663.3,658.95,20.34000000000001,5.194627086299693,489000,False,False
INPP.JK,750.0,753.3333333333334,749.0,741.5,742.6867279052734,713.4099914550782,743.1742742919922,7.98466837565104,1.912541235975793,49000,False,False
INPC.JK,170.0,172.33333333333334,164.8,155.5,148.5,140.24,143.32,32.093333333333334,4.251102782244688,142737300,False,False
INOV.JK,140.0,140.0,140.2,140.8,143.05,134.08,131.54,8.969999999999999,2.235790050221345,2879200,False,False
INKP.JK,9075.0,8925.0,8920.0,8850.0,8702.5,8085.4678515625,8225.43390625,39.5812859375,1.5071450316337003,3620300,False,False
INET.JK,356.0,356.6666666666667,354.4,344.8,301.4,248.86,252.92,53.903333333333336,5.8368595543717,460122200,False,False
INDY.JK,2780.0,2786.6666666666665,2770.0,2759.0,2680.0,2434.0,2627.34703125,35.26666666666665,2.3093347736306544,18748000,False,False
INDX.JK,60.0,60.0,60.0,60.0,60.0,60.0,74.65,0.0,2.837818317547164e-07,0,True,False
INDS.JK,270.0,270.6666666666667,268.0,268.4,267.8,266.8440002441406,298.83620346069335,1.9113332112630417,1.6771925359346116,865400,True,False
INDR.JK,2990.0,2776.6666666666665,2734.0,2599.0,2505.0,2241.7,2268.8,74.83000000000001,4.298277184236573,320600,False,False
INDO.JK,189.0,187.33333333333334,185.6,183.7,181.2,173.62,166.89,15.379999999999995,1.5863679754336002,25061100,False,False
INDF.JK,7350.0,7275.0,7240.0,7295.0,7321.25,7013.477548828125,6734.143193359375,13.460898046875009,1.81917360702016,7819800,False,False
INCO.JK,4860.0,4923.333333333333,4928.0,5089.0,5153.25,4968.4,5214.95603515625,29.325,2.3170807376854246,13840300,False,False
INCI.JK,790.0,796.6666666666666,789.0,731.0,700.0,672.5,672.0786834716797,24.833333333333325,4.791242777847478,748100,False,False
INCF.JK,50.0,50.0,50.0,50.0,50.0,50.0,52.2,0.0,0.0,0,True,False
INAI.JK,176.0,175.66666666666666,175.8,176.9,176.35,164.4,165.58,12.5,0.6534270246643274,419500,False,False
IMPC.JK,1560.0,1488.3333333333333,1462.0,1414.5,1430.75,1464.6,1706.85,29.1,5.11580514080304,30015200,False,False
IMJS.JK,188.0,191.33333333333334,182.6,176.0,169.9,155.86520751953125,161.491669921875,35.46812581380209,6.442462916550312,6037200,False,False
IMAS.JK,935.0,948.3333333333334,920.0,899.5,885.0,851.9524206542969,908.0687603759766,19.276182535807287,4.168404860714398,208400,False,False
IKPM.JK,194.0,193.66666666666666,193.8,193.0,195.7,188.52,192.08,7.179999999999978,1.2697688583221018,1800400,False,False
IKBI.JK,520.0,516.6666666666666,517.0,520.0,545.5345001220703,531.7684228515625,515.7854522705078,5.773566691080736,1.2444845991147555,274300,True,False
IKAN.JK,90.0,90.33333333333333,90.4,90.2,88.65,83.72,85.71,6.680000000000007,3.8093932330264755,5152800,False,False
IKAI.JK,19.0,19.0,19.4,19.4,19.9,19.62,20.66,0.8999999999999986,3.421727328879974,18311700,True,False
IGAR.JK,476.0,478.0,480.0,475.0,464.6,437.88,441.06430267333985,21.060000000000002,0.9782615963436627,33500,False,False
IFSH.JK,1070.0,1068.3333333333333,1077.0,1064.0,1106.0,1148.9,1472.6863647460937,16.980000000000018,2.1581116954987425,2100,False,False
IFII.JK,202.0,203.33333333333334,203.2,204.4,205.5,208.76,215.6,3.3799999999999955,1.0280922170969813,66700,True,False
IDPR.JK,272.0,269.3333333333333,270.4,269.8,267.9,284.1593286132813,290.07416015625,8.129664306640649,1.7628834084862888,88300,False,False
IDEA.JK,61.0,61.333333333333336,61.0,60.8,62.15,61.98,65.62,1.3500000000000014,2.848915892840362,5656600,True,False
ICON.JK,151.0,140.33333333333334,138.2,132.9,130.1,116.54,116.29,34.459999999999994,7.272175011291758,140323900,False,False
ICBP.JK,7250.0,7300.0,7330.0,7575.0,7600.0,7136.165361328125,6835.089228515625,18.553385546874996,1.9355624524274349,6982400,False,False
IBST.JK,8475.0,8475.0,8475.0,8475.0,8475.0,8475.0,8475.0,0.0,0.0,0,True,False
IBOS.JK,96.0,92.0,92.4,90.7,81.1,73.34,85.48,22.659999999999997,4.609346390588735,14609000,False,False
IBFN.JK,63.0,63.0,63.0,63.0,63.0,63.1,68.5,0.10000000000000142,0.0,0,True,False
IATA.JK,135.0,134.66666666666666,130.2,123.1,121.95,88.46,80.77,46.540000000000006,7.274775808084631,1522303900,False,False
HYGN.JK,186.0,185.66666666666666,184.4,182.6,176.4,162.48,152.93580078125,23.52000000000001,1.3937160043511316,1380400,False,False
HUMI.JK,141.0,144.33333333333334,146.2,143.4,146.4,134.7782844543457,147.29347450256347,11.621715545654297,5.211827190593205,31035300,False,False
HRUM.JK,940.0,948.3333333333334,943.0,929.0,895.5,832.3,849.65,23.206666666666685,2.1472953969165522,13051300,False,False
HRTA.JK,2240.0,2276.6666666666665,2260.0,2292.0,2242.5,2010.7,2210.959482421875,28.129999999999995,2.7255651307712068,5018100,False,False
HRME.JK,44.0,43.333333333333336,42.2,40.3,41.45,42.74,45.18,3.700000000000003,5.7083927767617295,5952700,False,False
HOPE.JK,232.0,260.0,253.6,254.4,247.7,202.04,179.43,28.980000000000004,10.965613616099382,170499500,False,False
HOMI.JK,234.0,224.66666666666666,220.8,216.6,209.25,193.16,203.63,20.42,2.1685583886056703,4231000,False,False
HOKI.JK,55.0,55.666666666666664,55.8,55.8,55.55,54.14,57.94,1.6599999999999966,2.2921397366230294,7613600,True,False
HMSP.JK,750.0,745.0,740.0,740.0,742.25,719.4,694.2210363769532,6.1200000000000045,1.2147836056495518,9641600,False,False
HILL.JK,16.0,16.0,16.0,16.0,16.0,16.0,16.99,0.0,0.0,0,True,False
HGII.JK,139.0,138.0,139.2,136.6,130.05,125.22,129.00856094360353,13.97999999999999,2.9955990262450776,1527600,False,False
HEXA.JK,4480.0,4483.333333333333,4486.0,4436.0,4420.0,4423.0,4429.5,6.6,0.8408999352914113,563900,False,False
HERO.JK,340.0,335.3333333333333,335.6,334.4,335.8,332.68,362.17,3.6599999999999966,1.0149710052327658,166700,True,False
HELI.JK,210.0,204.66666666666666,200.4,198.1,197.15,188.76,187.0,10.620000000000005,2.514782233171234,1888200,False,False
HEAL.JK,685.0,685.0,690.0,671.5,697.75,787.4,891.2804724121094,23.179999999999996,3.798843960253552,49684300,False,False
HDIT.JK,50.0,50.0,50.0,50.0,50.4,50.38,53.68,0.3999999999999986,0.0,11290700,True,False
HDFA.JK,102.0,102.0,101.8,101.3,99.4,93.92,96.41,8.079999999999998,1.5200252340496472,523100,False,False
HBAT.JK,300.0,284.0,276.8,270.4,244.7,257.96,339.87,27.650000000000006,6.821358580911255,4048900,False,False
HATM.JK,580.0,601.6666666666666,599.0,586.5,594.0,509.44,412.9615509033203,18.445333333333327,3.1651168153460976,5426000,False,False
HALO.JK,87.0,75.33333333333333,73.2,70.9,70.0,67.16,69.72,19.840000000000003,8.331154182370524,400468200,False,False
HAJJ.JK,107.0,108.33333333333333,109.4,110.6,109.95,106.24,113.86,4.359999999999999,1.6547969683579584,6913100,True,False
HAIS.JK,190.0,189.33333333333334,187.2,185.1,183.55,181.06,181.71,8.939999999999998,1.1450713591270838,979200,False,False
HADE.JK,20.0,19.0,18.0,17.3,17.6,17.6,17.48,2.6999999999999993,4.831535184471923,10318300,False,False
GZCO.JK,202.0,200.33333333333334,198.8,188.3,181.3,162.76,171.36,19.620000000000005,5.004574454682398,30544100,False,False
GWSA.JK,173.0,171.66666666666666,170.8,170.8,156.8,136.18,136.37,36.81999999999999,2.899689344760189,790600,False,False
GUNA.JK,220.0,220.0,218.8,218.4,213.9,196.86,191.07165283203125,11.569999999999993,1.094863465964472,29400,False,False
GULA.JK,780.0,781.6666666666666,779.0,771.0,756.5,724.8,592.15,11.373333333333335,2.8988993761841346,16396500,False,False
GTSI.JK,167.0,171.0,172.6,171.7,178.4,156.32263565063477,170.17248146057128,22.07736434936524,3.5025992396486147,26328000,False,False
GTRA.JK,268.0,270.6666666666667,272.8,247.8,241.5,224.94,223.03,23.930000000000007,8.116369083823278,1393200,False,False
GTBO.JK,150.0,153.33333333333334,160.0,165.0,167.5,169.0,184.13,19.0,2.559192089000836,235900,False,False
GSMF.JK,97.0,97.33333333333333,97.4,96.8,93.5,88.4,95.04,9.0,3.6462487867448803,3748500,False,False
GRPM.JK,171.0,171.33333333333334,178.8,180.7,191.7,227.28,252.3,56.28,4.635708787361635,2341300,False,False
GRPH.JK,132.0,123.33333333333333,112.6,99.4,83.5,68.4,65.06,63.599999999999994,11.179122176331994,280808500,False,False
GRIA.JK,168.0,168.66666666666666,168.6,183.7,166.7,136.78,126.65,46.91999999999999,9.511726958723978,3660300,False,False
GPSO.JK,294.0,296.0,298.4,297.4,291.7,301.48,358.48,4.890000000000015,2.7592141659155986,63192500,True,False
GPRA.JK,107.0,107.66666666666667,109.4,109.9,109.35,104.54450973510743,105.8418611907959,5.35549026489258,1.9872556598533646,128141000,True,True
GOTO.JK,50.0,50.0,50.0,50.0,50.0,50.0,50.45,0.0,0.0,33487700,True,False
GOOD.JK,322.0,321.3333333333333,320.8,315.4,310.1,304.64,318.5348587036133,8.680000000000007,0.9047778713893208,154300,False,False
GOLF.JK,160.0,160.33333333333334,161.0,161.2,161.9,163.64,170.3549885559082,3.6399999999999864,1.1233103871547698,2223500,True,False
GOLD.JK,278.0,277.3333333333333,274.8,275.6,273.6,263.48,267.78,7.259999999999991,1.6494229201685948,65200,False,False
GMTD.JK,1400.0,1438.3333333333333,1455.0,1431.0,1356.0,1323.4,1461.4858422851562,26.319999999999983,2.6585804683702903,83400,False,False
GMFI.JK,58.0,59.666666666666664,59.6,58.8,59.85,55.82,56.45,4.030000000000001,2.521448454746599,44408300,True,True
GLVA.JK,324.0,324.0,322.0,317.4,314.0,304.64,314.1932962036133,9.680000000000007,1.200637986998525,7300,False,False
GJTL.JK,1375.0,1390.0,1391.0,1397.5,1362.0,1246.8,1181.3254516601562,30.140000000000008,1.858031881466344,3852700,False,False
GIAA.JK,66.0,67.66666666666667,67.0,66.3,69.1,59.48,60.79,9.619999999999997,4.36608025440163,81664200,False,False
GHON.JK,1650.0,1643.3333333333333,1641.0,1633.0,1618.0,1612.0,1707.0,7.6,0.4763755924339997,8500,False,False
GGRP.JK,308.0,318.6666666666667,317.6,310.6,306.5,298.6,290.31153411865233,10.033333333333331,2.043394166928921,1373900,False,False
GGRM.JK,20100.0,20158.333333333332,20180.0,20072.5,20178.75,18584.775,16803.5625,63.80899999999994,2.739881911819468,492000,False,False
GEMS.JK,7700.0,7525.0,7365.0,7112.5,6857.5,6572.5,6984.25,45.1,1.482084298444591,277900,False,False
GEMA.JK,93.0,93.0,92.6,87.6,84.5,81.52,82.50404663085938,11.480000000000004,4.792753135622202,3044200,False,False
GDYR.JK,1130.0,1120.0,1117.0,1116.5,1109.0,1098.8,1097.5,6.240000000000009,1.199795550362826,39800,False,False
GDST.JK,114.0,113.33333333333333,112.8,112.5,115.35,100.62,96.73,14.72999999999999,1.2535946175097599,2018100,False,False
FWCT.JK,90.0,90.33333333333333,90.4,90.3,91.7,87.84,87.01,3.8599999999999994,1.9829031256658223,909300,True,False
FUTR.JK,314.0,321.3333333333333,335.2,335.8,335.1,280.22,239.91,27.789999999999992,7.07421996992518,29445000,False,False
FUJI.JK,246.0,245.33333333333334,252.8,289.4,264.5,227.98,267.43,30.709999999999994,4.6779702771813,837600,False,False
FPNI.JK,660.0,636.6666666666666,629.0,623.0,547.0,424.56,415.05,47.088,7.4753415780459465,22971000,False,False
FORU.JK,3950.0,3533.3333333333335,3164.0,2637.5,2413.25,2725.7,2345.35,153.675,11.419918704010668,7143200,False,False
FORE.JK,805.0,816.6666666666666,818.0,819.5,814.75,711.0,775.6,21.7,2.3654170776901804,2617200,False,False
FOOD.JK,176.0,176.0,176.0,176.0,176.0,176.08,176.69,0.0800000000000125,0.0,0,True,False
FOLK.JK,220.0,192.0,180.4,179.5,186.0,199.1,234.41,20.25,7.708535422197775,56836100,False,False
FMII.JK,254.0,253.33333333333334,253.6,253.4,253.5,251.36,247.7,1.3199999999999932,2.644447889449982,17800,True,False
FLMC.JK,115.0,107.33333333333333,103.8,92.3,84.6,71.52,107.34,43.480000000000004,5.982388304726912,17714100,False,False
FITT.JK,440.0,430.6666666666667,426.4,405.4,387.7,376.44,389.3,31.78,5.767309888910966,2746800,False,False
FISH.JK,615.0,613.3333333333334,615.0,613.5,606.75,612.6,661.1011431884766,1.65,1.1190084462705192,29800,True,False
FIRE.JK,122.0,124.66666666666667,122.8,118.0,113.2,108.48,116.21,16.186666666666667,5.606124763069451,24514600,False,False
FILM.JK,900.0,886.6666666666666,860.0,828.5,874.5,1178.8,1700.65,70.05999999999999,7.607514442514223,57159800,False,False
FAST.JK,460.0,462.0,464.8,466.4,459.8,355.88,311.62,55.25999999999999,2.2061258168063125,10677300,False,False
FAPA.JK,7500.0,7491.666666666667,7480.0,7467.5,7431.25,7382.7094921875,7225.98431640625,4.691620312500017,0.2638813130029399,700,True,False
EXCL.JK,2710.0,2720.0,2728.0,2740.0,2714.5,2579.6,2726.3,16.04000000000001,2.1743987952484924,1682300,False,False
EURO.JK,1470.0,1476.6666666666667,1416.0,1418.0,1581.75,1725.3,1994.6344982910157,61.85999999999999,5.170742465039275,513200,False,False
ESTI.JK,162.0,163.33333333333334,162.4,160.9,162.55,148.22,145.68392181396484,15.113333333333344,1.73420552421359,2056800,False,False
ESTA.JK,173.0,176.66666666666666,175.2,173.0,173.9,179.36,188.21,6.360000000000014,2.0151260268560467,2228600,False,False
ESSA.JK,685.0,703.3333333333334,704.0,662.0,659.5,618.46,650.2132348632813,17.107999999999993,3.3334451651082406,49156800,False,False
ESIP.JK,119.0,119.66666666666667,120.4,120.3,122.85,127.08755920410157,129.82181114196777,8.087559204101566,2.4245805147816117,5260400,False,False
ERTX.JK,182.0,183.66666666666666,184.2,183.2,185.0,170.1,171.72,14.900000000000006,1.244680238269749,781800,False,False
ERAL.JK,320.0,325.3333333333333,318.8,309.4,306.0,294.5175939941406,288.88721954345704,15.407869669596352,3.2001047944464838,8905700,False,False
ERAA.JK,575.0,586.6666666666666,555.6,520.2,491.1,421.2146441650391,388.9708154296875,33.090404500325505,5.140782802113458,168359800,False,False
EPMT.JK,2400.0,2400.0,2396.0,2394.0,2376.5,2347.0,2338.3,5.3,0.4412368670926507,17900,True,False
EPAC.JK,55.0,55.333333333333336,55.8,55.4,57.4,63.56,66.27,8.560000000000002,4.663416745139799,48532400,False,False
ENZO.JK,75.0,75.33333333333333,76.2,73.2,74.4,70.36,72.65,5.840000000000003,6.89701273422518,8947600,False,False
ENRG.JK,1365.0,1356.6666666666667,1353.0,1307.5,1245.6208404541017,1269.5483361816407,1391.1241680908204,23.87583190917967,2.480419273088178,51855500,False,False
ENAK.JK,234.0,235.33333333333334,236.0,235.8,237.9,254.72,282.76,10.36,0.9798601004296588,274000,False,False
EMTK.JK,510.0,520.0,523.0,518.0,519.0,518.88,608.5506164550782,2.6,2.9574895833219794,43367600,True,False
EMDE.JK,79.0,79.33333333333333,79.2,77.2,77.25,73.06,71.74,6.273333333333326,2.4381660103692284,3715800,False,False
EMAS.JK,8425.0,8533.333333333334,8580.0,8877.5,8282.5,6938.5,7407.25,77.56,5.077008678476833,12694600,False,False
ELTY.JK,37.0,37.333333333333336,37.8,37.9,38.4,31.74,33.07,6.66,4.479023446864564,58438200,False,False
ELSA.JK,725.0,733.3333333333334,729.0,713.5,708.75,667.6,646.4516082763672,13.14666666666667,2.9843730952048846,21709000,False,False
ELPI.JK,655.0,665.0,664.0,664.5,680.75,844.5819921875,1195.5824548339845,37.91639843749999,2.613197953131937,889000,False,False
ELIT.JK,278.0,274.0,269.6,263.0,219.35,191.06,191.42,43.47,12.598008254806931,64844900,False,False
EKAD.JK,450.0,408.0,410.0,410.8,336.65,236.2,200.76888778686524,106.9,10.434779123429529,99149300,False,False
ECII.JK,176.0,176.66666666666666,170.0,163.8,159.85,150.26,153.88,26.406666666666666,3.5328716059936633,4623900,False,False
EAST.JK,90.0,90.0,90.2,90.2,90.34891319274902,88.78956573486329,87.81711097717285,1.5593474578857354,0.7366774825029473,1243300,True,True
DYAN.JK,89.0,89.33333333333333,89.2,88.7,87.9,83.36,81.85,5.973333333333329,2.2437655936003686,3938600,True,True
DWGL.JK,248.0,246.0,244.4,265.6,310.7,280.4,272.48,33.14999999999999,6.355816830954511,6090400,False,False
DVLA.JK,1595.0,1598.3333333333333,1599.0,1589.0,1585.0,1569.52,1544.1648107910157,5.8960000000000035,0.44843118555052897,91600,True,False
DUTI.JK,4800.0,4800.0,4800.0,4804.0,4669.0,4381.8,4064.2693603515627,42.219999999999985,0.18195546380356942,400,False,False
DSSA.JK,1155.0,1173.3333333333333,1164.0,1135.0,1066.75,926.8,1105.18,49.30666666666666,2.6766612205907188,186181100,False,False
DSNG.JK,1660.0,1645.0,1669.0,1599.0,1474.25,1330.4,1350.4589697265626,67.71999999999998,3.2897813136617895,4462100,False,False
DSFI.JK,87.0,87.33333333333333,87.6,87.4,85.45,79.64,82.17,7.959999999999994,1.7793784487451751,5390900,False,False
DRMA.JK,1005.0,1005.0,1007.0,1009.0,998.75,947.9,956.4766662597656,12.220000000000004,1.0607513028248807,352400,False,False
DPUM.JK,107.0,102.0,99.8,96.6,96.7,97.0,124.05,10.400000000000006,2.4018197009849804,141909100,False,False
DOSS.JK,171.0,171.0,170.6,170.0,169.95,152.32,145.97007331848144,18.680000000000007,1.391837387011045,1758100,False,False
DOOH.JK,326.0,326.0,326.0,326.0,310.2,225.32,185.74,50.34,0.0,0,False,False
DOID.JK,258.0,244.66666666666666,243.6,238.0,226.0,215.42,220.9,21.290000000000006,4.2807566472167595,17077800,False,False
DNET.JK,10000.0,9975.0,9965.0,9982.5,9933.75,9844.0,9801.25,6.24,1.9484510634070917,1000,False,False
DNAR.JK,138.0,136.66666666666666,135.4,131.2,128.3,121.24,124.47,16.760000000000005,1.5627267196368853,1554400,False,False
DMND.JK,615.0,620.0,623.0,620.5,621.5,617.4,616.3631982421875,1.6,1.8960630573679929,55300,True,False
DMMX.JK,190.0,191.66666666666666,190.4,190.3,190.0,177.03,182.26064880371095,14.636666666666656,4.4600246712287985,864100,False,False
DMAS.JK,202.0,200.0,200.0,193.0,173.85,153.2,142.80158935546876,24.400000000000006,5.456615846596965,819761500,False,False
DLTA.JK,1790.0,1795.0,1796.0,1790.0,1788.0,1773.0094995117188,1767.645205078125,4.598100097656243,0.5960224437308124,28700,True,False
DKHH.JK,78.0,71.33333333333333,69.8,67.2,65.55,63.44,65.42,14.560000000000002,4.935619755486947,485165600,False,False
DKFT.JK,715.0,711.6666666666666,697.0,679.5,671.75,657.6,692.4,11.479999999999995,2.101903783439892,5253500,False,False
DIVA.JK,136.0,136.33333333333334,137.0,136.5,137.05,124.84,132.47,12.210000000000008,2.8614019059757982,862700,False,False
DILD.JK,121.0,121.33333333333333,122.8,121.1,118.7,116.16,119.03,6.640000000000001,1.696897386525301,15393200,False,False
DIGI.JK,29.0,29.0,29.0,29.0,29.0,28.96,31.59,0.03999999999999915,0.0,0,True,False
DGWG.JK,346.0,347.3333333333333,346.0,347.2,336.2,306.96,321.57129058837893,20.186666666666667,2.8555356543330674,10060900,False,False
DGNS.JK,280.0,269.3333333333333,259.2,245.8,237.8,233.72,241.96,23.14,3.2201944515853254,5440300,False,False
DGIK.JK,143.0,143.0,143.8,139.9,135.2,130.74,130.71,13.060000000000002,2.8781952061935128,10205000,False,False
DFAM.JK,83.0,83.0,82.8,82.3,81.15,81.68,94.02,1.8499999999999943,2.0576100958826187,11198300,True,False
DEWI.JK,154.0,156.33333333333334,155.4,152.5,145.8,130.04,126.42,26.29333333333335,2.4509455332921752,28056800,False,False
DEWA.JK,448.0,448.0,451.6,445.8,450.7,410.2046453857422,412.8024360656738,20.697677307128913,3.842196237701937,505584500,False,False
DEPO.JK,254.0,254.0,252.0,251.4,248.8,246.54205963134766,252.53423110961913,3.7289701843261724,1.2458994679620683,1206600,True,True
DEFI.JK,107.0,107.33333333333333,107.2,105.8,106.25,106.44,127.92,1.5333333333333314,2.8020327345934075,6856700,True,False
DCII.JK,201000.0,201066.66666666666,199090.0,200990.0,202773.75,196223.5,195376.5,262.01,1.9672285864235755,900,False,False
DAYA.JK,1115.0,1116.6666666666667,1120.0,1117.5,1061.5,1014.1,1033.25,21.179999999999996,2.424184249229183,2700,False,False
DATA.JK,1875.0,1881.6666666666667,1854.0,1848.5,1885.0,1992.1,1945.6,28.71999999999998,3.003356276926685,5030200,False,False
DART.JK,161.0,162.0,162.6,163.3,166.25,141.38,139.73,24.870000000000005,1.1091724987681262,360800,False,False
DADA.JK,50.0,50.0,50.0,50.0,50.0,50.0,50.0,0.0,0.0,540000,True,False
DAAZ.JK,1680.0,1676.6666666666667,1677.0,1683.5,1700.75,1602.5,1782.4155480957031,19.65,2.275584095182216,373500,False,False
CYBR.JK,520.0,531.6666666666666,537.0,536.0,552.75,568.9,596.7,9.779999999999996,1.7750531885848717,17450200,False,False
CUAN.JK,935.0,928.3333333333334,919.0,863.0,832.5,720.8,826.26,42.84000000000001,4.701727458047906,406473700,False,False
CTTH.JK,130.0,131.0,130.4,128.1,129.45,125.62,139.33,5.3799999999999955,3.7926139929558795,6475700,True,False
CTRA.JK,635.0,638.3333333333334,636.0,629.5,622.25,586.5368408203125,597.4142010498047,10.35929850260418,1.9607194245211155,5054400,False,False
CTBN.JK,3080.0,3093.3333333333335,3100.0,3128.0,3471.5,4289.3,4841.247216796875,120.93000000000002,0.832690201792037,69100,False,False
CSRA.JK,765.0,773.3333333333334,771.0,770.5,760.5,761.9,804.05,2.5666666666666744,1.3921690812191663,485200,True,False
CSMI.JK,183.0,183.0,183.0,177.1,149.95,105.06,98.11,77.94,6.068578431864786,0,False,False
CSIS.JK,210.0,213.33333333333334,216.0,218.4,214.7,186.75880065917968,173.2004012298584,15.82059967041016,3.392237138676408,895200,False,False
CSAP.JK,298.0,296.0,296.8,293.2,291.9,287.7759991455078,281.8583428955078,5.112000427246102,2.363898111266032,36900,True,False
CRSN.JK,139.0,137.33333333333334,137.4,134.3,127.7,112.66,109.91110160827637,26.340000000000003,3.5632607399612533,498500,False,False
CRAB.JK,220.0,219.33333333333334,218.0,213.0,210.5,209.0,209.62,5.5,2.9222720192239047,824400,True,False
CPRO.JK,50.0,50.0,50.0,50.0,50.5,50.36,52.08,0.5,0.0,1677900,True,False
CPIN.JK,3210.0,3233.3333333333335,3158.0,3084.0,3073.5,3121.6,3466.8532397460935,15.983333333333348,3.1831575614746344,27302900,False,False
COIN.JK,880.0,853.3333333333334,843.0,824.5,777.75,719.6,851.85,32.08,3.4566629654463386,148389700,False,False
COCO.JK,132.0,131.33333333333334,128.6,115.0,108.45,121.57169082641602,204.845845413208,23.549999999999997,8.012861420046047,607086600,False,False
COAL.JK,31.0,31.0,31.0,31.0,30.7,25.34,37.34,5.66,0.0,0,True,False
CNMA.JK,93.0,92.66666666666667,92.6,92.5,93.5,91.6,94.10803924560547,1.9000000000000057,1.1471229466163666,24549200,True,False
CNKO.JK,37.0,37.0,37.0,37.0,37.0,37.0,41.9,0.0,0.0,0,True,False
CMRY.JK,4590.0,4630.0,4644.53828125,4619.69775390625,4590.629467773438,4528.728486328125,4475.196787109375,11.580979492187543,2.0630329696759744,2749300,False,False
CMPP.JK,69.0,69.0,69.0,69.0,69.0,69.02,72.48,0.01999999999999602,0.0,0,True,False
CMNT.JK,740.0,736.6666666666666,740.0,746.0,767.25,782.5,789.75,9.166666666666675,1.346573051689929,34977400,False,False
CMNP.JK,1450.0,1425.0,1419.0,1399.5,1383.75,1362.3,1408.5,17.54000000000001,0.9460602391315909,137000,False,False
CLPI.JK,1630.0,1623.3333333333333,1618.0,1606.5,1602.25,1552.1,1501.5285290527345,15.580000000000018,0.4924858076364805,63200,False,False
CLEO.JK,426.0,419.3333333333333,414.0,408.4,396.8,386.6086407470703,386.24461334228516,19.69567962646485,1.8503909849574693,23090800,False,False
CLAY.JK,2730.0,2710.0,2714.0,2716.0,2740.5,2623.6,2713.4,11.690000000000008,1.2815434849438656,17100,False,False
CITY.JK,186.0,181.33333333333334,179.6,177.7,176.65,170.96,176.09,15.039999999999992,1.3209355568501606,2811700,False,False
CITA.JK,3550.0,3463.3333333333335,3408.0,3329.0,3273.5,3207.2,3255.663896484375,34.280000000000015,1.1167278341848963,169900,False,False
CINT.JK,186.0,187.0,185.8,183.1,180.1,173.12,180.74,13.879999999999995,1.074474217998591,346800,False,False
CHIP.JK,830.0,830.0,829.0,838.5,865.5,902.9737854003906,948.2799725341797,14.794757080078124,1.125610325623779,120000,False,False
CHEM.JK,73.0,71.0,70.6,70.3,69.6,65.74,71.31877319335938,7.260000000000005,3.103774900228214,43434900,False,False
CHEK.JK,138.0,135.66666666666666,135.2,134.2,134.25,130.52,130.35,7.47999999999999,1.5891671315479718,32139000,False,False
CGAS.JK,153.0,152.66666666666666,152.0,150.9,151.15,150.18,155.86416534423827,2.819999999999993,0.990539357185635,7733900,True,False
CFIN.JK,374.0,368.0,364.8,358.8,355.7,343.16,320.8980990600586,15.419999999999987,1.1634764914000308,11195100,False,False
CENT.JK,101.0,100.33333333333333,101.4,103.2,94.9,84.58,86.28,18.620000000000005,3.8725997629474698,25101600,False,False
CEKA.JK,2190.0,2190.0,2186.0,2187.0,2196.5,2179.4,2179.515625,1.7099999999999909,0.5154995070289915,12000,True,False
CDIA.JK,710.0,706.6666666666666,701.0,686.0,694.0,664.1,777.8957482910156,9.179999999999996,3.4284875717820595,127244300,False,False
CCSI.JK,290.0,288.0,290.0,273.4,265.5,255.04,255.94,17.480000000000004,3.8765740738522023,523600,False,False
CBUT.JK,900.0,908.3333333333334,919.0,902.0,847.0,813.6,769.11,21.079999999999995,8.368580480481084,143500,False,False
CBRE.JK,740.0,741.6666666666666,729.0,709.5,698.0,694.8,761.45,9.373333333333335,3.653183068046147,22089400,False,False
CBPE.JK,520.0,531.6666666666666,510.2,511.1,528.3,393.5792694091797,344.76758728027346,27.61747945149739,5.801829843640531,208700,False,False
CBDK.JK,4060.0,4073.3333333333335,3974.0,3892.0,3827.5,3654.6,3920.90029296875,41.873333333333356,2.898837983855459,1279100,False,False
CASS.JK,1835.0,1841.6666666666667,1846.0,1856.5,1870.0,1863.7,1828.1,7.0,0.8487364145540127,499500,False,False
CASH.JK,230.0,224.0,229.2,234.0,225.2,212.62,208.73,10.689999999999998,3.9219348722808736,3503800,False,False
CASA.JK,1800.0,1800.0,1801.0,1804.0,1816.75,1830.7,1632.7,6.1400000000000095,0.3493753984125316,11000,False,False
CARS.JK,113.0,112.66666666666667,112.2,108.6,100.9,92.36,92.07,20.64,3.368870703154984,12766000,False,False
CARE.JK,428.0,446.6666666666667,448.8,445.8,437.2,428.64,419.62,10.400000000000006,2.104736628575616,4385100,False,False
CANI.JK,135.0,135.0,135.0,135.0,135.0,135.0,140.46,0.0,0.0,0,True,False
CAMP.JK,172.0,172.0,171.6,170.9,170.85,170.0,180.37,2.0,0.8203373549899775,768900,True,False
CAKK.JK,159.0,159.33333333333334,159.2,155.5,148.75,141.06,147.19,18.27333333333334,1.8670481878946863,91400,False,False
BYAN.JK,13800.0,13808.333333333334,13835.0,14325.0,14126.25,12722.5,11751.393408203125,64.1,1.8074172478856125,358600,False,False
BWPT.JK,126.0,128.33333333333334,125.2,114.6,105.15,89.26,96.23,39.07333333333334,8.296379291887636,223036800,False,False
BVIC.JK,94.0,95.0,95.4,94.0,93.25,89.36,93.57,6.040000000000006,1.523791312573269,733000,False,False
BUVA.JK,740.0,765.0,771.0,749.0,746.25,800.5,868.05,12.1,4.026859154205655,83193600,False,False
BUMI.JK,220.0,212.0,209.6,200.2,192.85,170.66,180.85,24.67,3.7040768001528694,1442204304,False,False
BULL.JK,438.0,442.0,446.4,440.6,441.2,402.12,416.45,22.139999999999986,4.1137294236189765,329163900,False,False
BUKK.JK,995.0,993.3333333333334,991.0,992.5,1003.75,1041.4,1060.75,10.080000000000018,1.0555694025771265,58700,False,False
BUKA.JK,113.0,114.0,113.4,110.5,113.15,109.8,121.83,4.200000000000003,3.3887760772566486,60366200,True,False
BUDI.JK,230.0,230.0,231.2,232.0,225.3,214.6,211.48,8.700000000000003,2.612884967845628,1091400,False,False
BUAH.JK,505.0,505.0,505.0,506.0,508.25,508.9,509.78043853759766,0.7799999999999955,0.8044933007950946,225600,True,False
BTPS.JK,1060.0,1028.3333333333333,1012.0,996.5,992.0,995.3,990.0095812988282,13.6,1.5538842044014918,8804200,False,False
BTPN.JK,2410.0,2460.0,2394.0,2307.0,2233.5,2203.4,2177.101424560547,25.65999999999999,2.7915576358068233,20600,False,False
BTON.JK,362.0,364.6666666666667,364.8,363.4,364.1,358.36,364.42,3.219999999999999,1.0628455364396894,14200,True,False
BTEK.JK,10.0,10.0,9.8,10.0,10.35,10.52,11.34,0.7199999999999989,7.331413055201645,82692100,False,False
BSSR.JK,4880.0,4906.666666666667,4828.0,4692.0,4534.5,4326.8,3974.1166748046876,57.98666666666668,2.021443216611619,2674800,False,False
BSML.JK,520.0,518.3333333333334,517.0,517.0,518.25,515.34,465.69,0.9319999999999936,1.1952831311413326,16740600,True,True
BSIM.JK,1120.0,1175.0,1171.0,957.0,828.5,749.4,780.15,85.12,11.421472575429135,372600,False,False
BSDE.JK,655.0,663.3333333333334,659.0,649.0,629.25,592.4,642.4,14.186666666666678,1.6063994232580048,19481900,False,False
BSBK.JK,50.0,50.0,50.0,50.0,51.55,51.78,53.88,1.7800000000000011,0.6200544431702648,2651100,True,False
BRRC.JK,74.0,74.33333333333333,74.6,75.2,71.2,63.2,65.61,12.0,2.8602504751054902,13138300,False,False
BRPT.JK,1770.0,1786.6666666666667,1802.0,1807.5,1838.5,1748.1451245117187,1806.6977734375,18.070975097656266,2.8885928338345708,52507400,False,False
BRNA.JK,620.0,618.3333333333334,613.0,605.0,623.25,609.7,622.0,3.65,1.1116555721688233,671600,True,False
BRMS.JK,715.0,720.0,722.0,732.5,684.25,600.66,648.35,26.368000000000006,3.0591466893273562,128091500,False,False
BRIS.JK,1770.0,1786.6666666666667,1790.0,1788.0,1787.5,1785.9,1818.4684069824218,4.0,0.7087183571359135,16452700,True,False
BREN.JK,3330.0,3350.0,3364.0,3361.0,3433.0,3391.7906591796873,3748.6566015625,10.3,1.9153862133141044,11867200,False,False
BRAM.JK,4660.0,4636.666666666667,4628.0,4619.0,4598.0,4538.4,4455.635437011719,12.160000000000036,1.461157246699445,300,False,False
BPTR.JK,75.0,74.66666666666667,74.8,75.6,76.1,73.02,75.58,3.0799999999999983,1.2152271704102038,740400,True,False
BPII.JK,472.0,472.6666666666667,480.0,487.5003265380859,475.8776580810547,451.48580261230467,455.97365142822264,18.007261962890624,1.5587299627138747,1600,False,False
BPFI.JK,250.0,248.66666666666666,247.2,244.0,250.5,250.9588235473633,253.98230911254882,3.4794117736816474,2.194459301563506,141400,True,False
BOLT.JK,800.0,806.6666666666666,803.0,800.0,798.0,790.6,810.1494952392578,3.2133333333333214,1.811068654343046,14600,True,False
BOLA.JK,193.0,175.0,167.8,158.0,154.65,156.24,158.25,38.349999999999994,4.250801935306517,15171300,False,False
BOGA.JK,1620.0,1625.0,1650.0,1614.0,1609.25,1576.2,1453.35,14.759999999999991,3.429127561369458,3400,False,False
BOBA.JK,218.0,220.0,218.0,213.8,212.7,232.52,252.052306060791,9.91000000000001,1.3347987310005187,668400,False,False
BOAT.JK,135.0,138.33333333333334,140.6,143.2,141.0,126.8,126.8,16.39999999999999,2.177219945664247,2512400,False,False
BNLI.JK,2140.0,2150.0,2160.0,2157.0,2155.5,2253.2,2667.85,11.319999999999983,0.5538005116821888,26200,False,False
BNII.JK,194.0,194.66666666666666,195.0,193.8,193.5,191.28,193.18392044067383,3.719999999999999,0.5346084640849252,406900,True,False
BNGA.JK,1725.0,1713.3333333333333,1707.0,1693.5,1676.75,1634.5,1634.4146069335939,18.1,0.5932535353851729,2971400,False,False
BNBR.JK,100.0,100.0,100.4,99.5,100.3,96.94553176879883,119.61768531799316,3.454468231201176,3.2373935885812646,722740300,True,False
BNBA.JK,770.0,781.6666666666666,781.0,754.0,744.5,741.2,738.15,8.093333333333316,3.4361122377156916,333400,False,False
BMTR.JK,117.0,118.0,116.6,115.3,115.35,115.38,128.46,2.700000000000003,2.2895315270044443,65383500,True,False
BMSR.JK,314.0,317.3333333333333,315.2,313.6,310.5,305.56,307.62,5.886666666666656,0.9962483051155425,25700,True,False
BMRI.JK,4390.0,4423.333333333333,4390.0,4300.0,4229.5,4186.8,4176.543159179688,23.653333333333286,1.2183806087028946,94899700,False,False
BMHS.JK,202.0,197.0,195.4,193.4,191.5,184.36,183.34096939086913,8.819999999999993,1.1631126710874697,5716400,False,False
BMBL.JK,28.0,27.666666666666668,27.6,27.3,29.0,30.74,32.65,3.4399999999999977,4.800142935337738,11473200,False,False
BMAS.JK,505.0,505.0,507.0,510.8,503.5,489.2,490.82,4.320000000000005,2.861455998893462,312100,True,False
BLUE.JK,3160.0,3066.6666666666665,2948.0,2844.0,2645.0,2748.0,2972.803127441406,51.5,6.018804197486333,799200,False,False
BLTA.JK,32.0,32.333333333333336,32.8,32.6,32.8,32.84,35.4,0.8400000000000034,3.040753243847839,2462800,True,False
BLOG.JK,378.0,380.0,380.4,381.4,381.4,365.28,357.7698278808594,8.060000000000002,0.8821693322068223,896400,False,False
BLES.JK,187.0,192.0,195.4,200.3,204.85,177.18,162.9067124938965,27.669999999999987,2.4079269634405787,17559000,False,False
BKSW.JK,55.0,55.0,54.8,53.2,52.8,52.28,53.81,2.719999999999999,2.18745228671133,1789200,True,True
BKSL.JK,75.0,75.66666666666667,75.8,74.9,75.05,69.64,78.16,6.159999999999997,2.6454195499801605,163697400,False,False
BKDP.JK,167.0,159.0,154.4,157.0,163.0,148.58,127.44,18.419999999999987,6.471096997099175,4107300,False,False
BJTM.JK,530.0,530.0,529.0,525.0,520.5,517.2,519.2652478027344,2.5599999999999907,0.6017433540074536,6702200,True,True
BJBR.JK,805.0,803.3333333333334,800.0,795.0,792.0,782.5,776.9695227050781,4.5,0.5976516264613609,3818600,True,True
BISI.JK,735.0,736.6666666666666,731.0,720.5,703.75,670.4,695.0434051513672,13.25333333333333,1.6695806534720015,191800,False,False
BIRD.JK,1625.0,1628.3333333333333,1627.0,1627.0,1631.5,1599.28,1513.3446105957032,6.444000000000005,0.4833234808879776,384200,False,False
BIPP.JK,70.0,69.0,67.8,67.6,67.95,65.26,67.82,4.739999999999995,3.16468579561437,11295600,True,True
BIPI.JK,145.0,146.33333333333334,147.8,147.0,149.35,142.6,172.89,6.75,4.487320609376167,210300300,False,False
BINO.JK,120.0,120.0,118.8,117.1,115.4,107.4,108.7,12.599999999999994,1.163076915869317,281800,False,False
BINA.JK,4180.0,4173.333333333333,4188.0,4188.0,4148.0,4080.4,4014.8,10.759999999999991,3.046587516273586,185500,False,False
BIKE.JK,830.0,758.3333333333334,754.0,749.8,629.9,557.96,537.13,54.407999999999994,14.765909583397002,994000,False,False
BHIT.JK,25.0,25.0,25.2,25.1,25.5,25.64,28.05,0.6400000000000006,2.6696595220402997,9622300,True,False
BHAT.JK,1770.0,1770.0,1770.0,1770.0,1770.0,1770.0,1521.8,0.0,0.0,0,True,False
BGTG.JK,123.0,123.33333333333333,123.6,118.2,114.5,111.72,113.67,11.879999999999995,2.997369759975298,4120000,False,False
BFIN.JK,1015.0,976.6666666666666,972.0,933.0,916.0,851.0,785.0684436035157,32.8,3.12469809662126,56741600,False,False
BEST.JK,137.0,137.33333333333334,136.0,131.1,123.0,109.92,107.02,27.41333333333334,4.916052769673825,54300200,False,False
BESS.JK,910.0,901.6666666666666,899.0,902.5,906.25,907.9251232910157,978.3518670654297,2.2,1.8460484627807792,107700,True,False
BELL.JK,113.0,114.0,114.0,114.1,114.55,112.02,118.82,2.530000000000001,1.2211326272369054,13576800,True,False
BELI.JK,340.0,348.6666666666667,355.6,308.0,285.2,271.4,306.94,42.10000000000002,11.867274904289584,894900,False,False
BEKS.JK,23.0,23.333333333333332,23.2,23.0,23.15,21.82,23.0,1.5133333333333319,2.902395628806431,5457900,True,True
BEER.JK,82.0,81.66666666666667,82.2,81.6,79.85,78.2,94.29,4.0,5.119531313187619,14297100,False,False
BEEF.JK,446.0,451.3333333333333,450.0,455.0,449.3,353.26,268.58,50.870000000000005,2.126744099327223,4687000,False,False
BDMN.JK,4400.0,4443.333333333333,4406.0,4339.0,4300.5,4170.6,4135.0,27.273333333333266,1.6691028743136702,987600,False,False
BDKR.JK,155.0,155.33333333333334,155.2,156.4,159.0,153.12,149.78921669006348,5.8799999999999955,0.8618166322806563,6296900,True,True
BCIP.JK,63.0,63.0,62.8,62.7,63.1,61.68,64.47,1.4200000000000017,1.4450653149512585,3378700,True,False
BCIC.JK,135.0,135.66666666666666,136.8,134.2,131.6,126.42,124.04,10.38000000000001,2.6875332150686044,920300,False,False
BCAP.JK,50.0,50.0,50.0,50.0,50.0,50.04,50.59,0.03999999999999915,0.0,173300,True,False
BBYB.JK,264.0,269.3333333333333,270.4,260.2,257.9,244.28,260.26,13.059999999999988,2.996059086387741,23992000,False,False
BBTN.JK,1235.0,1243.3333333333333,1239.0,1230.5,1223.75,1206.2,1251.6,7.426666666666643,1.2413881162200915,8718000,False,False
BBSS.JK,100.0,100.33333333333333,101.0,101.0,102.45,98.16,119.78,4.290000000000006,2.7118681574277383,118181700,True,False
BBSI.JK,4670.0,4670.0,4674.0,4674.0,4669.5,4679.4,4634.9,0.9899999999999636,0.3194173176238682,3900,True,False
BBRM.JK,120.0,120.0,119.0,116.5,116.2,116.46,121.94,3.799999999999997,2.1651066308213593,3597100,True,False
BBRI.JK,3370.0,3390.0,3388.0,3284.0,3204.5,3024.6,3029.5886083984374,36.540000000000006,1.5508335207399904,140651200,False,False
BBNI.JK,3910.0,3936.6666666666665,3916.0,3829.0,3723.0,3569.0,3629.6,36.76666666666665,0.9900795288089098,21661900,False,False
BBMD.JK,1950.0,1953.3333333333333,1980.0,1985.5,1992.5,1969.0,1948.9591870117188,8.5,1.4957771571184582,6300,False,False
BBLD.JK,680.0,685.0,693.0,688.0,656.75,604.3,619.405404663086,17.74000000000001,3.1419750177248913,80200,False,False
BBKP.JK,54.0,54.0,54.4,54.3,54.85,53.46,55.59,1.3900000000000006,1.6063704770378262,58764500,True,False
BBHI.JK,900.0,900.0,895.0,898.0,901.25,912.0992639160156,980.0093341064453,3.4198527832031234,1.41439988761772,13498700,True,False
BBCA.JK,6625.0,6700.0,6675.0,6537.60615234375,6435.279931640625,6289.21232421875,6141.241279296875,16.431507031250003,1.160307852873194,65118000,False,False
BAYU.JK,1350.0,1358.3333333333333,1352.0,1331.5,1275.5,1197.3,1189.446287841797,32.20666666666666,1.626263019545568,194900,False,False
BAUT.JK,37.0,36.333333333333336,36.8,36.9,36.65,31.76,30.69,5.239999999999998,4.179682269854201,6972300,False,False
BATR.JK,93.0,93.66666666666667,93.6,93.8,94.5,90.84,89.2008048248291,3.6599999999999966,1.7347722021674894,313200,True,False
BATA.JK,59.0,59.0,59.0,59.0,59.0,59.02,61.04,0.020000000000003126,0.0,0,True,False
BAPI.JK,20.0,19.333333333333332,19.0,18.6,18.9,17.48,20.17,2.5199999999999996,3.963879026834856,6486600,False,False
BAPA.JK,139.0,138.66666666666666,146.4,149.4,148.6,210.58,220.06,71.91333333333336,8.161548291512906,11640400,False,False
BANK.JK,270.0,273.3333333333333,274.4,273.8,272.3,276.6,343.14,3.3000000000000114,1.780995824508551,7311000,True,False
BALI.JK,1310.0,1335.0,1383.0,1332.0,1283.0,1254.5,1255.4,25.7,4.8881878272062975,177700,False,False
BAJA.JK,270.0,274.0,280.4,275.4,308.7,244.02,197.68,32.33999999999999,6.585429156356764,4546700,False,False
BAIK.JK,262.0,267.3333333333333,266.0,273.4,329.8,552.72,569.84,145.36,3.053984441346424,8773400,False,False
BACA.JK,119.0,120.33333333333333,120.6,119.0,118.05,112.62,119.44,7.97999999999999,1.66115113491088,2454600,False,False
BABY.JK,208.0,210.66666666666666,211.6,212.0,214.65,194.04,200.61,10.305000000000007,2.0838982704148594,799500,False,False
BABP.JK,50.0,50.0,50.0,50.0,50.0,50.0,50.51,0.0,0.0,121900,True,False
AYLS.JK,157.0,156.0,155.4,152.7,154.9,153.74,156.15,4.300000000000011,1.7883454073735774,1609500,True,True
AYAM.JK,492.0,492.0,488.8,480.6,473.5,418.24,374.66,36.879999999999995,2.2516781921657683,17571500,False,False
AXIO.JK,115.0,115.0,115.4,116.0,114.55,112.28,110.42079315185546,3.719999999999999,2.5451603359149786,636600,True,False
AWAN.JK,168.0,168.0,169.8,167.4,164.1,155.72,152.22,14.080000000000013,2.3013710212510166,259600,False,False
AVIA.JK,366.0,369.3333333333333,367.6,362.4,350.7,333.4,341.6600003051758,17.96666666666667,2.1954657659457713,6747000,False,False
AUTO.JK,3340.0,3353.3333333333335,3368.0,3323.0,3115.5,2794.6,2659.8443627929687,57.34000000000001,2.251107572923133,1956100,False,False
ATLA.JK,50.0,50.0,50.0,50.0,50.0,50.04,50.47498332977295,0.03999999999999915,0.0,770100,True,False
ATIC.JK,470.0,465.3333333333333,466.4,466.6,465.3,470.88,489.55,2.789999999999992,1.176832227304668,56200,True,False
ATAP.JK,550.0,553.3333333333334,553.0,555.5,578.75,540.38,495.73,7.674000000000001,4.099799391898604,858100,False,False
ASSA.JK,655.0,645.0,643.0,634.5,634.0,616.8,653.621875,7.6400000000000095,1.8332210820188297,18313900,False,False
ASRM.JK,282.0,281.3333333333333,279.6,278.2,273.9,263.64,265.0075164794922,9.180000000000007,1.5994662621133349,16000,False,False
ASRI.JK,127.0,128.33333333333334,127.8,125.9,125.3,120.46,120.65368370056153,7.873333333333349,1.6045814805415202,5354000,False,False
ASPR.JK,146.0,148.0,150.0,151.3,153.65,150.62,204.47022796630858,7.650000000000006,3.7494209572687303,22733000,False,False
ASPI.JK,404.0,415.3333333333333,416.8,403.8,403.2,416.82,408.08,6.810000000000002,2.6417669580071035,2959500,False,False
ASMI.JK,15.0,14.666666666666666,15.0,15.3,15.9,16.28,16.72,1.613333333333335,5.764839893678577,4124000,False,False
ASLI.JK,400.0,384.0,366.8,309.2,263.45,224.62,256.41,87.69,8.819992829860327,149749600,False,False
ASLC.JK,69.0,69.0,68.4,68.0,65.3,63.26,66.55,5.740000000000002,4.963102021907264,5850500,False,False
ASJT.JK,162.0,162.0,162.0,161.6,158.85,158.94,166.17736709594726,3.1500000000000057,1.1499680894291902,134900,True,False
ASII.JK,4910.0,4953.333333333333,4924.0,4858.0,4838.5,4892.6,5142.442626953125,11.483333333333302,2.0002610961859215,41646800,False,False
ASHA.JK,57.0,57.666666666666664,57.8,57.6,58.7,57.2,62.73,1.7000000000000028,3.078983750004286,16959400,True,False
ASGR.JK,2170.0,2166.6666666666665,2190.0,2116.0,1953.75,1848.7,1699.564091796875,34.129999999999995,4.425928299390856,748400,False,False
ASDM.JK,515.0,518.3333333333334,518.0,514.0,512.75,510.7330084228516,508.5053927612305,1.5200649820963577,1.3414964942814502,13600,True,False
ASBI.JK,400.0,402.6666666666667,402.4,406.0,409.8,416.28,411.13509765625,8.139999999999986,2.5102525730772935,23700,False,False
ARTO.JK,1020.0,1036.6666666666667,1026.0,1008.5,1093.5,1138.8,1151.05,26.05999999999999,2.899925589019072,19732700,False,False
ARTA.JK,2340.0,2316.6666666666665,2286.0,2282.0,2303.0,2440.2,2442.35,15.819999999999983,1.9219177728751407,2400,False,False
ARNA.JK,510.0,510.0,508.0,499.8,497.4,482.32,471.76,5.536000000000001,0.6665705340333513,2837300,True,True
ARKO.JK,4790.0,4776.666666666667,4808.0,4927.5,5059.0,4936.2,6109.05,28.233333333333302,1.8610655151880775,2061600,False,False
ARKA.JK,22.0,22.0,22.0,22.0,22.0,22.0,25.6,0.0,0.0,0,True,False
ARII.JK,312.0,308.0,303.2,298.8,290.3,280.8,281.54,15.599999999999994,1.304078981652038,436600,False,False
ARGO.JK,1170.0,1171.6666666666667,1171.0,1154.0,1159.25,1102.6,1008.75,13.813333333333366,0.9847468602446288,103800,False,False
AREA.JK,336.0,337.3333333333333,338.8,339.0,307.3,277.48,274.94,30.75999999999999,6.564618836936428,665200,False,False
ARCI.JK,1310.0,1328.3333333333333,1312.0,1355.5,1316.75,1145.1,1215.7023022460937,42.08000000000002,3.6612672428187576,31053600,False,False
APLN.JK,134.0,136.0,136.2,135.9,134.65,128.22,142.68,7.97999999999999,3.056431043170811,20833900,False,False
APLI.JK,276.0,277.3333333333333,277.2,273.6,268.0,255.04,242.57795547485352,11.146666666666661,0.9871622093808553,283300,False,False
APII.JK,192.0,191.66666666666666,191.8,191.3,190.15,186.13428558349608,183.76890075683593,5.86571441650392,0.5141100692928361,12600,True,False
APIC.JK,510.0,511.6666666666667,512.0,513.5,534.25,606.2,909.65,19.24000000000001,2.5716453605034215,517200,False,False
APEX.JK,202.0,201.33333333333334,201.6,194.2,187.2,159.88,159.6,21.060000000000002,2.9988920914739774,8747100,False,False
ANTM.JK,3080.0,3116.6666666666665,3092.0,3125.0,3113.5,3001.6,3059.4260986328127,12.340000000000009,1.680999152382016,72342200,False,False
ANJT.JK,1595.0,1595.0,1596.0,1597.5,1557.0,1498.5,1575.2,19.8,0.9430853018632772,90400,False,False
ANDI.JK,20.0,19.0,18.0,17.3,17.45,17.5,19.32,2.6999999999999993,4.831535184471926,7595300,False,False
AMRT.JK,1315.0,1316.6666666666667,1319.0,1344.0,1366.0,1371.7,1364.7192834472655,11.340000000000009,1.4382863208811025,18085300,False,False
AMOR.JK,370.0,363.3333333333333,360.4,358.6,358.4,345.32,344.28,12.340000000000003,1.0241574915727854,706200,False,False
AMMS.JK,226.0,214.66666666666666,214.0,217.2,199.2,256.2,314.92,28.5,7.271095616220709,1502700,False,False
AMMN.JK,4410.0,4410.0,4372.0,4394.0,4358.0,4026.0,4061.95,38.4,1.8781002059430556,30029000,False,False
AMIN.JK,242.0,240.66666666666666,241.2,241.2,242.7,243.28,247.7,1.306666666666672,1.8505091476516915,97000,True,False
AMFG.JK,3330.0,3330.0,3330.0,3330.0,3329.0,3213.0833935546875,3128.4225024414063,11.691660644531249,0.0,3700,False,False
AMAR.JK,234.0,235.33333333333334,235.2,232.8,227.41675567626953,213.39526947021486,199.8727963256836,10.969031931559243,1.1186744445322412,385100,False,False
AMAN.JK,232.0,233.33333333333334,229.2,228.0,234.7,249.52,256.2,10.760000000000005,2.510033290475998,554100,False,False
AMAG.JK,390.0,390.0,389.6,389.6,389.2,389.48,394.10861053466795,0.4000000000000057,0.2920326197869544,115900,True,False
ALKA.JK,3750.0,3960.0,4208.0,4394.0,3797.0,2161.6,1373.97,223.24,3.4729925732528337,136900,False,False
ALII.JK,770.0,781.6666666666666,777.0,780.5,790.5,760.04,803.0580047607422,6.092000000000008,2.6820791165882887,748400,False,False
ALDO.JK,940.0,950.0,947.0,936.5,915.0,813.8497839355468,736.2360949707031,27.23004321289063,1.5670096857355975,24200,False,False
AKSI.JK,292.0,292.0,275.6,258.4,244.6,230.88,246.08,30.560000000000002,8.724944125942457,4353600,False,False
AKRA.JK,1450.0,1411.6666666666667,1406.0,1399.0,1399.25,1355.0727099609376,1335.6553186035155,18.985458007812486,3.0963275596189934,58910500,False,False
AKPI.JK,530.0,535.0,529.0,516.4,511.45,499.72,503.8086114501953,7.055999999999995,1.814617431983563,696000,False,False
AKKU.JK,38.0,38.0,38.0,38.0,38.0,38.0,38.0,0.0,0.0,0,True,False
AISA.JK,118.0,118.66666666666667,119.2,118.4,118.85,112.66,113.04,6.540000000000006,2.8074599524753987,2259900,False,False
AIMS.JK,510.0,515.0,513.0,448.3,418.65,403.94,409.51,22.212,8.590624663672605,998200,False,False
AHAP.JK,102.0,101.66666666666667,102.2,99.2,99.05,94.98,95.87,7.219999999999999,3.2273898613618757,14889800,False,False
AGRS.JK,63.0,64.0,63.0,61.8,61.4,61.06,63.46,2.9399999999999977,2.072426488117228,7177200,True,False
AGRO.JK,155.0,154.33333333333334,153.4,150.0,150.25,146.58,158.03,8.419999999999987,1.823650499691469,3989400,False,False
AGII.JK,3000.0,3003.3333333333335,3004.0,2928.0,2915.0,2906.8,2887.8428149414062,9.719999999999981,2.5144343706781815,67200,False,False
AGAR.JK,1325.0,1475.0,1609.0,1709.5,1644.0,957.82,595.55,150.33599999999998,4.77012017870488,46800,False,False
AEGS.JK,48.0,47.0,46.8,46.5,44.05,42.0,44.64,6.0,4.61391489890225,5658400,False,False
ADRO.JK,2700.0,2720.0,2718.0,2704.0,2620.0,2505.6,2432.7645751953123,21.44000000000001,3.319152954440474,32017200,False,False
ADMR.JK,1645.0,1653.3333333333333,1648.0,1678.5,1655.5,1549.2,1602.8152380371093,25.859999999999992,2.7784610972032224,17833800,False,False
ADMG.JK,274.0,279.3333333333333,271.2,262.2,260.2,232.34,217.9,23.496666666666655,3.594238374231461,2945600,False,False
ADMF.JK,8725.0,8725.0,8725.0,8720.0,8685.0,8431.5,8400.25,11.74,0.13526711026770116,58000,False,False
ADHI.JK,133.0,133.0,133.0,133.0,137.35,149.78,163.77,16.78,0.0,0,False,False
ADES.JK,31550.0,31733.333333333332,31855.0,32162.5,32515.0,33694.5,27815.0,85.78,0.27102624018018673,7600,False,False
ADCP.JK,50.0,50.0,50.0,50.0,50.0,50.0,50.28,0.0,0.0,0,True,False
ACST.JK,98.0,93.66666666666667,91.2,88.6,87.1,83.42,85.01,14.579999999999998,2.048606035472596,1409100,False,False
ACRO.JK,68.0,66.66666666666667,66.6,65.4,63.95,61.86907012939453,63.255652809143065,6.1309298706054705,1.9350337957757413,42678600,False,False
ACES.JK,358.0,357.3333333333333,355.2,356.6,357.1,350.8,340.9900842285156,3.5999999999999943,1.1943598146741645,16629700,True,True
ABMM.JK,2910.0,2876.6666666666665,2840.0,2774.0,2728.0,2549.4,2586.409982910156,36.05999999999999,1.2194887810944195,1328000,False,False
ABDA.JK,4480.0,4276.666666666667,4166.0,4007.0,3914.5,3614.6,3416.9,86.54,3.169311743168117,120200,False,False
ABBA.JK,30.0,30.0,30.0,30.0,30.0,30.0,33.88,0.0,0.0,0,True,False
AALI.JK,8375.0,8500.0,8455.0,8212.5,7885.0,7040.0,7067.10044921875,58.4,2.040053354904975,1101800,False,False
AADI.JK,11700.0,11375.0,11130.0,10707.5,10081.25,9171.5,8975.66087890625,101.14,2.904711051852157,18108700,False,False
