Ticker,Close,MA3,MA5,MA10,MA20,MA50,MA100,Range_Ticks,Vol_Pct,Volume,MA_Tight,Signal
ZYRX.JK,121.0,120.33333333333333,121.6,124.7,126.85,128.44,134.38175201416016,8.10666666666667,1.7694503379035793,226900,False,False
ZONE.JK,700.0,726.6666666666666,748.0,666.0,593.75,504.713486328125,429.0824560546875,48.657302734375,10.775330092755105,53800,False,False
ZINC.JK,30.0,30.0,30.0,30.0,30.0,30.0,30.15,0.0,0.0,0,True,False
YUPI.JK,1300.0,1303.3333333333333,1302.0,1306.0,1318.0,1348.6,1422.9605529785156,9.719999999999981,0.4785004943013737,5300,False,False
YULE.JK,3380.0,3383.3333333333335,3378.0,3413.0,3377.0,3363.4,3347.0077124023437,4.959999999999991,2.2285743691993196,7800,True,False
YPAS.JK,605.0,626.6666666666666,610.0,599.0,603.5,624.0,870.0,5.533333333333326,4.631069636058039,21300,False,False
YOII.JK,85.0,84.33333333333333,84.0,84.5,85.45,83.86,89.93,1.5900000000000034,1.5270441129795072,2502700,True,False
YELO.JK,94.0,88.66666666666667,86.2,82.5,78.25,74.34,86.96,19.659999999999997,4.847526662293726,262936800,False,False
WTON.JK,76.0,76.33333333333333,76.4,76.0,74.65,74.23080001831055,80.79198822021485,2.1691999816894594,1.6682480937141868,332200,True,False
WSBP.JK,14.0,14.0,14.0,14.0,14.0,14.22,16.25,0.22000000000000064,0.0,0,True,False
WOWS.JK,60.0,58.666666666666664,58.4,59.0,59.05,58.38,65.55,1.6199999999999974,2.238960257109659,21396200,True,False
WOOD.JK,226.0,232.66666666666666,232.0,226.6,211.9,221.6,261.96,10.383333333333326,7.209684849304654,3877100,False,False
WOMF.JK,256.0,260.0,256.4,254.0,252.5,255.08,275.93252716064455,3.75,1.957416460646531,12000,True,False
WMUU.JK,54.0,53.333333333333336,52.8,53.5,51.75,51.56,59.95,2.4399999999999977,7.426758614314277,168011400,False,False
WIRG.JK,59.0,58.0,57.2,57.3,55.1,55.52,66.69,3.8999999999999986,1.9976901249397518,20170800,True,False
WINS.JK,515.0,510.0,514.0,513.5,521.75,513.3327783203125,514.5496347045898,2.35,1.7789281440661733,1107300,True,True
WINR.JK,21.0,20.666666666666668,20.6,20.5,20.65,21.66,26.36,1.1600000000000001,5.286687424379279,3168900,False,False
WINE.JK,149.0,150.66666666666666,150.8,150.2,149.45,151.09392486572267,163.80753204345703,2.09392486572267,1.3709883956010256,64600,True,False
WIIM.JK,1720.0,1711.6666666666667,1715.0,1663.5,1620.0,1597.7539306640624,1675.1691064453125,24.449213867187517,2.145592767293971,295600,False,False
WIFI.JK,1975.0,1978.3333333333333,1973.0,1989.5,1913.65,1792.006591796875,2017.6837170410156,39.498681640625,2.2032046610350724,2574000,False,False
WIDI.JK,26.0,25.666666666666668,25.8,26.5,26.55,25.72,28.42,0.8833333333333329,3.9743034087073976,1700000,False,False
WGSH.JK,154.0,160.0,157.8,145.8,141.35,129.44,121.02,30.560000000000002,5.040060707619775,2700500,False,False
WEHA.JK,107.0,105.66666666666667,104.4,104.5,103.25,106.46,114.03793403625488,3.75,1.521469673698721,3650200,True,False
WEGE.JK,50.0,50.0,50.0,50.0,50.0,50.06,53.37,0.060000000000002274,0.0,114400,True,False
WAPO.JK,123.0,122.0,121.4,121.3,118.8,114.42,122.74,8.579999999999998,1.3431972250017983,145400,False,False
VTNY.JK,64.0,63.666666666666664,63.4,64.1,62.85,60.22,64.21,3.8799999999999955,2.7241015491942298,10682700,True,False
VRNA.JK,76.0,76.0,76.0,76.2,75.8,74.74,76.36,1.460000000000008,1.2325688402121595,4000,True,False
VOKS.JK,202.0,203.33333333333334,203.6,201.0,198.9,199.76,208.09,2.3499999999999943,1.9094069328480296,61400,True,False
VKTR.JK,720.0,720.0,718.0,759.5,709.25,646.96,749.23,22.507999999999992,5.3576033339163605,9090800,False,False
VIVA.JK,50.0,46.0,42.6,40.5,36.95,34.46,37.56,15.54,6.778241904282069,15188800,False,False
VISI.JK,865.0,861.6666666666666,853.0,870.0,895.75,937.1,814.55,16.820000000000004,1.4938609437718386,88900,False,False
VINS.JK,138.0,139.33333333333334,139.0,138.9,138.95,136.54,149.37,2.7933333333333508,1.0362868445932034,30500,True,False
VICO.JK,139.0,140.0,140.4,140.5,138.25,137.7,147.96,2.8000000000000114,0.6716249365498059,15900,True,False
VICI.JK,585.0,581.6666666666666,576.0,584.5,602.25,582.7232916259766,577.2266891479492,5.25,1.9099945177242375,105700,True,False
VERN.JK,204.0,200.33333333333334,199.0,198.9,190.1,153.14,138.74,25.430000000000007,2.3057582288756038,1807100,False,False
VAST.JK,117.0,117.0,115.4,116.4,115.65,115.7,118.55,1.5999999999999943,2.1268267666742005,509400,True,False
UVCR.JK,150.0,148.0,148.2,149.5,143.3,162.90920349121095,166.1268571472168,19.609203491210934,2.683771111129766,12289500,False,False
URBN.JK,210.0,208.0,207.2,214.6,220.0,206.88,196.38,6.560000000000002,2.0809517821703207,7000,False,False
UNVR.JK,1750.0,1748.3333333333333,1731.0,1711.0,1707.25,1669.0073901367186,1680.7535302734375,16.198521972656273,1.1689929884374348,1661400,False,False
UNTR.JK,23900.0,23883.333333333332,24080.0,24735.0,25338.75,23755.5,26319.49947265625,63.33,0.8580101792305277,356700,False,False
UNTD.JK,80.0,80.0,79.8,79.6,77.4,73.52,78.25,6.480000000000004,0.7151420300639578,4064800,False,False
UNSP.JK,206.0,206.0,206.0,206.0,206.0,219.52,277.02,6.760000000000005,0.0,0,False,False
UNIQ.JK,112.0,111.66666666666667,110.4,110.8,108.9,103.28,116.27,8.719999999999999,2.0846950822746733,109800,False,False
UNIC.JK,14950.0,15166.666666666666,14210.0,13475.0,13017.5,12790.16419921875,11700.638837890625,95.06009869791662,6.367816036350581,4300,False,False
ULTJ.JK,1510.0,1490.0,1445.0,1415.0,1409.5,1396.5,1484.2,22.7,2.610161044478144,2039000,False,False
UFOE.JK,137.0,136.66666666666666,136.0,136.2,136.1,136.04,141.86,1.0,2.546012750217672,48300,True,False
UDNG.JK,1075.0,1078.3333333333333,1089.0,1151.0,1224.5,1291.9,1220.25,43.38000000000002,2.832692773033795,136700,False,False
UCID.JK,414.0,414.0,395.2,389.8,383.5,377.05311706542966,386.76471435546875,18.47344146728517,4.22960262755774,388400,False,False
UANG.JK,2450.0,2413.3333333333335,2332.0,2348.0,2406.0,2310.4,2951.9,13.95999999999999,3.905420927585107,61600,False,False
TYRE.JK,114.0,113.66666666666667,112.8,112.9,114.2,109.54,112.39,4.659999999999997,2.594233035409015,585300,True,False
TUGU.JK,1215.0,1218.3333333333333,1209.0,1212.5,1227.75,1174.5,1169.7636303710938,10.65,0.8561368837610711,53200,False,False
TSPC.JK,2830.0,2853.3333333333335,2844.0,2765.0,2649.5,2524.6,2496.6,32.873333333333356,1.5011051432648364,108200,False,False
TRUS.JK,392.0,405.3333333333333,411.6,412.8,430.2,352.35967041015624,346.12975433349607,38.920164794921874,2.4811135828403117,96300,False,False
TRUK.JK,625.0,532.3333333333334,487.8,452.9,436.95,410.18,412.24,42.964,8.774733864852786,4708100,False,False
TRUE.JK,50.0,50.0,50.0,50.0,50.0,61.14,108.09,11.14,0.0,0,False,False
TRST.JK,446.0,452.6666666666667,456.8,464.6,473.65,468.1266613769531,464.6758251953125,13.824999999999989,0.47427578698215656,9300,False,False
TRON.JK,108.0,108.66666666666667,108.8,110.3,106.5,97.64,116.3,12.659999999999997,4.555419103512405,6382300,False,False
TRJA.JK,111.0,111.0,111.4,110.9,111.7,111.36,121.51,0.7999999999999972,2.601013196213444,93900,True,False
TRIS.JK,170.0,168.66666666666666,167.8,167.8,165.5,163.36,168.3528126525879,6.639999999999986,1.6308124769770134,177200,False,False
TRIN.JK,320.0,316.6666666666667,317.2,331.2,329.4,368.1,542.98,25.71666666666667,3.6962963543711336,1340200,False,False
TRIM.JK,610.0,596.6666666666666,578.0,576.5,570.75,544.7661645507812,542.3224331665039,13.046767089843751,3.5637688062548882,233200,False,False
TRGU.JK,163.0,163.0,164.4,163.6,163.4,169.44,177.22,6.439999999999998,1.761696242117182,13500,False,False
TPMA.JK,464.0,464.0,458.8,454.4,449.8,434.26,504.1,14.870000000000005,1.6608597008152335,922900,False,False
TPIA.JK,2090.0,2110.0,2128.0,2137.0,2035.5,1905.2785302734376,3522.266564941406,23.172146972656243,3.2482728787331725,117298000,False,False
TOWR.JK,406.0,403.3333333333333,403.6,405.4,395.7,376.9142431640625,422.8258483886719,14.542878417968751,1.2419045994602858,9702400,False,False
TOTO.JK,232.0,236.0,239.2,241.2,240.7,235.25406677246093,244.24567337036132,4.599999999999994,1.10545194251987,871700,True,False
TOTL.JK,1150.0,1145.0,1130.0,1096.5,1072.5,1058.0,1039.4769927978516,18.4,2.069065771513385,1127000,False,False
TOSK.JK,69.0,68.33333333333333,67.8,67.6,65.9,60.4,62.21,8.600000000000001,1.9236608976309184,3932600,False,False
TOOL.JK,65.0,64.66666666666667,65.0,65.7,66.25,63.76,66.55,2.490000000000002,2.7166566271188555,2157000,True,False
TOBA.JK,462.0,460.0,456.8,465.6,452.2,415.96,495.18290161132813,24.82000000000002,2.489286189838373,3957100,False,False
TNCA.JK,163.0,164.66666666666666,165.0,158.2,148.2,145.3,165.24,19.69999999999999,4.5920770823069414,332900,False,False
TMPO.JK,130.0,131.66666666666666,121.6,114.5,109.05,107.0,116.58,24.666666666666657,12.880787671268745,42282100,False,False
TMAS.JK,121.0,121.0,121.4,120.7,119.5,116.18941192626953,118.77411781311035,5.210588073730477,1.6426696962189216,467700,True,False
TLKM.JK,2740.0,2703.3333333333335,2668.0,2647.0,2610.5,2596.9019384765625,2699.321748046875,14.309806152343754,2.3371153880153637,14888900,False,False
TLDN.JK,555.0,538.3333333333334,530.0,529.0,521.5,512.54,558.8144146728515,8.492000000000008,1.8466053965758054,663000,False,False
TKIM.JK,7175.0,6941.666666666667,6635.0,6355.0,6028.75,5739.399462890625,7162.853530273437,57.424021484375004,3.881578058267063,3217300,False,False
TIRT.JK,590.0,590.0,590.0,590.0,590.0,549.16,589.48,8.168000000000006,0.0,0,False,False
TIRA.JK,490.0,493.3333333333333,495.6,503.1,509.55,575.82,735.76,42.910000000000025,1.109671531604246,44400,False,False
TINS.JK,3800.0,3783.3333333333335,3666.0,3597.0,3539.0,3393.93244140625,3453.3004736328126,40.60675585937501,3.639751112096992,27629400,False,False
TIFA.JK,350.0,350.6666666666667,325.6,297.6,269.6,271.1701501464844,304.2298522949219,40.53333333333333,9.232165494413342,62600,False,False
TGKA.JK,4800.0,4886.666666666667,4854.0,4859.0,4854.0,4790.0,4712.7054296875,9.666666666666696,1.361453832329852,400,False,False
TFCO.JK,770.0,736.6666666666666,732.0,741.5,731.0,664.2,710.15,21.15999999999999,4.956930654725534,100,False,False
TFAS.JK,184.0,188.33333333333334,189.0,189.7,185.9,194.3,206.33,10.300000000000011,6.026913469660505,75800,False,False
TEBE.JK,1070.0,1078.3333333333333,1073.0,1069.5,1045.25,1015.2,1117.3536669921875,12.626666666666642,2.500353808177545,146400,False,False
TCPI.JK,4230.0,4563.333333333333,4838.0,5161.5,5568.25,7462.1315625,9606.681884765625,323.21315625,4.275898156425728,611900,False,False
TCID.JK,2750.0,2746.6666666666665,2754.0,2760.0,2767.0,2777.4,2799.0,3.0733333333333577,1.439466417044794,100,True,False
TBMS.JK,1185.0,1170.0,1161.0,1184.5,1201.25,1210.8265209960937,1249.3356628417969,9.965304199218735,2.1147991157047015,1500,False,False
TBLA.JK,620.0,620.0,629.0,636.0,634.0,600.5117547607422,617.0941055297851,7.097649047851564,1.83396869946365,335000,False,False
TBIG.JK,1420.0,1436.6666666666667,1421.0,1415.0,1418.5,1413.2835693359375,1492.4402258300781,4.676619466145849,2.486893269025898,65300,True,False
TAYS.JK,50.0,50.0,50.0,50.0,50.0,50.1,55.9,0.10000000000000142,0.0,0,True,False
TAXI.JK,15.0,14.666666666666666,14.0,13.3,12.8,13.3,14.72,2.1999999999999993,6.159433816103708,13429600,False,False
TARA.JK,30.0,30.0,30.0,30.4,30.8,29.54,30.51,1.2600000000000016,2.870829250331146,125100,True,False
TAPG.JK,1810.0,1800.0,1787.0,1752.5,1657.25,1535.316162109375,1628.6278173828125,54.936767578125,2.6031020195145347,10235400,False,False
TAMU.JK,20.0,20.333333333333332,20.2,20.7,19.9,19.58,24.42,1.120000000000001,5.744240108892845,573200,False,False
TAMA.JK,246.0,246.66666666666666,238.8,227.1,199.2,177.18,171.47,34.743333333333325,9.750315039230825,6220600,False,False
TALF.JK,835.0,778.3333333333334,701.0,653.5,630.75,656.422099609375,659.3473602294922,40.85,8.619727849719514,1694000,False,False
SWID.JK,102.0,103.0,102.8,103.8,97.5,92.17633819580078,96.82320121765137,11.623661804199216,10.21442747874895,1532000,False,False
SURI.JK,72.0,72.66666666666667,72.0,70.7,68.6,64.62,67.89,8.046666666666667,2.130922935115832,2938300,False,False
SURE.JK,2750.0,2760.0,2764.0,2755.0,2758.0,2804.4,2746.3,5.440000000000009,1.6699848828110768,200,True,False
SUPA.JK,605.0,603.3333333333334,602.0,600.5,589.25,627.2,746.15,7.590000000000009,1.7481415698927643,2308400,False,False
SUNI.JK,715.0,721.6666666666666,717.0,689.0,649.0,642.2184289550781,663.5723736572265,15.889647542317698,2.217976650563356,203800,False,False
SULI.JK,88.0,88.33333333333333,88.0,88.6,84.95,81.28,90.85,7.319999999999993,4.5486154253919375,636000,False,False
STTP.JK,9925.0,9766.666666666666,9825.0,9825.0,9903.75,9810.0,9845.0,6.333333333333358,2.4529025508393287,1500,False,False
STRK.JK,64.0,63.333333333333336,64.8,66.2,68.3,70.84,90.05,7.506666666666668,3.0719076339328826,1848000,False,False
STAR.JK,278.0,274.6666666666667,273.2,275.2,281.7,307.76,456.53,17.28,1.5095583851304712,15600,False,False
STAA.JK,1105.0,1100.0,1096.0,1082.5,1046.0,1001.9392834472657,1073.0589123535156,20.612143310546866,1.579851155624749,2665400,False,False
SSTM.JK,408.0,410.0,404.8,403.6,396.1,409.76,519.49,6.949999999999989,4.04516760438316,8200,False,False
SSMS.JK,990.0,995.0,989.0,966.0,921.0,821.8,1036.5000939941406,34.64000000000001,1.773950679673269,6499600,False,False
SSIA.JK,1660.0,1653.3333333333333,1631.0,1650.5,1627.5,1595.2198657226563,1545.6826611328124,12.956026855468735,2.147121446231314,2219200,False,False
SRTG.JK,1695.0,1743.3333333333333,1739.0,1738.5,1696.25,1569.8611157226562,1586.3333947753906,34.69444352213541,1.9974525216090229,4696500,False,False
SRSN.JK,69.0,70.0,67.4,66.8,66.2,65.76,65.02,4.239999999999995,4.543220305842747,12436700,False,False
SRAJ.JK,12500.0,12350.0,11930.0,11455.0,11257.5,11472.5,13081.0,49.7,2.1938155833794397,400,False,False
SQMI.JK,71.0,67.66666666666667,66.6,68.1,65.15,52.14,53.7,18.86,4.695009903858017,37453600,False,False
SPTO.JK,605.0,605.0,601.0,599.0,591.25,563.5228039550781,576.6214880371094,8.295439208984385,1.0293449172449047,238400,False,False
SPRE.JK,91.0,92.33333333333333,90.2,88.9,85.5,80.08,84.16,12.25333333333333,4.591073373188802,215600,False,False
SPMA.JK,161.0,162.0,162.8,166.1,167.98846130371095,161.5953842163086,162.61307647705078,6.988461303710949,1.172327347113943,385300,False,False
SOUL.JK,37.0,37.0,37.0,37.0,37.0,37.42,45.27,0.4200000000000017,0.0,0,True,False
SOTS.JK,575.0,578.3333333333334,581.0,601.0,601.75,627.2,801.55,10.440000000000008,2.0625669956174346,27300,False,False
SOSS.JK,785.0,841.6666666666666,853.0,887.5,925.5,830.9,846.5,28.1,5.473350155494523,2800,False,False
SONA.JK,2230.0,2363.3333333333335,2410.0,2385.0,2317.0,2206.0891943359375,2187.7438134765625,20.391080566406252,3.6147910471559337,2100,False,False
SOLA.JK,93.0,93.66666666666667,97.4,102.4,103.05,102.2,112.74,10.049999999999997,2.3026496229788065,3052500,False,False
SOHO.JK,1185.0,1191.6666666666667,1191.0,1195.0,1195.75,1211.4,1548.75,5.280000000000018,0.7639199575203856,13900,True,False
SOFA.JK,232.0,224.0,217.6,218.0,222.7,249.72,343.29,16.060000000000002,3.0557790823632316,689900,False,False
SOCI.JK,458.0,440.0,435.6,427.6,392.4,353.2495495605469,415.60296875,52.37522521972656,4.636950184408247,15776000,False,False
SNLK.JK,226.0,224.66666666666666,223.2,223.6,222.2,227.36,237.12,2.5800000000000125,2.441545145661176,9025700,True,False
SMSM.JK,1795.0,1795.0,1777.0,1757.5,1741.75,1685.5,1729.1547900390624,21.9,1.3233504631982675,1378600,False,False
SMRA.JK,318.0,320.0,321.6,325.0,309.2,292.5533773803711,306.0317555236816,16.22331130981445,2.340438550424077,6452600,False,False
SMMT.JK,1870.0,1851.6666666666667,1843.0,1845.0,1825.25,1791.9,1761.1,15.619999999999981,2.801689187075327,33300,False,False
SMMA.JK,20150.0,20166.666666666668,20180.0,20310.0,20638.75,20902.0,18117.25,30.08,0.8655982024792387,300,False,False
SMLE.JK,160.0,159.0,157.8,154.4,142.15,114.44,121.23,45.56,4.40432867420727,4914900,False,False
SMKM.JK,69.0,69.0,69.4,68.2,68.4,68.26,81.3,1.2000000000000028,3.0613516654157467,236100,True,False
SMKL.JK,142.0,142.33333333333334,145.2,144.0,139.4,136.39727294921875,148.10045684814452,8.802727050781243,2.6575706852931607,28700,False,False
SMIL.JK,398.0,398.6666666666667,395.6,382.6,347.8,300.48,281.72,49.093333333333334,3.7021021727779346,15259700,False,False
SMGR.JK,1510.0,1483.3333333333333,1473.0,1478.0,1468.75,1522.5,1889.3161572265626,10.75,1.738424458452819,8131100,False,False
SMGA.JK,71.0,71.0,70.0,70.6,69.5,67.56,78.16,3.4399999999999977,2.700245281274525,470900,True,False
SMDR.JK,302.0,300.6666666666667,296.0,294.8,288.8,281.4277938842773,306.8030500793457,10.28610305786134,1.8306802807424396,4072400,False,False
SMDM.JK,555.0,558.3333333333334,559.0,565.5,565.75,542.84,575.61,4.581999999999994,2.053729269284407,6800,True,False
SMBR.JK,166.0,163.66666666666666,162.2,162.5,158.15,155.7430517578125,182.89149459838868,10.256948242187491,2.45718160747025,3953200,False,False
SMAR.JK,5900.0,5883.333333333333,5750.0,5647.5,5460.25,4986.9134375,5126.546909179688,36.52346249999999,2.318177223707495,47000,False,False
SLIS.JK,63.0,63.0,62.4,62.5,61.3,61.88,72.87,1.7000000000000028,2.0054218828819095,1462800,True,False
SKRN.JK,406.0,406.6666666666667,404.4,408.8,396.3,372.50628540039065,407.8891372680664,18.14685729980468,2.177563011168384,24600,False,False
SKLT.JK,198.0,200.66666666666666,197.8,193.7,191.45,186.72,201.21785842895508,13.946666666666658,2.0948572342251337,10600,False,False
SKBM.JK,520.0,530.0,532.0,539.5,578.0,538.08,601.19,11.6,2.239426311222612,59700,False,False
SIPD.JK,665.0,670.0,676.0,683.5,686.5,716.1,842.3,10.220000000000004,1.153456385577342,1500,False,False
SINI.JK,7250.0,7350.0,7240.0,7160.0,7027.75,8334.37259765625,10478.186298828125,52.26490390624996,5.336290192374368,59600,False,False
SIMP.JK,595.0,600.0,594.0,586.0,565.0,536.233666381836,595.0928283691406,12.753266723632805,2.832094140987401,2785700,False,False
SILO.JK,2280.0,2276.6666666666665,2178.0,2110.5,2142.25,2215.3,2395.35,16.95,3.6753841857749068,130300,False,False
SIDO.JK,352.0,355.3333333333333,358.4,364.8,372.8,375.48,429.6858251953125,11.740000000000009,0.901713059908138,15716100,False,False
SICO.JK,107.0,107.33333333333333,108.6,110.2,109.3,105.86,115.91476928710938,4.340000000000003,1.6368337974457594,312100,True,False
SHIP.JK,1995.0,2011.6666666666667,1962.0,1869.5,1793.75,1679.6,2542.18880859375,66.41333333333337,2.6462803187022885,7500,False,False
SHID.JK,610.0,611.6666666666666,613.0,609.5,590.5,625.8,691.1,7.059999999999991,2.2917954223973465,6500,False,False
SGRO.JK,4160.0,4106.666666666667,3766.0,3516.0,3282.0,2898.830458984375,3739.5115209960936,126.11695410156248,7.907832946435176,13900,False,False
SGER.JK,498.0,493.3333333333333,475.2,458.2,446.5,387.2,388.56,55.400000000000006,3.063726263883868,27157200,False,False
SFAN.JK,1975.0,1973.3333333333333,1968.0,1960.0,1964.5,1963.7,1949.0,3.0,0.27541479124492885,11100,True,False
SEMA.JK,99.0,98.33333333333333,97.4,96.5,94.85,95.5,102.38,4.150000000000006,1.1067199928062401,106200,True,False
SDRA.JK,220.0,224.66666666666666,219.2,214.0,211.4,214.2,232.8,6.633333333333326,3.0207400660830266,900900,False,False
SDPC.JK,182.0,181.66666666666666,180.8,181.3,181.45,179.4581820678711,183.41418334960937,2.5418179321289074,1.2812620884723303,48200,True,False
SDMU.JK,84.0,80.0,79.2,79.4,80.55,77.42,83.74,6.579999999999998,3.3100023812346517,32933900,False,False
SCNP.JK,154.0,153.66666666666666,155.8,155.9,154.45,148.30782684326172,157.37806915283204,7.5921731567382835,3.1347200540112823,206800,False,False
SCMA.JK,202.0,204.0,200.8,201.7,204.65,204.59777709960937,225.56777420043946,1.9249999999999972,2.7575067823766375,11776700,True,False
SCCO.JK,2320.0,2310.0,2298.0,2298.0,2290.0,2239.3679443359374,2245.010163574219,8.063205566406259,1.0462063072707934,6500,False,False
SBMA.JK,107.0,107.0,106.8,106.9,107.3,107.16,113.11,0.5,1.3826816300182438,33800,True,False
SATU.JK,264.0,262.6666666666667,262.0,265.6,269.4,269.2,265.22,3.6999999999999886,0.8107759904921102,126300,True,False
SAPX.JK,218.0,214.0,214.4,215.2,213.0,211.28,230.22,3.3599999999999994,3.1248467452434205,59700,True,False
SAMF.JK,274.0,276.6666666666667,276.0,278.0,277.8,274.75193084716796,296.05486129760743,2.0,1.0262638718632728,30400,True,False
SAME.JK,300.0,298.0,297.6,298.2,302.0,314.32,325.7,8.359999999999985,0.6317136612131449,140900,False,False
SAGE.JK,34.0,34.666666666666664,33.8,33.6,33.3,29.16,30.13,5.506666666666664,3.674483297173791,722000,True,False
SAFE.JK,364.0,368.0,369.2,372.2,365.6,337.8,353.32,17.19999999999999,1.3607604009956449,2600,False,False
RUNS.JK,62.0,63.333333333333336,63.6,65.4,67.25,71.58,79.62,9.579999999999998,1.3808408480613423,1380600,False,False
RUIS.JK,204.0,205.33333333333334,204.4,203.2,201.9,186.179375,202.5390625,9.576979166666675,1.7637042315795868,34800,False,False
RSCH.JK,320.0,325.3333333333333,317.6,298.6,286.9,291.44,300.48,19.21666666666667,3.1719329778135528,5688800,False,False
ROTI.JK,595.0,593.3333333333334,590.0,595.5,602.25,588.1,621.6694812011718,2.8299999999999956,1.77802832543398,65500,True,False
RONY.JK,1245.0,1285.0,1303.0,1371.0,1267.25,1132.8,1349.4,47.64000000000001,4.886569389808118,12500,False,False
RODA.JK,59.0,58.333333333333336,58.2,59.8,61.15,57.34,62.3,3.809999999999995,2.244170753140323,4410700,True,False
ROCK.JK,1745.0,1753.3333333333333,1757.0,1779.5,1796.25,1734.3,2084.45,12.39000000000001,1.9205785468567524,6100,False,False
RMKO.JK,288.0,292.0,287.6,300.4,319.5,314.04,406.44,15.949999999999989,3.455529508438919,927200,False,False
RMKE.JK,410.0,411.3333333333333,410.0,414.0,431.7,450.74456665039065,533.7267718505859,20.372283325195326,2.1028217679112076,39049200,False,False
RLCO.JK,5100.0,5116.666666666667,5245.0,4910.5,4098.25,3473.5,4387.3,70.86,5.733893285458035,295500,False,False
RISE.JK,980.0,985.0,988.0,1007.0,980.75,1004.9,1438.9,5.4,2.2563544812863134,203500,True,False
RIGS.JK,680.0,676.6666666666666,674.0,679.5,681.25,678.2,682.9,1.45,1.394540558181455,9600,True,False
RICY.JK,78.0,78.0,78.0,78.1,77.7,76.06,84.64,2.039999999999992,1.7069703985398519,850300,True,False
RGAS.JK,242.0,242.0,237.6,227.0,218.1,175.0902719116211,132.92526245117188,33.45486404418945,3.2682286418535953,0,False,False
RELI.JK,492.0,488.6666666666667,488.4,486.8,488.1,488.38,493.77,2.5999999999999943,1.383515595266298,5000,True,False
RELF.JK,34.0,35.0,35.2,35.8,35.2,34.94,36.94,1.7999999999999972,1.9473510097509084,2040300,True,False
REAL.JK,52.0,51.666666666666664,51.0,51.0,50.55,50.33698745727539,51.725837326049806,1.6630125427246085,2.6928023431130677,20950300,True,True
RDTX.JK,13450.0,13500.0,13580.0,13650.0,13757.5,14264.40220703125,14988.51255859375,32.57608828124998,0.8780888218565798,100,False,False
RCCC.JK,100.0,99.0,97.4,97.1,93.0,90.34,99.95,9.659999999999997,6.124504843252418,220900,False,False
RBMS.JK,65.0,64.66666666666667,64.0,65.4,64.35,60.9,59.81,4.500000000000007,2.745840128818437,5585800,True,True
RATU.JK,5050.0,5083.333333333333,4998.0,4996.5,5092.0,4880.2,5245.0027685546875,8.472000000000007,2.984527377133826,2568700,False,False
RANC.JK,505.0,515.0,513.0,516.0,522.75,521.74,544.52,3.55,2.342597594868092,16300,True,False
RALS.JK,378.0,376.6666666666667,377.6,379.8,379.9,377.2,389.59111358642576,1.6166666666666458,0.6622267633122408,1193800,True,False
RAJA.JK,885.0,883.3333333333334,879.0,889.5,889.2,791.1432775878907,797.5997479248047,19.671344482421866,2.6134792986367543,17143000,False,False
RAAM.JK,200.0,202.0,203.2,208.4,204.85,204.08,206.51,8.400000000000006,3.7512476003290924,36200,False,False
PZZA.JK,182.0,185.33333333333334,185.2,185.4,185.2,185.06,192.01029418945313,3.4000000000000057,2.1570210550986513,306600,True,False
PYFA.JK,206.0,206.0,204.4,207.4,207.5,204.96,265.7,1.5499999999999972,3.4002917105545816,1377800,True,False
PWON.JK,262.0,262.0,262.4,265.0,263.1,256.4806433105469,285.15967559814453,4.259678344726552,1.817030565595192,15488100,True,False
PURI.JK,135.0,135.66666666666666,135.0,136.0,136.2,134.66,145.89,1.539999999999992,1.2626511985250477,72000,True,False
PURA.JK,33.0,32.666666666666664,31.8,31.4,31.1,31.62,31.9,1.8999999999999986,4.371013085647778,2767900,False,False
PUDP.JK,300.0,302.6666666666667,302.4,302.6,299.0,298.4816784667969,309.86103393554686,2.092494099934896,0.9827122870470929,3200,True,False
PTSP.JK,865.0,878.3333333333334,884.0,895.0,891.25,884.4,900.5,6.0,1.7278358592557719,52100,False,False
PTSN.JK,282.0,278.6666666666667,272.0,263.8,253.9,243.39423919677733,274.63850509643555,19.302880401611333,1.5730672800049708,1874300,False,False
PTRO.JK,4620.0,4633.333333333333,4624.0,4677.0,4350.0,4147.0,4627.5,53.0,3.148885033624614,8318000,False,False
PTPW.JK,1185.0,1158.3333333333333,1144.0,1135.5,1137.75,1095.1072790527344,1024.39154296875,17.978544189453125,1.1965325821820656,116400,False,False
PTPS.JK,148.0,148.66666666666666,145.0,143.7,139.9,129.1,153.29,19.566666666666663,3.8465233485474237,795900,False,False
PTPP.JK,200.0,200.33333333333334,199.6,204.0,204.0,195.76,231.36,8.240000000000009,2.3125969136157427,1388200,False,False
PTMP.JK,63.0,62.666666666666664,62.2,62.6,62.0,58.9,62.97,4.100000000000001,3.2435947896575716,3290400,True,True
PTIS.JK,268.0,269.3333333333333,268.4,267.8,268.9,280.28,291.82,6.239999999999981,1.5552707631660785,1400,False,False
PTBA.JK,2340.0,2326.6666666666665,2332.0,2361.0,2382.0,2438.7760009765625,2612.4258422851562,11.210933430989598,1.0406615566173272,3090800,False,False
PSSI.JK,326.0,323.3333333333333,322.8,323.4,316.1,298.48,317.3948040771484,13.759999999999991,3.3233337052188205,2100,False,False
PSKT.JK,222.0,222.0,219.2,216.6,205.8,196.3,225.97,12.849999999999994,2.273336854793174,1166500,False,False
PSGO.JK,196.0,195.33333333333334,196.0,197.0,197.7,193.96251281738282,193.7624070739746,3.7374871826171727,0.5796965476445103,43300,True,False
PSDN.JK,139.0,132.33333333333334,127.0,123.3,118.55,116.52,133.73,22.480000000000004,4.809910156326282,17134700,False,False
PSAT.JK,860.0,856.6666666666666,851.0,847.5,836.5,815.5,863.0,8.9,0.7567161932397858,22500,False,False
PSAB.JK,434.0,432.0,428.4,428.6,422.9,417.84345581054686,415.31272888183594,8.078272094726572,1.4112393648650543,24451400,False,False
PRIM.JK,110.0,106.66666666666667,105.4,103.8,99.75,89.98,83.91,20.019999999999996,2.9438957984454945,7344100,False,False
PRDA.JK,2380.0,2386.6666666666665,2372.0,2372.0,2406.0,2465.8,2436.267648925781,9.380000000000019,0.7834543335764332,87400,False,False
PRAY.JK,740.0,716.6666666666666,720.0,731.0,712.5,690.9,715.85,9.820000000000004,1.9810104216885098,11100,False,False
PPRO.JK,17.0,16.666666666666668,16.2,16.4,16.9,16.08,21.02,0.9200000000000017,4.543117422599937,6675600,False,False
PPRI.JK,153.0,149.0,148.2,149.2,148.5,143.52,162.47,9.47999999999999,2.438536834133708,2045300,False,False
PPRE.JK,106.0,103.66666666666667,103.0,105.5,106.75,100.44,118.44,6.310000000000002,2.6849542828940374,55755000,False,False
PPGL.JK,204.0,205.33333333333334,205.6,209.6,211.0,197.72,202.44,6.640000000000001,2.4525650482381685,67800,False,False
POWR.JK,725.0,725.0,723.0,725.5,721.0,707.0,698.8144543457031,3.7,0.6813773318909967,131700,True,False
PORT.JK,890.0,876.6666666666666,873.0,877.0,873.0,873.0,884.5,3.4,1.6983292743212328,2700,True,False
POLY.JK,32.0,32.0,32.0,32.0,32.0,32.0,32.46,0.0,0.0,0,True,False
POLU.JK,11900.0,12150.0,12175.0,12355.0,12505.0,12171.5,13516.5,24.2,3.0327708310661206,2500,False,False
POLI.JK,715.0,730.0,724.0,714.5,716.75,758.7,918.0,8.840000000000009,3.210872481967876,8800,False,False
PNSE.JK,490.0,491.3333333333333,492.8,494.2,498.6,517.54,581.77,13.769999999999982,1.4909915255620954,14400,False,False
PNLF.JK,228.0,226.66666666666666,226.4,226.8,224.5,220.86,233.87,3.569999999999993,1.1400687149517241,4274200,True,False
PNIN.JK,720.0,720.0,717.0,718.5,725.25,727.8,751.5,2.159999999999991,1.3549949537699086,3800,True,False
PNGO.JK,3550.0,3550.0,3554.0,3544.0,3514.5,3474.2,3424.6,7.980000000000018,0.45027320862935016,9600,False,False
PNBS.JK,50.0,50.0,50.0,50.3,50.2,50.08,50.31,0.29999999999999716,0.6200544431702717,52200,True,False
PNBN.JK,905.0,901.6666666666666,897.0,894.5,890.0,882.7562243652344,914.6661248779296,4.448755126953119,1.153385049054022,178100,True,False
PMUI.JK,95.0,95.66666666666667,90.8,88.0,85.8,80.1,86.83930061340332,15.566666666666677,4.8284835789846685,5438600,False,False
PMJS.JK,119.0,118.66666666666667,113.8,111.6,109.15,106.60451889038086,114.33668159484863,12.39548110961914,3.220319672701312,573100,False,False
PLAN.JK,38.0,38.333333333333336,38.2,38.3,37.95,37.52,42.63,0.8133333333333326,2.4309659727074715,117100,True,False
PKPK.JK,3950.0,3943.3333333333335,3920.0,3892.0,3623.0,3143.2,2799.15,80.68000000000002,1.5507096165866363,441300,False,False
PJHB.JK,174.0,170.0,167.2,169.5,166.15,167.94,193.24,7.849999999999994,2.8537218221681466,1736400,False,False
PJAA.JK,454.0,450.6666666666667,450.4,453.8,456.0,454.6,478.4324285888672,2.8000000000000114,0.8026417297515813,18100,True,False
PIPA.JK,117.0,118.33333333333333,117.2,117.7,120.35,114.96,123.01,5.390000000000001,4.3740407463684985,6489800,False,False
PICO.JK,130.0,129.0,128.4,129.1,128.1,129.24,139.5,1.9000000000000057,1.457340835563163,98100,True,False
PGUN.JK,7375.0,7458.333333333333,7425.0,7680.0,7427.5,7359.36958984375,7975.751147460937,12.825216406250002,4.23212893682298,700,False,False
PGLI.JK,202.0,199.33333333333334,201.2,196.4,196.3,187.74,202.1,7.1299999999999955,2.9777581025403412,11600,False,False
PGJO.JK,780.0,760.0,727.0,701.0,694.25,727.8,728.6,17.15,4.480491061190344,27000,False,False
PGEO.JK,1020.0,1011.6666666666666,1013.0,1012.5,1005.0,924.5,952.5847778320312,19.1,1.9986823738782653,2027000,False,False
PGAS.JK,1515.0,1508.3333333333333,1503.0,1514.0,1498.5,1523.4152758789062,1644.13900390625,4.983055175781237,1.2130245014228704,3648600,True,False
PEVE.JK,340.0,338.6666666666667,335.2,328.4,321.7,319.2,380.1,10.400000000000006,1.8633081314016948,707800,False,False
PEHA.JK,264.0,264.6666666666667,262.8,260.8,257.4,252.2975653076172,272.1658177185059,6.184550679524747,2.2776202859541215,29300,False,False
PEGE.JK,95.0,95.33333333333333,93.6,92.2,96.4625,105.24914642333984,125.71457321166992,13.049146423339835,2.299131008609017,4141300,False,False
PDPP.JK,300.0,306.0,295.6,282.4,272.5,265.84327239990233,290.12588912963867,20.078363800048834,3.22925281429196,67400,False,False
PDES.JK,370.0,372.0,387.6,392.4,398.4,447.46,481.59342407226563,38.72999999999999,3.481493619681016,300,False,False
PCAR.JK,42.0,42.666666666666664,41.4,39.9,39.2,38.72,38.51,3.9466666666666654,5.199054792536534,2242900,False,False
PBSA.JK,765.0,758.3333333333334,751.0,769.5,758.75,724.970068359375,868.4625946044922,8.905986328125005,3.748013901146838,116200,False,False
PBRX.JK,26.0,26.333333333333332,26.4,26.7,26.65,27.06,32.7,1.0599999999999987,3.9807239826703382,263600,False,False
PBID.JK,530.0,531.6666666666666,532.0,517.9,500.05,486.3,478.0053936767578,9.139999999999997,1.644910549129517,123500,False,False
PART.JK,101.0,101.33333333333333,102.0,103.9,103.2,99.27838073730469,108.19802070617676,4.621619262695319,1.4129141164199241,159000,True,False
PANS.JK,1530.0,1528.3333333333333,1544.0,1556.5,1553.75,1521.7435546875,1504.4147985839843,6.9512890625000185,1.0196627112122192,132700,False,False
PANR.JK,416.0,417.3333333333333,414.0,411.8,408.5,425.48,460.6376467895508,8.490000000000009,1.5308924590997812,31500,False,False
PANI.JK,6775.0,6408.333333333333,6295.0,6240.0,6148.75,6395.10037109375,7338.775224609375,25.05,3.5946508546545473,7237900,False,False
PAMG.JK,56.0,56.0,56.0,57.2,55.15,53.2,56.07,4.0,5.7357150127692,2647600,False,False
PALM.JK,288.0,290.0,294.4,301.0,299.6,304.5692913818359,332.02986114501954,8.284645690917955,1.4094212562708233,231000,False,False
PADI.JK,70.0,69.0,69.4,73.1,72.78333320617676,73.74454528808593,90.87510948181152,4.744545288085931,4.855689186719996,70949500,False,False
PADA.JK,167.0,153.33333333333334,144.6,132.7,123.0,116.84,134.6,50.16,6.457098418169094,182977100,False,False
PACK.JK,236.0,240.0,233.2,228.8,222.9,241.12,235.92,9.11,5.168916592653409,21332700,False,False
OPMS.JK,116.0,120.66666666666667,114.8,107.9,104.7,99.88,112.25,20.786666666666676,8.760068696247066,4634700,False,False
OMRE.JK,1000.0,1043.3333333333333,1041.0,1055.0,1059.75,1032.8,924.2,11.95,5.170496756859431,15100,False,False
OMED.JK,216.0,216.0,215.6,212.8,208.1,203.84212768554687,233.07104431152345,6.078936157226565,1.9678713439510083,311600,False,False
OLIV.JK,51.0,50.666666666666664,50.8,50.7,50.2,50.7,53.48,0.7999999999999972,2.8698099049236787,2569700,True,False
OKAS.JK,100.0,101.0,100.4,101.6,100.9,99.7,107.87,1.8999999999999915,2.4228023558368084,87000,True,False
OILS.JK,226.0,228.0,230.8,231.0,222.9,199.36,228.8,15.819999999999993,5.308128484394305,1362700,False,False
OBMD.JK,180.0,179.0,182.6,192.4,187.85,178.22,206.13,14.180000000000007,2.2498455382548013,109700,False,False
OBAT.JK,244.0,244.66666666666666,244.4,246.4,246.5,242.2,282.77985412597656,2.1500000000000057,1.4674489502134176,8300,True,False
OASA.JK,336.0,325.3333333333333,323.2,332.0,317.9,292.28,315.78,21.860000000000014,3.906054204806349,33701200,False,False
NTBK.JK,92.0,92.33333333333333,93.2,93.9,94.95,74.67895202636718,77.74299457550049,20.271047973632818,4.23540252370821,9492800,False,False
NSSS.JK,1015.0,1031.6666666666667,1031.0,927.5,832.75,638.1622955322266,731.9490228271484,78.70087422688803,6.417446251518026,3414900,False,False
NRCA.JK,500.0,496.0,486.4,492.3,482.95,451.03021362304685,494.86894073486326,24.484893188476576,2.4446859721449408,1150800,False,False
NPGF.JK,58.0,58.666666666666664,59.4,59.1,58.2,59.72,64.55,1.7199999999999989,2.010173252031445,35037100,True,False
NOBU.JK,494.0,485.3333333333333,467.6,456.0,444.1,444.28,493.81,24.94999999999999,2.4137755587702783,581000,False,False
NISP.JK,1280.0,1283.3333333333333,1271.0,1259.5,1236.5,1230.6,1300.1109851074218,10.54666666666667,1.0094961917027556,747800,False,False
NIRO.JK,147.0,146.66666666666666,146.2,145.8,146.25,147.82,171.76,2.019999999999982,4.72380961212037,74700,False,False
NINE.JK,71.0,71.66666666666667,72.8,74.7,76.25,78.72,103.63,7.719999999999999,1.2156171468484673,2983400,False,False
NIKL.JK,194.0,194.66666666666666,190.4,189.7,188.2,197.06,251.24040832519532,8.860000000000014,2.6727367024820996,923000,False,False
NICL.JK,454.0,463.3333333333333,470.0,487.4,496.0,520.56,685.8645104980469,33.27999999999997,2.572313164371526,9455000,False,False
NICK.JK,1230.0,1216.6666666666667,1180.0,1142.5,1094.0,1050.8,1124.55,35.84000000000001,8.81569308383706,400,False,False
NICE.JK,252.0,252.0,250.0,249.4,254.0,258.76,279.74,4.679999999999993,1.3436602522076595,327300,True,False
NFCX.JK,1495.0,1511.6666666666667,1537.0,1559.0,1569.75,1626.3,1702.05,26.25999999999999,2.4070434939814818,1200,False,False
NETV.JK,52.0,51.666666666666664,51.0,51.4,50.85,53.74,70.1,2.8900000000000006,3.986128778224307,47951800,False,False
NEST.JK,735.0,733.3333333333334,719.0,661.0,641.75,584.88,493.44,30.024,6.035477205779358,1333500,False,False
NELY.JK,200.0,199.33333333333334,199.6,202.8,204.2,202.7605502319336,258.54431304931643,4.866666666666646,1.5844147538054698,108700,True,False
NCKL.JK,945.0,925.0,902.0,880.0,854.1179992675782,822.2533117675781,938.6743579101562,24.54933764648438,2.7946758328185,20357300,False,False
NAYZ.JK,57.0,58.333333333333336,57.0,57.5,57.3,57.52,61.88,1.3333333333333357,4.921264887323297,12096600,False,False
NATO.JK,655.0,660.0,662.0,659.5,640.0,606.0,610.55,11.2,1.2053424461737223,5300,False,False
NASI.JK,131.0,128.66666666666666,128.2,126.1,122.45,115.8,132.33,15.200000000000003,2.791665596315441,1732100,False,False
NASA.JK,30.0,30.0,30.2,30.2,30.25,31.98,35.04,1.9800000000000004,2.440001930217177,100900,True,False
NANO.JK,29.0,29.0,29.6,30.2,28.75,25.72,30.63,4.48,5.978891801775993,7749800,False,False
NAIK.JK,87.0,86.66666666666667,86.4,87.0,86.7,84.58,90.66394271850587,2.4200000000000017,1.4090795202919717,277100,True,False
MYTX.JK,41.0,41.0,41.0,41.0,41.0,42.3,47.6,1.2999999999999972,0.0,0,True,False
MYOR.JK,1680.0,1675.0,1694.0,1717.0,1729.75,1746.6917651367187,1761.6470629882813,14.338353027343738,1.8460684952322195,1654400,False,False
MYOH.JK,1040.0,1043.3333333333333,1041.0,1044.5,1043.75,1052.6528466796874,1133.625506591797,2.53056933593748,0.8103167121353305,1500,True,False
MUTU.JK,111.0,110.33333333333333,109.6,108.8,109.85,108.95143936157227,105.17523895263672,2.200000000000003,1.1402864939988775,1511600,True,True
MTWI.JK,252.0,254.0,256.4,257.4,263.0,264.6083926391602,294.50018753051756,6.304196319580086,3.822865856924366,15700,False,False
MTMH.JK,935.0,920.0,921.0,924.5,937.5,949.4655444335938,970.8412182617187,5.893108886718755,3.395625244397827,5400,True,False
MTLA.JK,525.0,541.6666666666666,532.0,519.5,518.75,507.94507751464846,520.4505865478516,6.7443178304036335,4.519790199710133,2300,False,False
MTFN.JK,13.0,13.0,13.0,13.0,13.0,13.78,18.55,0.7799999999999994,0.0,0,True,False
MTEL.JK,448.0,454.0,454.0,453.6,460.1,469.2942102050781,480.8369845581055,10.647105102539058,1.1149449675024297,10878900,False,False
MTDL.JK,515.0,510.0,511.0,511.5,512.25,505.00700012207034,523.5385000610352,1.9985999755859325,0.9692451485307282,103800,True,False
MSTI.JK,1320.0,1321.6666666666667,1321.0,1322.5,1322.0,1261.5611938476563,1265.8301501464844,12.187761230468732,2.581871711092456,249900,False,False
MSKY.JK,63.0,63.666666666666664,61.4,60.4,60.45,60.82,70.65,3.2666666666666657,5.121117767225366,8521700,False,False
MSJA.JK,402.0,398.6666666666667,401.2,403.2,406.9,407.68,433.7751861572266,4.506666666666661,2.186917306034883,21186500,True,False
MSIN.JK,394.0,396.6666666666667,396.0,399.0,429.7,476.04,611.72,41.02000000000001,3.053143781270967,7041200,False,False
MSIE.JK,95.0,95.33333333333333,96.6,88.7,86.45,98.46,91.66,12.009999999999991,5.607955139967091,16620900,False,False
MREI.JK,920.0,920.0,920.0,920.0,920.0,943.7,983.4,4.740000000000009,0.0,0,True,False
MRAT.JK,440.0,440.6666666666667,439.2,440.2,441.6,442.24,432.9,1.5200000000000102,0.702069764023522,93300,True,False
MPXL.JK,160.0,156.33333333333334,155.8,151.2,149.1,148.78,155.31,11.219999999999999,2.3529422215952374,1664300,False,False
MPRO.JK,12000.0,11366.666666666666,10945.0,12130.0,11055.0,9452.0,9457.75,107.12,10.644358893793964,9500,False,False
MPPA.JK,46.0,46.333333333333336,46.8,47.6,47.35,46.4,47.95,1.6000000000000014,3.347750723369653,548800,True,False
MPOW.JK,107.0,106.33333333333333,105.2,103.7,99.5,99.88,104.12,7.5,1.7387246608653544,897200,False,False
MPMX.JK,1000.0,1003.3333333333334,996.0,991.5,989.25,961.5738330078125,900.212153930664,8.351900065104179,1.0326473851541274,600300,False,False
MPIX.JK,97.0,96.66666666666667,96.0,94.5,94.35,91.54,88.25,5.459999999999994,1.6645752520140529,218500,True,False
MORA.JK,6175.0,6233.333333333333,6220.0,6342.5,6391.25,6586.5,6031.75,16.46,2.1102114732536155,68600,False,False
MOLI.JK,266.0,263.3333333333333,260.4,256.4,251.1,237.6367971801758,241.50030136108398,14.181601409912105,3.0832804230787128,1178400,False,False
MNCN.JK,202.0,204.66666666666666,204.0,206.0,206.9,206.64,218.82,2.450000000000003,2.27828810565934,6064400,True,False
MMLP.JK,296.0,296.6666666666667,293.2,293.4,295.7,296.28,316.04,1.7333333333333485,1.3349184063791466,209000,True,False
MMIX.JK,740.0,736.6666666666666,732.0,707.5,721.25,667.18,476.51,14.56400000000001,5.583836676915151,1788700,False,False
MLPT.JK,1670.0,1778.3333333333333,1711.0,1684.5,1291.55,947.18,871.8706494140625,166.23066666666665,12.489808533957039,3629200,False,False
MLPL.JK,96.0,96.33333333333333,95.2,95.4,90.5,84.26,90.89,12.073333333333323,2.812666907305208,4374100,False,False
MLIA.JK,232.0,232.0,231.2,231.4,235.0,238.96,258.26,3.8800000000000097,0.5772146394244055,4500,True,False
MLBI.JK,6900.0,6891.666666666667,6725.0,6532.5,6422.5,6125.332578125,5762.303002929688,30.986696875000018,1.5635395230871354,14200,False,False
MKTR.JK,121.0,123.33333333333333,122.4,120.8,120.05,120.8652587890625,124.37091377258301,3.2833333333333314,2.1846442872609164,45800,True,False
MKPI.JK,21975.0,21833.333333333332,21765.0,21715.0,21406.25,21086.023515625,21390.05853515625,35.55905937500007,0.6158202181279091,42800,False,False
MKAP.JK,1165.0,1163.3333333333333,1163.0,1163.0,1165.0,1129.8645190429688,1095.1566021728515,7.027096191406235,0.37663723335047566,900,False,False
MITI.JK,216.0,198.66666666666666,182.8,174.1,174.9,171.4,210.73,22.299999999999997,11.291778772439768,18140100,False,False
MIRA.JK,21.0,21.666666666666668,21.4,21.7,20.55,19.68,21.41,2.0199999999999996,6.6431254219959985,1032200,False,False
MINE.JK,238.0,229.33333333333334,224.4,221.8,221.5,221.2,279.22,8.400000000000006,2.0039493023047963,2015700,False,False
MINA.JK,272.0,270.6666666666667,268.0,274.0,276.5,281.16,294.76,6.5800000000000125,2.473949489552516,13174400,False,False
MIKA.JK,1820.0,1805.0,1769.0,1759.5,1741.25,1654.2117358398436,1805.6890832519532,33.157652832031275,2.0804800095928146,622400,False,False
MIDI.JK,280.0,281.3333333333333,282.8,284.4,285.1,281.43260070800784,291.16901916503906,2.5500000000000114,1.552170584866686,2417000,True,False
MICE.JK,525.0,520.0,516.0,515.0,513.25,497.4970324707031,496.8758432006836,5.500593505859376,2.4465620542875954,4300,True,False
MHKI.JK,137.0,134.33333333333334,133.6,135.3,133.55,124.90581832885742,149.64213157653808,12.094181671142579,2.3764446104387873,5544500,False,False
MGRO.JK,655.0,671.6666666666666,674.0,676.0,673.5,670.0,686.45,4.2,3.238075041081541,1263800,True,False
MGNA.JK,114.0,114.33333333333333,117.4,104.9,98.15,91.84,132.12,25.560000000000002,11.502921544240337,3162900,False,False
MGLV.JK,7950.0,8150.0,8215.0,8382.5,8238.75,8145.0,7184.65,17.3,2.271119703616615,98200,False,False
MERK.JK,3970.0,3900.0,3908.0,3948.0,3884.0,3733.7316015625,3559.9888525390625,23.626839843749984,1.917211143229888,28700,False,False
MERI.JK,104.0,103.33333333333333,102.0,102.0,102.1,106.66,124.1,4.659999999999997,1.3565195630532694,207800,True,False
MEJA.JK,94.0,94.0,95.0,95.2,88.9,86.7,91.56000007629395,8.5,5.089107148938457,5563600,False,False
MEGA.JK,1970.0,1975.0,1980.0,1987.0,1993.75,1976.8,2108.4249462890625,4.75,0.541424389705546,1600,True,False
MEDS.JK,76.0,75.66666666666667,75.4,76.6,78.45,76.88,76.62,3.049999999999997,1.9145057412021937,14829700,True,False
MEDC.JK,1325.0,1305.0,1288.0,1304.0,1263.5,1195.3799243164062,1412.0204223632813,25.924015136718754,3.362080747990722,8672200,False,False
MDRN.JK,26.0,26.0,26.0,26.0,26.0,28.12,39.84,2.120000000000001,0.0,0,True,False
MDLN.JK,50.0,50.0,50.0,50.2,50.15,50.24,52.18,0.240000000000002,1.320300264749733,129600,True,False
MDLA.JK,208.0,210.0,210.0,209.8,208.0,203.46,202.9364093017578,3.269999999999996,0.9516053289193152,103100,True,False
MDKI.JK,184.0,183.66666666666666,183.0,181.5,180.6,178.61022583007812,180.88792373657228,5.389774169921878,1.2779693173212008,76300,True,False
MDKA.JK,2860.0,2766.6666666666665,2720.0,2703.0,2670.0,2659.30314453125,2896.2376684570313,20.069685546875007,2.5928813138124,28741600,False,False
MDIY.JK,900.0,906.6666666666666,910.0,924.0,942.25,880.6956066894531,865.9387982177734,12.31087866210937,0.8076548731332357,63400,False,False
MDIA.JK,216.0,203.0,182.8,152.2,111.4,87.76,89.25,64.12,11.574526016529619,250910300,False,False
MCOR.JK,69.0,68.66666666666667,68.6,68.2,68.0,66.92,68.51,2.0799999999999983,1.084577836071679,47600,True,False
MCOL.JK,3800.0,3780.0,3726.0,3726.0,3742.0,3712.4,3765.291408691406,8.759999999999991,1.9544304292707588,14700,False,False
MCAS.JK,246.0,253.33333333333334,259.2,241.1,197.95,199.14,280.91,30.625,15.6476006633776,1650100,False,False
MBTO.JK,133.0,125.0,122.8,121.9,117.75,111.58,113.82,21.42,3.556708537807641,10969000,False,False
MBSS.JK,2820.0,2830.0,2810.0,2755.0,2664.5,2562.0,2256.35,26.8,1.405794642712243,175400,False,False
MBMA.JK,520.0,513.3333333333334,502.0,508.6,509.45,496.52,583.69,4.696000000000003,2.599078232340959,69662100,True,False
MBAP.JK,1430.0,1415.0,1416.0,1421.5,1397.5,1395.8,1558.95,6.840000000000009,1.3653817686137595,800,False,False
MAYA.JK,198.0,197.66666666666666,197.2,198.4,195.4,189.46,192.33,8.939999999999998,0.8194529944446681,209800,False,False
MAXI.JK,50.0,50.0,50.0,50.0,50.0,50.0,50.49,0.0,0.0,36900,True,False
MASB.JK,3390.0,3390.0,3390.0,3390.0,3389.5,3374.2,3305.5,1.5800000000000183,0.0,7600,True,False
MARK.JK,1085.0,1076.6666666666667,1056.0,1013.5,1035.5,941.0,849.4590905761719,28.8,4.322637793265878,7844400,False,False
MARI.JK,23.0,23.0,23.0,23.0,23.0,24.08,26.63,1.0799999999999983,0.0,0,True,False
MAPI.JK,1780.0,1743.3333333333333,1652.0,1566.5,1541.5,1513.663837890625,1394.906279296875,53.26723242187499,7.917397860001929,8088300,False,False
MAPB.JK,1160.0,1166.6666666666667,1166.0,1144.0,1066.5,1122.1,1321.65,20.03333333333335,3.699130941742433,800,False,False
MAPA.JK,675.0,666.6666666666666,647.0,624.5,618.75,604.3011364746094,616.4430084228516,14.139772705078121,2.9089917956202203,24841400,False,False
MANG.JK,38.0,38.666666666666664,39.0,40.5,39.35,41.86,44.81,3.8599999999999994,3.2246344022105875,1946400,True,False
MAIN.JK,680.0,673.3333333333334,688.0,698.5,692.5,693.5000012207031,772.410908203125,5.033333333333326,2.419936480465481,726100,True,False
MAHA.JK,147.0,145.66666666666666,143.8,142.4,141.25,136.25500091552735,135.61250259399415,10.744999084472653,1.3371251583952133,1657900,False,False
LUCK.JK,113.0,111.33333333333333,109.4,111.5,105.05,103.46,104.78,9.540000000000006,6.50041798955963,4092000,False,False
LTLS.JK,835.0,831.6666666666666,818.0,792.5,784.5,771.7,769.6225793457031,12.659999999999991,1.4495907123346092,600,False,False
LSIP.JK,1440.0,1440.0,1425.0,1399.0,1352.75,1256.8042163085938,1328.0816284179687,36.63915673828124,2.1614845042777056,2187500,False,False
LRNA.JK,182.0,183.0,183.8,183.4,181.25,180.96,191.84,2.8400000000000034,1.5714712719841015,19000,True,False
LPPS.JK,82.0,81.0,80.2,80.4,76.8,71.58,77.44,10.420000000000002,2.0817291921978436,837400,False,False
LPPF.JK,1560.0,1556.6666666666667,1555.0,1559.0,1550.0,1541.8,1587.7018188476563,3.640000000000009,1.969625171946593,323500,True,False
LPLI.JK,246.0,245.33333333333334,245.6,251.4,246.9,242.56,268.66,4.420000000000002,2.2927979312491074,4800,True,False
LPKR.JK,62.0,60.666666666666664,60.8,61.4,61.2,62.1,72.2,1.4333333333333371,2.0573175855204027,32719800,True,False
LPIN.JK,420.0,419.3333333333333,419.6,419.4,415.4,405.8,408.86479431152344,7.099999999999994,0.9821079759197656,65700,False,False
LPGI.JK,635.0,628.3333333333334,626.0,634.0,655.0,667.2,666.7702911376953,8.240000000000009,2.399257147639434,2200,False,False
LPCK.JK,585.0,571.6666666666666,549.0,536.0,523.5,512.78,574.74,14.444000000000006,3.5252778514731418,76500,False,False
LOPI.JK,63.0,63.333333333333336,63.4,63.2,59.9,63.82,88.03,3.9200000000000017,5.274719560042952,2244000,False,False
LMPI.JK,138.0,139.66666666666666,140.6,140.7,139.55,138.66,146.39,2.6999999999999886,1.684342712675559,78100,True,False
LMAX.JK,110.0,111.0,111.8,114.0,113.7,98.36,127.87,15.64,4.336415477191487,80100,False,False
LIVE.JK,208.0,210.0,208.4,205.6,205.7,212.96,214.45,3.680000000000007,1.2451840131327967,213600,True,False
LION.JK,356.0,354.6666666666667,350.8,350.8,344.3,338.0,371.76,9.0,3.690538421827702,24000,False,False
LINK.JK,1395.0,1400.0,1399.0,1408.0,1413.5,1385.1,1592.05,5.680000000000018,1.4307939857443914,800,True,False
LIFE.JK,5800.0,5816.666666666667,5785.0,5727.5,5797.5,5926.5,6469.676533203125,7.96,1.5367827826885698,1400,False,False
LFLO.JK,476.0,482.0,482.4,482.8,490.35,520.6975830078125,537.9632412719726,22.348791503906227,2.325466107437238,11900,False,False
LEAD.JK,115.0,110.66666666666667,107.2,104.9,102.4,98.0,115.49,17.0,4.375840678647059,83819000,False,False
LCKM.JK,109.0,109.0,109.2,109.9,109.15,111.18,119.98,2.180000000000007,2.5469676182795893,0,True,False
LAPD.JK,63.0,62.666666666666664,62.0,64.1,65.45,63.54,73.39,3.450000000000003,3.1505588520625025,5001300,True,False
LAND.JK,77.0,76.33333333333333,75.2,75.6,74.6,63.0,68.16,14.0,4.639581696943363,11001800,False,False
LAJU.JK,67.0,66.0,65.0,65.8,66.35,64.15006958007812,71.33209400177002,2.8499304199218756,2.5446830306502575,17637400,True,False
LABS.JK,154.0,152.66666666666666,151.4,149.9,148.85,144.18,151.38,9.819999999999993,1.4593133037403803,249200,False,False
LABA.JK,94.0,94.33333333333333,94.0,94.0,93.0,90.44,104.57,3.893333333333331,1.9679037149498164,3620900,True,False
KUAS.JK,93.0,92.0,91.0,91.3,91.4,91.14,97.9604653930664,2.0,2.7873065104325274,4060100,True,False
KSIX.JK,326.0,313.3333333333333,302.0,294.0,289.0,320.36,323.98,18.5,5.683169344774763,790200,False,False
KRYA.JK,61.0,60.333333333333336,59.8,59.6,59.65,58.16,63.31,2.8400000000000034,1.772009747044627,8419100,True,False
KREN.JK,13.0,13.0,13.0,13.2,12.7,12.74,14.51,0.5,4.947089528537475,1926200,False,False
KRAS.JK,224.0,224.66666666666666,220.4,226.6,226.8,210.92,249.28,7.940000000000012,3.132054632042995,694200,False,False
KPIG.JK,85.0,84.66666666666667,83.0,83.0,82.75,83.72,96.5,2.25,2.790872215162774,91529500,True,False
KOTA.JK,156.0,151.66666666666666,146.2,132.7,114.1,102.14,98.89,53.86,7.539737035082059,736205200,False,False
KOPI.JK,210.0,210.66666666666666,212.0,206.2,199.25,187.78,219.27,12.11,3.7340123180227267,167400,False,False
KONI.JK,2420.0,2440.0,2434.0,2442.0,2585.0,2589.8,2377.75,16.980000000000018,1.9503217800793073,5800,False,False
KOKA.JK,199.0,196.0,193.6,202.7,192.65,139.12,160.51,63.579999999999984,4.095768120894839,21937100,False,False
KOIN.JK,78.0,78.0,78.0,78.0,78.0,76.54,79.13,1.4599999999999937,0.0,0,True,False
KOCI.JK,109.0,108.33333333333333,103.6,102.8,101.7,95.8105258178711,106.52105094909668,13.189474182128905,6.800542632627633,268893600,False,False
KOBX.JK,165.0,162.33333333333334,163.4,160.7,152.7,149.82,156.78,15.180000000000007,12.277870223369,68316900,False,False
KMTR.JK,236.0,234.66666666666666,233.2,237.4,230.8,228.92,242.88,4.240000000000009,5.054218233957726,1400,False,False
KMDS.JK,540.0,541.6666666666666,541.0,542.5,539.0,533.9833984375,545.1901943969726,1.7033203125,1.294434435449828,900,True,False
KLIN.JK,122.0,117.66666666666667,117.0,116.1,110.4,106.82,129.08,15.180000000000007,6.844722208314588,384000,False,False
KLBF.JK,725.0,725.0,714.0,716.0,725.25,733.9191784667969,818.7335559082031,3.983835693359379,1.775143056156202,11919000,True,False
KLAS.JK,78.0,76.0,75.4,73.6,71.35,68.8,75.12,9.200000000000003,2.7568553126651487,12131100,False,False
KKGI.JK,276.0,276.0,274.4,275.8,272.6,264.4664651489258,287.78435958862303,5.766767425537097,1.3817713252607895,251500,True,False
KKES.JK,66.0,66.0,66.6,67.1,66.1,51.8,44.14,15.299999999999997,1.4985395549780103,472500,False,False
KJEN.JK,144.0,145.0,143.0,134.5,129.05,126.42,129.54,18.58,7.6634396999239405,2534800,False,False
KIOS.JK,96.0,94.66666666666667,94.4,94.4,93.95,87.22,96.78,8.780000000000001,2.2361856549238897,12348900,False,False
KINO.JK,1300.0,1273.3333333333333,1251.0,1220.0,1180.0,1137.907998046875,1114.6659838867188,32.418400390624996,2.713682899977019,34000,False,False
KING.JK,278.0,279.3333333333333,273.2,275.4,291.8,383.8,372.03,55.30000000000001,3.3111836138084563,1398200,False,False
KIJA.JK,124.0,125.66666666666667,125.2,127.8,129.35,123.2,150.18,6.1499999999999915,2.671974698008359,11371800,False,False
KICI.JK,192.0,192.0,193.0,193.6,189.95,186.6,195.91,7.0,1.1097307924973532,174900,False,False
KETR.JK,580.0,561.6666666666666,559.0,562.5,545.25,546.38,518.05,6.95,2.5152922026570588,20977000,False,False
KEJU.JK,555.0,551.6666666666666,549.0,547.0,546.75,564.0,549.6868405151367,3.45,0.9149400530631254,24800,True,False
KEEN.JK,875.0,875.0,857.0,855.0,852.5,837.1567590332031,861.0319830322265,7.568648193359377,2.2424167139091176,3132100,False,False
KDTN.JK,446.0,430.6666666666667,380.0,400.6,475.55,612.3,781.2,116.14999999999998,14.801836924934102,7900100,False,False
KDSI.JK,460.0,457.3333333333333,454.8,451.0,446.8,442.52,445.44,8.740000000000009,1.1451093581437322,31000,False,False
KBLV.JK,128.0,129.0,127.0,127.2,113.95,97.28,104.37,31.72,5.143036753131646,3378900,False,False
KBLM.JK,294.0,299.3333333333333,298.0,296.2,293.5,289.701259765625,302.4173471069336,4.816036783854145,1.2220245580318436,50200,True,False
KBLI.JK,324.0,323.3333333333333,322.8,322.6,321.3,310.0831109619141,307.3221514892578,6.958444519042956,0.6845386902050212,21600,False,False
KBAG.JK,44.0,43.666666666666664,42.8,43.3,41.8,38.92,43.25,5.079999999999998,3.212505553289878,449700,True,False
KARW.JK,212.0,212.0,212.0,212.0,212.0,233.56,267.34,10.780000000000001,0.0,0,False,False
KAQI.JK,94.0,94.33333333333333,93.2,91.7,89.45,88.44,97.31,5.893333333333331,3.117986847526972,14744000,True,False
KAEF.JK,448.0,450.0,448.0,449.6,452.6,450.42,476.64,2.3000000000000114,0.846252623824664,50300,True,False
JTPE.JK,590.0,591.6666666666666,601.0,605.5,606.0,598.575,589.18,3.2,1.3595578763570257,866800,True,False
JSPT.JK,1375.0,1405.0,1439.0,1423.5,1408.25,1320.966416015625,1368.3262548828125,23.60671679687498,6.501133248788003,20200,False,False
JSMR.JK,2750.0,2753.3333333333335,2736.0,2719.0,2721.0,2756.940283203125,2853.8414208984377,3.794028320312509,1.11560102513625,564700,True,False
JRPT.JK,1080.0,1080.0,1080.0,1078.5,1078.75,1073.1511181640626,1071.517001953125,1.369776367187478,0.14708268186829976,32400,True,False
JPFA.JK,2170.0,2166.6666666666665,2156.0,2132.0,2083.0,2077.1,2232.3664819335936,9.29000000000001,1.552659957190576,1310300,False,False
JMAS.JK,228.0,228.0,228.0,228.0,228.0,240.88,236.04,6.439999999999998,0.0,0,False,False
JKON.JK,87.0,80.66666666666667,74.6,71.0,69.35,67.42925437927246,69.59074718475341,19.570745620727536,11.349528276838292,378977000,False,False
JIHD.JK,430.0,423.3333333333333,420.8,428.6,426.1,420.12,465.52,4.939999999999998,1.5637902792545615,48800,True,False
JGLE.JK,65.0,64.66666666666667,63.6,65.1,58.4,56.64,62.6,8.459999999999994,5.36255087183712,196004000,False,False
JECC.JK,630.0,630.0,621.0,624.0,630.25,597.2794299316406,724.1982879638672,6.594114013671879,1.8459293694715113,6100,False,False
JAYA.JK,133.0,133.0,131.0,128.9,126.05,123.42,127.75,9.579999999999998,1.868958677900474,513400,False,False
JAWA.JK,128.0,128.33333333333334,125.2,123.2,119.3,119.18,137.95,9.153333333333336,2.609381453076559,918300,False,False
JATI.JK,95.0,95.33333333333333,95.2,95.2,93.9,94.75112701416016,99.4107162475586,1.433333333333323,1.4055274910173983,4613300,True,False
JAST.JK,84.0,84.0,83.4,83.4,84.3,81.68,89.75,2.6199999999999903,1.3257635170176776,1111400,True,False
JARR.JK,1895.0,1908.3333333333333,1894.0,1904.0,1885.0,1790.9738842773438,1937.3142126464843,23.47188981119789,1.703968493419656,283200,False,False
ITMG.JK,24725.0,24641.666666666668,24635.0,24492.5,24111.25,23053.0,24398.750546875,66.88,0.7200386365389633,250800,False,False
ITMA.JK,1365.0,1353.3333333333333,1358.0,1374.5,1361.0,1445.8,1789.9,18.49333333333334,1.5255470206424324,5900,False,False
ITIC.JK,216.0,214.0,214.8,213.2,207.65,204.46,230.41,5.769999999999996,1.9924157039609327,187200,True,False
ISSP.JK,442.0,440.0,434.0,422.0,409.5,395.26898193359375,416.64000701904297,23.365509033203125,2.1277277493506164,500200,False,False
ISEA.JK,83.0,81.33333333333333,80.2,80.3,79.35,70.86,77.55,12.14,2.1524408207560954,1655600,False,False
ISAT.JK,1940.0,1915.0,1914.0,1924.5,1901.5,1896.7,1959.8547045898438,8.659999999999991,1.560815194417385,7656600,False,False
ISAP.JK,24.0,24.333333333333332,24.4,24.6,24.3,24.02,27.24,0.6000000000000014,3.6952307201638876,1418700,True,False
IRSX.JK,370.0,364.6666666666667,342.0,326.8,301.2,296.90608642578127,364.4468695068359,36.546956787109366,5.209608795113976,25596200,False,False
IRRA.JK,372.0,374.0,374.0,373.4,373.7,368.64,382.64,2.680000000000007,0.5325612904070943,214500,True,False
IPTV.JK,31.0,31.0,31.0,31.6,31.2,33.14,37.42,2.1400000000000006,3.520382261374091,123300,True,False
IPOL.JK,109.0,107.0,106.6,106.0,106.15,107.72,114.2,3.0,1.275739608921799,147400,True,False
IPCM.JK,304.0,305.3333333333333,304.8,311.6,313.6,306.9959417724609,307.47785552978513,4.800000000000011,1.4998334313661639,122800,True,False
IPCC.JK,1145.0,1146.6666666666667,1143.0,1163.5,1190.5,1150.361824951172,1168.0966973876953,9.5,1.8515617769766137,330600,False,False
IPAC.JK,165.0,162.0,162.8,161.3,161.95,151.72,153.31,13.280000000000001,3.2720630447297228,29800,False,False
IOTF.JK,53.0,53.0,52.6,52.6,52.8,53.2,57.96,0.6000000000000014,1.0727916542895664,953400,True,False
INTP.JK,5000.0,4823.333333333333,4724.0,4664.0,4614.0,4382.60435546875,4575.31865234375,61.73956445312497,1.7365097760554826,2500300,False,False
INTD.JK,252.0,252.66666666666666,252.0,245.2,238.2,234.64,242.12,9.013333333333335,3.2182109737856854,300,False,False
INTA.JK,61.0,61.0,61.0,61.0,61.0,63.68,70.19,2.6799999999999997,0.0,0,True,False
INPS.JK,715.0,693.3333333333334,676.0,673.0,641.75,655.3,637.56,14.65,5.397144291038656,32900,False,False
INPP.JK,690.0,693.3333333333334,693.0,698.0,698.5,726.8,757.1,7.3599999999999905,1.0867882126210893,18700,False,False
INPC.JK,143.0,140.66666666666666,138.6,138.4,136.95,133.2,145.8,9.800000000000011,1.8828954508217939,1448800,False,False
INOV.JK,143.0,143.0,139.6,136.0,130.85,122.78,130.0,20.22,2.2472972522594827,615000,False,False
INKP.JK,8425.0,8433.333333333334,8290.0,8067.5,7785.0,7491.766025390625,8423.225849609375,37.66269231770835,1.9249144751335656,1918000,False,False
INET.JK,234.0,232.0,226.0,227.8,219.4,207.32,247.56,13.340000000000003,3.270479126793409,45295700,False,False
INDY.JK,2410.0,2460.0,2504.0,2531.0,2381.5,2211.709482421875,2815.461335449219,31.929051757812523,4.548889396487259,16977400,False,False
INDX.JK,60.0,60.0,60.0,60.0,60.0,64.74,85.44,4.739999999999995,2.837818317547164e-07,0,True,False
INDS.JK,278.0,279.3333333333333,276.0,277.2,270.4,265.54240325927736,347.6656053161621,6.895465037027975,1.7008470147466495,449500,False,False
INDR.JK,2210.0,2286.6666666666665,2160.0,2069.5,2048.25,2018.8,2348.9,26.786666666666655,5.833694961899976,28800,False,False
INDO.JK,178.0,176.33333333333334,174.0,173.6,171.6,165.24,163.05,12.759999999999991,1.9785500482464289,20485000,False,False
INDF.JK,7050.0,7033.333333333333,6985.0,6932.5,6833.75,6537.466005859375,6435.0667724609375,20.501359765624983,0.7371652515443606,1122400,False,False
INCO.JK,5375.0,5283.333333333333,5078.0,4985.5,4899.25,4746.49275390625,5344.735634765625,25.140289843749997,3.72462419315528,3970900,False,False
INCI.JK,665.0,661.6666666666666,662.0,659.0,654.25,647.6016357421875,667.2098284912109,3.4796728515625093,1.6849342084812406,200,True,False
INCF.JK,50.0,50.0,50.0,50.0,50.0,50.0,53.45,0.0,0.0,0,True,False
INAI.JK,174.0,177.0,178.8,172.8,161.95,150.26,168.92,28.54000000000002,2.910813461919547,537100,False,False
IMPC.JK,1570.0,1551.6666666666667,1539.0,1530.0,1497.25,1563.2,1827.05,14.55,2.85546067253444,2376400,False,False
IMJS.JK,163.0,161.0,156.6,152.5,148.85,143.20878814697267,159.98129959106444,19.791211853027335,2.300095576940718,767700,False,False
IMAS.JK,855.0,856.6666666666666,853.0,856.5,841.0,845.0598767089843,937.7570227050782,3.1333333333333258,0.7992418593794315,269600,True,False
IKPM.JK,182.0,184.33333333333334,184.8,184.9,183.8,183.88,196.13,2.9000000000000057,1.6364622817533068,59600,True,False
IKBI.JK,555.0,558.3333333333334,557.0,553.5,558.25,528.72,538.36,5.922666666666669,2.5831707437137164,9800,True,False
IKAN.JK,86.0,85.33333333333333,84.2,84.4,83.55,77.76,86.19,8.239999999999995,2.8251086814265887,2541000,False,False
IKAI.JK,23.0,21.666666666666668,21.0,21.0,20.15,19.14,21.04,3.8599999999999994,4.584682080005229,3650100,False,False
IGAR.JK,440.0,440.0,435.2,429.4,420.9,418.9533355712891,444.3750518798828,10.523332214355463,1.7210480499422889,6100,False,False
IFSH.JK,1090.0,1111.6666666666667,1136.0,1167.0,1171.0,1232.9631787109374,1839.798826904297,28.592635742187486,3.8157644520353444,4600,False,False
IFII.JK,206.0,206.66666666666666,206.0,209.0,211.5,215.44,220.06,4.719999999999999,1.4222704044371461,26600,True,False
IDPR.JK,284.0,286.6666666666667,288.4,291.8,296.6,295.3532873535156,296.55603881835935,6.300000000000011,1.0791730334423726,3100,False,False
IDEA.JK,65.0,64.66666666666667,62.4,62.4,62.9,60.58,73.7,4.420000000000002,3.8087249831404533,2390500,False,False
ICON.JK,111.0,108.0,107.8,106.2,105.85,105.56,112.23,5.439999999999998,3.635123451960497,26072300,True,False
ICBP.JK,7200.0,7125.0,7070.0,7042.5,6885.0,6597.42283203125,6714.786547851562,24.10308671874998,1.3920209071367973,615800,False,False
IBST.JK,8475.0,8475.0,8475.0,8475.0,8475.0,8475.0,7682.55,0.0,0.0,0,True,False
IBOS.JK,64.0,64.0,63.6,66.2,67.6,75.4,94.77,11.800000000000004,2.0706351835065377,1160900,False,False
IBFN.JK,63.0,63.0,63.0,63.0,63.0,64.56,73.42,1.5600000000000023,0.0,0,True,False
IATA.JK,91.0,86.0,74.6,66.5,63.05,64.02,70.6,27.950000000000003,11.947065068630753,1045365700,False,False
HYGN.JK,168.0,168.0,169.0,164.8,158.5,146.94,145.49020126342774,22.060000000000002,2.3490450170272714,2271200,False,False
HUMI.JK,155.0,143.33333333333334,137.6,136.9,130.0,125.74,156.39,29.260000000000005,4.871176815185292,188570400,False,False
HRUM.JK,885.0,868.3333333333334,844.0,831.0,811.0,779.6,878.05,21.079999999999995,2.9735508086346183,5905300,False,False
HRTA.JK,1870.0,1853.3333333333333,1857.0,1901.5,1873.25,1975.8295947265624,2262.3840576171874,24.499252278645827,2.061922485576396,2204500,False,False
HRME.JK,43.0,42.666666666666664,42.0,43.4,44.05,44.26,46.11,2.259999999999998,5.074851537563009,62900,False,False
HOPE.JK,222.0,216.66666666666666,210.4,197.7,185.55,147.08,176.35,37.459999999999994,4.29671251242237,31311100,False,False
HOMI.JK,178.0,177.33333333333334,177.2,177.2,179.55,187.08,215.38,9.880000000000024,1.5883530932253815,589200,False,False
HOKI.JK,54.0,53.666666666666664,53.8,54.4,53.65,54.46,60.48,0.8100000000000023,2.8338524485876073,953400,True,False
HMSP.JK,745.0,738.3333333333334,733.0,726.5,708.25,673.3036608886719,683.0196838378906,14.33926782226563,0.8032898841784323,3103000,False,False
HILL.JK,16.0,16.0,16.0,16.0,16.0,15.94,18.46,0.0600000000000005,0.0,0,True,False
HGII.JK,121.0,120.66666666666667,120.8,121.0,121.55,124.27639877319336,131.5043864440918,3.6097321065266925,1.260623612430086,267200,True,False
HEXA.JK,4470.0,4470.0,4462.0,4484.0,4449.0,4408.2,4424.3,7.580000000000018,0.5480603775505872,43300,False,False
HERO.JK,348.0,345.3333333333333,344.4,344.4,338.1,333.0,377.21,7.5,3.825183547636584,69000,False,False
HELI.JK,186.0,184.33333333333334,185.4,185.7,183.3,178.3,187.03,7.699999999999989,4.462902285960077,314000,False,False
HEAL.JK,800.0,798.3333333333334,800.0,801.0,847.0,862.2,1011.2414904785156,12.773333333333335,2.8250635753390916,1292300,False,False
HDIT.JK,50.0,50.333333333333336,50.2,50.7,50.4,50.66,55.17,0.7000000000000028,1.9436134345324456,428500,True,False
HDFA.JK,89.0,90.33333333333333,90.2,89.4,88.95,88.16,95.61,2.173333333333332,1.5809801457117825,116800,True,False
HBAT.JK,218.0,221.33333333333334,222.4,237.0,256.0,338.06,359.69,60.03,2.9449776785784985,208800,False,False
HATM.JK,545.0,533.3333333333334,539.0,501.7,470.25,395.76857299804686,351.0073861694336,29.846285400390627,6.098670224597626,22248000,False,False
HALO.JK,70.0,70.0,69.8,68.3,67.1,64.62,69.49,5.3799999999999955,3.281187591147846,2345700,True,True
HAJJ.JK,106.0,105.66666666666667,105.0,104.6,103.35,103.68,116.96,2.6500000000000057,2.2920085476054677,2306100,True,False
HAIS.JK,185.0,185.66666666666666,183.4,182.9,182.15,175.82,185.3515139770508,9.846666666666664,1.5210184020209758,132900,False,False
HADE.JK,19.0,18.666666666666668,18.8,18.6,18.5,16.84,18.49,2.16,4.742494161220798,478700,False,False
GZCO.JK,176.0,176.0,166.0,159.6,153.2,146.52,172.93,29.47999999999999,4.967960051417348,24074700,False,False
GWSA.JK,134.0,131.0,128.8,127.4,123.65,121.46,134.41,12.540000000000006,2.5041241602405897,509600,False,False
GUNA.JK,200.0,201.33333333333334,200.6,199.9,194.65,173.40743621826172,190.11341049194337,27.92589711507162,1.7369802460993864,1300,False,False
GULA.JK,810.0,803.3333333333334,813.0,784.0,732.0,637.92,494.94,35.016000000000005,3.9885641961002034,13702400,False,False
GTSI.JK,179.0,161.66666666666666,152.6,152.7,143.95,137.15907028198242,179.30449714660645,41.84092971801758,6.918931652395754,160579500,False,False
GTRA.JK,238.0,240.0,240.4,237.8,222.5,202.92,221.05,18.74000000000001,1.3694132185210097,118100,False,False
GTBO.JK,170.0,170.0,170.0,170.0,170.0,176.54,196.57,6.539999999999992,0.0,0,False,False
GSMF.JK,87.0,87.33333333333333,87.2,87.5,86.35,84.08,96.75,3.4200000000000017,1.5369662744803592,607600,True,False
GRPM.JK,232.0,233.33333333333334,226.4,229.4,237.5,243.4,278.6,8.5,5.883308595537645,145000,False,False
GRPH.JK,59.0,59.0,59.0,59.3,59.25,58.8,59.05,0.5,1.4713340715874974,919600,True,False
GRIA.JK,142.0,133.66666666666666,127.6,122.7,116.9,120.38,111.93,25.099999999999994,5.817535427884222,19043300,False,False
GPSO.JK,312.0,308.0,295.6,300.2,307.3,364.76,364.74,34.579999999999984,5.215531874826638,60990600,False,False
GPRA.JK,102.0,102.0,102.6,102.6,101.85,101.08254852294922,104.20990013122558,1.5174514770507699,4.163217793825045,21133900,False,False
GOTO.JK,50.0,50.0,50.0,50.0,50.0,50.0,51.15,0.0,0.0,11584700,True,False
GOOD.JK,298.0,295.3333333333333,292.8,295.4,299.6,310.56,324.8150860595703,8.879999999999995,1.5750688140690052,86800,False,False
GOLF.JK,169.0,162.33333333333334,160.6,160.8,164.5,162.81429077148437,175.49533737182617,8.400000000000006,3.1297781211691604,15318400,False,False
GOLD.JK,266.0,264.6666666666667,264.8,267.6,260.9,256.68,269.22,5.460000000000008,3.837094696072474,98600,False,False
GMTD.JK,1290.0,1283.3333333333333,1319.0,1302.0,1302.0,1388.8,1503.6866015625,21.09333333333334,5.114463459460679,2000,False,False
GMFI.JK,54.0,54.0,54.6,54.5,53.5,52.6,56.77,2.0,1.949413161150542,22592600,True,False
GLVA.JK,304.0,305.3333333333333,304.8,305.2,301.1,304.82561096191404,317.38500518798827,2.116666666666646,1.4231514475305633,4100,True,False
GJTL.JK,1320.0,1285.0,1262.0,1211.5,1167.0,1136.238603515625,1098.4912493896484,36.75227929687499,3.3726209126246474,2806400,False,False
GIAA.JK,54.0,54.0,53.8,53.8,53.3,54.22,61.68,0.9200000000000017,1.949022537031276,4844500,True,False
GHON.JK,1615.0,1625.0,1632.0,1638.5,1617.0,1694.4,1744.7,15.880000000000019,0.48285008854033196,2900,False,False
GGRP.JK,300.0,298.0,296.8,295.6,294.1,292.12,282.079631652832,3.9399999999999977,0.9149341397980459,13300,True,False
GGRM.JK,19750.0,19416.666666666668,19140.0,18400.0,17585.0,16187.875,15282.1125,142.485,1.9587725783005356,804800,False,False
GEMS.JK,6500.0,6491.666666666667,6450.0,6507.5,6502.5,6509.5,7334.25,2.38,1.118848015404226,18100,True,False
GEMA.JK,81.0,81.0,80.6,81.1,80.15,79.39380905151367,82.48333160400391,1.7061909484863236,0.7014973674589001,51900,True,False
GDYR.JK,1080.0,1093.3333333333333,1096.0,1094.0,1093.25,1089.9,1099.85,3.2,1.367232591314533,2000,True,False
GDST.JK,102.0,101.33333333333333,99.0,97.1,92.6,86.3,93.58,15.700000000000003,5.718609239495512,4304300,False,False
FWCT.JK,95.0,94.0,91.4,91.1,88.75,80.62,92.11,14.379999999999995,2.238910504055517,2786700,False,False
FUTR.JK,314.0,308.0,293.2,286.8,256.2,201.06,218.31,56.47,10.595029855743183,68944000,False,False
FUJI.JK,204.0,203.33333333333334,204.4,204.0,205.55,233.54,291.51,15.103333333333325,1.646248795622459,107100,False,False
FPNI.JK,412.0,414.0,378.4,350.8,337.0,334.2,387.84,39.900000000000006,8.182402111627205,4963700,False,False
FORU.JK,2610.0,2773.3333333333335,2852.0,2997.0,2968.0,2850.3,2062.7,38.7,4.596809414835964,404100,False,False
FORE.JK,775.0,728.3333333333334,687.0,666.5,641.5,662.6,732.96,26.7,4.840853227516684,25417900,False,False
FOOD.JK,176.0,176.0,176.0,176.0,176.0,172.54,190.59,3.460000000000008,0.0,0,True,False
FOLK.JK,212.0,210.66666666666666,208.0,210.4,210.55,200.34,274.53,5.829999999999998,1.7697839713196155,1541300,True,False
FMII.JK,248.0,250.66666666666666,249.6,248.4,249.3,245.8,241.48,2.433333333333323,2.4231769058889103,5400,True,False
FLMC.JK,73.0,72.0,74.2,73.6,64.35,85.74,119.78,21.39,5.284132052110785,3216700,False,False
FITT.JK,354.0,352.0,352.8,353.0,363.0,366.6,389.25,7.300000000000011,1.3918440798583596,32400,False,False
FISH.JK,595.0,606.6666666666666,610.0,622.5,629.25,623.4572387695313,686.93830078125,6.85,2.1691488557198926,12200,False,False
FIRE.JK,107.0,107.0,106.4,107.5,106.75,104.32,123.07,3.180000000000007,1.159587283197706,1220700,True,False
FILM.JK,1040.0,1065.0,1066.0,1083.0,1316.75,1633.9,2254.2,118.78000000000002,5.42583803215286,4666000,False,False
FAST.JK,330.0,344.6666666666667,323.2,305.8,291.7,258.0,280.76,43.33333333333334,6.885567177847529,2216900,False,False
FAPA.JK,7375.0,7366.666666666667,7360.0,7330.0,7366.25,7282.8651171875,7023.276201171875,3.6853953125000043,0.2308809121785401,200,True,False
EXCL.JK,2520.0,2496.6666666666665,2474.0,2468.0,2500.0,2553.6,2766.9,8.559999999999992,2.493917193675691,768500,False,False
EURO.JK,1815.0,1861.6666666666667,1897.0,1953.5,1858.5,1720.76470703125,2133.5202600097655,46.54705859374999,3.436886178401039,98600,False,False
ESTI.JK,161.0,161.0,156.2,145.0,137.35,127.66896118164063,145.31952285766602,33.331038818359374,11.985875622499977,2313800,False,False
ESTA.JK,188.0,190.33333333333334,185.0,184.8,182.1,183.5,189.1,8.233333333333348,4.433441223310819,140900,False,False
ESSA.JK,615.0,626.6666666666666,626.0,625.0,605.75,587.4503308105469,653.7180767822266,7.843267171223943,2.6675721706256024,15878200,False,False
ESIP.JK,130.0,130.0,127.8,130.8,129.7,126.36,119.12,4.440000000000012,3.7483299418461966,7889700,True,True
ERTX.JK,194.0,187.33333333333334,180.6,176.0,162.45,149.06,177.74,44.94,6.967072688746145,1723200,False,False
ERAL.JK,304.0,306.6666666666667,304.8,298.2,290.7,276.44812072753905,289.4547396850586,15.109272969563818,2.479293810455266,1026500,False,False
ERAA.JK,438.0,428.0,416.0,406.2,380.7,354.7930010986328,359.11409271240234,41.603499450683586,3.484921394115133,56911800,False,False
EPMT.JK,2380.0,2380.0,2340.0,2319.0,2322.5,2311.0,2327.8,6.9,1.519441281163577,80900,False,False
EPAC.JK,61.0,61.333333333333336,60.6,61.6,66.15,65.82,63.81,5.550000000000004,3.052769563150315,10573900,True,False
ENZO.JK,86.0,72.66666666666667,70.0,67.5,67.7,66.24,69.89,19.760000000000005,9.878766110063193,269528800,False,False
ENRG.JK,1255.0,1270.0,1263.0,1353.5,1342.25,1299.2,1478.45,19.7,4.7838116534461035,17923600,False,False
ENAK.JK,242.0,246.0,244.8,250.2,257.5,266.12,315.1,12.060000000000002,6.453629386644175,84400,False,False
EMTK.JK,530.0,526.6666666666666,523.0,524.0,522.55,540.3012390136719,663.0426501464843,3.550247802734384,2.0146338337761756,13206600,True,False
EMDE.JK,73.0,71.0,69.6,69.6,69.5,65.72,71.24,7.280000000000001,2.6480191745482586,6565700,False,False
EMAS.JK,6775.0,6700.0,6520.0,6297.5,5986.25,6500.5,7418.5,31.55,1.7881686540929371,4542400,False,False
ELTY.JK,31.0,31.333333333333332,30.8,31.3,27.1,26.42,33.58,4.91333333333333,6.702934948022491,18033600,False,False
ELSA.JK,700.0,698.3333333333334,691.0,685.0,664.0,601.1568347167969,641.6124475097656,19.768633056640624,3.0141686760893016,10008500,False,False
ELPI.JK,730.0,723.3333333333334,731.0,829.0,928.0,1114.2819921875,1409.163331298828,78.18973177083333,5.249867752953681,521300,False,False
ELIT.JK,173.0,173.0,172.4,174.3,172.8,173.78,188.57,1.9000000000000057,2.00976429604952,282900,True,False
EKAD.JK,170.0,170.0,169.0,168.9,169.0,165.92777740478516,167.62388732910156,4.072222595214839,1.3093356192556211,11100,True,False
ECII.JK,162.0,160.66666666666666,163.4,157.5,149.55,138.22,162.28,25.180000000000007,6.88929496900452,1703500,False,False
EAST.JK,93.0,92.66666666666667,91.6,91.1,90.35,88.96,88.58169792175293,4.040000000000006,1.01519216013435,1872200,True,True
DYAN.JK,85.0,84.33333333333333,83.2,82.0,80.75,77.78,80.41,7.219999999999999,2.11141687336884,1668800,False,False
DWGL.JK,350.0,359.3333333333333,361.2,301.2,263.2,250.48,259.5,55.36,10.48628170906591,1360100,False,False
DVLA.JK,1580.0,1586.6666666666667,1590.0,1584.5,1571.25,1529.901953125,1533.8105590820312,12.019609374999982,0.5540731418184305,2000,False,False
DUTI.JK,4290.0,4290.0,4290.0,4286.0,4207.0,3996.4021826171875,3858.2560400390626,29.359781738281253,0.3524922078832941,600,False,False
DSSA.JK,845.0,843.3333333333334,839.0,853.0,833.5,763.26,1488.81,17.948,1.9855206295177934,52909300,False,False
DSNG.JK,1365.0,1363.3333333333333,1353.0,1328.0,1261.5,1176.320859375,1353.1507299804687,37.73582812499999,4.155432645428574,1015300,False,False
DSFI.JK,81.0,81.0,80.2,80.4,77.6,72.88,83.71,8.120000000000005,2.307237489493726,1484600,False,False
DRMA.JK,960.0,958.3333333333334,950.0,932.5,922.0,926.4,937.6866662597656,7.6,1.2545425162294483,111300,False,False
DPUM.JK,99.0,98.0,97.4,98.1,97.9,119.4,131.08,22.0,1.8696043535442848,22107500,False,False
DOSS.JK,163.0,161.66666666666666,155.8,146.7,140.25,134.3782746887207,141.049857711792,28.621725311279306,6.408552747461392,5895800,False,False
DOOH.JK,252.0,254.0,244.0,216.7,172.35,142.42,145.75,55.790000000000006,8.334981181781451,82479600,False,False
DOID.JK,216.0,215.33333333333334,214.0,219.0,212.05,206.04,229.84,6.480000000000004,2.6994345330177727,262000,False,False
DNET.JK,9900.0,9866.666666666666,9835.0,9780.0,9761.25,9957.0,9596.25,7.83,1.5477381556081269,5300,False,False
DNAR.JK,121.0,122.33333333333333,123.0,121.8,117.95,114.42,125.32,8.579999999999998,1.1642891652714444,151200,False,False
DMND.JK,615.0,620.0,616.0,615.0,615.75,606.5043957519531,620.2025964355469,2.6991208496093804,2.217238574030986,1100,True,False
DMMX.JK,183.0,185.0,182.0,180.4,170.7,163.96311920166016,184.73600296020507,21.036880798339837,12.614320347598742,596300,False,False
DMAS.JK,146.0,147.0,144.6,141.4,139.75,138.04761627197266,130.96506614685057,8.952383728027343,1.5516801854368258,31289300,False,False
DLTA.JK,1775.0,1778.3333333333333,1778.0,1777.5,1770.0,1740.7820288085939,1762.572313232422,7.510260904947882,0.2076952394881208,10900,False,False
DKHH.JK,64.0,62.666666666666664,62.6,63.1,63.15,60.32,65.39,3.6799999999999997,1.9870437528438405,36102200,True,False
DKFT.JK,685.0,668.3333333333334,664.0,656.0,649.0,653.5,700.05,7.2,1.6032051264790559,5532600,False,False
DIVA.JK,134.0,130.0,127.6,125.0,119.0,115.38,132.71,18.620000000000005,7.204752177647198,10176600,False,False
DILD.JK,116.0,116.0,116.0,115.6,115.25,114.68,120.7,1.3199999999999932,0.9984068120324417,1736200,True,False
DIGI.JK,29.0,29.0,29.0,29.0,29.0,30.36,32.22,1.3599999999999994,0.0,0,True,False
DGWG.JK,286.0,286.6666666666667,283.2,283.0,283.3,292.18542907714846,328.0894030761719,4.592714538574228,1.2683814446916797,2449900,True,False
DGNS.JK,248.0,238.0,236.4,236.8,230.9,229.64,255.34,9.180000000000007,2.745047597184144,78200,False,False
DGIK.JK,127.0,127.0,127.4,128.3,129.85,126.18,128.3,3.6699999999999875,0.6582872618687506,186300,True,False
DFAM.JK,83.0,82.0,80.2,82.5,82.3,89.32,95.54,9.11999999999999,3.3033829101817584,2012800,False,False
DEWI.JK,120.0,119.33333333333333,119.2,119.3,119.7,118.76,121.87,1.2399999999999949,1.3052049847820781,16489500,True,False
DEWA.JK,464.0,462.6666666666667,455.6,451.8,406.2,353.07329132080076,412.9173072814941,55.46335433959962,3.3626087710994836,139328100,False,False
DEPO.JK,244.0,244.0,243.2,241.8,245.1,243.27463500976563,244.9137171936035,1.6499999999999915,1.3156996381545547,77100,True,False
DEFI.JK,106.0,105.0,104.6,106.5,106.1,111.38,119.93,6.780000000000001,2.1168159835752287,2072400,False,False
DCII.JK,188175.0,189233.33333333334,190085.0,190092.5,193165.0,189784.5,195798.25,199.6,1.149024210060096,100,False,False
DAYA.JK,980.0,980.0,984.0,979.5,976.75,1009.4,1013.65,6.529999999999996,0.9292200160591926,11100,False,False
DATA.JK,1970.0,1996.6666666666667,2002.0,2002.5,2110.75,1907.3,2198.15,40.69000000000001,3.120670417680158,258800,False,False
DART.JK,127.0,126.33333333333333,127.4,126.0,124.9,123.12,135.04,4.280000000000001,2.5789887425310085,3564400,True,False
DADA.JK,50.0,50.0,50.0,50.0,50.0,50.0,50.0,0.0,0.0,87100,True,False
DAAZ.JK,1520.0,1523.3333333333333,1532.0,1541.5,1524.75,1585.531103515625,1996.4588806152344,13.106220703125018,2.4222516571209183,26900,False,False
CYBR.JK,570.0,555.0,550.0,558.0,572.25,591.3,626.225,8.259999999999991,1.9812787710253255,26336800,False,False
CUAN.JK,670.0,665.0,661.0,684.0,662.0,649.52,911.01,6.8960000000000035,3.2727331132079445,51061400,False,False
CTTH.JK,130.0,127.66666666666667,125.2,126.6,124.0,130.24,126.79,6.240000000000009,5.046621919239239,4234000,False,False
CTRA.JK,585.0,580.0,574.0,573.5,565.5,554.3399926757812,605.9078814697266,6.132001464843756,1.7129216424588374,5617300,False,False
CTBN.JK,4050.0,4086.6666666666665,4162.0,4383.0,4760.25,5266.2637890625,5267.273930664062,121.62637890625001,2.112769064725315,5900,False,False
CSRA.JK,745.0,745.0,761.0,773.0,768.25,769.2,840.4,5.6,2.884425757637694,32200,True,False
CSMI.JK,76.0,75.66666666666667,74.4,75.3,75.8,75.24,84.91,1.5999999999999943,2.893616422856527,2378400,True,False
CSIS.JK,200.0,189.0,183.8,180.2,173.0,156.60040069580077,161.29640174865722,43.39959930419923,3.0625056525153327,15933000,False,False
CSAP.JK,286.0,287.3333333333333,287.6,286.4,286.9,277.2868927001953,280.16413635253906,5.156553649902349,2.1735522995712837,10100,True,False
CRSN.JK,108.0,108.33333333333333,108.0,106.0,103.8,101.03175384521484,105.17490417480468,7.301579488118492,1.3745930398645696,119500,False,False
CRAB.JK,208.0,208.0,208.0,208.0,208.0,208.76,213.08,0.37999999999999545,0.0,0,True,False
CPRO.JK,51.0,50.666666666666664,50.4,50.5,50.35,50.38,53.07,0.6499999999999986,1.7290425265463834,30181500,True,False
CPIN.JK,3160.0,3203.3333333333335,3210.0,3207.0,3154.0,3326.7950830078125,3629.7739575195315,17.279508300781252,2.5998201567100727,3537900,False,False
COIN.JK,645.0,646.6666666666666,658.0,695.5,687.75,716.7,946.0,14.340000000000009,3.830925513639902,2325600,False,False
COCO.JK,104.0,106.0,106.0,114.8,130.625,162.51169082641601,253.35584541320802,58.511690826416014,6.42848999806644,245106600,False,False
COAL.JK,21.0,21.0,21.2,21.7,21.55,29.96,45.09,8.96,5.1200394736330415,0,False,False
CNMA.JK,96.0,93.33333333333333,92.2,91.9,91.7,89.96,94.95835815429687,6.040000000000006,1.7482601549337697,59761100,False,False
CNKO.JK,37.0,37.0,37.0,37.0,37.0,38.16,47.58,1.1599999999999966,0.0,0,True,False
CMRY.JK,4570.0,4586.666666666667,4626.0,4629.0,4634.0,4497.0,4502.964541015625,13.7,1.5115860126741578,651500,False,False
CMPP.JK,69.0,69.0,69.0,69.0,69.0,70.06,76.1,1.0600000000000023,0.0,0,True,False
CMNT.JK,795.0,793.3333333333334,804.0,799.0,794.25,792.6,781.5,2.2799999999999954,1.7618296431310125,13311000,True,True
CMNP.JK,1350.0,1351.6666666666667,1348.0,1347.5,1348.5,1352.3,1416.9,0.9599999999999909,0.8544036694871587,69400,True,False
CLPI.JK,1575.0,1576.6666666666667,1564.0,1556.0,1533.75,1481.9637524414063,1457.8011645507813,18.940582845052084,0.848986705496348,42600,False,False
CLEO.JK,380.0,382.0,383.2,380.0,380.2,376.64472229003906,386.9835232543945,3.2776388549804665,1.1915645568690405,1869000,True,False
CLAY.JK,2690.0,2650.0,2512.0,2440.0,2475.5,2637.4,2719.6,25.0,4.373710669006091,18300,False,False
CITY.JK,170.0,170.66666666666666,169.2,169.3,168.55,158.84,171.38,11.826666666666654,1.659987727220163,332600,False,False
CITA.JK,3260.0,3263.3333333333335,3248.0,3271.0,3217.0,3095.2,3365.460830078125,17.58000000000002,1.3828685443272053,11300,False,False
CINT.JK,184.0,180.66666666666666,176.6,175.0,170.4,168.26,184.55,15.740000000000009,2.8704441158763574,300900,False,False
CHIP.JK,935.0,923.3333333333334,918.0,921.0,929.5,938.8360583496094,1004.2032257080078,4.167211669921881,0.9046826450720342,22800,True,False
CHEM.JK,65.0,64.66666666666667,64.4,65.1,64.65,62.44,76.79773483276367,2.6599999999999966,2.7945725313345355,3322900,True,False
CHEK.JK,132.0,133.0,131.6,131.6,129.65,125.04,131.15,7.959999999999994,1.8070916071751673,213500,False,False
CGAS.JK,153.0,153.66666666666666,152.8,153.4,152.0,151.34722106933594,157.64166473388673,2.319445597330713,1.2766635493052314,877400,True,False
CFIN.JK,346.0,344.6666666666667,341.6,339.4,336.5,317.5841302490234,304.7781018066406,14.207934875488291,1.1887283544441554,430400,False,False
CENT.JK,80.0,80.33333333333333,80.0,81.3,78.95,75.98,88.15,5.319999999999993,2.226983101849095,412000,True,False
CEKA.JK,2220.0,2203.3333333333335,2210.0,2195.0,2182.0,2152.26875,2165.5296875,6.773124999999982,0.9776905458587744,8600,False,False
CDIA.JK,655.0,651.6666666666666,650.0,675.5,657.25,670.7,815.1006591796875,5.1,2.3147471112207327,9791000,True,False
CCSI.JK,246.0,244.0,245.2,247.0,248.4,246.0,250.9,2.200000000000003,1.4289219576882226,15000,True,False
CBUT.JK,835.0,833.3333333333334,827.0,821.5,809.75,704.02,768.51,26.196000000000005,1.045430124565427,9600,False,False
CBRE.JK,675.0,676.6666666666666,679.0,698.0,707.5,705.9,787.1,6.5,2.4459635145893057,5797100,False,False
CBPE.JK,348.0,346.0,330.0,309.6,297.4,287.54408386230466,298.70452087402344,30.22795806884767,5.052000011472343,120100,False,False
CBDK.JK,3960.0,3843.3333333333335,3730.0,3669.0,3568.0,3568.048154296875,4113.871782226563,39.2,3.839572168986919,2526800,False,False
CASS.JK,1900.0,1910.0,1902.0,1881.5,1866.25,1814.4,1843.3,19.119999999999983,0.967210556438532,221500,False,False
CASH.JK,230.0,230.66666666666666,232.0,231.6,214.7,192.46,198.01,19.769999999999996,3.74348674647846,1475300,False,False
CASA.JK,1800.0,1820.0,1830.0,1844.5,1858.0,1721.9,1527.0,27.21999999999998,3.1123989459449968,3400,False,False
CARS.JK,92.0,91.33333333333333,91.0,90.2,87.0,87.6,91.29,5.0,1.9449394849331632,882900,True,False
CARE.JK,426.0,423.3333333333333,421.6,420.6,424.0,416.0,414.64,5.0,0.5901251606399962,75500,True,False
CANI.JK,135.0,135.0,135.0,135.0,135.0,134.68,141.02,0.3199999999999932,0.0,0,True,False
CAMP.JK,171.0,170.33333333333334,170.0,169.9,169.7,173.44,186.49,3.740000000000009,0.774626968762603,18300,True,False
CAKK.JK,139.0,137.0,135.4,135.4,136.4,138.62,150.07,3.5999999999999943,4.217957000970366,185100,False,False
BYAN.JK,12075.0,12050.0,12075.0,12075.0,11830.0,11029.6548828125,11276.5880859375,41.81380468750002,0.8544194992319808,800,False,False
BWPT.JK,90.0,89.0,84.6,82.0,79.2,77.6,100.34,12.400000000000006,4.521266125648773,119516200,False,False
BVIC.JK,93.0,93.0,92.8,92.7,88.8,87.3,96.28,5.700000000000003,0.9392786828021116,656200,True,False
BUVA.JK,775.0,811.6666666666666,812.0,844.5,865.75,797.8,934.05,18.15,5.295914795125753,246443700,False,False
BUMI.JK,169.0,167.33333333333334,164.6,168.0,158.45,154.56,189.66,14.439999999999998,4.155297154550313,560921300,False,False
BULL.JK,446.0,442.6666666666667,436.0,422.2,386.7,366.0,403.81,40.0,6.7883959406524905,300626800,False,False
BUKK.JK,1025.0,1030.0,1023.0,1046.5,1071.75,1027.1,1157.95,9.75,2.0110734559675785,2400,False,False
BUKA.JK,119.0,118.33333333333333,117.4,117.1,110.0,109.3,127.47,9.700000000000003,3.1831579504594734,10857800,False,False
BUDI.JK,216.0,216.0,212.4,209.0,207.3,206.04,208.52,4.980000000000004,1.87057039918022,83900,True,False
BUAH.JK,505.0,503.3333333333333,502.0,506.0,508.25,508.54801696777344,508.03340698242187,1.3096033935546871,0.7756102065474135,25000,True,False
BTPS.JK,995.0,993.3333333333334,987.0,991.5,1005.5,978.5,995.7564337158203,5.4,1.8231230561620078,431800,True,False
BTPN.JK,2170.0,2170.0,2178.0,2209.0,2204.0,2190.5,2122.430661621094,3.9,1.8206733093441958,11500,True,False
BTON.JK,348.0,354.6666666666667,354.8,360.4,353.9,355.32,367.28,6.199999999999989,4.041165956836746,4900,False,False
BTEK.JK,10.0,10.333333333333334,10.6,11.1,10.75,10.84,12.46,1.0999999999999996,6.507120569053089,29103200,False,False
BSSR.JK,4320.0,4310.0,4296.0,4282.0,4249.5,3961.9692919921877,3771.081467285156,35.803070800781235,0.5304032307953186,236800,False,False
BSML.JK,525.0,525.0,519.0,518.0,519.5,474.78,426.29,10.044000000000006,1.607715976707837,461200,False,False
BSIM.JK,690.0,696.6666666666666,696.0,698.0,695.25,716.8,798.15,5.3599999999999905,1.7547631538249706,13800,True,False
BSDE.JK,570.0,568.3333333333334,570.0,573.0,568.75,581.2,670.55,2.573333333333335,1.8267627731540232,3473200,True,False
BSBK.JK,52.0,52.333333333333336,52.2,52.4,52.15,51.72,55.07,0.6799999999999997,1.6404116801659967,2306800,True,False
BRRC.JK,57.0,57.0,57.0,57.3,58.7,57.64,67.22,1.7000000000000028,2.2422917428414855,1373500,True,False
BRPT.JK,1835.0,1833.3333333333333,1815.0,1791.0,1740.5,1653.8155444335937,1736.907841796875,36.23689111328126,1.929475033613021,24403600,False,False
BRNA.JK,680.0,628.3333333333334,615.0,606.0,599.25,595.8,629.6,16.84000000000001,3.7321097619641668,1052800,False,False
BRMS.JK,560.0,560.0,556.0,571.0,557.15,556.2,670.9,3.0,1.9968807045235948,87077200,True,False
BRIS.JK,1800.0,1805.0,1792.0,1824.0,1803.75,1810.0,1887.820255126953,6.4,1.6709649322726592,3244900,False,False
BREN.JK,3320.0,3293.3333333333335,3286.0,3422.0,3386.5,3476.18326171875,4299.66125,19.018326171875014,3.4308941317066655,7589500,False,False
BRAM.JK,4500.0,4500.0,4492.0,4470.0,4499.0,4433.975717773437,4383.101770019532,6.602428222656272,0.5877727768978186,800,False,False
BPTR.JK,74.0,74.33333333333333,74.4,74.5,72.05,70.4,76.42,4.099999999999994,1.9158690205541113,518900,True,False
BPII.JK,458.0,444.0,440.8,440.0,441.7,445.48,456.56,9.0,1.8127001342536437,5900,False,False
BPFI.JK,262.0,262.0,263.2,261.6,254.0,251.1654537963867,256.7756703186035,6.017273101806637,2.954124102591901,14300,False,False
BOLT.JK,795.0,800.0,794.0,793.5,790.5,783.3,824.2535357666015,3.340000000000009,1.5358579583324288,4100,True,False
BOLA.JK,160.0,159.66666666666666,160.6,162.4,160.8,152.7,159.23,9.700000000000017,1.7370721601142742,105000,False,False
BOGA.JK,1730.0,1711.6666666666667,1627.0,1576.5,1549.75,1403.0,1410.75,65.4,4.349801218559205,7600,False,False
BOBA.JK,222.0,226.0,229.2,230.2,238.0,270.9753842163086,240.36041702270506,24.487692108154306,1.9006763167158092,726800,False,False
BOAT.JK,136.0,135.33333333333334,135.8,131.7,120.8,112.96,126.69,23.040000000000006,5.850104508237316,2325200,False,False
BNLI.JK,2180.0,2173.3333333333335,2194.0,2281.0,2323.5,2589.8,2855.9054638671873,41.64666666666667,1.5233470010291439,30800,False,False
BNII.JK,192.0,191.66666666666666,190.2,189.9,190.0,188.82,193.88741607666014,3.180000000000007,0.7249525079176342,164400,True,False
BNGA.JK,1645.0,1646.6666666666667,1644.0,1647.0,1621.5,1590.7,1623.9469287109375,11.259999999999991,0.669638867952904,145800,False,False
BNBR.JK,96.0,97.0,95.6,101.6,96.1,97.8995147705078,128.65768531799316,6.0,6.163150271709835,409479400,False,False
BNBA.JK,740.0,740.0,741.0,741.0,743.25,726.4,724.6,3.3700000000000045,0.764325676341386,3600,True,False
BMTR.JK,113.0,114.66666666666667,114.2,115.6,115.9,116.94,132.71,3.9399999999999977,2.5015146431540445,13946500,True,False
BMSR.JK,306.0,307.3333333333333,309.2,312.4,308.1,297.64,310.5,7.3799999999999955,1.1367537360253068,95900,False,False
BMRI.JK,4210.0,4190.0,4164.0,4201.0,4221.5,4146.8,4209.89765625,7.469999999999982,2.0779020266588737,34596500,False,False
BMHS.JK,189.0,189.66666666666666,187.4,184.3,180.4,179.1831591796875,182.4212905883789,10.483507486979164,1.6892599464623248,210200,False,False
BMBL.JK,32.0,32.666666666666664,32.4,32.2,31.55,31.9,33.35,1.1166666666666636,3.0611123410430636,1079600,True,False
BMAS.JK,480.0,485.3333333333333,484.0,485.4,481.0,482.26,490.76,2.6999999999999886,2.2911871062773526,18300,True,False
BLUE.JK,2420.0,2436.6666666666665,2518.0,2710.0,2790.5,2994.932138671875,3137.0451123046873,57.49321386718748,3.1165184905689483,121800,False,False
BLTA.JK,33.0,32.666666666666664,32.4,33.1,33.45,33.78,38.0,1.3800000000000026,2.8553037270549666,88800,True,False
BLOG.JK,354.0,356.0,353.2,363.8,361.2,341.3003454589844,352.8493115234375,11.249827270507808,2.2973393836560363,148600,False,False
BLES.JK,197.0,195.0,194.4,180.2,161.65,147.13100036621094,147.88705612182616,49.86899963378906,4.921432897033561,8182400,False,False
BKSW.JK,53.0,53.0,53.0,53.0,52.35,52.08,55.01,0.9200000000000017,0.0,95200,True,False
BKSL.JK,70.0,68.33333333333333,67.6,68.4,66.7,65.76,86.31,4.239999999999995,2.9296043894333956,100043500,True,False
BKDP.JK,169.0,169.0,169.0,160.5,142.2,128.98,99.65,40.02000000000001,5.711800702778354,0,False,False
BJTM.JK,520.0,518.3333333333334,517.0,518.5,517.5,514.24,517.3870684814453,1.1519999999999981,1.001707595057589,649700,True,False
BJBR.JK,790.0,790.0,785.0,785.0,778.75,768.3,765.2089501953125,4.340000000000009,0.9574754013429165,646600,True,False
BISI.JK,675.0,668.3333333333334,659.0,655.5,647.25,662.9924816894531,719.0559606933593,5.55,1.3653660236658018,105600,True,False
BIRD.JK,1600.0,1600.0,1598.0,1606.0,1599.25,1504.0840234375,1483.595994873047,20.383195312499993,0.8036336895990549,412900,False,False
BIPP.JK,64.0,63.0,62.2,63.8,65.1,60.02,65.64,5.079999999999991,2.380211579062644,5537000,True,False
BIPI.JK,149.0,144.66666666666666,142.0,147.8,143.15,145.04,188.96,7.0,3.6336291003402486,312147400,False,False
BINO.JK,109.0,109.0,109.0,108.4,104.45,99.64,110.35,9.36,1.509929731486875,157300,False,False
BINA.JK,4050.0,4243.333333333333,4194.0,4170.0,4059.5,3915.0,4071.9,32.8333333333333,3.3930506175632646,146900,False,False
BIKE.JK,510.0,510.0,510.0,510.0,510.0,510.0,494.37,0.0,0.0,0,True,False
BHIT.JK,25.0,25.333333333333332,25.2,25.6,25.6,26.62,29.91,1.620000000000001,3.1825538360456083,889900,True,False
BHAT.JK,1770.0,1770.0,1770.0,1770.0,1770.0,1477.6,1434.0,58.48000000000002,0.0,0,False,False
BGTG.JK,113.0,114.0,111.8,111.2,110.7,109.16,114.69,4.840000000000003,2.9012074536898553,1723700,True,False
BFIN.JK,905.0,906.6666666666666,897.0,841.0,811.75,741.3,730.59681640625,33.07333333333334,3.961848433210592,3584200,False,False
BEST.JK,108.0,109.0,105.0,103.3,102.05,99.24,102.95,9.760000000000005,3.6145463411464593,4746100,False,False
BESS.JK,880.0,886.6666666666666,880.0,889.5,903.0,923.3433459472657,1050.3531573486327,8.668669189453135,1.978187844473157,1300,False,False
BELL.JK,117.0,115.33333333333333,114.2,116.1,114.4,105.68,125.83,11.319999999999993,5.160424139551785,10278400,False,False
BELI.JK,256.0,256.6666666666667,255.6,256.0,259.6,281.96,337.54,13.179999999999993,0.8033108870999849,375300,False,False
BEKS.JK,22.0,21.333333333333332,21.2,21.2,21.05,21.1,24.07,0.9499999999999993,4.5532789570251255,2732400,False,False
BEER.JK,74.0,74.66666666666667,74.8,75.8,77.95,81.96,107.04,7.959999999999994,1.3889856271664236,2921600,False,False
BEEF.JK,426.0,405.3333333333333,398.8,371.8,320.5,225.38,225.76,100.31,4.722226535434266,16798800,False,False
BDMN.JK,4180.0,4186.666666666667,4152.0,4125.0,4130.0,4133.8,3701.624113769531,6.166666666666697,1.2815776610631353,88300,False,False
BDKR.JK,170.0,162.66666666666666,160.4,154.9,150.45,141.38039138793945,147.21790504455566,28.619608612060546,2.79706518947032,18079500,False,False
BCIP.JK,63.0,63.333333333333336,63.2,62.9,61.9,60.24,66.0,3.0933333333333337,1.0583877505904675,1045100,True,False
BCIC.JK,127.0,127.0,126.2,125.7,123.45,119.84,123.78,7.159999999999997,2.0066293907030723,1230000,False,False
BCAP.JK,50.0,50.0,50.0,50.2,50.1,50.06,50.88,0.20000000000000284,0.9336024218017578,87000,True,False
BBYB.JK,256.0,257.3333333333333,249.6,249.0,242.0,235.08,269.6,11.126666666666651,4.137945417511207,12195100,False,False
BBTN.JK,1225.0,1216.6666666666667,1210.0,1221.0,1216.75,1207.7,1263.7,3.459999999999991,1.6926582258989094,6218700,True,False
BBSS.JK,96.0,95.66666666666667,95.2,95.8,96.35,101.22,134.9,6.019999999999996,2.7029654575778097,31300,False,False
BBSI.JK,4690.0,4690.0,4690.0,4692.0,4695.0,4592.6,4645.4,10.239999999999963,0.12087351461264183,1400,False,False
BBRM.JK,123.0,118.66666666666667,116.2,115.2,115.75,111.22,127.33,11.780000000000001,3.9443978544446465,15059700,False,False
BBRI.JK,3030.0,3030.0,3000.0,2985.0,2931.5,2899.4,3041.8728125,13.059999999999992,1.2591143130598748,53118100,False,False
BBNI.JK,3580.0,3543.3333333333335,3528.0,3537.0,3517.0,3496.0,3658.461181640625,8.4,1.3612286198919072,24580700,False,False
BBMD.JK,2000.0,1986.6666666666667,1981.0,1986.5,1959.75,1940.6002514648437,1939.6335009765626,11.879949707031255,1.3454015538386066,100,False,False
BBLD.JK,625.0,623.3333333333334,605.0,604.0,580.5,579.90373046875,645.8190203857422,9.019253906249991,5.031676421839043,17900,False,False
BBKP.JK,54.0,53.0,52.6,53.2,52.75,52.94,57.37,1.3999999999999986,1.6243905432110004,58242300,True,False
BBHI.JK,910.0,925.0,916.0,914.5,919.0,926.3404089355469,1067.5154083251953,3.2680817871093724,1.9133422692467723,16500,True,False
BBCA.JK,6400.0,6341.666666666667,6350.0,6332.5,6302.5,6035.5,6189.628310546875,14.58,1.7713370457824908,38727800,False,False
BAYU.JK,1170.0,1150.0,1150.0,1153.0,1148.75,1128.4,1192.9962841796876,8.319999999999983,1.8318400673981752,34600,False,False
BAUT.JK,31.0,30.333333333333332,29.8,29.0,29.1,27.42,30.13,3.5799999999999983,3.388165246502143,202400,True,False
BATR.JK,96.0,93.66666666666667,92.0,92.3,90.1,85.76482788085937,87.50252914428711,10.235172119140628,1.7045163612336,683900,False,False
BATA.JK,59.0,59.0,59.0,59.0,59.0,60.3,61.44,1.2999999999999972,0.0,0,True,False
BAPI.JK,18.0,19.333333333333332,19.4,17.7,16.6,17.46,22.46,2.799999999999997,5.7575130004951705,5102900,False,False
BAPA.JK,172.0,169.33333333333334,168.6,180.4,226.8,249.2,206.05,80.6,5.775248980911991,12241700,False,False
BANK.JK,278.0,278.0,278.0,284.8,284.8,273.4,388.22,5.700000000000017,2.0370868613965416,873000,True,False
BALI.JK,1230.0,1233.3333333333333,1231.0,1227.5,1234.25,1234.4,1256.5,1.380000000000018,1.4270651504396314,400,True,False
BAJA.JK,304.0,259.3333333333333,238.6,207.6,185.6,162.88,157.45,70.56,14.769340886410806,81825000,False,False
BAIK.JK,760.0,766.6666666666666,766.0,742.0,713.0,635.5,549.7,26.233333333333327,1.7954489405812977,13887000,False,False
BACA.JK,118.0,116.33333333333333,115.4,115.4,111.4,110.8,122.77,7.200000000000003,1.8750657810645173,638900,False,False
BABY.JK,191.0,190.33333333333334,188.2,189.4,184.35,174.68,199.03,16.319999999999993,2.3020419540468797,628000,False,False
BABP.JK,50.0,50.0,50.0,50.0,50.0,50.02,50.82,0.020000000000003126,0.0,67700,True,False
AYLS.JK,163.0,161.33333333333334,155.8,153.7,152.25,140.3,163.9,22.69999999999999,3.7428601387418214,2298900,False,False
AYAM.JK,452.0,440.6666666666667,426.4,411.0,387.9,353.72,339.78,49.139999999999986,2.5095757348328562,34299200,False,False
AXIO.JK,112.0,111.66666666666667,111.0,111.9,111.85,108.20792068481445,109.33633857727051,3.7920793151855463,1.9406951255916134,105200,True,False
AWAN.JK,154.0,161.33333333333334,159.2,155.3,150.4,147.32,149.41,14.01333333333335,3.3860748678334702,24291600,False,False
AVIA.JK,328.0,326.0,323.2,324.8,325.4,321.28,347.45097076416016,3.3600000000000136,1.52053339667899,1534200,True,False
AUTO.JK,2780.0,2766.6666666666665,2750.0,2692.0,2619.0,2507.0,2517.0916357421875,27.3,1.654816129396281,270300,False,False
ATLA.JK,50.0,50.0,50.0,50.2,50.1,49.88192428588867,50.38044231414795,0.3180757141113304,0.9336024218017578,407500,True,False
ATIC.JK,468.0,468.6666666666667,472.0,475.2,473.6,478.74,503.64,5.3700000000000045,1.8830491529543945,27900,True,False
ATAP.JK,580.0,580.0,566.0,562.5,547.95,465.82,504.12,22.836000000000002,4.650347870121112,1027700,False,False
ASSA.JK,615.0,608.3333333333334,601.0,603.5,606.25,598.365625,709.7890625,3.3268749999999954,2.057054347025724,2835600,True,False
ASRM.JK,262.0,262.6666666666667,262.8,263.8,259.3,252.19097595214845,267.4629284667969,5.804512023925781,0.8815380304902412,600,True,False
ASRI.JK,119.0,117.33333333333333,117.2,119.0,119.5,113.83289459228516,121.72236801147461,5.667105407714843,1.2666298758579069,7806800,True,False
ASPR.JK,151.0,148.33333333333334,147.8,149.0,149.3,164.12314331054688,213.58468589782714,16.323143310546868,2.2323268755618466,10401400,False,False
ASPI.JK,412.0,405.3333333333333,403.2,407.6,444.05,390.86,386.57,26.595,1.9594483976402028,123300,False,False
ASMI.JK,16.0,16.0,16.0,17.1,17.5,16.14,17.54,1.5,3.7239121048962582,940800,True,False
ASLI.JK,196.0,196.66666666666666,194.6,199.2,196.0,207.04,266.86,12.439999999999998,3.5095964644552087,1564900,False,False
ASLC.JK,63.0,63.0,63.8,64.4,63.25,61.96,69.02,2.440000000000005,3.5603751385747646,755000,True,False
ASJT.JK,152.0,157.33333333333334,155.2,156.3,160.75,158.78,172.47014739990234,8.75,3.5088863217361133,1443200,False,False
ASII.JK,5050.0,5066.666666666667,5022.0,5012.0,4981.5,4872.9,5359.924067382813,7.750666666666693,1.6063465337195886,5882900,False,False
ASHA.JK,58.0,57.333333333333336,56.4,57.2,57.4,56.82,64.93,1.6000000000000014,3.1296703436785216,16541700,True,False
ASGR.JK,1790.0,1795.0,1834.0,1872.5,1866.25,1635.8,1580.7388916015625,47.34000000000001,1.9445853977789367,409800,False,False
ASDM.JK,515.0,515.0,511.6,511.8,513.65,499.7140539550781,523.3100509643555,3.05718920898438,1.4203709361116885,1600,True,False
ASBI.JK,418.0,423.3333333333333,422.0,421.8,422.3,412.0670989990234,409.986298828125,5.63311716715495,1.9292947047887075,400,True,False
ARTO.JK,1270.0,1231.6666666666667,1214.0,1237.5,1241.75,1094.1,1210.05,35.18000000000002,4.119780539579035,3009300,False,False
ARTA.JK,2500.0,2543.3333333333335,2498.0,2503.0,2498.0,2423.1,2567.95,12.023333333333358,2.913995513445896,18800,False,False
ARNA.JK,494.0,492.6666666666667,490.8,486.8,475.5,451.12,467.2199975585938,21.439999999999998,0.45666623780515486,2194900,False,False
ARKO.JK,4590.0,4680.0,4636.0,4955.5,4841.0,5122.6,6473.8,53.26000000000003,6.414746605151351,500700,False,False
ARKA.JK,22.0,22.0,22.0,22.0,22.0,24.24,28.18,2.2399999999999984,0.0,0,True,False
ARII.JK,274.0,272.6666666666667,272.8,272.2,272.7,274.64,278.46,1.2199999999999989,0.8797696956168065,4300,True,False
ARGO.JK,1175.0,1178.3333333333333,1172.0,1152.5,1093.75,952.8,962.35,45.10666666666666,1.7241105165022104,460300,False,False
AREA.JK,282.0,281.3333333333333,276.8,284.6,268.1,240.2,279.38,22.200000000000017,4.899526636095023,39200,False,False
ARCI.JK,1100.0,1078.3333333333333,1067.0,1074.0,1054.5,1041.5,1264.8620678710938,11.7,2.9812588848114148,7957400,False,False
APLN.JK,126.0,123.33333333333333,122.2,125.8,128.55,126.04,147.04,6.3500000000000085,3.982206424748227,23618600,False,False
APLI.JK,248.0,248.0,246.8,245.4,245.6,250.25067779541016,231.68511886596679,2.4253388977050747,1.9033753346706068,6800,True,False
APII.JK,194.0,189.33333333333334,185.8,183.8,183.8,179.24988952636718,181.95999984741212,14.750110473632816,2.324996896708067,601400,False,False
APIC.JK,640.0,651.6666666666666,645.0,656.5,660.75,686.4,1058.75,9.279999999999996,2.878382448294655,567400,False,False
APEX.JK,168.0,161.0,154.2,150.7,144.25,134.8,162.52,33.19999999999999,3.8983694996872797,21592800,False,False
ANTM.JK,2890.0,2880.0,2868.0,2939.0,2951.0,2823.4220556640626,3144.4338232421874,12.757794433593745,1.605457415487279,22818700,False,False
ANJT.JK,1495.0,1488.3333333333333,1465.0,1461.0,1468.5,1485.4,1574.1,6.8,1.8085759944710487,74200,False,False
ANDI.JK,17.0,17.0,17.0,17.5,17.65,17.44,21.01,0.6499999999999986,2.281826083640541,816800,True,False
AMRT.JK,1325.0,1325.0,1323.0,1345.5,1362.5,1342.0526513671875,1376.3750805664063,7.9,2.3060138405508575,7972500,False,False
AMOR.JK,356.0,351.3333333333333,347.6,347.6,341.4,331.16,338.06,12.419999999999987,1.629337457163447,229800,False,False
AMMS.JK,214.0,236.0,254.0,276.4,291.4,321.24,360.62,53.620000000000005,4.005152504356848,1232100,False,False
AMMN.JK,4250.0,4210.0,4110.0,4100.0,3933.5,3625.2,4253.25,62.48000000000002,2.6852035201914894,23282500,False,False
AMIN.JK,234.0,240.0,240.0,242.0,242.5,250.04,246.3,8.019999999999996,1.61313197913081,21600,False,False
AMFG.JK,3380.0,3346.6666666666665,3298.0,3251.0,3160.0,3030.5713671875,3096.77169921875,34.94286328124999,1.5300181005205127,1100,False,False
AMAR.JK,218.0,218.0,214.8,211.8,209.0,198.2343295288086,194.72432357788085,9.882835235595707,1.613780911701046,179900,False,False
AMAN.JK,252.0,250.66666666666666,253.2,257.2,259.7,256.28,270.88,4.516666666666666,1.0351451913386034,71700,True,False
AMAG.JK,388.0,389.3333333333333,386.4,386.2,388.0,389.04,396.0511233520508,1.5666666666666629,0.8437696315931889,8300,True,False
ALKA.JK,1715.0,1715.0,1715.0,1425.0,1003.0,733.12,701.63,196.376,11.41618316331611,0,False,False
ALII.JK,770.0,756.6666666666666,741.0,744.0,743.75,758.51787109375,791.0945373535156,5.8,2.2738114148325974,755100,True,False
ALDO.JK,810.0,810.0,825.0,832.0,763.25,722.1275463867188,660.746460571289,21.974490722656242,9.403492769917854,4800,False,False
AKSI.JK,234.0,229.33333333333334,232.0,229.6,224.3,217.04,257.36,8.480000000000004,3.932558665676068,156700,False,False
AKRA.JK,1445.0,1435.0,1425.06826171875,1411.8242431640624,1360.047802734375,1268.8082080078125,1299.8129174804687,35.238358398437505,2.193837308893596,2601400,False,False
AKPI.JK,505.0,505.0,500.2,497.3,496.0,487.50246154785157,499.00932037353516,3.4995076904296867,1.0292531387774746,298700,True,False
AKKU.JK,38.0,38.0,38.0,38.0,38.0,38.0,38.02,0.0,0.0,0,True,False
AISA.JK,120.0,119.33333333333333,121.4,115.7,111.9,104.9,113.95,16.5,5.749977476059028,2058400,False,False
AIMS.JK,386.0,388.0,388.0,378.2,387.8,393.56,413.4,7.680000000000007,3.6642396183553085,202200,False,False
AHAP.JK,96.0,93.33333333333333,92.0,93.5,94.2,87.68,98.97,8.319999999999993,2.7528759293643033,21427400,False,False
AGRS.JK,61.0,61.333333333333336,61.6,61.8,61.05,61.34,65.22,0.7999999999999972,1.6170530438334205,3546100,True,False
AGRO.JK,145.0,145.0,144.2,146.3,146.05,147.36,164.09,3.160000000000025,1.7696744922094383,1604500,True,False
AGII.JK,2970.0,3040.0,2970.0,2934.0,2986.0,2789.5545361328127,2971.4482958984377,25.04454638671873,3.935323061257813,29800,False,False
AGAR.JK,755.0,691.6666666666666,667.0,648.5,497.45,328.06,280.85,85.388,3.9938413515435256,32500,False,False
AEGS.JK,43.0,43.333333333333336,43.0,43.1,41.65,41.12,45.42,2.2133333333333383,3.140404723720043,178000,True,False
ADRO.JK,2490.0,2473.3333333333335,2476.0,2502.0,2476.0,2355.4,2376.23841796875,14.659999999999991,1.5553509945157686,6135900,False,False
ADMR.JK,1545.0,1520.0,1498.0,1503.5,1498.25,1482.1,1647.0364428710936,12.580000000000018,2.663880650830869,12762300,False,False
ADMG.JK,232.0,226.66666666666666,225.6,223.0,217.05,207.64,205.78,12.180000000000007,1.5427308088618945,607300,False,False
ADMF.JK,8750.0,8741.666666666666,8555.0,8405.0,8282.5,8183.5,8229.694169921875,22.66,1.5761832783730956,5600,False,False
ADHI.JK,152.0,156.33333333333334,157.4,160.1,161.2,159.58,177.49,9.199999999999989,1.5559561064833018,10435800,False,False
ADES.JK,30400.0,31800.0,34090.0,35382.5,34998.75,29887.0,23915.5,219.82,5.016481305119558,8100,False,False
ADCP.JK,50.0,50.0,50.0,50.0,50.0,50.0,50.36,0.0,0.0,0,True,False
ACST.JK,86.0,85.66666666666667,84.4,85.8,82.6,78.52,88.75,7.480000000000004,2.549726104265818,9500,False,False
ACRO.JK,61.0,60.666666666666664,60.2,60.8,61.25,59.535354461669925,64.3446380996704,1.7146455383300747,1.8988051097136922,1129700,True,False
ACES.JK,352.0,354.0,352.4,353.6,350.3,334.7386444091797,337.7042196655273,9.63067779541015,1.4525411461497335,5356400,False,False
ABMM.JK,2610.0,2553.3333333333335,2528.0,2519.0,2462.5,2395.6,2627.0499658203125,21.44000000000001,1.430182143958204,372900,False,False
ABDA.JK,3500.0,3500.0,3468.0,3445.0,3424.0,3372.8,3135.1,12.719999999999981,0.9359529031247484,1600,False,False
ABBA.JK,30.0,30.0,30.0,30.0,30.0,31.98,36.82,1.9800000000000004,0.0,0,True,False
AALI.JK,7100.0,7008.333333333333,6880.0,6717.5,6531.25,6335.5,6934.4847412109375,30.58,2.218931973208343,580400,False,False
AADI.JK,9125.0,9150.0,9115.0,9027.5,8760.0,8260.8191796875,8966.115546875,35.56723281250001,2.049390119878002,926600,False,False
